job_id	job	conclusion	started_at	sigkill_test_line
104220532771	E2E Test - macOS - shard 1/2	success	2026-09-15T01:41:46Z	✓ qwen serve — child-crash recovery (real SIGKILL) > publishes session_died after the qwen --acp child is SIGKILL-ed  4678ms
104220532820	E2E Test - macOS - shard 2/2	success	2026-09-15T01:41:42Z	<file not in this shard>
104220532821	E2E Test (Linux) - sandbox:none - shard 1/1	success	2026-09-15T01:41:39Z	✓ qwen serve — child-crash recovery (real SIGKILL) > publishes session_died after the qwen --acp child is SIGKILL-ed  1683ms
104229656062	E2E Test - macOS - shard 1/2	success	2026-09-15T02:27:38Z	✓ qwen serve — child-crash recovery (real SIGKILL) > publishes session_died after the qwen --acp child is SIGKILL-ed  5551ms
104229656118	E2E Test (Linux) - sandbox:none - shard 1/1	success	2026-09-15T02:27:32Z	✓ qwen serve — child-crash recovery (real SIGKILL) > publishes session_died after the qwen --acp child is SIGKILL-ed  1750ms
104229656164	E2E Test - macOS - shard 2/2	success	2026-09-15T02:27:38Z	<file not in this shard>
104243269326	E2E Test (Linux) - sandbox:none - shard 1/1	success	2026-09-15T03:38:01Z	✓ qwen serve — child-crash recovery (real SIGKILL) > publishes session_died after the qwen --acp child is SIGKILL-ed  2242ms
104243269335	E2E Test - macOS - shard 1/2	success	2026-09-15T03:38:06Z	✓ qwen serve — child-crash recovery (real SIGKILL) > publishes session_died after the qwen --acp child is SIGKILL-ed  3420ms
104243269369	E2E Test - macOS - shard 2/2	success	2026-09-15T03:38:07Z	<file not in this shard>
104251980041	E2E Test (Linux) - sandbox:none - shard 1/1	success	2026-09-15T04:23:25Z	✓ qwen serve — child-crash recovery (real SIGKILL) > publishes session_died after the qwen --acp child is SIGKILL-ed  1884ms
104251980067	E2E Test - macOS - shard 1/2	success	2026-09-15T04:23:32Z	✓ qwen serve — child-crash recovery (real SIGKILL) > publishes session_died after the qwen --acp child is SIGKILL-ed  5670ms
104251980073	E2E Test - macOS - shard 2/2	success	2026-09-15T04:23:30Z	<file not in this shard>
104259664751	E2E Test - macOS - shard 1/2	success	2026-09-15T05:03:50Z	✓ qwen serve — child-crash recovery (real SIGKILL) > publishes session_died after the qwen --acp child is SIGKILL-ed  3419ms
104259664777	E2E Test - macOS - shard 2/2	success	2026-09-15T05:03:49Z	<file not in this shard>
104259664821	E2E Test (Linux) - sandbox:none - shard 1/1	success	2026-09-15T05:03:45Z	✓ qwen serve — child-crash recovery (real SIGKILL) > publishes session_died after the qwen --acp child is SIGKILL-ed  2067ms
104268102596	E2E Test (Linux) - sandbox:none - shard 1/1	success	2026-09-15T05:45:53Z	✓ qwen serve — child-crash recovery (real SIGKILL) > publishes session_died after the qwen --acp child is SIGKILL-ed  2116ms
104268102618	E2E Test - macOS - shard 1/2	success	2026-09-15T05:45:57Z	✓ qwen serve — child-crash recovery (real SIGKILL) > publishes session_died after the qwen --acp child is SIGKILL-ed  2699ms
104268102660	E2E Test - macOS - shard 2/2	success	2026-09-15T05:45:58Z	<file not in this shard>
104278820784	E2E Test (Linux) - sandbox:none - shard 1/1	success	2026-09-15T06:35:14Z	✓ qwen serve — child-crash recovery (real SIGKILL) > publishes session_died after the qwen --acp child is SIGKILL-ed  2196ms
104278820787	E2E Test - macOS - shard 2/2	success	2026-09-15T06:35:20Z	<file not in this shard>
104278820801	E2E Test - macOS - shard 1/2	success	2026-09-15T06:35:18Z	✓ qwen serve — child-crash recovery (real SIGKILL) > publishes session_died after the qwen --acp child is SIGKILL-ed  8884ms
104291044309	E2E Test (Linux) - sandbox:none - shard 1/1	success	2026-09-15T07:24:10Z	✓ qwen serve — child-crash recovery (real SIGKILL) > publishes session_died after the qwen --acp child is SIGKILL-ed  2113ms
104291044322	E2E Test - macOS - shard 2/2	success	2026-09-15T07:26:48Z	<file not in this shard>
104291044462	E2E Test - macOS - shard 1/2	success	2026-09-15T07:28:41Z	✓ qwen serve — child-crash recovery (real SIGKILL) > publishes session_died after the qwen --acp child is SIGKILL-ed  5070ms
104306002099	E2E Test - macOS - shard 1/2	success	2026-09-15T08:19:01Z	✓ qwen serve — child-crash recovery (real SIGKILL) > publishes session_died after the qwen --acp child is SIGKILL-ed  3150ms
104306002104	E2E Test - macOS - shard 2/2	success	2026-09-15T08:19:38Z	<file not in this shard>
104306002122	E2E Test (Linux) - sandbox:none - shard 1/1	success	2026-09-15T08:17:56Z	✓ qwen serve — child-crash recovery (real SIGKILL) > publishes session_died after the qwen --acp child is SIGKILL-ed  2495ms
104318801051	E2E Test - macOS - shard 2/2	success	2026-09-15T09:00:45Z	<file not in this shard>
104318801067	E2E Test - macOS - shard 1/2	success	2026-09-15T09:00:44Z	✓ qwen serve — child-crash recovery (real SIGKILL) > publishes session_died after the qwen --acp child is SIGKILL-ed  3397ms
104318801099	E2E Test (Linux) - sandbox:none - shard 1/1	success	2026-09-15T09:00:40Z	✓ qwen serve — child-crash recovery (real SIGKILL) > publishes session_died after the qwen --acp child is SIGKILL-ed  2134ms
104337020285	E2E Test - macOS - shard 1/2	success	2026-09-15T10:01:28Z	✓ qwen serve — child-crash recovery (real SIGKILL) > publishes session_died after the qwen --acp child is SIGKILL-ed  5507ms
104337020341	E2E Test - macOS - shard 2/2	success	2026-09-15T10:01:32Z	<file not in this shard>
104337020369	E2E Test (Linux) - sandbox:none - shard 1/1	success	2026-09-15T10:01:23Z	✓ qwen serve — child-crash recovery (real SIGKILL) > publishes session_died after the qwen --acp child is SIGKILL-ed  1926ms
104348896585	E2E Test - macOS - shard 1/2	success	2026-09-15T10:42:01Z	✓ qwen serve — child-crash recovery (real SIGKILL) > publishes session_died after the qwen --acp child is SIGKILL-ed  6215ms
104348896603	E2E Test (Linux) - sandbox:none - shard 1/1	success	2026-09-15T10:41:58Z	✓ qwen serve — child-crash recovery (real SIGKILL) > publishes session_died after the qwen --acp child is SIGKILL-ed  1694ms
104348896683	E2E Test - macOS - shard 2/2	success	2026-09-15T10:42:01Z	<file not in this shard>
104368499197	E2E Test (Linux) - sandbox:none - shard 1/1	success	2026-09-15T11:49:36Z	✓ qwen serve — child-crash recovery (real SIGKILL) > publishes session_died after the qwen --acp child is SIGKILL-ed  2495ms
104368499234	E2E Test - macOS - shard 2/2	success	2026-09-15T11:49:41Z	<file not in this shard>
104368499292	E2E Test - macOS - shard 1/2	success	2026-09-15T11:49:42Z	✓ qwen serve — child-crash recovery (real SIGKILL) > publishes session_died after the qwen --acp child is SIGKILL-ed  8088ms
104382691220	E2E Test (Linux) - sandbox:none - shard 1/1	success	2026-09-15T12:35:07Z	✓ qwen serve — child-crash recovery (real SIGKILL) > publishes session_died after the qwen --acp child is SIGKILL-ed  1759ms
104382691420	E2E Test - macOS - shard 2/2	success	2026-09-15T12:35:11Z	<file not in this shard>
104382691731	E2E Test - macOS - shard 1/2	success	2026-09-15T12:35:11Z	✓ qwen serve — child-crash recovery (real SIGKILL) > publishes session_died after the qwen --acp child is SIGKILL-ed  4404ms
104398032428	E2E Test - macOS - shard 2/2	success	2026-09-15T13:20:01Z	<file not in this shard>
104398032453	E2E Test (Linux) - sandbox:none - shard 1/1	success	2026-09-15T13:19:56Z	✓ qwen serve — child-crash recovery (real SIGKILL) > publishes session_died after the qwen --acp child is SIGKILL-ed  1793ms
104398032481	E2E Test - macOS - shard 1/2	success	2026-09-15T13:20:02Z	✓ qwen serve — child-crash recovery (real SIGKILL) > publishes session_died after the qwen --acp child is SIGKILL-ed  5065ms
104413863563	E2E Test (Linux) - sandbox:none - shard 1/1	success	2026-09-15T14:02:28Z	✓ qwen serve — child-crash recovery (real SIGKILL) > publishes session_died after the qwen --acp child is SIGKILL-ed  1832ms
104413863610	E2E Test - macOS - shard 2/2	success	2026-09-15T14:02:34Z	<file not in this shard>
104413863712	E2E Test - macOS - shard 1/2	success	2026-09-15T14:02:34Z	✓ qwen serve — child-crash recovery (real SIGKILL) > publishes session_died after the qwen --acp child is SIGKILL-ed  7501ms
104429253240	E2E Test (Linux) - sandbox:none - shard 1/1	success	2026-09-15T14:42:07Z	✓ qwen serve — child-crash recovery (real SIGKILL) > publishes session_died after the qwen --acp child is SIGKILL-ed  2280ms
104429253311	E2E Test - macOS - shard 1/2	success	2026-09-15T14:42:11Z	✓ qwen serve — child-crash recovery (real SIGKILL) > publishes session_died after the qwen --acp child is SIGKILL-ed  3916ms
104429253352	E2E Test - macOS - shard 2/2	success	2026-09-15T14:42:11Z	<file not in this shard>
104445950887	E2E Test - macOS - shard 2/2	success	2026-09-15T15:25:03Z	<file not in this shard>
104445950941	E2E Test - macOS - shard 1/2	success	2026-09-15T15:25:05Z	✓ qwen serve — child-crash recovery (real SIGKILL) > publishes session_died after the qwen --acp child is SIGKILL-ed  7281ms
104445950949	E2E Test (Linux) - sandbox:none - shard 1/1	success	2026-09-15T15:24:58Z	✓ qwen serve — child-crash recovery (real SIGKILL) > publishes session_died after the qwen --acp child is SIGKILL-ed  1758ms
104540010558	E2E Test (Linux) - sandbox:none - shard 1/1	success	2026-09-15T19:52:01Z	✓ qwen serve — child-crash recovery (real SIGKILL) > publishes session_died after the qwen --acp child is SIGKILL-ed  2151ms
104540010603	E2E Test - macOS - shard 2/2	success	2026-09-15T19:52:07Z	<file not in this shard>
104540010612	E2E Test - macOS - shard 1/2	success	2026-09-15T19:52:05Z	✓ qwen serve — child-crash recovery (real SIGKILL) > publishes session_died after the qwen --acp child is SIGKILL-ed  3674ms
104595642979	E2E Test - macOS - shard 1/2	success	2026-09-15T22:51:55Z	✓ qwen serve — child-crash recovery (real SIGKILL) > publishes session_died after the qwen --acp child is SIGKILL-ed  3876ms
104595642992	E2E Test - macOS - shard 2/2	success	2026-09-15T22:51:54Z	<file not in this shard>
104595643059	E2E Test (Linux) - sandbox:none - shard 1/1	success	2026-09-15T22:51:51Z	✓ qwen serve — child-crash recovery (real SIGKILL) > publishes session_died after the qwen --acp child is SIGKILL-ed  1700ms
104617766433	E2E Test - macOS - shard 2/2	success	2026-09-16T00:27:40Z	<file not in this shard>
104617766443	E2E Test (Linux) - sandbox:none - shard 1/1	success	2026-09-16T00:27:36Z	✓ qwen serve — child-crash recovery (real SIGKILL) > publishes session_died after the qwen --acp child is SIGKILL-ed  2781ms
104617766462	E2E Test - macOS - shard 1/2	success	2026-09-16T00:27:43Z	✓ qwen serve — child-crash recovery (real SIGKILL) > publishes session_died after the qwen --acp child is SIGKILL-ed  4478ms
104645671917	E2E Test - macOS - shard 1/2	success	2026-09-16T02:45:26Z	✓ qwen serve — child-crash recovery (real SIGKILL) > publishes session_died after the qwen --acp child is SIGKILL-ed  5349ms
104645671949	E2E Test - macOS - shard 2/2	success	2026-09-16T02:45:26Z	<file not in this shard>
104645671950	E2E Test (Linux) - sandbox:none - shard 1/1	success	2026-09-16T02:45:23Z	✓ qwen serve — child-crash recovery (real SIGKILL) > publishes session_died after the qwen --acp child is SIGKILL-ed  1770ms
104653573181	E2E Test (Linux) - sandbox:none - shard 1/1	success	2026-09-16T03:26:25Z	✓ qwen serve — child-crash recovery (real SIGKILL) > publishes session_died after the qwen --acp child is SIGKILL-ed  1788ms
104653573219	E2E Test - macOS - shard 1/2	success	2026-09-16T03:26:29Z	✓ qwen serve — child-crash recovery (real SIGKILL) > publishes session_died after the qwen --acp child is SIGKILL-ed  2414ms
104653573275	E2E Test - macOS - shard 2/2	success	2026-09-16T03:26:29Z	<file not in this shard>
104659783015	E2E Test (Linux) - sandbox:none - shard 1/1	success	2026-09-16T03:59:24Z	✓ qwen serve — child-crash recovery (real SIGKILL) > publishes session_died after the qwen --acp child is SIGKILL-ed  2132ms
104659783036	E2E Test - macOS - shard 2/2	success	2026-09-16T03:59:30Z	<file not in this shard>
104659783046	E2E Test - macOS - shard 1/2	success	2026-09-16T03:59:32Z	✓ qwen serve — child-crash recovery (real SIGKILL) > publishes session_died after the qwen --acp child is SIGKILL-ed  7674ms
104667576613	E2E Test (Linux) - sandbox:none - shard 1/1	success	2026-09-16T04:39:46Z	✓ qwen serve — child-crash recovery (real SIGKILL) > publishes session_died after the qwen --acp child is SIGKILL-ed  1821ms
104667576630	E2E Test - macOS - shard 1/2	success	2026-09-16T04:39:53Z	✓ qwen serve — child-crash recovery (real SIGKILL) > publishes session_died after the qwen --acp child is SIGKILL-ed  5040ms
104667576692	E2E Test - macOS - shard 2/2	success	2026-09-16T04:39:52Z	<file not in this shard>
104674263722	E2E Test - macOS - shard 1/2	success	2026-09-16T05:14:29Z	✓ qwen serve — child-crash recovery (real SIGKILL) > publishes session_died after the qwen --acp child is SIGKILL-ed  12939ms (retry x1)
104674263829	E2E Test - macOS - shard 2/2	success	2026-09-16T05:14:28Z	<file not in this shard>
104674264011	E2E Test (Linux) - sandbox:none - shard 1/1	success	2026-09-16T05:14:23Z	✓ qwen serve — child-crash recovery (real SIGKILL) > publishes session_died after the qwen --acp child is SIGKILL-ed  2187ms
104686528664	E2E Test (Linux) - sandbox:none - shard 1/1	success	2026-09-16T06:14:13Z	✓ qwen serve — child-crash recovery (real SIGKILL) > publishes session_died after the qwen --acp child is SIGKILL-ed  2257ms
104686528702	E2E Test - macOS - shard 2/2	success	2026-09-16T06:14:20Z	<file not in this shard>
104686528732	E2E Test - macOS - shard 1/2	success	2026-09-16T06:14:19Z	✓ qwen serve — child-crash recovery (real SIGKILL) > publishes session_died after the qwen --acp child is SIGKILL-ed  8734ms
104698065439	E2E Test (Linux) - sandbox:none - shard 1/1	success	2026-09-16T07:02:54Z	✓ qwen serve — child-crash recovery (real SIGKILL) > publishes session_died after the qwen --acp child is SIGKILL-ed  1785ms
104698065471	E2E Test - macOS - shard 2/2	success	2026-09-16T07:03:00Z	<file not in this shard>
104698065555	E2E Test - macOS - shard 1/2	success	2026-09-16T07:03:02Z	✓ qwen serve — child-crash recovery (real SIGKILL) > publishes session_died after the qwen --acp child is SIGKILL-ed  7546ms
104709590145	E2E Test - macOS - shard 1/2	success	2026-09-16T07:45:42Z	✓ qwen serve — child-crash recovery (real SIGKILL) > publishes session_died after the qwen --acp child is SIGKILL-ed  7133ms
104709590204	E2E Test (Linux) - sandbox:none - shard 1/1	success	2026-09-16T07:45:36Z	✓ qwen serve — child-crash recovery (real SIGKILL) > publishes session_died after the qwen --acp child is SIGKILL-ed  1819ms
104709590295	E2E Test - macOS - shard 2/2	success	2026-09-16T07:45:40Z	<file not in this shard>
104718683198	E2E Test (Linux) - sandbox:none - shard 1/1	success	2026-09-16T08:17:52Z	✓ qwen serve — child-crash recovery (real SIGKILL) > publishes session_died after the qwen --acp child is SIGKILL-ed  1728ms
104718683388	E2E Test - macOS - shard 1/2	success	2026-09-16T08:17:57Z	✓ qwen serve — child-crash recovery (real SIGKILL) > publishes session_died after the qwen --acp child is SIGKILL-ed  3947ms
104718683393	E2E Test - macOS - shard 2/2	success	2026-09-16T08:17:57Z	<file not in this shard>
104750628164	E2E Test (Linux) - sandbox:none - shard 1/1	success	2026-09-16T10:03:02Z	✓ qwen serve — child-crash recovery (real SIGKILL) > publishes session_died after the qwen --acp child is SIGKILL-ed  2086ms
104750628217	E2E Test - macOS - shard 1/2	success	2026-09-16T10:03:08Z	✓ qwen serve — child-crash recovery (real SIGKILL) > publishes session_died after the qwen --acp child is SIGKILL-ed  4000ms
104750628432	E2E Test - macOS - shard 2/2	success	2026-09-16T10:03:05Z	<file not in this shard>
104769103350	E2E Test - macOS - shard 2/2	success	2026-09-16T11:06:48Z	<file not in this shard>
104769103388	E2E Test (Linux) - sandbox:none - shard 1/1	success	2026-09-16T11:06:41Z	✓ qwen serve — child-crash recovery (real SIGKILL) > publishes session_died after the qwen --acp child is SIGKILL-ed  1740ms
104769103392	E2E Test - macOS - shard 1/2	success	2026-09-16T11:06:47Z	✓ qwen serve — child-crash recovery (real SIGKILL) > publishes session_died after the qwen --acp child is SIGKILL-ed  3340ms
104780748798	E2E Test (Linux) - sandbox:none - shard 1/1	success	2026-09-16T11:46:49Z	✓ qwen serve — child-crash recovery (real SIGKILL) > publishes session_died after the qwen --acp child is SIGKILL-ed  1713ms
104780748855	E2E Test - macOS - shard 1/2	success	2026-09-16T11:46:56Z	✓ qwen serve — child-crash recovery (real SIGKILL) > publishes session_died after the qwen --acp child is SIGKILL-ed  14793ms (retry x1)
104780749064	E2E Test - macOS - shard 2/2	success	2026-09-16T11:46:54Z	<file not in this shard>
104792416624	E2E Test (Linux) - sandbox:none - shard 1/1	success	2026-09-16T12:25:20Z	✓ qwen serve — child-crash recovery (real SIGKILL) > publishes session_died after the qwen --acp child is SIGKILL-ed  1844ms
104792416728	E2E Test - macOS - shard 2/2	success	2026-09-16T12:25:25Z	<file not in this shard>
104792416752	E2E Test - macOS - shard 1/2	success	2026-09-16T12:25:24Z	✓ qwen serve — child-crash recovery (real SIGKILL) > publishes session_died after the qwen --acp child is SIGKILL-ed  3317ms
104806344981	E2E Test - macOS - shard 2/2	success	2026-09-16T13:07:23Z	<file not in this shard>
104806345009	E2E Test (Linux) - sandbox:none - shard 1/1	success	2026-09-16T13:07:19Z	✓ qwen serve — child-crash recovery (real SIGKILL) > publishes session_died after the qwen --acp child is SIGKILL-ed  2317ms
104806345099	E2E Test - macOS - shard 1/2	success	2026-09-16T13:07:27Z	✓ qwen serve — child-crash recovery (real SIGKILL) > publishes session_died after the qwen --acp child is SIGKILL-ed  5737ms
104821967747	E2E Test - macOS - shard 2/2	success	2026-09-16T13:50:13Z	<file not in this shard>
104821967756	E2E Test - macOS - shard 1/2	success	2026-09-16T13:50:17Z	✓ qwen serve — child-crash recovery (real SIGKILL) > publishes session_died after the qwen --acp child is SIGKILL-ed  5018ms
104821967971	E2E Test (Linux) - sandbox:none - shard 1/1	success	2026-09-16T13:50:08Z	✓ qwen serve — child-crash recovery (real SIGKILL) > publishes session_died after the qwen --acp child is SIGKILL-ed  1737ms
104840921024	E2E Test (Linux) - sandbox:none - shard 1/1	success	2026-09-16T14:39:23Z	✓ qwen serve — child-crash recovery (real SIGKILL) > publishes session_died after the qwen --acp child is SIGKILL-ed  2169ms
104840921112	E2E Test - macOS - shard 2/2	success	2026-09-16T14:39:29Z	<file not in this shard>
104840921255	E2E Test - macOS - shard 1/2	success	2026-09-16T14:39:28Z	✓ qwen serve — child-crash recovery (real SIGKILL) > publishes session_died after the qwen --acp child is SIGKILL-ed  6826ms
104879540716	E2E Test - macOS - shard 2/2	success	2026-09-16T16:21:09Z	<file not in this shard>
104879540754	E2E Test (Linux) - sandbox:none - shard 1/1	success	2026-09-16T16:21:06Z	✓ qwen serve — child-crash recovery (real SIGKILL) > publishes session_died after the qwen --acp child is SIGKILL-ed  1747ms
104879540784	E2E Test - macOS - shard 1/2	success	2026-09-16T16:21:11Z	✓ qwen serve — child-crash recovery (real SIGKILL) > publishes session_died after the qwen --acp child is SIGKILL-ed  5569ms
104893981498	E2E Test - macOS - shard 1/2	success	2026-09-16T17:02:29Z	✓ qwen serve — child-crash recovery (real SIGKILL) > publishes session_died after the qwen --acp child is SIGKILL-ed  2900ms
104893981529	E2E Test - macOS - shard 2/2	success	2026-09-16T17:02:30Z	<file not in this shard>
104893981549	E2E Test (Linux) - sandbox:none - shard 1/1	success	2026-09-16T17:02:25Z	✓ qwen serve — child-crash recovery (real SIGKILL) > publishes session_died after the qwen --acp child is SIGKILL-ed  1758ms
105072751931	E2E Test - macOS - shard 1/2	success	2026-09-17T04:11:11Z	✓ qwen serve — child-crash recovery (real SIGKILL) > publishes session_died after the qwen --acp child is SIGKILL-ed  5129ms
105072751975	E2E Test - macOS - shard 2/2	success	2026-09-17T04:11:12Z	<file not in this shard>
105072752059	E2E Test (Linux) - sandbox:none - shard 1/1	success	2026-09-17T04:11:04Z	✓ qwen serve — child-crash recovery (real SIGKILL) > publishes session_died after the qwen --acp child is SIGKILL-ed  1958ms
105081331772	E2E Test - macOS - shard 1/2	success	2026-09-17T04:56:47Z	✓ qwen serve — child-crash recovery (real SIGKILL) > publishes session_died after the qwen --acp child is SIGKILL-ed  3234ms
105081331805	E2E Test - macOS - shard 2/2	success	2026-09-17T04:58:43Z	<file not in this shard>
105081331891	E2E Test (Linux) - sandbox:none - shard 1/1	success	2026-09-17T04:55:55Z	✓ qwen serve — child-crash recovery (real SIGKILL) > publishes session_died after the qwen --acp child is SIGKILL-ed  2172ms
105089483967	E2E Test - macOS - shard 1/2	success	2026-09-17T05:37:38Z	✓ qwen serve — child-crash recovery (real SIGKILL) > publishes session_died after the qwen --acp child is SIGKILL-ed  17653ms (retry x1)
105089484018	E2E Test (Linux) - sandbox:none - shard 1/1	success	2026-09-17T05:37:29Z	✓ qwen serve — child-crash recovery (real SIGKILL) > publishes session_died after the qwen --acp child is SIGKILL-ed  2232ms
105089484032	E2E Test - macOS - shard 2/2	success	2026-09-17T05:37:35Z	<file not in this shard>
105098452356	E2E Test (Linux) - sandbox:none - shard 1/1	success	2026-09-17T06:20:46Z	✓ qwen serve — child-crash recovery (real SIGKILL) > publishes session_died after the qwen --acp child is SIGKILL-ed  1728ms
105098452420	E2E Test - macOS - shard 2/2	success	2026-09-17T06:20:52Z	<file not in this shard>
105098452427	E2E Test - macOS - shard 1/2	success	2026-09-17T06:20:52Z	✓ qwen serve — child-crash recovery (real SIGKILL) > publishes session_died after the qwen --acp child is SIGKILL-ed  3607ms
105109031225	E2E Test - macOS - shard 2/2	success	2026-09-17T07:05:36Z	<file not in this shard>
105109031241	E2E Test - macOS - shard 1/2	success	2026-09-17T07:05:34Z	✓ qwen serve — child-crash recovery (real SIGKILL) > publishes session_died after the qwen --acp child is SIGKILL-ed  3965ms
105109031258	E2E Test (Linux) - sandbox:none - shard 1/1	success	2026-09-17T07:05:29Z	✓ qwen serve — child-crash recovery (real SIGKILL) > publishes session_died after the qwen --acp child is SIGKILL-ed  1742ms
105120444510	E2E Test - macOS - shard 1/2	success	2026-09-17T07:48:23Z	✓ qwen serve — child-crash recovery (real SIGKILL) > publishes session_died after the qwen --acp child is SIGKILL-ed  5435ms
105120444515	E2E Test - macOS - shard 2/2	success	2026-09-17T07:48:22Z	<file not in this shard>
105120444543	E2E Test (Linux) - sandbox:none - shard 1/1	success	2026-09-17T07:48:16Z	✓ qwen serve — child-crash recovery (real SIGKILL) > publishes session_died after the qwen --acp child is SIGKILL-ed  2265ms
105134026403	E2E Test (Linux) - sandbox:none - shard 1/1	success	2026-09-17T08:36:21Z	✓ qwen serve — child-crash recovery (real SIGKILL) > publishes session_died after the qwen --acp child is SIGKILL-ed  2207ms
105134026407	E2E Test - macOS - shard 1/2	success	2026-09-17T08:36:26Z	✓ qwen serve — child-crash recovery (real SIGKILL) > publishes session_died after the qwen --acp child is SIGKILL-ed  5243ms
105134026409	E2E Test - macOS - shard 2/2	success	2026-09-17T08:36:27Z	<file not in this shard>
105147129826	E2E Test - macOS - shard 2/2	success	2026-09-17T09:20:39Z	<file not in this shard>
105147129831	E2E Test - macOS - shard 1/2	success	2026-09-17T09:20:38Z	✓ qwen serve — child-crash recovery (real SIGKILL) > publishes session_died after the qwen --acp child is SIGKILL-ed  5118ms
105147129860	E2E Test (Linux) - sandbox:none - shard 1/1	success	2026-09-17T09:20:33Z	✓ qwen serve — child-crash recovery (real SIGKILL) > publishes session_died after the qwen --acp child is SIGKILL-ed  1806ms
105160811131	E2E Test (Linux) - sandbox:none - shard 1/1	success	2026-09-17T10:06:35Z	✓ qwen serve — child-crash recovery (real SIGKILL) > publishes session_died after the qwen --acp child is SIGKILL-ed  1785ms
105160811176	E2E Test - macOS - shard 2/2	success	2026-09-17T10:06:42Z	<file not in this shard>
105160811219	E2E Test - macOS - shard 1/2	success	2026-09-17T10:06:40Z	✓ qwen serve — child-crash recovery (real SIGKILL) > publishes session_died after the qwen --acp child is SIGKILL-ed  4711ms
105172525777	E2E Test - macOS - shard 2/2	success	2026-09-17T10:47:43Z	<file not in this shard>
105172525845	E2E Test - macOS - shard 1/2	success	2026-09-17T10:47:42Z	✓ qwen serve — child-crash recovery (real SIGKILL) > publishes session_died after the qwen --acp child is SIGKILL-ed  4109ms
105172525887	E2E Test (Linux) - sandbox:none - shard 1/1	success	2026-09-17T10:47:38Z	✓ qwen serve — child-crash recovery (real SIGKILL) > publishes session_died after the qwen --acp child is SIGKILL-ed  1721ms
105185220681	E2E Test - macOS - shard 2/2	success	2026-09-17T11:35:02Z	<file not in this shard>
105185220687	E2E Test - macOS - shard 1/2	success	2026-09-17T11:34:21Z	✓ qwen serve — child-crash recovery (real SIGKILL) > publishes session_died after the qwen --acp child is SIGKILL-ed  4933ms
105185220720	E2E Test (Linux) - sandbox:none - shard 1/1	success	2026-09-17T11:32:31Z	✓ qwen serve — child-crash recovery (real SIGKILL) > publishes session_died after the qwen --acp child is SIGKILL-ed  2736ms
105202217213	E2E Test (Linux) - sandbox:none - shard 1/1	success	2026-09-17T12:29:40Z	✓ qwen serve — child-crash recovery (real SIGKILL) > publishes session_died after the qwen --acp child is SIGKILL-ed  2299ms
105202217275	E2E Test - macOS - shard 1/2	success	2026-09-17T12:29:44Z	✓ qwen serve — child-crash recovery (real SIGKILL) > publishes session_died after the qwen --acp child is SIGKILL-ed  5016ms
105202217377	E2E Test - macOS - shard 2/2	success	2026-09-17T12:29:44Z	<file not in this shard>
105215455123	E2E Test - macOS - shard 1/2	success	2026-09-17T13:10:01Z	✓ qwen serve — child-crash recovery (real SIGKILL) > publishes session_died after the qwen --acp child is SIGKILL-ed  9517ms
105215455138	E2E Test (Linux) - sandbox:none - shard 1/1	success	2026-09-17T13:09:56Z	✓ qwen serve — child-crash recovery (real SIGKILL) > publishes session_died after the qwen --acp child is SIGKILL-ed  1738ms
105215455144	E2E Test - macOS - shard 2/2	success	2026-09-17T13:10:01Z	<file not in this shard>
105231310456	E2E Test - macOS - shard 2/2	success	2026-09-17T13:53:56Z	<file not in this shard>
105231310464	E2E Test (Linux) - sandbox:none - shard 1/1	success	2026-09-17T13:53:52Z	✓ qwen serve — child-crash recovery (real SIGKILL) > publishes session_died after the qwen --acp child is SIGKILL-ed  1827ms
105231310486	E2E Test - macOS - shard 1/2	success	2026-09-17T13:53:56Z	✓ qwen serve — child-crash recovery (real SIGKILL) > publishes session_died after the qwen --acp child is SIGKILL-ed  4868ms
105246999984	E2E Test - macOS - shard 2/2	failure	2026-09-17T14:35:21Z	<file not in this shard>
105246999992	E2E Test - macOS - shard 1/2	success	2026-09-17T14:35:20Z	✓ qwen serve — child-crash recovery (real SIGKILL) > publishes session_died after the qwen --acp child is SIGKILL-ed  4178ms
105247000085	E2E Test (Linux) - sandbox:none - shard 1/1	success	2026-09-17T14:35:16Z	✓ qwen serve — child-crash recovery (real SIGKILL) > publishes session_died after the qwen --acp child is SIGKILL-ed  1871ms
105271153715	E2E Test (Linux) - sandbox:none - shard 1/1	success	2026-09-17T15:39:00Z	✓ qwen serve — child-crash recovery (real SIGKILL) > publishes session_died after the qwen --acp child is SIGKILL-ed  1882ms
105271153756	E2E Test - macOS - shard 1/2	success	2026-09-17T15:39:04Z	✓ qwen serve — child-crash recovery (real SIGKILL) > publishes session_died after the qwen --acp child is SIGKILL-ed  3931ms
105271153851	E2E Test - macOS - shard 2/2	success	2026-09-17T15:39:06Z	<file not in this shard>
105286510064	E2E Test - macOS - shard 2/2	success	2026-09-17T16:21:41Z	<file not in this shard>
105286510077	E2E Test (Linux) - sandbox:none - shard 1/1	success	2026-09-17T16:21:36Z	✓ qwen serve — child-crash recovery (real SIGKILL) > publishes session_died after the qwen --acp child is SIGKILL-ed  1899ms
105286510111	E2E Test - macOS - shard 1/2	success	2026-09-17T16:21:39Z	✓ qwen serve — child-crash recovery (real SIGKILL) > publishes session_died after the qwen --acp child is SIGKILL-ed  3160ms
105300660058	E2E Test - macOS - shard 2/2	success	2026-09-17T17:02:47Z	<file not in this shard>
105300660163	E2E Test (Linux) - sandbox:none - shard 1/1	success	2026-09-17T17:02:40Z	✓ qwen serve — child-crash recovery (real SIGKILL) > publishes session_died after the qwen --acp child is SIGKILL-ed  2275ms
105300660222	E2E Test - macOS - shard 1/2	success	2026-09-17T17:02:47Z	✓ qwen serve — child-crash recovery (real SIGKILL) > publishes session_died after the qwen --acp child is SIGKILL-ed  5564ms
105314363405	E2E Test - macOS - shard 2/2	failure	2026-09-17T17:43:03Z	<file not in this shard>
105314363424	E2E Test (Linux) - sandbox:none - shard 1/1	success	2026-09-17T17:42:59Z	✓ qwen serve — child-crash recovery (real SIGKILL) > publishes session_died after the qwen --acp child is SIGKILL-ed  1824ms
105314363440	E2E Test - macOS - shard 1/2	success	2026-09-17T17:43:01Z	✓ qwen serve — child-crash recovery (real SIGKILL) > publishes session_died after the qwen --acp child is SIGKILL-ed  4596ms
105407182002	E2E Test (Linux) - sandbox:none - shard 1/1	success	2026-09-17T22:31:17Z	✓ qwen serve — child-crash recovery (real SIGKILL) > publishes session_died after the qwen --acp child is SIGKILL-ed  1753ms
105407182030	E2E Test - macOS - shard 2/2	success	2026-09-17T22:31:21Z	<file not in this shard>
105407182162	E2E Test - macOS - shard 1/2	success	2026-09-17T22:31:22Z	✓ qwen serve — child-crash recovery (real SIGKILL) > publishes session_died after the qwen --acp child is SIGKILL-ed  3497ms
105422595610	E2E Test (Linux) - sandbox:none - shard 1/1	success	2026-09-17T23:33:36Z	✓ qwen serve — child-crash recovery (real SIGKILL) > publishes session_died after the qwen --acp child is SIGKILL-ed  1733ms
105422595633	E2E Test - macOS - shard 1/2	success	2026-09-17T23:33:42Z	✓ qwen serve — child-crash recovery (real SIGKILL) > publishes session_died after the qwen --acp child is SIGKILL-ed  11903ms (retry x1)
105422595661	E2E Test - macOS - shard 2/2	success	2026-09-17T23:33:40Z	<file not in this shard>
105442455215	E2E Test - macOS - shard 1/2	success	2026-09-18T01:06:15Z	✓ qwen serve — child-crash recovery (real SIGKILL) > publishes session_died after the qwen --acp child is SIGKILL-ed  7806ms
105442455222	E2E Test - macOS - shard 2/2	success	2026-09-18T01:06:13Z	<file not in this shard>
105442455242	E2E Test (Linux) - sandbox:none - shard 1/1	success	2026-09-18T01:06:09Z	✓ qwen serve — child-crash recovery (real SIGKILL) > publishes session_died after the qwen --acp child is SIGKILL-ed  1737ms
105457475309	E2E Test (Linux) - sandbox:none - shard 1/1	success	2026-09-18T02:22:39Z	✓ qwen serve — child-crash recovery (real SIGKILL) > publishes session_died after the qwen --acp child is SIGKILL-ed  1769ms
105457475312	E2E Test - macOS - shard 2/2	success	2026-09-18T02:22:46Z	<file not in this shard>
105457475338	E2E Test - macOS - shard 1/2	success	2026-09-18T02:22:43Z	✓ qwen serve — child-crash recovery (real SIGKILL) > publishes session_died after the qwen --acp child is SIGKILL-ed  5011ms
105465114124	E2E Test (Linux) - sandbox:none - shard 1/1	success	2026-09-18T03:00:58Z	✓ qwen serve — child-crash recovery (real SIGKILL) > publishes session_died after the qwen --acp child is SIGKILL-ed  2217ms
105465114153	E2E Test - macOS - shard 1/2	success	2026-09-18T03:02:11Z	✓ qwen serve — child-crash recovery (real SIGKILL) > publishes session_died after the qwen --acp child is SIGKILL-ed  3685ms
105465114232	E2E Test - macOS - shard 2/2	success	2026-09-18T03:03:33Z	<file not in this shard>
105473431145	E2E Test - macOS - shard 2/2	success	2026-09-18T03:45:14Z	<file not in this shard>
105473431154	E2E Test - macOS - shard 1/2	success	2026-09-18T03:45:15Z	✓ qwen serve — child-crash recovery (real SIGKILL) > publishes session_died after the qwen --acp child is SIGKILL-ed  5727ms
105473431235	E2E Test (Linux) - sandbox:none - shard 1/1	success	2026-09-18T03:45:10Z	✓ qwen serve — child-crash recovery (real SIGKILL) > publishes session_died after the qwen --acp child is SIGKILL-ed  2258ms
105480947824	E2E Test - macOS - shard 1/2	success	2026-09-18T04:32:10Z	✓ qwen serve — child-crash recovery (real SIGKILL) > publishes session_died after the qwen --acp child is SIGKILL-ed  2741ms
105480947892	E2E Test (Linux) - sandbox:none - shard 1/1	success	2026-09-18T04:26:00Z	✓ qwen serve — child-crash recovery (real SIGKILL) > publishes session_died after the qwen --acp child is SIGKILL-ed  1928ms
105480947924	E2E Test - macOS - shard 2/2	success	2026-09-18T04:33:04Z	<file not in this shard>
105488940512	E2E Test - macOS - shard 2/2	success	2026-09-18T05:09:21Z	<file not in this shard>
105488940517	E2E Test (Linux) - sandbox:none - shard 1/1	success	2026-09-18T05:09:15Z	✓ qwen serve — child-crash recovery (real SIGKILL) > publishes session_died after the qwen --acp child is SIGKILL-ed  1750ms
105488940561	E2E Test - macOS - shard 1/2	success	2026-09-18T05:09:21Z	✓ qwen serve — child-crash recovery (real SIGKILL) > publishes session_died after the qwen --acp child is SIGKILL-ed  18644ms (retry x1)
105497987252	E2E Test - macOS - shard 1/2	success	2026-09-18T05:56:06Z	✓ qwen serve — child-crash recovery (real SIGKILL) > publishes session_died after the qwen --acp child is SIGKILL-ed  2792ms
105497987301	E2E Test (Linux) - sandbox:none - shard 1/1	success	2026-09-18T05:56:03Z	✓ qwen serve — child-crash recovery (real SIGKILL) > publishes session_died after the qwen --acp child is SIGKILL-ed  1807ms
105497987316	E2E Test - macOS - shard 2/2	success	2026-09-18T05:56:09Z	<file not in this shard>
105506955575	E2E Test - macOS - shard 1/2	success	2026-09-18T06:38:44Z	✓ qwen serve — child-crash recovery (real SIGKILL) > publishes session_died after the qwen --acp child is SIGKILL-ed  7208ms
105506955630	E2E Test - macOS - shard 2/2	success	2026-09-18T06:38:47Z	<file not in this shard>
105506955632	E2E Test (Linux) - sandbox:none - shard 1/1	success	2026-09-18T06:38:41Z	✓ qwen serve — child-crash recovery (real SIGKILL) > publishes session_died after the qwen --acp child is SIGKILL-ed  1774ms
105517038946	E2E Test (Linux) - sandbox:none - shard 1/1	success	2026-09-18T07:21:22Z	✓ qwen serve — child-crash recovery (real SIGKILL) > publishes session_died after the qwen --acp child is SIGKILL-ed  2386ms
105517039002	E2E Test - macOS - shard 1/2	success	2026-09-18T07:21:27Z	✓ qwen serve — child-crash recovery (real SIGKILL) > publishes session_died after the qwen --acp child is SIGKILL-ed  7752ms
105517039064	E2E Test - macOS - shard 2/2	success	2026-09-18T07:21:27Z	<file not in this shard>
105527156427	E2E Test (Linux) - sandbox:none - shard 1/1	success	2026-09-18T08:01:22Z	✓ qwen serve — child-crash recovery (real SIGKILL) > publishes session_died after the qwen --acp child is SIGKILL-ed  2215ms
105527156487	E2E Test - macOS - shard 1/2	success	2026-09-18T08:01:28Z	✓ qwen serve — child-crash recovery (real SIGKILL) > publishes session_died after the qwen --acp child is SIGKILL-ed  6786ms
105527156503	E2E Test - macOS - shard 2/2	success	2026-09-18T08:01:25Z	<file not in this shard>
105538759189	E2E Test - macOS - shard 2/2	success	2026-09-18T08:45:44Z	<file not in this shard>
105538759202	E2E Test (Linux) - sandbox:none - shard 1/1	success	2026-09-18T08:44:27Z	✓ qwen serve — child-crash recovery (real SIGKILL) > publishes session_died after the qwen --acp child is SIGKILL-ed  1838ms
105538759243	E2E Test - macOS - shard 1/2	success	2026-09-18T08:45:49Z	✓ qwen serve — child-crash recovery (real SIGKILL) > publishes session_died after the qwen --acp child is SIGKILL-ed  3887ms
105553679488	E2E Test - macOS - shard 1/2	success	2026-09-18T09:38:17Z	✓ qwen serve — child-crash recovery (real SIGKILL) > publishes session_died after the qwen --acp child is SIGKILL-ed  6390ms
105553679504	E2E Test (Linux) - sandbox:none - shard 1/1	success	2026-09-18T09:38:11Z	✓ qwen serve — child-crash recovery (real SIGKILL) > publishes session_died after the qwen --acp child is SIGKILL-ed  1786ms
105553679523	E2E Test - macOS - shard 2/2	success	2026-09-18T09:38:16Z	<file not in this shard>
105566233498	E2E Test - macOS - shard 1/2	success	2026-09-18T10:24:41Z	✓ qwen serve — child-crash recovery (real SIGKILL) > publishes session_died after the qwen --acp child is SIGKILL-ed  3837ms
105566233597	E2E Test (Linux) - sandbox:none - shard 1/1	success	2026-09-18T10:24:38Z	✓ qwen serve — child-crash recovery (real SIGKILL) > publishes session_died after the qwen --acp child is SIGKILL-ed  2247ms
105566233607	E2E Test - macOS - shard 2/2	success	2026-09-18T10:24:42Z	<file not in this shard>
105587386917	E2E Test - macOS - shard 1/2	success	2026-09-18T11:46:10Z	✓ qwen serve — child-crash recovery (real SIGKILL) > publishes session_died after the qwen --acp child is SIGKILL-ed  3798ms
105587386921	E2E Test (Linux) - sandbox:none - shard 1/1	success	2026-09-18T11:46:05Z	✓ qwen serve — child-crash recovery (real SIGKILL) > publishes session_died after the qwen --acp child is SIGKILL-ed  1866ms
105587386972	E2E Test - macOS - shard 2/2	success	2026-09-18T11:46:11Z	<file not in this shard>
105600191182	E2E Test - macOS - shard 1/2	success	2026-09-18T12:33:05Z	✓ qwen serve — child-crash recovery (real SIGKILL) > publishes session_died after the qwen --acp child is SIGKILL-ed  13439ms (retry x1)
105600191299	E2E Test (Linux) - sandbox:none - shard 1/1	success	2026-09-18T12:33:01Z	✓ qwen serve — child-crash recovery (real SIGKILL) > publishes session_died after the qwen --acp child is SIGKILL-ed  1936ms
105600191315	E2E Test - macOS - shard 2/2	success	2026-09-18T12:33:07Z	<file not in this shard>
105617690321	E2E Test - macOS - shard 1/2	success	2026-09-18T13:30:57Z	✓ qwen serve — child-crash recovery (real SIGKILL) > publishes session_died after the qwen --acp child is SIGKILL-ed  4932ms
105617690357	E2E Test (Linux) - sandbox:none - shard 1/1	success	2026-09-18T13:30:51Z	✓ qwen serve — child-crash recovery (real SIGKILL) > publishes session_died after the qwen --acp child is SIGKILL-ed  2321ms
105617690513	E2E Test - macOS - shard 2/2	success	2026-09-18T13:30:59Z	<file not in this shard>
105632053830	E2E Test - macOS - shard 1/2	success	2026-09-18T14:14:31Z	✓ qwen serve — child-crash recovery (real SIGKILL) > publishes session_died after the qwen --acp child is SIGKILL-ed  3255ms
105632053877	E2E Test - macOS - shard 2/2	success	2026-09-18T14:14:31Z	<file not in this shard>
105632053951	E2E Test (Linux) - sandbox:none - shard 1/1	success	2026-09-18T14:14:28Z	✓ qwen serve — child-crash recovery (real SIGKILL) > publishes session_died after the qwen --acp child is SIGKILL-ed  2190ms
105647282784	E2E Test (Linux) - sandbox:none - shard 1/1	success	2026-09-18T14:59:01Z	✓ qwen serve — child-crash recovery (real SIGKILL) > publishes session_died after the qwen --acp child is SIGKILL-ed  1861ms
105647282787	E2E Test - macOS - shard 1/2	success	2026-09-18T14:59:06Z	✓ qwen serve — child-crash recovery (real SIGKILL) > publishes session_died after the qwen --acp child is SIGKILL-ed  4687ms
105647282814	E2E Test - macOS - shard 2/2	success	2026-09-18T14:59:06Z	<file not in this shard>
105662685713	E2E Test - macOS - shard 1/2	success	2026-09-18T15:44:29Z	✓ qwen serve — child-crash recovery (real SIGKILL) > publishes session_died after the qwen --acp child is SIGKILL-ed  7744ms
105662685727	E2E Test (Linux) - sandbox:none - shard 1/1	success	2026-09-18T15:44:23Z	✓ qwen serve — child-crash recovery (real SIGKILL) > publishes session_died after the qwen --acp child is SIGKILL-ed  1924ms
105662685779	E2E Test - macOS - shard 2/2	success	2026-09-18T15:44:28Z	<file not in this shard>
105678045272	E2E Test - macOS - shard 1/2	success	2026-09-18T16:31:20Z	✓ qwen serve — child-crash recovery (real SIGKILL) > publishes session_died after the qwen --acp child is SIGKILL-ed  4209ms
105678045276	E2E Test - macOS - shard 2/2	success	2026-09-18T16:31:20Z	<file not in this shard>
105678045337	E2E Test (Linux) - sandbox:none - shard 1/1	success	2026-09-18T16:31:15Z	✓ qwen serve — child-crash recovery (real SIGKILL) > publishes session_died after the qwen --acp child is SIGKILL-ed  2400ms
105691170493	E2E Test - macOS - shard 2/2	success	2026-09-18T17:13:11Z	<file not in this shard>
105691170532	E2E Test - macOS - shard 1/2	success	2026-09-18T17:13:13Z	✓ qwen serve — child-crash recovery (real SIGKILL) > publishes session_died after the qwen --acp child is SIGKILL-ed  5884ms
105691170565	E2E Test (Linux) - sandbox:none - shard 1/1	success	2026-09-18T17:13:08Z	✓ qwen serve — child-crash recovery (real SIGKILL) > publishes session_died after the qwen --acp child is SIGKILL-ed  2173ms
105819677511	E2E Test - macOS - shard 1/2	success	2026-09-19T01:58:22Z	✓ qwen serve — child-crash recovery (real SIGKILL) > publishes session_died after the qwen --acp child is SIGKILL-ed  3438ms
105819677517	E2E Test (Linux) - sandbox:none - shard 1/1	success	2026-09-19T01:58:16Z	✓ qwen serve — child-crash recovery (real SIGKILL) > publishes session_died after the qwen --acp child is SIGKILL-ed  2207ms
105819677539	E2E Test - macOS - shard 2/2	success	2026-09-19T01:58:22Z	<file not in this shard>
105835426396	E2E Test - macOS - shard 2/2	success	2026-09-19T03:55:12Z	<file not in this shard>
105835426403	E2E Test (Linux) - sandbox:none - shard 1/1	success	2026-09-19T03:55:09Z	✓ qwen serve — child-crash recovery (real SIGKILL) > publishes session_died after the qwen --acp child is SIGKILL-ed  1762ms
105835426433	E2E Test - macOS - shard 1/2	success	2026-09-19T03:55:13Z	✓ qwen serve — child-crash recovery (real SIGKILL) > publishes session_died after the qwen --acp child is SIGKILL-ed  6548ms
105858842766	E2E Test - macOS - shard 1/2	success	2026-09-19T07:10:20Z	✓ qwen serve — child-crash recovery (real SIGKILL) > publishes session_died after the qwen --acp child is SIGKILL-ed  3429ms
105858842767	E2E Test - macOS - shard 2/2	success	2026-09-19T07:10:21Z	<file not in this shard>
105858842784	E2E Test (Linux) - sandbox:none - shard 1/1	success	2026-09-19T07:10:15Z	✓ qwen serve — child-crash recovery (real SIGKILL) > publishes session_died after the qwen --acp child is SIGKILL-ed  1908ms
105864373694	E2E Test - macOS - shard 1/2	success	2026-09-19T07:55:21Z	✓ qwen serve — child-crash recovery (real SIGKILL) > publishes session_died after the qwen --acp child is SIGKILL-ed  3935ms
105864373710	E2E Test (Linux) - sandbox:none - shard 1/1	success	2026-09-19T07:55:15Z	✓ qwen serve — child-crash recovery (real SIGKILL) > publishes session_died after the qwen --acp child is SIGKILL-ed  1718ms
105864373748	E2E Test - macOS - shard 2/2	success	2026-09-19T07:55:20Z	<file not in this shard>
105869518350	E2E Test (Linux) - sandbox:none - shard 1/1	success	2026-09-19T08:38:03Z	✓ qwen serve — child-crash recovery (real SIGKILL) > publishes session_died after the qwen --acp child is SIGKILL-ed  1858ms
105869518374	E2E Test - macOS - shard 2/2	success	2026-09-19T08:39:29Z	<file not in this shard>
105869518396	E2E Test - macOS - shard 1/2	success	2026-09-19T08:40:02Z	✓ qwen serve — child-crash recovery (real SIGKILL) > publishes session_died after the qwen --acp child is SIGKILL-ed  4002ms
105874146748	E2E Test - macOS - shard 1/2	success	2026-09-19T09:16:58Z	✓ qwen serve — child-crash recovery (real SIGKILL) > publishes session_died after the qwen --acp child is SIGKILL-ed  16552ms (retry x1)
105874146762	E2E Test (Linux) - sandbox:none - shard 1/1	success	2026-09-19T09:16:54Z	✓ qwen serve — child-crash recovery (real SIGKILL) > publishes session_died after the qwen --acp child is SIGKILL-ed  1738ms
105874146781	E2E Test - macOS - shard 2/2	success	2026-09-19T09:17:00Z	<file not in this shard>
105878911011	E2E Test - macOS - shard 1/2	success	2026-09-19T09:58:01Z	✓ qwen serve — child-crash recovery (real SIGKILL) > publishes session_died after the qwen --acp child is SIGKILL-ed  2959ms
105878911034	E2E Test - macOS - shard 2/2	success	2026-09-19T09:58:01Z	<file not in this shard>
105878911077	E2E Test (Linux) - sandbox:none - shard 1/1	success	2026-09-19T09:57:57Z	✓ qwen serve — child-crash recovery (real SIGKILL) > publishes session_died after the qwen --acp child is SIGKILL-ed  1727ms
105883870563	E2E Test - macOS - shard 2/2	success	2026-09-19T10:39:47Z	<file not in this shard>
105883870567	E2E Test - macOS - shard 1/2	success	2026-09-19T10:39:46Z	✓ qwen serve — child-crash recovery (real SIGKILL) > publishes session_died after the qwen --acp child is SIGKILL-ed  4368ms
105883870571	E2E Test (Linux) - sandbox:none - shard 1/1	success	2026-09-19T10:39:42Z	✓ qwen serve — child-crash recovery (real SIGKILL) > publishes session_died after the qwen --acp child is SIGKILL-ed  1744ms
105888731674	E2E Test (Linux) - sandbox:none - shard 1/1	success	2026-09-19T11:21:18Z	✓ qwen serve — child-crash recovery (real SIGKILL) > publishes session_died after the qwen --acp child is SIGKILL-ed  1818ms
105888731684	E2E Test - macOS - shard 2/2	success	2026-09-19T11:21:22Z	<file not in this shard>
105888731692	E2E Test - macOS - shard 1/2	success	2026-09-19T11:21:21Z	✓ qwen serve — child-crash recovery (real SIGKILL) > publishes session_died after the qwen --acp child is SIGKILL-ed  3555ms
105908865051	E2E Test - macOS - shard 1/2	success	2026-09-19T14:02:09Z	✓ qwen serve — child-crash recovery (real SIGKILL) > publishes session_died after the qwen --acp child is SIGKILL-ed  2875ms
105908865053	E2E Test (Linux) - sandbox:none - shard 1/1	success	2026-09-19T14:02:05Z	✓ qwen serve — child-crash recovery (real SIGKILL) > publishes session_died after the qwen --acp child is SIGKILL-ed  1808ms
105908865063	E2E Test - macOS - shard 2/2	success	2026-09-19T14:02:10Z	<file not in this shard>
105914623896	E2E Test - macOS - shard 2/2	success	2026-09-19T14:45:40Z	<file not in this shard>
105914623934	E2E Test - macOS - shard 1/2	success	2026-09-19T14:45:43Z	✓ qwen serve — child-crash recovery (real SIGKILL) > publishes session_died after the qwen --acp child is SIGKILL-ed  4765ms
105914623980	E2E Test (Linux) - sandbox:none - shard 1/1	success	2026-09-19T14:45:37Z	✓ qwen serve — child-crash recovery (real SIGKILL) > publishes session_died after the qwen --acp child is SIGKILL-ed  1723ms
105920012741	E2E Test - macOS - shard 2/2	success	2026-09-19T15:25:18Z	<file not in this shard>
105920012749	E2E Test (Linux) - sandbox:none - shard 1/1	success	2026-09-19T15:25:14Z	✓ qwen serve — child-crash recovery (real SIGKILL) > publishes session_died after the qwen --acp child is SIGKILL-ed  1813ms
105920012791	E2E Test - macOS - shard 1/2	success	2026-09-19T15:25:18Z	✓ qwen serve — child-crash recovery (real SIGKILL) > publishes session_died after the qwen --acp child is SIGKILL-ed  2939ms
105925543600	E2E Test (Linux) - sandbox:none - shard 1/1	success	2026-09-19T16:05:37Z	✓ qwen serve — child-crash recovery (real SIGKILL) > publishes session_died after the qwen --acp child is SIGKILL-ed  1721ms
105925543674	E2E Test - macOS - shard 1/2	success	2026-09-19T16:05:40Z	✓ qwen serve — child-crash recovery (real SIGKILL) > publishes session_died after the qwen --acp child is SIGKILL-ed  2907ms
105925543764	E2E Test - macOS - shard 2/2	success	2026-09-19T16:05:40Z	<file not in this shard>
105935502843	E2E Test (Linux) - sandbox:none - shard 1/1	success	2026-09-19T17:16:42Z	✓ qwen serve — child-crash recovery (real SIGKILL) > publishes session_died after the qwen --acp child is SIGKILL-ed  1769ms
105935502847	E2E Test - macOS - shard 1/2	success	2026-09-19T17:16:46Z	✓ qwen serve — child-crash recovery (real SIGKILL) > publishes session_died after the qwen --acp child is SIGKILL-ed  4263ms
105935502881	E2E Test - macOS - shard 2/2	success	2026-09-19T17:16:48Z	<file not in this shard>
105982725372	E2E Test - macOS - shard 1/2	success	2026-09-19T23:03:33Z	✓ qwen serve — child-crash recovery (real SIGKILL) > publishes session_died after the qwen --acp child is SIGKILL-ed  6784ms
105982725380	E2E Test - macOS - shard 2/2	success	2026-09-19T23:03:31Z	<file not in this shard>
105982725386	E2E Test (Linux) - sandbox:none - shard 1/1	success	2026-09-19T23:03:28Z	✓ qwen serve — child-crash recovery (real SIGKILL) > publishes session_died after the qwen --acp child is SIGKILL-ed  2513ms
105987290851	E2E Test - macOS - shard 2/2	success	2026-09-19T23:41:20Z	<file not in this shard>
105987290852	E2E Test - macOS - shard 1/2	success	2026-09-19T23:41:19Z	✓ qwen serve — child-crash recovery (real SIGKILL) > publishes session_died after the qwen --acp child is SIGKILL-ed  3770ms
105987290933	E2E Test (Linux) - sandbox:none - shard 1/1	success	2026-09-19T23:41:13Z	✓ qwen serve — child-crash recovery (real SIGKILL) > publishes session_died after the qwen --acp child is SIGKILL-ed  1749ms
105991670616	E2E Test (Linux) - sandbox:none - shard 1/1	success	2026-09-20T00:18:35Z	✓ qwen serve — child-crash recovery (real SIGKILL) > publishes session_died after the qwen --acp child is SIGKILL-ed  1753ms
105991670646	E2E Test - macOS - shard 1/2	success	2026-09-20T00:18:40Z	✓ qwen serve — child-crash recovery (real SIGKILL) > publishes session_died after the qwen --acp child is SIGKILL-ed  3526ms
105991670658	E2E Test - macOS - shard 2/2	success	2026-09-20T00:18:40Z	<file not in this shard>
105997975784	E2E Test - macOS - shard 2/2	success	2026-09-20T01:11:45Z	<file not in this shard>
105997975785	E2E Test - macOS - shard 1/2	success	2026-09-20T01:11:44Z	✓ qwen serve — child-crash recovery (real SIGKILL) > publishes session_died after the qwen --acp child is SIGKILL-ed  1994ms
105997975795	E2E Test (Linux) - sandbox:none - shard 1/1	success	2026-09-20T01:11:40Z	✓ qwen serve — child-crash recovery (real SIGKILL) > publishes session_died after the qwen --acp child is SIGKILL-ed  2579ms
106005880358	E2E Test (Linux) - sandbox:none - shard 1/1	success	2026-09-20T02:18:43Z	✓ qwen serve — child-crash recovery (real SIGKILL) > publishes session_died after the qwen --acp child is SIGKILL-ed  1823ms
106005880364	E2E Test - macOS - shard 1/2	success	2026-09-20T02:18:47Z	✓ qwen serve — child-crash recovery (real SIGKILL) > publishes session_died after the qwen --acp child is SIGKILL-ed  5316ms
106005880452	E2E Test - macOS - shard 2/2	success	2026-09-20T02:18:49Z	<file not in this shard>
106022450543	E2E Test (Linux) - sandbox:none - shard 1/1	success	2026-09-20T04:40:10Z	✓ qwen serve — child-crash recovery (real SIGKILL) > publishes session_died after the qwen --acp child is SIGKILL-ed  1771ms
106022450592	E2E Test - macOS - shard 2/2	success	2026-09-20T04:40:14Z	<file not in this shard>
106022450596	E2E Test - macOS - shard 1/2	success	2026-09-20T04:40:14Z	✓ qwen serve — child-crash recovery (real SIGKILL) > publishes session_died after the qwen --acp child is SIGKILL-ed  3140ms
106030155763	E2E Test - macOS - shard 2/2	success	2026-09-20T05:50:02Z	<file not in this shard>
106030155777	E2E Test (Linux) - sandbox:none - shard 1/1	success	2026-09-20T05:49:56Z	✓ qwen serve — child-crash recovery (real SIGKILL) > publishes session_died after the qwen --acp child is SIGKILL-ed  1853ms
106030155838	E2E Test - macOS - shard 1/2	success	2026-09-20T05:50:09Z	✓ qwen serve — child-crash recovery (real SIGKILL) > publishes session_died after the qwen --acp child is SIGKILL-ed  8695ms
106034522174	E2E Test - macOS - shard 1/2	success	2026-09-20T06:31:12Z	✓ qwen serve — child-crash recovery (real SIGKILL) > publishes session_died after the qwen --acp child is SIGKILL-ed  4308ms
106034522182	E2E Test - macOS - shard 2/2	success	2026-09-20T06:31:22Z	<file not in this shard>
106034522262	E2E Test (Linux) - sandbox:none - shard 1/1	success	2026-09-20T06:28:42Z	✓ qwen serve — child-crash recovery (real SIGKILL) > publishes session_died after the qwen --acp child is SIGKILL-ed  1907ms
106044387806	E2E Test (Linux) - sandbox:none - shard 1/1	success	2026-09-20T07:50:43Z	✓ qwen serve — child-crash recovery (real SIGKILL) > publishes session_died after the qwen --acp child is SIGKILL-ed  1878ms
106044387808	E2E Test - macOS - shard 1/2	success	2026-09-20T07:50:56Z	✓ qwen serve — child-crash recovery (real SIGKILL) > publishes session_died after the qwen --acp child is SIGKILL-ed  3356ms
106044387819	E2E Test - macOS - shard 2/2	success	2026-09-20T07:51:23Z	<file not in this shard>
106050070153	E2E Test (Linux) - sandbox:none - shard 1/1	success	2026-09-20T08:37:00Z	✓ qwen serve — child-crash recovery (real SIGKILL) > publishes session_died after the qwen --acp child is SIGKILL-ed  1795ms
106050070179	E2E Test - macOS - shard 1/2	success	2026-09-20T08:39:30Z	✓ qwen serve — child-crash recovery (real SIGKILL) > publishes session_died after the qwen --acp child is SIGKILL-ed  5463ms
106050070221	E2E Test - macOS - shard 2/2	success	2026-09-20T08:39:32Z	<file not in this shard>
106055472073	E2E Test (Linux) - sandbox:none - shard 1/1	success	2026-09-20T09:21:11Z	✓ qwen serve — child-crash recovery (real SIGKILL) > publishes session_died after the qwen --acp child is SIGKILL-ed  1903ms
106055472081	E2E Test - macOS - shard 1/2	success	2026-09-20T09:21:14Z	✓ qwen serve — child-crash recovery (real SIGKILL) > publishes session_died after the qwen --acp child is SIGKILL-ed  3841ms
106055472088	E2E Test - macOS - shard 2/2	success	2026-09-20T09:21:15Z	<file not in this shard>
106060503641	E2E Test - macOS - shard 2/2	success	2026-09-20T10:03:05Z	<file not in this shard>
106060503689	E2E Test - macOS - shard 1/2	success	2026-09-20T10:03:05Z	✓ qwen serve — child-crash recovery (real SIGKILL) > publishes session_died after the qwen --acp child is SIGKILL-ed  5533ms
106060503696	E2E Test (Linux) - sandbox:none - shard 1/1	success	2026-09-20T10:03:02Z	✓ qwen serve — child-crash recovery (real SIGKILL) > publishes session_died after the qwen --acp child is SIGKILL-ed  1720ms
106065716057	E2E Test - macOS - shard 2/2	success	2026-09-20T10:45:47Z	<file not in this shard>
106065716083	E2E Test (Linux) - sandbox:none - shard 1/1	success	2026-09-20T10:45:43Z	✓ qwen serve — child-crash recovery (real SIGKILL) > publishes session_died after the qwen --acp child is SIGKILL-ed  1754ms
106065716173	E2E Test - macOS - shard 1/2	success	2026-09-20T10:45:52Z	✓ qwen serve — child-crash recovery (real SIGKILL) > publishes session_died after the qwen --acp child is SIGKILL-ed  6533ms
106070748068	E2E Test (Linux) - sandbox:none - shard 1/1	success	2026-09-20T11:28:17Z	✓ qwen serve — child-crash recovery (real SIGKILL) > publishes session_died after the qwen --acp child is SIGKILL-ed  1793ms
106070748074	E2E Test - macOS - shard 1/2	success	2026-09-20T11:28:23Z	✓ qwen serve — child-crash recovery (real SIGKILL) > publishes session_died after the qwen --acp child is SIGKILL-ed  6126ms
106070748221	E2E Test - macOS - shard 2/2	success	2026-09-20T11:28:21Z	<file not in this shard>
106075515333	E2E Test - macOS - shard 1/2	success	2026-09-20T12:08:33Z	✓ qwen serve — child-crash recovery (real SIGKILL) > publishes session_died after the qwen --acp child is SIGKILL-ed  13059ms (retry x1)
106075515359	E2E Test - macOS - shard 2/2	success	2026-09-20T12:08:30Z	<file not in this shard>
106075515364	E2E Test (Linux) - sandbox:none - shard 1/1	success	2026-09-20T12:08:26Z	✓ qwen serve — child-crash recovery (real SIGKILL) > publishes session_died after the qwen --acp child is SIGKILL-ed  1822ms
106080777723	E2E Test (Linux) - sandbox:none - shard 1/1	success	2026-09-20T12:50:23Z	✓ qwen serve — child-crash recovery (real SIGKILL) > publishes session_died after the qwen --acp child is SIGKILL-ed  1755ms
106080777739	E2E Test - macOS - shard 2/2	success	2026-09-20T12:50:27Z	<file not in this shard>
106080777800	E2E Test - macOS - shard 1/2	success	2026-09-20T12:50:28Z	✓ qwen serve — child-crash recovery (real SIGKILL) > publishes session_died after the qwen --acp child is SIGKILL-ed  15608ms (retry x1)
106085778035	E2E Test - macOS - shard 1/2	failure	2026-09-20T13:29:20Z	✓ qwen serve — child-crash recovery (real SIGKILL) > publishes session_died after the qwen --acp child is SIGKILL-ed  5392ms
106085778041	E2E Test - macOS - shard 2/2	success	2026-09-20T13:29:18Z	<file not in this shard>
106094372736	E2E Test - macOS - shard 2/2	success	2026-09-20T14:35:30Z	<file not in this shard>
106094372748	E2E Test - macOS - shard 1/2	failure	2026-09-20T14:35:27Z	✓ qwen serve — child-crash recovery (real SIGKILL) > publishes session_died after the qwen --acp child is SIGKILL-ed  5589ms
106107489631	E2E Test (Linux) - sandbox:none - shard 1/1	failure	2026-09-20T16:12:20Z	✓ qwen serve — child-crash recovery (real SIGKILL) > publishes session_died after the qwen --acp child is SIGKILL-ed  1813ms
106107489637	E2E Test - macOS - shard 1/2	failure	2026-09-20T16:12:23Z	✓ qwen serve — child-crash recovery (real SIGKILL) > publishes session_died after the qwen --acp child is SIGKILL-ed  4260ms
106107489677	E2E Test - macOS - shard 2/2	success	2026-09-20T16:12:23Z	<file not in this shard>
106171126709	E2E Test - macOS - shard 1/2	failure	2026-09-20T23:48:30Z	✓ qwen serve — child-crash recovery (real SIGKILL) > publishes session_died after the qwen --acp child is SIGKILL-ed  3399ms
106171126713	E2E Test - macOS - shard 2/2	success	2026-09-20T23:48:32Z	<file not in this shard>
106171126738	E2E Test (Linux) - sandbox:none - shard 1/1	failure	2026-09-20T23:48:26Z	✓ qwen serve — child-crash recovery (real SIGKILL) > publishes session_died after the qwen --acp child is SIGKILL-ed  1741ms
106184439200	E2E Test - macOS - shard 2/2	success	2026-09-21T01:20:29Z	<file not in this shard>
106184439281	E2E Test - macOS - shard 1/2	failure	2026-09-21T01:20:28Z	✓ qwen serve — child-crash recovery (real SIGKILL) > publishes session_died after the qwen --acp child is SIGKILL-ed  3733ms
106194673404	E2E Test (Linux) - sandbox:none - shard 1/1	failure	2026-09-21T02:27:45Z	✓ qwen serve — child-crash recovery (real SIGKILL) > publishes session_died after the qwen --acp child is SIGKILL-ed  1865ms
106194673421	E2E Test - macOS - shard 1/2	failure	2026-09-21T02:27:53Z	✓ qwen serve — child-crash recovery (real SIGKILL) > publishes session_died after the qwen --acp child is SIGKILL-ed  8564ms
106194673494	E2E Test - macOS - shard 2/2	success	2026-09-21T02:27:49Z	<file not in this shard>
106202590663	E2E Test - macOS - shard 2/2	success	2026-09-21T03:17:58Z	<file not in this shard>
106202590726	E2E Test - macOS - shard 1/2	failure	2026-09-21T03:17:57Z	✓ qwen serve — child-crash recovery (real SIGKILL) > publishes session_died after the qwen --acp child is SIGKILL-ed  4979ms
106213278111	E2E Test - macOS - shard 1/2	failure	2026-09-21T04:24:18Z	✓ qwen serve — child-crash recovery (real SIGKILL) > publishes session_died after the qwen --acp child is SIGKILL-ed  3855ms
106213278157	E2E Test - macOS - shard 2/2	success	2026-09-21T04:24:17Z	<file not in this shard>
106224489350	E2E Test - macOS - shard 1/2	failure	2026-09-21T05:31:35Z	✓ qwen serve — child-crash recovery (real SIGKILL) > publishes session_died after the qwen --acp child is SIGKILL-ed  6431ms
106224489366	E2E Test - macOS - shard 2/2	success	2026-09-21T05:31:33Z	<file not in this shard>
106240493263	E2E Test - macOS - shard 2/2	success	2026-09-21T06:52:49Z	<file not in this shard>
106240493275	E2E Test - macOS - shard 1/2	failure	2026-09-21T06:52:48Z	✓ qwen serve — child-crash recovery (real SIGKILL) > publishes session_died after the qwen --acp child is SIGKILL-ed  5612ms
106256109435	E2E Test (Linux) - sandbox:none - shard 1/1	failure	2026-09-21T07:57:39Z	✓ qwen serve — child-crash recovery (real SIGKILL) > publishes session_died after the qwen --acp child is SIGKILL-ed  1749ms
106256109493	E2E Test - macOS - shard 1/2	failure	2026-09-21T07:57:45Z	✓ qwen serve — child-crash recovery (real SIGKILL) > publishes session_died after the qwen --acp child is SIGKILL-ed  7059ms
106256109513	E2E Test - macOS - shard 2/2	success	2026-09-21T07:57:47Z	<file not in this shard>
106269970389	E2E Test - macOS - shard 2/2	success	2026-09-21T08:49:32Z	<file not in this shard>
106269970998	E2E Test - macOS - shard 1/2	failure	2026-09-21T08:49:53Z	✓ qwen serve — child-crash recovery (real SIGKILL) > publishes session_died after the qwen --acp child is SIGKILL-ed  6172ms
106289446048	E2E Test - macOS - shard 1/2	failure	2026-09-21T09:56:32Z	✓ qwen serve — child-crash recovery (real SIGKILL) > publishes session_died after the qwen --acp child is SIGKILL-ed  5381ms
106289446098	E2E Test (Linux) - sandbox:none - shard 1/1	failure	2026-09-21T09:56:25Z	✓ qwen serve — child-crash recovery (real SIGKILL) > publishes session_died after the qwen --acp child is SIGKILL-ed  1763ms
106289446147	E2E Test - macOS - shard 2/2	success	2026-09-21T09:56:31Z	<file not in this shard>
106306542430	E2E Test - macOS - shard 1/2	failure	2026-09-21T10:57:22Z	✓ qwen serve — child-crash recovery (real SIGKILL) > publishes session_died after the qwen --acp child is SIGKILL-ed  4599ms
106306542517	E2E Test - macOS - shard 2/2	success	2026-09-21T10:57:23Z	<file not in this shard>
106325489485	E2E Test - macOS - shard 1/2	failure	2026-09-21T12:04:57Z	✓ qwen serve — child-crash recovery (real SIGKILL) > publishes session_died after the qwen --acp child is SIGKILL-ed  15419ms (retry x1)
106325489626	E2E Test (Linux) - sandbox:none - shard 1/1	failure	2026-09-21T12:04:51Z	✓ qwen serve — child-crash recovery (real SIGKILL) > publishes session_died after the qwen --acp child is SIGKILL-ed  1767ms
106325489627	E2E Test - macOS - shard 2/2	success	2026-09-21T12:04:55Z	<file not in this shard>
106346425910	E2E Test (Linux) - sandbox:none - shard 1/1	success	2026-09-21T13:11:02Z	✓ qwen serve — child-crash recovery (real SIGKILL) > publishes session_died after the qwen --acp child is SIGKILL-ed  1782ms
106346426031	E2E Test - macOS - shard 1/2	success	2026-09-21T13:11:08Z	✓ qwen serve — child-crash recovery (real SIGKILL) > publishes session_died after the qwen --acp child is SIGKILL-ed  5408ms
106346426159	E2E Test - macOS - shard 2/2	success	2026-09-21T13:11:08Z	<file not in this shard>
106362787188	E2E Test - macOS - shard 1/2	success	2026-09-21T13:57:23Z	✓ qwen serve — child-crash recovery (real SIGKILL) > publishes session_died after the qwen --acp child is SIGKILL-ed  5757ms
106362787237	E2E Test (Linux) - sandbox:none - shard 1/1	success	2026-09-21T13:57:18Z	✓ qwen serve — child-crash recovery (real SIGKILL) > publishes session_died after the qwen --acp child is SIGKILL-ed  2037ms
106362787485	E2E Test - macOS - shard 2/2	success	2026-09-21T13:57:22Z	<file not in this shard>
106378330367	E2E Test - macOS - shard 1/2	success	2026-09-21T14:38:45Z	✓ qwen serve — child-crash recovery (real SIGKILL) > publishes session_died after the qwen --acp child is SIGKILL-ed  3998ms
106378330416	E2E Test (Linux) - sandbox:none - shard 1/1	success	2026-09-21T14:38:38Z	✓ qwen serve — child-crash recovery (real SIGKILL) > publishes session_died after the qwen --acp child is SIGKILL-ed  1770ms
106378330453	E2E Test - macOS - shard 2/2	success	2026-09-21T14:38:44Z	<file not in this shard>
106394330362	E2E Test - macOS - shard 2/2	success	2026-09-21T15:20:06Z	<file not in this shard>
106394330371	E2E Test (Linux) - sandbox:none - shard 1/1	success	2026-09-21T15:20:04Z	✓ qwen serve — child-crash recovery (real SIGKILL) > publishes session_died after the qwen --acp child is SIGKILL-ed  1758ms
106394330506	E2E Test - macOS - shard 1/2	success	2026-09-21T15:20:12Z	✓ qwen serve — child-crash recovery (real SIGKILL) > publishes session_died after the qwen --acp child is SIGKILL-ed  5882ms
106410251262	E2E Test - macOS - shard 2/2	success	2026-09-21T16:02:16Z	<file not in this shard>
106410251297	E2E Test - macOS - shard 1/2	success	2026-09-21T16:02:17Z	✓ qwen serve — child-crash recovery (real SIGKILL) > publishes session_died after the qwen --acp child is SIGKILL-ed  7538ms
106410251303	E2E Test (Linux) - sandbox:none - shard 1/1	success	2026-09-21T16:02:13Z	✓ qwen serve — child-crash recovery (real SIGKILL) > publishes session_died after the qwen --acp child is SIGKILL-ed  1790ms
106555367174	E2E Test (Linux) - sandbox:none - shard 1/1	success	2026-09-21T23:21:20Z	✓ qwen serve — child-crash recovery (real SIGKILL) > publishes session_died after the qwen --acp child is SIGKILL-ed  1760ms
106555367206	E2E Test - macOS - shard 1/2	success	2026-09-21T23:21:26Z	✓ qwen serve — child-crash recovery (real SIGKILL) > publishes session_died after the qwen --acp child is SIGKILL-ed  5264ms
106555367244	E2E Test - macOS - shard 2/2	success	2026-09-21T23:21:24Z	<file not in this shard>
106563811494	E2E Test (Linux) - sandbox:none - shard 1/1	success	2026-09-21T23:58:04Z	✓ qwen serve — child-crash recovery (real SIGKILL) > publishes session_died after the qwen --acp child is SIGKILL-ed  1767ms
106563811769	E2E Test - macOS - shard 1/2	success	2026-09-21T23:58:08Z	✓ qwen serve — child-crash recovery (real SIGKILL) > publishes session_died after the qwen --acp child is SIGKILL-ed  8553ms
106563811778	E2E Test - macOS - shard 2/2	success	2026-09-21T23:58:08Z	<file not in this shard>
106572241083	E2E Test (Linux) - sandbox:none - shard 1/1	success	2026-09-22T00:35:58Z	✓ qwen serve — child-crash recovery (real SIGKILL) > publishes session_died after the qwen --acp child is SIGKILL-ed  1756ms
106572241844	E2E Test - macOS - shard 1/2	success	2026-09-22T00:36:02Z	✓ qwen serve — child-crash recovery (real SIGKILL) > publishes session_died after the qwen --acp child is SIGKILL-ed  3165ms
106572242058	E2E Test - macOS - shard 2/2	success	2026-09-22T00:36:02Z	<file not in this shard>
106590627353	E2E Test (Linux) - sandbox:none - shard 1/1	success	2026-09-22T02:13:47Z	✓ qwen serve — child-crash recovery (real SIGKILL) > publishes session_died after the qwen --acp child is SIGKILL-ed  1874ms
106590628211	E2E Test - macOS - shard 1/2	success	2026-09-22T02:13:52Z	✓ qwen serve — child-crash recovery (real SIGKILL) > publishes session_died after the qwen --acp child is SIGKILL-ed  5880ms
106590628240	E2E Test - macOS - shard 2/2	success	2026-09-22T02:13:53Z	<file not in this shard>
106598293257	E2E Test - macOS - shard 1/2	success	2026-09-22T02:54:41Z	✓ qwen serve — child-crash recovery (real SIGKILL) > publishes session_died after the qwen --acp child is SIGKILL-ed  3701ms
106598293269	E2E Test - macOS - shard 2/2	success	2026-09-22T02:54:42Z	<file not in this shard>
106598293278	E2E Test (Linux) - sandbox:none - shard 1/1	success	2026-09-22T02:54:35Z	✓ qwen serve — child-crash recovery (real SIGKILL) > publishes session_died after the qwen --acp child is SIGKILL-ed  1902ms
106606308483	E2E Test (Linux) - sandbox:none - shard 1/1	success	2026-09-22T03:37:16Z	✓ qwen serve — child-crash recovery (real SIGKILL) > publishes session_died after the qwen --acp child is SIGKILL-ed  1803ms
106606308498	E2E Test - macOS - shard 2/2	success	2026-09-22T03:37:20Z	<file not in this shard>
106606308533	E2E Test - macOS - shard 1/2	success	2026-09-22T03:37:23Z	✓ qwen serve — child-crash recovery (real SIGKILL) > publishes session_died after the qwen --acp child is SIGKILL-ed  6289ms
106614053913	E2E Test - macOS - shard 2/2	success	2026-09-22T04:20:37Z	<file not in this shard>
106614054048	E2E Test - macOS - shard 1/2	success	2026-09-22T04:19:09Z	✓ qwen serve — child-crash recovery (real SIGKILL) > publishes session_died after the qwen --acp child is SIGKILL-ed  3138ms
106614054080	E2E Test (Linux) - sandbox:none - shard 1/1	success	2026-09-22T04:18:56Z	✓ qwen serve — child-crash recovery (real SIGKILL) > publishes session_died after the qwen --acp child is SIGKILL-ed  1830ms
106626544116	E2E Test - macOS - shard 2/2	success	2026-09-22T05:24:38Z	<file not in this shard>
106626544173	E2E Test - macOS - shard 1/2	success	2026-09-22T05:24:40Z	✓ qwen serve — child-crash recovery (real SIGKILL) > publishes session_died after the qwen --acp child is SIGKILL-ed  7570ms
106626544187	E2E Test (Linux) - sandbox:none - shard 1/1	success	2026-09-22T05:24:35Z	✓ qwen serve — child-crash recovery (real SIGKILL) > publishes session_died after the qwen --acp child is SIGKILL-ed  1750ms
106634822492	E2E Test (Linux) - sandbox:none - shard 1/1	success	2026-09-22T06:06:09Z	✓ qwen serve — child-crash recovery (real SIGKILL) > publishes session_died after the qwen --acp child is SIGKILL-ed  1847ms
106634822506	E2E Test - macOS - shard 1/2	success	2026-09-22T06:06:15Z	✓ qwen serve — child-crash recovery (real SIGKILL) > publishes session_died after the qwen --acp child is SIGKILL-ed  5298ms
106634822595	E2E Test - macOS - shard 2/2	success	2026-09-22T06:06:13Z	<file not in this shard>
106643770180	E2E Test - macOS - shard 2/2	success	2026-09-22T06:45:38Z	<file not in this shard>
106643770192	E2E Test (Linux) - sandbox:none - shard 1/1	success	2026-09-22T06:45:33Z	✓ qwen serve — child-crash recovery (real SIGKILL) > publishes session_died after the qwen --acp child is SIGKILL-ed  1781ms
106643770199	E2E Test - macOS - shard 1/2	success	2026-09-22T06:45:38Z	✓ qwen serve — child-crash recovery (real SIGKILL) > publishes session_died after the qwen --acp child is SIGKILL-ed  4107ms
106654234633	E2E Test - macOS - shard 1/2	success	2026-09-22T07:26:42Z	✓ qwen serve — child-crash recovery (real SIGKILL) > publishes session_died after the qwen --acp child is SIGKILL-ed  3937ms
106654234671	E2E Test (Linux) - sandbox:none - shard 1/1	success	2026-09-22T07:26:35Z	✓ qwen serve — child-crash recovery (real SIGKILL) > publishes session_died after the qwen --acp child is SIGKILL-ed  1837ms
106654234723	E2E Test - macOS - shard 2/2	success	2026-09-22T07:26:38Z	<file not in this shard>
106665413257	E2E Test - macOS - shard 2/2	success	2026-09-22T08:07:14Z	<file not in this shard>
106665413295	E2E Test (Linux) - sandbox:none - shard 1/1	success	2026-09-22T08:07:11Z	✓ qwen serve — child-crash recovery (real SIGKILL) > publishes session_died after the qwen --acp child is SIGKILL-ed  1794ms
106665413310	E2E Test - macOS - shard 1/2	success	2026-09-22T08:07:19Z	✓ qwen serve — child-crash recovery (real SIGKILL) > publishes session_died after the qwen --acp child is SIGKILL-ed  4309ms
106678118865	E2E Test (Linux) - sandbox:none - shard 1/1	success	2026-09-22T08:50:09Z	✓ qwen serve — child-crash recovery (real SIGKILL) > publishes session_died after the qwen --acp child is SIGKILL-ed  2074ms
106678118983	E2E Test - macOS - shard 2/2	success	2026-09-22T08:50:17Z	<file not in this shard>
106678119078	E2E Test - macOS - shard 1/2	success	2026-09-22T08:50:15Z	✓ qwen serve — child-crash recovery (real SIGKILL) > publishes session_died after the qwen --acp child is SIGKILL-ed  18235ms (retry x1)
106690885997	E2E Test - macOS - shard 2/2	success	2026-09-22T09:31:39Z	<file not in this shard>
106690886031	E2E Test - macOS - shard 1/2	success	2026-09-22T09:31:41Z	✓ qwen serve — child-crash recovery (real SIGKILL) > publishes session_died after the qwen --acp child is SIGKILL-ed  14576ms (retry x1)
106690886104	E2E Test (Linux) - sandbox:none - shard 1/1	success	2026-09-22T09:31:36Z	✓ qwen serve — child-crash recovery (real SIGKILL) > publishes session_died after the qwen --acp child is SIGKILL-ed  1776ms
106703630375	E2E Test - macOS - shard 2/2	success	2026-09-22T10:13:38Z	<file not in this shard>
106703630379	E2E Test - macOS - shard 1/2	success	2026-09-22T10:13:38Z	✓ qwen serve — child-crash recovery (real SIGKILL) > publishes session_died after the qwen --acp child is SIGKILL-ed  3582ms
106703630868	E2E Test (Linux) - sandbox:none - shard 1/1	success	2026-09-22T10:13:33Z	✓ qwen serve — child-crash recovery (real SIGKILL) > publishes session_died after the qwen --acp child is SIGKILL-ed  1749ms
106715311961	E2E Test - macOS - shard 1/2	success	2026-09-22T10:53:24Z	✓ qwen serve — child-crash recovery (real SIGKILL) > publishes session_died after the qwen --acp child is SIGKILL-ed  3290ms
106715311969	E2E Test - macOS - shard 2/2	success	2026-09-22T10:53:24Z	<file not in this shard>
106715311978	E2E Test (Linux) - sandbox:none - shard 1/1	success	2026-09-22T10:53:21Z	✓ qwen serve — child-crash recovery (real SIGKILL) > publishes session_died after the qwen --acp child is SIGKILL-ed  1756ms
106727288124	E2E Test - macOS - shard 2/2	success	2026-09-22T11:34:04Z	<file not in this shard>
106727288294	E2E Test - macOS - shard 1/2	success	2026-09-22T11:34:09Z	✓ qwen serve — child-crash recovery (real SIGKILL) > publishes session_died after the qwen --acp child is SIGKILL-ed  4815ms
106748090507	E2E Test (Linux) - sandbox:none - shard 1/1	success	2026-09-22T12:39:56Z	✓ qwen serve — child-crash recovery (real SIGKILL) > publishes session_died after the qwen --acp child is SIGKILL-ed  1763ms
106748090536	E2E Test - macOS - shard 1/2	success	2026-09-22T12:40:02Z	✓ qwen serve — child-crash recovery (real SIGKILL) > publishes session_died after the qwen --acp child is SIGKILL-ed  5075ms
106748090538	E2E Test - macOS - shard 2/2	success	2026-09-22T12:40:03Z	<file not in this shard>
106763826052	E2E Test (Linux) - sandbox:none - shard 1/1	success	2026-09-22T13:24:23Z	✓ qwen serve — child-crash recovery (real SIGKILL) > publishes session_died after the qwen --acp child is SIGKILL-ed  1797ms
106763826062	E2E Test - macOS - shard 2/2	success	2026-09-22T13:24:27Z	<file not in this shard>
106763826089	E2E Test - macOS - shard 1/2	success	2026-09-22T13:24:29Z	✓ qwen serve — child-crash recovery (real SIGKILL) > publishes session_died after the qwen --acp child is SIGKILL-ed  8869ms
106778977805	E2E Test - macOS - shard 2/2	success	2026-09-22T14:03:53Z	<file not in this shard>
106778977864	E2E Test - macOS - shard 1/2	success	2026-09-22T14:03:48Z	✓ qwen serve — child-crash recovery (real SIGKILL) > publishes session_died after the qwen --acp child is SIGKILL-ed  6478ms
106778977915	E2E Test (Linux) - sandbox:none - shard 1/1	success	2026-09-22T14:03:42Z	✓ qwen serve — child-crash recovery (real SIGKILL) > publishes session_died after the qwen --acp child is SIGKILL-ed  1781ms
106814240582	E2E Test (Linux) - sandbox:none - shard 1/1	success	2026-09-22T15:31:21Z	✓ qwen serve — child-crash recovery (real SIGKILL) > publishes session_died after the qwen --acp child is SIGKILL-ed  1792ms
106814240592	E2E Test - macOS - shard 2/2	success	2026-09-22T15:33:53Z	<file not in this shard>
106814240694	E2E Test - macOS - shard 1/2	success	2026-09-22T15:32:56Z	✓ qwen serve — child-crash recovery (real SIGKILL) > publishes session_died after the qwen --acp child is SIGKILL-ed  4439ms
106829486977	E2E Test - macOS - shard 1/2	success	2026-09-22T16:10:55Z	✓ qwen serve — child-crash recovery (real SIGKILL) > publishes session_died after the qwen --acp child is SIGKILL-ed  9147ms
106829487086	E2E Test (Linux) - sandbox:none - shard 1/1	success	2026-09-22T16:10:49Z	✓ qwen serve — child-crash recovery (real SIGKILL) > publishes session_died after the qwen --acp child is SIGKILL-ed  1766ms
106829487141	E2E Test - macOS - shard 2/2	success	2026-09-22T16:10:53Z	<file not in this shard>
106845371018	E2E Test - macOS - shard 2/2	success	2026-09-22T16:53:24Z	<file not in this shard>
106845371041	E2E Test - macOS - shard 1/2	success	2026-09-22T16:53:23Z	✓ qwen serve — child-crash recovery (real SIGKILL) > publishes session_died after the qwen --acp child is SIGKILL-ed  4578ms
106845371064	E2E Test (Linux) - sandbox:none - shard 1/1	success	2026-09-22T16:53:19Z	✓ qwen serve — child-crash recovery (real SIGKILL) > publishes session_died after the qwen --acp child is SIGKILL-ed  1851ms
106861940341	E2E Test (Linux) - sandbox:none - shard 1/1	success	2026-09-22T17:37:58Z	✓ qwen serve — child-crash recovery (real SIGKILL) > publishes session_died after the qwen --acp child is SIGKILL-ed  1863ms
106861940375	E2E Test - macOS - shard 1/2	success	2026-09-22T17:38:03Z	✓ qwen serve — child-crash recovery (real SIGKILL) > publishes session_died after the qwen --acp child is SIGKILL-ed  4447ms
106861940427	E2E Test - macOS - shard 2/2	failure	2026-09-22T17:38:03Z	<file not in this shard>
106979910638	E2E Test - macOS - shard 2/2	success	2026-09-22T23:26:55Z	<file not in this shard>
106979910709	E2E Test (Linux) - sandbox:none - shard 1/1	success	2026-09-22T23:26:52Z	✓ qwen serve — child-crash recovery (real SIGKILL) > publishes session_died after the qwen --acp child is SIGKILL-ed  1867ms
106979910729	E2E Test - macOS - shard 1/2	success	2026-09-22T23:26:55Z	✓ qwen serve — child-crash recovery (real SIGKILL) > publishes session_died after the qwen --acp child is SIGKILL-ed  3131ms
106989823402	E2E Test (Linux) - sandbox:none - shard 1/1	success	2026-09-23T00:07:08Z	✓ qwen serve — child-crash recovery (real SIGKILL) > publishes session_died after the qwen --acp child is SIGKILL-ed  1767ms
106989823411	E2E Test - macOS - shard 2/2	success	2026-09-23T00:07:12Z	<file not in this shard>
106989823662	E2E Test - macOS - shard 1/2	success	2026-09-23T00:07:13Z	✓ qwen serve — child-crash recovery (real SIGKILL) > publishes session_died after the qwen --acp child is SIGKILL-ed  9483ms
106999340017	E2E Test - macOS - shard 2/2	success	2026-09-23T00:48:12Z	<file not in this shard>
106999340044	E2E Test (Linux) - sandbox:none - shard 1/1	success	2026-09-23T00:48:07Z	✓ qwen serve — child-crash recovery (real SIGKILL) > publishes session_died after the qwen --acp child is SIGKILL-ed  1816ms
106999340112	E2E Test - macOS - shard 1/2	success	2026-09-23T00:48:11Z	✓ qwen serve — child-crash recovery (real SIGKILL) > publishes session_died after the qwen --acp child is SIGKILL-ed  4322ms
107008028684	E2E Test - macOS - shard 2/2	success	2026-09-23T01:27:59Z	<file not in this shard>
107008028764	E2E Test (Linux) - sandbox:none - shard 1/1	success	2026-09-23T01:27:43Z	✓ qwen serve — child-crash recovery (real SIGKILL) > publishes session_died after the qwen --acp child is SIGKILL-ed  1779ms
107008028767	E2E Test - macOS - shard 1/2	success	2026-09-23T01:27:48Z	✓ qwen serve — child-crash recovery (real SIGKILL) > publishes session_died after the qwen --acp child is SIGKILL-ed  5032ms
107018482317	E2E Test - macOS - shard 2/2	success	2026-09-23T02:17:42Z	<file not in this shard>
107018482322	E2E Test - macOS - shard 1/2	success	2026-09-23T02:17:43Z	✓ qwen serve — child-crash recovery (real SIGKILL) > publishes session_died after the qwen --acp child is SIGKILL-ed  3989ms
107018482346	E2E Test (Linux) - sandbox:none - shard 1/1	success	2026-09-23T02:17:39Z	✓ qwen serve — child-crash recovery (real SIGKILL) > publishes session_died after the qwen --acp child is SIGKILL-ed  1780ms
107027487886	E2E Test (Linux) - sandbox:none - shard 1/1	success	2026-09-23T03:01:41Z	✓ qwen serve — child-crash recovery (real SIGKILL) > publishes session_died after the qwen --acp child is SIGKILL-ed  1779ms
107027487895	E2E Test - macOS - shard 2/2	success	2026-09-23T03:01:46Z	<file not in this shard>
107027487978	E2E Test - macOS - shard 1/2	success	2026-09-23T03:01:47Z	✓ qwen serve — child-crash recovery (real SIGKILL) > publishes session_died after the qwen --acp child is SIGKILL-ed  6357ms
107036456952	E2E Test - macOS - shard 2/2	success	2026-09-23T03:46:16Z	<file not in this shard>
107036456970	E2E Test (Linux) - sandbox:none - shard 1/1	success	2026-09-23T03:46:11Z	✓ qwen serve — child-crash recovery (real SIGKILL) > publishes session_died after the qwen --acp child is SIGKILL-ed  1774ms
107036457062	E2E Test - macOS - shard 1/2	success	2026-09-23T03:46:17Z	✓ qwen serve — child-crash recovery (real SIGKILL) > publishes session_died after the qwen --acp child is SIGKILL-ed  3593ms
107047935437	E2E Test - macOS - shard 1/2	success	2026-09-23T04:42:53Z	✓ qwen serve — child-crash recovery (real SIGKILL) > publishes session_died after the qwen --acp child is SIGKILL-ed  3545ms
107047935464	E2E Test - macOS - shard 2/2	success	2026-09-23T04:42:54Z	<file not in this shard>
107047935469	E2E Test (Linux) - sandbox:none - shard 1/1	success	2026-09-23T04:42:49Z	✓ qwen serve — child-crash recovery (real SIGKILL) > publishes session_died after the qwen --acp child is SIGKILL-ed  1775ms
107056828040	E2E Test - macOS - shard 1/2	success	2026-09-23T05:26:15Z	✓ qwen serve — child-crash recovery (real SIGKILL) > publishes session_died after the qwen --acp child is SIGKILL-ed  5020ms
107056828042	E2E Test (Linux) - sandbox:none - shard 1/1	success	2026-09-23T05:26:12Z	✓ qwen serve — child-crash recovery (real SIGKILL) > publishes session_died after the qwen --acp child is SIGKILL-ed  1762ms
107056828068	E2E Test - macOS - shard 2/2	success	2026-09-23T05:26:17Z	<file not in this shard>
107076536484	E2E Test (Linux) - sandbox:none - shard 1/1	success	2026-09-23T06:52:52Z	✓ qwen serve — child-crash recovery (real SIGKILL) > publishes session_died after the qwen --acp child is SIGKILL-ed  1808ms
107076536507	E2E Test - macOS - shard 2/2	failure	2026-09-23T06:52:58Z	<file not in this shard>
107076536560	E2E Test - macOS - shard 1/2	success	2026-09-23T06:52:56Z	✓ qwen serve — child-crash recovery (real SIGKILL) > publishes session_died after the qwen --acp child is SIGKILL-ed  6303ms
107088410410	E2E Test - macOS - shard 2/2	success	2026-09-23T07:36:26Z	<file not in this shard>
107088410510	E2E Test - macOS - shard 1/2	success	2026-09-23T07:36:28Z	✓ qwen serve — child-crash recovery (real SIGKILL) > publishes session_died after the qwen --acp child is SIGKILL-ed  9269ms
107088410525	E2E Test (Linux) - sandbox:none - shard 1/1	success	2026-09-23T07:36:23Z	✓ qwen serve — child-crash recovery (real SIGKILL) > publishes session_died after the qwen --acp child is SIGKILL-ed  1755ms
107100836550	E2E Test (Linux) - sandbox:none - shard 1/1	success	2026-09-23T08:18:54Z	✓ qwen serve — child-crash recovery (real SIGKILL) > publishes session_died after the qwen --acp child is SIGKILL-ed  1846ms
107100836757	E2E Test - macOS - shard 2/2	success	2026-09-23T08:19:00Z	<file not in this shard>
107100836784	E2E Test - macOS - shard 1/2	success	2026-09-23T08:19:00Z	✓ qwen serve — child-crash recovery (real SIGKILL) > publishes session_died after the qwen --acp child is SIGKILL-ed  6929ms
107113135180	E2E Test - macOS - shard 2/2	success	2026-09-23T08:58:36Z	<file not in this shard>
107113135224	E2E Test - macOS - shard 1/2	success	2026-09-23T08:58:36Z	✓ qwen serve — child-crash recovery (real SIGKILL) > publishes session_died after the qwen --acp child is SIGKILL-ed  4657ms
107113135416	E2E Test (Linux) - sandbox:none - shard 1/1	success	2026-09-23T08:58:32Z	✓ qwen serve — child-crash recovery (real SIGKILL) > publishes session_died after the qwen --acp child is SIGKILL-ed  1875ms
107127912458	E2E Test - macOS - shard 2/2	success	2026-09-23T09:44:31Z	<file not in this shard>
107127912609	E2E Test (Linux) - sandbox:none - shard 1/1	success	2026-09-23T09:44:25Z	✓ qwen serve — child-crash recovery (real SIGKILL) > publishes session_died after the qwen --acp child is SIGKILL-ed  1810ms
107127912645	E2E Test - macOS - shard 1/2	success	2026-09-23T09:44:28Z	✓ qwen serve — child-crash recovery (real SIGKILL) > publishes session_died after the qwen --acp child is SIGKILL-ed  6421ms
107141342174	E2E Test - macOS - shard 1/2	success	2026-09-23T10:26:47Z	✓ qwen serve — child-crash recovery (real SIGKILL) > publishes session_died after the qwen --acp child is SIGKILL-ed  4989ms
107141342290	E2E Test - macOS - shard 2/2	success	2026-09-23T10:26:47Z	<file not in this shard>
107141342352	E2E Test (Linux) - sandbox:none - shard 1/1	success	2026-09-23T10:26:42Z	✓ qwen serve — child-crash recovery (real SIGKILL) > publishes session_died after the qwen --acp child is SIGKILL-ed  1764ms
107166127556	E2E Test (Linux) - sandbox:none - shard 1/1	success	2026-09-23T11:46:42Z	✓ qwen serve — child-crash recovery (real SIGKILL) > publishes session_died after the qwen --acp child is SIGKILL-ed  1807ms
107166127568	E2E Test - macOS - shard 1/2	success	2026-09-23T11:46:47Z	✓ qwen serve — child-crash recovery (real SIGKILL) > publishes session_died after the qwen --acp child is SIGKILL-ed  3581ms
107166127648	E2E Test - macOS - shard 2/2	success	2026-09-23T11:46:48Z	<file not in this shard>
107186616833	E2E Test (Linux) - sandbox:none - shard 1/1	success	2026-09-23T12:47:30Z	✓ qwen serve — child-crash recovery (real SIGKILL) > publishes session_died after the qwen --acp child is SIGKILL-ed  2003ms
107186616905	E2E Test - macOS - shard 1/2	success	2026-09-23T12:47:36Z	✓ qwen serve — child-crash recovery (real SIGKILL) > publishes session_died after the qwen --acp child is SIGKILL-ed  9060ms
107186616966	E2E Test - macOS - shard 2/2	success	2026-09-23T12:47:36Z	<file not in this shard>
107203576431	E2E Test - macOS - shard 1/2	success	2026-09-23T13:32:26Z	✓ qwen serve — child-crash recovery (real SIGKILL) > publishes session_died after the qwen --acp child is SIGKILL-ed  4711ms
107203576571	E2E Test (Linux) - sandbox:none - shard 1/1	success	2026-09-23T13:32:18Z	✓ qwen serve — child-crash recovery (real SIGKILL) > publishes session_died after the qwen --acp child is SIGKILL-ed  2122ms
107203576624	E2E Test - macOS - shard 2/2	success	2026-09-23T13:32:24Z	<file not in this shard>
107219790323	E2E Test - macOS - shard 1/2	success	2026-09-23T14:12:34Z	✓ qwen serve — child-crash recovery (real SIGKILL) > publishes session_died after the qwen --acp child is SIGKILL-ed  9030ms
107219790391	E2E Test (Linux) - sandbox:none - shard 1/1	success	2026-09-23T14:12:24Z	✓ qwen serve — child-crash recovery (real SIGKILL) > publishes session_died after the qwen --acp child is SIGKILL-ed  1802ms
107219790433	E2E Test - macOS - shard 2/2	success	2026-09-23T14:12:30Z	<file not in this shard>
107236711244	E2E Test - macOS - shard 2/2	success	2026-09-23T14:52:37Z	<file not in this shard>
107236711249	E2E Test - macOS - shard 1/2	success	2026-09-23T14:52:38Z	✓ qwen serve — child-crash recovery (real SIGKILL) > publishes session_died after the qwen --acp child is SIGKILL-ed  13400ms (retry x1)
107236711257	E2E Test (Linux) - sandbox:none - shard 1/1	success	2026-09-23T14:52:31Z	✓ qwen serve — child-crash recovery (real SIGKILL) > publishes session_died after the qwen --acp child is SIGKILL-ed  1785ms
107286285449	E2E Test - macOS - shard 2/2	success	2026-09-23T16:54:17Z	<file not in this shard>
107286285473	E2E Test - macOS - shard 1/2	success	2026-09-23T16:54:18Z	✓ qwen serve — child-crash recovery (real SIGKILL) > publishes session_died after the qwen --acp child is SIGKILL-ed  4275ms
107286285643	E2E Test (Linux) - sandbox:none - shard 1/1	success	2026-09-23T16:54:12Z	✓ qwen serve — child-crash recovery (real SIGKILL) > publishes session_died after the qwen --acp child is SIGKILL-ed  1816ms
107302056887	E2E Test - macOS - shard 2/2	success	2026-09-23T17:35:26Z	<file not in this shard>
107302056888	E2E Test - macOS - shard 1/2	success	2026-09-23T17:35:30Z	✓ qwen serve — child-crash recovery (real SIGKILL) > publishes session_died after the qwen --acp child is SIGKILL-ed  8606ms
107302056956	E2E Test (Linux) - sandbox:none - shard 1/1	success	2026-09-23T17:35:22Z	✓ qwen serve — child-crash recovery (real SIGKILL) > publishes session_died after the qwen --acp child is SIGKILL-ed  1856ms
107332262730	E2E Test - macOS - shard 2/2	success	2026-09-23T18:53:28Z	<file not in this shard>
107332262732	E2E Test (Linux) - sandbox:none - shard 1/1	success	2026-09-23T18:53:22Z	✓ qwen serve — child-crash recovery (real SIGKILL) > publishes session_died after the qwen --acp child is SIGKILL-ed  1775ms
107332262832	E2E Test - macOS - shard 1/2	success	2026-09-23T18:53:27Z	✓ qwen serve — child-crash recovery (real SIGKILL) > publishes session_died after the qwen --acp child is SIGKILL-ed  5164ms
107346969392	E2E Test (Linux) - sandbox:none - shard 1/1	success	2026-09-23T19:32:03Z	✓ qwen serve — child-crash recovery (real SIGKILL) > publishes session_died after the qwen --acp child is SIGKILL-ed  1805ms
107346969529	E2E Test - macOS - shard 1/2	success	2026-09-23T19:32:10Z	✓ qwen serve — child-crash recovery (real SIGKILL) > publishes session_died after the qwen --acp child is SIGKILL-ed  4742ms
107346969567	E2E Test - macOS - shard 2/2	success	2026-09-23T19:32:08Z	<file not in this shard>
107458459711	E2E Test (Linux) - sandbox:none - shard 1/1	success	2026-09-24T01:44:04Z	✓ qwen serve — child-crash recovery (real SIGKILL) > publishes session_died after the qwen --acp child is SIGKILL-ed  1784ms
107458459738	E2E Test - macOS - shard 2/2	success	2026-09-24T01:44:09Z	<file not in this shard>
107458459748	E2E Test - macOS - shard 1/2	success	2026-09-24T01:44:13Z	✓ qwen serve — child-crash recovery (real SIGKILL) > publishes session_died after the qwen --acp child is SIGKILL-ed  8906ms
107467254483	E2E Test - macOS - shard 1/2	success	2026-09-24T02:23:50Z	✓ qwen serve — child-crash recovery (real SIGKILL) > publishes session_died after the qwen --acp child is SIGKILL-ed  2170ms
107467254500	E2E Test (Linux) - sandbox:none - shard 1/1	success	2026-09-24T02:23:47Z	✓ qwen serve — child-crash recovery (real SIGKILL) > publishes session_died after the qwen --acp child is SIGKILL-ed  1778ms
107467254538	E2E Test - macOS - shard 2/2	success	2026-09-24T02:23:51Z	<file not in this shard>
107475942343	E2E Test - macOS - shard 2/2	success	2026-09-24T03:04:18Z	<file not in this shard>
107475942353	E2E Test (Linux) - sandbox:none - shard 1/1	success	2026-09-24T03:04:11Z	✓ qwen serve — child-crash recovery (real SIGKILL) > publishes session_died after the qwen --acp child is SIGKILL-ed  1951ms
107475942384	E2E Test - macOS - shard 1/2	success	2026-09-24T03:04:27Z	✓ qwen serve — child-crash recovery (real SIGKILL) > publishes session_died after the qwen --acp child is SIGKILL-ed  5942ms
107485285671	E2E Test (Linux) - sandbox:none - shard 1/1	success	2026-09-24T03:48:33Z	✓ qwen serve — child-crash recovery (real SIGKILL) > publishes session_died after the qwen --acp child is SIGKILL-ed  1818ms
107485285678	E2E Test - macOS - shard 1/2	success	2026-09-24T03:49:21Z	✓ qwen serve — child-crash recovery (real SIGKILL) > publishes session_died after the qwen --acp child is SIGKILL-ed  5522ms
107485285710	E2E Test - macOS - shard 2/2	success	2026-09-24T03:51:47Z	<file not in this shard>
107495204309	E2E Test - macOS - shard 1/2	success	2026-09-24T04:35:34Z	✓ qwen serve — child-crash recovery (real SIGKILL) > publishes session_died after the qwen --acp child is SIGKILL-ed  6397ms
107495204333	E2E Test - macOS - shard 2/2	success	2026-09-24T04:35:29Z	<file not in this shard>
107495204361	E2E Test (Linux) - sandbox:none - shard 1/1	success	2026-09-24T04:35:26Z	✓ qwen serve — child-crash recovery (real SIGKILL) > publishes session_died after the qwen --acp child is SIGKILL-ed  1801ms
107503258789	E2E Test - macOS - shard 2/2	success	2026-09-24T05:13:29Z	<file not in this shard>
107503258798	E2E Test (Linux) - sandbox:none - shard 1/1	success	2026-09-24T05:13:22Z	✓ qwen serve — child-crash recovery (real SIGKILL) > publishes session_died after the qwen --acp child is SIGKILL-ed  1783ms
107503258844	E2E Test - macOS - shard 1/2	success	2026-09-24T05:13:24Z	✓ qwen serve — child-crash recovery (real SIGKILL) > publishes session_died after the qwen --acp child is SIGKILL-ed  3751ms
107518124717	E2E Test - macOS - shard 2/2	success	2026-09-24T06:19:05Z	<file not in this shard>
107518124756	E2E Test - macOS - shard 1/2	success	2026-09-24T06:19:04Z	✓ qwen serve — child-crash recovery (real SIGKILL) > publishes session_died after the qwen --acp child is SIGKILL-ed  5995ms
107518124771	E2E Test (Linux) - sandbox:none - shard 1/1	success	2026-09-24T06:18:58Z	✓ qwen serve — child-crash recovery (real SIGKILL) > publishes session_died after the qwen --acp child is SIGKILL-ed  1789ms
107528272340	E2E Test - macOS - shard 1/2	success	2026-09-24T06:59:03Z	✓ qwen serve — child-crash recovery (real SIGKILL) > publishes session_died after the qwen --acp child is SIGKILL-ed  5612ms
107528272370	E2E Test - macOS - shard 2/2	success	2026-09-24T06:59:03Z	<file not in this shard>
107528272450	E2E Test (Linux) - sandbox:none - shard 1/1	success	2026-09-24T06:58:57Z	✓ qwen serve — child-crash recovery (real SIGKILL) > publishes session_died after the qwen --acp child is SIGKILL-ed  1827ms
107541180034	E2E Test - macOS - shard 2/2	success	2026-09-24T07:44:16Z	<file not in this shard>
107541180106	E2E Test (Linux) - sandbox:none - shard 1/1	success	2026-09-24T07:44:11Z	✓ qwen serve — child-crash recovery (real SIGKILL) > publishes session_died after the qwen --acp child is SIGKILL-ed  1823ms
107541180274	E2E Test - macOS - shard 1/2	success	2026-09-24T07:44:16Z	✓ qwen serve — child-crash recovery (real SIGKILL) > publishes session_died after the qwen --acp child is SIGKILL-ed  6054ms
107554287942	E2E Test (Linux) - sandbox:none - shard 1/1	success	2026-09-24T08:27:10Z	✓ qwen serve — child-crash recovery (real SIGKILL) > publishes session_died after the qwen --acp child is SIGKILL-ed  1795ms
107554288041	E2E Test - macOS - shard 1/2	success	2026-09-24T08:27:15Z	✓ qwen serve — child-crash recovery (real SIGKILL) > publishes session_died after the qwen --acp child is SIGKILL-ed  4898ms
107554288087	E2E Test - macOS - shard 2/2	success	2026-09-24T08:27:15Z	<file not in this shard>
107571736164	E2E Test (Linux) - sandbox:none - shard 1/1	success	2026-09-24T09:21:34Z	✓ qwen serve — child-crash recovery (real SIGKILL) > publishes session_died after the qwen --acp child is SIGKILL-ed  1789ms
107571736198	E2E Test - macOS - shard 1/2	success	2026-09-24T09:21:39Z	✓ qwen serve — child-crash recovery (real SIGKILL) > publishes session_died after the qwen --acp child is SIGKILL-ed  6069ms
107571736368	E2E Test - macOS - shard 2/2	success	2026-09-24T09:21:41Z	<file not in this shard>
107611334342	E2E Test - macOS - shard 1/2	success	2026-09-24T11:26:32Z	✓ qwen serve — child-crash recovery (real SIGKILL) > publishes session_died after the qwen --acp child is SIGKILL-ed  4172ms
107611334402	E2E Test - macOS - shard 2/2	success	2026-09-24T11:26:34Z	<file not in this shard>
107611334489	E2E Test (Linux) - sandbox:none - shard 1/1	success	2026-09-24T11:26:27Z	✓ qwen serve — child-crash recovery (real SIGKILL) > publishes session_died after the qwen --acp child is SIGKILL-ed  1806ms
107624577722	E2E Test (Linux) - sandbox:none - shard 1/1	success	2026-09-24T12:07:49Z	✓ qwen serve — child-crash recovery (real SIGKILL) > publishes session_died after the qwen --acp child is SIGKILL-ed  1804ms
107624577813	E2E Test - macOS - shard 1/2	success	2026-09-24T12:07:54Z	✓ qwen serve — child-crash recovery (real SIGKILL) > publishes session_died after the qwen --acp child is SIGKILL-ed  3997ms
107624577816	E2E Test - macOS - shard 2/2	success	2026-09-24T12:07:55Z	<file not in this shard>
107638903481	E2E Test - macOS - shard 1/2	success	2026-09-24T12:49:39Z	✓ qwen serve — child-crash recovery (real SIGKILL) > publishes session_died after the qwen --acp child is SIGKILL-ed  4615ms
107638903523	E2E Test - macOS - shard 2/2	success	2026-09-24T12:49:47Z	<file not in this shard>
107638903656	E2E Test (Linux) - sandbox:none - shard 1/1	success	2026-09-24T12:49:05Z	✓ qwen serve — child-crash recovery (real SIGKILL) > publishes session_died after the qwen --acp child is SIGKILL-ed  1774ms
107653995768	E2E Test - macOS - shard 1/2	success	2026-09-24T13:31:31Z	✓ qwen serve — child-crash recovery (real SIGKILL) > publishes session_died after the qwen --acp child is SIGKILL-ed  4411ms
107653995785	E2E Test - macOS - shard 2/2	success	2026-09-24T13:30:26Z	<file not in this shard>
107653995963	E2E Test (Linux) - sandbox:none - shard 1/1	success	2026-09-24T13:28:54Z	✓ qwen serve — child-crash recovery (real SIGKILL) > publishes session_died after the qwen --acp child is SIGKILL-ed  1804ms
107671509183	E2E Test - macOS - shard 2/2	success	2026-09-24T14:12:07Z	<file not in this shard>
107671509357	E2E Test - macOS - shard 1/2	success	2026-09-24T14:12:07Z	✓ qwen serve — child-crash recovery (real SIGKILL) > publishes session_died after the qwen --acp child is SIGKILL-ed  3573ms
107671509378	E2E Test (Linux) - sandbox:none - shard 1/1	success	2026-09-24T14:12:03Z	✓ qwen serve — child-crash recovery (real SIGKILL) > publishes session_died after the qwen --acp child is SIGKILL-ed  1829ms
107688582270	E2E Test - macOS - shard 1/2	success	2026-09-24T14:52:55Z	✓ qwen serve — child-crash recovery (real SIGKILL) > publishes session_died after the qwen --acp child is SIGKILL-ed  6185ms
107688582302	E2E Test (Linux) - sandbox:none - shard 1/1	success	2026-09-24T14:52:50Z	✓ qwen serve — child-crash recovery (real SIGKILL) > publishes session_died after the qwen --acp child is SIGKILL-ed  1848ms
107688582357	E2E Test - macOS - shard 2/2	success	2026-09-24T14:52:54Z	<file not in this shard>
107715929085	E2E Test (Linux) - sandbox:none - shard 1/1	success	2026-09-24T15:58:28Z	✓ qwen serve — child-crash recovery (real SIGKILL) > publishes session_died after the qwen --acp child is SIGKILL-ed  1860ms
107715929102	E2E Test - macOS - shard 1/2	success	2026-09-24T16:00:15Z	✓ qwen serve — child-crash recovery (real SIGKILL) > publishes session_died after the qwen --acp child is SIGKILL-ed  13179ms (retry x1)
107715929122	E2E Test - macOS - shard 2/2	success	2026-09-24T16:00:09Z	<file not in this shard>
107733972372	E2E Test (Linux) - sandbox:none - shard 1/1	success	2026-09-24T16:43:53Z	✓ qwen serve — child-crash recovery (real SIGKILL) > publishes session_died after the qwen --acp child is SIGKILL-ed  1797ms
107733972413	E2E Test - macOS - shard 1/2	success	2026-09-24T16:57:20Z	✓ qwen serve — child-crash recovery (real SIGKILL) > publishes session_died after the qwen --acp child is SIGKILL-ed  3976ms
107733972437	E2E Test - macOS - shard 2/2	success	2026-09-24T16:44:49Z	<file not in this shard>
107754659917	E2E Test (Linux) - sandbox:none - shard 1/1	success	2026-09-24T17:37:14Z	✓ qwen serve — child-crash recovery (real SIGKILL) > publishes session_died after the qwen --acp child is SIGKILL-ed  2013ms
107754659975	E2E Test - macOS - shard 2/2	success	2026-09-24T17:42:34Z	<file not in this shard>
107754660156	E2E Test - macOS - shard 1/2	success	2026-09-24T17:40:55Z	✓ qwen serve — child-crash recovery (real SIGKILL) > publishes session_died after the qwen --acp child is SIGKILL-ed  9934ms
107770480735	E2E Test - macOS - shard 1/2	success	2026-09-24T18:18:26Z	✓ qwen serve — child-crash recovery (real SIGKILL) > publishes session_died after the qwen --acp child is SIGKILL-ed  4374ms
107770480794	E2E Test (Linux) - sandbox:none - shard 1/1	success	2026-09-24T18:18:20Z	✓ qwen serve — child-crash recovery (real SIGKILL) > publishes session_died after the qwen --acp child is SIGKILL-ed  1795ms
107770480916	E2E Test - macOS - shard 2/2	success	2026-09-24T18:18:26Z	<file not in this shard>
107785970132	E2E Test - macOS - shard 2/2	success	2026-09-24T18:58:19Z	<file not in this shard>
107785970153	E2E Test - macOS - shard 1/2	success	2026-09-24T18:58:23Z	✓ qwen serve — child-crash recovery (real SIGKILL) > publishes session_died after the qwen --acp child is SIGKILL-ed  6144ms
107785970178	E2E Test (Linux) - sandbox:none - shard 1/1	success	2026-09-24T18:58:17Z	✓ qwen serve — child-crash recovery (real SIGKILL) > publishes session_died after the qwen --acp child is SIGKILL-ed  1824ms
107897769618	E2E Test - macOS - shard 1/2	success	2026-09-25T00:51:06Z	✓ qwen serve — child-crash recovery (real SIGKILL) > publishes session_died after the qwen --acp child is SIGKILL-ed  4748ms
107897769632	E2E Test - macOS - shard 2/2	success	2026-09-25T00:51:09Z	<file not in this shard>
107897769647	E2E Test (Linux) - sandbox:none - shard 1/1	success	2026-09-25T00:51:04Z	✓ qwen serve — child-crash recovery (real SIGKILL) > publishes session_died after the qwen --acp child is SIGKILL-ed  1862ms
107907113427	E2E Test - macOS - shard 2/2	success	2026-09-25T01:32:21Z	<file not in this shard>
107907113509	E2E Test (Linux) - sandbox:none - shard 1/1	success	2026-09-25T01:32:17Z	✓ qwen serve — child-crash recovery (real SIGKILL) > publishes session_died after the qwen --acp child is SIGKILL-ed  1901ms
107907113517	E2E Test - macOS - shard 1/2	success	2026-09-25T01:32:21Z	✓ qwen serve — child-crash recovery (real SIGKILL) > publishes session_died after the qwen --acp child is SIGKILL-ed  4053ms
107930163684	E2E Test - macOS - shard 1/2	success	2026-09-25T03:20:57Z	✓ qwen serve — child-crash recovery (real SIGKILL) > publishes session_died after the qwen --acp child is SIGKILL-ed  3602ms
107930163696	E2E Test - macOS - shard 2/2	success	2026-09-25T03:20:57Z	<file not in this shard>
107930163823	E2E Test (Linux) - sandbox:none - shard 1/1	success	2026-09-25T03:20:52Z	✓ qwen serve — child-crash recovery (real SIGKILL) > publishes session_died after the qwen --acp child is SIGKILL-ed  1771ms
107940552807	E2E Test - macOS - shard 1/2	success	2026-09-25T04:11:55Z	✓ qwen serve — child-crash recovery (real SIGKILL) > publishes session_died after the qwen --acp child is SIGKILL-ed  2787ms
107940552827	E2E Test (Linux) - sandbox:none - shard 1/1	success	2026-09-25T04:11:47Z	✓ qwen serve — child-crash recovery (real SIGKILL) > publishes session_died after the qwen --acp child is SIGKILL-ed  1911ms
107940552838	E2E Test - macOS - shard 2/2	success	2026-09-25T04:12:34Z	<file not in this shard>
107949727560	E2E Test - macOS - shard 1/2	success	2026-09-25T04:56:44Z	✓ qwen serve — child-crash recovery (real SIGKILL) > publishes session_died after the qwen --acp child is SIGKILL-ed  3707ms
107949727584	E2E Test - macOS - shard 2/2	success	2026-09-25T04:56:46Z	<file not in this shard>
107949727587	E2E Test (Linux) - sandbox:none - shard 1/1	success	2026-09-25T04:56:39Z	✓ qwen serve — child-crash recovery (real SIGKILL) > publishes session_died after the qwen --acp child is SIGKILL-ed  1778ms
107958837462	E2E Test (Linux) - sandbox:none - shard 1/1	success	2026-09-25T05:40:11Z	✓ qwen serve — child-crash recovery (real SIGKILL) > publishes session_died after the qwen --acp child is SIGKILL-ed  1842ms
107958837463	E2E Test - macOS - shard 1/2	success	2026-09-25T05:40:16Z	✓ qwen serve — child-crash recovery (real SIGKILL) > publishes session_died after the qwen --acp child is SIGKILL-ed  5830ms
107958837519	E2E Test - macOS - shard 2/2	success	2026-09-25T05:40:18Z	<file not in this shard>
107967076256	E2E Test - macOS - shard 1/2	success	2026-09-25T06:18:24Z	✓ qwen serve — child-crash recovery (real SIGKILL) > publishes session_died after the qwen --acp child is SIGKILL-ed  13734ms (retry x1)
107967076309	E2E Test - macOS - shard 2/2	success	2026-09-25T06:18:24Z	<file not in this shard>
107967076329	E2E Test (Linux) - sandbox:none - shard 1/1	success	2026-09-25T06:18:18Z	✓ qwen serve — child-crash recovery (real SIGKILL) > publishes session_died after the qwen --acp child is SIGKILL-ed  1837ms
107975948150	E2E Test (Linux) - sandbox:none - shard 1/1	success	2026-09-25T06:56:20Z	✓ qwen serve — child-crash recovery (real SIGKILL) > publishes session_died after the qwen --acp child is SIGKILL-ed  1852ms
107975948206	E2E Test - macOS - shard 1/2	success	2026-09-25T06:56:27Z	✓ qwen serve — child-crash recovery (real SIGKILL) > publishes session_died after the qwen --acp child is SIGKILL-ed  4531ms
107975948240	E2E Test - macOS - shard 2/2	success	2026-09-25T06:56:25Z	<file not in this shard>
107990217575	E2E Test - macOS - shard 1/2	success	2026-09-25T07:50:49Z	✓ qwen serve — child-crash recovery (real SIGKILL) > publishes session_died after the qwen --acp child is SIGKILL-ed  4794ms
107990217601	E2E Test (Linux) - sandbox:none - shard 1/1	success	2026-09-25T07:50:44Z	✓ qwen serve — child-crash recovery (real SIGKILL) > publishes session_died after the qwen --acp child is SIGKILL-ed  1871ms
107990217617	E2E Test - macOS - shard 2/2	success	2026-09-25T07:50:48Z	<file not in this shard>
108021243470	E2E Test - macOS - shard 1/2	success	2026-09-25T09:37:26Z	✓ qwen serve — child-crash recovery (real SIGKILL) > publishes session_died after the qwen --acp child is SIGKILL-ed  5192ms
108021243541	E2E Test - macOS - shard 2/2	success	2026-09-25T09:37:25Z	<file not in this shard>
108021243660	E2E Test (Linux) - sandbox:none - shard 1/1	success	2026-09-25T09:37:20Z	✓ qwen serve — child-crash recovery (real SIGKILL) > publishes session_died after the qwen --acp child is SIGKILL-ed  1779ms
108035024701	E2E Test - macOS - shard 2/2	success	2026-09-25T10:27:20Z	<file not in this shard>
108035024749	E2E Test - macOS - shard 1/2	success	2026-09-25T10:27:38Z	✓ qwen serve — child-crash recovery (real SIGKILL) > publishes session_died after the qwen --acp child is SIGKILL-ed  3278ms
108035024901	E2E Test (Linux) - sandbox:none - shard 1/1	success	2026-09-25T10:23:55Z	✓ qwen serve — child-crash recovery (real SIGKILL) > publishes session_died after the qwen --acp child is SIGKILL-ed  1816ms
108047123305	E2E Test - macOS - shard 1/2	success	2026-09-25T11:06:35Z	✓ qwen serve — child-crash recovery (real SIGKILL) > publishes session_died after the qwen --acp child is SIGKILL-ed  17083ms (retry x1)
108047123398	E2E Test (Linux) - sandbox:none - shard 1/1	success	2026-09-25T11:06:25Z	✓ qwen serve — child-crash recovery (real SIGKILL) > publishes session_died after the qwen --acp child is SIGKILL-ed  1826ms
108047123406	E2E Test - macOS - shard 2/2	success	2026-09-25T11:06:30Z	<file not in this shard>
108058562124	E2E Test (Linux) - sandbox:none - shard 1/1	success	2026-09-25T11:46:04Z	✓ qwen serve — child-crash recovery (real SIGKILL) > publishes session_died after the qwen --acp child is SIGKILL-ed  1351ms
108058562136	E2E Test - macOS - shard 1/2	success	2026-09-25T11:46:45Z	✓ qwen serve — child-crash recovery (real SIGKILL) > publishes session_died after the qwen --acp child is SIGKILL-ed  8307ms
108058562171	E2E Test - macOS - shard 2/2	success	2026-09-25T11:46:35Z	<file not in this shard>
108077013838	E2E Test - macOS - shard 1/2	success	2026-09-25T12:47:45Z	✓ qwen serve — child-crash recovery (real SIGKILL) > publishes session_died after the qwen --acp child is SIGKILL-ed  4545ms
108077013861	E2E Test (Linux) - sandbox:none - shard 1/1	success	2026-09-25T12:46:43Z	✓ qwen serve — child-crash recovery (real SIGKILL) > publishes session_died after the qwen --acp child is SIGKILL-ed  1314ms
108077013966	E2E Test - macOS - shard 2/2	success	2026-09-25T12:49:40Z	<file not in this shard>
108090318250	E2E Test - macOS - shard 2/2	success	2026-09-25T13:27:17Z	<file not in this shard>
108090318318	E2E Test (Linux) - sandbox:none - shard 1/1	success	2026-09-25T13:26:17Z	✓ qwen serve — child-crash recovery (real SIGKILL) > publishes session_died after the qwen --acp child is SIGKILL-ed  1413ms
108090318393	E2E Test - macOS - shard 1/2	success	2026-09-25T13:28:05Z	✓ qwen serve — child-crash recovery (real SIGKILL) > publishes session_died after the qwen --acp child is SIGKILL-ed  3492ms
108104905754	E2E Test - macOS - shard 1/2	success	2026-09-25T14:07:02Z	✓ qwen serve — child-crash recovery (real SIGKILL) > publishes session_died after the qwen --acp child is SIGKILL-ed  4986ms
108104905790	E2E Test (Linux) - sandbox:none - shard 1/1	success	2026-09-25T14:06:57Z	✓ qwen serve — child-crash recovery (real SIGKILL) > publishes session_died after the qwen --acp child is SIGKILL-ed  1314ms
108104905944	E2E Test - macOS - shard 2/2	success	2026-09-25T14:07:01Z	<file not in this shard>
108134979932	E2E Test - macOS - shard 1/2	success	2026-09-25T15:27:44Z	✓ qwen serve — child-crash recovery (real SIGKILL) > publishes session_died after the qwen --acp child is SIGKILL-ed  2660ms
108134980042	E2E Test - macOS - shard 2/2	success	2026-09-25T15:27:46Z	<file not in this shard>
108134980200	E2E Test (Linux) - sandbox:none - shard 1/1	success	2026-09-25T15:27:40Z	✓ qwen serve — child-crash recovery (real SIGKILL) > publishes session_died after the qwen --acp child is SIGKILL-ed  1285ms
108150844637	E2E Test (Linux) - sandbox:none - shard 1/1	success	2026-09-25T16:10:48Z	✓ qwen serve — child-crash recovery (real SIGKILL) > publishes session_died after the qwen --acp child is SIGKILL-ed  1308ms
108150844801	E2E Test - macOS - shard 1/2	success	2026-09-25T16:10:54Z	✓ qwen serve — child-crash recovery (real SIGKILL) > publishes session_died after the qwen --acp child is SIGKILL-ed  5743ms
108150844894	E2E Test - macOS - shard 2/2	success	2026-09-25T16:10:54Z	<file not in this shard>
108165330190	E2E Test (Linux) - sandbox:none - shard 1/1	success	2026-09-25T16:51:40Z	✓ qwen serve — child-crash recovery (real SIGKILL) > publishes session_died after the qwen --acp child is SIGKILL-ed  1608ms
108165330199	E2E Test - macOS - shard 1/2	success	2026-09-25T16:51:46Z	✓ qwen serve — child-crash recovery (real SIGKILL) > publishes session_died after the qwen --acp child is SIGKILL-ed  13213ms (retry x1)
108165330227	E2E Test - macOS - shard 2/2	success	2026-09-25T16:51:42Z	<file not in this shard>
108180807553	E2E Test - macOS - shard 1/2	success	2026-09-25T17:36:06Z	✓ qwen serve — child-crash recovery (real SIGKILL) > publishes session_died after the qwen --acp child is SIGKILL-ed  3263ms
108180807564	E2E Test (Linux) - sandbox:none - shard 1/1	success	2026-09-25T17:36:02Z	✓ qwen serve — child-crash recovery (real SIGKILL) > publishes session_died after the qwen --acp child is SIGKILL-ed  1318ms
108180807665	E2E Test - macOS - shard 2/2	success	2026-09-25T17:36:08Z	<file not in this shard>
108194948047	E2E Test (Linux) - sandbox:none - shard 1/1	success	2026-09-25T18:17:07Z	✓ qwen serve — child-crash recovery (real SIGKILL) > publishes session_died after the qwen --acp child is SIGKILL-ed  1362ms
108194948048	E2E Test - macOS - shard 1/2	success	2026-09-25T18:17:10Z	✓ qwen serve — child-crash recovery (real SIGKILL) > publishes session_died after the qwen --acp child is SIGKILL-ed  2791ms
108194948120	E2E Test - macOS - shard 2/2	success	2026-09-25T18:17:13Z	<file not in this shard>
108208675928	E2E Test (Linux) - sandbox:none - shard 1/1	success	2026-09-25T18:56:52Z	✓ qwen serve — child-crash recovery (real SIGKILL) > publishes session_died after the qwen --acp child is SIGKILL-ed  1335ms
108208676009	E2E Test - macOS - shard 2/2	success	2026-09-25T18:56:57Z	<file not in this shard>
108208676083	E2E Test - macOS - shard 1/2	success	2026-09-25T18:56:57Z	✓ qwen serve — child-crash recovery (real SIGKILL) > publishes session_died after the qwen --acp child is SIGKILL-ed  4264ms
108282255807	E2E Test - macOS - shard 1/2	success	2026-09-25T23:01:36Z	✓ qwen serve — child-crash recovery (real SIGKILL) > publishes session_died after the qwen --acp child is SIGKILL-ed  4348ms
108282255851	E2E Test (Linux) - sandbox:none - shard 1/1	success	2026-09-25T23:01:29Z	✓ qwen serve — child-crash recovery (real SIGKILL) > publishes session_died after the qwen --acp child is SIGKILL-ed  1323ms
108282255959	E2E Test - macOS - shard 2/2	success	2026-09-25T23:01:35Z	<file not in this shard>
108300133696	E2E Test - macOS - shard 1/2	success	2026-09-26T00:32:05Z	✓ qwen serve — child-crash recovery (real SIGKILL) > publishes session_died after the qwen --acp child is SIGKILL-ed  4888ms
108300133705	E2E Test (Linux) - sandbox:none - shard 1/1	success	2026-09-26T00:32:01Z	✓ qwen serve — child-crash recovery (real SIGKILL) > publishes session_died after the qwen --acp child is SIGKILL-ed  1303ms
108300133717	E2E Test - macOS - shard 2/2	success	2026-09-26T00:32:05Z	<file not in this shard>
108308427162	E2E Test (Linux) - sandbox:none - shard 1/1	success	2026-09-26T01:18:23Z	✓ qwen serve — child-crash recovery (real SIGKILL) > publishes session_died after the qwen --acp child is SIGKILL-ed  1296ms
108308427184	E2E Test - macOS - shard 2/2	success	2026-09-26T01:18:27Z	<file not in this shard>
108308427251	E2E Test - macOS - shard 1/2	success	2026-09-26T01:18:27Z	✓ qwen serve — child-crash recovery (real SIGKILL) > publishes session_died after the qwen --acp child is SIGKILL-ed  2408ms
108329927053	E2E Test - macOS - shard 2/2	success	2026-09-26T03:35:49Z	<file not in this shard>
108329927058	E2E Test - macOS - shard 1/2	success	2026-09-26T03:35:48Z	✓ qwen serve — child-crash recovery (real SIGKILL) > publishes session_died after the qwen --acp child is SIGKILL-ed  3630ms
108329927121	E2E Test (Linux) - sandbox:none - shard 1/1	success	2026-09-26T03:35:43Z	✓ qwen serve — child-crash recovery (real SIGKILL) > publishes session_died after the qwen --acp child is SIGKILL-ed  1305ms
108335878610	E2E Test (Linux) - sandbox:none - shard 1/1	success	2026-09-26T04:16:57Z	✓ qwen serve — child-crash recovery (real SIGKILL) > publishes session_died after the qwen --acp child is SIGKILL-ed  1331ms
108335878642	E2E Test - macOS - shard 1/2	success	2026-09-26T04:17:05Z	✓ qwen serve — child-crash recovery (real SIGKILL) > publishes session_died after the qwen --acp child is SIGKILL-ed  4326ms
108335878662	E2E Test - macOS - shard 2/2	success	2026-09-26T04:17:04Z	<file not in this shard>
108344882161	E2E Test (Linux) - sandbox:none - shard 1/1	success	2026-09-26T05:21:33Z	✓ qwen serve — child-crash recovery (real SIGKILL) > publishes session_died after the qwen --acp child is SIGKILL-ed  1440ms
108344882208	E2E Test - macOS - shard 1/2	success	2026-09-26T05:21:37Z	✓ qwen serve — child-crash recovery (real SIGKILL) > publishes session_died after the qwen --acp child is SIGKILL-ed  6142ms
108344882226	E2E Test - macOS - shard 2/2	success	2026-09-26T05:21:38Z	<file not in this shard>
108350467875	E2E Test (Linux) - sandbox:none - shard 1/1	success	2026-09-26T06:02:55Z	✓ qwen serve — child-crash recovery (real SIGKILL) > publishes session_died after the qwen --acp child is SIGKILL-ed  1332ms
108350467906	E2E Test - macOS - shard 1/2	success	2026-09-26T06:03:08Z	✓ qwen serve — child-crash recovery (real SIGKILL) > publishes session_died after the qwen --acp child is SIGKILL-ed  3565ms
108350467924	E2E Test - macOS - shard 2/2	success	2026-09-26T06:03:00Z	<file not in this shard>
108355861302	E2E Test (Linux) - sandbox:none - shard 1/1	success	2026-09-26T06:41:54Z	✓ qwen serve — child-crash recovery (real SIGKILL) > publishes session_died after the qwen --acp child is SIGKILL-ed  1331ms
108355861321	E2E Test - macOS - shard 2/2	success	2026-09-26T06:41:58Z	<file not in this shard>
108355861360	E2E Test - macOS - shard 1/2	success	2026-09-26T06:42:00Z	✓ qwen serve — child-crash recovery (real SIGKILL) > publishes session_died after the qwen --acp child is SIGKILL-ed  4627ms
108362005574	E2E Test - macOS - shard 2/2	success	2026-09-26T07:25:47Z	<file not in this shard>
108362005576	E2E Test - macOS - shard 1/2	success	2026-09-26T07:27:44Z	✓ qwen serve — child-crash recovery (real SIGKILL) > publishes session_died after the qwen --acp child is SIGKILL-ed  3362ms
108362005587	E2E Test (Linux) - sandbox:none - shard 1/1	success	2026-09-26T07:24:52Z	✓ qwen serve — child-crash recovery (real SIGKILL) > publishes session_died after the qwen --acp child is SIGKILL-ed  1484ms
108368274843	E2E Test (Linux) - sandbox:none - shard 1/1	success	2026-09-26T08:09:54Z	✓ qwen serve — child-crash recovery (real SIGKILL) > publishes session_died after the qwen --acp child is SIGKILL-ed  1348ms
108368274886	E2E Test - macOS - shard 2/2	success	2026-09-26T08:09:57Z	<file not in this shard>
108368274923	E2E Test - macOS - shard 1/2	success	2026-09-26T08:09:59Z	✓ qwen serve — child-crash recovery (real SIGKILL) > publishes session_died after the qwen --acp child is SIGKILL-ed  6205ms
108374128023	E2E Test - macOS - shard 2/2	success	2026-09-26T08:51:45Z	<file not in this shard>
108374128027	E2E Test - macOS - shard 1/2	success	2026-09-26T08:51:44Z	✓ qwen serve — child-crash recovery (real SIGKILL) > publishes session_died after the qwen --acp child is SIGKILL-ed  4533ms
108374128069	E2E Test (Linux) - sandbox:none - shard 1/1	success	2026-09-26T08:51:39Z	✓ qwen serve — child-crash recovery (real SIGKILL) > publishes session_died after the qwen --acp child is SIGKILL-ed  1483ms
108380198729	E2E Test (Linux) - sandbox:none - shard 1/1	success	2026-09-26T09:35:16Z	✓ qwen serve — child-crash recovery (real SIGKILL) > publishes session_died after the qwen --acp child is SIGKILL-ed  1401ms
108380198762	E2E Test - macOS - shard 2/2	success	2026-09-26T09:35:46Z	<file not in this shard>
108380198791	E2E Test - macOS - shard 1/2	success	2026-09-26T09:39:05Z	✓ qwen serve — child-crash recovery (real SIGKILL) > publishes session_died after the qwen --acp child is SIGKILL-ed  4766ms
108387489271	E2E Test (Linux) - sandbox:none - shard 1/1	success	2026-09-26T10:28:49Z	✓ qwen serve — child-crash recovery (real SIGKILL) > publishes session_died after the qwen --acp child is SIGKILL-ed  1333ms
108387489292	E2E Test - macOS - shard 1/2	success	2026-09-26T10:29:54Z	✓ qwen serve — child-crash recovery (real SIGKILL) > publishes session_died after the qwen --acp child is SIGKILL-ed  4552ms
108387489293	E2E Test - macOS - shard 2/2	success	2026-09-26T10:30:36Z	<file not in this shard>
108402617067	E2E Test (Linux) - sandbox:none - shard 1/1	failure	2026-09-26T12:17:32Z	✓ qwen serve — child-crash recovery (real SIGKILL) > publishes session_died after the qwen --acp child is SIGKILL-ed  1416ms
108402617073	E2E Test - macOS - shard 1/2	success	2026-09-26T12:17:39Z	✓ qwen serve — child-crash recovery (real SIGKILL) > publishes session_died after the qwen --acp child is SIGKILL-ed  14397ms (retry x1)
108402617105	E2E Test - macOS - shard 2/2	success	2026-09-26T12:17:37Z	<file not in this shard>
108408581022	E2E Test (Linux) - sandbox:none - shard 1/1	success	2026-09-26T12:58:16Z	✓ qwen serve — child-crash recovery (real SIGKILL) > publishes session_died after the qwen --acp child is SIGKILL-ed  1407ms
108408581025	E2E Test - macOS - shard 1/2	success	2026-09-26T12:58:21Z	✓ qwen serve — child-crash recovery (real SIGKILL) > publishes session_died after the qwen --acp child is SIGKILL-ed  19242ms (retry x2)
108408581030	E2E Test - macOS - shard 2/2	success	2026-09-26T12:58:20Z	<file not in this shard>
108414773866	E2E Test - macOS - shard 2/2	success	2026-09-26T13:38:45Z	<file not in this shard>
108414773940	E2E Test - macOS - shard 1/2	success	2026-09-26T13:38:43Z	✓ qwen serve — child-crash recovery (real SIGKILL) > publishes session_died after the qwen --acp child is SIGKILL-ed  3322ms
108414773980	E2E Test (Linux) - sandbox:none - shard 1/1	success	2026-09-26T13:38:40Z	✓ qwen serve — child-crash recovery (real SIGKILL) > publishes session_died after the qwen --acp child is SIGKILL-ed  1408ms
108421905217	E2E Test - macOS - shard 1/2	success	2026-09-26T14:25:38Z	✓ qwen serve — child-crash recovery (real SIGKILL) > publishes session_died after the qwen --acp child is SIGKILL-ed  4639ms
108421905218	E2E Test (Linux) - sandbox:none - shard 1/1	failure	2026-09-26T14:25:34Z	✓ qwen serve — child-crash recovery (real SIGKILL) > publishes session_died after the qwen --acp child is SIGKILL-ed  1382ms
108421905243	E2E Test - macOS - shard 2/2	success	2026-09-26T14:25:39Z	<file not in this shard>
108428542483	E2E Test - macOS - shard 2/2	success	2026-09-26T15:08:46Z	<file not in this shard>
108428542524	E2E Test - macOS - shard 1/2	success	2026-09-26T15:08:53Z	✓ qwen serve — child-crash recovery (real SIGKILL) > publishes session_died after the qwen --acp child is SIGKILL-ed  3826ms
108428542588	E2E Test (Linux) - sandbox:none - shard 1/1	success	2026-09-26T15:08:17Z	✓ qwen serve — child-crash recovery (real SIGKILL) > publishes session_died after the qwen --acp child is SIGKILL-ed  1378ms
108434422621	E2E Test - macOS - shard 2/2	success	2026-09-26T15:44:52Z	<file not in this shard>
108434422651	E2E Test - macOS - shard 1/2	success	2026-09-26T15:44:49Z	✓ qwen serve — child-crash recovery (real SIGKILL) > publishes session_died after the qwen --acp child is SIGKILL-ed  2909ms
108434422669	E2E Test (Linux) - sandbox:none - shard 1/1	success	2026-09-26T15:44:45Z	✓ qwen serve — child-crash recovery (real SIGKILL) > publishes session_died after the qwen --acp child is SIGKILL-ed  1377ms
108441029155	E2E Test - macOS - shard 2/2	success	2026-09-26T16:27:23Z	<file not in this shard>
108441029167	E2E Test - macOS - shard 1/2	success	2026-09-26T16:26:11Z	✓ qwen serve — child-crash recovery (real SIGKILL) > publishes session_died after the qwen --acp child is SIGKILL-ed  3952ms
108441029313	E2E Test (Linux) - sandbox:none - shard 1/1	success	2026-09-26T16:25:05Z	✓ qwen serve — child-crash recovery (real SIGKILL) > publishes session_died after the qwen --acp child is SIGKILL-ed  1433ms
108450056098	E2E Test - macOS - shard 1/2	success	2026-09-26T17:20:21Z	✓ qwen serve — child-crash recovery (real SIGKILL) > publishes session_died after the qwen --acp child is SIGKILL-ed  2923ms
108450056114	E2E Test (Linux) - sandbox:none - shard 1/1	success	2026-09-26T17:19:41Z	✓ qwen serve — child-crash recovery (real SIGKILL) > publishes session_died after the qwen --acp child is SIGKILL-ed  1347ms
108450056115	E2E Test - macOS - shard 2/2	success	2026-09-26T17:21:33Z	<file not in this shard>
108458915158	E2E Test - macOS - shard 2/2	success	2026-09-26T18:13:56Z	<file not in this shard>
108458915163	E2E Test (Linux) - sandbox:none - shard 1/1	success	2026-09-26T18:13:50Z	✓ qwen serve — child-crash recovery (real SIGKILL) > publishes session_died after the qwen --acp child is SIGKILL-ed  1460ms
108458915178	E2E Test - macOS - shard 1/2	success	2026-09-26T18:13:56Z	✓ qwen serve — child-crash recovery (real SIGKILL) > publishes session_died after the qwen --acp child is SIGKILL-ed  7431ms
108468801632	E2E Test - macOS - shard 1/2	success	2026-09-26T19:14:10Z	✓ qwen serve — child-crash recovery (real SIGKILL) > publishes session_died after the qwen --acp child is SIGKILL-ed  2853ms
108468801694	E2E Test - macOS - shard 2/2	success	2026-09-26T19:14:15Z	<file not in this shard>
108498228731	E2E Test (Linux) - sandbox:none - shard 1/1	success	2026-09-26T22:18:01Z	✓ qwen serve — child-crash recovery (real SIGKILL) > publishes session_died after the qwen --acp child is SIGKILL-ed  1326ms
108498228732	E2E Test - macOS - shard 1/2	success	2026-09-26T22:18:08Z	✓ qwen serve — child-crash recovery (real SIGKILL) > publishes session_died after the qwen --acp child is SIGKILL-ed  3900ms
108498228766	E2E Test - macOS - shard 2/2	success	2026-09-26T22:18:07Z	<file not in this shard>
108507447959	E2E Test - macOS - shard 2/2	success	2026-09-26T23:20:24Z	<file not in this shard>
108507447978	E2E Test (Linux) - sandbox:none - shard 1/1	success	2026-09-26T23:20:18Z	✓ qwen serve — child-crash recovery (real SIGKILL) > publishes session_died after the qwen --acp child is SIGKILL-ed  1329ms
108507447990	E2E Test - macOS - shard 1/2	success	2026-09-26T23:20:22Z	✓ qwen serve — child-crash recovery (real SIGKILL) > publishes session_died after the qwen --acp child is SIGKILL-ed  4143ms
108515932605	E2E Test (Linux) - sandbox:none - shard 1/1	success	2026-09-27T00:19:38Z	✓ qwen serve — child-crash recovery (real SIGKILL) > publishes session_died after the qwen --acp child is SIGKILL-ed  1574ms
108515932655	E2E Test - macOS - shard 1/2	success	2026-09-27T00:19:42Z	✓ qwen serve — child-crash recovery (real SIGKILL) > publishes session_died after the qwen --acp child is SIGKILL-ed  7551ms
108515932677	E2E Test - macOS - shard 2/2	success	2026-09-27T00:20:02Z	<file not in this shard>
108527140575	E2E Test - macOS - shard 2/2	success	2026-09-27T01:49:59Z	<file not in this shard>
108527140609	E2E Test (Linux) - sandbox:none - shard 1/1	success	2026-09-27T01:38:12Z	✓ qwen serve — child-crash recovery (real SIGKILL) > publishes session_died after the qwen --acp child is SIGKILL-ed  1351ms
108527140637	E2E Test - macOS - shard 1/2	success	2026-09-27T01:52:27Z	✓ qwen serve — child-crash recovery (real SIGKILL) > publishes session_died after the qwen --acp child is SIGKILL-ed  5288ms
108534981989	E2E Test - macOS - shard 1/2	success	2026-09-27T02:38:12Z	✓ qwen serve — child-crash recovery (real SIGKILL) > publishes session_died after the qwen --acp child is SIGKILL-ed  4313ms
108534981996	E2E Test - macOS - shard 2/2	success	2026-09-27T02:38:57Z	<file not in this shard>
108534982001	E2E Test (Linux) - sandbox:none - shard 1/1	success	2026-09-27T02:34:23Z	✓ qwen serve — child-crash recovery (real SIGKILL) > publishes session_died after the qwen --acp child is SIGKILL-ed  1292ms
108541644653	E2E Test - macOS - shard 2/2	success	2026-09-27T03:23:25Z	<file not in this shard>
108541644664	E2E Test (Linux) - sandbox:none - shard 1/1	success	2026-09-27T03:23:17Z	✓ qwen serve — child-crash recovery (real SIGKILL) > publishes session_died after the qwen --acp child is SIGKILL-ed  1333ms
108541644772	E2E Test - macOS - shard 1/2	success	2026-09-27T03:23:23Z	✓ qwen serve — child-crash recovery (real SIGKILL) > publishes session_died after the qwen --acp child is SIGKILL-ed  3282ms
108547505383	E2E Test (Linux) - sandbox:none - shard 1/1	success	2026-09-27T04:06:39Z	✓ qwen serve — child-crash recovery (real SIGKILL) > publishes session_died after the qwen --acp child is SIGKILL-ed  1360ms
108547505387	E2E Test - macOS - shard 1/2	success	2026-09-27T04:06:44Z	✓ qwen serve — child-crash recovery (real SIGKILL) > publishes session_died after the qwen --acp child is SIGKILL-ed  4630ms
108547505416	E2E Test - macOS - shard 2/2	success	2026-09-27T04:06:43Z	<file not in this shard>
108554055364	E2E Test - macOS - shard 1/2	success	2026-09-27T04:55:41Z	✓ qwen serve — child-crash recovery (real SIGKILL) > publishes session_died after the qwen --acp child is SIGKILL-ed  3947ms
108554055369	E2E Test (Linux) - sandbox:none - shard 1/1	success	2026-09-27T04:55:35Z	✓ qwen serve — child-crash recovery (real SIGKILL) > publishes session_died after the qwen --acp child is SIGKILL-ed  1374ms
108554055371	E2E Test - macOS - shard 2/2	success	2026-09-27T04:55:41Z	<file not in this shard>
108558863306	E2E Test - macOS - shard 2/2	success	2026-09-27T05:31:58Z	<file not in this shard>
108558863316	E2E Test - macOS - shard 1/2	success	2026-09-27T05:31:56Z	✓ qwen serve — child-crash recovery (real SIGKILL) > publishes session_died after the qwen --acp child is SIGKILL-ed  3054ms
108558863336	E2E Test (Linux) - sandbox:none - shard 1/1	success	2026-09-27T05:31:51Z	✓ qwen serve — child-crash recovery (real SIGKILL) > publishes session_died after the qwen --acp child is SIGKILL-ed  1367ms
108564475631	E2E Test (Linux) - sandbox:none - shard 1/1	success	2026-09-27T06:14:52Z	✓ qwen serve — child-crash recovery (real SIGKILL) > publishes session_died after the qwen --acp child is SIGKILL-ed  1374ms
108564475654	E2E Test - macOS - shard 1/2	success	2026-09-27T06:14:56Z	✓ qwen serve — child-crash recovery (real SIGKILL) > publishes session_died after the qwen --acp child is SIGKILL-ed  4188ms
108564475656	E2E Test - macOS - shard 2/2	success	2026-09-27T06:14:58Z	<file not in this shard>
108570652555	E2E Test (Linux) - sandbox:none - shard 1/1	success	2026-09-27T07:00:48Z	✓ qwen serve — child-crash recovery (real SIGKILL) > publishes session_died after the qwen --acp child is SIGKILL-ed  1573ms
108570652568	E2E Test - macOS - shard 2/2	success	2026-09-27T07:04:22Z	<file not in this shard>
108570652574	E2E Test - macOS - shard 1/2	success	2026-09-27T07:03:03Z	✓ qwen serve — child-crash recovery (real SIGKILL) > publishes session_died after the qwen --acp child is SIGKILL-ed  5483ms
108577618823	E2E Test - macOS - shard 1/2	success	2026-09-27T08:00:17Z	✓ qwen serve — child-crash recovery (real SIGKILL) > publishes session_died after the qwen --acp child is SIGKILL-ed  4074ms
108577618842	E2E Test - macOS - shard 2/2	success	2026-09-27T08:03:00Z	<file not in this shard>
108577618887	E2E Test (Linux) - sandbox:none - shard 1/1	success	2026-09-27T07:48:47Z	✓ qwen serve — child-crash recovery (real SIGKILL) > publishes session_died after the qwen --acp child is SIGKILL-ed  1412ms
108584431337	E2E Test (Linux) - sandbox:none - shard 1/1	success	2026-09-27T08:34:33Z	✓ qwen serve — child-crash recovery (real SIGKILL) > publishes session_died after the qwen --acp child is SIGKILL-ed  1348ms
108584431347	E2E Test - macOS - shard 2/2	success	2026-09-27T08:34:37Z	<file not in this shard>
108584431381	E2E Test - macOS - shard 1/2	success	2026-09-27T08:34:37Z	✓ qwen serve — child-crash recovery (real SIGKILL) > publishes session_died after the qwen --acp child is SIGKILL-ed  3993ms
108591592204	E2E Test (Linux) - sandbox:none - shard 1/1	success	2026-09-27T09:22:19Z	✓ qwen serve — child-crash recovery (real SIGKILL) > publishes session_died after the qwen --acp child is SIGKILL-ed  1326ms
108591592248	E2E Test - macOS - shard 1/2	success	2026-09-27T09:22:24Z	✓ qwen serve — child-crash recovery (real SIGKILL) > publishes session_died after the qwen --acp child is SIGKILL-ed  2607ms
108591592255	E2E Test - macOS - shard 2/2	success	2026-09-27T09:22:24Z	<file not in this shard>
108598405412	E2E Test - macOS - shard 2/2	success	2026-09-27T10:08:31Z	<file not in this shard>
108598405430	E2E Test (Linux) - sandbox:none - shard 1/1	success	2026-09-27T10:08:27Z	✓ qwen serve — child-crash recovery (real SIGKILL) > publishes session_died after the qwen --acp child is SIGKILL-ed  1339ms
108598405524	E2E Test - macOS - shard 1/2	success	2026-09-27T10:08:31Z	✓ qwen serve — child-crash recovery (real SIGKILL) > publishes session_died after the qwen --acp child is SIGKILL-ed  5043ms
108605549451	E2E Test - macOS - shard 2/2	success	2026-09-27T10:56:52Z	<file not in this shard>
108605549461	E2E Test - macOS - shard 1/2	success	2026-09-27T10:56:53Z	✓ qwen serve — child-crash recovery (real SIGKILL) > publishes session_died after the qwen --acp child is SIGKILL-ed  3155ms
108605549464	E2E Test (Linux) - sandbox:none - shard 1/1	success	2026-09-27T10:56:49Z	✓ qwen serve — child-crash recovery (real SIGKILL) > publishes session_died after the qwen --acp child is SIGKILL-ed  1566ms
108611854337	E2E Test (Linux) - sandbox:none - shard 1/1	success	2026-09-27T11:39:07Z	✓ qwen serve — child-crash recovery (real SIGKILL) > publishes session_died after the qwen --acp child is SIGKILL-ed  1396ms
108611854365	E2E Test - macOS - shard 1/2	success	2026-09-27T11:39:12Z	✓ qwen serve — child-crash recovery (real SIGKILL) > publishes session_died after the qwen --acp child is SIGKILL-ed  3106ms
108611854418	E2E Test - macOS - shard 2/2	success	2026-09-27T11:39:10Z	<file not in this shard>
108618151272	E2E Test - macOS - shard 1/2	success	2026-09-27T12:20:56Z	✓ qwen serve — child-crash recovery (real SIGKILL) > publishes session_died after the qwen --acp child is SIGKILL-ed  2657ms
108618151273	E2E Test (Linux) - sandbox:none - shard 1/1	success	2026-09-27T12:20:53Z	✓ qwen serve — child-crash recovery (real SIGKILL) > publishes session_died after the qwen --acp child is SIGKILL-ed  1336ms
108618151293	E2E Test - macOS - shard 2/2	success	2026-09-27T12:20:57Z	<file not in this shard>
108626306843	E2E Test (Linux) - sandbox:none - shard 1/1	success	2026-09-27T13:12:12Z	✓ qwen serve — child-crash recovery (real SIGKILL) > publishes session_died after the qwen --acp child is SIGKILL-ed  1365ms
108626307131	E2E Test - macOS - shard 1/2	success	2026-09-27T13:12:17Z	✓ qwen serve — child-crash recovery (real SIGKILL) > publishes session_died after the qwen --acp child is SIGKILL-ed  4386ms
108626307388	E2E Test - macOS - shard 2/2	success	2026-09-27T13:12:15Z	<file not in this shard>
108638355489	E2E Test - macOS - shard 2/2	success	2026-09-27T14:25:29Z	<file not in this shard>
108638355497	E2E Test - macOS - shard 1/2	success	2026-09-27T14:25:29Z	✓ qwen serve — child-crash recovery (real SIGKILL) > publishes session_died after the qwen --acp child is SIGKILL-ed  4985ms
108638355581	E2E Test (Linux) - sandbox:none - shard 1/1	success	2026-09-27T14:25:24Z	✓ qwen serve — child-crash recovery (real SIGKILL) > publishes session_died after the qwen --acp child is SIGKILL-ed  1522ms
108646521052	E2E Test - macOS - shard 2/2	success	2026-09-27T15:13:39Z	<file not in this shard>
108646521061	E2E Test - macOS - shard 1/2	success	2026-09-27T15:13:37Z	✓ qwen serve — child-crash recovery (real SIGKILL) > publishes session_died after the qwen --acp child is SIGKILL-ed  3605ms
108646521097	E2E Test (Linux) - sandbox:none - shard 1/1	success	2026-09-27T15:13:32Z	✓ qwen serve — child-crash recovery (real SIGKILL) > publishes session_died after the qwen --acp child is SIGKILL-ed  1323ms
108656029006	E2E Test - macOS - shard 2/2	failure	2026-09-27T16:09:10Z	<file not in this shard>
108656029069	E2E Test - macOS - shard 1/2	success	2026-09-27T16:09:31Z	✓ qwen serve — child-crash recovery (real SIGKILL) > publishes session_died after the qwen --acp child is SIGKILL-ed  6049ms
108667679300	E2E Test - macOS - shard 1/2	success	2026-09-27T17:16:18Z	✓ qwen serve — child-crash recovery (real SIGKILL) > publishes session_died after the qwen --acp child is SIGKILL-ed  4235ms
108667679432	E2E Test - macOS - shard 2/2	success	2026-09-27T17:16:19Z	<file not in this shard>
108745293809	E2E Test - macOS - shard 2/2	success	2026-09-28T00:48:00Z	<file not in this shard>
108745293824	E2E Test - macOS - shard 1/2	success	2026-09-28T00:47:58Z	✓ qwen serve — child-crash recovery (real SIGKILL) > publishes session_died after the qwen --acp child is SIGKILL-ed  3553ms
108745293858	E2E Test (Linux) - sandbox:none - shard 1/1	success	2026-09-28T00:47:55Z	✓ qwen serve — child-crash recovery (real SIGKILL) > publishes session_died after the qwen --acp child is SIGKILL-ed  1328ms
108766091108	E2E Test - macOS - shard 2/2	success	2026-09-28T02:39:26Z	<file not in this shard>
108766091129	E2E Test - macOS - shard 1/2	success	2026-09-28T02:39:26Z	✓ qwen serve — child-crash recovery (real SIGKILL) > publishes session_died after the qwen --acp child is SIGKILL-ed  5596ms
108779099125	E2E Test - macOS - shard 1/2	success	2026-09-28T03:47:13Z	✓ qwen serve — child-crash recovery (real SIGKILL) > publishes session_died after the qwen --acp child is SIGKILL-ed  3947ms
108779099131	E2E Test (Linux) - sandbox:none - shard 1/1	success	2026-09-28T03:47:07Z	✓ qwen serve — child-crash recovery (real SIGKILL) > publishes session_died after the qwen --acp child is SIGKILL-ed  1299ms
108779099135	E2E Test - macOS - shard 2/2	success	2026-09-28T03:47:13Z	<file not in this shard>
108788628348	E2E Test (Linux) - sandbox:none - shard 1/1	success	2026-09-28T04:35:01Z	✓ qwen serve — child-crash recovery (real SIGKILL) > publishes session_died after the qwen --acp child is SIGKILL-ed  1346ms
108788628415	E2E Test - macOS - shard 1/2	success	2026-09-28T04:35:04Z	✓ qwen serve — child-crash recovery (real SIGKILL) > publishes session_died after the qwen --acp child is SIGKILL-ed  2779ms
108788628420	E2E Test - macOS - shard 2/2	success	2026-09-28T04:35:06Z	<file not in this shard>
108798634208	E2E Test - macOS - shard 1/2	success	2026-09-28T05:23:38Z	✓ qwen serve — child-crash recovery (real SIGKILL) > publishes session_died after the qwen --acp child is SIGKILL-ed  2873ms
108798634223	E2E Test (Linux) - sandbox:none - shard 1/1	success	2026-09-28T05:23:34Z	✓ qwen serve — child-crash recovery (real SIGKILL) > publishes session_died after the qwen --acp child is SIGKILL-ed  1424ms
108798634311	E2E Test - macOS - shard 2/2	success	2026-09-28T05:23:39Z	<file not in this shard>
108809012492	E2E Test - macOS - shard 2/2	success	2026-09-28T06:11:28Z	<file not in this shard>
108809012536	E2E Test - macOS - shard 1/2	success	2026-09-28T06:11:58Z	✓ qwen serve — child-crash recovery (real SIGKILL) > publishes session_died after the qwen --acp child is SIGKILL-ed  12191ms (retry x1)
108809012561	E2E Test (Linux) - sandbox:none - shard 1/1	success	2026-09-28T06:11:12Z	✓ qwen serve — child-crash recovery (real SIGKILL) > publishes session_died after the qwen --acp child is SIGKILL-ed  1369ms
108820481207	E2E Test - macOS - shard 2/2	success	2026-09-28T06:57:39Z	<file not in this shard>
108820481228	E2E Test (Linux) - sandbox:none - shard 1/1	success	2026-09-28T06:56:56Z	✓ qwen serve — child-crash recovery (real SIGKILL) > publishes session_died after the qwen --acp child is SIGKILL-ed  1475ms
108820481278	E2E Test - macOS - shard 1/2	success	2026-09-28T06:57:57Z	✓ qwen serve — child-crash recovery (real SIGKILL) > publishes session_died after the qwen --acp child is SIGKILL-ed  4184ms
108832817430	E2E Test - macOS - shard 2/2	success	2026-09-28T07:45:09Z	<file not in this shard>
108832817436	E2E Test - macOS - shard 1/2	success	2026-09-28T07:46:15Z	✓ qwen serve — child-crash recovery (real SIGKILL) > publishes session_died after the qwen --acp child is SIGKILL-ed  3340ms
108832817469	E2E Test (Linux) - sandbox:none - shard 1/1	success	2026-09-28T07:41:14Z	✓ qwen serve — child-crash recovery (real SIGKILL) > publishes session_died after the qwen --acp child is SIGKILL-ed  1413ms
108849386294	E2E Test - macOS - shard 1/2	success	2026-09-28T08:37:20Z	✓ qwen serve — child-crash recovery (real SIGKILL) > publishes session_died after the qwen --acp child is SIGKILL-ed  3451ms
108849386308	E2E Test (Linux) - sandbox:none - shard 1/1	success	2026-09-28T08:34:28Z	✓ qwen serve — child-crash recovery (real SIGKILL) > publishes session_died after the qwen --acp child is SIGKILL-ed  1355ms
108849386510	E2E Test - macOS - shard 2/2	success	2026-09-28T08:37:54Z	<file not in this shard>
108869331841	E2E Test - macOS - shard 1/2	success	2026-09-28T09:34:19Z	✓ qwen serve — child-crash recovery (real SIGKILL) > publishes session_died after the qwen --acp child is SIGKILL-ed  4158ms
108869331944	E2E Test - macOS - shard 2/2	success	2026-09-28T09:42:28Z	<file not in this shard>
108869331975	E2E Test (Linux) - sandbox:none - shard 1/1	success	2026-09-28T09:34:13Z	✓ qwen serve — child-crash recovery (real SIGKILL) > publishes session_died after the qwen --acp child is SIGKILL-ed  1440ms
108886128942	E2E Test - macOS - shard 1/2	failure	2026-09-28T10:24:34Z	× qwen serve — child-crash recovery (real SIGKILL) > publishes session_died after the qwen --acp child is SIGKILL-ed 25246ms (retry x2)
108886128945	E2E Test (Linux) - sandbox:none - shard 1/1	success	2026-09-28T10:24:29Z	✓ qwen serve — child-crash recovery (real SIGKILL) > publishes session_died after the qwen --acp child is SIGKILL-ed  1400ms
108886129010	E2E Test - macOS - shard 2/2	success	2026-09-28T10:24:35Z	<file not in this shard>
108899088072	E2E Test (Linux) - sandbox:none - shard 1/1	success	2026-09-28T11:05:13Z	✓ qwen serve — child-crash recovery (real SIGKILL) > publishes session_died after the qwen --acp child is SIGKILL-ed  1349ms
108899088084	E2E Test - macOS - shard 1/2	success	2026-09-28T11:05:35Z	✓ qwen serve — child-crash recovery (real SIGKILL) > publishes session_died after the qwen --acp child is SIGKILL-ed  3362ms
108899088120	E2E Test - macOS - shard 2/2	success	2026-09-28T11:06:11Z	<file not in this shard>
108914137024	E2E Test - macOS - shard 1/2	success	2026-09-28T11:51:34Z	✓ qwen serve — child-crash recovery (real SIGKILL) > publishes session_died after the qwen --acp child is SIGKILL-ed  5068ms
108914137162	E2E Test (Linux) - sandbox:none - shard 1/1	success	2026-09-28T11:51:21Z	✓ qwen serve — child-crash recovery (real SIGKILL) > publishes session_died after the qwen --acp child is SIGKILL-ed  1370ms
108914137177	E2E Test - macOS - shard 2/2	success	2026-09-28T11:51:30Z	<file not in this shard>
108930268484	E2E Test - macOS - shard 2/2	success	2026-09-28T12:38:00Z	<file not in this shard>
108930268713	E2E Test (Linux) - sandbox:none - shard 1/1	success	2026-09-28T12:37:55Z	✓ qwen serve — child-crash recovery (real SIGKILL) > publishes session_died after the qwen --acp child is SIGKILL-ed  1329ms
108930268758	E2E Test - macOS - shard 1/2	success	2026-09-28T12:37:59Z	✓ qwen serve — child-crash recovery (real SIGKILL) > publishes session_died after the qwen --acp child is SIGKILL-ed  6121ms
108952632565	E2E Test - macOS - shard 2/2	success	2026-09-28T13:38:08Z	<file not in this shard>
108952632689	E2E Test - macOS - shard 1/2	success	2026-09-28T13:40:06Z	✓ qwen serve — child-crash recovery (real SIGKILL) > publishes session_died after the qwen --acp child is SIGKILL-ed  4652ms
108952632740	E2E Test (Linux) - sandbox:none - shard 1/1	success	2026-09-28T13:36:14Z	✓ qwen serve — child-crash recovery (real SIGKILL) > publishes session_died after the qwen --acp child is SIGKILL-ed  1342ms
108988088274	E2E Test - macOS - shard 1/2	success	2026-09-28T15:04:20Z	✓ qwen serve — child-crash recovery (real SIGKILL) > publishes session_died after the qwen --acp child is SIGKILL-ed  2484ms
108988088316	E2E Test (Linux) - sandbox:none - shard 1/1	success	2026-09-28T14:59:13Z	✓ qwen serve — child-crash recovery (real SIGKILL) > publishes session_died after the qwen --acp child is SIGKILL-ed  1327ms
108988088418	E2E Test - macOS - shard 2/2	success	2026-09-28T15:04:20Z	<file not in this shard>
109010719974	E2E Test - macOS - shard 1/2	success	2026-09-28T15:51:08Z	✓ qwen serve — child-crash recovery (real SIGKILL) > publishes session_died after the qwen --acp child is SIGKILL-ed  5465ms
109010719997	E2E Test (Linux) - sandbox:none - shard 1/1	success	2026-09-28T15:51:02Z	✓ qwen serve — child-crash recovery (real SIGKILL) > publishes session_died after the qwen --acp child is SIGKILL-ed  1394ms
109010720155	E2E Test - macOS - shard 2/2	success	2026-09-28T15:51:15Z	<file not in this shard>
109030772155	E2E Test (Linux) - sandbox:none - shard 1/1	success	2026-09-28T16:39:17Z	✓ qwen serve — child-crash recovery (real SIGKILL) > publishes session_died after the qwen --acp child is SIGKILL-ed  1361ms
109030772396	E2E Test - macOS - shard 1/2	success	2026-09-28T16:39:22Z	✓ qwen serve — child-crash recovery (real SIGKILL) > publishes session_died after the qwen --acp child is SIGKILL-ed  3710ms
109030772600	E2E Test - macOS - shard 2/2	success	2026-09-28T16:39:22Z	<file not in this shard>
109051953353	E2E Test (Linux) - sandbox:none - shard 1/1	success	2026-09-28T17:32:26Z	✓ qwen serve — child-crash recovery (real SIGKILL) > publishes session_died after the qwen --acp child is SIGKILL-ed  1326ms
109051953408	E2E Test - macOS - shard 2/2	success	2026-09-28T17:32:36Z	<file not in this shard>
109051953420	E2E Test - macOS - shard 1/2	success	2026-09-28T17:32:38Z	✓ qwen serve — child-crash recovery (real SIGKILL) > publishes session_died after the qwen --acp child is SIGKILL-ed  3167ms
109073901155	E2E Test - macOS - shard 1/2	success	2026-09-28T18:27:55Z	✓ qwen serve — child-crash recovery (real SIGKILL) > publishes session_died after the qwen --acp child is SIGKILL-ed  4159ms
109073901334	E2E Test (Linux) - sandbox:none - shard 1/1	success	2026-09-28T18:27:47Z	✓ qwen serve — child-crash recovery (real SIGKILL) > publishes session_died after the qwen --acp child is SIGKILL-ed  1424ms
109073901335	E2E Test - macOS - shard 2/2	success	2026-09-28T18:27:50Z	<file not in this shard>
109201821369	E2E Test - macOS - shard 1/2	success	2026-09-29T00:40:14Z	✓ qwen serve — child-crash recovery (real SIGKILL) > publishes session_died after the qwen --acp child is SIGKILL-ed  4901ms
109201821372	E2E Test (Linux) - sandbox:none - shard 1/1	success	2026-09-29T00:40:09Z	✓ qwen serve — child-crash recovery (real SIGKILL) > publishes session_died after the qwen --acp child is SIGKILL-ed  1338ms
109201821443	E2E Test - macOS - shard 2/2	success	2026-09-29T00:40:13Z	<file not in this shard>
109235353120	E2E Test (Linux) - sandbox:none - shard 1/1	success	2026-09-29T02:58:24Z	✓ qwen serve — child-crash recovery (real SIGKILL) > publishes session_died after the qwen --acp child is SIGKILL-ed  1365ms
109235353157	E2E Test - macOS - shard 2/2	success	2026-09-29T02:58:26Z	<file not in this shard>
109235353200	E2E Test - macOS - shard 1/2	success	2026-09-29T02:58:27Z	✓ qwen serve — child-crash recovery (real SIGKILL) > publishes session_died after the qwen --acp child is SIGKILL-ed  1911ms
109248535951	E2E Test - macOS - shard 1/2	failure	2026-09-29T03:56:08Z	✓ qwen serve — child-crash recovery (real SIGKILL) > publishes session_died after the qwen --acp child is SIGKILL-ed  3931ms
109248535993	E2E Test (Linux) - sandbox:none - shard 1/1	failure	2026-09-29T03:56:05Z	<file not in this shard>
109248536004	E2E Test - macOS - shard 2/2	failure	2026-09-29T03:56:08Z	<file not in this shard>
109276902260	E2E Test - macOS - shard 1/2	failure	2026-09-29T05:56:46Z	✓ qwen serve — child-crash recovery (real SIGKILL) > publishes session_died after the qwen --acp child is SIGKILL-ed  3196ms
109276902269	E2E Test (Linux) - sandbox:none - shard 1/1	failure	2026-09-29T05:56:43Z	<file not in this shard>
109276902308	E2E Test - macOS - shard 2/2	failure	2026-09-29T05:56:46Z	<file not in this shard>
109287254896	E2E Test - macOS - shard 1/2	failure	2026-09-29T06:36:32Z	✓ qwen serve — child-crash recovery (real SIGKILL) > publishes session_died after the qwen --acp child is SIGKILL-ed  4145ms
109287254966	E2E Test - macOS - shard 2/2	failure	2026-09-29T06:36:25Z	<file not in this shard>
109287255044	E2E Test (Linux) - sandbox:none - shard 1/1	failure	2026-09-29T06:36:09Z	<file not in this shard>
109299001410	E2E Test - macOS - shard 1/2	failure	2026-09-29T07:20:23Z	✓ qwen serve — child-crash recovery (real SIGKILL) > publishes session_died after the qwen --acp child is SIGKILL-ed  1793ms
109299001429	E2E Test (Linux) - sandbox:none - shard 1/1	failure	2026-09-29T07:16:33Z	✓ qwen serve — child-crash recovery (real SIGKILL) > publishes session_died after the qwen --acp child is SIGKILL-ed  1354ms
109299001493	E2E Test - macOS - shard 2/2	failure	2026-09-29T07:24:31Z	<file not in this shard>
109311320421	E2E Test (Linux) - sandbox:none - shard 1/1	failure	2026-09-29T07:55:21Z	✓ qwen serve — child-crash recovery (real SIGKILL) > publishes session_died after the qwen --acp child is SIGKILL-ed  1556ms
109311320488	E2E Test - macOS - shard 1/2	failure	2026-09-29T08:08:02Z	✓ qwen serve — child-crash recovery (real SIGKILL) > publishes session_died after the qwen --acp child is SIGKILL-ed  5124ms
109311320566	E2E Test - macOS - shard 2/2	failure	2026-09-29T07:57:33Z	<file not in this shard>
109324760241	E2E Test (Linux) - sandbox:none - shard 1/1	success	2026-09-29T08:35:15Z	✓ qwen serve — child-crash recovery (real SIGKILL) > publishes session_died after the qwen --acp child is SIGKILL-ed  1537ms
109324760296	E2E Test - macOS - shard 1/2	failure	2026-09-29T08:35:18Z	✓ qwen serve — child-crash recovery (real SIGKILL) > publishes session_died after the qwen --acp child is SIGKILL-ed  1453ms
109324760331	E2E Test - macOS - shard 2/2	success	2026-09-29T08:35:20Z	<file not in this shard>
109360306997	E2E Test - macOS - shard 1/2	success	2026-09-29T10:16:17Z	✓ qwen serve — child-crash recovery (real SIGKILL) > publishes session_died after the qwen --acp child is SIGKILL-ed  4297ms
109360307010	E2E Test - macOS - shard 2/2	success	2026-09-29T10:16:17Z	<file not in this shard>
109360307048	E2E Test (Linux) - sandbox:none - shard 1/1	success	2026-09-29T10:16:12Z	✓ qwen serve — child-crash recovery (real SIGKILL) > publishes session_died after the qwen --acp child is SIGKILL-ed  1353ms
109379123954	E2E Test (Linux) - sandbox:none - shard 1/1	success	2026-09-29T11:12:00Z	✓ qwen serve — child-crash recovery (real SIGKILL) > publishes session_died after the qwen --acp child is SIGKILL-ed  1350ms
109379123983	E2E Test - macOS - shard 2/2	success	2026-09-29T11:12:08Z	<file not in this shard>
109379124033	E2E Test - macOS - shard 1/2	success	2026-09-29T11:12:07Z	✓ qwen serve — child-crash recovery (real SIGKILL) > publishes session_died after the qwen --acp child is SIGKILL-ed  4546ms
109393605036	E2E Test - macOS - shard 1/2	success	2026-09-29T11:54:45Z	✓ qwen serve — child-crash recovery (real SIGKILL) > publishes session_died after the qwen --acp child is SIGKILL-ed  1756ms
109393605062	E2E Test - macOS - shard 2/2	success	2026-09-29T11:54:45Z	<file not in this shard>
109393605177	E2E Test (Linux) - sandbox:none - shard 1/1	success	2026-09-29T11:54:43Z	✓ qwen serve — child-crash recovery (real SIGKILL) > publishes session_died after the qwen --acp child is SIGKILL-ed  1424ms
109414278771	E2E Test - macOS - shard 1/2	success	2026-09-29T12:51:02Z	✓ qwen serve — child-crash recovery (real SIGKILL) > publishes session_died after the qwen --acp child is SIGKILL-ed  3009ms
109414278825	E2E Test (Linux) - sandbox:none - shard 1/1	success	2026-09-29T12:50:57Z	✓ qwen serve — child-crash recovery (real SIGKILL) > publishes session_died after the qwen --acp child is SIGKILL-ed  1375ms
109414278876	E2E Test - macOS - shard 2/2	success	2026-09-29T12:51:01Z	<file not in this shard>
109438807797	E2E Test - macOS - shard 2/2	success	2026-09-29T13:51:43Z	<file not in this shard>
109438807922	E2E Test (Linux) - sandbox:none - shard 1/1	success	2026-09-29T13:50:29Z	✓ qwen serve — child-crash recovery (real SIGKILL) > publishes session_died after the qwen --acp child is SIGKILL-ed  1359ms
109438808302	E2E Test - macOS - shard 1/2	success	2026-09-29T13:52:06Z	✓ qwen serve — child-crash recovery (real SIGKILL) > publishes session_died after the qwen --acp child is SIGKILL-ed  2157ms
109467311938	E2E Test - macOS - shard 2/2	success	2026-09-29T14:59:40Z	<file not in this shard>
109467311939	E2E Test - macOS - shard 1/2	success	2026-09-29T14:56:00Z	✓ qwen serve — child-crash recovery (real SIGKILL) > publishes session_died after the qwen --acp child is SIGKILL-ed  5054ms
109467312139	E2E Test (Linux) - sandbox:none - shard 1/1	success	2026-09-29T14:55:47Z	✓ qwen serve — child-crash recovery (real SIGKILL) > publishes session_died after the qwen --acp child is SIGKILL-ed  1396ms
109495001407	E2E Test - macOS - shard 2/2	success	2026-09-29T16:01:29Z	<file not in this shard>
109495001619	E2E Test - macOS - shard 1/2	success	2026-09-29T16:09:25Z	✓ qwen serve — child-crash recovery (real SIGKILL) > publishes session_died after the qwen --acp child is SIGKILL-ed  5162ms
109495001645	E2E Test (Linux) - sandbox:none - shard 1/1	success	2026-09-29T15:58:33Z	✓ qwen serve — child-crash recovery (real SIGKILL) > publishes session_died after the qwen --acp child is SIGKILL-ed  1353ms
109530796652	E2E Test - macOS - shard 1/2	success	2026-09-29T17:25:00Z	✓ qwen serve — child-crash recovery (real SIGKILL) > publishes session_died after the qwen --acp child is SIGKILL-ed  3078ms
109530796819	E2E Test - macOS - shard 2/2	success	2026-09-29T17:26:59Z	<file not in this shard>
109558093501	E2E Test - macOS - shard 2/2	success	2026-09-29T18:32:35Z	<file not in this shard>
109558093584	E2E Test - macOS - shard 1/2	success	2026-09-29T18:32:33Z	✓ qwen serve — child-crash recovery (real SIGKILL) > publishes session_died after the qwen --acp child is SIGKILL-ed  14085ms (retry x1)
109653247737	E2E Test - macOS - shard 2/2	success	2026-09-29T22:45:55Z	<file not in this shard>
109653247760	E2E Test - macOS - shard 1/2	success	2026-09-29T22:47:23Z	✓ qwen serve — child-crash recovery (real SIGKILL) > publishes session_died after the qwen --acp child is SIGKILL-ed  4315ms
109653247763	E2E Test (Linux) - sandbox:none - shard 1/1	success	2026-09-29T22:41:57Z	✓ qwen serve — child-crash recovery (real SIGKILL) > publishes session_died after the qwen --acp child is SIGKILL-ed  1373ms
109672186347	E2E Test - macOS - shard 1/2	success	2026-09-29T23:47:09Z	✓ qwen serve — child-crash recovery (real SIGKILL) > publishes session_died after the qwen --acp child is SIGKILL-ed  4095ms
109672186398	E2E Test - macOS - shard 2/2	success	2026-09-29T23:47:11Z	<file not in this shard>
109672186424	E2E Test (Linux) - sandbox:none - shard 1/1	success	2026-09-29T23:47:05Z	✓ qwen serve — child-crash recovery (real SIGKILL) > publishes session_died after the qwen --acp child is SIGKILL-ed  1376ms
109689865994	E2E Test - macOS - shard 1/2	success	2026-09-30T00:55:02Z	✓ qwen serve — child-crash recovery (real SIGKILL) > publishes session_died after the qwen --acp child is SIGKILL-ed  4744ms
109689865997	E2E Test (Linux) - sandbox:none - shard 1/1	failure	2026-09-30T00:54:57Z	✓ qwen serve — child-crash recovery (real SIGKILL) > publishes session_died after the qwen --acp child is SIGKILL-ed  1319ms
109689866036	E2E Test - macOS - shard 2/2	success	2026-09-30T00:55:02Z	<file not in this shard>
109705793127	E2E Test - macOS - shard 1/2	success	2026-09-30T02:03:18Z	✓ qwen serve — child-crash recovery (real SIGKILL) > publishes session_died after the qwen --acp child is SIGKILL-ed  4395ms
109705793225	E2E Test (Linux) - sandbox:none - shard 1/1	success	2026-09-30T02:00:41Z	✓ qwen serve — child-crash recovery (real SIGKILL) > publishes session_died after the qwen --acp child is SIGKILL-ed  1400ms
109705793273	E2E Test - macOS - shard 2/2	success	2026-09-30T02:08:56Z	<file not in this shard>
109722608528	E2E Test (Linux) - sandbox:none - shard 1/1	success	2026-09-30T03:12:11Z	✓ qwen serve — child-crash recovery (real SIGKILL) > publishes session_died after the qwen --acp child is SIGKILL-ed  1403ms
109722608536	E2E Test - macOS - shard 2/2	success	2026-09-30T03:12:14Z	<file not in this shard>
109722608539	E2E Test - macOS - shard 1/2	success	2026-09-30T03:12:17Z	✓ qwen serve — child-crash recovery (real SIGKILL) > publishes session_died after the qwen --acp child is SIGKILL-ed  5390ms
109736480708	E2E Test (Linux) - sandbox:none - shard 1/1	success	2026-09-30T04:14:15Z	✓ qwen serve — child-crash recovery (real SIGKILL) > publishes session_died after the qwen --acp child is SIGKILL-ed  1326ms
109736480791	E2E Test - macOS - shard 2/2	success	2026-09-30T04:14:21Z	<file not in this shard>
109736480804	E2E Test - macOS - shard 1/2	success	2026-09-30T04:14:19Z	✓ qwen serve — child-crash recovery (real SIGKILL) > publishes session_died after the qwen --acp child is SIGKILL-ed  2962ms
109747895283	E2E Test - macOS - shard 1/2	success	2026-09-30T05:04:11Z	✓ qwen serve — child-crash recovery (real SIGKILL) > publishes session_died after the qwen --acp child is SIGKILL-ed  2584ms
109747895306	E2E Test - macOS - shard 2/2	success	2026-09-30T05:04:16Z	<file not in this shard>
109747895407	E2E Test (Linux) - sandbox:none - shard 1/1	success	2026-09-30T05:04:09Z	✓ qwen serve — child-crash recovery (real SIGKILL) > publishes session_died after the qwen --acp child is SIGKILL-ed  1339ms
109776048096	E2E Test - macOS - shard 2/2	success	2026-09-30T06:57:06Z	<file not in this shard>
109776048117	E2E Test (Linux) - sandbox:none - shard 1/1	success	2026-09-30T06:57:02Z	✓ qwen serve — child-crash recovery (real SIGKILL) > publishes session_died after the qwen --acp child is SIGKILL-ed  1371ms
109776048216	E2E Test - macOS - shard 1/2	success	2026-09-30T06:57:07Z	✓ qwen serve — child-crash recovery (real SIGKILL) > publishes session_died after the qwen --acp child is SIGKILL-ed  3903ms
109795582178	E2E Test (Linux) - sandbox:none - shard 1/1	success	2026-09-30T08:01:47Z	✓ qwen serve — child-crash recovery (real SIGKILL) > publishes session_died after the qwen --acp child is SIGKILL-ed  1387ms
109795582209	E2E Test - macOS - shard 2/2	success	2026-09-30T08:02:16Z	<file not in this shard>
109795582223	E2E Test - macOS - shard 1/2	success	2026-09-30T08:03:23Z	✓ qwen serve — child-crash recovery (real SIGKILL) > publishes session_died after the qwen --acp child is SIGKILL-ed  4723ms
109813868199	E2E Test (Linux) - sandbox:none - shard 1/1	success	2026-09-30T08:56:27Z	✓ qwen serve — child-crash recovery (real SIGKILL) > publishes session_died after the qwen --acp child is SIGKILL-ed  1331ms
109813868255	E2E Test - macOS - shard 2/2	success	2026-09-30T08:56:32Z	<file not in this shard>
109813868420	E2E Test - macOS - shard 1/2	success	2026-09-30T08:56:32Z	✓ qwen serve — child-crash recovery (real SIGKILL) > publishes session_died after the qwen --acp child is SIGKILL-ed  3968ms
109831161919	E2E Test (Linux) - sandbox:none - shard 1/1	success	2026-09-30T09:46:13Z	✓ qwen serve — child-crash recovery (real SIGKILL) > publishes session_died after the qwen --acp child is SIGKILL-ed  1336ms
109831161949	E2E Test - macOS - shard 1/2	success	2026-09-30T09:46:19Z	✓ qwen serve — child-crash recovery (real SIGKILL) > publishes session_died after the qwen --acp child is SIGKILL-ed  4551ms
109831162473	E2E Test - macOS - shard 2/2	success	2026-09-30T09:46:19Z	<file not in this shard>
109857188288	E2E Test (Linux) - sandbox:none - shard 1/1	success	2026-09-30T11:04:36Z	✓ qwen serve — child-crash recovery (real SIGKILL) > publishes session_died after the qwen --acp child is SIGKILL-ed  1359ms
109857188342	E2E Test - macOS - shard 1/2	success	2026-09-30T11:04:40Z	✓ qwen serve — child-crash recovery (real SIGKILL) > publishes session_died after the qwen --acp child is SIGKILL-ed  4842ms
109857188364	E2E Test - macOS - shard 2/2	success	2026-09-30T11:04:42Z	<file not in this shard>
109872907403	E2E Test - macOS - shard 1/2	success	2026-09-30T11:51:48Z	✓ qwen serve — child-crash recovery (real SIGKILL) > publishes session_died after the qwen --acp child is SIGKILL-ed  14772ms (retry x1)
109872907426	E2E Test (Linux) - sandbox:none - shard 1/1	success	2026-09-30T11:51:45Z	✓ qwen serve — child-crash recovery (real SIGKILL) > publishes session_died after the qwen --acp child is SIGKILL-ed  1333ms
109872907459	E2E Test - macOS - shard 2/2	success	2026-09-30T11:51:50Z	<file not in this shard>
109891793175	E2E Test - macOS - shard 2/2	success	2026-09-30T12:45:51Z	<file not in this shard>
109891793253	E2E Test - macOS - shard 1/2	success	2026-09-30T12:47:27Z	✓ qwen serve — child-crash recovery (real SIGKILL) > publishes session_died after the qwen --acp child is SIGKILL-ed  5068ms
109891793271	E2E Test (Linux) - sandbox:none - shard 1/1	success	2026-09-30T12:45:39Z	✓ qwen serve — child-crash recovery (real SIGKILL) > publishes session_died after the qwen --acp child is SIGKILL-ed  1446ms
109914427325	E2E Test - macOS - shard 2/2	success	2026-09-30T13:42:04Z	<file not in this shard>
109914427521	E2E Test - macOS - shard 1/2	success	2026-09-30T13:42:07Z	✓ qwen serve — child-crash recovery (real SIGKILL) > publishes session_died after the qwen --acp child is SIGKILL-ed  4275ms
109914427753	E2E Test (Linux) - sandbox:none - shard 1/1	success	2026-09-30T13:41:56Z	✓ qwen serve — child-crash recovery (real SIGKILL) > publishes session_died after the qwen --acp child is SIGKILL-ed  1422ms
109937033595	E2E Test (Linux) - sandbox:none - shard 1/1	success	2026-09-30T14:34:04Z	✓ qwen serve — child-crash recovery (real SIGKILL) > publishes session_died after the qwen --acp child is SIGKILL-ed  1370ms
109937033613	E2E Test - macOS - shard 1/2	success	2026-09-30T14:38:07Z	✓ qwen serve — child-crash recovery (real SIGKILL) > publishes session_died after the qwen --acp child is SIGKILL-ed  3075ms
109937033722	E2E Test - macOS - shard 2/2	success	2026-09-30T14:38:06Z	<file not in this shard>
109967386726	E2E Test - macOS - shard 1/2	success	2026-09-30T15:44:51Z	✓ qwen serve — child-crash recovery (real SIGKILL) > publishes session_died after the qwen --acp child is SIGKILL-ed  5019ms
109967386788	E2E Test (Linux) - sandbox:none - shard 1/1	success	2026-09-30T15:42:39Z	✓ qwen serve — child-crash recovery (real SIGKILL) > publishes session_died after the qwen --acp child is SIGKILL-ed  1437ms
109967386831	E2E Test - macOS - shard 2/2	success	2026-09-30T15:45:45Z	<file not in this shard>
109990575371	E2E Test (Linux) - sandbox:none - shard 1/1	success	2026-09-30T16:37:11Z	✓ qwen serve — child-crash recovery (real SIGKILL) > publishes session_died after the qwen --acp child is SIGKILL-ed  1370ms
109990575423	E2E Test - macOS - shard 1/2	success	2026-09-30T16:37:16Z	✓ qwen serve — child-crash recovery (real SIGKILL) > publishes session_died after the qwen --acp child is SIGKILL-ed  4440ms
109990575428	E2E Test - macOS - shard 2/2	success	2026-09-30T16:37:15Z	<file not in this shard>
110043542971	E2E Test - macOS - shard 1/2	success	2026-09-30T18:49:30Z	✓ qwen serve — child-crash recovery (real SIGKILL) > publishes session_died after the qwen --acp child is SIGKILL-ed  2917ms
110043543029	E2E Test (Linux) - sandbox:none - shard 1/1	success	2026-09-30T18:47:34Z	✓ qwen serve — child-crash recovery (real SIGKILL) > publishes session_died after the qwen --acp child is SIGKILL-ed  1552ms
110043543201	E2E Test - macOS - shard 2/2	success	2026-09-30T18:57:19Z	<file not in this shard>
110068043234	E2E Test - macOS - shard 2/2	success	2026-09-30T19:49:36Z	<file not in this shard>
110068043323	E2E Test (Linux) - sandbox:none - shard 1/1	success	2026-09-30T19:49:31Z	✓ qwen serve — child-crash recovery (real SIGKILL) > publishes session_died after the qwen --acp child is SIGKILL-ed  1439ms
110068043372	E2E Test - macOS - shard 1/2	success	2026-09-30T19:49:35Z	✓ qwen serve — child-crash recovery (real SIGKILL) > publishes session_died after the qwen --acp child is SIGKILL-ed  2556ms
110087094491	E2E Test - macOS - shard 2/2	success	2026-09-30T20:42:44Z	<file not in this shard>
110087094577	E2E Test (Linux) - sandbox:none - shard 1/1	success	2026-09-30T20:37:55Z	✓ qwen serve — child-crash recovery (real SIGKILL) > publishes session_died after the qwen --acp child is SIGKILL-ed  1673ms
110087094659	E2E Test - macOS - shard 1/2	success	2026-09-30T20:42:55Z	✓ qwen serve — child-crash recovery (real SIGKILL) > publishes session_died after the qwen --acp child is SIGKILL-ed  3872ms
110148493446	E2E Test (Linux) - sandbox:none - shard 1/1	success	2026-09-30T23:43:15Z	✓ qwen serve — child-crash recovery (real SIGKILL) > publishes session_died after the qwen --acp child is SIGKILL-ed  1365ms
110148493470	E2E Test - macOS - shard 1/2	success	2026-09-30T23:43:18Z	✓ qwen serve — child-crash recovery (real SIGKILL) > publishes session_died after the qwen --acp child is SIGKILL-ed  6193ms
110148493473	E2E Test - macOS - shard 2/2	success	2026-09-30T23:43:23Z	<file not in this shard>
110163379118	E2E Test - macOS - shard 1/2	success	2026-10-01T00:39:23Z	<file not in this shard>
110163379145	E2E Test (Linux) - sandbox:none - shard 1/1	success	2026-10-01T00:39:15Z	✓ qwen serve — child-crash recovery (real SIGKILL) > publishes session_died after the qwen --acp child is SIGKILL-ed  1400ms
110163379192	E2E Test - macOS - shard 2/2	success	2026-10-01T00:39:18Z	<file not in this shard>
110186504851	E2E Test - macOS - shard 2/2	success	2026-10-01T02:12:53Z	<file not in this shard>
110186504852	E2E Test - macOS - shard 1/2	success	2026-10-01T02:12:54Z	✓ qwen serve — child-crash recovery (real SIGKILL) > publishes session_died after the qwen --acp child is SIGKILL-ed  3919ms
110186504920	E2E Test (Linux) - sandbox:none - shard 1/1	success	2026-10-01T02:12:51Z	<file not in this shard>
110200360620	E2E Test - macOS - shard 2/2	success	2026-10-01T03:10:11Z	<file not in this shard>
110200360646	E2E Test - macOS - shard 1/2	success	2026-10-01T03:10:14Z	✓ qwen serve — child-crash recovery (real SIGKILL) > publishes session_died after the qwen --acp child is SIGKILL-ed  6772ms
110200360672	E2E Test (Linux) - sandbox:none - shard 1/1	success	2026-10-01T03:10:07Z	✓ qwen serve — child-crash recovery (real SIGKILL) > publishes session_died after the qwen --acp child is SIGKILL-ed  1349ms
110219932012	E2E Test - macOS - shard 1/2	success	2026-10-01T04:33:00Z	✓ qwen serve — child-crash recovery (real SIGKILL) > publishes session_died after the qwen --acp child is SIGKILL-ed  5041ms
110219932106	E2E Test (Linux) - sandbox:none - shard 1/1	success	2026-10-01T04:32:56Z	✓ qwen serve — child-crash recovery (real SIGKILL) > publishes session_died after the qwen --acp child is SIGKILL-ed  1354ms
110219932108	E2E Test - macOS - shard 2/2	success	2026-10-01T04:33:00Z	<file not in this shard>
110233414145	E2E Test - macOS - shard 1/2	success	2026-10-01T05:29:49Z	<file not in this shard>
110233414152	E2E Test - macOS - shard 2/2	success	2026-10-01T05:30:00Z	<file not in this shard>
110233414205	E2E Test (Linux) - sandbox:none - shard 1/1	success	2026-10-01T05:29:47Z	✓ qwen serve — child-crash recovery (real SIGKILL) > publishes session_died after the qwen --acp child is SIGKILL-ed  1382ms
110248681910	E2E Test (Linux) - sandbox:none - shard 1/1	success	2026-10-01T06:29:20Z	✓ qwen serve — child-crash recovery (real SIGKILL) > publishes session_died after the qwen --acp child is SIGKILL-ed  1625ms
110248681932	E2E Test - macOS - shard 2/2	success	2026-10-01T06:40:56Z	<file not in this shard>
110248681942	E2E Test - macOS - shard 1/2	success	2026-10-01T06:42:21Z	✓ qwen serve — child-crash recovery (real SIGKILL) > publishes session_died after the qwen --acp child is SIGKILL-ed  6181ms
110263252596	E2E Test - macOS - shard 2/2	success	2026-10-01T07:24:04Z	<file not in this shard>
110263252677	E2E Test - macOS - shard 1/2	success	2026-10-01T07:23:23Z	✓ qwen serve — child-crash recovery (real SIGKILL) > publishes session_died after the qwen --acp child is SIGKILL-ed  3850ms
110263252780	E2E Test (Linux) - sandbox:none - shard 1/1	success	2026-10-01T07:19:59Z	✓ qwen serve — child-crash recovery (real SIGKILL) > publishes session_died after the qwen --acp child is SIGKILL-ed  1386ms
110279739840	E2E Test (Linux) - sandbox:none - shard 1/1	success	2026-10-01T08:12:23Z	✓ qwen serve — child-crash recovery (real SIGKILL) > publishes session_died after the qwen --acp child is SIGKILL-ed  1319ms
110279739868	E2E Test - macOS - shard 1/2	success	2026-10-01T08:12:27Z	✓ qwen serve — child-crash recovery (real SIGKILL) > publishes session_died after the qwen --acp child is SIGKILL-ed  3470ms
110279739980	E2E Test - macOS - shard 2/2	success	2026-10-01T08:12:29Z	<file not in this shard>
110297477653	E2E Test (Linux) - sandbox:none - shard 1/1	success	2026-10-01T09:03:43Z	✓ qwen serve — child-crash recovery (real SIGKILL) > publishes session_died after the qwen --acp child is SIGKILL-ed  1370ms
110297477704	E2E Test - macOS - shard 1/2	success	2026-10-01T09:03:48Z	✓ qwen serve — child-crash recovery (real SIGKILL) > publishes session_died after the qwen --acp child is SIGKILL-ed  3297ms
110297477800	E2E Test - macOS - shard 2/2	success	2026-10-01T09:03:48Z	<file not in this shard>
110313463306	E2E Test - macOS - shard 1/2	success	2026-10-01T09:49:19Z	✓ qwen serve — child-crash recovery (real SIGKILL) > publishes session_died after the qwen --acp child is SIGKILL-ed  15396ms (retry x1)
110313463341	E2E Test - macOS - shard 2/2	success	2026-10-01T09:49:14Z	<file not in this shard>
110313463479	E2E Test (Linux) - sandbox:none - shard 1/1	success	2026-10-01T09:49:13Z	✓ qwen serve — child-crash recovery (real SIGKILL) > publishes session_died after the qwen --acp child is SIGKILL-ed  1506ms
