.github/scripts/autofix-push-and-report.sh:70:36: warning: RUNNER_TEMP is referenced but not assigned. [SC2154]
.github/scripts/autofix-push-and-report.sh:75:14: warning: CHECKED_OUT_HEAD is referenced but not assigned. [SC2154]
.github/scripts/autofix-push-and-report.sh:96:11: warning: WORKDIR is referenced but not assigned. [SC2154]
.github/scripts/autofix-push-and-report.sh:119:7: warning: KISS_AUDIT is referenced but not assigned. [SC2154]
.github/scripts/autofix-push-and-report.sh:142:26: warning: AUTOFIX_BOT is referenced but not assigned. [SC2154]
.github/scripts/autofix-push-and-report.sh:205:39: warning: PR is referenced but not assigned. [SC2154]
.github/scripts/autofix-push-and-report.sh:205:54: warning: REPO is referenced but not assigned. [SC2154]
.github/scripts/autofix-push-and-report.sh:256:69: warning: Consider invoking this command separately to avoid masking its return value (or use '|| true' to ignore). [SC2312]
.github/scripts/autofix-push-and-report.sh:256:194: warning: Consider invoking this command separately to avoid masking its return value (or use '|| true' to ignore). [SC2312]
.github/scripts/autofix-push-and-report.sh:256:243: warning: Consider invoking this command separately to avoid masking its return value (or use '|| true' to ignore). [SC2312]
.github/scripts/autofix-push-and-report.sh:259:14: warning: Consider invoking this command separately to avoid masking its return value (or use '|| true' to ignore). [SC2312]
.github/scripts/autofix-push-and-report.sh:327:66: warning: Consider invoking this command separately to avoid masking its return value (or use '|| true' to ignore). [SC2312]
.github/scripts/autofix-push-and-report.sh:349:64: warning: Consider invoking this command separately to avoid masking its return value (or use '|| true' to ignore). [SC2312]
.github/scripts/autofix-push-and-report.sh:463:11: warning: TRUSTED_PATH is referenced but not assigned. [SC2154]
.github/scripts/autofix-push-and-report.sh:525:60: warning: Consider invoking this command separately to avoid masking its return value (or use '|| true' to ignore). [SC2312]
.github/scripts/autofix-push-and-report.sh:533:7: warning: RESANITIZE_SHA256 is referenced but not assigned. [SC2154]
.github/scripts/autofix-push-and-report.sh:536:8: warning: OUTCOME is referenced but not assigned. [SC2154]
.github/scripts/autofix-push-and-report.sh:575:72: warning: BRANCH is referenced but not assigned. [SC2154]
.github/scripts/autofix-push-and-report.sh:636:12: warning: Consider invoking this command separately to avoid masking its return value (or use '|| true' to ignore). [SC2312]
.github/scripts/autofix-push-and-report.sh:638:71: warning: MAX_ROUNDS is referenced but not assigned. [SC2154]
.github/scripts/autofix-push-and-report.sh:663:44: warning: Consider invoking this command separately to avoid masking its return value (or use '|| true' to ignore). [SC2312]
.github/scripts/autofix-push-and-report.sh:682:32: warning: NEWEST is referenced but not assigned. [SC2154]
.github/scripts/autofix-push-and-report.sh:699:12: warning: GROWTH_BASE_NEW is referenced but not assigned. [SC2154]
.github/scripts/autofix-push-and-report.sh:700:42: warning: GROWTH_BASE_SRC is referenced but not assigned. [SC2154]
.github/scripts/autofix-push-and-report.sh:700:66: warning: GROWTH_BASE_TEST is referenced but not assigned. [SC2154]
.github/scripts/autofix-push-and-report.sh:706:139: warning: GITHUB_RUN_ID is referenced but not assigned. [SC2154]
.github/scripts/autofix-push-and-report.sh:732:44: warning: Consider invoking this command separately to avoid masking its return value (or use '|| true' to ignore). [SC2312]
.github/scripts/autofix-push-and-report.sh:824:54: warning: TAKEOVER_MAX_ROUNDS is referenced but not assigned. [SC2154]
.github/scripts/autofix-push-and-report.sh:891:1060: warning: TAKEOVER_LABEL is referenced but not assigned. [SC2154]
.github/scripts/autofix-push-and-report.sh:891:1080: warning: TAKEOVER_COMMAND is referenced but not assigned. [SC2154]
.github/scripts/autofix-push-and-report.sh:902:7: warning: ISSUE is referenced but not assigned. [SC2154]
.github/scripts/autofix-push-and-report.sh:911:7: warning: GITHUB_STEP_SUMMARY is referenced but not assigned. [SC2154]
.github/scripts/autofix-status-heartbeat.sh:88:26: warning: HB_START_EPOCH is referenced but not assigned. [SC2154]
.github/scripts/autofix-status-heartbeat.sh:90:13: warning: HB_WORKDIR is referenced but not assigned. [SC2154]
.github/scripts/autofix-status-heartbeat.sh:102:18: warning: HB_ROUND is referenced but not assigned. [SC2154]
.github/scripts/autofix-status-heartbeat.sh:102:32: warning: HB_CAP is referenced but not assigned. [SC2154]
.github/scripts/autofix-status-heartbeat.sh:102:44: warning: HB_URL is referenced but not assigned. [SC2154]
.github/scripts/autofix-status-heartbeat.sh:132:16: warning: TRUSTED_PATH is referenced but not assigned. [SC2154]
.github/scripts/autofix-status-heartbeat.sh:175:11: warning: Consider invoking this command separately to avoid masking its return value (or use '|| true' to ignore). [SC2312]
.github/scripts/autofix-status-heartbeat.sh:175:55: warning: HB_COMMENT_ID is referenced but not assigned. [SC2154]
.github/scripts/autofix-status-heartbeat.sh:182:15: warning: Consider invoking this command separately to avoid masking its return value (or use '|| true' to ignore). [SC2312]
.github/scripts/autofix-status-heartbeat.sh:208:15: warning: Consider invoking this command separately to avoid masking its return value (or use '|| true' to ignore). [SC2312]
.github/scripts/autofix-status-heartbeat.sh:212:15: warning: Consider invoking this command separately to avoid masking its return value (or use '|| true' to ignore). [SC2312]
.github/scripts/autofix-status-heartbeat.sh:216:15: warning: Consider invoking this command separately to avoid masking its return value (or use '|| true' to ignore). [SC2312]
.github/scripts/autofix-status-heartbeat.sh:228:15: warning: Consider invoking this command separately to avoid masking its return value (or use '|| true' to ignore). [SC2312]
.github/scripts/autofix-status-heartbeat.sh:259:14: warning: HB_REPO is referenced but not assigned. [SC2154]
.github/scripts/autofix-status-heartbeat.sh:261:15: warning: Consider invoking this command separately to avoid masking its return value (or use '|| true' to ignore). [SC2312]
.github/scripts/check-disk-floor.sh:29:12: warning: Prefer putting braces around variable references even when not strictly required. [SC2250]
.github/scripts/check-disk-floor.sh:35:49: warning: Prefer putting braces around variable references even when not strictly required. [SC2250]
.github/scripts/check-disk-floor.sh:36:53: warning: Prefer putting braces around variable references even when not strictly required. [SC2250]
.github/scripts/check-disk-floor.sh:40:4: warning: Prefer [[ ]] over [ ] for tests in Bash/Ksh/Busybox. [SC2292]
.github/scripts/check-disk-floor.sh:46:6: warning: Prefer [[ ]] over [ ] for tests in Bash/Ksh/Busybox. [SC2292]
.github/scripts/check-disk-floor.sh:46:14: warning: Prefer putting braces around variable references even when not strictly required. [SC2250]
.github/scripts/check-disk-floor.sh:52:25: warning: Prefer putting braces around variable references even when not strictly required. [SC2250]
.github/scripts/check-disk-floor.sh:53:26: warning: Prefer putting braces around variable references even when not strictly required. [SC2250]
.github/scripts/check-disk-floor.sh:54:37: warning: Prefer putting braces around variable references even when not strictly required. [SC2250]
.github/scripts/check-disk-floor.sh:55:100: warning: Prefer putting braces around variable references even when not strictly required. [SC2250]
.github/scripts/check-disk-floor.sh:56:40: warning: Prefer putting braces around variable references even when not strictly required. [SC2250]
.github/scripts/check-disk-floor.sh:58:3: warning: Consider adding a default *) case, even if it just exits with error. [SC2249]
.github/scripts/check-disk-floor.sh:58:9: warning: Prefer putting braces around variable references even when not strictly required. [SC2250]
.github/scripts/check-disk-floor.sh:59:3: warning: Consider adding a default *) case, even if it just exits with error. [SC2249]
.github/scripts/check-disk-floor.sh:59:9: warning: Prefer putting braces around variable references even when not strictly required. [SC2250]
.github/scripts/check-disk-floor.sh:61:21: warning: Consider invoking this command separately to avoid masking its return value (or use '|| true' to ignore). [SC2312]
.github/scripts/check-disk-floor.sh:63:6: warning: Prefer [[ ]] over [ ] for tests in Bash/Ksh/Busybox. [SC2292]
.github/scripts/check-disk-floor.sh:63:12: warning: Prefer putting braces around variable references even when not strictly required. [SC2250]
.github/scripts/check-disk-floor.sh:63:28: warning: Prefer [[ ]] over [ ] for tests in Bash/Ksh/Busybox. [SC2292]
.github/scripts/check-disk-floor.sh:63:34: warning: Prefer putting braces around variable references even when not strictly required. [SC2250]
.github/scripts/check-disk-floor.sh:68:6: warning: Prefer [[ ]] over [ ] for tests in Bash/Ksh/Busybox. [SC2292]
.github/scripts/check-disk-floor.sh:68:12: warning: Prefer putting braces around variable references even when not strictly required. [SC2250]
.github/scripts/check-disk-floor.sh:68:28: warning: Prefer [[ ]] over [ ] for tests in Bash/Ksh/Busybox. [SC2292]
.github/scripts/check-disk-floor.sh:68:31: warning: Prefer putting braces around variable references even when not strictly required. [SC2250]
.github/scripts/check-disk-floor.sh:68:47: warning: Prefer putting braces around variable references even when not strictly required. [SC2250]
.github/scripts/check-disk-floor.sh:72:6: warning: Prefer [[ ]] over [ ] for tests in Bash/Ksh/Busybox. [SC2292]
.github/scripts/check-disk-floor.sh:72:12: warning: Prefer putting braces around variable references even when not strictly required. [SC2250]
.github/scripts/check-disk-floor.sh:72:31: warning: Prefer [[ ]] over [ ] for tests in Bash/Ksh/Busybox. [SC2292]
.github/scripts/check-disk-floor.sh:72:34: warning: Prefer putting braces around variable references even when not strictly required. [SC2250]
.github/scripts/check-disk-floor.sh:72:53: warning: Prefer putting braces around variable references even when not strictly required. [SC2250]
.github/scripts/check-disk-floor.sh:78:7: warning: Prefer putting braces around variable references even when not strictly required. [SC2250]
.github/scripts/check-settings-schema.sh:35:13: warning: Consider invoking this command separately to avoid masking its return value (or use '|| true' to ignore). [SC2312]
.github/scripts/ci/classify-pr-profile.sh:26:7: warning: Prefer putting braces around variable references even when not strictly required. [SC2250]
.github/scripts/ci/classify-pr-profile.sh:52:4: warning: Prefer [[ ]] over [ ] for tests in Bash/Ksh/Busybox. [SC2292]
.github/scripts/dsw-swe-verified/dispatch-release-benchmark.sh:28:10: warning: ShellCheck can't follow non-constant source. Use a directive to specify location. [SC1090]
.github/scripts/dsw-swe-verified/dispatch-release-benchmark.sh:104:69: warning: Consider invoking this command separately to avoid masking its return value (or use '|| true' to ignore). [SC2312]
.github/scripts/e2e-build-pack.sh:21:4: warning: Prefer [[ ]] over [ ] for tests in Bash/Ksh/Busybox. [SC2292]
.github/scripts/e2e-build-pack.sh:39:4: warning: Prefer [[ ]] over [ ] for tests in Bash/Ksh/Busybox. [SC2292]
.github/scripts/e2e-build-pack.sh:39:10: warning: Prefer putting braces around variable references even when not strictly required. [SC2250]
.github/scripts/e2e-build-pack.sh:46:13: warning: Prefer putting braces around variable references even when not strictly required. [SC2250]
.github/scripts/e2e-build-pack.sh:47:6: warning: Prefer [[ ]] over [ ] for tests in Bash/Ksh/Busybox. [SC2292]
.github/scripts/e2e-build-pack.sh:47:14: warning: Prefer putting braces around variable references even when not strictly required. [SC2250]
.github/scripts/e2e-build-pack.sh:48:55: warning: Prefer putting braces around variable references even when not strictly required. [SC2250]
.github/scripts/e2e-build-pack.sh:65:8: warning: Prefer putting braces around variable references even when not strictly required. [SC2250]
.github/scripts/e2e-build-pack.sh:66:6: warning: Prefer putting braces around variable references even when not strictly required. [SC2250]
.github/scripts/e2e-build-pack.sh:72:4: warning: Prefer [[ ]] over [ ] for tests in Bash/Ksh/Busybox. [SC2292]
.github/scripts/e2e-build-pack.sh:72:9: warning: Consider invoking this command separately to avoid masking its return value (or use '|| true' to ignore). [SC2312]
.github/scripts/e2e-build-pack.sh:72:18: warning: Prefer putting braces around variable references even when not strictly required. [SC2250]
.github/scripts/e2e-build-pack.sh:73:70: warning: Consider invoking this command separately to avoid masking its return value (or use '|| true' to ignore). [SC2312]
.github/scripts/e2e-build-pack.sh:73:99: warning: Prefer putting braces around variable references even when not strictly required. [SC2250]
.github/scripts/e2e-build-pack.sh:76:11: warning: Prefer putting braces around variable references even when not strictly required. [SC2250]
.github/scripts/e2e-build-pack.sh:76:25: warning: Prefer putting braces around variable references even when not strictly required. [SC2250]
.github/scripts/e2e-build-pack.sh:77:8: warning: Prefer putting braces around variable references even when not strictly required. [SC2250]
.github/scripts/e2e-build-unpack.sh:18:4: warning: Prefer [[ ]] over [ ] for tests in Bash/Ksh/Busybox. [SC2292]
.github/scripts/e2e-build-unpack.sh:18:12: warning: Prefer putting braces around variable references even when not strictly required. [SC2250]
.github/scripts/e2e-build-unpack.sh:19:46: warning: Prefer putting braces around variable references even when not strictly required. [SC2250]
.github/scripts/e2e-build-unpack.sh:24:26: warning: Prefer putting braces around variable references even when not strictly required. [SC2250]
.github/scripts/e2e-build-unpack.sh:24:54: warning: Prefer putting braces around variable references even when not strictly required. [SC2250]
.github/scripts/e2e-build-unpack.sh:25:59: warning: Prefer putting braces around variable references even when not strictly required. [SC2250]
.github/scripts/e2e-build-unpack.sh:25:146: warning: Consider invoking this command separately to avoid masking its return value (or use '|| true' to ignore). [SC2312]
.github/scripts/e2e-build-unpack.sh:25:161: warning: Prefer putting braces around variable references even when not strictly required. [SC2250]
.github/scripts/e2e-build-unpack.sh:28:4: warning: Prefer [[ ]] over [ ] for tests in Bash/Ksh/Busybox. [SC2292]
.github/scripts/e2e-build-unpack.sh:28:7: warning: Prefer putting braces around variable references even when not strictly required. [SC2250]
.github/scripts/e2e-build-unpack.sh:38:22: warning: Prefer putting braces around variable references even when not strictly required. [SC2250]
.github/scripts/e2e-build-unpack.sh:39:34: warning: Prefer putting braces around variable references even when not strictly required. [SC2250]
.github/scripts/e2e-build-unpack.sh:43:35: warning: Prefer putting braces around variable references even when not strictly required. [SC2250]
.github/scripts/e2e-build-unpack.sh:44:4: warning: Prefer [[ ]] over [ ] for tests in Bash/Ksh/Busybox. [SC2292]
.github/scripts/e2e-build-unpack.sh:48:8: warning: Prefer putting braces around variable references even when not strictly required. [SC2250]
.github/scripts/ecs-fleet-update-failure-issue.sh:40:17: warning: REPO is referenced but not assigned. [SC2154]
.github/scripts/ecs-fleet-update-failure-issue.sh:40:38: warning: RUN_ID is referenced but not assigned. [SC2154]
.github/scripts/ecs-fleet-update-failure-issue.sh:82:12: warning: RUNNER_TEMP is referenced but not assigned. [SC2154]
.github/scripts/ecs-fleet-update-failure-issue.sh:89:51: warning: RUN_URL is referenced but not assigned. [SC2154]
.github/scripts/ecs-fleet-update-failure-issue.sh:123:12: warning: DEDUP_LABEL is referenced but not assigned. [SC2154]
.github/scripts/ecs-runner/install-qwen-docker-cleanup.sh:10:17: warning: Prefer putting braces around variable references even when not strictly required. [SC2250]
.github/scripts/ecs-runner/install-qwen-docker-cleanup.sh:11:17: warning: Prefer putting braces around variable references even when not strictly required. [SC2250]
.github/scripts/ecs-runner/install-qwen-docker-cleanup.sh:12:17: warning: Prefer putting braces around variable references even when not strictly required. [SC2250]
.github/scripts/ecs-runner/install-qwen-docker-cleanup.sh:13:17: warning: Prefer putting braces around variable references even when not strictly required. [SC2250]
.github/scripts/ecs-runner/qwen-docker-cleanup.sh:28:12: warning: Prefer putting braces around variable references even when not strictly required. [SC2250]
.github/scripts/ecs-runner/qwen-docker-cleanup.sh:29:55: warning: Prefer putting braces around variable references even when not strictly required. [SC2250]
.github/scripts/ecs-runner/qwen-docker-cleanup.sh:30:27: warning: Prefer putting braces around variable references even when not strictly required. [SC2250]
.github/scripts/ecs-runner/qwen-docker-cleanup.sh:32:26: warning: Prefer putting braces around variable references even when not strictly required. [SC2250]
.github/scripts/ecs-runner/qwen-docker-cleanup.sh:32:82: warning: Prefer putting braces around variable references even when not strictly required. [SC2250]
.github/scripts/ecs-runner/qwen-docker-cleanup.sh:34:12: warning: Consider invoking this command separately to avoid masking its return value (or use '|| true' to ignore). [SC2312]
.github/scripts/ecs-runner/qwen-docker-cleanup.sh:34:46: warning: Prefer putting braces around variable references even when not strictly required. [SC2250]
.github/scripts/ecs-runner/qwen-docker-cleanup.sh:39:51: warning: Prefer putting braces around variable references even when not strictly required. [SC2250]
.github/scripts/ecs-runner/qwen-docker-cleanup.sh:40:31: warning: Prefer putting braces around variable references even when not strictly required. [SC2250]
.github/scripts/ecs-runner/qwen-docker-cleanup.sh:63:13: warning: Prefer putting braces around variable references even when not strictly required. [SC2250]
.github/scripts/ecs-runner/qwen-docker-cleanup.sh:64:44: warning: Prefer putting braces around variable references even when not strictly required. [SC2250]
.github/scripts/ecs-runner/qwen-docker-cleanup.sh:65:9: warning: Prefer putting braces around variable references even when not strictly required. [SC2250]
.github/scripts/ecs-runner/qwen-docker-cleanup.sh:67:10: warning: Prefer putting braces around variable references even when not strictly required. [SC2250]
.github/scripts/ecs-runner/qwen-docker-cleanup.sh:68:51: warning: Prefer putting braces around variable references even when not strictly required. [SC2250]
.github/scripts/ecs-runner/qwen-docker-cleanup.sh:71:77: warning: Prefer putting braces around variable references even when not strictly required. [SC2250]
.github/scripts/ecs-runner/qwen-docker-cleanup.sh:77:7: warning: Prefer putting braces around variable references even when not strictly required. [SC2250]
.github/scripts/find-marked-issue.sh:29:14: warning: RUNNER_TEMP is referenced but not assigned. [SC2154]
.github/scripts/find-marked-issue.sh:31:11: warning: REPO is referenced but not assigned. [SC2154]
.github/scripts/find-marked-issue.sh:33:12: warning: DEDUP_LABEL is referenced but not assigned. [SC2154]
.github/scripts/find-marked-issue.sh:50:26: warning: MARKER_HTML is referenced but not assigned. [SC2154]
.github/scripts/image-build-failure-issue.sh:16:8: warning: EVENT_NAME is referenced but not assigned. [SC2154]
.github/scripts/image-build-failure-issue.sh:17:12: warning: TAG_NAME is referenced but not assigned. [SC2154]
.github/scripts/image-build-failure-issue.sh:19:12: warning: INPUT_VERSION is referenced but not assigned. [SC2154]
.github/scripts/image-build-failure-issue.sh:56:12: warning: RUNNER_TEMP is referenced but not assigned. [SC2154]
.github/scripts/image-build-failure-issue.sh:83:23: warning: RUN_URL is referenced but not assigned. [SC2154]
.github/scripts/image-build-failure-issue.sh:86:13: warning: REPO is referenced but not assigned. [SC2154]
.github/scripts/image-build-failure-issue.sh:90:14: warning: DEDUP_LABEL is referenced but not assigned. [SC2154]
.github/scripts/image-build-failure-issue.sh:130:18: warning: Consider invoking this command separately to avoid masking its return value (or use '|| true' to ignore). [SC2312]
.github/scripts/image-build-failure-issue.sh:131:10: warning: Consider invoking this command separately to avoid masking its return value (or use '|| true' to ignore). [SC2312]
.github/scripts/image-build-failure-issue.sh:132:20: warning: Consider invoking this command separately to avoid masking its return value (or use '|| true' to ignore). [SC2312]
.github/scripts/image-build-failure-issue.sh:137:13: warning: Consider invoking this command separately to avoid masking its return value (or use '|| true' to ignore). [SC2312]
.github/scripts/resanitize-git-config.sh:25:4: warning: Prefer [[ ]] over [ ] for tests in Bash/Ksh/Busybox. [SC2292]
.github/scripts/resanitize-git-config.sh:41:66: warning: Prefer putting braces around variable references even when not strictly required. [SC2250]
.github/scripts/resanitize-git-config.sh:53:102: warning: Prefer putting braces around variable references even when not strictly required. [SC2250]
.github/scripts/run-autofix-review-verification.sh:42:27: warning: RUNNER_TEMP is referenced but not assigned. [SC2154]
.github/scripts/run-autofix-review-verification.sh:44:60: warning: Consider invoking this command separately to avoid masking its return value (or use '|| true' to ignore). [SC2312]
.github/scripts/run-autofix-review-verification.sh:45:4: warning: Prefer [[ ]] over [ ] for tests in Bash/Ksh/Busybox. [SC2292]
.github/scripts/run-autofix-review-verification.sh:94:26: warning: BRANCH is referenced but not assigned. [SC2154]
.github/scripts/run-autofix-review-verification.sh:99:11: warning: WORKDIR is referenced but not assigned. [SC2154]
.github/scripts/run-autofix-review-verification.sh:236:43: warning: Consider invoking this command separately to avoid masking its return value (or use '|| true' to ignore). [SC2312]
.github/scripts/run-autofix-review-verification.sh:279:43: warning: Consider invoking this command separately to avoid masking its return value (or use '|| true' to ignore). [SC2312]
.github/scripts/run-autofix-review-verification.sh:537:12: warning: Consider invoking this command separately to avoid masking its return value (or use '|| true' to ignore). [SC2312]
.github/scripts/run-autofix-review-verification.sh:540:15: warning: Consider invoking this command separately to avoid masking its return value (or use '|| true' to ignore). [SC2312]
.github/scripts/run-autofix-review-verification.sh:546:13: warning: Consider invoking this command separately to avoid masking its return value (or use '|| true' to ignore). [SC2312]
.github/scripts/run-autofix-review-verification.sh:632:27: warning: Consider invoking this command separately to avoid masking its return value (or use '|| true' to ignore). [SC2312]
.github/scripts/run-autofix-review-verification.sh:696:12: warning: Consider invoking this command separately to avoid masking its return value (or use '|| true' to ignore). [SC2312]
.github/scripts/run-autofix-review-verification.sh:696:58: warning: Consider invoking this command separately to avoid masking its return value (or use '|| true' to ignore). [SC2312]
.github/scripts/run-autofix-review-verification.sh:707:32: warning: Consider invoking this command separately to avoid masking its return value (or use '|| true' to ignore). [SC2312]
.github/scripts/run-autofix-review-verification.sh:736:8: warning: Consider adding a default *) case, even if it just exits with error. [SC2249]
.github/scripts/run-autofix-review-verification.sh:780:3: warning: Consider adding a default *) case, even if it just exits with error. [SC2249]
.github/scripts/run-autofix-review-verification.sh:795:5: warning: Consider adding a default *) case, even if it just exits with error. [SC2249]
.github/scripts/run-autofix-review-verification.sh:835:10: warning: Consider invoking this command separately to avoid masking its return value (or use '|| true' to ignore). [SC2312]
.github/scripts/run-autofix-review-verification.sh:842:7: warning: Consider adding a default *) case, even if it just exits with error. [SC2249]
.github/scripts/run-autofix-review-verification.sh:870:12: warning: Consider invoking this command separately to avoid masking its return value (or use '|| true' to ignore). [SC2312]
.github/scripts/run-autofix-review-verification.sh:924:12: warning: Consider invoking this command separately to avoid masking its return value (or use '|| true' to ignore). [SC2312]
.github/scripts/run-autofix-review-verification.sh:924:58: warning: Consider invoking this command separately to avoid masking its return value (or use '|| true' to ignore). [SC2312]
.github/scripts/run-autofix-review-verification.sh:966:25: warning: Consider invoking this command separately to avoid masking its return value (or use '|| true' to ignore). [SC2312]
.github/scripts/run-autofix-review-verification.sh:966:77: warning: Consider invoking this command separately to avoid masking its return value (or use '|| true' to ignore). [SC2312]
.github/scripts/run-autofix-review-verification.sh:982:47: warning: Consider invoking this command separately to avoid masking its return value (or use '|| true' to ignore). [SC2312]
.github/scripts/run-autofix-review-verification.sh:1460:24: warning: Consider invoking this command separately to avoid masking its return value (or use '|| true' to ignore). [SC2312]
.github/scripts/run-autofix-review-verification.sh:1518:16: warning: Consider invoking this command separately to avoid masking its return value (or use '|| true' to ignore). [SC2312]
.github/scripts/run-autofix-review-verification.sh:1519:10: warning: Consider invoking this command separately to avoid masking its return value (or use '|| true' to ignore). [SC2312]
.github/scripts/run-autofix-review-verification.sh:1588:46: warning: Consider invoking this command separately to avoid masking its return value (or use '|| true' to ignore). [SC2312]
.github/scripts/run-autofix-review-verification.sh:1588:55: warning: Consider invoking this command separately to avoid masking its return value (or use '|| true' to ignore). [SC2312]
.github/scripts/run-autofix-review-verification.sh:1865:12: warning: Consider invoking this command separately to avoid masking its return value (or use '|| true' to ignore). [SC2312]
.github/scripts/run-e2e-tests.sh:9:6: warning: Prefer [[ ]] over [ ] for tests in Bash/Ksh/Busybox. [SC2292]
.github/scripts/run-e2e-tests.sh:9:9: warning: Prefer putting braces around variable references even when not strictly required. [SC2250]
.github/scripts/run-e2e-tests.sh:10:86: warning: E2E_CONTAINER_OWNER is referenced but not assigned. [SC2154]
.github/scripts/run-e2e-tests.sh:11:8: warning: Prefer [[ ]] over [ ] for tests in Bash/Ksh/Busybox. [SC2292]
.github/scripts/run-e2e-tests.sh:11:14: warning: Prefer putting braces around variable references even when not strictly required. [SC2250]
.github/scripts/run-e2e-tests.sh:12:22: warning: Prefer putting braces around variable references even when not strictly required. [SC2250]
.github/scripts/run-e2e-tests.sh:15:6: warning: Prefer [[ ]] over [ ] for tests in Bash/Ksh/Busybox. [SC2292]
.github/scripts/run-e2e-tests.sh:16:13: warning: Prefer putting braces around variable references even when not strictly required. [SC2250]
.github/scripts/run-e2e-tests.sh:22:4: warning: Prefer [[ ]] over [ ] for tests in Bash/Ksh/Busybox. [SC2292]
.github/scripts/run-e2e-tests.sh:22:7: warning: Prefer putting braces around variable references even when not strictly required. [SC2250]
.github/scripts/run-e2e-tests.sh:23:97: warning: GITHUB_SHA is referenced but not assigned. [SC2154]
.github/scripts/run-e2e-tests.sh:31:48: warning: Prefer putting braces around variable references even when not strictly required. [SC2250]
.github/scripts/run-e2e-tests.sh:34:6: warning: Prefer [[ ]] over [ ] for tests in Bash/Ksh/Busybox. [SC2292]
.github/scripts/run-e2e-tests.sh:34:9: warning: RUNNER_ENVIRONMENT is referenced but not assigned. [SC2154]
.github/scripts/run-e2e-tests.sh:34:9: warning: Prefer putting braces around variable references even when not strictly required. [SC2250]
.github/scripts/run-e2e-tests.sh:60:30: warning: Prefer putting braces around variable references even when not strictly required. [SC2250]
.github/scripts/run-e2e-tests.sh:61:8: warning: Prefer [[ ]] over [ ] for tests in Bash/Ksh/Busybox. [SC2292]
.github/scripts/run-e2e-tests.sh:61:11: warning: Prefer putting braces around variable references even when not strictly required. [SC2250]
.github/scripts/run-e2e-tests.sh:78:8: warning: Prefer [[ ]] over [ ] for tests in Bash/Ksh/Busybox. [SC2292]
.github/scripts/run-e2e-tests.sh:78:11: warning: Prefer putting braces around variable references even when not strictly required. [SC2250]
.github/scripts/run-e2e-tests.sh:86:64: warning: Prefer putting braces around variable references even when not strictly required. [SC2250]
.github/scripts/run-e2e-tests.sh:87:30: warning: Prefer putting braces around variable references even when not strictly required. [SC2250]
.github/scripts/run-e2e-tests.sh:88:6: warning: Prefer [[ ]] over [ ] for tests in Bash/Ksh/Busybox. [SC2292]
.github/scripts/run-e2e-tests.sh:88:9: warning: Prefer putting braces around variable references even when not strictly required. [SC2250]
.github/scripts/run-e2e-tests.sh:95:4: warning: Prefer [[ ]] over [ ] for tests in Bash/Ksh/Busybox. [SC2292]
.github/scripts/run-e2e-tests.sh:97:6: warning: Prefer [[ ]] over [ ] for tests in Bash/Ksh/Busybox. [SC2292]
.github/scripts/run-e2e-tests.sh:97:12: warning: Prefer putting braces around variable references even when not strictly required. [SC2250]
.github/scripts/run-e2e-tests.sh:98:13: warning: Prefer putting braces around variable references even when not strictly required. [SC2250]
.github/scripts/run-e2e-tests.sh:112:6: warning: Prefer [[ ]] over [ ] for tests in Bash/Ksh/Busybox. [SC2292]
.github/scripts/run-e2e-tests.sh:112:9: warning: Prefer putting braces around variable references even when not strictly required. [SC2250]
.github/scripts/run-e2e-tests.sh:126:12: warning: Prefer putting braces around variable references even when not strictly required. [SC2250]
.github/scripts/run-e2e-tests.sh:134:4: warning: Prefer [[ ]] over [ ] for tests in Bash/Ksh/Busybox. [SC2292]
.github/scripts/run-e2e-tests.sh:134:7: warning: Prefer putting braces around variable references even when not strictly required. [SC2250]
.github/scripts/run-release-docker-integration.sh:5:84: warning: RELEASE_CONTAINER_OWNER is referenced but not assigned. [SC2154]
.github/scripts/run-release-docker-integration.sh:6:6: warning: Prefer [[ ]] over [ ] for tests in Bash/Ksh/Busybox. [SC2292]
.github/scripts/run-release-docker-integration.sh:6:12: warning: Prefer putting braces around variable references even when not strictly required. [SC2250]
.github/scripts/run-release-docker-integration.sh:7:20: warning: Prefer putting braces around variable references even when not strictly required. [SC2250]
.github/scripts/run-release-docker-integration.sh:11:4: warning: Prefer [[ ]] over [ ] for tests in Bash/Ksh/Busybox. [SC2292]
.github/scripts/run-release-docker-integration.sh:14:6: warning: Prefer [[ ]] over [ ] for tests in Bash/Ksh/Busybox. [SC2292]
.github/scripts/run-release-docker-integration.sh:14:12: warning: Prefer putting braces around variable references even when not strictly required. [SC2250]
.github/scripts/run-release-docker-integration.sh:27:4: warning: Prefer [[ ]] over [ ] for tests in Bash/Ksh/Busybox. [SC2292]
.github/scripts/run-release-docker-integration.sh:27:7: warning: RUNNER_ENVIRONMENT is referenced but not assigned. [SC2154]
.github/scripts/run-release-docker-integration.sh:27:7: warning: Prefer putting braces around variable references even when not strictly required. [SC2250]
.github/scripts/run-release-docker-integration.sh:44:28: warning: Prefer putting braces around variable references even when not strictly required. [SC2250]
.github/scripts/run-release-docker-integration.sh:45:6: warning: Prefer [[ ]] over [ ] for tests in Bash/Ksh/Busybox. [SC2292]
.github/scripts/run-release-docker-integration.sh:45:9: warning: Prefer putting braces around variable references even when not strictly required. [SC2250]
.github/scripts/run-release-docker-integration.sh:57:46: warning: Prefer putting braces around variable references even when not strictly required. [SC2250]
.github/scripts/run-release-docker-integration.sh:58:6: warning: Prefer [[ ]] over [ ] for tests in Bash/Ksh/Busybox. [SC2292]
.github/scripts/run-release-docker-integration.sh:58:9: warning: Prefer putting braces around variable references even when not strictly required. [SC2250]
.github/scripts/run-release-docker-integration.sh:63:62: warning: Prefer putting braces around variable references even when not strictly required. [SC2250]
.github/scripts/run-release-docker-integration.sh:64:28: warning: Prefer putting braces around variable references even when not strictly required. [SC2250]
.github/scripts/run-release-docker-integration.sh:65:4: warning: Prefer [[ ]] over [ ] for tests in Bash/Ksh/Busybox. [SC2292]
.github/scripts/run-release-docker-integration.sh:65:7: warning: Prefer putting braces around variable references even when not strictly required. [SC2250]
.github/scripts/run-release-step.sh:19:42: warning: NPM_TAG is referenced but not assigned. [SC2154]
.github/scripts/run-release-step.sh:20:12: warning: IS_DRY_RUN is referenced but not assigned. [SC2154]
.github/scripts/run-release-step.sh:22:36: warning: RELEASE_VERSION is referenced but not assigned. [SC2154]
.github/scripts/run-release-step.sh:33:12: warning: CRON is referenced but not assigned. [SC2154]
.github/scripts/run-release-step.sh:33:41: warning: CREATE_NIGHTLY_RELEASE is referenced but not assigned. [SC2154]
.github/scripts/run-release-step.sh:36:49: warning: GITHUB_OUTPUT is referenced but not assigned. [SC2154]
.github/scripts/run-release-step.sh:39:41: warning: CREATE_PREVIEW_RELEASE is referenced but not assigned. [SC2154]
.github/scripts/run-release-step.sh:45:12: warning: DRY_RUN_INPUT is referenced but not assigned. [SC2154]
.github/scripts/run-release-step.sh:52:25: warning: Consider invoking this command separately to avoid masking its return value (or use '|| true' to ignore). [SC2312]
.github/scripts/run-release-step.sh:57:12: warning: IS_NIGHTLY is referenced but not assigned. [SC2154]
.github/scripts/run-release-step.sh:59:14: warning: IS_PREVIEW is referenced but not assigned. [SC2154]
.github/scripts/run-release-step.sh:80:31: warning: Prefer putting braces around variable references even when not strictly required. [SC2250]
.github/scripts/run-release-step.sh:80:48: warning: Consider invoking this command separately to avoid masking its return value (or use '|| true' to ignore). [SC2312]
.github/scripts/run-release-step.sh:80:72: warning: Prefer putting braces around variable references even when not strictly required. [SC2250]
.github/scripts/run-release-step.sh:81:35: warning: Prefer putting braces around variable references even when not strictly required. [SC2250]
.github/scripts/run-release-step.sh:81:52: warning: Consider invoking this command separately to avoid masking its return value (or use '|| true' to ignore). [SC2312]
.github/scripts/run-release-step.sh:81:80: warning: Prefer putting braces around variable references even when not strictly required. [SC2250]
.github/scripts/run-release-step.sh:82:27: warning: Prefer putting braces around variable references even when not strictly required. [SC2250]
.github/scripts/run-release-step.sh:82:44: warning: Consider invoking this command separately to avoid masking its return value (or use '|| true' to ignore). [SC2312]
.github/scripts/run-release-step.sh:82:64: warning: Prefer putting braces around variable references even when not strictly required. [SC2250]
.github/scripts/run-release-step.sh:83:40: warning: Prefer putting braces around variable references even when not strictly required. [SC2250]
.github/scripts/run-release-step.sh:83:57: warning: Consider invoking this command separately to avoid masking its return value (or use '|| true' to ignore). [SC2312]
.github/scripts/run-release-step.sh:83:89: warning: Prefer putting braces around variable references even when not strictly required. [SC2250]
.github/scripts/run-release-step.sh:90:14: warning: Consider invoking this command separately to avoid masking its return value (or use '|| true' to ignore). [SC2312]
.github/scripts/run-release-step.sh:96:15: warning: RUNNER_TEMP is referenced but not assigned. [SC2154]
.github/scripts/run-release-step.sh:113:34: warning: RELEASE_TAG is referenced but not assigned. [SC2154]
.github/scripts/run-release-step.sh:129:24: warning: CI_BOT_PAT is referenced but not assigned. [SC2154]
.github/scripts/run-release-step.sh:172:12: warning: OPENTUI_PREVIEW_RELEASE_ENABLED is referenced but not assigned. [SC2154]
.github/scripts/run-release-step.sh:175:100: warning: Prefer double quoting even when variables don't contain special characters. [SC2248]
.github/scripts/run-release-step.sh:197:66: warning: Prefer double quoting even when variables don't contain special characters. [SC2248]
.github/scripts/run-release-step.sh:201:51: warning: GITHUB_REPOSITORY is referenced but not assigned. [SC2154]
.github/scripts/run-release-step.sh:229:30: warning: RELEASE_BRANCH is referenced but not assigned. [SC2154]
.github/scripts/run-release-step.sh:242:21: warning: GITHUB_SERVER_URL is referenced but not assigned. [SC2154]
.github/scripts/run-release-step.sh:251:7: warning: Prefer double quoting even when variables don't contain special characters. [SC2248]
.github/scripts/run-release-step.sh:267:18: warning: PREPARE_RESULT is referenced but not assigned. [SC2154]
.github/scripts/run-release-step.sh:268:18: warning: QUALITY_RESULT is referenced but not assigned. [SC2154]
.github/scripts/run-release-step.sh:269:27: warning: INTEGRATION_NONE_RESULT is referenced but not assigned. [SC2154]
.github/scripts/run-release-step.sh:270:29: warning: INTEGRATION_DOCKER_RESULT is referenced but not assigned. [SC2154]
.github/scripts/run-release-step.sh:271:18: warning: PUBLISH_RESULT is referenced but not assigned. [SC2154]
.github/scripts/run-release-step.sh:288:6: warning: DETAILS_URL is referenced but not assigned. [SC2154]
.github/scripts/run-release-step.sh:300:29: warning: GH_REPO is referenced but not assigned. [SC2154]
.github/scripts/run-release-step.sh:308:22: warning: AUTOFIX_APPROVED_LABEL is referenced but not assigned. [SC2154]
.github/scripts/run-release-step.sh:343:24: warning: BUG_LABEL is referenced but not assigned. [SC2154]
.github/scripts/run-release-step.sh:343:37: warning: READY_FOR_AGENT_LABEL is referenced but not assigned. [SC2154]
.github/scripts/run-release-step.sh:352:57: warning: Consider invoking this command separately to avoid masking its return value (or use '|| true' to ignore). [SC2312]
.github/scripts/run-release-workspace-tests.sh:6:4: warning: Prefer [[ ]] over [ ] for tests in Bash/Ksh/Busybox. [SC2292]
.github/scripts/run-release-workspace-tests.sh:6:32: warning: Prefer [[ ]] over [ ] for tests in Bash/Ksh/Busybox. [SC2292]
.github/scripts/run-release-workspace-tests.sh:43:8: warning: Prefer [[ ]] over [ ] for tests in Bash/Ksh/Busybox. [SC2292]
.github/scripts/run-release-workspace-tests.sh:46:10: warning: Prefer [[ ]] over [ ] for tests in Bash/Ksh/Busybox. [SC2292]
.github/scripts/upsert-bot-comment.sh:37:8: warning: Prefer [[ ]] over [ ] for tests in Bash/Ksh/Busybox. [SC2292]
.github/scripts/upsert-bot-comment.sh:47:8: warning: Prefer [[ ]] over [ ] for tests in Bash/Ksh/Busybox. [SC2292]
.github/scripts/upsert-bot-comment.sh:54:10: warning: Prefer [[ ]] over [ ] for tests in Bash/Ksh/Busybox. [SC2292]
.github/scripts/upsert-deferred-issue.sh:34:11: warning: WORKDIR is referenced but not assigned. [SC2154]
.github/scripts/upsert-deferred-issue.sh:179:34: warning: PR is referenced but not assigned. [SC2154]
.github/scripts/upsert-deferred-issue.sh:197:35: warning: REPO is referenced but not assigned. [SC2154]
.github/scripts/upsert-deferred-issue.sh:197:68: warning: AUTOFIX_BOT is referenced but not assigned. [SC2154]
.github/scripts/upsert-deferred-issue.sh:199:70: warning: Consider invoking this command separately to avoid masking its return value (or use '|| true' to ignore). [SC2312]
.github/scripts/upsert-deferred-issue.sh:249:67: warning: Consider invoking this command separately to avoid masking its return value (or use '|| true' to ignore). [SC2312]
.github/scripts/upsert-deferred-issue.sh:259:77: warning: Consider invoking this command separately to avoid masking its return value (or use '|| true' to ignore). [SC2312]
.github/scripts/upsert-deferred-issue.sh:520:95: warning: Consider invoking this command separately to avoid masking its return value (or use '|| true' to ignore). [SC2312]
.github/scripts/upsert-deferred-issue.sh:527:84: warning: Consider invoking this command separately to avoid masking its return value (or use '|| true' to ignore). [SC2312]
.github/scripts/upsert-deferred-issue.sh:536:83: warning: Consider invoking this command separately to avoid masking its return value (or use '|| true' to ignore). [SC2312]
.qwen/skills/agent-reproduce-feature/scripts/run_with_mitm.sh:49:1: warning: This function is never invoked. Check usage (or ignored if invoked indirectly). [SC2329]
.qwen/skills/memory-leak-debug/scripts/find-leaf-node.sh:8:27: warning: Prefer putting braces around variable references even when not strictly required. [SC2250]
.qwen/skills/memory-leak-debug/scripts/find-leaf-node.sh:11:21: warning: Prefer putting braces around variable references even when not strictly required. [SC2250]
.qwen/skills/memory-leak-debug/scripts/find-leaf-node.sh:12:3: warning: Prefer [[ ]] over [ ] for tests in Bash/Ksh/Busybox. [SC2292]
.qwen/skills/memory-leak-debug/scripts/find-leaf-node.sh:12:9: warning: Prefer putting braces around variable references even when not strictly required. [SC2250]
.qwen/skills/memory-leak-debug/scripts/find-leaf-node.sh:13:7: warning: Prefer putting braces around variable references even when not strictly required. [SC2250]
.qwen/skills/memory-leak-debug/scripts/find-leaf-node.sh:16:7: warning: Prefer putting braces around variable references even when not strictly required. [SC2250]
.qwen/skills/tmux-real-user-testing/scripts/tmux-real-user-log.sh:32:19: warning: Prefer putting braces around variable references even when not strictly required. [SC2250]
.qwen/skills/tmux-real-user-testing/scripts/tmux-real-user-log.sh:32:42: warning: Prefer putting braces around variable references even when not strictly required. [SC2250]
.qwen/skills/tmux-real-user-testing/scripts/tmux-real-user-log.sh:32:58: warning: Prefer putting braces around variable references even when not strictly required. [SC2250]
.qwen/skills/tmux-real-user-testing/scripts/tmux-real-user-log.sh:41:7: warning: Prefer putting braces around variable references even when not strictly required. [SC2250]
.qwen/skills/tmux-real-user-testing/scripts/tmux-real-user-log.sh:48:13: warning: Prefer putting braces around variable references even when not strictly required. [SC2250]
.qwen/skills/tmux-real-user-testing/scripts/tmux-real-user-log.sh:52:29: warning: Prefer putting braces around variable references even when not strictly required. [SC2250]
.qwen/skills/tmux-real-user-testing/scripts/tmux-real-user-log.sh:53:34: warning: Prefer putting braces around variable references even when not strictly required. [SC2250]
.qwen/skills/tmux-real-user-testing/scripts/tmux-real-user-log.sh:57:15: warning: Prefer putting braces around variable references even when not strictly required. [SC2250]
.qwen/skills/tmux-real-user-testing/scripts/tmux-real-user-log.sh:59:29: warning: Prefer putting braces around variable references even when not strictly required. [SC2250]
.qwen/skills/tmux-real-user-testing/scripts/tmux-real-user-log.sh:59:56: warning: Prefer putting braces around variable references even when not strictly required. [SC2250]
.qwen/skills/tmux-real-user-testing/scripts/tmux-real-user-log.sh:59:67: warning: Prefer putting braces around variable references even when not strictly required. [SC2250]
.qwen/skills/tmux-real-user-testing/scripts/tmux-real-user-log.sh:61:35: warning: Prefer putting braces around variable references even when not strictly required. [SC2250]
.qwen/skills/tmux-real-user-testing/scripts/tmux-real-user-log.sh:62:34: warning: Prefer putting braces around variable references even when not strictly required. [SC2250]
.qwen/skills/tmux-real-user-testing/scripts/tmux-real-user-log.sh:63:54: warning: Prefer putting braces around variable references even when not strictly required. [SC2250]
.qwen/skills/tmux-real-user-testing/scripts/tmux-real-user-log.sh:72:15: warning: Prefer putting braces around variable references even when not strictly required. [SC2250]
.qwen/skills/tmux-real-user-testing/scripts/tmux-real-user-log.sh:73:10: warning: Prefer putting braces around variable references even when not strictly required. [SC2250]
.qwen/skills/tmux-real-user-testing/scripts/tmux-real-user-log.sh:75:36: warning: Prefer putting braces around variable references even when not strictly required. [SC2250]
.qwen/skills/tmux-real-user-testing/scripts/tmux-real-user-log.sh:76:29: warning: Prefer putting braces around variable references even when not strictly required. [SC2250]
.qwen/skills/tmux-real-user-testing/scripts/tmux-real-user-log.sh:76:46: warning: Prefer putting braces around variable references even when not strictly required. [SC2250]
.qwen/skills/tmux-real-user-testing/scripts/tmux-real-user-log.sh:77:11: warning: Prefer putting braces around variable references even when not strictly required. [SC2250]
.qwen/skills/tmux-real-user-testing/scripts/tmux-real-user-log.sh:85:26: warning: Prefer putting braces around variable references even when not strictly required. [SC2250]
.qwen/skills/tmux-real-user-testing/scripts/tmux-real-user-log.sh:85:40: warning: Prefer putting braces around variable references even when not strictly required. [SC2250]
.qwen/skills/tmux-real-user-testing/scripts/tmux-real-user-log.sh:94:24: warning: Prefer putting braces around variable references even when not strictly required. [SC2250]
.qwen/skills/tmux-real-user-testing/scripts/tmux-real-user-log.sh:94:38: warning: Prefer putting braces around variable references even when not strictly required. [SC2250]
.qwen/skills/tmux-real-user-testing/scripts/tmux-real-user-log.sh:96:24: warning: Prefer putting braces around variable references even when not strictly required. [SC2250]
.qwen/skills/tmux-real-user-testing/scripts/tmux-real-user-log.sh:107:15: warning: Prefer putting braces around variable references even when not strictly required. [SC2250]
.qwen/skills/tmux-real-user-testing/scripts/tmux-real-user-log.sh:108:23: warning: Prefer putting braces around variable references even when not strictly required. [SC2250]
.qwen/skills/tmux-real-user-testing/scripts/tmux-real-user-log.sh:109:14: warning: Prefer putting braces around variable references even when not strictly required. [SC2250]
.qwen/skills/tmux-real-user-testing/scripts/tmux-real-user-log.sh:110:29: warning: Prefer putting braces around variable references even when not strictly required. [SC2250]
.qwen/skills/tmux-real-user-testing/scripts/tmux-real-user-log.sh:110:46: warning: Prefer putting braces around variable references even when not strictly required. [SC2250]
.qwen/skills/tmux-real-user-testing/scripts/tmux-real-user-log.sh:110:62: warning: Prefer putting braces around variable references even when not strictly required. [SC2250]
.qwen/skills/tmux-real-user-testing/scripts/tmux-real-user-log.sh:111:20: warning: Prefer putting braces around variable references even when not strictly required. [SC2250]
.qwen/skills/tmux-real-user-testing/scripts/tmux-real-user-log.sh:111:29: warning: Prefer putting braces around variable references even when not strictly required. [SC2250]
.qwen/skills/tmux-real-user-testing/scripts/tmux-real-user-log.sh:112:14: warning: Prefer putting braces around variable references even when not strictly required. [SC2250]
.qwen/skills/tmux-real-user-testing/scripts/tmux-real-user-log.sh:116:10: warning: Prefer putting braces around variable references even when not strictly required. [SC2250]
.qwen/skills/tmux-real-user-testing/scripts/tmux-real-user-log.sh:124:10: warning: Prefer putting braces around variable references even when not strictly required. [SC2250]
.qwen/skills/tmux-real-user-testing/scripts/tmux-real-user-log.sh:125:27: warning: Prefer putting braces around variable references even when not strictly required. [SC2250]
.qwen/skills/tmux-real-user-testing/scripts/tmux-real-user-log.sh:125:53: warning: Prefer putting braces around variable references even when not strictly required. [SC2250]
.qwen/skills/tmux-real-user-testing/scripts/tmux-real-user-log.sh:128:12: warning: Prefer putting braces around variable references even when not strictly required. [SC2250]
.qwen/skills/tmux-real-user-testing/scripts/tmux-real-user-log.sh:129:11: warning: Prefer putting braces around variable references even when not strictly required. [SC2250]
.qwen/skills/tmux-real-user-testing/scripts/tmux-real-user-log.sh:130:27: warning: Prefer putting braces around variable references even when not strictly required. [SC2250]
.qwen/skills/tmux-real-user-testing/scripts/tmux-real-user-log.sh:131:12: warning: Prefer putting braces around variable references even when not strictly required. [SC2250]
.qwen/skills/tmux-real-user-testing/scripts/tmux-real-user-log.sh:131:19: warning: Prefer putting braces around variable references even when not strictly required. [SC2250]
.qwen/skills/tmux-real-user-testing/scripts/tmux-real-user-log.sh:139:35: warning: Prefer putting braces around variable references even when not strictly required. [SC2250]
docs/verification/abort-controller-refactor/scripts/02-lite.sh:6:6: warning: Prefer putting braces around variable references even when not strictly required. [SC2250]
docs/verification/abort-controller-refactor/scripts/02-lite.sh:7:22: warning: Prefer putting braces around variable references even when not strictly required. [SC2250]
docs/verification/abort-controller-refactor/scripts/02-lite.sh:9:37: warning: Prefer putting braces around variable references even when not strictly required. [SC2250]
docs/verification/abort-controller-refactor/scripts/02-lite.sh:10:59: warning: Prefer putting braces around variable references even when not strictly required. [SC2250]
docs/verification/abort-controller-refactor/scripts/02-lite.sh:12:1: warning: i appears unused. Verify use (or export if used externally). [SC2034]
docs/verification/abort-controller-refactor/scripts/02-lite.sh:13:16: warning: Prefer double quoting even when variables don't contain special characters. [SC2248]
docs/verification/abort-controller-refactor/scripts/02-lite.sh:13:16: warning: Prefer putting braces around variable references even when not strictly required. [SC2250]
docs/verification/abort-controller-refactor/scripts/02-lite.sh:16:12: warning: Prefer double quoting even when variables don't contain special characters. [SC2248]
docs/verification/abort-controller-refactor/scripts/02-lite.sh:16:12: warning: Prefer putting braces around variable references even when not strictly required. [SC2250]
docs/verification/abort-controller-refactor/scripts/02-lite.sh:16:43: warning: Prefer double quoting even when variables don't contain special characters. [SC2248]
docs/verification/abort-controller-refactor/scripts/02-lite.sh:16:43: warning: Prefer putting braces around variable references even when not strictly required. [SC2250]
docs/verification/abort-controller-refactor/scripts/02-lite.sh:17:6: warning: Prefer double quoting even when variables don't contain special characters. [SC2248]
docs/verification/abort-controller-refactor/scripts/02-lite.sh:17:6: warning: Prefer putting braces around variable references even when not strictly required. [SC2250]
docs/verification/abort-controller-refactor/scripts/02-lite.sh:20:12: warning: Prefer putting braces around variable references even when not strictly required. [SC2250]
docs/verification/abort-controller-refactor/scripts/02-lite.sh:21:44: warning: Consider invoking this command separately to avoid masking its return value (or use '|| true' to ignore). [SC2312]
docs/verification/abort-controller-refactor/scripts/02-lite.sh:21:81: warning: Prefer putting braces around variable references even when not strictly required. [SC2250]
docs/verification/abort-controller-refactor/scripts/02-lite.sh:23:6: warning: Prefer putting braces around variable references even when not strictly required. [SC2250]
docs/verification/abort-controller-refactor/scripts/06-headless-sigint.sh:6:6: warning: Prefer putting braces around variable references even when not strictly required. [SC2250]
docs/verification/abort-controller-refactor/scripts/06-headless-sigint.sh:7:22: warning: Prefer putting braces around variable references even when not strictly required. [SC2250]
docs/verification/abort-controller-refactor/scripts/06-headless-sigint.sh:9:37: warning: Prefer putting braces around variable references even when not strictly required. [SC2250]
docs/verification/abort-controller-refactor/scripts/06-headless-sigint.sh:10:109: warning: Prefer putting braces around variable references even when not strictly required. [SC2250]
docs/verification/abort-controller-refactor/scripts/06-headless-sigint.sh:13:11: warning: Prefer double quoting even when variables don't contain special characters. [SC2248]
docs/verification/abort-controller-refactor/scripts/06-headless-sigint.sh:13:11: warning: Prefer putting braces around variable references even when not strictly required. [SC2250]
docs/verification/abort-controller-refactor/scripts/06-headless-sigint.sh:14:6: warning: Prefer double quoting even when variables don't contain special characters. [SC2248]
docs/verification/abort-controller-refactor/scripts/06-headless-sigint.sh:14:6: warning: Prefer putting braces around variable references even when not strictly required. [SC2250]
docs/verification/abort-controller-refactor/scripts/06-headless-sigint.sh:17:17: warning: Prefer putting braces around variable references even when not strictly required. [SC2250]
docs/verification/abort-controller-refactor/scripts/06-headless-sigint.sh:18:44: warning: Consider invoking this command separately to avoid masking its return value (or use '|| true' to ignore). [SC2312]
docs/verification/abort-controller-refactor/scripts/06-headless-sigint.sh:18:81: warning: Prefer putting braces around variable references even when not strictly required. [SC2250]
integration-tests/terminal-capture/scenarios/progress.sh:10:26: warning: Consider invoking this command separately to avoid masking its return value (or use '|| true' to ignore). [SC2312]
integration-tests/terminal-capture/scenarios/progress.sh:10:32: warning: Prefer double quoting even when variables don't contain special characters. [SC2248]
integration-tests/terminal-capture/scenarios/progress.sh:10:32: warning: Prefer putting braces around variable references even when not strictly required. [SC2250]
integration-tests/terminal-capture/scenarios/progress.sh:11:28: warning: Consider invoking this command separately to avoid masking its return value (or use '|| true' to ignore). [SC2312]
integration-tests/terminal-capture/scenarios/progress.sh:11:34: warning: Prefer double quoting even when variables don't contain special characters. [SC2248]
integration-tests/terminal-capture/scenarios/progress.sh:11:34: warning: Prefer putting braces around variable references even when not strictly required. [SC2250]
integration-tests/terminal-capture/scenarios/progress.sh:12:36: warning: Prefer putting braces around variable references even when not strictly required. [SC2250]
integration-tests/terminal-capture/scenarios/progress.sh:12:43: warning: Prefer putting braces around variable references even when not strictly required. [SC2250]
integration-tests/terminal-capture/scenarios/progress.sh:12:52: warning: Prefer putting braces around variable references even when not strictly required. [SC2250]
integration-tests/terminal-capture/scenarios/progress.sh:12:59: warning: Prefer putting braces around variable references even when not strictly required. [SC2250]
integration-tests/terminal-capture/scenarios/progress.sh:12:64: warning: Prefer putting braces around variable references even when not strictly required. [SC2250]
packages/chrome-extension/scripts/clean.sh:6:17: warning: Prefer putting braces around variable references even when not strictly required. [SC2250]
packages/chrome-extension/scripts/clean.sh:12:9: warning: Prefer putting braces around variable references even when not strictly required. [SC2250]
packages/chrome-extension/scripts/clean.sh:13:8: warning: Prefer putting braces around variable references even when not strictly required. [SC2250]
packages/chrome-extension/scripts/clean.sh:18:8: warning: Prefer putting braces around variable references even when not strictly required. [SC2250]
packages/chrome-extension/scripts/clean.sh:23:8: warning: Prefer putting braces around variable references even when not strictly required. [SC2250]
packages/chrome-extension/scripts/clean.sh:24:8: warning: Prefer putting braces around variable references even when not strictly required. [SC2250]
packages/chrome-extension/scripts/clean.sh:25:8: warning: Prefer putting braces around variable references even when not strictly required. [SC2250]
packages/chrome-extension/scripts/debug.sh:15:17: warning: Prefer putting braces around variable references even when not strictly required. [SC2250]
packages/chrome-extension/scripts/debug.sh:16:20: warning: Prefer putting braces around variable references even when not strictly required. [SC2250]
packages/chrome-extension/scripts/debug.sh:19:13: warning: Prefer putting braces around variable references even when not strictly required. [SC2250]
packages/chrome-extension/scripts/debug.sh:20:20: warning: Prefer putting braces around variable references even when not strictly required. [SC2250]
packages/chrome-extension/scripts/debug.sh:20:48: warning: Prefer putting braces around variable references even when not strictly required. [SC2250]
packages/chrome-extension/scripts/debug.sh:21:19: warning: Prefer putting braces around variable references even when not strictly required. [SC2250]
packages/chrome-extension/scripts/debug.sh:22:17: warning: Prefer putting braces around variable references even when not strictly required. [SC2250]
packages/chrome-extension/scripts/debug.sh:22:27: warning: Prefer putting braces around variable references even when not strictly required. [SC2250]
packages/chrome-extension/scripts/debug.sh:29:13: warning: Prefer putting braces around variable references even when not strictly required. [SC2250]
packages/chrome-extension/scripts/debug.sh:38:11: warning: Prefer putting braces around variable references even when not strictly required. [SC2250]
packages/chrome-extension/scripts/debug.sh:60:35: warning: Consider invoking this command separately to avoid masking its return value (or use '|| true' to ignore). [SC2312]
packages/chrome-extension/scripts/debug.sh:64:13: warning: Prefer putting braces around variable references even when not strictly required. [SC2250]
packages/chrome-extension/scripts/debug.sh:69:10: warning: Prefer putting braces around variable references even when not strictly required. [SC2250]
packages/chrome-extension/scripts/debug.sh:74:15: warning: Prefer putting braces around variable references even when not strictly required. [SC2250]
packages/chrome-extension/scripts/debug.sh:75:11: warning: Prefer putting braces around variable references even when not strictly required. [SC2250]
packages/chrome-extension/scripts/debug.sh:77:8: warning: Prefer putting braces around variable references even when not strictly required. [SC2250]
packages/chrome-extension/scripts/debug.sh:81:12: warning: Prefer putting braces around variable references even when not strictly required. [SC2250]
packages/chrome-extension/scripts/debug.sh:106:3: warning: Use 'cd ... || exit' or 'cd ... || return' in case cd fails. [SC2164]
packages/chrome-extension/scripts/debug.sh:106:7: warning: Prefer putting braces around variable references even when not strictly required. [SC2250]
packages/chrome-extension/scripts/debug.sh:109:13: warning: Prefer putting braces around variable references even when not strictly required. [SC2250]
packages/chrome-extension/scripts/debug.sh:119:2: warning: Prefer putting braces around variable references even when not strictly required. [SC2250]
packages/chrome-extension/scripts/debug.sh:120:23: warning: Prefer putting braces around variable references even when not strictly required. [SC2250]
packages/chrome-extension/scripts/debug.sh:126:1: warning: CHROME_PID appears unused. Verify use (or export if used externally). [SC2034]
packages/chrome-extension/scripts/debug.sh:142:4: warning: Prefer [[ ]] over [ ] for tests in Bash/Ksh/Busybox. [SC2292]
packages/chrome-extension/scripts/debug.sh:142:7: warning: Prefer putting braces around variable references even when not strictly required. [SC2250]
packages/chrome-extension/scripts/debug.sh:150:28: warning: Prefer putting braces around variable references even when not strictly required. [SC2250]
packages/cua-driver/rust/examples/embedded-host-macos/demo.sh:20:4: warning: Prefer [[ ]] over [ ] for tests in Bash/Ksh/Busybox. [SC2292]
packages/cua-driver/rust/examples/embedded-host-macos/demo.sh:20:10: warning: Prefer putting braces around variable references even when not strictly required. [SC2250]
packages/cua-driver/rust/examples/embedded-host-macos/demo.sh:24:11: warning: Prefer putting braces around variable references even when not strictly required. [SC2250]
packages/cua-driver/rust/examples/embedded-host-macos/demo.sh:25:41: warning: Prefer putting braces around variable references even when not strictly required. [SC2250]
packages/cua-driver/rust/examples/embedded-host-macos/demo.sh:27:8: warning: Prefer putting braces around variable references even when not strictly required. [SC2250]
packages/cua-driver/rust/examples/embedded-host-macos/demo.sh:43:26: warning: Prefer putting braces around variable references even when not strictly required. [SC2250]
packages/cua-driver/rust/examples/embedded-host-macos/demo.sh:43:43: warning: Prefer putting braces around variable references even when not strictly required. [SC2250]
packages/cua-driver/rust/examples/embedded-host-macos/demo.sh:47:4: warning: Prefer [[ ]] over [ ] for tests in Bash/Ksh/Busybox. [SC2292]
packages/cua-driver/rust/examples/embedded-host-macos/demo.sh:49:34: warning: Prefer putting braces around variable references even when not strictly required. [SC2250]
packages/cua-driver/rust/examples/embedded-host-macos/demo.sh:50:34: warning: Prefer putting braces around variable references even when not strictly required. [SC2250]
packages/cua-driver/rust/examples/embedded-host-macos/demo.sh:61:4: warning: Prefer [[ ]] over [ ] for tests in Bash/Ksh/Busybox. [SC2292]
packages/cua-driver/rust/examples/embedded-host-macos/demo.sh:62:39: warning: Prefer putting braces around variable references even when not strictly required. [SC2250]
packages/cua-driver/rust/examples/embedded-host-macos/demo.sh:65:8: warning: Prefer putting braces around variable references even when not strictly required. [SC2250]
packages/cua-driver/rust/examples/embedded-host-macos/demo.sh:66:7: warning: Prefer putting braces around variable references even when not strictly required. [SC2250]
packages/cua-driver/rust/examples/embedded-host-macos/demo.sh:68:21: warning: Prefer putting braces around variable references even when not strictly required. [SC2250]
packages/cua-driver/rust/examples/embedded-host-macos/demo.sh:74:57: warning: Prefer putting braces around variable references even when not strictly required. [SC2250]
packages/cua-driver/rust/examples/embedded-host-macos/demo.sh:77:6: warning: Prefer putting braces around variable references even when not strictly required. [SC2250]
packages/cua-driver/rust/examples/embedded-host-macos/demo.sh:79:32: warning: Prefer putting braces around variable references even when not strictly required. [SC2250]
packages/cua-driver/rust/examples/embedded-host-macos/demo.sh:79:38: warning: Note that A && B || C is not if-then-else. C may run when A is true. [SC2015]
packages/cua-driver/scripts/_install-local-rust.sh:44:18: warning: Prefer putting braces around variable references even when not strictly required. [SC2250]
packages/cua-driver/scripts/_install-local-rust.sh:51:4: warning: Prefer [[ ]] over [ ] for tests in Bash/Ksh/Busybox. [SC2292]
packages/cua-driver/scripts/_install-local-rust.sh:56:38: warning: Prefer putting braces around variable references even when not strictly required. [SC2250]
packages/cua-driver/scripts/_install-local-rust.sh:57:23: warning: Prefer putting braces around variable references even when not strictly required. [SC2250]
packages/cua-driver/scripts/_install-local-rust.sh:58:66: warning: Prefer putting braces around variable references even when not strictly required. [SC2250]
packages/cua-driver/scripts/_install-local-rust.sh:61:8: warning: Prefer [[ ]] over [ ] for tests in Bash/Ksh/Busybox. [SC2292]
packages/cua-driver/scripts/_install-local-rust.sh:61:16: warning: Consider invoking this command separately to avoid masking its return value (or use '|| true' to ignore). [SC2312]
packages/cua-driver/scripts/_install-local-rust.sh:61:24: warning: Prefer putting braces around variable references even when not strictly required. [SC2250]
packages/cua-driver/scripts/_install-local-rust.sh:74:4: warning: Prefer [[ ]] over [ ] for tests in Bash/Ksh/Busybox. [SC2292]
packages/cua-driver/scripts/_install-local-rust.sh:74:9: warning: Consider invoking this command separately to avoid masking its return value (or use '|| true' to ignore). [SC2312]
packages/cua-driver/scripts/_install-local-rust.sh:74:28: warning: Prefer [[ ]] over [ ] for tests in Bash/Ksh/Busybox. [SC2292]
packages/cua-driver/scripts/_install-local-rust.sh:96:7: warning: Prefer [[ ]] over [ ] for tests in Bash/Ksh/Busybox. [SC2292]
packages/cua-driver/scripts/_install-local-rust.sh:109:16: warning: Prefer [[ ]] over [ ] for tests in Bash/Ksh/Busybox. [SC2292]
packages/cua-driver/scripts/_install-local-rust.sh:159:7: warning: Prefer putting braces around variable references even when not strictly required. [SC2250]
packages/cua-driver/scripts/_install-local-rust.sh:162:41: warning: Prefer putting braces around variable references even when not strictly required. [SC2250]
packages/cua-driver/scripts/_install-local-rust.sh:165:36: warning: Prefer putting braces around variable references even when not strictly required. [SC2250]
packages/cua-driver/scripts/_install-local-rust.sh:166:62: warning: Prefer putting braces around variable references even when not strictly required. [SC2250]
packages/cua-driver/scripts/_install-local-rust.sh:170:7: warning: Prefer putting braces around variable references even when not strictly required. [SC2250]
packages/cua-driver/scripts/_install-local-rust.sh:173:67: warning: Prefer putting braces around variable references even when not strictly required. [SC2250]
packages/cua-driver/scripts/_install-local-rust.sh:178:15: warning: Prefer putting braces around variable references even when not strictly required. [SC2250]
packages/cua-driver/scripts/_install-local-rust.sh:179:15: warning: Prefer putting braces around variable references even when not strictly required. [SC2250]
packages/cua-driver/scripts/_install-local-rust.sh:181:26: warning: Prefer putting braces around variable references even when not strictly required. [SC2250]
packages/cua-driver/scripts/_install-local-rust.sh:182:16: warning: Prefer putting braces around variable references even when not strictly required. [SC2250]
packages/cua-driver/scripts/_install-local-rust.sh:182:30: warning: Prefer putting braces around variable references even when not strictly required. [SC2250]
packages/cua-driver/scripts/_install-local-rust.sh:182:43: warning: Prefer putting braces around variable references even when not strictly required. [SC2250]
packages/cua-driver/scripts/_install-local-rust.sh:185:25: warning: Prefer putting braces around variable references even when not strictly required. [SC2250]
packages/cua-driver/scripts/_install-local-rust.sh:186:25: warning: Prefer putting braces around variable references even when not strictly required. [SC2250]
packages/cua-driver/scripts/_install-local-rust.sh:187:25: warning: Prefer putting braces around variable references even when not strictly required. [SC2250]
packages/cua-driver/scripts/_install-local-rust.sh:188:25: warning: Prefer putting braces around variable references even when not strictly required. [SC2250]
packages/cua-driver/scripts/_install-local-rust.sh:189:25: warning: Prefer putting braces around variable references even when not strictly required. [SC2250]
packages/cua-driver/scripts/_install-local-rust.sh:190:25: warning: Prefer putting braces around variable references even when not strictly required. [SC2250]
packages/cua-driver/scripts/_install-local-rust.sh:204:8: warning: Prefer [[ ]] over [ ] for tests in Bash/Ksh/Busybox. [SC2292]
packages/cua-driver/scripts/_install-local-rust.sh:204:14: warning: Prefer putting braces around variable references even when not strictly required. [SC2250]
packages/cua-driver/scripts/_install-local-rust.sh:206:12: warning: Prefer putting braces around variable references even when not strictly required. [SC2250]
packages/cua-driver/scripts/_install-local-rust.sh:207:10: warning: Prefer [[ ]] over [ ] for tests in Bash/Ksh/Busybox. [SC2292]
packages/cua-driver/scripts/_install-local-rust.sh:207:16: warning: Prefer putting braces around variable references even when not strictly required. [SC2250]
packages/cua-driver/scripts/_install-local-rust.sh:210:22: warning: Prefer putting braces around variable references even when not strictly required. [SC2250]
packages/cua-driver/scripts/_install-local-rust.sh:210:39: warning: Prefer putting braces around variable references even when not strictly required. [SC2250]
packages/cua-driver/scripts/_install-local-rust.sh:225:39: warning: Prefer putting braces around variable references even when not strictly required. [SC2250]
packages/cua-driver/scripts/_install-local-rust.sh:226:7: warning: Prefer putting braces around variable references even when not strictly required. [SC2250]
packages/cua-driver/scripts/_install-local-rust.sh:228:26: warning: Prefer putting braces around variable references even when not strictly required. [SC2250]
packages/cua-driver/scripts/_install-local-rust.sh:228:37: warning: Prefer putting braces around variable references even when not strictly required. [SC2250]
packages/cua-driver/scripts/_install-local-rust.sh:230:26: warning: Prefer putting braces around variable references even when not strictly required. [SC2250]
packages/cua-driver/scripts/_install-local-rust.sh:232:35: warning: Prefer putting braces around variable references even when not strictly required. [SC2250]
packages/cua-driver/scripts/_install-local-rust.sh:233:5: warning: Prefer putting braces around variable references even when not strictly required. [SC2250]
packages/cua-driver/scripts/_install-local-rust.sh:234:4: warning: Prefer [[ ]] over [ ] for tests in Bash/Ksh/Busybox. [SC2292]
packages/cua-driver/scripts/_install-local-rust.sh:234:7: warning: Prefer putting braces around variable references even when not strictly required. [SC2250]
packages/cua-driver/scripts/_install-local-rust.sh:240:15: warning: Prefer putting braces around variable references even when not strictly required. [SC2250]
packages/cua-driver/scripts/_install-local-rust.sh:240:33: warning: Prefer putting braces around variable references even when not strictly required. [SC2250]
packages/cua-driver/scripts/_install-local-rust.sh:241:21: warning: Prefer putting braces around variable references even when not strictly required. [SC2250]
packages/cua-driver/scripts/_install-local-rust.sh:241:39: warning: Prefer putting braces around variable references even when not strictly required. [SC2250]
packages/cua-driver/scripts/_install-local-rust.sh:242:4: warning: Prefer [[ ]] over [ ] for tests in Bash/Ksh/Busybox. [SC2292]
packages/cua-driver/scripts/_install-local-rust.sh:242:12: warning: Prefer putting braces around variable references even when not strictly required. [SC2250]
packages/cua-driver/scripts/_install-local-rust.sh:243:52: warning: Prefer putting braces around variable references even when not strictly required. [SC2250]
packages/cua-driver/scripts/_install-local-rust.sh:246:4: warning: Prefer [[ ]] over [ ] for tests in Bash/Ksh/Busybox. [SC2292]
packages/cua-driver/scripts/_install-local-rust.sh:246:12: warning: Prefer putting braces around variable references even when not strictly required. [SC2250]
packages/cua-driver/scripts/_install-local-rust.sh:247:67: warning: Prefer putting braces around variable references even when not strictly required. [SC2250]
packages/cua-driver/scripts/_install-local-rust.sh:254:27: warning: Prefer putting braces around variable references even when not strictly required. [SC2250]
packages/cua-driver/scripts/_install-local-rust.sh:255:11: warning: Prefer putting braces around variable references even when not strictly required. [SC2250]
packages/cua-driver/scripts/_install-local-rust.sh:275:16: warning: Prefer putting braces around variable references even when not strictly required. [SC2250]
packages/cua-driver/scripts/_install-local-rust.sh:276:12: warning: Prefer putting braces around variable references even when not strictly required. [SC2250]
packages/cua-driver/scripts/_install-local-rust.sh:277:9: warning: Prefer putting braces around variable references even when not strictly required. [SC2250]
packages/cua-driver/scripts/_install-local-rust.sh:277:22: warning: Prefer putting braces around variable references even when not strictly required. [SC2250]
packages/cua-driver/scripts/_install-local-rust.sh:278:15: warning: Prefer putting braces around variable references even when not strictly required. [SC2250]
packages/cua-driver/scripts/_install-local-rust.sh:279:12: warning: Prefer putting braces around variable references even when not strictly required. [SC2250]
packages/cua-driver/scripts/_install-local-rust.sh:279:25: warning: Prefer putting braces around variable references even when not strictly required. [SC2250]
packages/cua-driver/scripts/_install-local-rust.sh:281:15: warning: Prefer putting braces around variable references even when not strictly required. [SC2250]
packages/cua-driver/scripts/_install-local-rust.sh:281:31: warning: Prefer putting braces around variable references even when not strictly required. [SC2250]
packages/cua-driver/scripts/_install-local-rust.sh:282:15: warning: Prefer putting braces around variable references even when not strictly required. [SC2250]
packages/cua-driver/scripts/_install-local-rust.sh:282:37: warning: Prefer putting braces around variable references even when not strictly required. [SC2250]
packages/cua-driver/scripts/_install-local-rust.sh:295:4: warning: Prefer [[ ]] over [ ] for tests in Bash/Ksh/Busybox. [SC2292]
packages/cua-driver/scripts/_install-local-rust.sh:295:7: warning: Prefer putting braces around variable references even when not strictly required. [SC2250]
packages/cua-driver/scripts/_install-local-rust.sh:297:36: warning: Prefer putting braces around variable references even when not strictly required. [SC2250]
packages/cua-driver/scripts/_install-local-rust.sh:299:36: warning: Prefer putting braces around variable references even when not strictly required. [SC2250]
packages/cua-driver/scripts/_install-local-rust.sh:307:16: warning: Prefer putting braces around variable references even when not strictly required. [SC2250]
packages/cua-driver/scripts/_install-local-rust.sh:308:4: warning: Prefer [[ ]] over [ ] for tests in Bash/Ksh/Busybox. [SC2292]
packages/cua-driver/scripts/_install-local-rust.sh:308:10: warning: Prefer putting braces around variable references even when not strictly required. [SC2250]
packages/cua-driver/scripts/_install-local-rust.sh:309:20: warning: Prefer putting braces around variable references even when not strictly required. [SC2250]
packages/cua-driver/scripts/_install-local-rust.sh:310:13: warning: Prefer putting braces around variable references even when not strictly required. [SC2250]
packages/cua-driver/scripts/_install-local-rust.sh:311:26: warning: Prefer putting braces around variable references even when not strictly required. [SC2250]
packages/cua-driver/scripts/_install-local-rust.sh:312:12: warning: Prefer putting braces around variable references even when not strictly required. [SC2250]
packages/cua-driver/scripts/_install-local-rust.sh:312:29: warning: Prefer putting braces around variable references even when not strictly required. [SC2250]
packages/cua-driver/scripts/_install-local-rust.sh:313:40: warning: Prefer putting braces around variable references even when not strictly required. [SC2250]
packages/cua-driver/scripts/_install-local-rust.sh:320:4: warning: Prefer [[ ]] over [ ] for tests in Bash/Ksh/Busybox. [SC2292]
packages/cua-driver/scripts/_install-local-rust.sh:320:7: warning: Prefer putting braces around variable references even when not strictly required. [SC2250]
packages/cua-driver/scripts/_install-local-rust.sh:321:28: warning: Prefer putting braces around variable references even when not strictly required. [SC2250]
packages/cua-driver/scripts/_install-local-rust.sh:322:8: warning: Prefer [[ ]] over [ ] for tests in Bash/Ksh/Busybox. [SC2292]
packages/cua-driver/scripts/_install-local-rust.sh:322:14: warning: Prefer putting braces around variable references even when not strictly required. [SC2250]
packages/cua-driver/scripts/_install-local-rust.sh:323:32: warning: Prefer putting braces around variable references even when not strictly required. [SC2250]
packages/cua-driver/scripts/_install-local-rust.sh:324:19: warning: Prefer putting braces around variable references even when not strictly required. [SC2250]
packages/cua-driver/scripts/_install-local-rust.sh:325:16: warning: Prefer putting braces around variable references even when not strictly required. [SC2250]
packages/cua-driver/scripts/_install-local-rust.sh:325:43: warning: Prefer putting braces around variable references even when not strictly required. [SC2250]
packages/cua-driver/scripts/_install-local-rust.sh:327:52: warning: Prefer putting braces around variable references even when not strictly required. [SC2250]
packages/cua-driver/scripts/_install-local-rust.sh:328:12: warning: Prefer [[ ]] over [ ] for tests in Bash/Ksh/Busybox. [SC2292]
packages/cua-driver/scripts/_install-local-rust.sh:328:18: warning: Prefer putting braces around variable references even when not strictly required. [SC2250]
packages/cua-driver/scripts/_install-local-rust.sh:329:17: warning: Prefer putting braces around variable references even when not strictly required. [SC2250]
packages/cua-driver/scripts/_install-local-rust.sh:330:18: warning: Prefer putting braces around variable references even when not strictly required. [SC2250]
packages/cua-driver/scripts/_install-local-rust.sh:331:18: warning: Prefer putting braces around variable references even when not strictly required. [SC2250]
packages/cua-driver/scripts/_install-local-rust.sh:351:11: warning: Prefer putting braces around variable references even when not strictly required. [SC2250]
packages/cua-driver/scripts/_install-local-rust.sh:353:8: warning: Prefer putting braces around variable references even when not strictly required. [SC2250]
packages/cua-driver/scripts/_install-local-rust.sh:354:10: warning: Prefer putting braces around variable references even when not strictly required. [SC2250]
packages/cua-driver/scripts/_install-local-rust.sh:354:27: warning: Prefer putting braces around variable references even when not strictly required. [SC2250]
packages/cua-driver/scripts/_install-local-rust.sh:355:26: warning: Prefer putting braces around variable references even when not strictly required. [SC2250]
packages/cua-driver/scripts/_install-local-rust.sh:364:4: warning: Prefer putting braces around variable references even when not strictly required. [SC2250]
packages/cua-driver/scripts/_install-local-rust.sh:378:4: warning: Prefer [[ ]] over [ ] for tests in Bash/Ksh/Busybox. [SC2292]
packages/cua-driver/scripts/_install-local-rust.sh:378:7: warning: Prefer putting braces around variable references even when not strictly required. [SC2250]
packages/cua-driver/scripts/_install-local-rust.sh:379:15: warning: Prefer putting braces around variable references even when not strictly required. [SC2250]
packages/cua-driver/scripts/_install-local-rust.sh:380:8: warning: Prefer [[ ]] over [ ] for tests in Bash/Ksh/Busybox. [SC2292]
packages/cua-driver/scripts/_install-local-rust.sh:380:16: warning: Prefer putting braces around variable references even when not strictly required. [SC2250]
packages/cua-driver/scripts/_install-local-rust.sh:381:55: warning: Prefer putting braces around variable references even when not strictly required. [SC2250]
packages/cua-driver/scripts/_install-local-rust.sh:384:16: warning: Prefer putting braces around variable references even when not strictly required. [SC2250]
packages/cua-driver/scripts/_install-local-rust.sh:385:13: warning: Prefer putting braces around variable references even when not strictly required. [SC2250]
packages/cua-driver/scripts/_install-local-rust.sh:386:15: warning: Prefer putting braces around variable references even when not strictly required. [SC2250]
packages/cua-driver/scripts/_install-local-rust.sh:387:12: warning: Prefer putting braces around variable references even when not strictly required. [SC2250]
packages/cua-driver/scripts/_install-local-rust.sh:387:35: warning: Prefer putting braces around variable references even when not strictly required. [SC2250]
packages/cua-driver/scripts/_install-local-rust.sh:388:9: warning: Prefer putting braces around variable references even when not strictly required. [SC2250]
packages/cua-driver/scripts/_install-local-rust.sh:388:48: warning: Prefer putting braces around variable references even when not strictly required. [SC2250]
packages/cua-driver/scripts/_install-local-rust.sh:389:9: warning: Prefer putting braces around variable references even when not strictly required. [SC2250]
packages/cua-driver/scripts/_install-local-rust.sh:389:43: warning: Prefer putting braces around variable references even when not strictly required. [SC2250]
packages/cua-driver/scripts/_install-local-rust.sh:390:15: warning: Prefer putting braces around variable references even when not strictly required. [SC2250]
packages/cua-driver/scripts/_install-local-rust.sh:391:15: warning: Prefer putting braces around variable references even when not strictly required. [SC2250]
packages/cua-driver/scripts/_install-local-rust.sh:392:12: warning: Prefer putting braces around variable references even when not strictly required. [SC2250]
packages/cua-driver/scripts/_install-local-rust.sh:395:61: warning: Prefer putting braces around variable references even when not strictly required. [SC2250]
packages/cua-driver/scripts/_install-local-rust.sh:396:14: warning: Prefer putting braces around variable references even when not strictly required. [SC2250]
packages/cua-driver/scripts/_install-local-rust.sh:397:50: warning: Prefer putting braces around variable references even when not strictly required. [SC2250]
packages/cua-driver/scripts/_install-local-rust.sh:398:14: warning: Prefer putting braces around variable references even when not strictly required. [SC2250]
packages/cua-driver/scripts/_install-local-rust.sh:400:14: warning: Prefer putting braces around variable references even when not strictly required. [SC2250]
packages/cua-driver/scripts/_install-local-rust.sh:402:14: warning: Prefer putting braces around variable references even when not strictly required. [SC2250]
packages/cua-driver/scripts/_install-local-rust.sh:404:14: warning: Prefer putting braces around variable references even when not strictly required. [SC2250]
packages/cua-driver/scripts/_install-local-rust.sh:406:14: warning: Prefer putting braces around variable references even when not strictly required. [SC2250]
packages/cua-driver/scripts/_install-local-rust.sh:414:37: warning: Prefer putting braces around variable references even when not strictly required. [SC2250]
packages/cua-driver/scripts/_install-local-rust.sh:414:50: warning: Prefer putting braces around variable references even when not strictly required. [SC2250]
packages/cua-driver/scripts/_install-local-rust.sh:417:49: warning: Prefer putting braces around variable references even when not strictly required. [SC2250]
packages/cua-driver/scripts/_install-local-rust.sh:421:55: warning: Prefer putting braces around variable references even when not strictly required. [SC2250]
packages/cua-driver/scripts/_install-local-rust.sh:422:66: warning: Prefer putting braces around variable references even when not strictly required. [SC2250]
packages/cua-driver/scripts/_install-local-rust.sh:432:13: warning: Prefer putting braces around variable references even when not strictly required. [SC2250]
packages/cua-driver/scripts/_install-local-rust.sh:433:8: warning: Prefer [[ ]] over [ ] for tests in Bash/Ksh/Busybox. [SC2292]
packages/cua-driver/scripts/_install-local-rust.sh:433:14: warning: Prefer putting braces around variable references even when not strictly required. [SC2250]
packages/cua-driver/scripts/_install-local-rust.sh:434:13: warning: Prefer putting braces around variable references even when not strictly required. [SC2250]
packages/cua-driver/scripts/_install-local-rust.sh:434:25: warning: Prefer putting braces around variable references even when not strictly required. [SC2250]
packages/cua-driver/scripts/_install-local-rust.sh:437:15: warning: Prefer putting braces around variable references even when not strictly required. [SC2250]
packages/cua-driver/scripts/_install-local-rust.sh:437:28: warning: Prefer putting braces around variable references even when not strictly required. [SC2250]
packages/cua-driver/scripts/_install-local-rust.sh:438:46: warning: Prefer putting braces around variable references even when not strictly required. [SC2250]
packages/cua-driver/scripts/_install-local-rust.sh:439:58: warning: Prefer putting braces around variable references even when not strictly required. [SC2250]
packages/cua-driver/scripts/_install-local-rust.sh:440:69: warning: Prefer putting braces around variable references even when not strictly required. [SC2250]
packages/cua-driver/scripts/_install-local-rust.sh:441:12: warning: Prefer [[ ]] over [ ] for tests in Bash/Ksh/Busybox. [SC2292]
packages/cua-driver/scripts/_install-local-rust.sh:441:15: warning: Prefer putting braces around variable references even when not strictly required. [SC2250]
packages/cua-driver/scripts/_install-local-rust.sh:441:42: warning: Prefer putting braces around variable references even when not strictly required. [SC2250]
packages/cua-driver/scripts/_install-local-rust.sh:442:15: warning: Prefer [[ ]] over [ ] for tests in Bash/Ksh/Busybox. [SC2292]
packages/cua-driver/scripts/_install-local-rust.sh:442:18: warning: Prefer putting braces around variable references even when not strictly required. [SC2250]
packages/cua-driver/scripts/_install-local-rust.sh:442:47: warning: Prefer putting braces around variable references even when not strictly required. [SC2250]
packages/cua-driver/scripts/_install-local-rust.sh:443:15: warning: Prefer [[ ]] over [ ] for tests in Bash/Ksh/Busybox. [SC2292]
packages/cua-driver/scripts/_install-local-rust.sh:443:18: warning: Prefer putting braces around variable references even when not strictly required. [SC2250]
packages/cua-driver/scripts/_install-local-rust.sh:447:8: warning: Prefer [[ ]] over [ ] for tests in Bash/Ksh/Busybox. [SC2292]
packages/cua-driver/scripts/_install-local-rust.sh:447:11: warning: Prefer putting braces around variable references even when not strictly required. [SC2250]
packages/cua-driver/scripts/_install-local-rust.sh:448:17: warning: Prefer putting braces around variable references even when not strictly required. [SC2250]
packages/cua-driver/scripts/_install-local-rust.sh:450:17: warning: Prefer putting braces around variable references even when not strictly required. [SC2250]
packages/cua-driver/scripts/_install-local-rust.sh:451:12: warning: Prefer [[ ]] over [ ] for tests in Bash/Ksh/Busybox. [SC2292]
packages/cua-driver/scripts/_install-local-rust.sh:451:18: warning: Prefer putting braces around variable references even when not strictly required. [SC2250]
packages/cua-driver/scripts/_install-local-rust.sh:452:17: warning: Prefer putting braces around variable references even when not strictly required. [SC2250]
packages/cua-driver/scripts/_install-local-rust.sh:452:31: warning: Prefer putting braces around variable references even when not strictly required. [SC2250]
packages/cua-driver/scripts/_install-local-rust.sh:457:29: warning: Prefer putting braces around variable references even when not strictly required. [SC2250]
packages/cua-driver/scripts/_install-local-rust.sh:458:8: warning: Prefer [[ ]] over [ ] for tests in Bash/Ksh/Busybox. [SC2292]
packages/cua-driver/scripts/_install-local-rust.sh:458:11: warning: Prefer putting braces around variable references even when not strictly required. [SC2250]
packages/cua-driver/scripts/_install-local-rust.sh:472:8: warning: Prefer [[ ]] over [ ] for tests in Bash/Ksh/Busybox. [SC2292]
packages/cua-driver/scripts/_install-local-rust.sh:472:14: warning: Prefer putting braces around variable references even when not strictly required. [SC2250]
packages/cua-driver/scripts/_install-local-rust.sh:473:10: warning: Prefer putting braces around variable references even when not strictly required. [SC2250]
packages/cua-driver/scripts/_install-local-rust.sh:473:27: warning: Prefer putting braces around variable references even when not strictly required. [SC2250]
packages/cua-driver/scripts/_install-local-rust.sh:483:11: warning: Prefer putting braces around variable references even when not strictly required. [SC2250]
packages/cua-driver/scripts/_install-local-rust.sh:484:4: warning: Prefer [[ ]] over [ ] for tests in Bash/Ksh/Busybox. [SC2292]
packages/cua-driver/scripts/_install-local-rust.sh:484:7: warning: Prefer putting braces around variable references even when not strictly required. [SC2250]
packages/cua-driver/scripts/_install-local-rust.sh:485:17: warning: Prefer putting braces around variable references even when not strictly required. [SC2250]
packages/cua-driver/scripts/_install-local-rust.sh:487:17: warning: Prefer putting braces around variable references even when not strictly required. [SC2250]
packages/cua-driver/scripts/_install-local-rust.sh:489:9: warning: Prefer putting braces around variable references even when not strictly required. [SC2250]
packages/cua-driver/scripts/_install-local-rust.sh:489:23: warning: Prefer putting braces around variable references even when not strictly required. [SC2250]
packages/cua-driver/scripts/_install-local-rust.sh:490:15: warning: Prefer putting braces around variable references even when not strictly required. [SC2250]
packages/cua-driver/scripts/_install-local-rust.sh:490:49: warning: Prefer putting braces around variable references even when not strictly required. [SC2250]
packages/cua-driver/scripts/_install-local-rust.sh:493:16: warning: Prefer putting braces around variable references even when not strictly required. [SC2250]
packages/cua-driver/scripts/_install-local-rust.sh:511:4: warning: Prefer [[ ]] over [ ] for tests in Bash/Ksh/Busybox. [SC2292]
packages/cua-driver/scripts/_install-local-rust.sh:511:7: warning: Prefer putting braces around variable references even when not strictly required. [SC2250]
packages/cua-driver/scripts/_install-local-rust.sh:512:23: warning: Prefer putting braces around variable references even when not strictly required. [SC2250]
packages/cua-driver/scripts/_install-local-rust.sh:513:6: warning: Prefer [[ ]] over [ ] for tests in Bash/Ksh/Busybox. [SC2292]
packages/cua-driver/scripts/_install-local-rust.sh:513:9: warning: Prefer putting braces around variable references even when not strictly required. [SC2250]
packages/cua-driver/scripts/_install-local-rust.sh:516:21: warning: Prefer putting braces around variable references even when not strictly required. [SC2250]
packages/cua-driver/scripts/_install-local-rust.sh:516:38: warning: Prefer putting braces around variable references even when not strictly required. [SC2250]
packages/cua-driver/scripts/_install-local-rust.sh:517:5: warning: Prefer [[ ]] over [ ] for tests in Bash/Ksh/Busybox. [SC2292]
packages/cua-driver/scripts/_install-local-rust.sh:517:11: warning: Prefer putting braces around variable references even when not strictly required. [SC2250]
packages/cua-driver/scripts/_install-local-rust.sh:529:4: warning: Prefer [[ ]] over [ ] for tests in Bash/Ksh/Busybox. [SC2292]
packages/cua-driver/scripts/_install-local-rust.sh:529:7: warning: Prefer putting braces around variable references even when not strictly required. [SC2250]
packages/cua-driver/scripts/_install-local-rust.sh:530:8: warning: Prefer [[ ]] over [ ] for tests in Bash/Ksh/Busybox. [SC2292]
packages/cua-driver/scripts/_install-local-rust.sh:530:11: warning: Prefer putting braces around variable references even when not strictly required. [SC2250]
packages/cua-driver/scripts/_install-local-rust.sh:531:21: warning: Prefer putting braces around variable references even when not strictly required. [SC2250]
packages/cua-driver/scripts/_install-local-rust.sh:532:44: warning: Prefer putting braces around variable references even when not strictly required. [SC2250]
packages/cua-driver/scripts/_install-local-rust.sh:533:30: warning: Prefer putting braces around variable references even when not strictly required. [SC2250]
packages/cua-driver/scripts/_install-local-rust.sh:534:15: warning: Prefer putting braces around variable references even when not strictly required. [SC2250]
packages/cua-driver/scripts/_install-local-rust.sh:542:13: warning: Prefer putting braces around variable references even when not strictly required. [SC2250]
packages/cua-driver/scripts/_install-local-rust.sh:547:37: warning: Prefer putting braces around variable references even when not strictly required. [SC2250]
packages/cua-driver/scripts/_install-local-rust.sh:548:39: warning: Prefer putting braces around variable references even when not strictly required. [SC2250]
packages/cua-driver/scripts/_install-local-rust.sh:552:27: warning: Prefer putting braces around variable references even when not strictly required. [SC2250]
packages/cua-driver/scripts/_install-local-rust.sh:553:25: warning: Prefer putting braces around variable references even when not strictly required. [SC2250]
packages/cua-driver/scripts/_install-local-rust.sh:554:78: warning: Prefer putting braces around variable references even when not strictly required. [SC2250]
packages/cua-driver/scripts/_install-local-rust.sh:555:10: warning: Prefer [[ ]] over [ ] for tests in Bash/Ksh/Busybox. [SC2292]
packages/cua-driver/scripts/_install-local-rust.sh:555:13: warning: Prefer putting braces around variable references even when not strictly required. [SC2250]
packages/cua-driver/scripts/_install-local-rust.sh:556:20: warning: Prefer putting braces around variable references even when not strictly required. [SC2250]
packages/cua-driver/scripts/_install-local-rust.sh:557:50: warning: Prefer putting braces around variable references even when not strictly required. [SC2250]
packages/cua-driver/scripts/_install-local-rust.sh:558:30: warning: Prefer putting braces around variable references even when not strictly required. [SC2250]
packages/cua-driver/scripts/_install-local-rust.sh:559:15: warning: Prefer putting braces around variable references even when not strictly required. [SC2250]
packages/cua-driver/scripts/_install-local-rust.sh:565:11: warning: Prefer putting braces around variable references even when not strictly required. [SC2250]
packages/cua-driver/scripts/_install-local-rust.sh:582:16: warning: Prefer putting braces around variable references even when not strictly required. [SC2250]
packages/cua-driver/scripts/_install-local-rust.sh:590:12: warning: Prefer putting braces around variable references even when not strictly required. [SC2250]
packages/cua-driver/scripts/_install-local-rust.sh:591:4: warning: Prefer [[ ]] over [ ] for tests in Bash/Ksh/Busybox. [SC2292]
packages/cua-driver/scripts/_install-local-rust.sh:591:10: warning: Prefer putting braces around variable references even when not strictly required. [SC2250]
packages/cua-driver/scripts/_install-local-rust.sh:592:23: warning: Prefer putting braces around variable references even when not strictly required. [SC2250]
packages/cua-driver/scripts/_install-local-rust.sh:592:42: warning: Prefer putting braces around variable references even when not strictly required. [SC2250]
packages/cua-driver/scripts/_install-local-rust.sh:596:23: warning: Prefer putting braces around variable references even when not strictly required. [SC2250]
packages/cua-driver/scripts/_install-local-rust.sh:596:52: warning: Prefer putting braces around variable references even when not strictly required. [SC2250]
packages/cua-driver/scripts/_install-local-rust.sh:596:82: warning: Prefer putting braces around variable references even when not strictly required. [SC2250]
packages/cua-driver/scripts/_install-local-rust.sh:606:14: warning: Prefer putting braces around variable references even when not strictly required. [SC2250]
packages/cua-driver/scripts/_install-local-rust.sh:607:4: warning: Prefer [[ ]] over [ ] for tests in Bash/Ksh/Busybox. [SC2292]
packages/cua-driver/scripts/_install-local-rust.sh:607:12: warning: Prefer putting braces around variable references even when not strictly required. [SC2250]
packages/cua-driver/scripts/_install-local-rust.sh:609:85: warning: Prefer putting braces around variable references even when not strictly required. [SC2250]
packages/cua-driver/scripts/_install-local-rust.sh:612:15: warning: Prefer putting braces around variable references even when not strictly required. [SC2250]
packages/cua-driver/scripts/_install-local-rust.sh:614:10: warning: Expressions don't expand in single quotes, use double quotes for that. [SC2016]
packages/cua-driver/scripts/_install-local-rust.sh:618:4: warning: Prefer [[ ]] over [ ] for tests in Bash/Ksh/Busybox. [SC2292]
packages/cua-driver/scripts/_install-local-rust.sh:618:7: warning: Prefer putting braces around variable references even when not strictly required. [SC2250]
packages/cua-driver/scripts/_install-local-rust.sh:620:8: warning: Prefer [[ ]] over [ ] for tests in Bash/Ksh/Busybox. [SC2292]
packages/cua-driver/scripts/_install-local-rust.sh:620:11: warning: Prefer putting braces around variable references even when not strictly required. [SC2250]
packages/cua-driver/scripts/_local-signing.sh:10:8: warning: Prefer [[ ]] over [ ] for tests in Bash/Ksh/Busybox. [SC2292]
packages/cua-driver/scripts/_local-signing.sh:11:22: warning: Prefer putting braces around variable references even when not strictly required. [SC2250]
packages/cua-driver/scripts/_local-signing.sh:12:10: warning: Prefer [[ ]] over [ ] for tests in Bash/Ksh/Busybox. [SC2292]
packages/cua-driver/scripts/_local-signing.sh:12:16: warning: Prefer putting braces around variable references even when not strictly required. [SC2250]
packages/cua-driver/scripts/_local-signing.sh:13:22: warning: Prefer putting braces around variable references even when not strictly required. [SC2250]
packages/cua-driver/scripts/_local-signing.sh:14:10: warning: Prefer [[ ]] over [ ] for tests in Bash/Ksh/Busybox. [SC2292]
packages/cua-driver/scripts/_local-signing.sh:14:16: warning: Prefer putting braces around variable references even when not strictly required. [SC2250]
packages/cua-driver/scripts/_local-signing.sh:15:22: warning: Prefer putting braces around variable references even when not strictly required. [SC2250]
packages/cua-driver/scripts/_local-signing.sh:17:22: warning: Prefer putting braces around variable references even when not strictly required. [SC2250]
packages/cua-driver/scripts/_local-signing.sh:36:7: warning: Prefer [[ ]] over [ ] for tests in Bash/Ksh/Busybox. [SC2292]
packages/cua-driver/scripts/_local-signing.sh:36:10: warning: Prefer putting braces around variable references even when not strictly required. [SC2250]
packages/cua-driver/scripts/_local-signing.sh:40:5: warning: Prefer [[ ]] over [ ] for tests in Bash/Ksh/Busybox. [SC2292]
packages/cua-driver/scripts/_local-signing.sh:40:11: warning: Prefer putting braces around variable references even when not strictly required. [SC2250]
packages/cua-driver/scripts/_local-signing.sh:42:56: warning: Prefer putting braces around variable references even when not strictly required. [SC2250]
packages/cua-driver/scripts/_local-signing.sh:43:22: warning: Prefer putting braces around variable references even when not strictly required. [SC2250]
packages/cua-driver/scripts/_local-signing.sh:44:8: warning: Prefer [[ ]] over [ ] for tests in Bash/Ksh/Busybox. [SC2292]
packages/cua-driver/scripts/_local-signing.sh:44:14: warning: Prefer putting braces around variable references even when not strictly required. [SC2250]
packages/cua-driver/scripts/_local-signing.sh:45:22: warning: Prefer putting braces around variable references even when not strictly required. [SC2250]
packages/cua-driver/scripts/_local-signing.sh:52:10: warning: Prefer putting braces around variable references even when not strictly required. [SC2250]
packages/cua-driver/scripts/_local-signing.sh:52:33: warning: Prefer putting braces around variable references even when not strictly required. [SC2250]
packages/cua-driver/scripts/_local-signing.sh:54:52: warning: Prefer putting braces around variable references even when not strictly required. [SC2250]
packages/cua-driver/scripts/_local-signing.sh:54:72: warning: Prefer putting braces around variable references even when not strictly required. [SC2250]
packages/cua-driver/scripts/_local-signing.sh:55:40: warning: Prefer putting braces around variable references even when not strictly required. [SC2250]
packages/cua-driver/scripts/_local-signing.sh:56:52: warning: Prefer putting braces around variable references even when not strictly required. [SC2250]
packages/cua-driver/scripts/_local-signing.sh:56:71: warning: Prefer putting braces around variable references even when not strictly required. [SC2250]
packages/cua-driver/scripts/_local-signing.sh:57:23: warning: Prefer putting braces around variable references even when not strictly required. [SC2250]
packages/cua-driver/scripts/_local-signing.sh:57:51: warning: Prefer putting braces around variable references even when not strictly required. [SC2250]
packages/cua-driver/scripts/_local-signing.sh:57:63: warning: Prefer putting braces around variable references even when not strictly required. [SC2250]
packages/cua-driver/scripts/_local-signing.sh:58:47: warning: Prefer putting braces around variable references even when not strictly required. [SC2250]
packages/cua-driver/scripts/_local-signing.sh:58:66: warning: Prefer putting braces around variable references even when not strictly required. [SC2250]
packages/cua-driver/scripts/_local-signing.sh:59:23: warning: Prefer putting braces around variable references even when not strictly required. [SC2250]
packages/cua-driver/scripts/_local-signing.sh:59:51: warning: Prefer putting braces around variable references even when not strictly required. [SC2250]
packages/cua-driver/scripts/_local-signing.sh:59:63: warning: Prefer putting braces around variable references even when not strictly required. [SC2250]
packages/cua-driver/scripts/_local-signing.sh:60:28: warning: Prefer putting braces around variable references even when not strictly required. [SC2250]
packages/cua-driver/scripts/_local-signing.sh:60:45: warning: Prefer putting braces around variable references even when not strictly required. [SC2250]
packages/cua-driver/scripts/_local-signing.sh:60:54: warning: Prefer putting braces around variable references even when not strictly required. [SC2250]
packages/cua-driver/scripts/_local-signing.sh:61:60: warning: Prefer putting braces around variable references even when not strictly required. [SC2250]
packages/cua-driver/scripts/_local-signing.sh:62:26: warning: Prefer putting braces around variable references even when not strictly required. [SC2250]
packages/cua-driver/scripts/_local-signing.sh:63:17: warning: Prefer putting braces around variable references even when not strictly required. [SC2250]
packages/cua-driver/scripts/_local-signing.sh:64:12: warning: Prefer [[ ]] over [ ] for tests in Bash/Ksh/Busybox. [SC2292]
packages/cua-driver/scripts/_local-signing.sh:64:18: warning: Prefer putting braces around variable references even when not strictly required. [SC2250]
packages/cua-driver/scripts/_local-signing.sh:65:26: warning: Prefer putting braces around variable references even when not strictly required. [SC2250]
packages/cua-driver/scripts/_local-signing.sh:71:13: warning: Prefer putting braces around variable references even when not strictly required. [SC2250]
packages/cua-driver/scripts/_local-signing.sh:80:8: warning: Prefer [[ ]] over [ ] for tests in Bash/Ksh/Busybox. [SC2292]
packages/cua-driver/scripts/_local-signing.sh:81:13: warning: Prefer putting braces around variable references even when not strictly required. [SC2250]
packages/cua-driver/scripts/_local-signing.sh:82:10: warning: Prefer [[ ]] over [ ] for tests in Bash/Ksh/Busybox. [SC2292]
packages/cua-driver/scripts/_local-signing.sh:82:16: warning: Prefer putting braces around variable references even when not strictly required. [SC2250]
packages/cua-driver/scripts/_local-signing.sh:83:13: warning: Prefer putting braces around variable references even when not strictly required. [SC2250]
packages/cua-driver/scripts/_local-signing.sh:85:8: warning: Prefer [[ ]] over [ ] for tests in Bash/Ksh/Busybox. [SC2292]
packages/cua-driver/scripts/_local-signing.sh:85:14: warning: Prefer putting braces around variable references even when not strictly required. [SC2250]
packages/cua-driver/scripts/_local-signing.sh:86:28: warning: Prefer putting braces around variable references even when not strictly required. [SC2250]
packages/cua-driver/scripts/_local-signing.sh:89:19: warning: Prefer putting braces around variable references even when not strictly required. [SC2250]
packages/cua-driver/scripts/_local-signing.sh:91:44: warning: Prefer putting braces around variable references even when not strictly required. [SC2250]
packages/cua-driver/scripts/_local-signing.sh:99:13: warning: Prefer putting braces around variable references even when not strictly required. [SC2250]
packages/cua-driver/scripts/_local-signing.sh:100:11: warning: Prefer putting braces around variable references even when not strictly required. [SC2250]
packages/cua-driver/scripts/_local-signing.sh:125:8: warning: Prefer [[ ]] over [ ] for tests in Bash/Ksh/Busybox. [SC2292]
packages/cua-driver/scripts/_local-signing.sh:125:11: warning: Prefer putting braces around variable references even when not strictly required. [SC2250]
packages/cua-driver/scripts/_local-signing.sh:126:54: warning: Prefer putting braces around variable references even when not strictly required. [SC2250]
packages/cua-driver/scripts/_local-signing.sh:126:65: warning: Prefer putting braces around variable references even when not strictly required. [SC2250]
packages/cua-driver/scripts/_local-signing.sh:127:48: warning: Prefer putting braces around variable references even when not strictly required. [SC2250]
packages/cua-driver/scripts/_local-signing.sh:128:59: warning: Prefer putting braces around variable references even when not strictly required. [SC2250]
packages/cua-driver/scripts/_local-signing.sh:129:12: warning: Prefer [[ ]] over [ ] for tests in Bash/Ksh/Busybox. [SC2292]
packages/cua-driver/scripts/_local-signing.sh:129:15: warning: Prefer putting braces around variable references even when not strictly required. [SC2250]
packages/cua-driver/scripts/_local-signing.sh:136:8: warning: Prefer [[ ]] over [ ] for tests in Bash/Ksh/Busybox. [SC2292]
packages/cua-driver/scripts/_local-signing.sh:137:41: warning: Prefer putting braces around variable references even when not strictly required. [SC2250]
packages/cua-driver/scripts/_local-signing.sh:144:8: warning: Prefer [[ ]] over [ ] for tests in Bash/Ksh/Busybox. [SC2292]
packages/cua-driver/scripts/_local-signing.sh:144:14: warning: Prefer putting braces around variable references even when not strictly required. [SC2250]
packages/cua-driver/scripts/_local-signing.sh:145:48: warning: Prefer putting braces around variable references even when not strictly required. [SC2250]
packages/cua-driver/scripts/_local-signing.sh:146:12: warning: Prefer [[ ]] over [ ] for tests in Bash/Ksh/Busybox. [SC2292]
packages/cua-driver/scripts/_local-signing.sh:146:17: warning: Consider invoking this command separately to avoid masking its return value (or use '|| true' to ignore). [SC2312]
packages/cua-driver/scripts/_local-signing.sh:146:50: warning: Prefer putting braces around variable references even when not strictly required. [SC2250]
packages/cua-driver/scripts/_local-signing.sh:147:45: warning: Prefer putting braces around variable references even when not strictly required. [SC2250]
packages/cua-driver/scripts/_local-signing.sh:148:98: warning: Prefer putting braces around variable references even when not strictly required. [SC2250]
packages/cua-driver/scripts/_local-signing.sh:154:37: warning: Prefer putting braces around variable references even when not strictly required. [SC2250]
packages/cua-driver/scripts/_local-signing.sh:155:55: warning: Prefer putting braces around variable references even when not strictly required. [SC2250]
packages/cua-driver/scripts/_local-signing.sh:156:41: warning: Prefer putting braces around variable references even when not strictly required. [SC2250]
packages/cua-driver/scripts/_local-signing.sh:160:44: warning: Prefer putting braces around variable references even when not strictly required. [SC2250]
packages/cua-driver/scripts/_local-signing.sh:161:8: warning: Prefer [[ ]] over [ ] for tests in Bash/Ksh/Busybox. [SC2292]
packages/cua-driver/scripts/_local-signing.sh:161:13: warning: Consider invoking this command separately to avoid masking its return value (or use '|| true' to ignore). [SC2312]
packages/cua-driver/scripts/_local-signing.sh:161:46: warning: Prefer putting braces around variable references even when not strictly required. [SC2250]
packages/cua-driver/scripts/_install-rust.sh:92:15: warning: Prefer putting braces around variable references even when not strictly required. [SC2250]
packages/cua-driver/scripts/_install-rust.sh:94:11: warning: Not following: _install-common.sh was not specified as input (see shellcheck -x). [SC1091]
packages/cua-driver/scripts/_install-rust.sh:94:12: warning: Prefer putting braces around variable references even when not strictly required. [SC2250]
packages/cua-driver/scripts/_install-rust.sh:97:8: warning: Prefer putting braces around variable references even when not strictly required. [SC2250]
packages/cua-driver/scripts/_install-rust.sh:99:20: warning: Prefer putting braces around variable references even when not strictly required. [SC2250]
packages/cua-driver/scripts/_install-rust.sh:99:50: warning: Prefer putting braces around variable references even when not strictly required. [SC2250]
packages/cua-driver/scripts/_install-rust.sh:101:12: warning: Prefer putting braces around variable references even when not strictly required. [SC2250]
packages/cua-driver/scripts/_install-rust.sh:103:12: warning: Prefer putting braces around variable references even when not strictly required. [SC2250]
packages/cua-driver/scripts/_install-rust.sh:105:8: warning: Prefer putting braces around variable references even when not strictly required. [SC2250]
packages/cua-driver/scripts/_install-rust.sh:121:64: warning: Prefer putting braces around variable references even when not strictly required. [SC2250]
packages/cua-driver/scripts/_install-rust.sh:129:33: warning: Prefer putting braces around variable references even when not strictly required. [SC2250]
packages/cua-driver/scripts/_install-rust.sh:132:18: warning: Prefer putting braces around variable references even when not strictly required. [SC2250]
packages/cua-driver/scripts/_install-rust.sh:138:47: warning: Prefer putting braces around variable references even when not strictly required. [SC2250]
packages/cua-driver/scripts/_install-rust.sh:151:25: warning: Prefer putting braces around variable references even when not strictly required. [SC2250]
packages/cua-driver/scripts/_install-rust.sh:169:10: warning: Prefer putting braces around variable references even when not strictly required. [SC2250]
packages/cua-driver/scripts/_install-rust.sh:171:10: warning: Prefer putting braces around variable references even when not strictly required. [SC2250]
packages/cua-driver/scripts/_install-rust.sh:171:27: warning: Prefer putting braces around variable references even when not strictly required. [SC2250]
packages/cua-driver/scripts/_install-rust.sh:172:20: warning: Prefer putting braces around variable references even when not strictly required. [SC2250]
packages/cua-driver/scripts/_install-rust.sh:175:11: warning: Prefer putting braces around variable references even when not strictly required. [SC2250]
packages/cua-driver/scripts/_install-rust.sh:175:20: warning: Prefer putting braces around variable references even when not strictly required. [SC2250]
packages/cua-driver/scripts/_install-rust.sh:205:20: warning: Prefer putting braces around variable references even when not strictly required. [SC2250]
packages/cua-driver/scripts/_install-rust.sh:206:11: warning: Prefer putting braces around variable references even when not strictly required. [SC2250]
packages/cua-driver/scripts/_install-rust.sh:207:12: warning: Prefer putting braces around variable references even when not strictly required. [SC2250]
packages/cua-driver/scripts/_install-rust.sh:214:17: warning: Prefer putting braces around variable references even when not strictly required. [SC2250]
packages/cua-driver/scripts/_install-rust.sh:223:13: warning: Prefer putting braces around variable references even when not strictly required. [SC2250]
packages/cua-driver/scripts/_install-rust.sh:231:15: warning: Prefer putting braces around variable references even when not strictly required. [SC2250]
packages/cua-driver/scripts/_install-rust.sh:233:20: warning: Prefer putting braces around variable references even when not strictly required. [SC2250]
packages/cua-driver/scripts/_install-rust.sh:235:80: warning: Prefer putting braces around variable references even when not strictly required. [SC2250]
packages/cua-driver/scripts/_install-rust.sh:237:16: warning: Prefer putting braces around variable references even when not strictly required. [SC2250]
packages/cua-driver/scripts/_install-rust.sh:251:23: warning: Prefer putting braces around variable references even when not strictly required. [SC2250]
packages/cua-driver/scripts/_install-rust.sh:252:47: warning: Prefer putting braces around variable references even when not strictly required. [SC2250]
packages/cua-driver/scripts/_install-rust.sh:254:23: warning: Prefer putting braces around variable references even when not strictly required. [SC2250]
packages/cua-driver/scripts/_install-rust.sh:254:51: warning: Prefer putting braces around variable references even when not strictly required. [SC2250]
packages/cua-driver/scripts/_install-rust.sh:255:30: warning: Prefer putting braces around variable references even when not strictly required. [SC2250]
packages/cua-driver/scripts/_install-rust.sh:255:63: warning: Prefer putting braces around variable references even when not strictly required. [SC2250]
packages/cua-driver/scripts/_install-rust.sh:261:26: warning: Prefer putting braces around variable references even when not strictly required. [SC2250]
packages/cua-driver/scripts/_install-rust.sh:262:21: warning: Prefer putting braces around variable references even when not strictly required. [SC2250]
packages/cua-driver/scripts/_install-rust.sh:274:10: warning: Prefer putting braces around variable references even when not strictly required. [SC2250]
packages/cua-driver/scripts/_install-rust.sh:294:12: warning: Prefer putting braces around variable references even when not strictly required. [SC2250]
packages/cua-driver/scripts/_install-rust.sh:298:17: warning: Prefer putting braces around variable references even when not strictly required. [SC2250]
packages/cua-driver/scripts/_install-rust.sh:307:15: warning: Prefer putting braces around variable references even when not strictly required. [SC2250]
packages/cua-driver/scripts/_install-rust.sh:309:32: warning: Prefer putting braces around variable references even when not strictly required. [SC2250]
packages/cua-driver/scripts/_install-rust.sh:310:19: warning: Prefer putting braces around variable references even when not strictly required. [SC2250]
packages/cua-driver/scripts/_install-rust.sh:311:19: warning: Prefer putting braces around variable references even when not strictly required. [SC2250]
packages/cua-driver/scripts/_install-rust.sh:312:37: warning: Prefer putting braces around variable references even when not strictly required. [SC2250]
packages/cua-driver/scripts/_install-rust.sh:313:48: warning: Prefer putting braces around variable references even when not strictly required. [SC2250]
packages/cua-driver/scripts/_install-rust.sh:313:64: warning: Prefer putting braces around variable references even when not strictly required. [SC2250]
packages/cua-driver/scripts/_install-rust.sh:324:16: warning: Prefer putting braces around variable references even when not strictly required. [SC2250]
packages/cua-driver/scripts/_install-rust.sh:329:15: warning: Prefer putting braces around variable references even when not strictly required. [SC2250]
packages/cua-driver/scripts/_install-rust.sh:330:16: warning: Prefer putting braces around variable references even when not strictly required. [SC2250]
packages/cua-driver/scripts/_install-rust.sh:330:40: warning: Prefer putting braces around variable references even when not strictly required. [SC2250]
packages/cua-driver/scripts/_install-rust.sh:333:22: warning: Prefer putting braces around variable references even when not strictly required. [SC2250]
packages/cua-driver/scripts/_install-rust.sh:335:34: warning: Prefer putting braces around variable references even when not strictly required. [SC2250]
packages/cua-driver/scripts/_install-rust.sh:350:34: warning: Prefer putting braces around variable references even when not strictly required. [SC2250]
packages/cua-driver/scripts/_install-rust.sh:352:19: warning: Prefer putting braces around variable references even when not strictly required. [SC2250]
packages/cua-driver/scripts/_install-rust.sh:365:21: warning: Prefer putting braces around variable references even when not strictly required. [SC2250]
packages/cua-driver/scripts/_install-rust.sh:372:62: warning: Prefer putting braces around variable references even when not strictly required. [SC2250]
packages/cua-driver/scripts/_install-rust.sh:372:84: warning: Prefer putting braces around variable references even when not strictly required. [SC2250]
packages/cua-driver/scripts/_install-rust.sh:412:25: warning: Prefer putting braces around variable references even when not strictly required. [SC2250]
packages/cua-driver/scripts/_install-rust.sh:413:23: warning: Prefer putting braces around variable references even when not strictly required. [SC2250]
packages/cua-driver/scripts/_install-rust.sh:419:15: warning: Prefer putting braces around variable references even when not strictly required. [SC2250]
packages/cua-driver/scripts/_install-rust.sh:420:19: warning: Prefer putting braces around variable references even when not strictly required. [SC2250]
packages/cua-driver/scripts/_install-rust.sh:421:20: warning: Prefer putting braces around variable references even when not strictly required. [SC2250]
packages/cua-driver/scripts/_install-rust.sh:426:44: warning: Prefer putting braces around variable references even when not strictly required. [SC2250]
packages/cua-driver/scripts/_install-rust.sh:430:53: warning: Prefer putting braces around variable references even when not strictly required. [SC2250]
packages/cua-driver/scripts/_install-rust.sh:444:21: warning: Prefer putting braces around variable references even when not strictly required. [SC2250]
packages/cua-driver/scripts/_install-rust.sh:452:15: warning: Prefer putting braces around variable references even when not strictly required. [SC2250]
packages/cua-driver/scripts/_install-rust.sh:453:16: warning: Prefer putting braces around variable references even when not strictly required. [SC2250]
packages/cua-driver/scripts/_install-rust.sh:454:54: warning: Prefer putting braces around variable references even when not strictly required. [SC2250]
packages/cua-driver/scripts/_install-rust.sh:477:8: warning: Prefer putting braces around variable references even when not strictly required. [SC2250]
packages/cua-driver/scripts/_install-rust.sh:477:29: warning: Prefer putting braces around variable references even when not strictly required. [SC2250]
packages/cua-driver/scripts/_install-rust.sh:478:14: warning: Consider invoking this command separately to avoid masking its return value (or use '|| true' to ignore). [SC2312]
packages/cua-driver/scripts/_install-rust.sh:490:7: warning: Prefer putting braces around variable references even when not strictly required. [SC2250]
packages/cua-driver/scripts/_install-rust.sh:490:11: warning: Prefer putting braces around variable references even when not strictly required. [SC2250]
packages/cua-driver/scripts/_install-rust.sh:496:36: warning: Prefer putting braces around variable references even when not strictly required. [SC2250]
packages/cua-driver/scripts/_install-rust.sh:496:42: warning: Prefer putting braces around variable references even when not strictly required. [SC2250]
packages/cua-driver/scripts/_install-rust.sh:504:22: warning: Prefer putting braces around variable references even when not strictly required. [SC2250]
packages/cua-driver/scripts/_install-rust.sh:505:14: warning: Prefer putting braces around variable references even when not strictly required. [SC2250]
packages/cua-driver/scripts/_install-rust.sh:536:15: warning: Prefer putting braces around variable references even when not strictly required. [SC2250]
packages/cua-driver/scripts/_install-rust.sh:537:40: warning: Prefer putting braces around variable references even when not strictly required. [SC2250]
packages/cua-driver/scripts/_install-rust.sh:551:55: warning: Prefer putting braces around variable references even when not strictly required. [SC2250]
packages/cua-driver/scripts/_install-rust.sh:552:20: warning: Prefer putting braces around variable references even when not strictly required. [SC2250]
packages/cua-driver/scripts/_install-rust.sh:552:54: warning: Prefer putting braces around variable references even when not strictly required. [SC2250]
packages/cua-driver/scripts/_install-rust.sh:588:43: warning: Prefer putting braces around variable references even when not strictly required. [SC2250]
packages/cua-driver/scripts/_install-rust.sh:588:76: warning: Prefer putting braces around variable references even when not strictly required. [SC2250]
packages/cua-driver/scripts/_install-rust.sh:593:39: warning: Prefer putting braces around variable references even when not strictly required. [SC2250]
packages/cua-driver/scripts/_install-rust.sh:594:19: warning: Prefer putting braces around variable references even when not strictly required. [SC2250]
packages/cua-driver/scripts/_install-rust.sh:599:26: warning: Prefer putting braces around variable references even when not strictly required. [SC2250]
packages/cua-driver/scripts/_install-rust.sh:602:13: warning: Prefer putting braces around variable references even when not strictly required. [SC2250]
packages/cua-driver/scripts/_install-rust.sh:610:24: warning: Prefer putting braces around variable references even when not strictly required. [SC2250]
packages/cua-driver/scripts/_install-rust.sh:615:12: warning: Prefer putting braces around variable references even when not strictly required. [SC2250]
packages/cua-driver/scripts/_install-rust.sh:616:18: warning: Prefer putting braces around variable references even when not strictly required. [SC2250]
packages/cua-driver/scripts/_install-rust.sh:626:12: warning: Prefer putting braces around variable references even when not strictly required. [SC2250]
packages/cua-driver/scripts/_install-rust.sh:628:24: warning: Prefer putting braces around variable references even when not strictly required. [SC2250]
packages/cua-driver/scripts/_install-rust.sh:628:38: warning: Prefer putting braces around variable references even when not strictly required. [SC2250]
packages/cua-driver/scripts/_install-rust.sh:631:12: warning: Prefer putting braces around variable references even when not strictly required. [SC2250]
packages/cua-driver/scripts/_install-rust.sh:633:24: warning: Prefer putting braces around variable references even when not strictly required. [SC2250]
packages/cua-driver/scripts/_install-rust.sh:633:46: warning: Prefer putting braces around variable references even when not strictly required. [SC2250]
packages/cua-driver/scripts/_install-rust.sh:636:12: warning: Prefer putting braces around variable references even when not strictly required. [SC2250]
packages/cua-driver/scripts/_install-rust.sh:638:24: warning: Prefer putting braces around variable references even when not strictly required. [SC2250]
packages/cua-driver/scripts/_install-rust.sh:638:46: warning: Prefer putting braces around variable references even when not strictly required. [SC2250]
packages/cua-driver/scripts/_install-rust.sh:644:21: warning: Prefer putting braces around variable references even when not strictly required. [SC2250]
packages/cua-driver/scripts/_install-rust.sh:645:8: warning: Prefer putting braces around variable references even when not strictly required. [SC2250]
packages/cua-driver/scripts/_install-rust.sh:649:8: warning: Prefer putting braces around variable references even when not strictly required. [SC2250]
packages/cua-driver/scripts/_install-rust.sh:650:23: warning: Prefer putting braces around variable references even when not strictly required. [SC2250]
packages/cua-driver/scripts/_install-rust.sh:655:13: warning: Prefer putting braces around variable references even when not strictly required. [SC2250]
packages/cua-driver/scripts/_install-rust.sh:656:46: warning: Prefer putting braces around variable references even when not strictly required. [SC2250]
packages/cua-driver/scripts/_install-rust.sh:660:7: warning: Prefer putting braces around variable references even when not strictly required. [SC2250]
packages/cua-driver/scripts/_install-rust.sh:661:34: warning: Prefer putting braces around variable references even when not strictly required. [SC2250]
packages/cua-driver/scripts/_install-rust.sh:662:35: warning: Prefer putting braces around variable references even when not strictly required. [SC2250]
packages/cua-driver/scripts/_install-rust.sh:664:39: warning: Prefer putting braces around variable references even when not strictly required. [SC2250]
packages/cua-driver/scripts/_install-rust.sh:664:61: warning: Prefer putting braces around variable references even when not strictly required. [SC2250]
packages/cua-driver/scripts/_install-rust.sh:672:47: warning: Prefer putting braces around variable references even when not strictly required. [SC2250]
packages/cua-driver/scripts/_install-rust.sh:676:52: warning: Prefer putting braces around variable references even when not strictly required. [SC2250]
packages/cua-driver/scripts/_install-rust.sh:677:10: warning: Prefer putting braces around variable references even when not strictly required. [SC2250]
packages/cua-driver/scripts/_install-rust.sh:679:14: warning: Prefer putting braces around variable references even when not strictly required. [SC2250]
packages/cua-driver/scripts/_install-rust.sh:684:31: warning: Prefer putting braces around variable references even when not strictly required. [SC2250]
packages/cua-driver/scripts/_install-rust.sh:687:27: warning: Prefer putting braces around variable references even when not strictly required. [SC2250]
packages/cua-driver/scripts/_install-rust.sh:689:67: warning: Prefer putting braces around variable references even when not strictly required. [SC2250]
packages/cua-driver/scripts/_install-rust.sh:694:26: warning: Prefer putting braces around variable references even when not strictly required. [SC2250]
packages/cua-driver/scripts/_install-rust.sh:697:8: warning: Prefer putting braces around variable references even when not strictly required. [SC2250]
packages/cua-driver/scripts/_install-rust.sh:697:18: warning: Prefer putting braces around variable references even when not strictly required. [SC2250]
packages/cua-driver/scripts/_install-rust.sh:698:20: warning: Expansions inside ${..} need to be quoted separately, otherwise they match as patterns. [SC2295]
packages/cua-driver/scripts/_install-rust.sh:700:20: warning: Expansions inside ${..} need to be quoted separately, otherwise they match as patterns. [SC2295]
packages/cua-driver/scripts/_install-rust.sh:710:48: warning: Prefer putting braces around variable references even when not strictly required. [SC2250]
packages/cua-driver/scripts/_install-rust.sh:711:48: warning: Prefer putting braces around variable references even when not strictly required. [SC2250]
packages/cua-driver/scripts/_install-rust.sh:733:11: warning: Prefer putting braces around variable references even when not strictly required. [SC2250]
packages/cua-driver/scripts/_install-rust.sh:735:68: warning: Prefer putting braces around variable references even when not strictly required. [SC2250]
packages/cua-driver/scripts/_install-rust.sh:746:38: warning: Prefer putting braces around variable references even when not strictly required. [SC2250]
packages/cua-driver/scripts/_install-rust.sh:747:29: warning: Prefer putting braces around variable references even when not strictly required. [SC2250]
packages/cua-driver/scripts/_install-rust.sh:747:60: warning: Prefer putting braces around variable references even when not strictly required. [SC2250]
packages/cua-driver/scripts/_install-rust.sh:748:14: warning: Prefer putting braces around variable references even when not strictly required. [SC2250]
packages/cua-driver/scripts/_install-rust.sh:748:23: warning: Prefer putting braces around variable references even when not strictly required. [SC2250]
packages/cua-driver/scripts/_install-rust.sh:749:22: warning: Prefer putting braces around variable references even when not strictly required. [SC2250]
packages/cua-driver/scripts/_install-rust.sh:754:27: warning: Prefer putting braces around variable references even when not strictly required. [SC2250]
packages/cua-driver/scripts/_install-rust.sh:754:56: warning: Prefer putting braces around variable references even when not strictly required. [SC2250]
packages/cua-driver/scripts/_install-rust.sh:756:42: warning: Prefer putting braces around variable references even when not strictly required. [SC2250]
packages/cua-driver/scripts/_install-rust.sh:757:17: warning: Prefer putting braces around variable references even when not strictly required. [SC2250]
packages/cua-driver/scripts/_install-rust.sh:757:28: warning: Prefer putting braces around variable references even when not strictly required. [SC2250]
packages/cua-driver/scripts/_install-rust.sh:757:37: warning: Prefer putting braces around variable references even when not strictly required. [SC2250]
packages/cua-driver/scripts/_install-rust.sh:760:16: warning: Prefer putting braces around variable references even when not strictly required. [SC2250]
packages/cua-driver/scripts/_install-rust.sh:761:16: warning: Prefer putting braces around variable references even when not strictly required. [SC2250]
packages/cua-driver/scripts/_install-rust.sh:766:20: warning: Prefer putting braces around variable references even when not strictly required. [SC2250]
packages/cua-driver/scripts/_install-rust.sh:766:45: warning: Prefer putting braces around variable references even when not strictly required. [SC2250]
packages/cua-driver/scripts/_install-rust.sh:767:20: warning: Prefer putting braces around variable references even when not strictly required. [SC2250]
packages/cua-driver/scripts/_install-rust.sh:771:35: warning: Prefer putting braces around variable references even when not strictly required. [SC2250]
packages/cua-driver/scripts/_install-rust.sh:771:90: warning: Prefer putting braces around variable references even when not strictly required. [SC2250]
packages/cua-driver/scripts/_install-rust.sh:772:20: warning: Prefer putting braces around variable references even when not strictly required. [SC2250]
packages/cua-driver/scripts/_install-rust.sh:777:32: warning: Prefer putting braces around variable references even when not strictly required. [SC2250]
packages/cua-driver/scripts/_install-rust.sh:777:91: warning: Prefer putting braces around variable references even when not strictly required. [SC2250]
packages/cua-driver/scripts/_install-rust.sh:782:27: warning: Prefer putting braces around variable references even when not strictly required. [SC2250]
packages/cua-driver/scripts/_install-rust.sh:787:12: warning: Prefer putting braces around variable references even when not strictly required. [SC2250]
packages/cua-driver/scripts/_install-rust.sh:787:44: warning: Prefer putting braces around variable references even when not strictly required. [SC2250]
packages/cua-driver/scripts/_install-rust.sh:792:10: warning: Prefer putting braces around variable references even when not strictly required. [SC2250]
packages/cua-driver/scripts/_install-rust.sh:792:17: warning: Prefer putting braces around variable references even when not strictly required. [SC2250]
packages/cua-driver/scripts/_install-rust.sh:799:12: warning: Prefer putting braces around variable references even when not strictly required. [SC2250]
packages/cua-driver/scripts/_install-rust.sh:799:30: warning: Prefer putting braces around variable references even when not strictly required. [SC2250]
packages/cua-driver/scripts/_install-rust.sh:806:47: warning: Prefer putting braces around variable references even when not strictly required. [SC2250]
packages/cua-driver/scripts/_install-rust.sh:806:61: warning: Prefer putting braces around variable references even when not strictly required. [SC2250]
packages/cua-driver/scripts/_install-rust.sh:809:14: warning: Prefer putting braces around variable references even when not strictly required. [SC2250]
packages/cua-driver/scripts/_install-rust.sh:812:31: warning: Prefer putting braces around variable references even when not strictly required. [SC2250]
packages/cua-driver/scripts/_install-rust.sh:818:34: warning: Prefer putting braces around variable references even when not strictly required. [SC2250]
packages/cua-driver/scripts/_install-rust.sh:821:11: warning: Prefer putting braces around variable references even when not strictly required. [SC2250]
packages/cua-driver/scripts/_install-rust.sh:821:20: warning: Prefer putting braces around variable references even when not strictly required. [SC2250]
packages/cua-driver/scripts/_install-rust.sh:821:34: warning: Prefer putting braces around variable references even when not strictly required. [SC2250]
packages/cua-driver/scripts/_install-rust.sh:833:7: warning: Prefer putting braces around variable references even when not strictly required. [SC2250]
packages/cua-driver/scripts/_install-rust.sh:836:14: warning: Prefer putting braces around variable references even when not strictly required. [SC2250]
packages/cua-driver/scripts/_install-rust.sh:836:23: warning: Prefer putting braces around variable references even when not strictly required. [SC2250]
packages/cua-driver/scripts/_install-rust.sh:836:30: warning: Prefer putting braces around variable references even when not strictly required. [SC2250]
packages/cua-driver/scripts/_install-rust.sh:837:20: warning: Prefer putting braces around variable references even when not strictly required. [SC2250]
packages/cua-driver/scripts/_install-rust.sh:837:29: warning: Prefer putting braces around variable references even when not strictly required. [SC2250]
packages/cua-driver/scripts/_install-rust.sh:838:18: warning: Prefer putting braces around variable references even when not strictly required. [SC2250]
packages/cua-driver/scripts/_install-rust.sh:838:27: warning: Prefer putting braces around variable references even when not strictly required. [SC2250]
packages/cua-driver/scripts/_install-rust.sh:838:34: warning: Prefer putting braces around variable references even when not strictly required. [SC2250]
packages/cua-driver/scripts/_install-rust.sh:841:14: warning: Prefer putting braces around variable references even when not strictly required. [SC2250]
packages/cua-driver/scripts/_install-rust.sh:841:23: warning: Prefer putting braces around variable references even when not strictly required. [SC2250]
packages/cua-driver/scripts/_install-rust.sh:842:20: warning: Prefer putting braces around variable references even when not strictly required. [SC2250]
packages/cua-driver/scripts/_install-rust.sh:843:29: warning: Prefer putting braces around variable references even when not strictly required. [SC2250]
packages/cua-driver/scripts/_install-rust.sh:847:13: warning: Prefer putting braces around variable references even when not strictly required. [SC2250]
packages/cua-driver/scripts/_install-rust.sh:848:19: warning: Prefer putting braces around variable references even when not strictly required. [SC2250]
packages/cua-driver/scripts/_install-rust.sh:849:13: warning: Prefer putting braces around variable references even when not strictly required. [SC2250]
packages/cua-driver/scripts/_install-rust.sh:853:13: warning: Prefer putting braces around variable references even when not strictly required. [SC2250]
packages/cua-driver/scripts/_install-rust.sh:854:12: warning: Prefer putting braces around variable references even when not strictly required. [SC2250]
packages/cua-driver/scripts/_install-rust.sh:855:14: warning: Prefer putting braces around variable references even when not strictly required. [SC2250]
packages/cua-driver/scripts/_install-rust.sh:859:8: warning: Prefer putting braces around variable references even when not strictly required. [SC2250]
packages/cua-driver/scripts/_install-rust.sh:860:6: warning: Prefer putting braces around variable references even when not strictly required. [SC2250]
packages/cua-driver/scripts/_install-rust.sh:860:17: warning: Prefer putting braces around variable references even when not strictly required. [SC2250]
packages/cua-driver/scripts/_install-rust.sh:862:13: warning: Prefer putting braces around variable references even when not strictly required. [SC2250]
packages/cua-driver/scripts/_install-rust.sh:865:8: warning: Prefer putting braces around variable references even when not strictly required. [SC2250]
packages/cua-driver/scripts/_install-rust.sh:867:10: warning: Prefer putting braces around variable references even when not strictly required. [SC2250]
packages/cua-driver/scripts/_install-rust.sh:870:8: warning: Prefer putting braces around variable references even when not strictly required. [SC2250]
packages/cua-driver/scripts/_install-rust.sh:871:15: warning: Prefer putting braces around variable references even when not strictly required. [SC2250]
packages/cua-driver/scripts/_install-rust.sh:872:18: warning: Prefer putting braces around variable references even when not strictly required. [SC2250]
packages/cua-driver/scripts/_install-rust.sh:873:20: warning: Prefer putting braces around variable references even when not strictly required. [SC2250]
packages/cua-driver/scripts/_install-rust.sh:873:42: warning: Prefer putting braces around variable references even when not strictly required. [SC2250]
packages/cua-driver/scripts/_install-rust.sh:874:12: warning: Prefer putting braces around variable references even when not strictly required. [SC2250]
packages/cua-driver/scripts/_install-rust.sh:874:27: warning: Prefer putting braces around variable references even when not strictly required. [SC2250]
packages/cua-driver/scripts/_install-rust.sh:875:33: warning: Prefer putting braces around variable references even when not strictly required. [SC2250]
packages/cua-driver/scripts/_install-rust.sh:885:11: warning: Prefer putting braces around variable references even when not strictly required. [SC2250]
packages/cua-driver/scripts/_install-rust.sh:892:7: warning: Prefer putting braces around variable references even when not strictly required. [SC2250]
packages/cua-driver/scripts/_install-rust.sh:905:41: warning: Prefer putting braces around variable references even when not strictly required. [SC2250]
packages/cua-driver/scripts/_install-rust.sh:906:5: warning: Consider adding a default *) case, even if it just exits with error. [SC2249]
packages/cua-driver/scripts/_install-rust.sh:906:11: warning: Prefer putting braces around variable references even when not strictly required. [SC2250]
packages/cua-driver/scripts/_install-rust.sh:919:8: warning: Prefer putting braces around variable references even when not strictly required. [SC2250]
packages/cua-driver/scripts/_install-rust.sh:919:48: warning: Prefer putting braces around variable references even when not strictly required. [SC2250]
packages/cua-driver/scripts/_install-rust.sh:920:110: warning: Prefer putting braces around variable references even when not strictly required. [SC2250]
packages/cua-driver/scripts/_install-rust.sh:921:5: warning: Consider adding a default *) case, even if it just exits with error. [SC2249]
packages/cua-driver/scripts/_install-rust.sh:921:11: warning: Prefer putting braces around variable references even when not strictly required. [SC2250]
packages/cua-driver/scripts/_install-rust.sh:926:8: warning: Prefer putting braces around variable references even when not strictly required. [SC2250]
packages/cua-driver/scripts/_install-rust.sh:927:15: warning: Prefer putting braces around variable references even when not strictly required. [SC2250]
packages/cua-driver/scripts/_install-rust.sh:928:20: warning: Prefer putting braces around variable references even when not strictly required. [SC2250]
packages/cua-driver/scripts/_install-rust.sh:928:41: warning: Prefer putting braces around variable references even when not strictly required. [SC2250]
packages/cua-driver/scripts/_install-rust.sh:930:12: warning: Prefer putting braces around variable references even when not strictly required. [SC2250]
packages/cua-driver/scripts/_install-rust.sh:960:8: warning: Prefer putting braces around variable references even when not strictly required. [SC2250]
packages/cua-driver/scripts/_install-rust.sh:961:38: warning: Prefer putting braces around variable references even when not strictly required. [SC2250]
packages/cua-driver/scripts/_install-rust.sh:968:8: warning: Prefer putting braces around variable references even when not strictly required. [SC2250]
packages/cua-driver/scripts/_install-rust.sh:968:32: warning: Prefer putting braces around variable references even when not strictly required. [SC2250]
packages/cua-driver/scripts/_install-rust.sh:968:49: warning: Prefer putting braces around variable references even when not strictly required. [SC2250]
packages/cua-driver/scripts/_install-rust.sh:984:15: warning: Prefer putting braces around variable references even when not strictly required. [SC2250]
packages/cua-driver/scripts/_install-rust.sh:985:82: warning: Prefer putting braces around variable references even when not strictly required. [SC2250]
packages/cua-driver/scripts/_install-rust.sh:986:95: warning: Prefer putting braces around variable references even when not strictly required. [SC2250]
packages/cua-driver/scripts/_install-rust.sh:987:16: warning: Prefer putting braces around variable references even when not strictly required. [SC2250]
packages/cua-driver/scripts/_install-rust.sh:987:75: warning: Prefer putting braces around variable references even when not strictly required. [SC2250]
packages/cua-driver/scripts/_install-rust.sh:988:51: warning: Prefer putting braces around variable references even when not strictly required. [SC2250]
packages/cua-driver/scripts/_install-rust.sh:990:21: warning: Prefer putting braces around variable references even when not strictly required. [SC2250]
packages/cua-driver/scripts/_install-rust.sh:991:37: warning: Prefer putting braces around variable references even when not strictly required. [SC2250]
packages/cua-driver/scripts/_install-rust.sh:991:58: warning: Prefer putting braces around variable references even when not strictly required. [SC2250]
packages/cua-driver/scripts/_install-rust.sh:993:36: warning: Prefer putting braces around variable references even when not strictly required. [SC2250]
packages/cua-driver/scripts/_install-rust.sh:995:17: warning: Prefer putting braces around variable references even when not strictly required. [SC2250]
packages/cua-driver/scripts/_install-rust.sh:997:21: warning: Prefer putting braces around variable references even when not strictly required. [SC2250]
packages/cua-driver/scripts/_install-rust.sh:1001:12: warning: Prefer putting braces around variable references even when not strictly required. [SC2250]
packages/cua-driver/scripts/_install-rust.sh:1001:23: warning: Prefer putting braces around variable references even when not strictly required. [SC2250]
packages/cua-driver/scripts/_install-rust.sh:1002:17: warning: Prefer putting braces around variable references even when not strictly required. [SC2250]
packages/cua-driver/scripts/_install-rust.sh:1002:42: warning: Prefer putting braces around variable references even when not strictly required. [SC2250]
packages/cua-driver/scripts/_install-rust.sh:1003:17: warning: Prefer putting braces around variable references even when not strictly required. [SC2250]
packages/cua-driver/scripts/_install-rust.sh:1004:32: warning: Prefer putting braces around variable references even when not strictly required. [SC2250]
packages/cua-driver/scripts/_install-rust.sh:1007:13: warning: Prefer putting braces around variable references even when not strictly required. [SC2250]
packages/cua-driver/scripts/_install-rust.sh:1007:27: warning: Prefer putting braces around variable references even when not strictly required. [SC2250]
packages/cua-driver/scripts/_install-rust.sh:1008:20: warning: Prefer putting braces around variable references even when not strictly required. [SC2250]
packages/cua-driver/scripts/_install-rust.sh:1008:33: warning: Prefer putting braces around variable references even when not strictly required. [SC2250]
packages/cua-driver/scripts/_install-rust.sh:1022:19: warning: Prefer putting braces around variable references even when not strictly required. [SC2250]
packages/cua-driver/scripts/_install-rust.sh:1023:19: warning: Prefer putting braces around variable references even when not strictly required. [SC2250]
packages/cua-driver/scripts/_install-rust.sh:1024:19: warning: Prefer putting braces around variable references even when not strictly required. [SC2250]
packages/cua-driver/scripts/_install-rust.sh:1025:20: warning: Prefer putting braces around variable references even when not strictly required. [SC2250]
packages/cua-driver/scripts/_install-rust.sh:1027:15: warning: Prefer putting braces around variable references even when not strictly required. [SC2250]
packages/cua-driver/scripts/_install-rust.sh:1028:22: warning: Prefer putting braces around variable references even when not strictly required. [SC2250]
packages/cua-driver/scripts/_install-rust.sh:1028:29: warning: Prefer putting braces around variable references even when not strictly required. [SC2250]
packages/cua-driver/scripts/_install-rust.sh:1028:44: warning: Prefer putting braces around variable references even when not strictly required. [SC2250]
packages/cua-driver/scripts/_install-rust.sh:1029:12: warning: Prefer putting braces around variable references even when not strictly required. [SC2250]
packages/cua-driver/scripts/_install-rust.sh:1030:26: warning: Prefer putting braces around variable references even when not strictly required. [SC2250]
packages/cua-driver/scripts/_install-rust.sh:1030:39: warning: Prefer putting braces around variable references even when not strictly required. [SC2250]
packages/cua-driver/scripts/_install-rust.sh:1033:19: warning: Prefer putting braces around variable references even when not strictly required. [SC2250]
packages/cua-driver/scripts/_install-rust.sh:1034:16: warning: Prefer putting braces around variable references even when not strictly required. [SC2250]
packages/cua-driver/scripts/_install-rust.sh:1034:40: warning: Prefer putting braces around variable references even when not strictly required. [SC2250]
packages/cua-driver/scripts/_install-rust.sh:1036:52: warning: Prefer putting braces around variable references even when not strictly required. [SC2250]
packages/cua-driver/scripts/_install-rust.sh:1037:19: warning: Prefer putting braces around variable references even when not strictly required. [SC2250]
packages/cua-driver/scripts/_install-rust.sh:1038:17: warning: Prefer putting braces around variable references even when not strictly required. [SC2250]
packages/cua-driver/scripts/_install-rust.sh:1039:18: warning: Prefer putting braces around variable references even when not strictly required. [SC2250]
packages/cua-driver/scripts/_install-rust.sh:1040:18: warning: Prefer putting braces around variable references even when not strictly required. [SC2250]
packages/cua-driver/scripts/_install-rust.sh:1044:20: warning: Prefer putting braces around variable references even when not strictly required. [SC2250]
packages/cua-driver/scripts/_install-rust.sh:1044:35: warning: Prefer putting braces around variable references even when not strictly required. [SC2250]
packages/cua-driver/scripts/_install-rust.sh:1044:57: warning: Prefer putting braces around variable references even when not strictly required. [SC2250]
packages/cua-driver/scripts/_install-rust.sh:1044:74: warning: Prefer putting braces around variable references even when not strictly required. [SC2250]
packages/cua-driver/scripts/_install-rust.sh:1050:15: warning: Prefer putting braces around variable references even when not strictly required. [SC2250]
packages/cua-driver/scripts/_install-rust.sh:1051:13: warning: Prefer putting braces around variable references even when not strictly required. [SC2250]
packages/cua-driver/scripts/_install-rust.sh:1053:44: warning: Prefer putting braces around variable references even when not strictly required. [SC2250]
packages/cua-driver/scripts/_install-rust.sh:1058:18: warning: Prefer putting braces around variable references even when not strictly required. [SC2250]
packages/cua-driver/scripts/_install-rust.sh:1058:30: warning: Prefer putting braces around variable references even when not strictly required. [SC2250]
packages/cua-driver/scripts/_install-rust.sh:1059:17: warning: Prefer putting braces around variable references even when not strictly required. [SC2250]
packages/cua-driver/scripts/_install-rust.sh:1060:13: warning: Prefer putting braces around variable references even when not strictly required. [SC2250]
packages/cua-driver/scripts/_install-rust.sh:1060:25: warning: Prefer putting braces around variable references even when not strictly required. [SC2250]
packages/cua-driver/scripts/_install-rust.sh:1067:12: warning: Prefer putting braces around variable references even when not strictly required. [SC2250]
packages/cua-driver/scripts/_install-rust.sh:1068:12: warning: Prefer putting braces around variable references even when not strictly required. [SC2250]
packages/cua-driver/scripts/_install-rust.sh:1068:26: warning: Prefer putting braces around variable references even when not strictly required. [SC2250]
packages/cua-driver/scripts/_install-rust.sh:1068:41: warning: Prefer putting braces around variable references even when not strictly required. [SC2250]
packages/cua-driver/scripts/_install-rust.sh:1069:20: warning: Prefer putting braces around variable references even when not strictly required. [SC2250]
packages/cua-driver/scripts/_install-rust.sh:1069:33: warning: Prefer putting braces around variable references even when not strictly required. [SC2250]
packages/cua-driver/scripts/_install-rust.sh:1069:47: warning: Prefer putting braces around variable references even when not strictly required. [SC2250]
packages/cua-driver/scripts/_install-rust.sh:1075:25: warning: Prefer putting braces around variable references even when not strictly required. [SC2250]
packages/cua-driver/scripts/_install-rust.sh:1075:41: warning: Prefer putting braces around variable references even when not strictly required. [SC2250]
packages/cua-driver/scripts/_install-rust.sh:1075:57: warning: Prefer putting braces around variable references even when not strictly required. [SC2250]
packages/cua-driver/scripts/_install-rust.sh:1075:67: warning: Prefer putting braces around variable references even when not strictly required. [SC2250]
packages/cua-driver/scripts/_install-rust.sh:1089:11: warning: Prefer putting braces around variable references even when not strictly required. [SC2250]
packages/cua-driver/scripts/_install-rust.sh:1089:33: warning: Prefer putting braces around variable references even when not strictly required. [SC2250]
packages/cua-driver/scripts/_install-rust.sh:1089:48: warning: Prefer putting braces around variable references even when not strictly required. [SC2250]
packages/cua-driver/scripts/_install-rust.sh:1090:15: warning: Prefer putting braces around variable references even when not strictly required. [SC2250]
packages/cua-driver/scripts/_install-rust.sh:1092:19: warning: Prefer putting braces around variable references even when not strictly required. [SC2250]
packages/cua-driver/scripts/_install-rust.sh:1092:36: warning: Prefer putting braces around variable references even when not strictly required. [SC2250]
packages/cua-driver/scripts/_install-rust.sh:1092:62: warning: Prefer putting braces around variable references even when not strictly required. [SC2250]
packages/cua-driver/scripts/_install-rust.sh:1092:72: warning: Prefer putting braces around variable references even when not strictly required. [SC2250]
packages/cua-driver/scripts/_install-rust.sh:1093:20: warning: Prefer putting braces around variable references even when not strictly required. [SC2250]
packages/cua-driver/scripts/_install-rust.sh:1093:37: warning: Prefer putting braces around variable references even when not strictly required. [SC2250]
packages/cua-driver/scripts/_install-rust.sh:1093:55: warning: Prefer putting braces around variable references even when not strictly required. [SC2250]
packages/cua-driver/scripts/_install-rust.sh:1093:65: warning: Prefer putting braces around variable references even when not strictly required. [SC2250]
packages/cua-driver/scripts/_install-rust.sh:1094:17: warning: Note that A && B || C is not if-then-else. C may run when A is true. [SC2015]
packages/cua-driver/scripts/_install-rust.sh:1094:58: warning: Prefer putting braces around variable references even when not strictly required. [SC2250]
packages/cua-driver/scripts/_install-rust.sh:1095:73: warning: Prefer putting braces around variable references even when not strictly required. [SC2250]
packages/cua-driver/scripts/_install-rust.sh:1098:13: warning: Prefer putting braces around variable references even when not strictly required. [SC2250]
packages/cua-driver/scripts/_install-rust.sh:1099:9: warning: Note that A && B || C is not if-then-else. C may run when A is true. [SC2015]
packages/cua-driver/scripts/_install-rust.sh:1099:43: warning: Prefer putting braces around variable references even when not strictly required. [SC2250]
packages/cua-driver/scripts/_install-rust.sh:1099:77: warning: Prefer putting braces around variable references even when not strictly required. [SC2250]
packages/cua-driver/scripts/_install-rust.sh:1100:66: warning: Prefer putting braces around variable references even when not strictly required. [SC2250]
packages/cua-driver/scripts/_install-rust.sh:1135:43: warning: Prefer putting braces around variable references even when not strictly required. [SC2250]
packages/cua-driver/scripts/_install-rust.sh:1137:8: warning: Prefer putting braces around variable references even when not strictly required. [SC2250]
packages/cua-driver/scripts/_install-rust.sh:1138:33: warning: Prefer putting braces around variable references even when not strictly required. [SC2250]
packages/cua-driver/scripts/_install-rust.sh:1139:33: warning: Prefer putting braces around variable references even when not strictly required. [SC2250]
packages/cua-driver/scripts/_install-rust.sh:1140:10: warning: Prefer putting braces around variable references even when not strictly required. [SC2250]
packages/cua-driver/scripts/_install-rust.sh:1145:8: warning: Prefer putting braces around variable references even when not strictly required. [SC2250]
packages/cua-driver/scripts/_install-rust.sh:1145:43: warning: Prefer putting braces around variable references even when not strictly required. [SC2250]
packages/cua-driver/scripts/_install-rust.sh:1145:57: warning: Prefer putting braces around variable references even when not strictly required. [SC2250]
packages/cua-driver/scripts/_install-rust.sh:1147:5: warning: Consider adding a default *) case, even if it just exits with error. [SC2249]
packages/cua-driver/scripts/_install-rust.sh:1148:27: warning: Prefer putting braces around variable references even when not strictly required. [SC2250]
packages/cua-driver/scripts/_install-rust.sh:1149:27: warning: Prefer putting braces around variable references even when not strictly required. [SC2250]
packages/cua-driver/scripts/_install-rust.sh:1151:15: warning: Prefer putting braces around variable references even when not strictly required. [SC2250]
packages/cua-driver/scripts/_install-rust.sh:1154:20: warning: Expressions don't expand in single quotes, use double quotes for that. [SC2016]
packages/cua-driver/scripts/_install-rust.sh:1154:48: warning: Prefer putting braces around variable references even when not strictly required. [SC2250]
packages/cua-driver/scripts/_install-rust.sh:1155:15: warning: Prefer putting braces around variable references even when not strictly required. [SC2250]
packages/cua-driver/scripts/_install-rust.sh:1156:38: warning: Prefer putting braces around variable references even when not strictly required. [SC2250]
packages/cua-driver/scripts/_install-rust.sh:1156:83: warning: Prefer putting braces around variable references even when not strictly required. [SC2250]
packages/cua-driver/scripts/_install-rust.sh:1158:23: warning: Prefer putting braces around variable references even when not strictly required. [SC2250]
packages/cua-driver/scripts/_install-rust.sh:1163:23: warning: Prefer putting braces around variable references even when not strictly required. [SC2250]
packages/cua-driver/scripts/_install-rust.sh:1167:70: warning: Prefer putting braces around variable references even when not strictly required. [SC2250]
packages/cua-driver/scripts/_install-rust.sh:1183:12: warning: Prefer putting braces around variable references even when not strictly required. [SC2250]
packages/cua-driver/scripts/_install-rust.sh:1184:16: warning: Prefer putting braces around variable references even when not strictly required. [SC2250]
packages/cua-driver/scripts/_install-rust.sh:1184:32: warning: Prefer putting braces around variable references even when not strictly required. [SC2250]
packages/cua-driver/scripts/_install-rust.sh:1184:59: warning: Prefer [[ ]] over [ ] for tests in Bash/Ksh/Busybox. [SC2292]
packages/cua-driver/scripts/_install-rust.sh:1184:65: warning: Prefer putting braces around variable references even when not strictly required. [SC2250]
packages/cua-driver/scripts/_install-rust.sh:1185:23: warning: Prefer putting braces around variable references even when not strictly required. [SC2250]
packages/cua-driver/scripts/_install-rust.sh:1185:37: warning: Prefer putting braces around variable references even when not strictly required. [SC2250]
packages/cua-driver/scripts/_install-rust.sh:1190:23: warning: Prefer putting braces around variable references even when not strictly required. [SC2250]
packages/cua-driver/scripts/_install-rust.sh:1190:47: warning: Prefer putting braces around variable references even when not strictly required. [SC2250]
packages/cua-driver/scripts/_install-rust.sh:1190:72: warning: Prefer putting braces around variable references even when not strictly required. [SC2250]
packages/cua-driver/scripts/_install-rust.sh:1194:1: warning: Consider adding a default *) case, even if it just exits with error. [SC2249]
packages/cua-driver/scripts/_install-rust.sh:1199:17: warning: Prefer putting braces around variable references even when not strictly required. [SC2250]
packages/cua-driver/scripts/_local-signing.sh:10:8: warning: Prefer [[ ]] over [ ] for tests in Bash/Ksh/Busybox. [SC2292]
packages/cua-driver/scripts/_local-signing.sh:11:22: warning: Prefer putting braces around variable references even when not strictly required. [SC2250]
packages/cua-driver/scripts/_local-signing.sh:12:10: warning: Prefer [[ ]] over [ ] for tests in Bash/Ksh/Busybox. [SC2292]
packages/cua-driver/scripts/_local-signing.sh:12:16: warning: Prefer putting braces around variable references even when not strictly required. [SC2250]
packages/cua-driver/scripts/_local-signing.sh:13:22: warning: Prefer putting braces around variable references even when not strictly required. [SC2250]
packages/cua-driver/scripts/_local-signing.sh:14:10: warning: Prefer [[ ]] over [ ] for tests in Bash/Ksh/Busybox. [SC2292]
packages/cua-driver/scripts/_local-signing.sh:14:16: warning: Prefer putting braces around variable references even when not strictly required. [SC2250]
packages/cua-driver/scripts/_local-signing.sh:15:22: warning: Prefer putting braces around variable references even when not strictly required. [SC2250]
packages/cua-driver/scripts/_local-signing.sh:17:22: warning: Prefer putting braces around variable references even when not strictly required. [SC2250]
packages/cua-driver/scripts/_local-signing.sh:36:7: warning: Prefer [[ ]] over [ ] for tests in Bash/Ksh/Busybox. [SC2292]
packages/cua-driver/scripts/_local-signing.sh:36:10: warning: OS is referenced but not assigned. [SC2154]
packages/cua-driver/scripts/_local-signing.sh:36:10: warning: Prefer putting braces around variable references even when not strictly required. [SC2250]
packages/cua-driver/scripts/_local-signing.sh:40:5: warning: Prefer [[ ]] over [ ] for tests in Bash/Ksh/Busybox. [SC2292]
packages/cua-driver/scripts/_local-signing.sh:40:11: warning: Prefer putting braces around variable references even when not strictly required. [SC2250]
packages/cua-driver/scripts/_local-signing.sh:42:17: warning: Consider invoking this command separately to avoid masking its return value (or use '|| true' to ignore). [SC2312]
packages/cua-driver/scripts/_local-signing.sh:42:56: warning: Prefer putting braces around variable references even when not strictly required. [SC2250]
packages/cua-driver/scripts/_local-signing.sh:43:22: warning: Prefer putting braces around variable references even when not strictly required. [SC2250]
packages/cua-driver/scripts/_local-signing.sh:44:8: warning: Prefer [[ ]] over [ ] for tests in Bash/Ksh/Busybox. [SC2292]
packages/cua-driver/scripts/_local-signing.sh:44:14: warning: Prefer putting braces around variable references even when not strictly required. [SC2250]
packages/cua-driver/scripts/_local-signing.sh:45:22: warning: Prefer putting braces around variable references even when not strictly required. [SC2250]
packages/cua-driver/scripts/_local-signing.sh:52:10: warning: Prefer putting braces around variable references even when not strictly required. [SC2250]
packages/cua-driver/scripts/_local-signing.sh:52:33: warning: Prefer putting braces around variable references even when not strictly required. [SC2250]
packages/cua-driver/scripts/_local-signing.sh:54:52: warning: Prefer putting braces around variable references even when not strictly required. [SC2250]
packages/cua-driver/scripts/_local-signing.sh:54:72: warning: Prefer putting braces around variable references even when not strictly required. [SC2250]
packages/cua-driver/scripts/_local-signing.sh:55:40: warning: Prefer putting braces around variable references even when not strictly required. [SC2250]
packages/cua-driver/scripts/_local-signing.sh:56:52: warning: Prefer putting braces around variable references even when not strictly required. [SC2250]
packages/cua-driver/scripts/_local-signing.sh:56:71: warning: Prefer putting braces around variable references even when not strictly required. [SC2250]
packages/cua-driver/scripts/_local-signing.sh:57:23: warning: Prefer putting braces around variable references even when not strictly required. [SC2250]
packages/cua-driver/scripts/_local-signing.sh:57:51: warning: Prefer putting braces around variable references even when not strictly required. [SC2250]
packages/cua-driver/scripts/_local-signing.sh:57:63: warning: Prefer putting braces around variable references even when not strictly required. [SC2250]
packages/cua-driver/scripts/_local-signing.sh:58:47: warning: Prefer putting braces around variable references even when not strictly required. [SC2250]
packages/cua-driver/scripts/_local-signing.sh:58:66: warning: Prefer putting braces around variable references even when not strictly required. [SC2250]
packages/cua-driver/scripts/_local-signing.sh:59:23: warning: Prefer putting braces around variable references even when not strictly required. [SC2250]
packages/cua-driver/scripts/_local-signing.sh:59:51: warning: Prefer putting braces around variable references even when not strictly required. [SC2250]
packages/cua-driver/scripts/_local-signing.sh:59:63: warning: Prefer putting braces around variable references even when not strictly required. [SC2250]
packages/cua-driver/scripts/_local-signing.sh:60:28: warning: Prefer putting braces around variable references even when not strictly required. [SC2250]
packages/cua-driver/scripts/_local-signing.sh:60:45: warning: Prefer putting braces around variable references even when not strictly required. [SC2250]
packages/cua-driver/scripts/_local-signing.sh:60:54: warning: Prefer putting braces around variable references even when not strictly required. [SC2250]
packages/cua-driver/scripts/_local-signing.sh:61:21: warning: Consider invoking this command separately to avoid masking its return value (or use '|| true' to ignore). [SC2312]
packages/cua-driver/scripts/_local-signing.sh:61:60: warning: Prefer putting braces around variable references even when not strictly required. [SC2250]
packages/cua-driver/scripts/_local-signing.sh:62:26: warning: Prefer putting braces around variable references even when not strictly required. [SC2250]
packages/cua-driver/scripts/_local-signing.sh:63:17: warning: Prefer putting braces around variable references even when not strictly required. [SC2250]
packages/cua-driver/scripts/_local-signing.sh:64:12: warning: Prefer [[ ]] over [ ] for tests in Bash/Ksh/Busybox. [SC2292]
packages/cua-driver/scripts/_local-signing.sh:64:18: warning: Prefer putting braces around variable references even when not strictly required. [SC2250]
packages/cua-driver/scripts/_local-signing.sh:65:26: warning: Prefer putting braces around variable references even when not strictly required. [SC2250]
packages/cua-driver/scripts/_local-signing.sh:71:13: warning: Prefer putting braces around variable references even when not strictly required. [SC2250]
packages/cua-driver/scripts/_local-signing.sh:80:8: warning: Prefer [[ ]] over [ ] for tests in Bash/Ksh/Busybox. [SC2292]
packages/cua-driver/scripts/_local-signing.sh:81:13: warning: Prefer putting braces around variable references even when not strictly required. [SC2250]
packages/cua-driver/scripts/_local-signing.sh:82:10: warning: Prefer [[ ]] over [ ] for tests in Bash/Ksh/Busybox. [SC2292]
packages/cua-driver/scripts/_local-signing.sh:82:16: warning: Prefer putting braces around variable references even when not strictly required. [SC2250]
packages/cua-driver/scripts/_local-signing.sh:83:13: warning: Prefer putting braces around variable references even when not strictly required. [SC2250]
packages/cua-driver/scripts/_local-signing.sh:85:8: warning: Prefer [[ ]] over [ ] for tests in Bash/Ksh/Busybox. [SC2292]
packages/cua-driver/scripts/_local-signing.sh:85:14: warning: Prefer putting braces around variable references even when not strictly required. [SC2250]
packages/cua-driver/scripts/_local-signing.sh:86:28: warning: Prefer putting braces around variable references even when not strictly required. [SC2250]
packages/cua-driver/scripts/_local-signing.sh:89:19: warning: Prefer putting braces around variable references even when not strictly required. [SC2250]
packages/cua-driver/scripts/_local-signing.sh:91:44: warning: Prefer putting braces around variable references even when not strictly required. [SC2250]
packages/cua-driver/scripts/_local-signing.sh:99:13: warning: Prefer putting braces around variable references even when not strictly required. [SC2250]
packages/cua-driver/scripts/_local-signing.sh:100:11: warning: Prefer putting braces around variable references even when not strictly required. [SC2250]
packages/cua-driver/scripts/_local-signing.sh:104:5: warning: Consider invoking this command separately to avoid masking its return value (or use '|| true' to ignore). [SC2312]
packages/cua-driver/scripts/_local-signing.sh:125:8: warning: Prefer [[ ]] over [ ] for tests in Bash/Ksh/Busybox. [SC2292]
packages/cua-driver/scripts/_local-signing.sh:125:11: warning: Prefer putting braces around variable references even when not strictly required. [SC2250]
packages/cua-driver/scripts/_local-signing.sh:126:54: warning: Prefer putting braces around variable references even when not strictly required. [SC2250]
packages/cua-driver/scripts/_local-signing.sh:126:65: warning: Prefer putting braces around variable references even when not strictly required. [SC2250]
packages/cua-driver/scripts/_local-signing.sh:127:48: warning: Prefer putting braces around variable references even when not strictly required. [SC2250]
packages/cua-driver/scripts/_local-signing.sh:128:59: warning: Prefer putting braces around variable references even when not strictly required. [SC2250]
packages/cua-driver/scripts/_local-signing.sh:129:12: warning: Prefer [[ ]] over [ ] for tests in Bash/Ksh/Busybox. [SC2292]
packages/cua-driver/scripts/_local-signing.sh:129:15: warning: Prefer putting braces around variable references even when not strictly required. [SC2250]
packages/cua-driver/scripts/_local-signing.sh:130:19: warning: GREEN is referenced but not assigned. [SC2154]
packages/cua-driver/scripts/_local-signing.sh:130:124: warning: NORMAL is referenced but not assigned. [SC2154]
packages/cua-driver/scripts/_local-signing.sh:133:15: warning: YELLOW is referenced but not assigned. [SC2154]
packages/cua-driver/scripts/_local-signing.sh:136:8: warning: Prefer [[ ]] over [ ] for tests in Bash/Ksh/Busybox. [SC2292]
packages/cua-driver/scripts/_local-signing.sh:137:41: warning: Prefer putting braces around variable references even when not strictly required. [SC2250]
packages/cua-driver/scripts/_local-signing.sh:138:15: warning: RED is referenced but not assigned. [SC2154]
packages/cua-driver/scripts/_local-signing.sh:144:8: warning: Prefer [[ ]] over [ ] for tests in Bash/Ksh/Busybox. [SC2292]
packages/cua-driver/scripts/_local-signing.sh:144:14: warning: Prefer putting braces around variable references even when not strictly required. [SC2250]
packages/cua-driver/scripts/_local-signing.sh:145:48: warning: Prefer putting braces around variable references even when not strictly required. [SC2250]
packages/cua-driver/scripts/_local-signing.sh:146:12: warning: Prefer [[ ]] over [ ] for tests in Bash/Ksh/Busybox. [SC2292]
packages/cua-driver/scripts/_local-signing.sh:146:17: warning: Consider invoking this command separately to avoid masking its return value (or use '|| true' to ignore). [SC2312]
packages/cua-driver/scripts/_local-signing.sh:146:50: warning: Prefer putting braces around variable references even when not strictly required. [SC2250]
packages/cua-driver/scripts/_local-signing.sh:147:45: warning: Prefer putting braces around variable references even when not strictly required. [SC2250]
packages/cua-driver/scripts/_local-signing.sh:148:98: warning: Prefer putting braces around variable references even when not strictly required. [SC2250]
packages/cua-driver/scripts/_local-signing.sh:154:37: warning: Prefer putting braces around variable references even when not strictly required. [SC2250]
packages/cua-driver/scripts/_local-signing.sh:155:55: warning: Prefer putting braces around variable references even when not strictly required. [SC2250]
packages/cua-driver/scripts/_local-signing.sh:156:41: warning: Prefer putting braces around variable references even when not strictly required. [SC2250]
packages/cua-driver/scripts/_local-signing.sh:160:44: warning: Prefer putting braces around variable references even when not strictly required. [SC2250]
packages/cua-driver/scripts/_local-signing.sh:161:8: warning: Prefer [[ ]] over [ ] for tests in Bash/Ksh/Busybox. [SC2292]
packages/cua-driver/scripts/_local-signing.sh:161:13: warning: Consider invoking this command separately to avoid masking its return value (or use '|| true' to ignore). [SC2312]
packages/cua-driver/scripts/_local-signing.sh:161:46: warning: Prefer putting braces around variable references even when not strictly required. [SC2250]
packages/cua-driver/scripts/cursor-gallery.sh:4:21: warning: Remove space after = if trying to assign a value (for empty string, use var='' ... ). [SC1007]
packages/cua-driver/scripts/cursor-gallery.sh:5:21: warning: Remove space after = if trying to assign a value (for empty string, use var='' ... ). [SC1007]
packages/cua-driver/scripts/cursor-gallery.sh:5:29: warning: Prefer putting braces around variable references even when not strictly required. [SC2250]
packages/cua-driver/scripts/cursor-gallery.sh:6:21: warning: Prefer putting braces around variable references even when not strictly required. [SC2250]
packages/cua-driver/scripts/cursor-gallery.sh:7:14: warning: Prefer putting braces around variable references even when not strictly required. [SC2250]
packages/cua-driver/scripts/cursor-gallery.sh:8:13: warning: Prefer putting braces around variable references even when not strictly required. [SC2250]
packages/cua-driver/scripts/cursor-gallery.sh:9:13: warning: Prefer putting braces around variable references even when not strictly required. [SC2250]
packages/cua-driver/scripts/cursor-gallery.sh:10:16: warning: Prefer putting braces around variable references even when not strictly required. [SC2250]
packages/cua-driver/scripts/cursor-gallery.sh:23:13: warning: Prefer putting braces around variable references even when not strictly required. [SC2250]
packages/cua-driver/scripts/cursor-gallery.sh:23:27: warning: Prefer putting braces around variable references even when not strictly required. [SC2250]
packages/cua-driver/scripts/cursor-gallery.sh:25:22: warning: Prefer putting braces around variable references even when not strictly required. [SC2250]
packages/cua-driver/scripts/cursor-gallery.sh:29:9: warning: Prefer putting braces around variable references even when not strictly required. [SC2250]
packages/cua-driver/scripts/cursor-gallery.sh:32:15: warning: Prefer putting braces around variable references even when not strictly required. [SC2250]
packages/cua-driver/scripts/cursor-gallery.sh:32:30: warning: Prefer putting braces around variable references even when not strictly required. [SC2250]
packages/cua-driver/scripts/cursor-gallery.sh:33:23: warning: Prefer putting braces around variable references even when not strictly required. [SC2250]
packages/cua-driver/scripts/cursor-gallery.sh:33:35: warning: Prefer putting braces around variable references even when not strictly required. [SC2250]
packages/cua-driver/scripts/cursor-gallery.sh:34:25: warning: Prefer putting braces around variable references even when not strictly required. [SC2250]
packages/cua-driver/scripts/cursor-gallery.sh:36:13: warning: Prefer putting braces around variable references even when not strictly required. [SC2250]
packages/cua-driver/scripts/cursor-gallery.sh:39:10: warning: Prefer putting braces around variable references even when not strictly required. [SC2250]
packages/cua-driver/scripts/cursor-gallery.sh:39:25: warning: Prefer putting braces around variable references even when not strictly required. [SC2250]
packages/cua-driver/scripts/cursor-gallery.sh:39:32: warning: Prefer putting braces around variable references even when not strictly required. [SC2250]
packages/cua-driver/scripts/cursor-gallery.sh:46:20: warning: Prefer putting braces around variable references even when not strictly required. [SC2250]
packages/cua-driver/scripts/cursor-gallery.sh:62:19: warning: Prefer putting braces around variable references even when not strictly required. [SC2250]
packages/cua-driver/scripts/cursor-gallery.sh:67:47: warning: Prefer putting braces around variable references even when not strictly required. [SC2250]
packages/cua-driver/scripts/cursor-gallery.sh:79:18: warning: Prefer putting braces around variable references even when not strictly required. [SC2250]
packages/cua-driver/scripts/cursor-gallery.sh:79:30: warning: Prefer putting braces around variable references even when not strictly required. [SC2250]
packages/cua-driver/scripts/cursor-gallery.sh:80:47: warning: Prefer putting braces around variable references even when not strictly required. [SC2250]
packages/cua-driver/scripts/cursor-gallery.sh:82:6: warning: Prefer putting braces around variable references even when not strictly required. [SC2250]
packages/cua-driver/scripts/cursor-gallery.sh:83:47: warning: Prefer putting braces around variable references even when not strictly required. [SC2250]
packages/cua-driver/scripts/cursor-gallery.sh:83:69: warning: Prefer putting braces around variable references even when not strictly required. [SC2250]
packages/cua-driver/scripts/cursor-gallery.sh:85:6: warning: Prefer putting braces around variable references even when not strictly required. [SC2250]
packages/cua-driver/scripts/cursor-gallery.sh:97:16: warning: Prefer putting braces around variable references even when not strictly required. [SC2250]
packages/cua-driver/scripts/cursor-gallery.sh:98:13: warning: Prefer putting braces around variable references even when not strictly required. [SC2250]
packages/cua-driver/scripts/cursor-gallery.sh:99:16: warning: Prefer putting braces around variable references even when not strictly required. [SC2250]
packages/cua-driver/scripts/cursor-gallery.sh:100:13: warning: Prefer putting braces around variable references even when not strictly required. [SC2250]
packages/cua-driver/scripts/cursor-gallery.sh:100:28: warning: Prefer putting braces around variable references even when not strictly required. [SC2250]
packages/cua-driver/scripts/cursor-gallery.sh:100:40: warning: Prefer putting braces around variable references even when not strictly required. [SC2250]
packages/cua-driver/scripts/cursor-gallery.sh:102:27: warning: Prefer putting braces around variable references even when not strictly required. [SC2250]
packages/cua-driver/scripts/cursor-gallery.sh:102:69: warning: Prefer putting braces around variable references even when not strictly required. [SC2250]
packages/cua-driver/scripts/cursor-gallery.sh:103:7: warning: Prefer putting braces around variable references even when not strictly required. [SC2250]
packages/cua-driver/scripts/cursor-gallery.sh:105:4: warning: Prefer putting braces around variable references even when not strictly required. [SC2250]
packages/cua-driver/scripts/cursor-gallery.sh:107:54: warning: Prefer putting braces around variable references even when not strictly required. [SC2250]
packages/cua-driver/scripts/cursor-gallery.sh:108:22: warning: Prefer putting braces around variable references even when not strictly required. [SC2250]
packages/cua-driver/scripts/cursor-gallery.sh:109:7: warning: Prefer putting braces around variable references even when not strictly required. [SC2250]
packages/cua-driver/scripts/cursor-gallery.sh:113:34: warning: Prefer putting braces around variable references even when not strictly required. [SC2250]
packages/cua-driver/scripts/cursor-gallery.sh:114:34: warning: Prefer putting braces around variable references even when not strictly required. [SC2250]
packages/cua-driver/scripts/cursor-gallery.sh:115:34: warning: Prefer putting braces around variable references even when not strictly required. [SC2250]
packages/cua-driver/scripts/cursor-gallery.sh:116:32: warning: Prefer putting braces around variable references even when not strictly required. [SC2250]
packages/cua-driver/scripts/cursor-gallery.sh:117:38: warning: Prefer putting braces around variable references even when not strictly required. [SC2250]
packages/cua-driver/scripts/cursor-gallery.sh:118:36: warning: Prefer putting braces around variable references even when not strictly required. [SC2250]
packages/cua-driver/scripts/cursor-gallery.sh:118:71: warning: Prefer putting braces around variable references even when not strictly required. [SC2250]
packages/cua-driver/scripts/cursor-gallery.sh:122:6: warning: Prefer putting braces around variable references even when not strictly required. [SC2250]
packages/cua-driver/scripts/cursor-gallery.sh:123:6: warning: Prefer putting braces around variable references even when not strictly required. [SC2250]
packages/cua-driver/scripts/cursor-gallery.sh:124:53: warning: Prefer putting braces around variable references even when not strictly required. [SC2250]
packages/cua-driver/scripts/cursor-gallery.sh:134:44: warning: Prefer putting braces around variable references even when not strictly required. [SC2250]
packages/cua-driver/scripts/cursor-gallery.sh:135:34: warning: Prefer putting braces around variable references even when not strictly required. [SC2250]
packages/cua-driver/scripts/cursor-gallery.sh:135:71: warning: Prefer putting braces around variable references even when not strictly required. [SC2250]
packages/cua-driver/scripts/install-local.sh:30:12: warning: Prefer putting braces around variable references even when not strictly required. [SC2250]
packages/cua-driver/scripts/install-local.sh:46:9: warning: Prefer putting braces around variable references even when not strictly required. [SC2250]
packages/cua-driver/scripts/install-local.sh:47:13: warning: Prefer putting braces around variable references even when not strictly required. [SC2250]
packages/cua-driver/scripts/install-local.sh:48:55: warning: Prefer putting braces around variable references even when not strictly required. [SC2250]
packages/cua-driver/scripts/install-local.sh:53:17: warning: Prefer putting braces around variable references even when not strictly required. [SC2250]
packages/cua-driver/scripts/install.sh:30:32: warning: Prefer putting braces around variable references even when not strictly required. [SC2250]
packages/cua-driver/scripts/install.sh:56:12: warning: Prefer putting braces around variable references even when not strictly required. [SC2250]
packages/cua-driver/scripts/install.sh:74:30: warning: NO_MODIFY_PATH appears unused. Verify use (or export if used externally). [SC2034]
packages/cua-driver/scripts/install.sh:84:39: warning: Prefer putting braces around variable references even when not strictly required. [SC2250]
packages/cua-driver/scripts/install.sh:87:35: warning: Prefer putting braces around variable references even when not strictly required. [SC2250]
packages/cua-driver/scripts/install.sh:90:42: warning: Prefer putting braces around variable references even when not strictly required. [SC2250]
packages/cua-driver/scripts/install.sh:100:16: warning: Prefer putting braces around variable references even when not strictly required. [SC2250]
packages/cua-driver/scripts/install.sh:101:15: warning: Prefer putting braces around variable references even when not strictly required. [SC2250]
packages/cua-driver/scripts/install.sh:102:31: warning: Prefer putting braces around variable references even when not strictly required. [SC2250]
packages/cua-driver/scripts/install.sh:109:11: warning: Prefer putting braces around variable references even when not strictly required. [SC2250]
packages/cua-driver/scripts/install.sh:110:21: warning: Prefer putting braces around variable references even when not strictly required. [SC2250]
packages/cua-driver/scripts/install.sh:113:68: warning: Prefer putting braces around variable references even when not strictly required. [SC2250]
packages/cua-driver/scripts/install.sh:117:42: warning: Prefer putting braces around variable references even when not strictly required. [SC2250]
packages/cua-driver/scripts/install.sh:118:70: warning: Prefer putting braces around variable references even when not strictly required. [SC2250]
packages/cua-driver/scripts/install.sh:121:24: warning: Prefer putting braces around variable references even when not strictly required. [SC2250]
packages/cua-driver/scripts/sync-from-upstream.sh:30:22: warning: Prefer putting braces around variable references even when not strictly required. [SC2250]
packages/cua-driver/scripts/sync-from-upstream.sh:31:16: warning: Prefer putting braces around variable references even when not strictly required. [SC2250]
packages/cua-driver/scripts/sync-from-upstream.sh:36:4: warning: Prefer [[ ]] over [ ] for tests in Bash/Ksh/Busybox. [SC2292]
packages/cua-driver/scripts/sync-from-upstream.sh:36:10: warning: Prefer putting braces around variable references even when not strictly required. [SC2250]
packages/cua-driver/scripts/sync-from-upstream.sh:40:4: warning: Prefer [[ ]] over [ ] for tests in Bash/Ksh/Busybox. [SC2292]
packages/cua-driver/scripts/sync-from-upstream.sh:40:10: warning: Prefer putting braces around variable references even when not strictly required. [SC2250]
packages/cua-driver/scripts/sync-from-upstream.sh:40:26: warning: Prefer [[ ]] over [ ] for tests in Bash/Ksh/Busybox. [SC2292]
packages/cua-driver/scripts/sync-from-upstream.sh:40:34: warning: Prefer putting braces around variable references even when not strictly required. [SC2250]
packages/cua-driver/scripts/sync-from-upstream.sh:40:65: warning: Prefer putting braces around variable references even when not strictly required. [SC2250]
packages/cua-driver/scripts/sync-from-upstream.sh:46:17: warning: Prefer putting braces around variable references even when not strictly required. [SC2250]
packages/cua-driver/scripts/sync-from-upstream.sh:48:18: warning: Prefer putting braces around variable references even when not strictly required. [SC2250]
packages/cua-driver/scripts/sync-from-upstream.sh:49:18: warning: Prefer putting braces around variable references even when not strictly required. [SC2250]
packages/cua-driver/scripts/sync-from-upstream.sh:50:18: warning: Prefer putting braces around variable references even when not strictly required. [SC2250]
packages/cua-driver/scripts/sync-from-upstream.sh:53:11: warning: Prefer putting braces around variable references even when not strictly required. [SC2250]
packages/cua-driver/scripts/sync-from-upstream.sh:53:22: warning: Prefer putting braces around variable references even when not strictly required. [SC2250]
packages/cua-driver/scripts/sync-from-upstream.sh:54:11: warning: Prefer putting braces around variable references even when not strictly required. [SC2250]
packages/cua-driver/scripts/sync-from-upstream.sh:54:50: warning: Prefer putting braces around variable references even when not strictly required. [SC2250]
packages/cua-driver/scripts/sync-from-upstream.sh:55:28: warning: Prefer putting braces around variable references even when not strictly required. [SC2250]
packages/cua-driver/scripts/sync-from-upstream.sh:55:45: warning: Prefer putting braces around variable references even when not strictly required. [SC2250]
packages/cua-driver/scripts/sync-from-upstream.sh:63:9: warning: Prefer putting braces around variable references even when not strictly required. [SC2250]
packages/cua-driver/scripts/sync-from-upstream.sh:63:48: warning: Prefer putting braces around variable references even when not strictly required. [SC2250]
packages/cua-driver/scripts/sync-from-upstream.sh:63:59: warning: Prefer putting braces around variable references even when not strictly required. [SC2250]
packages/cua-driver/scripts/sync-from-upstream.sh:63:91: warning: Prefer putting braces around variable references even when not strictly required. [SC2250]
packages/cua-driver/scripts/sync-from-upstream.sh:65:4: warning: Prefer [[ ]] over [ ] for tests in Bash/Ksh/Busybox. [SC2292]
packages/cua-driver/scripts/sync-from-upstream.sh:65:12: warning: Prefer putting braces around variable references even when not strictly required. [SC2250]
packages/cua-driver/scripts/sync-from-upstream.sh:66:60: warning: Prefer putting braces around variable references even when not strictly required. [SC2250]
packages/cua-driver/scripts/sync-from-upstream.sh:66:73: warning: Prefer putting braces around variable references even when not strictly required. [SC2250]
packages/cua-driver/scripts/sync-from-upstream.sh:67:9: warning: Prefer putting braces around variable references even when not strictly required. [SC2250]
packages/cua-driver/scripts/sync-from-upstream.sh:67:22: warning: Prefer putting braces around variable references even when not strictly required. [SC2250]
packages/cua-driver/scripts/sync-from-upstream.sh:78:5: warning: Prefer putting braces around variable references even when not strictly required. [SC2250]
packages/cua-driver/scripts/sync-from-upstream.sh:79:60: warning: Prefer putting braces around variable references even when not strictly required. [SC2250]
packages/cua-driver/scripts/sync-from-upstream.sh:91:7: warning: Prefer putting braces around variable references even when not strictly required. [SC2250]
packages/cua-driver/scripts/sync-from-upstream.sh:91:20: warning: Prefer putting braces around variable references even when not strictly required. [SC2250]
packages/cua-driver/scripts/sync-from-upstream.sh:99:18: warning: Prefer putting braces around variable references even when not strictly required. [SC2250]
packages/cua-driver/scripts/sync-from-upstream.sh:100:18: warning: Prefer putting braces around variable references even when not strictly required. [SC2250]
packages/cua-driver/scripts/sync-from-upstream.sh:100:85: warning: Prefer putting braces around variable references even when not strictly required. [SC2250]
packages/cua-driver/scripts/sync-from-upstream.sh:101:7: warning: Prefer putting braces around variable references even when not strictly required. [SC2250]
packages/cua-driver/scripts/sync-vm-worktree.sh:56:32: warning: Prefer putting braces around variable references even when not strictly required. [SC2250]
packages/cua-driver/scripts/sync-vm-worktree.sh:63:18: warning: Prefer putting braces around variable references even when not strictly required. [SC2250]
packages/cua-driver/scripts/sync-vm-worktree.sh:64:23: warning: Prefer putting braces around variable references even when not strictly required. [SC2250]
packages/cua-driver/scripts/sync-vm-worktree.sh:65:8: warning: Prefer putting braces around variable references even when not strictly required. [SC2250]
packages/cua-driver/scripts/sync-vm-worktree.sh:65:38: warning: Consider invoking this command separately to avoid masking its return value (or use '|| true' to ignore). [SC2312]
packages/cua-driver/scripts/sync-vm-worktree.sh:65:46: warning: Prefer putting braces around variable references even when not strictly required. [SC2250]
packages/cua-driver/scripts/sync-vm-worktree.sh:67:61: warning: Prefer putting braces around variable references even when not strictly required. [SC2250]
packages/cua-driver/scripts/sync-vm-worktree.sh:73:16: warning: Prefer putting braces around variable references even when not strictly required. [SC2250]
packages/cua-driver/scripts/sync-vm-worktree.sh:74:29: warning: Prefer putting braces around variable references even when not strictly required. [SC2250]
packages/cua-driver/scripts/sync-vm-worktree.sh:141:9: warning: Prefer putting braces around variable references even when not strictly required. [SC2250]
packages/cua-driver/scripts/sync-vm-worktree.sh:143:31: warning: Prefer putting braces around variable references even when not strictly required. [SC2250]
packages/cua-driver/scripts/sync-vm-worktree.sh:144:80: warning: Prefer putting braces around variable references even when not strictly required. [SC2250]
packages/cua-driver/scripts/sync-vm-worktree.sh:147:31: warning: Prefer putting braces around variable references even when not strictly required. [SC2250]
packages/cua-driver/scripts/sync-vm-worktree.sh:147:50: warning: Prefer putting braces around variable references even when not strictly required. [SC2250]
packages/cua-driver/scripts/sync-vm-worktree.sh:150:54: warning: Prefer putting braces around variable references even when not strictly required. [SC2250]
packages/cua-driver/scripts/sync-vm-worktree.sh:158:27: warning: Prefer putting braces around variable references even when not strictly required. [SC2250]
packages/cua-driver/scripts/sync-vm-worktree.sh:158:46: warning: Prefer putting braces around variable references even when not strictly required. [SC2250]
packages/cua-driver/scripts/sync-vm-worktree.sh:159:26: warning: Prefer putting braces around variable references even when not strictly required. [SC2250]
packages/cua-driver/scripts/sync-vm-worktree.sh:159:60: warning: Prefer putting braces around variable references even when not strictly required. [SC2250]
packages/cua-driver/scripts/sync-vm-worktree.sh:159:74: warning: Prefer putting braces around variable references even when not strictly required. [SC2250]
packages/cua-driver/scripts/sync-vm-worktree.sh:159:82: warning: Prefer putting braces around variable references even when not strictly required. [SC2250]
packages/cua-driver/scripts/sync-vm-worktree.sh:164:32: warning: Expressions don't expand in single quotes, use double quotes for that. [SC2016]
packages/cua-driver/scripts/sync-vm-worktree.sh:165:74: warning: Prefer putting braces around variable references even when not strictly required. [SC2250]
packages/cua-driver/scripts/sync-vm-worktree.sh:166:31: warning: Prefer putting braces around variable references even when not strictly required. [SC2250]
packages/cua-driver/scripts/sync-vm-worktree.sh:166:57: warning: Prefer putting braces around variable references even when not strictly required. [SC2250]
packages/cua-driver/scripts/sync-vm-worktree.sh:170:3: warning: Consider adding a default *) case, even if it just exits with error. [SC2249]
packages/cua-driver/scripts/sync-vm-worktree.sh:170:9: warning: Prefer putting braces around variable references even when not strictly required. [SC2250]
packages/cua-driver/scripts/sync-vm-worktree.sh:172:31: warning: Prefer putting braces around variable references even when not strictly required. [SC2250]
packages/cua-driver/scripts/sync-vm-worktree.sh:173:73: warning: Prefer putting braces around variable references even when not strictly required. [SC2250]
packages/cua-driver/scripts/sync-vm-worktree.sh:173:114: warning: Prefer putting braces around variable references even when not strictly required. [SC2250]
packages/cua-driver/scripts/sync-vm-worktree.sh:177:22: warning: Prefer putting braces around variable references even when not strictly required. [SC2250]
packages/cua-driver/scripts/sync-vm-worktree.sh:178:35: warning: Prefer putting braces around variable references even when not strictly required. [SC2250]
packages/cua-driver/scripts/sync-vm-worktree.sh:178:54: warning: Prefer putting braces around variable references even when not strictly required. [SC2250]
packages/cua-driver/scripts/sync-vm-worktree.sh:178:73: warning: Prefer putting braces around variable references even when not strictly required. [SC2250]
packages/cua-driver/scripts/sync-vm-worktree.sh:184:3: warning: Consider adding a default *) case, even if it just exits with error. [SC2249]
packages/cua-driver/scripts/sync-vm-worktree.sh:184:9: warning: Prefer putting braces around variable references even when not strictly required. [SC2250]
packages/cua-driver/scripts/sync-vm-worktree.sh:186:31: warning: Prefer putting braces around variable references even when not strictly required. [SC2250]
packages/cua-driver/scripts/sync-vm-worktree.sh:187:80: warning: Prefer putting braces around variable references even when not strictly required. [SC2250]
packages/cua-driver/scripts/sync-vm-worktree.sh:190:36: warning: Expressions don't expand in single quotes, use double quotes for that. [SC2016]
packages/cua-driver/scripts/sync-vm-worktree.sh:191:31: warning: Prefer putting braces around variable references even when not strictly required. [SC2250]
packages/cua-driver/scripts/sync-vm-worktree.sh:192:21: warning: Prefer putting braces around variable references even when not strictly required. [SC2250]
packages/cua-driver/scripts/sync-vm-worktree.sh:198:17: warning: Prefer putting braces around variable references even when not strictly required. [SC2250]
packages/cua-driver/scripts/sync-vm-worktree.sh:198:30: warning: Prefer putting braces around variable references even when not strictly required. [SC2250]
packages/cua-driver/scripts/sync-vm-worktree.sh:198:38: warning: Prefer putting braces around variable references even when not strictly required. [SC2250]
packages/cua-driver/scripts/sync-vm-worktree.sh:198:50: warning: Prefer putting braces around variable references even when not strictly required. [SC2250]
packages/cua-driver/scripts/sync-vm-worktree.sh:198:74: warning: Prefer putting braces around variable references even when not strictly required. [SC2250]
packages/cua-driver/scripts/sync-vm-worktree.sh:202:32: warning: Expressions don't expand in single quotes, use double quotes for that. [SC2016]
packages/cua-driver/scripts/sync-vm-worktree.sh:203:27: warning: Prefer putting braces around variable references even when not strictly required. [SC2250]
packages/cua-driver/scripts/sync-vm-worktree.sh:203:53: warning: Prefer putting braces around variable references even when not strictly required. [SC2250]
packages/cua-driver/scripts/sync-vm-worktree.sh:203:66: warning: Prefer putting braces around variable references even when not strictly required. [SC2250]
packages/cua-driver/scripts/sync-vm-worktree.sh:204:22: warning: Prefer putting braces around variable references even when not strictly required. [SC2250]
packages/cua-driver/scripts/sync-vm-worktree.sh:208:43: warning: Prefer putting braces around variable references even when not strictly required. [SC2250]
packages/cua-driver/scripts/sync-vm-worktree.sh:208:59: warning: Prefer putting braces around variable references even when not strictly required. [SC2250]
packages/cua-driver/scripts/sync-vm-worktree.sh:209:27: warning: Prefer putting braces around variable references even when not strictly required. [SC2250]
packages/cua-driver/scripts/sync-vm-worktree.sh:209:35: warning: Prefer putting braces around variable references even when not strictly required. [SC2250]
packages/cua-driver/scripts/sync-vm-worktree.sh:209:50: warning: Prefer putting braces around variable references even when not strictly required. [SC2250]
packages/cua-driver/scripts/sync-vm-worktree.sh:213:32: warning: Expressions don't expand in single quotes, use double quotes for that. [SC2016]
packages/cua-driver/scripts/sync-vm-worktree.sh:214:27: warning: Prefer putting braces around variable references even when not strictly required. [SC2250]
packages/cua-driver/scripts/sync-vm-worktree.sh:214:53: warning: Prefer putting braces around variable references even when not strictly required. [SC2250]
packages/cua-driver/scripts/sync-vm-worktree.sh:215:78: warning: Prefer putting braces around variable references even when not strictly required. [SC2250]
packages/cua-driver/scripts/sync-vm-worktree.sh:218:7: warning: Prefer putting braces around variable references even when not strictly required. [SC2250]
packages/cua-driver/scripts/sync-vm-worktree.sh:220:11: warning: Prefer putting braces around variable references even when not strictly required. [SC2250]
packages/cua-driver/scripts/sync-vm-worktree.sh:223:58: warning: Prefer putting braces around variable references even when not strictly required. [SC2250]
packages/cua-driver/scripts/sync-vm-worktree.sh:230:11: warning: Prefer putting braces around variable references even when not strictly required. [SC2250]
packages/cua-driver/scripts/sync-vm-worktree.sh:230:26: warning: Prefer putting braces around variable references even when not strictly required. [SC2250]
packages/cua-driver/scripts/sync-vm-worktree.sh:230:39: warning: Prefer putting braces around variable references even when not strictly required. [SC2250]
packages/cua-driver/scripts/sync-vm-worktree.sh:231:15: warning: Prefer putting braces around variable references even when not strictly required. [SC2250]
packages/cua-driver/scripts/sync-vm-worktree.sh:232:11: warning: Prefer putting braces around variable references even when not strictly required. [SC2250]
packages/cua-driver/scripts/sync-vm-worktree.sh:235:58: warning: Prefer putting braces around variable references even when not strictly required. [SC2250]
packages/cua-driver/scripts/sync-vm-worktree.sh:237:33: warning: Prefer putting braces around variable references even when not strictly required. [SC2250]
packages/cua-driver/scripts/sync-vm-worktree.sh:245:11: warning: Prefer putting braces around variable references even when not strictly required. [SC2250]
packages/cua-driver/scripts/sync-vm-worktree.sh:248:58: warning: Prefer putting braces around variable references even when not strictly required. [SC2250]
packages/cua-driver/scripts/uninstall-local.sh:25:36: warning: Prefer putting braces around variable references even when not strictly required. [SC2250]
packages/cua-driver/scripts/uninstall-local.sh:26:42: warning: Prefer putting braces around variable references even when not strictly required. [SC2250]
packages/cua-driver/scripts/uninstall-local.sh:27:11: warning: Prefer putting braces around variable references even when not strictly required. [SC2250]
packages/cua-driver/scripts/uninstall-local.sh:29:8: warning: Prefer putting braces around variable references even when not strictly required. [SC2250]
packages/cua-driver/scripts/uninstall-local.sh:30:16: warning: Prefer putting braces around variable references even when not strictly required. [SC2250]
packages/cua-driver/scripts/uninstall-local.sh:32:16: warning: Prefer putting braces around variable references even when not strictly required. [SC2250]
packages/cua-driver/scripts/uninstall-local.sh:34:14: warning: Prefer putting braces around variable references even when not strictly required. [SC2250]
packages/cua-driver/scripts/uninstall-local.sh:35:15: warning: Prefer putting braces around variable references even when not strictly required. [SC2250]
packages/cua-driver/scripts/uninstall-local.sh:39:7: warning: Prefer putting braces around variable references even when not strictly required. [SC2250]
packages/cua-driver/scripts/uninstall-local.sh:43:8: warning: Prefer putting braces around variable references even when not strictly required. [SC2250]
packages/cua-driver/scripts/uninstall-local.sh:43:23: warning: Prefer putting braces around variable references even when not strictly required. [SC2250]
packages/cua-driver/scripts/uninstall-local.sh:43:34: warning: Prefer putting braces around variable references even when not strictly required. [SC2250]
packages/cua-driver/scripts/uninstall-local.sh:43:49: warning: Prefer putting braces around variable references even when not strictly required. [SC2250]
packages/cua-driver/scripts/uninstall-local.sh:43:72: warning: Prefer putting braces around variable references even when not strictly required. [SC2250]
packages/cua-driver/scripts/uninstall-local.sh:44:63: warning: Prefer putting braces around variable references even when not strictly required. [SC2250]
packages/cua-driver/scripts/uninstall-local.sh:47:7: warning: Prefer putting braces around variable references even when not strictly required. [SC2250]
packages/cua-driver/scripts/uninstall-local.sh:52:8: warning: Prefer putting braces around variable references even when not strictly required. [SC2250]
packages/cua-driver/scripts/uninstall-local.sh:54:10: warning: Prefer putting braces around variable references even when not strictly required. [SC2250]
packages/cua-driver/scripts/uninstall-local.sh:54:22: warning: Prefer putting braces around variable references even when not strictly required. [SC2250]
packages/cua-driver/scripts/uninstall-local.sh:54:34: warning: Prefer putting braces around variable references even when not strictly required. [SC2250]
packages/cua-driver/scripts/uninstall-local.sh:54:47: warning: Prefer putting braces around variable references even when not strictly required. [SC2250]
packages/cua-driver/scripts/uninstall-local.sh:54:61: warning: Prefer putting braces around variable references even when not strictly required. [SC2250]
packages/cua-driver/scripts/uninstall-local.sh:54:76: warning: Prefer putting braces around variable references even when not strictly required. [SC2250]
packages/cua-driver/scripts/uninstall-local.sh:58:8: warning: Prefer putting braces around variable references even when not strictly required. [SC2250]
packages/cua-driver/scripts/uninstall-local.sh:61:11: warning: Prefer putting braces around variable references even when not strictly required. [SC2250]
packages/cua-driver/scripts/uninstall-local.sh:66:12: warning: Prefer putting braces around variable references even when not strictly required. [SC2250]
packages/cua-driver/scripts/uninstall-local.sh:67:28: warning: Prefer putting braces around variable references even when not strictly required. [SC2250]
packages/cua-driver/scripts/uninstall-local.sh:68:22: warning: Prefer putting braces around variable references even when not strictly required. [SC2250]
packages/cua-driver/scripts/uninstall-local.sh:71:25: warning: Prefer putting braces around variable references even when not strictly required. [SC2250]
packages/cua-driver/scripts/uninstall-local.sh:72:11: warning: Prefer putting braces around variable references even when not strictly required. [SC2250]
packages/cua-driver/scripts/uninstall-local.sh:73:26: warning: Prefer putting braces around variable references even when not strictly required. [SC2250]
packages/cua-driver/scripts/uninstall-local.sh:74:30: warning: Consider invoking this command separately to avoid masking its return value (or use '|| true' to ignore). [SC2312]
packages/cua-driver/scripts/uninstall-local.sh:74:51: warning: Prefer putting braces around variable references even when not strictly required. [SC2250]
packages/cua-driver/scripts/uninstall-local.sh:74:63: warning: Consider invoking this command separately to avoid masking its return value (or use '|| true' to ignore). [SC2312]
packages/cua-driver/scripts/uninstall-local.sh:74:70: warning: Prefer putting braces around variable references even when not strictly required. [SC2250]
packages/cua-driver/scripts/uninstall-local.sh:80:10: warning: Prefer putting braces around variable references even when not strictly required. [SC2250]
packages/cua-driver/scripts/uninstall-local.sh:80:24: warning: Prefer putting braces around variable references even when not strictly required. [SC2250]
packages/cua-driver/scripts/uninstall-local.sh:86:8: warning: Prefer putting braces around variable references even when not strictly required. [SC2250]
packages/cua-driver/scripts/uninstall-local.sh:86:32: warning: Prefer putting braces around variable references even when not strictly required. [SC2250]
packages/cua-driver/scripts/uninstall-local.sh:87:23: warning: Prefer putting braces around variable references even when not strictly required. [SC2250]
packages/cua-driver/scripts/uninstall-local.sh:88:12: warning: Prefer putting braces around variable references even when not strictly required. [SC2250]
packages/cua-driver/scripts/uninstall-local.sh:89:30: warning: Prefer putting braces around variable references even when not strictly required. [SC2250]
packages/cua-driver/scripts/uninstall-local.sh:90:10: warning: Prefer putting braces around variable references even when not strictly required. [SC2250]
packages/cua-driver/scripts/uninstall-local.sh:90:33: warning: Prefer putting braces around variable references even when not strictly required. [SC2250]
packages/cua-driver/scripts/uninstall-local.sh:94:12: warning: Prefer putting braces around variable references even when not strictly required. [SC2250]
packages/cua-driver/scripts/uninstall-local.sh:95:36: warning: Prefer putting braces around variable references even when not strictly required. [SC2250]
packages/cua-driver/scripts/uninstall-local.sh:101:21: warning: Prefer putting braces around variable references even when not strictly required. [SC2250]
packages/cua-driver/scripts/uninstall-local.sh:101:33: warning: Prefer putting braces around variable references even when not strictly required. [SC2250]
packages/cua-driver/scripts/uninstall-local.sh:102:5: warning: Prefer [[ ]] over [ ] for tests in Bash/Ksh/Busybox. [SC2292]
packages/cua-driver/scripts/uninstall-local.sh:102:11: warning: Prefer putting braces around variable references even when not strictly required. [SC2250]
packages/cua-driver/scripts/uninstall-local.sh:108:8: warning: Prefer putting braces around variable references even when not strictly required. [SC2250]
packages/cua-driver/scripts/uninstall-local.sh:108:29: warning: Prefer putting braces around variable references even when not strictly required. [SC2250]
packages/cua-driver/scripts/uninstall-local.sh:109:15: warning: Prefer putting braces around variable references even when not strictly required. [SC2250]
packages/cua-driver/scripts/uninstall-local.sh:111:18: warning: Prefer putting braces around variable references even when not strictly required. [SC2250]
packages/cua-driver/scripts/uninstall-local.sh:111:38: warning: Prefer putting braces around variable references even when not strictly required. [SC2250]
packages/cua-driver/scripts/uninstall-local.sh:111:55: warning: Prefer putting braces around variable references even when not strictly required. [SC2250]
packages/cua-driver/scripts/uninstall-local.sh:114:24: warning: Prefer putting braces around variable references even when not strictly required. [SC2250]
packages/cua-driver/scripts/uninstall-local.sh:120:11: warning: Prefer putting braces around variable references even when not strictly required. [SC2250]
packages/cua-driver/scripts/uninstall-local.sh:121:29: warning: Prefer putting braces around variable references even when not strictly required. [SC2250]
packages/cua-driver/scripts/uninstall-local.sh:122:25: warning: Prefer putting braces around variable references even when not strictly required. [SC2250]
packages/cua-driver/scripts/uninstall-local.sh:123:16: warning: Prefer putting braces around variable references even when not strictly required. [SC2250]
packages/cua-driver/scripts/uninstall-local.sh:124:22: warning: Prefer putting braces around variable references even when not strictly required. [SC2250]
packages/cua-driver/scripts/uninstall-local.sh:126:14: warning: Prefer putting braces around variable references even when not strictly required. [SC2250]
packages/cua-driver/scripts/uninstall-local.sh:128:13: warning: Prefer putting braces around variable references even when not strictly required. [SC2250]
packages/cua-driver/scripts/uninstall-local.sh:129:10: warning: Prefer putting braces around variable references even when not strictly required. [SC2250]
packages/cua-driver/scripts/uninstall-local.sh:134:6: warning: Prefer putting braces around variable references even when not strictly required. [SC2250]
packages/cua-driver/scripts/uninstall-local.sh:135:6: warning: Prefer putting braces around variable references even when not strictly required. [SC2250]
packages/cua-driver/scripts/uninstall-local.sh:136:6: warning: Prefer putting braces around variable references even when not strictly required. [SC2250]
packages/cua-driver/scripts/uninstall-local.sh:137:6: warning: Prefer putting braces around variable references even when not strictly required. [SC2250]
packages/cua-driver/scripts/uninstall-local.sh:138:6: warning: Prefer putting braces around variable references even when not strictly required. [SC2250]
packages/cua-driver/scripts/uninstall-local.sh:139:6: warning: Prefer putting braces around variable references even when not strictly required. [SC2250]
packages/cua-driver/scripts/uninstall-local.sh:140:15: warning: Prefer putting braces around variable references even when not strictly required. [SC2250]
packages/cua-driver/scripts/uninstall-local.sh:141:33: warning: Prefer putting braces around variable references even when not strictly required. [SC2250]
packages/cua-driver/scripts/uninstall-local.sh:142:29: warning: Prefer putting braces around variable references even when not strictly required. [SC2250]
packages/cua-driver/scripts/uninstall-local.sh:143:20: warning: Prefer putting braces around variable references even when not strictly required. [SC2250]
packages/cua-driver/scripts/uninstall-local.sh:144:43: warning: Prefer putting braces around variable references even when not strictly required. [SC2250]
packages/cua-driver/scripts/uninstall-local.sh:150:14: warning: Prefer putting braces around variable references even when not strictly required. [SC2250]
packages/cua-driver/scripts/uninstall-local.sh:151:11: warning: Prefer putting braces around variable references even when not strictly required. [SC2250]
packages/cua-driver/scripts/uninstall-local.sh:152:18: warning: Prefer putting braces around variable references even when not strictly required. [SC2250]
packages/cua-driver/scripts/uninstall-local.sh:152:44: warning: Prefer putting braces around variable references even when not strictly required. [SC2250]
packages/cua-driver/scripts/uninstall-local.sh:152:66: warning: Prefer putting braces around variable references even when not strictly required. [SC2250]
packages/cua-driver/scripts/uninstall-local.sh:201:10: warning: Prefer putting braces around variable references even when not strictly required. [SC2250]
packages/cua-driver/scripts/uninstall-local.sh:201:38: warning: Prefer putting braces around variable references even when not strictly required. [SC2250]
packages/cua-driver/scripts/uninstall-local.sh:201:64: warning: Prefer putting braces around variable references even when not strictly required. [SC2250]
packages/cua-driver/scripts/uninstall-local.sh:206:20: warning: Prefer putting braces around variable references even when not strictly required. [SC2250]
packages/cua-driver/scripts/uninstall-local.sh:207:11: warning: Prefer putting braces around variable references even when not strictly required. [SC2250]
packages/cua-driver/scripts/uninstall-local.sh:207:38: warning: Prefer putting braces around variable references even when not strictly required. [SC2250]
packages/cua-driver/scripts/uninstall-local.sh:208:13: warning: Prefer putting braces around variable references even when not strictly required. [SC2250]
packages/cua-driver/scripts/uninstall-local.sh:208:34: warning: Prefer putting braces around variable references even when not strictly required. [SC2250]
packages/cua-driver/scripts/uninstall-local.sh:210:10: warning: Prefer putting braces around variable references even when not strictly required. [SC2250]
packages/cua-driver/scripts/uninstall-local.sh:211:10: warning: Prefer putting braces around variable references even when not strictly required. [SC2250]
packages/cua-driver/scripts/uninstall-local.sh:212:10: warning: Prefer putting braces around variable references even when not strictly required. [SC2250]
packages/cua-driver/scripts/uninstall-local.sh:213:10: warning: Prefer putting braces around variable references even when not strictly required. [SC2250]
packages/cua-driver/scripts/uninstall-local.sh:214:10: warning: Prefer putting braces around variable references even when not strictly required. [SC2250]
packages/cua-driver/scripts/uninstall-local.sh:215:10: warning: Prefer putting braces around variable references even when not strictly required. [SC2250]
packages/cua-driver/scripts/uninstall-local.sh:216:10: warning: Prefer putting braces around variable references even when not strictly required. [SC2250]
packages/cua-driver/scripts/uninstall-local.sh:217:10: warning: Prefer putting braces around variable references even when not strictly required. [SC2250]
packages/cua-driver/scripts/uninstall-local.sh:218:10: warning: Prefer putting braces around variable references even when not strictly required. [SC2250]
packages/cua-driver/scripts/uninstall-local.sh:219:10: warning: Prefer putting braces around variable references even when not strictly required. [SC2250]
packages/cua-driver/scripts/uninstall-local.sh:220:10: warning: Prefer putting braces around variable references even when not strictly required. [SC2250]
packages/cua-driver/scripts/uninstall-local.sh:221:10: warning: Prefer putting braces around variable references even when not strictly required. [SC2250]
packages/cua-driver/scripts/uninstall-local.sh:222:15: warning: Prefer putting braces around variable references even when not strictly required. [SC2250]
packages/cua-driver/scripts/uninstall-local.sh:223:39: warning: Prefer putting braces around variable references even when not strictly required. [SC2250]
packages/cua-driver/scripts/uninstall-local.sh:225:50: warning: Prefer putting braces around variable references even when not strictly required. [SC2250]
packages/cua-driver/scripts/uninstall-local.sh:227:13: warning: Prefer putting braces around variable references even when not strictly required. [SC2250]
packages/cua-driver/scripts/uninstall-local.sh:228:10: warning: Prefer putting braces around variable references even when not strictly required. [SC2250]
packages/cua-driver/scripts/uninstall-local.sh:230:8: warning: Prefer putting braces around variable references even when not strictly required. [SC2250]
packages/cua-driver/scripts/uninstall-local.sh:230:32: warning: Prefer putting braces around variable references even when not strictly required. [SC2250]
packages/cua-driver/scripts/uninstall-local.sh:231:26: warning: Prefer putting braces around variable references even when not strictly required. [SC2250]
packages/cua-driver/scripts/uninstall-local.sh:232:17: warning: Prefer putting braces around variable references even when not strictly required. [SC2250]
packages/cua-driver/scripts/uninstall-local.sh:234:22: warning: Prefer putting braces around variable references even when not strictly required. [SC2250]
packages/cua-driver/scripts/uninstall-local.sh:236:18: warning: Prefer putting braces around variable references even when not strictly required. [SC2250]
packages/cua-driver/scripts/uninstall.sh:78:12: warning: Prefer putting braces around variable references even when not strictly required. [SC2250]
packages/cua-driver/scripts/uninstall.sh:99:8: warning: Prefer putting braces around variable references even when not strictly required. [SC2250]
packages/cua-driver/scripts/uninstall.sh:100:12: warning: Prefer putting braces around variable references even when not strictly required. [SC2250]
packages/cua-driver/scripts/uninstall.sh:101:115: warning: Prefer putting braces around variable references even when not strictly required. [SC2250]
packages/cua-driver/scripts/uninstall.sh:118:9: warning: Prefer putting braces around variable references even when not strictly required. [SC2250]
packages/cua-driver/scripts/uninstall.sh:119:12: warning: Prefer putting braces around variable references even when not strictly required. [SC2250]
packages/cua-driver/scripts/uninstall.sh:120:60: warning: Prefer putting braces around variable references even when not strictly required. [SC2250]
packages/cua-driver/scripts/uninstall.sh:134:15: warning: Prefer putting braces around variable references even when not strictly required. [SC2250]
packages/cua-driver/scripts/uninstall.sh:136:19: warning: Prefer putting braces around variable references even when not strictly required. [SC2250]
packages/cua-driver/scripts/uninstall.sh:137:14: warning: Prefer putting braces around variable references even when not strictly required. [SC2250]
packages/cua-driver/scripts/uninstall.sh:137:31: warning: Prefer putting braces around variable references even when not strictly required. [SC2250]
packages/cua-driver/scripts/uninstall.sh:144:27: warning: Prefer putting braces around variable references even when not strictly required. [SC2250]
packages/cua-driver/scripts/uninstall.sh:145:26: warning: Prefer putting braces around variable references even when not strictly required. [SC2250]
packages/cua-driver/scripts/uninstall.sh:147:20: warning: Prefer putting braces around variable references even when not strictly required. [SC2250]
packages/cua-driver/scripts/uninstall.sh:158:17: warning: Prefer putting braces around variable references even when not strictly required. [SC2250]
packages/cua-driver/scripts/uninstall.sh:162:28: warning: Prefer putting braces around variable references even when not strictly required. [SC2250]
packages/cua-driver/scripts/uninstall.sh:163:22: warning: Prefer putting braces around variable references even when not strictly required. [SC2250]
packages/cua-driver/scripts/uninstall.sh:166:25: warning: Prefer putting braces around variable references even when not strictly required. [SC2250]
packages/cua-driver/scripts/uninstall.sh:167:11: warning: Prefer putting braces around variable references even when not strictly required. [SC2250]
packages/cua-driver/scripts/uninstall.sh:168:26: warning: Prefer putting braces around variable references even when not strictly required. [SC2250]
packages/cua-driver/scripts/uninstall.sh:169:31: warning: Consider invoking this command separately to avoid masking its return value (or use '|| true' to ignore). [SC2312]
packages/cua-driver/scripts/uninstall.sh:169:52: warning: Prefer putting braces around variable references even when not strictly required. [SC2250]
packages/cua-driver/scripts/uninstall.sh:169:64: warning: Consider invoking this command separately to avoid masking its return value (or use '|| true' to ignore). [SC2312]
packages/cua-driver/scripts/uninstall.sh:169:71: warning: Prefer putting braces around variable references even when not strictly required. [SC2250]
packages/cua-driver/scripts/uninstall.sh:176:8: warning: Prefer putting braces around variable references even when not strictly required. [SC2250]
packages/cua-driver/scripts/uninstall.sh:177:20: warning: Prefer putting braces around variable references even when not strictly required. [SC2250]
packages/cua-driver/scripts/uninstall.sh:188:56: warning: Prefer putting braces around variable references even when not strictly required. [SC2250]
packages/cua-driver/scripts/uninstall.sh:189:22: warning: Prefer putting braces around variable references even when not strictly required. [SC2250]
packages/cua-driver/scripts/uninstall.sh:194:19: warning: Prefer putting braces around variable references even when not strictly required. [SC2250]
packages/cua-driver/scripts/uninstall.sh:195:24: warning: Prefer putting braces around variable references even when not strictly required. [SC2250]
packages/cua-driver/scripts/uninstall.sh:196:31: warning: Prefer putting braces around variable references even when not strictly required. [SC2250]
packages/cua-driver/scripts/uninstall.sh:197:24: warning: Prefer putting braces around variable references even when not strictly required. [SC2250]
packages/cua-driver/scripts/uninstall.sh:198:31: warning: Prefer putting braces around variable references even when not strictly required. [SC2250]
packages/cua-driver/scripts/uninstall.sh:219:15: warning: Prefer putting braces around variable references even when not strictly required. [SC2250]
packages/cua-driver/scripts/uninstall.sh:219:37: warning: Prefer putting braces around variable references even when not strictly required. [SC2250]
packages/cua-driver/scripts/uninstall.sh:219:62: warning: Prefer putting braces around variable references even when not strictly required. [SC2250]
packages/cua-driver/scripts/uninstall.sh:219:89: warning: Prefer putting braces around variable references even when not strictly required. [SC2250]
packages/cua-driver/scripts/uninstall.sh:219:116: warning: Prefer putting braces around variable references even when not strictly required. [SC2250]
packages/cua-driver/scripts/uninstall.sh:219:150: warning: Prefer putting braces around variable references even when not strictly required. [SC2250]
packages/cua-driver/scripts/uninstall.sh:219:177: warning: Prefer putting braces around variable references even when not strictly required. [SC2250]
packages/cua-driver/scripts/uninstall.sh:219:211: warning: Prefer putting braces around variable references even when not strictly required. [SC2250]
packages/cua-driver/scripts/uninstall.sh:219:243: warning: Prefer putting braces around variable references even when not strictly required. [SC2250]
packages/cua-driver/scripts/uninstall.sh:230:15: warning: Prefer putting braces around variable references even when not strictly required. [SC2250]
packages/cua-driver/scripts/uninstall.sh:231:35: warning: Prefer putting braces around variable references even when not strictly required. [SC2250]
packages/cua-driver/scripts/uninstall.sh:232:15: warning: Prefer putting braces around variable references even when not strictly required. [SC2250]
packages/cua-driver/scripts/uninstall.sh:233:39: warning: Prefer putting braces around variable references even when not strictly required. [SC2250]
packages/cua-driver/scripts/uninstall.sh:235:24: warning: Prefer putting braces around variable references even when not strictly required. [SC2250]
packages/cua-driver/scripts/uninstall.sh:236:30: warning: Prefer putting braces around variable references even when not strictly required. [SC2250]
packages/cua-driver/scripts/uninstall.sh:236:48: warning: Prefer putting braces around variable references even when not strictly required. [SC2250]
packages/cua-driver/scripts/uninstall.sh:240:24: warning: Prefer putting braces around variable references even when not strictly required. [SC2250]
packages/cua-driver/scripts/uninstall.sh:241:28: warning: Prefer putting braces around variable references even when not strictly required. [SC2250]
packages/cua-driver/scripts/uninstall.sh:242:34: warning: Prefer putting braces around variable references even when not strictly required. [SC2250]
packages/cua-driver/scripts/uninstall.sh:242:52: warning: Prefer putting braces around variable references even when not strictly required. [SC2250]
packages/cua-driver/scripts/uninstall.sh:244:26: warning: Prefer putting braces around variable references even when not strictly required. [SC2250]
packages/cua-driver/scripts/uninstall.sh:244:44: warning: Prefer putting braces around variable references even when not strictly required. [SC2250]
packages/cua-driver/scripts/uninstall.sh:248:22: warning: Prefer putting braces around variable references even when not strictly required. [SC2250]
packages/cua-driver/scripts/uninstall.sh:248:49: warning: Prefer putting braces around variable references even when not strictly required. [SC2250]
packages/cua-driver/scripts/uninstall.sh:251:17: warning: Prefer putting braces around variable references even when not strictly required. [SC2250]
packages/cua-driver/scripts/uninstall.sh:252:14: warning: Prefer putting braces around variable references even when not strictly required. [SC2250]
packages/cua-driver/scripts/uninstall.sh:254:32: warning: Prefer putting braces around variable references even when not strictly required. [SC2250]
packages/cua-driver/scripts/uninstall.sh:263:12: warning: Prefer putting braces around variable references even when not strictly required. [SC2250]
packages/cua-driver/scripts/uninstall.sh:265:40: warning: Prefer putting braces around variable references even when not strictly required. [SC2250]
packages/cua-driver/scripts/uninstall.sh:265:61: warning: Prefer putting braces around variable references even when not strictly required. [SC2250]
packages/cua-driver/scripts/uninstall.sh:266:23: warning: Prefer putting braces around variable references even when not strictly required. [SC2250]
packages/cua-driver/scripts/uninstall.sh:270:44: warning: Prefer putting braces around variable references even when not strictly required. [SC2250]
packages/cua-driver/scripts/uninstall.sh:271:47: warning: Prefer putting braces around variable references even when not strictly required. [SC2250]
packages/cua-driver/scripts/uninstall.sh:272:65: warning: Prefer putting braces around variable references even when not strictly required. [SC2250]
packages/cua-driver/scripts/uninstall.sh:274:24: warning: Prefer putting braces around variable references even when not strictly required. [SC2250]
packages/cua-driver/scripts/uninstall.sh:275:30: warning: Prefer putting braces around variable references even when not strictly required. [SC2250]
packages/cua-driver/scripts/uninstall.sh:278:16: warning: Prefer putting braces around variable references even when not strictly required. [SC2250]
packages/cua-driver/scripts/uninstall.sh:290:12: warning: Prefer putting braces around variable references even when not strictly required. [SC2250]
packages/cua-driver/scripts/uninstall.sh:292:40: warning: Prefer putting braces around variable references even when not strictly required. [SC2250]
packages/cua-driver/scripts/uninstall.sh:292:61: warning: Prefer putting braces around variable references even when not strictly required. [SC2250]
packages/cua-driver/scripts/uninstall.sh:293:23: warning: Prefer putting braces around variable references even when not strictly required. [SC2250]
packages/cua-driver/scripts/uninstall.sh:295:35: warning: Prefer putting braces around variable references even when not strictly required. [SC2250]
packages/cua-driver/scripts/uninstall.sh:296:24: warning: Prefer putting braces around variable references even when not strictly required. [SC2250]
packages/cua-driver/scripts/uninstall.sh:297:42: warning: Prefer putting braces around variable references even when not strictly required. [SC2250]
packages/cua-driver/scripts/uninstall.sh:300:16: warning: Prefer putting braces around variable references even when not strictly required. [SC2250]
packages/cua-driver/scripts/uninstall.sh:320:12: warning: Prefer putting braces around variable references even when not strictly required. [SC2250]
packages/cua-driver/scripts/uninstall.sh:321:19: warning: Prefer putting braces around variable references even when not strictly required. [SC2250]
packages/cua-driver/scripts/uninstall.sh:323:36: warning: Prefer putting braces around variable references even when not strictly required. [SC2250]
packages/cua-driver/scripts/uninstall.sh:326:13: warning: Prefer putting braces around variable references even when not strictly required. [SC2250]
packages/cua-driver/scripts/uninstall.sh:326:27: warning: Prefer putting braces around variable references even when not strictly required. [SC2250]
packages/cua-driver/scripts/uninstall.sh:327:26: warning: Prefer putting braces around variable references even when not strictly required. [SC2250]
packages/cua-driver/scripts/uninstall.sh:329:35: warning: Prefer putting braces around variable references even when not strictly required. [SC2250]
packages/cua-driver/scripts/uninstall.sh:331:19: warning: Prefer putting braces around variable references even when not strictly required. [SC2250]
packages/cua-driver/scripts/uninstall.sh:332:20: warning: Prefer putting braces around variable references even when not strictly required. [SC2250]
packages/cua-driver/scripts/uninstall.sh:334:40: warning: Prefer putting braces around variable references even when not strictly required. [SC2250]
packages/cua-driver/scripts/uninstall.sh:337:17: warning: Prefer putting braces around variable references even when not strictly required. [SC2250]
packages/cua-driver/scripts/uninstall.sh:337:31: warning: Prefer putting braces around variable references even when not strictly required. [SC2250]
packages/cua-driver/scripts/uninstall.sh:338:30: warning: Prefer putting braces around variable references even when not strictly required. [SC2250]
packages/cua-driver/scripts/uninstall.sh:340:22: warning: Prefer putting braces around variable references even when not strictly required. [SC2250]
packages/cua-driver/scripts/uninstall.sh:343:35: warning: Prefer putting braces around variable references even when not strictly required. [SC2250]
packages/cua-driver/scripts/uninstall.sh:354:15: warning: Prefer putting braces around variable references even when not strictly required. [SC2250]
packages/cua-driver/scripts/uninstall.sh:355:16: warning: Prefer putting braces around variable references even when not strictly required. [SC2250]
packages/cua-driver/scripts/uninstall.sh:355:50: warning: Prefer putting braces around variable references even when not strictly required. [SC2250]
packages/cua-driver/scripts/uninstall.sh:356:20: warning: Prefer putting braces around variable references even when not strictly required. [SC2250]
packages/cua-driver/scripts/uninstall.sh:357:25: warning: Prefer putting braces around variable references even when not strictly required. [SC2250]
packages/cua-driver/scripts/uninstall.sh:358:29: warning: Prefer putting braces around variable references even when not strictly required. [SC2250]
packages/cua-driver/scripts/uninstall.sh:362:25: warning: Prefer putting braces around variable references even when not strictly required. [SC2250]
packages/cua-driver/scripts/uninstall.sh:362:46: warning: Prefer putting braces around variable references even when not strictly required. [SC2250]
packages/cua-driver/scripts/uninstall.sh:364:22: warning: Prefer putting braces around variable references even when not strictly required. [SC2250]
packages/cua-driver/scripts/uninstall.sh:365:22: warning: Prefer putting braces around variable references even when not strictly required. [SC2250]
packages/cua-driver/scripts/uninstall.sh:366:22: warning: Prefer putting braces around variable references even when not strictly required. [SC2250]
packages/cua-driver/scripts/uninstall.sh:367:52: warning: Prefer putting braces around variable references even when not strictly required. [SC2250]
packages/cua-driver/scripts/uninstall.sh:371:18: warning: Prefer putting braces around variable references even when not strictly required. [SC2250]
packages/cua-driver/scripts/uninstall.sh:374:33: warning: Prefer putting braces around variable references even when not strictly required. [SC2250]
packages/cua-driver/scripts/uninstall.sh:379:15: warning: Prefer putting braces around variable references even when not strictly required. [SC2250]
packages/cua-driver/scripts/uninstall.sh:380:16: warning: Prefer putting braces around variable references even when not strictly required. [SC2250]
packages/cua-driver/scripts/uninstall.sh:381:21: warning: Prefer putting braces around variable references even when not strictly required. [SC2250]
packages/cua-driver/scripts/uninstall.sh:382:45: warning: Prefer putting braces around variable references even when not strictly required. [SC2250]
packages/cua-driver/scripts/uninstall.sh:384:21: warning: Prefer putting braces around variable references even when not strictly required. [SC2250]
packages/cua-driver/scripts/uninstall.sh:384:49: warning: Prefer putting braces around variable references even when not strictly required. [SC2250]
packages/cua-driver/scripts/uninstall.sh:386:18: warning: Prefer putting braces around variable references even when not strictly required. [SC2250]
packages/cua-driver/scripts/uninstall.sh:387:18: warning: Prefer putting braces around variable references even when not strictly required. [SC2250]
packages/cua-driver/scripts/uninstall.sh:388:18: warning: Prefer putting braces around variable references even when not strictly required. [SC2250]
packages/cua-driver/scripts/uninstall.sh:401:12: warning: Prefer putting braces around variable references even when not strictly required. [SC2250]
packages/cua-driver/scripts/uninstall.sh:401:33: warning: Prefer putting braces around variable references even when not strictly required. [SC2250]
packages/cua-driver/scripts/uninstall.sh:403:14: warning: Prefer putting braces around variable references even when not strictly required. [SC2250]
packages/cua-driver/scripts/uninstall.sh:404:14: warning: Prefer putting braces around variable references even when not strictly required. [SC2250]
packages/cua-driver/scripts/uninstall.sh:405:23: warning: Prefer putting braces around variable references even when not strictly required. [SC2250]
packages/cua-driver/scripts/uninstall.sh:406:25: warning: Prefer putting braces around variable references even when not strictly required. [SC2250]
packages/cua-driver/scripts/uninstall.sh:407:30: warning: Prefer putting braces around variable references even when not strictly required. [SC2250]
packages/cua-driver/scripts/uninstall.sh:417:12: warning: Prefer putting braces around variable references even when not strictly required. [SC2250]
packages/cua-driver/scripts/uninstall.sh:419:14: warning: Prefer putting braces around variable references even when not strictly required. [SC2250]
packages/cua-driver/scripts/uninstall.sh:419:35: warning: Prefer putting braces around variable references even when not strictly required. [SC2250]
packages/cua-driver/scripts/uninstall.sh:420:14: warning: Prefer putting braces around variable references even when not strictly required. [SC2250]
packages/cua-driver/scripts/uninstall.sh:420:35: warning: Prefer putting braces around variable references even when not strictly required. [SC2250]
packages/cua-driver/scripts/uninstall.sh:421:14: warning: Prefer putting braces around variable references even when not strictly required. [SC2250]
packages/cua-driver/scripts/uninstall.sh:421:37: warning: Prefer putting braces around variable references even when not strictly required. [SC2250]
packages/cua-driver/scripts/uninstall.sh:422:14: warning: Prefer putting braces around variable references even when not strictly required. [SC2250]
packages/cua-driver/scripts/uninstall.sh:422:44: warning: Prefer putting braces around variable references even when not strictly required. [SC2250]
packages/cua-driver/scripts/uninstall.sh:423:14: warning: Prefer putting braces around variable references even when not strictly required. [SC2250]
packages/cua-driver/scripts/uninstall.sh:423:35: warning: Prefer putting braces around variable references even when not strictly required. [SC2250]
packages/cua-driver/scripts/uninstall.sh:424:14: warning: Prefer putting braces around variable references even when not strictly required. [SC2250]
packages/cua-driver/scripts/uninstall.sh:424:35: warning: Prefer putting braces around variable references even when not strictly required. [SC2250]
packages/cua-driver/scripts/uninstall.sh:425:14: warning: Prefer putting braces around variable references even when not strictly required. [SC2250]
packages/cua-driver/scripts/uninstall.sh:425:35: warning: Prefer putting braces around variable references even when not strictly required. [SC2250]
packages/cua-driver/scripts/uninstall.sh:426:14: warning: Prefer putting braces around variable references even when not strictly required. [SC2250]
packages/cua-driver/scripts/uninstall.sh:426:35: warning: Prefer putting braces around variable references even when not strictly required. [SC2250]
packages/cua-driver/scripts/uninstall.sh:427:14: warning: Prefer putting braces around variable references even when not strictly required. [SC2250]
packages/cua-driver/scripts/uninstall.sh:427:37: warning: Prefer putting braces around variable references even when not strictly required. [SC2250]
packages/cua-driver/scripts/uninstall.sh:428:14: warning: Prefer putting braces around variable references even when not strictly required. [SC2250]
packages/cua-driver/scripts/uninstall.sh:428:44: warning: Prefer putting braces around variable references even when not strictly required. [SC2250]
packages/cua-driver/scripts/uninstall.sh:429:14: warning: Prefer putting braces around variable references even when not strictly required. [SC2250]
packages/cua-driver/scripts/uninstall.sh:429:35: warning: Prefer putting braces around variable references even when not strictly required. [SC2250]
packages/cua-driver/scripts/uninstall.sh:430:14: warning: Prefer putting braces around variable references even when not strictly required. [SC2250]
packages/cua-driver/scripts/uninstall.sh:430:35: warning: Prefer putting braces around variable references even when not strictly required. [SC2250]
packages/cua-driver/scripts/uninstall.sh:431:23: warning: Prefer putting braces around variable references even when not strictly required. [SC2250]
packages/cua-driver/scripts/uninstall.sh:432:43: warning: Prefer putting braces around variable references even when not strictly required. [SC2250]
packages/cua-driver/scripts/uninstall.sh:433:23: warning: Prefer putting braces around variable references even when not strictly required. [SC2250]
packages/cua-driver/scripts/uninstall.sh:434:22: warning: Prefer putting braces around variable references even when not strictly required. [SC2250]
packages/cua-driver/scripts/uninstall.sh:434:43: warning: Prefer putting braces around variable references even when not strictly required. [SC2250]
packages/cua-driver/scripts/uninstall.sh:435:32: warning: Prefer putting braces around variable references even when not strictly required. [SC2250]
packages/cua-driver/scripts/uninstall.sh:436:52: warning: Prefer putting braces around variable references even when not strictly required. [SC2250]
packages/cua-driver/scripts/uninstall.sh:439:30: warning: Prefer putting braces around variable references even when not strictly required. [SC2250]
packages/cua-driver/scripts/uninstall.sh:442:25: warning: Prefer putting braces around variable references even when not strictly required. [SC2250]
packages/cua-driver/scripts/uninstall.sh:443:22: warning: Prefer putting braces around variable references even when not strictly required. [SC2250]
packages/cua-driver/scripts/uninstall.sh:445:42: warning: Prefer putting braces around variable references even when not strictly required. [SC2250]
packages/cua-driver/scripts/uninstall.sh:456:18: warning: Prefer putting braces around variable references even when not strictly required. [SC2250]
packages/cua-driver/scripts/uninstall.sh:457:15: warning: Prefer putting braces around variable references even when not strictly required. [SC2250]
packages/cua-driver/scripts/uninstall.sh:459:26: warning: Prefer putting braces around variable references even when not strictly required. [SC2250]
packages/cua-driver/scripts/uninstall.sh:459:50: warning: Prefer putting braces around variable references even when not strictly required. [SC2250]
packages/cua-driver/scripts/uninstall.sh:459:83: warning: Prefer putting braces around variable references even when not strictly required. [SC2250]
packages/cua-driver/scripts/uninstall.sh:557:19: warning: Prefer putting braces around variable references even when not strictly required. [SC2250]
packages/cua-driver/scripts/uninstall.sh:559:22: warning: Prefer putting braces around variable references even when not strictly required. [SC2250]
packages/cua-driver/scripts/uninstall.sh:560:23: warning: Prefer putting braces around variable references even when not strictly required. [SC2250]
packages/cua-driver/scripts/uninstall.sh:562:73: warning: Prefer putting braces around variable references even when not strictly required. [SC2250]
packages/cua-driver/scripts/uninstall.sh:565:60: warning: Prefer putting braces around variable references even when not strictly required. [SC2250]
packages/cua-driver/scripts/uninstall.sh:572:23: warning: This loop will only ever run once. Bad quoting or missing glob/expansion? [SC2043]
packages/cua-driver/scripts/uninstall.sh:574:39: warning: Prefer putting braces around variable references even when not strictly required. [SC2250]
packages/cua-driver/scripts/uninstall.sh:574:52: warning: Prefer putting braces around variable references even when not strictly required. [SC2250]
packages/cua-driver/scripts/uninstall.sh:575:52: warning: Prefer putting braces around variable references even when not strictly required. [SC2250]
packages/cua-driver/scripts/uninstall.sh:575:65: warning: Prefer putting braces around variable references even when not strictly required. [SC2250]
packages/cua-driver/scripts/uninstall.sh:586:12: warning: Prefer putting braces around variable references even when not strictly required. [SC2250]
packages/cua-driver/scripts/uninstall.sh:589:16: warning: Prefer putting braces around variable references even when not strictly required. [SC2250]
packages/cua-driver/scripts/uninstall.sh:598:16: warning: Prefer putting braces around variable references even when not strictly required. [SC2250]
packages/cua-driver/scripts/uninstall.sh:614:16: warning: Prefer putting braces around variable references even when not strictly required. [SC2250]
packages/cua-driver/scripts/uninstall.sh:627:16: warning: Prefer putting braces around variable references even when not strictly required. [SC2250]
packages/cua-driver/scripts/uninstall.sh:630:12: warning: Prefer putting braces around variable references even when not strictly required. [SC2250]
packages/cua-driver/scripts/uninstall.sh:631:13: warning: Prefer putting braces around variable references even when not strictly required. [SC2250]
packages/cua-driver/scripts/uninstall.sh:632:12: warning: Prefer putting braces around variable references even when not strictly required. [SC2250]
packages/cua-driver/scripts/uninstall.sh:635:23: warning: Prefer putting braces around variable references even when not strictly required. [SC2250]
packages/cua-driver/scripts/uninstall.sh:639:18: warning: Prefer putting braces around variable references even when not strictly required. [SC2250]
packages/cua-driver/scripts/uninstall.sh:639:35: warning: Prefer putting braces around variable references even when not strictly required. [SC2250]
packages/cua-driver/scripts/uninstall.sh:640:15: warning: Prefer putting braces around variable references even when not strictly required. [SC2250]
packages/cua-driver/scripts/uninstall.sh:640:39: warning: Prefer putting braces around variable references even when not strictly required. [SC2250]
packages/cua-driver/scripts/uninstall.sh:642:29: warning: Prefer putting braces around variable references even when not strictly required. [SC2250]
packages/cua-driver/scripts/uninstall.sh:643:9: warning: Prefer putting braces around variable references even when not strictly required. [SC2250]
packages/cua-driver/scripts/uninstall.sh:643:22: warning: Prefer putting braces around variable references even when not strictly required. [SC2250]
packages/cua-driver/scripts/uninstall.sh:644:22: warning: Prefer putting braces around variable references even when not strictly required. [SC2250]
packages/cua-driver/scripts/uninstall.sh:649:11: warning: Prefer putting braces around variable references even when not strictly required. [SC2250]
packages/cua-driver/scripts/uninstall.sh:650:34: warning: Prefer putting braces around variable references even when not strictly required. [SC2250]
packages/cua-driver/scripts/uninstall.sh:651:5: warning: Prefer putting braces around variable references even when not strictly required. [SC2250]
packages/cua-driver/scripts/uninstall.sh:651:18: warning: Prefer putting braces around variable references even when not strictly required. [SC2250]
packages/cua-driver/scripts/uninstall.sh:652:25: warning: Prefer putting braces around variable references even when not strictly required. [SC2250]
packages/cua-driver/scripts/uninstall.sh:654:11: warning: Prefer putting braces around variable references even when not strictly required. [SC2250]
packages/cua-driver/scripts/uninstall.sh:655:23: warning: Prefer putting braces around variable references even when not strictly required. [SC2250]
packages/cua-driver/scripts/uninstall.sh:656:12: warning: Prefer putting braces around variable references even when not strictly required. [SC2250]
packages/cua-driver/scripts/uninstall.sh:657:25: warning: Prefer putting braces around variable references even when not strictly required. [SC2250]
packages/cua-driver/scripts/uninstall.sh:661:11: warning: Prefer putting braces around variable references even when not strictly required. [SC2250]
packages/cua-driver/scripts/uninstall.sh:663:28: warning: Prefer putting braces around variable references even when not strictly required. [SC2250]
packages/cua-driver/scripts/uninstall.sh:666:5: warning: Prefer putting braces around variable references even when not strictly required. [SC2250]
packages/cua-driver/scripts/uninstall.sh:666:19: warning: Prefer putting braces around variable references even when not strictly required. [SC2250]
packages/cua-driver/scripts/uninstall.sh:667:18: warning: Prefer putting braces around variable references even when not strictly required. [SC2250]
packages/cua-driver/scripts/uninstall.sh:669:27: warning: Prefer putting braces around variable references even when not strictly required. [SC2250]
packages/cua-driver/scripts/uninstall.sh:673:11: warning: Prefer putting braces around variable references even when not strictly required. [SC2250]
packages/cua-driver/scripts/uninstall.sh:674:13: warning: Prefer putting braces around variable references even when not strictly required. [SC2250]
packages/cua-driver/scripts/uninstall.sh:675:18: warning: Prefer putting braces around variable references even when not strictly required. [SC2250]
packages/cua-driver/scripts/uninstall.sh:677:26: warning: Prefer putting braces around variable references even when not strictly required. [SC2250]
packages/cua-driver/scripts/uninstall.sh:681:11: warning: Prefer putting braces around variable references even when not strictly required. [SC2250]
packages/cua-driver/scripts/uninstall.sh:682:13: warning: Prefer putting braces around variable references even when not strictly required. [SC2250]
packages/cua-driver/scripts/uninstall.sh:683:18: warning: Prefer putting braces around variable references even when not strictly required. [SC2250]
packages/cua-driver/scripts/uninstall.sh:685:23: warning: Prefer putting braces around variable references even when not strictly required. [SC2250]
packages/cua-driver/scripts/uninstall.sh:689:11: warning: Prefer putting braces around variable references even when not strictly required. [SC2250]
packages/cua-driver/scripts/uninstall.sh:690:13: warning: Prefer putting braces around variable references even when not strictly required. [SC2250]
packages/cua-driver/scripts/uninstall.sh:691:18: warning: Prefer putting braces around variable references even when not strictly required. [SC2250]
packages/cua-driver/scripts/uninstall.sh:693:22: warning: Prefer putting braces around variable references even when not strictly required. [SC2250]
packages/cua-driver/scripts/uninstall.sh:699:24: warning: Prefer putting braces around variable references even when not strictly required. [SC2250]
packages/cua-driver/scripts/uninstall.sh:701:6: warning: Prefer putting braces around variable references even when not strictly required. [SC2250]
packages/cua-driver/scripts/uninstall.sh:702:6: warning: Prefer putting braces around variable references even when not strictly required. [SC2250]
packages/cua-driver/scripts/uninstall.sh:703:6: warning: Prefer putting braces around variable references even when not strictly required. [SC2250]
packages/cua-driver/scripts/uninstall.sh:704:6: warning: Prefer putting braces around variable references even when not strictly required. [SC2250]
packages/cua-driver/scripts/uninstall.sh:705:6: warning: Prefer putting braces around variable references even when not strictly required. [SC2250]
packages/cua-driver/scripts/uninstall.sh:706:6: warning: Prefer putting braces around variable references even when not strictly required. [SC2250]
packages/cua-driver/scripts/uninstall.sh:707:15: warning: Prefer putting braces around variable references even when not strictly required. [SC2250]
packages/cua-driver/scripts/uninstall.sh:707:40: warning: Consider invoking this command separately to avoid masking its return value (or use '|| true' to ignore). [SC2312]
packages/cua-driver/scripts/uninstall.sh:707:50: warning: Prefer putting braces around variable references even when not strictly required. [SC2250]
packages/cua-driver/scripts/uninstall.sh:707:69: warning: Prefer putting braces around variable references even when not strictly required. [SC2250]
packages/cua-driver/scripts/uninstall.sh:708:16: warning: Prefer putting braces around variable references even when not strictly required. [SC2250]
packages/cua-driver/scripts/uninstall.sh:709:22: warning: Prefer putting braces around variable references even when not strictly required. [SC2250]
packages/cua-driver/scripts/uninstall.sh:711:50: warning: Prefer putting braces around variable references even when not strictly required. [SC2250]
packages/cua-driver/scripts/uninstall.sh:721:14: warning: Prefer putting braces around variable references even when not strictly required. [SC2250]
packages/cua-driver/scripts/uninstall.sh:722:11: warning: Prefer putting braces around variable references even when not strictly required. [SC2250]
packages/cua-driver/scripts/uninstall.sh:724:22: warning: Prefer putting braces around variable references even when not strictly required. [SC2250]
packages/cua-driver/scripts/uninstall.sh:807:15: warning: Prefer putting braces around variable references even when not strictly required. [SC2250]
packages/cua-driver/scripts/uninstall.sh:809:18: warning: Prefer putting braces around variable references even when not strictly required. [SC2250]
packages/cua-driver/scripts/uninstall.sh:810:19: warning: Prefer putting braces around variable references even when not strictly required. [SC2250]
packages/cua-driver/scripts/uninstall.sh:812:71: warning: Prefer putting braces around variable references even when not strictly required. [SC2250]
packages/cua-driver/scripts/uninstall.sh:815:56: warning: Prefer putting braces around variable references even when not strictly required. [SC2250]
packages/cua-driver/scripts/uninstall.sh:824:35: warning: Prefer putting braces around variable references even when not strictly required. [SC2250]
packages/cua-driver/scripts/uninstall.sh:824:48: warning: Prefer putting braces around variable references even when not strictly required. [SC2250]
packages/cua-driver/scripts/uninstall.sh:825:48: warning: Prefer putting braces around variable references even when not strictly required. [SC2250]
packages/cua-driver/scripts/uninstall.sh:825:61: warning: Prefer putting braces around variable references even when not strictly required. [SC2250]
packages/cua-driver/scripts/uninstall.sh:837:8: warning: Prefer putting braces around variable references even when not strictly required. [SC2250]
packages/cua-driver/tests/fixtures/apps/cross-platform/electron/build.sh:15:22: warning: Prefer putting braces around variable references even when not strictly required. [SC2250]
packages/cua-driver/tests/fixtures/apps/cross-platform/electron/build.sh:16:21: warning: Prefer putting braces around variable references even when not strictly required. [SC2250]
packages/cua-driver/tests/fixtures/apps/cross-platform/electron/build.sh:17:24: warning: Prefer putting braces around variable references even when not strictly required. [SC2250]
packages/cua-driver/tests/fixtures/apps/cross-platform/electron/build.sh:18:21: warning: Prefer putting braces around variable references even when not strictly required. [SC2250]
packages/cua-driver/tests/fixtures/apps/cross-platform/electron/build.sh:19:9: warning: Prefer putting braces around variable references even when not strictly required. [SC2250]
packages/cua-driver/tests/fixtures/apps/cross-platform/electron/build.sh:27:5: warning: Prefer putting braces around variable references even when not strictly required. [SC2250]
packages/cua-driver/tests/fixtures/apps/cross-platform/electron/build.sh:30:11: warning: Prefer putting braces around variable references even when not strictly required. [SC2250]
packages/cua-driver/tests/fixtures/apps/cross-platform/electron/build.sh:31:8: warning: Prefer putting braces around variable references even when not strictly required. [SC2250]
packages/cua-driver/tests/fixtures/apps/cross-platform/electron/build.sh:31:35: warning: Prefer putting braces around variable references even when not strictly required. [SC2250]
packages/cua-driver/tests/fixtures/apps/cross-platform/electron/build.sh:40:13: warning: Prefer putting braces around variable references even when not strictly required. [SC2250]
packages/cua-driver/tests/fixtures/apps/cross-platform/electron/build.sh:41:58: warning: Prefer putting braces around variable references even when not strictly required. [SC2250]
packages/cua-driver/tests/fixtures/apps/cross-platform/electron/build.sh:44:13: warning: Prefer putting braces around variable references even when not strictly required. [SC2250]
packages/cua-driver/tests/fixtures/apps/cross-platform/electron/build.sh:45:15: warning: Prefer putting braces around variable references even when not strictly required. [SC2250]
packages/cua-driver/tests/fixtures/apps/cross-platform/electron/build.sh:46:9: warning: Prefer putting braces around variable references even when not strictly required. [SC2250]
packages/cua-driver/tests/fixtures/apps/cross-platform/electron/build.sh:46:33: warning: Prefer putting braces around variable references even when not strictly required. [SC2250]
packages/cua-driver/tests/fixtures/apps/cross-platform/electron/build.sh:47:66: warning: Prefer putting braces around variable references even when not strictly required. [SC2250]
packages/cua-driver/tests/fixtures/apps/cross-platform/electron/build.sh:54:4: warning: Prefer [[ ]] over [ ] for tests in Bash/Ksh/Busybox. [SC2292]
packages/cua-driver/tests/fixtures/apps/cross-platform/electron/build.sh:54:7: warning: Prefer putting braces around variable references even when not strictly required. [SC2250]
packages/cua-driver/tests/fixtures/apps/cross-platform/electron/build.sh:55:16: warning: Prefer putting braces around variable references even when not strictly required. [SC2250]
packages/cua-driver/tests/fixtures/apps/cross-platform/electron/build.sh:57:16: warning: Prefer putting braces around variable references even when not strictly required. [SC2250]
packages/cua-driver/tests/fixtures/apps/cross-platform/electron/build.sh:60:6: warning: Prefer [[ ]] over [ ] for tests in Bash/Ksh/Busybox. [SC2292]
packages/cua-driver/tests/fixtures/apps/cross-platform/electron/build.sh:60:9: warning: Prefer putting braces around variable references even when not strictly required. [SC2250]
packages/cua-driver/tests/fixtures/apps/cross-platform/electron/build.sh:61:5: warning: Prefer [[ ]] over [ ] for tests in Bash/Ksh/Busybox. [SC2292]
packages/cua-driver/tests/fixtures/apps/cross-platform/electron/build.sh:61:11: warning: Prefer putting braces around variable references even when not strictly required. [SC2250]
packages/cua-driver/tests/fixtures/apps/cross-platform/electron/build.sh:62:7: warning: Prefer [[ ]] over [ ] for tests in Bash/Ksh/Busybox. [SC2292]
packages/cua-driver/tests/fixtures/apps/cross-platform/electron/build.sh:62:13: warning: Prefer putting braces around variable references even when not strictly required. [SC2250]
packages/cua-driver/tests/fixtures/apps/cross-platform/electron/build.sh:63:7: warning: Prefer [[ ]] over [ ] for tests in Bash/Ksh/Busybox. [SC2292]
packages/cua-driver/tests/fixtures/apps/cross-platform/electron/build.sh:63:13: warning: Prefer putting braces around variable references even when not strictly required. [SC2250]
packages/cua-driver/tests/fixtures/apps/cross-platform/electron/build.sh:64:7: warning: Prefer [[ ]] over [ ] for tests in Bash/Ksh/Busybox. [SC2292]
packages/cua-driver/tests/fixtures/apps/cross-platform/electron/build.sh:64:13: warning: Prefer putting braces around variable references even when not strictly required. [SC2250]
packages/cua-driver/tests/fixtures/apps/cross-platform/electron/build.sh:66:5: warning: Prefer [[ ]] over [ ] for tests in Bash/Ksh/Busybox. [SC2292]
packages/cua-driver/tests/fixtures/apps/cross-platform/electron/build.sh:66:11: warning: Prefer putting braces around variable references even when not strictly required. [SC2250]
packages/cua-driver/tests/fixtures/apps/cross-platform/electron/build.sh:67:7: warning: Prefer [[ ]] over [ ] for tests in Bash/Ksh/Busybox. [SC2292]
packages/cua-driver/tests/fixtures/apps/cross-platform/electron/build.sh:67:13: warning: Prefer putting braces around variable references even when not strictly required. [SC2250]
packages/cua-driver/tests/fixtures/apps/cross-platform/electron/build.sh:68:7: warning: Prefer [[ ]] over [ ] for tests in Bash/Ksh/Busybox. [SC2292]
packages/cua-driver/tests/fixtures/apps/cross-platform/electron/build.sh:68:13: warning: Prefer putting braces around variable references even when not strictly required. [SC2250]
packages/cua-driver/tests/fixtures/apps/cross-platform/electron/build.sh:83:11: warning: Prefer putting braces around variable references even when not strictly required. [SC2250]
packages/cua-driver/tests/fixtures/apps/cross-platform/electron/build.sh:84:9: warning: Prefer putting braces around variable references even when not strictly required. [SC2250]
packages/cua-driver/tests/fixtures/apps/cross-platform/electron/build.sh:95:6: warning: Prefer [[ ]] over [ ] for tests in Bash/Ksh/Busybox. [SC2292]
packages/cua-driver/tests/fixtures/apps/cross-platform/electron/build.sh:95:9: warning: Prefer putting braces around variable references even when not strictly required. [SC2250]
packages/cua-driver/tests/fixtures/apps/cross-platform/electron/build.sh:100:24: warning: Prefer putting braces around variable references even when not strictly required. [SC2250]
packages/cua-driver/tests/fixtures/apps/cross-platform/electron/build.sh:114:11: warning: Prefer putting braces around variable references even when not strictly required. [SC2250]
packages/cua-driver/tests/fixtures/apps/cross-platform/electron/build.sh:115:13: warning: Prefer putting braces around variable references even when not strictly required. [SC2250]
packages/cua-driver/tests/fixtures/apps/cross-platform/electron/build.sh:116:13: warning: Prefer putting braces around variable references even when not strictly required. [SC2250]
packages/cua-driver/tests/fixtures/apps/cross-platform/electron/build.sh:116:32: warning: Prefer putting braces around variable references even when not strictly required. [SC2250]
packages/cua-driver/tests/fixtures/apps/cross-platform/electron/build.sh:117:16: warning: Prefer putting braces around variable references even when not strictly required. [SC2250]
packages/cua-driver/tests/fixtures/apps/cross-platform/electron/build.sh:117:35: warning: Prefer putting braces around variable references even when not strictly required. [SC2250]
packages/cua-driver/tests/fixtures/apps/cross-platform/electron/build.sh:118:19: warning: Consider invoking this command separately to avoid masking its return value (or use '|| true' to ignore). [SC2312]
packages/cua-driver/tests/fixtures/apps/cross-platform/electron/build.sh:119:8: warning: Prefer putting braces around variable references even when not strictly required. [SC2250]
packages/cua-driver/tests/fixtures/apps/cross-platform/electron/build.sh:127:9: warning: Prefer putting braces around variable references even when not strictly required. [SC2250]
packages/cua-driver/tests/fixtures/apps/cross-platform/electron/build.sh:128:11: warning: Prefer putting braces around variable references even when not strictly required. [SC2250]
packages/cua-driver/tests/fixtures/apps/cross-platform/electron/build.sh:130:4: warning: Prefer [[ ]] over [ ] for tests in Bash/Ksh/Busybox. [SC2292]
packages/cua-driver/tests/fixtures/apps/cross-platform/electron/build.sh:130:7: warning: Prefer putting braces around variable references even when not strictly required. [SC2250]
packages/cua-driver/tests/fixtures/apps/cross-platform/electron/build.sh:131:16: warning: Prefer putting braces around variable references even when not strictly required. [SC2250]
packages/cua-driver/tests/fixtures/apps/cross-platform/electron/build.sh:132:16: warning: Prefer putting braces around variable references even when not strictly required. [SC2250]
packages/cua-driver/tests/fixtures/apps/cross-platform/electron/build.sh:133:3: warning: Prefer [[ ]] over [ ] for tests in Bash/Ksh/Busybox. [SC2292]
packages/cua-driver/tests/fixtures/apps/cross-platform/electron/build.sh:133:9: warning: Prefer putting braces around variable references even when not strictly required. [SC2250]
packages/cua-driver/tests/fixtures/apps/cross-platform/electron/build.sh:135:11: warning: Prefer putting braces around variable references even when not strictly required. [SC2250]
packages/cua-driver/tests/fixtures/apps/cross-platform/electron/build.sh:136:57: warning: Prefer putting braces around variable references even when not strictly required. [SC2250]
packages/cua-driver/tests/fixtures/apps/cross-platform/electron/build.sh:137:10: warning: Prefer putting braces around variable references even when not strictly required. [SC2250]
packages/cua-driver/tests/fixtures/apps/cross-platform/electron/build.sh:137:25: warning: Prefer putting braces around variable references even when not strictly required. [SC2250]
packages/cua-driver/tests/fixtures/apps/cross-platform/electron/build.sh:138:11: warning: Prefer putting braces around variable references even when not strictly required. [SC2250]
packages/cua-driver/tests/fixtures/apps/cross-platform/electron/build.sh:139:11: warning: Prefer putting braces around variable references even when not strictly required. [SC2250]
packages/cua-driver/tests/fixtures/apps/cross-platform/electron/build.sh:140:13: warning: Prefer putting braces around variable references even when not strictly required. [SC2250]
packages/cua-driver/tests/fixtures/apps/cross-platform/electron/build.sh:141:7: warning: Prefer putting braces around variable references even when not strictly required. [SC2250]
packages/cua-driver/tests/fixtures/apps/cross-platform/electron/build.sh:141:26: warning: Prefer putting braces around variable references even when not strictly required. [SC2250]
packages/cua-driver/tests/fixtures/apps/cross-platform/electron/build.sh:142:7: warning: Prefer putting braces around variable references even when not strictly required. [SC2250]
packages/cua-driver/tests/fixtures/apps/cross-platform/electron/build.sh:142:29: warning: Prefer putting braces around variable references even when not strictly required. [SC2250]
packages/cua-driver/tests/fixtures/apps/cross-platform/electron/build.sh:143:7: warning: Prefer putting braces around variable references even when not strictly required. [SC2250]
packages/cua-driver/tests/fixtures/apps/cross-platform/electron/build.sh:143:31: warning: Prefer putting braces around variable references even when not strictly required. [SC2250]
packages/cua-driver/tests/fixtures/apps/cross-platform/electron/build.sh:144:10: warning: Prefer putting braces around variable references even when not strictly required. [SC2250]
packages/cua-driver/tests/fixtures/apps/cross-platform/electron/build.sh:144:25: warning: Prefer putting braces around variable references even when not strictly required. [SC2250]
packages/cua-driver/tests/fixtures/apps/cross-platform/electron/build.sh:146:10: warning: Prefer putting braces around variable references even when not strictly required. [SC2250]
packages/cua-driver/tests/fixtures/apps/cross-platform/electron/build.sh:164:14: warning: Prefer putting braces around variable references even when not strictly required. [SC2250]
packages/cua-driver/tests/fixtures/apps/cross-platform/electron/build.sh:165:13: warning: Prefer putting braces around variable references even when not strictly required. [SC2250]
packages/cua-driver/tests/fixtures/apps/cross-platform/electron/build.sh:167:17: warning: Prefer putting braces around variable references even when not strictly required. [SC2250]
packages/cua-driver/tests/fixtures/apps/cross-platform/electron/build.sh:169:12: warning: Prefer putting braces around variable references even when not strictly required. [SC2250]
packages/cua-driver/tests/fixtures/apps/cross-platform/electron/build.sh:172:16: warning: Prefer putting braces around variable references even when not strictly required. [SC2250]
packages/cua-driver/tests/fixtures/apps/cross-platform/electron/build.sh:173:3: warning: Prefer [[ ]] over [ ] for tests in Bash/Ksh/Busybox. [SC2292]
packages/cua-driver/tests/fixtures/apps/cross-platform/electron/build.sh:173:9: warning: Prefer putting braces around variable references even when not strictly required. [SC2250]
packages/cua-driver/tests/fixtures/apps/cross-platform/electron/build.sh:176:51: warning: Prefer putting braces around variable references even when not strictly required. [SC2250]
packages/cua-driver/tests/fixtures/apps/cross-platform/electron/build.sh:177:10: warning: Prefer putting braces around variable references even when not strictly required. [SC2250]
packages/cua-driver/tests/fixtures/apps/cross-platform/electron/build.sh:177:50: warning: Prefer putting braces around variable references even when not strictly required. [SC2250]
packages/cua-driver/tests/fixtures/apps/cross-platform/electron/build.sh:178:11: warning: Prefer putting braces around variable references even when not strictly required. [SC2250]
packages/cua-driver/tests/fixtures/apps/cross-platform/electron/build.sh:179:13: warning: Prefer putting braces around variable references even when not strictly required. [SC2250]
packages/cua-driver/tests/fixtures/apps/cross-platform/electron/build.sh:180:7: warning: Prefer putting braces around variable references even when not strictly required. [SC2250]
packages/cua-driver/tests/fixtures/apps/cross-platform/electron/build.sh:180:26: warning: Prefer putting braces around variable references even when not strictly required. [SC2250]
packages/cua-driver/tests/fixtures/apps/cross-platform/electron/build.sh:181:7: warning: Prefer putting braces around variable references even when not strictly required. [SC2250]
packages/cua-driver/tests/fixtures/apps/cross-platform/electron/build.sh:181:29: warning: Prefer putting braces around variable references even when not strictly required. [SC2250]
packages/cua-driver/tests/fixtures/apps/cross-platform/electron/build.sh:182:7: warning: Prefer putting braces around variable references even when not strictly required. [SC2250]
packages/cua-driver/tests/fixtures/apps/cross-platform/electron/build.sh:182:31: warning: Prefer putting braces around variable references even when not strictly required. [SC2250]
packages/cua-driver/tests/fixtures/apps/cross-platform/electron/build.sh:183:10: warning: Prefer putting braces around variable references even when not strictly required. [SC2250]
packages/cua-driver/tests/fixtures/apps/cross-platform/electron/build.sh:183:25: warning: Prefer putting braces around variable references even when not strictly required. [SC2250]
packages/cua-driver/tests/fixtures/apps/cross-platform/electron/build.sh:184:7: warning: Prefer putting braces around variable references even when not strictly required. [SC2250]
packages/cua-driver/tests/fixtures/apps/cross-platform/electron/build.sh:184:26: warning: Prefer putting braces around variable references even when not strictly required. [SC2250]
packages/cua-driver/tests/fixtures/apps/cross-platform/electron/build.sh:185:7: warning: Prefer putting braces around variable references even when not strictly required. [SC2250]
packages/cua-driver/tests/fixtures/apps/cross-platform/electron/build.sh:185:36: warning: Prefer putting braces around variable references even when not strictly required. [SC2250]
packages/cua-driver/tests/fixtures/apps/cross-platform/electron/build.sh:186:13: warning: Prefer putting braces around variable references even when not strictly required. [SC2250]
packages/cua-driver/tests/fixtures/apps/cross-platform/electron/build.sh:186:47: warning: Prefer putting braces around variable references even when not strictly required. [SC2250]
packages/cua-driver/tests/fixtures/apps/cross-platform/electron/build.sh:189:17: warning: Prefer putting braces around variable references even when not strictly required. [SC2250]
packages/cua-driver/tests/fixtures/apps/cross-platform/tauri/build.sh:10:22: warning: Prefer putting braces around variable references even when not strictly required. [SC2250]
packages/cua-driver/tests/fixtures/apps/cross-platform/tauri/build.sh:11:21: warning: Prefer putting braces around variable references even when not strictly required. [SC2250]
packages/cua-driver/tests/fixtures/apps/cross-platform/tauri/build.sh:12:24: warning: Prefer putting braces around variable references even when not strictly required. [SC2250]
packages/cua-driver/tests/fixtures/apps/cross-platform/tauri/build.sh:13:21: warning: Prefer putting braces around variable references even when not strictly required. [SC2250]
packages/cua-driver/tests/fixtures/apps/cross-platform/tauri/build.sh:14:9: warning: Prefer putting braces around variable references even when not strictly required. [SC2250]
packages/cua-driver/tests/fixtures/apps/cross-platform/tauri/build.sh:16:37: warning: Prefer putting braces around variable references even when not strictly required. [SC2250]
packages/cua-driver/tests/fixtures/apps/cross-platform/tauri/build.sh:23:11: warning: Prefer putting braces around variable references even when not strictly required. [SC2250]
packages/cua-driver/tests/fixtures/apps/cross-platform/tauri/build.sh:24:8: warning: Prefer putting braces around variable references even when not strictly required. [SC2250]
packages/cua-driver/tests/fixtures/apps/cross-platform/tauri/build.sh:24:35: warning: Prefer putting braces around variable references even when not strictly required. [SC2250]
packages/cua-driver/tests/fixtures/apps/cross-platform/tauri/build.sh:27:19: warning: Prefer putting braces around variable references even when not strictly required. [SC2250]
packages/cua-driver/tests/fixtures/apps/cross-platform/tauri/build.sh:29:22: warning: Prefer putting braces around variable references even when not strictly required. [SC2250]
packages/cua-driver/tests/fixtures/apps/cross-platform/tauri/build.sh:31:9: warning: Prefer putting braces around variable references even when not strictly required. [SC2250]
packages/cua-driver/tests/fixtures/apps/cross-platform/tauri/build.sh:32:11: warning: Prefer putting braces around variable references even when not strictly required. [SC2250]
packages/cua-driver/tests/fixtures/apps/cross-platform/tauri/build.sh:34:4: warning: Prefer [[ ]] over [ ] for tests in Bash/Ksh/Busybox. [SC2292]
packages/cua-driver/tests/fixtures/apps/cross-platform/tauri/build.sh:34:7: warning: Prefer putting braces around variable references even when not strictly required. [SC2250]
packages/cua-driver/tests/fixtures/apps/cross-platform/tauri/build.sh:35:11: warning: Prefer putting braces around variable references even when not strictly required. [SC2250]
packages/cua-driver/tests/fixtures/apps/cross-platform/tauri/build.sh:36:3: warning: Prefer [[ ]] over [ ] for tests in Bash/Ksh/Busybox. [SC2292]
packages/cua-driver/tests/fixtures/apps/cross-platform/tauri/build.sh:36:9: warning: Prefer putting braces around variable references even when not strictly required. [SC2250]
packages/cua-driver/tests/fixtures/apps/cross-platform/tauri/build.sh:38:11: warning: Prefer putting braces around variable references even when not strictly required. [SC2250]
packages/cua-driver/tests/fixtures/apps/cross-platform/tauri/build.sh:39:13: warning: Prefer putting braces around variable references even when not strictly required. [SC2250]
packages/cua-driver/tests/fixtures/apps/cross-platform/tauri/build.sh:40:13: warning: Prefer putting braces around variable references even when not strictly required. [SC2250]
packages/cua-driver/tests/fixtures/apps/cross-platform/tauri/build.sh:40:25: warning: Prefer putting braces around variable references even when not strictly required. [SC2250]
packages/cua-driver/tests/fixtures/apps/cross-platform/tauri/build.sh:41:7: warning: Prefer putting braces around variable references even when not strictly required. [SC2250]
packages/cua-driver/tests/fixtures/apps/cross-platform/tauri/build.sh:41:17: warning: Prefer putting braces around variable references even when not strictly required. [SC2250]
packages/cua-driver/tests/fixtures/apps/cross-platform/tauri/build.sh:42:13: warning: Prefer putting braces around variable references even when not strictly required. [SC2250]
packages/cua-driver/tests/fixtures/apps/cross-platform/tauri/build.sh:44:10: warning: Prefer putting braces around variable references even when not strictly required. [SC2250]
packages/cua-driver/tests/fixtures/apps/cross-platform/tauri/build.sh:62:14: warning: Prefer putting braces around variable references even when not strictly required. [SC2250]
packages/cua-driver/tests/fixtures/apps/cross-platform/tauri/build.sh:69:37: warning: Prefer putting braces around variable references even when not strictly required. [SC2250]
packages/cua-driver/tests/fixtures/apps/cross-platform/tauri/build.sh:70:25: warning: Prefer putting braces around variable references even when not strictly required. [SC2250]
packages/cua-driver/tests/fixtures/apps/cross-platform/tauri/build.sh:72:11: warning: Prefer putting braces around variable references even when not strictly required. [SC2250]
packages/cua-driver/tests/fixtures/apps/cross-platform/tauri/build.sh:73:3: warning: Prefer [[ ]] over [ ] for tests in Bash/Ksh/Busybox. [SC2292]
packages/cua-driver/tests/fixtures/apps/cross-platform/tauri/build.sh:73:9: warning: Prefer putting braces around variable references even when not strictly required. [SC2250]
packages/cua-driver/tests/fixtures/apps/cross-platform/tauri/build.sh:75:7: warning: Prefer putting braces around variable references even when not strictly required. [SC2250]
packages/cua-driver/tests/fixtures/apps/cross-platform/tauri/build.sh:75:17: warning: Prefer putting braces around variable references even when not strictly required. [SC2250]
packages/cua-driver/tests/fixtures/apps/cross-platform/tauri/build.sh:76:13: warning: Prefer putting braces around variable references even when not strictly required. [SC2250]
packages/cua-driver/tests/fixtures/apps/cross-platform/tauri/build.sh:77:25: warning: Prefer putting braces around variable references even when not strictly required. [SC2250]
packages/cua-driver/tests/fixtures/build/linux.sh:20:20: warning: Prefer putting braces around variable references even when not strictly required. [SC2250]
packages/cua-driver/tests/fixtures/build/linux.sh:21:22: warning: Prefer putting braces around variable references even when not strictly required. [SC2250]
packages/cua-driver/tests/fixtures/build/linux.sh:22:13: warning: Prefer putting braces around variable references even when not strictly required. [SC2250]
packages/cua-driver/tests/fixtures/build/linux.sh:23:11: warning: Prefer putting braces around variable references even when not strictly required. [SC2250]
packages/cua-driver/tests/fixtures/build/linux.sh:24:13: warning: Prefer putting braces around variable references even when not strictly required. [SC2250]
packages/cua-driver/tests/fixtures/build/linux.sh:25:11: warning: Prefer putting braces around variable references even when not strictly required. [SC2250]
packages/cua-driver/tests/fixtures/build/linux.sh:51:8: warning: Prefer putting braces around variable references even when not strictly required. [SC2250]
packages/cua-driver/tests/fixtures/build/linux.sh:52:13: warning: Prefer putting braces around variable references even when not strictly required. [SC2250]
packages/cua-driver/tests/fixtures/build/linux.sh:52:43: warning: Prefer putting braces around variable references even when not strictly required. [SC2250]
packages/cua-driver/tests/fixtures/build/linux.sh:52:73: warning: Prefer putting braces around variable references even when not strictly required. [SC2250]
packages/cua-driver/tests/fixtures/build/linux.sh:52:107: warning: Prefer putting braces around variable references even when not strictly required. [SC2250]
packages/cua-driver/tests/fixtures/build/linux.sh:55:8: warning: Prefer putting braces around variable references even when not strictly required. [SC2250]
packages/cua-driver/tests/fixtures/build/linux.sh:55:29: warning: Prefer putting braces around variable references even when not strictly required. [SC2250]
packages/cua-driver/tests/fixtures/build/linux.sh:56:13: warning: Prefer putting braces around variable references even when not strictly required. [SC2250]
packages/cua-driver/tests/fixtures/build/linux.sh:57:15: warning: Prefer putting braces around variable references even when not strictly required. [SC2250]
packages/cua-driver/tests/fixtures/build/linux.sh:58:9: warning: Prefer putting braces around variable references even when not strictly required. [SC2250]
packages/cua-driver/tests/fixtures/build/linux.sh:58:29: warning: Prefer putting braces around variable references even when not strictly required. [SC2250]
packages/cua-driver/tests/fixtures/build/linux.sh:60:12: warning: Prefer putting braces around variable references even when not strictly required. [SC2250]
packages/cua-driver/tests/fixtures/build/linux.sh:67:15: warning: Prefer putting braces around variable references even when not strictly required. [SC2250]
packages/cua-driver/tests/fixtures/build/linux.sh:69:38: warning: Prefer putting braces around variable references even when not strictly required. [SC2250]
packages/cua-driver/tests/fixtures/build/linux.sh:81:8: warning: Prefer putting braces around variable references even when not strictly required. [SC2250]
packages/cua-driver/tests/fixtures/build/linux.sh:81:29: warning: Prefer putting braces around variable references even when not strictly required. [SC2250]
packages/cua-driver/tests/fixtures/build/linux.sh:82:13: warning: Prefer putting braces around variable references even when not strictly required. [SC2250]
packages/cua-driver/tests/fixtures/build/linux.sh:83:15: warning: Prefer putting braces around variable references even when not strictly required. [SC2250]
packages/cua-driver/tests/fixtures/build/linux.sh:84:9: warning: Prefer putting braces around variable references even when not strictly required. [SC2250]
packages/cua-driver/tests/fixtures/build/linux.sh:84:29: warning: Prefer putting braces around variable references even when not strictly required. [SC2250]
packages/cua-driver/tests/fixtures/build/linux.sh:86:12: warning: Prefer putting braces around variable references even when not strictly required. [SC2250]
packages/cua-driver/tests/fixtures/build/linux.sh:91:15: warning: Prefer putting braces around variable references even when not strictly required. [SC2250]
packages/cua-driver/tests/fixtures/build/linux.sh:93:38: warning: Prefer putting braces around variable references even when not strictly required. [SC2250]
packages/cua-driver/tests/fixtures/build/linux.sh:105:8: warning: Prefer putting braces around variable references even when not strictly required. [SC2250]
packages/cua-driver/tests/fixtures/build/linux.sh:105:33: warning: Prefer putting braces around variable references even when not strictly required. [SC2250]
packages/cua-driver/tests/fixtures/build/linux.sh:106:6: warning: Prefer putting braces around variable references even when not strictly required. [SC2250]
packages/cua-driver/tests/fixtures/build/linux.sh:109:8: warning: Prefer putting braces around variable references even when not strictly required. [SC2250]
packages/cua-driver/tests/fixtures/build/linux.sh:109:30: warning: Prefer putting braces around variable references even when not strictly required. [SC2250]
packages/cua-driver/tests/fixtures/build/linux.sh:110:6: warning: Prefer putting braces around variable references even when not strictly required. [SC2250]
packages/cua-driver/tests/fixtures/build/macos.sh:17:20: warning: Prefer putting braces around variable references even when not strictly required. [SC2250]
packages/cua-driver/tests/fixtures/build/macos.sh:18:18: warning: Prefer putting braces around variable references even when not strictly required. [SC2250]
packages/cua-driver/tests/fixtures/build/macos.sh:36:12: warning: Prefer putting braces around variable references even when not strictly required. [SC2250]
packages/cua-driver/tests/fixtures/build/macos.sh:40:15: warning: Prefer putting braces around variable references even when not strictly required. [SC2250]
packages/cua-driver/tests/fixtures/build/macos.sh:41:9: warning: Prefer putting braces around variable references even when not strictly required. [SC2250]
packages/cua-driver/tests/fixtures/build/macos.sh:41:19: warning: Prefer putting braces around variable references even when not strictly required. [SC2250]
packages/cua-driver/tests/fixtures/build/macos.sh:41:45: warning: Prefer putting braces around variable references even when not strictly required. [SC2250]
packages/cua-driver/tests/fixtures/build/macos.sh:41:55: warning: Prefer putting braces around variable references even when not strictly required. [SC2250]
packages/cua-driver/tests/fixtures/build/macos.sh:44:8: warning: Prefer putting braces around variable references even when not strictly required. [SC2250]
packages/cua-driver/tests/fixtures/build/macos.sh:45:23: warning: Prefer putting braces around variable references even when not strictly required. [SC2250]
packages/cua-driver/tests/fixtures/build/macos.sh:46:23: warning: Prefer putting braces around variable references even when not strictly required. [SC2250]
packages/cua-driver/tests/fixtures/build/macos.sh:47:23: warning: Prefer putting braces around variable references even when not strictly required. [SC2250]
packages/cua-driver/tests/fixtures/build/macos.sh:48:23: warning: Prefer putting braces around variable references even when not strictly required. [SC2250]
packages/cua-driver/tests/fixtures/build/macos.sh:49:23: warning: Prefer putting braces around variable references even when not strictly required. [SC2250]
packages/cua-driver/tests/fixtures/build/macos.sh:50:15: warning: Prefer putting braces around variable references even when not strictly required. [SC2250]
packages/cua-driver/tests/fixtures/build/macos.sh:50:43: warning: Prefer putting braces around variable references even when not strictly required. [SC2250]
packages/cua-driver/tests/fixtures/build/macos.sh:50:72: warning: Prefer putting braces around variable references even when not strictly required. [SC2250]
packages/cua-driver/tests/fixtures/build/macos.sh:50:103: warning: Prefer putting braces around variable references even when not strictly required. [SC2250]
packages/cua-driver/tests/fixtures/build/macos.sh:50:133: warning: Prefer putting braces around variable references even when not strictly required. [SC2250]
packages/cua-driver/tests/fixtures/build/macos.sh:56:19: warning: Prefer putting braces around variable references even when not strictly required. [SC2250]
packages/cua-driver/tests/fixtures/build/macos.sh:56:30: warning: Prefer putting braces around variable references even when not strictly required. [SC2250]
packages/cua-driver/tests/fixtures/build/macos.sh:56:44: warning: Prefer putting braces around variable references even when not strictly required. [SC2250]
packages/cua-driver/tests/fixtures/build/macos.sh:57:21: warning: Prefer putting braces around variable references even when not strictly required. [SC2250]
packages/cua-driver/tests/fixtures/build/macos.sh:57:44: warning: Prefer putting braces around variable references even when not strictly required. [SC2250]
packages/cua-driver/tests/fixtures/build/macos.sh:58:18: warning: Prefer putting braces around variable references even when not strictly required. [SC2250]
packages/cua-driver/tests/fixtures/build/macos.sh:60:24: warning: Prefer putting braces around variable references even when not strictly required. [SC2250]
packages/cua-driver/tests/fixtures/build/macos.sh:61:23: warning: Prefer putting braces around variable references even when not strictly required. [SC2250]
packages/cua-driver/tests/fixtures/build/macos.sh:62:15: warning: Prefer putting braces around variable references even when not strictly required. [SC2250]
packages/cua-driver/tests/fixtures/build/macos.sh:68:9: warning: Prefer putting braces around variable references even when not strictly required. [SC2250]
packages/cua-driver/tests/fixtures/build/macos.sh:70:13: warning: Prefer putting braces around variable references even when not strictly required. [SC2250]
packages/cua-driver/tests/fixtures/build/macos.sh:71:10: warning: Prefer putting braces around variable references even when not strictly required. [SC2250]
packages/cua-driver/tests/fixtures/build/macos.sh:75:12: warning: Prefer putting braces around variable references even when not strictly required. [SC2250]
packages/cua-driver/tests/fixtures/build/macos.sh:81:42: warning: Prefer putting braces around variable references even when not strictly required. [SC2250]
packages/cua-driver/tests/fixtures/build/macos.sh:82:63: warning: See if you can use ${variable//search/replace} instead. [SC2001]
packages/cua-driver/tests/fixtures/build/macos.sh:82:69: warning: Prefer putting braces around variable references even when not strictly required. [SC2250]
packages/cua-driver/tests/fixtures/build/macos.sh:82:86: warning: Consider invoking this command separately to avoid masking its return value (or use '|| true' to ignore). [SC2312]
packages/cua-driver/tests/fixtures/build/macos.sh:83:36: warning: Prefer putting braces around variable references even when not strictly required. [SC2250]
packages/cua-driver/tests/fixtures/build/macos.sh:93:15: warning: Prefer putting braces around variable references even when not strictly required. [SC2250]
packages/cua-driver/tests/fixtures/build/macos.sh:94:17: warning: Prefer putting braces around variable references even when not strictly required. [SC2250]
packages/cua-driver/tests/fixtures/build/macos.sh:97:11: warning: Prefer putting braces around variable references even when not strictly required. [SC2250]
packages/cua-driver/tests/fixtures/build/macos.sh:97:22: warning: Prefer putting braces around variable references even when not strictly required. [SC2250]
packages/cua-driver/tests/fixtures/build/macos.sh:97:51: warning: Prefer putting braces around variable references even when not strictly required. [SC2250]
packages/cua-driver/tests/fixtures/build/macos.sh:99:10: warning: Prefer putting braces around variable references even when not strictly required. [SC2250]
packages/cua-driver/tests/fixtures/build/macos.sh:104:11: warning: Prefer putting braces around variable references even when not strictly required. [SC2250]
packages/cua-driver/tests/fixtures/build/macos.sh:104:22: warning: Prefer putting braces around variable references even when not strictly required. [SC2250]
packages/cua-driver/tests/fixtures/build/macos.sh:104:52: warning: Prefer putting braces around variable references even when not strictly required. [SC2250]
packages/cua-driver/tests/fixtures/build/macos.sh:106:10: warning: Prefer putting braces around variable references even when not strictly required. [SC2250]
packages/cua-driver/tests/fixtures/build/macos.sh:111:11: warning: Prefer putting braces around variable references even when not strictly required. [SC2250]
packages/cua-driver/tests/fixtures/build/macos.sh:111:22: warning: Prefer putting braces around variable references even when not strictly required. [SC2250]
packages/cua-driver/tests/fixtures/build/macos.sh:111:54: warning: Prefer putting braces around variable references even when not strictly required. [SC2250]
packages/cua-driver/tests/fixtures/build/macos.sh:113:10: warning: Prefer putting braces around variable references even when not strictly required. [SC2250]
packages/cua-driver/tests/fixtures/build/macos.sh:119:13: warning: Prefer putting braces around variable references even when not strictly required. [SC2250]
packages/cua-driver/tests/fixtures/build/macos.sh:120:15: warning: Prefer putting braces around variable references even when not strictly required. [SC2250]
packages/cua-driver/tests/fixtures/build/macos.sh:121:9: warning: Prefer putting braces around variable references even when not strictly required. [SC2250]
packages/cua-driver/tests/fixtures/build/macos.sh:121:46: warning: Prefer putting braces around variable references even when not strictly required. [SC2250]
packages/cua-driver/tests/fixtures/build/macos.sh:125:11: warning: Prefer putting braces around variable references even when not strictly required. [SC2250]
packages/cua-driver/tests/fixtures/build/macos.sh:125:22: warning: Prefer putting braces around variable references even when not strictly required. [SC2250]
packages/cua-driver/tests/fixtures/build/macos.sh:125:53: warning: Prefer putting braces around variable references even when not strictly required. [SC2250]
packages/cua-driver/tests/fixtures/build/macos.sh:126:6: warning: Prefer putting braces around variable references even when not strictly required. [SC2250]
packages/cua-driver/tests/fixtures/build/macos.sh:129:11: warning: Prefer putting braces around variable references even when not strictly required. [SC2250]
packages/cua-driver/tests/fixtures/build/macos.sh:129:22: warning: Prefer putting braces around variable references even when not strictly required. [SC2250]
packages/cua-driver/tests/fixtures/build/macos.sh:129:50: warning: Prefer putting braces around variable references even when not strictly required. [SC2250]
packages/cua-driver/tests/fixtures/build/macos.sh:130:6: warning: Prefer putting braces around variable references even when not strictly required. [SC2250]
packages/cua-driver/tests/fixtures/build/macos.sh:135:7: warning: Prefer putting braces around variable references even when not strictly required. [SC2250]
packages/cua-driver/tests/fixtures/smoke/macos.sh:25:9: warning: Prefer putting braces around variable references even when not strictly required. [SC2250]
packages/cua-driver/tests/fixtures/smoke/macos.sh:26:8: warning: Prefer putting braces around variable references even when not strictly required. [SC2250]
packages/cua-driver/tests/fixtures/smoke/macos.sh:26:31: warning: Prefer putting braces around variable references even when not strictly required. [SC2250]
packages/cua-driver/tests/fixtures/smoke/macos.sh:27:14: warning: Prefer putting braces around variable references even when not strictly required. [SC2250]
packages/cua-driver/tests/fixtures/smoke/macos.sh:28:14: warning: Prefer putting braces around variable references even when not strictly required. [SC2250]
packages/cua-driver/tests/fixtures/smoke/macos.sh:36:26: warning: Prefer putting braces around variable references even when not strictly required. [SC2250]
packages/cua-driver/tests/fixtures/smoke/macos.sh:36:34: warning: Prefer putting braces around variable references even when not strictly required. [SC2250]
packages/cua-driver/tests/fixtures/smoke/macos.sh:36:45: warning: Prefer putting braces around variable references even when not strictly required. [SC2250]
packages/cua-driver/tests/fixtures/smoke/macos.sh:36:58: warning: Prefer putting braces around variable references even when not strictly required. [SC2250]
packages/cua-driver/tests/fixtures/smoke/macos.sh:47:12: warning: Prefer putting braces around variable references even when not strictly required. [SC2250]
packages/cua-driver/tests/fixtures/smoke/macos.sh:47:27: warning: Prefer putting braces around variable references even when not strictly required. [SC2250]
packages/cua-driver/tests/fixtures/smoke/macos.sh:47:35: warning: Prefer putting braces around variable references even when not strictly required. [SC2250]
packages/cua-driver/tests/fixtures/smoke/macos.sh:52:14: warning: Prefer putting braces around variable references even when not strictly required. [SC2250]
packages/cua-driver/tests/fixtures/smoke/macos.sh:53:17: warning: Prefer putting braces around variable references even when not strictly required. [SC2250]
packages/cua-driver/tests/fixtures/smoke/macos.sh:56:11: warning: Prefer putting braces around variable references even when not strictly required. [SC2250]
packages/cua-driver/tests/fixtures/smoke/macos.sh:57:16: warning: Prefer putting braces around variable references even when not strictly required. [SC2250]
packages/cua-driver/tests/fixtures/smoke/macos.sh:57:34: warning: Prefer putting braces around variable references even when not strictly required. [SC2250]
packages/cua-driver/tests/fixtures/smoke/macos.sh:58:21: warning: Prefer putting braces around variable references even when not strictly required. [SC2250]
packages/cua-driver/tests/fixtures/smoke/macos.sh:58:64: warning: Prefer putting braces around variable references even when not strictly required. [SC2250]
packages/cua-driver/tests/fixtures/smoke/macos.sh:60:21: warning: Prefer putting braces around variable references even when not strictly required. [SC2250]
packages/cua-driver/tests/fixtures/smoke/macos.sh:60:55: warning: Prefer putting braces around variable references even when not strictly required. [SC2250]
packages/cua-driver/tests/fixtures/smoke/macos.sh:63:17: warning: Prefer putting braces around variable references even when not strictly required. [SC2250]
packages/cua-driver/tests/fixtures/smoke/macos.sh:63:37: warning: Prefer putting braces around variable references even when not strictly required. [SC2250]
packages/cua-driver/tests/fixtures/smoke/macos.sh:63:63: warning: Prefer putting braces around variable references even when not strictly required. [SC2250]
packages/cua-driver/tests/fixtures/smoke/macos.sh:69:15: warning: Prefer putting braces around variable references even when not strictly required. [SC2250]
packages/cua-driver/tests/fixtures/smoke/macos.sh:70:18: warning: Consider invoking this command separately to avoid masking its return value (or use '|| true' to ignore). [SC2312]
packages/cua-driver/tests/fixtures/smoke/macos.sh:70:19: warning: Prefer putting braces around variable references even when not strictly required. [SC2250]
packages/cua-driver/tests/fixtures/smoke/macos.sh:71:16: warning: Prefer putting braces around variable references even when not strictly required. [SC2250]
packages/cua-driver/tests/fixtures/smoke/macos.sh:72:15: warning: Consider invoking this command separately to avoid masking its return value (or use '|| true' to ignore). [SC2312]
packages/cua-driver/tests/fixtures/smoke/macos.sh:75:13: warning: Prefer putting braces around variable references even when not strictly required. [SC2250]
packages/cua-driver/tests/fixtures/smoke/macos.sh:76:49: warning: Prefer putting braces around variable references even when not strictly required. [SC2250]
packages/cua-driver/tests/fixtures/smoke/macos.sh:81:13: warning: Prefer putting braces around variable references even when not strictly required. [SC2250]
packages/cua-driver/tests/fixtures/smoke/macos.sh:82:46: warning: Prefer putting braces around variable references even when not strictly required. [SC2250]
packages/cua-driver/tests/fixtures/smoke/macos.sh:89:2: warning: Prefer putting braces around variable references even when not strictly required. [SC2250]
packages/cua-driver/tests/fixtures/smoke/macos.sh:93:21: warning: Prefer putting braces around variable references even when not strictly required. [SC2250]
packages/cua-driver/tests/fixtures/smoke/macos.sh:96:13: warning: Prefer putting braces around variable references even when not strictly required. [SC2250]
packages/cua-driver/tests/fixtures/smoke/macos.sh:96:50: warning: Prefer putting braces around variable references even when not strictly required. [SC2250]
packages/cua-driver/tests/fixtures/smoke/macos.sh:97:23: warning: Prefer putting braces around variable references even when not strictly required. [SC2250]
packages/cua-driver/tests/fixtures/smoke/macos.sh:101:22: warning: Prefer putting braces around variable references even when not strictly required. [SC2250]
packages/cua-driver/tests/fixtures/smoke/macos.sh:103:19: warning: Prefer putting braces around variable references even when not strictly required. [SC2250]
packages/cua-driver/tests/fixtures/smoke/macos.sh:105:40: warning: Prefer putting braces around variable references even when not strictly required. [SC2250]
packages/cua-driver/tests/fixtures/smoke/macos.sh:112:15: warning: Prefer putting braces around variable references even when not strictly required. [SC2250]
packages/cua-driver/tests/fixtures/smoke/macos.sh:114:49: warning: Prefer putting braces around variable references even when not strictly required. [SC2250]
packages/cua-driver/tests/fixtures/smoke/macos.sh:120:51: warning: Prefer putting braces around variable references even when not strictly required. [SC2250]
packages/cua-driver/tests/fixtures/smoke/macos.sh:121:49: warning: Prefer putting braces around variable references even when not strictly required. [SC2250]
packages/cua-driver/tests/fixtures/smoke/macos.sh:122:50: warning: Prefer putting braces around variable references even when not strictly required. [SC2250]
packages/cua-driver/tests/fixtures/smoke/macos.sh:131:22: warning: Prefer putting braces around variable references even when not strictly required. [SC2250]
packages/cua-driver/tests/fixtures/smoke/macos.sh:132:8: warning: Prefer putting braces around variable references even when not strictly required. [SC2250]
packages/cua-driver/tests/fixtures/smoke/macos.sh:133:33: warning: Prefer putting braces around variable references even when not strictly required. [SC2250]
packages/cua-driver/tests/fixtures/smoke/macos.sh:140:50: warning: Prefer putting braces around variable references even when not strictly required. [SC2250]
packages/cua-driver/tests/fixtures/smoke/macos.sh:140:67: warning: Prefer putting braces around variable references even when not strictly required. [SC2250]
packages/cua-driver/tests/fixtures/smoke/macos.sh:141:11: warning: Prefer putting braces around variable references even when not strictly required. [SC2250]
packages/cua-driver/tests/fixtures/smoke/macos.sh:146:41: warning: Prefer putting braces around variable references even when not strictly required. [SC2250]
packages/cua-driver/tests/fixtures/smoke/macos.sh:146:68: warning: Prefer putting braces around variable references even when not strictly required. [SC2250]
packages/cua-driver/tests/fixtures/smoke/macos.sh:147:47: warning: Prefer putting braces around variable references even when not strictly required. [SC2250]
packages/cua-driver/tests/fixtures/smoke/macos.sh:148:29: warning: Prefer putting braces around variable references even when not strictly required. [SC2250]
packages/cua-driver/tests/fixtures/smoke/macos.sh:148:56: warning: Prefer putting braces around variable references even when not strictly required. [SC2250]
packages/cua-driver/tests/fixtures/smoke/macos.sh:155:11: warning: Prefer putting braces around variable references even when not strictly required. [SC2250]
packages/cua-driver/tests/fixtures/smoke/macos.sh:157:17: warning: Prefer putting braces around variable references even when not strictly required. [SC2250]
packages/cua-driver/tests/fixtures/smoke/macos.sh:162:41: warning: Prefer putting braces around variable references even when not strictly required. [SC2250]
packages/cua-driver/tests/fixtures/smoke/macos.sh:162:68: warning: Prefer putting braces around variable references even when not strictly required. [SC2250]
packages/cua-driver/tests/fixtures/smoke/macos.sh:163:41: warning: Prefer putting braces around variable references even when not strictly required. [SC2250]
packages/cua-driver/tests/fixtures/smoke/macos.sh:163:68: warning: Prefer putting braces around variable references even when not strictly required. [SC2250]
packages/cua-driver/tests/fixtures/smoke/macos.sh:164:41: warning: Prefer putting braces around variable references even when not strictly required. [SC2250]
packages/cua-driver/tests/fixtures/smoke/macos.sh:164:68: warning: Prefer putting braces around variable references even when not strictly required. [SC2250]
packages/cua-driver/tests/fixtures/smoke/macos.sh:165:41: warning: Prefer putting braces around variable references even when not strictly required. [SC2250]
packages/cua-driver/tests/fixtures/smoke/macos.sh:165:68: warning: Prefer putting braces around variable references even when not strictly required. [SC2250]
packages/cua-driver/tests/fixtures/smoke/macos.sh:166:41: warning: Prefer putting braces around variable references even when not strictly required. [SC2250]
packages/cua-driver/tests/fixtures/smoke/macos.sh:166:68: warning: Prefer putting braces around variable references even when not strictly required. [SC2250]
packages/cua-driver/tests/fixtures/smoke/macos.sh:167:41: warning: Prefer putting braces around variable references even when not strictly required. [SC2250]
packages/cua-driver/tests/fixtures/smoke/macos.sh:167:68: warning: Prefer putting braces around variable references even when not strictly required. [SC2250]
packages/cua-driver/tests/fixtures/smoke/macos.sh:168:41: warning: Prefer putting braces around variable references even when not strictly required. [SC2250]
packages/cua-driver/tests/fixtures/smoke/macos.sh:168:68: warning: Prefer putting braces around variable references even when not strictly required. [SC2250]
packages/cua-driver/tests/fixtures/smoke/macos.sh:169:41: warning: Prefer putting braces around variable references even when not strictly required. [SC2250]
packages/cua-driver/tests/fixtures/smoke/macos.sh:169:68: warning: Prefer putting braces around variable references even when not strictly required. [SC2250]
packages/cua-driver/tests/fixtures/smoke/macos.sh:170:41: warning: Prefer putting braces around variable references even when not strictly required. [SC2250]
packages/cua-driver/tests/fixtures/smoke/macos.sh:170:68: warning: Prefer putting braces around variable references even when not strictly required. [SC2250]
packages/cua-driver/tests/fixtures/smoke/macos.sh:188:9: warning: Prefer double quoting even when variables don't contain special characters. [SC2248]
packages/cua-driver/tests/fixtures/smoke/macos.sh:188:9: warning: Prefer putting braces around variable references even when not strictly required. [SC2250]
packages/cua-driver/tests/fixtures/smoke/macos.sh:199:1: warning: Consider invoking this command separately to avoid masking its return value (or use '|| true' to ignore). [SC2312]
packages/cua-driver/tests/fixtures/smoke/macos.sh:199:24: warning: Consider invoking this command separately to avoid masking its return value (or use '|| true' to ignore). [SC2312]
packages/cua-driver/tests/fixtures/smoke/macos.sh:202:4: warning: Prefer putting braces around variable references even when not strictly required. [SC2250]
packages/cua-driver/tests/fixtures/smoke/macos.sh:203:31: warning: Prefer putting braces around variable references even when not strictly required. [SC2250]
packages/cua-driver/tests/fixtures/smoke/macos.sh:203:39: warning: Prefer putting braces around variable references even when not strictly required. [SC2250]
packages/cua-driver/tests/fixtures/smoke/macos.sh:203:65: warning: Prefer putting braces around variable references even when not strictly required. [SC2250]
packages/cua-driver/tests/fixtures/smoke/macos.sh:203:76: warning: Consider invoking this command separately to avoid masking its return value (or use '|| true' to ignore). [SC2312]
packages/cua-driver/tests/fixtures/smoke/macos.sh:206:37: warning: Prefer putting braces around variable references even when not strictly required. [SC2250]
packages/cua-driver/tests/fixtures/smoke/macos.sh:207:37: warning: Prefer putting braces around variable references even when not strictly required. [SC2250]
packages/cua-driver/tests/fixtures/smoke/macos.sh:208:37: warning: Prefer putting braces around variable references even when not strictly required. [SC2250]
packages/cua-driver/tests/fixtures/smoke/macos.sh:211:21: warning: Prefer putting braces around variable references even when not strictly required. [SC2250]
packages/cua-driver/tests/fixtures/smoke/macos.sh:211:36: warning: Prefer putting braces around variable references even when not strictly required. [SC2250]
packages/cua-driver/tests/fixtures/smoke/macos.sh:211:50: warning: Prefer putting braces around variable references even when not strictly required. [SC2250]
packages/cua-driver/tests/fixtures/smoke/macos.sh:211:64: warning: Prefer putting braces around variable references even when not strictly required. [SC2250]
packages/cua-driver/tests/fixtures/smoke/macos.sh:218:5: warning: Prefer putting braces around variable references even when not strictly required. [SC2250]
packages/cua-driver/tests/runners/macos-lume/run-all.sh:9:1: warning: RUST_ROOT appears unused. Verify use (or export if used externally). [SC2034]
packages/cua-driver/tests/runners/macos-lume/run-all.sh:89:9: warning: Consider adding a default *) case, even if it just exits with error. [SC2249]
packages/cua-driver/tests/runners/macos-lume/run-all.sh:200:19: warning: Consider invoking this command separately to avoid masking its return value (or use '|| true' to ignore). [SC2312]
packages/cua-driver/tests/runners/macos-lume/run-all.sh:261:8: warning: Consider invoking this command separately to avoid masking its return value (or use '|| true' to ignore). [SC2312]
packages/cua-driver/tests/runners/macos-lume/run-all.sh:265:10: warning: Consider invoking this command separately to avoid masking its return value (or use '|| true' to ignore). [SC2312]
packages/cua-driver/tests/runners/macos-lume/run-all.sh:271:12: warning: Consider invoking this command separately to avoid masking its return value (or use '|| true' to ignore). [SC2312]
packages/cua-driver/tests/runners/macos-lume/run-all.sh:328:31: warning: Consider invoking this command separately to avoid masking its return value (or use '|| true' to ignore). [SC2312]
packages/cua-driver/tests/runners/macos-lume/run-all.sh:430:42: warning: Consider invoking this command separately to avoid masking its return value (or use '|| true' to ignore). [SC2312]
packages/cua-driver/tests/runners/macos-lume/run-all.sh:533:19: warning: Consider invoking this command separately to avoid masking its return value (or use '|| true' to ignore). [SC2312]
packages/cua-driver/tests/runners/macos-lume/run-all.sh:552:15: warning: Expressions don't expand in single quotes, use double quotes for that. [SC2016]
packages/cua-driver/tests/runners/macos-lume/run-all.sh:554:14: warning: Expressions don't expand in single quotes, use double quotes for that. [SC2016]
packages/cua-driver/tests/runners/macos-lume/run-all.sh:556:12: warning: Expressions don't expand in single quotes, use double quotes for that. [SC2016]
packages/cua-driver/tests/runners/macos-lume/run-all.sh:561:17: warning: Expressions don't expand in single quotes, use double quotes for that. [SC2016]
packages/cua-driver/tests/runners/macos-lume/run-all.sh:565:10: warning: Consider invoking this command separately to avoid masking its return value (or use '|| true' to ignore). [SC2312]
packages/cua-driver/tests/runners/macos-lume/run-all.sh:615:7: warning: Consider invoking this command separately to avoid masking its return value (or use '|| true' to ignore). [SC2312]
packages/cua-driver/tests/runners/macos-lume/run-all.sh:630:24: warning: Consider invoking this command separately to avoid masking its return value (or use '|| true' to ignore). [SC2312]
packages/cua-driver/tests/runners/macos-lume/run-all.sh:669:15: warning: Consider invoking this command separately to avoid masking its return value (or use '|| true' to ignore). [SC2312]
packages/cua-driver/tests/runners/macos-lume/run-all.sh:697:28: warning: Consider invoking this command separately to avoid masking its return value (or use '|| true' to ignore). [SC2312]
packages/cua-driver/tests/runners/macos-lume/run-all.sh:698:27: warning: Consider invoking this command separately to avoid masking its return value (or use '|| true' to ignore). [SC2312]
packages/cua-driver/tests/runners/macos-lume/run-all.sh:699:35: warning: Consider invoking this command separately to avoid masking its return value (or use '|| true' to ignore). [SC2312]
packages/cua-driver/tests/runners/macos-lume/run-all.sh:801:32: warning: Consider invoking this command separately to avoid masking its return value (or use '|| true' to ignore). [SC2312]
packages/cua-driver/tests/runners/macos-lume/run-all.sh:824:19: warning: Consider invoking this command separately to avoid masking its return value (or use '|| true' to ignore). [SC2312]
packages/cua-driver/tests/runners/macos-lume/run-rust-e2e.sh:112:35: warning: Consider invoking this command separately to avoid masking its return value (or use '|| true' to ignore). [SC2312]
packages/cua-driver/tests/runners/macos-lume/run-rust-e2e.sh:113:32: warning: Consider invoking this command separately to avoid masking its return value (or use '|| true' to ignore). [SC2312]
packages/cua-driver/tests/runners/macos-lume/run-rust-e2e.sh:114:24: warning: Consider invoking this command separately to avoid masking its return value (or use '|| true' to ignore). [SC2312]
packages/cua-driver/tests/runners/macos-lume/run-rust-e2e.sh:115:33: warning: Consider invoking this command separately to avoid masking its return value (or use '|| true' to ignore). [SC2312]
packages/cua-driver/tests/runners/macos-lume/run-rust-e2e.sh:155:7: warning: Prefer putting braces around variable references even when not strictly required. [SC2250]
packages/cua-driver/tests/runners/macos-lume/run-rust-e2e.sh:157:39: warning: Prefer putting braces around variable references even when not strictly required. [SC2250]
packages/cua-driver/tests/runners/macos-lume/run-rust-e2e.sh:162:15: warning: Consider invoking this command separately to avoid masking its return value (or use '|| true' to ignore). [SC2312]
packages/cua-driver/tests/runners/macos-lume/run-rust-e2e.sh:371:10: warning: Consider invoking this command separately to avoid masking its return value (or use '|| true' to ignore). [SC2312]
packages/cua-driver/tests/runners/macos-lume/run-rust-e2e.sh:384:10: warning: Consider invoking this command separately to avoid masking its return value (or use '|| true' to ignore). [SC2312]
packages/cua-driver/tests/runners/macos-lume/run-rust-e2e.sh:391:10: warning: Consider invoking this command separately to avoid masking its return value (or use '|| true' to ignore). [SC2312]
packages/cua-driver/wayland-helper/install.sh:8:37: warning: Prefer putting braces around variable references even when not strictly required. [SC2250]
packages/cua-driver/wayland-helper/install.sh:9:24: warning: Prefer putting braces around variable references even when not strictly required. [SC2250]
packages/cua-driver/wayland-helper/install.sh:9:67: warning: Prefer putting braces around variable references even when not strictly required. [SC2250]
packages/cua-driver/wayland-helper/install.sh:10:11: warning: Prefer putting braces around variable references even when not strictly required. [SC2250]
packages/cua-driver/wayland-helper/install.sh:11:8: warning: Prefer putting braces around variable references even when not strictly required. [SC2250]
packages/cua-driver/wayland-helper/install.sh:11:29: warning: Prefer putting braces around variable references even when not strictly required. [SC2250]
packages/cua-driver/wayland-helper/install.sh:11:49: warning: Prefer putting braces around variable references even when not strictly required. [SC2250]
packages/cua-driver/wayland-helper/install.sh:14:12: warning: Prefer putting braces around variable references even when not strictly required. [SC2250]
packages/cua-driver/wayland-helper/install.sh:14:19: warning: Prefer putting braces around variable references even when not strictly required. [SC2250]
packages/cua-driver/wayland-helper/install.sh:23:17: warning: Prefer putting braces around variable references even when not strictly required. [SC2250]
packages/cua-driver/wayland-helper/install.sh:23:26: warning: Prefer putting braces around variable references even when not strictly required. [SC2250]
packages/cua-driver/wayland-helper/install.sh:25:67: warning: Prefer putting braces around variable references even when not strictly required. [SC2250]
packages/mobile-mcp/scripts/sync-from-upstream.sh:26:5: warning: Prefer putting braces around variable references even when not strictly required. [SC2250]
packages/mobile-mcp/scripts/sync-from-upstream.sh:31:18: warning: Prefer putting braces around variable references even when not strictly required. [SC2250]
packages/mobile-mcp/scripts/sync-from-upstream.sh:35:12: warning: Prefer putting braces around variable references even when not strictly required. [SC2250]
packages/mobile-mcp/scripts/sync-from-upstream.sh:38:28: warning: Prefer putting braces around variable references even when not strictly required. [SC2250]
packages/mobile-mcp/scripts/sync-from-upstream.sh:38:38: warning: Prefer putting braces around variable references even when not strictly required. [SC2250]
packages/mobile-mcp/scripts/sync-from-upstream.sh:38:48: warning: Prefer putting braces around variable references even when not strictly required. [SC2250]
packages/mobile-mcp/scripts/sync-from-upstream.sh:43:7: warning: Prefer putting braces around variable references even when not strictly required. [SC2250]
packages/mobile-shell/gradlew:75:11: warning: Prefer putting braces around variable references even when not strictly required. [SC2250]
packages/mobile-shell/gradlew:77:19: warning: Prefer putting braces around variable references even when not strictly required. [SC2250]
packages/mobile-shell/gradlew:79:10: warning: Prefer putting braces around variable references even when not strictly required. [SC2250]
packages/mobile-shell/gradlew:80:22: warning: Prefer putting braces around variable references even when not strictly required. [SC2250]
packages/mobile-shell/gradlew:81:22: warning: Prefer putting braces around variable references even when not strictly required. [SC2250]
packages/mobile-shell/gradlew:81:31: warning: Prefer putting braces around variable references even when not strictly required. [SC2250]
packages/mobile-shell/gradlew:89:67: warning: Prefer putting braces around variable references even when not strictly required. [SC2250]
packages/mobile-shell/gradlew:110:1: warning: Consider adding a default *) case, even if it just exits with error. [SC2249]
packages/mobile-shell/gradlew:117:11: warning: Prefer putting braces around variable references even when not strictly required. [SC2250]
packages/mobile-shell/gradlew:121:10: warning: Prefer putting braces around variable references even when not strictly required. [SC2250]
packages/mobile-shell/gradlew:122:14: warning: Prefer putting braces around variable references even when not strictly required. [SC2250]
packages/mobile-shell/gradlew:124:17: warning: Prefer putting braces around variable references even when not strictly required. [SC2250]
packages/mobile-shell/gradlew:126:17: warning: Prefer putting braces around variable references even when not strictly required. [SC2250]
packages/mobile-shell/gradlew:128:16: warning: Prefer putting braces around variable references even when not strictly required. [SC2250]
packages/mobile-shell/gradlew:129:63: warning: Prefer putting braces around variable references even when not strictly required. [SC2250]
packages/mobile-shell/gradlew:146:7: warning: Prefer putting braces around variable references even when not strictly required. [SC2250]
packages/mobile-shell/gradlew:146:22: warning: Prefer putting braces around variable references even when not strictly required. [SC2250]
packages/mobile-shell/gradlew:146:37: warning: Prefer putting braces around variable references even when not strictly required. [SC2250]
packages/mobile-shell/gradlew:147:5: warning: Consider adding a default *) case, even if it just exits with error. [SC2249]
packages/mobile-shell/gradlew:147:10: warning: Prefer putting braces around variable references even when not strictly required. [SC2250]
packages/mobile-shell/gradlew:154:10: warning: Prefer putting braces around variable references even when not strictly required. [SC2250]
packages/mobile-shell/gradlew:159:20: warning: Prefer putting braces around variable references even when not strictly required. [SC2250]
packages/mobile-shell/gradlew:160:66: warning: Prefer putting braces around variable references even when not strictly required. [SC2250]
packages/mobile-shell/gradlew:173:5: warning: Prefer putting braces around variable references even when not strictly required. [SC2250]
packages/mobile-shell/gradlew:173:18: warning: Prefer putting braces around variable references even when not strictly required. [SC2250]
packages/mobile-shell/gradlew:174:41: warning: Prefer putting braces around variable references even when not strictly required. [SC2250]
packages/mobile-shell/gradlew:175:42: warning: Prefer putting braces around variable references even when not strictly required. [SC2250]
packages/mobile-shell/gradlew:177:32: warning: Prefer putting braces around variable references even when not strictly required. [SC2250]
packages/mobile-shell/gradlew:182:18: warning: Prefer putting braces around variable references even when not strictly required. [SC2250]
packages/mobile-shell/gradlew:185:27: warning: Prefer putting braces around variable references even when not strictly required. [SC2250]
packages/mobile-shell/gradlew:189:53: warning: Prefer putting braces around variable references even when not strictly required. [SC2250]
packages/mobile-shell/gradlew:199:22: warning: Prefer putting braces around variable references even when not strictly required. [SC2250]
packages/mobile-shell/gradlew:214:31: warning: Prefer putting braces around variable references even when not strictly required. [SC2250]
packages/mobile-shell/gradlew:215:21: warning: Prefer putting braces around variable references even when not strictly required. [SC2250]
packages/mobile-shell/gradlew:245:24: warning: Prefer putting braces around variable references even when not strictly required. [SC2250]
packages/mobile-shell/gradlew:245:42: warning: JAVA_OPTS is referenced but not assigned. [SC2154]
packages/mobile-shell/gradlew:245:42: warning: Prefer putting braces around variable references even when not strictly required. [SC2250]
packages/mobile-shell/gradlew:245:53: warning: GRADLE_OPTS is referenced but not assigned. [SC2154]
packages/mobile-shell/gradlew:245:53: warning: Prefer putting braces around variable references even when not strictly required. [SC2250]
packages/mobile-shell/gradlew:246:9: warning: Consider invoking this command separately to avoid masking its return value (or use '|| true' to ignore). [SC2312]
packages/mobile-shell/gradlew:247:9: warning: Consider invoking this command separately to avoid masking its return value (or use '|| true' to ignore). [SC2312]
packages/mobile-shell/gradlew:248:9: warning: Consider invoking this command separately to avoid masking its return value (or use '|| true' to ignore). [SC2312]
packages/mobile-shell/gradlew:251:7: warning: Prefer putting braces around variable references even when not strictly required. [SC2250]
scripts/installation/install-qwen-standalone.sh:11:4: warning: Prefer [[ ]] over [ ] for tests in Bash/Ksh/Busybox. [SC2292]
scripts/installation/install-qwen-standalone.sh:11:32: warning: Prefer [[ ]] over [ ] for tests in Bash/Ksh/Busybox. [SC2292]
scripts/installation/install-qwen-standalone.sh:13:12: warning: Prefer [[ ]] over [ ] for tests in Bash/Ksh/Busybox. [SC2292]
scripts/installation/install-qwen-standalone.sh:44:5: warning: BRAND_BLUE appears unused. Verify use (or export if used externally). [SC2034]
scripts/installation/install-qwen-standalone.sh:69:5: warning: Prefer [[ ]] over [ ] for tests in Bash/Ksh/Busybox. [SC2292]
scripts/installation/install-qwen-standalone.sh:75:5: warning: Prefer [[ ]] over [ ] for tests in Bash/Ksh/Busybox. [SC2292]
scripts/installation/install-qwen-standalone.sh:75:8: warning: Prefer putting braces around variable references even when not strictly required. [SC2250]
scripts/installation/install-qwen-standalone.sh:78:5: warning: Prefer [[ ]] over [ ] for tests in Bash/Ksh/Busybox. [SC2292]
scripts/installation/install-qwen-standalone.sh:78:8: warning: Prefer putting braces around variable references even when not strictly required. [SC2250]
scripts/installation/install-qwen-standalone.sh:81:11: warning: Declare and assign separately to avoid masking return values. [SC2155]
scripts/installation/install-qwen-standalone.sh:81:34: warning: Prefer putting braces around variable references even when not strictly required. [SC2250]
scripts/installation/install-qwen-standalone.sh:83:11: warning: Declare and assign separately to avoid masking return values. [SC2155]
scripts/installation/install-qwen-standalone.sh:83:33: warning: Prefer putting braces around variable references even when not strictly required. [SC2250]
scripts/installation/install-qwen-standalone.sh:85:48: warning: Prefer putting braces around variable references even when not strictly required. [SC2250]
scripts/installation/install-qwen-standalone.sh:85:58: warning: Prefer putting braces around variable references even when not strictly required. [SC2250]
scripts/installation/install-qwen-standalone.sh:85:67: warning: Prefer putting braces around variable references even when not strictly required. [SC2250]
scripts/installation/install-qwen-standalone.sh:128:41: warning: Consider invoking this command separately to avoid masking its return value (or use '|| true' to ignore). [SC2312]
scripts/installation/install-qwen-standalone.sh:245:5: warning: Consider adding a default *) case, even if it just exits with error. [SC2249]
scripts/installation/install-qwen-standalone.sh:371:43: warning: Consider invoking this command separately to avoid masking its return value (or use '|| true' to ignore). [SC2312]
scripts/installation/install-qwen-standalone.sh:793:31: warning: Prefer putting braces around variable references even when not strictly required. [SC2250]
scripts/installation/install-qwen-standalone.sh:793:38: warning: Prefer putting braces around variable references even when not strictly required. [SC2250]
scripts/installation/install-qwen-standalone.sh:801:31: warning: Prefer putting braces around variable references even when not strictly required. [SC2250]
scripts/installation/install-qwen-standalone.sh:801:38: warning: Prefer putting braces around variable references even when not strictly required. [SC2250]
scripts/installation/install-qwen-standalone.sh:833:11: warning: Prefer putting braces around variable references even when not strictly required. [SC2250]
scripts/installation/install-qwen-standalone.sh:838:12: warning: Prefer double quoting even when variables don't contain special characters. [SC2248]
scripts/installation/install-qwen-standalone.sh:838:12: warning: Prefer putting braces around variable references even when not strictly required. [SC2250]
scripts/installation/install-qwen-standalone.sh:972:5: warning: Consider adding a default *) case, even if it just exits with error. [SC2249]
scripts/installation/install-qwen-standalone.sh:979:5: warning: Consider adding a default *) case, even if it just exits with error. [SC2249]
scripts/installation/install-qwen-standalone.sh:1092:11: warning: Declare and assign separately to avoid masking return values. [SC2155]
scripts/installation/install-qwen-standalone.sh:1411:5: warning: Prefer [[ ]] over [ ] for tests in Bash/Ksh/Busybox. [SC2292]
scripts/installation/install-qwen-standalone.sh:1411:8: warning: Prefer putting braces around variable references even when not strictly required. [SC2250]
scripts/installation/install-qwen-standalone.sh:1418:11: warning: Prefer [[ ]] over [ ] for tests in Bash/Ksh/Busybox. [SC2292]
scripts/installation/install-qwen-standalone.sh:1418:13: warning: Prefer double quoting even when variables don't contain special characters. [SC2248]
scripts/installation/install-qwen-standalone.sh:1418:13: warning: Prefer putting braces around variable references even when not strictly required. [SC2250]
scripts/installation/install-qwen-standalone.sh:1418:20: warning: Double quote to prevent globbing and word splitting. [SC2086]
scripts/installation/install-qwen-standalone.sh:1418:20: warning: Prefer putting braces around variable references even when not strictly required. [SC2250]
scripts/installation/install-qwen-standalone.sh:1419:28: warning: Prefer putting braces around variable references even when not strictly required. [SC2250]
scripts/installation/install-qwen-standalone.sh:1421:12: warning: Prefer [[ ]] over [ ] for tests in Bash/Ksh/Busybox. [SC2292]
scripts/installation/install-qwen-standalone.sh:1421:14: warning: Prefer double quoting even when variables don't contain special characters. [SC2248]
scripts/installation/install-qwen-standalone.sh:1421:14: warning: Prefer putting braces around variable references even when not strictly required. [SC2250]
scripts/installation/install-qwen-standalone.sh:1421:21: warning: Prefer double quoting even when variables don't contain special characters. [SC2248]
scripts/installation/install-qwen-standalone.sh:1421:21: warning: Prefer putting braces around variable references even when not strictly required. [SC2250]
scripts/installation/install-qwen-standalone.sh:1432:12: warning: Prefer [[ ]] over [ ] for tests in Bash/Ksh/Busybox. [SC2292]
scripts/installation/install-qwen-standalone.sh:1432:15: warning: Prefer putting braces around variable references even when not strictly required. [SC2250]
scripts/installation/install-qwen-standalone.sh:1435:45: warning: Prefer putting braces around variable references even when not strictly required. [SC2250]
scripts/installation/install-qwen-standalone.sh:1435:50: warning: Prefer putting braces around variable references even when not strictly required. [SC2250]
scripts/installation/install-qwen-standalone.sh:1435:55: warning: Prefer putting braces around variable references even when not strictly required. [SC2250]
scripts/installation/install-qwen-standalone.sh:1435:60: warning: Prefer putting braces around variable references even when not strictly required. [SC2250]
scripts/installation/install-qwen-standalone.sh:1456:11: warning: install_method appears unused. Verify use (or export if used externally). [SC2034]
scripts/installation/install-qwen-standalone.sh:1458:11: warning: standalone_uninstall_url appears unused. Verify use (or export if used externally). [SC2034]
scripts/installation/install-qwen-standalone.sh:1563:24: warning: Prefer putting braces around variable references even when not strictly required. [SC2250]
scripts/installation/install-qwen-standalone.sh:1593:5: warning: Consider adding a default *) case, even if it just exits with error. [SC2249]
scripts/installation/install-qwen-standalone.sh:1600:41: warning: Consider invoking this command separately to avoid masking its return value (or use '|| true' to ignore). [SC2312]
scripts/installation/install-qwen-standalone.sh:1600:65: warning: Consider invoking this command separately to avoid masking its return value (or use '|| true' to ignore). [SC2312]
scripts/installation/install-qwen-standalone.sh:1610:53: warning: Consider invoking this command separately to avoid masking its return value (or use '|| true' to ignore). [SC2312]
scripts/installation/install-qwen-standalone.sh:1610:77: warning: Consider invoking this command separately to avoid masking its return value (or use '|| true' to ignore). [SC2312]
scripts/installation/install-qwen-with-source.sh:11:4: warning: Prefer [[ ]] over [ ] for tests in Bash/Ksh/Busybox. [SC2292]
scripts/installation/install-qwen-with-source.sh:11:32: warning: Prefer [[ ]] over [ ] for tests in Bash/Ksh/Busybox. [SC2292]
scripts/installation/install-qwen-with-source.sh:13:12: warning: Prefer [[ ]] over [ ] for tests in Bash/Ksh/Busybox. [SC2292]
scripts/installation/install-qwen-with-source.sh:71:41: warning: Consider invoking this command separately to avoid masking its return value (or use '|| true' to ignore). [SC2312]
scripts/installation/install-qwen-with-source.sh:173:5: warning: Consider adding a default *) case, even if it just exits with error. [SC2249]
scripts/installation/install-qwen-with-source.sh:297:25: warning: Consider invoking this command separately to avoid masking its return value (or use '|| true' to ignore). [SC2312]
scripts/installation/install-qwen-with-source.sh:371:28: warning: Consider invoking this command separately to avoid masking its return value (or use '|| true' to ignore). [SC2312]
scripts/installation/install-qwen-with-source.sh:619:5: warning: Consider adding a default *) case, even if it just exits with error. [SC2249]
scripts/installation/install-qwen-with-source.sh:965:5: warning: Consider adding a default *) case, even if it just exits with error. [SC2249]
scripts/installation/install-qwen-with-source.sh:972:41: warning: Consider invoking this command separately to avoid masking its return value (or use '|| true' to ignore). [SC2312]
scripts/installation/install-qwen-with-source.sh:983:53: warning: Consider invoking this command separately to avoid masking its return value (or use '|| true' to ignore). [SC2312]
scripts/installation/uninstall-qwen-standalone.sh:6:4: warning: Prefer [[ ]] over [ ] for tests in Bash/Ksh/Busybox. [SC2292]
scripts/installation/uninstall-qwen-standalone.sh:6:32: warning: Prefer [[ ]] over [ ] for tests in Bash/Ksh/Busybox. [SC2292]
scripts/installation/uninstall-qwen-standalone.sh:8:12: warning: Prefer [[ ]] over [ ] for tests in Bash/Ksh/Busybox. [SC2292]
scripts/installation/uninstall-qwen-standalone.sh:109:5: warning: Consider adding a default *) case, even if it just exits with error. [SC2249]
scripts/installation/uninstall-qwen-standalone.sh:142:41: warning: Consider invoking this command separately to avoid masking its return value (or use '|| true' to ignore). [SC2312]
scripts/installation/uninstall-qwen-standalone.sh:254:41: warning: Note that A && B || C is not if-then-else. C may run when A is true. [SC2015]
scripts/pty-e2e.sh:11:31: warning: Prefer putting braces around variable references even when not strictly required. [SC2250]
scripts/pty-e2e.sh:12:8: warning: Prefer putting braces around variable references even when not strictly required. [SC2250]
scripts/pty-e2e.sh:13:13: warning: Prefer putting braces around variable references even when not strictly required. [SC2250]
scripts/pty-e2e.sh:14:13: warning: Prefer putting braces around variable references even when not strictly required. [SC2250]
scripts/pty-e2e.sh:17:7: warning: Prefer putting braces around variable references even when not strictly required. [SC2250]
scripts/pty-e2e.sh:20:7: warning: Prefer putting braces around variable references even when not strictly required. [SC2250]
scripts/pty-e2e.sh:25:9: warning: Prefer putting braces around variable references even when not strictly required. [SC2250]
scripts/pty-e2e.sh:26:51: warning: Prefer putting braces around variable references even when not strictly required. [SC2250]
scripts/pty-e2e.sh:26:72: warning: Prefer putting braces around variable references even when not strictly required. [SC2250]
scripts/pty-e2e.sh:27:58: warning: Prefer putting braces around variable references even when not strictly required. [SC2250]
scripts/sign-release.sh:42:29: warning: Consider invoking this command separately to avoid masking its return value (or use '|| true' to ignore). [SC2312]
scripts/test-rewind-e2e.sh:26:20: warning: Prefer putting braces around variable references even when not strictly required. [SC2250]
scripts/test-rewind-e2e.sh:27:9: warning: Prefer putting braces around variable references even when not strictly required. [SC2250]
scripts/test-rewind-e2e.sh:45:25: warning: Prefer putting braces around variable references even when not strictly required. [SC2250]
scripts/test-rewind-e2e.sh:46:11: warning: Prefer putting braces around variable references even when not strictly required. [SC2250]
scripts/test-rewind-e2e.sh:56:27: warning: Prefer putting braces around variable references even when not strictly required. [SC2250]
scripts/test-rewind-e2e.sh:57:10: warning: Prefer putting braces around variable references even when not strictly required. [SC2250]
scripts/test-rewind-e2e.sh:57:29: warning: Prefer putting braces around variable references even when not strictly required. [SC2250]
scripts/test-rewind-e2e.sh:57:62: warning: Prefer putting braces around variable references even when not strictly required. [SC2250]
scripts/test-rewind-e2e.sh:62:25: warning: Prefer putting braces around variable references even when not strictly required. [SC2250]
scripts/test-rewind-e2e.sh:68:25: warning: Prefer putting braces around variable references even when not strictly required. [SC2250]
scripts/test-rewind-e2e.sh:73:25: warning: Prefer putting braces around variable references even when not strictly required. [SC2250]
scripts/test-rewind-e2e.sh:78:22: warning: Prefer putting braces around variable references even when not strictly required. [SC2250]
scripts/test-rewind-e2e.sh:80:22: warning: Prefer putting braces around variable references even when not strictly required. [SC2250]
scripts/test-rewind-e2e.sh:84:22: warning: Prefer putting braces around variable references even when not strictly required. [SC2250]
scripts/test-rewind-e2e.sh:89:23: warning: Prefer putting braces around variable references even when not strictly required. [SC2250]
scripts/test-rewind-e2e.sh:92:9: warning: Prefer [[ ]] over [ ] for tests in Bash/Ksh/Busybox. [SC2292]
scripts/test-rewind-e2e.sh:92:11: warning: Prefer double quoting even when variables don't contain special characters. [SC2248]
scripts/test-rewind-e2e.sh:92:11: warning: Prefer putting braces around variable references even when not strictly required. [SC2250]
scripts/test-rewind-e2e.sh:92:25: warning: Prefer putting braces around variable references even when not strictly required. [SC2250]
scripts/test-rewind-e2e.sh:111:23: warning: Prefer putting braces around variable references even when not strictly required. [SC2250]
scripts/test-rewind-e2e.sh:116:9: warning: Prefer [[ ]] over [ ] for tests in Bash/Ksh/Busybox. [SC2292]
scripts/test-rewind-e2e.sh:116:11: warning: Prefer double quoting even when variables don't contain special characters. [SC2248]
scripts/test-rewind-e2e.sh:116:11: warning: Prefer putting braces around variable references even when not strictly required. [SC2250]
scripts/test-rewind-e2e.sh:116:25: warning: Prefer putting braces around variable references even when not strictly required. [SC2250]
scripts/test-rewind-e2e.sh:121:16: warning: Prefer putting braces around variable references even when not strictly required. [SC2250]
scripts/test-rewind-e2e.sh:130:14: warning: Prefer putting braces around variable references even when not strictly required. [SC2250]
scripts/test-rewind-e2e.sh:140:21: warning: Prefer putting braces around variable references even when not strictly required. [SC2250]
scripts/test-rewind-e2e.sh:141:8: warning: Prefer [[ ]] over [ ] for tests in Bash/Ksh/Busybox. [SC2292]
scripts/test-rewind-e2e.sh:141:11: warning: Prefer putting braces around variable references even when not strictly required. [SC2250]
scripts/test-rewind-e2e.sh:141:24: warning: Prefer putting braces around variable references even when not strictly required. [SC2250]
scripts/test-rewind-e2e.sh:143:10: warning: Prefer [[ ]] over [ ] for tests in Bash/Ksh/Busybox. [SC2292]
scripts/test-rewind-e2e.sh:143:12: warning: Prefer double quoting even when variables don't contain special characters. [SC2248]
scripts/test-rewind-e2e.sh:143:12: warning: Prefer putting braces around variable references even when not strictly required. [SC2250]
scripts/test-rewind-e2e.sh:147:18: warning: Prefer putting braces around variable references even when not strictly required. [SC2250]
scripts/test-rewind-e2e.sh:163:23: warning: Prefer putting braces around variable references even when not strictly required. [SC2250]
scripts/test-rewind-e2e.sh:165:9: warning: Prefer [[ ]] over [ ] for tests in Bash/Ksh/Busybox. [SC2292]
scripts/test-rewind-e2e.sh:165:11: warning: Prefer double quoting even when variables don't contain special characters. [SC2248]
scripts/test-rewind-e2e.sh:165:11: warning: Prefer putting braces around variable references even when not strictly required. [SC2250]
scripts/test-rewind-e2e.sh:165:25: warning: Prefer putting braces around variable references even when not strictly required. [SC2250]
scripts/test-rewind-e2e.sh:166:36: warning: Prefer putting braces around variable references even when not strictly required. [SC2250]
scripts/test-rewind-e2e.sh:182:34: warning: Prefer putting braces around variable references even when not strictly required. [SC2250]
scripts/test-rewind-e2e.sh:195:26: warning: Prefer putting braces around variable references even when not strictly required. [SC2250]
scripts/test-rewind-e2e.sh:205:34: warning: Prefer putting braces around variable references even when not strictly required. [SC2250]
scripts/test-rewind-e2e.sh:233:12: warning: Prefer putting braces around variable references even when not strictly required. [SC2250]
scripts/test-rewind-e2e.sh:235:6: warning: Prefer [[ ]] over [ ] for tests in Bash/Ksh/Busybox. [SC2292]
scripts/test-rewind-e2e.sh:235:8: warning: Prefer double quoting even when variables don't contain special characters. [SC2248]
scripts/test-rewind-e2e.sh:235:8: warning: Prefer putting braces around variable references even when not strictly required. [SC2250]
scripts/test-rewind-e2e.sh:236:11: warning: Prefer putting braces around variable references even when not strictly required. [SC2250]
scripts/test-rewind-e2e.sh:240:22: warning: Prefer putting braces around variable references even when not strictly required. [SC2250]
scripts/test-rewind-e2e.sh:241:11: warning: Prefer putting braces around variable references even when not strictly required. [SC2250]
scripts/test-rewind-e2e.sh:241:41: warning: Prefer putting braces around variable references even when not strictly required. [SC2250]
scripts/test-rewind-e2e.sh:242:11: warning: Prefer putting braces around variable references even when not strictly required. [SC2250]
scripts/test-rewind-e2e.sh:258:4: warning: Prefer [[ ]] over [ ] for tests in Bash/Ksh/Busybox. [SC2292]
scripts/test-rewind-e2e.sh:258:12: warning: Prefer putting braces around variable references even when not strictly required. [SC2250]
scripts/test-rewind-e2e.sh:259:41: warning: Prefer putting braces around variable references even when not strictly required. [SC2250]
scripts/test-rewind-e2e.sh:260:8: warning: Prefer putting braces around variable references even when not strictly required. [SC2250]
scripts/test-rewind-e2e.sh:264:16: warning: Prefer putting braces around variable references even when not strictly required. [SC2250]
scripts/test-rewind-e2e.sh:265:16: warning: Prefer putting braces around variable references even when not strictly required. [SC2250]
scripts/test-rewind-e2e.sh:462:4: warning: Prefer [[ ]] over [ ] for tests in Bash/Ksh/Busybox. [SC2292]
scripts/test-rewind-e2e.sh:462:7: warning: Prefer putting braces around variable references even when not strictly required. [SC2250]
scripts/test-rewind-e2e.sh:468:4: warning: Prefer [[ ]] over [ ] for tests in Bash/Ksh/Busybox. [SC2292]
scripts/test-rewind-e2e.sh:468:7: warning: Prefer putting braces around variable references even when not strictly required. [SC2250]
scripts/tmux-compare.sh:10:4: warning: Prefer [[ ]] over [ ] for tests in Bash/Ksh/Busybox. [SC2292]
scripts/tmux-compare.sh:10:10: warning: Prefer putting braces around variable references even when not strictly required. [SC2250]
scripts/tmux-compare.sh:10:19: warning: Prefer [[ ]] over [ ] for tests in Bash/Ksh/Busybox. [SC2292]
scripts/tmux-compare.sh:10:25: warning: Prefer putting braces around variable references even when not strictly required. [SC2250]
scripts/tmux-compare.sh:17:22: warning: Prefer double quoting even when variables don't contain special characters. [SC2248]
scripts/tmux-compare.sh:17:22: warning: Prefer putting braces around variable references even when not strictly required. [SC2250]
scripts/tmux-compare.sh:18:24: warning: Prefer double quoting even when variables don't contain special characters. [SC2248]
scripts/tmux-compare.sh:18:24: warning: Prefer putting braces around variable references even when not strictly required. [SC2250]
scripts/tmux-compare.sh:21:19: warning: Prefer double quoting even when variables don't contain special characters. [SC2248]
scripts/tmux-compare.sh:21:19: warning: Prefer putting braces around variable references even when not strictly required. [SC2250]
scripts/tmux-compare.sh:21:30: warning: Prefer putting braces around variable references even when not strictly required. [SC2250]
scripts/tmux-compare.sh:22:19: warning: Prefer double quoting even when variables don't contain special characters. [SC2248]
scripts/tmux-compare.sh:22:19: warning: Prefer putting braces around variable references even when not strictly required. [SC2250]
scripts/tmux-compare.sh:22:30: warning: Prefer putting braces around variable references even when not strictly required. [SC2250]
scripts/tmux-compare.sh:25:19: warning: Prefer double quoting even when variables don't contain special characters. [SC2248]
scripts/tmux-compare.sh:25:19: warning: Prefer putting braces around variable references even when not strictly required. [SC2250]
scripts/tmux-compare.sh:25:30: warning: Prefer putting braces around variable references even when not strictly required. [SC2250]
scripts/tmux-compare.sh:26:19: warning: Prefer double quoting even when variables don't contain special characters. [SC2248]
scripts/tmux-compare.sh:26:19: warning: Prefer putting braces around variable references even when not strictly required. [SC2250]
scripts/tmux-compare.sh:26:30: warning: Prefer putting braces around variable references even when not strictly required. [SC2250]
scripts/tmux-compare.sh:28:25: warning: Prefer double quoting even when variables don't contain special characters. [SC2248]
scripts/tmux-compare.sh:28:25: warning: Prefer putting braces around variable references even when not strictly required. [SC2250]
scripts/tmux-compare.sh:28:38: warning: Prefer putting braces around variable references even when not strictly required. [SC2250]
scripts/tmux-compare.sh:29:25: warning: Prefer double quoting even when variables don't contain special characters. [SC2248]
scripts/tmux-compare.sh:29:25: warning: Prefer putting braces around variable references even when not strictly required. [SC2250]
scripts/tmux-compare.sh:29:38: warning: Prefer putting braces around variable references even when not strictly required. [SC2250]
scripts/tmux-compare.sh:30:22: warning: Prefer double quoting even when variables don't contain special characters. [SC2248]
scripts/tmux-compare.sh:30:22: warning: Prefer putting braces around variable references even when not strictly required. [SC2250]
scripts/tmux-compare.sh:31:42: warning: Prefer putting braces around variable references even when not strictly required. [SC2250]
scripts/tmux-compare.sh:32:43: warning: Prefer putting braces around variable references even when not strictly required. [SC2250]
scripts/tmux-compare.sh:33:39: warning: Prefer putting braces around variable references even when not strictly required. [SC2250]
scripts/tmux-compare.sh:33:50: warning: Prefer putting braces around variable references even when not strictly required. [SC2250]
scripts/tui-parity/accept-noflicker.sh:15:4: warning: Prefer [[ ]] over [ ] for tests in Bash/Ksh/Busybox. [SC2292]
scripts/tui-parity/accept-noflicker.sh:21:4: warning: Prefer [[ ]] over [ ] for tests in Bash/Ksh/Busybox. [SC2292]
scripts/tui-parity/accept-noflicker.sh:27:48: warning: Prefer putting braces around variable references even when not strictly required. [SC2250]
scripts/tui-parity/accept-noflicker.sh:27:66: warning: Prefer putting braces around variable references even when not strictly required. [SC2250]
scripts/tui-parity/accept-noflicker.sh:29:88: warning: Prefer putting braces around variable references even when not strictly required. [SC2250]
