1790802792956	1	escaped writer pid	REJECT	false
1790802793012	1	escaped writer pid	REJECT	false
1790802793062	1	escaped writer pid	REJECT	false
1790802793112	1	escaped writer pid	ACCEPT	true
1790802793130	1	escaped writer output	REJECT	false
1790802793180	1	escaped writer output	REJECT	false
1790802793230	1	escaped writer output	ACCEPT	true
1790802794972	1	original worker loss after recovery fencing	ACCEPT	Reply[ok=false, value=null, status=503, code=runtime_broker_runtime_lost, retryable=true, message=Runtime is lost; recovery requires complete evidence and cleanup]
1790802795158	1	escaped writer continues after loss; the physical pin must remain	REJECT	39
1790802795212	1	escaped writer continues after loss; the physical pin must remain	ACCEPT	40
1790802798578	1	escaped writer pid	REJECT	false
1790802798632	1	escaped writer pid	REJECT	false
1790802798682	1	escaped writer pid	REJECT	false
1790802798732	1	escaped writer pid	REJECT	false
1790802798782	1	escaped writer pid	ACCEPT	true
1790802798792	1	escaped writer output	REJECT	false
1790802798842	1	escaped writer output	ACCEPT	true
1790802800578	1	original worker loss after recovery fencing	ACCEPT	Reply[ok=false, value=null, status=503, code=runtime_broker_runtime_lost, retryable=true, message=Runtime is lost; recovery requires complete evidence and cleanup]
1790802800632	1	escaped writer continues after loss; the physical pin must remain	REJECT	36
1790802800684	1	escaped writer continues after loss; the physical pin must remain	ACCEPT	37
1790802803761	1	marker = [start]	REJECT	[]
1790802803811	1	marker = [start]	REJECT	[]
1790802803862	1	marker = [start]	ACCEPT	[start]
1790802803920	1	UNKNOWN execution	REJECT	com.alibaba.qwen.code.runtimebroker.ToolExecutionRecord@6865c751
1790802803989	1	UNKNOWN execution	ACCEPT	com.alibaba.qwen.code.runtimebroker.ToolExecutionRecord@6a988392
1790802811381	1	marker = [start]	REJECT	[]
1790802811432	1	marker = [start]	REJECT	[]
1790802811482	1	marker = [start]	ACCEPT	[start]
1790802812841	1	original Runtime loss after recovery fencing	ACCEPT	Reply[ok=false, value=null, status=503, code=runtime_broker_runtime_lost, retryable=true, message=Runtime is lost; recovery requires complete evidence and cleanup]
1790802820849	1	dispatch lease of 74b239ee-8041-4dd4-a631-5deab68ed654 lapsed	REJECT	com.alibaba.qwen.code.runtimebroker.ToolExecutionRecord@1d9bec4d
1790802820940	1	dispatch lease of 74b239ee-8041-4dd4-a631-5deab68ed654 lapsed	REJECT	com.alibaba.qwen.code.runtimebroker.ToolExecutionRecord@674c583e
1790802821024	1	dispatch lease of 74b239ee-8041-4dd4-a631-5deab68ed654 lapsed	REJECT	com.alibaba.qwen.code.runtimebroker.ToolExecutionRecord@5ab14cb9
1790802821109	1	dispatch lease of 74b239ee-8041-4dd4-a631-5deab68ed654 lapsed	REJECT	com.alibaba.qwen.code.runtimebroker.ToolExecutionRecord@61861a29
1790802821196	1	dispatch lease of 74b239ee-8041-4dd4-a631-5deab68ed654 lapsed	REJECT	com.alibaba.qwen.code.runtimebroker.ToolExecutionRecord@32cb636e
1790802821285	1	dispatch lease of 74b239ee-8041-4dd4-a631-5deab68ed654 lapsed	REJECT	com.alibaba.qwen.code.runtimebroker.ToolExecutionRecord@3a4e343
1790802821377	1	dispatch lease of 74b239ee-8041-4dd4-a631-5deab68ed654 lapsed	REJECT	com.alibaba.qwen.code.runtimebroker.ToolExecutionRecord@4b6579e8
1790802821468	1	dispatch lease of 74b239ee-8041-4dd4-a631-5deab68ed654 lapsed	REJECT	com.alibaba.qwen.code.runtimebroker.ToolExecutionRecord@591e58fa
1790802821545	1	dispatch lease of 74b239ee-8041-4dd4-a631-5deab68ed654 lapsed	REJECT	com.alibaba.qwen.code.runtimebroker.ToolExecutionRecord@593e824f
1790802821629	1	dispatch lease of 74b239ee-8041-4dd4-a631-5deab68ed654 lapsed	REJECT	com.alibaba.qwen.code.runtimebroker.ToolExecutionRecord@64bc21ac
1790802821721	1	dispatch lease of 74b239ee-8041-4dd4-a631-5deab68ed654 lapsed	REJECT	com.alibaba.qwen.code.runtimebroker.ToolExecutionRecord@ce5a68e
1790802821809	1	dispatch lease of 74b239ee-8041-4dd4-a631-5deab68ed654 lapsed	REJECT	com.alibaba.qwen.code.runtimebroker.ToolExecutionRecord@5df417a7
1790802821888	1	dispatch lease of 74b239ee-8041-4dd4-a631-5deab68ed654 lapsed	REJECT	com.alibaba.qwen.code.runtimebroker.ToolExecutionRecord@61078690
1790802821965	1	dispatch lease of 74b239ee-8041-4dd4-a631-5deab68ed654 lapsed	REJECT	com.alibaba.qwen.code.runtimebroker.ToolExecutionRecord@71c5b236
1790802822053	1	dispatch lease of 74b239ee-8041-4dd4-a631-5deab68ed654 lapsed	REJECT	com.alibaba.qwen.code.runtimebroker.ToolExecutionRecord@669513d8
1790802822133	1	dispatch lease of 74b239ee-8041-4dd4-a631-5deab68ed654 lapsed	REJECT	com.alibaba.qwen.code.runtimebroker.ToolExecutionRecord@361c294e
1790802822221	1	dispatch lease of 74b239ee-8041-4dd4-a631-5deab68ed654 lapsed	REJECT	com.alibaba.qwen.code.runtimebroker.ToolExecutionRecord@314b8f2d
1790802822320	1	dispatch lease of 74b239ee-8041-4dd4-a631-5deab68ed654 lapsed	REJECT	com.alibaba.qwen.code.runtimebroker.ToolExecutionRecord@15a902e7
1790802822408	1	dispatch lease of 74b239ee-8041-4dd4-a631-5deab68ed654 lapsed	REJECT	com.alibaba.qwen.code.runtimebroker.ToolExecutionRecord@5af28b27
1790802822497	1	dispatch lease of 74b239ee-8041-4dd4-a631-5deab68ed654 lapsed	REJECT	com.alibaba.qwen.code.runtimebroker.ToolExecutionRecord@72f46e16
1790802822593	1	dispatch lease of 74b239ee-8041-4dd4-a631-5deab68ed654 lapsed	REJECT	com.alibaba.qwen.code.runtimebroker.ToolExecutionRecord@549621f3
1790802822685	1	dispatch lease of 74b239ee-8041-4dd4-a631-5deab68ed654 lapsed	REJECT	com.alibaba.qwen.code.runtimebroker.ToolExecutionRecord@5217f3d0
1790802822780	1	dispatch lease of 74b239ee-8041-4dd4-a631-5deab68ed654 lapsed	REJECT	com.alibaba.qwen.code.runtimebroker.ToolExecutionRecord@2416a51
1790802822873	1	dispatch lease of 74b239ee-8041-4dd4-a631-5deab68ed654 lapsed	REJECT	com.alibaba.qwen.code.runtimebroker.ToolExecutionRecord@72e34f77
1790802822969	1	dispatch lease of 74b239ee-8041-4dd4-a631-5deab68ed654 lapsed	REJECT	com.alibaba.qwen.code.runtimebroker.ToolExecutionRecord@77307458
1790802823050	1	dispatch lease of 74b239ee-8041-4dd4-a631-5deab68ed654 lapsed	ACCEPT	com.alibaba.qwen.code.runtimebroker.ToolExecutionRecord@47874b25
1790802828090	1	marker = [start]	REJECT	[]
1790802828140	1	marker = [start]	REJECT	[]
1790802828190	1	marker = [start]	ACCEPT	[start]
1790802828883	1	dispatch lease of bf475783-121d-4845-834a-00364ca0b34d lapsed	REJECT	com.alibaba.qwen.code.runtimebroker.ToolExecutionRecord@8a589a2
1790802828952	1	dispatch lease of bf475783-121d-4845-834a-00364ca0b34d lapsed	REJECT	com.alibaba.qwen.code.runtimebroker.ToolExecutionRecord@b672aa8
1790802829044	1	dispatch lease of bf475783-121d-4845-834a-00364ca0b34d lapsed	REJECT	com.alibaba.qwen.code.runtimebroker.ToolExecutionRecord@6e46d9f4
1790802829128	1	dispatch lease of bf475783-121d-4845-834a-00364ca0b34d lapsed	REJECT	com.alibaba.qwen.code.runtimebroker.ToolExecutionRecord@21c64522
1790802829216	1	dispatch lease of bf475783-121d-4845-834a-00364ca0b34d lapsed	REJECT	com.alibaba.qwen.code.runtimebroker.ToolExecutionRecord@460f76a6
1790802829300	1	dispatch lease of bf475783-121d-4845-834a-00364ca0b34d lapsed	REJECT	com.alibaba.qwen.code.runtimebroker.ToolExecutionRecord@770d4269
1790802829390	1	dispatch lease of bf475783-121d-4845-834a-00364ca0b34d lapsed	REJECT	com.alibaba.qwen.code.runtimebroker.ToolExecutionRecord@76a82f33
1790802829476	1	dispatch lease of bf475783-121d-4845-834a-00364ca0b34d lapsed	REJECT	com.alibaba.qwen.code.runtimebroker.ToolExecutionRecord@644c78d4
1790802829556	1	dispatch lease of bf475783-121d-4845-834a-00364ca0b34d lapsed	REJECT	com.alibaba.qwen.code.runtimebroker.ToolExecutionRecord@7bb3a9fe
1790802829636	1	dispatch lease of bf475783-121d-4845-834a-00364ca0b34d lapsed	REJECT	com.alibaba.qwen.code.runtimebroker.ToolExecutionRecord@62923ee6
1790802829720	1	dispatch lease of bf475783-121d-4845-834a-00364ca0b34d lapsed	REJECT	com.alibaba.qwen.code.runtimebroker.ToolExecutionRecord@7807ac2c
1790802829796	1	dispatch lease of bf475783-121d-4845-834a-00364ca0b34d lapsed	REJECT	com.alibaba.qwen.code.runtimebroker.ToolExecutionRecord@a77614d
1790802829872	1	dispatch lease of bf475783-121d-4845-834a-00364ca0b34d lapsed	REJECT	com.alibaba.qwen.code.runtimebroker.ToolExecutionRecord@a1217f9
1790802829952	1	dispatch lease of bf475783-121d-4845-834a-00364ca0b34d lapsed	REJECT	com.alibaba.qwen.code.runtimebroker.ToolExecutionRecord@2baa8d82
1790802830040	1	dispatch lease of bf475783-121d-4845-834a-00364ca0b34d lapsed	REJECT	com.alibaba.qwen.code.runtimebroker.ToolExecutionRecord@a7e2d9d
1790802830120	1	dispatch lease of bf475783-121d-4845-834a-00364ca0b34d lapsed	REJECT	com.alibaba.qwen.code.runtimebroker.ToolExecutionRecord@372ea2bc
1790802830208	1	dispatch lease of bf475783-121d-4845-834a-00364ca0b34d lapsed	REJECT	com.alibaba.qwen.code.runtimebroker.ToolExecutionRecord@3f19b8b3
1790802830288	1	dispatch lease of bf475783-121d-4845-834a-00364ca0b34d lapsed	REJECT	com.alibaba.qwen.code.runtimebroker.ToolExecutionRecord@cdc3aae
1790802830376	1	dispatch lease of bf475783-121d-4845-834a-00364ca0b34d lapsed	REJECT	com.alibaba.qwen.code.runtimebroker.ToolExecutionRecord@4c36250e
1790802830456	1	dispatch lease of bf475783-121d-4845-834a-00364ca0b34d lapsed	REJECT	com.alibaba.qwen.code.runtimebroker.ToolExecutionRecord@299266e2
1790802830548	1	dispatch lease of bf475783-121d-4845-834a-00364ca0b34d lapsed	REJECT	com.alibaba.qwen.code.runtimebroker.ToolExecutionRecord@1601e47
1790802830632	1	dispatch lease of bf475783-121d-4845-834a-00364ca0b34d lapsed	REJECT	com.alibaba.qwen.code.runtimebroker.ToolExecutionRecord@50687efb
1790802830713	1	dispatch lease of bf475783-121d-4845-834a-00364ca0b34d lapsed	REJECT	com.alibaba.qwen.code.runtimebroker.ToolExecutionRecord@4a9cc6cb
1790802830808	1	dispatch lease of bf475783-121d-4845-834a-00364ca0b34d lapsed	REJECT	com.alibaba.qwen.code.runtimebroker.ToolExecutionRecord@35d6ca49
1790802830888	1	dispatch lease of bf475783-121d-4845-834a-00364ca0b34d lapsed	REJECT	com.alibaba.qwen.code.runtimebroker.ToolExecutionRecord@12cd9150
1790802830964	1	dispatch lease of bf475783-121d-4845-834a-00364ca0b34d lapsed	REJECT	com.alibaba.qwen.code.runtimebroker.ToolExecutionRecord@cf65451
1790802831044	1	dispatch lease of bf475783-121d-4845-834a-00364ca0b34d lapsed	REJECT	com.alibaba.qwen.code.runtimebroker.ToolExecutionRecord@32fe9d0a
1790802831120	1	dispatch lease of bf475783-121d-4845-834a-00364ca0b34d lapsed	REJECT	com.alibaba.qwen.code.runtimebroker.ToolExecutionRecord@46074492
1790802831204	1	dispatch lease of bf475783-121d-4845-834a-00364ca0b34d lapsed	REJECT	com.alibaba.qwen.code.runtimebroker.ToolExecutionRecord@47428937
1790802831292	1	dispatch lease of bf475783-121d-4845-834a-00364ca0b34d lapsed	REJECT	com.alibaba.qwen.code.runtimebroker.ToolExecutionRecord@21694e53
1790802831376	1	dispatch lease of bf475783-121d-4845-834a-00364ca0b34d lapsed	REJECT	com.alibaba.qwen.code.runtimebroker.ToolExecutionRecord@70fab835
1790802831456	1	dispatch lease of bf475783-121d-4845-834a-00364ca0b34d lapsed	REJECT	com.alibaba.qwen.code.runtimebroker.ToolExecutionRecord@32057e6
1790802831539	1	dispatch lease of bf475783-121d-4845-834a-00364ca0b34d lapsed	REJECT	com.alibaba.qwen.code.runtimebroker.ToolExecutionRecord@759fad4
1790802831618	1	dispatch lease of bf475783-121d-4845-834a-00364ca0b34d lapsed	REJECT	com.alibaba.qwen.code.runtimebroker.ToolExecutionRecord@30ed9c6c
1790802831692	1	dispatch lease of bf475783-121d-4845-834a-00364ca0b34d lapsed	REJECT	com.alibaba.qwen.code.runtimebroker.ToolExecutionRecord@59fc684e
1790802831776	1	dispatch lease of bf475783-121d-4845-834a-00364ca0b34d lapsed	REJECT	com.alibaba.qwen.code.runtimebroker.ToolExecutionRecord@5ae76500
1790802831856	1	dispatch lease of bf475783-121d-4845-834a-00364ca0b34d lapsed	REJECT	com.alibaba.qwen.code.runtimebroker.ToolExecutionRecord@355e34c7
1790802831940	1	dispatch lease of bf475783-121d-4845-834a-00364ca0b34d lapsed	REJECT	com.alibaba.qwen.code.runtimebroker.ToolExecutionRecord@24f360b2
1790802832020	1	dispatch lease of bf475783-121d-4845-834a-00364ca0b34d lapsed	ACCEPT	com.alibaba.qwen.code.runtimebroker.ToolExecutionRecord@770d0ea6
1790802833109	1	reconciliation from evidence	ACCEPT	ALREADY_SETTLED
1790802839912	1	dispatch lease of 869aba90-fb2c-45eb-bb77-9155e406adcf lapsed	REJECT	com.alibaba.qwen.code.runtimebroker.ToolExecutionRecord@159e366
1790802839996	1	dispatch lease of 869aba90-fb2c-45eb-bb77-9155e406adcf lapsed	REJECT	com.alibaba.qwen.code.runtimebroker.ToolExecutionRecord@17ae98d7
1790802840084	1	dispatch lease of 869aba90-fb2c-45eb-bb77-9155e406adcf lapsed	REJECT	com.alibaba.qwen.code.runtimebroker.ToolExecutionRecord@5a772895
1790802840164	1	dispatch lease of 869aba90-fb2c-45eb-bb77-9155e406adcf lapsed	REJECT	com.alibaba.qwen.code.runtimebroker.ToolExecutionRecord@3ee39da0
1790802840246	1	dispatch lease of 869aba90-fb2c-45eb-bb77-9155e406adcf lapsed	REJECT	com.alibaba.qwen.code.runtimebroker.ToolExecutionRecord@2e27d72f
1790802840324	1	dispatch lease of 869aba90-fb2c-45eb-bb77-9155e406adcf lapsed	REJECT	com.alibaba.qwen.code.runtimebroker.ToolExecutionRecord@2bffa76d
1790802840402	1	dispatch lease of 869aba90-fb2c-45eb-bb77-9155e406adcf lapsed	REJECT	com.alibaba.qwen.code.runtimebroker.ToolExecutionRecord@1f2d2181
1790802840484	1	dispatch lease of 869aba90-fb2c-45eb-bb77-9155e406adcf lapsed	REJECT	com.alibaba.qwen.code.runtimebroker.ToolExecutionRecord@3fcdcf
1790802840572	1	dispatch lease of 869aba90-fb2c-45eb-bb77-9155e406adcf lapsed	REJECT	com.alibaba.qwen.code.runtimebroker.ToolExecutionRecord@126be319
1790802840652	1	dispatch lease of 869aba90-fb2c-45eb-bb77-9155e406adcf lapsed	REJECT	com.alibaba.qwen.code.runtimebroker.ToolExecutionRecord@530a8454
1790802840732	1	dispatch lease of 869aba90-fb2c-45eb-bb77-9155e406adcf lapsed	REJECT	com.alibaba.qwen.code.runtimebroker.ToolExecutionRecord@36b6964d
1790802840824	1	dispatch lease of 869aba90-fb2c-45eb-bb77-9155e406adcf lapsed	REJECT	com.alibaba.qwen.code.runtimebroker.ToolExecutionRecord@75201592
1790802840904	1	dispatch lease of 869aba90-fb2c-45eb-bb77-9155e406adcf lapsed	REJECT	com.alibaba.qwen.code.runtimebroker.ToolExecutionRecord@282308c3
1790802840984	1	dispatch lease of 869aba90-fb2c-45eb-bb77-9155e406adcf lapsed	REJECT	com.alibaba.qwen.code.runtimebroker.ToolExecutionRecord@3d9fc57a
1790802841072	1	dispatch lease of 869aba90-fb2c-45eb-bb77-9155e406adcf lapsed	REJECT	com.alibaba.qwen.code.runtimebroker.ToolExecutionRecord@1af05b03
1790802841160	1	dispatch lease of 869aba90-fb2c-45eb-bb77-9155e406adcf lapsed	REJECT	com.alibaba.qwen.code.runtimebroker.ToolExecutionRecord@5bbbdd4b
1790802841236	1	dispatch lease of 869aba90-fb2c-45eb-bb77-9155e406adcf lapsed	REJECT	com.alibaba.qwen.code.runtimebroker.ToolExecutionRecord@4fdf8f12
1790802841316	1	dispatch lease of 869aba90-fb2c-45eb-bb77-9155e406adcf lapsed	REJECT	com.alibaba.qwen.code.runtimebroker.ToolExecutionRecord@6979efad
1790802841400	1	dispatch lease of 869aba90-fb2c-45eb-bb77-9155e406adcf lapsed	REJECT	com.alibaba.qwen.code.runtimebroker.ToolExecutionRecord@315ba14a
1790802841480	1	dispatch lease of 869aba90-fb2c-45eb-bb77-9155e406adcf lapsed	REJECT	com.alibaba.qwen.code.runtimebroker.ToolExecutionRecord@54e81b21
1790802841553	1	dispatch lease of 869aba90-fb2c-45eb-bb77-9155e406adcf lapsed	REJECT	com.alibaba.qwen.code.runtimebroker.ToolExecutionRecord@44ea608c
1790802841640	1	dispatch lease of 869aba90-fb2c-45eb-bb77-9155e406adcf lapsed	REJECT	com.alibaba.qwen.code.runtimebroker.ToolExecutionRecord@273c947f
1790802841724	1	dispatch lease of 869aba90-fb2c-45eb-bb77-9155e406adcf lapsed	REJECT	com.alibaba.qwen.code.runtimebroker.ToolExecutionRecord@632aa1a3
1790802841816	1	dispatch lease of 869aba90-fb2c-45eb-bb77-9155e406adcf lapsed	REJECT	com.alibaba.qwen.code.runtimebroker.ToolExecutionRecord@2899a8db
1790802841896	1	dispatch lease of 869aba90-fb2c-45eb-bb77-9155e406adcf lapsed	REJECT	com.alibaba.qwen.code.runtimebroker.ToolExecutionRecord@76b0ae1b
1790802841976	1	dispatch lease of 869aba90-fb2c-45eb-bb77-9155e406adcf lapsed	REJECT	com.alibaba.qwen.code.runtimebroker.ToolExecutionRecord@12365c88
1790802842056	1	dispatch lease of 869aba90-fb2c-45eb-bb77-9155e406adcf lapsed	ACCEPT	com.alibaba.qwen.code.runtimebroker.ToolExecutionRecord@77e2a6e2
1790802843177	1	reconciliation from evidence	ACCEPT	ALREADY_SETTLED
1790802845797	1	marker = [start]	REJECT	[]
1790802845848	1	marker = [start]	REJECT	[]
1790802845898	1	marker = [start]	ACCEPT	[start]
1790802854843	1	marker = [start, end]	ACCEPT	[start, end]
1790802859008	1	startup adoption	REJECT	Reply[ok=false, value=null, status=503, code=runtime_provisioning_in_progress, retryable=true, message=another Broker owns Runtime provisioning]
1790802859360	1	startup adoption	ACCEPT	Reply[ok=true, value={"bindingId":"f55beac8-6987-4891-a0b8-410f062d4969","generation":1,"state":"READY"}, status=0, code=null, retryable=false, message=null]
1790802863792	1	startup adoption	REJECT	Reply[ok=false, value=null, status=503, code=runtime_provisioning_in_progress, retryable=true, message=another Broker owns Runtime provisioning]
1790802863897	1	startup adoption	REJECT	Reply[ok=false, value=null, status=503, code=runtime_provisioning_in_progress, retryable=true, message=another Broker owns Runtime provisioning]
1790802864001	1	startup adoption	REJECT	Reply[ok=false, value=null, status=503, code=runtime_provisioning_in_progress, retryable=true, message=another Broker owns Runtime provisioning]
1790802864337	1	startup adoption	ACCEPT	Reply[ok=true, value={"bindingId":"30988420-206c-4783-96d5-3bec329f3deb","generation":1,"state":"READY"}, status=0, code=null, retryable=false, message=null]
1790802867587	1	marker = [start]	REJECT	[]
1790802867637	1	marker = [start]	REJECT	[]
1790802867687	1	marker = [start]	ACCEPT	[start]
1790802868952	1	original worker loss after recovery fencing	ACCEPT	Reply[ok=false, value=null, status=503, code=runtime_broker_runtime_lost, retryable=true, message=Runtime is lost; recovery requires complete evidence and cleanup]
1790802871997	1	project/marker = [start]	REJECT	[]
1790802872047	1	project/marker = [start]	REJECT	[]
1790802872097	1	project/marker = [start]	REJECT	[]
1790802872148	1	project/marker = [start]	ACCEPT	[start]
1790802873488	1	original worker loss after recovery fencing	ACCEPT	Reply[ok=false, value=null, status=503, code=runtime_broker_runtime_lost, retryable=true, message=Runtime is lost; recovery requires complete evidence and cleanup]
1790802887945	1	marker = [start]	REJECT	[]
1790802888003	1	marker = [start]	REJECT	[]
1790802888053	1	marker = [start]	ACCEPT	[start]
1790802889576	1	dispatch lease of 4a37258b-ec79-4763-9cdf-e94407e28b6b lapsed	REJECT	com.alibaba.qwen.code.runtimebroker.ToolExecutionRecord@76f10035
1790802889660	1	dispatch lease of 4a37258b-ec79-4763-9cdf-e94407e28b6b lapsed	REJECT	com.alibaba.qwen.code.runtimebroker.ToolExecutionRecord@15b986cd
1790802889740	1	dispatch lease of 4a37258b-ec79-4763-9cdf-e94407e28b6b lapsed	REJECT	com.alibaba.qwen.code.runtimebroker.ToolExecutionRecord@6b530eb9
1790802889820	1	dispatch lease of 4a37258b-ec79-4763-9cdf-e94407e28b6b lapsed	REJECT	com.alibaba.qwen.code.runtimebroker.ToolExecutionRecord@17f460bb
1790802889900	1	dispatch lease of 4a37258b-ec79-4763-9cdf-e94407e28b6b lapsed	REJECT	com.alibaba.qwen.code.runtimebroker.ToolExecutionRecord@18ca3c62
1790802889984	1	dispatch lease of 4a37258b-ec79-4763-9cdf-e94407e28b6b lapsed	REJECT	com.alibaba.qwen.code.runtimebroker.ToolExecutionRecord@6aa648b9
1790802890068	1	dispatch lease of 4a37258b-ec79-4763-9cdf-e94407e28b6b lapsed	REJECT	com.alibaba.qwen.code.runtimebroker.ToolExecutionRecord@88a8218
1790802890144	1	dispatch lease of 4a37258b-ec79-4763-9cdf-e94407e28b6b lapsed	REJECT	com.alibaba.qwen.code.runtimebroker.ToolExecutionRecord@5fa05212
1790802890228	1	dispatch lease of 4a37258b-ec79-4763-9cdf-e94407e28b6b lapsed	REJECT	com.alibaba.qwen.code.runtimebroker.ToolExecutionRecord@23aae55
1790802890308	1	dispatch lease of 4a37258b-ec79-4763-9cdf-e94407e28b6b lapsed	REJECT	com.alibaba.qwen.code.runtimebroker.ToolExecutionRecord@7a9c84a5
1790802890388	1	dispatch lease of 4a37258b-ec79-4763-9cdf-e94407e28b6b lapsed	REJECT	com.alibaba.qwen.code.runtimebroker.ToolExecutionRecord@7e053511
1790802890468	1	dispatch lease of 4a37258b-ec79-4763-9cdf-e94407e28b6b lapsed	REJECT	com.alibaba.qwen.code.runtimebroker.ToolExecutionRecord@26f1249d
1790802890544	1	dispatch lease of 4a37258b-ec79-4763-9cdf-e94407e28b6b lapsed	REJECT	com.alibaba.qwen.code.runtimebroker.ToolExecutionRecord@28b576a9
1790802890629	1	dispatch lease of 4a37258b-ec79-4763-9cdf-e94407e28b6b lapsed	REJECT	com.alibaba.qwen.code.runtimebroker.ToolExecutionRecord@1b1637e1
1790802890712	1	dispatch lease of 4a37258b-ec79-4763-9cdf-e94407e28b6b lapsed	REJECT	com.alibaba.qwen.code.runtimebroker.ToolExecutionRecord@169da7f2
1790802890792	1	dispatch lease of 4a37258b-ec79-4763-9cdf-e94407e28b6b lapsed	REJECT	com.alibaba.qwen.code.runtimebroker.ToolExecutionRecord@60297f36
1790802890876	1	dispatch lease of 4a37258b-ec79-4763-9cdf-e94407e28b6b lapsed	REJECT	com.alibaba.qwen.code.runtimebroker.ToolExecutionRecord@df4b72
1790802890948	1	dispatch lease of 4a37258b-ec79-4763-9cdf-e94407e28b6b lapsed	REJECT	com.alibaba.qwen.code.runtimebroker.ToolExecutionRecord@894858
1790802891032	1	dispatch lease of 4a37258b-ec79-4763-9cdf-e94407e28b6b lapsed	REJECT	com.alibaba.qwen.code.runtimebroker.ToolExecutionRecord@3ecedf21
1790802891120	1	dispatch lease of 4a37258b-ec79-4763-9cdf-e94407e28b6b lapsed	REJECT	com.alibaba.qwen.code.runtimebroker.ToolExecutionRecord@3359c978
1790802891204	1	dispatch lease of 4a37258b-ec79-4763-9cdf-e94407e28b6b lapsed	REJECT	com.alibaba.qwen.code.runtimebroker.ToolExecutionRecord@6f330eb9
1790802891288	1	dispatch lease of 4a37258b-ec79-4763-9cdf-e94407e28b6b lapsed	REJECT	com.alibaba.qwen.code.runtimebroker.ToolExecutionRecord@68ace111
1790802891372	1	dispatch lease of 4a37258b-ec79-4763-9cdf-e94407e28b6b lapsed	REJECT	com.alibaba.qwen.code.runtimebroker.ToolExecutionRecord@4fbb001b
1790802891448	1	dispatch lease of 4a37258b-ec79-4763-9cdf-e94407e28b6b lapsed	REJECT	com.alibaba.qwen.code.runtimebroker.ToolExecutionRecord@4943defe
1790802891536	1	dispatch lease of 4a37258b-ec79-4763-9cdf-e94407e28b6b lapsed	REJECT	com.alibaba.qwen.code.runtimebroker.ToolExecutionRecord@78d50a3c
1790802891609	1	dispatch lease of 4a37258b-ec79-4763-9cdf-e94407e28b6b lapsed	REJECT	com.alibaba.qwen.code.runtimebroker.ToolExecutionRecord@7f4d9395
1790802891692	1	dispatch lease of 4a37258b-ec79-4763-9cdf-e94407e28b6b lapsed	REJECT	com.alibaba.qwen.code.runtimebroker.ToolExecutionRecord@6a078481
1790802891761	1	dispatch lease of 4a37258b-ec79-4763-9cdf-e94407e28b6b lapsed	REJECT	com.alibaba.qwen.code.runtimebroker.ToolExecutionRecord@718607eb
1790802891836	1	dispatch lease of 4a37258b-ec79-4763-9cdf-e94407e28b6b lapsed	REJECT	com.alibaba.qwen.code.runtimebroker.ToolExecutionRecord@2617f816
1790802891912	1	dispatch lease of 4a37258b-ec79-4763-9cdf-e94407e28b6b lapsed	REJECT	com.alibaba.qwen.code.runtimebroker.ToolExecutionRecord@535b8c24
1790802891988	1	dispatch lease of 4a37258b-ec79-4763-9cdf-e94407e28b6b lapsed	REJECT	com.alibaba.qwen.code.runtimebroker.ToolExecutionRecord@a53bb6f
1790802892068	1	dispatch lease of 4a37258b-ec79-4763-9cdf-e94407e28b6b lapsed	REJECT	com.alibaba.qwen.code.runtimebroker.ToolExecutionRecord@33a053d
1790802892156	1	dispatch lease of 4a37258b-ec79-4763-9cdf-e94407e28b6b lapsed	REJECT	com.alibaba.qwen.code.runtimebroker.ToolExecutionRecord@867ba60
1790802892236	1	dispatch lease of 4a37258b-ec79-4763-9cdf-e94407e28b6b lapsed	REJECT	com.alibaba.qwen.code.runtimebroker.ToolExecutionRecord@55b5e331
1790802892312	1	dispatch lease of 4a37258b-ec79-4763-9cdf-e94407e28b6b lapsed	REJECT	com.alibaba.qwen.code.runtimebroker.ToolExecutionRecord@3f3c7bdb
1790802892400	1	dispatch lease of 4a37258b-ec79-4763-9cdf-e94407e28b6b lapsed	REJECT	com.alibaba.qwen.code.runtimebroker.ToolExecutionRecord@7da10b5b
1790802892476	1	dispatch lease of 4a37258b-ec79-4763-9cdf-e94407e28b6b lapsed	REJECT	com.alibaba.qwen.code.runtimebroker.ToolExecutionRecord@2e16b08d
1790802892564	1	dispatch lease of 4a37258b-ec79-4763-9cdf-e94407e28b6b lapsed	REJECT	com.alibaba.qwen.code.runtimebroker.ToolExecutionRecord@42561fba
1790802892648	1	dispatch lease of 4a37258b-ec79-4763-9cdf-e94407e28b6b lapsed	REJECT	com.alibaba.qwen.code.runtimebroker.ToolExecutionRecord@408613cc
1790802892728	1	dispatch lease of 4a37258b-ec79-4763-9cdf-e94407e28b6b lapsed	REJECT	com.alibaba.qwen.code.runtimebroker.ToolExecutionRecord@63a5d002
1790802892800	1	dispatch lease of 4a37258b-ec79-4763-9cdf-e94407e28b6b lapsed	REJECT	com.alibaba.qwen.code.runtimebroker.ToolExecutionRecord@3af9aa66
1790802892876	1	dispatch lease of 4a37258b-ec79-4763-9cdf-e94407e28b6b lapsed	REJECT	com.alibaba.qwen.code.runtimebroker.ToolExecutionRecord@62d0ac62
1790802892956	1	dispatch lease of 4a37258b-ec79-4763-9cdf-e94407e28b6b lapsed	REJECT	com.alibaba.qwen.code.runtimebroker.ToolExecutionRecord@3003697
1790802893036	1	dispatch lease of 4a37258b-ec79-4763-9cdf-e94407e28b6b lapsed	ACCEPT	com.alibaba.qwen.code.runtimebroker.ToolExecutionRecord@437ebf59
1790802893397	1	cancelled original call	ACCEPT	RESOLVED
1790802896177	1	project/marker = [start]	REJECT	[]
1790802896227	1	project/marker = [start]	REJECT	[]
1790802896278	1	project/marker = [start]	REJECT	[]
1790802896328	1	project/marker = [start]	ACCEPT	[start]
1790802898084	1	dispatch lease of 05e06275-3bff-4a75-beae-425beee9a9c7 lapsed	REJECT	com.alibaba.qwen.code.runtimebroker.ToolExecutionRecord@71154f21
1790802898168	1	dispatch lease of 05e06275-3bff-4a75-beae-425beee9a9c7 lapsed	REJECT	com.alibaba.qwen.code.runtimebroker.ToolExecutionRecord@304a9d7b
1790802898245	1	dispatch lease of 05e06275-3bff-4a75-beae-425beee9a9c7 lapsed	REJECT	com.alibaba.qwen.code.runtimebroker.ToolExecutionRecord@606fc505
1790802898324	1	dispatch lease of 05e06275-3bff-4a75-beae-425beee9a9c7 lapsed	REJECT	com.alibaba.qwen.code.runtimebroker.ToolExecutionRecord@347bdeef
1790802898412	1	dispatch lease of 05e06275-3bff-4a75-beae-425beee9a9c7 lapsed	REJECT	com.alibaba.qwen.code.runtimebroker.ToolExecutionRecord@77e80a5e
1790802898492	1	dispatch lease of 05e06275-3bff-4a75-beae-425beee9a9c7 lapsed	REJECT	com.alibaba.qwen.code.runtimebroker.ToolExecutionRecord@7ea4d397
1790802898580	1	dispatch lease of 05e06275-3bff-4a75-beae-425beee9a9c7 lapsed	REJECT	com.alibaba.qwen.code.runtimebroker.ToolExecutionRecord@8dfe921
1790802898656	1	dispatch lease of 05e06275-3bff-4a75-beae-425beee9a9c7 lapsed	REJECT	com.alibaba.qwen.code.runtimebroker.ToolExecutionRecord@109f5dd8
1790802898744	1	dispatch lease of 05e06275-3bff-4a75-beae-425beee9a9c7 lapsed	REJECT	com.alibaba.qwen.code.runtimebroker.ToolExecutionRecord@3dedb4a6
1790802898816	1	dispatch lease of 05e06275-3bff-4a75-beae-425beee9a9c7 lapsed	REJECT	com.alibaba.qwen.code.runtimebroker.ToolExecutionRecord@194152cf
1790802898900	1	dispatch lease of 05e06275-3bff-4a75-beae-425beee9a9c7 lapsed	REJECT	com.alibaba.qwen.code.runtimebroker.ToolExecutionRecord@1d81e101
1790802898980	1	dispatch lease of 05e06275-3bff-4a75-beae-425beee9a9c7 lapsed	REJECT	com.alibaba.qwen.code.runtimebroker.ToolExecutionRecord@22d6cac2
1790802899060	1	dispatch lease of 05e06275-3bff-4a75-beae-425beee9a9c7 lapsed	REJECT	com.alibaba.qwen.code.runtimebroker.ToolExecutionRecord@2577d6c8
1790802899140	1	dispatch lease of 05e06275-3bff-4a75-beae-425beee9a9c7 lapsed	REJECT	com.alibaba.qwen.code.runtimebroker.ToolExecutionRecord@5f233b26
1790802899220	1	dispatch lease of 05e06275-3bff-4a75-beae-425beee9a9c7 lapsed	REJECT	com.alibaba.qwen.code.runtimebroker.ToolExecutionRecord@5e8a459
1790802899296	1	dispatch lease of 05e06275-3bff-4a75-beae-425beee9a9c7 lapsed	REJECT	com.alibaba.qwen.code.runtimebroker.ToolExecutionRecord@9ec531
1790802899376	1	dispatch lease of 05e06275-3bff-4a75-beae-425beee9a9c7 lapsed	REJECT	com.alibaba.qwen.code.runtimebroker.ToolExecutionRecord@19542407
1790802899452	1	dispatch lease of 05e06275-3bff-4a75-beae-425beee9a9c7 lapsed	REJECT	com.alibaba.qwen.code.runtimebroker.ToolExecutionRecord@55caeb35
1790802899536	1	dispatch lease of 05e06275-3bff-4a75-beae-425beee9a9c7 lapsed	REJECT	com.alibaba.qwen.code.runtimebroker.ToolExecutionRecord@74a195a4
1790802899612	1	dispatch lease of 05e06275-3bff-4a75-beae-425beee9a9c7 lapsed	REJECT	com.alibaba.qwen.code.runtimebroker.ToolExecutionRecord@4287d447
1790802899688	1	dispatch lease of 05e06275-3bff-4a75-beae-425beee9a9c7 lapsed	REJECT	com.alibaba.qwen.code.runtimebroker.ToolExecutionRecord@7c0da600
1790802899772	1	dispatch lease of 05e06275-3bff-4a75-beae-425beee9a9c7 lapsed	REJECT	com.alibaba.qwen.code.runtimebroker.ToolExecutionRecord@47dd778
1790802899847	1	dispatch lease of 05e06275-3bff-4a75-beae-425beee9a9c7 lapsed	REJECT	com.alibaba.qwen.code.runtimebroker.ToolExecutionRecord@64a896b0
1790802899928	1	dispatch lease of 05e06275-3bff-4a75-beae-425beee9a9c7 lapsed	REJECT	com.alibaba.qwen.code.runtimebroker.ToolExecutionRecord@1adb7478
1790802900008	1	dispatch lease of 05e06275-3bff-4a75-beae-425beee9a9c7 lapsed	REJECT	com.alibaba.qwen.code.runtimebroker.ToolExecutionRecord@4604b900
1790802900084	1	dispatch lease of 05e06275-3bff-4a75-beae-425beee9a9c7 lapsed	REJECT	com.alibaba.qwen.code.runtimebroker.ToolExecutionRecord@3961a41a
1790802900164	1	dispatch lease of 05e06275-3bff-4a75-beae-425beee9a9c7 lapsed	REJECT	com.alibaba.qwen.code.runtimebroker.ToolExecutionRecord@d2387c8
1790802900244	1	dispatch lease of 05e06275-3bff-4a75-beae-425beee9a9c7 lapsed	REJECT	com.alibaba.qwen.code.runtimebroker.ToolExecutionRecord@1fd386c3
1790802900320	1	dispatch lease of 05e06275-3bff-4a75-beae-425beee9a9c7 lapsed	REJECT	com.alibaba.qwen.code.runtimebroker.ToolExecutionRecord@100f9bbe
1790802900396	1	dispatch lease of 05e06275-3bff-4a75-beae-425beee9a9c7 lapsed	REJECT	com.alibaba.qwen.code.runtimebroker.ToolExecutionRecord@cd7f1ae
1790802900476	1	dispatch lease of 05e06275-3bff-4a75-beae-425beee9a9c7 lapsed	REJECT	com.alibaba.qwen.code.runtimebroker.ToolExecutionRecord@680362a
1790802900555	1	dispatch lease of 05e06275-3bff-4a75-beae-425beee9a9c7 lapsed	REJECT	com.alibaba.qwen.code.runtimebroker.ToolExecutionRecord@7d0332e1
1790802900640	1	dispatch lease of 05e06275-3bff-4a75-beae-425beee9a9c7 lapsed	REJECT	com.alibaba.qwen.code.runtimebroker.ToolExecutionRecord@377c68c6
1790802900724	1	dispatch lease of 05e06275-3bff-4a75-beae-425beee9a9c7 lapsed	REJECT	com.alibaba.qwen.code.runtimebroker.ToolExecutionRecord@430fa4ef
1790802900800	1	dispatch lease of 05e06275-3bff-4a75-beae-425beee9a9c7 lapsed	REJECT	com.alibaba.qwen.code.runtimebroker.ToolExecutionRecord@654c1a54
1790802900876	1	dispatch lease of 05e06275-3bff-4a75-beae-425beee9a9c7 lapsed	REJECT	com.alibaba.qwen.code.runtimebroker.ToolExecutionRecord@1ce93c18
1790802900960	1	dispatch lease of 05e06275-3bff-4a75-beae-425beee9a9c7 lapsed	REJECT	com.alibaba.qwen.code.runtimebroker.ToolExecutionRecord@46044faa
1790802901044	1	dispatch lease of 05e06275-3bff-4a75-beae-425beee9a9c7 lapsed	ACCEPT	com.alibaba.qwen.code.runtimebroker.ToolExecutionRecord@19f9d595
1790802901425	1	cancelled original call	ACCEPT	RESOLVED
1790802905300	1	dispatch lease of 77f2442f-0e12-483a-b56e-702b5ac0b8da lapsed	REJECT	com.alibaba.qwen.code.runtimebroker.ToolExecutionRecord@537b32ef
1790802905384	1	dispatch lease of 77f2442f-0e12-483a-b56e-702b5ac0b8da lapsed	REJECT	com.alibaba.qwen.code.runtimebroker.ToolExecutionRecord@6f815e7f
1790802905464	1	dispatch lease of 77f2442f-0e12-483a-b56e-702b5ac0b8da lapsed	REJECT	com.alibaba.qwen.code.runtimebroker.ToolExecutionRecord@75699e35
1790802905540	1	dispatch lease of 77f2442f-0e12-483a-b56e-702b5ac0b8da lapsed	REJECT	com.alibaba.qwen.code.runtimebroker.ToolExecutionRecord@263558c9
1790802905620	1	dispatch lease of 77f2442f-0e12-483a-b56e-702b5ac0b8da lapsed	REJECT	com.alibaba.qwen.code.runtimebroker.ToolExecutionRecord@62315f22
1790802905700	1	dispatch lease of 77f2442f-0e12-483a-b56e-702b5ac0b8da lapsed	REJECT	com.alibaba.qwen.code.runtimebroker.ToolExecutionRecord@78f9ed3e
1790802905780	1	dispatch lease of 77f2442f-0e12-483a-b56e-702b5ac0b8da lapsed	REJECT	com.alibaba.qwen.code.runtimebroker.ToolExecutionRecord@48e7b3d2
1790802905864	1	dispatch lease of 77f2442f-0e12-483a-b56e-702b5ac0b8da lapsed	REJECT	com.alibaba.qwen.code.runtimebroker.ToolExecutionRecord@64040287
1790802905944	1	dispatch lease of 77f2442f-0e12-483a-b56e-702b5ac0b8da lapsed	REJECT	com.alibaba.qwen.code.runtimebroker.ToolExecutionRecord@df1cff6
1790802906024	1	dispatch lease of 77f2442f-0e12-483a-b56e-702b5ac0b8da lapsed	REJECT	com.alibaba.qwen.code.runtimebroker.ToolExecutionRecord@3a43d133
1790802906104	1	dispatch lease of 77f2442f-0e12-483a-b56e-702b5ac0b8da lapsed	REJECT	com.alibaba.qwen.code.runtimebroker.ToolExecutionRecord@c96a4ea
1790802906188	1	dispatch lease of 77f2442f-0e12-483a-b56e-702b5ac0b8da lapsed	REJECT	com.alibaba.qwen.code.runtimebroker.ToolExecutionRecord@68105edc
1790802906268	1	dispatch lease of 77f2442f-0e12-483a-b56e-702b5ac0b8da lapsed	REJECT	com.alibaba.qwen.code.runtimebroker.ToolExecutionRecord@5339bbad
1790802906344	1	dispatch lease of 77f2442f-0e12-483a-b56e-702b5ac0b8da lapsed	REJECT	com.alibaba.qwen.code.runtimebroker.ToolExecutionRecord@5b56b654
1790802906424	1	dispatch lease of 77f2442f-0e12-483a-b56e-702b5ac0b8da lapsed	REJECT	com.alibaba.qwen.code.runtimebroker.ToolExecutionRecord@29006752
1790802906500	1	dispatch lease of 77f2442f-0e12-483a-b56e-702b5ac0b8da lapsed	REJECT	com.alibaba.qwen.code.runtimebroker.ToolExecutionRecord@27494e46
1790802906576	1	dispatch lease of 77f2442f-0e12-483a-b56e-702b5ac0b8da lapsed	REJECT	com.alibaba.qwen.code.runtimebroker.ToolExecutionRecord@53b98ff6
1790802906652	1	dispatch lease of 77f2442f-0e12-483a-b56e-702b5ac0b8da lapsed	REJECT	com.alibaba.qwen.code.runtimebroker.ToolExecutionRecord@697446d4
1790802906728	1	dispatch lease of 77f2442f-0e12-483a-b56e-702b5ac0b8da lapsed	REJECT	com.alibaba.qwen.code.runtimebroker.ToolExecutionRecord@36453307
1790802906812	1	dispatch lease of 77f2442f-0e12-483a-b56e-702b5ac0b8da lapsed	REJECT	com.alibaba.qwen.code.runtimebroker.ToolExecutionRecord@6a9287b1
1790802906900	1	dispatch lease of 77f2442f-0e12-483a-b56e-702b5ac0b8da lapsed	REJECT	com.alibaba.qwen.code.runtimebroker.ToolExecutionRecord@56193c7d
1790802906972	1	dispatch lease of 77f2442f-0e12-483a-b56e-702b5ac0b8da lapsed	REJECT	com.alibaba.qwen.code.runtimebroker.ToolExecutionRecord@607b2792
1790802907060	1	dispatch lease of 77f2442f-0e12-483a-b56e-702b5ac0b8da lapsed	REJECT	com.alibaba.qwen.code.runtimebroker.ToolExecutionRecord@81ff872
1790802907136	1	dispatch lease of 77f2442f-0e12-483a-b56e-702b5ac0b8da lapsed	REJECT	com.alibaba.qwen.code.runtimebroker.ToolExecutionRecord@7e31ce0f
1790802907224	1	dispatch lease of 77f2442f-0e12-483a-b56e-702b5ac0b8da lapsed	REJECT	com.alibaba.qwen.code.runtimebroker.ToolExecutionRecord@42cc13a0
1790802907304	1	dispatch lease of 77f2442f-0e12-483a-b56e-702b5ac0b8da lapsed	REJECT	com.alibaba.qwen.code.runtimebroker.ToolExecutionRecord@1bd81830
1790802907380	1	dispatch lease of 77f2442f-0e12-483a-b56e-702b5ac0b8da lapsed	REJECT	com.alibaba.qwen.code.runtimebroker.ToolExecutionRecord@111610e6
1790802907462	1	dispatch lease of 77f2442f-0e12-483a-b56e-702b5ac0b8da lapsed	REJECT	com.alibaba.qwen.code.runtimebroker.ToolExecutionRecord@4fcc529
1790802907540	1	dispatch lease of 77f2442f-0e12-483a-b56e-702b5ac0b8da lapsed	REJECT	com.alibaba.qwen.code.runtimebroker.ToolExecutionRecord@79b663b3
1790802907616	1	dispatch lease of 77f2442f-0e12-483a-b56e-702b5ac0b8da lapsed	REJECT	com.alibaba.qwen.code.runtimebroker.ToolExecutionRecord@7882c44a
1790802907700	1	dispatch lease of 77f2442f-0e12-483a-b56e-702b5ac0b8da lapsed	REJECT	com.alibaba.qwen.code.runtimebroker.ToolExecutionRecord@3887cf88
1790802907776	1	dispatch lease of 77f2442f-0e12-483a-b56e-702b5ac0b8da lapsed	REJECT	com.alibaba.qwen.code.runtimebroker.ToolExecutionRecord@502f8b57
1790802907864	1	dispatch lease of 77f2442f-0e12-483a-b56e-702b5ac0b8da lapsed	REJECT	com.alibaba.qwen.code.runtimebroker.ToolExecutionRecord@55120f99
1790802907940	1	dispatch lease of 77f2442f-0e12-483a-b56e-702b5ac0b8da lapsed	REJECT	com.alibaba.qwen.code.runtimebroker.ToolExecutionRecord@779dfe55
1790802908016	1	dispatch lease of 77f2442f-0e12-483a-b56e-702b5ac0b8da lapsed	ACCEPT	com.alibaba.qwen.code.runtimebroker.ToolExecutionRecord@3e521715
1790802912680	1	dispatch lease of f3317ec1-86f3-498b-8a0c-526181356132 lapsed	REJECT	com.alibaba.qwen.code.runtimebroker.ToolExecutionRecord@241a0c3a
1790802912760	1	dispatch lease of f3317ec1-86f3-498b-8a0c-526181356132 lapsed	REJECT	com.alibaba.qwen.code.runtimebroker.ToolExecutionRecord@7fae4d4a
1790802912840	1	dispatch lease of f3317ec1-86f3-498b-8a0c-526181356132 lapsed	REJECT	com.alibaba.qwen.code.runtimebroker.ToolExecutionRecord@46baf579
1790802912928	1	dispatch lease of f3317ec1-86f3-498b-8a0c-526181356132 lapsed	REJECT	com.alibaba.qwen.code.runtimebroker.ToolExecutionRecord@ca66933
1790802913008	1	dispatch lease of f3317ec1-86f3-498b-8a0c-526181356132 lapsed	REJECT	com.alibaba.qwen.code.runtimebroker.ToolExecutionRecord@602c4656
1790802913086	1	dispatch lease of f3317ec1-86f3-498b-8a0c-526181356132 lapsed	REJECT	com.alibaba.qwen.code.runtimebroker.ToolExecutionRecord@3c443976
1790802913172	1	dispatch lease of f3317ec1-86f3-498b-8a0c-526181356132 lapsed	REJECT	com.alibaba.qwen.code.runtimebroker.ToolExecutionRecord@63998bf4
1790802913252	1	dispatch lease of f3317ec1-86f3-498b-8a0c-526181356132 lapsed	REJECT	com.alibaba.qwen.code.runtimebroker.ToolExecutionRecord@6f63c44f
1790802913336	1	dispatch lease of f3317ec1-86f3-498b-8a0c-526181356132 lapsed	REJECT	com.alibaba.qwen.code.runtimebroker.ToolExecutionRecord@2e6ba49a
1790802913412	1	dispatch lease of f3317ec1-86f3-498b-8a0c-526181356132 lapsed	REJECT	com.alibaba.qwen.code.runtimebroker.ToolExecutionRecord@6b04acb2
1790802913496	1	dispatch lease of f3317ec1-86f3-498b-8a0c-526181356132 lapsed	REJECT	com.alibaba.qwen.code.runtimebroker.ToolExecutionRecord@4a60ee36
1790802913572	1	dispatch lease of f3317ec1-86f3-498b-8a0c-526181356132 lapsed	REJECT	com.alibaba.qwen.code.runtimebroker.ToolExecutionRecord@5f212d84
1790802913652	1	dispatch lease of f3317ec1-86f3-498b-8a0c-526181356132 lapsed	REJECT	com.alibaba.qwen.code.runtimebroker.ToolExecutionRecord@6622a690
1790802913736	1	dispatch lease of f3317ec1-86f3-498b-8a0c-526181356132 lapsed	REJECT	com.alibaba.qwen.code.runtimebroker.ToolExecutionRecord@412c995d
1790802913820	1	dispatch lease of f3317ec1-86f3-498b-8a0c-526181356132 lapsed	REJECT	com.alibaba.qwen.code.runtimebroker.ToolExecutionRecord@2f4919b0
1790802913900	1	dispatch lease of f3317ec1-86f3-498b-8a0c-526181356132 lapsed	REJECT	com.alibaba.qwen.code.runtimebroker.ToolExecutionRecord@72be135f
1790802913976	1	dispatch lease of f3317ec1-86f3-498b-8a0c-526181356132 lapsed	REJECT	com.alibaba.qwen.code.runtimebroker.ToolExecutionRecord@2e647e59
1790802914052	1	dispatch lease of f3317ec1-86f3-498b-8a0c-526181356132 lapsed	REJECT	com.alibaba.qwen.code.runtimebroker.ToolExecutionRecord@deb3b60
1790802914128	1	dispatch lease of f3317ec1-86f3-498b-8a0c-526181356132 lapsed	REJECT	com.alibaba.qwen.code.runtimebroker.ToolExecutionRecord@73aff8f1
1790802914208	1	dispatch lease of f3317ec1-86f3-498b-8a0c-526181356132 lapsed	REJECT	com.alibaba.qwen.code.runtimebroker.ToolExecutionRecord@4c060c8f
1790802914284	1	dispatch lease of f3317ec1-86f3-498b-8a0c-526181356132 lapsed	REJECT	com.alibaba.qwen.code.runtimebroker.ToolExecutionRecord@49b07ee3
1790802914364	1	dispatch lease of f3317ec1-86f3-498b-8a0c-526181356132 lapsed	REJECT	com.alibaba.qwen.code.runtimebroker.ToolExecutionRecord@2424686b
1790802914440	1	dispatch lease of f3317ec1-86f3-498b-8a0c-526181356132 lapsed	REJECT	com.alibaba.qwen.code.runtimebroker.ToolExecutionRecord@4d7e7435
1790802914516	1	dispatch lease of f3317ec1-86f3-498b-8a0c-526181356132 lapsed	REJECT	com.alibaba.qwen.code.runtimebroker.ToolExecutionRecord@56febdc
1790802914588	1	dispatch lease of f3317ec1-86f3-498b-8a0c-526181356132 lapsed	REJECT	com.alibaba.qwen.code.runtimebroker.ToolExecutionRecord@294bdeb4
1790802914676	1	dispatch lease of f3317ec1-86f3-498b-8a0c-526181356132 lapsed	REJECT	com.alibaba.qwen.code.runtimebroker.ToolExecutionRecord@77bb0ab5
1790802914764	1	dispatch lease of f3317ec1-86f3-498b-8a0c-526181356132 lapsed	REJECT	com.alibaba.qwen.code.runtimebroker.ToolExecutionRecord@7bc9e6ab
1790802914848	1	dispatch lease of f3317ec1-86f3-498b-8a0c-526181356132 lapsed	REJECT	com.alibaba.qwen.code.runtimebroker.ToolExecutionRecord@712ca57b
1790802914924	1	dispatch lease of f3317ec1-86f3-498b-8a0c-526181356132 lapsed	REJECT	com.alibaba.qwen.code.runtimebroker.ToolExecutionRecord@51745f40
1790802915004	1	dispatch lease of f3317ec1-86f3-498b-8a0c-526181356132 lapsed	REJECT	com.alibaba.qwen.code.runtimebroker.ToolExecutionRecord@69e308c6
1790802915080	1	dispatch lease of f3317ec1-86f3-498b-8a0c-526181356132 lapsed	ACCEPT	com.alibaba.qwen.code.runtimebroker.ToolExecutionRecord@1c6e0a08
1790803186065	2	escaped writer pid	REJECT	false
1790803186119	2	escaped writer pid	REJECT	false
1790803186169	2	escaped writer pid	REJECT	false
1790803186219	2	escaped writer pid	ACCEPT	true
1790803186238	2	escaped writer output	REJECT	false
1790803186288	2	escaped writer output	REJECT	false
1790803186339	2	escaped writer output	ACCEPT	true
1790803188182	2	original worker loss after recovery fencing	ACCEPT	Reply[ok=false, value=null, status=503, code=runtime_broker_runtime_lost, retryable=true, message=Runtime is lost; recovery requires complete evidence and cleanup]
1790803188323	2	escaped writer continues after loss; the physical pin must remain	REJECT	41
1790803188376	2	escaped writer continues after loss; the physical pin must remain	ACCEPT	42
1790803191562	2	escaped writer pid	REJECT	false
1790803191613	2	escaped writer pid	REJECT	false
1790803191663	2	escaped writer pid	REJECT	false
1790803191713	2	escaped writer pid	REJECT	false
1790803191763	2	escaped writer pid	ACCEPT	true
1790803191784	2	escaped writer output	REJECT	false
1790803191834	2	escaped writer output	ACCEPT	true
1790803193538	2	original worker loss after recovery fencing	ACCEPT	Reply[ok=false, value=null, status=503, code=runtime_broker_runtime_lost, retryable=true, message=Runtime is lost; recovery requires complete evidence and cleanup]
1790803193581	2	escaped writer continues after loss; the physical pin must remain	REJECT	35
1790803193631	2	escaped writer continues after loss; the physical pin must remain	ACCEPT	36
1790803196576	2	marker = [start]	REJECT	[]
1790803196627	2	marker = [start]	REJECT	[]
1790803196677	2	marker = [start]	ACCEPT	[start]
1790803196745	2	UNKNOWN execution	REJECT	com.alibaba.qwen.code.runtimebroker.ToolExecutionRecord@89ff02e
1790803196821	2	UNKNOWN execution	ACCEPT	com.alibaba.qwen.code.runtimebroker.ToolExecutionRecord@62679465
1790803204274	2	marker = [start]	REJECT	[]
1790803204328	2	marker = [start]	REJECT	[]
1790803204378	2	marker = [start]	ACCEPT	[start]
1790803205825	2	original Runtime loss after recovery fencing	ACCEPT	Reply[ok=false, value=null, status=503, code=runtime_broker_runtime_lost, retryable=true, message=Runtime is lost; recovery requires complete evidence and cleanup]
1790803213932	2	dispatch lease of 9af4d3ad-335d-42f9-9bc1-9e1f92b78ab1 lapsed	REJECT	com.alibaba.qwen.code.runtimebroker.ToolExecutionRecord@362a019c
1790803214029	2	dispatch lease of 9af4d3ad-335d-42f9-9bc1-9e1f92b78ab1 lapsed	REJECT	com.alibaba.qwen.code.runtimebroker.ToolExecutionRecord@10c8f62
1790803214120	2	dispatch lease of 9af4d3ad-335d-42f9-9bc1-9e1f92b78ab1 lapsed	REJECT	com.alibaba.qwen.code.runtimebroker.ToolExecutionRecord@3f23a3a0
1790803214209	2	dispatch lease of 9af4d3ad-335d-42f9-9bc1-9e1f92b78ab1 lapsed	REJECT	com.alibaba.qwen.code.runtimebroker.ToolExecutionRecord@439a8f59
1790803214291	2	dispatch lease of 9af4d3ad-335d-42f9-9bc1-9e1f92b78ab1 lapsed	REJECT	com.alibaba.qwen.code.runtimebroker.ToolExecutionRecord@25bcd0c7
1790803214380	2	dispatch lease of 9af4d3ad-335d-42f9-9bc1-9e1f92b78ab1 lapsed	REJECT	com.alibaba.qwen.code.runtimebroker.ToolExecutionRecord@40dd3977
1790803214464	2	dispatch lease of 9af4d3ad-335d-42f9-9bc1-9e1f92b78ab1 lapsed	REJECT	com.alibaba.qwen.code.runtimebroker.ToolExecutionRecord@62dae245
1790803214561	2	dispatch lease of 9af4d3ad-335d-42f9-9bc1-9e1f92b78ab1 lapsed	REJECT	com.alibaba.qwen.code.runtimebroker.ToolExecutionRecord@6c6357f9
1790803214652	2	dispatch lease of 9af4d3ad-335d-42f9-9bc1-9e1f92b78ab1 lapsed	REJECT	com.alibaba.qwen.code.runtimebroker.ToolExecutionRecord@2f94c4db
1790803214737	2	dispatch lease of 9af4d3ad-335d-42f9-9bc1-9e1f92b78ab1 lapsed	REJECT	com.alibaba.qwen.code.runtimebroker.ToolExecutionRecord@6d8792db
1790803214825	2	dispatch lease of 9af4d3ad-335d-42f9-9bc1-9e1f92b78ab1 lapsed	REJECT	com.alibaba.qwen.code.runtimebroker.ToolExecutionRecord@5d25e6bb
1790803214893	2	dispatch lease of 9af4d3ad-335d-42f9-9bc1-9e1f92b78ab1 lapsed	REJECT	com.alibaba.qwen.code.runtimebroker.ToolExecutionRecord@2f162cc0
1790803214977	2	dispatch lease of 9af4d3ad-335d-42f9-9bc1-9e1f92b78ab1 lapsed	REJECT	com.alibaba.qwen.code.runtimebroker.ToolExecutionRecord@7f69d591
1790803215053	2	dispatch lease of 9af4d3ad-335d-42f9-9bc1-9e1f92b78ab1 lapsed	REJECT	com.alibaba.qwen.code.runtimebroker.ToolExecutionRecord@403132fc
1790803215140	2	dispatch lease of 9af4d3ad-335d-42f9-9bc1-9e1f92b78ab1 lapsed	REJECT	com.alibaba.qwen.code.runtimebroker.ToolExecutionRecord@2f7a7219
1790803215221	2	dispatch lease of 9af4d3ad-335d-42f9-9bc1-9e1f92b78ab1 lapsed	REJECT	com.alibaba.qwen.code.runtimebroker.ToolExecutionRecord@4a8a60bc
1790803215307	2	dispatch lease of 9af4d3ad-335d-42f9-9bc1-9e1f92b78ab1 lapsed	REJECT	com.alibaba.qwen.code.runtimebroker.ToolExecutionRecord@285d851a
1790803215402	2	dispatch lease of 9af4d3ad-335d-42f9-9bc1-9e1f92b78ab1 lapsed	REJECT	com.alibaba.qwen.code.runtimebroker.ToolExecutionRecord@5118388b
1790803215493	2	dispatch lease of 9af4d3ad-335d-42f9-9bc1-9e1f92b78ab1 lapsed	REJECT	com.alibaba.qwen.code.runtimebroker.ToolExecutionRecord@4a3e3e8b
1790803215589	2	dispatch lease of 9af4d3ad-335d-42f9-9bc1-9e1f92b78ab1 lapsed	REJECT	com.alibaba.qwen.code.runtimebroker.ToolExecutionRecord@4985cbcb
1790803215681	2	dispatch lease of 9af4d3ad-335d-42f9-9bc1-9e1f92b78ab1 lapsed	REJECT	com.alibaba.qwen.code.runtimebroker.ToolExecutionRecord@332a7fce
1790803215770	2	dispatch lease of 9af4d3ad-335d-42f9-9bc1-9e1f92b78ab1 lapsed	REJECT	com.alibaba.qwen.code.runtimebroker.ToolExecutionRecord@32232e55
1790803215856	2	dispatch lease of 9af4d3ad-335d-42f9-9bc1-9e1f92b78ab1 lapsed	REJECT	com.alibaba.qwen.code.runtimebroker.ToolExecutionRecord@293bb8a5
1790803215953	2	dispatch lease of 9af4d3ad-335d-42f9-9bc1-9e1f92b78ab1 lapsed	REJECT	com.alibaba.qwen.code.runtimebroker.ToolExecutionRecord@6e9319f
1790803216053	2	dispatch lease of 9af4d3ad-335d-42f9-9bc1-9e1f92b78ab1 lapsed	REJECT	com.alibaba.qwen.code.runtimebroker.ToolExecutionRecord@389adf1d
1790803216140	2	dispatch lease of 9af4d3ad-335d-42f9-9bc1-9e1f92b78ab1 lapsed	REJECT	com.alibaba.qwen.code.runtimebroker.ToolExecutionRecord@290b1b2e
1790803216220	2	dispatch lease of 9af4d3ad-335d-42f9-9bc1-9e1f92b78ab1 lapsed	REJECT	com.alibaba.qwen.code.runtimebroker.ToolExecutionRecord@2c177f9e
1790803216305	2	dispatch lease of 9af4d3ad-335d-42f9-9bc1-9e1f92b78ab1 lapsed	REJECT	com.alibaba.qwen.code.runtimebroker.ToolExecutionRecord@18e7143f
1790803216375	2	dispatch lease of 9af4d3ad-335d-42f9-9bc1-9e1f92b78ab1 lapsed	REJECT	com.alibaba.qwen.code.runtimebroker.ToolExecutionRecord@6fefce9e
1790803216460	2	dispatch lease of 9af4d3ad-335d-42f9-9bc1-9e1f92b78ab1 lapsed	REJECT	com.alibaba.qwen.code.runtimebroker.ToolExecutionRecord@192f2f27
1790803216553	2	dispatch lease of 9af4d3ad-335d-42f9-9bc1-9e1f92b78ab1 lapsed	REJECT	com.alibaba.qwen.code.runtimebroker.ToolExecutionRecord@6b5176f2
1790803216657	2	dispatch lease of 9af4d3ad-335d-42f9-9bc1-9e1f92b78ab1 lapsed	REJECT	com.alibaba.qwen.code.runtimebroker.ToolExecutionRecord@ec0c838
1790803216749	2	dispatch lease of 9af4d3ad-335d-42f9-9bc1-9e1f92b78ab1 lapsed	REJECT	com.alibaba.qwen.code.runtimebroker.ToolExecutionRecord@29cfd92b
1790803216845	2	dispatch lease of 9af4d3ad-335d-42f9-9bc1-9e1f92b78ab1 lapsed	REJECT	com.alibaba.qwen.code.runtimebroker.ToolExecutionRecord@11dee337
1790803216937	2	dispatch lease of 9af4d3ad-335d-42f9-9bc1-9e1f92b78ab1 lapsed	REJECT	com.alibaba.qwen.code.runtimebroker.ToolExecutionRecord@11acdc30
1790803217024	2	dispatch lease of 9af4d3ad-335d-42f9-9bc1-9e1f92b78ab1 lapsed	ACCEPT	com.alibaba.qwen.code.runtimebroker.ToolExecutionRecord@1922e6d
1790803222417	2	marker = [start]	REJECT	[]
1790803222468	2	marker = [start]	REJECT	[]
1790803222518	2	marker = [start]	ACCEPT	[start]
1790803223362	2	dispatch lease of 8e08b56e-e7ec-48a6-a5a2-f04ef9c6cfcd lapsed	REJECT	com.alibaba.qwen.code.runtimebroker.ToolExecutionRecord@f19c9d2
1790803223453	2	dispatch lease of 8e08b56e-e7ec-48a6-a5a2-f04ef9c6cfcd lapsed	REJECT	com.alibaba.qwen.code.runtimebroker.ToolExecutionRecord@4b6166aa
1790803223528	2	dispatch lease of 8e08b56e-e7ec-48a6-a5a2-f04ef9c6cfcd lapsed	REJECT	com.alibaba.qwen.code.runtimebroker.ToolExecutionRecord@4a067c25
1790803223617	2	dispatch lease of 8e08b56e-e7ec-48a6-a5a2-f04ef9c6cfcd lapsed	REJECT	com.alibaba.qwen.code.runtimebroker.ToolExecutionRecord@523424b5
1790803223696	2	dispatch lease of 8e08b56e-e7ec-48a6-a5a2-f04ef9c6cfcd lapsed	REJECT	com.alibaba.qwen.code.runtimebroker.ToolExecutionRecord@791cbf87
1790803223789	2	dispatch lease of 8e08b56e-e7ec-48a6-a5a2-f04ef9c6cfcd lapsed	REJECT	com.alibaba.qwen.code.runtimebroker.ToolExecutionRecord@2b52c0d6
1790803223885	2	dispatch lease of 8e08b56e-e7ec-48a6-a5a2-f04ef9c6cfcd lapsed	REJECT	com.alibaba.qwen.code.runtimebroker.ToolExecutionRecord@2f08c4b
1790803223972	2	dispatch lease of 8e08b56e-e7ec-48a6-a5a2-f04ef9c6cfcd lapsed	REJECT	com.alibaba.qwen.code.runtimebroker.ToolExecutionRecord@a486d78
1790803224055	2	dispatch lease of 8e08b56e-e7ec-48a6-a5a2-f04ef9c6cfcd lapsed	REJECT	com.alibaba.qwen.code.runtimebroker.ToolExecutionRecord@5dcbb60
1790803224144	2	dispatch lease of 8e08b56e-e7ec-48a6-a5a2-f04ef9c6cfcd lapsed	REJECT	com.alibaba.qwen.code.runtimebroker.ToolExecutionRecord@49f5c307
1790803224232	2	dispatch lease of 8e08b56e-e7ec-48a6-a5a2-f04ef9c6cfcd lapsed	REJECT	com.alibaba.qwen.code.runtimebroker.ToolExecutionRecord@66ea1466
1790803224308	2	dispatch lease of 8e08b56e-e7ec-48a6-a5a2-f04ef9c6cfcd lapsed	REJECT	com.alibaba.qwen.code.runtimebroker.ToolExecutionRecord@66971f6b
1790803224397	2	dispatch lease of 8e08b56e-e7ec-48a6-a5a2-f04ef9c6cfcd lapsed	REJECT	com.alibaba.qwen.code.runtimebroker.ToolExecutionRecord@142eef62
1790803224484	2	dispatch lease of 8e08b56e-e7ec-48a6-a5a2-f04ef9c6cfcd lapsed	REJECT	com.alibaba.qwen.code.runtimebroker.ToolExecutionRecord@56e07a08
1790803224576	2	dispatch lease of 8e08b56e-e7ec-48a6-a5a2-f04ef9c6cfcd lapsed	REJECT	com.alibaba.qwen.code.runtimebroker.ToolExecutionRecord@47289387
1790803224660	2	dispatch lease of 8e08b56e-e7ec-48a6-a5a2-f04ef9c6cfcd lapsed	REJECT	com.alibaba.qwen.code.runtimebroker.ToolExecutionRecord@f415a95
1790803224748	2	dispatch lease of 8e08b56e-e7ec-48a6-a5a2-f04ef9c6cfcd lapsed	REJECT	com.alibaba.qwen.code.runtimebroker.ToolExecutionRecord@37eeec90
1790803224828	2	dispatch lease of 8e08b56e-e7ec-48a6-a5a2-f04ef9c6cfcd lapsed	REJECT	com.alibaba.qwen.code.runtimebroker.ToolExecutionRecord@64da2a7
1790803224917	2	dispatch lease of 8e08b56e-e7ec-48a6-a5a2-f04ef9c6cfcd lapsed	REJECT	com.alibaba.qwen.code.runtimebroker.ToolExecutionRecord@2c715e84
1790803225000	2	dispatch lease of 8e08b56e-e7ec-48a6-a5a2-f04ef9c6cfcd lapsed	REJECT	com.alibaba.qwen.code.runtimebroker.ToolExecutionRecord@7caa550
1790803225084	2	dispatch lease of 8e08b56e-e7ec-48a6-a5a2-f04ef9c6cfcd lapsed	REJECT	com.alibaba.qwen.code.runtimebroker.ToolExecutionRecord@22c86919
1790803225172	2	dispatch lease of 8e08b56e-e7ec-48a6-a5a2-f04ef9c6cfcd lapsed	REJECT	com.alibaba.qwen.code.runtimebroker.ToolExecutionRecord@62417a16
1790803225260	2	dispatch lease of 8e08b56e-e7ec-48a6-a5a2-f04ef9c6cfcd lapsed	REJECT	com.alibaba.qwen.code.runtimebroker.ToolExecutionRecord@6ea1bcdc
1790803225340	2	dispatch lease of 8e08b56e-e7ec-48a6-a5a2-f04ef9c6cfcd lapsed	REJECT	com.alibaba.qwen.code.runtimebroker.ToolExecutionRecord@53499d85
1790803225414	2	dispatch lease of 8e08b56e-e7ec-48a6-a5a2-f04ef9c6cfcd lapsed	REJECT	com.alibaba.qwen.code.runtimebroker.ToolExecutionRecord@46c670a6
1790803225504	2	dispatch lease of 8e08b56e-e7ec-48a6-a5a2-f04ef9c6cfcd lapsed	REJECT	com.alibaba.qwen.code.runtimebroker.ToolExecutionRecord@2fd1731c
1790803225580	2	dispatch lease of 8e08b56e-e7ec-48a6-a5a2-f04ef9c6cfcd lapsed	REJECT	com.alibaba.qwen.code.runtimebroker.ToolExecutionRecord@1133ec6e
1790803225660	2	dispatch lease of 8e08b56e-e7ec-48a6-a5a2-f04ef9c6cfcd lapsed	REJECT	com.alibaba.qwen.code.runtimebroker.ToolExecutionRecord@2a2da905
1790803225748	2	dispatch lease of 8e08b56e-e7ec-48a6-a5a2-f04ef9c6cfcd lapsed	REJECT	com.alibaba.qwen.code.runtimebroker.ToolExecutionRecord@302fec27
1790803225836	2	dispatch lease of 8e08b56e-e7ec-48a6-a5a2-f04ef9c6cfcd lapsed	REJECT	com.alibaba.qwen.code.runtimebroker.ToolExecutionRecord@54107f42
1790803225920	2	dispatch lease of 8e08b56e-e7ec-48a6-a5a2-f04ef9c6cfcd lapsed	REJECT	com.alibaba.qwen.code.runtimebroker.ToolExecutionRecord@6cea706c
1790803226000	2	dispatch lease of 8e08b56e-e7ec-48a6-a5a2-f04ef9c6cfcd lapsed	REJECT	com.alibaba.qwen.code.runtimebroker.ToolExecutionRecord@1eba372c
1790803226080	2	dispatch lease of 8e08b56e-e7ec-48a6-a5a2-f04ef9c6cfcd lapsed	ACCEPT	com.alibaba.qwen.code.runtimebroker.ToolExecutionRecord@552518c3
1790803227245	2	reconciliation from evidence	ACCEPT	ALREADY_SETTLED
1790803234169	2	dispatch lease of 3df397ce-2f3b-4803-925e-0e0da809b1f9 lapsed	REJECT	com.alibaba.qwen.code.runtimebroker.ToolExecutionRecord@7cc9ce8
1790803234252	2	dispatch lease of 3df397ce-2f3b-4803-925e-0e0da809b1f9 lapsed	REJECT	com.alibaba.qwen.code.runtimebroker.ToolExecutionRecord@4837595f
1790803234336	2	dispatch lease of 3df397ce-2f3b-4803-925e-0e0da809b1f9 lapsed	REJECT	com.alibaba.qwen.code.runtimebroker.ToolExecutionRecord@6d2260db
1790803234417	2	dispatch lease of 3df397ce-2f3b-4803-925e-0e0da809b1f9 lapsed	REJECT	com.alibaba.qwen.code.runtimebroker.ToolExecutionRecord@7ee55e70
1790803234500	2	dispatch lease of 3df397ce-2f3b-4803-925e-0e0da809b1f9 lapsed	REJECT	com.alibaba.qwen.code.runtimebroker.ToolExecutionRecord@46292372
1790803234584	2	dispatch lease of 3df397ce-2f3b-4803-925e-0e0da809b1f9 lapsed	REJECT	com.alibaba.qwen.code.runtimebroker.ToolExecutionRecord@5c371e13
1790803234664	2	dispatch lease of 3df397ce-2f3b-4803-925e-0e0da809b1f9 lapsed	REJECT	com.alibaba.qwen.code.runtimebroker.ToolExecutionRecord@5215cd9a
1790803234748	2	dispatch lease of 3df397ce-2f3b-4803-925e-0e0da809b1f9 lapsed	REJECT	com.alibaba.qwen.code.runtimebroker.ToolExecutionRecord@9257031
1790803234832	2	dispatch lease of 3df397ce-2f3b-4803-925e-0e0da809b1f9 lapsed	REJECT	com.alibaba.qwen.code.runtimebroker.ToolExecutionRecord@aa5455e
1790803234912	2	dispatch lease of 3df397ce-2f3b-4803-925e-0e0da809b1f9 lapsed	REJECT	com.alibaba.qwen.code.runtimebroker.ToolExecutionRecord@1db0ec27
1790803235000	2	dispatch lease of 3df397ce-2f3b-4803-925e-0e0da809b1f9 lapsed	REJECT	com.alibaba.qwen.code.runtimebroker.ToolExecutionRecord@3b4ef7
1790803235084	2	dispatch lease of 3df397ce-2f3b-4803-925e-0e0da809b1f9 lapsed	REJECT	com.alibaba.qwen.code.runtimebroker.ToolExecutionRecord@1ad777f
1790803235164	2	dispatch lease of 3df397ce-2f3b-4803-925e-0e0da809b1f9 lapsed	REJECT	com.alibaba.qwen.code.runtimebroker.ToolExecutionRecord@25230246
1790803235261	2	dispatch lease of 3df397ce-2f3b-4803-925e-0e0da809b1f9 lapsed	REJECT	com.alibaba.qwen.code.runtimebroker.ToolExecutionRecord@54f5f647
1790803235348	2	dispatch lease of 3df397ce-2f3b-4803-925e-0e0da809b1f9 lapsed	REJECT	com.alibaba.qwen.code.runtimebroker.ToolExecutionRecord@4a67318f
1790803235425	2	dispatch lease of 3df397ce-2f3b-4803-925e-0e0da809b1f9 lapsed	REJECT	com.alibaba.qwen.code.runtimebroker.ToolExecutionRecord@27f0ad19
1790803235508	2	dispatch lease of 3df397ce-2f3b-4803-925e-0e0da809b1f9 lapsed	REJECT	com.alibaba.qwen.code.runtimebroker.ToolExecutionRecord@6650813a
1790803235592	2	dispatch lease of 3df397ce-2f3b-4803-925e-0e0da809b1f9 lapsed	REJECT	com.alibaba.qwen.code.runtimebroker.ToolExecutionRecord@450794b4
1790803235684	2	dispatch lease of 3df397ce-2f3b-4803-925e-0e0da809b1f9 lapsed	REJECT	com.alibaba.qwen.code.runtimebroker.ToolExecutionRecord@1af1347d
1790803235776	2	dispatch lease of 3df397ce-2f3b-4803-925e-0e0da809b1f9 lapsed	REJECT	com.alibaba.qwen.code.runtimebroker.ToolExecutionRecord@3b582111
1790803235865	2	dispatch lease of 3df397ce-2f3b-4803-925e-0e0da809b1f9 lapsed	REJECT	com.alibaba.qwen.code.runtimebroker.ToolExecutionRecord@c1a4620
1790803235940	2	dispatch lease of 3df397ce-2f3b-4803-925e-0e0da809b1f9 lapsed	REJECT	com.alibaba.qwen.code.runtimebroker.ToolExecutionRecord@4c432866
1790803236020	2	dispatch lease of 3df397ce-2f3b-4803-925e-0e0da809b1f9 lapsed	ACCEPT	com.alibaba.qwen.code.runtimebroker.ToolExecutionRecord@2237bada
1790803237094	2	reconciliation from evidence	ACCEPT	ALREADY_SETTLED
1790803239853	2	marker = [start]	REJECT	[]
1790803239904	2	marker = [start]	REJECT	[]
1790803239954	2	marker = [start]	ACCEPT	[start]
1790803249023	2	marker = [start, end]	ACCEPT	[start, end]
1790803253804	2	startup adoption	REJECT	Reply[ok=false, value=null, status=503, code=runtime_provisioning_in_progress, retryable=true, message=another Broker owns Runtime provisioning]
1790803253917	2	startup adoption	REJECT	Reply[ok=false, value=null, status=503, code=runtime_provisioning_in_progress, retryable=true, message=another Broker owns Runtime provisioning]
1790803254289	2	startup adoption	ACCEPT	Reply[ok=true, value={"bindingId":"255a37b3-21ee-4eb6-b764-7a415524d926","generation":1,"state":"READY"}, status=0, code=null, retryable=false, message=null]
1790803259601	2	startup adoption	REJECT	Reply[ok=false, value=null, status=503, code=runtime_provisioning_in_progress, retryable=true, message=another Broker owns Runtime provisioning]
1790803259709	2	startup adoption	REJECT	Reply[ok=false, value=null, status=503, code=runtime_provisioning_in_progress, retryable=true, message=another Broker owns Runtime provisioning]
1790803259815	2	startup adoption	REJECT	Reply[ok=false, value=null, status=503, code=runtime_provisioning_in_progress, retryable=true, message=another Broker owns Runtime provisioning]
1790803259925	2	startup adoption	REJECT	Reply[ok=false, value=null, status=503, code=runtime_provisioning_in_progress, retryable=true, message=another Broker owns Runtime provisioning]
1790803260276	2	startup adoption	ACCEPT	Reply[ok=true, value={"bindingId":"74d4f8a3-9427-41c1-906d-293457a08d3b","generation":1,"state":"READY"}, status=0, code=null, retryable=false, message=null]
1790803263615	2	marker = [start]	REJECT	[]
1790803263665	2	marker = [start]	REJECT	[]
1790803263715	2	marker = [start]	REJECT	[]
1790803263765	2	marker = [start]	ACCEPT	[start]
1790803265364	2	original worker loss after recovery fencing	ACCEPT	Reply[ok=false, value=null, status=503, code=runtime_broker_runtime_lost, retryable=true, message=Runtime is lost; recovery requires complete evidence and cleanup]
1790803269189	2	project/marker = [start]	REJECT	[]
1790803269239	2	project/marker = [start]	REJECT	[]
1790803269290	2	project/marker = [start]	ACCEPT	[start]
1790803270873	2	original worker loss after recovery fencing	ACCEPT	Reply[ok=false, value=null, status=503, code=runtime_broker_runtime_lost, retryable=true, message=Runtime is lost; recovery requires complete evidence and cleanup]
1790803286301	2	marker = [start]	REJECT	[]
1790803286351	2	marker = [start]	REJECT	[]
1790803286402	2	marker = [start]	ACCEPT	[start]
1790803288096	2	dispatch lease of a4935965-d951-493b-85ad-0e726a6c5851 lapsed	REJECT	com.alibaba.qwen.code.runtimebroker.ToolExecutionRecord@5ab9b447
1790803288176	2	dispatch lease of a4935965-d951-493b-85ad-0e726a6c5851 lapsed	REJECT	com.alibaba.qwen.code.runtimebroker.ToolExecutionRecord@2b50150
1790803288256	2	dispatch lease of a4935965-d951-493b-85ad-0e726a6c5851 lapsed	REJECT	com.alibaba.qwen.code.runtimebroker.ToolExecutionRecord@41c62850
1790803288332	2	dispatch lease of a4935965-d951-493b-85ad-0e726a6c5851 lapsed	REJECT	com.alibaba.qwen.code.runtimebroker.ToolExecutionRecord@678040b3
1790803288412	2	dispatch lease of a4935965-d951-493b-85ad-0e726a6c5851 lapsed	REJECT	com.alibaba.qwen.code.runtimebroker.ToolExecutionRecord@7d2a6eac
1790803288496	2	dispatch lease of a4935965-d951-493b-85ad-0e726a6c5851 lapsed	REJECT	com.alibaba.qwen.code.runtimebroker.ToolExecutionRecord@44d70181
1790803288576	2	dispatch lease of a4935965-d951-493b-85ad-0e726a6c5851 lapsed	REJECT	com.alibaba.qwen.code.runtimebroker.ToolExecutionRecord@742d4e15
1790803288652	2	dispatch lease of a4935965-d951-493b-85ad-0e726a6c5851 lapsed	REJECT	com.alibaba.qwen.code.runtimebroker.ToolExecutionRecord@4163f1cd
1790803288728	2	dispatch lease of a4935965-d951-493b-85ad-0e726a6c5851 lapsed	REJECT	com.alibaba.qwen.code.runtimebroker.ToolExecutionRecord@5c09d180
1790803288812	2	dispatch lease of a4935965-d951-493b-85ad-0e726a6c5851 lapsed	REJECT	com.alibaba.qwen.code.runtimebroker.ToolExecutionRecord@680bddf5
1790803288892	2	dispatch lease of a4935965-d951-493b-85ad-0e726a6c5851 lapsed	REJECT	com.alibaba.qwen.code.runtimebroker.ToolExecutionRecord@48d7ad8b
1790803288972	2	dispatch lease of a4935965-d951-493b-85ad-0e726a6c5851 lapsed	REJECT	com.alibaba.qwen.code.runtimebroker.ToolExecutionRecord@53bf7094
1790803289050	2	dispatch lease of a4935965-d951-493b-85ad-0e726a6c5851 lapsed	REJECT	com.alibaba.qwen.code.runtimebroker.ToolExecutionRecord@a68df9
1790803289128	2	dispatch lease of a4935965-d951-493b-85ad-0e726a6c5851 lapsed	REJECT	com.alibaba.qwen.code.runtimebroker.ToolExecutionRecord@2f6bbeb0
1790803289208	2	dispatch lease of a4935965-d951-493b-85ad-0e726a6c5851 lapsed	REJECT	com.alibaba.qwen.code.runtimebroker.ToolExecutionRecord@64711bf2
1790803289296	2	dispatch lease of a4935965-d951-493b-85ad-0e726a6c5851 lapsed	REJECT	com.alibaba.qwen.code.runtimebroker.ToolExecutionRecord@ceb4bd2
1790803289380	2	dispatch lease of a4935965-d951-493b-85ad-0e726a6c5851 lapsed	REJECT	com.alibaba.qwen.code.runtimebroker.ToolExecutionRecord@56bc3fac
1790803289472	2	dispatch lease of a4935965-d951-493b-85ad-0e726a6c5851 lapsed	REJECT	com.alibaba.qwen.code.runtimebroker.ToolExecutionRecord@37ff4054
1790803289556	2	dispatch lease of a4935965-d951-493b-85ad-0e726a6c5851 lapsed	REJECT	com.alibaba.qwen.code.runtimebroker.ToolExecutionRecord@737edcfa
1790803289632	2	dispatch lease of a4935965-d951-493b-85ad-0e726a6c5851 lapsed	REJECT	com.alibaba.qwen.code.runtimebroker.ToolExecutionRecord@36c54a56
1790803289712	2	dispatch lease of a4935965-d951-493b-85ad-0e726a6c5851 lapsed	REJECT	com.alibaba.qwen.code.runtimebroker.ToolExecutionRecord@73386d72
1790803289788	2	dispatch lease of a4935965-d951-493b-85ad-0e726a6c5851 lapsed	REJECT	com.alibaba.qwen.code.runtimebroker.ToolExecutionRecord@584f5497
1790803289864	2	dispatch lease of a4935965-d951-493b-85ad-0e726a6c5851 lapsed	REJECT	com.alibaba.qwen.code.runtimebroker.ToolExecutionRecord@6df20ade
1790803289937	2	dispatch lease of a4935965-d951-493b-85ad-0e726a6c5851 lapsed	REJECT	com.alibaba.qwen.code.runtimebroker.ToolExecutionRecord@341a8659
1790803290016	2	dispatch lease of a4935965-d951-493b-85ad-0e726a6c5851 lapsed	REJECT	com.alibaba.qwen.code.runtimebroker.ToolExecutionRecord@181d7f28
1790803290100	2	dispatch lease of a4935965-d951-493b-85ad-0e726a6c5851 lapsed	REJECT	com.alibaba.qwen.code.runtimebroker.ToolExecutionRecord@cda4919
1790803290192	2	dispatch lease of a4935965-d951-493b-85ad-0e726a6c5851 lapsed	REJECT	com.alibaba.qwen.code.runtimebroker.ToolExecutionRecord@344b8190
1790803290261	2	dispatch lease of a4935965-d951-493b-85ad-0e726a6c5851 lapsed	REJECT	com.alibaba.qwen.code.runtimebroker.ToolExecutionRecord@1929425f
1790803290372	2	dispatch lease of a4935965-d951-493b-85ad-0e726a6c5851 lapsed	REJECT	com.alibaba.qwen.code.runtimebroker.ToolExecutionRecord@757f675c
1790803290444	2	dispatch lease of a4935965-d951-493b-85ad-0e726a6c5851 lapsed	REJECT	com.alibaba.qwen.code.runtimebroker.ToolExecutionRecord@5d10455d
1790803290528	2	dispatch lease of a4935965-d951-493b-85ad-0e726a6c5851 lapsed	REJECT	com.alibaba.qwen.code.runtimebroker.ToolExecutionRecord@55b62629
1790803290608	2	dispatch lease of a4935965-d951-493b-85ad-0e726a6c5851 lapsed	REJECT	com.alibaba.qwen.code.runtimebroker.ToolExecutionRecord@6759f091
1790803290690	2	dispatch lease of a4935965-d951-493b-85ad-0e726a6c5851 lapsed	REJECT	com.alibaba.qwen.code.runtimebroker.ToolExecutionRecord@20921b9b
1790803290764	2	dispatch lease of a4935965-d951-493b-85ad-0e726a6c5851 lapsed	REJECT	com.alibaba.qwen.code.runtimebroker.ToolExecutionRecord@654b72c0
1790803290848	2	dispatch lease of a4935965-d951-493b-85ad-0e726a6c5851 lapsed	REJECT	com.alibaba.qwen.code.runtimebroker.ToolExecutionRecord@15fc442
1790803290924	2	dispatch lease of a4935965-d951-493b-85ad-0e726a6c5851 lapsed	REJECT	com.alibaba.qwen.code.runtimebroker.ToolExecutionRecord@2a3a299
1790803291004	2	dispatch lease of a4935965-d951-493b-85ad-0e726a6c5851 lapsed	REJECT	com.alibaba.qwen.code.runtimebroker.ToolExecutionRecord@31be6b49
1790803291084	2	dispatch lease of a4935965-d951-493b-85ad-0e726a6c5851 lapsed	ACCEPT	com.alibaba.qwen.code.runtimebroker.ToolExecutionRecord@70d8de
1790803291460	2	cancelled original call	ACCEPT	RESOLVED
1790803294392	2	project/marker = [start]	REJECT	[]
1790803294442	2	project/marker = [start]	REJECT	[]
1790803294492	2	project/marker = [start]	REJECT	[]
1790803294543	2	project/marker = [start]	ACCEPT	[start]
1790803296376	2	dispatch lease of 4b44c0b0-305d-45e2-8d11-384ebadb5939 lapsed	REJECT	com.alibaba.qwen.code.runtimebroker.ToolExecutionRecord@3af9aa66
1790803296460	2	dispatch lease of 4b44c0b0-305d-45e2-8d11-384ebadb5939 lapsed	REJECT	com.alibaba.qwen.code.runtimebroker.ToolExecutionRecord@62d0ac62
1790803296536	2	dispatch lease of 4b44c0b0-305d-45e2-8d11-384ebadb5939 lapsed	REJECT	com.alibaba.qwen.code.runtimebroker.ToolExecutionRecord@3003697
1790803296621	2	dispatch lease of 4b44c0b0-305d-45e2-8d11-384ebadb5939 lapsed	REJECT	com.alibaba.qwen.code.runtimebroker.ToolExecutionRecord@437ebf59
1790803296708	2	dispatch lease of 4b44c0b0-305d-45e2-8d11-384ebadb5939 lapsed	REJECT	com.alibaba.qwen.code.runtimebroker.ToolExecutionRecord@2d691f3d
1790803296784	2	dispatch lease of 4b44c0b0-305d-45e2-8d11-384ebadb5939 lapsed	REJECT	com.alibaba.qwen.code.runtimebroker.ToolExecutionRecord@1da6ee17
1790803296866	2	dispatch lease of 4b44c0b0-305d-45e2-8d11-384ebadb5939 lapsed	REJECT	com.alibaba.qwen.code.runtimebroker.ToolExecutionRecord@5b69d40d
1790803296944	2	dispatch lease of 4b44c0b0-305d-45e2-8d11-384ebadb5939 lapsed	REJECT	com.alibaba.qwen.code.runtimebroker.ToolExecutionRecord@2516fc68
1790803297028	2	dispatch lease of 4b44c0b0-305d-45e2-8d11-384ebadb5939 lapsed	REJECT	com.alibaba.qwen.code.runtimebroker.ToolExecutionRecord@72889280
1790803297116	2	dispatch lease of 4b44c0b0-305d-45e2-8d11-384ebadb5939 lapsed	REJECT	com.alibaba.qwen.code.runtimebroker.ToolExecutionRecord@2d140a7
1790803297200	2	dispatch lease of 4b44c0b0-305d-45e2-8d11-384ebadb5939 lapsed	REJECT	com.alibaba.qwen.code.runtimebroker.ToolExecutionRecord@7f34a967
1790803297280	2	dispatch lease of 4b44c0b0-305d-45e2-8d11-384ebadb5939 lapsed	REJECT	com.alibaba.qwen.code.runtimebroker.ToolExecutionRecord@240139e1
1790803297364	2	dispatch lease of 4b44c0b0-305d-45e2-8d11-384ebadb5939 lapsed	REJECT	com.alibaba.qwen.code.runtimebroker.ToolExecutionRecord@253c1256
1790803297436	2	dispatch lease of 4b44c0b0-305d-45e2-8d11-384ebadb5939 lapsed	REJECT	com.alibaba.qwen.code.runtimebroker.ToolExecutionRecord@55f45b92
1790803297520	2	dispatch lease of 4b44c0b0-305d-45e2-8d11-384ebadb5939 lapsed	REJECT	com.alibaba.qwen.code.runtimebroker.ToolExecutionRecord@4a325eb9
1790803297600	2	dispatch lease of 4b44c0b0-305d-45e2-8d11-384ebadb5939 lapsed	REJECT	com.alibaba.qwen.code.runtimebroker.ToolExecutionRecord@415e0bcb
1790803297692	2	dispatch lease of 4b44c0b0-305d-45e2-8d11-384ebadb5939 lapsed	REJECT	com.alibaba.qwen.code.runtimebroker.ToolExecutionRecord@2c30b71f
1790803297780	2	dispatch lease of 4b44c0b0-305d-45e2-8d11-384ebadb5939 lapsed	REJECT	com.alibaba.qwen.code.runtimebroker.ToolExecutionRecord@bf71cec
1790803297860	2	dispatch lease of 4b44c0b0-305d-45e2-8d11-384ebadb5939 lapsed	REJECT	com.alibaba.qwen.code.runtimebroker.ToolExecutionRecord@1654a892
1790803297944	2	dispatch lease of 4b44c0b0-305d-45e2-8d11-384ebadb5939 lapsed	REJECT	com.alibaba.qwen.code.runtimebroker.ToolExecutionRecord@6c000e0c
1790803298032	2	dispatch lease of 4b44c0b0-305d-45e2-8d11-384ebadb5939 lapsed	REJECT	com.alibaba.qwen.code.runtimebroker.ToolExecutionRecord@6974a715
1790803298116	2	dispatch lease of 4b44c0b0-305d-45e2-8d11-384ebadb5939 lapsed	REJECT	com.alibaba.qwen.code.runtimebroker.ToolExecutionRecord@4c9e9fb8
1790803298200	2	dispatch lease of 4b44c0b0-305d-45e2-8d11-384ebadb5939 lapsed	REJECT	com.alibaba.qwen.code.runtimebroker.ToolExecutionRecord@210f0cc1
1790803298276	2	dispatch lease of 4b44c0b0-305d-45e2-8d11-384ebadb5939 lapsed	REJECT	com.alibaba.qwen.code.runtimebroker.ToolExecutionRecord@c7a977f
1790803298359	2	dispatch lease of 4b44c0b0-305d-45e2-8d11-384ebadb5939 lapsed	REJECT	com.alibaba.qwen.code.runtimebroker.ToolExecutionRecord@2c383e33
1790803298445	2	dispatch lease of 4b44c0b0-305d-45e2-8d11-384ebadb5939 lapsed	REJECT	com.alibaba.qwen.code.runtimebroker.ToolExecutionRecord@2fa3be26
1790803298524	2	dispatch lease of 4b44c0b0-305d-45e2-8d11-384ebadb5939 lapsed	REJECT	com.alibaba.qwen.code.runtimebroker.ToolExecutionRecord@4e6d7365
1790803298612	2	dispatch lease of 4b44c0b0-305d-45e2-8d11-384ebadb5939 lapsed	REJECT	com.alibaba.qwen.code.runtimebroker.ToolExecutionRecord@21ae6e73
1790803298688	2	dispatch lease of 4b44c0b0-305d-45e2-8d11-384ebadb5939 lapsed	REJECT	com.alibaba.qwen.code.runtimebroker.ToolExecutionRecord@36a7abe1
1790803298763	2	dispatch lease of 4b44c0b0-305d-45e2-8d11-384ebadb5939 lapsed	REJECT	com.alibaba.qwen.code.runtimebroker.ToolExecutionRecord@11a82d0f
1790803298848	2	dispatch lease of 4b44c0b0-305d-45e2-8d11-384ebadb5939 lapsed	REJECT	com.alibaba.qwen.code.runtimebroker.ToolExecutionRecord@16943e88
1790803298928	2	dispatch lease of 4b44c0b0-305d-45e2-8d11-384ebadb5939 lapsed	REJECT	com.alibaba.qwen.code.runtimebroker.ToolExecutionRecord@e36bb2a
1790803299016	2	dispatch lease of 4b44c0b0-305d-45e2-8d11-384ebadb5939 lapsed	ACCEPT	com.alibaba.qwen.code.runtimebroker.ToolExecutionRecord@367795c7
1790803299372	2	cancelled original call	ACCEPT	RESOLVED
1790803303173	2	dispatch lease of 610afee6-5b2c-47b2-b2f2-4b0ce3b1a84f lapsed	REJECT	com.alibaba.qwen.code.runtimebroker.ToolExecutionRecord@60e949e1
1790803303252	2	dispatch lease of 610afee6-5b2c-47b2-b2f2-4b0ce3b1a84f lapsed	REJECT	com.alibaba.qwen.code.runtimebroker.ToolExecutionRecord@3569edd5
1790803303336	2	dispatch lease of 610afee6-5b2c-47b2-b2f2-4b0ce3b1a84f lapsed	REJECT	com.alibaba.qwen.code.runtimebroker.ToolExecutionRecord@7a356a0d
1790803303412	2	dispatch lease of 610afee6-5b2c-47b2-b2f2-4b0ce3b1a84f lapsed	REJECT	com.alibaba.qwen.code.runtimebroker.ToolExecutionRecord@538cd0f2
1790803303493	2	dispatch lease of 610afee6-5b2c-47b2-b2f2-4b0ce3b1a84f lapsed	REJECT	com.alibaba.qwen.code.runtimebroker.ToolExecutionRecord@1761de10
1790803303568	2	dispatch lease of 610afee6-5b2c-47b2-b2f2-4b0ce3b1a84f lapsed	REJECT	com.alibaba.qwen.code.runtimebroker.ToolExecutionRecord@5bdaf2ce
1790803303644	2	dispatch lease of 610afee6-5b2c-47b2-b2f2-4b0ce3b1a84f lapsed	REJECT	com.alibaba.qwen.code.runtimebroker.ToolExecutionRecord@19f21b6b
1790803303724	2	dispatch lease of 610afee6-5b2c-47b2-b2f2-4b0ce3b1a84f lapsed	REJECT	com.alibaba.qwen.code.runtimebroker.ToolExecutionRecord@1358b28e
1790803303808	2	dispatch lease of 610afee6-5b2c-47b2-b2f2-4b0ce3b1a84f lapsed	REJECT	com.alibaba.qwen.code.runtimebroker.ToolExecutionRecord@7de4a01f
1790803303888	2	dispatch lease of 610afee6-5b2c-47b2-b2f2-4b0ce3b1a84f lapsed	REJECT	com.alibaba.qwen.code.runtimebroker.ToolExecutionRecord@208e9ef6
1790803303968	2	dispatch lease of 610afee6-5b2c-47b2-b2f2-4b0ce3b1a84f lapsed	REJECT	com.alibaba.qwen.code.runtimebroker.ToolExecutionRecord@34448e6c
1790803304048	2	dispatch lease of 610afee6-5b2c-47b2-b2f2-4b0ce3b1a84f lapsed	REJECT	com.alibaba.qwen.code.runtimebroker.ToolExecutionRecord@435ce306
1790803304128	2	dispatch lease of 610afee6-5b2c-47b2-b2f2-4b0ce3b1a84f lapsed	REJECT	com.alibaba.qwen.code.runtimebroker.ToolExecutionRecord@4b61d0c6
1790803304216	2	dispatch lease of 610afee6-5b2c-47b2-b2f2-4b0ce3b1a84f lapsed	REJECT	com.alibaba.qwen.code.runtimebroker.ToolExecutionRecord@304b9f1a
1790803304292	2	dispatch lease of 610afee6-5b2c-47b2-b2f2-4b0ce3b1a84f lapsed	REJECT	com.alibaba.qwen.code.runtimebroker.ToolExecutionRecord@4aeaadc1
1790803304372	2	dispatch lease of 610afee6-5b2c-47b2-b2f2-4b0ce3b1a84f lapsed	REJECT	com.alibaba.qwen.code.runtimebroker.ToolExecutionRecord@7daa61f3
1790803304456	2	dispatch lease of 610afee6-5b2c-47b2-b2f2-4b0ce3b1a84f lapsed	REJECT	com.alibaba.qwen.code.runtimebroker.ToolExecutionRecord@56f2bbea
1790803304540	2	dispatch lease of 610afee6-5b2c-47b2-b2f2-4b0ce3b1a84f lapsed	REJECT	com.alibaba.qwen.code.runtimebroker.ToolExecutionRecord@b0964b2
1790803304628	2	dispatch lease of 610afee6-5b2c-47b2-b2f2-4b0ce3b1a84f lapsed	REJECT	com.alibaba.qwen.code.runtimebroker.ToolExecutionRecord@24e8de5c
1790803304712	2	dispatch lease of 610afee6-5b2c-47b2-b2f2-4b0ce3b1a84f lapsed	REJECT	com.alibaba.qwen.code.runtimebroker.ToolExecutionRecord@6f89f665
1790803304808	2	dispatch lease of 610afee6-5b2c-47b2-b2f2-4b0ce3b1a84f lapsed	REJECT	com.alibaba.qwen.code.runtimebroker.ToolExecutionRecord@1ad926d3
1790803304892	2	dispatch lease of 610afee6-5b2c-47b2-b2f2-4b0ce3b1a84f lapsed	REJECT	com.alibaba.qwen.code.runtimebroker.ToolExecutionRecord@5f2afe62
1790803304972	2	dispatch lease of 610afee6-5b2c-47b2-b2f2-4b0ce3b1a84f lapsed	REJECT	com.alibaba.qwen.code.runtimebroker.ToolExecutionRecord@60c16548
1790803305049	2	dispatch lease of 610afee6-5b2c-47b2-b2f2-4b0ce3b1a84f lapsed	REJECT	com.alibaba.qwen.code.runtimebroker.ToolExecutionRecord@38b972d7
1790803305128	2	dispatch lease of 610afee6-5b2c-47b2-b2f2-4b0ce3b1a84f lapsed	REJECT	com.alibaba.qwen.code.runtimebroker.ToolExecutionRecord@288a4658
1790803305204	2	dispatch lease of 610afee6-5b2c-47b2-b2f2-4b0ce3b1a84f lapsed	REJECT	com.alibaba.qwen.code.runtimebroker.ToolExecutionRecord@534243e4
1790803305284	2	dispatch lease of 610afee6-5b2c-47b2-b2f2-4b0ce3b1a84f lapsed	REJECT	com.alibaba.qwen.code.runtimebroker.ToolExecutionRecord@66d57c1b
1790803305368	2	dispatch lease of 610afee6-5b2c-47b2-b2f2-4b0ce3b1a84f lapsed	REJECT	com.alibaba.qwen.code.runtimebroker.ToolExecutionRecord@1e411d81
1790803305440	2	dispatch lease of 610afee6-5b2c-47b2-b2f2-4b0ce3b1a84f lapsed	REJECT	com.alibaba.qwen.code.runtimebroker.ToolExecutionRecord@7fcff1b9
1790803305520	2	dispatch lease of 610afee6-5b2c-47b2-b2f2-4b0ce3b1a84f lapsed	REJECT	com.alibaba.qwen.code.runtimebroker.ToolExecutionRecord@36074e47
1790803305596	2	dispatch lease of 610afee6-5b2c-47b2-b2f2-4b0ce3b1a84f lapsed	REJECT	com.alibaba.qwen.code.runtimebroker.ToolExecutionRecord@66eb985d
1790803305688	2	dispatch lease of 610afee6-5b2c-47b2-b2f2-4b0ce3b1a84f lapsed	REJECT	com.alibaba.qwen.code.runtimebroker.ToolExecutionRecord@6c8a68c1
1790803305766	2	dispatch lease of 610afee6-5b2c-47b2-b2f2-4b0ce3b1a84f lapsed	REJECT	com.alibaba.qwen.code.runtimebroker.ToolExecutionRecord@5f8890c2
1790803305840	2	dispatch lease of 610afee6-5b2c-47b2-b2f2-4b0ce3b1a84f lapsed	REJECT	com.alibaba.qwen.code.runtimebroker.ToolExecutionRecord@138a7441
1790803305920	2	dispatch lease of 610afee6-5b2c-47b2-b2f2-4b0ce3b1a84f lapsed	REJECT	com.alibaba.qwen.code.runtimebroker.ToolExecutionRecord@3e598df9
1790803305996	2	dispatch lease of 610afee6-5b2c-47b2-b2f2-4b0ce3b1a84f lapsed	REJECT	com.alibaba.qwen.code.runtimebroker.ToolExecutionRecord@3088660d
1790803306076	2	dispatch lease of 610afee6-5b2c-47b2-b2f2-4b0ce3b1a84f lapsed	ACCEPT	com.alibaba.qwen.code.runtimebroker.ToolExecutionRecord@6813a331
1790803311080	2	dispatch lease of a926457c-c928-44e5-9e9f-266abb106638 lapsed	REJECT	com.alibaba.qwen.code.runtimebroker.ToolExecutionRecord@5d28bcd5
1790803311156	2	dispatch lease of a926457c-c928-44e5-9e9f-266abb106638 lapsed	REJECT	com.alibaba.qwen.code.runtimebroker.ToolExecutionRecord@20d11153
1790803311236	2	dispatch lease of a926457c-c928-44e5-9e9f-266abb106638 lapsed	REJECT	com.alibaba.qwen.code.runtimebroker.ToolExecutionRecord@78dc4696
1790803311316	2	dispatch lease of a926457c-c928-44e5-9e9f-266abb106638 lapsed	REJECT	com.alibaba.qwen.code.runtimebroker.ToolExecutionRecord@4fe01805
1790803311400	2	dispatch lease of a926457c-c928-44e5-9e9f-266abb106638 lapsed	REJECT	com.alibaba.qwen.code.runtimebroker.ToolExecutionRecord@38f2e97e
1790803311480	2	dispatch lease of a926457c-c928-44e5-9e9f-266abb106638 lapsed	REJECT	com.alibaba.qwen.code.runtimebroker.ToolExecutionRecord@1144a55a
1790803311560	2	dispatch lease of a926457c-c928-44e5-9e9f-266abb106638 lapsed	REJECT	com.alibaba.qwen.code.runtimebroker.ToolExecutionRecord@265c5d69
1790803311630	2	dispatch lease of a926457c-c928-44e5-9e9f-266abb106638 lapsed	REJECT	com.alibaba.qwen.code.runtimebroker.ToolExecutionRecord@33a630fa
1790803311712	2	dispatch lease of a926457c-c928-44e5-9e9f-266abb106638 lapsed	REJECT	com.alibaba.qwen.code.runtimebroker.ToolExecutionRecord@7b22ec89
1790803311796	2	dispatch lease of a926457c-c928-44e5-9e9f-266abb106638 lapsed	REJECT	com.alibaba.qwen.code.runtimebroker.ToolExecutionRecord@48b0e701
1790803311876	2	dispatch lease of a926457c-c928-44e5-9e9f-266abb106638 lapsed	REJECT	com.alibaba.qwen.code.runtimebroker.ToolExecutionRecord@30e92cb9
1790803311956	2	dispatch lease of a926457c-c928-44e5-9e9f-266abb106638 lapsed	REJECT	com.alibaba.qwen.code.runtimebroker.ToolExecutionRecord@3f4f9acd
1790803312032	2	dispatch lease of a926457c-c928-44e5-9e9f-266abb106638 lapsed	REJECT	com.alibaba.qwen.code.runtimebroker.ToolExecutionRecord@4f7c0be3
1790803312112	2	dispatch lease of a926457c-c928-44e5-9e9f-266abb106638 lapsed	REJECT	com.alibaba.qwen.code.runtimebroker.ToolExecutionRecord@4fa06f52
1790803312192	2	dispatch lease of a926457c-c928-44e5-9e9f-266abb106638 lapsed	REJECT	com.alibaba.qwen.code.runtimebroker.ToolExecutionRecord@705202d1
1790803312268	2	dispatch lease of a926457c-c928-44e5-9e9f-266abb106638 lapsed	REJECT	com.alibaba.qwen.code.runtimebroker.ToolExecutionRecord@3bd55d8
1790803312356	2	dispatch lease of a926457c-c928-44e5-9e9f-266abb106638 lapsed	REJECT	com.alibaba.qwen.code.runtimebroker.ToolExecutionRecord@61942c1
1790803312439	2	dispatch lease of a926457c-c928-44e5-9e9f-266abb106638 lapsed	REJECT	com.alibaba.qwen.code.runtimebroker.ToolExecutionRecord@62a8fd44
1790803312524	2	dispatch lease of a926457c-c928-44e5-9e9f-266abb106638 lapsed	REJECT	com.alibaba.qwen.code.runtimebroker.ToolExecutionRecord@4ee33af7
1790803312600	2	dispatch lease of a926457c-c928-44e5-9e9f-266abb106638 lapsed	REJECT	com.alibaba.qwen.code.runtimebroker.ToolExecutionRecord@1d035be3
1790803312680	2	dispatch lease of a926457c-c928-44e5-9e9f-266abb106638 lapsed	REJECT	com.alibaba.qwen.code.runtimebroker.ToolExecutionRecord@58faa93b
1790803312764	2	dispatch lease of a926457c-c928-44e5-9e9f-266abb106638 lapsed	REJECT	com.alibaba.qwen.code.runtimebroker.ToolExecutionRecord@6b9c69a9
1790803312852	2	dispatch lease of a926457c-c928-44e5-9e9f-266abb106638 lapsed	REJECT	com.alibaba.qwen.code.runtimebroker.ToolExecutionRecord@497570fb
1790803312932	2	dispatch lease of a926457c-c928-44e5-9e9f-266abb106638 lapsed	REJECT	com.alibaba.qwen.code.runtimebroker.ToolExecutionRecord@4dd94a58
1790803313008	2	dispatch lease of a926457c-c928-44e5-9e9f-266abb106638 lapsed	REJECT	com.alibaba.qwen.code.runtimebroker.ToolExecutionRecord@75b21c3b
1790803313084	2	dispatch lease of a926457c-c928-44e5-9e9f-266abb106638 lapsed	REJECT	com.alibaba.qwen.code.runtimebroker.ToolExecutionRecord@4bd2f0dc
1790803313168	2	dispatch lease of a926457c-c928-44e5-9e9f-266abb106638 lapsed	REJECT	com.alibaba.qwen.code.runtimebroker.ToolExecutionRecord@51e37590
1790803313252	2	dispatch lease of a926457c-c928-44e5-9e9f-266abb106638 lapsed	REJECT	com.alibaba.qwen.code.runtimebroker.ToolExecutionRecord@39aa45a1
1790803313336	2	dispatch lease of a926457c-c928-44e5-9e9f-266abb106638 lapsed	REJECT	com.alibaba.qwen.code.runtimebroker.ToolExecutionRecord@27ead29e
1790803313413	2	dispatch lease of a926457c-c928-44e5-9e9f-266abb106638 lapsed	REJECT	com.alibaba.qwen.code.runtimebroker.ToolExecutionRecord@383f3558
1790803313488	2	dispatch lease of a926457c-c928-44e5-9e9f-266abb106638 lapsed	REJECT	com.alibaba.qwen.code.runtimebroker.ToolExecutionRecord@65f00478
1790803313568	2	dispatch lease of a926457c-c928-44e5-9e9f-266abb106638 lapsed	REJECT	com.alibaba.qwen.code.runtimebroker.ToolExecutionRecord@28486680
1790803313652	2	dispatch lease of a926457c-c928-44e5-9e9f-266abb106638 lapsed	REJECT	com.alibaba.qwen.code.runtimebroker.ToolExecutionRecord@6e78fcf5
1790803313732	2	dispatch lease of a926457c-c928-44e5-9e9f-266abb106638 lapsed	REJECT	com.alibaba.qwen.code.runtimebroker.ToolExecutionRecord@7d151a
1790803313820	2	dispatch lease of a926457c-c928-44e5-9e9f-266abb106638 lapsed	REJECT	com.alibaba.qwen.code.runtimebroker.ToolExecutionRecord@1f86099a
1790803313900	2	dispatch lease of a926457c-c928-44e5-9e9f-266abb106638 lapsed	REJECT	com.alibaba.qwen.code.runtimebroker.ToolExecutionRecord@54acff7d
1790803313981	2	dispatch lease of a926457c-c928-44e5-9e9f-266abb106638 lapsed	REJECT	com.alibaba.qwen.code.runtimebroker.ToolExecutionRecord@4248ed58
1790803314060	2	dispatch lease of a926457c-c928-44e5-9e9f-266abb106638 lapsed	ACCEPT	com.alibaba.qwen.code.runtimebroker.ToolExecutionRecord@54534abf
1790803323120	3	escaped writer pid	REJECT	false
1790803323176	3	escaped writer pid	REJECT	false
1790803323226	3	escaped writer pid	REJECT	false
1790803323276	3	escaped writer pid	ACCEPT	true
1790803323295	3	escaped writer output	REJECT	false
1790803323348	3	escaped writer output	REJECT	false
1790803323398	3	escaped writer output	ACCEPT	true
1790803325363	3	original worker loss after recovery fencing	ACCEPT	Reply[ok=false, value=null, status=503, code=runtime_broker_runtime_lost, retryable=true, message=Runtime is lost; recovery requires complete evidence and cleanup]
1790803325541	3	escaped writer continues after loss; the physical pin must remain	REJECT	44
1790803325596	3	escaped writer continues after loss; the physical pin must remain	ACCEPT	45
1790803328938	3	escaped writer pid	REJECT	false
1790803328988	3	escaped writer pid	REJECT	false
1790803329038	3	escaped writer pid	REJECT	false
1790803329089	3	escaped writer pid	REJECT	false
1790803329140	3	escaped writer pid	ACCEPT	true
1790803329152	3	escaped writer output	REJECT	false
1790803329202	3	escaped writer output	ACCEPT	true
1790803330944	3	original worker loss after recovery fencing	ACCEPT	Reply[ok=false, value=null, status=503, code=runtime_broker_runtime_lost, retryable=true, message=Runtime is lost; recovery requires complete evidence and cleanup]
1790803331005	3	escaped writer continues after loss; the physical pin must remain	REJECT	36
1790803331055	3	escaped writer continues after loss; the physical pin must remain	ACCEPT	37
1790803334519	3	marker = [start]	REJECT	[]
1790803334572	3	marker = [start]	REJECT	[]
1790803334622	3	marker = [start]	ACCEPT	[start]
1790803334685	3	UNKNOWN execution	REJECT	com.alibaba.qwen.code.runtimebroker.ToolExecutionRecord@35fe2125
1790803334762	3	UNKNOWN execution	ACCEPT	com.alibaba.qwen.code.runtimebroker.ToolExecutionRecord@34645867
1790803342297	3	marker = [start]	REJECT	[]
1790803342348	3	marker = [start]	REJECT	[]
1790803342398	3	marker = [start]	ACCEPT	[start]
1790803343958	3	original Runtime loss after recovery fencing	ACCEPT	Reply[ok=false, value=null, status=503, code=runtime_broker_runtime_lost, retryable=true, message=Runtime is lost; recovery requires complete evidence and cleanup]
1790803352249	3	dispatch lease of 55aeef77-be07-4015-97c9-8dd6178bf315 lapsed	REJECT	com.alibaba.qwen.code.runtimebroker.ToolExecutionRecord@40dd3977
1790803352333	3	dispatch lease of 55aeef77-be07-4015-97c9-8dd6178bf315 lapsed	REJECT	com.alibaba.qwen.code.runtimebroker.ToolExecutionRecord@62dae245
1790803352421	3	dispatch lease of 55aeef77-be07-4015-97c9-8dd6178bf315 lapsed	REJECT	com.alibaba.qwen.code.runtimebroker.ToolExecutionRecord@6c6357f9
1790803352529	3	dispatch lease of 55aeef77-be07-4015-97c9-8dd6178bf315 lapsed	REJECT	com.alibaba.qwen.code.runtimebroker.ToolExecutionRecord@2f94c4db
1790803352613	3	dispatch lease of 55aeef77-be07-4015-97c9-8dd6178bf315 lapsed	REJECT	com.alibaba.qwen.code.runtimebroker.ToolExecutionRecord@6d8792db
1790803352705	3	dispatch lease of 55aeef77-be07-4015-97c9-8dd6178bf315 lapsed	REJECT	com.alibaba.qwen.code.runtimebroker.ToolExecutionRecord@5d25e6bb
1790803352794	3	dispatch lease of 55aeef77-be07-4015-97c9-8dd6178bf315 lapsed	REJECT	com.alibaba.qwen.code.runtimebroker.ToolExecutionRecord@2f162cc0
1790803352877	3	dispatch lease of 55aeef77-be07-4015-97c9-8dd6178bf315 lapsed	REJECT	com.alibaba.qwen.code.runtimebroker.ToolExecutionRecord@7f69d591
1790803352969	3	dispatch lease of 55aeef77-be07-4015-97c9-8dd6178bf315 lapsed	REJECT	com.alibaba.qwen.code.runtimebroker.ToolExecutionRecord@403132fc
1790803353065	3	dispatch lease of 55aeef77-be07-4015-97c9-8dd6178bf315 lapsed	REJECT	com.alibaba.qwen.code.runtimebroker.ToolExecutionRecord@2f7a7219
1790803353157	3	dispatch lease of 55aeef77-be07-4015-97c9-8dd6178bf315 lapsed	REJECT	com.alibaba.qwen.code.runtimebroker.ToolExecutionRecord@4a8a60bc
1790803353253	3	dispatch lease of 55aeef77-be07-4015-97c9-8dd6178bf315 lapsed	REJECT	com.alibaba.qwen.code.runtimebroker.ToolExecutionRecord@285d851a
1790803353340	3	dispatch lease of 55aeef77-be07-4015-97c9-8dd6178bf315 lapsed	REJECT	com.alibaba.qwen.code.runtimebroker.ToolExecutionRecord@5118388b
1790803353435	3	dispatch lease of 55aeef77-be07-4015-97c9-8dd6178bf315 lapsed	REJECT	com.alibaba.qwen.code.runtimebroker.ToolExecutionRecord@4a3e3e8b
1790803353517	3	dispatch lease of 55aeef77-be07-4015-97c9-8dd6178bf315 lapsed	REJECT	com.alibaba.qwen.code.runtimebroker.ToolExecutionRecord@4985cbcb
1790803353612	3	dispatch lease of 55aeef77-be07-4015-97c9-8dd6178bf315 lapsed	REJECT	com.alibaba.qwen.code.runtimebroker.ToolExecutionRecord@332a7fce
1790803353696	3	dispatch lease of 55aeef77-be07-4015-97c9-8dd6178bf315 lapsed	REJECT	com.alibaba.qwen.code.runtimebroker.ToolExecutionRecord@32232e55
1790803353785	3	dispatch lease of 55aeef77-be07-4015-97c9-8dd6178bf315 lapsed	REJECT	com.alibaba.qwen.code.runtimebroker.ToolExecutionRecord@293bb8a5
1790803353873	3	dispatch lease of 55aeef77-be07-4015-97c9-8dd6178bf315 lapsed	REJECT	com.alibaba.qwen.code.runtimebroker.ToolExecutionRecord@6e9319f
1790803353965	3	dispatch lease of 55aeef77-be07-4015-97c9-8dd6178bf315 lapsed	REJECT	com.alibaba.qwen.code.runtimebroker.ToolExecutionRecord@389adf1d
1790803354053	3	dispatch lease of 55aeef77-be07-4015-97c9-8dd6178bf315 lapsed	REJECT	com.alibaba.qwen.code.runtimebroker.ToolExecutionRecord@290b1b2e
1790803354145	3	dispatch lease of 55aeef77-be07-4015-97c9-8dd6178bf315 lapsed	REJECT	com.alibaba.qwen.code.runtimebroker.ToolExecutionRecord@2c177f9e
1790803354227	3	dispatch lease of 55aeef77-be07-4015-97c9-8dd6178bf315 lapsed	REJECT	com.alibaba.qwen.code.runtimebroker.ToolExecutionRecord@18e7143f
1790803354321	3	dispatch lease of 55aeef77-be07-4015-97c9-8dd6178bf315 lapsed	REJECT	com.alibaba.qwen.code.runtimebroker.ToolExecutionRecord@6fefce9e
1790803354417	3	dispatch lease of 55aeef77-be07-4015-97c9-8dd6178bf315 lapsed	REJECT	com.alibaba.qwen.code.runtimebroker.ToolExecutionRecord@192f2f27
1790803354501	3	dispatch lease of 55aeef77-be07-4015-97c9-8dd6178bf315 lapsed	REJECT	com.alibaba.qwen.code.runtimebroker.ToolExecutionRecord@6b5176f2
1790803354593	3	dispatch lease of 55aeef77-be07-4015-97c9-8dd6178bf315 lapsed	REJECT	com.alibaba.qwen.code.runtimebroker.ToolExecutionRecord@ec0c838
1790803354680	3	dispatch lease of 55aeef77-be07-4015-97c9-8dd6178bf315 lapsed	REJECT	com.alibaba.qwen.code.runtimebroker.ToolExecutionRecord@29cfd92b
1790803354769	3	dispatch lease of 55aeef77-be07-4015-97c9-8dd6178bf315 lapsed	REJECT	com.alibaba.qwen.code.runtimebroker.ToolExecutionRecord@11dee337
1790803354853	3	dispatch lease of 55aeef77-be07-4015-97c9-8dd6178bf315 lapsed	REJECT	com.alibaba.qwen.code.runtimebroker.ToolExecutionRecord@11acdc30
1790803354933	3	dispatch lease of 55aeef77-be07-4015-97c9-8dd6178bf315 lapsed	REJECT	com.alibaba.qwen.code.runtimebroker.ToolExecutionRecord@1922e6d
1790803355016	3	dispatch lease of 55aeef77-be07-4015-97c9-8dd6178bf315 lapsed	ACCEPT	com.alibaba.qwen.code.runtimebroker.ToolExecutionRecord@74bdc168
1790803360169	3	marker = [start]	REJECT	[]
1790803360219	3	marker = [start]	REJECT	[]
1790803360269	3	marker = [start]	REJECT	[]
1790803360320	3	marker = [start]	ACCEPT	[start]
1790803361100	3	dispatch lease of 8625ad3c-173d-44be-b3b4-1c7cb50e25df lapsed	REJECT	com.alibaba.qwen.code.runtimebroker.ToolExecutionRecord@4b6166aa
1790803361180	3	dispatch lease of 8625ad3c-173d-44be-b3b4-1c7cb50e25df lapsed	REJECT	com.alibaba.qwen.code.runtimebroker.ToolExecutionRecord@4a067c25
1790803361260	3	dispatch lease of 8625ad3c-173d-44be-b3b4-1c7cb50e25df lapsed	REJECT	com.alibaba.qwen.code.runtimebroker.ToolExecutionRecord@523424b5
1790803361348	3	dispatch lease of 8625ad3c-173d-44be-b3b4-1c7cb50e25df lapsed	REJECT	com.alibaba.qwen.code.runtimebroker.ToolExecutionRecord@791cbf87
1790803361436	3	dispatch lease of 8625ad3c-173d-44be-b3b4-1c7cb50e25df lapsed	REJECT	com.alibaba.qwen.code.runtimebroker.ToolExecutionRecord@2b52c0d6
1790803361520	3	dispatch lease of 8625ad3c-173d-44be-b3b4-1c7cb50e25df lapsed	REJECT	com.alibaba.qwen.code.runtimebroker.ToolExecutionRecord@2f08c4b
1790803361604	3	dispatch lease of 8625ad3c-173d-44be-b3b4-1c7cb50e25df lapsed	REJECT	com.alibaba.qwen.code.runtimebroker.ToolExecutionRecord@a486d78
1790803361700	3	dispatch lease of 8625ad3c-173d-44be-b3b4-1c7cb50e25df lapsed	REJECT	com.alibaba.qwen.code.runtimebroker.ToolExecutionRecord@5dcbb60
1790803361788	3	dispatch lease of 8625ad3c-173d-44be-b3b4-1c7cb50e25df lapsed	REJECT	com.alibaba.qwen.code.runtimebroker.ToolExecutionRecord@49f5c307
1790803361881	3	dispatch lease of 8625ad3c-173d-44be-b3b4-1c7cb50e25df lapsed	REJECT	com.alibaba.qwen.code.runtimebroker.ToolExecutionRecord@66ea1466
1790803361972	3	dispatch lease of 8625ad3c-173d-44be-b3b4-1c7cb50e25df lapsed	REJECT	com.alibaba.qwen.code.runtimebroker.ToolExecutionRecord@66971f6b
1790803362052	3	dispatch lease of 8625ad3c-173d-44be-b3b4-1c7cb50e25df lapsed	REJECT	com.alibaba.qwen.code.runtimebroker.ToolExecutionRecord@142eef62
1790803362132	3	dispatch lease of 8625ad3c-173d-44be-b3b4-1c7cb50e25df lapsed	REJECT	com.alibaba.qwen.code.runtimebroker.ToolExecutionRecord@56e07a08
1790803362212	3	dispatch lease of 8625ad3c-173d-44be-b3b4-1c7cb50e25df lapsed	REJECT	com.alibaba.qwen.code.runtimebroker.ToolExecutionRecord@47289387
1790803362296	3	dispatch lease of 8625ad3c-173d-44be-b3b4-1c7cb50e25df lapsed	REJECT	com.alibaba.qwen.code.runtimebroker.ToolExecutionRecord@f415a95
1790803362376	3	dispatch lease of 8625ad3c-173d-44be-b3b4-1c7cb50e25df lapsed	REJECT	com.alibaba.qwen.code.runtimebroker.ToolExecutionRecord@37eeec90
1790803362464	3	dispatch lease of 8625ad3c-173d-44be-b3b4-1c7cb50e25df lapsed	REJECT	com.alibaba.qwen.code.runtimebroker.ToolExecutionRecord@64da2a7
1790803362552	3	dispatch lease of 8625ad3c-173d-44be-b3b4-1c7cb50e25df lapsed	REJECT	com.alibaba.qwen.code.runtimebroker.ToolExecutionRecord@2c715e84
1790803362640	3	dispatch lease of 8625ad3c-173d-44be-b3b4-1c7cb50e25df lapsed	REJECT	com.alibaba.qwen.code.runtimebroker.ToolExecutionRecord@7caa550
1790803362724	3	dispatch lease of 8625ad3c-173d-44be-b3b4-1c7cb50e25df lapsed	REJECT	com.alibaba.qwen.code.runtimebroker.ToolExecutionRecord@22c86919
1790803362808	3	dispatch lease of 8625ad3c-173d-44be-b3b4-1c7cb50e25df lapsed	REJECT	com.alibaba.qwen.code.runtimebroker.ToolExecutionRecord@62417a16
1790803362913	3	dispatch lease of 8625ad3c-173d-44be-b3b4-1c7cb50e25df lapsed	REJECT	com.alibaba.qwen.code.runtimebroker.ToolExecutionRecord@6ea1bcdc
1790803363000	3	dispatch lease of 8625ad3c-173d-44be-b3b4-1c7cb50e25df lapsed	REJECT	com.alibaba.qwen.code.runtimebroker.ToolExecutionRecord@53499d85
1790803363084	3	dispatch lease of 8625ad3c-173d-44be-b3b4-1c7cb50e25df lapsed	REJECT	com.alibaba.qwen.code.runtimebroker.ToolExecutionRecord@46c670a6
1790803363180	3	dispatch lease of 8625ad3c-173d-44be-b3b4-1c7cb50e25df lapsed	REJECT	com.alibaba.qwen.code.runtimebroker.ToolExecutionRecord@2fd1731c
1790803363268	3	dispatch lease of 8625ad3c-173d-44be-b3b4-1c7cb50e25df lapsed	REJECT	com.alibaba.qwen.code.runtimebroker.ToolExecutionRecord@1133ec6e
1790803363349	3	dispatch lease of 8625ad3c-173d-44be-b3b4-1c7cb50e25df lapsed	REJECT	com.alibaba.qwen.code.runtimebroker.ToolExecutionRecord@2a2da905
1790803363444	3	dispatch lease of 8625ad3c-173d-44be-b3b4-1c7cb50e25df lapsed	REJECT	com.alibaba.qwen.code.runtimebroker.ToolExecutionRecord@302fec27
1790803363528	3	dispatch lease of 8625ad3c-173d-44be-b3b4-1c7cb50e25df lapsed	REJECT	com.alibaba.qwen.code.runtimebroker.ToolExecutionRecord@54107f42
1790803363604	3	dispatch lease of 8625ad3c-173d-44be-b3b4-1c7cb50e25df lapsed	REJECT	com.alibaba.qwen.code.runtimebroker.ToolExecutionRecord@6cea706c
1790803363684	3	dispatch lease of 8625ad3c-173d-44be-b3b4-1c7cb50e25df lapsed	REJECT	com.alibaba.qwen.code.runtimebroker.ToolExecutionRecord@1eba372c
1790803363773	3	dispatch lease of 8625ad3c-173d-44be-b3b4-1c7cb50e25df lapsed	REJECT	com.alibaba.qwen.code.runtimebroker.ToolExecutionRecord@552518c3
1790803363857	3	dispatch lease of 8625ad3c-173d-44be-b3b4-1c7cb50e25df lapsed	REJECT	com.alibaba.qwen.code.runtimebroker.ToolExecutionRecord@363f6148
1790803363937	3	dispatch lease of 8625ad3c-173d-44be-b3b4-1c7cb50e25df lapsed	REJECT	com.alibaba.qwen.code.runtimebroker.ToolExecutionRecord@138fe6ec
1790803364020	3	dispatch lease of 8625ad3c-173d-44be-b3b4-1c7cb50e25df lapsed	ACCEPT	com.alibaba.qwen.code.runtimebroker.ToolExecutionRecord@455351c4
1790803365125	3	reconciliation from evidence	ACCEPT	ALREADY_SETTLED
1790803372268	3	dispatch lease of 071d6d7c-a42c-432b-a2e3-738ab6564c1d lapsed	REJECT	com.alibaba.qwen.code.runtimebroker.ToolExecutionRecord@7ee55e70
1790803372360	3	dispatch lease of 071d6d7c-a42c-432b-a2e3-738ab6564c1d lapsed	REJECT	com.alibaba.qwen.code.runtimebroker.ToolExecutionRecord@46292372
1790803372442	3	dispatch lease of 071d6d7c-a42c-432b-a2e3-738ab6564c1d lapsed	REJECT	com.alibaba.qwen.code.runtimebroker.ToolExecutionRecord@5c371e13
1790803372534	3	dispatch lease of 071d6d7c-a42c-432b-a2e3-738ab6564c1d lapsed	REJECT	com.alibaba.qwen.code.runtimebroker.ToolExecutionRecord@5215cd9a
1790803372625	3	dispatch lease of 071d6d7c-a42c-432b-a2e3-738ab6564c1d lapsed	REJECT	com.alibaba.qwen.code.runtimebroker.ToolExecutionRecord@9257031
1790803372713	3	dispatch lease of 071d6d7c-a42c-432b-a2e3-738ab6564c1d lapsed	REJECT	com.alibaba.qwen.code.runtimebroker.ToolExecutionRecord@aa5455e
1790803372790	3	dispatch lease of 071d6d7c-a42c-432b-a2e3-738ab6564c1d lapsed	REJECT	com.alibaba.qwen.code.runtimebroker.ToolExecutionRecord@1db0ec27
1790803372873	3	dispatch lease of 071d6d7c-a42c-432b-a2e3-738ab6564c1d lapsed	REJECT	com.alibaba.qwen.code.runtimebroker.ToolExecutionRecord@3b4ef7
1790803372985	3	dispatch lease of 071d6d7c-a42c-432b-a2e3-738ab6564c1d lapsed	REJECT	com.alibaba.qwen.code.runtimebroker.ToolExecutionRecord@1ad777f
1790803373079	3	dispatch lease of 071d6d7c-a42c-432b-a2e3-738ab6564c1d lapsed	REJECT	com.alibaba.qwen.code.runtimebroker.ToolExecutionRecord@25230246
1790803373164	3	dispatch lease of 071d6d7c-a42c-432b-a2e3-738ab6564c1d lapsed	REJECT	com.alibaba.qwen.code.runtimebroker.ToolExecutionRecord@54f5f647
1790803373252	3	dispatch lease of 071d6d7c-a42c-432b-a2e3-738ab6564c1d lapsed	REJECT	com.alibaba.qwen.code.runtimebroker.ToolExecutionRecord@4a67318f
1790803373336	3	dispatch lease of 071d6d7c-a42c-432b-a2e3-738ab6564c1d lapsed	REJECT	com.alibaba.qwen.code.runtimebroker.ToolExecutionRecord@27f0ad19
1790803373428	3	dispatch lease of 071d6d7c-a42c-432b-a2e3-738ab6564c1d lapsed	REJECT	com.alibaba.qwen.code.runtimebroker.ToolExecutionRecord@6650813a
1790803373533	3	dispatch lease of 071d6d7c-a42c-432b-a2e3-738ab6564c1d lapsed	REJECT	com.alibaba.qwen.code.runtimebroker.ToolExecutionRecord@450794b4
1790803373620	3	dispatch lease of 071d6d7c-a42c-432b-a2e3-738ab6564c1d lapsed	REJECT	com.alibaba.qwen.code.runtimebroker.ToolExecutionRecord@1af1347d
1790803373704	3	dispatch lease of 071d6d7c-a42c-432b-a2e3-738ab6564c1d lapsed	REJECT	com.alibaba.qwen.code.runtimebroker.ToolExecutionRecord@3b582111
1790803373808	3	dispatch lease of 071d6d7c-a42c-432b-a2e3-738ab6564c1d lapsed	REJECT	com.alibaba.qwen.code.runtimebroker.ToolExecutionRecord@c1a4620
1790803373892	3	dispatch lease of 071d6d7c-a42c-432b-a2e3-738ab6564c1d lapsed	REJECT	com.alibaba.qwen.code.runtimebroker.ToolExecutionRecord@4c432866
1790803373984	3	dispatch lease of 071d6d7c-a42c-432b-a2e3-738ab6564c1d lapsed	REJECT	com.alibaba.qwen.code.runtimebroker.ToolExecutionRecord@2237bada
1790803374079	3	dispatch lease of 071d6d7c-a42c-432b-a2e3-738ab6564c1d lapsed	REJECT	com.alibaba.qwen.code.runtimebroker.ToolExecutionRecord@199e4c2b
1790803374168	3	dispatch lease of 071d6d7c-a42c-432b-a2e3-738ab6564c1d lapsed	REJECT	com.alibaba.qwen.code.runtimebroker.ToolExecutionRecord@30272916
1790803374253	3	dispatch lease of 071d6d7c-a42c-432b-a2e3-738ab6564c1d lapsed	REJECT	com.alibaba.qwen.code.runtimebroker.ToolExecutionRecord@2c1dc8e
1790803374337	3	dispatch lease of 071d6d7c-a42c-432b-a2e3-738ab6564c1d lapsed	REJECT	com.alibaba.qwen.code.runtimebroker.ToolExecutionRecord@251ebf23
1790803374424	3	dispatch lease of 071d6d7c-a42c-432b-a2e3-738ab6564c1d lapsed	REJECT	com.alibaba.qwen.code.runtimebroker.ToolExecutionRecord@51671b08
1790803374510	3	dispatch lease of 071d6d7c-a42c-432b-a2e3-738ab6564c1d lapsed	REJECT	com.alibaba.qwen.code.runtimebroker.ToolExecutionRecord@b09fac1
1790803374592	3	dispatch lease of 071d6d7c-a42c-432b-a2e3-738ab6564c1d lapsed	REJECT	com.alibaba.qwen.code.runtimebroker.ToolExecutionRecord@62e8f862
1790803374672	3	dispatch lease of 071d6d7c-a42c-432b-a2e3-738ab6564c1d lapsed	REJECT	com.alibaba.qwen.code.runtimebroker.ToolExecutionRecord@515f4131
1790803374764	3	dispatch lease of 071d6d7c-a42c-432b-a2e3-738ab6564c1d lapsed	REJECT	com.alibaba.qwen.code.runtimebroker.ToolExecutionRecord@3f3ddbd9
1790803374840	3	dispatch lease of 071d6d7c-a42c-432b-a2e3-738ab6564c1d lapsed	REJECT	com.alibaba.qwen.code.runtimebroker.ToolExecutionRecord@30865a90
1790803374934	3	dispatch lease of 071d6d7c-a42c-432b-a2e3-738ab6564c1d lapsed	REJECT	com.alibaba.qwen.code.runtimebroker.ToolExecutionRecord@71b1a49c
1790803375024	3	dispatch lease of 071d6d7c-a42c-432b-a2e3-738ab6564c1d lapsed	ACCEPT	com.alibaba.qwen.code.runtimebroker.ToolExecutionRecord@2472c7d8
1790803376269	3	reconciliation from evidence	ACCEPT	ALREADY_SETTLED
1790803379077	3	marker = [start]	REJECT	[]
1790803379128	3	marker = [start]	REJECT	[]
1790803379178	3	marker = [start]	ACCEPT	[start]
1790803388261	3	marker = [start, end]	ACCEPT	[start, end]
1790803392598	3	startup adoption	REJECT	Reply[ok=false, value=null, status=503, code=runtime_provisioning_in_progress, retryable=true, message=another Broker owns Runtime provisioning]
1790803392705	3	startup adoption	REJECT	Reply[ok=false, value=null, status=503, code=runtime_provisioning_in_progress, retryable=true, message=another Broker owns Runtime provisioning]
1790803392821	3	startup adoption	REJECT	Reply[ok=false, value=null, status=503, code=runtime_provisioning_in_progress, retryable=true, message=another Broker owns Runtime provisioning]
1790803392909	3	startup adoption	REJECT	Reply[ok=false, value=null, status=503, code=runtime_provisioning_in_progress, retryable=true, message=another Broker owns Runtime provisioning]
1790803393005	3	startup adoption	REJECT	Reply[ok=false, value=null, status=503, code=runtime_provisioning_in_progress, retryable=true, message=another Broker owns Runtime provisioning]
1790803393317	3	startup adoption	ACCEPT	Reply[ok=true, value={"bindingId":"ec2cd5ea-b308-461f-84a6-b6aac1283db5","generation":1,"state":"READY"}, status=0, code=null, retryable=false, message=null]
1790803397645	3	startup adoption	REJECT	Reply[ok=false, value=null, status=503, code=runtime_provisioning_in_progress, retryable=true, message=another Broker owns Runtime provisioning]
1790803397741	3	startup adoption	REJECT	Reply[ok=false, value=null, status=503, code=runtime_provisioning_in_progress, retryable=true, message=another Broker owns Runtime provisioning]
1790803397841	3	startup adoption	REJECT	Reply[ok=false, value=null, status=503, code=runtime_provisioning_in_progress, retryable=true, message=another Broker owns Runtime provisioning]
1790803397943	3	startup adoption	REJECT	Reply[ok=false, value=null, status=503, code=runtime_provisioning_in_progress, retryable=true, message=another Broker owns Runtime provisioning]
1790803398288	3	startup adoption	ACCEPT	Reply[ok=true, value={"bindingId":"9e023065-c05a-4c85-afcb-0a8e6a8724b8","generation":1,"state":"READY"}, status=0, code=null, retryable=false, message=null]
1790803401331	3	marker = [start]	REJECT	[]
1790803401381	3	marker = [start]	REJECT	[]
1790803401431	3	marker = [start]	REJECT	[]
1790803401481	3	marker = [start]	ACCEPT	[start]
1790803402858	3	original worker loss after recovery fencing	ACCEPT	Reply[ok=false, value=null, status=503, code=runtime_broker_runtime_lost, retryable=true, message=Runtime is lost; recovery requires complete evidence and cleanup]
1790803405937	3	project/marker = [start]	REJECT	[]
1790803405992	3	project/marker = [start]	REJECT	[]
1790803406042	3	project/marker = [start]	ACCEPT	[start]
1790803407400	3	original worker loss after recovery fencing	ACCEPT	Reply[ok=false, value=null, status=503, code=runtime_broker_runtime_lost, retryable=true, message=Runtime is lost; recovery requires complete evidence and cleanup]
1790803421789	3	marker = [start]	REJECT	[]
1790803421840	3	marker = [start]	REJECT	[]
1790803421890	3	marker = [start]	ACCEPT	[start]
1790803423580	3	dispatch lease of 5f40a58b-abb4-4643-aa8c-5fe40fdfffe4 lapsed	REJECT	com.alibaba.qwen.code.runtimebroker.ToolExecutionRecord@a68df9
1790803423660	3	dispatch lease of 5f40a58b-abb4-4643-aa8c-5fe40fdfffe4 lapsed	REJECT	com.alibaba.qwen.code.runtimebroker.ToolExecutionRecord@2f6bbeb0
1790803423740	3	dispatch lease of 5f40a58b-abb4-4643-aa8c-5fe40fdfffe4 lapsed	REJECT	com.alibaba.qwen.code.runtimebroker.ToolExecutionRecord@64711bf2
1790803423832	3	dispatch lease of 5f40a58b-abb4-4643-aa8c-5fe40fdfffe4 lapsed	REJECT	com.alibaba.qwen.code.runtimebroker.ToolExecutionRecord@ceb4bd2
1790803423916	3	dispatch lease of 5f40a58b-abb4-4643-aa8c-5fe40fdfffe4 lapsed	REJECT	com.alibaba.qwen.code.runtimebroker.ToolExecutionRecord@56bc3fac
1790803423976	3	dispatch lease of 5f40a58b-abb4-4643-aa8c-5fe40fdfffe4 lapsed	REJECT	com.alibaba.qwen.code.runtimebroker.ToolExecutionRecord@37ff4054
1790803424048	3	dispatch lease of 5f40a58b-abb4-4643-aa8c-5fe40fdfffe4 lapsed	REJECT	com.alibaba.qwen.code.runtimebroker.ToolExecutionRecord@737edcfa
1790803424136	3	dispatch lease of 5f40a58b-abb4-4643-aa8c-5fe40fdfffe4 lapsed	REJECT	com.alibaba.qwen.code.runtimebroker.ToolExecutionRecord@36c54a56
1790803424208	3	dispatch lease of 5f40a58b-abb4-4643-aa8c-5fe40fdfffe4 lapsed	REJECT	com.alibaba.qwen.code.runtimebroker.ToolExecutionRecord@73386d72
1790803424292	3	dispatch lease of 5f40a58b-abb4-4643-aa8c-5fe40fdfffe4 lapsed	REJECT	com.alibaba.qwen.code.runtimebroker.ToolExecutionRecord@584f5497
1790803424380	3	dispatch lease of 5f40a58b-abb4-4643-aa8c-5fe40fdfffe4 lapsed	REJECT	com.alibaba.qwen.code.runtimebroker.ToolExecutionRecord@6df20ade
1790803424452	3	dispatch lease of 5f40a58b-abb4-4643-aa8c-5fe40fdfffe4 lapsed	REJECT	com.alibaba.qwen.code.runtimebroker.ToolExecutionRecord@341a8659
1790803424536	3	dispatch lease of 5f40a58b-abb4-4643-aa8c-5fe40fdfffe4 lapsed	REJECT	com.alibaba.qwen.code.runtimebroker.ToolExecutionRecord@181d7f28
1790803424612	3	dispatch lease of 5f40a58b-abb4-4643-aa8c-5fe40fdfffe4 lapsed	REJECT	com.alibaba.qwen.code.runtimebroker.ToolExecutionRecord@cda4919
1790803424704	3	dispatch lease of 5f40a58b-abb4-4643-aa8c-5fe40fdfffe4 lapsed	REJECT	com.alibaba.qwen.code.runtimebroker.ToolExecutionRecord@344b8190
1790803424780	3	dispatch lease of 5f40a58b-abb4-4643-aa8c-5fe40fdfffe4 lapsed	REJECT	com.alibaba.qwen.code.runtimebroker.ToolExecutionRecord@1929425f
1790803424868	3	dispatch lease of 5f40a58b-abb4-4643-aa8c-5fe40fdfffe4 lapsed	REJECT	com.alibaba.qwen.code.runtimebroker.ToolExecutionRecord@757f675c
1790803424951	3	dispatch lease of 5f40a58b-abb4-4643-aa8c-5fe40fdfffe4 lapsed	REJECT	com.alibaba.qwen.code.runtimebroker.ToolExecutionRecord@5d10455d
1790803425037	3	dispatch lease of 5f40a58b-abb4-4643-aa8c-5fe40fdfffe4 lapsed	REJECT	com.alibaba.qwen.code.runtimebroker.ToolExecutionRecord@55b62629
1790803425112	3	dispatch lease of 5f40a58b-abb4-4643-aa8c-5fe40fdfffe4 lapsed	REJECT	com.alibaba.qwen.code.runtimebroker.ToolExecutionRecord@6759f091
1790803425196	3	dispatch lease of 5f40a58b-abb4-4643-aa8c-5fe40fdfffe4 lapsed	REJECT	com.alibaba.qwen.code.runtimebroker.ToolExecutionRecord@20921b9b
1790803425272	3	dispatch lease of 5f40a58b-abb4-4643-aa8c-5fe40fdfffe4 lapsed	REJECT	com.alibaba.qwen.code.runtimebroker.ToolExecutionRecord@654b72c0
1790803425348	3	dispatch lease of 5f40a58b-abb4-4643-aa8c-5fe40fdfffe4 lapsed	REJECT	com.alibaba.qwen.code.runtimebroker.ToolExecutionRecord@15fc442
1790803425428	3	dispatch lease of 5f40a58b-abb4-4643-aa8c-5fe40fdfffe4 lapsed	REJECT	com.alibaba.qwen.code.runtimebroker.ToolExecutionRecord@2a3a299
1790803425516	3	dispatch lease of 5f40a58b-abb4-4643-aa8c-5fe40fdfffe4 lapsed	REJECT	com.alibaba.qwen.code.runtimebroker.ToolExecutionRecord@31be6b49
1790803425604	3	dispatch lease of 5f40a58b-abb4-4643-aa8c-5fe40fdfffe4 lapsed	REJECT	com.alibaba.qwen.code.runtimebroker.ToolExecutionRecord@70d8de
1790803425684	3	dispatch lease of 5f40a58b-abb4-4643-aa8c-5fe40fdfffe4 lapsed	REJECT	com.alibaba.qwen.code.runtimebroker.ToolExecutionRecord@46b695ec
1790803425768	3	dispatch lease of 5f40a58b-abb4-4643-aa8c-5fe40fdfffe4 lapsed	REJECT	com.alibaba.qwen.code.runtimebroker.ToolExecutionRecord@11ce2e22
1790803425848	3	dispatch lease of 5f40a58b-abb4-4643-aa8c-5fe40fdfffe4 lapsed	REJECT	com.alibaba.qwen.code.runtimebroker.ToolExecutionRecord@5aa6202e
1790803425928	3	dispatch lease of 5f40a58b-abb4-4643-aa8c-5fe40fdfffe4 lapsed	REJECT	com.alibaba.qwen.code.runtimebroker.ToolExecutionRecord@91c4a3f
1790803426004	3	dispatch lease of 5f40a58b-abb4-4643-aa8c-5fe40fdfffe4 lapsed	REJECT	com.alibaba.qwen.code.runtimebroker.ToolExecutionRecord@6826c41e
1790803426080	3	dispatch lease of 5f40a58b-abb4-4643-aa8c-5fe40fdfffe4 lapsed	REJECT	com.alibaba.qwen.code.runtimebroker.ToolExecutionRecord@1d269ed7
1790803426160	3	dispatch lease of 5f40a58b-abb4-4643-aa8c-5fe40fdfffe4 lapsed	REJECT	com.alibaba.qwen.code.runtimebroker.ToolExecutionRecord@410e94e
1790803426240	3	dispatch lease of 5f40a58b-abb4-4643-aa8c-5fe40fdfffe4 lapsed	REJECT	com.alibaba.qwen.code.runtimebroker.ToolExecutionRecord@1e7f2e0f
1790803426324	3	dispatch lease of 5f40a58b-abb4-4643-aa8c-5fe40fdfffe4 lapsed	REJECT	com.alibaba.qwen.code.runtimebroker.ToolExecutionRecord@3c818ac4
1790803426408	3	dispatch lease of 5f40a58b-abb4-4643-aa8c-5fe40fdfffe4 lapsed	REJECT	com.alibaba.qwen.code.runtimebroker.ToolExecutionRecord@15f193b8
1790803426481	3	dispatch lease of 5f40a58b-abb4-4643-aa8c-5fe40fdfffe4 lapsed	REJECT	com.alibaba.qwen.code.runtimebroker.ToolExecutionRecord@6bfdb014
1790803426564	3	dispatch lease of 5f40a58b-abb4-4643-aa8c-5fe40fdfffe4 lapsed	REJECT	com.alibaba.qwen.code.runtimebroker.ToolExecutionRecord@4aa3d36
1790803426648	3	dispatch lease of 5f40a58b-abb4-4643-aa8c-5fe40fdfffe4 lapsed	REJECT	com.alibaba.qwen.code.runtimebroker.ToolExecutionRecord@2aa27288
1790803426736	3	dispatch lease of 5f40a58b-abb4-4643-aa8c-5fe40fdfffe4 lapsed	REJECT	com.alibaba.qwen.code.runtimebroker.ToolExecutionRecord@1d8e2eea
1790803426818	3	dispatch lease of 5f40a58b-abb4-4643-aa8c-5fe40fdfffe4 lapsed	REJECT	com.alibaba.qwen.code.runtimebroker.ToolExecutionRecord@49298ce7
1790803426900	3	dispatch lease of 5f40a58b-abb4-4643-aa8c-5fe40fdfffe4 lapsed	REJECT	com.alibaba.qwen.code.runtimebroker.ToolExecutionRecord@503fbbc6
1790803426984	3	dispatch lease of 5f40a58b-abb4-4643-aa8c-5fe40fdfffe4 lapsed	REJECT	com.alibaba.qwen.code.runtimebroker.ToolExecutionRecord@67fe380b
1790803427068	3	dispatch lease of 5f40a58b-abb4-4643-aa8c-5fe40fdfffe4 lapsed	ACCEPT	com.alibaba.qwen.code.runtimebroker.ToolExecutionRecord@57f64f5e
1790803427448	3	cancelled original call	ACCEPT	RESOLVED
1790803430241	3	project/marker = [start]	REJECT	[]
1790803430291	3	project/marker = [start]	REJECT	[]
1790803430341	3	project/marker = [start]	REJECT	[]
1790803430392	3	project/marker = [start]	ACCEPT	[start]
1790803432128	3	dispatch lease of e9b1c52d-3e67-4492-827c-4b13cfb91545 lapsed	REJECT	com.alibaba.qwen.code.runtimebroker.ToolExecutionRecord@1654a892
1790803432216	3	dispatch lease of e9b1c52d-3e67-4492-827c-4b13cfb91545 lapsed	REJECT	com.alibaba.qwen.code.runtimebroker.ToolExecutionRecord@6c000e0c
1790803432300	3	dispatch lease of e9b1c52d-3e67-4492-827c-4b13cfb91545 lapsed	REJECT	com.alibaba.qwen.code.runtimebroker.ToolExecutionRecord@6974a715
1790803432380	3	dispatch lease of e9b1c52d-3e67-4492-827c-4b13cfb91545 lapsed	REJECT	com.alibaba.qwen.code.runtimebroker.ToolExecutionRecord@4c9e9fb8
1790803432468	3	dispatch lease of e9b1c52d-3e67-4492-827c-4b13cfb91545 lapsed	REJECT	com.alibaba.qwen.code.runtimebroker.ToolExecutionRecord@210f0cc1
1790803432548	3	dispatch lease of e9b1c52d-3e67-4492-827c-4b13cfb91545 lapsed	REJECT	com.alibaba.qwen.code.runtimebroker.ToolExecutionRecord@c7a977f
1790803432628	3	dispatch lease of e9b1c52d-3e67-4492-827c-4b13cfb91545 lapsed	REJECT	com.alibaba.qwen.code.runtimebroker.ToolExecutionRecord@2c383e33
1790803432712	3	dispatch lease of e9b1c52d-3e67-4492-827c-4b13cfb91545 lapsed	REJECT	com.alibaba.qwen.code.runtimebroker.ToolExecutionRecord@2fa3be26
1790803432796	3	dispatch lease of e9b1c52d-3e67-4492-827c-4b13cfb91545 lapsed	REJECT	com.alibaba.qwen.code.runtimebroker.ToolExecutionRecord@4e6d7365
1790803432876	3	dispatch lease of e9b1c52d-3e67-4492-827c-4b13cfb91545 lapsed	REJECT	com.alibaba.qwen.code.runtimebroker.ToolExecutionRecord@21ae6e73
1790803432952	3	dispatch lease of e9b1c52d-3e67-4492-827c-4b13cfb91545 lapsed	REJECT	com.alibaba.qwen.code.runtimebroker.ToolExecutionRecord@36a7abe1
1790803433036	3	dispatch lease of e9b1c52d-3e67-4492-827c-4b13cfb91545 lapsed	REJECT	com.alibaba.qwen.code.runtimebroker.ToolExecutionRecord@11a82d0f
1790803433120	3	dispatch lease of e9b1c52d-3e67-4492-827c-4b13cfb91545 lapsed	REJECT	com.alibaba.qwen.code.runtimebroker.ToolExecutionRecord@16943e88
1790803433204	3	dispatch lease of e9b1c52d-3e67-4492-827c-4b13cfb91545 lapsed	REJECT	com.alibaba.qwen.code.runtimebroker.ToolExecutionRecord@e36bb2a
1790803433288	3	dispatch lease of e9b1c52d-3e67-4492-827c-4b13cfb91545 lapsed	REJECT	com.alibaba.qwen.code.runtimebroker.ToolExecutionRecord@367795c7
1790803433376	3	dispatch lease of e9b1c52d-3e67-4492-827c-4b13cfb91545 lapsed	REJECT	com.alibaba.qwen.code.runtimebroker.ToolExecutionRecord@1500e009
1790803433456	3	dispatch lease of e9b1c52d-3e67-4492-827c-4b13cfb91545 lapsed	REJECT	com.alibaba.qwen.code.runtimebroker.ToolExecutionRecord@29d334c
1790803433536	3	dispatch lease of e9b1c52d-3e67-4492-827c-4b13cfb91545 lapsed	REJECT	com.alibaba.qwen.code.runtimebroker.ToolExecutionRecord@673bb956
1790803433620	3	dispatch lease of e9b1c52d-3e67-4492-827c-4b13cfb91545 lapsed	REJECT	com.alibaba.qwen.code.runtimebroker.ToolExecutionRecord@3c4bc9fc
1790803433712	3	dispatch lease of e9b1c52d-3e67-4492-827c-4b13cfb91545 lapsed	REJECT	com.alibaba.qwen.code.runtimebroker.ToolExecutionRecord@1f651cd8
1790803433800	3	dispatch lease of e9b1c52d-3e67-4492-827c-4b13cfb91545 lapsed	REJECT	com.alibaba.qwen.code.runtimebroker.ToolExecutionRecord@c827db
1790803433880	3	dispatch lease of e9b1c52d-3e67-4492-827c-4b13cfb91545 lapsed	REJECT	com.alibaba.qwen.code.runtimebroker.ToolExecutionRecord@238ad8c
1790803433964	3	dispatch lease of e9b1c52d-3e67-4492-827c-4b13cfb91545 lapsed	REJECT	com.alibaba.qwen.code.runtimebroker.ToolExecutionRecord@22df874e
1790803434044	3	dispatch lease of e9b1c52d-3e67-4492-827c-4b13cfb91545 lapsed	REJECT	com.alibaba.qwen.code.runtimebroker.ToolExecutionRecord@42d236fb
1790803434125	3	dispatch lease of e9b1c52d-3e67-4492-827c-4b13cfb91545 lapsed	REJECT	com.alibaba.qwen.code.runtimebroker.ToolExecutionRecord@1532c619
1790803434204	3	dispatch lease of e9b1c52d-3e67-4492-827c-4b13cfb91545 lapsed	REJECT	com.alibaba.qwen.code.runtimebroker.ToolExecutionRecord@1a78dacd
1790803434280	3	dispatch lease of e9b1c52d-3e67-4492-827c-4b13cfb91545 lapsed	REJECT	com.alibaba.qwen.code.runtimebroker.ToolExecutionRecord@2bfeb1ef
1790803434364	3	dispatch lease of e9b1c52d-3e67-4492-827c-4b13cfb91545 lapsed	REJECT	com.alibaba.qwen.code.runtimebroker.ToolExecutionRecord@78b236a0
1790803434444	3	dispatch lease of e9b1c52d-3e67-4492-827c-4b13cfb91545 lapsed	REJECT	com.alibaba.qwen.code.runtimebroker.ToolExecutionRecord@60e9df3c
1790803434520	3	dispatch lease of e9b1c52d-3e67-4492-827c-4b13cfb91545 lapsed	REJECT	com.alibaba.qwen.code.runtimebroker.ToolExecutionRecord@537b32ef
1790803434600	3	dispatch lease of e9b1c52d-3e67-4492-827c-4b13cfb91545 lapsed	REJECT	com.alibaba.qwen.code.runtimebroker.ToolExecutionRecord@6f815e7f
1790803434680	3	dispatch lease of e9b1c52d-3e67-4492-827c-4b13cfb91545 lapsed	REJECT	com.alibaba.qwen.code.runtimebroker.ToolExecutionRecord@75699e35
1790803434760	3	dispatch lease of e9b1c52d-3e67-4492-827c-4b13cfb91545 lapsed	REJECT	com.alibaba.qwen.code.runtimebroker.ToolExecutionRecord@263558c9
1790803434836	3	dispatch lease of e9b1c52d-3e67-4492-827c-4b13cfb91545 lapsed	REJECT	com.alibaba.qwen.code.runtimebroker.ToolExecutionRecord@62315f22
1790803434908	3	dispatch lease of e9b1c52d-3e67-4492-827c-4b13cfb91545 lapsed	REJECT	com.alibaba.qwen.code.runtimebroker.ToolExecutionRecord@78f9ed3e
1790803434988	3	dispatch lease of e9b1c52d-3e67-4492-827c-4b13cfb91545 lapsed	REJECT	com.alibaba.qwen.code.runtimebroker.ToolExecutionRecord@48e7b3d2
1790803435064	3	dispatch lease of e9b1c52d-3e67-4492-827c-4b13cfb91545 lapsed	ACCEPT	com.alibaba.qwen.code.runtimebroker.ToolExecutionRecord@64040287
1790803435401	3	cancelled original call	ACCEPT	RESOLVED
1790803439280	3	dispatch lease of f9bca57c-1b8f-4716-af0a-4af0ee17bfbb lapsed	REJECT	com.alibaba.qwen.code.runtimebroker.ToolExecutionRecord@60c16548
1790803439356	3	dispatch lease of f9bca57c-1b8f-4716-af0a-4af0ee17bfbb lapsed	REJECT	com.alibaba.qwen.code.runtimebroker.ToolExecutionRecord@38b972d7
1790803439444	3	dispatch lease of f9bca57c-1b8f-4716-af0a-4af0ee17bfbb lapsed	REJECT	com.alibaba.qwen.code.runtimebroker.ToolExecutionRecord@288a4658
1790803439520	3	dispatch lease of f9bca57c-1b8f-4716-af0a-4af0ee17bfbb lapsed	REJECT	com.alibaba.qwen.code.runtimebroker.ToolExecutionRecord@534243e4
1790803439592	3	dispatch lease of f9bca57c-1b8f-4716-af0a-4af0ee17bfbb lapsed	REJECT	com.alibaba.qwen.code.runtimebroker.ToolExecutionRecord@66d57c1b
1790803439676	3	dispatch lease of f9bca57c-1b8f-4716-af0a-4af0ee17bfbb lapsed	REJECT	com.alibaba.qwen.code.runtimebroker.ToolExecutionRecord@1e411d81
1790803439760	3	dispatch lease of f9bca57c-1b8f-4716-af0a-4af0ee17bfbb lapsed	REJECT	com.alibaba.qwen.code.runtimebroker.ToolExecutionRecord@7fcff1b9
1790803439844	3	dispatch lease of f9bca57c-1b8f-4716-af0a-4af0ee17bfbb lapsed	REJECT	com.alibaba.qwen.code.runtimebroker.ToolExecutionRecord@36074e47
1790803439920	3	dispatch lease of f9bca57c-1b8f-4716-af0a-4af0ee17bfbb lapsed	REJECT	com.alibaba.qwen.code.runtimebroker.ToolExecutionRecord@66eb985d
1790803440008	3	dispatch lease of f9bca57c-1b8f-4716-af0a-4af0ee17bfbb lapsed	REJECT	com.alibaba.qwen.code.runtimebroker.ToolExecutionRecord@6c8a68c1
1790803440076	3	dispatch lease of f9bca57c-1b8f-4716-af0a-4af0ee17bfbb lapsed	REJECT	com.alibaba.qwen.code.runtimebroker.ToolExecutionRecord@5f8890c2
1790803440152	3	dispatch lease of f9bca57c-1b8f-4716-af0a-4af0ee17bfbb lapsed	REJECT	com.alibaba.qwen.code.runtimebroker.ToolExecutionRecord@138a7441
1790803440236	3	dispatch lease of f9bca57c-1b8f-4716-af0a-4af0ee17bfbb lapsed	REJECT	com.alibaba.qwen.code.runtimebroker.ToolExecutionRecord@3e598df9
1790803440319	3	dispatch lease of f9bca57c-1b8f-4716-af0a-4af0ee17bfbb lapsed	REJECT	com.alibaba.qwen.code.runtimebroker.ToolExecutionRecord@3088660d
1790803440412	3	dispatch lease of f9bca57c-1b8f-4716-af0a-4af0ee17bfbb lapsed	REJECT	com.alibaba.qwen.code.runtimebroker.ToolExecutionRecord@6813a331
1790803440491	3	dispatch lease of f9bca57c-1b8f-4716-af0a-4af0ee17bfbb lapsed	REJECT	com.alibaba.qwen.code.runtimebroker.ToolExecutionRecord@64e92d61
1790803440564	3	dispatch lease of f9bca57c-1b8f-4716-af0a-4af0ee17bfbb lapsed	REJECT	com.alibaba.qwen.code.runtimebroker.ToolExecutionRecord@29d37757
1790803440640	3	dispatch lease of f9bca57c-1b8f-4716-af0a-4af0ee17bfbb lapsed	REJECT	com.alibaba.qwen.code.runtimebroker.ToolExecutionRecord@4beddc56
1790803440716	3	dispatch lease of f9bca57c-1b8f-4716-af0a-4af0ee17bfbb lapsed	REJECT	com.alibaba.qwen.code.runtimebroker.ToolExecutionRecord@5d28bcd5
1790803440792	3	dispatch lease of f9bca57c-1b8f-4716-af0a-4af0ee17bfbb lapsed	REJECT	com.alibaba.qwen.code.runtimebroker.ToolExecutionRecord@20d11153
1790803440876	3	dispatch lease of f9bca57c-1b8f-4716-af0a-4af0ee17bfbb lapsed	REJECT	com.alibaba.qwen.code.runtimebroker.ToolExecutionRecord@78dc4696
1790803440960	3	dispatch lease of f9bca57c-1b8f-4716-af0a-4af0ee17bfbb lapsed	REJECT	com.alibaba.qwen.code.runtimebroker.ToolExecutionRecord@4fe01805
1790803441036	3	dispatch lease of f9bca57c-1b8f-4716-af0a-4af0ee17bfbb lapsed	REJECT	com.alibaba.qwen.code.runtimebroker.ToolExecutionRecord@38f2e97e
1790803441120	3	dispatch lease of f9bca57c-1b8f-4716-af0a-4af0ee17bfbb lapsed	REJECT	com.alibaba.qwen.code.runtimebroker.ToolExecutionRecord@1144a55a
1790803441200	3	dispatch lease of f9bca57c-1b8f-4716-af0a-4af0ee17bfbb lapsed	REJECT	com.alibaba.qwen.code.runtimebroker.ToolExecutionRecord@265c5d69
1790803441280	3	dispatch lease of f9bca57c-1b8f-4716-af0a-4af0ee17bfbb lapsed	REJECT	com.alibaba.qwen.code.runtimebroker.ToolExecutionRecord@33a630fa
1790803441352	3	dispatch lease of f9bca57c-1b8f-4716-af0a-4af0ee17bfbb lapsed	REJECT	com.alibaba.qwen.code.runtimebroker.ToolExecutionRecord@7b22ec89
1790803441436	3	dispatch lease of f9bca57c-1b8f-4716-af0a-4af0ee17bfbb lapsed	REJECT	com.alibaba.qwen.code.runtimebroker.ToolExecutionRecord@48b0e701
1790803441516	3	dispatch lease of f9bca57c-1b8f-4716-af0a-4af0ee17bfbb lapsed	REJECT	com.alibaba.qwen.code.runtimebroker.ToolExecutionRecord@30e92cb9
1790803441592	3	dispatch lease of f9bca57c-1b8f-4716-af0a-4af0ee17bfbb lapsed	REJECT	com.alibaba.qwen.code.runtimebroker.ToolExecutionRecord@3f4f9acd
1790803441676	3	dispatch lease of f9bca57c-1b8f-4716-af0a-4af0ee17bfbb lapsed	REJECT	com.alibaba.qwen.code.runtimebroker.ToolExecutionRecord@4f7c0be3
1790803441756	3	dispatch lease of f9bca57c-1b8f-4716-af0a-4af0ee17bfbb lapsed	REJECT	com.alibaba.qwen.code.runtimebroker.ToolExecutionRecord@4fa06f52
1790803441833	3	dispatch lease of f9bca57c-1b8f-4716-af0a-4af0ee17bfbb lapsed	REJECT	com.alibaba.qwen.code.runtimebroker.ToolExecutionRecord@705202d1
1790803441912	3	dispatch lease of f9bca57c-1b8f-4716-af0a-4af0ee17bfbb lapsed	REJECT	com.alibaba.qwen.code.runtimebroker.ToolExecutionRecord@3bd55d8
1790803441992	3	dispatch lease of f9bca57c-1b8f-4716-af0a-4af0ee17bfbb lapsed	REJECT	com.alibaba.qwen.code.runtimebroker.ToolExecutionRecord@61942c1
1790803442076	3	dispatch lease of f9bca57c-1b8f-4716-af0a-4af0ee17bfbb lapsed	ACCEPT	com.alibaba.qwen.code.runtimebroker.ToolExecutionRecord@62a8fd44
1790803446728	3	dispatch lease of fb6b40d5-1ead-4601-a804-9895a1431238 lapsed	REJECT	com.alibaba.qwen.code.runtimebroker.ToolExecutionRecord@6b9c69a9
1790803446808	3	dispatch lease of fb6b40d5-1ead-4601-a804-9895a1431238 lapsed	REJECT	com.alibaba.qwen.code.runtimebroker.ToolExecutionRecord@497570fb
1790803446892	3	dispatch lease of fb6b40d5-1ead-4601-a804-9895a1431238 lapsed	REJECT	com.alibaba.qwen.code.runtimebroker.ToolExecutionRecord@4dd94a58
1790803446972	3	dispatch lease of fb6b40d5-1ead-4601-a804-9895a1431238 lapsed	REJECT	com.alibaba.qwen.code.runtimebroker.ToolExecutionRecord@75b21c3b
1790803447060	3	dispatch lease of fb6b40d5-1ead-4601-a804-9895a1431238 lapsed	REJECT	com.alibaba.qwen.code.runtimebroker.ToolExecutionRecord@4bd2f0dc
1790803447140	3	dispatch lease of fb6b40d5-1ead-4601-a804-9895a1431238 lapsed	REJECT	com.alibaba.qwen.code.runtimebroker.ToolExecutionRecord@51e37590
1790803447216	3	dispatch lease of fb6b40d5-1ead-4601-a804-9895a1431238 lapsed	REJECT	com.alibaba.qwen.code.runtimebroker.ToolExecutionRecord@39aa45a1
1790803447296	3	dispatch lease of fb6b40d5-1ead-4601-a804-9895a1431238 lapsed	REJECT	com.alibaba.qwen.code.runtimebroker.ToolExecutionRecord@27ead29e
1790803447372	3	dispatch lease of fb6b40d5-1ead-4601-a804-9895a1431238 lapsed	REJECT	com.alibaba.qwen.code.runtimebroker.ToolExecutionRecord@383f3558
1790803447452	3	dispatch lease of fb6b40d5-1ead-4601-a804-9895a1431238 lapsed	REJECT	com.alibaba.qwen.code.runtimebroker.ToolExecutionRecord@65f00478
1790803447528	3	dispatch lease of fb6b40d5-1ead-4601-a804-9895a1431238 lapsed	REJECT	com.alibaba.qwen.code.runtimebroker.ToolExecutionRecord@28486680
1790803447609	3	dispatch lease of fb6b40d5-1ead-4601-a804-9895a1431238 lapsed	REJECT	com.alibaba.qwen.code.runtimebroker.ToolExecutionRecord@6e78fcf5
1790803447696	3	dispatch lease of fb6b40d5-1ead-4601-a804-9895a1431238 lapsed	REJECT	com.alibaba.qwen.code.runtimebroker.ToolExecutionRecord@7d151a
1790803447776	3	dispatch lease of fb6b40d5-1ead-4601-a804-9895a1431238 lapsed	REJECT	com.alibaba.qwen.code.runtimebroker.ToolExecutionRecord@1f86099a
1790803447856	3	dispatch lease of fb6b40d5-1ead-4601-a804-9895a1431238 lapsed	REJECT	com.alibaba.qwen.code.runtimebroker.ToolExecutionRecord@54acff7d
1790803447936	3	dispatch lease of fb6b40d5-1ead-4601-a804-9895a1431238 lapsed	REJECT	com.alibaba.qwen.code.runtimebroker.ToolExecutionRecord@4248ed58
1790803448016	3	dispatch lease of fb6b40d5-1ead-4601-a804-9895a1431238 lapsed	REJECT	com.alibaba.qwen.code.runtimebroker.ToolExecutionRecord@54534abf
1790803448092	3	dispatch lease of fb6b40d5-1ead-4601-a804-9895a1431238 lapsed	REJECT	com.alibaba.qwen.code.runtimebroker.ToolExecutionRecord@27abb83e
1790803448170	3	dispatch lease of fb6b40d5-1ead-4601-a804-9895a1431238 lapsed	REJECT	com.alibaba.qwen.code.runtimebroker.ToolExecutionRecord@667e34b1
1790803448244	3	dispatch lease of fb6b40d5-1ead-4601-a804-9895a1431238 lapsed	REJECT	com.alibaba.qwen.code.runtimebroker.ToolExecutionRecord@1efdcd5
1790803448324	3	dispatch lease of fb6b40d5-1ead-4601-a804-9895a1431238 lapsed	REJECT	com.alibaba.qwen.code.runtimebroker.ToolExecutionRecord@4351171a
1790803448398	3	dispatch lease of fb6b40d5-1ead-4601-a804-9895a1431238 lapsed	REJECT	com.alibaba.qwen.code.runtimebroker.ToolExecutionRecord@433e536f
1790803448480	3	dispatch lease of fb6b40d5-1ead-4601-a804-9895a1431238 lapsed	REJECT	com.alibaba.qwen.code.runtimebroker.ToolExecutionRecord@381cad29
1790803448556	3	dispatch lease of fb6b40d5-1ead-4601-a804-9895a1431238 lapsed	REJECT	com.alibaba.qwen.code.runtimebroker.ToolExecutionRecord@3c5a54b7
1790803448628	3	dispatch lease of fb6b40d5-1ead-4601-a804-9895a1431238 lapsed	REJECT	com.alibaba.qwen.code.runtimebroker.ToolExecutionRecord@417ad4f3
1790803448708	3	dispatch lease of fb6b40d5-1ead-4601-a804-9895a1431238 lapsed	REJECT	com.alibaba.qwen.code.runtimebroker.ToolExecutionRecord@78c7f9b3
1790803448788	3	dispatch lease of fb6b40d5-1ead-4601-a804-9895a1431238 lapsed	REJECT	com.alibaba.qwen.code.runtimebroker.ToolExecutionRecord@4d6f623d
1790803448872	3	dispatch lease of fb6b40d5-1ead-4601-a804-9895a1431238 lapsed	REJECT	com.alibaba.qwen.code.runtimebroker.ToolExecutionRecord@4cee7fa0
1790803448948	3	dispatch lease of fb6b40d5-1ead-4601-a804-9895a1431238 lapsed	REJECT	com.alibaba.qwen.code.runtimebroker.ToolExecutionRecord@7180e701
1790803449028	3	dispatch lease of fb6b40d5-1ead-4601-a804-9895a1431238 lapsed	ACCEPT	com.alibaba.qwen.code.runtimebroker.ToolExecutionRecord@5a5c128
1790803720825	4	escaped writer pid	REJECT	false
1790803720878	4	escaped writer pid	REJECT	false
1790803720928	4	escaped writer pid	REJECT	false
1790803720978	4	escaped writer pid	ACCEPT	true
1790803720998	4	escaped writer output	REJECT	false
1790803721052	4	escaped writer output	REJECT	false
1790803721102	4	escaped writer output	ACCEPT	true
1790803722966	4	original worker loss after recovery fencing	ACCEPT	Reply[ok=false, value=null, status=503, code=runtime_broker_runtime_lost, retryable=true, message=Runtime is lost; recovery requires complete evidence and cleanup]
1790803723168	4	escaped writer continues after loss; the physical pin must remain	REJECT	42
1790803723218	4	escaped writer continues after loss; the physical pin must remain	ACCEPT	43
1790803726462	4	escaped writer pid	REJECT	false
1790803726513	4	escaped writer pid	REJECT	false
1790803726566	4	escaped writer pid	REJECT	false
1790803726616	4	escaped writer pid	ACCEPT	true
1790803726628	4	escaped writer output	REJECT	false
1790803726678	4	escaped writer output	REJECT	false
1790803726728	4	escaped writer output	ACCEPT	true
1790803728402	4	original worker loss after recovery fencing	ACCEPT	Reply[ok=false, value=null, status=503, code=runtime_broker_runtime_lost, retryable=true, message=Runtime is lost; recovery requires complete evidence and cleanup]
1790803728460	4	escaped writer continues after loss; the physical pin must remain	REJECT	35
1790803728510	4	escaped writer continues after loss; the physical pin must remain	ACCEPT	36
1790803731546	4	marker = [start]	REJECT	[]
1790803731597	4	marker = [start]	REJECT	[]
1790803731647	4	marker = [start]	ACCEPT	[start]
1790803731726	4	UNKNOWN execution	REJECT	com.alibaba.qwen.code.runtimebroker.ToolExecutionRecord@5b6813df
1790803731797	4	UNKNOWN execution	ACCEPT	com.alibaba.qwen.code.runtimebroker.ToolExecutionRecord@2b58f754
1790803739208	4	marker = [start]	REJECT	[]
1790803739258	4	marker = [start]	REJECT	[]
1790803739308	4	marker = [start]	ACCEPT	[start]
1790803740709	4	original Runtime loss after recovery fencing	ACCEPT	Reply[ok=false, value=null, status=503, code=runtime_broker_runtime_lost, retryable=true, message=Runtime is lost; recovery requires complete evidence and cleanup]
1790803748745	4	dispatch lease of 35773fe4-ae60-4e3b-918e-6f76234c9c7a lapsed	REJECT	com.alibaba.qwen.code.runtimebroker.ToolExecutionRecord@25f7391e
1790803748837	4	dispatch lease of 35773fe4-ae60-4e3b-918e-6f76234c9c7a lapsed	REJECT	com.alibaba.qwen.code.runtimebroker.ToolExecutionRecord@5fb97279
1790803748937	4	dispatch lease of 35773fe4-ae60-4e3b-918e-6f76234c9c7a lapsed	REJECT	com.alibaba.qwen.code.runtimebroker.ToolExecutionRecord@31024624
1790803749041	4	dispatch lease of 35773fe4-ae60-4e3b-918e-6f76234c9c7a lapsed	REJECT	com.alibaba.qwen.code.runtimebroker.ToolExecutionRecord@63cd604c
1790803749137	4	dispatch lease of 35773fe4-ae60-4e3b-918e-6f76234c9c7a lapsed	REJECT	com.alibaba.qwen.code.runtimebroker.ToolExecutionRecord@6a1d204a
1790803749229	4	dispatch lease of 35773fe4-ae60-4e3b-918e-6f76234c9c7a lapsed	REJECT	com.alibaba.qwen.code.runtimebroker.ToolExecutionRecord@6fff253c
1790803749317	4	dispatch lease of 35773fe4-ae60-4e3b-918e-6f76234c9c7a lapsed	REJECT	com.alibaba.qwen.code.runtimebroker.ToolExecutionRecord@3954d008
1790803749401	4	dispatch lease of 35773fe4-ae60-4e3b-918e-6f76234c9c7a lapsed	REJECT	com.alibaba.qwen.code.runtimebroker.ToolExecutionRecord@72ccd81a
1790803749481	4	dispatch lease of 35773fe4-ae60-4e3b-918e-6f76234c9c7a lapsed	REJECT	com.alibaba.qwen.code.runtimebroker.ToolExecutionRecord@493dfb8e
1790803749571	4	dispatch lease of 35773fe4-ae60-4e3b-918e-6f76234c9c7a lapsed	REJECT	com.alibaba.qwen.code.runtimebroker.ToolExecutionRecord@9d157ff
1790803749655	4	dispatch lease of 35773fe4-ae60-4e3b-918e-6f76234c9c7a lapsed	REJECT	com.alibaba.qwen.code.runtimebroker.ToolExecutionRecord@7c041b41
1790803749757	4	dispatch lease of 35773fe4-ae60-4e3b-918e-6f76234c9c7a lapsed	REJECT	com.alibaba.qwen.code.runtimebroker.ToolExecutionRecord@1cb3ec38
1790803749844	4	dispatch lease of 35773fe4-ae60-4e3b-918e-6f76234c9c7a lapsed	REJECT	com.alibaba.qwen.code.runtimebroker.ToolExecutionRecord@2cab9998
1790803749925	4	dispatch lease of 35773fe4-ae60-4e3b-918e-6f76234c9c7a lapsed	REJECT	com.alibaba.qwen.code.runtimebroker.ToolExecutionRecord@3a1d593e
1790803750013	4	dispatch lease of 35773fe4-ae60-4e3b-918e-6f76234c9c7a lapsed	REJECT	com.alibaba.qwen.code.runtimebroker.ToolExecutionRecord@7859e786
1790803750109	4	dispatch lease of 35773fe4-ae60-4e3b-918e-6f76234c9c7a lapsed	REJECT	com.alibaba.qwen.code.runtimebroker.ToolExecutionRecord@664a9613
1790803750197	4	dispatch lease of 35773fe4-ae60-4e3b-918e-6f76234c9c7a lapsed	REJECT	com.alibaba.qwen.code.runtimebroker.ToolExecutionRecord@7876d598
1790803750285	4	dispatch lease of 35773fe4-ae60-4e3b-918e-6f76234c9c7a lapsed	REJECT	com.alibaba.qwen.code.runtimebroker.ToolExecutionRecord@71104a4
1790803750365	4	dispatch lease of 35773fe4-ae60-4e3b-918e-6f76234c9c7a lapsed	REJECT	com.alibaba.qwen.code.runtimebroker.ToolExecutionRecord@3c9168dc
1790803750456	4	dispatch lease of 35773fe4-ae60-4e3b-918e-6f76234c9c7a lapsed	REJECT	com.alibaba.qwen.code.runtimebroker.ToolExecutionRecord@54361a9
1790803750545	4	dispatch lease of 35773fe4-ae60-4e3b-918e-6f76234c9c7a lapsed	REJECT	com.alibaba.qwen.code.runtimebroker.ToolExecutionRecord@37ebc9d8
1790803750622	4	dispatch lease of 35773fe4-ae60-4e3b-918e-6f76234c9c7a lapsed	REJECT	com.alibaba.qwen.code.runtimebroker.ToolExecutionRecord@6fa590ba
1790803750705	4	dispatch lease of 35773fe4-ae60-4e3b-918e-6f76234c9c7a lapsed	REJECT	com.alibaba.qwen.code.runtimebroker.ToolExecutionRecord@7bf9b098
1790803750793	4	dispatch lease of 35773fe4-ae60-4e3b-918e-6f76234c9c7a lapsed	REJECT	com.alibaba.qwen.code.runtimebroker.ToolExecutionRecord@1fc0053e
1790803750897	4	dispatch lease of 35773fe4-ae60-4e3b-918e-6f76234c9c7a lapsed	REJECT	com.alibaba.qwen.code.runtimebroker.ToolExecutionRecord@33617539
1790803750984	4	dispatch lease of 35773fe4-ae60-4e3b-918e-6f76234c9c7a lapsed	REJECT	com.alibaba.qwen.code.runtimebroker.ToolExecutionRecord@209775a9
1790803751068	4	dispatch lease of 35773fe4-ae60-4e3b-918e-6f76234c9c7a lapsed	ACCEPT	com.alibaba.qwen.code.runtimebroker.ToolExecutionRecord@74cec793
1790803756109	4	marker = [start]	REJECT	[]
1790803756160	4	marker = [start]	REJECT	[]
1790803756210	4	marker = [start]	REJECT	[]
1790803756260	4	marker = [start]	ACCEPT	[start]
1790803756977	4	dispatch lease of 7861a76d-c385-492a-873c-ed439c5e9366 lapsed	REJECT	com.alibaba.qwen.code.runtimebroker.ToolExecutionRecord@5cc69cfe
1790803757068	4	dispatch lease of 7861a76d-c385-492a-873c-ed439c5e9366 lapsed	REJECT	com.alibaba.qwen.code.runtimebroker.ToolExecutionRecord@7997b197
1790803757167	4	dispatch lease of 7861a76d-c385-492a-873c-ed439c5e9366 lapsed	REJECT	com.alibaba.qwen.code.runtimebroker.ToolExecutionRecord@55f3c410
1790803757248	4	dispatch lease of 7861a76d-c385-492a-873c-ed439c5e9366 lapsed	REJECT	com.alibaba.qwen.code.runtimebroker.ToolExecutionRecord@4a8ab068
1790803757336	4	dispatch lease of 7861a76d-c385-492a-873c-ed439c5e9366 lapsed	REJECT	com.alibaba.qwen.code.runtimebroker.ToolExecutionRecord@6bab2585
1790803757424	4	dispatch lease of 7861a76d-c385-492a-873c-ed439c5e9366 lapsed	REJECT	com.alibaba.qwen.code.runtimebroker.ToolExecutionRecord@532a02d9
1790803757513	4	dispatch lease of 7861a76d-c385-492a-873c-ed439c5e9366 lapsed	REJECT	com.alibaba.qwen.code.runtimebroker.ToolExecutionRecord@7cbee484
1790803757601	4	dispatch lease of 7861a76d-c385-492a-873c-ed439c5e9366 lapsed	REJECT	com.alibaba.qwen.code.runtimebroker.ToolExecutionRecord@4089713
1790803757669	4	dispatch lease of 7861a76d-c385-492a-873c-ed439c5e9366 lapsed	REJECT	com.alibaba.qwen.code.runtimebroker.ToolExecutionRecord@b91d8c4
1790803757756	4	dispatch lease of 7861a76d-c385-492a-873c-ed439c5e9366 lapsed	REJECT	com.alibaba.qwen.code.runtimebroker.ToolExecutionRecord@4fd4cae3
1790803757840	4	dispatch lease of 7861a76d-c385-492a-873c-ed439c5e9366 lapsed	REJECT	com.alibaba.qwen.code.runtimebroker.ToolExecutionRecord@3bde62ff
1790803757928	4	dispatch lease of 7861a76d-c385-492a-873c-ed439c5e9366 lapsed	REJECT	com.alibaba.qwen.code.runtimebroker.ToolExecutionRecord@319dead1
1790803758009	4	dispatch lease of 7861a76d-c385-492a-873c-ed439c5e9366 lapsed	REJECT	com.alibaba.qwen.code.runtimebroker.ToolExecutionRecord@754777cd
1790803758104	4	dispatch lease of 7861a76d-c385-492a-873c-ed439c5e9366 lapsed	REJECT	com.alibaba.qwen.code.runtimebroker.ToolExecutionRecord@4cc76301
1790803758192	4	dispatch lease of 7861a76d-c385-492a-873c-ed439c5e9366 lapsed	REJECT	com.alibaba.qwen.code.runtimebroker.ToolExecutionRecord@7de0c6ae
1790803758280	4	dispatch lease of 7861a76d-c385-492a-873c-ed439c5e9366 lapsed	REJECT	com.alibaba.qwen.code.runtimebroker.ToolExecutionRecord@7ef2d7a6
1790803758368	4	dispatch lease of 7861a76d-c385-492a-873c-ed439c5e9366 lapsed	REJECT	com.alibaba.qwen.code.runtimebroker.ToolExecutionRecord@21526f6c
1790803758448	4	dispatch lease of 7861a76d-c385-492a-873c-ed439c5e9366 lapsed	REJECT	com.alibaba.qwen.code.runtimebroker.ToolExecutionRecord@5471388b
1790803758540	4	dispatch lease of 7861a76d-c385-492a-873c-ed439c5e9366 lapsed	REJECT	com.alibaba.qwen.code.runtimebroker.ToolExecutionRecord@3bffddff
1790803758624	4	dispatch lease of 7861a76d-c385-492a-873c-ed439c5e9366 lapsed	REJECT	com.alibaba.qwen.code.runtimebroker.ToolExecutionRecord@517bd097
1790803758708	4	dispatch lease of 7861a76d-c385-492a-873c-ed439c5e9366 lapsed	REJECT	com.alibaba.qwen.code.runtimebroker.ToolExecutionRecord@5990e6c5
1790803758792	4	dispatch lease of 7861a76d-c385-492a-873c-ed439c5e9366 lapsed	REJECT	com.alibaba.qwen.code.runtimebroker.ToolExecutionRecord@1950e8a6
1790803758872	4	dispatch lease of 7861a76d-c385-492a-873c-ed439c5e9366 lapsed	REJECT	com.alibaba.qwen.code.runtimebroker.ToolExecutionRecord@114a85c2
1790803758968	4	dispatch lease of 7861a76d-c385-492a-873c-ed439c5e9366 lapsed	REJECT	com.alibaba.qwen.code.runtimebroker.ToolExecutionRecord@724f138e
1790803759052	4	dispatch lease of 7861a76d-c385-492a-873c-ed439c5e9366 lapsed	REJECT	com.alibaba.qwen.code.runtimebroker.ToolExecutionRecord@c9413d8
1790803759139	4	dispatch lease of 7861a76d-c385-492a-873c-ed439c5e9366 lapsed	REJECT	com.alibaba.qwen.code.runtimebroker.ToolExecutionRecord@d78795
1790803759232	4	dispatch lease of 7861a76d-c385-492a-873c-ed439c5e9366 lapsed	REJECT	com.alibaba.qwen.code.runtimebroker.ToolExecutionRecord@3b9d6699
1790803759322	4	dispatch lease of 7861a76d-c385-492a-873c-ed439c5e9366 lapsed	REJECT	com.alibaba.qwen.code.runtimebroker.ToolExecutionRecord@72b16078
1790803759413	4	dispatch lease of 7861a76d-c385-492a-873c-ed439c5e9366 lapsed	REJECT	com.alibaba.qwen.code.runtimebroker.ToolExecutionRecord@1b0a7baf
1790803759492	4	dispatch lease of 7861a76d-c385-492a-873c-ed439c5e9366 lapsed	REJECT	com.alibaba.qwen.code.runtimebroker.ToolExecutionRecord@26be6ca7
1790803759580	4	dispatch lease of 7861a76d-c385-492a-873c-ed439c5e9366 lapsed	REJECT	com.alibaba.qwen.code.runtimebroker.ToolExecutionRecord@64712be
1790803759656	4	dispatch lease of 7861a76d-c385-492a-873c-ed439c5e9366 lapsed	REJECT	com.alibaba.qwen.code.runtimebroker.ToolExecutionRecord@782a4fff
1790803759740	4	dispatch lease of 7861a76d-c385-492a-873c-ed439c5e9366 lapsed	REJECT	com.alibaba.qwen.code.runtimebroker.ToolExecutionRecord@5ae81e1
1790803759817	4	dispatch lease of 7861a76d-c385-492a-873c-ed439c5e9366 lapsed	REJECT	com.alibaba.qwen.code.runtimebroker.ToolExecutionRecord@6063d80a
1790803759907	4	dispatch lease of 7861a76d-c385-492a-873c-ed439c5e9366 lapsed	REJECT	com.alibaba.qwen.code.runtimebroker.ToolExecutionRecord@54709809
1790803759996	4	dispatch lease of 7861a76d-c385-492a-873c-ed439c5e9366 lapsed	REJECT	com.alibaba.qwen.code.runtimebroker.ToolExecutionRecord@60cf80e7
1790803760084	4	dispatch lease of 7861a76d-c385-492a-873c-ed439c5e9366 lapsed	ACCEPT	com.alibaba.qwen.code.runtimebroker.ToolExecutionRecord@48c40605
1790803761205	4	reconciliation from evidence	ACCEPT	ALREADY_SETTLED
1790803768128	4	dispatch lease of 6e181274-515a-4526-8366-38b1dbb5aca9 lapsed	REJECT	com.alibaba.qwen.code.runtimebroker.ToolExecutionRecord@57dc9128
1790803768208	4	dispatch lease of 6e181274-515a-4526-8366-38b1dbb5aca9 lapsed	REJECT	com.alibaba.qwen.code.runtimebroker.ToolExecutionRecord@59221b97
1790803768304	4	dispatch lease of 6e181274-515a-4526-8366-38b1dbb5aca9 lapsed	REJECT	com.alibaba.qwen.code.runtimebroker.ToolExecutionRecord@39fc6b2c
1790803768396	4	dispatch lease of 6e181274-515a-4526-8366-38b1dbb5aca9 lapsed	REJECT	com.alibaba.qwen.code.runtimebroker.ToolExecutionRecord@5d332969
1790803768488	4	dispatch lease of 6e181274-515a-4526-8366-38b1dbb5aca9 lapsed	REJECT	com.alibaba.qwen.code.runtimebroker.ToolExecutionRecord@c0b41d6
1790803768568	4	dispatch lease of 6e181274-515a-4526-8366-38b1dbb5aca9 lapsed	REJECT	com.alibaba.qwen.code.runtimebroker.ToolExecutionRecord@3b718392
1790803768660	4	dispatch lease of 6e181274-515a-4526-8366-38b1dbb5aca9 lapsed	REJECT	com.alibaba.qwen.code.runtimebroker.ToolExecutionRecord@49bf29c6
1790803768752	4	dispatch lease of 6e181274-515a-4526-8366-38b1dbb5aca9 lapsed	REJECT	com.alibaba.qwen.code.runtimebroker.ToolExecutionRecord@7668d560
1790803768828	4	dispatch lease of 6e181274-515a-4526-8366-38b1dbb5aca9 lapsed	REJECT	com.alibaba.qwen.code.runtimebroker.ToolExecutionRecord@6c44052e
1790803768904	4	dispatch lease of 6e181274-515a-4526-8366-38b1dbb5aca9 lapsed	REJECT	com.alibaba.qwen.code.runtimebroker.ToolExecutionRecord@1e34c607
1790803768988	4	dispatch lease of 6e181274-515a-4526-8366-38b1dbb5aca9 lapsed	REJECT	com.alibaba.qwen.code.runtimebroker.ToolExecutionRecord@31198ceb
1790803769084	4	dispatch lease of 6e181274-515a-4526-8366-38b1dbb5aca9 lapsed	REJECT	com.alibaba.qwen.code.runtimebroker.ToolExecutionRecord@7726e185
1790803769161	4	dispatch lease of 6e181274-515a-4526-8366-38b1dbb5aca9 lapsed	REJECT	com.alibaba.qwen.code.runtimebroker.ToolExecutionRecord@5dda14d0
1790803769244	4	dispatch lease of 6e181274-515a-4526-8366-38b1dbb5aca9 lapsed	REJECT	com.alibaba.qwen.code.runtimebroker.ToolExecutionRecord@d4ab71a
1790803769332	4	dispatch lease of 6e181274-515a-4526-8366-38b1dbb5aca9 lapsed	REJECT	com.alibaba.qwen.code.runtimebroker.ToolExecutionRecord@5987e932
1790803769420	4	dispatch lease of 6e181274-515a-4526-8366-38b1dbb5aca9 lapsed	REJECT	com.alibaba.qwen.code.runtimebroker.ToolExecutionRecord@438bad7c
1790803769500	4	dispatch lease of 6e181274-515a-4526-8366-38b1dbb5aca9 lapsed	REJECT	com.alibaba.qwen.code.runtimebroker.ToolExecutionRecord@4a8b5227
1790803769584	4	dispatch lease of 6e181274-515a-4526-8366-38b1dbb5aca9 lapsed	REJECT	com.alibaba.qwen.code.runtimebroker.ToolExecutionRecord@5a6d5a8f
1790803769667	4	dispatch lease of 6e181274-515a-4526-8366-38b1dbb5aca9 lapsed	REJECT	com.alibaba.qwen.code.runtimebroker.ToolExecutionRecord@17f9344b
1790803769756	4	dispatch lease of 6e181274-515a-4526-8366-38b1dbb5aca9 lapsed	REJECT	com.alibaba.qwen.code.runtimebroker.ToolExecutionRecord@38d5b107
1790803769832	4	dispatch lease of 6e181274-515a-4526-8366-38b1dbb5aca9 lapsed	REJECT	com.alibaba.qwen.code.runtimebroker.ToolExecutionRecord@50cf5a23
1790803769912	4	dispatch lease of 6e181274-515a-4526-8366-38b1dbb5aca9 lapsed	REJECT	com.alibaba.qwen.code.runtimebroker.ToolExecutionRecord@30457e14
1790803770000	4	dispatch lease of 6e181274-515a-4526-8366-38b1dbb5aca9 lapsed	REJECT	com.alibaba.qwen.code.runtimebroker.ToolExecutionRecord@20765ed5
1790803770080	4	dispatch lease of 6e181274-515a-4526-8366-38b1dbb5aca9 lapsed	ACCEPT	com.alibaba.qwen.code.runtimebroker.ToolExecutionRecord@1e8823d2
1790803771121	4	reconciliation from evidence	ACCEPT	ALREADY_SETTLED
1790803774062	4	marker = [start]	REJECT	[]
1790803774112	4	marker = [start]	REJECT	[]
1790803774162	4	marker = [start]	ACCEPT	[start]
1790803783036	4	marker = [start, end]	ACCEPT	[start, end]
1790803787320	4	startup adoption	REJECT	Reply[ok=false, value=null, status=503, code=runtime_provisioning_in_progress, retryable=true, message=another Broker owns Runtime provisioning]
1790803787421	4	startup adoption	REJECT	Reply[ok=false, value=null, status=503, code=runtime_provisioning_in_progress, retryable=true, message=another Broker owns Runtime provisioning]
1790803787521	4	startup adoption	REJECT	Reply[ok=false, value=null, status=503, code=runtime_provisioning_in_progress, retryable=true, message=another Broker owns Runtime provisioning]
1790803787633	4	startup adoption	REJECT	Reply[ok=false, value=null, status=503, code=runtime_provisioning_in_progress, retryable=true, message=another Broker owns Runtime provisioning]
1790803787729	4	startup adoption	REJECT	Reply[ok=false, value=null, status=503, code=runtime_provisioning_in_progress, retryable=true, message=another Broker owns Runtime provisioning]
1790803787817	4	startup adoption	REJECT	Reply[ok=false, value=null, status=503, code=runtime_provisioning_in_progress, retryable=true, message=another Broker owns Runtime provisioning]
1790803787921	4	startup adoption	REJECT	Reply[ok=false, value=null, status=503, code=runtime_provisioning_in_progress, retryable=true, message=another Broker owns Runtime provisioning]
1790803788252	4	startup adoption	ACCEPT	Reply[ok=true, value={"bindingId":"8bc091a0-12b3-4913-abe8-42e06e5a0a59","generation":1,"state":"READY"}, status=0, code=null, retryable=false, message=null]
1790803792714	4	startup adoption	REJECT	Reply[ok=false, value=null, status=503, code=runtime_provisioning_in_progress, retryable=true, message=another Broker owns Runtime provisioning]
1790803792821	4	startup adoption	REJECT	Reply[ok=false, value=null, status=503, code=runtime_provisioning_in_progress, retryable=true, message=another Broker owns Runtime provisioning]
1790803792925	4	startup adoption	REJECT	Reply[ok=false, value=null, status=503, code=runtime_provisioning_in_progress, retryable=true, message=another Broker owns Runtime provisioning]
1790803793245	4	startup adoption	ACCEPT	Reply[ok=true, value={"bindingId":"cf7055cf-1547-4221-92bc-9b2aa68c880c","generation":1,"state":"READY"}, status=0, code=null, retryable=false, message=null]
1790803796417	4	marker = [start]	REJECT	[]
1790803797290	4	marker = [start]	ACCEPT	[start]
1790803798701	4	original worker loss after recovery fencing	ACCEPT	Reply[ok=false, value=null, status=503, code=runtime_broker_runtime_lost, retryable=true, message=Runtime is lost; recovery requires complete evidence and cleanup]
1790803801725	4	project/marker = [start]	REJECT	[]
1790803801775	4	project/marker = [start]	REJECT	[]
1790803801942	4	project/marker = [start]	ACCEPT	[start]
1790803803281	4	original worker loss after recovery fencing	ACCEPT	Reply[ok=false, value=null, status=503, code=runtime_broker_runtime_lost, retryable=true, message=Runtime is lost; recovery requires complete evidence and cleanup]
1790803819521	4	marker = [start]	REJECT	[]
1790803819571	4	marker = [start]	REJECT	[]
1790803819622	4	marker = [start]	ACCEPT	[start]
1790803821148	4	dispatch lease of 1a3f169c-9176-4e14-bac4-ac5c202c940b lapsed	REJECT	com.alibaba.qwen.code.runtimebroker.ToolExecutionRecord@721eb7df
1790803821228	4	dispatch lease of 1a3f169c-9176-4e14-bac4-ac5c202c940b lapsed	REJECT	com.alibaba.qwen.code.runtimebroker.ToolExecutionRecord@5298dead
1790803821308	4	dispatch lease of 1a3f169c-9176-4e14-bac4-ac5c202c940b lapsed	REJECT	com.alibaba.qwen.code.runtimebroker.ToolExecutionRecord@4e406694
1790803821387	4	dispatch lease of 1a3f169c-9176-4e14-bac4-ac5c202c940b lapsed	REJECT	com.alibaba.qwen.code.runtimebroker.ToolExecutionRecord@4f8caaf3
1790803821468	4	dispatch lease of 1a3f169c-9176-4e14-bac4-ac5c202c940b lapsed	REJECT	com.alibaba.qwen.code.runtimebroker.ToolExecutionRecord@6bb7cce7
1790803821544	4	dispatch lease of 1a3f169c-9176-4e14-bac4-ac5c202c940b lapsed	REJECT	com.alibaba.qwen.code.runtimebroker.ToolExecutionRecord@328572f0
1790803821632	4	dispatch lease of 1a3f169c-9176-4e14-bac4-ac5c202c940b lapsed	REJECT	com.alibaba.qwen.code.runtimebroker.ToolExecutionRecord@64a1923a
1790803821712	4	dispatch lease of 1a3f169c-9176-4e14-bac4-ac5c202c940b lapsed	REJECT	com.alibaba.qwen.code.runtimebroker.ToolExecutionRecord@2c0f7678
1790803821788	4	dispatch lease of 1a3f169c-9176-4e14-bac4-ac5c202c940b lapsed	REJECT	com.alibaba.qwen.code.runtimebroker.ToolExecutionRecord@23c650a3
1790803821860	4	dispatch lease of 1a3f169c-9176-4e14-bac4-ac5c202c940b lapsed	REJECT	com.alibaba.qwen.code.runtimebroker.ToolExecutionRecord@50b1f030
1790803821932	4	dispatch lease of 1a3f169c-9176-4e14-bac4-ac5c202c940b lapsed	REJECT	com.alibaba.qwen.code.runtimebroker.ToolExecutionRecord@3e681bc
1790803822004	4	dispatch lease of 1a3f169c-9176-4e14-bac4-ac5c202c940b lapsed	REJECT	com.alibaba.qwen.code.runtimebroker.ToolExecutionRecord@5f574cc2
1790803822080	4	dispatch lease of 1a3f169c-9176-4e14-bac4-ac5c202c940b lapsed	REJECT	com.alibaba.qwen.code.runtimebroker.ToolExecutionRecord@2d83c5a5
1790803822164	4	dispatch lease of 1a3f169c-9176-4e14-bac4-ac5c202c940b lapsed	REJECT	com.alibaba.qwen.code.runtimebroker.ToolExecutionRecord@60222fd8
1790803822244	4	dispatch lease of 1a3f169c-9176-4e14-bac4-ac5c202c940b lapsed	REJECT	com.alibaba.qwen.code.runtimebroker.ToolExecutionRecord@710b30ef
1790803822328	4	dispatch lease of 1a3f169c-9176-4e14-bac4-ac5c202c940b lapsed	REJECT	com.alibaba.qwen.code.runtimebroker.ToolExecutionRecord@7cf7aee
1790803822404	4	dispatch lease of 1a3f169c-9176-4e14-bac4-ac5c202c940b lapsed	REJECT	com.alibaba.qwen.code.runtimebroker.ToolExecutionRecord@18151a14
1790803822492	4	dispatch lease of 1a3f169c-9176-4e14-bac4-ac5c202c940b lapsed	REJECT	com.alibaba.qwen.code.runtimebroker.ToolExecutionRecord@3c1e23ff
1790803822576	4	dispatch lease of 1a3f169c-9176-4e14-bac4-ac5c202c940b lapsed	REJECT	com.alibaba.qwen.code.runtimebroker.ToolExecutionRecord@1bf0f6f6
1790803822656	4	dispatch lease of 1a3f169c-9176-4e14-bac4-ac5c202c940b lapsed	REJECT	com.alibaba.qwen.code.runtimebroker.ToolExecutionRecord@2ba45490
1790803822740	4	dispatch lease of 1a3f169c-9176-4e14-bac4-ac5c202c940b lapsed	REJECT	com.alibaba.qwen.code.runtimebroker.ToolExecutionRecord@7af707e0
1790803822820	4	dispatch lease of 1a3f169c-9176-4e14-bac4-ac5c202c940b lapsed	REJECT	com.alibaba.qwen.code.runtimebroker.ToolExecutionRecord@74cf8b28
1790803822904	4	dispatch lease of 1a3f169c-9176-4e14-bac4-ac5c202c940b lapsed	REJECT	com.alibaba.qwen.code.runtimebroker.ToolExecutionRecord@7ba63fe5
1790803822992	4	dispatch lease of 1a3f169c-9176-4e14-bac4-ac5c202c940b lapsed	REJECT	com.alibaba.qwen.code.runtimebroker.ToolExecutionRecord@125c082e
1790803823072	4	dispatch lease of 1a3f169c-9176-4e14-bac4-ac5c202c940b lapsed	REJECT	com.alibaba.qwen.code.runtimebroker.ToolExecutionRecord@1f9d6c7b
1790803823144	4	dispatch lease of 1a3f169c-9176-4e14-bac4-ac5c202c940b lapsed	REJECT	com.alibaba.qwen.code.runtimebroker.ToolExecutionRecord@4010d494
1790803823220	4	dispatch lease of 1a3f169c-9176-4e14-bac4-ac5c202c940b lapsed	REJECT	com.alibaba.qwen.code.runtimebroker.ToolExecutionRecord@5eefa415
1790803823300	4	dispatch lease of 1a3f169c-9176-4e14-bac4-ac5c202c940b lapsed	REJECT	com.alibaba.qwen.code.runtimebroker.ToolExecutionRecord@2fb69ff6
1790803823384	4	dispatch lease of 1a3f169c-9176-4e14-bac4-ac5c202c940b lapsed	REJECT	com.alibaba.qwen.code.runtimebroker.ToolExecutionRecord@2f19f2aa
1790803823472	4	dispatch lease of 1a3f169c-9176-4e14-bac4-ac5c202c940b lapsed	REJECT	com.alibaba.qwen.code.runtimebroker.ToolExecutionRecord@79c5636f
1790803823544	4	dispatch lease of 1a3f169c-9176-4e14-bac4-ac5c202c940b lapsed	REJECT	com.alibaba.qwen.code.runtimebroker.ToolExecutionRecord@27f3b6d6
1790803823628	4	dispatch lease of 1a3f169c-9176-4e14-bac4-ac5c202c940b lapsed	REJECT	com.alibaba.qwen.code.runtimebroker.ToolExecutionRecord@676f0a60
1790803823716	4	dispatch lease of 1a3f169c-9176-4e14-bac4-ac5c202c940b lapsed	REJECT	com.alibaba.qwen.code.runtimebroker.ToolExecutionRecord@4a951911
1790803823800	4	dispatch lease of 1a3f169c-9176-4e14-bac4-ac5c202c940b lapsed	REJECT	com.alibaba.qwen.code.runtimebroker.ToolExecutionRecord@5e63cad
1790803823884	4	dispatch lease of 1a3f169c-9176-4e14-bac4-ac5c202c940b lapsed	REJECT	com.alibaba.qwen.code.runtimebroker.ToolExecutionRecord@14a54ef6
1790803823972	4	dispatch lease of 1a3f169c-9176-4e14-bac4-ac5c202c940b lapsed	REJECT	com.alibaba.qwen.code.runtimebroker.ToolExecutionRecord@5ba745bc
1790803824048	4	dispatch lease of 1a3f169c-9176-4e14-bac4-ac5c202c940b lapsed	ACCEPT	com.alibaba.qwen.code.runtimebroker.ToolExecutionRecord@6034e75d
1790803824377	4	cancelled original call	ACCEPT	RESOLVED
1790803827353	4	project/marker = [start]	REJECT	[]
1790803827403	4	project/marker = [start]	REJECT	[]
1790803827454	4	project/marker = [start]	ACCEPT	[start]
1790803829304	4	dispatch lease of 9576e1f9-385c-49eb-8ef2-5f71bd5f3bb5 lapsed	REJECT	com.alibaba.qwen.code.runtimebroker.ToolExecutionRecord@70d8de
1790803829380	4	dispatch lease of 9576e1f9-385c-49eb-8ef2-5f71bd5f3bb5 lapsed	REJECT	com.alibaba.qwen.code.runtimebroker.ToolExecutionRecord@46b695ec
1790803829472	4	dispatch lease of 9576e1f9-385c-49eb-8ef2-5f71bd5f3bb5 lapsed	REJECT	com.alibaba.qwen.code.runtimebroker.ToolExecutionRecord@11ce2e22
1790803829549	4	dispatch lease of 9576e1f9-385c-49eb-8ef2-5f71bd5f3bb5 lapsed	REJECT	com.alibaba.qwen.code.runtimebroker.ToolExecutionRecord@5aa6202e
1790803829632	4	dispatch lease of 9576e1f9-385c-49eb-8ef2-5f71bd5f3bb5 lapsed	REJECT	com.alibaba.qwen.code.runtimebroker.ToolExecutionRecord@91c4a3f
1790803829712	4	dispatch lease of 9576e1f9-385c-49eb-8ef2-5f71bd5f3bb5 lapsed	REJECT	com.alibaba.qwen.code.runtimebroker.ToolExecutionRecord@6826c41e
1790803829784	4	dispatch lease of 9576e1f9-385c-49eb-8ef2-5f71bd5f3bb5 lapsed	REJECT	com.alibaba.qwen.code.runtimebroker.ToolExecutionRecord@1d269ed7
1790803829864	4	dispatch lease of 9576e1f9-385c-49eb-8ef2-5f71bd5f3bb5 lapsed	REJECT	com.alibaba.qwen.code.runtimebroker.ToolExecutionRecord@410e94e
1790803829944	4	dispatch lease of 9576e1f9-385c-49eb-8ef2-5f71bd5f3bb5 lapsed	REJECT	com.alibaba.qwen.code.runtimebroker.ToolExecutionRecord@1e7f2e0f
1790803830024	4	dispatch lease of 9576e1f9-385c-49eb-8ef2-5f71bd5f3bb5 lapsed	REJECT	com.alibaba.qwen.code.runtimebroker.ToolExecutionRecord@3c818ac4
1790803830105	4	dispatch lease of 9576e1f9-385c-49eb-8ef2-5f71bd5f3bb5 lapsed	REJECT	com.alibaba.qwen.code.runtimebroker.ToolExecutionRecord@15f193b8
1790803830188	4	dispatch lease of 9576e1f9-385c-49eb-8ef2-5f71bd5f3bb5 lapsed	REJECT	com.alibaba.qwen.code.runtimebroker.ToolExecutionRecord@6bfdb014
1790803830276	4	dispatch lease of 9576e1f9-385c-49eb-8ef2-5f71bd5f3bb5 lapsed	REJECT	com.alibaba.qwen.code.runtimebroker.ToolExecutionRecord@4aa3d36
1790803830356	4	dispatch lease of 9576e1f9-385c-49eb-8ef2-5f71bd5f3bb5 lapsed	REJECT	com.alibaba.qwen.code.runtimebroker.ToolExecutionRecord@2aa27288
1790803830438	4	dispatch lease of 9576e1f9-385c-49eb-8ef2-5f71bd5f3bb5 lapsed	REJECT	com.alibaba.qwen.code.runtimebroker.ToolExecutionRecord@1d8e2eea
1790803830516	4	dispatch lease of 9576e1f9-385c-49eb-8ef2-5f71bd5f3bb5 lapsed	REJECT	com.alibaba.qwen.code.runtimebroker.ToolExecutionRecord@49298ce7
1790803830592	4	dispatch lease of 9576e1f9-385c-49eb-8ef2-5f71bd5f3bb5 lapsed	REJECT	com.alibaba.qwen.code.runtimebroker.ToolExecutionRecord@503fbbc6
1790803830676	4	dispatch lease of 9576e1f9-385c-49eb-8ef2-5f71bd5f3bb5 lapsed	REJECT	com.alibaba.qwen.code.runtimebroker.ToolExecutionRecord@67fe380b
1790803830760	4	dispatch lease of 9576e1f9-385c-49eb-8ef2-5f71bd5f3bb5 lapsed	REJECT	com.alibaba.qwen.code.runtimebroker.ToolExecutionRecord@57f64f5e
1790803830844	4	dispatch lease of 9576e1f9-385c-49eb-8ef2-5f71bd5f3bb5 lapsed	REJECT	com.alibaba.qwen.code.runtimebroker.ToolExecutionRecord@49d98dc5
1790803830924	4	dispatch lease of 9576e1f9-385c-49eb-8ef2-5f71bd5f3bb5 lapsed	REJECT	com.alibaba.qwen.code.runtimebroker.ToolExecutionRecord@ec50f54
1790803830998	4	dispatch lease of 9576e1f9-385c-49eb-8ef2-5f71bd5f3bb5 lapsed	REJECT	com.alibaba.qwen.code.runtimebroker.ToolExecutionRecord@30cdae70
1790803831080	4	dispatch lease of 9576e1f9-385c-49eb-8ef2-5f71bd5f3bb5 lapsed	REJECT	com.alibaba.qwen.code.runtimebroker.ToolExecutionRecord@3163987e
1790803831156	4	dispatch lease of 9576e1f9-385c-49eb-8ef2-5f71bd5f3bb5 lapsed	REJECT	com.alibaba.qwen.code.runtimebroker.ToolExecutionRecord@44f9779c
1790803831240	4	dispatch lease of 9576e1f9-385c-49eb-8ef2-5f71bd5f3bb5 lapsed	REJECT	com.alibaba.qwen.code.runtimebroker.ToolExecutionRecord@43d455c9
1790803831332	4	dispatch lease of 9576e1f9-385c-49eb-8ef2-5f71bd5f3bb5 lapsed	REJECT	com.alibaba.qwen.code.runtimebroker.ToolExecutionRecord@40147317
1790803831416	4	dispatch lease of 9576e1f9-385c-49eb-8ef2-5f71bd5f3bb5 lapsed	REJECT	com.alibaba.qwen.code.runtimebroker.ToolExecutionRecord@6f95cd51
1790803831500	4	dispatch lease of 9576e1f9-385c-49eb-8ef2-5f71bd5f3bb5 lapsed	REJECT	com.alibaba.qwen.code.runtimebroker.ToolExecutionRecord@6d868997
1790803831580	4	dispatch lease of 9576e1f9-385c-49eb-8ef2-5f71bd5f3bb5 lapsed	REJECT	com.alibaba.qwen.code.runtimebroker.ToolExecutionRecord@76304b46
1790803831661	4	dispatch lease of 9576e1f9-385c-49eb-8ef2-5f71bd5f3bb5 lapsed	REJECT	com.alibaba.qwen.code.runtimebroker.ToolExecutionRecord@3af37506
1790803831740	4	dispatch lease of 9576e1f9-385c-49eb-8ef2-5f71bd5f3bb5 lapsed	REJECT	com.alibaba.qwen.code.runtimebroker.ToolExecutionRecord@d4602a
1790803831825	4	dispatch lease of 9576e1f9-385c-49eb-8ef2-5f71bd5f3bb5 lapsed	REJECT	com.alibaba.qwen.code.runtimebroker.ToolExecutionRecord@15515c51
1790803831910	4	dispatch lease of 9576e1f9-385c-49eb-8ef2-5f71bd5f3bb5 lapsed	REJECT	com.alibaba.qwen.code.runtimebroker.ToolExecutionRecord@e044b4a
1790803831992	4	dispatch lease of 9576e1f9-385c-49eb-8ef2-5f71bd5f3bb5 lapsed	REJECT	com.alibaba.qwen.code.runtimebroker.ToolExecutionRecord@3ae66c85
1790803832068	4	dispatch lease of 9576e1f9-385c-49eb-8ef2-5f71bd5f3bb5 lapsed	ACCEPT	com.alibaba.qwen.code.runtimebroker.ToolExecutionRecord@73d6d0c
1790803832489	4	cancelled original call	ACCEPT	RESOLVED
1790803836280	4	dispatch lease of 6daa5d3a-918a-47cf-a2fb-5b48e48d1536 lapsed	REJECT	com.alibaba.qwen.code.runtimebroker.ToolExecutionRecord@100f9bbe
1790803836360	4	dispatch lease of 6daa5d3a-918a-47cf-a2fb-5b48e48d1536 lapsed	REJECT	com.alibaba.qwen.code.runtimebroker.ToolExecutionRecord@cd7f1ae
1790803836444	4	dispatch lease of 6daa5d3a-918a-47cf-a2fb-5b48e48d1536 lapsed	REJECT	com.alibaba.qwen.code.runtimebroker.ToolExecutionRecord@680362a
1790803836524	4	dispatch lease of 6daa5d3a-918a-47cf-a2fb-5b48e48d1536 lapsed	REJECT	com.alibaba.qwen.code.runtimebroker.ToolExecutionRecord@7d0332e1
1790803836604	4	dispatch lease of 6daa5d3a-918a-47cf-a2fb-5b48e48d1536 lapsed	REJECT	com.alibaba.qwen.code.runtimebroker.ToolExecutionRecord@377c68c6
1790803836680	4	dispatch lease of 6daa5d3a-918a-47cf-a2fb-5b48e48d1536 lapsed	REJECT	com.alibaba.qwen.code.runtimebroker.ToolExecutionRecord@430fa4ef
1790803836752	4	dispatch lease of 6daa5d3a-918a-47cf-a2fb-5b48e48d1536 lapsed	REJECT	com.alibaba.qwen.code.runtimebroker.ToolExecutionRecord@654c1a54
1790803836832	4	dispatch lease of 6daa5d3a-918a-47cf-a2fb-5b48e48d1536 lapsed	REJECT	com.alibaba.qwen.code.runtimebroker.ToolExecutionRecord@1ce93c18
1790803836912	4	dispatch lease of 6daa5d3a-918a-47cf-a2fb-5b48e48d1536 lapsed	REJECT	com.alibaba.qwen.code.runtimebroker.ToolExecutionRecord@46044faa
1790803836992	4	dispatch lease of 6daa5d3a-918a-47cf-a2fb-5b48e48d1536 lapsed	REJECT	com.alibaba.qwen.code.runtimebroker.ToolExecutionRecord@19f9d595
1790803837068	4	dispatch lease of 6daa5d3a-918a-47cf-a2fb-5b48e48d1536 lapsed	REJECT	com.alibaba.qwen.code.runtimebroker.ToolExecutionRecord@778ca8ef
1790803837152	4	dispatch lease of 6daa5d3a-918a-47cf-a2fb-5b48e48d1536 lapsed	REJECT	com.alibaba.qwen.code.runtimebroker.ToolExecutionRecord@261d8190
1790803837225	4	dispatch lease of 6daa5d3a-918a-47cf-a2fb-5b48e48d1536 lapsed	REJECT	com.alibaba.qwen.code.runtimebroker.ToolExecutionRecord@907f2b7
1790803837308	4	dispatch lease of 6daa5d3a-918a-47cf-a2fb-5b48e48d1536 lapsed	REJECT	com.alibaba.qwen.code.runtimebroker.ToolExecutionRecord@7dc51783
1790803837392	4	dispatch lease of 6daa5d3a-918a-47cf-a2fb-5b48e48d1536 lapsed	REJECT	com.alibaba.qwen.code.runtimebroker.ToolExecutionRecord@65e7f52a
1790803837480	4	dispatch lease of 6daa5d3a-918a-47cf-a2fb-5b48e48d1536 lapsed	REJECT	com.alibaba.qwen.code.runtimebroker.ToolExecutionRecord@107e5441
1790803837556	4	dispatch lease of 6daa5d3a-918a-47cf-a2fb-5b48e48d1536 lapsed	REJECT	com.alibaba.qwen.code.runtimebroker.ToolExecutionRecord@1f14f20c
1790803837636	4	dispatch lease of 6daa5d3a-918a-47cf-a2fb-5b48e48d1536 lapsed	REJECT	com.alibaba.qwen.code.runtimebroker.ToolExecutionRecord@6e4ea0bd
1790803837716	4	dispatch lease of 6daa5d3a-918a-47cf-a2fb-5b48e48d1536 lapsed	REJECT	com.alibaba.qwen.code.runtimebroker.ToolExecutionRecord@1059754c
1790803837800	4	dispatch lease of 6daa5d3a-918a-47cf-a2fb-5b48e48d1536 lapsed	REJECT	com.alibaba.qwen.code.runtimebroker.ToolExecutionRecord@7f4037ed
1790803837884	4	dispatch lease of 6daa5d3a-918a-47cf-a2fb-5b48e48d1536 lapsed	REJECT	com.alibaba.qwen.code.runtimebroker.ToolExecutionRecord@110844f6
1790803837959	4	dispatch lease of 6daa5d3a-918a-47cf-a2fb-5b48e48d1536 lapsed	REJECT	com.alibaba.qwen.code.runtimebroker.ToolExecutionRecord@4925f4f5
1790803838032	4	dispatch lease of 6daa5d3a-918a-47cf-a2fb-5b48e48d1536 lapsed	REJECT	com.alibaba.qwen.code.runtimebroker.ToolExecutionRecord@39ce27f2
1790803838112	4	dispatch lease of 6daa5d3a-918a-47cf-a2fb-5b48e48d1536 lapsed	REJECT	com.alibaba.qwen.code.runtimebroker.ToolExecutionRecord@28782602
1790803838192	4	dispatch lease of 6daa5d3a-918a-47cf-a2fb-5b48e48d1536 lapsed	REJECT	com.alibaba.qwen.code.runtimebroker.ToolExecutionRecord@511816c0
1790803838268	4	dispatch lease of 6daa5d3a-918a-47cf-a2fb-5b48e48d1536 lapsed	REJECT	com.alibaba.qwen.code.runtimebroker.ToolExecutionRecord@3935e9a8
1790803838344	4	dispatch lease of 6daa5d3a-918a-47cf-a2fb-5b48e48d1536 lapsed	REJECT	com.alibaba.qwen.code.runtimebroker.ToolExecutionRecord@452c8a40
1790803838424	4	dispatch lease of 6daa5d3a-918a-47cf-a2fb-5b48e48d1536 lapsed	REJECT	com.alibaba.qwen.code.runtimebroker.ToolExecutionRecord@470a9030
1790803838508	4	dispatch lease of 6daa5d3a-918a-47cf-a2fb-5b48e48d1536 lapsed	REJECT	com.alibaba.qwen.code.runtimebroker.ToolExecutionRecord@d59970a
1790803838596	4	dispatch lease of 6daa5d3a-918a-47cf-a2fb-5b48e48d1536 lapsed	REJECT	com.alibaba.qwen.code.runtimebroker.ToolExecutionRecord@3e6fd0b9
1790803838672	4	dispatch lease of 6daa5d3a-918a-47cf-a2fb-5b48e48d1536 lapsed	REJECT	com.alibaba.qwen.code.runtimebroker.ToolExecutionRecord@76adb233
1790803838748	4	dispatch lease of 6daa5d3a-918a-47cf-a2fb-5b48e48d1536 lapsed	REJECT	com.alibaba.qwen.code.runtimebroker.ToolExecutionRecord@7dcc91fd
1790803838832	4	dispatch lease of 6daa5d3a-918a-47cf-a2fb-5b48e48d1536 lapsed	REJECT	com.alibaba.qwen.code.runtimebroker.ToolExecutionRecord@75504cef
1790803838920	4	dispatch lease of 6daa5d3a-918a-47cf-a2fb-5b48e48d1536 lapsed	REJECT	com.alibaba.qwen.code.runtimebroker.ToolExecutionRecord@28c88600
1790803839004	4	dispatch lease of 6daa5d3a-918a-47cf-a2fb-5b48e48d1536 lapsed	REJECT	com.alibaba.qwen.code.runtimebroker.ToolExecutionRecord@7f9e1534
1790803839092	4	dispatch lease of 6daa5d3a-918a-47cf-a2fb-5b48e48d1536 lapsed	ACCEPT	com.alibaba.qwen.code.runtimebroker.ToolExecutionRecord@31611954
1790803843746	4	dispatch lease of f29c7b7f-17ef-499c-993e-697f1a37c92b lapsed	REJECT	com.alibaba.qwen.code.runtimebroker.ToolExecutionRecord@4ad4936c
1790803843828	4	dispatch lease of f29c7b7f-17ef-499c-993e-697f1a37c92b lapsed	REJECT	com.alibaba.qwen.code.runtimebroker.ToolExecutionRecord@25cc7470
1790803843904	4	dispatch lease of f29c7b7f-17ef-499c-993e-697f1a37c92b lapsed	REJECT	com.alibaba.qwen.code.runtimebroker.ToolExecutionRecord@1b812421
1790803843980	4	dispatch lease of f29c7b7f-17ef-499c-993e-697f1a37c92b lapsed	REJECT	com.alibaba.qwen.code.runtimebroker.ToolExecutionRecord@32639b12
1790803844056	4	dispatch lease of f29c7b7f-17ef-499c-993e-697f1a37c92b lapsed	REJECT	com.alibaba.qwen.code.runtimebroker.ToolExecutionRecord@5649ec46
1790803844136	4	dispatch lease of f29c7b7f-17ef-499c-993e-697f1a37c92b lapsed	REJECT	com.alibaba.qwen.code.runtimebroker.ToolExecutionRecord@5652f555
1790803844216	4	dispatch lease of f29c7b7f-17ef-499c-993e-697f1a37c92b lapsed	REJECT	com.alibaba.qwen.code.runtimebroker.ToolExecutionRecord@794b435f
1790803844296	4	dispatch lease of f29c7b7f-17ef-499c-993e-697f1a37c92b lapsed	REJECT	com.alibaba.qwen.code.runtimebroker.ToolExecutionRecord@323659f8
1790803844376	4	dispatch lease of f29c7b7f-17ef-499c-993e-697f1a37c92b lapsed	REJECT	com.alibaba.qwen.code.runtimebroker.ToolExecutionRecord@26a529dc
1790803844452	4	dispatch lease of f29c7b7f-17ef-499c-993e-697f1a37c92b lapsed	REJECT	com.alibaba.qwen.code.runtimebroker.ToolExecutionRecord@3cc20577
1790803844532	4	dispatch lease of f29c7b7f-17ef-499c-993e-697f1a37c92b lapsed	REJECT	com.alibaba.qwen.code.runtimebroker.ToolExecutionRecord@5767b2af
1790803844612	4	dispatch lease of f29c7b7f-17ef-499c-993e-697f1a37c92b lapsed	REJECT	com.alibaba.qwen.code.runtimebroker.ToolExecutionRecord@2228db21
1790803844696	4	dispatch lease of f29c7b7f-17ef-499c-993e-697f1a37c92b lapsed	REJECT	com.alibaba.qwen.code.runtimebroker.ToolExecutionRecord@547c04c4
1790803844780	4	dispatch lease of f29c7b7f-17ef-499c-993e-697f1a37c92b lapsed	REJECT	com.alibaba.qwen.code.runtimebroker.ToolExecutionRecord@ba1f559
1790803844864	4	dispatch lease of f29c7b7f-17ef-499c-993e-697f1a37c92b lapsed	REJECT	com.alibaba.qwen.code.runtimebroker.ToolExecutionRecord@4bf324f9
1790803844948	4	dispatch lease of f29c7b7f-17ef-499c-993e-697f1a37c92b lapsed	REJECT	com.alibaba.qwen.code.runtimebroker.ToolExecutionRecord@1d2644e3
1790803845028	4	dispatch lease of f29c7b7f-17ef-499c-993e-697f1a37c92b lapsed	REJECT	com.alibaba.qwen.code.runtimebroker.ToolExecutionRecord@5ffc5491
1790803845108	4	dispatch lease of f29c7b7f-17ef-499c-993e-697f1a37c92b lapsed	REJECT	com.alibaba.qwen.code.runtimebroker.ToolExecutionRecord@3e58d65e
1790803845192	4	dispatch lease of f29c7b7f-17ef-499c-993e-697f1a37c92b lapsed	REJECT	com.alibaba.qwen.code.runtimebroker.ToolExecutionRecord@7e0b9178
1790803845270	4	dispatch lease of f29c7b7f-17ef-499c-993e-697f1a37c92b lapsed	REJECT	com.alibaba.qwen.code.runtimebroker.ToolExecutionRecord@408a247c
1790803845360	4	dispatch lease of f29c7b7f-17ef-499c-993e-697f1a37c92b lapsed	REJECT	com.alibaba.qwen.code.runtimebroker.ToolExecutionRecord@5f5b5ca4
1790803845432	4	dispatch lease of f29c7b7f-17ef-499c-993e-697f1a37c92b lapsed	REJECT	com.alibaba.qwen.code.runtimebroker.ToolExecutionRecord@18388a3c
1790803845508	4	dispatch lease of f29c7b7f-17ef-499c-993e-697f1a37c92b lapsed	REJECT	com.alibaba.qwen.code.runtimebroker.ToolExecutionRecord@4cfbaf4
1790803845593	4	dispatch lease of f29c7b7f-17ef-499c-993e-697f1a37c92b lapsed	REJECT	com.alibaba.qwen.code.runtimebroker.ToolExecutionRecord@127d7908
1790803845668	4	dispatch lease of f29c7b7f-17ef-499c-993e-697f1a37c92b lapsed	REJECT	com.alibaba.qwen.code.runtimebroker.ToolExecutionRecord@30b9eadd
1790803845748	4	dispatch lease of f29c7b7f-17ef-499c-993e-697f1a37c92b lapsed	REJECT	com.alibaba.qwen.code.runtimebroker.ToolExecutionRecord@3249a1ce
1790803845828	4	dispatch lease of f29c7b7f-17ef-499c-993e-697f1a37c92b lapsed	REJECT	com.alibaba.qwen.code.runtimebroker.ToolExecutionRecord@a8a8b75
1790803845912	4	dispatch lease of f29c7b7f-17ef-499c-993e-697f1a37c92b lapsed	REJECT	com.alibaba.qwen.code.runtimebroker.ToolExecutionRecord@155d1021
1790803845992	4	dispatch lease of f29c7b7f-17ef-499c-993e-697f1a37c92b lapsed	REJECT	com.alibaba.qwen.code.runtimebroker.ToolExecutionRecord@2c42b421
1790803846076	4	dispatch lease of f29c7b7f-17ef-499c-993e-697f1a37c92b lapsed	ACCEPT	com.alibaba.qwen.code.runtimebroker.ToolExecutionRecord@701a32
1790803854740	5	escaped writer pid	REJECT	false
1790803854798	5	escaped writer pid	REJECT	false
1790803854848	5	escaped writer pid	REJECT	false
1790803854898	5	escaped writer pid	ACCEPT	true
1790803854914	5	escaped writer output	REJECT	false
1790803854967	5	escaped writer output	REJECT	false
1790803855018	5	escaped writer output	ACCEPT	true
1790803856705	5	original worker loss after recovery fencing	ACCEPT	Reply[ok=false, value=null, status=503, code=runtime_broker_runtime_lost, retryable=true, message=Runtime is lost; recovery requires complete evidence and cleanup]
1790803856876	5	escaped writer continues after loss; the physical pin must remain	REJECT	38
1790803856928	5	escaped writer continues after loss; the physical pin must remain	ACCEPT	39
1790803860036	5	escaped writer pid	REJECT	false
1790803860086	5	escaped writer pid	REJECT	false
1790803860136	5	escaped writer pid	REJECT	false
1790803860186	5	escaped writer pid	REJECT	false
1790803860236	5	escaped writer pid	ACCEPT	true
1790803860250	5	escaped writer output	REJECT	false
1790803860300	5	escaped writer output	ACCEPT	true
1790803861990	5	original worker loss after recovery fencing	ACCEPT	Reply[ok=false, value=null, status=503, code=runtime_broker_runtime_lost, retryable=true, message=Runtime is lost; recovery requires complete evidence and cleanup]
1790803862037	5	escaped writer continues after loss; the physical pin must remain	REJECT	35
1790803862087	5	escaped writer continues after loss; the physical pin must remain	ACCEPT	36
1790803865050	5	marker = [start]	REJECT	[]
1790803865100	5	marker = [start]	REJECT	[]
1790803865151	5	marker = [start]	ACCEPT	[start]
1790803865212	5	UNKNOWN execution	REJECT	com.alibaba.qwen.code.runtimebroker.ToolExecutionRecord@2cf23c81
1790803865281	5	UNKNOWN execution	ACCEPT	com.alibaba.qwen.code.runtimebroker.ToolExecutionRecord@35fe2125
1790803872722	5	marker = [start]	REJECT	[]
1790803872772	5	marker = [start]	REJECT	[]
1790803872822	5	marker = [start]	ACCEPT	[start]
1790803874352	5	original Runtime loss after recovery fencing	ACCEPT	Reply[ok=false, value=null, status=503, code=runtime_broker_runtime_lost, retryable=true, message=Runtime is lost; recovery requires complete evidence and cleanup]
1790803882316	5	dispatch lease of b1d40d24-2c71-4f25-afeb-070a168048f9 lapsed	REJECT	com.alibaba.qwen.code.runtimebroker.ToolExecutionRecord@32cb636e
1790803882417	5	dispatch lease of b1d40d24-2c71-4f25-afeb-070a168048f9 lapsed	REJECT	com.alibaba.qwen.code.runtimebroker.ToolExecutionRecord@3a4e343
1790803882517	5	dispatch lease of b1d40d24-2c71-4f25-afeb-070a168048f9 lapsed	REJECT	com.alibaba.qwen.code.runtimebroker.ToolExecutionRecord@4b6579e8
1790803882606	5	dispatch lease of b1d40d24-2c71-4f25-afeb-070a168048f9 lapsed	REJECT	com.alibaba.qwen.code.runtimebroker.ToolExecutionRecord@591e58fa
1790803882717	5	dispatch lease of b1d40d24-2c71-4f25-afeb-070a168048f9 lapsed	REJECT	com.alibaba.qwen.code.runtimebroker.ToolExecutionRecord@593e824f
1790803882809	5	dispatch lease of b1d40d24-2c71-4f25-afeb-070a168048f9 lapsed	REJECT	com.alibaba.qwen.code.runtimebroker.ToolExecutionRecord@64bc21ac
1790803882897	5	dispatch lease of b1d40d24-2c71-4f25-afeb-070a168048f9 lapsed	REJECT	com.alibaba.qwen.code.runtimebroker.ToolExecutionRecord@ce5a68e
1790803882989	5	dispatch lease of b1d40d24-2c71-4f25-afeb-070a168048f9 lapsed	REJECT	com.alibaba.qwen.code.runtimebroker.ToolExecutionRecord@5df417a7
1790803883081	5	dispatch lease of b1d40d24-2c71-4f25-afeb-070a168048f9 lapsed	REJECT	com.alibaba.qwen.code.runtimebroker.ToolExecutionRecord@61078690
1790803883175	5	dispatch lease of b1d40d24-2c71-4f25-afeb-070a168048f9 lapsed	REJECT	com.alibaba.qwen.code.runtimebroker.ToolExecutionRecord@71c5b236
1790803883265	5	dispatch lease of b1d40d24-2c71-4f25-afeb-070a168048f9 lapsed	REJECT	com.alibaba.qwen.code.runtimebroker.ToolExecutionRecord@669513d8
1790803883346	5	dispatch lease of b1d40d24-2c71-4f25-afeb-070a168048f9 lapsed	REJECT	com.alibaba.qwen.code.runtimebroker.ToolExecutionRecord@361c294e
1790803883441	5	dispatch lease of b1d40d24-2c71-4f25-afeb-070a168048f9 lapsed	REJECT	com.alibaba.qwen.code.runtimebroker.ToolExecutionRecord@314b8f2d
1790803883575	5	dispatch lease of b1d40d24-2c71-4f25-afeb-070a168048f9 lapsed	REJECT	com.alibaba.qwen.code.runtimebroker.ToolExecutionRecord@15a902e7
1790803883661	5	dispatch lease of b1d40d24-2c71-4f25-afeb-070a168048f9 lapsed	REJECT	com.alibaba.qwen.code.runtimebroker.ToolExecutionRecord@5af28b27
1790803883749	5	dispatch lease of b1d40d24-2c71-4f25-afeb-070a168048f9 lapsed	REJECT	com.alibaba.qwen.code.runtimebroker.ToolExecutionRecord@72f46e16
1790803883837	5	dispatch lease of b1d40d24-2c71-4f25-afeb-070a168048f9 lapsed	REJECT	com.alibaba.qwen.code.runtimebroker.ToolExecutionRecord@549621f3
1790803883925	5	dispatch lease of b1d40d24-2c71-4f25-afeb-070a168048f9 lapsed	REJECT	com.alibaba.qwen.code.runtimebroker.ToolExecutionRecord@5217f3d0
1790803884013	5	dispatch lease of b1d40d24-2c71-4f25-afeb-070a168048f9 lapsed	REJECT	com.alibaba.qwen.code.runtimebroker.ToolExecutionRecord@2416a51
1790803884105	5	dispatch lease of b1d40d24-2c71-4f25-afeb-070a168048f9 lapsed	REJECT	com.alibaba.qwen.code.runtimebroker.ToolExecutionRecord@72e34f77
1790803884197	5	dispatch lease of b1d40d24-2c71-4f25-afeb-070a168048f9 lapsed	REJECT	com.alibaba.qwen.code.runtimebroker.ToolExecutionRecord@77307458
1790803884281	5	dispatch lease of b1d40d24-2c71-4f25-afeb-070a168048f9 lapsed	REJECT	com.alibaba.qwen.code.runtimebroker.ToolExecutionRecord@47874b25
1790803884369	5	dispatch lease of b1d40d24-2c71-4f25-afeb-070a168048f9 lapsed	REJECT	com.alibaba.qwen.code.runtimebroker.ToolExecutionRecord@5db4c359
1790803884461	5	dispatch lease of b1d40d24-2c71-4f25-afeb-070a168048f9 lapsed	REJECT	com.alibaba.qwen.code.runtimebroker.ToolExecutionRecord@f9b7332
1790803884553	5	dispatch lease of b1d40d24-2c71-4f25-afeb-070a168048f9 lapsed	REJECT	com.alibaba.qwen.code.runtimebroker.ToolExecutionRecord@4f8969b0
1790803884665	5	dispatch lease of b1d40d24-2c71-4f25-afeb-070a168048f9 lapsed	REJECT	com.alibaba.qwen.code.runtimebroker.ToolExecutionRecord@8a589a2
1790803884757	5	dispatch lease of b1d40d24-2c71-4f25-afeb-070a168048f9 lapsed	REJECT	com.alibaba.qwen.code.runtimebroker.ToolExecutionRecord@b672aa8
1790803884841	5	dispatch lease of b1d40d24-2c71-4f25-afeb-070a168048f9 lapsed	REJECT	com.alibaba.qwen.code.runtimebroker.ToolExecutionRecord@6e46d9f4
1790803884929	5	dispatch lease of b1d40d24-2c71-4f25-afeb-070a168048f9 lapsed	REJECT	com.alibaba.qwen.code.runtimebroker.ToolExecutionRecord@21c64522
1790803885021	5	dispatch lease of b1d40d24-2c71-4f25-afeb-070a168048f9 lapsed	ACCEPT	com.alibaba.qwen.code.runtimebroker.ToolExecutionRecord@460f76a6
1790803890269	5	marker = [start]	REJECT	[]
1790803890319	5	marker = [start]	REJECT	[]
1790803890369	5	marker = [start]	ACCEPT	[start]
1790803891189	5	dispatch lease of b2371ed3-66ba-420c-be30-6eb1d78d01e7 lapsed	REJECT	com.alibaba.qwen.code.runtimebroker.ToolExecutionRecord@7bb3a9fe
1790803891296	5	dispatch lease of b2371ed3-66ba-420c-be30-6eb1d78d01e7 lapsed	REJECT	com.alibaba.qwen.code.runtimebroker.ToolExecutionRecord@62923ee6
1790803891380	5	dispatch lease of b2371ed3-66ba-420c-be30-6eb1d78d01e7 lapsed	REJECT	com.alibaba.qwen.code.runtimebroker.ToolExecutionRecord@7807ac2c
1790803891465	5	dispatch lease of b2371ed3-66ba-420c-be30-6eb1d78d01e7 lapsed	REJECT	com.alibaba.qwen.code.runtimebroker.ToolExecutionRecord@a77614d
1790803891548	5	dispatch lease of b2371ed3-66ba-420c-be30-6eb1d78d01e7 lapsed	REJECT	com.alibaba.qwen.code.runtimebroker.ToolExecutionRecord@a1217f9
1790803891641	5	dispatch lease of b2371ed3-66ba-420c-be30-6eb1d78d01e7 lapsed	REJECT	com.alibaba.qwen.code.runtimebroker.ToolExecutionRecord@2baa8d82
1790803891728	5	dispatch lease of b2371ed3-66ba-420c-be30-6eb1d78d01e7 lapsed	REJECT	com.alibaba.qwen.code.runtimebroker.ToolExecutionRecord@a7e2d9d
1790803891812	5	dispatch lease of b2371ed3-66ba-420c-be30-6eb1d78d01e7 lapsed	REJECT	com.alibaba.qwen.code.runtimebroker.ToolExecutionRecord@372ea2bc
1790803891891	5	dispatch lease of b2371ed3-66ba-420c-be30-6eb1d78d01e7 lapsed	REJECT	com.alibaba.qwen.code.runtimebroker.ToolExecutionRecord@3f19b8b3
1790803891972	5	dispatch lease of b2371ed3-66ba-420c-be30-6eb1d78d01e7 lapsed	REJECT	com.alibaba.qwen.code.runtimebroker.ToolExecutionRecord@cdc3aae
1790803892052	5	dispatch lease of b2371ed3-66ba-420c-be30-6eb1d78d01e7 lapsed	REJECT	com.alibaba.qwen.code.runtimebroker.ToolExecutionRecord@4c36250e
1790803892137	5	dispatch lease of b2371ed3-66ba-420c-be30-6eb1d78d01e7 lapsed	REJECT	com.alibaba.qwen.code.runtimebroker.ToolExecutionRecord@299266e2
1790803892228	5	dispatch lease of b2371ed3-66ba-420c-be30-6eb1d78d01e7 lapsed	REJECT	com.alibaba.qwen.code.runtimebroker.ToolExecutionRecord@1601e47
1790803892313	5	dispatch lease of b2371ed3-66ba-420c-be30-6eb1d78d01e7 lapsed	REJECT	com.alibaba.qwen.code.runtimebroker.ToolExecutionRecord@50687efb
1790803892401	5	dispatch lease of b2371ed3-66ba-420c-be30-6eb1d78d01e7 lapsed	REJECT	com.alibaba.qwen.code.runtimebroker.ToolExecutionRecord@4a9cc6cb
1790803892480	5	dispatch lease of b2371ed3-66ba-420c-be30-6eb1d78d01e7 lapsed	REJECT	com.alibaba.qwen.code.runtimebroker.ToolExecutionRecord@35d6ca49
1790803892561	5	dispatch lease of b2371ed3-66ba-420c-be30-6eb1d78d01e7 lapsed	REJECT	com.alibaba.qwen.code.runtimebroker.ToolExecutionRecord@12cd9150
1790803892645	5	dispatch lease of b2371ed3-66ba-420c-be30-6eb1d78d01e7 lapsed	REJECT	com.alibaba.qwen.code.runtimebroker.ToolExecutionRecord@cf65451
1790803892737	5	dispatch lease of b2371ed3-66ba-420c-be30-6eb1d78d01e7 lapsed	REJECT	com.alibaba.qwen.code.runtimebroker.ToolExecutionRecord@32fe9d0a
1790803892826	5	dispatch lease of b2371ed3-66ba-420c-be30-6eb1d78d01e7 lapsed	REJECT	com.alibaba.qwen.code.runtimebroker.ToolExecutionRecord@46074492
1790803892913	5	dispatch lease of b2371ed3-66ba-420c-be30-6eb1d78d01e7 lapsed	REJECT	com.alibaba.qwen.code.runtimebroker.ToolExecutionRecord@47428937
1790803892993	5	dispatch lease of b2371ed3-66ba-420c-be30-6eb1d78d01e7 lapsed	REJECT	com.alibaba.qwen.code.runtimebroker.ToolExecutionRecord@21694e53
1790803893089	5	dispatch lease of b2371ed3-66ba-420c-be30-6eb1d78d01e7 lapsed	REJECT	com.alibaba.qwen.code.runtimebroker.ToolExecutionRecord@70fab835
1790803893176	5	dispatch lease of b2371ed3-66ba-420c-be30-6eb1d78d01e7 lapsed	REJECT	com.alibaba.qwen.code.runtimebroker.ToolExecutionRecord@32057e6
1790803893251	5	dispatch lease of b2371ed3-66ba-420c-be30-6eb1d78d01e7 lapsed	REJECT	com.alibaba.qwen.code.runtimebroker.ToolExecutionRecord@759fad4
1790803893353	5	dispatch lease of b2371ed3-66ba-420c-be30-6eb1d78d01e7 lapsed	REJECT	com.alibaba.qwen.code.runtimebroker.ToolExecutionRecord@30ed9c6c
1790803893446	5	dispatch lease of b2371ed3-66ba-420c-be30-6eb1d78d01e7 lapsed	REJECT	com.alibaba.qwen.code.runtimebroker.ToolExecutionRecord@59fc684e
1790803893544	5	dispatch lease of b2371ed3-66ba-420c-be30-6eb1d78d01e7 lapsed	REJECT	com.alibaba.qwen.code.runtimebroker.ToolExecutionRecord@5ae76500
1790803893630	5	dispatch lease of b2371ed3-66ba-420c-be30-6eb1d78d01e7 lapsed	REJECT	com.alibaba.qwen.code.runtimebroker.ToolExecutionRecord@355e34c7
1790803893720	5	dispatch lease of b2371ed3-66ba-420c-be30-6eb1d78d01e7 lapsed	REJECT	com.alibaba.qwen.code.runtimebroker.ToolExecutionRecord@24f360b2
1790803893812	5	dispatch lease of b2371ed3-66ba-420c-be30-6eb1d78d01e7 lapsed	REJECT	com.alibaba.qwen.code.runtimebroker.ToolExecutionRecord@770d0ea6
1790803893900	5	dispatch lease of b2371ed3-66ba-420c-be30-6eb1d78d01e7 lapsed	REJECT	com.alibaba.qwen.code.runtimebroker.ToolExecutionRecord@1b11ef33
1790803893984	5	dispatch lease of b2371ed3-66ba-420c-be30-6eb1d78d01e7 lapsed	REJECT	com.alibaba.qwen.code.runtimebroker.ToolExecutionRecord@3bd7f8dc
1790803894072	5	dispatch lease of b2371ed3-66ba-420c-be30-6eb1d78d01e7 lapsed	ACCEPT	com.alibaba.qwen.code.runtimebroker.ToolExecutionRecord@21ec5d87
1790803895225	5	reconciliation from evidence	ACCEPT	ALREADY_SETTLED
1790803902189	5	dispatch lease of 82e605f9-dc5d-49ee-97b9-be90f796c43b lapsed	REJECT	com.alibaba.qwen.code.runtimebroker.ToolExecutionRecord@3ee39da0
1790803902272	5	dispatch lease of 82e605f9-dc5d-49ee-97b9-be90f796c43b lapsed	REJECT	com.alibaba.qwen.code.runtimebroker.ToolExecutionRecord@2e27d72f
1790803902369	5	dispatch lease of 82e605f9-dc5d-49ee-97b9-be90f796c43b lapsed	REJECT	com.alibaba.qwen.code.runtimebroker.ToolExecutionRecord@2bffa76d
1790803902464	5	dispatch lease of 82e605f9-dc5d-49ee-97b9-be90f796c43b lapsed	REJECT	com.alibaba.qwen.code.runtimebroker.ToolExecutionRecord@1f2d2181
1790803902553	5	dispatch lease of 82e605f9-dc5d-49ee-97b9-be90f796c43b lapsed	REJECT	com.alibaba.qwen.code.runtimebroker.ToolExecutionRecord@3fcdcf
1790803902632	5	dispatch lease of 82e605f9-dc5d-49ee-97b9-be90f796c43b lapsed	REJECT	com.alibaba.qwen.code.runtimebroker.ToolExecutionRecord@126be319
1790803902729	5	dispatch lease of 82e605f9-dc5d-49ee-97b9-be90f796c43b lapsed	REJECT	com.alibaba.qwen.code.runtimebroker.ToolExecutionRecord@530a8454
1790803902817	5	dispatch lease of 82e605f9-dc5d-49ee-97b9-be90f796c43b lapsed	REJECT	com.alibaba.qwen.code.runtimebroker.ToolExecutionRecord@36b6964d
1790803902904	5	dispatch lease of 82e605f9-dc5d-49ee-97b9-be90f796c43b lapsed	REJECT	com.alibaba.qwen.code.runtimebroker.ToolExecutionRecord@75201592
1790803902986	5	dispatch lease of 82e605f9-dc5d-49ee-97b9-be90f796c43b lapsed	REJECT	com.alibaba.qwen.code.runtimebroker.ToolExecutionRecord@282308c3
1790803903072	5	dispatch lease of 82e605f9-dc5d-49ee-97b9-be90f796c43b lapsed	REJECT	com.alibaba.qwen.code.runtimebroker.ToolExecutionRecord@3d9fc57a
1790803903157	5	dispatch lease of 82e605f9-dc5d-49ee-97b9-be90f796c43b lapsed	REJECT	com.alibaba.qwen.code.runtimebroker.ToolExecutionRecord@1af05b03
1790803903240	5	dispatch lease of 82e605f9-dc5d-49ee-97b9-be90f796c43b lapsed	REJECT	com.alibaba.qwen.code.runtimebroker.ToolExecutionRecord@5bbbdd4b
1790803903320	5	dispatch lease of 82e605f9-dc5d-49ee-97b9-be90f796c43b lapsed	REJECT	com.alibaba.qwen.code.runtimebroker.ToolExecutionRecord@4fdf8f12
1790803903421	5	dispatch lease of 82e605f9-dc5d-49ee-97b9-be90f796c43b lapsed	REJECT	com.alibaba.qwen.code.runtimebroker.ToolExecutionRecord@6979efad
1790803903504	5	dispatch lease of 82e605f9-dc5d-49ee-97b9-be90f796c43b lapsed	REJECT	com.alibaba.qwen.code.runtimebroker.ToolExecutionRecord@315ba14a
1790803903588	5	dispatch lease of 82e605f9-dc5d-49ee-97b9-be90f796c43b lapsed	REJECT	com.alibaba.qwen.code.runtimebroker.ToolExecutionRecord@54e81b21
1790803903677	5	dispatch lease of 82e605f9-dc5d-49ee-97b9-be90f796c43b lapsed	REJECT	com.alibaba.qwen.code.runtimebroker.ToolExecutionRecord@44ea608c
1790803903752	5	dispatch lease of 82e605f9-dc5d-49ee-97b9-be90f796c43b lapsed	REJECT	com.alibaba.qwen.code.runtimebroker.ToolExecutionRecord@273c947f
1790803903836	5	dispatch lease of 82e605f9-dc5d-49ee-97b9-be90f796c43b lapsed	REJECT	com.alibaba.qwen.code.runtimebroker.ToolExecutionRecord@632aa1a3
1790803903922	5	dispatch lease of 82e605f9-dc5d-49ee-97b9-be90f796c43b lapsed	REJECT	com.alibaba.qwen.code.runtimebroker.ToolExecutionRecord@2899a8db
1790803904000	5	dispatch lease of 82e605f9-dc5d-49ee-97b9-be90f796c43b lapsed	REJECT	com.alibaba.qwen.code.runtimebroker.ToolExecutionRecord@76b0ae1b
1790803904088	5	dispatch lease of 82e605f9-dc5d-49ee-97b9-be90f796c43b lapsed	REJECT	com.alibaba.qwen.code.runtimebroker.ToolExecutionRecord@12365c88
1790803904174	5	dispatch lease of 82e605f9-dc5d-49ee-97b9-be90f796c43b lapsed	REJECT	com.alibaba.qwen.code.runtimebroker.ToolExecutionRecord@77e2a6e2
1790803904260	5	dispatch lease of 82e605f9-dc5d-49ee-97b9-be90f796c43b lapsed	REJECT	com.alibaba.qwen.code.runtimebroker.ToolExecutionRecord@6e0d4a8
1790803904344	5	dispatch lease of 82e605f9-dc5d-49ee-97b9-be90f796c43b lapsed	REJECT	com.alibaba.qwen.code.runtimebroker.ToolExecutionRecord@5bb3d42d
1790803904424	5	dispatch lease of 82e605f9-dc5d-49ee-97b9-be90f796c43b lapsed	REJECT	com.alibaba.qwen.code.runtimebroker.ToolExecutionRecord@b273a59
1790803904499	5	dispatch lease of 82e605f9-dc5d-49ee-97b9-be90f796c43b lapsed	REJECT	com.alibaba.qwen.code.runtimebroker.ToolExecutionRecord@29b732a2
1790803904581	5	dispatch lease of 82e605f9-dc5d-49ee-97b9-be90f796c43b lapsed	REJECT	com.alibaba.qwen.code.runtimebroker.ToolExecutionRecord@15051a0
1790803904663	5	dispatch lease of 82e605f9-dc5d-49ee-97b9-be90f796c43b lapsed	REJECT	com.alibaba.qwen.code.runtimebroker.ToolExecutionRecord@62df0ff3
1790803904748	5	dispatch lease of 82e605f9-dc5d-49ee-97b9-be90f796c43b lapsed	REJECT	com.alibaba.qwen.code.runtimebroker.ToolExecutionRecord@26f3d90c
1790803904836	5	dispatch lease of 82e605f9-dc5d-49ee-97b9-be90f796c43b lapsed	REJECT	com.alibaba.qwen.code.runtimebroker.ToolExecutionRecord@74518890
1790803904916	5	dispatch lease of 82e605f9-dc5d-49ee-97b9-be90f796c43b lapsed	REJECT	com.alibaba.qwen.code.runtimebroker.ToolExecutionRecord@14c053c6
1790803905000	5	dispatch lease of 82e605f9-dc5d-49ee-97b9-be90f796c43b lapsed	REJECT	com.alibaba.qwen.code.runtimebroker.ToolExecutionRecord@6134ac4a
1790803905076	5	dispatch lease of 82e605f9-dc5d-49ee-97b9-be90f796c43b lapsed	ACCEPT	com.alibaba.qwen.code.runtimebroker.ToolExecutionRecord@73e132e0
1790803906233	5	reconciliation from evidence	ACCEPT	ALREADY_SETTLED
1790803908977	5	marker = [start]	REJECT	[]
1790803909028	5	marker = [start]	REJECT	[]
1790803909078	5	marker = [start]	ACCEPT	[start]
1790803918208	5	marker = [start, end]	ACCEPT	[start, end]
1790803922426	5	startup adoption	REJECT	Reply[ok=false, value=null, status=503, code=runtime_provisioning_in_progress, retryable=true, message=another Broker owns Runtime provisioning]
1790803922517	5	startup adoption	REJECT	Reply[ok=false, value=null, status=503, code=runtime_provisioning_in_progress, retryable=true, message=another Broker owns Runtime provisioning]
1790803922599	5	startup adoption	REJECT	Reply[ok=false, value=null, status=503, code=runtime_provisioning_in_progress, retryable=true, message=another Broker owns Runtime provisioning]
1790803922700	5	startup adoption	REJECT	Reply[ok=false, value=null, status=503, code=runtime_provisioning_in_progress, retryable=true, message=another Broker owns Runtime provisioning]
1790803922797	5	startup adoption	REJECT	Reply[ok=false, value=null, status=503, code=runtime_provisioning_in_progress, retryable=true, message=another Broker owns Runtime provisioning]
1790803922897	5	startup adoption	REJECT	Reply[ok=false, value=null, status=503, code=runtime_provisioning_in_progress, retryable=true, message=another Broker owns Runtime provisioning]
1790803922997	5	startup adoption	REJECT	Reply[ok=false, value=null, status=503, code=runtime_provisioning_in_progress, retryable=true, message=another Broker owns Runtime provisioning]
1790803923313	5	startup adoption	ACCEPT	Reply[ok=true, value={"bindingId":"4d1a3787-ed5b-41dd-b4a8-8d26ec6d9f72","generation":1,"state":"READY"}, status=0, code=null, retryable=false, message=null]
1790803927734	5	startup adoption	REJECT	Reply[ok=false, value=null, status=503, code=runtime_provisioning_in_progress, retryable=true, message=another Broker owns Runtime provisioning]
1790803927829	5	startup adoption	REJECT	Reply[ok=false, value=null, status=503, code=runtime_provisioning_in_progress, retryable=true, message=another Broker owns Runtime provisioning]
1790803927913	5	startup adoption	REJECT	Reply[ok=false, value=null, status=503, code=runtime_provisioning_in_progress, retryable=true, message=another Broker owns Runtime provisioning]
1790803928269	5	startup adoption	ACCEPT	Reply[ok=true, value={"bindingId":"5cd3f0f6-bc78-4e74-b748-661ab50c43a8","generation":1,"state":"READY"}, status=0, code=null, retryable=false, message=null]
1790803931383	5	marker = [start]	REJECT	[]
1790803931433	5	marker = [start]	REJECT	[]
1790803931483	5	marker = [start]	ACCEPT	[start]
1790803932804	5	original worker loss after recovery fencing	ACCEPT	Reply[ok=false, value=null, status=503, code=runtime_broker_runtime_lost, retryable=true, message=Runtime is lost; recovery requires complete evidence and cleanup]
1790803935889	5	project/marker = [start]	REJECT	[]
1790803935939	5	project/marker = [start]	REJECT	[]
1790803935990	5	project/marker = [start]	REJECT	[]
1790803936040	5	project/marker = [start]	ACCEPT	[start]
1790803937188	5	original worker loss after recovery fencing	ACCEPT	Reply[ok=false, value=null, status=503, code=runtime_broker_runtime_lost, retryable=true, message=Runtime is lost; recovery requires complete evidence and cleanup]
1790803952125	5	marker = [start]	REJECT	[]
1790803952175	5	marker = [start]	REJECT	[]
1790803952226	5	marker = [start]	ACCEPT	[start]
1790803953780	5	dispatch lease of 353db874-2c35-44b5-bbf0-c6723814f8e9 lapsed	REJECT	com.alibaba.qwen.code.runtimebroker.ToolExecutionRecord@26f1249d
1790803953864	5	dispatch lease of 353db874-2c35-44b5-bbf0-c6723814f8e9 lapsed	REJECT	com.alibaba.qwen.code.runtimebroker.ToolExecutionRecord@28b576a9
1790803953948	5	dispatch lease of 353db874-2c35-44b5-bbf0-c6723814f8e9 lapsed	REJECT	com.alibaba.qwen.code.runtimebroker.ToolExecutionRecord@1b1637e1
1790803954032	5	dispatch lease of 353db874-2c35-44b5-bbf0-c6723814f8e9 lapsed	REJECT	com.alibaba.qwen.code.runtimebroker.ToolExecutionRecord@169da7f2
1790803954116	5	dispatch lease of 353db874-2c35-44b5-bbf0-c6723814f8e9 lapsed	REJECT	com.alibaba.qwen.code.runtimebroker.ToolExecutionRecord@60297f36
1790803954196	5	dispatch lease of 353db874-2c35-44b5-bbf0-c6723814f8e9 lapsed	REJECT	com.alibaba.qwen.code.runtimebroker.ToolExecutionRecord@df4b72
1790803954281	5	dispatch lease of 353db874-2c35-44b5-bbf0-c6723814f8e9 lapsed	REJECT	com.alibaba.qwen.code.runtimebroker.ToolExecutionRecord@894858
1790803954361	5	dispatch lease of 353db874-2c35-44b5-bbf0-c6723814f8e9 lapsed	REJECT	com.alibaba.qwen.code.runtimebroker.ToolExecutionRecord@3ecedf21
1790803954440	5	dispatch lease of 353db874-2c35-44b5-bbf0-c6723814f8e9 lapsed	REJECT	com.alibaba.qwen.code.runtimebroker.ToolExecutionRecord@3359c978
1790803954524	5	dispatch lease of 353db874-2c35-44b5-bbf0-c6723814f8e9 lapsed	REJECT	com.alibaba.qwen.code.runtimebroker.ToolExecutionRecord@6f330eb9
1790803954604	5	dispatch lease of 353db874-2c35-44b5-bbf0-c6723814f8e9 lapsed	REJECT	com.alibaba.qwen.code.runtimebroker.ToolExecutionRecord@68ace111
1790803954684	5	dispatch lease of 353db874-2c35-44b5-bbf0-c6723814f8e9 lapsed	REJECT	com.alibaba.qwen.code.runtimebroker.ToolExecutionRecord@4fbb001b
1790803954760	5	dispatch lease of 353db874-2c35-44b5-bbf0-c6723814f8e9 lapsed	REJECT	com.alibaba.qwen.code.runtimebroker.ToolExecutionRecord@4943defe
1790803954840	5	dispatch lease of 353db874-2c35-44b5-bbf0-c6723814f8e9 lapsed	REJECT	com.alibaba.qwen.code.runtimebroker.ToolExecutionRecord@78d50a3c
1790803954912	5	dispatch lease of 353db874-2c35-44b5-bbf0-c6723814f8e9 lapsed	REJECT	com.alibaba.qwen.code.runtimebroker.ToolExecutionRecord@7f4d9395
1790803954992	5	dispatch lease of 353db874-2c35-44b5-bbf0-c6723814f8e9 lapsed	REJECT	com.alibaba.qwen.code.runtimebroker.ToolExecutionRecord@6a078481
1790803955071	5	dispatch lease of 353db874-2c35-44b5-bbf0-c6723814f8e9 lapsed	REJECT	com.alibaba.qwen.code.runtimebroker.ToolExecutionRecord@718607eb
1790803955152	5	dispatch lease of 353db874-2c35-44b5-bbf0-c6723814f8e9 lapsed	REJECT	com.alibaba.qwen.code.runtimebroker.ToolExecutionRecord@2617f816
1790803955248	5	dispatch lease of 353db874-2c35-44b5-bbf0-c6723814f8e9 lapsed	REJECT	com.alibaba.qwen.code.runtimebroker.ToolExecutionRecord@535b8c24
1790803955332	5	dispatch lease of 353db874-2c35-44b5-bbf0-c6723814f8e9 lapsed	REJECT	com.alibaba.qwen.code.runtimebroker.ToolExecutionRecord@a53bb6f
1790803955420	5	dispatch lease of 353db874-2c35-44b5-bbf0-c6723814f8e9 lapsed	REJECT	com.alibaba.qwen.code.runtimebroker.ToolExecutionRecord@33a053d
1790803955501	5	dispatch lease of 353db874-2c35-44b5-bbf0-c6723814f8e9 lapsed	REJECT	com.alibaba.qwen.code.runtimebroker.ToolExecutionRecord@867ba60
1790803955576	5	dispatch lease of 353db874-2c35-44b5-bbf0-c6723814f8e9 lapsed	REJECT	com.alibaba.qwen.code.runtimebroker.ToolExecutionRecord@55b5e331
1790803955656	5	dispatch lease of 353db874-2c35-44b5-bbf0-c6723814f8e9 lapsed	REJECT	com.alibaba.qwen.code.runtimebroker.ToolExecutionRecord@3f3c7bdb
1790803955736	5	dispatch lease of 353db874-2c35-44b5-bbf0-c6723814f8e9 lapsed	REJECT	com.alibaba.qwen.code.runtimebroker.ToolExecutionRecord@7da10b5b
1790803955816	5	dispatch lease of 353db874-2c35-44b5-bbf0-c6723814f8e9 lapsed	REJECT	com.alibaba.qwen.code.runtimebroker.ToolExecutionRecord@2e16b08d
1790803955896	5	dispatch lease of 353db874-2c35-44b5-bbf0-c6723814f8e9 lapsed	REJECT	com.alibaba.qwen.code.runtimebroker.ToolExecutionRecord@42561fba
1790803955972	5	dispatch lease of 353db874-2c35-44b5-bbf0-c6723814f8e9 lapsed	REJECT	com.alibaba.qwen.code.runtimebroker.ToolExecutionRecord@408613cc
1790803956052	5	dispatch lease of 353db874-2c35-44b5-bbf0-c6723814f8e9 lapsed	ACCEPT	com.alibaba.qwen.code.runtimebroker.ToolExecutionRecord@63a5d002
1790803956421	5	cancelled original call	ACCEPT	RESOLVED
1790803959229	5	project/marker = [start]	REJECT	[]
1790803959279	5	project/marker = [start]	REJECT	[]
1790803959329	5	project/marker = [start]	ACCEPT	[start]
1790803961096	5	dispatch lease of 0dd89e3e-57e4-4910-8947-c17daa74df15 lapsed	REJECT	com.alibaba.qwen.code.runtimebroker.ToolExecutionRecord@64d43929
1790803961176	5	dispatch lease of 0dd89e3e-57e4-4910-8947-c17daa74df15 lapsed	REJECT	com.alibaba.qwen.code.runtimebroker.ToolExecutionRecord@41c89d2f
1790803961264	5	dispatch lease of 0dd89e3e-57e4-4910-8947-c17daa74df15 lapsed	REJECT	com.alibaba.qwen.code.runtimebroker.ToolExecutionRecord@1bdbf9be
1790803961340	5	dispatch lease of 0dd89e3e-57e4-4910-8947-c17daa74df15 lapsed	REJECT	com.alibaba.qwen.code.runtimebroker.ToolExecutionRecord@78d39a69
1790803961424	5	dispatch lease of 0dd89e3e-57e4-4910-8947-c17daa74df15 lapsed	REJECT	com.alibaba.qwen.code.runtimebroker.ToolExecutionRecord@71154f21
1790803961504	5	dispatch lease of 0dd89e3e-57e4-4910-8947-c17daa74df15 lapsed	REJECT	com.alibaba.qwen.code.runtimebroker.ToolExecutionRecord@304a9d7b
1790803961584	5	dispatch lease of 0dd89e3e-57e4-4910-8947-c17daa74df15 lapsed	REJECT	com.alibaba.qwen.code.runtimebroker.ToolExecutionRecord@606fc505
1790803961672	5	dispatch lease of 0dd89e3e-57e4-4910-8947-c17daa74df15 lapsed	REJECT	com.alibaba.qwen.code.runtimebroker.ToolExecutionRecord@347bdeef
1790803961748	5	dispatch lease of 0dd89e3e-57e4-4910-8947-c17daa74df15 lapsed	REJECT	com.alibaba.qwen.code.runtimebroker.ToolExecutionRecord@77e80a5e
1790803961828	5	dispatch lease of 0dd89e3e-57e4-4910-8947-c17daa74df15 lapsed	REJECT	com.alibaba.qwen.code.runtimebroker.ToolExecutionRecord@7ea4d397
1790803961897	5	dispatch lease of 0dd89e3e-57e4-4910-8947-c17daa74df15 lapsed	REJECT	com.alibaba.qwen.code.runtimebroker.ToolExecutionRecord@8dfe921
1790803961988	5	dispatch lease of 0dd89e3e-57e4-4910-8947-c17daa74df15 lapsed	REJECT	com.alibaba.qwen.code.runtimebroker.ToolExecutionRecord@109f5dd8
1790803962064	5	dispatch lease of 0dd89e3e-57e4-4910-8947-c17daa74df15 lapsed	REJECT	com.alibaba.qwen.code.runtimebroker.ToolExecutionRecord@3dedb4a6
1790803962156	5	dispatch lease of 0dd89e3e-57e4-4910-8947-c17daa74df15 lapsed	REJECT	com.alibaba.qwen.code.runtimebroker.ToolExecutionRecord@194152cf
1790803962232	5	dispatch lease of 0dd89e3e-57e4-4910-8947-c17daa74df15 lapsed	REJECT	com.alibaba.qwen.code.runtimebroker.ToolExecutionRecord@1d81e101
1790803962312	5	dispatch lease of 0dd89e3e-57e4-4910-8947-c17daa74df15 lapsed	REJECT	com.alibaba.qwen.code.runtimebroker.ToolExecutionRecord@22d6cac2
1790803962392	5	dispatch lease of 0dd89e3e-57e4-4910-8947-c17daa74df15 lapsed	REJECT	com.alibaba.qwen.code.runtimebroker.ToolExecutionRecord@2577d6c8
1790803962480	5	dispatch lease of 0dd89e3e-57e4-4910-8947-c17daa74df15 lapsed	REJECT	com.alibaba.qwen.code.runtimebroker.ToolExecutionRecord@5f233b26
1790803962556	5	dispatch lease of 0dd89e3e-57e4-4910-8947-c17daa74df15 lapsed	REJECT	com.alibaba.qwen.code.runtimebroker.ToolExecutionRecord@5e8a459
1790803962632	5	dispatch lease of 0dd89e3e-57e4-4910-8947-c17daa74df15 lapsed	REJECT	com.alibaba.qwen.code.runtimebroker.ToolExecutionRecord@9ec531
1790803962708	5	dispatch lease of 0dd89e3e-57e4-4910-8947-c17daa74df15 lapsed	REJECT	com.alibaba.qwen.code.runtimebroker.ToolExecutionRecord@19542407
1790803962788	5	dispatch lease of 0dd89e3e-57e4-4910-8947-c17daa74df15 lapsed	REJECT	com.alibaba.qwen.code.runtimebroker.ToolExecutionRecord@55caeb35
1790803962868	5	dispatch lease of 0dd89e3e-57e4-4910-8947-c17daa74df15 lapsed	REJECT	com.alibaba.qwen.code.runtimebroker.ToolExecutionRecord@74a195a4
1790803962948	5	dispatch lease of 0dd89e3e-57e4-4910-8947-c17daa74df15 lapsed	REJECT	com.alibaba.qwen.code.runtimebroker.ToolExecutionRecord@4287d447
1790803963040	5	dispatch lease of 0dd89e3e-57e4-4910-8947-c17daa74df15 lapsed	REJECT	com.alibaba.qwen.code.runtimebroker.ToolExecutionRecord@7c0da600
1790803963120	5	dispatch lease of 0dd89e3e-57e4-4910-8947-c17daa74df15 lapsed	REJECT	com.alibaba.qwen.code.runtimebroker.ToolExecutionRecord@47dd778
1790803963200	5	dispatch lease of 0dd89e3e-57e4-4910-8947-c17daa74df15 lapsed	REJECT	com.alibaba.qwen.code.runtimebroker.ToolExecutionRecord@64a896b0
1790803963288	5	dispatch lease of 0dd89e3e-57e4-4910-8947-c17daa74df15 lapsed	REJECT	com.alibaba.qwen.code.runtimebroker.ToolExecutionRecord@1adb7478
1790803963368	5	dispatch lease of 0dd89e3e-57e4-4910-8947-c17daa74df15 lapsed	REJECT	com.alibaba.qwen.code.runtimebroker.ToolExecutionRecord@4604b900
1790803963460	5	dispatch lease of 0dd89e3e-57e4-4910-8947-c17daa74df15 lapsed	REJECT	com.alibaba.qwen.code.runtimebroker.ToolExecutionRecord@3961a41a
1790803963536	5	dispatch lease of 0dd89e3e-57e4-4910-8947-c17daa74df15 lapsed	REJECT	com.alibaba.qwen.code.runtimebroker.ToolExecutionRecord@d2387c8
1790803963616	5	dispatch lease of 0dd89e3e-57e4-4910-8947-c17daa74df15 lapsed	REJECT	com.alibaba.qwen.code.runtimebroker.ToolExecutionRecord@1fd386c3
1790803963704	5	dispatch lease of 0dd89e3e-57e4-4910-8947-c17daa74df15 lapsed	REJECT	com.alibaba.qwen.code.runtimebroker.ToolExecutionRecord@100f9bbe
1790803963792	5	dispatch lease of 0dd89e3e-57e4-4910-8947-c17daa74df15 lapsed	REJECT	com.alibaba.qwen.code.runtimebroker.ToolExecutionRecord@cd7f1ae
1790803963872	5	dispatch lease of 0dd89e3e-57e4-4910-8947-c17daa74df15 lapsed	REJECT	com.alibaba.qwen.code.runtimebroker.ToolExecutionRecord@680362a
1790803963952	5	dispatch lease of 0dd89e3e-57e4-4910-8947-c17daa74df15 lapsed	REJECT	com.alibaba.qwen.code.runtimebroker.ToolExecutionRecord@7d0332e1
1790803964040	5	dispatch lease of 0dd89e3e-57e4-4910-8947-c17daa74df15 lapsed	ACCEPT	com.alibaba.qwen.code.runtimebroker.ToolExecutionRecord@377c68c6
1790803964380	5	cancelled original call	ACCEPT	RESOLVED
1790803967892	5	dispatch lease of ad3d17a6-3dd3-4286-8fa7-10f6be9281d4 lapsed	REJECT	com.alibaba.qwen.code.runtimebroker.ToolExecutionRecord@1532c619
1790803967980	5	dispatch lease of ad3d17a6-3dd3-4286-8fa7-10f6be9281d4 lapsed	REJECT	com.alibaba.qwen.code.runtimebroker.ToolExecutionRecord@1a78dacd
1790803968060	5	dispatch lease of ad3d17a6-3dd3-4286-8fa7-10f6be9281d4 lapsed	REJECT	com.alibaba.qwen.code.runtimebroker.ToolExecutionRecord@2bfeb1ef
1790803968144	5	dispatch lease of ad3d17a6-3dd3-4286-8fa7-10f6be9281d4 lapsed	REJECT	com.alibaba.qwen.code.runtimebroker.ToolExecutionRecord@78b236a0
1790803968236	5	dispatch lease of ad3d17a6-3dd3-4286-8fa7-10f6be9281d4 lapsed	REJECT	com.alibaba.qwen.code.runtimebroker.ToolExecutionRecord@60e9df3c
1790803968313	5	dispatch lease of ad3d17a6-3dd3-4286-8fa7-10f6be9281d4 lapsed	REJECT	com.alibaba.qwen.code.runtimebroker.ToolExecutionRecord@537b32ef
1790803968396	5	dispatch lease of ad3d17a6-3dd3-4286-8fa7-10f6be9281d4 lapsed	REJECT	com.alibaba.qwen.code.runtimebroker.ToolExecutionRecord@6f815e7f
1790803968484	5	dispatch lease of ad3d17a6-3dd3-4286-8fa7-10f6be9281d4 lapsed	REJECT	com.alibaba.qwen.code.runtimebroker.ToolExecutionRecord@75699e35
1790803968580	5	dispatch lease of ad3d17a6-3dd3-4286-8fa7-10f6be9281d4 lapsed	REJECT	com.alibaba.qwen.code.runtimebroker.ToolExecutionRecord@263558c9
1790803968664	5	dispatch lease of ad3d17a6-3dd3-4286-8fa7-10f6be9281d4 lapsed	REJECT	com.alibaba.qwen.code.runtimebroker.ToolExecutionRecord@62315f22
1790803968752	5	dispatch lease of ad3d17a6-3dd3-4286-8fa7-10f6be9281d4 lapsed	REJECT	com.alibaba.qwen.code.runtimebroker.ToolExecutionRecord@78f9ed3e
1790803968832	5	dispatch lease of ad3d17a6-3dd3-4286-8fa7-10f6be9281d4 lapsed	REJECT	com.alibaba.qwen.code.runtimebroker.ToolExecutionRecord@48e7b3d2
1790803968908	5	dispatch lease of ad3d17a6-3dd3-4286-8fa7-10f6be9281d4 lapsed	REJECT	com.alibaba.qwen.code.runtimebroker.ToolExecutionRecord@64040287
1790803968984	5	dispatch lease of ad3d17a6-3dd3-4286-8fa7-10f6be9281d4 lapsed	REJECT	com.alibaba.qwen.code.runtimebroker.ToolExecutionRecord@df1cff6
1790803969072	5	dispatch lease of ad3d17a6-3dd3-4286-8fa7-10f6be9281d4 lapsed	REJECT	com.alibaba.qwen.code.runtimebroker.ToolExecutionRecord@3a43d133
1790803969152	5	dispatch lease of ad3d17a6-3dd3-4286-8fa7-10f6be9281d4 lapsed	REJECT	com.alibaba.qwen.code.runtimebroker.ToolExecutionRecord@c96a4ea
1790803969233	5	dispatch lease of ad3d17a6-3dd3-4286-8fa7-10f6be9281d4 lapsed	REJECT	com.alibaba.qwen.code.runtimebroker.ToolExecutionRecord@68105edc
1790803969316	5	dispatch lease of ad3d17a6-3dd3-4286-8fa7-10f6be9281d4 lapsed	REJECT	com.alibaba.qwen.code.runtimebroker.ToolExecutionRecord@5339bbad
1790803969400	5	dispatch lease of ad3d17a6-3dd3-4286-8fa7-10f6be9281d4 lapsed	REJECT	com.alibaba.qwen.code.runtimebroker.ToolExecutionRecord@5b56b654
1790803969480	5	dispatch lease of ad3d17a6-3dd3-4286-8fa7-10f6be9281d4 lapsed	REJECT	com.alibaba.qwen.code.runtimebroker.ToolExecutionRecord@29006752
1790803969564	5	dispatch lease of ad3d17a6-3dd3-4286-8fa7-10f6be9281d4 lapsed	REJECT	com.alibaba.qwen.code.runtimebroker.ToolExecutionRecord@27494e46
1790803969652	5	dispatch lease of ad3d17a6-3dd3-4286-8fa7-10f6be9281d4 lapsed	REJECT	com.alibaba.qwen.code.runtimebroker.ToolExecutionRecord@53b98ff6
1790803969732	5	dispatch lease of ad3d17a6-3dd3-4286-8fa7-10f6be9281d4 lapsed	REJECT	com.alibaba.qwen.code.runtimebroker.ToolExecutionRecord@697446d4
1790803969812	5	dispatch lease of ad3d17a6-3dd3-4286-8fa7-10f6be9281d4 lapsed	REJECT	com.alibaba.qwen.code.runtimebroker.ToolExecutionRecord@36453307
1790803969892	5	dispatch lease of ad3d17a6-3dd3-4286-8fa7-10f6be9281d4 lapsed	REJECT	com.alibaba.qwen.code.runtimebroker.ToolExecutionRecord@6a9287b1
1790803969968	5	dispatch lease of ad3d17a6-3dd3-4286-8fa7-10f6be9281d4 lapsed	REJECT	com.alibaba.qwen.code.runtimebroker.ToolExecutionRecord@56193c7d
1790803970048	5	dispatch lease of ad3d17a6-3dd3-4286-8fa7-10f6be9281d4 lapsed	ACCEPT	com.alibaba.qwen.code.runtimebroker.ToolExecutionRecord@607b2792
1790803974612	5	dispatch lease of 076c523a-1d87-4cdd-a256-c6b4aca832eb lapsed	REJECT	com.alibaba.qwen.code.runtimebroker.ToolExecutionRecord@1bd81830
1790803974696	5	dispatch lease of 076c523a-1d87-4cdd-a256-c6b4aca832eb lapsed	REJECT	com.alibaba.qwen.code.runtimebroker.ToolExecutionRecord@111610e6
1790803974784	5	dispatch lease of 076c523a-1d87-4cdd-a256-c6b4aca832eb lapsed	REJECT	com.alibaba.qwen.code.runtimebroker.ToolExecutionRecord@4fcc529
1790803974857	5	dispatch lease of 076c523a-1d87-4cdd-a256-c6b4aca832eb lapsed	REJECT	com.alibaba.qwen.code.runtimebroker.ToolExecutionRecord@79b663b3
1790803974944	5	dispatch lease of 076c523a-1d87-4cdd-a256-c6b4aca832eb lapsed	REJECT	com.alibaba.qwen.code.runtimebroker.ToolExecutionRecord@7882c44a
1790803975024	5	dispatch lease of 076c523a-1d87-4cdd-a256-c6b4aca832eb lapsed	REJECT	com.alibaba.qwen.code.runtimebroker.ToolExecutionRecord@3887cf88
1790803975108	5	dispatch lease of 076c523a-1d87-4cdd-a256-c6b4aca832eb lapsed	REJECT	com.alibaba.qwen.code.runtimebroker.ToolExecutionRecord@502f8b57
1790803975184	5	dispatch lease of 076c523a-1d87-4cdd-a256-c6b4aca832eb lapsed	REJECT	com.alibaba.qwen.code.runtimebroker.ToolExecutionRecord@55120f99
1790803975260	5	dispatch lease of 076c523a-1d87-4cdd-a256-c6b4aca832eb lapsed	REJECT	com.alibaba.qwen.code.runtimebroker.ToolExecutionRecord@779dfe55
1790803975342	5	dispatch lease of 076c523a-1d87-4cdd-a256-c6b4aca832eb lapsed	REJECT	com.alibaba.qwen.code.runtimebroker.ToolExecutionRecord@3e521715
1790803975432	5	dispatch lease of 076c523a-1d87-4cdd-a256-c6b4aca832eb lapsed	REJECT	com.alibaba.qwen.code.runtimebroker.ToolExecutionRecord@1286528d
1790803975516	5	dispatch lease of 076c523a-1d87-4cdd-a256-c6b4aca832eb lapsed	REJECT	com.alibaba.qwen.code.runtimebroker.ToolExecutionRecord@775594f2
1790803975600	5	dispatch lease of 076c523a-1d87-4cdd-a256-c6b4aca832eb lapsed	REJECT	com.alibaba.qwen.code.runtimebroker.ToolExecutionRecord@790132f7
1790803975679	5	dispatch lease of 076c523a-1d87-4cdd-a256-c6b4aca832eb lapsed	REJECT	com.alibaba.qwen.code.runtimebroker.ToolExecutionRecord@241a0c3a
1790803975764	5	dispatch lease of 076c523a-1d87-4cdd-a256-c6b4aca832eb lapsed	REJECT	com.alibaba.qwen.code.runtimebroker.ToolExecutionRecord@7fae4d4a
1790803975840	5	dispatch lease of 076c523a-1d87-4cdd-a256-c6b4aca832eb lapsed	REJECT	com.alibaba.qwen.code.runtimebroker.ToolExecutionRecord@46baf579
1790803975916	5	dispatch lease of 076c523a-1d87-4cdd-a256-c6b4aca832eb lapsed	REJECT	com.alibaba.qwen.code.runtimebroker.ToolExecutionRecord@ca66933
1790803975992	5	dispatch lease of 076c523a-1d87-4cdd-a256-c6b4aca832eb lapsed	REJECT	com.alibaba.qwen.code.runtimebroker.ToolExecutionRecord@602c4656
1790803976068	5	dispatch lease of 076c523a-1d87-4cdd-a256-c6b4aca832eb lapsed	REJECT	com.alibaba.qwen.code.runtimebroker.ToolExecutionRecord@3c443976
1790803976152	5	dispatch lease of 076c523a-1d87-4cdd-a256-c6b4aca832eb lapsed	REJECT	com.alibaba.qwen.code.runtimebroker.ToolExecutionRecord@63998bf4
1790803976232	5	dispatch lease of 076c523a-1d87-4cdd-a256-c6b4aca832eb lapsed	REJECT	com.alibaba.qwen.code.runtimebroker.ToolExecutionRecord@6f63c44f
1790803976308	5	dispatch lease of 076c523a-1d87-4cdd-a256-c6b4aca832eb lapsed	REJECT	com.alibaba.qwen.code.runtimebroker.ToolExecutionRecord@2e6ba49a
1790803976388	5	dispatch lease of 076c523a-1d87-4cdd-a256-c6b4aca832eb lapsed	REJECT	com.alibaba.qwen.code.runtimebroker.ToolExecutionRecord@6b04acb2
1790803976468	5	dispatch lease of 076c523a-1d87-4cdd-a256-c6b4aca832eb lapsed	REJECT	com.alibaba.qwen.code.runtimebroker.ToolExecutionRecord@4a60ee36
1790803976560	5	dispatch lease of 076c523a-1d87-4cdd-a256-c6b4aca832eb lapsed	REJECT	com.alibaba.qwen.code.runtimebroker.ToolExecutionRecord@5f212d84
1790803976648	5	dispatch lease of 076c523a-1d87-4cdd-a256-c6b4aca832eb lapsed	REJECT	com.alibaba.qwen.code.runtimebroker.ToolExecutionRecord@6622a690
1790803976728	5	dispatch lease of 076c523a-1d87-4cdd-a256-c6b4aca832eb lapsed	REJECT	com.alibaba.qwen.code.runtimebroker.ToolExecutionRecord@412c995d
1790803976816	5	dispatch lease of 076c523a-1d87-4cdd-a256-c6b4aca832eb lapsed	REJECT	com.alibaba.qwen.code.runtimebroker.ToolExecutionRecord@2f4919b0
1790803976892	5	dispatch lease of 076c523a-1d87-4cdd-a256-c6b4aca832eb lapsed	REJECT	com.alibaba.qwen.code.runtimebroker.ToolExecutionRecord@72be135f
1790803976968	5	dispatch lease of 076c523a-1d87-4cdd-a256-c6b4aca832eb lapsed	REJECT	com.alibaba.qwen.code.runtimebroker.ToolExecutionRecord@2e647e59
1790803977044	5	dispatch lease of 076c523a-1d87-4cdd-a256-c6b4aca832eb lapsed	ACCEPT	com.alibaba.qwen.code.runtimebroker.ToolExecutionRecord@deb3b60
