1790802923436	1	escaped writer pid	REJECT	false
1790802923489	1	escaped writer pid	REJECT	false
1790802923539	1	escaped writer pid	REJECT	false
1790802923589	1	escaped writer pid	ACCEPT	true
1790802923606	1	escaped writer output	REJECT	false
1790802923656	1	escaped writer output	REJECT	false
1790802923706	1	escaped writer output	ACCEPT	true
1790802925422	1	original worker loss after recovery fencing	ACCEPT	Reply[ok=false, value=null, status=503, code=runtime_broker_runtime_lost, retryable=true, message=Runtime is lost; recovery requires complete evidence and cleanup]
1790802925593	1	escaped writer continues after loss; the physical pin must remain	REJECT	38
1790802925643	1	escaped writer continues after loss; the physical pin must remain	ACCEPT	39
1790802928763	1	escaped writer pid	REJECT	false
1790802928818	1	escaped writer pid	REJECT	false
1790802928868	1	escaped writer pid	REJECT	false
1790802928918	1	escaped writer pid	REJECT	false
1790802928968	1	escaped writer pid	ACCEPT	true
1790802928984	1	escaped writer output	REJECT	false
1790802929034	1	escaped writer output	ACCEPT	true
1790802930654	1	original worker loss after recovery fencing	ACCEPT	Reply[ok=false, value=null, status=503, code=runtime_broker_runtime_lost, retryable=true, message=Runtime is lost; recovery requires complete evidence and cleanup]
1790802930714	1	escaped writer continues after loss; the physical pin must remain	REJECT	34
1790802930767	1	escaped writer continues after loss; the physical pin must remain	ACCEPT	35
1790802933943	1	marker = [start]	REJECT	[]
1790802933993	1	marker = [start]	REJECT	[]
1790802934044	1	marker = [start]	ACCEPT	[start]
1790802934125	1	UNKNOWN execution	REJECT	com.alibaba.qwen.code.runtimebroker.ToolExecutionRecord@5f3b9c57
1790802934193	1	UNKNOWN execution	ACCEPT	com.alibaba.qwen.code.runtimebroker.ToolExecutionRecord@2cf23c81
1790802941490	1	marker = [start]	REJECT	[]
1790802941544	1	marker = [start]	REJECT	[]
1790802941594	1	marker = [start]	ACCEPT	[start]
1790802942805	1	original Runtime loss after recovery fencing	ACCEPT	Reply[ok=false, value=null, status=503, code=runtime_broker_runtime_lost, retryable=true, message=Runtime is lost; recovery requires complete evidence and cleanup]
1790802950769	1	dispatch lease of 2e36ca52-38b0-4293-85cc-6d7861680a42 lapsed	REJECT	com.alibaba.qwen.code.runtimebroker.ToolExecutionRecord@31024624
1790802950853	1	dispatch lease of 2e36ca52-38b0-4293-85cc-6d7861680a42 lapsed	REJECT	com.alibaba.qwen.code.runtimebroker.ToolExecutionRecord@63cd604c
1790802950940	1	dispatch lease of 2e36ca52-38b0-4293-85cc-6d7861680a42 lapsed	REJECT	com.alibaba.qwen.code.runtimebroker.ToolExecutionRecord@6a1d204a
1790802951026	1	dispatch lease of 2e36ca52-38b0-4293-85cc-6d7861680a42 lapsed	REJECT	com.alibaba.qwen.code.runtimebroker.ToolExecutionRecord@6fff253c
1790802951113	1	dispatch lease of 2e36ca52-38b0-4293-85cc-6d7861680a42 lapsed	REJECT	com.alibaba.qwen.code.runtimebroker.ToolExecutionRecord@3954d008
1790802951197	1	dispatch lease of 2e36ca52-38b0-4293-85cc-6d7861680a42 lapsed	REJECT	com.alibaba.qwen.code.runtimebroker.ToolExecutionRecord@72ccd81a
1790802951285	1	dispatch lease of 2e36ca52-38b0-4293-85cc-6d7861680a42 lapsed	REJECT	com.alibaba.qwen.code.runtimebroker.ToolExecutionRecord@493dfb8e
1790802951376	1	dispatch lease of 2e36ca52-38b0-4293-85cc-6d7861680a42 lapsed	REJECT	com.alibaba.qwen.code.runtimebroker.ToolExecutionRecord@9d157ff
1790802951453	1	dispatch lease of 2e36ca52-38b0-4293-85cc-6d7861680a42 lapsed	REJECT	com.alibaba.qwen.code.runtimebroker.ToolExecutionRecord@7c041b41
1790802951544	1	dispatch lease of 2e36ca52-38b0-4293-85cc-6d7861680a42 lapsed	REJECT	com.alibaba.qwen.code.runtimebroker.ToolExecutionRecord@1cb3ec38
1790802951640	1	dispatch lease of 2e36ca52-38b0-4293-85cc-6d7861680a42 lapsed	REJECT	com.alibaba.qwen.code.runtimebroker.ToolExecutionRecord@2cab9998
1790802951716	1	dispatch lease of 2e36ca52-38b0-4293-85cc-6d7861680a42 lapsed	REJECT	com.alibaba.qwen.code.runtimebroker.ToolExecutionRecord@3a1d593e
1790802951808	1	dispatch lease of 2e36ca52-38b0-4293-85cc-6d7861680a42 lapsed	REJECT	com.alibaba.qwen.code.runtimebroker.ToolExecutionRecord@7859e786
1790802951901	1	dispatch lease of 2e36ca52-38b0-4293-85cc-6d7861680a42 lapsed	REJECT	com.alibaba.qwen.code.runtimebroker.ToolExecutionRecord@664a9613
1790802951983	1	dispatch lease of 2e36ca52-38b0-4293-85cc-6d7861680a42 lapsed	REJECT	com.alibaba.qwen.code.runtimebroker.ToolExecutionRecord@7876d598
1790802952073	1	dispatch lease of 2e36ca52-38b0-4293-85cc-6d7861680a42 lapsed	REJECT	com.alibaba.qwen.code.runtimebroker.ToolExecutionRecord@71104a4
1790802952164	1	dispatch lease of 2e36ca52-38b0-4293-85cc-6d7861680a42 lapsed	REJECT	com.alibaba.qwen.code.runtimebroker.ToolExecutionRecord@3c9168dc
1790802952240	1	dispatch lease of 2e36ca52-38b0-4293-85cc-6d7861680a42 lapsed	REJECT	com.alibaba.qwen.code.runtimebroker.ToolExecutionRecord@54361a9
1790802952325	1	dispatch lease of 2e36ca52-38b0-4293-85cc-6d7861680a42 lapsed	REJECT	com.alibaba.qwen.code.runtimebroker.ToolExecutionRecord@37ebc9d8
1790802952417	1	dispatch lease of 2e36ca52-38b0-4293-85cc-6d7861680a42 lapsed	REJECT	com.alibaba.qwen.code.runtimebroker.ToolExecutionRecord@6fa590ba
1790802952492	1	dispatch lease of 2e36ca52-38b0-4293-85cc-6d7861680a42 lapsed	REJECT	com.alibaba.qwen.code.runtimebroker.ToolExecutionRecord@7bf9b098
1790802952572	1	dispatch lease of 2e36ca52-38b0-4293-85cc-6d7861680a42 lapsed	REJECT	com.alibaba.qwen.code.runtimebroker.ToolExecutionRecord@1fc0053e
1790802952656	1	dispatch lease of 2e36ca52-38b0-4293-85cc-6d7861680a42 lapsed	REJECT	com.alibaba.qwen.code.runtimebroker.ToolExecutionRecord@33617539
1790802952740	1	dispatch lease of 2e36ca52-38b0-4293-85cc-6d7861680a42 lapsed	REJECT	com.alibaba.qwen.code.runtimebroker.ToolExecutionRecord@209775a9
1790802952822	1	dispatch lease of 2e36ca52-38b0-4293-85cc-6d7861680a42 lapsed	REJECT	com.alibaba.qwen.code.runtimebroker.ToolExecutionRecord@74cec793
1790802952917	1	dispatch lease of 2e36ca52-38b0-4293-85cc-6d7861680a42 lapsed	REJECT	com.alibaba.qwen.code.runtimebroker.ToolExecutionRecord@1bdf8190
1790802953000	1	dispatch lease of 2e36ca52-38b0-4293-85cc-6d7861680a42 lapsed	REJECT	com.alibaba.qwen.code.runtimebroker.ToolExecutionRecord@c65a5ef
1790802953085	1	dispatch lease of 2e36ca52-38b0-4293-85cc-6d7861680a42 lapsed	ACCEPT	com.alibaba.qwen.code.runtimebroker.ToolExecutionRecord@2fab4aff
1790802958101	1	marker = [start]	REJECT	[]
1790802958154	1	marker = [start]	REJECT	[]
1790802958204	1	marker = [start]	ACCEPT	[start]
1790802959000	1	dispatch lease of ee8ffc58-ef38-4540-8450-7fae9d0af44e lapsed	REJECT	com.alibaba.qwen.code.runtimebroker.ToolExecutionRecord@4a8ab068
1790802959084	1	dispatch lease of ee8ffc58-ef38-4540-8450-7fae9d0af44e lapsed	REJECT	com.alibaba.qwen.code.runtimebroker.ToolExecutionRecord@6bab2585
1790802959160	1	dispatch lease of ee8ffc58-ef38-4540-8450-7fae9d0af44e lapsed	REJECT	com.alibaba.qwen.code.runtimebroker.ToolExecutionRecord@532a02d9
1790802959236	1	dispatch lease of ee8ffc58-ef38-4540-8450-7fae9d0af44e lapsed	REJECT	com.alibaba.qwen.code.runtimebroker.ToolExecutionRecord@7cbee484
1790802959316	1	dispatch lease of ee8ffc58-ef38-4540-8450-7fae9d0af44e lapsed	REJECT	com.alibaba.qwen.code.runtimebroker.ToolExecutionRecord@4089713
1790802959404	1	dispatch lease of ee8ffc58-ef38-4540-8450-7fae9d0af44e lapsed	REJECT	com.alibaba.qwen.code.runtimebroker.ToolExecutionRecord@b91d8c4
1790802959480	1	dispatch lease of ee8ffc58-ef38-4540-8450-7fae9d0af44e lapsed	REJECT	com.alibaba.qwen.code.runtimebroker.ToolExecutionRecord@4fd4cae3
1790802959564	1	dispatch lease of ee8ffc58-ef38-4540-8450-7fae9d0af44e lapsed	REJECT	com.alibaba.qwen.code.runtimebroker.ToolExecutionRecord@3bde62ff
1790802959648	1	dispatch lease of ee8ffc58-ef38-4540-8450-7fae9d0af44e lapsed	REJECT	com.alibaba.qwen.code.runtimebroker.ToolExecutionRecord@319dead1
1790802959732	1	dispatch lease of ee8ffc58-ef38-4540-8450-7fae9d0af44e lapsed	REJECT	com.alibaba.qwen.code.runtimebroker.ToolExecutionRecord@754777cd
1790802959808	1	dispatch lease of ee8ffc58-ef38-4540-8450-7fae9d0af44e lapsed	REJECT	com.alibaba.qwen.code.runtimebroker.ToolExecutionRecord@4cc76301
1790802959888	1	dispatch lease of ee8ffc58-ef38-4540-8450-7fae9d0af44e lapsed	REJECT	com.alibaba.qwen.code.runtimebroker.ToolExecutionRecord@7de0c6ae
1790802959972	1	dispatch lease of ee8ffc58-ef38-4540-8450-7fae9d0af44e lapsed	REJECT	com.alibaba.qwen.code.runtimebroker.ToolExecutionRecord@7ef2d7a6
1790802960060	1	dispatch lease of ee8ffc58-ef38-4540-8450-7fae9d0af44e lapsed	REJECT	com.alibaba.qwen.code.runtimebroker.ToolExecutionRecord@21526f6c
1790802960148	1	dispatch lease of ee8ffc58-ef38-4540-8450-7fae9d0af44e lapsed	REJECT	com.alibaba.qwen.code.runtimebroker.ToolExecutionRecord@5471388b
1790802960240	1	dispatch lease of ee8ffc58-ef38-4540-8450-7fae9d0af44e lapsed	REJECT	com.alibaba.qwen.code.runtimebroker.ToolExecutionRecord@3bffddff
1790802960336	1	dispatch lease of ee8ffc58-ef38-4540-8450-7fae9d0af44e lapsed	REJECT	com.alibaba.qwen.code.runtimebroker.ToolExecutionRecord@517bd097
1790802960416	1	dispatch lease of ee8ffc58-ef38-4540-8450-7fae9d0af44e lapsed	REJECT	com.alibaba.qwen.code.runtimebroker.ToolExecutionRecord@5990e6c5
1790802960504	1	dispatch lease of ee8ffc58-ef38-4540-8450-7fae9d0af44e lapsed	REJECT	com.alibaba.qwen.code.runtimebroker.ToolExecutionRecord@1950e8a6
1790802960584	1	dispatch lease of ee8ffc58-ef38-4540-8450-7fae9d0af44e lapsed	REJECT	com.alibaba.qwen.code.runtimebroker.ToolExecutionRecord@114a85c2
1790802960664	1	dispatch lease of ee8ffc58-ef38-4540-8450-7fae9d0af44e lapsed	REJECT	com.alibaba.qwen.code.runtimebroker.ToolExecutionRecord@724f138e
1790802960744	1	dispatch lease of ee8ffc58-ef38-4540-8450-7fae9d0af44e lapsed	REJECT	com.alibaba.qwen.code.runtimebroker.ToolExecutionRecord@c9413d8
1790802960824	1	dispatch lease of ee8ffc58-ef38-4540-8450-7fae9d0af44e lapsed	REJECT	com.alibaba.qwen.code.runtimebroker.ToolExecutionRecord@d78795
1790802960908	1	dispatch lease of ee8ffc58-ef38-4540-8450-7fae9d0af44e lapsed	REJECT	com.alibaba.qwen.code.runtimebroker.ToolExecutionRecord@3b9d6699
1790802960984	1	dispatch lease of ee8ffc58-ef38-4540-8450-7fae9d0af44e lapsed	REJECT	com.alibaba.qwen.code.runtimebroker.ToolExecutionRecord@72b16078
1790802961068	1	dispatch lease of ee8ffc58-ef38-4540-8450-7fae9d0af44e lapsed	REJECT	com.alibaba.qwen.code.runtimebroker.ToolExecutionRecord@1b0a7baf
1790802961144	1	dispatch lease of ee8ffc58-ef38-4540-8450-7fae9d0af44e lapsed	REJECT	com.alibaba.qwen.code.runtimebroker.ToolExecutionRecord@26be6ca7
1790802961224	1	dispatch lease of ee8ffc58-ef38-4540-8450-7fae9d0af44e lapsed	REJECT	com.alibaba.qwen.code.runtimebroker.ToolExecutionRecord@64712be
1790802961301	1	dispatch lease of ee8ffc58-ef38-4540-8450-7fae9d0af44e lapsed	REJECT	com.alibaba.qwen.code.runtimebroker.ToolExecutionRecord@782a4fff
1790802961388	1	dispatch lease of ee8ffc58-ef38-4540-8450-7fae9d0af44e lapsed	REJECT	com.alibaba.qwen.code.runtimebroker.ToolExecutionRecord@5ae81e1
1790802961464	1	dispatch lease of ee8ffc58-ef38-4540-8450-7fae9d0af44e lapsed	REJECT	com.alibaba.qwen.code.runtimebroker.ToolExecutionRecord@6063d80a
1790802961539	1	dispatch lease of ee8ffc58-ef38-4540-8450-7fae9d0af44e lapsed	REJECT	com.alibaba.qwen.code.runtimebroker.ToolExecutionRecord@54709809
1790802961626	1	dispatch lease of ee8ffc58-ef38-4540-8450-7fae9d0af44e lapsed	REJECT	com.alibaba.qwen.code.runtimebroker.ToolExecutionRecord@60cf80e7
1790802961708	1	dispatch lease of ee8ffc58-ef38-4540-8450-7fae9d0af44e lapsed	REJECT	com.alibaba.qwen.code.runtimebroker.ToolExecutionRecord@48c40605
1790802961792	1	dispatch lease of ee8ffc58-ef38-4540-8450-7fae9d0af44e lapsed	REJECT	com.alibaba.qwen.code.runtimebroker.ToolExecutionRecord@476aac9
1790802961872	1	dispatch lease of ee8ffc58-ef38-4540-8450-7fae9d0af44e lapsed	REJECT	com.alibaba.qwen.code.runtimebroker.ToolExecutionRecord@2f2bf0e2
1790802961952	1	dispatch lease of ee8ffc58-ef38-4540-8450-7fae9d0af44e lapsed	REJECT	com.alibaba.qwen.code.runtimebroker.ToolExecutionRecord@25f9407e
1790802962044	1	dispatch lease of ee8ffc58-ef38-4540-8450-7fae9d0af44e lapsed	ACCEPT	com.alibaba.qwen.code.runtimebroker.ToolExecutionRecord@59aa20b3
1790802962997	1	reconciliation from evidence	ACCEPT	ALREADY_SETTLED
1790802969896	1	dispatch lease of 5b6d7b9c-21ab-47c0-aeba-3a8db7468244 lapsed	REJECT	com.alibaba.qwen.code.runtimebroker.ToolExecutionRecord@c0b41d6
1790802969976	1	dispatch lease of 5b6d7b9c-21ab-47c0-aeba-3a8db7468244 lapsed	REJECT	com.alibaba.qwen.code.runtimebroker.ToolExecutionRecord@3b718392
1790802970052	1	dispatch lease of 5b6d7b9c-21ab-47c0-aeba-3a8db7468244 lapsed	REJECT	com.alibaba.qwen.code.runtimebroker.ToolExecutionRecord@49bf29c6
1790802970132	1	dispatch lease of 5b6d7b9c-21ab-47c0-aeba-3a8db7468244 lapsed	REJECT	com.alibaba.qwen.code.runtimebroker.ToolExecutionRecord@7668d560
1790802970208	1	dispatch lease of 5b6d7b9c-21ab-47c0-aeba-3a8db7468244 lapsed	REJECT	com.alibaba.qwen.code.runtimebroker.ToolExecutionRecord@6c44052e
1790802970289	1	dispatch lease of 5b6d7b9c-21ab-47c0-aeba-3a8db7468244 lapsed	REJECT	com.alibaba.qwen.code.runtimebroker.ToolExecutionRecord@1e34c607
1790802970376	1	dispatch lease of 5b6d7b9c-21ab-47c0-aeba-3a8db7468244 lapsed	REJECT	com.alibaba.qwen.code.runtimebroker.ToolExecutionRecord@31198ceb
1790802970460	1	dispatch lease of 5b6d7b9c-21ab-47c0-aeba-3a8db7468244 lapsed	REJECT	com.alibaba.qwen.code.runtimebroker.ToolExecutionRecord@7726e185
1790802970544	1	dispatch lease of 5b6d7b9c-21ab-47c0-aeba-3a8db7468244 lapsed	REJECT	com.alibaba.qwen.code.runtimebroker.ToolExecutionRecord@5dda14d0
1790802970624	1	dispatch lease of 5b6d7b9c-21ab-47c0-aeba-3a8db7468244 lapsed	REJECT	com.alibaba.qwen.code.runtimebroker.ToolExecutionRecord@d4ab71a
1790802970708	1	dispatch lease of 5b6d7b9c-21ab-47c0-aeba-3a8db7468244 lapsed	REJECT	com.alibaba.qwen.code.runtimebroker.ToolExecutionRecord@5987e932
1790802970784	1	dispatch lease of 5b6d7b9c-21ab-47c0-aeba-3a8db7468244 lapsed	REJECT	com.alibaba.qwen.code.runtimebroker.ToolExecutionRecord@438bad7c
1790802970864	1	dispatch lease of 5b6d7b9c-21ab-47c0-aeba-3a8db7468244 lapsed	REJECT	com.alibaba.qwen.code.runtimebroker.ToolExecutionRecord@4a8b5227
1790802970944	1	dispatch lease of 5b6d7b9c-21ab-47c0-aeba-3a8db7468244 lapsed	REJECT	com.alibaba.qwen.code.runtimebroker.ToolExecutionRecord@5a6d5a8f
1790802971040	1	dispatch lease of 5b6d7b9c-21ab-47c0-aeba-3a8db7468244 lapsed	REJECT	com.alibaba.qwen.code.runtimebroker.ToolExecutionRecord@17f9344b
1790802971112	1	dispatch lease of 5b6d7b9c-21ab-47c0-aeba-3a8db7468244 lapsed	REJECT	com.alibaba.qwen.code.runtimebroker.ToolExecutionRecord@38d5b107
1790802971196	1	dispatch lease of 5b6d7b9c-21ab-47c0-aeba-3a8db7468244 lapsed	REJECT	com.alibaba.qwen.code.runtimebroker.ToolExecutionRecord@50cf5a23
1790802971280	1	dispatch lease of 5b6d7b9c-21ab-47c0-aeba-3a8db7468244 lapsed	REJECT	com.alibaba.qwen.code.runtimebroker.ToolExecutionRecord@30457e14
1790802971356	1	dispatch lease of 5b6d7b9c-21ab-47c0-aeba-3a8db7468244 lapsed	REJECT	com.alibaba.qwen.code.runtimebroker.ToolExecutionRecord@20765ed5
1790802971432	1	dispatch lease of 5b6d7b9c-21ab-47c0-aeba-3a8db7468244 lapsed	REJECT	com.alibaba.qwen.code.runtimebroker.ToolExecutionRecord@1e8823d2
1790802971510	1	dispatch lease of 5b6d7b9c-21ab-47c0-aeba-3a8db7468244 lapsed	REJECT	com.alibaba.qwen.code.runtimebroker.ToolExecutionRecord@130a0f66
1790802971592	1	dispatch lease of 5b6d7b9c-21ab-47c0-aeba-3a8db7468244 lapsed	REJECT	com.alibaba.qwen.code.runtimebroker.ToolExecutionRecord@6105f8a3
1790802971676	1	dispatch lease of 5b6d7b9c-21ab-47c0-aeba-3a8db7468244 lapsed	REJECT	com.alibaba.qwen.code.runtimebroker.ToolExecutionRecord@5710768a
1790802971760	1	dispatch lease of 5b6d7b9c-21ab-47c0-aeba-3a8db7468244 lapsed	REJECT	com.alibaba.qwen.code.runtimebroker.ToolExecutionRecord@64d7b720
1790802971832	1	dispatch lease of 5b6d7b9c-21ab-47c0-aeba-3a8db7468244 lapsed	REJECT	com.alibaba.qwen.code.runtimebroker.ToolExecutionRecord@5bf61e67
1790802971916	1	dispatch lease of 5b6d7b9c-21ab-47c0-aeba-3a8db7468244 lapsed	REJECT	com.alibaba.qwen.code.runtimebroker.ToolExecutionRecord@4e7095ac
1790802971994	1	dispatch lease of 5b6d7b9c-21ab-47c0-aeba-3a8db7468244 lapsed	REJECT	com.alibaba.qwen.code.runtimebroker.ToolExecutionRecord@1b70203f
1790802972072	1	dispatch lease of 5b6d7b9c-21ab-47c0-aeba-3a8db7468244 lapsed	ACCEPT	com.alibaba.qwen.code.runtimebroker.ToolExecutionRecord@1162410a
1790802973185	1	reconciliation from evidence	ACCEPT	ALREADY_SETTLED
1790802975685	1	marker = [start]	REJECT	[]
1790802975735	1	marker = [start]	REJECT	[]
1790802975786	1	marker = [start]	REJECT	[]
1790802975836	1	marker = [start]	ACCEPT	[start]
1790802984839	1	marker = [start, end]	ACCEPT	[start, end]
1790802989333	1	startup adoption	ACCEPT	Reply[ok=true, value={"bindingId":"d111e019-0d55-4305-acf2-3c040028eb7e","generation":1,"state":"READY"}, status=0, code=null, retryable=false, message=null]
1790802993789	1	startup adoption	REJECT	Reply[ok=false, value=null, status=503, code=runtime_provisioning_in_progress, retryable=true, message=another Broker owns Runtime provisioning]
1790802993897	1	startup adoption	REJECT	Reply[ok=false, value=null, status=503, code=runtime_provisioning_in_progress, retryable=true, message=another Broker owns Runtime provisioning]
1790802994001	1	startup adoption	REJECT	Reply[ok=false, value=null, status=503, code=runtime_provisioning_in_progress, retryable=true, message=another Broker owns Runtime provisioning]
1790802994353	1	startup adoption	ACCEPT	Reply[ok=true, value={"bindingId":"6d8fd961-8ed2-4a0a-bedc-5e4a85b54499","generation":1,"state":"READY"}, status=0, code=null, retryable=false, message=null]
1790802997491	1	marker = [start]	REJECT	[]
1790802997541	1	marker = [start]	REJECT	[]
1790802997592	1	marker = [start]	ACCEPT	[start]
1790802998864	1	original worker loss after recovery fencing	ACCEPT	Reply[ok=false, value=null, status=503, code=runtime_broker_runtime_lost, retryable=true, message=Runtime is lost; recovery requires complete evidence and cleanup]
1790803001853	1	project/marker = [start]	REJECT	[]
1790803001903	1	project/marker = [start]	REJECT	[]
1790803001954	1	project/marker = [start]	ACCEPT	[start]
1790803003332	1	original worker loss after recovery fencing	ACCEPT	Reply[ok=false, value=null, status=503, code=runtime_broker_runtime_lost, retryable=true, message=Runtime is lost; recovery requires complete evidence and cleanup]
1790803017789	1	marker = [start]	REJECT	[]
1790803017839	1	marker = [start]	REJECT	[]
1790803017889	1	marker = [start]	ACCEPT	[start]
1790803019656	1	dispatch lease of 80733953-0633-4d95-b836-e7a9c6198ebd lapsed	REJECT	com.alibaba.qwen.code.runtimebroker.ToolExecutionRecord@23c650a3
1790803019736	1	dispatch lease of 80733953-0633-4d95-b836-e7a9c6198ebd lapsed	REJECT	com.alibaba.qwen.code.runtimebroker.ToolExecutionRecord@50b1f030
1790803019816	1	dispatch lease of 80733953-0633-4d95-b836-e7a9c6198ebd lapsed	REJECT	com.alibaba.qwen.code.runtimebroker.ToolExecutionRecord@3e681bc
1790803019900	1	dispatch lease of 80733953-0633-4d95-b836-e7a9c6198ebd lapsed	REJECT	com.alibaba.qwen.code.runtimebroker.ToolExecutionRecord@5f574cc2
1790803019972	1	dispatch lease of 80733953-0633-4d95-b836-e7a9c6198ebd lapsed	REJECT	com.alibaba.qwen.code.runtimebroker.ToolExecutionRecord@2d83c5a5
1790803020048	1	dispatch lease of 80733953-0633-4d95-b836-e7a9c6198ebd lapsed	REJECT	com.alibaba.qwen.code.runtimebroker.ToolExecutionRecord@60222fd8
1790803020148	1	dispatch lease of 80733953-0633-4d95-b836-e7a9c6198ebd lapsed	REJECT	com.alibaba.qwen.code.runtimebroker.ToolExecutionRecord@710b30ef
1790803020220	1	dispatch lease of 80733953-0633-4d95-b836-e7a9c6198ebd lapsed	REJECT	com.alibaba.qwen.code.runtimebroker.ToolExecutionRecord@7cf7aee
1790803020296	1	dispatch lease of 80733953-0633-4d95-b836-e7a9c6198ebd lapsed	REJECT	com.alibaba.qwen.code.runtimebroker.ToolExecutionRecord@18151a14
1790803020371	1	dispatch lease of 80733953-0633-4d95-b836-e7a9c6198ebd lapsed	REJECT	com.alibaba.qwen.code.runtimebroker.ToolExecutionRecord@3c1e23ff
1790803020448	1	dispatch lease of 80733953-0633-4d95-b836-e7a9c6198ebd lapsed	REJECT	com.alibaba.qwen.code.runtimebroker.ToolExecutionRecord@1bf0f6f6
1790803020532	1	dispatch lease of 80733953-0633-4d95-b836-e7a9c6198ebd lapsed	REJECT	com.alibaba.qwen.code.runtimebroker.ToolExecutionRecord@2ba45490
1790803020616	1	dispatch lease of 80733953-0633-4d95-b836-e7a9c6198ebd lapsed	REJECT	com.alibaba.qwen.code.runtimebroker.ToolExecutionRecord@7af707e0
1790803020700	1	dispatch lease of 80733953-0633-4d95-b836-e7a9c6198ebd lapsed	REJECT	com.alibaba.qwen.code.runtimebroker.ToolExecutionRecord@74cf8b28
1790803020776	1	dispatch lease of 80733953-0633-4d95-b836-e7a9c6198ebd lapsed	REJECT	com.alibaba.qwen.code.runtimebroker.ToolExecutionRecord@7ba63fe5
1790803020856	1	dispatch lease of 80733953-0633-4d95-b836-e7a9c6198ebd lapsed	REJECT	com.alibaba.qwen.code.runtimebroker.ToolExecutionRecord@125c082e
1790803020932	1	dispatch lease of 80733953-0633-4d95-b836-e7a9c6198ebd lapsed	REJECT	com.alibaba.qwen.code.runtimebroker.ToolExecutionRecord@1f9d6c7b
1790803021012	1	dispatch lease of 80733953-0633-4d95-b836-e7a9c6198ebd lapsed	REJECT	com.alibaba.qwen.code.runtimebroker.ToolExecutionRecord@4010d494
1790803021086	1	dispatch lease of 80733953-0633-4d95-b836-e7a9c6198ebd lapsed	REJECT	com.alibaba.qwen.code.runtimebroker.ToolExecutionRecord@5eefa415
1790803021160	1	dispatch lease of 80733953-0633-4d95-b836-e7a9c6198ebd lapsed	REJECT	com.alibaba.qwen.code.runtimebroker.ToolExecutionRecord@2fb69ff6
1790803021248	1	dispatch lease of 80733953-0633-4d95-b836-e7a9c6198ebd lapsed	REJECT	com.alibaba.qwen.code.runtimebroker.ToolExecutionRecord@2f19f2aa
1790803021328	1	dispatch lease of 80733953-0633-4d95-b836-e7a9c6198ebd lapsed	REJECT	com.alibaba.qwen.code.runtimebroker.ToolExecutionRecord@79c5636f
1790803021407	1	dispatch lease of 80733953-0633-4d95-b836-e7a9c6198ebd lapsed	REJECT	com.alibaba.qwen.code.runtimebroker.ToolExecutionRecord@27f3b6d6
1790803021492	1	dispatch lease of 80733953-0633-4d95-b836-e7a9c6198ebd lapsed	REJECT	com.alibaba.qwen.code.runtimebroker.ToolExecutionRecord@676f0a60
1790803021580	1	dispatch lease of 80733953-0633-4d95-b836-e7a9c6198ebd lapsed	REJECT	com.alibaba.qwen.code.runtimebroker.ToolExecutionRecord@4a951911
1790803021664	1	dispatch lease of 80733953-0633-4d95-b836-e7a9c6198ebd lapsed	REJECT	com.alibaba.qwen.code.runtimebroker.ToolExecutionRecord@5e63cad
1790803021748	1	dispatch lease of 80733953-0633-4d95-b836-e7a9c6198ebd lapsed	REJECT	com.alibaba.qwen.code.runtimebroker.ToolExecutionRecord@14a54ef6
1790803021832	1	dispatch lease of 80733953-0633-4d95-b836-e7a9c6198ebd lapsed	REJECT	com.alibaba.qwen.code.runtimebroker.ToolExecutionRecord@5ba745bc
1790803021912	1	dispatch lease of 80733953-0633-4d95-b836-e7a9c6198ebd lapsed	REJECT	com.alibaba.qwen.code.runtimebroker.ToolExecutionRecord@6034e75d
1790803022008	1	dispatch lease of 80733953-0633-4d95-b836-e7a9c6198ebd lapsed	REJECT	com.alibaba.qwen.code.runtimebroker.ToolExecutionRecord@456abb66
1790803022087	1	dispatch lease of 80733953-0633-4d95-b836-e7a9c6198ebd lapsed	REJECT	com.alibaba.qwen.code.runtimebroker.ToolExecutionRecord@219f4597
1790803022172	1	dispatch lease of 80733953-0633-4d95-b836-e7a9c6198ebd lapsed	REJECT	com.alibaba.qwen.code.runtimebroker.ToolExecutionRecord@5b989dc7
1790803022252	1	dispatch lease of 80733953-0633-4d95-b836-e7a9c6198ebd lapsed	REJECT	com.alibaba.qwen.code.runtimebroker.ToolExecutionRecord@595f4da5
1790803022324	1	dispatch lease of 80733953-0633-4d95-b836-e7a9c6198ebd lapsed	REJECT	com.alibaba.qwen.code.runtimebroker.ToolExecutionRecord@325f7fa9
1790803022403	1	dispatch lease of 80733953-0633-4d95-b836-e7a9c6198ebd lapsed	REJECT	com.alibaba.qwen.code.runtimebroker.ToolExecutionRecord@13cda7c9
1790803022488	1	dispatch lease of 80733953-0633-4d95-b836-e7a9c6198ebd lapsed	REJECT	com.alibaba.qwen.code.runtimebroker.ToolExecutionRecord@771158fb
1790803022564	1	dispatch lease of 80733953-0633-4d95-b836-e7a9c6198ebd lapsed	REJECT	com.alibaba.qwen.code.runtimebroker.ToolExecutionRecord@150d80c4
1790803022644	1	dispatch lease of 80733953-0633-4d95-b836-e7a9c6198ebd lapsed	REJECT	com.alibaba.qwen.code.runtimebroker.ToolExecutionRecord@64d43929
1790803022728	1	dispatch lease of 80733953-0633-4d95-b836-e7a9c6198ebd lapsed	REJECT	com.alibaba.qwen.code.runtimebroker.ToolExecutionRecord@41c89d2f
1790803022812	1	dispatch lease of 80733953-0633-4d95-b836-e7a9c6198ebd lapsed	REJECT	com.alibaba.qwen.code.runtimebroker.ToolExecutionRecord@1bdbf9be
1790803022904	1	dispatch lease of 80733953-0633-4d95-b836-e7a9c6198ebd lapsed	REJECT	com.alibaba.qwen.code.runtimebroker.ToolExecutionRecord@78d39a69
1790803022980	1	dispatch lease of 80733953-0633-4d95-b836-e7a9c6198ebd lapsed	REJECT	com.alibaba.qwen.code.runtimebroker.ToolExecutionRecord@71154f21
1790803023060	1	dispatch lease of 80733953-0633-4d95-b836-e7a9c6198ebd lapsed	ACCEPT	com.alibaba.qwen.code.runtimebroker.ToolExecutionRecord@304a9d7b
1790803023392	1	cancelled original call	ACCEPT	RESOLVED
1790803026117	1	project/marker = [start]	REJECT	[]
1790803026171	1	project/marker = [start]	REJECT	[]
1790803026222	1	project/marker = [start]	ACCEPT	[start]
1790803027928	1	dispatch lease of 11f9ba4a-19ec-4311-99b6-094a875ea815 lapsed	REJECT	com.alibaba.qwen.code.runtimebroker.ToolExecutionRecord@1d8e2eea
1790803028004	1	dispatch lease of 11f9ba4a-19ec-4311-99b6-094a875ea815 lapsed	REJECT	com.alibaba.qwen.code.runtimebroker.ToolExecutionRecord@49298ce7
1790803028076	1	dispatch lease of 11f9ba4a-19ec-4311-99b6-094a875ea815 lapsed	REJECT	com.alibaba.qwen.code.runtimebroker.ToolExecutionRecord@503fbbc6
1790803028149	1	dispatch lease of 11f9ba4a-19ec-4311-99b6-094a875ea815 lapsed	REJECT	com.alibaba.qwen.code.runtimebroker.ToolExecutionRecord@67fe380b
1790803028228	1	dispatch lease of 11f9ba4a-19ec-4311-99b6-094a875ea815 lapsed	REJECT	com.alibaba.qwen.code.runtimebroker.ToolExecutionRecord@57f64f5e
1790803028312	1	dispatch lease of 11f9ba4a-19ec-4311-99b6-094a875ea815 lapsed	REJECT	com.alibaba.qwen.code.runtimebroker.ToolExecutionRecord@49d98dc5
1790803028388	1	dispatch lease of 11f9ba4a-19ec-4311-99b6-094a875ea815 lapsed	REJECT	com.alibaba.qwen.code.runtimebroker.ToolExecutionRecord@ec50f54
1790803028464	1	dispatch lease of 11f9ba4a-19ec-4311-99b6-094a875ea815 lapsed	REJECT	com.alibaba.qwen.code.runtimebroker.ToolExecutionRecord@30cdae70
1790803028548	1	dispatch lease of 11f9ba4a-19ec-4311-99b6-094a875ea815 lapsed	REJECT	com.alibaba.qwen.code.runtimebroker.ToolExecutionRecord@3163987e
1790803028632	1	dispatch lease of 11f9ba4a-19ec-4311-99b6-094a875ea815 lapsed	REJECT	com.alibaba.qwen.code.runtimebroker.ToolExecutionRecord@44f9779c
1790803028708	1	dispatch lease of 11f9ba4a-19ec-4311-99b6-094a875ea815 lapsed	REJECT	com.alibaba.qwen.code.runtimebroker.ToolExecutionRecord@43d455c9
1790803028788	1	dispatch lease of 11f9ba4a-19ec-4311-99b6-094a875ea815 lapsed	REJECT	com.alibaba.qwen.code.runtimebroker.ToolExecutionRecord@40147317
1790803028872	1	dispatch lease of 11f9ba4a-19ec-4311-99b6-094a875ea815 lapsed	REJECT	com.alibaba.qwen.code.runtimebroker.ToolExecutionRecord@6f95cd51
1790803028972	1	dispatch lease of 11f9ba4a-19ec-4311-99b6-094a875ea815 lapsed	REJECT	com.alibaba.qwen.code.runtimebroker.ToolExecutionRecord@6d868997
1790803029048	1	dispatch lease of 11f9ba4a-19ec-4311-99b6-094a875ea815 lapsed	REJECT	com.alibaba.qwen.code.runtimebroker.ToolExecutionRecord@76304b46
1790803029124	1	dispatch lease of 11f9ba4a-19ec-4311-99b6-094a875ea815 lapsed	REJECT	com.alibaba.qwen.code.runtimebroker.ToolExecutionRecord@3af37506
1790803029208	1	dispatch lease of 11f9ba4a-19ec-4311-99b6-094a875ea815 lapsed	REJECT	com.alibaba.qwen.code.runtimebroker.ToolExecutionRecord@d4602a
1790803029288	1	dispatch lease of 11f9ba4a-19ec-4311-99b6-094a875ea815 lapsed	REJECT	com.alibaba.qwen.code.runtimebroker.ToolExecutionRecord@15515c51
1790803029368	1	dispatch lease of 11f9ba4a-19ec-4311-99b6-094a875ea815 lapsed	REJECT	com.alibaba.qwen.code.runtimebroker.ToolExecutionRecord@e044b4a
1790803029450	1	dispatch lease of 11f9ba4a-19ec-4311-99b6-094a875ea815 lapsed	REJECT	com.alibaba.qwen.code.runtimebroker.ToolExecutionRecord@3ae66c85
1790803029539	1	dispatch lease of 11f9ba4a-19ec-4311-99b6-094a875ea815 lapsed	REJECT	com.alibaba.qwen.code.runtimebroker.ToolExecutionRecord@73d6d0c
1790803029626	1	dispatch lease of 11f9ba4a-19ec-4311-99b6-094a875ea815 lapsed	REJECT	com.alibaba.qwen.code.runtimebroker.ToolExecutionRecord@5a4ed68f
1790803029716	1	dispatch lease of 11f9ba4a-19ec-4311-99b6-094a875ea815 lapsed	REJECT	com.alibaba.qwen.code.runtimebroker.ToolExecutionRecord@3956b302
1790803029796	1	dispatch lease of 11f9ba4a-19ec-4311-99b6-094a875ea815 lapsed	REJECT	com.alibaba.qwen.code.runtimebroker.ToolExecutionRecord@edf4f36
1790803029884	1	dispatch lease of 11f9ba4a-19ec-4311-99b6-094a875ea815 lapsed	REJECT	com.alibaba.qwen.code.runtimebroker.ToolExecutionRecord@13e9f2e2
1790803029964	1	dispatch lease of 11f9ba4a-19ec-4311-99b6-094a875ea815 lapsed	REJECT	com.alibaba.qwen.code.runtimebroker.ToolExecutionRecord@60e949e1
1790803030044	1	dispatch lease of 11f9ba4a-19ec-4311-99b6-094a875ea815 lapsed	REJECT	com.alibaba.qwen.code.runtimebroker.ToolExecutionRecord@3569edd5
1790803030124	1	dispatch lease of 11f9ba4a-19ec-4311-99b6-094a875ea815 lapsed	REJECT	com.alibaba.qwen.code.runtimebroker.ToolExecutionRecord@7a356a0d
1790803030196	1	dispatch lease of 11f9ba4a-19ec-4311-99b6-094a875ea815 lapsed	REJECT	com.alibaba.qwen.code.runtimebroker.ToolExecutionRecord@538cd0f2
1790803030276	1	dispatch lease of 11f9ba4a-19ec-4311-99b6-094a875ea815 lapsed	REJECT	com.alibaba.qwen.code.runtimebroker.ToolExecutionRecord@1761de10
1790803030356	1	dispatch lease of 11f9ba4a-19ec-4311-99b6-094a875ea815 lapsed	REJECT	com.alibaba.qwen.code.runtimebroker.ToolExecutionRecord@5bdaf2ce
1790803030440	1	dispatch lease of 11f9ba4a-19ec-4311-99b6-094a875ea815 lapsed	REJECT	com.alibaba.qwen.code.runtimebroker.ToolExecutionRecord@19f21b6b
1790803030508	1	dispatch lease of 11f9ba4a-19ec-4311-99b6-094a875ea815 lapsed	REJECT	com.alibaba.qwen.code.runtimebroker.ToolExecutionRecord@1358b28e
1790803030580	1	dispatch lease of 11f9ba4a-19ec-4311-99b6-094a875ea815 lapsed	REJECT	com.alibaba.qwen.code.runtimebroker.ToolExecutionRecord@7de4a01f
1790803030660	1	dispatch lease of 11f9ba4a-19ec-4311-99b6-094a875ea815 lapsed	REJECT	com.alibaba.qwen.code.runtimebroker.ToolExecutionRecord@208e9ef6
1790803030740	1	dispatch lease of 11f9ba4a-19ec-4311-99b6-094a875ea815 lapsed	REJECT	com.alibaba.qwen.code.runtimebroker.ToolExecutionRecord@34448e6c
1790803030820	1	dispatch lease of 11f9ba4a-19ec-4311-99b6-094a875ea815 lapsed	REJECT	com.alibaba.qwen.code.runtimebroker.ToolExecutionRecord@435ce306
1790803030900	1	dispatch lease of 11f9ba4a-19ec-4311-99b6-094a875ea815 lapsed	REJECT	com.alibaba.qwen.code.runtimebroker.ToolExecutionRecord@4b61d0c6
1790803030980	1	dispatch lease of 11f9ba4a-19ec-4311-99b6-094a875ea815 lapsed	REJECT	com.alibaba.qwen.code.runtimebroker.ToolExecutionRecord@304b9f1a
1790803031064	1	dispatch lease of 11f9ba4a-19ec-4311-99b6-094a875ea815 lapsed	ACCEPT	com.alibaba.qwen.code.runtimebroker.ToolExecutionRecord@4aeaadc1
1790803031385	1	cancelled original call	ACCEPT	RESOLVED
1790803034904	1	dispatch lease of be56cc5b-03ec-4a93-9eca-257f65d6b5e5 lapsed	REJECT	com.alibaba.qwen.code.runtimebroker.ToolExecutionRecord@7f4037ed
1790803034980	1	dispatch lease of be56cc5b-03ec-4a93-9eca-257f65d6b5e5 lapsed	REJECT	com.alibaba.qwen.code.runtimebroker.ToolExecutionRecord@110844f6
1790803035064	1	dispatch lease of be56cc5b-03ec-4a93-9eca-257f65d6b5e5 lapsed	REJECT	com.alibaba.qwen.code.runtimebroker.ToolExecutionRecord@4925f4f5
1790803035144	1	dispatch lease of be56cc5b-03ec-4a93-9eca-257f65d6b5e5 lapsed	REJECT	com.alibaba.qwen.code.runtimebroker.ToolExecutionRecord@39ce27f2
1790803035224	1	dispatch lease of be56cc5b-03ec-4a93-9eca-257f65d6b5e5 lapsed	REJECT	com.alibaba.qwen.code.runtimebroker.ToolExecutionRecord@28782602
1790803035300	1	dispatch lease of be56cc5b-03ec-4a93-9eca-257f65d6b5e5 lapsed	REJECT	com.alibaba.qwen.code.runtimebroker.ToolExecutionRecord@511816c0
1790803035384	1	dispatch lease of be56cc5b-03ec-4a93-9eca-257f65d6b5e5 lapsed	REJECT	com.alibaba.qwen.code.runtimebroker.ToolExecutionRecord@3935e9a8
1790803035464	1	dispatch lease of be56cc5b-03ec-4a93-9eca-257f65d6b5e5 lapsed	REJECT	com.alibaba.qwen.code.runtimebroker.ToolExecutionRecord@452c8a40
1790803035540	1	dispatch lease of be56cc5b-03ec-4a93-9eca-257f65d6b5e5 lapsed	REJECT	com.alibaba.qwen.code.runtimebroker.ToolExecutionRecord@470a9030
1790803035620	1	dispatch lease of be56cc5b-03ec-4a93-9eca-257f65d6b5e5 lapsed	REJECT	com.alibaba.qwen.code.runtimebroker.ToolExecutionRecord@d59970a
1790803035696	1	dispatch lease of be56cc5b-03ec-4a93-9eca-257f65d6b5e5 lapsed	REJECT	com.alibaba.qwen.code.runtimebroker.ToolExecutionRecord@3e6fd0b9
1790803035776	1	dispatch lease of be56cc5b-03ec-4a93-9eca-257f65d6b5e5 lapsed	REJECT	com.alibaba.qwen.code.runtimebroker.ToolExecutionRecord@76adb233
1790803035852	1	dispatch lease of be56cc5b-03ec-4a93-9eca-257f65d6b5e5 lapsed	REJECT	com.alibaba.qwen.code.runtimebroker.ToolExecutionRecord@7dcc91fd
1790803035932	1	dispatch lease of be56cc5b-03ec-4a93-9eca-257f65d6b5e5 lapsed	REJECT	com.alibaba.qwen.code.runtimebroker.ToolExecutionRecord@75504cef
1790803036008	1	dispatch lease of be56cc5b-03ec-4a93-9eca-257f65d6b5e5 lapsed	REJECT	com.alibaba.qwen.code.runtimebroker.ToolExecutionRecord@28c88600
1790803036092	1	dispatch lease of be56cc5b-03ec-4a93-9eca-257f65d6b5e5 lapsed	REJECT	com.alibaba.qwen.code.runtimebroker.ToolExecutionRecord@7f9e1534
1790803036166	1	dispatch lease of be56cc5b-03ec-4a93-9eca-257f65d6b5e5 lapsed	REJECT	com.alibaba.qwen.code.runtimebroker.ToolExecutionRecord@31611954
1790803036244	1	dispatch lease of be56cc5b-03ec-4a93-9eca-257f65d6b5e5 lapsed	REJECT	com.alibaba.qwen.code.runtimebroker.ToolExecutionRecord@99a65d3
1790803036316	1	dispatch lease of be56cc5b-03ec-4a93-9eca-257f65d6b5e5 lapsed	REJECT	com.alibaba.qwen.code.runtimebroker.ToolExecutionRecord@32fdec40
1790803036392	1	dispatch lease of be56cc5b-03ec-4a93-9eca-257f65d6b5e5 lapsed	REJECT	com.alibaba.qwen.code.runtimebroker.ToolExecutionRecord@39ab59f8
1790803036476	1	dispatch lease of be56cc5b-03ec-4a93-9eca-257f65d6b5e5 lapsed	REJECT	com.alibaba.qwen.code.runtimebroker.ToolExecutionRecord@4ad4936c
1790803036548	1	dispatch lease of be56cc5b-03ec-4a93-9eca-257f65d6b5e5 lapsed	REJECT	com.alibaba.qwen.code.runtimebroker.ToolExecutionRecord@25cc7470
1790803036636	1	dispatch lease of be56cc5b-03ec-4a93-9eca-257f65d6b5e5 lapsed	REJECT	com.alibaba.qwen.code.runtimebroker.ToolExecutionRecord@1b812421
1790803036720	1	dispatch lease of be56cc5b-03ec-4a93-9eca-257f65d6b5e5 lapsed	REJECT	com.alibaba.qwen.code.runtimebroker.ToolExecutionRecord@32639b12
1790803036808	1	dispatch lease of be56cc5b-03ec-4a93-9eca-257f65d6b5e5 lapsed	REJECT	com.alibaba.qwen.code.runtimebroker.ToolExecutionRecord@5649ec46
1790803036884	1	dispatch lease of be56cc5b-03ec-4a93-9eca-257f65d6b5e5 lapsed	REJECT	com.alibaba.qwen.code.runtimebroker.ToolExecutionRecord@5652f555
1790803036964	1	dispatch lease of be56cc5b-03ec-4a93-9eca-257f65d6b5e5 lapsed	REJECT	com.alibaba.qwen.code.runtimebroker.ToolExecutionRecord@794b435f
1790803037040	1	dispatch lease of be56cc5b-03ec-4a93-9eca-257f65d6b5e5 lapsed	REJECT	com.alibaba.qwen.code.runtimebroker.ToolExecutionRecord@323659f8
1790803037116	1	dispatch lease of be56cc5b-03ec-4a93-9eca-257f65d6b5e5 lapsed	REJECT	com.alibaba.qwen.code.runtimebroker.ToolExecutionRecord@26a529dc
1790803037196	1	dispatch lease of be56cc5b-03ec-4a93-9eca-257f65d6b5e5 lapsed	REJECT	com.alibaba.qwen.code.runtimebroker.ToolExecutionRecord@3cc20577
1790803037284	1	dispatch lease of be56cc5b-03ec-4a93-9eca-257f65d6b5e5 lapsed	REJECT	com.alibaba.qwen.code.runtimebroker.ToolExecutionRecord@5767b2af
1790803037372	1	dispatch lease of be56cc5b-03ec-4a93-9eca-257f65d6b5e5 lapsed	REJECT	com.alibaba.qwen.code.runtimebroker.ToolExecutionRecord@2228db21
1790803037452	1	dispatch lease of be56cc5b-03ec-4a93-9eca-257f65d6b5e5 lapsed	REJECT	com.alibaba.qwen.code.runtimebroker.ToolExecutionRecord@547c04c4
1790803037540	1	dispatch lease of be56cc5b-03ec-4a93-9eca-257f65d6b5e5 lapsed	REJECT	com.alibaba.qwen.code.runtimebroker.ToolExecutionRecord@ba1f559
1790803037620	1	dispatch lease of be56cc5b-03ec-4a93-9eca-257f65d6b5e5 lapsed	REJECT	com.alibaba.qwen.code.runtimebroker.ToolExecutionRecord@4bf324f9
1790803037700	1	dispatch lease of be56cc5b-03ec-4a93-9eca-257f65d6b5e5 lapsed	REJECT	com.alibaba.qwen.code.runtimebroker.ToolExecutionRecord@1d2644e3
1790803037773	1	dispatch lease of be56cc5b-03ec-4a93-9eca-257f65d6b5e5 lapsed	REJECT	com.alibaba.qwen.code.runtimebroker.ToolExecutionRecord@5ffc5491
1790803037852	1	dispatch lease of be56cc5b-03ec-4a93-9eca-257f65d6b5e5 lapsed	REJECT	com.alibaba.qwen.code.runtimebroker.ToolExecutionRecord@3e58d65e
1790803037940	1	dispatch lease of be56cc5b-03ec-4a93-9eca-257f65d6b5e5 lapsed	REJECT	com.alibaba.qwen.code.runtimebroker.ToolExecutionRecord@7e0b9178
1790803038024	1	dispatch lease of be56cc5b-03ec-4a93-9eca-257f65d6b5e5 lapsed	ACCEPT	com.alibaba.qwen.code.runtimebroker.ToolExecutionRecord@408a247c
1790803042592	1	dispatch lease of 9a33517b-4ba3-468b-947d-566fa25edcb6 lapsed	REJECT	com.alibaba.qwen.code.runtimebroker.ToolExecutionRecord@127d7908
1790803042676	1	dispatch lease of 9a33517b-4ba3-468b-947d-566fa25edcb6 lapsed	REJECT	com.alibaba.qwen.code.runtimebroker.ToolExecutionRecord@30b9eadd
1790803042756	1	dispatch lease of 9a33517b-4ba3-468b-947d-566fa25edcb6 lapsed	REJECT	com.alibaba.qwen.code.runtimebroker.ToolExecutionRecord@3249a1ce
1790803042856	1	dispatch lease of 9a33517b-4ba3-468b-947d-566fa25edcb6 lapsed	REJECT	com.alibaba.qwen.code.runtimebroker.ToolExecutionRecord@a8a8b75
1790803042932	1	dispatch lease of 9a33517b-4ba3-468b-947d-566fa25edcb6 lapsed	REJECT	com.alibaba.qwen.code.runtimebroker.ToolExecutionRecord@155d1021
1790803043008	1	dispatch lease of 9a33517b-4ba3-468b-947d-566fa25edcb6 lapsed	REJECT	com.alibaba.qwen.code.runtimebroker.ToolExecutionRecord@2c42b421
1790803043088	1	dispatch lease of 9a33517b-4ba3-468b-947d-566fa25edcb6 lapsed	REJECT	com.alibaba.qwen.code.runtimebroker.ToolExecutionRecord@701a32
1790803043164	1	dispatch lease of 9a33517b-4ba3-468b-947d-566fa25edcb6 lapsed	REJECT	com.alibaba.qwen.code.runtimebroker.ToolExecutionRecord@27cbfddf
1790803043244	1	dispatch lease of 9a33517b-4ba3-468b-947d-566fa25edcb6 lapsed	REJECT	com.alibaba.qwen.code.runtimebroker.ToolExecutionRecord@40620d8e
1790803043324	1	dispatch lease of 9a33517b-4ba3-468b-947d-566fa25edcb6 lapsed	REJECT	com.alibaba.qwen.code.runtimebroker.ToolExecutionRecord@352e612e
1790803043400	1	dispatch lease of 9a33517b-4ba3-468b-947d-566fa25edcb6 lapsed	REJECT	com.alibaba.qwen.code.runtimebroker.ToolExecutionRecord@6ea94d6a
1790803043480	1	dispatch lease of 9a33517b-4ba3-468b-947d-566fa25edcb6 lapsed	REJECT	com.alibaba.qwen.code.runtimebroker.ToolExecutionRecord@4a1e3ac1
1790803043564	1	dispatch lease of 9a33517b-4ba3-468b-947d-566fa25edcb6 lapsed	REJECT	com.alibaba.qwen.code.runtimebroker.ToolExecutionRecord@3b8ee898
1790803043648	1	dispatch lease of 9a33517b-4ba3-468b-947d-566fa25edcb6 lapsed	REJECT	com.alibaba.qwen.code.runtimebroker.ToolExecutionRecord@5300f14a
1790803043731	1	dispatch lease of 9a33517b-4ba3-468b-947d-566fa25edcb6 lapsed	REJECT	com.alibaba.qwen.code.runtimebroker.ToolExecutionRecord@f2c488
1790803043808	1	dispatch lease of 9a33517b-4ba3-468b-947d-566fa25edcb6 lapsed	REJECT	com.alibaba.qwen.code.runtimebroker.ToolExecutionRecord@5488b5c5
1790803043892	1	dispatch lease of 9a33517b-4ba3-468b-947d-566fa25edcb6 lapsed	REJECT	com.alibaba.qwen.code.runtimebroker.ToolExecutionRecord@4564e94b
1790803043972	1	dispatch lease of 9a33517b-4ba3-468b-947d-566fa25edcb6 lapsed	REJECT	com.alibaba.qwen.code.runtimebroker.ToolExecutionRecord@45673f68
1790803044056	1	dispatch lease of 9a33517b-4ba3-468b-947d-566fa25edcb6 lapsed	REJECT	com.alibaba.qwen.code.runtimebroker.ToolExecutionRecord@1a1ed4e5
1790803044140	1	dispatch lease of 9a33517b-4ba3-468b-947d-566fa25edcb6 lapsed	REJECT	com.alibaba.qwen.code.runtimebroker.ToolExecutionRecord@6dba847b
1790803044222	1	dispatch lease of 9a33517b-4ba3-468b-947d-566fa25edcb6 lapsed	REJECT	com.alibaba.qwen.code.runtimebroker.ToolExecutionRecord@7af1cd63
1790803044308	1	dispatch lease of 9a33517b-4ba3-468b-947d-566fa25edcb6 lapsed	REJECT	com.alibaba.qwen.code.runtimebroker.ToolExecutionRecord@37d00a23
1790803044384	1	dispatch lease of 9a33517b-4ba3-468b-947d-566fa25edcb6 lapsed	REJECT	com.alibaba.qwen.code.runtimebroker.ToolExecutionRecord@faa3fed
1790803044464	1	dispatch lease of 9a33517b-4ba3-468b-947d-566fa25edcb6 lapsed	REJECT	com.alibaba.qwen.code.runtimebroker.ToolExecutionRecord@62515a47
1790803044548	1	dispatch lease of 9a33517b-4ba3-468b-947d-566fa25edcb6 lapsed	REJECT	com.alibaba.qwen.code.runtimebroker.ToolExecutionRecord@291120f4
1790803044632	1	dispatch lease of 9a33517b-4ba3-468b-947d-566fa25edcb6 lapsed	REJECT	com.alibaba.qwen.code.runtimebroker.ToolExecutionRecord@58f174d9
1790803044720	1	dispatch lease of 9a33517b-4ba3-468b-947d-566fa25edcb6 lapsed	REJECT	com.alibaba.qwen.code.runtimebroker.ToolExecutionRecord@1e6b9a95
1790803044800	1	dispatch lease of 9a33517b-4ba3-468b-947d-566fa25edcb6 lapsed	REJECT	com.alibaba.qwen.code.runtimebroker.ToolExecutionRecord@e93f3d5
1790803044888	1	dispatch lease of 9a33517b-4ba3-468b-947d-566fa25edcb6 lapsed	REJECT	com.alibaba.qwen.code.runtimebroker.ToolExecutionRecord@601cbd8c
1790803044964	1	dispatch lease of 9a33517b-4ba3-468b-947d-566fa25edcb6 lapsed	REJECT	com.alibaba.qwen.code.runtimebroker.ToolExecutionRecord@d0ec63
1790803045044	1	dispatch lease of 9a33517b-4ba3-468b-947d-566fa25edcb6 lapsed	ACCEPT	com.alibaba.qwen.code.runtimebroker.ToolExecutionRecord@5942ee04
1790803053712	2	escaped writer pid	REJECT	false
1790803053772	2	escaped writer pid	REJECT	false
1790803053822	2	escaped writer pid	REJECT	false
1790803053872	2	escaped writer pid	ACCEPT	true
1790803053886	2	escaped writer output	REJECT	false
1790803053938	2	escaped writer output	ACCEPT	true
1790803055712	2	original worker loss after recovery fencing	ACCEPT	Reply[ok=false, value=null, status=503, code=runtime_broker_runtime_lost, retryable=true, message=Runtime is lost; recovery requires complete evidence and cleanup]
1790803055901	2	escaped writer continues after loss; the physical pin must remain	REJECT	40
1790803055952	2	escaped writer continues after loss; the physical pin must remain	ACCEPT	41
1790803059059	2	escaped writer pid	REJECT	false
1790803059109	2	escaped writer pid	REJECT	false
1790803059159	2	escaped writer pid	REJECT	false
1790803059209	2	escaped writer pid	REJECT	false
1790803059259	2	escaped writer pid	ACCEPT	true
1790803059270	2	escaped writer output	REJECT	false
1790803059320	2	escaped writer output	ACCEPT	true
1790803060962	2	original worker loss after recovery fencing	ACCEPT	Reply[ok=false, value=null, status=503, code=runtime_broker_runtime_lost, retryable=true, message=Runtime is lost; recovery requires complete evidence and cleanup]
1790803061016	2	escaped writer continues after loss; the physical pin must remain	REJECT	34
1790803061068	2	escaped writer continues after loss; the physical pin must remain	ACCEPT	35
1790803064130	2	marker = [start]	REJECT	[]
1790803064181	2	marker = [start]	REJECT	[]
1790803064231	2	marker = [start]	REJECT	[]
1790803064281	2	marker = [start]	ACCEPT	[start]
1790803064343	2	UNKNOWN execution	REJECT	com.alibaba.qwen.code.runtimebroker.ToolExecutionRecord@33352f32
1790803064432	2	UNKNOWN execution	ACCEPT	com.alibaba.qwen.code.runtimebroker.ToolExecutionRecord@1e044120
1790803071645	2	marker = [start]	REJECT	[]
1790803071696	2	marker = [start]	REJECT	[]
1790803071746	2	marker = [start]	ACCEPT	[start]
1790803073199	2	original Runtime loss after recovery fencing	ACCEPT	Reply[ok=false, value=null, status=503, code=runtime_broker_runtime_lost, retryable=true, message=Runtime is lost; recovery requires complete evidence and cleanup]
1790803081136	2	dispatch lease of 7eeaa64f-7ac6-4791-aba6-979262bc3c37 lapsed	REJECT	com.alibaba.qwen.code.runtimebroker.ToolExecutionRecord@61861a29
1790803081225	2	dispatch lease of 7eeaa64f-7ac6-4791-aba6-979262bc3c37 lapsed	REJECT	com.alibaba.qwen.code.runtimebroker.ToolExecutionRecord@32cb636e
1790803081316	2	dispatch lease of 7eeaa64f-7ac6-4791-aba6-979262bc3c37 lapsed	REJECT	com.alibaba.qwen.code.runtimebroker.ToolExecutionRecord@3a4e343
1790803081400	2	dispatch lease of 7eeaa64f-7ac6-4791-aba6-979262bc3c37 lapsed	REJECT	com.alibaba.qwen.code.runtimebroker.ToolExecutionRecord@4b6579e8
1790803081480	2	dispatch lease of 7eeaa64f-7ac6-4791-aba6-979262bc3c37 lapsed	REJECT	com.alibaba.qwen.code.runtimebroker.ToolExecutionRecord@591e58fa
1790803081564	2	dispatch lease of 7eeaa64f-7ac6-4791-aba6-979262bc3c37 lapsed	REJECT	com.alibaba.qwen.code.runtimebroker.ToolExecutionRecord@593e824f
1790803081660	2	dispatch lease of 7eeaa64f-7ac6-4791-aba6-979262bc3c37 lapsed	REJECT	com.alibaba.qwen.code.runtimebroker.ToolExecutionRecord@64bc21ac
1790803081753	2	dispatch lease of 7eeaa64f-7ac6-4791-aba6-979262bc3c37 lapsed	REJECT	com.alibaba.qwen.code.runtimebroker.ToolExecutionRecord@ce5a68e
1790803081832	2	dispatch lease of 7eeaa64f-7ac6-4791-aba6-979262bc3c37 lapsed	REJECT	com.alibaba.qwen.code.runtimebroker.ToolExecutionRecord@5df417a7
1790803081908	2	dispatch lease of 7eeaa64f-7ac6-4791-aba6-979262bc3c37 lapsed	REJECT	com.alibaba.qwen.code.runtimebroker.ToolExecutionRecord@61078690
1790803081996	2	dispatch lease of 7eeaa64f-7ac6-4791-aba6-979262bc3c37 lapsed	REJECT	com.alibaba.qwen.code.runtimebroker.ToolExecutionRecord@71c5b236
1790803082085	2	dispatch lease of 7eeaa64f-7ac6-4791-aba6-979262bc3c37 lapsed	REJECT	com.alibaba.qwen.code.runtimebroker.ToolExecutionRecord@669513d8
1790803082177	2	dispatch lease of 7eeaa64f-7ac6-4791-aba6-979262bc3c37 lapsed	REJECT	com.alibaba.qwen.code.runtimebroker.ToolExecutionRecord@361c294e
1790803082260	2	dispatch lease of 7eeaa64f-7ac6-4791-aba6-979262bc3c37 lapsed	REJECT	com.alibaba.qwen.code.runtimebroker.ToolExecutionRecord@314b8f2d
1790803082349	2	dispatch lease of 7eeaa64f-7ac6-4791-aba6-979262bc3c37 lapsed	REJECT	com.alibaba.qwen.code.runtimebroker.ToolExecutionRecord@15a902e7
1790803082433	2	dispatch lease of 7eeaa64f-7ac6-4791-aba6-979262bc3c37 lapsed	REJECT	com.alibaba.qwen.code.runtimebroker.ToolExecutionRecord@5af28b27
1790803082513	2	dispatch lease of 7eeaa64f-7ac6-4791-aba6-979262bc3c37 lapsed	REJECT	com.alibaba.qwen.code.runtimebroker.ToolExecutionRecord@72f46e16
1790803082604	2	dispatch lease of 7eeaa64f-7ac6-4791-aba6-979262bc3c37 lapsed	REJECT	com.alibaba.qwen.code.runtimebroker.ToolExecutionRecord@549621f3
1790803082684	2	dispatch lease of 7eeaa64f-7ac6-4791-aba6-979262bc3c37 lapsed	REJECT	com.alibaba.qwen.code.runtimebroker.ToolExecutionRecord@5217f3d0
1790803082768	2	dispatch lease of 7eeaa64f-7ac6-4791-aba6-979262bc3c37 lapsed	REJECT	com.alibaba.qwen.code.runtimebroker.ToolExecutionRecord@2416a51
1790803082852	2	dispatch lease of 7eeaa64f-7ac6-4791-aba6-979262bc3c37 lapsed	REJECT	com.alibaba.qwen.code.runtimebroker.ToolExecutionRecord@72e34f77
1790803082944	2	dispatch lease of 7eeaa64f-7ac6-4791-aba6-979262bc3c37 lapsed	REJECT	com.alibaba.qwen.code.runtimebroker.ToolExecutionRecord@77307458
1790803083028	2	dispatch lease of 7eeaa64f-7ac6-4791-aba6-979262bc3c37 lapsed	REJECT	com.alibaba.qwen.code.runtimebroker.ToolExecutionRecord@47874b25
1790803083112	2	dispatch lease of 7eeaa64f-7ac6-4791-aba6-979262bc3c37 lapsed	REJECT	com.alibaba.qwen.code.runtimebroker.ToolExecutionRecord@5db4c359
1790803083200	2	dispatch lease of 7eeaa64f-7ac6-4791-aba6-979262bc3c37 lapsed	REJECT	com.alibaba.qwen.code.runtimebroker.ToolExecutionRecord@f9b7332
1790803083276	2	dispatch lease of 7eeaa64f-7ac6-4791-aba6-979262bc3c37 lapsed	REJECT	com.alibaba.qwen.code.runtimebroker.ToolExecutionRecord@4f8969b0
1790803083360	2	dispatch lease of 7eeaa64f-7ac6-4791-aba6-979262bc3c37 lapsed	REJECT	com.alibaba.qwen.code.runtimebroker.ToolExecutionRecord@8a589a2
1790803083460	2	dispatch lease of 7eeaa64f-7ac6-4791-aba6-979262bc3c37 lapsed	REJECT	com.alibaba.qwen.code.runtimebroker.ToolExecutionRecord@b672aa8
1790803083540	2	dispatch lease of 7eeaa64f-7ac6-4791-aba6-979262bc3c37 lapsed	REJECT	com.alibaba.qwen.code.runtimebroker.ToolExecutionRecord@6e46d9f4
1790803083629	2	dispatch lease of 7eeaa64f-7ac6-4791-aba6-979262bc3c37 lapsed	REJECT	com.alibaba.qwen.code.runtimebroker.ToolExecutionRecord@21c64522
1790803083716	2	dispatch lease of 7eeaa64f-7ac6-4791-aba6-979262bc3c37 lapsed	REJECT	com.alibaba.qwen.code.runtimebroker.ToolExecutionRecord@460f76a6
1790803083800	2	dispatch lease of 7eeaa64f-7ac6-4791-aba6-979262bc3c37 lapsed	REJECT	com.alibaba.qwen.code.runtimebroker.ToolExecutionRecord@770d4269
1790803083888	2	dispatch lease of 7eeaa64f-7ac6-4791-aba6-979262bc3c37 lapsed	REJECT	com.alibaba.qwen.code.runtimebroker.ToolExecutionRecord@76a82f33
1790803083972	2	dispatch lease of 7eeaa64f-7ac6-4791-aba6-979262bc3c37 lapsed	REJECT	com.alibaba.qwen.code.runtimebroker.ToolExecutionRecord@644c78d4
1790803084064	2	dispatch lease of 7eeaa64f-7ac6-4791-aba6-979262bc3c37 lapsed	ACCEPT	com.alibaba.qwen.code.runtimebroker.ToolExecutionRecord@7bb3a9fe
1790803089051	2	marker = [start]	REJECT	[]
1790803089101	2	marker = [start]	REJECT	[]
1790803089151	2	marker = [start]	ACCEPT	[start]
1790803089832	2	dispatch lease of 54f7dca6-3e8c-447c-a117-0c4b73ff4a83 lapsed	REJECT	com.alibaba.qwen.code.runtimebroker.ToolExecutionRecord@a1217f9
1790803089910	2	dispatch lease of 54f7dca6-3e8c-447c-a117-0c4b73ff4a83 lapsed	REJECT	com.alibaba.qwen.code.runtimebroker.ToolExecutionRecord@2baa8d82
1790803089980	2	dispatch lease of 54f7dca6-3e8c-447c-a117-0c4b73ff4a83 lapsed	REJECT	com.alibaba.qwen.code.runtimebroker.ToolExecutionRecord@a7e2d9d
1790803090060	2	dispatch lease of 54f7dca6-3e8c-447c-a117-0c4b73ff4a83 lapsed	REJECT	com.alibaba.qwen.code.runtimebroker.ToolExecutionRecord@372ea2bc
1790803090146	2	dispatch lease of 54f7dca6-3e8c-447c-a117-0c4b73ff4a83 lapsed	REJECT	com.alibaba.qwen.code.runtimebroker.ToolExecutionRecord@3f19b8b3
1790803090228	2	dispatch lease of 54f7dca6-3e8c-447c-a117-0c4b73ff4a83 lapsed	REJECT	com.alibaba.qwen.code.runtimebroker.ToolExecutionRecord@cdc3aae
1790803090308	2	dispatch lease of 54f7dca6-3e8c-447c-a117-0c4b73ff4a83 lapsed	REJECT	com.alibaba.qwen.code.runtimebroker.ToolExecutionRecord@4c36250e
1790803090388	2	dispatch lease of 54f7dca6-3e8c-447c-a117-0c4b73ff4a83 lapsed	REJECT	com.alibaba.qwen.code.runtimebroker.ToolExecutionRecord@299266e2
1790803090472	2	dispatch lease of 54f7dca6-3e8c-447c-a117-0c4b73ff4a83 lapsed	REJECT	com.alibaba.qwen.code.runtimebroker.ToolExecutionRecord@1601e47
1790803090556	2	dispatch lease of 54f7dca6-3e8c-447c-a117-0c4b73ff4a83 lapsed	REJECT	com.alibaba.qwen.code.runtimebroker.ToolExecutionRecord@50687efb
1790803090644	2	dispatch lease of 54f7dca6-3e8c-447c-a117-0c4b73ff4a83 lapsed	REJECT	com.alibaba.qwen.code.runtimebroker.ToolExecutionRecord@4a9cc6cb
1790803090724	2	dispatch lease of 54f7dca6-3e8c-447c-a117-0c4b73ff4a83 lapsed	REJECT	com.alibaba.qwen.code.runtimebroker.ToolExecutionRecord@35d6ca49
1790803090812	2	dispatch lease of 54f7dca6-3e8c-447c-a117-0c4b73ff4a83 lapsed	REJECT	com.alibaba.qwen.code.runtimebroker.ToolExecutionRecord@12cd9150
1790803090900	2	dispatch lease of 54f7dca6-3e8c-447c-a117-0c4b73ff4a83 lapsed	REJECT	com.alibaba.qwen.code.runtimebroker.ToolExecutionRecord@cf65451
1790803090988	2	dispatch lease of 54f7dca6-3e8c-447c-a117-0c4b73ff4a83 lapsed	REJECT	com.alibaba.qwen.code.runtimebroker.ToolExecutionRecord@32fe9d0a
1790803091066	2	dispatch lease of 54f7dca6-3e8c-447c-a117-0c4b73ff4a83 lapsed	REJECT	com.alibaba.qwen.code.runtimebroker.ToolExecutionRecord@46074492
1790803091140	2	dispatch lease of 54f7dca6-3e8c-447c-a117-0c4b73ff4a83 lapsed	REJECT	com.alibaba.qwen.code.runtimebroker.ToolExecutionRecord@47428937
1790803091232	2	dispatch lease of 54f7dca6-3e8c-447c-a117-0c4b73ff4a83 lapsed	REJECT	com.alibaba.qwen.code.runtimebroker.ToolExecutionRecord@21694e53
1790803091312	2	dispatch lease of 54f7dca6-3e8c-447c-a117-0c4b73ff4a83 lapsed	REJECT	com.alibaba.qwen.code.runtimebroker.ToolExecutionRecord@70fab835
1790803091396	2	dispatch lease of 54f7dca6-3e8c-447c-a117-0c4b73ff4a83 lapsed	REJECT	com.alibaba.qwen.code.runtimebroker.ToolExecutionRecord@32057e6
1790803091472	2	dispatch lease of 54f7dca6-3e8c-447c-a117-0c4b73ff4a83 lapsed	REJECT	com.alibaba.qwen.code.runtimebroker.ToolExecutionRecord@759fad4
1790803091556	2	dispatch lease of 54f7dca6-3e8c-447c-a117-0c4b73ff4a83 lapsed	REJECT	com.alibaba.qwen.code.runtimebroker.ToolExecutionRecord@30ed9c6c
1790803091632	2	dispatch lease of 54f7dca6-3e8c-447c-a117-0c4b73ff4a83 lapsed	REJECT	com.alibaba.qwen.code.runtimebroker.ToolExecutionRecord@59fc684e
1790803091708	2	dispatch lease of 54f7dca6-3e8c-447c-a117-0c4b73ff4a83 lapsed	REJECT	com.alibaba.qwen.code.runtimebroker.ToolExecutionRecord@5ae76500
1790803091796	2	dispatch lease of 54f7dca6-3e8c-447c-a117-0c4b73ff4a83 lapsed	REJECT	com.alibaba.qwen.code.runtimebroker.ToolExecutionRecord@355e34c7
1790803091865	2	dispatch lease of 54f7dca6-3e8c-447c-a117-0c4b73ff4a83 lapsed	REJECT	com.alibaba.qwen.code.runtimebroker.ToolExecutionRecord@24f360b2
1790803091946	2	dispatch lease of 54f7dca6-3e8c-447c-a117-0c4b73ff4a83 lapsed	REJECT	com.alibaba.qwen.code.runtimebroker.ToolExecutionRecord@770d0ea6
1790803092018	2	dispatch lease of 54f7dca6-3e8c-447c-a117-0c4b73ff4a83 lapsed	ACCEPT	com.alibaba.qwen.code.runtimebroker.ToolExecutionRecord@1b11ef33
1790803093017	2	reconciliation from evidence	ACCEPT	ALREADY_SETTLED
1790803099988	2	dispatch lease of 2a0b0e68-8d21-4b38-9295-0f6694027040 lapsed	REJECT	com.alibaba.qwen.code.runtimebroker.ToolExecutionRecord@17ae98d7
1790803100068	2	dispatch lease of 2a0b0e68-8d21-4b38-9295-0f6694027040 lapsed	REJECT	com.alibaba.qwen.code.runtimebroker.ToolExecutionRecord@5a772895
1790803100152	2	dispatch lease of 2a0b0e68-8d21-4b38-9295-0f6694027040 lapsed	REJECT	com.alibaba.qwen.code.runtimebroker.ToolExecutionRecord@3ee39da0
1790803100239	2	dispatch lease of 2a0b0e68-8d21-4b38-9295-0f6694027040 lapsed	REJECT	com.alibaba.qwen.code.runtimebroker.ToolExecutionRecord@2e27d72f
1790803100320	2	dispatch lease of 2a0b0e68-8d21-4b38-9295-0f6694027040 lapsed	REJECT	com.alibaba.qwen.code.runtimebroker.ToolExecutionRecord@2bffa76d
1790803100404	2	dispatch lease of 2a0b0e68-8d21-4b38-9295-0f6694027040 lapsed	REJECT	com.alibaba.qwen.code.runtimebroker.ToolExecutionRecord@1f2d2181
1790803100485	2	dispatch lease of 2a0b0e68-8d21-4b38-9295-0f6694027040 lapsed	REJECT	com.alibaba.qwen.code.runtimebroker.ToolExecutionRecord@3fcdcf
1790803100564	2	dispatch lease of 2a0b0e68-8d21-4b38-9295-0f6694027040 lapsed	REJECT	com.alibaba.qwen.code.runtimebroker.ToolExecutionRecord@126be319
1790803100648	2	dispatch lease of 2a0b0e68-8d21-4b38-9295-0f6694027040 lapsed	REJECT	com.alibaba.qwen.code.runtimebroker.ToolExecutionRecord@530a8454
1790803100732	2	dispatch lease of 2a0b0e68-8d21-4b38-9295-0f6694027040 lapsed	REJECT	com.alibaba.qwen.code.runtimebroker.ToolExecutionRecord@36b6964d
1790803100816	2	dispatch lease of 2a0b0e68-8d21-4b38-9295-0f6694027040 lapsed	REJECT	com.alibaba.qwen.code.runtimebroker.ToolExecutionRecord@75201592
1790803100896	2	dispatch lease of 2a0b0e68-8d21-4b38-9295-0f6694027040 lapsed	REJECT	com.alibaba.qwen.code.runtimebroker.ToolExecutionRecord@282308c3
1790803100963	2	dispatch lease of 2a0b0e68-8d21-4b38-9295-0f6694027040 lapsed	REJECT	com.alibaba.qwen.code.runtimebroker.ToolExecutionRecord@3d9fc57a
1790803101036	2	dispatch lease of 2a0b0e68-8d21-4b38-9295-0f6694027040 lapsed	REJECT	com.alibaba.qwen.code.runtimebroker.ToolExecutionRecord@1af05b03
1790803101112	2	dispatch lease of 2a0b0e68-8d21-4b38-9295-0f6694027040 lapsed	REJECT	com.alibaba.qwen.code.runtimebroker.ToolExecutionRecord@5bbbdd4b
1790803101188	2	dispatch lease of 2a0b0e68-8d21-4b38-9295-0f6694027040 lapsed	REJECT	com.alibaba.qwen.code.runtimebroker.ToolExecutionRecord@4fdf8f12
1790803101271	2	dispatch lease of 2a0b0e68-8d21-4b38-9295-0f6694027040 lapsed	REJECT	com.alibaba.qwen.code.runtimebroker.ToolExecutionRecord@6979efad
1790803101368	2	dispatch lease of 2a0b0e68-8d21-4b38-9295-0f6694027040 lapsed	REJECT	com.alibaba.qwen.code.runtimebroker.ToolExecutionRecord@315ba14a
1790803101456	2	dispatch lease of 2a0b0e68-8d21-4b38-9295-0f6694027040 lapsed	REJECT	com.alibaba.qwen.code.runtimebroker.ToolExecutionRecord@54e81b21
1790803101544	2	dispatch lease of 2a0b0e68-8d21-4b38-9295-0f6694027040 lapsed	REJECT	com.alibaba.qwen.code.runtimebroker.ToolExecutionRecord@44ea608c
1790803101621	2	dispatch lease of 2a0b0e68-8d21-4b38-9295-0f6694027040 lapsed	REJECT	com.alibaba.qwen.code.runtimebroker.ToolExecutionRecord@273c947f
1790803101687	2	dispatch lease of 2a0b0e68-8d21-4b38-9295-0f6694027040 lapsed	REJECT	com.alibaba.qwen.code.runtimebroker.ToolExecutionRecord@632aa1a3
1790803101765	2	dispatch lease of 2a0b0e68-8d21-4b38-9295-0f6694027040 lapsed	REJECT	com.alibaba.qwen.code.runtimebroker.ToolExecutionRecord@2899a8db
1790803101845	2	dispatch lease of 2a0b0e68-8d21-4b38-9295-0f6694027040 lapsed	REJECT	com.alibaba.qwen.code.runtimebroker.ToolExecutionRecord@76b0ae1b
1790803101924	2	dispatch lease of 2a0b0e68-8d21-4b38-9295-0f6694027040 lapsed	REJECT	com.alibaba.qwen.code.runtimebroker.ToolExecutionRecord@12365c88
1790803101996	2	dispatch lease of 2a0b0e68-8d21-4b38-9295-0f6694027040 lapsed	REJECT	com.alibaba.qwen.code.runtimebroker.ToolExecutionRecord@77e2a6e2
1790803102076	2	dispatch lease of 2a0b0e68-8d21-4b38-9295-0f6694027040 lapsed	ACCEPT	com.alibaba.qwen.code.runtimebroker.ToolExecutionRecord@6e0d4a8
1790803103156	2	reconciliation from evidence	ACCEPT	ALREADY_SETTLED
1790803105864	2	marker = [start]	REJECT	[]
1790803105914	2	marker = [start]	REJECT	[]
1790803105965	2	marker = [start]	REJECT	[]
1790803106015	2	marker = [start]	ACCEPT	[start]
1790803115071	2	marker = [start, end]	ACCEPT	[start, end]
1790803119322	2	startup adoption	REJECT	Reply[ok=false, value=null, status=503, code=runtime_provisioning_in_progress, retryable=true, message=another Broker owns Runtime provisioning]
1790803119421	2	startup adoption	REJECT	Reply[ok=false, value=null, status=503, code=runtime_provisioning_in_progress, retryable=true, message=another Broker owns Runtime provisioning]
1790803119511	2	startup adoption	REJECT	Reply[ok=false, value=null, status=503, code=runtime_provisioning_in_progress, retryable=true, message=another Broker owns Runtime provisioning]
1790803119598	2	startup adoption	REJECT	Reply[ok=false, value=null, status=503, code=runtime_provisioning_in_progress, retryable=true, message=another Broker owns Runtime provisioning]
1790803119693	2	startup adoption	REJECT	Reply[ok=false, value=null, status=503, code=runtime_provisioning_in_progress, retryable=true, message=another Broker owns Runtime provisioning]
1790803119787	2	startup adoption	REJECT	Reply[ok=false, value=null, status=503, code=runtime_provisioning_in_progress, retryable=true, message=another Broker owns Runtime provisioning]
1790803119884	2	startup adoption	REJECT	Reply[ok=false, value=null, status=503, code=runtime_provisioning_in_progress, retryable=true, message=another Broker owns Runtime provisioning]
1790803119965	2	startup adoption	REJECT	Reply[ok=false, value=null, status=503, code=runtime_provisioning_in_progress, retryable=true, message=another Broker owns Runtime provisioning]
1790803120281	2	startup adoption	ACCEPT	Reply[ok=true, value={"bindingId":"069389ff-1d0a-41fd-9210-c047119ae78e","generation":1,"state":"READY"}, status=0, code=null, retryable=false, message=null]
1790803124742	2	startup adoption	REJECT	Reply[ok=false, value=null, status=503, code=runtime_provisioning_in_progress, retryable=true, message=another Broker owns Runtime provisioning]
1790803124841	2	startup adoption	REJECT	Reply[ok=false, value=null, status=503, code=runtime_provisioning_in_progress, retryable=true, message=another Broker owns Runtime provisioning]
1790803124936	2	startup adoption	REJECT	Reply[ok=false, value=null, status=503, code=runtime_provisioning_in_progress, retryable=true, message=another Broker owns Runtime provisioning]
1790803125257	2	startup adoption	ACCEPT	Reply[ok=true, value={"bindingId":"c4702500-b153-4de0-81df-f74a80aaad97","generation":1,"state":"READY"}, status=0, code=null, retryable=false, message=null]
1790803128240	2	marker = [start]	REJECT	[]
1790803128291	2	marker = [start]	REJECT	[]
1790803128341	2	marker = [start]	ACCEPT	[start]
1790803129668	2	original worker loss after recovery fencing	ACCEPT	Reply[ok=false, value=null, status=503, code=runtime_broker_runtime_lost, retryable=true, message=Runtime is lost; recovery requires complete evidence and cleanup]
1790803132801	2	project/marker = [start]	REJECT	[]
1790803132856	2	project/marker = [start]	REJECT	[]
1790803132906	2	project/marker = [start]	ACCEPT	[start]
1790803134321	2	original worker loss after recovery fencing	ACCEPT	Reply[ok=false, value=null, status=503, code=runtime_broker_runtime_lost, retryable=true, message=Runtime is lost; recovery requires complete evidence and cleanup]
1790803149244	2	marker = [start]	REJECT	[]
1790803149295	2	marker = [start]	REJECT	[]
1790803149345	2	marker = [start]	REJECT	[]
1790803149395	2	marker = [start]	ACCEPT	[start]
1790803151240	2	dispatch lease of 72a2a4ad-6b49-4c5c-a0d9-e4d59e8366f2 lapsed	REJECT	com.alibaba.qwen.code.runtimebroker.ToolExecutionRecord@15b986cd
1790803151340	2	dispatch lease of 72a2a4ad-6b49-4c5c-a0d9-e4d59e8366f2 lapsed	REJECT	com.alibaba.qwen.code.runtimebroker.ToolExecutionRecord@6b530eb9
1790803151420	2	dispatch lease of 72a2a4ad-6b49-4c5c-a0d9-e4d59e8366f2 lapsed	REJECT	com.alibaba.qwen.code.runtimebroker.ToolExecutionRecord@17f460bb
1790803151501	2	dispatch lease of 72a2a4ad-6b49-4c5c-a0d9-e4d59e8366f2 lapsed	REJECT	com.alibaba.qwen.code.runtimebroker.ToolExecutionRecord@18ca3c62
1790803151584	2	dispatch lease of 72a2a4ad-6b49-4c5c-a0d9-e4d59e8366f2 lapsed	REJECT	com.alibaba.qwen.code.runtimebroker.ToolExecutionRecord@6aa648b9
1790803151678	2	dispatch lease of 72a2a4ad-6b49-4c5c-a0d9-e4d59e8366f2 lapsed	REJECT	com.alibaba.qwen.code.runtimebroker.ToolExecutionRecord@88a8218
1790803151772	2	dispatch lease of 72a2a4ad-6b49-4c5c-a0d9-e4d59e8366f2 lapsed	REJECT	com.alibaba.qwen.code.runtimebroker.ToolExecutionRecord@5fa05212
1790803151857	2	dispatch lease of 72a2a4ad-6b49-4c5c-a0d9-e4d59e8366f2 lapsed	REJECT	com.alibaba.qwen.code.runtimebroker.ToolExecutionRecord@23aae55
1790803151939	2	dispatch lease of 72a2a4ad-6b49-4c5c-a0d9-e4d59e8366f2 lapsed	REJECT	com.alibaba.qwen.code.runtimebroker.ToolExecutionRecord@7a9c84a5
1790803152028	2	dispatch lease of 72a2a4ad-6b49-4c5c-a0d9-e4d59e8366f2 lapsed	REJECT	com.alibaba.qwen.code.runtimebroker.ToolExecutionRecord@7e053511
1790803152108	2	dispatch lease of 72a2a4ad-6b49-4c5c-a0d9-e4d59e8366f2 lapsed	REJECT	com.alibaba.qwen.code.runtimebroker.ToolExecutionRecord@26f1249d
1790803152188	2	dispatch lease of 72a2a4ad-6b49-4c5c-a0d9-e4d59e8366f2 lapsed	REJECT	com.alibaba.qwen.code.runtimebroker.ToolExecutionRecord@28b576a9
1790803152264	2	dispatch lease of 72a2a4ad-6b49-4c5c-a0d9-e4d59e8366f2 lapsed	REJECT	com.alibaba.qwen.code.runtimebroker.ToolExecutionRecord@1b1637e1
1790803152356	2	dispatch lease of 72a2a4ad-6b49-4c5c-a0d9-e4d59e8366f2 lapsed	REJECT	com.alibaba.qwen.code.runtimebroker.ToolExecutionRecord@169da7f2
1790803152448	2	dispatch lease of 72a2a4ad-6b49-4c5c-a0d9-e4d59e8366f2 lapsed	REJECT	com.alibaba.qwen.code.runtimebroker.ToolExecutionRecord@60297f36
1790803152528	2	dispatch lease of 72a2a4ad-6b49-4c5c-a0d9-e4d59e8366f2 lapsed	REJECT	com.alibaba.qwen.code.runtimebroker.ToolExecutionRecord@df4b72
1790803152620	2	dispatch lease of 72a2a4ad-6b49-4c5c-a0d9-e4d59e8366f2 lapsed	REJECT	com.alibaba.qwen.code.runtimebroker.ToolExecutionRecord@894858
1790803152712	2	dispatch lease of 72a2a4ad-6b49-4c5c-a0d9-e4d59e8366f2 lapsed	REJECT	com.alibaba.qwen.code.runtimebroker.ToolExecutionRecord@3ecedf21
1790803152800	2	dispatch lease of 72a2a4ad-6b49-4c5c-a0d9-e4d59e8366f2 lapsed	REJECT	com.alibaba.qwen.code.runtimebroker.ToolExecutionRecord@3359c978
1790803152884	2	dispatch lease of 72a2a4ad-6b49-4c5c-a0d9-e4d59e8366f2 lapsed	REJECT	com.alibaba.qwen.code.runtimebroker.ToolExecutionRecord@6f330eb9
1790803152976	2	dispatch lease of 72a2a4ad-6b49-4c5c-a0d9-e4d59e8366f2 lapsed	REJECT	com.alibaba.qwen.code.runtimebroker.ToolExecutionRecord@68ace111
1790803153052	2	dispatch lease of 72a2a4ad-6b49-4c5c-a0d9-e4d59e8366f2 lapsed	REJECT	com.alibaba.qwen.code.runtimebroker.ToolExecutionRecord@4fbb001b
1790803153144	2	dispatch lease of 72a2a4ad-6b49-4c5c-a0d9-e4d59e8366f2 lapsed	REJECT	com.alibaba.qwen.code.runtimebroker.ToolExecutionRecord@4943defe
1790803153228	2	dispatch lease of 72a2a4ad-6b49-4c5c-a0d9-e4d59e8366f2 lapsed	REJECT	com.alibaba.qwen.code.runtimebroker.ToolExecutionRecord@78d50a3c
1790803153312	2	dispatch lease of 72a2a4ad-6b49-4c5c-a0d9-e4d59e8366f2 lapsed	REJECT	com.alibaba.qwen.code.runtimebroker.ToolExecutionRecord@7f4d9395
1790803153390	2	dispatch lease of 72a2a4ad-6b49-4c5c-a0d9-e4d59e8366f2 lapsed	REJECT	com.alibaba.qwen.code.runtimebroker.ToolExecutionRecord@6a078481
1790803153470	2	dispatch lease of 72a2a4ad-6b49-4c5c-a0d9-e4d59e8366f2 lapsed	REJECT	com.alibaba.qwen.code.runtimebroker.ToolExecutionRecord@718607eb
1790803153556	2	dispatch lease of 72a2a4ad-6b49-4c5c-a0d9-e4d59e8366f2 lapsed	REJECT	com.alibaba.qwen.code.runtimebroker.ToolExecutionRecord@2617f816
1790803153636	2	dispatch lease of 72a2a4ad-6b49-4c5c-a0d9-e4d59e8366f2 lapsed	REJECT	com.alibaba.qwen.code.runtimebroker.ToolExecutionRecord@535b8c24
1790803153733	2	dispatch lease of 72a2a4ad-6b49-4c5c-a0d9-e4d59e8366f2 lapsed	REJECT	com.alibaba.qwen.code.runtimebroker.ToolExecutionRecord@a53bb6f
1790803153832	2	dispatch lease of 72a2a4ad-6b49-4c5c-a0d9-e4d59e8366f2 lapsed	REJECT	com.alibaba.qwen.code.runtimebroker.ToolExecutionRecord@33a053d
1790803153921	2	dispatch lease of 72a2a4ad-6b49-4c5c-a0d9-e4d59e8366f2 lapsed	REJECT	com.alibaba.qwen.code.runtimebroker.ToolExecutionRecord@867ba60
1790803154007	2	dispatch lease of 72a2a4ad-6b49-4c5c-a0d9-e4d59e8366f2 lapsed	ACCEPT	com.alibaba.qwen.code.runtimebroker.ToolExecutionRecord@55b5e331
1790803154452	2	cancelled original call	ACCEPT	RESOLVED
1790803157773	2	project/marker = [start]	REJECT	[]
1790803157824	2	project/marker = [start]	REJECT	[]
1790803157874	2	project/marker = [start]	REJECT	[]
1790803157924	2	project/marker = [start]	ACCEPT	[start]
1790803160044	2	dispatch lease of 748a38dc-8cbd-4347-9a87-19b9f08022a0 lapsed	REJECT	com.alibaba.qwen.code.runtimebroker.ToolExecutionRecord@5b989dc7
1790803160140	2	dispatch lease of 748a38dc-8cbd-4347-9a87-19b9f08022a0 lapsed	REJECT	com.alibaba.qwen.code.runtimebroker.ToolExecutionRecord@595f4da5
1790803160218	2	dispatch lease of 748a38dc-8cbd-4347-9a87-19b9f08022a0 lapsed	REJECT	com.alibaba.qwen.code.runtimebroker.ToolExecutionRecord@325f7fa9
1790803160300	2	dispatch lease of 748a38dc-8cbd-4347-9a87-19b9f08022a0 lapsed	REJECT	com.alibaba.qwen.code.runtimebroker.ToolExecutionRecord@13cda7c9
1790803160376	2	dispatch lease of 748a38dc-8cbd-4347-9a87-19b9f08022a0 lapsed	REJECT	com.alibaba.qwen.code.runtimebroker.ToolExecutionRecord@771158fb
1790803160464	2	dispatch lease of 748a38dc-8cbd-4347-9a87-19b9f08022a0 lapsed	REJECT	com.alibaba.qwen.code.runtimebroker.ToolExecutionRecord@150d80c4
1790803160540	2	dispatch lease of 748a38dc-8cbd-4347-9a87-19b9f08022a0 lapsed	REJECT	com.alibaba.qwen.code.runtimebroker.ToolExecutionRecord@64d43929
1790803160624	2	dispatch lease of 748a38dc-8cbd-4347-9a87-19b9f08022a0 lapsed	REJECT	com.alibaba.qwen.code.runtimebroker.ToolExecutionRecord@41c89d2f
1790803160704	2	dispatch lease of 748a38dc-8cbd-4347-9a87-19b9f08022a0 lapsed	REJECT	com.alibaba.qwen.code.runtimebroker.ToolExecutionRecord@1bdbf9be
1790803160797	2	dispatch lease of 748a38dc-8cbd-4347-9a87-19b9f08022a0 lapsed	REJECT	com.alibaba.qwen.code.runtimebroker.ToolExecutionRecord@78d39a69
1790803160884	2	dispatch lease of 748a38dc-8cbd-4347-9a87-19b9f08022a0 lapsed	REJECT	com.alibaba.qwen.code.runtimebroker.ToolExecutionRecord@71154f21
1790803160968	2	dispatch lease of 748a38dc-8cbd-4347-9a87-19b9f08022a0 lapsed	REJECT	com.alibaba.qwen.code.runtimebroker.ToolExecutionRecord@304a9d7b
1790803161044	2	dispatch lease of 748a38dc-8cbd-4347-9a87-19b9f08022a0 lapsed	REJECT	com.alibaba.qwen.code.runtimebroker.ToolExecutionRecord@606fc505
1790803161129	2	dispatch lease of 748a38dc-8cbd-4347-9a87-19b9f08022a0 lapsed	REJECT	com.alibaba.qwen.code.runtimebroker.ToolExecutionRecord@347bdeef
1790803161213	2	dispatch lease of 748a38dc-8cbd-4347-9a87-19b9f08022a0 lapsed	REJECT	com.alibaba.qwen.code.runtimebroker.ToolExecutionRecord@77e80a5e
1790803161296	2	dispatch lease of 748a38dc-8cbd-4347-9a87-19b9f08022a0 lapsed	REJECT	com.alibaba.qwen.code.runtimebroker.ToolExecutionRecord@7ea4d397
1790803161376	2	dispatch lease of 748a38dc-8cbd-4347-9a87-19b9f08022a0 lapsed	REJECT	com.alibaba.qwen.code.runtimebroker.ToolExecutionRecord@8dfe921
1790803161460	2	dispatch lease of 748a38dc-8cbd-4347-9a87-19b9f08022a0 lapsed	REJECT	com.alibaba.qwen.code.runtimebroker.ToolExecutionRecord@109f5dd8
1790803161552	2	dispatch lease of 748a38dc-8cbd-4347-9a87-19b9f08022a0 lapsed	REJECT	com.alibaba.qwen.code.runtimebroker.ToolExecutionRecord@3dedb4a6
1790803161643	2	dispatch lease of 748a38dc-8cbd-4347-9a87-19b9f08022a0 lapsed	REJECT	com.alibaba.qwen.code.runtimebroker.ToolExecutionRecord@194152cf
1790803161720	2	dispatch lease of 748a38dc-8cbd-4347-9a87-19b9f08022a0 lapsed	REJECT	com.alibaba.qwen.code.runtimebroker.ToolExecutionRecord@1d81e101
1790803161804	2	dispatch lease of 748a38dc-8cbd-4347-9a87-19b9f08022a0 lapsed	REJECT	com.alibaba.qwen.code.runtimebroker.ToolExecutionRecord@22d6cac2
1790803161884	2	dispatch lease of 748a38dc-8cbd-4347-9a87-19b9f08022a0 lapsed	REJECT	com.alibaba.qwen.code.runtimebroker.ToolExecutionRecord@2577d6c8
1790803161960	2	dispatch lease of 748a38dc-8cbd-4347-9a87-19b9f08022a0 lapsed	REJECT	com.alibaba.qwen.code.runtimebroker.ToolExecutionRecord@5f233b26
1790803162040	2	dispatch lease of 748a38dc-8cbd-4347-9a87-19b9f08022a0 lapsed	REJECT	com.alibaba.qwen.code.runtimebroker.ToolExecutionRecord@5e8a459
1790803162124	2	dispatch lease of 748a38dc-8cbd-4347-9a87-19b9f08022a0 lapsed	REJECT	com.alibaba.qwen.code.runtimebroker.ToolExecutionRecord@9ec531
1790803162212	2	dispatch lease of 748a38dc-8cbd-4347-9a87-19b9f08022a0 lapsed	REJECT	com.alibaba.qwen.code.runtimebroker.ToolExecutionRecord@19542407
1790803162292	2	dispatch lease of 748a38dc-8cbd-4347-9a87-19b9f08022a0 lapsed	REJECT	com.alibaba.qwen.code.runtimebroker.ToolExecutionRecord@55caeb35
1790803162376	2	dispatch lease of 748a38dc-8cbd-4347-9a87-19b9f08022a0 lapsed	REJECT	com.alibaba.qwen.code.runtimebroker.ToolExecutionRecord@74a195a4
1790803162460	2	dispatch lease of 748a38dc-8cbd-4347-9a87-19b9f08022a0 lapsed	REJECT	com.alibaba.qwen.code.runtimebroker.ToolExecutionRecord@4287d447
1790803162540	2	dispatch lease of 748a38dc-8cbd-4347-9a87-19b9f08022a0 lapsed	REJECT	com.alibaba.qwen.code.runtimebroker.ToolExecutionRecord@7c0da600
1790803162616	2	dispatch lease of 748a38dc-8cbd-4347-9a87-19b9f08022a0 lapsed	REJECT	com.alibaba.qwen.code.runtimebroker.ToolExecutionRecord@47dd778
1790803162692	2	dispatch lease of 748a38dc-8cbd-4347-9a87-19b9f08022a0 lapsed	REJECT	com.alibaba.qwen.code.runtimebroker.ToolExecutionRecord@64a896b0
1790803162780	2	dispatch lease of 748a38dc-8cbd-4347-9a87-19b9f08022a0 lapsed	REJECT	com.alibaba.qwen.code.runtimebroker.ToolExecutionRecord@1adb7478
1790803162864	2	dispatch lease of 748a38dc-8cbd-4347-9a87-19b9f08022a0 lapsed	REJECT	com.alibaba.qwen.code.runtimebroker.ToolExecutionRecord@4604b900
1790803162952	2	dispatch lease of 748a38dc-8cbd-4347-9a87-19b9f08022a0 lapsed	REJECT	com.alibaba.qwen.code.runtimebroker.ToolExecutionRecord@3961a41a
1790803163028	2	dispatch lease of 748a38dc-8cbd-4347-9a87-19b9f08022a0 lapsed	ACCEPT	com.alibaba.qwen.code.runtimebroker.ToolExecutionRecord@d2387c8
1790803163373	2	cancelled original call	ACCEPT	RESOLVED
1790803167188	2	dispatch lease of 9129260b-9ed9-49f3-b612-8a70adc01938 lapsed	REJECT	com.alibaba.qwen.code.runtimebroker.ToolExecutionRecord@3c4bc9fc
1790803167272	2	dispatch lease of 9129260b-9ed9-49f3-b612-8a70adc01938 lapsed	REJECT	com.alibaba.qwen.code.runtimebroker.ToolExecutionRecord@1f651cd8
1790803167348	2	dispatch lease of 9129260b-9ed9-49f3-b612-8a70adc01938 lapsed	REJECT	com.alibaba.qwen.code.runtimebroker.ToolExecutionRecord@c827db
1790803167428	2	dispatch lease of 9129260b-9ed9-49f3-b612-8a70adc01938 lapsed	REJECT	com.alibaba.qwen.code.runtimebroker.ToolExecutionRecord@238ad8c
1790803167512	2	dispatch lease of 9129260b-9ed9-49f3-b612-8a70adc01938 lapsed	REJECT	com.alibaba.qwen.code.runtimebroker.ToolExecutionRecord@22df874e
1790803167592	2	dispatch lease of 9129260b-9ed9-49f3-b612-8a70adc01938 lapsed	REJECT	com.alibaba.qwen.code.runtimebroker.ToolExecutionRecord@42d236fb
1790803167672	2	dispatch lease of 9129260b-9ed9-49f3-b612-8a70adc01938 lapsed	REJECT	com.alibaba.qwen.code.runtimebroker.ToolExecutionRecord@1532c619
1790803167760	2	dispatch lease of 9129260b-9ed9-49f3-b612-8a70adc01938 lapsed	REJECT	com.alibaba.qwen.code.runtimebroker.ToolExecutionRecord@1a78dacd
1790803167844	2	dispatch lease of 9129260b-9ed9-49f3-b612-8a70adc01938 lapsed	REJECT	com.alibaba.qwen.code.runtimebroker.ToolExecutionRecord@2bfeb1ef
1790803167932	2	dispatch lease of 9129260b-9ed9-49f3-b612-8a70adc01938 lapsed	REJECT	com.alibaba.qwen.code.runtimebroker.ToolExecutionRecord@78b236a0
1790803168017	2	dispatch lease of 9129260b-9ed9-49f3-b612-8a70adc01938 lapsed	REJECT	com.alibaba.qwen.code.runtimebroker.ToolExecutionRecord@60e9df3c
1790803168096	2	dispatch lease of 9129260b-9ed9-49f3-b612-8a70adc01938 lapsed	REJECT	com.alibaba.qwen.code.runtimebroker.ToolExecutionRecord@537b32ef
1790803168180	2	dispatch lease of 9129260b-9ed9-49f3-b612-8a70adc01938 lapsed	REJECT	com.alibaba.qwen.code.runtimebroker.ToolExecutionRecord@6f815e7f
1790803168264	2	dispatch lease of 9129260b-9ed9-49f3-b612-8a70adc01938 lapsed	REJECT	com.alibaba.qwen.code.runtimebroker.ToolExecutionRecord@75699e35
1790803168348	2	dispatch lease of 9129260b-9ed9-49f3-b612-8a70adc01938 lapsed	REJECT	com.alibaba.qwen.code.runtimebroker.ToolExecutionRecord@263558c9
1790803168428	2	dispatch lease of 9129260b-9ed9-49f3-b612-8a70adc01938 lapsed	REJECT	com.alibaba.qwen.code.runtimebroker.ToolExecutionRecord@62315f22
1790803168501	2	dispatch lease of 9129260b-9ed9-49f3-b612-8a70adc01938 lapsed	REJECT	com.alibaba.qwen.code.runtimebroker.ToolExecutionRecord@78f9ed3e
1790803168592	2	dispatch lease of 9129260b-9ed9-49f3-b612-8a70adc01938 lapsed	REJECT	com.alibaba.qwen.code.runtimebroker.ToolExecutionRecord@48e7b3d2
1790803168676	2	dispatch lease of 9129260b-9ed9-49f3-b612-8a70adc01938 lapsed	REJECT	com.alibaba.qwen.code.runtimebroker.ToolExecutionRecord@64040287
1790803168756	2	dispatch lease of 9129260b-9ed9-49f3-b612-8a70adc01938 lapsed	REJECT	com.alibaba.qwen.code.runtimebroker.ToolExecutionRecord@df1cff6
1790803168836	2	dispatch lease of 9129260b-9ed9-49f3-b612-8a70adc01938 lapsed	REJECT	com.alibaba.qwen.code.runtimebroker.ToolExecutionRecord@3a43d133
1790803168916	2	dispatch lease of 9129260b-9ed9-49f3-b612-8a70adc01938 lapsed	REJECT	com.alibaba.qwen.code.runtimebroker.ToolExecutionRecord@c96a4ea
1790803168996	2	dispatch lease of 9129260b-9ed9-49f3-b612-8a70adc01938 lapsed	REJECT	com.alibaba.qwen.code.runtimebroker.ToolExecutionRecord@68105edc
1790803169076	2	dispatch lease of 9129260b-9ed9-49f3-b612-8a70adc01938 lapsed	REJECT	com.alibaba.qwen.code.runtimebroker.ToolExecutionRecord@5339bbad
1790803169156	2	dispatch lease of 9129260b-9ed9-49f3-b612-8a70adc01938 lapsed	REJECT	com.alibaba.qwen.code.runtimebroker.ToolExecutionRecord@5b56b654
1790803169244	2	dispatch lease of 9129260b-9ed9-49f3-b612-8a70adc01938 lapsed	REJECT	com.alibaba.qwen.code.runtimebroker.ToolExecutionRecord@29006752
1790803169324	2	dispatch lease of 9129260b-9ed9-49f3-b612-8a70adc01938 lapsed	REJECT	com.alibaba.qwen.code.runtimebroker.ToolExecutionRecord@27494e46
1790803169402	2	dispatch lease of 9129260b-9ed9-49f3-b612-8a70adc01938 lapsed	REJECT	com.alibaba.qwen.code.runtimebroker.ToolExecutionRecord@53b98ff6
1790803169476	2	dispatch lease of 9129260b-9ed9-49f3-b612-8a70adc01938 lapsed	REJECT	com.alibaba.qwen.code.runtimebroker.ToolExecutionRecord@697446d4
1790803169556	2	dispatch lease of 9129260b-9ed9-49f3-b612-8a70adc01938 lapsed	REJECT	com.alibaba.qwen.code.runtimebroker.ToolExecutionRecord@36453307
1790803169636	2	dispatch lease of 9129260b-9ed9-49f3-b612-8a70adc01938 lapsed	REJECT	com.alibaba.qwen.code.runtimebroker.ToolExecutionRecord@6a9287b1
1790803169716	2	dispatch lease of 9129260b-9ed9-49f3-b612-8a70adc01938 lapsed	REJECT	com.alibaba.qwen.code.runtimebroker.ToolExecutionRecord@56193c7d
1790803169800	2	dispatch lease of 9129260b-9ed9-49f3-b612-8a70adc01938 lapsed	REJECT	com.alibaba.qwen.code.runtimebroker.ToolExecutionRecord@607b2792
1790803169882	2	dispatch lease of 9129260b-9ed9-49f3-b612-8a70adc01938 lapsed	REJECT	com.alibaba.qwen.code.runtimebroker.ToolExecutionRecord@81ff872
1790803169960	2	dispatch lease of 9129260b-9ed9-49f3-b612-8a70adc01938 lapsed	REJECT	com.alibaba.qwen.code.runtimebroker.ToolExecutionRecord@7e31ce0f
1790803170040	2	dispatch lease of 9129260b-9ed9-49f3-b612-8a70adc01938 lapsed	ACCEPT	com.alibaba.qwen.code.runtimebroker.ToolExecutionRecord@42cc13a0
1790803174876	2	dispatch lease of ffed86f8-c4a0-4e17-bd7d-813bc32c9bfc lapsed	REJECT	com.alibaba.qwen.code.runtimebroker.ToolExecutionRecord@79b663b3
1790803174963	2	dispatch lease of ffed86f8-c4a0-4e17-bd7d-813bc32c9bfc lapsed	REJECT	com.alibaba.qwen.code.runtimebroker.ToolExecutionRecord@7882c44a
1790803175044	2	dispatch lease of ffed86f8-c4a0-4e17-bd7d-813bc32c9bfc lapsed	REJECT	com.alibaba.qwen.code.runtimebroker.ToolExecutionRecord@3887cf88
1790803175128	2	dispatch lease of ffed86f8-c4a0-4e17-bd7d-813bc32c9bfc lapsed	REJECT	com.alibaba.qwen.code.runtimebroker.ToolExecutionRecord@502f8b57
1790803175204	2	dispatch lease of ffed86f8-c4a0-4e17-bd7d-813bc32c9bfc lapsed	REJECT	com.alibaba.qwen.code.runtimebroker.ToolExecutionRecord@55120f99
1790803175292	2	dispatch lease of ffed86f8-c4a0-4e17-bd7d-813bc32c9bfc lapsed	REJECT	com.alibaba.qwen.code.runtimebroker.ToolExecutionRecord@779dfe55
1790803175372	2	dispatch lease of ffed86f8-c4a0-4e17-bd7d-813bc32c9bfc lapsed	REJECT	com.alibaba.qwen.code.runtimebroker.ToolExecutionRecord@3e521715
1790803175448	2	dispatch lease of ffed86f8-c4a0-4e17-bd7d-813bc32c9bfc lapsed	REJECT	com.alibaba.qwen.code.runtimebroker.ToolExecutionRecord@1286528d
1790803175528	2	dispatch lease of ffed86f8-c4a0-4e17-bd7d-813bc32c9bfc lapsed	REJECT	com.alibaba.qwen.code.runtimebroker.ToolExecutionRecord@775594f2
1790803175608	2	dispatch lease of ffed86f8-c4a0-4e17-bd7d-813bc32c9bfc lapsed	REJECT	com.alibaba.qwen.code.runtimebroker.ToolExecutionRecord@790132f7
1790803175684	2	dispatch lease of ffed86f8-c4a0-4e17-bd7d-813bc32c9bfc lapsed	REJECT	com.alibaba.qwen.code.runtimebroker.ToolExecutionRecord@241a0c3a
1790803175764	2	dispatch lease of ffed86f8-c4a0-4e17-bd7d-813bc32c9bfc lapsed	REJECT	com.alibaba.qwen.code.runtimebroker.ToolExecutionRecord@7fae4d4a
1790803175848	2	dispatch lease of ffed86f8-c4a0-4e17-bd7d-813bc32c9bfc lapsed	REJECT	com.alibaba.qwen.code.runtimebroker.ToolExecutionRecord@46baf579
1790803175928	2	dispatch lease of ffed86f8-c4a0-4e17-bd7d-813bc32c9bfc lapsed	REJECT	com.alibaba.qwen.code.runtimebroker.ToolExecutionRecord@ca66933
1790803176004	2	dispatch lease of ffed86f8-c4a0-4e17-bd7d-813bc32c9bfc lapsed	REJECT	com.alibaba.qwen.code.runtimebroker.ToolExecutionRecord@602c4656
1790803176088	2	dispatch lease of ffed86f8-c4a0-4e17-bd7d-813bc32c9bfc lapsed	REJECT	com.alibaba.qwen.code.runtimebroker.ToolExecutionRecord@3c443976
1790803176164	2	dispatch lease of ffed86f8-c4a0-4e17-bd7d-813bc32c9bfc lapsed	REJECT	com.alibaba.qwen.code.runtimebroker.ToolExecutionRecord@63998bf4
1790803176252	2	dispatch lease of ffed86f8-c4a0-4e17-bd7d-813bc32c9bfc lapsed	REJECT	com.alibaba.qwen.code.runtimebroker.ToolExecutionRecord@6f63c44f
1790803176332	2	dispatch lease of ffed86f8-c4a0-4e17-bd7d-813bc32c9bfc lapsed	REJECT	com.alibaba.qwen.code.runtimebroker.ToolExecutionRecord@2e6ba49a
1790803176415	2	dispatch lease of ffed86f8-c4a0-4e17-bd7d-813bc32c9bfc lapsed	REJECT	com.alibaba.qwen.code.runtimebroker.ToolExecutionRecord@6b04acb2
1790803176496	2	dispatch lease of ffed86f8-c4a0-4e17-bd7d-813bc32c9bfc lapsed	REJECT	com.alibaba.qwen.code.runtimebroker.ToolExecutionRecord@4a60ee36
1790803176584	2	dispatch lease of ffed86f8-c4a0-4e17-bd7d-813bc32c9bfc lapsed	REJECT	com.alibaba.qwen.code.runtimebroker.ToolExecutionRecord@5f212d84
1790803176660	2	dispatch lease of ffed86f8-c4a0-4e17-bd7d-813bc32c9bfc lapsed	REJECT	com.alibaba.qwen.code.runtimebroker.ToolExecutionRecord@6622a690
1790803176740	2	dispatch lease of ffed86f8-c4a0-4e17-bd7d-813bc32c9bfc lapsed	REJECT	com.alibaba.qwen.code.runtimebroker.ToolExecutionRecord@412c995d
1790803176824	2	dispatch lease of ffed86f8-c4a0-4e17-bd7d-813bc32c9bfc lapsed	REJECT	com.alibaba.qwen.code.runtimebroker.ToolExecutionRecord@2f4919b0
1790803176901	2	dispatch lease of ffed86f8-c4a0-4e17-bd7d-813bc32c9bfc lapsed	REJECT	com.alibaba.qwen.code.runtimebroker.ToolExecutionRecord@72be135f
1790803176980	2	dispatch lease of ffed86f8-c4a0-4e17-bd7d-813bc32c9bfc lapsed	REJECT	com.alibaba.qwen.code.runtimebroker.ToolExecutionRecord@2e647e59
1790803177060	2	dispatch lease of ffed86f8-c4a0-4e17-bd7d-813bc32c9bfc lapsed	ACCEPT	com.alibaba.qwen.code.runtimebroker.ToolExecutionRecord@deb3b60
1790803458497	3	escaped writer pid	REJECT	false
1790803458554	3	escaped writer pid	REJECT	false
1790803458604	3	escaped writer pid	REJECT	false
1790803458655	3	escaped writer pid	ACCEPT	true
1790803458678	3	escaped writer output	REJECT	false
1790803458728	3	escaped writer output	ACCEPT	true
1790803460476	3	original worker loss after recovery fencing	ACCEPT	Reply[ok=false, value=null, status=503, code=runtime_broker_runtime_lost, retryable=true, message=Runtime is lost; recovery requires complete evidence and cleanup]
1790803460636	3	escaped writer continues after loss; the physical pin must remain	REJECT	38
1790803460686	3	escaped writer continues after loss; the physical pin must remain	ACCEPT	39
1790803464126	3	escaped writer pid	REJECT	false
1790803464176	3	escaped writer pid	REJECT	false
1790803464226	3	escaped writer pid	REJECT	false
1790803464276	3	escaped writer pid	REJECT	false
1790803464326	3	escaped writer pid	ACCEPT	true
1790803464340	3	escaped writer output	REJECT	false
1790803464390	3	escaped writer output	ACCEPT	true
1790803466161	3	original worker loss after recovery fencing	ACCEPT	Reply[ok=false, value=null, status=503, code=runtime_broker_runtime_lost, retryable=true, message=Runtime is lost; recovery requires complete evidence and cleanup]
1790803466212	3	escaped writer continues after loss; the physical pin must remain	REJECT	37
1790803466264	3	escaped writer continues after loss; the physical pin must remain	ACCEPT	38
1790803469046	3	marker = [start]	REJECT	[]
1790803469097	3	marker = [start]	REJECT	[]
1790803469147	3	marker = [start]	ACCEPT	[start]
1790803469237	3	UNKNOWN execution	REJECT	com.alibaba.qwen.code.runtimebroker.ToolExecutionRecord@33352f32
1790803469305	3	UNKNOWN execution	ACCEPT	com.alibaba.qwen.code.runtimebroker.ToolExecutionRecord@1e044120
1790803476758	3	marker = [start]	REJECT	[]
1790803476808	3	marker = [start]	REJECT	[]
1790803476859	3	marker = [start]	ACCEPT	[start]
1790803478442	3	original Runtime loss after recovery fencing	ACCEPT	Reply[ok=false, value=null, status=503, code=runtime_broker_runtime_lost, retryable=true, message=Runtime is lost; recovery requires complete evidence and cleanup]
1790803486485	3	dispatch lease of 09324dee-0933-45e1-98f8-b1fedf272aa5 lapsed	REJECT	com.alibaba.qwen.code.runtimebroker.ToolExecutionRecord@61861a29
1790803486569	3	dispatch lease of 09324dee-0933-45e1-98f8-b1fedf272aa5 lapsed	REJECT	com.alibaba.qwen.code.runtimebroker.ToolExecutionRecord@32cb636e
1790803486662	3	dispatch lease of 09324dee-0933-45e1-98f8-b1fedf272aa5 lapsed	REJECT	com.alibaba.qwen.code.runtimebroker.ToolExecutionRecord@3a4e343
1790803486741	3	dispatch lease of 09324dee-0933-45e1-98f8-b1fedf272aa5 lapsed	REJECT	com.alibaba.qwen.code.runtimebroker.ToolExecutionRecord@4b6579e8
1790803486825	3	dispatch lease of 09324dee-0933-45e1-98f8-b1fedf272aa5 lapsed	REJECT	com.alibaba.qwen.code.runtimebroker.ToolExecutionRecord@591e58fa
1790803486905	3	dispatch lease of 09324dee-0933-45e1-98f8-b1fedf272aa5 lapsed	REJECT	com.alibaba.qwen.code.runtimebroker.ToolExecutionRecord@593e824f
1790803486997	3	dispatch lease of 09324dee-0933-45e1-98f8-b1fedf272aa5 lapsed	REJECT	com.alibaba.qwen.code.runtimebroker.ToolExecutionRecord@64bc21ac
1790803487080	3	dispatch lease of 09324dee-0933-45e1-98f8-b1fedf272aa5 lapsed	REJECT	com.alibaba.qwen.code.runtimebroker.ToolExecutionRecord@ce5a68e
1790803487165	3	dispatch lease of 09324dee-0933-45e1-98f8-b1fedf272aa5 lapsed	REJECT	com.alibaba.qwen.code.runtimebroker.ToolExecutionRecord@5df417a7
1790803487248	3	dispatch lease of 09324dee-0933-45e1-98f8-b1fedf272aa5 lapsed	REJECT	com.alibaba.qwen.code.runtimebroker.ToolExecutionRecord@61078690
1790803487332	3	dispatch lease of 09324dee-0933-45e1-98f8-b1fedf272aa5 lapsed	REJECT	com.alibaba.qwen.code.runtimebroker.ToolExecutionRecord@71c5b236
1790803487420	3	dispatch lease of 09324dee-0933-45e1-98f8-b1fedf272aa5 lapsed	REJECT	com.alibaba.qwen.code.runtimebroker.ToolExecutionRecord@669513d8
1790803487500	3	dispatch lease of 09324dee-0933-45e1-98f8-b1fedf272aa5 lapsed	REJECT	com.alibaba.qwen.code.runtimebroker.ToolExecutionRecord@361c294e
1790803487597	3	dispatch lease of 09324dee-0933-45e1-98f8-b1fedf272aa5 lapsed	REJECT	com.alibaba.qwen.code.runtimebroker.ToolExecutionRecord@314b8f2d
1790803487681	3	dispatch lease of 09324dee-0933-45e1-98f8-b1fedf272aa5 lapsed	REJECT	com.alibaba.qwen.code.runtimebroker.ToolExecutionRecord@15a902e7
1790803487764	3	dispatch lease of 09324dee-0933-45e1-98f8-b1fedf272aa5 lapsed	REJECT	com.alibaba.qwen.code.runtimebroker.ToolExecutionRecord@5af28b27
1790803487844	3	dispatch lease of 09324dee-0933-45e1-98f8-b1fedf272aa5 lapsed	REJECT	com.alibaba.qwen.code.runtimebroker.ToolExecutionRecord@72f46e16
1790803487924	3	dispatch lease of 09324dee-0933-45e1-98f8-b1fedf272aa5 lapsed	REJECT	com.alibaba.qwen.code.runtimebroker.ToolExecutionRecord@549621f3
1790803488000	3	dispatch lease of 09324dee-0933-45e1-98f8-b1fedf272aa5 lapsed	REJECT	com.alibaba.qwen.code.runtimebroker.ToolExecutionRecord@5217f3d0
1790803488074	3	dispatch lease of 09324dee-0933-45e1-98f8-b1fedf272aa5 lapsed	REJECT	com.alibaba.qwen.code.runtimebroker.ToolExecutionRecord@2416a51
1790803488148	3	dispatch lease of 09324dee-0933-45e1-98f8-b1fedf272aa5 lapsed	REJECT	com.alibaba.qwen.code.runtimebroker.ToolExecutionRecord@72e34f77
1790803488236	3	dispatch lease of 09324dee-0933-45e1-98f8-b1fedf272aa5 lapsed	REJECT	com.alibaba.qwen.code.runtimebroker.ToolExecutionRecord@77307458
1790803488318	3	dispatch lease of 09324dee-0933-45e1-98f8-b1fedf272aa5 lapsed	REJECT	com.alibaba.qwen.code.runtimebroker.ToolExecutionRecord@47874b25
1790803488405	3	dispatch lease of 09324dee-0933-45e1-98f8-b1fedf272aa5 lapsed	REJECT	com.alibaba.qwen.code.runtimebroker.ToolExecutionRecord@5db4c359
1790803488484	3	dispatch lease of 09324dee-0933-45e1-98f8-b1fedf272aa5 lapsed	REJECT	com.alibaba.qwen.code.runtimebroker.ToolExecutionRecord@f9b7332
1790803488576	3	dispatch lease of 09324dee-0933-45e1-98f8-b1fedf272aa5 lapsed	REJECT	com.alibaba.qwen.code.runtimebroker.ToolExecutionRecord@4f8969b0
1790803488665	3	dispatch lease of 09324dee-0933-45e1-98f8-b1fedf272aa5 lapsed	REJECT	com.alibaba.qwen.code.runtimebroker.ToolExecutionRecord@8a589a2
1790803488761	3	dispatch lease of 09324dee-0933-45e1-98f8-b1fedf272aa5 lapsed	REJECT	com.alibaba.qwen.code.runtimebroker.ToolExecutionRecord@b672aa8
1790803488844	3	dispatch lease of 09324dee-0933-45e1-98f8-b1fedf272aa5 lapsed	REJECT	com.alibaba.qwen.code.runtimebroker.ToolExecutionRecord@6e46d9f4
1790803488928	3	dispatch lease of 09324dee-0933-45e1-98f8-b1fedf272aa5 lapsed	REJECT	com.alibaba.qwen.code.runtimebroker.ToolExecutionRecord@21c64522
1790803489008	3	dispatch lease of 09324dee-0933-45e1-98f8-b1fedf272aa5 lapsed	ACCEPT	com.alibaba.qwen.code.runtimebroker.ToolExecutionRecord@460f76a6
1790803493869	3	marker = [start]	REJECT	[]
1790803493919	3	marker = [start]	REJECT	[]
1790803493969	3	marker = [start]	ACCEPT	[start]
1790803494760	3	dispatch lease of 619d0e84-4a0d-44d0-8580-a7f680779f12 lapsed	REJECT	com.alibaba.qwen.code.runtimebroker.ToolExecutionRecord@7bb3a9fe
1790803494848	3	dispatch lease of 619d0e84-4a0d-44d0-8580-a7f680779f12 lapsed	REJECT	com.alibaba.qwen.code.runtimebroker.ToolExecutionRecord@62923ee6
1790803494928	3	dispatch lease of 619d0e84-4a0d-44d0-8580-a7f680779f12 lapsed	REJECT	com.alibaba.qwen.code.runtimebroker.ToolExecutionRecord@7807ac2c
1790803495000	3	dispatch lease of 619d0e84-4a0d-44d0-8580-a7f680779f12 lapsed	REJECT	com.alibaba.qwen.code.runtimebroker.ToolExecutionRecord@a77614d
1790803495073	3	dispatch lease of 619d0e84-4a0d-44d0-8580-a7f680779f12 lapsed	REJECT	com.alibaba.qwen.code.runtimebroker.ToolExecutionRecord@a1217f9
1790803495160	3	dispatch lease of 619d0e84-4a0d-44d0-8580-a7f680779f12 lapsed	REJECT	com.alibaba.qwen.code.runtimebroker.ToolExecutionRecord@2baa8d82
1790803495248	3	dispatch lease of 619d0e84-4a0d-44d0-8580-a7f680779f12 lapsed	REJECT	com.alibaba.qwen.code.runtimebroker.ToolExecutionRecord@a7e2d9d
1790803495336	3	dispatch lease of 619d0e84-4a0d-44d0-8580-a7f680779f12 lapsed	REJECT	com.alibaba.qwen.code.runtimebroker.ToolExecutionRecord@372ea2bc
1790803495432	3	dispatch lease of 619d0e84-4a0d-44d0-8580-a7f680779f12 lapsed	REJECT	com.alibaba.qwen.code.runtimebroker.ToolExecutionRecord@3f19b8b3
1790803495529	3	dispatch lease of 619d0e84-4a0d-44d0-8580-a7f680779f12 lapsed	REJECT	com.alibaba.qwen.code.runtimebroker.ToolExecutionRecord@cdc3aae
1790803495636	3	dispatch lease of 619d0e84-4a0d-44d0-8580-a7f680779f12 lapsed	REJECT	com.alibaba.qwen.code.runtimebroker.ToolExecutionRecord@4c36250e
1790803495724	3	dispatch lease of 619d0e84-4a0d-44d0-8580-a7f680779f12 lapsed	REJECT	com.alibaba.qwen.code.runtimebroker.ToolExecutionRecord@299266e2
1790803495799	3	dispatch lease of 619d0e84-4a0d-44d0-8580-a7f680779f12 lapsed	REJECT	com.alibaba.qwen.code.runtimebroker.ToolExecutionRecord@1601e47
1790803495888	3	dispatch lease of 619d0e84-4a0d-44d0-8580-a7f680779f12 lapsed	REJECT	com.alibaba.qwen.code.runtimebroker.ToolExecutionRecord@50687efb
1790803495972	3	dispatch lease of 619d0e84-4a0d-44d0-8580-a7f680779f12 lapsed	REJECT	com.alibaba.qwen.code.runtimebroker.ToolExecutionRecord@4a9cc6cb
1790803496059	3	dispatch lease of 619d0e84-4a0d-44d0-8580-a7f680779f12 lapsed	REJECT	com.alibaba.qwen.code.runtimebroker.ToolExecutionRecord@35d6ca49
1790803496139	3	dispatch lease of 619d0e84-4a0d-44d0-8580-a7f680779f12 lapsed	REJECT	com.alibaba.qwen.code.runtimebroker.ToolExecutionRecord@12cd9150
1790803496232	3	dispatch lease of 619d0e84-4a0d-44d0-8580-a7f680779f12 lapsed	REJECT	com.alibaba.qwen.code.runtimebroker.ToolExecutionRecord@cf65451
1790803496320	3	dispatch lease of 619d0e84-4a0d-44d0-8580-a7f680779f12 lapsed	REJECT	com.alibaba.qwen.code.runtimebroker.ToolExecutionRecord@32fe9d0a
1790803496401	3	dispatch lease of 619d0e84-4a0d-44d0-8580-a7f680779f12 lapsed	REJECT	com.alibaba.qwen.code.runtimebroker.ToolExecutionRecord@46074492
1790803496476	3	dispatch lease of 619d0e84-4a0d-44d0-8580-a7f680779f12 lapsed	REJECT	com.alibaba.qwen.code.runtimebroker.ToolExecutionRecord@47428937
1790803496556	3	dispatch lease of 619d0e84-4a0d-44d0-8580-a7f680779f12 lapsed	REJECT	com.alibaba.qwen.code.runtimebroker.ToolExecutionRecord@21694e53
1790803496648	3	dispatch lease of 619d0e84-4a0d-44d0-8580-a7f680779f12 lapsed	REJECT	com.alibaba.qwen.code.runtimebroker.ToolExecutionRecord@70fab835
1790803496736	3	dispatch lease of 619d0e84-4a0d-44d0-8580-a7f680779f12 lapsed	REJECT	com.alibaba.qwen.code.runtimebroker.ToolExecutionRecord@32057e6
1790803496812	3	dispatch lease of 619d0e84-4a0d-44d0-8580-a7f680779f12 lapsed	REJECT	com.alibaba.qwen.code.runtimebroker.ToolExecutionRecord@759fad4
1790803496896	3	dispatch lease of 619d0e84-4a0d-44d0-8580-a7f680779f12 lapsed	REJECT	com.alibaba.qwen.code.runtimebroker.ToolExecutionRecord@30ed9c6c
1790803496984	3	dispatch lease of 619d0e84-4a0d-44d0-8580-a7f680779f12 lapsed	REJECT	com.alibaba.qwen.code.runtimebroker.ToolExecutionRecord@59fc684e
1790803497064	3	dispatch lease of 619d0e84-4a0d-44d0-8580-a7f680779f12 lapsed	ACCEPT	com.alibaba.qwen.code.runtimebroker.ToolExecutionRecord@5ae76500
1790803498177	3	reconciliation from evidence	ACCEPT	ALREADY_SETTLED
1790803504964	3	dispatch lease of a37c53dd-e2ed-4466-b7d8-0f52388ee4aa lapsed	REJECT	com.alibaba.qwen.code.runtimebroker.ToolExecutionRecord@51bde877
1790803505040	3	dispatch lease of a37c53dd-e2ed-4466-b7d8-0f52388ee4aa lapsed	REJECT	com.alibaba.qwen.code.runtimebroker.ToolExecutionRecord@117632cf
1790803505125	3	dispatch lease of a37c53dd-e2ed-4466-b7d8-0f52388ee4aa lapsed	REJECT	com.alibaba.qwen.code.runtimebroker.ToolExecutionRecord@3add81c4
1790803505204	3	dispatch lease of a37c53dd-e2ed-4466-b7d8-0f52388ee4aa lapsed	REJECT	com.alibaba.qwen.code.runtimebroker.ToolExecutionRecord@159e366
1790803505284	3	dispatch lease of a37c53dd-e2ed-4466-b7d8-0f52388ee4aa lapsed	REJECT	com.alibaba.qwen.code.runtimebroker.ToolExecutionRecord@17ae98d7
1790803505372	3	dispatch lease of a37c53dd-e2ed-4466-b7d8-0f52388ee4aa lapsed	REJECT	com.alibaba.qwen.code.runtimebroker.ToolExecutionRecord@5a772895
1790803505452	3	dispatch lease of a37c53dd-e2ed-4466-b7d8-0f52388ee4aa lapsed	REJECT	com.alibaba.qwen.code.runtimebroker.ToolExecutionRecord@3ee39da0
1790803505533	3	dispatch lease of a37c53dd-e2ed-4466-b7d8-0f52388ee4aa lapsed	REJECT	com.alibaba.qwen.code.runtimebroker.ToolExecutionRecord@2e27d72f
1790803505604	3	dispatch lease of a37c53dd-e2ed-4466-b7d8-0f52388ee4aa lapsed	REJECT	com.alibaba.qwen.code.runtimebroker.ToolExecutionRecord@2bffa76d
1790803505684	3	dispatch lease of a37c53dd-e2ed-4466-b7d8-0f52388ee4aa lapsed	REJECT	com.alibaba.qwen.code.runtimebroker.ToolExecutionRecord@1f2d2181
1790803505763	3	dispatch lease of a37c53dd-e2ed-4466-b7d8-0f52388ee4aa lapsed	REJECT	com.alibaba.qwen.code.runtimebroker.ToolExecutionRecord@3fcdcf
1790803505846	3	dispatch lease of a37c53dd-e2ed-4466-b7d8-0f52388ee4aa lapsed	REJECT	com.alibaba.qwen.code.runtimebroker.ToolExecutionRecord@126be319
1790803505920	3	dispatch lease of a37c53dd-e2ed-4466-b7d8-0f52388ee4aa lapsed	REJECT	com.alibaba.qwen.code.runtimebroker.ToolExecutionRecord@530a8454
1790803506000	3	dispatch lease of a37c53dd-e2ed-4466-b7d8-0f52388ee4aa lapsed	REJECT	com.alibaba.qwen.code.runtimebroker.ToolExecutionRecord@36b6964d
1790803506084	3	dispatch lease of a37c53dd-e2ed-4466-b7d8-0f52388ee4aa lapsed	REJECT	com.alibaba.qwen.code.runtimebroker.ToolExecutionRecord@75201592
1790803506164	3	dispatch lease of a37c53dd-e2ed-4466-b7d8-0f52388ee4aa lapsed	REJECT	com.alibaba.qwen.code.runtimebroker.ToolExecutionRecord@282308c3
1790803506252	3	dispatch lease of a37c53dd-e2ed-4466-b7d8-0f52388ee4aa lapsed	REJECT	com.alibaba.qwen.code.runtimebroker.ToolExecutionRecord@3d9fc57a
1790803506324	3	dispatch lease of a37c53dd-e2ed-4466-b7d8-0f52388ee4aa lapsed	REJECT	com.alibaba.qwen.code.runtimebroker.ToolExecutionRecord@1af05b03
1790803506408	3	dispatch lease of a37c53dd-e2ed-4466-b7d8-0f52388ee4aa lapsed	REJECT	com.alibaba.qwen.code.runtimebroker.ToolExecutionRecord@5bbbdd4b
1790803506488	3	dispatch lease of a37c53dd-e2ed-4466-b7d8-0f52388ee4aa lapsed	REJECT	com.alibaba.qwen.code.runtimebroker.ToolExecutionRecord@4fdf8f12
1790803506564	3	dispatch lease of a37c53dd-e2ed-4466-b7d8-0f52388ee4aa lapsed	REJECT	com.alibaba.qwen.code.runtimebroker.ToolExecutionRecord@6979efad
1790803506640	3	dispatch lease of a37c53dd-e2ed-4466-b7d8-0f52388ee4aa lapsed	REJECT	com.alibaba.qwen.code.runtimebroker.ToolExecutionRecord@315ba14a
1790803506720	3	dispatch lease of a37c53dd-e2ed-4466-b7d8-0f52388ee4aa lapsed	REJECT	com.alibaba.qwen.code.runtimebroker.ToolExecutionRecord@54e81b21
1790803506800	3	dispatch lease of a37c53dd-e2ed-4466-b7d8-0f52388ee4aa lapsed	REJECT	com.alibaba.qwen.code.runtimebroker.ToolExecutionRecord@44ea608c
1790803506884	3	dispatch lease of a37c53dd-e2ed-4466-b7d8-0f52388ee4aa lapsed	REJECT	com.alibaba.qwen.code.runtimebroker.ToolExecutionRecord@273c947f
1790803506964	3	dispatch lease of a37c53dd-e2ed-4466-b7d8-0f52388ee4aa lapsed	REJECT	com.alibaba.qwen.code.runtimebroker.ToolExecutionRecord@632aa1a3
1790803507036	3	dispatch lease of a37c53dd-e2ed-4466-b7d8-0f52388ee4aa lapsed	ACCEPT	com.alibaba.qwen.code.runtimebroker.ToolExecutionRecord@2899a8db
1790803508101	3	reconciliation from evidence	ACCEPT	ALREADY_SETTLED
1790803510791	3	marker = [start]	REJECT	[]
1790803510841	3	marker = [start]	REJECT	[]
1790803510892	3	marker = [start]	REJECT	[]
1790803510942	3	marker = [start]	ACCEPT	[start]
1790803519997	3	marker = [start, end]	ACCEPT	[start, end]
1790803524162	3	startup adoption	REJECT	Reply[ok=false, value=null, status=503, code=runtime_provisioning_in_progress, retryable=true, message=another Broker owns Runtime provisioning]
1790803524301	3	startup adoption	REJECT	Reply[ok=false, value=null, status=503, code=runtime_provisioning_in_progress, retryable=true, message=another Broker owns Runtime provisioning]
1790803524390	3	startup adoption	REJECT	Reply[ok=false, value=null, status=503, code=runtime_provisioning_in_progress, retryable=true, message=another Broker owns Runtime provisioning]
1790803524501	3	startup adoption	REJECT	Reply[ok=false, value=null, status=503, code=runtime_provisioning_in_progress, retryable=true, message=another Broker owns Runtime provisioning]
1790803524609	3	startup adoption	REJECT	Reply[ok=false, value=null, status=503, code=runtime_provisioning_in_progress, retryable=true, message=another Broker owns Runtime provisioning]
1790803524721	3	startup adoption	REJECT	Reply[ok=false, value=null, status=503, code=runtime_provisioning_in_progress, retryable=true, message=another Broker owns Runtime provisioning]
1790803524814	3	startup adoption	REJECT	Reply[ok=false, value=null, status=503, code=runtime_provisioning_in_progress, retryable=true, message=another Broker owns Runtime provisioning]
1790803524915	3	startup adoption	REJECT	Reply[ok=false, value=null, status=503, code=runtime_provisioning_in_progress, retryable=true, message=another Broker owns Runtime provisioning]
1790803525232	3	startup adoption	ACCEPT	Reply[ok=true, value={"bindingId":"44e67014-2c1e-4955-9183-f86c7eef0649","generation":1,"state":"READY"}, status=0, code=null, retryable=false, message=null]
1790803529582	3	startup adoption	REJECT	Reply[ok=false, value=null, status=503, code=runtime_provisioning_in_progress, retryable=true, message=another Broker owns Runtime provisioning]
1790803529696	3	startup adoption	REJECT	Reply[ok=false, value=null, status=503, code=runtime_provisioning_in_progress, retryable=true, message=another Broker owns Runtime provisioning]
1790803529797	3	startup adoption	REJECT	Reply[ok=false, value=null, status=503, code=runtime_provisioning_in_progress, retryable=true, message=another Broker owns Runtime provisioning]
1790803529909	3	startup adoption	REJECT	Reply[ok=false, value=null, status=503, code=runtime_provisioning_in_progress, retryable=true, message=another Broker owns Runtime provisioning]
1790803530002	3	startup adoption	REJECT	Reply[ok=false, value=null, status=503, code=runtime_provisioning_in_progress, retryable=true, message=another Broker owns Runtime provisioning]
1790803530365	3	startup adoption	ACCEPT	Reply[ok=true, value={"bindingId":"e7088269-73d5-4ae9-a685-0345e72649a2","generation":1,"state":"READY"}, status=0, code=null, retryable=false, message=null]
1790803533393	3	marker = [start]	REJECT	[]
1790803533444	3	marker = [start]	REJECT	[]
1790803533494	3	marker = [start]	ACCEPT	[start]
1790803534720	3	original worker loss after recovery fencing	ACCEPT	Reply[ok=false, value=null, status=503, code=runtime_broker_runtime_lost, retryable=true, message=Runtime is lost; recovery requires complete evidence and cleanup]
1790803537695	3	project/marker = [start]	REJECT	[]
1790803537748	3	project/marker = [start]	REJECT	[]
1790803537799	3	project/marker = [start]	ACCEPT	[start]
1790803539053	3	original worker loss after recovery fencing	ACCEPT	Reply[ok=false, value=null, status=503, code=runtime_broker_runtime_lost, retryable=true, message=Runtime is lost; recovery requires complete evidence and cleanup]
1790803553301	3	marker = [start]	REJECT	[]
1790803553351	3	marker = [start]	REJECT	[]
1790803553402	3	marker = [start]	REJECT	[]
1790803553452	3	marker = [start]	ACCEPT	[start]
1790803555172	3	dispatch lease of fc1ed81e-8c89-4ef2-85b3-a4948bcd760a lapsed	REJECT	com.alibaba.qwen.code.runtimebroker.ToolExecutionRecord@669d2b1b
1790803555256	3	dispatch lease of fc1ed81e-8c89-4ef2-85b3-a4948bcd760a lapsed	REJECT	com.alibaba.qwen.code.runtimebroker.ToolExecutionRecord@5d52e3ef
1790803555348	3	dispatch lease of fc1ed81e-8c89-4ef2-85b3-a4948bcd760a lapsed	REJECT	com.alibaba.qwen.code.runtimebroker.ToolExecutionRecord@4c7a078
1790803555432	3	dispatch lease of fc1ed81e-8c89-4ef2-85b3-a4948bcd760a lapsed	REJECT	com.alibaba.qwen.code.runtimebroker.ToolExecutionRecord@76f10035
1790803555516	3	dispatch lease of fc1ed81e-8c89-4ef2-85b3-a4948bcd760a lapsed	REJECT	com.alibaba.qwen.code.runtimebroker.ToolExecutionRecord@15b986cd
1790803555600	3	dispatch lease of fc1ed81e-8c89-4ef2-85b3-a4948bcd760a lapsed	REJECT	com.alibaba.qwen.code.runtimebroker.ToolExecutionRecord@6b530eb9
1790803555680	3	dispatch lease of fc1ed81e-8c89-4ef2-85b3-a4948bcd760a lapsed	REJECT	com.alibaba.qwen.code.runtimebroker.ToolExecutionRecord@17f460bb
1790803555760	3	dispatch lease of fc1ed81e-8c89-4ef2-85b3-a4948bcd760a lapsed	REJECT	com.alibaba.qwen.code.runtimebroker.ToolExecutionRecord@18ca3c62
1790803555836	3	dispatch lease of fc1ed81e-8c89-4ef2-85b3-a4948bcd760a lapsed	REJECT	com.alibaba.qwen.code.runtimebroker.ToolExecutionRecord@6aa648b9
1790803555916	3	dispatch lease of fc1ed81e-8c89-4ef2-85b3-a4948bcd760a lapsed	REJECT	com.alibaba.qwen.code.runtimebroker.ToolExecutionRecord@88a8218
1790803555992	3	dispatch lease of fc1ed81e-8c89-4ef2-85b3-a4948bcd760a lapsed	REJECT	com.alibaba.qwen.code.runtimebroker.ToolExecutionRecord@5fa05212
1790803556072	3	dispatch lease of fc1ed81e-8c89-4ef2-85b3-a4948bcd760a lapsed	REJECT	com.alibaba.qwen.code.runtimebroker.ToolExecutionRecord@23aae55
1790803556156	3	dispatch lease of fc1ed81e-8c89-4ef2-85b3-a4948bcd760a lapsed	REJECT	com.alibaba.qwen.code.runtimebroker.ToolExecutionRecord@7a9c84a5
1790803556244	3	dispatch lease of fc1ed81e-8c89-4ef2-85b3-a4948bcd760a lapsed	REJECT	com.alibaba.qwen.code.runtimebroker.ToolExecutionRecord@7e053511
1790803556332	3	dispatch lease of fc1ed81e-8c89-4ef2-85b3-a4948bcd760a lapsed	REJECT	com.alibaba.qwen.code.runtimebroker.ToolExecutionRecord@26f1249d
1790803556416	3	dispatch lease of fc1ed81e-8c89-4ef2-85b3-a4948bcd760a lapsed	REJECT	com.alibaba.qwen.code.runtimebroker.ToolExecutionRecord@28b576a9
1790803556496	3	dispatch lease of fc1ed81e-8c89-4ef2-85b3-a4948bcd760a lapsed	REJECT	com.alibaba.qwen.code.runtimebroker.ToolExecutionRecord@1b1637e1
1790803556580	3	dispatch lease of fc1ed81e-8c89-4ef2-85b3-a4948bcd760a lapsed	REJECT	com.alibaba.qwen.code.runtimebroker.ToolExecutionRecord@169da7f2
1790803556668	3	dispatch lease of fc1ed81e-8c89-4ef2-85b3-a4948bcd760a lapsed	REJECT	com.alibaba.qwen.code.runtimebroker.ToolExecutionRecord@60297f36
1790803556748	3	dispatch lease of fc1ed81e-8c89-4ef2-85b3-a4948bcd760a lapsed	REJECT	com.alibaba.qwen.code.runtimebroker.ToolExecutionRecord@df4b72
1790803556824	3	dispatch lease of fc1ed81e-8c89-4ef2-85b3-a4948bcd760a lapsed	REJECT	com.alibaba.qwen.code.runtimebroker.ToolExecutionRecord@894858
1790803556896	3	dispatch lease of fc1ed81e-8c89-4ef2-85b3-a4948bcd760a lapsed	REJECT	com.alibaba.qwen.code.runtimebroker.ToolExecutionRecord@3ecedf21
1790803556972	3	dispatch lease of fc1ed81e-8c89-4ef2-85b3-a4948bcd760a lapsed	REJECT	com.alibaba.qwen.code.runtimebroker.ToolExecutionRecord@3359c978
1790803557052	3	dispatch lease of fc1ed81e-8c89-4ef2-85b3-a4948bcd760a lapsed	REJECT	com.alibaba.qwen.code.runtimebroker.ToolExecutionRecord@6f330eb9
1790803557136	3	dispatch lease of fc1ed81e-8c89-4ef2-85b3-a4948bcd760a lapsed	REJECT	com.alibaba.qwen.code.runtimebroker.ToolExecutionRecord@68ace111
1790803557220	3	dispatch lease of fc1ed81e-8c89-4ef2-85b3-a4948bcd760a lapsed	REJECT	com.alibaba.qwen.code.runtimebroker.ToolExecutionRecord@4fbb001b
1790803557296	3	dispatch lease of fc1ed81e-8c89-4ef2-85b3-a4948bcd760a lapsed	REJECT	com.alibaba.qwen.code.runtimebroker.ToolExecutionRecord@4943defe
1790803557376	3	dispatch lease of fc1ed81e-8c89-4ef2-85b3-a4948bcd760a lapsed	REJECT	com.alibaba.qwen.code.runtimebroker.ToolExecutionRecord@78d50a3c
1790803557448	3	dispatch lease of fc1ed81e-8c89-4ef2-85b3-a4948bcd760a lapsed	REJECT	com.alibaba.qwen.code.runtimebroker.ToolExecutionRecord@7f4d9395
1790803557528	3	dispatch lease of fc1ed81e-8c89-4ef2-85b3-a4948bcd760a lapsed	REJECT	com.alibaba.qwen.code.runtimebroker.ToolExecutionRecord@6a078481
1790803557608	3	dispatch lease of fc1ed81e-8c89-4ef2-85b3-a4948bcd760a lapsed	REJECT	com.alibaba.qwen.code.runtimebroker.ToolExecutionRecord@718607eb
1790803557692	3	dispatch lease of fc1ed81e-8c89-4ef2-85b3-a4948bcd760a lapsed	REJECT	com.alibaba.qwen.code.runtimebroker.ToolExecutionRecord@2617f816
1790803557776	3	dispatch lease of fc1ed81e-8c89-4ef2-85b3-a4948bcd760a lapsed	REJECT	com.alibaba.qwen.code.runtimebroker.ToolExecutionRecord@535b8c24
1790803557860	3	dispatch lease of fc1ed81e-8c89-4ef2-85b3-a4948bcd760a lapsed	REJECT	com.alibaba.qwen.code.runtimebroker.ToolExecutionRecord@a53bb6f
1790803557940	3	dispatch lease of fc1ed81e-8c89-4ef2-85b3-a4948bcd760a lapsed	REJECT	com.alibaba.qwen.code.runtimebroker.ToolExecutionRecord@33a053d
1790803558016	3	dispatch lease of fc1ed81e-8c89-4ef2-85b3-a4948bcd760a lapsed	ACCEPT	com.alibaba.qwen.code.runtimebroker.ToolExecutionRecord@867ba60
1790803558401	3	cancelled original call	ACCEPT	RESOLVED
1790803561116	3	project/marker = [start]	REJECT	[]
1790803561167	3	project/marker = [start]	REJECT	[]
1790803561217	3	project/marker = [start]	ACCEPT	[start]
1790803562964	3	dispatch lease of 7a6d41eb-fa89-4983-aa25-b7d58e47bd55 lapsed	REJECT	com.alibaba.qwen.code.runtimebroker.ToolExecutionRecord@219f4597
1790803563044	3	dispatch lease of 7a6d41eb-fa89-4983-aa25-b7d58e47bd55 lapsed	REJECT	com.alibaba.qwen.code.runtimebroker.ToolExecutionRecord@5b989dc7
1790803563116	3	dispatch lease of 7a6d41eb-fa89-4983-aa25-b7d58e47bd55 lapsed	REJECT	com.alibaba.qwen.code.runtimebroker.ToolExecutionRecord@595f4da5
1790803563200	3	dispatch lease of 7a6d41eb-fa89-4983-aa25-b7d58e47bd55 lapsed	REJECT	com.alibaba.qwen.code.runtimebroker.ToolExecutionRecord@325f7fa9
1790803563280	3	dispatch lease of 7a6d41eb-fa89-4983-aa25-b7d58e47bd55 lapsed	REJECT	com.alibaba.qwen.code.runtimebroker.ToolExecutionRecord@13cda7c9
1790803563352	3	dispatch lease of 7a6d41eb-fa89-4983-aa25-b7d58e47bd55 lapsed	REJECT	com.alibaba.qwen.code.runtimebroker.ToolExecutionRecord@771158fb
1790803563424	3	dispatch lease of 7a6d41eb-fa89-4983-aa25-b7d58e47bd55 lapsed	REJECT	com.alibaba.qwen.code.runtimebroker.ToolExecutionRecord@150d80c4
1790803563504	3	dispatch lease of 7a6d41eb-fa89-4983-aa25-b7d58e47bd55 lapsed	REJECT	com.alibaba.qwen.code.runtimebroker.ToolExecutionRecord@64d43929
1790803563588	3	dispatch lease of 7a6d41eb-fa89-4983-aa25-b7d58e47bd55 lapsed	REJECT	com.alibaba.qwen.code.runtimebroker.ToolExecutionRecord@41c89d2f
1790803563677	3	dispatch lease of 7a6d41eb-fa89-4983-aa25-b7d58e47bd55 lapsed	REJECT	com.alibaba.qwen.code.runtimebroker.ToolExecutionRecord@1bdbf9be
1790803563757	3	dispatch lease of 7a6d41eb-fa89-4983-aa25-b7d58e47bd55 lapsed	REJECT	com.alibaba.qwen.code.runtimebroker.ToolExecutionRecord@78d39a69
1790803563832	3	dispatch lease of 7a6d41eb-fa89-4983-aa25-b7d58e47bd55 lapsed	REJECT	com.alibaba.qwen.code.runtimebroker.ToolExecutionRecord@71154f21
1790803563916	3	dispatch lease of 7a6d41eb-fa89-4983-aa25-b7d58e47bd55 lapsed	REJECT	com.alibaba.qwen.code.runtimebroker.ToolExecutionRecord@304a9d7b
1790803563996	3	dispatch lease of 7a6d41eb-fa89-4983-aa25-b7d58e47bd55 lapsed	REJECT	com.alibaba.qwen.code.runtimebroker.ToolExecutionRecord@606fc505
1790803564076	3	dispatch lease of 7a6d41eb-fa89-4983-aa25-b7d58e47bd55 lapsed	REJECT	com.alibaba.qwen.code.runtimebroker.ToolExecutionRecord@347bdeef
1790803564156	3	dispatch lease of 7a6d41eb-fa89-4983-aa25-b7d58e47bd55 lapsed	REJECT	com.alibaba.qwen.code.runtimebroker.ToolExecutionRecord@77e80a5e
1790803564234	3	dispatch lease of 7a6d41eb-fa89-4983-aa25-b7d58e47bd55 lapsed	REJECT	com.alibaba.qwen.code.runtimebroker.ToolExecutionRecord@7ea4d397
1790803564308	3	dispatch lease of 7a6d41eb-fa89-4983-aa25-b7d58e47bd55 lapsed	REJECT	com.alibaba.qwen.code.runtimebroker.ToolExecutionRecord@8dfe921
1790803564384	3	dispatch lease of 7a6d41eb-fa89-4983-aa25-b7d58e47bd55 lapsed	REJECT	com.alibaba.qwen.code.runtimebroker.ToolExecutionRecord@109f5dd8
1790803564468	3	dispatch lease of 7a6d41eb-fa89-4983-aa25-b7d58e47bd55 lapsed	REJECT	com.alibaba.qwen.code.runtimebroker.ToolExecutionRecord@3dedb4a6
1790803564556	3	dispatch lease of 7a6d41eb-fa89-4983-aa25-b7d58e47bd55 lapsed	REJECT	com.alibaba.qwen.code.runtimebroker.ToolExecutionRecord@194152cf
1790803564637	3	dispatch lease of 7a6d41eb-fa89-4983-aa25-b7d58e47bd55 lapsed	REJECT	com.alibaba.qwen.code.runtimebroker.ToolExecutionRecord@1d81e101
1790803564716	3	dispatch lease of 7a6d41eb-fa89-4983-aa25-b7d58e47bd55 lapsed	REJECT	com.alibaba.qwen.code.runtimebroker.ToolExecutionRecord@22d6cac2
1790803564796	3	dispatch lease of 7a6d41eb-fa89-4983-aa25-b7d58e47bd55 lapsed	REJECT	com.alibaba.qwen.code.runtimebroker.ToolExecutionRecord@2577d6c8
1790803564884	3	dispatch lease of 7a6d41eb-fa89-4983-aa25-b7d58e47bd55 lapsed	REJECT	com.alibaba.qwen.code.runtimebroker.ToolExecutionRecord@5f233b26
1790803564972	3	dispatch lease of 7a6d41eb-fa89-4983-aa25-b7d58e47bd55 lapsed	REJECT	com.alibaba.qwen.code.runtimebroker.ToolExecutionRecord@5e8a459
1790803565056	3	dispatch lease of 7a6d41eb-fa89-4983-aa25-b7d58e47bd55 lapsed	REJECT	com.alibaba.qwen.code.runtimebroker.ToolExecutionRecord@9ec531
1790803565136	3	dispatch lease of 7a6d41eb-fa89-4983-aa25-b7d58e47bd55 lapsed	REJECT	com.alibaba.qwen.code.runtimebroker.ToolExecutionRecord@19542407
1790803565235	3	dispatch lease of 7a6d41eb-fa89-4983-aa25-b7d58e47bd55 lapsed	REJECT	com.alibaba.qwen.code.runtimebroker.ToolExecutionRecord@55caeb35
1790803565312	3	dispatch lease of 7a6d41eb-fa89-4983-aa25-b7d58e47bd55 lapsed	REJECT	com.alibaba.qwen.code.runtimebroker.ToolExecutionRecord@74a195a4
1790803565396	3	dispatch lease of 7a6d41eb-fa89-4983-aa25-b7d58e47bd55 lapsed	REJECT	com.alibaba.qwen.code.runtimebroker.ToolExecutionRecord@4287d447
1790803565476	3	dispatch lease of 7a6d41eb-fa89-4983-aa25-b7d58e47bd55 lapsed	REJECT	com.alibaba.qwen.code.runtimebroker.ToolExecutionRecord@7c0da600
1790803565560	3	dispatch lease of 7a6d41eb-fa89-4983-aa25-b7d58e47bd55 lapsed	REJECT	com.alibaba.qwen.code.runtimebroker.ToolExecutionRecord@47dd778
1790803565640	3	dispatch lease of 7a6d41eb-fa89-4983-aa25-b7d58e47bd55 lapsed	REJECT	com.alibaba.qwen.code.runtimebroker.ToolExecutionRecord@64a896b0
1790803565717	3	dispatch lease of 7a6d41eb-fa89-4983-aa25-b7d58e47bd55 lapsed	REJECT	com.alibaba.qwen.code.runtimebroker.ToolExecutionRecord@1adb7478
1790803565800	3	dispatch lease of 7a6d41eb-fa89-4983-aa25-b7d58e47bd55 lapsed	REJECT	com.alibaba.qwen.code.runtimebroker.ToolExecutionRecord@4604b900
1790803565876	3	dispatch lease of 7a6d41eb-fa89-4983-aa25-b7d58e47bd55 lapsed	REJECT	com.alibaba.qwen.code.runtimebroker.ToolExecutionRecord@3961a41a
1790803565956	3	dispatch lease of 7a6d41eb-fa89-4983-aa25-b7d58e47bd55 lapsed	REJECT	com.alibaba.qwen.code.runtimebroker.ToolExecutionRecord@d2387c8
1790803566032	3	dispatch lease of 7a6d41eb-fa89-4983-aa25-b7d58e47bd55 lapsed	ACCEPT	com.alibaba.qwen.code.runtimebroker.ToolExecutionRecord@1fd386c3
1790803566369	3	cancelled original call	ACCEPT	RESOLVED
1790803569980	3	dispatch lease of 560331f9-fb90-4655-bc43-9b249319b078 lapsed	REJECT	com.alibaba.qwen.code.runtimebroker.ToolExecutionRecord@1f651cd8
1790803570060	3	dispatch lease of 560331f9-fb90-4655-bc43-9b249319b078 lapsed	REJECT	com.alibaba.qwen.code.runtimebroker.ToolExecutionRecord@c827db
1790803570140	3	dispatch lease of 560331f9-fb90-4655-bc43-9b249319b078 lapsed	REJECT	com.alibaba.qwen.code.runtimebroker.ToolExecutionRecord@238ad8c
1790803570228	3	dispatch lease of 560331f9-fb90-4655-bc43-9b249319b078 lapsed	REJECT	com.alibaba.qwen.code.runtimebroker.ToolExecutionRecord@22df874e
1790803570316	3	dispatch lease of 560331f9-fb90-4655-bc43-9b249319b078 lapsed	REJECT	com.alibaba.qwen.code.runtimebroker.ToolExecutionRecord@42d236fb
1790803570392	3	dispatch lease of 560331f9-fb90-4655-bc43-9b249319b078 lapsed	REJECT	com.alibaba.qwen.code.runtimebroker.ToolExecutionRecord@1532c619
1790803570476	3	dispatch lease of 560331f9-fb90-4655-bc43-9b249319b078 lapsed	REJECT	com.alibaba.qwen.code.runtimebroker.ToolExecutionRecord@1a78dacd
1790803570552	3	dispatch lease of 560331f9-fb90-4655-bc43-9b249319b078 lapsed	REJECT	com.alibaba.qwen.code.runtimebroker.ToolExecutionRecord@2bfeb1ef
1790803570636	3	dispatch lease of 560331f9-fb90-4655-bc43-9b249319b078 lapsed	REJECT	com.alibaba.qwen.code.runtimebroker.ToolExecutionRecord@78b236a0
1790803570712	3	dispatch lease of 560331f9-fb90-4655-bc43-9b249319b078 lapsed	REJECT	com.alibaba.qwen.code.runtimebroker.ToolExecutionRecord@60e9df3c
1790803570788	3	dispatch lease of 560331f9-fb90-4655-bc43-9b249319b078 lapsed	REJECT	com.alibaba.qwen.code.runtimebroker.ToolExecutionRecord@537b32ef
1790803570864	3	dispatch lease of 560331f9-fb90-4655-bc43-9b249319b078 lapsed	REJECT	com.alibaba.qwen.code.runtimebroker.ToolExecutionRecord@6f815e7f
1790803570944	3	dispatch lease of 560331f9-fb90-4655-bc43-9b249319b078 lapsed	REJECT	com.alibaba.qwen.code.runtimebroker.ToolExecutionRecord@75699e35
1790803571032	3	dispatch lease of 560331f9-fb90-4655-bc43-9b249319b078 lapsed	REJECT	com.alibaba.qwen.code.runtimebroker.ToolExecutionRecord@263558c9
1790803571108	3	dispatch lease of 560331f9-fb90-4655-bc43-9b249319b078 lapsed	REJECT	com.alibaba.qwen.code.runtimebroker.ToolExecutionRecord@62315f22
1790803571184	3	dispatch lease of 560331f9-fb90-4655-bc43-9b249319b078 lapsed	REJECT	com.alibaba.qwen.code.runtimebroker.ToolExecutionRecord@78f9ed3e
1790803571272	3	dispatch lease of 560331f9-fb90-4655-bc43-9b249319b078 lapsed	REJECT	com.alibaba.qwen.code.runtimebroker.ToolExecutionRecord@48e7b3d2
1790803571360	3	dispatch lease of 560331f9-fb90-4655-bc43-9b249319b078 lapsed	REJECT	com.alibaba.qwen.code.runtimebroker.ToolExecutionRecord@64040287
1790803571444	3	dispatch lease of 560331f9-fb90-4655-bc43-9b249319b078 lapsed	REJECT	com.alibaba.qwen.code.runtimebroker.ToolExecutionRecord@df1cff6
1790803571524	3	dispatch lease of 560331f9-fb90-4655-bc43-9b249319b078 lapsed	REJECT	com.alibaba.qwen.code.runtimebroker.ToolExecutionRecord@3a43d133
1790803571616	3	dispatch lease of 560331f9-fb90-4655-bc43-9b249319b078 lapsed	REJECT	com.alibaba.qwen.code.runtimebroker.ToolExecutionRecord@c96a4ea
1790803571700	3	dispatch lease of 560331f9-fb90-4655-bc43-9b249319b078 lapsed	REJECT	com.alibaba.qwen.code.runtimebroker.ToolExecutionRecord@68105edc
1790803571780	3	dispatch lease of 560331f9-fb90-4655-bc43-9b249319b078 lapsed	REJECT	com.alibaba.qwen.code.runtimebroker.ToolExecutionRecord@5339bbad
1790803571856	3	dispatch lease of 560331f9-fb90-4655-bc43-9b249319b078 lapsed	REJECT	com.alibaba.qwen.code.runtimebroker.ToolExecutionRecord@5b56b654
1790803571940	3	dispatch lease of 560331f9-fb90-4655-bc43-9b249319b078 lapsed	REJECT	com.alibaba.qwen.code.runtimebroker.ToolExecutionRecord@29006752
1790803572020	3	dispatch lease of 560331f9-fb90-4655-bc43-9b249319b078 lapsed	REJECT	com.alibaba.qwen.code.runtimebroker.ToolExecutionRecord@27494e46
1790803572100	3	dispatch lease of 560331f9-fb90-4655-bc43-9b249319b078 lapsed	REJECT	com.alibaba.qwen.code.runtimebroker.ToolExecutionRecord@53b98ff6
1790803572184	3	dispatch lease of 560331f9-fb90-4655-bc43-9b249319b078 lapsed	REJECT	com.alibaba.qwen.code.runtimebroker.ToolExecutionRecord@697446d4
1790803572272	3	dispatch lease of 560331f9-fb90-4655-bc43-9b249319b078 lapsed	REJECT	com.alibaba.qwen.code.runtimebroker.ToolExecutionRecord@36453307
1790803572356	3	dispatch lease of 560331f9-fb90-4655-bc43-9b249319b078 lapsed	REJECT	com.alibaba.qwen.code.runtimebroker.ToolExecutionRecord@6a9287b1
1790803572436	3	dispatch lease of 560331f9-fb90-4655-bc43-9b249319b078 lapsed	REJECT	com.alibaba.qwen.code.runtimebroker.ToolExecutionRecord@56193c7d
1790803572516	3	dispatch lease of 560331f9-fb90-4655-bc43-9b249319b078 lapsed	REJECT	com.alibaba.qwen.code.runtimebroker.ToolExecutionRecord@607b2792
1790803572600	3	dispatch lease of 560331f9-fb90-4655-bc43-9b249319b078 lapsed	REJECT	com.alibaba.qwen.code.runtimebroker.ToolExecutionRecord@81ff872
1790803572680	3	dispatch lease of 560331f9-fb90-4655-bc43-9b249319b078 lapsed	REJECT	com.alibaba.qwen.code.runtimebroker.ToolExecutionRecord@7e31ce0f
1790803572760	3	dispatch lease of 560331f9-fb90-4655-bc43-9b249319b078 lapsed	REJECT	com.alibaba.qwen.code.runtimebroker.ToolExecutionRecord@42cc13a0
1790803572836	3	dispatch lease of 560331f9-fb90-4655-bc43-9b249319b078 lapsed	REJECT	com.alibaba.qwen.code.runtimebroker.ToolExecutionRecord@1bd81830
1790803572912	3	dispatch lease of 560331f9-fb90-4655-bc43-9b249319b078 lapsed	REJECT	com.alibaba.qwen.code.runtimebroker.ToolExecutionRecord@111610e6
1790803572992	3	dispatch lease of 560331f9-fb90-4655-bc43-9b249319b078 lapsed	REJECT	com.alibaba.qwen.code.runtimebroker.ToolExecutionRecord@4fcc529
1790803573068	3	dispatch lease of 560331f9-fb90-4655-bc43-9b249319b078 lapsed	ACCEPT	com.alibaba.qwen.code.runtimebroker.ToolExecutionRecord@79b663b3
1790803577604	3	dispatch lease of d4964fda-88c8-4da0-931b-893a5105ec12 lapsed	REJECT	com.alibaba.qwen.code.runtimebroker.ToolExecutionRecord@55120f99
1790803577688	3	dispatch lease of d4964fda-88c8-4da0-931b-893a5105ec12 lapsed	REJECT	com.alibaba.qwen.code.runtimebroker.ToolExecutionRecord@779dfe55
1790803577769	3	dispatch lease of d4964fda-88c8-4da0-931b-893a5105ec12 lapsed	REJECT	com.alibaba.qwen.code.runtimebroker.ToolExecutionRecord@3e521715
1790803577848	3	dispatch lease of d4964fda-88c8-4da0-931b-893a5105ec12 lapsed	REJECT	com.alibaba.qwen.code.runtimebroker.ToolExecutionRecord@1286528d
1790803577936	3	dispatch lease of d4964fda-88c8-4da0-931b-893a5105ec12 lapsed	REJECT	com.alibaba.qwen.code.runtimebroker.ToolExecutionRecord@775594f2
1790803578020	3	dispatch lease of d4964fda-88c8-4da0-931b-893a5105ec12 lapsed	REJECT	com.alibaba.qwen.code.runtimebroker.ToolExecutionRecord@790132f7
1790803578104	3	dispatch lease of d4964fda-88c8-4da0-931b-893a5105ec12 lapsed	REJECT	com.alibaba.qwen.code.runtimebroker.ToolExecutionRecord@241a0c3a
1790803578184	3	dispatch lease of d4964fda-88c8-4da0-931b-893a5105ec12 lapsed	REJECT	com.alibaba.qwen.code.runtimebroker.ToolExecutionRecord@7fae4d4a
1790803578260	3	dispatch lease of d4964fda-88c8-4da0-931b-893a5105ec12 lapsed	REJECT	com.alibaba.qwen.code.runtimebroker.ToolExecutionRecord@46baf579
1790803578348	3	dispatch lease of d4964fda-88c8-4da0-931b-893a5105ec12 lapsed	REJECT	com.alibaba.qwen.code.runtimebroker.ToolExecutionRecord@ca66933
1790803578428	3	dispatch lease of d4964fda-88c8-4da0-931b-893a5105ec12 lapsed	REJECT	com.alibaba.qwen.code.runtimebroker.ToolExecutionRecord@602c4656
1790803578508	3	dispatch lease of d4964fda-88c8-4da0-931b-893a5105ec12 lapsed	REJECT	com.alibaba.qwen.code.runtimebroker.ToolExecutionRecord@3c443976
1790803578588	3	dispatch lease of d4964fda-88c8-4da0-931b-893a5105ec12 lapsed	REJECT	com.alibaba.qwen.code.runtimebroker.ToolExecutionRecord@63998bf4
1790803578672	3	dispatch lease of d4964fda-88c8-4da0-931b-893a5105ec12 lapsed	REJECT	com.alibaba.qwen.code.runtimebroker.ToolExecutionRecord@6f63c44f
1790803578752	3	dispatch lease of d4964fda-88c8-4da0-931b-893a5105ec12 lapsed	REJECT	com.alibaba.qwen.code.runtimebroker.ToolExecutionRecord@2e6ba49a
1790803578828	3	dispatch lease of d4964fda-88c8-4da0-931b-893a5105ec12 lapsed	REJECT	com.alibaba.qwen.code.runtimebroker.ToolExecutionRecord@6b04acb2
1790803578908	3	dispatch lease of d4964fda-88c8-4da0-931b-893a5105ec12 lapsed	REJECT	com.alibaba.qwen.code.runtimebroker.ToolExecutionRecord@4a60ee36
1790803578988	3	dispatch lease of d4964fda-88c8-4da0-931b-893a5105ec12 lapsed	REJECT	com.alibaba.qwen.code.runtimebroker.ToolExecutionRecord@5f212d84
1790803579072	3	dispatch lease of d4964fda-88c8-4da0-931b-893a5105ec12 lapsed	REJECT	com.alibaba.qwen.code.runtimebroker.ToolExecutionRecord@6622a690
1790803579148	3	dispatch lease of d4964fda-88c8-4da0-931b-893a5105ec12 lapsed	REJECT	com.alibaba.qwen.code.runtimebroker.ToolExecutionRecord@412c995d
1790803579228	3	dispatch lease of d4964fda-88c8-4da0-931b-893a5105ec12 lapsed	REJECT	com.alibaba.qwen.code.runtimebroker.ToolExecutionRecord@2f4919b0
1790803579308	3	dispatch lease of d4964fda-88c8-4da0-931b-893a5105ec12 lapsed	REJECT	com.alibaba.qwen.code.runtimebroker.ToolExecutionRecord@72be135f
1790803579400	3	dispatch lease of d4964fda-88c8-4da0-931b-893a5105ec12 lapsed	REJECT	com.alibaba.qwen.code.runtimebroker.ToolExecutionRecord@2e647e59
1790803579476	3	dispatch lease of d4964fda-88c8-4da0-931b-893a5105ec12 lapsed	REJECT	com.alibaba.qwen.code.runtimebroker.ToolExecutionRecord@deb3b60
1790803579552	3	dispatch lease of d4964fda-88c8-4da0-931b-893a5105ec12 lapsed	REJECT	com.alibaba.qwen.code.runtimebroker.ToolExecutionRecord@73aff8f1
1790803579628	3	dispatch lease of d4964fda-88c8-4da0-931b-893a5105ec12 lapsed	REJECT	com.alibaba.qwen.code.runtimebroker.ToolExecutionRecord@4c060c8f
1790803579704	3	dispatch lease of d4964fda-88c8-4da0-931b-893a5105ec12 lapsed	REJECT	com.alibaba.qwen.code.runtimebroker.ToolExecutionRecord@49b07ee3
1790803579784	3	dispatch lease of d4964fda-88c8-4da0-931b-893a5105ec12 lapsed	REJECT	com.alibaba.qwen.code.runtimebroker.ToolExecutionRecord@2424686b
1790803579868	3	dispatch lease of d4964fda-88c8-4da0-931b-893a5105ec12 lapsed	REJECT	com.alibaba.qwen.code.runtimebroker.ToolExecutionRecord@4d7e7435
1790803579943	3	dispatch lease of d4964fda-88c8-4da0-931b-893a5105ec12 lapsed	REJECT	com.alibaba.qwen.code.runtimebroker.ToolExecutionRecord@56febdc
1790803580022	3	dispatch lease of d4964fda-88c8-4da0-931b-893a5105ec12 lapsed	ACCEPT	com.alibaba.qwen.code.runtimebroker.ToolExecutionRecord@294bdeb4
1790803588351	4	escaped writer pid	REJECT	false
1790803588406	4	escaped writer pid	REJECT	false
1790803588456	4	escaped writer pid	REJECT	false
1790803588506	4	escaped writer pid	ACCEPT	true
1790803588519	4	escaped writer output	REJECT	false
1790803588569	4	escaped writer output	REJECT	false
1790803588619	4	escaped writer output	ACCEPT	true
1790803590298	4	original worker loss after recovery fencing	ACCEPT	Reply[ok=false, value=null, status=503, code=runtime_broker_runtime_lost, retryable=true, message=Runtime is lost; recovery requires complete evidence and cleanup]
1790803590456	4	escaped writer continues after loss; the physical pin must remain	REJECT	38
1790803590506	4	escaped writer continues after loss; the physical pin must remain	ACCEPT	39
1790803593855	4	escaped writer pid	REJECT	false
1790803593905	4	escaped writer pid	REJECT	false
1790803593955	4	escaped writer pid	REJECT	false
1790803594006	4	escaped writer pid	REJECT	false
1790803594056	4	escaped writer pid	ACCEPT	true
1790803594072	4	escaped writer output	REJECT	false
1790803594122	4	escaped writer output	ACCEPT	true
1790803595754	4	original worker loss after recovery fencing	ACCEPT	Reply[ok=false, value=null, status=503, code=runtime_broker_runtime_lost, retryable=true, message=Runtime is lost; recovery requires complete evidence and cleanup]
1790803595795	4	escaped writer continues after loss; the physical pin must remain	REJECT	34
1790803595846	4	escaped writer continues after loss; the physical pin must remain	ACCEPT	35
1790803598965	4	marker = [start]	REJECT	[]
1790803599016	4	marker = [start]	REJECT	[]
1790803599066	4	marker = [start]	ACCEPT	[start]
1790803599133	4	UNKNOWN execution	REJECT	com.alibaba.qwen.code.runtimebroker.ToolExecutionRecord@6a988392
1790803599198	4	UNKNOWN execution	ACCEPT	com.alibaba.qwen.code.runtimebroker.ToolExecutionRecord@5b6813df
1790803606669	4	marker = [start]	REJECT	[]
1790803606720	4	marker = [start]	REJECT	[]
1790803606770	4	marker = [start]	ACCEPT	[start]
1790803608096	4	original Runtime loss after recovery fencing	ACCEPT	Reply[ok=false, value=null, status=503, code=runtime_broker_runtime_lost, retryable=true, message=Runtime is lost; recovery requires complete evidence and cleanup]
1790803616037	4	dispatch lease of 03b15e1b-ebd3-41b3-807e-2b9465625489 lapsed	REJECT	com.alibaba.qwen.code.runtimebroker.ToolExecutionRecord@10c8f62
1790803616125	4	dispatch lease of 03b15e1b-ebd3-41b3-807e-2b9465625489 lapsed	REJECT	com.alibaba.qwen.code.runtimebroker.ToolExecutionRecord@3f23a3a0
1790803616213	4	dispatch lease of 03b15e1b-ebd3-41b3-807e-2b9465625489 lapsed	REJECT	com.alibaba.qwen.code.runtimebroker.ToolExecutionRecord@439a8f59
1790803616305	4	dispatch lease of 03b15e1b-ebd3-41b3-807e-2b9465625489 lapsed	REJECT	com.alibaba.qwen.code.runtimebroker.ToolExecutionRecord@25bcd0c7
1790803616393	4	dispatch lease of 03b15e1b-ebd3-41b3-807e-2b9465625489 lapsed	REJECT	com.alibaba.qwen.code.runtimebroker.ToolExecutionRecord@40dd3977
1790803616480	4	dispatch lease of 03b15e1b-ebd3-41b3-807e-2b9465625489 lapsed	REJECT	com.alibaba.qwen.code.runtimebroker.ToolExecutionRecord@62dae245
1790803616569	4	dispatch lease of 03b15e1b-ebd3-41b3-807e-2b9465625489 lapsed	REJECT	com.alibaba.qwen.code.runtimebroker.ToolExecutionRecord@6c6357f9
1790803616660	4	dispatch lease of 03b15e1b-ebd3-41b3-807e-2b9465625489 lapsed	REJECT	com.alibaba.qwen.code.runtimebroker.ToolExecutionRecord@2f94c4db
1790803616761	4	dispatch lease of 03b15e1b-ebd3-41b3-807e-2b9465625489 lapsed	REJECT	com.alibaba.qwen.code.runtimebroker.ToolExecutionRecord@6d8792db
1790803616852	4	dispatch lease of 03b15e1b-ebd3-41b3-807e-2b9465625489 lapsed	REJECT	com.alibaba.qwen.code.runtimebroker.ToolExecutionRecord@5d25e6bb
1790803616933	4	dispatch lease of 03b15e1b-ebd3-41b3-807e-2b9465625489 lapsed	REJECT	com.alibaba.qwen.code.runtimebroker.ToolExecutionRecord@2f162cc0
1790803617021	4	dispatch lease of 03b15e1b-ebd3-41b3-807e-2b9465625489 lapsed	REJECT	com.alibaba.qwen.code.runtimebroker.ToolExecutionRecord@7f69d591
1790803617113	4	dispatch lease of 03b15e1b-ebd3-41b3-807e-2b9465625489 lapsed	REJECT	com.alibaba.qwen.code.runtimebroker.ToolExecutionRecord@403132fc
1790803617196	4	dispatch lease of 03b15e1b-ebd3-41b3-807e-2b9465625489 lapsed	REJECT	com.alibaba.qwen.code.runtimebroker.ToolExecutionRecord@2f7a7219
1790803617281	4	dispatch lease of 03b15e1b-ebd3-41b3-807e-2b9465625489 lapsed	REJECT	com.alibaba.qwen.code.runtimebroker.ToolExecutionRecord@4a8a60bc
1790803617365	4	dispatch lease of 03b15e1b-ebd3-41b3-807e-2b9465625489 lapsed	REJECT	com.alibaba.qwen.code.runtimebroker.ToolExecutionRecord@285d851a
1790803617461	4	dispatch lease of 03b15e1b-ebd3-41b3-807e-2b9465625489 lapsed	REJECT	com.alibaba.qwen.code.runtimebroker.ToolExecutionRecord@5118388b
1790803617545	4	dispatch lease of 03b15e1b-ebd3-41b3-807e-2b9465625489 lapsed	REJECT	com.alibaba.qwen.code.runtimebroker.ToolExecutionRecord@4a3e3e8b
1790803617636	4	dispatch lease of 03b15e1b-ebd3-41b3-807e-2b9465625489 lapsed	REJECT	com.alibaba.qwen.code.runtimebroker.ToolExecutionRecord@4985cbcb
1790803617717	4	dispatch lease of 03b15e1b-ebd3-41b3-807e-2b9465625489 lapsed	REJECT	com.alibaba.qwen.code.runtimebroker.ToolExecutionRecord@332a7fce
1790803617805	4	dispatch lease of 03b15e1b-ebd3-41b3-807e-2b9465625489 lapsed	REJECT	com.alibaba.qwen.code.runtimebroker.ToolExecutionRecord@32232e55
1790803617901	4	dispatch lease of 03b15e1b-ebd3-41b3-807e-2b9465625489 lapsed	REJECT	com.alibaba.qwen.code.runtimebroker.ToolExecutionRecord@293bb8a5
1790803617993	4	dispatch lease of 03b15e1b-ebd3-41b3-807e-2b9465625489 lapsed	REJECT	com.alibaba.qwen.code.runtimebroker.ToolExecutionRecord@6e9319f
1790803618085	4	dispatch lease of 03b15e1b-ebd3-41b3-807e-2b9465625489 lapsed	REJECT	com.alibaba.qwen.code.runtimebroker.ToolExecutionRecord@389adf1d
1790803618176	4	dispatch lease of 03b15e1b-ebd3-41b3-807e-2b9465625489 lapsed	REJECT	com.alibaba.qwen.code.runtimebroker.ToolExecutionRecord@290b1b2e
1790803618261	4	dispatch lease of 03b15e1b-ebd3-41b3-807e-2b9465625489 lapsed	REJECT	com.alibaba.qwen.code.runtimebroker.ToolExecutionRecord@2c177f9e
1790803618349	4	dispatch lease of 03b15e1b-ebd3-41b3-807e-2b9465625489 lapsed	REJECT	com.alibaba.qwen.code.runtimebroker.ToolExecutionRecord@18e7143f
1790803618437	4	dispatch lease of 03b15e1b-ebd3-41b3-807e-2b9465625489 lapsed	REJECT	com.alibaba.qwen.code.runtimebroker.ToolExecutionRecord@6fefce9e
1790803618529	4	dispatch lease of 03b15e1b-ebd3-41b3-807e-2b9465625489 lapsed	REJECT	com.alibaba.qwen.code.runtimebroker.ToolExecutionRecord@192f2f27
1790803618621	4	dispatch lease of 03b15e1b-ebd3-41b3-807e-2b9465625489 lapsed	REJECT	com.alibaba.qwen.code.runtimebroker.ToolExecutionRecord@6b5176f2
1790803618721	4	dispatch lease of 03b15e1b-ebd3-41b3-807e-2b9465625489 lapsed	REJECT	com.alibaba.qwen.code.runtimebroker.ToolExecutionRecord@ec0c838
1790803618800	4	dispatch lease of 03b15e1b-ebd3-41b3-807e-2b9465625489 lapsed	REJECT	com.alibaba.qwen.code.runtimebroker.ToolExecutionRecord@29cfd92b
1790803618884	4	dispatch lease of 03b15e1b-ebd3-41b3-807e-2b9465625489 lapsed	REJECT	com.alibaba.qwen.code.runtimebroker.ToolExecutionRecord@11dee337
1790803618969	4	dispatch lease of 03b15e1b-ebd3-41b3-807e-2b9465625489 lapsed	REJECT	com.alibaba.qwen.code.runtimebroker.ToolExecutionRecord@11acdc30
1790803619065	4	dispatch lease of 03b15e1b-ebd3-41b3-807e-2b9465625489 lapsed	ACCEPT	com.alibaba.qwen.code.runtimebroker.ToolExecutionRecord@1922e6d
1790803624277	4	marker = [start]	REJECT	[]
1790803624328	4	marker = [start]	REJECT	[]
1790803624378	4	marker = [start]	ACCEPT	[start]
1790803625120	4	dispatch lease of 51b52405-7b3e-41c1-b9fa-329321ddde25 lapsed	REJECT	com.alibaba.qwen.code.runtimebroker.ToolExecutionRecord@f19c9d2
1790803625212	4	dispatch lease of 51b52405-7b3e-41c1-b9fa-329321ddde25 lapsed	REJECT	com.alibaba.qwen.code.runtimebroker.ToolExecutionRecord@4b6166aa
1790803625292	4	dispatch lease of 51b52405-7b3e-41c1-b9fa-329321ddde25 lapsed	REJECT	com.alibaba.qwen.code.runtimebroker.ToolExecutionRecord@4a067c25
1790803625376	4	dispatch lease of 51b52405-7b3e-41c1-b9fa-329321ddde25 lapsed	REJECT	com.alibaba.qwen.code.runtimebroker.ToolExecutionRecord@523424b5
1790803625453	4	dispatch lease of 51b52405-7b3e-41c1-b9fa-329321ddde25 lapsed	REJECT	com.alibaba.qwen.code.runtimebroker.ToolExecutionRecord@791cbf87
1790803625540	4	dispatch lease of 51b52405-7b3e-41c1-b9fa-329321ddde25 lapsed	REJECT	com.alibaba.qwen.code.runtimebroker.ToolExecutionRecord@2b52c0d6
1790803625620	4	dispatch lease of 51b52405-7b3e-41c1-b9fa-329321ddde25 lapsed	REJECT	com.alibaba.qwen.code.runtimebroker.ToolExecutionRecord@2f08c4b
1790803625700	4	dispatch lease of 51b52405-7b3e-41c1-b9fa-329321ddde25 lapsed	REJECT	com.alibaba.qwen.code.runtimebroker.ToolExecutionRecord@a486d78
1790803625780	4	dispatch lease of 51b52405-7b3e-41c1-b9fa-329321ddde25 lapsed	REJECT	com.alibaba.qwen.code.runtimebroker.ToolExecutionRecord@5dcbb60
1790803625864	4	dispatch lease of 51b52405-7b3e-41c1-b9fa-329321ddde25 lapsed	REJECT	com.alibaba.qwen.code.runtimebroker.ToolExecutionRecord@49f5c307
1790803625956	4	dispatch lease of 51b52405-7b3e-41c1-b9fa-329321ddde25 lapsed	REJECT	com.alibaba.qwen.code.runtimebroker.ToolExecutionRecord@66ea1466
1790803626040	4	dispatch lease of 51b52405-7b3e-41c1-b9fa-329321ddde25 lapsed	REJECT	com.alibaba.qwen.code.runtimebroker.ToolExecutionRecord@66971f6b
1790803626124	4	dispatch lease of 51b52405-7b3e-41c1-b9fa-329321ddde25 lapsed	REJECT	com.alibaba.qwen.code.runtimebroker.ToolExecutionRecord@142eef62
1790803626209	4	dispatch lease of 51b52405-7b3e-41c1-b9fa-329321ddde25 lapsed	REJECT	com.alibaba.qwen.code.runtimebroker.ToolExecutionRecord@56e07a08
1790803626304	4	dispatch lease of 51b52405-7b3e-41c1-b9fa-329321ddde25 lapsed	REJECT	com.alibaba.qwen.code.runtimebroker.ToolExecutionRecord@47289387
1790803626384	4	dispatch lease of 51b52405-7b3e-41c1-b9fa-329321ddde25 lapsed	REJECT	com.alibaba.qwen.code.runtimebroker.ToolExecutionRecord@f415a95
1790803626464	4	dispatch lease of 51b52405-7b3e-41c1-b9fa-329321ddde25 lapsed	REJECT	com.alibaba.qwen.code.runtimebroker.ToolExecutionRecord@37eeec90
1790803626548	4	dispatch lease of 51b52405-7b3e-41c1-b9fa-329321ddde25 lapsed	REJECT	com.alibaba.qwen.code.runtimebroker.ToolExecutionRecord@64da2a7
1790803626625	4	dispatch lease of 51b52405-7b3e-41c1-b9fa-329321ddde25 lapsed	REJECT	com.alibaba.qwen.code.runtimebroker.ToolExecutionRecord@2c715e84
1790803626720	4	dispatch lease of 51b52405-7b3e-41c1-b9fa-329321ddde25 lapsed	REJECT	com.alibaba.qwen.code.runtimebroker.ToolExecutionRecord@7caa550
1790803626808	4	dispatch lease of 51b52405-7b3e-41c1-b9fa-329321ddde25 lapsed	REJECT	com.alibaba.qwen.code.runtimebroker.ToolExecutionRecord@22c86919
1790803626883	4	dispatch lease of 51b52405-7b3e-41c1-b9fa-329321ddde25 lapsed	REJECT	com.alibaba.qwen.code.runtimebroker.ToolExecutionRecord@62417a16
1790803626972	4	dispatch lease of 51b52405-7b3e-41c1-b9fa-329321ddde25 lapsed	REJECT	com.alibaba.qwen.code.runtimebroker.ToolExecutionRecord@6ea1bcdc
1790803627068	4	dispatch lease of 51b52405-7b3e-41c1-b9fa-329321ddde25 lapsed	REJECT	com.alibaba.qwen.code.runtimebroker.ToolExecutionRecord@53499d85
1790803627156	4	dispatch lease of 51b52405-7b3e-41c1-b9fa-329321ddde25 lapsed	REJECT	com.alibaba.qwen.code.runtimebroker.ToolExecutionRecord@46c670a6
1790803627236	4	dispatch lease of 51b52405-7b3e-41c1-b9fa-329321ddde25 lapsed	REJECT	com.alibaba.qwen.code.runtimebroker.ToolExecutionRecord@2fd1731c
1790803627316	4	dispatch lease of 51b52405-7b3e-41c1-b9fa-329321ddde25 lapsed	REJECT	com.alibaba.qwen.code.runtimebroker.ToolExecutionRecord@1133ec6e
1790803627416	4	dispatch lease of 51b52405-7b3e-41c1-b9fa-329321ddde25 lapsed	REJECT	com.alibaba.qwen.code.runtimebroker.ToolExecutionRecord@2a2da905
1790803627500	4	dispatch lease of 51b52405-7b3e-41c1-b9fa-329321ddde25 lapsed	REJECT	com.alibaba.qwen.code.runtimebroker.ToolExecutionRecord@302fec27
1790803627573	4	dispatch lease of 51b52405-7b3e-41c1-b9fa-329321ddde25 lapsed	REJECT	com.alibaba.qwen.code.runtimebroker.ToolExecutionRecord@54107f42
1790803627652	4	dispatch lease of 51b52405-7b3e-41c1-b9fa-329321ddde25 lapsed	REJECT	com.alibaba.qwen.code.runtimebroker.ToolExecutionRecord@6cea706c
1790803627732	4	dispatch lease of 51b52405-7b3e-41c1-b9fa-329321ddde25 lapsed	REJECT	com.alibaba.qwen.code.runtimebroker.ToolExecutionRecord@1eba372c
1790803627816	4	dispatch lease of 51b52405-7b3e-41c1-b9fa-329321ddde25 lapsed	REJECT	com.alibaba.qwen.code.runtimebroker.ToolExecutionRecord@552518c3
1790803627904	4	dispatch lease of 51b52405-7b3e-41c1-b9fa-329321ddde25 lapsed	REJECT	com.alibaba.qwen.code.runtimebroker.ToolExecutionRecord@363f6148
1790803627988	4	dispatch lease of 51b52405-7b3e-41c1-b9fa-329321ddde25 lapsed	REJECT	com.alibaba.qwen.code.runtimebroker.ToolExecutionRecord@138fe6ec
1790803628080	4	dispatch lease of 51b52405-7b3e-41c1-b9fa-329321ddde25 lapsed	ACCEPT	com.alibaba.qwen.code.runtimebroker.ToolExecutionRecord@455351c4
1790803629201	4	reconciliation from evidence	ACCEPT	ALREADY_SETTLED
1790803636007	4	dispatch lease of 1e12856b-56e4-44e6-862a-3974ec1f03f8 lapsed	REJECT	com.alibaba.qwen.code.runtimebroker.ToolExecutionRecord@7ee55e70
1790803636096	4	dispatch lease of 1e12856b-56e4-44e6-862a-3974ec1f03f8 lapsed	REJECT	com.alibaba.qwen.code.runtimebroker.ToolExecutionRecord@46292372
1790803636188	4	dispatch lease of 1e12856b-56e4-44e6-862a-3974ec1f03f8 lapsed	REJECT	com.alibaba.qwen.code.runtimebroker.ToolExecutionRecord@5c371e13
1790803636272	4	dispatch lease of 1e12856b-56e4-44e6-862a-3974ec1f03f8 lapsed	REJECT	com.alibaba.qwen.code.runtimebroker.ToolExecutionRecord@5215cd9a
1790803636360	4	dispatch lease of 1e12856b-56e4-44e6-862a-3974ec1f03f8 lapsed	REJECT	com.alibaba.qwen.code.runtimebroker.ToolExecutionRecord@9257031
1790803636448	4	dispatch lease of 1e12856b-56e4-44e6-862a-3974ec1f03f8 lapsed	REJECT	com.alibaba.qwen.code.runtimebroker.ToolExecutionRecord@aa5455e
1790803636532	4	dispatch lease of 1e12856b-56e4-44e6-862a-3974ec1f03f8 lapsed	REJECT	com.alibaba.qwen.code.runtimebroker.ToolExecutionRecord@1db0ec27
1790803636624	4	dispatch lease of 1e12856b-56e4-44e6-862a-3974ec1f03f8 lapsed	REJECT	com.alibaba.qwen.code.runtimebroker.ToolExecutionRecord@3b4ef7
1790803636705	4	dispatch lease of 1e12856b-56e4-44e6-862a-3974ec1f03f8 lapsed	REJECT	com.alibaba.qwen.code.runtimebroker.ToolExecutionRecord@1ad777f
1790803636788	4	dispatch lease of 1e12856b-56e4-44e6-862a-3974ec1f03f8 lapsed	REJECT	com.alibaba.qwen.code.runtimebroker.ToolExecutionRecord@25230246
1790803636868	4	dispatch lease of 1e12856b-56e4-44e6-862a-3974ec1f03f8 lapsed	REJECT	com.alibaba.qwen.code.runtimebroker.ToolExecutionRecord@54f5f647
1790803636952	4	dispatch lease of 1e12856b-56e4-44e6-862a-3974ec1f03f8 lapsed	REJECT	com.alibaba.qwen.code.runtimebroker.ToolExecutionRecord@4a67318f
1790803637048	4	dispatch lease of 1e12856b-56e4-44e6-862a-3974ec1f03f8 lapsed	REJECT	com.alibaba.qwen.code.runtimebroker.ToolExecutionRecord@27f0ad19
1790803637124	4	dispatch lease of 1e12856b-56e4-44e6-862a-3974ec1f03f8 lapsed	REJECT	com.alibaba.qwen.code.runtimebroker.ToolExecutionRecord@6650813a
1790803637203	4	dispatch lease of 1e12856b-56e4-44e6-862a-3974ec1f03f8 lapsed	REJECT	com.alibaba.qwen.code.runtimebroker.ToolExecutionRecord@450794b4
1790803637288	4	dispatch lease of 1e12856b-56e4-44e6-862a-3974ec1f03f8 lapsed	REJECT	com.alibaba.qwen.code.runtimebroker.ToolExecutionRecord@1af1347d
1790803637384	4	dispatch lease of 1e12856b-56e4-44e6-862a-3974ec1f03f8 lapsed	REJECT	com.alibaba.qwen.code.runtimebroker.ToolExecutionRecord@3b582111
1790803637472	4	dispatch lease of 1e12856b-56e4-44e6-862a-3974ec1f03f8 lapsed	REJECT	com.alibaba.qwen.code.runtimebroker.ToolExecutionRecord@c1a4620
1790803637556	4	dispatch lease of 1e12856b-56e4-44e6-862a-3974ec1f03f8 lapsed	REJECT	com.alibaba.qwen.code.runtimebroker.ToolExecutionRecord@4c432866
1790803637641	4	dispatch lease of 1e12856b-56e4-44e6-862a-3974ec1f03f8 lapsed	REJECT	com.alibaba.qwen.code.runtimebroker.ToolExecutionRecord@2237bada
1790803637724	4	dispatch lease of 1e12856b-56e4-44e6-862a-3974ec1f03f8 lapsed	REJECT	com.alibaba.qwen.code.runtimebroker.ToolExecutionRecord@199e4c2b
1790803637804	4	dispatch lease of 1e12856b-56e4-44e6-862a-3974ec1f03f8 lapsed	REJECT	com.alibaba.qwen.code.runtimebroker.ToolExecutionRecord@30272916
1790803637880	4	dispatch lease of 1e12856b-56e4-44e6-862a-3974ec1f03f8 lapsed	REJECT	com.alibaba.qwen.code.runtimebroker.ToolExecutionRecord@2c1dc8e
1790803637964	4	dispatch lease of 1e12856b-56e4-44e6-862a-3974ec1f03f8 lapsed	REJECT	com.alibaba.qwen.code.runtimebroker.ToolExecutionRecord@251ebf23
1790803638052	4	dispatch lease of 1e12856b-56e4-44e6-862a-3974ec1f03f8 lapsed	ACCEPT	com.alibaba.qwen.code.runtimebroker.ToolExecutionRecord@51671b08
1790803639124	4	reconciliation from evidence	ACCEPT	ALREADY_SETTLED
1790803641820	4	marker = [start]	REJECT	[]
1790803641871	4	marker = [start]	REJECT	[]
1790803641921	4	marker = [start]	ACCEPT	[start]
1790803650974	4	marker = [start, end]	ACCEPT	[start, end]
1790803655181	4	startup adoption	REJECT	Reply[ok=false, value=null, status=503, code=runtime_provisioning_in_progress, retryable=true, message=another Broker owns Runtime provisioning]
1790803655281	4	startup adoption	REJECT	Reply[ok=false, value=null, status=503, code=runtime_provisioning_in_progress, retryable=true, message=another Broker owns Runtime provisioning]
1790803655373	4	startup adoption	REJECT	Reply[ok=false, value=null, status=503, code=runtime_provisioning_in_progress, retryable=true, message=another Broker owns Runtime provisioning]
1790803655477	4	startup adoption	REJECT	Reply[ok=false, value=null, status=503, code=runtime_provisioning_in_progress, retryable=true, message=another Broker owns Runtime provisioning]
1790803655577	4	startup adoption	REJECT	Reply[ok=false, value=null, status=503, code=runtime_provisioning_in_progress, retryable=true, message=another Broker owns Runtime provisioning]
1790803655689	4	startup adoption	REJECT	Reply[ok=false, value=null, status=503, code=runtime_provisioning_in_progress, retryable=true, message=another Broker owns Runtime provisioning]
1790803655792	4	startup adoption	REJECT	Reply[ok=false, value=null, status=503, code=runtime_provisioning_in_progress, retryable=true, message=another Broker owns Runtime provisioning]
1790803655889	4	startup adoption	REJECT	Reply[ok=false, value=null, status=503, code=runtime_provisioning_in_progress, retryable=true, message=another Broker owns Runtime provisioning]
1790803655981	4	startup adoption	REJECT	Reply[ok=false, value=null, status=503, code=runtime_provisioning_in_progress, retryable=true, message=another Broker owns Runtime provisioning]
1790803656311	4	startup adoption	ACCEPT	Reply[ok=true, value={"bindingId":"0c703229-eb40-49a6-941e-a608b968dea8","generation":1,"state":"READY"}, status=0, code=null, retryable=false, message=null]
1790803660762	4	startup adoption	REJECT	Reply[ok=false, value=null, status=503, code=runtime_provisioning_in_progress, retryable=true, message=another Broker owns Runtime provisioning]
1790803660873	4	startup adoption	REJECT	Reply[ok=false, value=null, status=503, code=runtime_provisioning_in_progress, retryable=true, message=another Broker owns Runtime provisioning]
1790803660989	4	startup adoption	REJECT	Reply[ok=false, value=null, status=503, code=runtime_provisioning_in_progress, retryable=true, message=another Broker owns Runtime provisioning]
1790803661333	4	startup adoption	ACCEPT	Reply[ok=true, value={"bindingId":"c86feff1-60f8-4e00-8bd9-d5fbb05cfb82","generation":1,"state":"READY"}, status=0, code=null, retryable=false, message=null]
1790803664357	4	marker = [start]	REJECT	[]
1790803664407	4	marker = [start]	REJECT	[]
1790803664457	4	marker = [start]	ACCEPT	[start]
1790803665820	4	original worker loss after recovery fencing	ACCEPT	Reply[ok=false, value=null, status=503, code=runtime_broker_runtime_lost, retryable=true, message=Runtime is lost; recovery requires complete evidence and cleanup]
1790803668945	4	project/marker = [start]	REJECT	[]
1790803668995	4	project/marker = [start]	REJECT	[]
1790803669046	4	project/marker = [start]	REJECT	[]
1790803669096	4	project/marker = [start]	ACCEPT	[start]
1790803670385	4	original worker loss after recovery fencing	ACCEPT	Reply[ok=false, value=null, status=503, code=runtime_broker_runtime_lost, retryable=true, message=Runtime is lost; recovery requires complete evidence and cleanup]
1790803685157	4	marker = [start]	REJECT	[]
1790803685207	4	marker = [start]	REJECT	[]
1790803685260	4	marker = [start]	REJECT	[]
1790803685310	4	marker = [start]	ACCEPT	[start]
1790803687000	4	dispatch lease of dbedef7f-75ce-4531-8e73-04d117a8e769 lapsed	REJECT	com.alibaba.qwen.code.runtimebroker.ToolExecutionRecord@44d70181
1790803687076	4	dispatch lease of dbedef7f-75ce-4531-8e73-04d117a8e769 lapsed	REJECT	com.alibaba.qwen.code.runtimebroker.ToolExecutionRecord@742d4e15
1790803687160	4	dispatch lease of dbedef7f-75ce-4531-8e73-04d117a8e769 lapsed	REJECT	com.alibaba.qwen.code.runtimebroker.ToolExecutionRecord@4163f1cd
1790803687248	4	dispatch lease of dbedef7f-75ce-4531-8e73-04d117a8e769 lapsed	REJECT	com.alibaba.qwen.code.runtimebroker.ToolExecutionRecord@5c09d180
1790803687336	4	dispatch lease of dbedef7f-75ce-4531-8e73-04d117a8e769 lapsed	REJECT	com.alibaba.qwen.code.runtimebroker.ToolExecutionRecord@680bddf5
1790803687412	4	dispatch lease of dbedef7f-75ce-4531-8e73-04d117a8e769 lapsed	REJECT	com.alibaba.qwen.code.runtimebroker.ToolExecutionRecord@48d7ad8b
1790803687492	4	dispatch lease of dbedef7f-75ce-4531-8e73-04d117a8e769 lapsed	REJECT	com.alibaba.qwen.code.runtimebroker.ToolExecutionRecord@53bf7094
1790803687580	4	dispatch lease of dbedef7f-75ce-4531-8e73-04d117a8e769 lapsed	REJECT	com.alibaba.qwen.code.runtimebroker.ToolExecutionRecord@a68df9
1790803687668	4	dispatch lease of dbedef7f-75ce-4531-8e73-04d117a8e769 lapsed	REJECT	com.alibaba.qwen.code.runtimebroker.ToolExecutionRecord@2f6bbeb0
1790803687765	4	dispatch lease of dbedef7f-75ce-4531-8e73-04d117a8e769 lapsed	REJECT	com.alibaba.qwen.code.runtimebroker.ToolExecutionRecord@64711bf2
1790803687857	4	dispatch lease of dbedef7f-75ce-4531-8e73-04d117a8e769 lapsed	REJECT	com.alibaba.qwen.code.runtimebroker.ToolExecutionRecord@ceb4bd2
1790803687948	4	dispatch lease of dbedef7f-75ce-4531-8e73-04d117a8e769 lapsed	REJECT	com.alibaba.qwen.code.runtimebroker.ToolExecutionRecord@56bc3fac
1790803688032	4	dispatch lease of dbedef7f-75ce-4531-8e73-04d117a8e769 lapsed	REJECT	com.alibaba.qwen.code.runtimebroker.ToolExecutionRecord@37ff4054
1790803688116	4	dispatch lease of dbedef7f-75ce-4531-8e73-04d117a8e769 lapsed	REJECT	com.alibaba.qwen.code.runtimebroker.ToolExecutionRecord@737edcfa
1790803688201	4	dispatch lease of dbedef7f-75ce-4531-8e73-04d117a8e769 lapsed	REJECT	com.alibaba.qwen.code.runtimebroker.ToolExecutionRecord@36c54a56
1790803688288	4	dispatch lease of dbedef7f-75ce-4531-8e73-04d117a8e769 lapsed	REJECT	com.alibaba.qwen.code.runtimebroker.ToolExecutionRecord@73386d72
1790803688367	4	dispatch lease of dbedef7f-75ce-4531-8e73-04d117a8e769 lapsed	REJECT	com.alibaba.qwen.code.runtimebroker.ToolExecutionRecord@584f5497
1790803688444	4	dispatch lease of dbedef7f-75ce-4531-8e73-04d117a8e769 lapsed	REJECT	com.alibaba.qwen.code.runtimebroker.ToolExecutionRecord@6df20ade
1790803688520	4	dispatch lease of dbedef7f-75ce-4531-8e73-04d117a8e769 lapsed	REJECT	com.alibaba.qwen.code.runtimebroker.ToolExecutionRecord@341a8659
1790803688600	4	dispatch lease of dbedef7f-75ce-4531-8e73-04d117a8e769 lapsed	REJECT	com.alibaba.qwen.code.runtimebroker.ToolExecutionRecord@181d7f28
1790803688680	4	dispatch lease of dbedef7f-75ce-4531-8e73-04d117a8e769 lapsed	REJECT	com.alibaba.qwen.code.runtimebroker.ToolExecutionRecord@cda4919
1790803688756	4	dispatch lease of dbedef7f-75ce-4531-8e73-04d117a8e769 lapsed	REJECT	com.alibaba.qwen.code.runtimebroker.ToolExecutionRecord@344b8190
1790803688840	4	dispatch lease of dbedef7f-75ce-4531-8e73-04d117a8e769 lapsed	REJECT	com.alibaba.qwen.code.runtimebroker.ToolExecutionRecord@1929425f
1790803688924	4	dispatch lease of dbedef7f-75ce-4531-8e73-04d117a8e769 lapsed	REJECT	com.alibaba.qwen.code.runtimebroker.ToolExecutionRecord@757f675c
1790803688996	4	dispatch lease of dbedef7f-75ce-4531-8e73-04d117a8e769 lapsed	REJECT	com.alibaba.qwen.code.runtimebroker.ToolExecutionRecord@5d10455d
1790803689080	4	dispatch lease of dbedef7f-75ce-4531-8e73-04d117a8e769 lapsed	REJECT	com.alibaba.qwen.code.runtimebroker.ToolExecutionRecord@55b62629
1790803689160	4	dispatch lease of dbedef7f-75ce-4531-8e73-04d117a8e769 lapsed	REJECT	com.alibaba.qwen.code.runtimebroker.ToolExecutionRecord@6759f091
1790803689240	4	dispatch lease of dbedef7f-75ce-4531-8e73-04d117a8e769 lapsed	REJECT	com.alibaba.qwen.code.runtimebroker.ToolExecutionRecord@20921b9b
1790803689316	4	dispatch lease of dbedef7f-75ce-4531-8e73-04d117a8e769 lapsed	REJECT	com.alibaba.qwen.code.runtimebroker.ToolExecutionRecord@654b72c0
1790803689404	4	dispatch lease of dbedef7f-75ce-4531-8e73-04d117a8e769 lapsed	REJECT	com.alibaba.qwen.code.runtimebroker.ToolExecutionRecord@15fc442
1790803689480	4	dispatch lease of dbedef7f-75ce-4531-8e73-04d117a8e769 lapsed	REJECT	com.alibaba.qwen.code.runtimebroker.ToolExecutionRecord@2a3a299
1790803689555	4	dispatch lease of dbedef7f-75ce-4531-8e73-04d117a8e769 lapsed	REJECT	com.alibaba.qwen.code.runtimebroker.ToolExecutionRecord@31be6b49
1790803689636	4	dispatch lease of dbedef7f-75ce-4531-8e73-04d117a8e769 lapsed	REJECT	com.alibaba.qwen.code.runtimebroker.ToolExecutionRecord@70d8de
1790803689712	4	dispatch lease of dbedef7f-75ce-4531-8e73-04d117a8e769 lapsed	REJECT	com.alibaba.qwen.code.runtimebroker.ToolExecutionRecord@46b695ec
1790803689788	4	dispatch lease of dbedef7f-75ce-4531-8e73-04d117a8e769 lapsed	REJECT	com.alibaba.qwen.code.runtimebroker.ToolExecutionRecord@11ce2e22
1790803689872	4	dispatch lease of dbedef7f-75ce-4531-8e73-04d117a8e769 lapsed	REJECT	com.alibaba.qwen.code.runtimebroker.ToolExecutionRecord@5aa6202e
1790803689956	4	dispatch lease of dbedef7f-75ce-4531-8e73-04d117a8e769 lapsed	REJECT	com.alibaba.qwen.code.runtimebroker.ToolExecutionRecord@91c4a3f
1790803690044	4	dispatch lease of dbedef7f-75ce-4531-8e73-04d117a8e769 lapsed	ACCEPT	com.alibaba.qwen.code.runtimebroker.ToolExecutionRecord@6826c41e
1790803690417	4	cancelled original call	ACCEPT	RESOLVED
1790803693288	4	project/marker = [start]	REJECT	[]
1790803693338	4	project/marker = [start]	REJECT	[]
1790803693388	4	project/marker = [start]	REJECT	[]
1790803693439	4	project/marker = [start]	ACCEPT	[start]
1790803695233	4	dispatch lease of b03fdeff-6634-42f2-817e-deb5da4ce111 lapsed	REJECT	com.alibaba.qwen.code.runtimebroker.ToolExecutionRecord@1da6ee17
1790803695308	4	dispatch lease of b03fdeff-6634-42f2-817e-deb5da4ce111 lapsed	REJECT	com.alibaba.qwen.code.runtimebroker.ToolExecutionRecord@5b69d40d
1790803695388	4	dispatch lease of b03fdeff-6634-42f2-817e-deb5da4ce111 lapsed	REJECT	com.alibaba.qwen.code.runtimebroker.ToolExecutionRecord@2516fc68
1790803695472	4	dispatch lease of b03fdeff-6634-42f2-817e-deb5da4ce111 lapsed	REJECT	com.alibaba.qwen.code.runtimebroker.ToolExecutionRecord@72889280
1790803695548	4	dispatch lease of b03fdeff-6634-42f2-817e-deb5da4ce111 lapsed	REJECT	com.alibaba.qwen.code.runtimebroker.ToolExecutionRecord@2d140a7
1790803695624	4	dispatch lease of b03fdeff-6634-42f2-817e-deb5da4ce111 lapsed	REJECT	com.alibaba.qwen.code.runtimebroker.ToolExecutionRecord@7f34a967
1790803695704	4	dispatch lease of b03fdeff-6634-42f2-817e-deb5da4ce111 lapsed	REJECT	com.alibaba.qwen.code.runtimebroker.ToolExecutionRecord@240139e1
1790803695792	4	dispatch lease of b03fdeff-6634-42f2-817e-deb5da4ce111 lapsed	REJECT	com.alibaba.qwen.code.runtimebroker.ToolExecutionRecord@253c1256
1790803695876	4	dispatch lease of b03fdeff-6634-42f2-817e-deb5da4ce111 lapsed	REJECT	com.alibaba.qwen.code.runtimebroker.ToolExecutionRecord@55f45b92
1790803695956	4	dispatch lease of b03fdeff-6634-42f2-817e-deb5da4ce111 lapsed	REJECT	com.alibaba.qwen.code.runtimebroker.ToolExecutionRecord@4a325eb9
1790803696052	4	dispatch lease of b03fdeff-6634-42f2-817e-deb5da4ce111 lapsed	REJECT	com.alibaba.qwen.code.runtimebroker.ToolExecutionRecord@415e0bcb
1790803696128	4	dispatch lease of b03fdeff-6634-42f2-817e-deb5da4ce111 lapsed	REJECT	com.alibaba.qwen.code.runtimebroker.ToolExecutionRecord@2c30b71f
1790803696216	4	dispatch lease of b03fdeff-6634-42f2-817e-deb5da4ce111 lapsed	REJECT	com.alibaba.qwen.code.runtimebroker.ToolExecutionRecord@bf71cec
1790803696296	4	dispatch lease of b03fdeff-6634-42f2-817e-deb5da4ce111 lapsed	REJECT	com.alibaba.qwen.code.runtimebroker.ToolExecutionRecord@1654a892
1790803696380	4	dispatch lease of b03fdeff-6634-42f2-817e-deb5da4ce111 lapsed	REJECT	com.alibaba.qwen.code.runtimebroker.ToolExecutionRecord@6c000e0c
1790803696460	4	dispatch lease of b03fdeff-6634-42f2-817e-deb5da4ce111 lapsed	REJECT	com.alibaba.qwen.code.runtimebroker.ToolExecutionRecord@6974a715
1790803696536	4	dispatch lease of b03fdeff-6634-42f2-817e-deb5da4ce111 lapsed	REJECT	com.alibaba.qwen.code.runtimebroker.ToolExecutionRecord@4c9e9fb8
1790803696624	4	dispatch lease of b03fdeff-6634-42f2-817e-deb5da4ce111 lapsed	REJECT	com.alibaba.qwen.code.runtimebroker.ToolExecutionRecord@210f0cc1
1790803696704	4	dispatch lease of b03fdeff-6634-42f2-817e-deb5da4ce111 lapsed	REJECT	com.alibaba.qwen.code.runtimebroker.ToolExecutionRecord@c7a977f
1790803696784	4	dispatch lease of b03fdeff-6634-42f2-817e-deb5da4ce111 lapsed	REJECT	com.alibaba.qwen.code.runtimebroker.ToolExecutionRecord@2c383e33
1790803696860	4	dispatch lease of b03fdeff-6634-42f2-817e-deb5da4ce111 lapsed	REJECT	com.alibaba.qwen.code.runtimebroker.ToolExecutionRecord@2fa3be26
1790803696932	4	dispatch lease of b03fdeff-6634-42f2-817e-deb5da4ce111 lapsed	REJECT	com.alibaba.qwen.code.runtimebroker.ToolExecutionRecord@4e6d7365
1790803697012	4	dispatch lease of b03fdeff-6634-42f2-817e-deb5da4ce111 lapsed	REJECT	com.alibaba.qwen.code.runtimebroker.ToolExecutionRecord@21ae6e73
1790803697104	4	dispatch lease of b03fdeff-6634-42f2-817e-deb5da4ce111 lapsed	REJECT	com.alibaba.qwen.code.runtimebroker.ToolExecutionRecord@36a7abe1
1790803697188	4	dispatch lease of b03fdeff-6634-42f2-817e-deb5da4ce111 lapsed	REJECT	com.alibaba.qwen.code.runtimebroker.ToolExecutionRecord@11a82d0f
1790803697268	4	dispatch lease of b03fdeff-6634-42f2-817e-deb5da4ce111 lapsed	REJECT	com.alibaba.qwen.code.runtimebroker.ToolExecutionRecord@16943e88
1790803697352	4	dispatch lease of b03fdeff-6634-42f2-817e-deb5da4ce111 lapsed	REJECT	com.alibaba.qwen.code.runtimebroker.ToolExecutionRecord@e36bb2a
1790803697428	4	dispatch lease of b03fdeff-6634-42f2-817e-deb5da4ce111 lapsed	REJECT	com.alibaba.qwen.code.runtimebroker.ToolExecutionRecord@367795c7
1790803697501	4	dispatch lease of b03fdeff-6634-42f2-817e-deb5da4ce111 lapsed	REJECT	com.alibaba.qwen.code.runtimebroker.ToolExecutionRecord@1500e009
1790803697584	4	dispatch lease of b03fdeff-6634-42f2-817e-deb5da4ce111 lapsed	REJECT	com.alibaba.qwen.code.runtimebroker.ToolExecutionRecord@29d334c
1790803697668	4	dispatch lease of b03fdeff-6634-42f2-817e-deb5da4ce111 lapsed	REJECT	com.alibaba.qwen.code.runtimebroker.ToolExecutionRecord@673bb956
1790803697752	4	dispatch lease of b03fdeff-6634-42f2-817e-deb5da4ce111 lapsed	REJECT	com.alibaba.qwen.code.runtimebroker.ToolExecutionRecord@3c4bc9fc
1790803697828	4	dispatch lease of b03fdeff-6634-42f2-817e-deb5da4ce111 lapsed	REJECT	com.alibaba.qwen.code.runtimebroker.ToolExecutionRecord@1f651cd8
1790803697904	4	dispatch lease of b03fdeff-6634-42f2-817e-deb5da4ce111 lapsed	REJECT	com.alibaba.qwen.code.runtimebroker.ToolExecutionRecord@c827db
1790803697984	4	dispatch lease of b03fdeff-6634-42f2-817e-deb5da4ce111 lapsed	REJECT	com.alibaba.qwen.code.runtimebroker.ToolExecutionRecord@238ad8c
1790803698064	4	dispatch lease of b03fdeff-6634-42f2-817e-deb5da4ce111 lapsed	ACCEPT	com.alibaba.qwen.code.runtimebroker.ToolExecutionRecord@22df874e
1790803698432	4	cancelled original call	ACCEPT	RESOLVED
1790803702156	4	dispatch lease of 7444a9d4-85d5-4e55-817a-bf3447d10477 lapsed	REJECT	com.alibaba.qwen.code.runtimebroker.ToolExecutionRecord@7de4a01f
1790803702236	4	dispatch lease of 7444a9d4-85d5-4e55-817a-bf3447d10477 lapsed	REJECT	com.alibaba.qwen.code.runtimebroker.ToolExecutionRecord@208e9ef6
1790803702320	4	dispatch lease of 7444a9d4-85d5-4e55-817a-bf3447d10477 lapsed	REJECT	com.alibaba.qwen.code.runtimebroker.ToolExecutionRecord@34448e6c
1790803702396	4	dispatch lease of 7444a9d4-85d5-4e55-817a-bf3447d10477 lapsed	REJECT	com.alibaba.qwen.code.runtimebroker.ToolExecutionRecord@435ce306
1790803702476	4	dispatch lease of 7444a9d4-85d5-4e55-817a-bf3447d10477 lapsed	REJECT	com.alibaba.qwen.code.runtimebroker.ToolExecutionRecord@4b61d0c6
1790803702572	4	dispatch lease of 7444a9d4-85d5-4e55-817a-bf3447d10477 lapsed	REJECT	com.alibaba.qwen.code.runtimebroker.ToolExecutionRecord@304b9f1a
1790803702656	4	dispatch lease of 7444a9d4-85d5-4e55-817a-bf3447d10477 lapsed	REJECT	com.alibaba.qwen.code.runtimebroker.ToolExecutionRecord@4aeaadc1
1790803702732	4	dispatch lease of 7444a9d4-85d5-4e55-817a-bf3447d10477 lapsed	REJECT	com.alibaba.qwen.code.runtimebroker.ToolExecutionRecord@7daa61f3
1790803702808	4	dispatch lease of 7444a9d4-85d5-4e55-817a-bf3447d10477 lapsed	REJECT	com.alibaba.qwen.code.runtimebroker.ToolExecutionRecord@56f2bbea
1790803702888	4	dispatch lease of 7444a9d4-85d5-4e55-817a-bf3447d10477 lapsed	REJECT	com.alibaba.qwen.code.runtimebroker.ToolExecutionRecord@b0964b2
1790803702972	4	dispatch lease of 7444a9d4-85d5-4e55-817a-bf3447d10477 lapsed	REJECT	com.alibaba.qwen.code.runtimebroker.ToolExecutionRecord@24e8de5c
1790803703056	4	dispatch lease of 7444a9d4-85d5-4e55-817a-bf3447d10477 lapsed	REJECT	com.alibaba.qwen.code.runtimebroker.ToolExecutionRecord@6f89f665
1790803703132	4	dispatch lease of 7444a9d4-85d5-4e55-817a-bf3447d10477 lapsed	REJECT	com.alibaba.qwen.code.runtimebroker.ToolExecutionRecord@1ad926d3
1790803703220	4	dispatch lease of 7444a9d4-85d5-4e55-817a-bf3447d10477 lapsed	REJECT	com.alibaba.qwen.code.runtimebroker.ToolExecutionRecord@5f2afe62
1790803703296	4	dispatch lease of 7444a9d4-85d5-4e55-817a-bf3447d10477 lapsed	REJECT	com.alibaba.qwen.code.runtimebroker.ToolExecutionRecord@60c16548
1790803703372	4	dispatch lease of 7444a9d4-85d5-4e55-817a-bf3447d10477 lapsed	REJECT	com.alibaba.qwen.code.runtimebroker.ToolExecutionRecord@38b972d7
1790803703456	4	dispatch lease of 7444a9d4-85d5-4e55-817a-bf3447d10477 lapsed	REJECT	com.alibaba.qwen.code.runtimebroker.ToolExecutionRecord@288a4658
1790803703534	4	dispatch lease of 7444a9d4-85d5-4e55-817a-bf3447d10477 lapsed	REJECT	com.alibaba.qwen.code.runtimebroker.ToolExecutionRecord@534243e4
1790803703622	4	dispatch lease of 7444a9d4-85d5-4e55-817a-bf3447d10477 lapsed	REJECT	com.alibaba.qwen.code.runtimebroker.ToolExecutionRecord@66d57c1b
1790803703696	4	dispatch lease of 7444a9d4-85d5-4e55-817a-bf3447d10477 lapsed	REJECT	com.alibaba.qwen.code.runtimebroker.ToolExecutionRecord@1e411d81
1790803703776	4	dispatch lease of 7444a9d4-85d5-4e55-817a-bf3447d10477 lapsed	REJECT	com.alibaba.qwen.code.runtimebroker.ToolExecutionRecord@7fcff1b9
1790803703860	4	dispatch lease of 7444a9d4-85d5-4e55-817a-bf3447d10477 lapsed	REJECT	com.alibaba.qwen.code.runtimebroker.ToolExecutionRecord@36074e47
1790803703936	4	dispatch lease of 7444a9d4-85d5-4e55-817a-bf3447d10477 lapsed	REJECT	com.alibaba.qwen.code.runtimebroker.ToolExecutionRecord@66eb985d
1790803704017	4	dispatch lease of 7444a9d4-85d5-4e55-817a-bf3447d10477 lapsed	REJECT	com.alibaba.qwen.code.runtimebroker.ToolExecutionRecord@6c8a68c1
1790803704092	4	dispatch lease of 7444a9d4-85d5-4e55-817a-bf3447d10477 lapsed	REJECT	com.alibaba.qwen.code.runtimebroker.ToolExecutionRecord@5f8890c2
1790803704164	4	dispatch lease of 7444a9d4-85d5-4e55-817a-bf3447d10477 lapsed	REJECT	com.alibaba.qwen.code.runtimebroker.ToolExecutionRecord@138a7441
1790803704252	4	dispatch lease of 7444a9d4-85d5-4e55-817a-bf3447d10477 lapsed	REJECT	com.alibaba.qwen.code.runtimebroker.ToolExecutionRecord@3e598df9
1790803704326	4	dispatch lease of 7444a9d4-85d5-4e55-817a-bf3447d10477 lapsed	REJECT	com.alibaba.qwen.code.runtimebroker.ToolExecutionRecord@3088660d
1790803704400	4	dispatch lease of 7444a9d4-85d5-4e55-817a-bf3447d10477 lapsed	REJECT	com.alibaba.qwen.code.runtimebroker.ToolExecutionRecord@6813a331
1790803704476	4	dispatch lease of 7444a9d4-85d5-4e55-817a-bf3447d10477 lapsed	REJECT	com.alibaba.qwen.code.runtimebroker.ToolExecutionRecord@64e92d61
1790803704556	4	dispatch lease of 7444a9d4-85d5-4e55-817a-bf3447d10477 lapsed	REJECT	com.alibaba.qwen.code.runtimebroker.ToolExecutionRecord@29d37757
1790803704636	4	dispatch lease of 7444a9d4-85d5-4e55-817a-bf3447d10477 lapsed	REJECT	com.alibaba.qwen.code.runtimebroker.ToolExecutionRecord@4beddc56
1790803704716	4	dispatch lease of 7444a9d4-85d5-4e55-817a-bf3447d10477 lapsed	REJECT	com.alibaba.qwen.code.runtimebroker.ToolExecutionRecord@5d28bcd5
1790803704792	4	dispatch lease of 7444a9d4-85d5-4e55-817a-bf3447d10477 lapsed	REJECT	com.alibaba.qwen.code.runtimebroker.ToolExecutionRecord@20d11153
1790803704868	4	dispatch lease of 7444a9d4-85d5-4e55-817a-bf3447d10477 lapsed	REJECT	com.alibaba.qwen.code.runtimebroker.ToolExecutionRecord@78dc4696
1790803704944	4	dispatch lease of 7444a9d4-85d5-4e55-817a-bf3447d10477 lapsed	REJECT	com.alibaba.qwen.code.runtimebroker.ToolExecutionRecord@4fe01805
1790803705040	4	dispatch lease of 7444a9d4-85d5-4e55-817a-bf3447d10477 lapsed	ACCEPT	com.alibaba.qwen.code.runtimebroker.ToolExecutionRecord@38f2e97e
1790803709768	4	dispatch lease of 06bc6675-6f92-4fce-a19f-578226cca132 lapsed	REJECT	com.alibaba.qwen.code.runtimebroker.ToolExecutionRecord@7b22ec89
1790803709860	4	dispatch lease of 06bc6675-6f92-4fce-a19f-578226cca132 lapsed	REJECT	com.alibaba.qwen.code.runtimebroker.ToolExecutionRecord@48b0e701
1790803709941	4	dispatch lease of 06bc6675-6f92-4fce-a19f-578226cca132 lapsed	REJECT	com.alibaba.qwen.code.runtimebroker.ToolExecutionRecord@30e92cb9
1790803710024	4	dispatch lease of 06bc6675-6f92-4fce-a19f-578226cca132 lapsed	REJECT	com.alibaba.qwen.code.runtimebroker.ToolExecutionRecord@3f4f9acd
1790803710104	4	dispatch lease of 06bc6675-6f92-4fce-a19f-578226cca132 lapsed	REJECT	com.alibaba.qwen.code.runtimebroker.ToolExecutionRecord@4f7c0be3
1790803710188	4	dispatch lease of 06bc6675-6f92-4fce-a19f-578226cca132 lapsed	REJECT	com.alibaba.qwen.code.runtimebroker.ToolExecutionRecord@4fa06f52
1790803710268	4	dispatch lease of 06bc6675-6f92-4fce-a19f-578226cca132 lapsed	REJECT	com.alibaba.qwen.code.runtimebroker.ToolExecutionRecord@705202d1
1790803710348	4	dispatch lease of 06bc6675-6f92-4fce-a19f-578226cca132 lapsed	REJECT	com.alibaba.qwen.code.runtimebroker.ToolExecutionRecord@3bd55d8
1790803710424	4	dispatch lease of 06bc6675-6f92-4fce-a19f-578226cca132 lapsed	REJECT	com.alibaba.qwen.code.runtimebroker.ToolExecutionRecord@61942c1
1790803710504	4	dispatch lease of 06bc6675-6f92-4fce-a19f-578226cca132 lapsed	REJECT	com.alibaba.qwen.code.runtimebroker.ToolExecutionRecord@62a8fd44
1790803710592	4	dispatch lease of 06bc6675-6f92-4fce-a19f-578226cca132 lapsed	REJECT	com.alibaba.qwen.code.runtimebroker.ToolExecutionRecord@4ee33af7
1790803710672	4	dispatch lease of 06bc6675-6f92-4fce-a19f-578226cca132 lapsed	REJECT	com.alibaba.qwen.code.runtimebroker.ToolExecutionRecord@1d035be3
1790803710748	4	dispatch lease of 06bc6675-6f92-4fce-a19f-578226cca132 lapsed	REJECT	com.alibaba.qwen.code.runtimebroker.ToolExecutionRecord@58faa93b
1790803710828	4	dispatch lease of 06bc6675-6f92-4fce-a19f-578226cca132 lapsed	REJECT	com.alibaba.qwen.code.runtimebroker.ToolExecutionRecord@6b9c69a9
1790803710908	4	dispatch lease of 06bc6675-6f92-4fce-a19f-578226cca132 lapsed	REJECT	com.alibaba.qwen.code.runtimebroker.ToolExecutionRecord@497570fb
1790803710988	4	dispatch lease of 06bc6675-6f92-4fce-a19f-578226cca132 lapsed	REJECT	com.alibaba.qwen.code.runtimebroker.ToolExecutionRecord@4dd94a58
1790803711076	4	dispatch lease of 06bc6675-6f92-4fce-a19f-578226cca132 lapsed	REJECT	com.alibaba.qwen.code.runtimebroker.ToolExecutionRecord@75b21c3b
1790803711160	4	dispatch lease of 06bc6675-6f92-4fce-a19f-578226cca132 lapsed	REJECT	com.alibaba.qwen.code.runtimebroker.ToolExecutionRecord@4bd2f0dc
1790803711240	4	dispatch lease of 06bc6675-6f92-4fce-a19f-578226cca132 lapsed	REJECT	com.alibaba.qwen.code.runtimebroker.ToolExecutionRecord@51e37590
1790803711324	4	dispatch lease of 06bc6675-6f92-4fce-a19f-578226cca132 lapsed	REJECT	com.alibaba.qwen.code.runtimebroker.ToolExecutionRecord@39aa45a1
1790803711404	4	dispatch lease of 06bc6675-6f92-4fce-a19f-578226cca132 lapsed	REJECT	com.alibaba.qwen.code.runtimebroker.ToolExecutionRecord@27ead29e
1790803711484	4	dispatch lease of 06bc6675-6f92-4fce-a19f-578226cca132 lapsed	REJECT	com.alibaba.qwen.code.runtimebroker.ToolExecutionRecord@383f3558
1790803711564	4	dispatch lease of 06bc6675-6f92-4fce-a19f-578226cca132 lapsed	REJECT	com.alibaba.qwen.code.runtimebroker.ToolExecutionRecord@65f00478
1790803711644	4	dispatch lease of 06bc6675-6f92-4fce-a19f-578226cca132 lapsed	REJECT	com.alibaba.qwen.code.runtimebroker.ToolExecutionRecord@28486680
1790803711720	4	dispatch lease of 06bc6675-6f92-4fce-a19f-578226cca132 lapsed	REJECT	com.alibaba.qwen.code.runtimebroker.ToolExecutionRecord@6e78fcf5
1790803711808	4	dispatch lease of 06bc6675-6f92-4fce-a19f-578226cca132 lapsed	REJECT	com.alibaba.qwen.code.runtimebroker.ToolExecutionRecord@7d151a
1790803711884	4	dispatch lease of 06bc6675-6f92-4fce-a19f-578226cca132 lapsed	REJECT	com.alibaba.qwen.code.runtimebroker.ToolExecutionRecord@1f86099a
1790803711972	4	dispatch lease of 06bc6675-6f92-4fce-a19f-578226cca132 lapsed	REJECT	com.alibaba.qwen.code.runtimebroker.ToolExecutionRecord@54acff7d
1790803712052	4	dispatch lease of 06bc6675-6f92-4fce-a19f-578226cca132 lapsed	ACCEPT	com.alibaba.qwen.code.runtimebroker.ToolExecutionRecord@4248ed58
1790803985644	5	escaped writer pid	REJECT	false
1790803985704	5	escaped writer pid	REJECT	false
1790803985754	5	escaped writer pid	REJECT	false
1790803985804	5	escaped writer pid	ACCEPT	true
1790803985822	5	escaped writer output	REJECT	false
1790803985876	5	escaped writer output	ACCEPT	true
1790803987700	5	original worker loss after recovery fencing	ACCEPT	Reply[ok=false, value=null, status=503, code=runtime_broker_runtime_lost, retryable=true, message=Runtime is lost; recovery requires complete evidence and cleanup]
1790803987868	5	escaped writer continues after loss; the physical pin must remain	REJECT	40
1790803987919	5	escaped writer continues after loss; the physical pin must remain	ACCEPT	41
1790803991228	5	escaped writer pid	REJECT	false
1790803991278	5	escaped writer pid	REJECT	false
1790803991328	5	escaped writer pid	REJECT	false
1790803991378	5	escaped writer pid	REJECT	false
1790803991429	5	escaped writer pid	ACCEPT	true
1790803991446	5	escaped writer output	REJECT	false
1790803991496	5	escaped writer output	ACCEPT	true
1790803993210	5	original worker loss after recovery fencing	ACCEPT	Reply[ok=false, value=null, status=503, code=runtime_broker_runtime_lost, retryable=true, message=Runtime is lost; recovery requires complete evidence and cleanup]
1790803993268	5	escaped writer continues after loss; the physical pin must remain	REJECT	36
1790803993318	5	escaped writer continues after loss; the physical pin must remain	ACCEPT	37
1790803996615	5	marker = [start]	REJECT	[]
1790803996665	5	marker = [start]	REJECT	[]
1790803996716	5	marker = [start]	ACCEPT	[start]
1790803996793	5	UNKNOWN execution	REJECT	com.alibaba.qwen.code.runtimebroker.ToolExecutionRecord@533b266e
1790803996865	5	UNKNOWN execution	ACCEPT	com.alibaba.qwen.code.runtimebroker.ToolExecutionRecord@89ff02e
1790804004405	5	marker = [start]	REJECT	[]
1790804004455	5	marker = [start]	REJECT	[]
1790804004508	5	marker = [start]	ACCEPT	[start]
1790804005848	5	original Runtime loss after recovery fencing	ACCEPT	Reply[ok=false, value=null, status=503, code=runtime_broker_runtime_lost, retryable=true, message=Runtime is lost; recovery requires complete evidence and cleanup]
1790804013961	5	dispatch lease of 4c3bd61c-ec53-435e-8df6-6db22db6da75 lapsed	REJECT	com.alibaba.qwen.code.runtimebroker.ToolExecutionRecord@303e3593
1790804014053	5	dispatch lease of 4c3bd61c-ec53-435e-8df6-6db22db6da75 lapsed	REJECT	com.alibaba.qwen.code.runtimebroker.ToolExecutionRecord@1d9bec4d
1790804014145	5	dispatch lease of 4c3bd61c-ec53-435e-8df6-6db22db6da75 lapsed	REJECT	com.alibaba.qwen.code.runtimebroker.ToolExecutionRecord@674c583e
1790804014233	5	dispatch lease of 4c3bd61c-ec53-435e-8df6-6db22db6da75 lapsed	REJECT	com.alibaba.qwen.code.runtimebroker.ToolExecutionRecord@5ab14cb9
1790804014316	5	dispatch lease of 4c3bd61c-ec53-435e-8df6-6db22db6da75 lapsed	REJECT	com.alibaba.qwen.code.runtimebroker.ToolExecutionRecord@61861a29
1790804014397	5	dispatch lease of 4c3bd61c-ec53-435e-8df6-6db22db6da75 lapsed	REJECT	com.alibaba.qwen.code.runtimebroker.ToolExecutionRecord@32cb636e
1790804014485	5	dispatch lease of 4c3bd61c-ec53-435e-8df6-6db22db6da75 lapsed	REJECT	com.alibaba.qwen.code.runtimebroker.ToolExecutionRecord@3a4e343
1790804014577	5	dispatch lease of 4c3bd61c-ec53-435e-8df6-6db22db6da75 lapsed	REJECT	com.alibaba.qwen.code.runtimebroker.ToolExecutionRecord@4b6579e8
1790804014663	5	dispatch lease of 4c3bd61c-ec53-435e-8df6-6db22db6da75 lapsed	REJECT	com.alibaba.qwen.code.runtimebroker.ToolExecutionRecord@591e58fa
1790804014749	5	dispatch lease of 4c3bd61c-ec53-435e-8df6-6db22db6da75 lapsed	REJECT	com.alibaba.qwen.code.runtimebroker.ToolExecutionRecord@593e824f
1790804014829	5	dispatch lease of 4c3bd61c-ec53-435e-8df6-6db22db6da75 lapsed	REJECT	com.alibaba.qwen.code.runtimebroker.ToolExecutionRecord@64bc21ac
1790804014921	5	dispatch lease of 4c3bd61c-ec53-435e-8df6-6db22db6da75 lapsed	REJECT	com.alibaba.qwen.code.runtimebroker.ToolExecutionRecord@ce5a68e
1790804015013	5	dispatch lease of 4c3bd61c-ec53-435e-8df6-6db22db6da75 lapsed	REJECT	com.alibaba.qwen.code.runtimebroker.ToolExecutionRecord@5df417a7
1790804015096	5	dispatch lease of 4c3bd61c-ec53-435e-8df6-6db22db6da75 lapsed	REJECT	com.alibaba.qwen.code.runtimebroker.ToolExecutionRecord@61078690
1790804015185	5	dispatch lease of 4c3bd61c-ec53-435e-8df6-6db22db6da75 lapsed	REJECT	com.alibaba.qwen.code.runtimebroker.ToolExecutionRecord@71c5b236
1790804015273	5	dispatch lease of 4c3bd61c-ec53-435e-8df6-6db22db6da75 lapsed	REJECT	com.alibaba.qwen.code.runtimebroker.ToolExecutionRecord@669513d8
1790804015365	5	dispatch lease of 4c3bd61c-ec53-435e-8df6-6db22db6da75 lapsed	REJECT	com.alibaba.qwen.code.runtimebroker.ToolExecutionRecord@361c294e
1790804015453	5	dispatch lease of 4c3bd61c-ec53-435e-8df6-6db22db6da75 lapsed	REJECT	com.alibaba.qwen.code.runtimebroker.ToolExecutionRecord@314b8f2d
1790804015542	5	dispatch lease of 4c3bd61c-ec53-435e-8df6-6db22db6da75 lapsed	REJECT	com.alibaba.qwen.code.runtimebroker.ToolExecutionRecord@15a902e7
1790804015624	5	dispatch lease of 4c3bd61c-ec53-435e-8df6-6db22db6da75 lapsed	REJECT	com.alibaba.qwen.code.runtimebroker.ToolExecutionRecord@5af28b27
1790804015709	5	dispatch lease of 4c3bd61c-ec53-435e-8df6-6db22db6da75 lapsed	REJECT	com.alibaba.qwen.code.runtimebroker.ToolExecutionRecord@72f46e16
1790804015801	5	dispatch lease of 4c3bd61c-ec53-435e-8df6-6db22db6da75 lapsed	REJECT	com.alibaba.qwen.code.runtimebroker.ToolExecutionRecord@549621f3
1790804015893	5	dispatch lease of 4c3bd61c-ec53-435e-8df6-6db22db6da75 lapsed	REJECT	com.alibaba.qwen.code.runtimebroker.ToolExecutionRecord@5217f3d0
1790804015981	5	dispatch lease of 4c3bd61c-ec53-435e-8df6-6db22db6da75 lapsed	REJECT	com.alibaba.qwen.code.runtimebroker.ToolExecutionRecord@2416a51
1790804016061	5	dispatch lease of 4c3bd61c-ec53-435e-8df6-6db22db6da75 lapsed	REJECT	com.alibaba.qwen.code.runtimebroker.ToolExecutionRecord@72e34f77
1790804016147	5	dispatch lease of 4c3bd61c-ec53-435e-8df6-6db22db6da75 lapsed	REJECT	com.alibaba.qwen.code.runtimebroker.ToolExecutionRecord@77307458
1790804016229	5	dispatch lease of 4c3bd61c-ec53-435e-8df6-6db22db6da75 lapsed	REJECT	com.alibaba.qwen.code.runtimebroker.ToolExecutionRecord@47874b25
1790804016314	5	dispatch lease of 4c3bd61c-ec53-435e-8df6-6db22db6da75 lapsed	REJECT	com.alibaba.qwen.code.runtimebroker.ToolExecutionRecord@5db4c359
1790804016405	5	dispatch lease of 4c3bd61c-ec53-435e-8df6-6db22db6da75 lapsed	REJECT	com.alibaba.qwen.code.runtimebroker.ToolExecutionRecord@f9b7332
1790804016498	5	dispatch lease of 4c3bd61c-ec53-435e-8df6-6db22db6da75 lapsed	REJECT	com.alibaba.qwen.code.runtimebroker.ToolExecutionRecord@4f8969b0
1790804016589	5	dispatch lease of 4c3bd61c-ec53-435e-8df6-6db22db6da75 lapsed	REJECT	com.alibaba.qwen.code.runtimebroker.ToolExecutionRecord@8a589a2
1790804016684	5	dispatch lease of 4c3bd61c-ec53-435e-8df6-6db22db6da75 lapsed	REJECT	com.alibaba.qwen.code.runtimebroker.ToolExecutionRecord@b672aa8
1790804016784	5	dispatch lease of 4c3bd61c-ec53-435e-8df6-6db22db6da75 lapsed	REJECT	com.alibaba.qwen.code.runtimebroker.ToolExecutionRecord@6e46d9f4
1790804016869	5	dispatch lease of 4c3bd61c-ec53-435e-8df6-6db22db6da75 lapsed	REJECT	com.alibaba.qwen.code.runtimebroker.ToolExecutionRecord@21c64522
1790804016957	5	dispatch lease of 4c3bd61c-ec53-435e-8df6-6db22db6da75 lapsed	REJECT	com.alibaba.qwen.code.runtimebroker.ToolExecutionRecord@460f76a6
1790804017040	5	dispatch lease of 4c3bd61c-ec53-435e-8df6-6db22db6da75 lapsed	ACCEPT	com.alibaba.qwen.code.runtimebroker.ToolExecutionRecord@770d4269
1790804022338	5	marker = [start]	REJECT	[]
1790804022392	5	marker = [start]	REJECT	[]
1790804022442	5	marker = [start]	ACCEPT	[start]
1790804023129	5	dispatch lease of bbb92f93-0c0a-4eca-b39b-e402a02f24bc lapsed	REJECT	com.alibaba.qwen.code.runtimebroker.ToolExecutionRecord@62923ee6
1790804023214	5	dispatch lease of bbb92f93-0c0a-4eca-b39b-e402a02f24bc lapsed	REJECT	com.alibaba.qwen.code.runtimebroker.ToolExecutionRecord@7807ac2c
1790804023305	5	dispatch lease of bbb92f93-0c0a-4eca-b39b-e402a02f24bc lapsed	REJECT	com.alibaba.qwen.code.runtimebroker.ToolExecutionRecord@a77614d
1790804023389	5	dispatch lease of bbb92f93-0c0a-4eca-b39b-e402a02f24bc lapsed	REJECT	com.alibaba.qwen.code.runtimebroker.ToolExecutionRecord@a1217f9
1790804023473	5	dispatch lease of bbb92f93-0c0a-4eca-b39b-e402a02f24bc lapsed	REJECT	com.alibaba.qwen.code.runtimebroker.ToolExecutionRecord@2baa8d82
1790804023565	5	dispatch lease of bbb92f93-0c0a-4eca-b39b-e402a02f24bc lapsed	REJECT	com.alibaba.qwen.code.runtimebroker.ToolExecutionRecord@a7e2d9d
1790804023657	5	dispatch lease of bbb92f93-0c0a-4eca-b39b-e402a02f24bc lapsed	REJECT	com.alibaba.qwen.code.runtimebroker.ToolExecutionRecord@372ea2bc
1790804023745	5	dispatch lease of bbb92f93-0c0a-4eca-b39b-e402a02f24bc lapsed	REJECT	com.alibaba.qwen.code.runtimebroker.ToolExecutionRecord@3f19b8b3
1790804023832	5	dispatch lease of bbb92f93-0c0a-4eca-b39b-e402a02f24bc lapsed	REJECT	com.alibaba.qwen.code.runtimebroker.ToolExecutionRecord@cdc3aae
1790804023917	5	dispatch lease of bbb92f93-0c0a-4eca-b39b-e402a02f24bc lapsed	REJECT	com.alibaba.qwen.code.runtimebroker.ToolExecutionRecord@4c36250e
1790804024004	5	dispatch lease of bbb92f93-0c0a-4eca-b39b-e402a02f24bc lapsed	REJECT	com.alibaba.qwen.code.runtimebroker.ToolExecutionRecord@299266e2
1790804024084	5	dispatch lease of bbb92f93-0c0a-4eca-b39b-e402a02f24bc lapsed	REJECT	com.alibaba.qwen.code.runtimebroker.ToolExecutionRecord@1601e47
1790804024168	5	dispatch lease of bbb92f93-0c0a-4eca-b39b-e402a02f24bc lapsed	REJECT	com.alibaba.qwen.code.runtimebroker.ToolExecutionRecord@50687efb
1790804024252	5	dispatch lease of bbb92f93-0c0a-4eca-b39b-e402a02f24bc lapsed	REJECT	com.alibaba.qwen.code.runtimebroker.ToolExecutionRecord@4a9cc6cb
1790804024338	5	dispatch lease of bbb92f93-0c0a-4eca-b39b-e402a02f24bc lapsed	REJECT	com.alibaba.qwen.code.runtimebroker.ToolExecutionRecord@35d6ca49
1790804024428	5	dispatch lease of bbb92f93-0c0a-4eca-b39b-e402a02f24bc lapsed	REJECT	com.alibaba.qwen.code.runtimebroker.ToolExecutionRecord@12cd9150
1790804024516	5	dispatch lease of bbb92f93-0c0a-4eca-b39b-e402a02f24bc lapsed	REJECT	com.alibaba.qwen.code.runtimebroker.ToolExecutionRecord@cf65451
1790804024605	5	dispatch lease of bbb92f93-0c0a-4eca-b39b-e402a02f24bc lapsed	REJECT	com.alibaba.qwen.code.runtimebroker.ToolExecutionRecord@32fe9d0a
1790804024690	5	dispatch lease of bbb92f93-0c0a-4eca-b39b-e402a02f24bc lapsed	REJECT	com.alibaba.qwen.code.runtimebroker.ToolExecutionRecord@46074492
1790804024777	5	dispatch lease of bbb92f93-0c0a-4eca-b39b-e402a02f24bc lapsed	REJECT	com.alibaba.qwen.code.runtimebroker.ToolExecutionRecord@47428937
1790804024862	5	dispatch lease of bbb92f93-0c0a-4eca-b39b-e402a02f24bc lapsed	REJECT	com.alibaba.qwen.code.runtimebroker.ToolExecutionRecord@21694e53
1790804024948	5	dispatch lease of bbb92f93-0c0a-4eca-b39b-e402a02f24bc lapsed	REJECT	com.alibaba.qwen.code.runtimebroker.ToolExecutionRecord@70fab835
1790804025036	5	dispatch lease of bbb92f93-0c0a-4eca-b39b-e402a02f24bc lapsed	REJECT	com.alibaba.qwen.code.runtimebroker.ToolExecutionRecord@32057e6
1790804025125	5	dispatch lease of bbb92f93-0c0a-4eca-b39b-e402a02f24bc lapsed	REJECT	com.alibaba.qwen.code.runtimebroker.ToolExecutionRecord@759fad4
1790804025212	5	dispatch lease of bbb92f93-0c0a-4eca-b39b-e402a02f24bc lapsed	REJECT	com.alibaba.qwen.code.runtimebroker.ToolExecutionRecord@30ed9c6c
1790804025301	5	dispatch lease of bbb92f93-0c0a-4eca-b39b-e402a02f24bc lapsed	REJECT	com.alibaba.qwen.code.runtimebroker.ToolExecutionRecord@59fc684e
1790804025389	5	dispatch lease of bbb92f93-0c0a-4eca-b39b-e402a02f24bc lapsed	REJECT	com.alibaba.qwen.code.runtimebroker.ToolExecutionRecord@5ae76500
1790804025468	5	dispatch lease of bbb92f93-0c0a-4eca-b39b-e402a02f24bc lapsed	REJECT	com.alibaba.qwen.code.runtimebroker.ToolExecutionRecord@355e34c7
1790804025548	5	dispatch lease of bbb92f93-0c0a-4eca-b39b-e402a02f24bc lapsed	REJECT	com.alibaba.qwen.code.runtimebroker.ToolExecutionRecord@24f360b2
1790804025628	5	dispatch lease of bbb92f93-0c0a-4eca-b39b-e402a02f24bc lapsed	REJECT	com.alibaba.qwen.code.runtimebroker.ToolExecutionRecord@770d0ea6
1790804025716	5	dispatch lease of bbb92f93-0c0a-4eca-b39b-e402a02f24bc lapsed	REJECT	com.alibaba.qwen.code.runtimebroker.ToolExecutionRecord@1b11ef33
1790804025804	5	dispatch lease of bbb92f93-0c0a-4eca-b39b-e402a02f24bc lapsed	REJECT	com.alibaba.qwen.code.runtimebroker.ToolExecutionRecord@3bd7f8dc
1790804025892	5	dispatch lease of bbb92f93-0c0a-4eca-b39b-e402a02f24bc lapsed	REJECT	com.alibaba.qwen.code.runtimebroker.ToolExecutionRecord@21ec5d87
1790804025972	5	dispatch lease of bbb92f93-0c0a-4eca-b39b-e402a02f24bc lapsed	REJECT	com.alibaba.qwen.code.runtimebroker.ToolExecutionRecord@1a69561c
1790804026056	5	dispatch lease of bbb92f93-0c0a-4eca-b39b-e402a02f24bc lapsed	ACCEPT	com.alibaba.qwen.code.runtimebroker.ToolExecutionRecord@4b21844c
1790804027169	5	reconciliation from evidence	ACCEPT	ALREADY_SETTLED
1790804033848	5	dispatch lease of 77aa0c08-7495-41bd-8553-5737f1a1829e lapsed	REJECT	com.alibaba.qwen.code.runtimebroker.ToolExecutionRecord@2bffa76d
1790804033936	5	dispatch lease of 77aa0c08-7495-41bd-8553-5737f1a1829e lapsed	REJECT	com.alibaba.qwen.code.runtimebroker.ToolExecutionRecord@1f2d2181
1790804034028	5	dispatch lease of 77aa0c08-7495-41bd-8553-5737f1a1829e lapsed	REJECT	com.alibaba.qwen.code.runtimebroker.ToolExecutionRecord@3fcdcf
1790804034116	5	dispatch lease of 77aa0c08-7495-41bd-8553-5737f1a1829e lapsed	REJECT	com.alibaba.qwen.code.runtimebroker.ToolExecutionRecord@126be319
1790804034204	5	dispatch lease of 77aa0c08-7495-41bd-8553-5737f1a1829e lapsed	REJECT	com.alibaba.qwen.code.runtimebroker.ToolExecutionRecord@530a8454
1790804034284	5	dispatch lease of 77aa0c08-7495-41bd-8553-5737f1a1829e lapsed	REJECT	com.alibaba.qwen.code.runtimebroker.ToolExecutionRecord@36b6964d
1790804034368	5	dispatch lease of 77aa0c08-7495-41bd-8553-5737f1a1829e lapsed	REJECT	com.alibaba.qwen.code.runtimebroker.ToolExecutionRecord@75201592
1790804034440	5	dispatch lease of 77aa0c08-7495-41bd-8553-5737f1a1829e lapsed	REJECT	com.alibaba.qwen.code.runtimebroker.ToolExecutionRecord@282308c3
1790804034524	5	dispatch lease of 77aa0c08-7495-41bd-8553-5737f1a1829e lapsed	REJECT	com.alibaba.qwen.code.runtimebroker.ToolExecutionRecord@3d9fc57a
1790804034604	5	dispatch lease of 77aa0c08-7495-41bd-8553-5737f1a1829e lapsed	REJECT	com.alibaba.qwen.code.runtimebroker.ToolExecutionRecord@1af05b03
1790804034680	5	dispatch lease of 77aa0c08-7495-41bd-8553-5737f1a1829e lapsed	REJECT	com.alibaba.qwen.code.runtimebroker.ToolExecutionRecord@5bbbdd4b
1790804034760	5	dispatch lease of 77aa0c08-7495-41bd-8553-5737f1a1829e lapsed	REJECT	com.alibaba.qwen.code.runtimebroker.ToolExecutionRecord@4fdf8f12
1790804034836	5	dispatch lease of 77aa0c08-7495-41bd-8553-5737f1a1829e lapsed	REJECT	com.alibaba.qwen.code.runtimebroker.ToolExecutionRecord@6979efad
1790804034920	5	dispatch lease of 77aa0c08-7495-41bd-8553-5737f1a1829e lapsed	REJECT	com.alibaba.qwen.code.runtimebroker.ToolExecutionRecord@315ba14a
1790804035000	5	dispatch lease of 77aa0c08-7495-41bd-8553-5737f1a1829e lapsed	REJECT	com.alibaba.qwen.code.runtimebroker.ToolExecutionRecord@54e81b21
1790804035088	5	dispatch lease of 77aa0c08-7495-41bd-8553-5737f1a1829e lapsed	REJECT	com.alibaba.qwen.code.runtimebroker.ToolExecutionRecord@44ea608c
1790804035172	5	dispatch lease of 77aa0c08-7495-41bd-8553-5737f1a1829e lapsed	REJECT	com.alibaba.qwen.code.runtimebroker.ToolExecutionRecord@273c947f
1790804035252	5	dispatch lease of 77aa0c08-7495-41bd-8553-5737f1a1829e lapsed	REJECT	com.alibaba.qwen.code.runtimebroker.ToolExecutionRecord@632aa1a3
1790804035332	5	dispatch lease of 77aa0c08-7495-41bd-8553-5737f1a1829e lapsed	REJECT	com.alibaba.qwen.code.runtimebroker.ToolExecutionRecord@2899a8db
1790804035408	5	dispatch lease of 77aa0c08-7495-41bd-8553-5737f1a1829e lapsed	REJECT	com.alibaba.qwen.code.runtimebroker.ToolExecutionRecord@76b0ae1b
1790804035496	5	dispatch lease of 77aa0c08-7495-41bd-8553-5737f1a1829e lapsed	REJECT	com.alibaba.qwen.code.runtimebroker.ToolExecutionRecord@12365c88
1790804035568	5	dispatch lease of 77aa0c08-7495-41bd-8553-5737f1a1829e lapsed	REJECT	com.alibaba.qwen.code.runtimebroker.ToolExecutionRecord@77e2a6e2
1790804035653	5	dispatch lease of 77aa0c08-7495-41bd-8553-5737f1a1829e lapsed	REJECT	com.alibaba.qwen.code.runtimebroker.ToolExecutionRecord@6e0d4a8
1790804035732	5	dispatch lease of 77aa0c08-7495-41bd-8553-5737f1a1829e lapsed	REJECT	com.alibaba.qwen.code.runtimebroker.ToolExecutionRecord@5bb3d42d
1790804035816	5	dispatch lease of 77aa0c08-7495-41bd-8553-5737f1a1829e lapsed	REJECT	com.alibaba.qwen.code.runtimebroker.ToolExecutionRecord@b273a59
1790804035892	5	dispatch lease of 77aa0c08-7495-41bd-8553-5737f1a1829e lapsed	REJECT	com.alibaba.qwen.code.runtimebroker.ToolExecutionRecord@29b732a2
1790804035972	5	dispatch lease of 77aa0c08-7495-41bd-8553-5737f1a1829e lapsed	REJECT	com.alibaba.qwen.code.runtimebroker.ToolExecutionRecord@15051a0
1790804036052	5	dispatch lease of 77aa0c08-7495-41bd-8553-5737f1a1829e lapsed	ACCEPT	com.alibaba.qwen.code.runtimebroker.ToolExecutionRecord@62df0ff3
1790804037121	5	reconciliation from evidence	ACCEPT	ALREADY_SETTLED
1790804039944	5	marker = [start]	REJECT	[]
1790804039994	5	marker = [start]	REJECT	[]
1790804040044	5	marker = [start]	ACCEPT	[start]
1790804049080	5	marker = [start, end]	ACCEPT	[start, end]
1790804053446	5	startup adoption	REJECT	Reply[ok=false, value=null, status=503, code=runtime_provisioning_in_progress, retryable=true, message=another Broker owns Runtime provisioning]
1790804053553	5	startup adoption	REJECT	Reply[ok=false, value=null, status=503, code=runtime_provisioning_in_progress, retryable=true, message=another Broker owns Runtime provisioning]
1790804053669	5	startup adoption	REJECT	Reply[ok=false, value=null, status=503, code=runtime_provisioning_in_progress, retryable=true, message=another Broker owns Runtime provisioning]
1790804053765	5	startup adoption	REJECT	Reply[ok=false, value=null, status=503, code=runtime_provisioning_in_progress, retryable=true, message=another Broker owns Runtime provisioning]
1790804053869	5	startup adoption	REJECT	Reply[ok=false, value=null, status=503, code=runtime_provisioning_in_progress, retryable=true, message=another Broker owns Runtime provisioning]
1790804053981	5	startup adoption	REJECT	Reply[ok=false, value=null, status=503, code=runtime_provisioning_in_progress, retryable=true, message=another Broker owns Runtime provisioning]
1790804054309	5	startup adoption	ACCEPT	Reply[ok=true, value={"bindingId":"89ce5ac7-fc6b-4d3a-9af8-e544ad5e1fe9","generation":1,"state":"READY"}, status=0, code=null, retryable=false, message=null]
1790804058813	5	startup adoption	REJECT	Reply[ok=false, value=null, status=503, code=runtime_provisioning_in_progress, retryable=true, message=another Broker owns Runtime provisioning]
1790804058917	5	startup adoption	REJECT	Reply[ok=false, value=null, status=503, code=runtime_provisioning_in_progress, retryable=true, message=another Broker owns Runtime provisioning]
1790804059288	5	startup adoption	ACCEPT	Reply[ok=true, value={"bindingId":"bcf0178f-f41f-45ad-906f-ded707abf7d3","generation":1,"state":"READY"}, status=0, code=null, retryable=false, message=null]
1790804062409	5	marker = [start]	REJECT	[]
1790804062460	5	marker = [start]	REJECT	[]
1790804062510	5	marker = [start]	ACCEPT	[start]
1790804063989	5	original worker loss after recovery fencing	ACCEPT	Reply[ok=false, value=null, status=503, code=runtime_broker_runtime_lost, retryable=true, message=Runtime is lost; recovery requires complete evidence and cleanup]
1790804067049	5	project/marker = [start]	REJECT	[]
1790804067100	5	project/marker = [start]	REJECT	[]
1790804067150	5	project/marker = [start]	REJECT	[]
1790804067200	5	project/marker = [start]	ACCEPT	[start]
1790804068564	5	original worker loss after recovery fencing	ACCEPT	Reply[ok=false, value=null, status=503, code=runtime_broker_runtime_lost, retryable=true, message=Runtime is lost; recovery requires complete evidence and cleanup]
1790804083283	5	marker = [start]	REJECT	[]
1790804083336	5	marker = [start]	REJECT	[]
1790804083386	5	marker = [start]	REJECT	[]
1790804083436	5	marker = [start]	ACCEPT	[start]
1790804085328	5	dispatch lease of 675b0b12-0f1a-4bc1-a4d5-9abb2dcea199 lapsed	REJECT	com.alibaba.qwen.code.runtimebroker.ToolExecutionRecord@88a8218
1790804085408	5	dispatch lease of 675b0b12-0f1a-4bc1-a4d5-9abb2dcea199 lapsed	REJECT	com.alibaba.qwen.code.runtimebroker.ToolExecutionRecord@5fa05212
1790804085480	5	dispatch lease of 675b0b12-0f1a-4bc1-a4d5-9abb2dcea199 lapsed	REJECT	com.alibaba.qwen.code.runtimebroker.ToolExecutionRecord@23aae55
1790804085564	5	dispatch lease of 675b0b12-0f1a-4bc1-a4d5-9abb2dcea199 lapsed	REJECT	com.alibaba.qwen.code.runtimebroker.ToolExecutionRecord@7a9c84a5
1790804085644	5	dispatch lease of 675b0b12-0f1a-4bc1-a4d5-9abb2dcea199 lapsed	REJECT	com.alibaba.qwen.code.runtimebroker.ToolExecutionRecord@7e053511
1790804085724	5	dispatch lease of 675b0b12-0f1a-4bc1-a4d5-9abb2dcea199 lapsed	REJECT	com.alibaba.qwen.code.runtimebroker.ToolExecutionRecord@26f1249d
1790804085804	5	dispatch lease of 675b0b12-0f1a-4bc1-a4d5-9abb2dcea199 lapsed	REJECT	com.alibaba.qwen.code.runtimebroker.ToolExecutionRecord@28b576a9
1790804085888	5	dispatch lease of 675b0b12-0f1a-4bc1-a4d5-9abb2dcea199 lapsed	REJECT	com.alibaba.qwen.code.runtimebroker.ToolExecutionRecord@1b1637e1
1790804085964	5	dispatch lease of 675b0b12-0f1a-4bc1-a4d5-9abb2dcea199 lapsed	REJECT	com.alibaba.qwen.code.runtimebroker.ToolExecutionRecord@169da7f2
1790804086040	5	dispatch lease of 675b0b12-0f1a-4bc1-a4d5-9abb2dcea199 lapsed	REJECT	com.alibaba.qwen.code.runtimebroker.ToolExecutionRecord@60297f36
1790804086120	5	dispatch lease of 675b0b12-0f1a-4bc1-a4d5-9abb2dcea199 lapsed	REJECT	com.alibaba.qwen.code.runtimebroker.ToolExecutionRecord@df4b72
1790804086204	5	dispatch lease of 675b0b12-0f1a-4bc1-a4d5-9abb2dcea199 lapsed	REJECT	com.alibaba.qwen.code.runtimebroker.ToolExecutionRecord@894858
1790804086284	5	dispatch lease of 675b0b12-0f1a-4bc1-a4d5-9abb2dcea199 lapsed	REJECT	com.alibaba.qwen.code.runtimebroker.ToolExecutionRecord@3ecedf21
1790804086360	5	dispatch lease of 675b0b12-0f1a-4bc1-a4d5-9abb2dcea199 lapsed	REJECT	com.alibaba.qwen.code.runtimebroker.ToolExecutionRecord@3359c978
1790804086444	5	dispatch lease of 675b0b12-0f1a-4bc1-a4d5-9abb2dcea199 lapsed	REJECT	com.alibaba.qwen.code.runtimebroker.ToolExecutionRecord@6f330eb9
1790804086506	5	dispatch lease of 675b0b12-0f1a-4bc1-a4d5-9abb2dcea199 lapsed	REJECT	com.alibaba.qwen.code.runtimebroker.ToolExecutionRecord@68ace111
1790804086580	5	dispatch lease of 675b0b12-0f1a-4bc1-a4d5-9abb2dcea199 lapsed	REJECT	com.alibaba.qwen.code.runtimebroker.ToolExecutionRecord@4fbb001b
1790804086660	5	dispatch lease of 675b0b12-0f1a-4bc1-a4d5-9abb2dcea199 lapsed	REJECT	com.alibaba.qwen.code.runtimebroker.ToolExecutionRecord@4943defe
1790804086736	5	dispatch lease of 675b0b12-0f1a-4bc1-a4d5-9abb2dcea199 lapsed	REJECT	com.alibaba.qwen.code.runtimebroker.ToolExecutionRecord@78d50a3c
1790804086808	5	dispatch lease of 675b0b12-0f1a-4bc1-a4d5-9abb2dcea199 lapsed	REJECT	com.alibaba.qwen.code.runtimebroker.ToolExecutionRecord@7f4d9395
1790804086896	5	dispatch lease of 675b0b12-0f1a-4bc1-a4d5-9abb2dcea199 lapsed	REJECT	com.alibaba.qwen.code.runtimebroker.ToolExecutionRecord@6a078481
1790804086972	5	dispatch lease of 675b0b12-0f1a-4bc1-a4d5-9abb2dcea199 lapsed	REJECT	com.alibaba.qwen.code.runtimebroker.ToolExecutionRecord@718607eb
1790804087060	5	dispatch lease of 675b0b12-0f1a-4bc1-a4d5-9abb2dcea199 lapsed	REJECT	com.alibaba.qwen.code.runtimebroker.ToolExecutionRecord@2617f816
1790804087140	5	dispatch lease of 675b0b12-0f1a-4bc1-a4d5-9abb2dcea199 lapsed	REJECT	com.alibaba.qwen.code.runtimebroker.ToolExecutionRecord@535b8c24
1790804087216	5	dispatch lease of 675b0b12-0f1a-4bc1-a4d5-9abb2dcea199 lapsed	REJECT	com.alibaba.qwen.code.runtimebroker.ToolExecutionRecord@a53bb6f
1790804087296	5	dispatch lease of 675b0b12-0f1a-4bc1-a4d5-9abb2dcea199 lapsed	REJECT	com.alibaba.qwen.code.runtimebroker.ToolExecutionRecord@33a053d
1790804087372	5	dispatch lease of 675b0b12-0f1a-4bc1-a4d5-9abb2dcea199 lapsed	REJECT	com.alibaba.qwen.code.runtimebroker.ToolExecutionRecord@867ba60
1790804087448	5	dispatch lease of 675b0b12-0f1a-4bc1-a4d5-9abb2dcea199 lapsed	REJECT	com.alibaba.qwen.code.runtimebroker.ToolExecutionRecord@55b5e331
1790804087536	5	dispatch lease of 675b0b12-0f1a-4bc1-a4d5-9abb2dcea199 lapsed	REJECT	com.alibaba.qwen.code.runtimebroker.ToolExecutionRecord@3f3c7bdb
1790804087620	5	dispatch lease of 675b0b12-0f1a-4bc1-a4d5-9abb2dcea199 lapsed	REJECT	com.alibaba.qwen.code.runtimebroker.ToolExecutionRecord@7da10b5b
1790804087696	5	dispatch lease of 675b0b12-0f1a-4bc1-a4d5-9abb2dcea199 lapsed	REJECT	com.alibaba.qwen.code.runtimebroker.ToolExecutionRecord@2e16b08d
1790804087784	5	dispatch lease of 675b0b12-0f1a-4bc1-a4d5-9abb2dcea199 lapsed	REJECT	com.alibaba.qwen.code.runtimebroker.ToolExecutionRecord@42561fba
1790804087868	5	dispatch lease of 675b0b12-0f1a-4bc1-a4d5-9abb2dcea199 lapsed	REJECT	com.alibaba.qwen.code.runtimebroker.ToolExecutionRecord@408613cc
1790804087944	5	dispatch lease of 675b0b12-0f1a-4bc1-a4d5-9abb2dcea199 lapsed	REJECT	com.alibaba.qwen.code.runtimebroker.ToolExecutionRecord@63a5d002
1790804088024	5	dispatch lease of 675b0b12-0f1a-4bc1-a4d5-9abb2dcea199 lapsed	ACCEPT	com.alibaba.qwen.code.runtimebroker.ToolExecutionRecord@3af9aa66
1790804088409	5	cancelled original call	ACCEPT	RESOLVED
1790804091309	5	project/marker = [start]	REJECT	[]
1790804091359	5	project/marker = [start]	REJECT	[]
1790804091410	5	project/marker = [start]	ACCEPT	[start]
1790804093060	5	dispatch lease of a9715c52-3614-4c4c-b395-dfb8f01113bd lapsed	REJECT	com.alibaba.qwen.code.runtimebroker.ToolExecutionRecord@41c89d2f
1790804093135	5	dispatch lease of a9715c52-3614-4c4c-b395-dfb8f01113bd lapsed	REJECT	com.alibaba.qwen.code.runtimebroker.ToolExecutionRecord@1bdbf9be
1790804093216	5	dispatch lease of a9715c52-3614-4c4c-b395-dfb8f01113bd lapsed	REJECT	com.alibaba.qwen.code.runtimebroker.ToolExecutionRecord@78d39a69
1790804093296	5	dispatch lease of a9715c52-3614-4c4c-b395-dfb8f01113bd lapsed	REJECT	com.alibaba.qwen.code.runtimebroker.ToolExecutionRecord@71154f21
1790804093384	5	dispatch lease of a9715c52-3614-4c4c-b395-dfb8f01113bd lapsed	REJECT	com.alibaba.qwen.code.runtimebroker.ToolExecutionRecord@304a9d7b
1790804093468	5	dispatch lease of a9715c52-3614-4c4c-b395-dfb8f01113bd lapsed	REJECT	com.alibaba.qwen.code.runtimebroker.ToolExecutionRecord@606fc505
1790804093552	5	dispatch lease of a9715c52-3614-4c4c-b395-dfb8f01113bd lapsed	REJECT	com.alibaba.qwen.code.runtimebroker.ToolExecutionRecord@347bdeef
1790804093636	5	dispatch lease of a9715c52-3614-4c4c-b395-dfb8f01113bd lapsed	REJECT	com.alibaba.qwen.code.runtimebroker.ToolExecutionRecord@77e80a5e
1790804093712	5	dispatch lease of a9715c52-3614-4c4c-b395-dfb8f01113bd lapsed	REJECT	com.alibaba.qwen.code.runtimebroker.ToolExecutionRecord@7ea4d397
1790804093788	5	dispatch lease of a9715c52-3614-4c4c-b395-dfb8f01113bd lapsed	REJECT	com.alibaba.qwen.code.runtimebroker.ToolExecutionRecord@8dfe921
1790804093868	5	dispatch lease of a9715c52-3614-4c4c-b395-dfb8f01113bd lapsed	REJECT	com.alibaba.qwen.code.runtimebroker.ToolExecutionRecord@109f5dd8
1790804093953	5	dispatch lease of a9715c52-3614-4c4c-b395-dfb8f01113bd lapsed	REJECT	com.alibaba.qwen.code.runtimebroker.ToolExecutionRecord@3dedb4a6
1790804094036	5	dispatch lease of a9715c52-3614-4c4c-b395-dfb8f01113bd lapsed	REJECT	com.alibaba.qwen.code.runtimebroker.ToolExecutionRecord@194152cf
1790804094116	5	dispatch lease of a9715c52-3614-4c4c-b395-dfb8f01113bd lapsed	REJECT	com.alibaba.qwen.code.runtimebroker.ToolExecutionRecord@1d81e101
1790804094207	5	dispatch lease of a9715c52-3614-4c4c-b395-dfb8f01113bd lapsed	REJECT	com.alibaba.qwen.code.runtimebroker.ToolExecutionRecord@22d6cac2
1790804094292	5	dispatch lease of a9715c52-3614-4c4c-b395-dfb8f01113bd lapsed	REJECT	com.alibaba.qwen.code.runtimebroker.ToolExecutionRecord@2577d6c8
1790804094372	5	dispatch lease of a9715c52-3614-4c4c-b395-dfb8f01113bd lapsed	REJECT	com.alibaba.qwen.code.runtimebroker.ToolExecutionRecord@5f233b26
1790804094449	5	dispatch lease of a9715c52-3614-4c4c-b395-dfb8f01113bd lapsed	REJECT	com.alibaba.qwen.code.runtimebroker.ToolExecutionRecord@5e8a459
1790804094532	5	dispatch lease of a9715c52-3614-4c4c-b395-dfb8f01113bd lapsed	REJECT	com.alibaba.qwen.code.runtimebroker.ToolExecutionRecord@9ec531
1790804094616	5	dispatch lease of a9715c52-3614-4c4c-b395-dfb8f01113bd lapsed	REJECT	com.alibaba.qwen.code.runtimebroker.ToolExecutionRecord@19542407
1790804094692	5	dispatch lease of a9715c52-3614-4c4c-b395-dfb8f01113bd lapsed	REJECT	com.alibaba.qwen.code.runtimebroker.ToolExecutionRecord@55caeb35
1790804094772	5	dispatch lease of a9715c52-3614-4c4c-b395-dfb8f01113bd lapsed	REJECT	com.alibaba.qwen.code.runtimebroker.ToolExecutionRecord@74a195a4
1790804094852	5	dispatch lease of a9715c52-3614-4c4c-b395-dfb8f01113bd lapsed	REJECT	com.alibaba.qwen.code.runtimebroker.ToolExecutionRecord@4287d447
1790804094952	5	dispatch lease of a9715c52-3614-4c4c-b395-dfb8f01113bd lapsed	REJECT	com.alibaba.qwen.code.runtimebroker.ToolExecutionRecord@7c0da600
1790804095036	5	dispatch lease of a9715c52-3614-4c4c-b395-dfb8f01113bd lapsed	REJECT	com.alibaba.qwen.code.runtimebroker.ToolExecutionRecord@47dd778
1790804095116	5	dispatch lease of a9715c52-3614-4c4c-b395-dfb8f01113bd lapsed	REJECT	com.alibaba.qwen.code.runtimebroker.ToolExecutionRecord@64a896b0
1790804095192	5	dispatch lease of a9715c52-3614-4c4c-b395-dfb8f01113bd lapsed	REJECT	com.alibaba.qwen.code.runtimebroker.ToolExecutionRecord@1adb7478
1790804095272	5	dispatch lease of a9715c52-3614-4c4c-b395-dfb8f01113bd lapsed	REJECT	com.alibaba.qwen.code.runtimebroker.ToolExecutionRecord@4604b900
1790804095360	5	dispatch lease of a9715c52-3614-4c4c-b395-dfb8f01113bd lapsed	REJECT	com.alibaba.qwen.code.runtimebroker.ToolExecutionRecord@3961a41a
1790804095444	5	dispatch lease of a9715c52-3614-4c4c-b395-dfb8f01113bd lapsed	REJECT	com.alibaba.qwen.code.runtimebroker.ToolExecutionRecord@d2387c8
1790804095520	5	dispatch lease of a9715c52-3614-4c4c-b395-dfb8f01113bd lapsed	REJECT	com.alibaba.qwen.code.runtimebroker.ToolExecutionRecord@1fd386c3
1790804095600	5	dispatch lease of a9715c52-3614-4c4c-b395-dfb8f01113bd lapsed	REJECT	com.alibaba.qwen.code.runtimebroker.ToolExecutionRecord@100f9bbe
1790804095688	5	dispatch lease of a9715c52-3614-4c4c-b395-dfb8f01113bd lapsed	REJECT	com.alibaba.qwen.code.runtimebroker.ToolExecutionRecord@cd7f1ae
1790804095759	5	dispatch lease of a9715c52-3614-4c4c-b395-dfb8f01113bd lapsed	REJECT	com.alibaba.qwen.code.runtimebroker.ToolExecutionRecord@680362a
1790804095824	5	dispatch lease of a9715c52-3614-4c4c-b395-dfb8f01113bd lapsed	REJECT	com.alibaba.qwen.code.runtimebroker.ToolExecutionRecord@7d0332e1
1790804095904	5	dispatch lease of a9715c52-3614-4c4c-b395-dfb8f01113bd lapsed	REJECT	com.alibaba.qwen.code.runtimebroker.ToolExecutionRecord@377c68c6
1790804095988	5	dispatch lease of a9715c52-3614-4c4c-b395-dfb8f01113bd lapsed	REJECT	com.alibaba.qwen.code.runtimebroker.ToolExecutionRecord@430fa4ef
1790804096068	5	dispatch lease of a9715c52-3614-4c4c-b395-dfb8f01113bd lapsed	ACCEPT	com.alibaba.qwen.code.runtimebroker.ToolExecutionRecord@654c1a54
1790804096409	5	cancelled original call	ACCEPT	RESOLVED
1790804100104	5	dispatch lease of 04f812f6-2772-4dec-a09e-50084fe56afd lapsed	REJECT	com.alibaba.qwen.code.runtimebroker.ToolExecutionRecord@2bfeb1ef
1790804100184	5	dispatch lease of 04f812f6-2772-4dec-a09e-50084fe56afd lapsed	REJECT	com.alibaba.qwen.code.runtimebroker.ToolExecutionRecord@78b236a0
1790804100259	5	dispatch lease of 04f812f6-2772-4dec-a09e-50084fe56afd lapsed	REJECT	com.alibaba.qwen.code.runtimebroker.ToolExecutionRecord@60e9df3c
1790804100348	5	dispatch lease of 04f812f6-2772-4dec-a09e-50084fe56afd lapsed	REJECT	com.alibaba.qwen.code.runtimebroker.ToolExecutionRecord@537b32ef
1790804100428	5	dispatch lease of 04f812f6-2772-4dec-a09e-50084fe56afd lapsed	REJECT	com.alibaba.qwen.code.runtimebroker.ToolExecutionRecord@6f815e7f
1790804100508	5	dispatch lease of 04f812f6-2772-4dec-a09e-50084fe56afd lapsed	REJECT	com.alibaba.qwen.code.runtimebroker.ToolExecutionRecord@75699e35
1790804100584	5	dispatch lease of 04f812f6-2772-4dec-a09e-50084fe56afd lapsed	REJECT	com.alibaba.qwen.code.runtimebroker.ToolExecutionRecord@263558c9
1790804100664	5	dispatch lease of 04f812f6-2772-4dec-a09e-50084fe56afd lapsed	REJECT	com.alibaba.qwen.code.runtimebroker.ToolExecutionRecord@62315f22
1790804100740	5	dispatch lease of 04f812f6-2772-4dec-a09e-50084fe56afd lapsed	REJECT	com.alibaba.qwen.code.runtimebroker.ToolExecutionRecord@78f9ed3e
1790804100820	5	dispatch lease of 04f812f6-2772-4dec-a09e-50084fe56afd lapsed	REJECT	com.alibaba.qwen.code.runtimebroker.ToolExecutionRecord@48e7b3d2
1790804100900	5	dispatch lease of 04f812f6-2772-4dec-a09e-50084fe56afd lapsed	REJECT	com.alibaba.qwen.code.runtimebroker.ToolExecutionRecord@64040287
1790804100980	5	dispatch lease of 04f812f6-2772-4dec-a09e-50084fe56afd lapsed	REJECT	com.alibaba.qwen.code.runtimebroker.ToolExecutionRecord@df1cff6
1790804101063	5	dispatch lease of 04f812f6-2772-4dec-a09e-50084fe56afd lapsed	REJECT	com.alibaba.qwen.code.runtimebroker.ToolExecutionRecord@3a43d133
1790804101152	5	dispatch lease of 04f812f6-2772-4dec-a09e-50084fe56afd lapsed	REJECT	com.alibaba.qwen.code.runtimebroker.ToolExecutionRecord@c96a4ea
1790804101232	5	dispatch lease of 04f812f6-2772-4dec-a09e-50084fe56afd lapsed	REJECT	com.alibaba.qwen.code.runtimebroker.ToolExecutionRecord@68105edc
1790804101312	5	dispatch lease of 04f812f6-2772-4dec-a09e-50084fe56afd lapsed	REJECT	com.alibaba.qwen.code.runtimebroker.ToolExecutionRecord@5339bbad
1790804101392	5	dispatch lease of 04f812f6-2772-4dec-a09e-50084fe56afd lapsed	REJECT	com.alibaba.qwen.code.runtimebroker.ToolExecutionRecord@5b56b654
1790804101472	5	dispatch lease of 04f812f6-2772-4dec-a09e-50084fe56afd lapsed	REJECT	com.alibaba.qwen.code.runtimebroker.ToolExecutionRecord@29006752
1790804101564	5	dispatch lease of 04f812f6-2772-4dec-a09e-50084fe56afd lapsed	REJECT	com.alibaba.qwen.code.runtimebroker.ToolExecutionRecord@27494e46
1790804101644	5	dispatch lease of 04f812f6-2772-4dec-a09e-50084fe56afd lapsed	REJECT	com.alibaba.qwen.code.runtimebroker.ToolExecutionRecord@53b98ff6
1790804101728	5	dispatch lease of 04f812f6-2772-4dec-a09e-50084fe56afd lapsed	REJECT	com.alibaba.qwen.code.runtimebroker.ToolExecutionRecord@697446d4
1790804101808	5	dispatch lease of 04f812f6-2772-4dec-a09e-50084fe56afd lapsed	REJECT	com.alibaba.qwen.code.runtimebroker.ToolExecutionRecord@36453307
1790804101888	5	dispatch lease of 04f812f6-2772-4dec-a09e-50084fe56afd lapsed	REJECT	com.alibaba.qwen.code.runtimebroker.ToolExecutionRecord@6a9287b1
1790804101968	5	dispatch lease of 04f812f6-2772-4dec-a09e-50084fe56afd lapsed	REJECT	com.alibaba.qwen.code.runtimebroker.ToolExecutionRecord@56193c7d
1790804102044	5	dispatch lease of 04f812f6-2772-4dec-a09e-50084fe56afd lapsed	REJECT	com.alibaba.qwen.code.runtimebroker.ToolExecutionRecord@607b2792
1790804102132	5	dispatch lease of 04f812f6-2772-4dec-a09e-50084fe56afd lapsed	REJECT	com.alibaba.qwen.code.runtimebroker.ToolExecutionRecord@81ff872
1790804102216	5	dispatch lease of 04f812f6-2772-4dec-a09e-50084fe56afd lapsed	REJECT	com.alibaba.qwen.code.runtimebroker.ToolExecutionRecord@7e31ce0f
1790804102296	5	dispatch lease of 04f812f6-2772-4dec-a09e-50084fe56afd lapsed	REJECT	com.alibaba.qwen.code.runtimebroker.ToolExecutionRecord@42cc13a0
1790804102380	5	dispatch lease of 04f812f6-2772-4dec-a09e-50084fe56afd lapsed	REJECT	com.alibaba.qwen.code.runtimebroker.ToolExecutionRecord@1bd81830
1790804102460	5	dispatch lease of 04f812f6-2772-4dec-a09e-50084fe56afd lapsed	REJECT	com.alibaba.qwen.code.runtimebroker.ToolExecutionRecord@111610e6
1790804102534	5	dispatch lease of 04f812f6-2772-4dec-a09e-50084fe56afd lapsed	REJECT	com.alibaba.qwen.code.runtimebroker.ToolExecutionRecord@4fcc529
1790804102616	5	dispatch lease of 04f812f6-2772-4dec-a09e-50084fe56afd lapsed	REJECT	com.alibaba.qwen.code.runtimebroker.ToolExecutionRecord@79b663b3
1790804102700	5	dispatch lease of 04f812f6-2772-4dec-a09e-50084fe56afd lapsed	REJECT	com.alibaba.qwen.code.runtimebroker.ToolExecutionRecord@7882c44a
1790804102776	5	dispatch lease of 04f812f6-2772-4dec-a09e-50084fe56afd lapsed	REJECT	com.alibaba.qwen.code.runtimebroker.ToolExecutionRecord@3887cf88
1790804102856	5	dispatch lease of 04f812f6-2772-4dec-a09e-50084fe56afd lapsed	REJECT	com.alibaba.qwen.code.runtimebroker.ToolExecutionRecord@502f8b57
1790804102929	5	dispatch lease of 04f812f6-2772-4dec-a09e-50084fe56afd lapsed	REJECT	com.alibaba.qwen.code.runtimebroker.ToolExecutionRecord@55120f99
1790804103010	5	dispatch lease of 04f812f6-2772-4dec-a09e-50084fe56afd lapsed	ACCEPT	com.alibaba.qwen.code.runtimebroker.ToolExecutionRecord@779dfe55
1790804107744	5	dispatch lease of b5bc328f-da50-42dd-9171-737d27d432f7 lapsed	REJECT	com.alibaba.qwen.code.runtimebroker.ToolExecutionRecord@790132f7
1790804107828	5	dispatch lease of b5bc328f-da50-42dd-9171-737d27d432f7 lapsed	REJECT	com.alibaba.qwen.code.runtimebroker.ToolExecutionRecord@241a0c3a
1790804107908	5	dispatch lease of b5bc328f-da50-42dd-9171-737d27d432f7 lapsed	REJECT	com.alibaba.qwen.code.runtimebroker.ToolExecutionRecord@7fae4d4a
1790804107988	5	dispatch lease of b5bc328f-da50-42dd-9171-737d27d432f7 lapsed	REJECT	com.alibaba.qwen.code.runtimebroker.ToolExecutionRecord@46baf579
1790804108072	5	dispatch lease of b5bc328f-da50-42dd-9171-737d27d432f7 lapsed	REJECT	com.alibaba.qwen.code.runtimebroker.ToolExecutionRecord@ca66933
1790804108147	5	dispatch lease of b5bc328f-da50-42dd-9171-737d27d432f7 lapsed	REJECT	com.alibaba.qwen.code.runtimebroker.ToolExecutionRecord@602c4656
1790804108232	5	dispatch lease of b5bc328f-da50-42dd-9171-737d27d432f7 lapsed	REJECT	com.alibaba.qwen.code.runtimebroker.ToolExecutionRecord@3c443976
1790804108312	5	dispatch lease of b5bc328f-da50-42dd-9171-737d27d432f7 lapsed	REJECT	com.alibaba.qwen.code.runtimebroker.ToolExecutionRecord@63998bf4
1790804108392	5	dispatch lease of b5bc328f-da50-42dd-9171-737d27d432f7 lapsed	REJECT	com.alibaba.qwen.code.runtimebroker.ToolExecutionRecord@6f63c44f
1790804108472	5	dispatch lease of b5bc328f-da50-42dd-9171-737d27d432f7 lapsed	REJECT	com.alibaba.qwen.code.runtimebroker.ToolExecutionRecord@2e6ba49a
1790804108552	5	dispatch lease of b5bc328f-da50-42dd-9171-737d27d432f7 lapsed	REJECT	com.alibaba.qwen.code.runtimebroker.ToolExecutionRecord@6b04acb2
1790804108633	5	dispatch lease of b5bc328f-da50-42dd-9171-737d27d432f7 lapsed	REJECT	com.alibaba.qwen.code.runtimebroker.ToolExecutionRecord@4a60ee36
1790804108716	5	dispatch lease of b5bc328f-da50-42dd-9171-737d27d432f7 lapsed	REJECT	com.alibaba.qwen.code.runtimebroker.ToolExecutionRecord@5f212d84
1790804108792	5	dispatch lease of b5bc328f-da50-42dd-9171-737d27d432f7 lapsed	REJECT	com.alibaba.qwen.code.runtimebroker.ToolExecutionRecord@6622a690
1790804108872	5	dispatch lease of b5bc328f-da50-42dd-9171-737d27d432f7 lapsed	REJECT	com.alibaba.qwen.code.runtimebroker.ToolExecutionRecord@412c995d
1790804108960	5	dispatch lease of b5bc328f-da50-42dd-9171-737d27d432f7 lapsed	REJECT	com.alibaba.qwen.code.runtimebroker.ToolExecutionRecord@2f4919b0
1790804109040	5	dispatch lease of b5bc328f-da50-42dd-9171-737d27d432f7 lapsed	REJECT	com.alibaba.qwen.code.runtimebroker.ToolExecutionRecord@72be135f
1790804109120	5	dispatch lease of b5bc328f-da50-42dd-9171-737d27d432f7 lapsed	REJECT	com.alibaba.qwen.code.runtimebroker.ToolExecutionRecord@2e647e59
1790804109202	5	dispatch lease of b5bc328f-da50-42dd-9171-737d27d432f7 lapsed	REJECT	com.alibaba.qwen.code.runtimebroker.ToolExecutionRecord@deb3b60
1790804109284	5	dispatch lease of b5bc328f-da50-42dd-9171-737d27d432f7 lapsed	REJECT	com.alibaba.qwen.code.runtimebroker.ToolExecutionRecord@73aff8f1
1790804109360	5	dispatch lease of b5bc328f-da50-42dd-9171-737d27d432f7 lapsed	REJECT	com.alibaba.qwen.code.runtimebroker.ToolExecutionRecord@4c060c8f
1790804109444	5	dispatch lease of b5bc328f-da50-42dd-9171-737d27d432f7 lapsed	REJECT	com.alibaba.qwen.code.runtimebroker.ToolExecutionRecord@49b07ee3
1790804109524	5	dispatch lease of b5bc328f-da50-42dd-9171-737d27d432f7 lapsed	REJECT	com.alibaba.qwen.code.runtimebroker.ToolExecutionRecord@2424686b
1790804109602	5	dispatch lease of b5bc328f-da50-42dd-9171-737d27d432f7 lapsed	REJECT	com.alibaba.qwen.code.runtimebroker.ToolExecutionRecord@4d7e7435
1790804109680	5	dispatch lease of b5bc328f-da50-42dd-9171-737d27d432f7 lapsed	REJECT	com.alibaba.qwen.code.runtimebroker.ToolExecutionRecord@56febdc
1790804109760	5	dispatch lease of b5bc328f-da50-42dd-9171-737d27d432f7 lapsed	REJECT	com.alibaba.qwen.code.runtimebroker.ToolExecutionRecord@294bdeb4
1790804109838	5	dispatch lease of b5bc328f-da50-42dd-9171-737d27d432f7 lapsed	REJECT	com.alibaba.qwen.code.runtimebroker.ToolExecutionRecord@77bb0ab5
1790804109916	5	dispatch lease of b5bc328f-da50-42dd-9171-737d27d432f7 lapsed	REJECT	com.alibaba.qwen.code.runtimebroker.ToolExecutionRecord@7bc9e6ab
1790804110000	5	dispatch lease of b5bc328f-da50-42dd-9171-737d27d432f7 lapsed	REJECT	com.alibaba.qwen.code.runtimebroker.ToolExecutionRecord@712ca57b
1790804110092	5	dispatch lease of b5bc328f-da50-42dd-9171-737d27d432f7 lapsed	ACCEPT	com.alibaba.qwen.code.runtimebroker.ToolExecutionRecord@51745f40
