1790836536141	1	escaped writer pid	ACCEPT	true
1790836536150	1	escaped writer output	ACCEPT	true
1790836543265	1	original worker loss after recovery fencing	ACCEPT	Reply[ok=false, value=null, status=503, code=runtime_broker_runtime_lost, retryable=true, message=Runtime is lost; recovery requires complete evidence and cleanup]
1790836543336	1	escaped writer continues after loss; the physical pin must remain	REJECT	146
1790836543386	1	escaped writer continues after loss; the physical pin must remain	ACCEPT	147
1790836553358	1	escaped writer pid	ACCEPT	true
1790836553363	1	escaped writer output	ACCEPT	true
1790836560508	1	original worker loss after recovery fencing	ACCEPT	Reply[ok=false, value=null, status=503, code=runtime_broker_runtime_lost, retryable=true, message=Runtime is lost; recovery requires complete evidence and cleanup]
1790836560526	1	escaped writer continues after loss; the physical pin must remain	REJECT	145
1790836560576	1	escaped writer continues after loss; the physical pin must remain	ACCEPT	146
1790836570635	1	marker = [start]	ACCEPT	[start]
1790836570669	1	UNKNOWN execution	REJECT	com.alibaba.qwen.code.runtimebroker.ToolExecutionRecord@2b58f754
1790836570722	1	UNKNOWN execution	REJECT	com.alibaba.qwen.code.runtimebroker.ToolExecutionRecord@2552f2cb
1790836570774	1	UNKNOWN execution	REJECT	com.alibaba.qwen.code.runtimebroker.ToolExecutionRecord@1e044120
1790836570826	1	UNKNOWN execution	REJECT	com.alibaba.qwen.code.runtimebroker.ToolExecutionRecord@3624da92
1790836570878	1	UNKNOWN execution	REJECT	com.alibaba.qwen.code.runtimebroker.ToolExecutionRecord@94f6bfb
1790836570930	1	UNKNOWN execution	REJECT	com.alibaba.qwen.code.runtimebroker.ToolExecutionRecord@2484f433
1790836570981	1	UNKNOWN execution	REJECT	com.alibaba.qwen.code.runtimebroker.ToolExecutionRecord@1255b1d1
1790836571033	1	UNKNOWN execution	REJECT	com.alibaba.qwen.code.runtimebroker.ToolExecutionRecord@7c22d4f
1790836571085	1	UNKNOWN execution	REJECT	com.alibaba.qwen.code.runtimebroker.ToolExecutionRecord@60bdf15d
1790836571137	1	UNKNOWN execution	REJECT	com.alibaba.qwen.code.runtimebroker.ToolExecutionRecord@51e4ccb3
1790836571189	1	UNKNOWN execution	ACCEPT	com.alibaba.qwen.code.runtimebroker.ToolExecutionRecord@495083a0
1790836592075	1	marker = [start]	ACCEPT	[start]
1790836598880	1	original Runtime loss after recovery fencing	ACCEPT	Reply[ok=false, value=null, status=503, code=runtime_broker_runtime_lost, retryable=true, message=Runtime is lost; recovery requires complete evidence and cleanup]
1790836618149	1	dispatch lease of 363c803c-1761-47db-97ff-c7076121f28e lapsed	REJECT	com.alibaba.qwen.code.runtimebroker.ToolExecutionRecord@593e824f
1790836618207	1	dispatch lease of 363c803c-1761-47db-97ff-c7076121f28e lapsed	REJECT	com.alibaba.qwen.code.runtimebroker.ToolExecutionRecord@64bc21ac
1790836618266	1	dispatch lease of 363c803c-1761-47db-97ff-c7076121f28e lapsed	REJECT	com.alibaba.qwen.code.runtimebroker.ToolExecutionRecord@ce5a68e
1790836618323	1	dispatch lease of 363c803c-1761-47db-97ff-c7076121f28e lapsed	REJECT	com.alibaba.qwen.code.runtimebroker.ToolExecutionRecord@5df417a7
1790836618381	1	dispatch lease of 363c803c-1761-47db-97ff-c7076121f28e lapsed	REJECT	com.alibaba.qwen.code.runtimebroker.ToolExecutionRecord@61078690
1790836618439	1	dispatch lease of 363c803c-1761-47db-97ff-c7076121f28e lapsed	REJECT	com.alibaba.qwen.code.runtimebroker.ToolExecutionRecord@71c5b236
1790836618496	1	dispatch lease of 363c803c-1761-47db-97ff-c7076121f28e lapsed	REJECT	com.alibaba.qwen.code.runtimebroker.ToolExecutionRecord@669513d8
1790836618555	1	dispatch lease of 363c803c-1761-47db-97ff-c7076121f28e lapsed	REJECT	com.alibaba.qwen.code.runtimebroker.ToolExecutionRecord@361c294e
1790836618613	1	dispatch lease of 363c803c-1761-47db-97ff-c7076121f28e lapsed	REJECT	com.alibaba.qwen.code.runtimebroker.ToolExecutionRecord@314b8f2d
1790836618671	1	dispatch lease of 363c803c-1761-47db-97ff-c7076121f28e lapsed	REJECT	com.alibaba.qwen.code.runtimebroker.ToolExecutionRecord@15a902e7
1790836618729	1	dispatch lease of 363c803c-1761-47db-97ff-c7076121f28e lapsed	REJECT	com.alibaba.qwen.code.runtimebroker.ToolExecutionRecord@5af28b27
1790836618786	1	dispatch lease of 363c803c-1761-47db-97ff-c7076121f28e lapsed	REJECT	com.alibaba.qwen.code.runtimebroker.ToolExecutionRecord@72f46e16
1790836618844	1	dispatch lease of 363c803c-1761-47db-97ff-c7076121f28e lapsed	REJECT	com.alibaba.qwen.code.runtimebroker.ToolExecutionRecord@549621f3
1790836618901	1	dispatch lease of 363c803c-1761-47db-97ff-c7076121f28e lapsed	REJECT	com.alibaba.qwen.code.runtimebroker.ToolExecutionRecord@5217f3d0
1790836618959	1	dispatch lease of 363c803c-1761-47db-97ff-c7076121f28e lapsed	REJECT	com.alibaba.qwen.code.runtimebroker.ToolExecutionRecord@2416a51
1790836619017	1	dispatch lease of 363c803c-1761-47db-97ff-c7076121f28e lapsed	REJECT	com.alibaba.qwen.code.runtimebroker.ToolExecutionRecord@72e34f77
1790836619074	1	dispatch lease of 363c803c-1761-47db-97ff-c7076121f28e lapsed	REJECT	com.alibaba.qwen.code.runtimebroker.ToolExecutionRecord@77307458
1790836619133	1	dispatch lease of 363c803c-1761-47db-97ff-c7076121f28e lapsed	REJECT	com.alibaba.qwen.code.runtimebroker.ToolExecutionRecord@47874b25
1790836619190	1	dispatch lease of 363c803c-1761-47db-97ff-c7076121f28e lapsed	REJECT	com.alibaba.qwen.code.runtimebroker.ToolExecutionRecord@5db4c359
1790836619247	1	dispatch lease of 363c803c-1761-47db-97ff-c7076121f28e lapsed	REJECT	com.alibaba.qwen.code.runtimebroker.ToolExecutionRecord@f9b7332
1790836619304	1	dispatch lease of 363c803c-1761-47db-97ff-c7076121f28e lapsed	REJECT	com.alibaba.qwen.code.runtimebroker.ToolExecutionRecord@4f8969b0
1790836619361	1	dispatch lease of 363c803c-1761-47db-97ff-c7076121f28e lapsed	REJECT	com.alibaba.qwen.code.runtimebroker.ToolExecutionRecord@8a589a2
1790836619418	1	dispatch lease of 363c803c-1761-47db-97ff-c7076121f28e lapsed	REJECT	com.alibaba.qwen.code.runtimebroker.ToolExecutionRecord@b672aa8
1790836619476	1	dispatch lease of 363c803c-1761-47db-97ff-c7076121f28e lapsed	REJECT	com.alibaba.qwen.code.runtimebroker.ToolExecutionRecord@6e46d9f4
1790836619533	1	dispatch lease of 363c803c-1761-47db-97ff-c7076121f28e lapsed	REJECT	com.alibaba.qwen.code.runtimebroker.ToolExecutionRecord@21c64522
1790836619590	1	dispatch lease of 363c803c-1761-47db-97ff-c7076121f28e lapsed	REJECT	com.alibaba.qwen.code.runtimebroker.ToolExecutionRecord@460f76a6
1790836619647	1	dispatch lease of 363c803c-1761-47db-97ff-c7076121f28e lapsed	REJECT	com.alibaba.qwen.code.runtimebroker.ToolExecutionRecord@770d4269
1790836619704	1	dispatch lease of 363c803c-1761-47db-97ff-c7076121f28e lapsed	REJECT	com.alibaba.qwen.code.runtimebroker.ToolExecutionRecord@76a82f33
1790836619762	1	dispatch lease of 363c803c-1761-47db-97ff-c7076121f28e lapsed	REJECT	com.alibaba.qwen.code.runtimebroker.ToolExecutionRecord@644c78d4
1790836619819	1	dispatch lease of 363c803c-1761-47db-97ff-c7076121f28e lapsed	REJECT	com.alibaba.qwen.code.runtimebroker.ToolExecutionRecord@7bb3a9fe
1790836619876	1	dispatch lease of 363c803c-1761-47db-97ff-c7076121f28e lapsed	REJECT	com.alibaba.qwen.code.runtimebroker.ToolExecutionRecord@62923ee6
1790836619932	1	dispatch lease of 363c803c-1761-47db-97ff-c7076121f28e lapsed	REJECT	com.alibaba.qwen.code.runtimebroker.ToolExecutionRecord@7807ac2c
1790836619989	1	dispatch lease of 363c803c-1761-47db-97ff-c7076121f28e lapsed	REJECT	com.alibaba.qwen.code.runtimebroker.ToolExecutionRecord@a77614d
1790836620047	1	dispatch lease of 363c803c-1761-47db-97ff-c7076121f28e lapsed	ACCEPT	com.alibaba.qwen.code.runtimebroker.ToolExecutionRecord@a1217f9
1790836632412	1	marker = [start]	ACCEPT	[start]
1790836632741	1	dispatch lease of 9cb755cc-1c5e-4913-942e-9f70f1137121 lapsed	REJECT	com.alibaba.qwen.code.runtimebroker.ToolExecutionRecord@70fab835
1790836632798	1	dispatch lease of 9cb755cc-1c5e-4913-942e-9f70f1137121 lapsed	REJECT	com.alibaba.qwen.code.runtimebroker.ToolExecutionRecord@32057e6
1790836632855	1	dispatch lease of 9cb755cc-1c5e-4913-942e-9f70f1137121 lapsed	REJECT	com.alibaba.qwen.code.runtimebroker.ToolExecutionRecord@759fad4
1790836632912	1	dispatch lease of 9cb755cc-1c5e-4913-942e-9f70f1137121 lapsed	REJECT	com.alibaba.qwen.code.runtimebroker.ToolExecutionRecord@30ed9c6c
1790836632969	1	dispatch lease of 9cb755cc-1c5e-4913-942e-9f70f1137121 lapsed	REJECT	com.alibaba.qwen.code.runtimebroker.ToolExecutionRecord@59fc684e
1790836633026	1	dispatch lease of 9cb755cc-1c5e-4913-942e-9f70f1137121 lapsed	REJECT	com.alibaba.qwen.code.runtimebroker.ToolExecutionRecord@5ae76500
1790836633083	1	dispatch lease of 9cb755cc-1c5e-4913-942e-9f70f1137121 lapsed	REJECT	com.alibaba.qwen.code.runtimebroker.ToolExecutionRecord@355e34c7
1790836633139	1	dispatch lease of 9cb755cc-1c5e-4913-942e-9f70f1137121 lapsed	REJECT	com.alibaba.qwen.code.runtimebroker.ToolExecutionRecord@24f360b2
1790836633197	1	dispatch lease of 9cb755cc-1c5e-4913-942e-9f70f1137121 lapsed	REJECT	com.alibaba.qwen.code.runtimebroker.ToolExecutionRecord@770d0ea6
1790836633253	1	dispatch lease of 9cb755cc-1c5e-4913-942e-9f70f1137121 lapsed	REJECT	com.alibaba.qwen.code.runtimebroker.ToolExecutionRecord@1b11ef33
1790836633311	1	dispatch lease of 9cb755cc-1c5e-4913-942e-9f70f1137121 lapsed	REJECT	com.alibaba.qwen.code.runtimebroker.ToolExecutionRecord@3bd7f8dc
1790836633368	1	dispatch lease of 9cb755cc-1c5e-4913-942e-9f70f1137121 lapsed	REJECT	com.alibaba.qwen.code.runtimebroker.ToolExecutionRecord@21ec5d87
1790836633425	1	dispatch lease of 9cb755cc-1c5e-4913-942e-9f70f1137121 lapsed	REJECT	com.alibaba.qwen.code.runtimebroker.ToolExecutionRecord@1a69561c
1790836633482	1	dispatch lease of 9cb755cc-1c5e-4913-942e-9f70f1137121 lapsed	REJECT	com.alibaba.qwen.code.runtimebroker.ToolExecutionRecord@4b21844c
1790836633538	1	dispatch lease of 9cb755cc-1c5e-4913-942e-9f70f1137121 lapsed	REJECT	com.alibaba.qwen.code.runtimebroker.ToolExecutionRecord@5e77f0f4
1790836633609	1	dispatch lease of 9cb755cc-1c5e-4913-942e-9f70f1137121 lapsed	REJECT	com.alibaba.qwen.code.runtimebroker.ToolExecutionRecord@29876704
1790836633666	1	dispatch lease of 9cb755cc-1c5e-4913-942e-9f70f1137121 lapsed	REJECT	com.alibaba.qwen.code.runtimebroker.ToolExecutionRecord@16423501
1790836633722	1	dispatch lease of 9cb755cc-1c5e-4913-942e-9f70f1137121 lapsed	REJECT	com.alibaba.qwen.code.runtimebroker.ToolExecutionRecord@379ab47b
1790836633779	1	dispatch lease of 9cb755cc-1c5e-4913-942e-9f70f1137121 lapsed	REJECT	com.alibaba.qwen.code.runtimebroker.ToolExecutionRecord@2c95ac9e
1790836633836	1	dispatch lease of 9cb755cc-1c5e-4913-942e-9f70f1137121 lapsed	REJECT	com.alibaba.qwen.code.runtimebroker.ToolExecutionRecord@7cc586a8
1790836633893	1	dispatch lease of 9cb755cc-1c5e-4913-942e-9f70f1137121 lapsed	REJECT	com.alibaba.qwen.code.runtimebroker.ToolExecutionRecord@7a56812e
1790836633950	1	dispatch lease of 9cb755cc-1c5e-4913-942e-9f70f1137121 lapsed	REJECT	com.alibaba.qwen.code.runtimebroker.ToolExecutionRecord@2f4854d6
1790836634006	1	dispatch lease of 9cb755cc-1c5e-4913-942e-9f70f1137121 lapsed	REJECT	com.alibaba.qwen.code.runtimebroker.ToolExecutionRecord@e6516e
1790836634062	1	dispatch lease of 9cb755cc-1c5e-4913-942e-9f70f1137121 lapsed	REJECT	com.alibaba.qwen.code.runtimebroker.ToolExecutionRecord@388ffbc2
1790836634118	1	dispatch lease of 9cb755cc-1c5e-4913-942e-9f70f1137121 lapsed	REJECT	com.alibaba.qwen.code.runtimebroker.ToolExecutionRecord@6691490c
1790836634176	1	dispatch lease of 9cb755cc-1c5e-4913-942e-9f70f1137121 lapsed	REJECT	com.alibaba.qwen.code.runtimebroker.ToolExecutionRecord@21d5c1a0
1790836634234	1	dispatch lease of 9cb755cc-1c5e-4913-942e-9f70f1137121 lapsed	REJECT	com.alibaba.qwen.code.runtimebroker.ToolExecutionRecord@1eef9aef
1790836634290	1	dispatch lease of 9cb755cc-1c5e-4913-942e-9f70f1137121 lapsed	REJECT	com.alibaba.qwen.code.runtimebroker.ToolExecutionRecord@3ec11999
1790836634347	1	dispatch lease of 9cb755cc-1c5e-4913-942e-9f70f1137121 lapsed	REJECT	com.alibaba.qwen.code.runtimebroker.ToolExecutionRecord@18cc679e
1790836634403	1	dispatch lease of 9cb755cc-1c5e-4913-942e-9f70f1137121 lapsed	REJECT	com.alibaba.qwen.code.runtimebroker.ToolExecutionRecord@67ef029
1790836634460	1	dispatch lease of 9cb755cc-1c5e-4913-942e-9f70f1137121 lapsed	REJECT	com.alibaba.qwen.code.runtimebroker.ToolExecutionRecord@2755d705
1790836634516	1	dispatch lease of 9cb755cc-1c5e-4913-942e-9f70f1137121 lapsed	REJECT	com.alibaba.qwen.code.runtimebroker.ToolExecutionRecord@560cbf1a
1790836634572	1	dispatch lease of 9cb755cc-1c5e-4913-942e-9f70f1137121 lapsed	REJECT	com.alibaba.qwen.code.runtimebroker.ToolExecutionRecord@578524c3
1790836634628	1	dispatch lease of 9cb755cc-1c5e-4913-942e-9f70f1137121 lapsed	REJECT	com.alibaba.qwen.code.runtimebroker.ToolExecutionRecord@7a11c4c7
1790836634684	1	dispatch lease of 9cb755cc-1c5e-4913-942e-9f70f1137121 lapsed	REJECT	com.alibaba.qwen.code.runtimebroker.ToolExecutionRecord@4152d38d
1790836634741	1	dispatch lease of 9cb755cc-1c5e-4913-942e-9f70f1137121 lapsed	REJECT	com.alibaba.qwen.code.runtimebroker.ToolExecutionRecord@b5cc23a
1790836634797	1	dispatch lease of 9cb755cc-1c5e-4913-942e-9f70f1137121 lapsed	REJECT	com.alibaba.qwen.code.runtimebroker.ToolExecutionRecord@758f4f03
1790836634853	1	dispatch lease of 9cb755cc-1c5e-4913-942e-9f70f1137121 lapsed	REJECT	com.alibaba.qwen.code.runtimebroker.ToolExecutionRecord@660e9100
1790836634909	1	dispatch lease of 9cb755cc-1c5e-4913-942e-9f70f1137121 lapsed	REJECT	com.alibaba.qwen.code.runtimebroker.ToolExecutionRecord@27e0f2f5
1790836634965	1	dispatch lease of 9cb755cc-1c5e-4913-942e-9f70f1137121 lapsed	REJECT	com.alibaba.qwen.code.runtimebroker.ToolExecutionRecord@db44aa2
1790836635023	1	dispatch lease of 9cb755cc-1c5e-4913-942e-9f70f1137121 lapsed	ACCEPT	com.alibaba.qwen.code.runtimebroker.ToolExecutionRecord@61a002b1
1790836650545	1	dispatch lease of 89bebd50-9d39-42fe-a1e7-5348bc5fb8d6 lapsed	REJECT	com.alibaba.qwen.code.runtimebroker.ToolExecutionRecord@3aa3193a
1790836650602	1	dispatch lease of 89bebd50-9d39-42fe-a1e7-5348bc5fb8d6 lapsed	REJECT	com.alibaba.qwen.code.runtimebroker.ToolExecutionRecord@5003041b
1790836650660	1	dispatch lease of 89bebd50-9d39-42fe-a1e7-5348bc5fb8d6 lapsed	REJECT	com.alibaba.qwen.code.runtimebroker.ToolExecutionRecord@6bc248ed
1790836650716	1	dispatch lease of 89bebd50-9d39-42fe-a1e7-5348bc5fb8d6 lapsed	REJECT	com.alibaba.qwen.code.runtimebroker.ToolExecutionRecord@70ab80e3
1790836650772	1	dispatch lease of 89bebd50-9d39-42fe-a1e7-5348bc5fb8d6 lapsed	REJECT	com.alibaba.qwen.code.runtimebroker.ToolExecutionRecord@78461bc4
1790836650828	1	dispatch lease of 89bebd50-9d39-42fe-a1e7-5348bc5fb8d6 lapsed	REJECT	com.alibaba.qwen.code.runtimebroker.ToolExecutionRecord@1095f122
1790836650884	1	dispatch lease of 89bebd50-9d39-42fe-a1e7-5348bc5fb8d6 lapsed	REJECT	com.alibaba.qwen.code.runtimebroker.ToolExecutionRecord@1b822fcc
1790836650941	1	dispatch lease of 89bebd50-9d39-42fe-a1e7-5348bc5fb8d6 lapsed	REJECT	com.alibaba.qwen.code.runtimebroker.ToolExecutionRecord@73511076
1790836650997	1	dispatch lease of 89bebd50-9d39-42fe-a1e7-5348bc5fb8d6 lapsed	REJECT	com.alibaba.qwen.code.runtimebroker.ToolExecutionRecord@410954b
1790836651053	1	dispatch lease of 89bebd50-9d39-42fe-a1e7-5348bc5fb8d6 lapsed	REJECT	com.alibaba.qwen.code.runtimebroker.ToolExecutionRecord@51f49060
1790836651109	1	dispatch lease of 89bebd50-9d39-42fe-a1e7-5348bc5fb8d6 lapsed	REJECT	com.alibaba.qwen.code.runtimebroker.ToolExecutionRecord@6970140a
1790836651166	1	dispatch lease of 89bebd50-9d39-42fe-a1e7-5348bc5fb8d6 lapsed	REJECT	com.alibaba.qwen.code.runtimebroker.ToolExecutionRecord@245a26e1
1790836651223	1	dispatch lease of 89bebd50-9d39-42fe-a1e7-5348bc5fb8d6 lapsed	REJECT	com.alibaba.qwen.code.runtimebroker.ToolExecutionRecord@5b800468
1790836651279	1	dispatch lease of 89bebd50-9d39-42fe-a1e7-5348bc5fb8d6 lapsed	REJECT	com.alibaba.qwen.code.runtimebroker.ToolExecutionRecord@5f7f2382
1790836651335	1	dispatch lease of 89bebd50-9d39-42fe-a1e7-5348bc5fb8d6 lapsed	REJECT	com.alibaba.qwen.code.runtimebroker.ToolExecutionRecord@46cc127b
1790836651391	1	dispatch lease of 89bebd50-9d39-42fe-a1e7-5348bc5fb8d6 lapsed	REJECT	com.alibaba.qwen.code.runtimebroker.ToolExecutionRecord@1c32886a
1790836651447	1	dispatch lease of 89bebd50-9d39-42fe-a1e7-5348bc5fb8d6 lapsed	REJECT	com.alibaba.qwen.code.runtimebroker.ToolExecutionRecord@3d3f761a
1790836651504	1	dispatch lease of 89bebd50-9d39-42fe-a1e7-5348bc5fb8d6 lapsed	REJECT	com.alibaba.qwen.code.runtimebroker.ToolExecutionRecord@3670f00
1790836651560	1	dispatch lease of 89bebd50-9d39-42fe-a1e7-5348bc5fb8d6 lapsed	REJECT	com.alibaba.qwen.code.runtimebroker.ToolExecutionRecord@790174f2
1790836651616	1	dispatch lease of 89bebd50-9d39-42fe-a1e7-5348bc5fb8d6 lapsed	REJECT	com.alibaba.qwen.code.runtimebroker.ToolExecutionRecord@687a762c
1790836651672	1	dispatch lease of 89bebd50-9d39-42fe-a1e7-5348bc5fb8d6 lapsed	REJECT	com.alibaba.qwen.code.runtimebroker.ToolExecutionRecord@4b629f13
1790836651727	1	dispatch lease of 89bebd50-9d39-42fe-a1e7-5348bc5fb8d6 lapsed	REJECT	com.alibaba.qwen.code.runtimebroker.ToolExecutionRecord@aa22f1c
1790836651784	1	dispatch lease of 89bebd50-9d39-42fe-a1e7-5348bc5fb8d6 lapsed	REJECT	com.alibaba.qwen.code.runtimebroker.ToolExecutionRecord@5922ae77
1790836651840	1	dispatch lease of 89bebd50-9d39-42fe-a1e7-5348bc5fb8d6 lapsed	REJECT	com.alibaba.qwen.code.runtimebroker.ToolExecutionRecord@71f67a79
1790836651896	1	dispatch lease of 89bebd50-9d39-42fe-a1e7-5348bc5fb8d6 lapsed	REJECT	com.alibaba.qwen.code.runtimebroker.ToolExecutionRecord@7889a1ac
1790836651952	1	dispatch lease of 89bebd50-9d39-42fe-a1e7-5348bc5fb8d6 lapsed	REJECT	com.alibaba.qwen.code.runtimebroker.ToolExecutionRecord@27cf3151
1790836652007	1	dispatch lease of 89bebd50-9d39-42fe-a1e7-5348bc5fb8d6 lapsed	REJECT	com.alibaba.qwen.code.runtimebroker.ToolExecutionRecord@4108fa66
1790836652064	1	dispatch lease of 89bebd50-9d39-42fe-a1e7-5348bc5fb8d6 lapsed	REJECT	com.alibaba.qwen.code.runtimebroker.ToolExecutionRecord@21362712
1790836652120	1	dispatch lease of 89bebd50-9d39-42fe-a1e7-5348bc5fb8d6 lapsed	REJECT	com.alibaba.qwen.code.runtimebroker.ToolExecutionRecord@bc57b40
1790836652175	1	dispatch lease of 89bebd50-9d39-42fe-a1e7-5348bc5fb8d6 lapsed	REJECT	com.alibaba.qwen.code.runtimebroker.ToolExecutionRecord@1494b84d
1790836652231	1	dispatch lease of 89bebd50-9d39-42fe-a1e7-5348bc5fb8d6 lapsed	REJECT	com.alibaba.qwen.code.runtimebroker.ToolExecutionRecord@4628b1d3
1790836652286	1	dispatch lease of 89bebd50-9d39-42fe-a1e7-5348bc5fb8d6 lapsed	REJECT	com.alibaba.qwen.code.runtimebroker.ToolExecutionRecord@21ca139c
1790836652343	1	dispatch lease of 89bebd50-9d39-42fe-a1e7-5348bc5fb8d6 lapsed	REJECT	com.alibaba.qwen.code.runtimebroker.ToolExecutionRecord@7d61eccf
1790836652400	1	dispatch lease of 89bebd50-9d39-42fe-a1e7-5348bc5fb8d6 lapsed	REJECT	com.alibaba.qwen.code.runtimebroker.ToolExecutionRecord@681aad3b
1790836652456	1	dispatch lease of 89bebd50-9d39-42fe-a1e7-5348bc5fb8d6 lapsed	REJECT	com.alibaba.qwen.code.runtimebroker.ToolExecutionRecord@5ebd56e9
1790836652511	1	dispatch lease of 89bebd50-9d39-42fe-a1e7-5348bc5fb8d6 lapsed	REJECT	com.alibaba.qwen.code.runtimebroker.ToolExecutionRecord@1b58ff9e
1790836652567	1	dispatch lease of 89bebd50-9d39-42fe-a1e7-5348bc5fb8d6 lapsed	REJECT	com.alibaba.qwen.code.runtimebroker.ToolExecutionRecord@76318a7d
1790836652624	1	dispatch lease of 89bebd50-9d39-42fe-a1e7-5348bc5fb8d6 lapsed	REJECT	com.alibaba.qwen.code.runtimebroker.ToolExecutionRecord@585811a4
1790836652679	1	dispatch lease of 89bebd50-9d39-42fe-a1e7-5348bc5fb8d6 lapsed	REJECT	com.alibaba.qwen.code.runtimebroker.ToolExecutionRecord@4c4d362a
1790836652735	1	dispatch lease of 89bebd50-9d39-42fe-a1e7-5348bc5fb8d6 lapsed	REJECT	com.alibaba.qwen.code.runtimebroker.ToolExecutionRecord@2d72f75e
1790836652791	1	dispatch lease of 89bebd50-9d39-42fe-a1e7-5348bc5fb8d6 lapsed	REJECT	com.alibaba.qwen.code.runtimebroker.ToolExecutionRecord@16afbd92
1790836652847	1	dispatch lease of 89bebd50-9d39-42fe-a1e7-5348bc5fb8d6 lapsed	REJECT	com.alibaba.qwen.code.runtimebroker.ToolExecutionRecord@23c388c2
1790836652904	1	dispatch lease of 89bebd50-9d39-42fe-a1e7-5348bc5fb8d6 lapsed	REJECT	com.alibaba.qwen.code.runtimebroker.ToolExecutionRecord@74f7d1d2
1790836652960	1	dispatch lease of 89bebd50-9d39-42fe-a1e7-5348bc5fb8d6 lapsed	REJECT	com.alibaba.qwen.code.runtimebroker.ToolExecutionRecord@5a62b2a4
1790836653016	1	dispatch lease of 89bebd50-9d39-42fe-a1e7-5348bc5fb8d6 lapsed	ACCEPT	com.alibaba.qwen.code.runtimebroker.ToolExecutionRecord@620aa4ea
1790836665343	1	marker = [start]	ACCEPT	[start]
1790836675078	1	marker = [start, end]	ACCEPT	[start, end]
1790836680546	1	startup adoption	REJECT	Reply[ok=false, value=null, status=503, code=runtime_provisioning_in_progress, retryable=true, message=another Broker owns Runtime provisioning]
1790836683186	1	startup adoption	ACCEPT	Reply[ok=true, value={"bindingId":"3f34758f-a73a-435e-b7a2-c780a7d74af6","generation":1,"state":"READY"}, status=0, code=null, retryable=false, message=null]
1790836691932	1	startup adoption	REJECT	Reply[ok=false, value=null, status=503, code=runtime_provisioning_in_progress, retryable=true, message=another Broker owns Runtime provisioning]
1790836694579	1	startup adoption	ACCEPT	Reply[ok=true, value={"bindingId":"ee270eac-78c1-4ce3-bb64-e1c9c41f11d2","generation":1,"state":"READY"}, status=0, code=null, retryable=false, message=null]
1790836708071	1	marker = [start]	ACCEPT	[start]
1790836714907	1	original worker loss after recovery fencing	ACCEPT	Reply[ok=false, value=null, status=503, code=runtime_broker_runtime_lost, retryable=true, message=Runtime is lost; recovery requires complete evidence and cleanup]
1790836724779	1	project/marker = [start]	ACCEPT	[start]
1790836731606	1	original worker loss after recovery fencing	ACCEPT	Reply[ok=false, value=null, status=503, code=runtime_broker_runtime_lost, retryable=true, message=Runtime is lost; recovery requires complete evidence and cleanup]
1790836758210	1	marker = [start]	ACCEPT	[start]
1790836771108	1	project/marker = [start]	ACCEPT	[start]
1790836783892	1	dispatch lease of 21a6625a-a68e-44a3-bdde-e441c5e0cfe4 lapsed	REJECT	com.alibaba.qwen.code.runtimebroker.ToolExecutionRecord@37d80fe7
1790836783948	1	dispatch lease of 21a6625a-a68e-44a3-bdde-e441c5e0cfe4 lapsed	REJECT	com.alibaba.qwen.code.runtimebroker.ToolExecutionRecord@71e9a896
1790836784005	1	dispatch lease of 21a6625a-a68e-44a3-bdde-e441c5e0cfe4 lapsed	REJECT	com.alibaba.qwen.code.runtimebroker.ToolExecutionRecord@29ad44e3
1790836784062	1	dispatch lease of 21a6625a-a68e-44a3-bdde-e441c5e0cfe4 lapsed	REJECT	com.alibaba.qwen.code.runtimebroker.ToolExecutionRecord@43c67247
1790836784118	1	dispatch lease of 21a6625a-a68e-44a3-bdde-e441c5e0cfe4 lapsed	REJECT	com.alibaba.qwen.code.runtimebroker.ToolExecutionRecord@649f2009
1790836784175	1	dispatch lease of 21a6625a-a68e-44a3-bdde-e441c5e0cfe4 lapsed	REJECT	com.alibaba.qwen.code.runtimebroker.ToolExecutionRecord@797501a
1790836784232	1	dispatch lease of 21a6625a-a68e-44a3-bdde-e441c5e0cfe4 lapsed	REJECT	com.alibaba.qwen.code.runtimebroker.ToolExecutionRecord@51650883
1790836784289	1	dispatch lease of 21a6625a-a68e-44a3-bdde-e441c5e0cfe4 lapsed	REJECT	com.alibaba.qwen.code.runtimebroker.ToolExecutionRecord@30c31dd7
1790836784346	1	dispatch lease of 21a6625a-a68e-44a3-bdde-e441c5e0cfe4 lapsed	REJECT	com.alibaba.qwen.code.runtimebroker.ToolExecutionRecord@c1fca1e
1790836784402	1	dispatch lease of 21a6625a-a68e-44a3-bdde-e441c5e0cfe4 lapsed	REJECT	com.alibaba.qwen.code.runtimebroker.ToolExecutionRecord@2db2cd5
1790836784457	1	dispatch lease of 21a6625a-a68e-44a3-bdde-e441c5e0cfe4 lapsed	REJECT	com.alibaba.qwen.code.runtimebroker.ToolExecutionRecord@285f09de
1790836784514	1	dispatch lease of 21a6625a-a68e-44a3-bdde-e441c5e0cfe4 lapsed	REJECT	com.alibaba.qwen.code.runtimebroker.ToolExecutionRecord@1827a871
1790836784571	1	dispatch lease of 21a6625a-a68e-44a3-bdde-e441c5e0cfe4 lapsed	REJECT	com.alibaba.qwen.code.runtimebroker.ToolExecutionRecord@4362d7df
1790836784629	1	dispatch lease of 21a6625a-a68e-44a3-bdde-e441c5e0cfe4 lapsed	REJECT	com.alibaba.qwen.code.runtimebroker.ToolExecutionRecord@200606de
1790836784685	1	dispatch lease of 21a6625a-a68e-44a3-bdde-e441c5e0cfe4 lapsed	REJECT	com.alibaba.qwen.code.runtimebroker.ToolExecutionRecord@3e587920
1790836784742	1	dispatch lease of 21a6625a-a68e-44a3-bdde-e441c5e0cfe4 lapsed	REJECT	com.alibaba.qwen.code.runtimebroker.ToolExecutionRecord@63fd4873
1790836784799	1	dispatch lease of 21a6625a-a68e-44a3-bdde-e441c5e0cfe4 lapsed	REJECT	com.alibaba.qwen.code.runtimebroker.ToolExecutionRecord@70e0accd
1790836784855	1	dispatch lease of 21a6625a-a68e-44a3-bdde-e441c5e0cfe4 lapsed	REJECT	com.alibaba.qwen.code.runtimebroker.ToolExecutionRecord@3aacf32a
1790836784911	1	dispatch lease of 21a6625a-a68e-44a3-bdde-e441c5e0cfe4 lapsed	REJECT	com.alibaba.qwen.code.runtimebroker.ToolExecutionRecord@5be82d43
1790836784968	1	dispatch lease of 21a6625a-a68e-44a3-bdde-e441c5e0cfe4 lapsed	REJECT	com.alibaba.qwen.code.runtimebroker.ToolExecutionRecord@5ea502e0
1790836785024	1	dispatch lease of 21a6625a-a68e-44a3-bdde-e441c5e0cfe4 lapsed	REJECT	com.alibaba.qwen.code.runtimebroker.ToolExecutionRecord@1734f68
1790836785082	1	dispatch lease of 21a6625a-a68e-44a3-bdde-e441c5e0cfe4 lapsed	REJECT	com.alibaba.qwen.code.runtimebroker.ToolExecutionRecord@402f80f5
1790836785139	1	dispatch lease of 21a6625a-a68e-44a3-bdde-e441c5e0cfe4 lapsed	REJECT	com.alibaba.qwen.code.runtimebroker.ToolExecutionRecord@41382722
1790836785196	1	dispatch lease of 21a6625a-a68e-44a3-bdde-e441c5e0cfe4 lapsed	REJECT	com.alibaba.qwen.code.runtimebroker.ToolExecutionRecord@2102a4d5
1790836785253	1	dispatch lease of 21a6625a-a68e-44a3-bdde-e441c5e0cfe4 lapsed	REJECT	com.alibaba.qwen.code.runtimebroker.ToolExecutionRecord@65f87a2c
1790836785309	1	dispatch lease of 21a6625a-a68e-44a3-bdde-e441c5e0cfe4 lapsed	REJECT	com.alibaba.qwen.code.runtimebroker.ToolExecutionRecord@38875e7d
1790836785365	1	dispatch lease of 21a6625a-a68e-44a3-bdde-e441c5e0cfe4 lapsed	REJECT	com.alibaba.qwen.code.runtimebroker.ToolExecutionRecord@6e33c391
1790836785421	1	dispatch lease of 21a6625a-a68e-44a3-bdde-e441c5e0cfe4 lapsed	REJECT	com.alibaba.qwen.code.runtimebroker.ToolExecutionRecord@372b0d86
1790836785477	1	dispatch lease of 21a6625a-a68e-44a3-bdde-e441c5e0cfe4 lapsed	REJECT	com.alibaba.qwen.code.runtimebroker.ToolExecutionRecord@213e3629
1790836785533	1	dispatch lease of 21a6625a-a68e-44a3-bdde-e441c5e0cfe4 lapsed	REJECT	com.alibaba.qwen.code.runtimebroker.ToolExecutionRecord@20312893
1790836785589	1	dispatch lease of 21a6625a-a68e-44a3-bdde-e441c5e0cfe4 lapsed	REJECT	com.alibaba.qwen.code.runtimebroker.ToolExecutionRecord@7db0565c
1790836785644	1	dispatch lease of 21a6625a-a68e-44a3-bdde-e441c5e0cfe4 lapsed	REJECT	com.alibaba.qwen.code.runtimebroker.ToolExecutionRecord@5528a42c
1790836785700	1	dispatch lease of 21a6625a-a68e-44a3-bdde-e441c5e0cfe4 lapsed	REJECT	com.alibaba.qwen.code.runtimebroker.ToolExecutionRecord@1edb61b1
1790836785755	1	dispatch lease of 21a6625a-a68e-44a3-bdde-e441c5e0cfe4 lapsed	REJECT	com.alibaba.qwen.code.runtimebroker.ToolExecutionRecord@6cc0bcf6
1790836785812	1	dispatch lease of 21a6625a-a68e-44a3-bdde-e441c5e0cfe4 lapsed	REJECT	com.alibaba.qwen.code.runtimebroker.ToolExecutionRecord@f5c79a6
1790836785867	1	dispatch lease of 21a6625a-a68e-44a3-bdde-e441c5e0cfe4 lapsed	REJECT	com.alibaba.qwen.code.runtimebroker.ToolExecutionRecord@51a06cbe
1790836785923	1	dispatch lease of 21a6625a-a68e-44a3-bdde-e441c5e0cfe4 lapsed	REJECT	com.alibaba.qwen.code.runtimebroker.ToolExecutionRecord@344561e0
1790836785979	1	dispatch lease of 21a6625a-a68e-44a3-bdde-e441c5e0cfe4 lapsed	REJECT	com.alibaba.qwen.code.runtimebroker.ToolExecutionRecord@4d9d1b69
1790836786034	1	dispatch lease of 21a6625a-a68e-44a3-bdde-e441c5e0cfe4 lapsed	ACCEPT	com.alibaba.qwen.code.runtimebroker.ToolExecutionRecord@77b21474
1790836798602	1	dispatch lease of eaa813bc-6472-4501-bfcb-aa3fa8bbd5c8 lapsed	REJECT	com.alibaba.qwen.code.runtimebroker.ToolExecutionRecord@72bca894
1790836798660	1	dispatch lease of eaa813bc-6472-4501-bfcb-aa3fa8bbd5c8 lapsed	REJECT	com.alibaba.qwen.code.runtimebroker.ToolExecutionRecord@2575f671
1790836798717	1	dispatch lease of eaa813bc-6472-4501-bfcb-aa3fa8bbd5c8 lapsed	REJECT	com.alibaba.qwen.code.runtimebroker.ToolExecutionRecord@2d35442b
1790836798773	1	dispatch lease of eaa813bc-6472-4501-bfcb-aa3fa8bbd5c8 lapsed	REJECT	com.alibaba.qwen.code.runtimebroker.ToolExecutionRecord@37d3d232
1790836798829	1	dispatch lease of eaa813bc-6472-4501-bfcb-aa3fa8bbd5c8 lapsed	REJECT	com.alibaba.qwen.code.runtimebroker.ToolExecutionRecord@22db8f4
1790836798886	1	dispatch lease of eaa813bc-6472-4501-bfcb-aa3fa8bbd5c8 lapsed	REJECT	com.alibaba.qwen.code.runtimebroker.ToolExecutionRecord@29caf222
1790836798943	1	dispatch lease of eaa813bc-6472-4501-bfcb-aa3fa8bbd5c8 lapsed	REJECT	com.alibaba.qwen.code.runtimebroker.ToolExecutionRecord@7cd1ac19
1790836799000	1	dispatch lease of eaa813bc-6472-4501-bfcb-aa3fa8bbd5c8 lapsed	REJECT	com.alibaba.qwen.code.runtimebroker.ToolExecutionRecord@69c43e48
1790836799055	1	dispatch lease of eaa813bc-6472-4501-bfcb-aa3fa8bbd5c8 lapsed	REJECT	com.alibaba.qwen.code.runtimebroker.ToolExecutionRecord@547e29a4
1790836799111	1	dispatch lease of eaa813bc-6472-4501-bfcb-aa3fa8bbd5c8 lapsed	REJECT	com.alibaba.qwen.code.runtimebroker.ToolExecutionRecord@1b39fd82
1790836799166	1	dispatch lease of eaa813bc-6472-4501-bfcb-aa3fa8bbd5c8 lapsed	REJECT	com.alibaba.qwen.code.runtimebroker.ToolExecutionRecord@588ab592
1790836799223	1	dispatch lease of eaa813bc-6472-4501-bfcb-aa3fa8bbd5c8 lapsed	REJECT	com.alibaba.qwen.code.runtimebroker.ToolExecutionRecord@2d8f2f3a
1790836799279	1	dispatch lease of eaa813bc-6472-4501-bfcb-aa3fa8bbd5c8 lapsed	REJECT	com.alibaba.qwen.code.runtimebroker.ToolExecutionRecord@c074c0c
1790836799334	1	dispatch lease of eaa813bc-6472-4501-bfcb-aa3fa8bbd5c8 lapsed	REJECT	com.alibaba.qwen.code.runtimebroker.ToolExecutionRecord@6e0ff644
1790836799389	1	dispatch lease of eaa813bc-6472-4501-bfcb-aa3fa8bbd5c8 lapsed	REJECT	com.alibaba.qwen.code.runtimebroker.ToolExecutionRecord@3c291aad
1790836799445	1	dispatch lease of eaa813bc-6472-4501-bfcb-aa3fa8bbd5c8 lapsed	REJECT	com.alibaba.qwen.code.runtimebroker.ToolExecutionRecord@7728643a
1790836799501	1	dispatch lease of eaa813bc-6472-4501-bfcb-aa3fa8bbd5c8 lapsed	REJECT	com.alibaba.qwen.code.runtimebroker.ToolExecutionRecord@1cfd1875
1790836799557	1	dispatch lease of eaa813bc-6472-4501-bfcb-aa3fa8bbd5c8 lapsed	REJECT	com.alibaba.qwen.code.runtimebroker.ToolExecutionRecord@1af7f54a
1790836799613	1	dispatch lease of eaa813bc-6472-4501-bfcb-aa3fa8bbd5c8 lapsed	REJECT	com.alibaba.qwen.code.runtimebroker.ToolExecutionRecord@4d157787
1790836799669	1	dispatch lease of eaa813bc-6472-4501-bfcb-aa3fa8bbd5c8 lapsed	REJECT	com.alibaba.qwen.code.runtimebroker.ToolExecutionRecord@3228d990
1790836799724	1	dispatch lease of eaa813bc-6472-4501-bfcb-aa3fa8bbd5c8 lapsed	REJECT	com.alibaba.qwen.code.runtimebroker.ToolExecutionRecord@255990cc
1790836799781	1	dispatch lease of eaa813bc-6472-4501-bfcb-aa3fa8bbd5c8 lapsed	REJECT	com.alibaba.qwen.code.runtimebroker.ToolExecutionRecord@29d2d081
1790836799836	1	dispatch lease of eaa813bc-6472-4501-bfcb-aa3fa8bbd5c8 lapsed	REJECT	com.alibaba.qwen.code.runtimebroker.ToolExecutionRecord@3a7b503d
1790836799892	1	dispatch lease of eaa813bc-6472-4501-bfcb-aa3fa8bbd5c8 lapsed	REJECT	com.alibaba.qwen.code.runtimebroker.ToolExecutionRecord@7bdf6bb7
1790836799948	1	dispatch lease of eaa813bc-6472-4501-bfcb-aa3fa8bbd5c8 lapsed	REJECT	com.alibaba.qwen.code.runtimebroker.ToolExecutionRecord@47d93e0d
1790836800003	1	dispatch lease of eaa813bc-6472-4501-bfcb-aa3fa8bbd5c8 lapsed	REJECT	com.alibaba.qwen.code.runtimebroker.ToolExecutionRecord@160c3ec1
1790836800060	1	dispatch lease of eaa813bc-6472-4501-bfcb-aa3fa8bbd5c8 lapsed	REJECT	com.alibaba.qwen.code.runtimebroker.ToolExecutionRecord@2fa7ae9
1790836800116	1	dispatch lease of eaa813bc-6472-4501-bfcb-aa3fa8bbd5c8 lapsed	REJECT	com.alibaba.qwen.code.runtimebroker.ToolExecutionRecord@3153ddfc
1790836800172	1	dispatch lease of eaa813bc-6472-4501-bfcb-aa3fa8bbd5c8 lapsed	REJECT	com.alibaba.qwen.code.runtimebroker.ToolExecutionRecord@3f2049b6
1790836800228	1	dispatch lease of eaa813bc-6472-4501-bfcb-aa3fa8bbd5c8 lapsed	REJECT	com.alibaba.qwen.code.runtimebroker.ToolExecutionRecord@33a2499c
1790836800284	1	dispatch lease of eaa813bc-6472-4501-bfcb-aa3fa8bbd5c8 lapsed	REJECT	com.alibaba.qwen.code.runtimebroker.ToolExecutionRecord@1dfd5f51
1790836800340	1	dispatch lease of eaa813bc-6472-4501-bfcb-aa3fa8bbd5c8 lapsed	REJECT	com.alibaba.qwen.code.runtimebroker.ToolExecutionRecord@3abd581e
1790836800396	1	dispatch lease of eaa813bc-6472-4501-bfcb-aa3fa8bbd5c8 lapsed	REJECT	com.alibaba.qwen.code.runtimebroker.ToolExecutionRecord@6f0628de
1790836800452	1	dispatch lease of eaa813bc-6472-4501-bfcb-aa3fa8bbd5c8 lapsed	REJECT	com.alibaba.qwen.code.runtimebroker.ToolExecutionRecord@12f3afb5
1790836800507	1	dispatch lease of eaa813bc-6472-4501-bfcb-aa3fa8bbd5c8 lapsed	REJECT	com.alibaba.qwen.code.runtimebroker.ToolExecutionRecord@7bd69e82
1790836800563	1	dispatch lease of eaa813bc-6472-4501-bfcb-aa3fa8bbd5c8 lapsed	REJECT	com.alibaba.qwen.code.runtimebroker.ToolExecutionRecord@6831d8fd
1790836800619	1	dispatch lease of eaa813bc-6472-4501-bfcb-aa3fa8bbd5c8 lapsed	REJECT	com.alibaba.qwen.code.runtimebroker.ToolExecutionRecord@3aaf4f07
1790836800675	1	dispatch lease of eaa813bc-6472-4501-bfcb-aa3fa8bbd5c8 lapsed	REJECT	com.alibaba.qwen.code.runtimebroker.ToolExecutionRecord@5a2f016d
1790836800730	1	dispatch lease of eaa813bc-6472-4501-bfcb-aa3fa8bbd5c8 lapsed	REJECT	com.alibaba.qwen.code.runtimebroker.ToolExecutionRecord@6058e535
1790836800786	1	dispatch lease of eaa813bc-6472-4501-bfcb-aa3fa8bbd5c8 lapsed	REJECT	com.alibaba.qwen.code.runtimebroker.ToolExecutionRecord@3bb9efbc
1790836800841	1	dispatch lease of eaa813bc-6472-4501-bfcb-aa3fa8bbd5c8 lapsed	REJECT	com.alibaba.qwen.code.runtimebroker.ToolExecutionRecord@6f6a7463
1790836800898	1	dispatch lease of eaa813bc-6472-4501-bfcb-aa3fa8bbd5c8 lapsed	REJECT	com.alibaba.qwen.code.runtimebroker.ToolExecutionRecord@6ca320ab
1790836800954	1	dispatch lease of eaa813bc-6472-4501-bfcb-aa3fa8bbd5c8 lapsed	REJECT	com.alibaba.qwen.code.runtimebroker.ToolExecutionRecord@7674a051
1790836801009	1	dispatch lease of eaa813bc-6472-4501-bfcb-aa3fa8bbd5c8 lapsed	ACCEPT	com.alibaba.qwen.code.runtimebroker.ToolExecutionRecord@619bd14c
1790836814832	2	escaped writer pid	ACCEPT	true
1790836814842	2	escaped writer output	ACCEPT	true
1790836821998	2	original worker loss after recovery fencing	ACCEPT	Reply[ok=false, value=null, status=503, code=runtime_broker_runtime_lost, retryable=true, message=Runtime is lost; recovery requires complete evidence and cleanup]
1790836822063	2	escaped writer continues after loss; the physical pin must remain	REJECT	146
1790836822113	2	escaped writer continues after loss; the physical pin must remain	ACCEPT	147
1790836832112	2	escaped writer pid	ACCEPT	true
1790836832118	2	escaped writer output	ACCEPT	true
1790836839250	2	original worker loss after recovery fencing	ACCEPT	Reply[ok=false, value=null, status=503, code=runtime_broker_runtime_lost, retryable=true, message=Runtime is lost; recovery requires complete evidence and cleanup]
1790836839266	2	escaped writer continues after loss; the physical pin must remain	REJECT	145
1790836839316	2	escaped writer continues after loss; the physical pin must remain	ACCEPT	146
1790836849403	2	marker = [start]	ACCEPT	[start]
1790836849439	2	UNKNOWN execution	REJECT	com.alibaba.qwen.code.runtimebroker.ToolExecutionRecord@5b6813df
1790836849491	2	UNKNOWN execution	REJECT	com.alibaba.qwen.code.runtimebroker.ToolExecutionRecord@2b58f754
1790836849544	2	UNKNOWN execution	REJECT	com.alibaba.qwen.code.runtimebroker.ToolExecutionRecord@33352f32
1790836849597	2	UNKNOWN execution	REJECT	com.alibaba.qwen.code.runtimebroker.ToolExecutionRecord@1e044120
1790836849649	2	UNKNOWN execution	REJECT	com.alibaba.qwen.code.runtimebroker.ToolExecutionRecord@3624da92
1790836849701	2	UNKNOWN execution	REJECT	com.alibaba.qwen.code.runtimebroker.ToolExecutionRecord@94f6bfb
1790836849753	2	UNKNOWN execution	REJECT	com.alibaba.qwen.code.runtimebroker.ToolExecutionRecord@2484f433
1790836849805	2	UNKNOWN execution	REJECT	com.alibaba.qwen.code.runtimebroker.ToolExecutionRecord@1255b1d1
1790836849858	2	UNKNOWN execution	REJECT	com.alibaba.qwen.code.runtimebroker.ToolExecutionRecord@7c22d4f
1790836849910	2	UNKNOWN execution	REJECT	com.alibaba.qwen.code.runtimebroker.ToolExecutionRecord@60bdf15d
1790836849962	2	UNKNOWN execution	ACCEPT	com.alibaba.qwen.code.runtimebroker.ToolExecutionRecord@51e4ccb3
1790836870872	2	marker = [start]	ACCEPT	[start]
1790836876330	2	original Runtime loss after recovery fencing	REJECT	Reply[ok=false, value=null, status=503, code=runtime_provision_fenced, retryable=true, message=Runtime recovery claim expired]
1790836880567	2	original Runtime loss after recovery fencing	ACCEPT	Reply[ok=false, value=null, status=503, code=runtime_broker_runtime_lost, retryable=true, message=Runtime is lost; recovery requires complete evidence and cleanup]
1790836899852	2	dispatch lease of ac8ecf4c-b4a3-4a09-bdf8-f64b95cdbbb6 lapsed	REJECT	com.alibaba.qwen.code.runtimebroker.ToolExecutionRecord@3954d008
1790836899910	2	dispatch lease of ac8ecf4c-b4a3-4a09-bdf8-f64b95cdbbb6 lapsed	REJECT	com.alibaba.qwen.code.runtimebroker.ToolExecutionRecord@72ccd81a
1790836899968	2	dispatch lease of ac8ecf4c-b4a3-4a09-bdf8-f64b95cdbbb6 lapsed	REJECT	com.alibaba.qwen.code.runtimebroker.ToolExecutionRecord@493dfb8e
1790836900025	2	dispatch lease of ac8ecf4c-b4a3-4a09-bdf8-f64b95cdbbb6 lapsed	REJECT	com.alibaba.qwen.code.runtimebroker.ToolExecutionRecord@9d157ff
1790836900083	2	dispatch lease of ac8ecf4c-b4a3-4a09-bdf8-f64b95cdbbb6 lapsed	REJECT	com.alibaba.qwen.code.runtimebroker.ToolExecutionRecord@7c041b41
1790836900141	2	dispatch lease of ac8ecf4c-b4a3-4a09-bdf8-f64b95cdbbb6 lapsed	REJECT	com.alibaba.qwen.code.runtimebroker.ToolExecutionRecord@1cb3ec38
1790836900199	2	dispatch lease of ac8ecf4c-b4a3-4a09-bdf8-f64b95cdbbb6 lapsed	REJECT	com.alibaba.qwen.code.runtimebroker.ToolExecutionRecord@2cab9998
1790836900257	2	dispatch lease of ac8ecf4c-b4a3-4a09-bdf8-f64b95cdbbb6 lapsed	REJECT	com.alibaba.qwen.code.runtimebroker.ToolExecutionRecord@3a1d593e
1790836900315	2	dispatch lease of ac8ecf4c-b4a3-4a09-bdf8-f64b95cdbbb6 lapsed	REJECT	com.alibaba.qwen.code.runtimebroker.ToolExecutionRecord@7859e786
1790836900373	2	dispatch lease of ac8ecf4c-b4a3-4a09-bdf8-f64b95cdbbb6 lapsed	REJECT	com.alibaba.qwen.code.runtimebroker.ToolExecutionRecord@664a9613
1790836900431	2	dispatch lease of ac8ecf4c-b4a3-4a09-bdf8-f64b95cdbbb6 lapsed	REJECT	com.alibaba.qwen.code.runtimebroker.ToolExecutionRecord@7876d598
1790836900488	2	dispatch lease of ac8ecf4c-b4a3-4a09-bdf8-f64b95cdbbb6 lapsed	REJECT	com.alibaba.qwen.code.runtimebroker.ToolExecutionRecord@71104a4
1790836900545	2	dispatch lease of ac8ecf4c-b4a3-4a09-bdf8-f64b95cdbbb6 lapsed	REJECT	com.alibaba.qwen.code.runtimebroker.ToolExecutionRecord@3c9168dc
1790836900603	2	dispatch lease of ac8ecf4c-b4a3-4a09-bdf8-f64b95cdbbb6 lapsed	REJECT	com.alibaba.qwen.code.runtimebroker.ToolExecutionRecord@54361a9
1790836900660	2	dispatch lease of ac8ecf4c-b4a3-4a09-bdf8-f64b95cdbbb6 lapsed	REJECT	com.alibaba.qwen.code.runtimebroker.ToolExecutionRecord@37ebc9d8
1790836900728	2	dispatch lease of ac8ecf4c-b4a3-4a09-bdf8-f64b95cdbbb6 lapsed	REJECT	com.alibaba.qwen.code.runtimebroker.ToolExecutionRecord@6fa590ba
1790836900786	2	dispatch lease of ac8ecf4c-b4a3-4a09-bdf8-f64b95cdbbb6 lapsed	REJECT	com.alibaba.qwen.code.runtimebroker.ToolExecutionRecord@7bf9b098
1790836900843	2	dispatch lease of ac8ecf4c-b4a3-4a09-bdf8-f64b95cdbbb6 lapsed	REJECT	com.alibaba.qwen.code.runtimebroker.ToolExecutionRecord@1fc0053e
1790836900902	2	dispatch lease of ac8ecf4c-b4a3-4a09-bdf8-f64b95cdbbb6 lapsed	REJECT	com.alibaba.qwen.code.runtimebroker.ToolExecutionRecord@33617539
1790836900960	2	dispatch lease of ac8ecf4c-b4a3-4a09-bdf8-f64b95cdbbb6 lapsed	REJECT	com.alibaba.qwen.code.runtimebroker.ToolExecutionRecord@209775a9
1790836901017	2	dispatch lease of ac8ecf4c-b4a3-4a09-bdf8-f64b95cdbbb6 lapsed	REJECT	com.alibaba.qwen.code.runtimebroker.ToolExecutionRecord@74cec793
1790836901074	2	dispatch lease of ac8ecf4c-b4a3-4a09-bdf8-f64b95cdbbb6 lapsed	REJECT	com.alibaba.qwen.code.runtimebroker.ToolExecutionRecord@1bdf8190
1790836901132	2	dispatch lease of ac8ecf4c-b4a3-4a09-bdf8-f64b95cdbbb6 lapsed	REJECT	com.alibaba.qwen.code.runtimebroker.ToolExecutionRecord@c65a5ef
1790836901189	2	dispatch lease of ac8ecf4c-b4a3-4a09-bdf8-f64b95cdbbb6 lapsed	REJECT	com.alibaba.qwen.code.runtimebroker.ToolExecutionRecord@2fab4aff
1790836901246	2	dispatch lease of ac8ecf4c-b4a3-4a09-bdf8-f64b95cdbbb6 lapsed	REJECT	com.alibaba.qwen.code.runtimebroker.ToolExecutionRecord@5cc69cfe
1790836901303	2	dispatch lease of ac8ecf4c-b4a3-4a09-bdf8-f64b95cdbbb6 lapsed	REJECT	com.alibaba.qwen.code.runtimebroker.ToolExecutionRecord@7997b197
1790836901360	2	dispatch lease of ac8ecf4c-b4a3-4a09-bdf8-f64b95cdbbb6 lapsed	REJECT	com.alibaba.qwen.code.runtimebroker.ToolExecutionRecord@55f3c410
1790836901424	2	dispatch lease of ac8ecf4c-b4a3-4a09-bdf8-f64b95cdbbb6 lapsed	REJECT	com.alibaba.qwen.code.runtimebroker.ToolExecutionRecord@4a8ab068
1790836901481	2	dispatch lease of ac8ecf4c-b4a3-4a09-bdf8-f64b95cdbbb6 lapsed	REJECT	com.alibaba.qwen.code.runtimebroker.ToolExecutionRecord@6bab2585
1790836901539	2	dispatch lease of ac8ecf4c-b4a3-4a09-bdf8-f64b95cdbbb6 lapsed	REJECT	com.alibaba.qwen.code.runtimebroker.ToolExecutionRecord@532a02d9
1790836901597	2	dispatch lease of ac8ecf4c-b4a3-4a09-bdf8-f64b95cdbbb6 lapsed	REJECT	com.alibaba.qwen.code.runtimebroker.ToolExecutionRecord@7cbee484
1790836901654	2	dispatch lease of ac8ecf4c-b4a3-4a09-bdf8-f64b95cdbbb6 lapsed	REJECT	com.alibaba.qwen.code.runtimebroker.ToolExecutionRecord@4089713
1790836901711	2	dispatch lease of ac8ecf4c-b4a3-4a09-bdf8-f64b95cdbbb6 lapsed	REJECT	com.alibaba.qwen.code.runtimebroker.ToolExecutionRecord@b91d8c4
1790836901767	2	dispatch lease of ac8ecf4c-b4a3-4a09-bdf8-f64b95cdbbb6 lapsed	REJECT	com.alibaba.qwen.code.runtimebroker.ToolExecutionRecord@4fd4cae3
1790836901824	2	dispatch lease of ac8ecf4c-b4a3-4a09-bdf8-f64b95cdbbb6 lapsed	REJECT	com.alibaba.qwen.code.runtimebroker.ToolExecutionRecord@3bde62ff
1790836901881	2	dispatch lease of ac8ecf4c-b4a3-4a09-bdf8-f64b95cdbbb6 lapsed	REJECT	com.alibaba.qwen.code.runtimebroker.ToolExecutionRecord@319dead1
1790836901944	2	dispatch lease of ac8ecf4c-b4a3-4a09-bdf8-f64b95cdbbb6 lapsed	REJECT	com.alibaba.qwen.code.runtimebroker.ToolExecutionRecord@754777cd
1790836902002	2	dispatch lease of ac8ecf4c-b4a3-4a09-bdf8-f64b95cdbbb6 lapsed	ACCEPT	com.alibaba.qwen.code.runtimebroker.ToolExecutionRecord@4cc76301
1790836914379	2	marker = [start]	ACCEPT	[start]
1790836914678	2	dispatch lease of f4b60b57-b59a-4547-b11e-cbcea1c3fa1c lapsed	REJECT	com.alibaba.qwen.code.runtimebroker.ToolExecutionRecord@782a4fff
1790836914736	2	dispatch lease of f4b60b57-b59a-4547-b11e-cbcea1c3fa1c lapsed	REJECT	com.alibaba.qwen.code.runtimebroker.ToolExecutionRecord@5ae81e1
1790836914793	2	dispatch lease of f4b60b57-b59a-4547-b11e-cbcea1c3fa1c lapsed	REJECT	com.alibaba.qwen.code.runtimebroker.ToolExecutionRecord@6063d80a
1790836914850	2	dispatch lease of f4b60b57-b59a-4547-b11e-cbcea1c3fa1c lapsed	REJECT	com.alibaba.qwen.code.runtimebroker.ToolExecutionRecord@54709809
1790836914906	2	dispatch lease of f4b60b57-b59a-4547-b11e-cbcea1c3fa1c lapsed	REJECT	com.alibaba.qwen.code.runtimebroker.ToolExecutionRecord@60cf80e7
1790836914964	2	dispatch lease of f4b60b57-b59a-4547-b11e-cbcea1c3fa1c lapsed	REJECT	com.alibaba.qwen.code.runtimebroker.ToolExecutionRecord@48c40605
1790836915021	2	dispatch lease of f4b60b57-b59a-4547-b11e-cbcea1c3fa1c lapsed	REJECT	com.alibaba.qwen.code.runtimebroker.ToolExecutionRecord@476aac9
1790836915078	2	dispatch lease of f4b60b57-b59a-4547-b11e-cbcea1c3fa1c lapsed	REJECT	com.alibaba.qwen.code.runtimebroker.ToolExecutionRecord@2f2bf0e2
1790836915134	2	dispatch lease of f4b60b57-b59a-4547-b11e-cbcea1c3fa1c lapsed	REJECT	com.alibaba.qwen.code.runtimebroker.ToolExecutionRecord@25f9407e
1790836915190	2	dispatch lease of f4b60b57-b59a-4547-b11e-cbcea1c3fa1c lapsed	REJECT	com.alibaba.qwen.code.runtimebroker.ToolExecutionRecord@59aa20b3
1790836915247	2	dispatch lease of f4b60b57-b59a-4547-b11e-cbcea1c3fa1c lapsed	REJECT	com.alibaba.qwen.code.runtimebroker.ToolExecutionRecord@1b28f282
1790836915303	2	dispatch lease of f4b60b57-b59a-4547-b11e-cbcea1c3fa1c lapsed	REJECT	com.alibaba.qwen.code.runtimebroker.ToolExecutionRecord@19b30c92
1790836915360	2	dispatch lease of f4b60b57-b59a-4547-b11e-cbcea1c3fa1c lapsed	REJECT	com.alibaba.qwen.code.runtimebroker.ToolExecutionRecord@4816c290
1790836915416	2	dispatch lease of f4b60b57-b59a-4547-b11e-cbcea1c3fa1c lapsed	REJECT	com.alibaba.qwen.code.runtimebroker.ToolExecutionRecord@4efcf8a
1790836915474	2	dispatch lease of f4b60b57-b59a-4547-b11e-cbcea1c3fa1c lapsed	REJECT	com.alibaba.qwen.code.runtimebroker.ToolExecutionRecord@307765b4
1790836915530	2	dispatch lease of f4b60b57-b59a-4547-b11e-cbcea1c3fa1c lapsed	REJECT	com.alibaba.qwen.code.runtimebroker.ToolExecutionRecord@4e4efc1b
1790836915586	2	dispatch lease of f4b60b57-b59a-4547-b11e-cbcea1c3fa1c lapsed	REJECT	com.alibaba.qwen.code.runtimebroker.ToolExecutionRecord@7db534f2
1790836915642	2	dispatch lease of f4b60b57-b59a-4547-b11e-cbcea1c3fa1c lapsed	REJECT	com.alibaba.qwen.code.runtimebroker.ToolExecutionRecord@2a76b80a
1790836915698	2	dispatch lease of f4b60b57-b59a-4547-b11e-cbcea1c3fa1c lapsed	REJECT	com.alibaba.qwen.code.runtimebroker.ToolExecutionRecord@61d9efe0
1790836915756	2	dispatch lease of f4b60b57-b59a-4547-b11e-cbcea1c3fa1c lapsed	REJECT	com.alibaba.qwen.code.runtimebroker.ToolExecutionRecord@6de54b40
1790836915813	2	dispatch lease of f4b60b57-b59a-4547-b11e-cbcea1c3fa1c lapsed	REJECT	com.alibaba.qwen.code.runtimebroker.ToolExecutionRecord@a50b09c
1790836915869	2	dispatch lease of f4b60b57-b59a-4547-b11e-cbcea1c3fa1c lapsed	REJECT	com.alibaba.qwen.code.runtimebroker.ToolExecutionRecord@2187fff7
1790836915925	2	dispatch lease of f4b60b57-b59a-4547-b11e-cbcea1c3fa1c lapsed	REJECT	com.alibaba.qwen.code.runtimebroker.ToolExecutionRecord@4de025bf
1790836915983	2	dispatch lease of f4b60b57-b59a-4547-b11e-cbcea1c3fa1c lapsed	REJECT	com.alibaba.qwen.code.runtimebroker.ToolExecutionRecord@11389053
1790836916040	2	dispatch lease of f4b60b57-b59a-4547-b11e-cbcea1c3fa1c lapsed	REJECT	com.alibaba.qwen.code.runtimebroker.ToolExecutionRecord@5c1bd44c
1790836916096	2	dispatch lease of f4b60b57-b59a-4547-b11e-cbcea1c3fa1c lapsed	REJECT	com.alibaba.qwen.code.runtimebroker.ToolExecutionRecord@2e77b8cf
1790836916153	2	dispatch lease of f4b60b57-b59a-4547-b11e-cbcea1c3fa1c lapsed	REJECT	com.alibaba.qwen.code.runtimebroker.ToolExecutionRecord@7df587ef
1790836916209	2	dispatch lease of f4b60b57-b59a-4547-b11e-cbcea1c3fa1c lapsed	REJECT	com.alibaba.qwen.code.runtimebroker.ToolExecutionRecord@56db847e
1790836916267	2	dispatch lease of f4b60b57-b59a-4547-b11e-cbcea1c3fa1c lapsed	REJECT	com.alibaba.qwen.code.runtimebroker.ToolExecutionRecord@5fe8b721
1790836916324	2	dispatch lease of f4b60b57-b59a-4547-b11e-cbcea1c3fa1c lapsed	REJECT	com.alibaba.qwen.code.runtimebroker.ToolExecutionRecord@64c2b546
1790836916381	2	dispatch lease of f4b60b57-b59a-4547-b11e-cbcea1c3fa1c lapsed	REJECT	com.alibaba.qwen.code.runtimebroker.ToolExecutionRecord@4cc547a
1790836916437	2	dispatch lease of f4b60b57-b59a-4547-b11e-cbcea1c3fa1c lapsed	REJECT	com.alibaba.qwen.code.runtimebroker.ToolExecutionRecord@3591009c
1790836916494	2	dispatch lease of f4b60b57-b59a-4547-b11e-cbcea1c3fa1c lapsed	REJECT	com.alibaba.qwen.code.runtimebroker.ToolExecutionRecord@5cc5b667
1790836916551	2	dispatch lease of f4b60b57-b59a-4547-b11e-cbcea1c3fa1c lapsed	REJECT	com.alibaba.qwen.code.runtimebroker.ToolExecutionRecord@182f1e9a
1790836916606	2	dispatch lease of f4b60b57-b59a-4547-b11e-cbcea1c3fa1c lapsed	REJECT	com.alibaba.qwen.code.runtimebroker.ToolExecutionRecord@69f63d95
1790836916662	2	dispatch lease of f4b60b57-b59a-4547-b11e-cbcea1c3fa1c lapsed	REJECT	com.alibaba.qwen.code.runtimebroker.ToolExecutionRecord@3574e198
1790836916719	2	dispatch lease of f4b60b57-b59a-4547-b11e-cbcea1c3fa1c lapsed	REJECT	com.alibaba.qwen.code.runtimebroker.ToolExecutionRecord@2de366bb
1790836916776	2	dispatch lease of f4b60b57-b59a-4547-b11e-cbcea1c3fa1c lapsed	REJECT	com.alibaba.qwen.code.runtimebroker.ToolExecutionRecord@4eeea57d
1790836916832	2	dispatch lease of f4b60b57-b59a-4547-b11e-cbcea1c3fa1c lapsed	REJECT	com.alibaba.qwen.code.runtimebroker.ToolExecutionRecord@6f70f32f
1790836916888	2	dispatch lease of f4b60b57-b59a-4547-b11e-cbcea1c3fa1c lapsed	REJECT	com.alibaba.qwen.code.runtimebroker.ToolExecutionRecord@72c927f1
1790836916944	2	dispatch lease of f4b60b57-b59a-4547-b11e-cbcea1c3fa1c lapsed	REJECT	com.alibaba.qwen.code.runtimebroker.ToolExecutionRecord@3aa3193a
1790836917001	2	dispatch lease of f4b60b57-b59a-4547-b11e-cbcea1c3fa1c lapsed	ACCEPT	com.alibaba.qwen.code.runtimebroker.ToolExecutionRecord@5003041b
1790836932512	2	dispatch lease of 864ac586-e275-4e73-a295-ef4455f58707 lapsed	REJECT	com.alibaba.qwen.code.runtimebroker.ToolExecutionRecord@544630b7
1790836932570	2	dispatch lease of 864ac586-e275-4e73-a295-ef4455f58707 lapsed	REJECT	com.alibaba.qwen.code.runtimebroker.ToolExecutionRecord@58c540cf
1790836932627	2	dispatch lease of 864ac586-e275-4e73-a295-ef4455f58707 lapsed	REJECT	com.alibaba.qwen.code.runtimebroker.ToolExecutionRecord@24a1c17f
1790836932684	2	dispatch lease of 864ac586-e275-4e73-a295-ef4455f58707 lapsed	REJECT	com.alibaba.qwen.code.runtimebroker.ToolExecutionRecord@7927bd9f
1790836932748	2	dispatch lease of 864ac586-e275-4e73-a295-ef4455f58707 lapsed	REJECT	com.alibaba.qwen.code.runtimebroker.ToolExecutionRecord@7fb9f71f
1790836932805	2	dispatch lease of 864ac586-e275-4e73-a295-ef4455f58707 lapsed	REJECT	com.alibaba.qwen.code.runtimebroker.ToolExecutionRecord@514eedd8
1790836932863	2	dispatch lease of 864ac586-e275-4e73-a295-ef4455f58707 lapsed	REJECT	com.alibaba.qwen.code.runtimebroker.ToolExecutionRecord@1cf2fed4
1790836932922	2	dispatch lease of 864ac586-e275-4e73-a295-ef4455f58707 lapsed	REJECT	com.alibaba.qwen.code.runtimebroker.ToolExecutionRecord@4d63b624
1790836932985	2	dispatch lease of 864ac586-e275-4e73-a295-ef4455f58707 lapsed	REJECT	com.alibaba.qwen.code.runtimebroker.ToolExecutionRecord@2e185cd7
1790836933042	2	dispatch lease of 864ac586-e275-4e73-a295-ef4455f58707 lapsed	REJECT	com.alibaba.qwen.code.runtimebroker.ToolExecutionRecord@407cf41
1790836933099	2	dispatch lease of 864ac586-e275-4e73-a295-ef4455f58707 lapsed	REJECT	com.alibaba.qwen.code.runtimebroker.ToolExecutionRecord@60094a13
1790836933156	2	dispatch lease of 864ac586-e275-4e73-a295-ef4455f58707 lapsed	REJECT	com.alibaba.qwen.code.runtimebroker.ToolExecutionRecord@3a4b0e5d
1790836933212	2	dispatch lease of 864ac586-e275-4e73-a295-ef4455f58707 lapsed	REJECT	com.alibaba.qwen.code.runtimebroker.ToolExecutionRecord@3546d80f
1790836933271	2	dispatch lease of 864ac586-e275-4e73-a295-ef4455f58707 lapsed	REJECT	com.alibaba.qwen.code.runtimebroker.ToolExecutionRecord@452e26d0
1790836933328	2	dispatch lease of 864ac586-e275-4e73-a295-ef4455f58707 lapsed	REJECT	com.alibaba.qwen.code.runtimebroker.ToolExecutionRecord@42257bdd
1790836933386	2	dispatch lease of 864ac586-e275-4e73-a295-ef4455f58707 lapsed	REJECT	com.alibaba.qwen.code.runtimebroker.ToolExecutionRecord@1a2e2935
1790836933444	2	dispatch lease of 864ac586-e275-4e73-a295-ef4455f58707 lapsed	REJECT	com.alibaba.qwen.code.runtimebroker.ToolExecutionRecord@70925b45
1790836933503	2	dispatch lease of 864ac586-e275-4e73-a295-ef4455f58707 lapsed	REJECT	com.alibaba.qwen.code.runtimebroker.ToolExecutionRecord@55e7a35c
1790836933560	2	dispatch lease of 864ac586-e275-4e73-a295-ef4455f58707 lapsed	REJECT	com.alibaba.qwen.code.runtimebroker.ToolExecutionRecord@4263b080
1790836933616	2	dispatch lease of 864ac586-e275-4e73-a295-ef4455f58707 lapsed	REJECT	com.alibaba.qwen.code.runtimebroker.ToolExecutionRecord@3deb2326
1790836933674	2	dispatch lease of 864ac586-e275-4e73-a295-ef4455f58707 lapsed	REJECT	com.alibaba.qwen.code.runtimebroker.ToolExecutionRecord@3aee3976
1790836933730	2	dispatch lease of 864ac586-e275-4e73-a295-ef4455f58707 lapsed	REJECT	com.alibaba.qwen.code.runtimebroker.ToolExecutionRecord@127e70c5
1790836933787	2	dispatch lease of 864ac586-e275-4e73-a295-ef4455f58707 lapsed	REJECT	com.alibaba.qwen.code.runtimebroker.ToolExecutionRecord@1f130eaf
1790836933843	2	dispatch lease of 864ac586-e275-4e73-a295-ef4455f58707 lapsed	REJECT	com.alibaba.qwen.code.runtimebroker.ToolExecutionRecord@27eb3298
1790836933900	2	dispatch lease of 864ac586-e275-4e73-a295-ef4455f58707 lapsed	REJECT	com.alibaba.qwen.code.runtimebroker.ToolExecutionRecord@1b5bc39d
1790836933955	2	dispatch lease of 864ac586-e275-4e73-a295-ef4455f58707 lapsed	REJECT	com.alibaba.qwen.code.runtimebroker.ToolExecutionRecord@34abdee4
1790836934012	2	dispatch lease of 864ac586-e275-4e73-a295-ef4455f58707 lapsed	REJECT	com.alibaba.qwen.code.runtimebroker.ToolExecutionRecord@77cf3f8b
1790836934068	2	dispatch lease of 864ac586-e275-4e73-a295-ef4455f58707 lapsed	REJECT	com.alibaba.qwen.code.runtimebroker.ToolExecutionRecord@226f885f
1790836934124	2	dispatch lease of 864ac586-e275-4e73-a295-ef4455f58707 lapsed	REJECT	com.alibaba.qwen.code.runtimebroker.ToolExecutionRecord@cc6460c
1790836934180	2	dispatch lease of 864ac586-e275-4e73-a295-ef4455f58707 lapsed	REJECT	com.alibaba.qwen.code.runtimebroker.ToolExecutionRecord@1a6f2363
1790836934236	2	dispatch lease of 864ac586-e275-4e73-a295-ef4455f58707 lapsed	REJECT	com.alibaba.qwen.code.runtimebroker.ToolExecutionRecord@63f34b70
1790836934293	2	dispatch lease of 864ac586-e275-4e73-a295-ef4455f58707 lapsed	REJECT	com.alibaba.qwen.code.runtimebroker.ToolExecutionRecord@2f66e802
1790836934349	2	dispatch lease of 864ac586-e275-4e73-a295-ef4455f58707 lapsed	REJECT	com.alibaba.qwen.code.runtimebroker.ToolExecutionRecord@2a492f2a
1790836934405	2	dispatch lease of 864ac586-e275-4e73-a295-ef4455f58707 lapsed	REJECT	com.alibaba.qwen.code.runtimebroker.ToolExecutionRecord@22c01ab0
1790836934461	2	dispatch lease of 864ac586-e275-4e73-a295-ef4455f58707 lapsed	REJECT	com.alibaba.qwen.code.runtimebroker.ToolExecutionRecord@5400db36
1790836934519	2	dispatch lease of 864ac586-e275-4e73-a295-ef4455f58707 lapsed	REJECT	com.alibaba.qwen.code.runtimebroker.ToolExecutionRecord@8ab78bc
1790836934576	2	dispatch lease of 864ac586-e275-4e73-a295-ef4455f58707 lapsed	REJECT	com.alibaba.qwen.code.runtimebroker.ToolExecutionRecord@2c5d601e
1790836934633	2	dispatch lease of 864ac586-e275-4e73-a295-ef4455f58707 lapsed	REJECT	com.alibaba.qwen.code.runtimebroker.ToolExecutionRecord@486be205
1790836934689	2	dispatch lease of 864ac586-e275-4e73-a295-ef4455f58707 lapsed	REJECT	com.alibaba.qwen.code.runtimebroker.ToolExecutionRecord@4b4dd216
1790836934746	2	dispatch lease of 864ac586-e275-4e73-a295-ef4455f58707 lapsed	REJECT	com.alibaba.qwen.code.runtimebroker.ToolExecutionRecord@1051817b
1790836934803	2	dispatch lease of 864ac586-e275-4e73-a295-ef4455f58707 lapsed	REJECT	com.alibaba.qwen.code.runtimebroker.ToolExecutionRecord@2db2dd9d
1790836934859	2	dispatch lease of 864ac586-e275-4e73-a295-ef4455f58707 lapsed	REJECT	com.alibaba.qwen.code.runtimebroker.ToolExecutionRecord@7adbd080
1790836934914	2	dispatch lease of 864ac586-e275-4e73-a295-ef4455f58707 lapsed	REJECT	com.alibaba.qwen.code.runtimebroker.ToolExecutionRecord@13006998
1790836934970	2	dispatch lease of 864ac586-e275-4e73-a295-ef4455f58707 lapsed	REJECT	com.alibaba.qwen.code.runtimebroker.ToolExecutionRecord@7d373bcf
1790836935027	2	dispatch lease of 864ac586-e275-4e73-a295-ef4455f58707 lapsed	ACCEPT	com.alibaba.qwen.code.runtimebroker.ToolExecutionRecord@10027fc9
1790836947382	2	marker = [start]	ACCEPT	[start]
1790836957131	2	marker = [start, end]	ACCEPT	[start, end]
1790836962603	2	startup adoption	REJECT	Reply[ok=false, value=null, status=503, code=runtime_provisioning_in_progress, retryable=true, message=another Broker owns Runtime provisioning]
1790836965240	2	startup adoption	ACCEPT	Reply[ok=true, value={"bindingId":"38bbe719-c202-4ea2-8990-1d312afa5340","generation":1,"state":"READY"}, status=0, code=null, retryable=false, message=null]
1790836973975	2	startup adoption	REJECT	Reply[ok=false, value=null, status=503, code=runtime_provisioning_in_progress, retryable=true, message=another Broker owns Runtime provisioning]
1790836976609	2	startup adoption	ACCEPT	Reply[ok=true, value={"bindingId":"6717132d-682d-4a5d-9dc1-ff0601b0d249","generation":1,"state":"READY"}, status=0, code=null, retryable=false, message=null]
1790836990095	2	marker = [start]	ACCEPT	[start]
1790836996914	2	original worker loss after recovery fencing	ACCEPT	Reply[ok=false, value=null, status=503, code=runtime_broker_runtime_lost, retryable=true, message=Runtime is lost; recovery requires complete evidence and cleanup]
1790837006776	2	project/marker = [start]	ACCEPT	[start]
1790837013599	2	original worker loss after recovery fencing	ACCEPT	Reply[ok=false, value=null, status=503, code=runtime_broker_runtime_lost, retryable=true, message=Runtime is lost; recovery requires complete evidence and cleanup]
1790837040239	2	marker = [start]	ACCEPT	[start]
1790837053114	2	project/marker = [start]	ACCEPT	[start]
1790837065899	2	dispatch lease of 52b7fc0f-8981-4391-a336-65cefe79241e lapsed	REJECT	com.alibaba.qwen.code.runtimebroker.ToolExecutionRecord@14bb2297
1790837065956	2	dispatch lease of 52b7fc0f-8981-4391-a336-65cefe79241e lapsed	REJECT	com.alibaba.qwen.code.runtimebroker.ToolExecutionRecord@1a15b789
1790837066012	2	dispatch lease of 52b7fc0f-8981-4391-a336-65cefe79241e lapsed	REJECT	com.alibaba.qwen.code.runtimebroker.ToolExecutionRecord@6c4f9535
1790837066068	2	dispatch lease of 52b7fc0f-8981-4391-a336-65cefe79241e lapsed	REJECT	com.alibaba.qwen.code.runtimebroker.ToolExecutionRecord@499b2a5c
1790837066124	2	dispatch lease of 52b7fc0f-8981-4391-a336-65cefe79241e lapsed	REJECT	com.alibaba.qwen.code.runtimebroker.ToolExecutionRecord@241a53ef
1790837066181	2	dispatch lease of 52b7fc0f-8981-4391-a336-65cefe79241e lapsed	REJECT	com.alibaba.qwen.code.runtimebroker.ToolExecutionRecord@70e659aa
1790837066239	2	dispatch lease of 52b7fc0f-8981-4391-a336-65cefe79241e lapsed	REJECT	com.alibaba.qwen.code.runtimebroker.ToolExecutionRecord@73393584
1790837066295	2	dispatch lease of 52b7fc0f-8981-4391-a336-65cefe79241e lapsed	REJECT	com.alibaba.qwen.code.runtimebroker.ToolExecutionRecord@48e64352
1790837066351	2	dispatch lease of 52b7fc0f-8981-4391-a336-65cefe79241e lapsed	REJECT	com.alibaba.qwen.code.runtimebroker.ToolExecutionRecord@66238be2
1790837066406	2	dispatch lease of 52b7fc0f-8981-4391-a336-65cefe79241e lapsed	REJECT	com.alibaba.qwen.code.runtimebroker.ToolExecutionRecord@750fe12e
1790837066462	2	dispatch lease of 52b7fc0f-8981-4391-a336-65cefe79241e lapsed	REJECT	com.alibaba.qwen.code.runtimebroker.ToolExecutionRecord@2ef8a8c3
1790837066518	2	dispatch lease of 52b7fc0f-8981-4391-a336-65cefe79241e lapsed	REJECT	com.alibaba.qwen.code.runtimebroker.ToolExecutionRecord@1e11bc55
1790837066574	2	dispatch lease of 52b7fc0f-8981-4391-a336-65cefe79241e lapsed	REJECT	com.alibaba.qwen.code.runtimebroker.ToolExecutionRecord@7957dc72
1790837066630	2	dispatch lease of 52b7fc0f-8981-4391-a336-65cefe79241e lapsed	REJECT	com.alibaba.qwen.code.runtimebroker.ToolExecutionRecord@4fdfa676
1790837066685	2	dispatch lease of 52b7fc0f-8981-4391-a336-65cefe79241e lapsed	REJECT	com.alibaba.qwen.code.runtimebroker.ToolExecutionRecord@600b0b7
1790837066742	2	dispatch lease of 52b7fc0f-8981-4391-a336-65cefe79241e lapsed	REJECT	com.alibaba.qwen.code.runtimebroker.ToolExecutionRecord@443dbe42
1790837066798	2	dispatch lease of 52b7fc0f-8981-4391-a336-65cefe79241e lapsed	REJECT	com.alibaba.qwen.code.runtimebroker.ToolExecutionRecord@77b7ffa4
1790837066855	2	dispatch lease of 52b7fc0f-8981-4391-a336-65cefe79241e lapsed	REJECT	com.alibaba.qwen.code.runtimebroker.ToolExecutionRecord@5bbc9f97
1790837066912	2	dispatch lease of 52b7fc0f-8981-4391-a336-65cefe79241e lapsed	REJECT	com.alibaba.qwen.code.runtimebroker.ToolExecutionRecord@7dac3fd8
1790837066969	2	dispatch lease of 52b7fc0f-8981-4391-a336-65cefe79241e lapsed	REJECT	com.alibaba.qwen.code.runtimebroker.ToolExecutionRecord@210386e0
1790837067026	2	dispatch lease of 52b7fc0f-8981-4391-a336-65cefe79241e lapsed	REJECT	com.alibaba.qwen.code.runtimebroker.ToolExecutionRecord@51684e4a
1790837067083	2	dispatch lease of 52b7fc0f-8981-4391-a336-65cefe79241e lapsed	REJECT	com.alibaba.qwen.code.runtimebroker.ToolExecutionRecord@1e886a5b
1790837067139	2	dispatch lease of 52b7fc0f-8981-4391-a336-65cefe79241e lapsed	REJECT	com.alibaba.qwen.code.runtimebroker.ToolExecutionRecord@6c451c9c
1790837067195	2	dispatch lease of 52b7fc0f-8981-4391-a336-65cefe79241e lapsed	REJECT	com.alibaba.qwen.code.runtimebroker.ToolExecutionRecord@47747fb9
1790837067252	2	dispatch lease of 52b7fc0f-8981-4391-a336-65cefe79241e lapsed	REJECT	com.alibaba.qwen.code.runtimebroker.ToolExecutionRecord@4e9658b5
1790837067309	2	dispatch lease of 52b7fc0f-8981-4391-a336-65cefe79241e lapsed	REJECT	com.alibaba.qwen.code.runtimebroker.ToolExecutionRecord@70eecdc2
1790837067366	2	dispatch lease of 52b7fc0f-8981-4391-a336-65cefe79241e lapsed	REJECT	com.alibaba.qwen.code.runtimebroker.ToolExecutionRecord@54ec8cc9
1790837067423	2	dispatch lease of 52b7fc0f-8981-4391-a336-65cefe79241e lapsed	REJECT	com.alibaba.qwen.code.runtimebroker.ToolExecutionRecord@2a551a63
1790837067479	2	dispatch lease of 52b7fc0f-8981-4391-a336-65cefe79241e lapsed	REJECT	com.alibaba.qwen.code.runtimebroker.ToolExecutionRecord@ec2bf82
1790837067536	2	dispatch lease of 52b7fc0f-8981-4391-a336-65cefe79241e lapsed	REJECT	com.alibaba.qwen.code.runtimebroker.ToolExecutionRecord@29539e36
1790837067592	2	dispatch lease of 52b7fc0f-8981-4391-a336-65cefe79241e lapsed	REJECT	com.alibaba.qwen.code.runtimebroker.ToolExecutionRecord@669253b7
1790837067647	2	dispatch lease of 52b7fc0f-8981-4391-a336-65cefe79241e lapsed	REJECT	com.alibaba.qwen.code.runtimebroker.ToolExecutionRecord@3dddbe65
1790837067704	2	dispatch lease of 52b7fc0f-8981-4391-a336-65cefe79241e lapsed	REJECT	com.alibaba.qwen.code.runtimebroker.ToolExecutionRecord@66d23e4a
1790837067761	2	dispatch lease of 52b7fc0f-8981-4391-a336-65cefe79241e lapsed	REJECT	com.alibaba.qwen.code.runtimebroker.ToolExecutionRecord@52c8295b
1790837067818	2	dispatch lease of 52b7fc0f-8981-4391-a336-65cefe79241e lapsed	REJECT	com.alibaba.qwen.code.runtimebroker.ToolExecutionRecord@52d10fb8
1790837067875	2	dispatch lease of 52b7fc0f-8981-4391-a336-65cefe79241e lapsed	REJECT	com.alibaba.qwen.code.runtimebroker.ToolExecutionRecord@781e7326
1790837067931	2	dispatch lease of 52b7fc0f-8981-4391-a336-65cefe79241e lapsed	REJECT	com.alibaba.qwen.code.runtimebroker.ToolExecutionRecord@39c11e6c
1790837067988	2	dispatch lease of 52b7fc0f-8981-4391-a336-65cefe79241e lapsed	REJECT	com.alibaba.qwen.code.runtimebroker.ToolExecutionRecord@72bca894
1790837068044	2	dispatch lease of 52b7fc0f-8981-4391-a336-65cefe79241e lapsed	ACCEPT	com.alibaba.qwen.code.runtimebroker.ToolExecutionRecord@2575f671
1790837080625	2	dispatch lease of cc537dfd-c60c-4e67-b177-139047410ec5 lapsed	REJECT	com.alibaba.qwen.code.runtimebroker.ToolExecutionRecord@2b46a8c1
1790837080681	2	dispatch lease of cc537dfd-c60c-4e67-b177-139047410ec5 lapsed	REJECT	com.alibaba.qwen.code.runtimebroker.ToolExecutionRecord@46cf05f7
1790837080737	2	dispatch lease of cc537dfd-c60c-4e67-b177-139047410ec5 lapsed	REJECT	com.alibaba.qwen.code.runtimebroker.ToolExecutionRecord@2f40a43
1790837080792	2	dispatch lease of cc537dfd-c60c-4e67-b177-139047410ec5 lapsed	REJECT	com.alibaba.qwen.code.runtimebroker.ToolExecutionRecord@1804f60d
1790837080848	2	dispatch lease of cc537dfd-c60c-4e67-b177-139047410ec5 lapsed	REJECT	com.alibaba.qwen.code.runtimebroker.ToolExecutionRecord@1c807b1d
1790837080904	2	dispatch lease of cc537dfd-c60c-4e67-b177-139047410ec5 lapsed	REJECT	com.alibaba.qwen.code.runtimebroker.ToolExecutionRecord@3e2fc448
1790837080960	2	dispatch lease of cc537dfd-c60c-4e67-b177-139047410ec5 lapsed	REJECT	com.alibaba.qwen.code.runtimebroker.ToolExecutionRecord@c8b96ec
1790837081016	2	dispatch lease of cc537dfd-c60c-4e67-b177-139047410ec5 lapsed	REJECT	com.alibaba.qwen.code.runtimebroker.ToolExecutionRecord@2024293c
1790837081071	2	dispatch lease of cc537dfd-c60c-4e67-b177-139047410ec5 lapsed	REJECT	com.alibaba.qwen.code.runtimebroker.ToolExecutionRecord@58a55449
1790837081126	2	dispatch lease of cc537dfd-c60c-4e67-b177-139047410ec5 lapsed	REJECT	com.alibaba.qwen.code.runtimebroker.ToolExecutionRecord@58dea0a5
1790837081182	2	dispatch lease of cc537dfd-c60c-4e67-b177-139047410ec5 lapsed	REJECT	com.alibaba.qwen.code.runtimebroker.ToolExecutionRecord@2d0566ba
1790837081238	2	dispatch lease of cc537dfd-c60c-4e67-b177-139047410ec5 lapsed	REJECT	com.alibaba.qwen.code.runtimebroker.ToolExecutionRecord@320e400
1790837081294	2	dispatch lease of cc537dfd-c60c-4e67-b177-139047410ec5 lapsed	REJECT	com.alibaba.qwen.code.runtimebroker.ToolExecutionRecord@28c0b664
1790837081349	2	dispatch lease of cc537dfd-c60c-4e67-b177-139047410ec5 lapsed	REJECT	com.alibaba.qwen.code.runtimebroker.ToolExecutionRecord@6ebd78d1
1790837081405	2	dispatch lease of cc537dfd-c60c-4e67-b177-139047410ec5 lapsed	REJECT	com.alibaba.qwen.code.runtimebroker.ToolExecutionRecord@68ed96ca
1790837081461	2	dispatch lease of cc537dfd-c60c-4e67-b177-139047410ec5 lapsed	REJECT	com.alibaba.qwen.code.runtimebroker.ToolExecutionRecord@54e7391d
1790837081517	2	dispatch lease of cc537dfd-c60c-4e67-b177-139047410ec5 lapsed	REJECT	com.alibaba.qwen.code.runtimebroker.ToolExecutionRecord@51c929ae
1790837081572	2	dispatch lease of cc537dfd-c60c-4e67-b177-139047410ec5 lapsed	REJECT	com.alibaba.qwen.code.runtimebroker.ToolExecutionRecord@40e4ea87
1790837081628	2	dispatch lease of cc537dfd-c60c-4e67-b177-139047410ec5 lapsed	REJECT	com.alibaba.qwen.code.runtimebroker.ToolExecutionRecord@512d92b
1790837081684	2	dispatch lease of cc537dfd-c60c-4e67-b177-139047410ec5 lapsed	REJECT	com.alibaba.qwen.code.runtimebroker.ToolExecutionRecord@1bc53649
1790837081739	2	dispatch lease of cc537dfd-c60c-4e67-b177-139047410ec5 lapsed	REJECT	com.alibaba.qwen.code.runtimebroker.ToolExecutionRecord@475b7792
1790837081794	2	dispatch lease of cc537dfd-c60c-4e67-b177-139047410ec5 lapsed	REJECT	com.alibaba.qwen.code.runtimebroker.ToolExecutionRecord@182b435b
1790837081850	2	dispatch lease of cc537dfd-c60c-4e67-b177-139047410ec5 lapsed	REJECT	com.alibaba.qwen.code.runtimebroker.ToolExecutionRecord@7577b641
1790837081905	2	dispatch lease of cc537dfd-c60c-4e67-b177-139047410ec5 lapsed	REJECT	com.alibaba.qwen.code.runtimebroker.ToolExecutionRecord@60afd40d
1790837081962	2	dispatch lease of cc537dfd-c60c-4e67-b177-139047410ec5 lapsed	REJECT	com.alibaba.qwen.code.runtimebroker.ToolExecutionRecord@10b3df93
1790837082017	2	dispatch lease of cc537dfd-c60c-4e67-b177-139047410ec5 lapsed	REJECT	com.alibaba.qwen.code.runtimebroker.ToolExecutionRecord@e72dba7
1790837082073	2	dispatch lease of cc537dfd-c60c-4e67-b177-139047410ec5 lapsed	REJECT	com.alibaba.qwen.code.runtimebroker.ToolExecutionRecord@3c321bdb
1790837082128	2	dispatch lease of cc537dfd-c60c-4e67-b177-139047410ec5 lapsed	REJECT	com.alibaba.qwen.code.runtimebroker.ToolExecutionRecord@4d4d8fcf
1790837082184	2	dispatch lease of cc537dfd-c60c-4e67-b177-139047410ec5 lapsed	REJECT	com.alibaba.qwen.code.runtimebroker.ToolExecutionRecord@3fabf088
1790837082239	2	dispatch lease of cc537dfd-c60c-4e67-b177-139047410ec5 lapsed	REJECT	com.alibaba.qwen.code.runtimebroker.ToolExecutionRecord@4ced35ed
1790837082296	2	dispatch lease of cc537dfd-c60c-4e67-b177-139047410ec5 lapsed	REJECT	com.alibaba.qwen.code.runtimebroker.ToolExecutionRecord@74d7184a
1790837082352	2	dispatch lease of cc537dfd-c60c-4e67-b177-139047410ec5 lapsed	REJECT	com.alibaba.qwen.code.runtimebroker.ToolExecutionRecord@27dc79f7
1790837082409	2	dispatch lease of cc537dfd-c60c-4e67-b177-139047410ec5 lapsed	REJECT	com.alibaba.qwen.code.runtimebroker.ToolExecutionRecord@5cbf9e9f
1790837082465	2	dispatch lease of cc537dfd-c60c-4e67-b177-139047410ec5 lapsed	REJECT	com.alibaba.qwen.code.runtimebroker.ToolExecutionRecord@1a38ba58
1790837082521	2	dispatch lease of cc537dfd-c60c-4e67-b177-139047410ec5 lapsed	REJECT	com.alibaba.qwen.code.runtimebroker.ToolExecutionRecord@42deb43a
1790837082577	2	dispatch lease of cc537dfd-c60c-4e67-b177-139047410ec5 lapsed	REJECT	com.alibaba.qwen.code.runtimebroker.ToolExecutionRecord@1cefc4b3
1790837082633	2	dispatch lease of cc537dfd-c60c-4e67-b177-139047410ec5 lapsed	REJECT	com.alibaba.qwen.code.runtimebroker.ToolExecutionRecord@1bdaa23d
1790837082689	2	dispatch lease of cc537dfd-c60c-4e67-b177-139047410ec5 lapsed	REJECT	com.alibaba.qwen.code.runtimebroker.ToolExecutionRecord@50d68830
1790837082744	2	dispatch lease of cc537dfd-c60c-4e67-b177-139047410ec5 lapsed	REJECT	com.alibaba.qwen.code.runtimebroker.ToolExecutionRecord@3a7704c
1790837082800	2	dispatch lease of cc537dfd-c60c-4e67-b177-139047410ec5 lapsed	REJECT	com.alibaba.qwen.code.runtimebroker.ToolExecutionRecord@323e8306
1790837082855	2	dispatch lease of cc537dfd-c60c-4e67-b177-139047410ec5 lapsed	REJECT	com.alibaba.qwen.code.runtimebroker.ToolExecutionRecord@7561db12
1790837082912	2	dispatch lease of cc537dfd-c60c-4e67-b177-139047410ec5 lapsed	REJECT	com.alibaba.qwen.code.runtimebroker.ToolExecutionRecord@15deb1dc
1790837082968	2	dispatch lease of cc537dfd-c60c-4e67-b177-139047410ec5 lapsed	REJECT	com.alibaba.qwen.code.runtimebroker.ToolExecutionRecord@5af5def9
1790837083024	2	dispatch lease of cc537dfd-c60c-4e67-b177-139047410ec5 lapsed	ACCEPT	com.alibaba.qwen.code.runtimebroker.ToolExecutionRecord@47a64f7d
1790837823173	3	escaped writer pid	ACCEPT	true
1790837823181	3	escaped writer output	ACCEPT	true
1790837830345	3	original worker loss after recovery fencing	ACCEPT	Reply[ok=false, value=null, status=503, code=runtime_broker_runtime_lost, retryable=true, message=Runtime is lost; recovery requires complete evidence and cleanup]
1790837830420	3	escaped writer continues after loss; the physical pin must remain	REJECT	146
1790837830470	3	escaped writer continues after loss; the physical pin must remain	ACCEPT	147
1790837840430	3	escaped writer pid	ACCEPT	true
1790837840435	3	escaped writer output	ACCEPT	true
1790837847545	3	original worker loss after recovery fencing	ACCEPT	Reply[ok=false, value=null, status=503, code=runtime_broker_runtime_lost, retryable=true, message=Runtime is lost; recovery requires complete evidence and cleanup]
1790837847562	3	escaped writer continues after loss; the physical pin must remain	REJECT	144
1790837847613	3	escaped writer continues after loss; the physical pin must remain	ACCEPT	145
1790837857687	3	marker = [start]	ACCEPT	[start]
1790837857721	3	UNKNOWN execution	REJECT	com.alibaba.qwen.code.runtimebroker.ToolExecutionRecord@2b58f754
1790837857773	3	UNKNOWN execution	REJECT	com.alibaba.qwen.code.runtimebroker.ToolExecutionRecord@2552f2cb
1790837857826	3	UNKNOWN execution	REJECT	com.alibaba.qwen.code.runtimebroker.ToolExecutionRecord@1e044120
1790837857878	3	UNKNOWN execution	REJECT	com.alibaba.qwen.code.runtimebroker.ToolExecutionRecord@3624da92
1790837857930	3	UNKNOWN execution	REJECT	com.alibaba.qwen.code.runtimebroker.ToolExecutionRecord@94f6bfb
1790837857982	3	UNKNOWN execution	REJECT	com.alibaba.qwen.code.runtimebroker.ToolExecutionRecord@2484f433
1790837858034	3	UNKNOWN execution	REJECT	com.alibaba.qwen.code.runtimebroker.ToolExecutionRecord@1255b1d1
1790837858086	3	UNKNOWN execution	REJECT	com.alibaba.qwen.code.runtimebroker.ToolExecutionRecord@7c22d4f
1790837858138	3	UNKNOWN execution	REJECT	com.alibaba.qwen.code.runtimebroker.ToolExecutionRecord@60bdf15d
1790837858190	3	UNKNOWN execution	REJECT	com.alibaba.qwen.code.runtimebroker.ToolExecutionRecord@51e4ccb3
1790837858242	3	UNKNOWN execution	ACCEPT	com.alibaba.qwen.code.runtimebroker.ToolExecutionRecord@495083a0
1790837879132	3	marker = [start]	ACCEPT	[start]
1790837885961	3	original Runtime loss after recovery fencing	ACCEPT	Reply[ok=false, value=null, status=503, code=runtime_broker_runtime_lost, retryable=true, message=Runtime is lost; recovery requires complete evidence and cleanup]
1790837905243	3	dispatch lease of e30ddeaa-c1f8-4280-90e3-e740de0164ae lapsed	REJECT	com.alibaba.qwen.code.runtimebroker.ToolExecutionRecord@593e824f
1790837905300	3	dispatch lease of e30ddeaa-c1f8-4280-90e3-e740de0164ae lapsed	REJECT	com.alibaba.qwen.code.runtimebroker.ToolExecutionRecord@64bc21ac
1790837905357	3	dispatch lease of e30ddeaa-c1f8-4280-90e3-e740de0164ae lapsed	REJECT	com.alibaba.qwen.code.runtimebroker.ToolExecutionRecord@ce5a68e
1790837905414	3	dispatch lease of e30ddeaa-c1f8-4280-90e3-e740de0164ae lapsed	REJECT	com.alibaba.qwen.code.runtimebroker.ToolExecutionRecord@5df417a7
1790837905471	3	dispatch lease of e30ddeaa-c1f8-4280-90e3-e740de0164ae lapsed	REJECT	com.alibaba.qwen.code.runtimebroker.ToolExecutionRecord@61078690
1790837905530	3	dispatch lease of e30ddeaa-c1f8-4280-90e3-e740de0164ae lapsed	REJECT	com.alibaba.qwen.code.runtimebroker.ToolExecutionRecord@71c5b236
1790837905587	3	dispatch lease of e30ddeaa-c1f8-4280-90e3-e740de0164ae lapsed	REJECT	com.alibaba.qwen.code.runtimebroker.ToolExecutionRecord@669513d8
1790837905645	3	dispatch lease of e30ddeaa-c1f8-4280-90e3-e740de0164ae lapsed	REJECT	com.alibaba.qwen.code.runtimebroker.ToolExecutionRecord@361c294e
1790837905702	3	dispatch lease of e30ddeaa-c1f8-4280-90e3-e740de0164ae lapsed	REJECT	com.alibaba.qwen.code.runtimebroker.ToolExecutionRecord@314b8f2d
1790837905761	3	dispatch lease of e30ddeaa-c1f8-4280-90e3-e740de0164ae lapsed	REJECT	com.alibaba.qwen.code.runtimebroker.ToolExecutionRecord@15a902e7
1790837905820	3	dispatch lease of e30ddeaa-c1f8-4280-90e3-e740de0164ae lapsed	REJECT	com.alibaba.qwen.code.runtimebroker.ToolExecutionRecord@5af28b27
1790837905878	3	dispatch lease of e30ddeaa-c1f8-4280-90e3-e740de0164ae lapsed	REJECT	com.alibaba.qwen.code.runtimebroker.ToolExecutionRecord@72f46e16
1790837905935	3	dispatch lease of e30ddeaa-c1f8-4280-90e3-e740de0164ae lapsed	REJECT	com.alibaba.qwen.code.runtimebroker.ToolExecutionRecord@549621f3
1790837905992	3	dispatch lease of e30ddeaa-c1f8-4280-90e3-e740de0164ae lapsed	REJECT	com.alibaba.qwen.code.runtimebroker.ToolExecutionRecord@5217f3d0
1790837906049	3	dispatch lease of e30ddeaa-c1f8-4280-90e3-e740de0164ae lapsed	REJECT	com.alibaba.qwen.code.runtimebroker.ToolExecutionRecord@2416a51
1790837906126	3	dispatch lease of e30ddeaa-c1f8-4280-90e3-e740de0164ae lapsed	REJECT	com.alibaba.qwen.code.runtimebroker.ToolExecutionRecord@72e34f77
1790837906183	3	dispatch lease of e30ddeaa-c1f8-4280-90e3-e740de0164ae lapsed	REJECT	com.alibaba.qwen.code.runtimebroker.ToolExecutionRecord@77307458
1790837906241	3	dispatch lease of e30ddeaa-c1f8-4280-90e3-e740de0164ae lapsed	REJECT	com.alibaba.qwen.code.runtimebroker.ToolExecutionRecord@47874b25
1790837906298	3	dispatch lease of e30ddeaa-c1f8-4280-90e3-e740de0164ae lapsed	REJECT	com.alibaba.qwen.code.runtimebroker.ToolExecutionRecord@5db4c359
1790837906355	3	dispatch lease of e30ddeaa-c1f8-4280-90e3-e740de0164ae lapsed	REJECT	com.alibaba.qwen.code.runtimebroker.ToolExecutionRecord@f9b7332
1790837906413	3	dispatch lease of e30ddeaa-c1f8-4280-90e3-e740de0164ae lapsed	REJECT	com.alibaba.qwen.code.runtimebroker.ToolExecutionRecord@4f8969b0
1790837906470	3	dispatch lease of e30ddeaa-c1f8-4280-90e3-e740de0164ae lapsed	REJECT	com.alibaba.qwen.code.runtimebroker.ToolExecutionRecord@8a589a2
1790837906527	3	dispatch lease of e30ddeaa-c1f8-4280-90e3-e740de0164ae lapsed	REJECT	com.alibaba.qwen.code.runtimebroker.ToolExecutionRecord@b672aa8
1790837906584	3	dispatch lease of e30ddeaa-c1f8-4280-90e3-e740de0164ae lapsed	REJECT	com.alibaba.qwen.code.runtimebroker.ToolExecutionRecord@6e46d9f4
1790837906641	3	dispatch lease of e30ddeaa-c1f8-4280-90e3-e740de0164ae lapsed	REJECT	com.alibaba.qwen.code.runtimebroker.ToolExecutionRecord@21c64522
1790837906699	3	dispatch lease of e30ddeaa-c1f8-4280-90e3-e740de0164ae lapsed	REJECT	com.alibaba.qwen.code.runtimebroker.ToolExecutionRecord@460f76a6
1790837906756	3	dispatch lease of e30ddeaa-c1f8-4280-90e3-e740de0164ae lapsed	REJECT	com.alibaba.qwen.code.runtimebroker.ToolExecutionRecord@770d4269
1790837906812	3	dispatch lease of e30ddeaa-c1f8-4280-90e3-e740de0164ae lapsed	REJECT	com.alibaba.qwen.code.runtimebroker.ToolExecutionRecord@76a82f33
1790837906869	3	dispatch lease of e30ddeaa-c1f8-4280-90e3-e740de0164ae lapsed	REJECT	com.alibaba.qwen.code.runtimebroker.ToolExecutionRecord@644c78d4
1790837906925	3	dispatch lease of e30ddeaa-c1f8-4280-90e3-e740de0164ae lapsed	REJECT	com.alibaba.qwen.code.runtimebroker.ToolExecutionRecord@7bb3a9fe
1790837906983	3	dispatch lease of e30ddeaa-c1f8-4280-90e3-e740de0164ae lapsed	REJECT	com.alibaba.qwen.code.runtimebroker.ToolExecutionRecord@62923ee6
1790837907040	3	dispatch lease of e30ddeaa-c1f8-4280-90e3-e740de0164ae lapsed	REJECT	com.alibaba.qwen.code.runtimebroker.ToolExecutionRecord@7807ac2c
1790837907096	3	dispatch lease of e30ddeaa-c1f8-4280-90e3-e740de0164ae lapsed	REJECT	com.alibaba.qwen.code.runtimebroker.ToolExecutionRecord@a77614d
1790837907153	3	dispatch lease of e30ddeaa-c1f8-4280-90e3-e740de0164ae lapsed	REJECT	com.alibaba.qwen.code.runtimebroker.ToolExecutionRecord@a1217f9
1790837907209	3	dispatch lease of e30ddeaa-c1f8-4280-90e3-e740de0164ae lapsed	REJECT	com.alibaba.qwen.code.runtimebroker.ToolExecutionRecord@2baa8d82
1790837907267	3	dispatch lease of e30ddeaa-c1f8-4280-90e3-e740de0164ae lapsed	REJECT	com.alibaba.qwen.code.runtimebroker.ToolExecutionRecord@a7e2d9d
1790837907324	3	dispatch lease of e30ddeaa-c1f8-4280-90e3-e740de0164ae lapsed	REJECT	com.alibaba.qwen.code.runtimebroker.ToolExecutionRecord@372ea2bc
1790837907380	3	dispatch lease of e30ddeaa-c1f8-4280-90e3-e740de0164ae lapsed	REJECT	com.alibaba.qwen.code.runtimebroker.ToolExecutionRecord@3f19b8b3
1790837907437	3	dispatch lease of e30ddeaa-c1f8-4280-90e3-e740de0164ae lapsed	REJECT	com.alibaba.qwen.code.runtimebroker.ToolExecutionRecord@cdc3aae
1790837907494	3	dispatch lease of e30ddeaa-c1f8-4280-90e3-e740de0164ae lapsed	REJECT	com.alibaba.qwen.code.runtimebroker.ToolExecutionRecord@4c36250e
1790837907551	3	dispatch lease of e30ddeaa-c1f8-4280-90e3-e740de0164ae lapsed	REJECT	com.alibaba.qwen.code.runtimebroker.ToolExecutionRecord@299266e2
1790837907608	3	dispatch lease of e30ddeaa-c1f8-4280-90e3-e740de0164ae lapsed	REJECT	com.alibaba.qwen.code.runtimebroker.ToolExecutionRecord@1601e47
1790837907665	3	dispatch lease of e30ddeaa-c1f8-4280-90e3-e740de0164ae lapsed	REJECT	com.alibaba.qwen.code.runtimebroker.ToolExecutionRecord@50687efb
1790837907722	3	dispatch lease of e30ddeaa-c1f8-4280-90e3-e740de0164ae lapsed	REJECT	com.alibaba.qwen.code.runtimebroker.ToolExecutionRecord@4a9cc6cb
1790837907779	3	dispatch lease of e30ddeaa-c1f8-4280-90e3-e740de0164ae lapsed	REJECT	com.alibaba.qwen.code.runtimebroker.ToolExecutionRecord@35d6ca49
1790837907836	3	dispatch lease of e30ddeaa-c1f8-4280-90e3-e740de0164ae lapsed	REJECT	com.alibaba.qwen.code.runtimebroker.ToolExecutionRecord@12cd9150
1790837907893	3	dispatch lease of e30ddeaa-c1f8-4280-90e3-e740de0164ae lapsed	REJECT	com.alibaba.qwen.code.runtimebroker.ToolExecutionRecord@cf65451
1790837907950	3	dispatch lease of e30ddeaa-c1f8-4280-90e3-e740de0164ae lapsed	REJECT	com.alibaba.qwen.code.runtimebroker.ToolExecutionRecord@32fe9d0a
1790837908006	3	dispatch lease of e30ddeaa-c1f8-4280-90e3-e740de0164ae lapsed	ACCEPT	com.alibaba.qwen.code.runtimebroker.ToolExecutionRecord@46074492
1790837920350	3	marker = [start]	ACCEPT	[start]
1790837920646	3	dispatch lease of c70010dc-714a-44e9-b2be-2ecb2a1cbce7 lapsed	REJECT	com.alibaba.qwen.code.runtimebroker.ToolExecutionRecord@29876704
1790837920702	3	dispatch lease of c70010dc-714a-44e9-b2be-2ecb2a1cbce7 lapsed	REJECT	com.alibaba.qwen.code.runtimebroker.ToolExecutionRecord@16423501
1790837920759	3	dispatch lease of c70010dc-714a-44e9-b2be-2ecb2a1cbce7 lapsed	REJECT	com.alibaba.qwen.code.runtimebroker.ToolExecutionRecord@379ab47b
1790837920815	3	dispatch lease of c70010dc-714a-44e9-b2be-2ecb2a1cbce7 lapsed	REJECT	com.alibaba.qwen.code.runtimebroker.ToolExecutionRecord@2c95ac9e
1790837920871	3	dispatch lease of c70010dc-714a-44e9-b2be-2ecb2a1cbce7 lapsed	REJECT	com.alibaba.qwen.code.runtimebroker.ToolExecutionRecord@7cc586a8
1790837920927	3	dispatch lease of c70010dc-714a-44e9-b2be-2ecb2a1cbce7 lapsed	REJECT	com.alibaba.qwen.code.runtimebroker.ToolExecutionRecord@7a56812e
1790837920983	3	dispatch lease of c70010dc-714a-44e9-b2be-2ecb2a1cbce7 lapsed	REJECT	com.alibaba.qwen.code.runtimebroker.ToolExecutionRecord@2f4854d6
1790837921041	3	dispatch lease of c70010dc-714a-44e9-b2be-2ecb2a1cbce7 lapsed	REJECT	com.alibaba.qwen.code.runtimebroker.ToolExecutionRecord@e6516e
1790837921097	3	dispatch lease of c70010dc-714a-44e9-b2be-2ecb2a1cbce7 lapsed	REJECT	com.alibaba.qwen.code.runtimebroker.ToolExecutionRecord@388ffbc2
1790837921153	3	dispatch lease of c70010dc-714a-44e9-b2be-2ecb2a1cbce7 lapsed	REJECT	com.alibaba.qwen.code.runtimebroker.ToolExecutionRecord@6691490c
1790837921209	3	dispatch lease of c70010dc-714a-44e9-b2be-2ecb2a1cbce7 lapsed	REJECT	com.alibaba.qwen.code.runtimebroker.ToolExecutionRecord@21d5c1a0
1790837921265	3	dispatch lease of c70010dc-714a-44e9-b2be-2ecb2a1cbce7 lapsed	REJECT	com.alibaba.qwen.code.runtimebroker.ToolExecutionRecord@1eef9aef
1790837921323	3	dispatch lease of c70010dc-714a-44e9-b2be-2ecb2a1cbce7 lapsed	REJECT	com.alibaba.qwen.code.runtimebroker.ToolExecutionRecord@3ec11999
1790837921379	3	dispatch lease of c70010dc-714a-44e9-b2be-2ecb2a1cbce7 lapsed	REJECT	com.alibaba.qwen.code.runtimebroker.ToolExecutionRecord@18cc679e
1790837921434	3	dispatch lease of c70010dc-714a-44e9-b2be-2ecb2a1cbce7 lapsed	REJECT	com.alibaba.qwen.code.runtimebroker.ToolExecutionRecord@67ef029
1790837921490	3	dispatch lease of c70010dc-714a-44e9-b2be-2ecb2a1cbce7 lapsed	REJECT	com.alibaba.qwen.code.runtimebroker.ToolExecutionRecord@2755d705
1790837921546	3	dispatch lease of c70010dc-714a-44e9-b2be-2ecb2a1cbce7 lapsed	REJECT	com.alibaba.qwen.code.runtimebroker.ToolExecutionRecord@560cbf1a
1790837921602	3	dispatch lease of c70010dc-714a-44e9-b2be-2ecb2a1cbce7 lapsed	REJECT	com.alibaba.qwen.code.runtimebroker.ToolExecutionRecord@578524c3
1790837921659	3	dispatch lease of c70010dc-714a-44e9-b2be-2ecb2a1cbce7 lapsed	REJECT	com.alibaba.qwen.code.runtimebroker.ToolExecutionRecord@7a11c4c7
1790837921715	3	dispatch lease of c70010dc-714a-44e9-b2be-2ecb2a1cbce7 lapsed	REJECT	com.alibaba.qwen.code.runtimebroker.ToolExecutionRecord@4152d38d
1790837921770	3	dispatch lease of c70010dc-714a-44e9-b2be-2ecb2a1cbce7 lapsed	REJECT	com.alibaba.qwen.code.runtimebroker.ToolExecutionRecord@b5cc23a
1790837921826	3	dispatch lease of c70010dc-714a-44e9-b2be-2ecb2a1cbce7 lapsed	REJECT	com.alibaba.qwen.code.runtimebroker.ToolExecutionRecord@758f4f03
1790837921882	3	dispatch lease of c70010dc-714a-44e9-b2be-2ecb2a1cbce7 lapsed	REJECT	com.alibaba.qwen.code.runtimebroker.ToolExecutionRecord@660e9100
1790837921939	3	dispatch lease of c70010dc-714a-44e9-b2be-2ecb2a1cbce7 lapsed	REJECT	com.alibaba.qwen.code.runtimebroker.ToolExecutionRecord@27e0f2f5
1790837921995	3	dispatch lease of c70010dc-714a-44e9-b2be-2ecb2a1cbce7 lapsed	REJECT	com.alibaba.qwen.code.runtimebroker.ToolExecutionRecord@db44aa2
1790837922051	3	dispatch lease of c70010dc-714a-44e9-b2be-2ecb2a1cbce7 lapsed	REJECT	com.alibaba.qwen.code.runtimebroker.ToolExecutionRecord@61a002b1
1790837922107	3	dispatch lease of c70010dc-714a-44e9-b2be-2ecb2a1cbce7 lapsed	REJECT	com.alibaba.qwen.code.runtimebroker.ToolExecutionRecord@e24ddd0
1790837922164	3	dispatch lease of c70010dc-714a-44e9-b2be-2ecb2a1cbce7 lapsed	REJECT	com.alibaba.qwen.code.runtimebroker.ToolExecutionRecord@5aabbb29
1790837922221	3	dispatch lease of c70010dc-714a-44e9-b2be-2ecb2a1cbce7 lapsed	REJECT	com.alibaba.qwen.code.runtimebroker.ToolExecutionRecord@3dd69f5a
1790837922277	3	dispatch lease of c70010dc-714a-44e9-b2be-2ecb2a1cbce7 lapsed	REJECT	com.alibaba.qwen.code.runtimebroker.ToolExecutionRecord@59a67c3a
1790837922332	3	dispatch lease of c70010dc-714a-44e9-b2be-2ecb2a1cbce7 lapsed	REJECT	com.alibaba.qwen.code.runtimebroker.ToolExecutionRecord@16fb356
1790837922388	3	dispatch lease of c70010dc-714a-44e9-b2be-2ecb2a1cbce7 lapsed	REJECT	com.alibaba.qwen.code.runtimebroker.ToolExecutionRecord@ca27722
1790837922444	3	dispatch lease of c70010dc-714a-44e9-b2be-2ecb2a1cbce7 lapsed	REJECT	com.alibaba.qwen.code.runtimebroker.ToolExecutionRecord@67427b69
1790837922500	3	dispatch lease of c70010dc-714a-44e9-b2be-2ecb2a1cbce7 lapsed	REJECT	com.alibaba.qwen.code.runtimebroker.ToolExecutionRecord@64f857e7
1790837922556	3	dispatch lease of c70010dc-714a-44e9-b2be-2ecb2a1cbce7 lapsed	REJECT	com.alibaba.qwen.code.runtimebroker.ToolExecutionRecord@3d6300e8
1790837922612	3	dispatch lease of c70010dc-714a-44e9-b2be-2ecb2a1cbce7 lapsed	REJECT	com.alibaba.qwen.code.runtimebroker.ToolExecutionRecord@56102e1c
1790837922667	3	dispatch lease of c70010dc-714a-44e9-b2be-2ecb2a1cbce7 lapsed	REJECT	com.alibaba.qwen.code.runtimebroker.ToolExecutionRecord@532721fd
1790837922723	3	dispatch lease of c70010dc-714a-44e9-b2be-2ecb2a1cbce7 lapsed	REJECT	com.alibaba.qwen.code.runtimebroker.ToolExecutionRecord@3b366632
1790837922779	3	dispatch lease of c70010dc-714a-44e9-b2be-2ecb2a1cbce7 lapsed	REJECT	com.alibaba.qwen.code.runtimebroker.ToolExecutionRecord@617fe9e1
1790837922835	3	dispatch lease of c70010dc-714a-44e9-b2be-2ecb2a1cbce7 lapsed	REJECT	com.alibaba.qwen.code.runtimebroker.ToolExecutionRecord@3af4e0bf
1790837922891	3	dispatch lease of c70010dc-714a-44e9-b2be-2ecb2a1cbce7 lapsed	REJECT	com.alibaba.qwen.code.runtimebroker.ToolExecutionRecord@466cf502
1790837922946	3	dispatch lease of c70010dc-714a-44e9-b2be-2ecb2a1cbce7 lapsed	REJECT	com.alibaba.qwen.code.runtimebroker.ToolExecutionRecord@7e1a1da6
1790837923002	3	dispatch lease of c70010dc-714a-44e9-b2be-2ecb2a1cbce7 lapsed	ACCEPT	com.alibaba.qwen.code.runtimebroker.ToolExecutionRecord@6815c5f2
1790837938468	3	dispatch lease of 8d90e259-88d8-4305-8133-8a259b3c092b lapsed	REJECT	com.alibaba.qwen.code.runtimebroker.ToolExecutionRecord@3670f00
1790837938525	3	dispatch lease of 8d90e259-88d8-4305-8133-8a259b3c092b lapsed	REJECT	com.alibaba.qwen.code.runtimebroker.ToolExecutionRecord@790174f2
1790837938581	3	dispatch lease of 8d90e259-88d8-4305-8133-8a259b3c092b lapsed	REJECT	com.alibaba.qwen.code.runtimebroker.ToolExecutionRecord@687a762c
1790837938638	3	dispatch lease of 8d90e259-88d8-4305-8133-8a259b3c092b lapsed	REJECT	com.alibaba.qwen.code.runtimebroker.ToolExecutionRecord@4b629f13
1790837938694	3	dispatch lease of 8d90e259-88d8-4305-8133-8a259b3c092b lapsed	REJECT	com.alibaba.qwen.code.runtimebroker.ToolExecutionRecord@aa22f1c
1790837938750	3	dispatch lease of 8d90e259-88d8-4305-8133-8a259b3c092b lapsed	REJECT	com.alibaba.qwen.code.runtimebroker.ToolExecutionRecord@5922ae77
1790837938807	3	dispatch lease of 8d90e259-88d8-4305-8133-8a259b3c092b lapsed	REJECT	com.alibaba.qwen.code.runtimebroker.ToolExecutionRecord@71f67a79
1790837938864	3	dispatch lease of 8d90e259-88d8-4305-8133-8a259b3c092b lapsed	REJECT	com.alibaba.qwen.code.runtimebroker.ToolExecutionRecord@7889a1ac
1790837938920	3	dispatch lease of 8d90e259-88d8-4305-8133-8a259b3c092b lapsed	REJECT	com.alibaba.qwen.code.runtimebroker.ToolExecutionRecord@27cf3151
1790837938977	3	dispatch lease of 8d90e259-88d8-4305-8133-8a259b3c092b lapsed	REJECT	com.alibaba.qwen.code.runtimebroker.ToolExecutionRecord@4108fa66
1790837939034	3	dispatch lease of 8d90e259-88d8-4305-8133-8a259b3c092b lapsed	REJECT	com.alibaba.qwen.code.runtimebroker.ToolExecutionRecord@21362712
1790837939090	3	dispatch lease of 8d90e259-88d8-4305-8133-8a259b3c092b lapsed	REJECT	com.alibaba.qwen.code.runtimebroker.ToolExecutionRecord@bc57b40
1790837939147	3	dispatch lease of 8d90e259-88d8-4305-8133-8a259b3c092b lapsed	REJECT	com.alibaba.qwen.code.runtimebroker.ToolExecutionRecord@1494b84d
1790837939203	3	dispatch lease of 8d90e259-88d8-4305-8133-8a259b3c092b lapsed	REJECT	com.alibaba.qwen.code.runtimebroker.ToolExecutionRecord@4628b1d3
1790837939260	3	dispatch lease of 8d90e259-88d8-4305-8133-8a259b3c092b lapsed	REJECT	com.alibaba.qwen.code.runtimebroker.ToolExecutionRecord@21ca139c
1790837939316	3	dispatch lease of 8d90e259-88d8-4305-8133-8a259b3c092b lapsed	REJECT	com.alibaba.qwen.code.runtimebroker.ToolExecutionRecord@7d61eccf
1790837939373	3	dispatch lease of 8d90e259-88d8-4305-8133-8a259b3c092b lapsed	REJECT	com.alibaba.qwen.code.runtimebroker.ToolExecutionRecord@681aad3b
1790837939430	3	dispatch lease of 8d90e259-88d8-4305-8133-8a259b3c092b lapsed	REJECT	com.alibaba.qwen.code.runtimebroker.ToolExecutionRecord@5ebd56e9
1790837939485	3	dispatch lease of 8d90e259-88d8-4305-8133-8a259b3c092b lapsed	REJECT	com.alibaba.qwen.code.runtimebroker.ToolExecutionRecord@1b58ff9e
1790837939541	3	dispatch lease of 8d90e259-88d8-4305-8133-8a259b3c092b lapsed	REJECT	com.alibaba.qwen.code.runtimebroker.ToolExecutionRecord@76318a7d
1790837939597	3	dispatch lease of 8d90e259-88d8-4305-8133-8a259b3c092b lapsed	REJECT	com.alibaba.qwen.code.runtimebroker.ToolExecutionRecord@585811a4
1790837939653	3	dispatch lease of 8d90e259-88d8-4305-8133-8a259b3c092b lapsed	REJECT	com.alibaba.qwen.code.runtimebroker.ToolExecutionRecord@4c4d362a
1790837939710	3	dispatch lease of 8d90e259-88d8-4305-8133-8a259b3c092b lapsed	REJECT	com.alibaba.qwen.code.runtimebroker.ToolExecutionRecord@2d72f75e
1790837939765	3	dispatch lease of 8d90e259-88d8-4305-8133-8a259b3c092b lapsed	REJECT	com.alibaba.qwen.code.runtimebroker.ToolExecutionRecord@16afbd92
1790837939822	3	dispatch lease of 8d90e259-88d8-4305-8133-8a259b3c092b lapsed	REJECT	com.alibaba.qwen.code.runtimebroker.ToolExecutionRecord@23c388c2
1790837939878	3	dispatch lease of 8d90e259-88d8-4305-8133-8a259b3c092b lapsed	REJECT	com.alibaba.qwen.code.runtimebroker.ToolExecutionRecord@74f7d1d2
1790837939933	3	dispatch lease of 8d90e259-88d8-4305-8133-8a259b3c092b lapsed	REJECT	com.alibaba.qwen.code.runtimebroker.ToolExecutionRecord@5a62b2a4
1790837939991	3	dispatch lease of 8d90e259-88d8-4305-8133-8a259b3c092b lapsed	REJECT	com.alibaba.qwen.code.runtimebroker.ToolExecutionRecord@620aa4ea
1790837940047	3	dispatch lease of 8d90e259-88d8-4305-8133-8a259b3c092b lapsed	REJECT	com.alibaba.qwen.code.runtimebroker.ToolExecutionRecord@4d411036
1790837940103	3	dispatch lease of 8d90e259-88d8-4305-8133-8a259b3c092b lapsed	REJECT	com.alibaba.qwen.code.runtimebroker.ToolExecutionRecord@560513ce
1790837940159	3	dispatch lease of 8d90e259-88d8-4305-8133-8a259b3c092b lapsed	REJECT	com.alibaba.qwen.code.runtimebroker.ToolExecutionRecord@352c308
1790837940214	3	dispatch lease of 8d90e259-88d8-4305-8133-8a259b3c092b lapsed	REJECT	com.alibaba.qwen.code.runtimebroker.ToolExecutionRecord@5dda6f9
1790837940271	3	dispatch lease of 8d90e259-88d8-4305-8133-8a259b3c092b lapsed	REJECT	com.alibaba.qwen.code.runtimebroker.ToolExecutionRecord@677dbd89
1790837940327	3	dispatch lease of 8d90e259-88d8-4305-8133-8a259b3c092b lapsed	REJECT	com.alibaba.qwen.code.runtimebroker.ToolExecutionRecord@263f04ca
1790837940382	3	dispatch lease of 8d90e259-88d8-4305-8133-8a259b3c092b lapsed	REJECT	com.alibaba.qwen.code.runtimebroker.ToolExecutionRecord@51768776
1790837940438	3	dispatch lease of 8d90e259-88d8-4305-8133-8a259b3c092b lapsed	REJECT	com.alibaba.qwen.code.runtimebroker.ToolExecutionRecord@4a9419d7
1790837940494	3	dispatch lease of 8d90e259-88d8-4305-8133-8a259b3c092b lapsed	REJECT	com.alibaba.qwen.code.runtimebroker.ToolExecutionRecord@67af833b
1790837940550	3	dispatch lease of 8d90e259-88d8-4305-8133-8a259b3c092b lapsed	REJECT	com.alibaba.qwen.code.runtimebroker.ToolExecutionRecord@3a0807b7
1790837940606	3	dispatch lease of 8d90e259-88d8-4305-8133-8a259b3c092b lapsed	REJECT	com.alibaba.qwen.code.runtimebroker.ToolExecutionRecord@5c77053b
1790837940662	3	dispatch lease of 8d90e259-88d8-4305-8133-8a259b3c092b lapsed	REJECT	com.alibaba.qwen.code.runtimebroker.ToolExecutionRecord@30b34287
1790837940718	3	dispatch lease of 8d90e259-88d8-4305-8133-8a259b3c092b lapsed	REJECT	com.alibaba.qwen.code.runtimebroker.ToolExecutionRecord@62f87c44
1790837940773	3	dispatch lease of 8d90e259-88d8-4305-8133-8a259b3c092b lapsed	REJECT	com.alibaba.qwen.code.runtimebroker.ToolExecutionRecord@5149f008
1790837940831	3	dispatch lease of 8d90e259-88d8-4305-8133-8a259b3c092b lapsed	REJECT	com.alibaba.qwen.code.runtimebroker.ToolExecutionRecord@2ca65ce4
1790837940887	3	dispatch lease of 8d90e259-88d8-4305-8133-8a259b3c092b lapsed	REJECT	com.alibaba.qwen.code.runtimebroker.ToolExecutionRecord@2b5cb9b2
1790837940943	3	dispatch lease of 8d90e259-88d8-4305-8133-8a259b3c092b lapsed	REJECT	com.alibaba.qwen.code.runtimebroker.ToolExecutionRecord@672f11c2
1790837940998	3	dispatch lease of 8d90e259-88d8-4305-8133-8a259b3c092b lapsed	REJECT	com.alibaba.qwen.code.runtimebroker.ToolExecutionRecord@72efb5c1
1790837941054	3	dispatch lease of 8d90e259-88d8-4305-8133-8a259b3c092b lapsed	ACCEPT	com.alibaba.qwen.code.runtimebroker.ToolExecutionRecord@40f33492
1790837953356	3	marker = [start]	ACCEPT	[start]
1790837963109	3	marker = [start, end]	ACCEPT	[start, end]
1790837968594	3	startup adoption	REJECT	Reply[ok=false, value=null, status=503, code=runtime_provisioning_in_progress, retryable=true, message=another Broker owns Runtime provisioning]
1790837971221	3	startup adoption	ACCEPT	Reply[ok=true, value={"bindingId":"9efe8f1e-0675-4739-8a66-90fe777ac4f9","generation":1,"state":"READY"}, status=0, code=null, retryable=false, message=null]
1790837979941	3	startup adoption	REJECT	Reply[ok=false, value=null, status=503, code=runtime_provisioning_in_progress, retryable=true, message=another Broker owns Runtime provisioning]
1790837982574	3	startup adoption	ACCEPT	Reply[ok=true, value={"bindingId":"a867904c-9f53-4837-a423-339f30e050c8","generation":1,"state":"READY"}, status=0, code=null, retryable=false, message=null]
1790837996009	3	marker = [start]	ACCEPT	[start]
1790838002804	3	original worker loss after recovery fencing	ACCEPT	Reply[ok=false, value=null, status=503, code=runtime_broker_runtime_lost, retryable=true, message=Runtime is lost; recovery requires complete evidence and cleanup]
1790838012635	3	project/marker = [start]	ACCEPT	[start]
1790838019432	3	original worker loss after recovery fencing	ACCEPT	Reply[ok=false, value=null, status=503, code=runtime_broker_runtime_lost, retryable=true, message=Runtime is lost; recovery requires complete evidence and cleanup]
1790838046026	3	marker = [start]	ACCEPT	[start]
1790838058831	3	project/marker = [start]	ACCEPT	[start]
1790838071553	3	dispatch lease of 56494fc2-db72-490a-96e6-776d372f6dc8 lapsed	REJECT	com.alibaba.qwen.code.runtimebroker.ToolExecutionRecord@5ea502e0
1790838071610	3	dispatch lease of 56494fc2-db72-490a-96e6-776d372f6dc8 lapsed	REJECT	com.alibaba.qwen.code.runtimebroker.ToolExecutionRecord@1734f68
1790838071665	3	dispatch lease of 56494fc2-db72-490a-96e6-776d372f6dc8 lapsed	REJECT	com.alibaba.qwen.code.runtimebroker.ToolExecutionRecord@402f80f5
1790838071721	3	dispatch lease of 56494fc2-db72-490a-96e6-776d372f6dc8 lapsed	REJECT	com.alibaba.qwen.code.runtimebroker.ToolExecutionRecord@41382722
1790838071777	3	dispatch lease of 56494fc2-db72-490a-96e6-776d372f6dc8 lapsed	REJECT	com.alibaba.qwen.code.runtimebroker.ToolExecutionRecord@2102a4d5
1790838071832	3	dispatch lease of 56494fc2-db72-490a-96e6-776d372f6dc8 lapsed	REJECT	com.alibaba.qwen.code.runtimebroker.ToolExecutionRecord@65f87a2c
1790838071888	3	dispatch lease of 56494fc2-db72-490a-96e6-776d372f6dc8 lapsed	REJECT	com.alibaba.qwen.code.runtimebroker.ToolExecutionRecord@38875e7d
1790838071944	3	dispatch lease of 56494fc2-db72-490a-96e6-776d372f6dc8 lapsed	REJECT	com.alibaba.qwen.code.runtimebroker.ToolExecutionRecord@6e33c391
1790838071999	3	dispatch lease of 56494fc2-db72-490a-96e6-776d372f6dc8 lapsed	REJECT	com.alibaba.qwen.code.runtimebroker.ToolExecutionRecord@372b0d86
1790838072054	3	dispatch lease of 56494fc2-db72-490a-96e6-776d372f6dc8 lapsed	REJECT	com.alibaba.qwen.code.runtimebroker.ToolExecutionRecord@213e3629
1790838072110	3	dispatch lease of 56494fc2-db72-490a-96e6-776d372f6dc8 lapsed	REJECT	com.alibaba.qwen.code.runtimebroker.ToolExecutionRecord@20312893
1790838072166	3	dispatch lease of 56494fc2-db72-490a-96e6-776d372f6dc8 lapsed	REJECT	com.alibaba.qwen.code.runtimebroker.ToolExecutionRecord@7db0565c
1790838072222	3	dispatch lease of 56494fc2-db72-490a-96e6-776d372f6dc8 lapsed	REJECT	com.alibaba.qwen.code.runtimebroker.ToolExecutionRecord@5528a42c
1790838072277	3	dispatch lease of 56494fc2-db72-490a-96e6-776d372f6dc8 lapsed	REJECT	com.alibaba.qwen.code.runtimebroker.ToolExecutionRecord@1edb61b1
1790838072332	3	dispatch lease of 56494fc2-db72-490a-96e6-776d372f6dc8 lapsed	REJECT	com.alibaba.qwen.code.runtimebroker.ToolExecutionRecord@6cc0bcf6
1790838072388	3	dispatch lease of 56494fc2-db72-490a-96e6-776d372f6dc8 lapsed	REJECT	com.alibaba.qwen.code.runtimebroker.ToolExecutionRecord@f5c79a6
1790838072444	3	dispatch lease of 56494fc2-db72-490a-96e6-776d372f6dc8 lapsed	REJECT	com.alibaba.qwen.code.runtimebroker.ToolExecutionRecord@51a06cbe
1790838072500	3	dispatch lease of 56494fc2-db72-490a-96e6-776d372f6dc8 lapsed	REJECT	com.alibaba.qwen.code.runtimebroker.ToolExecutionRecord@344561e0
1790838072555	3	dispatch lease of 56494fc2-db72-490a-96e6-776d372f6dc8 lapsed	REJECT	com.alibaba.qwen.code.runtimebroker.ToolExecutionRecord@4d9d1b69
1790838072610	3	dispatch lease of 56494fc2-db72-490a-96e6-776d372f6dc8 lapsed	REJECT	com.alibaba.qwen.code.runtimebroker.ToolExecutionRecord@77b21474
1790838072666	3	dispatch lease of 56494fc2-db72-490a-96e6-776d372f6dc8 lapsed	REJECT	com.alibaba.qwen.code.runtimebroker.ToolExecutionRecord@1fe8d51b
1790838072722	3	dispatch lease of 56494fc2-db72-490a-96e6-776d372f6dc8 lapsed	REJECT	com.alibaba.qwen.code.runtimebroker.ToolExecutionRecord@60d84f61
1790838072777	3	dispatch lease of 56494fc2-db72-490a-96e6-776d372f6dc8 lapsed	REJECT	com.alibaba.qwen.code.runtimebroker.ToolExecutionRecord@503d56b5
1790838072832	3	dispatch lease of 56494fc2-db72-490a-96e6-776d372f6dc8 lapsed	REJECT	com.alibaba.qwen.code.runtimebroker.ToolExecutionRecord@1fc793c2
1790838072887	3	dispatch lease of 56494fc2-db72-490a-96e6-776d372f6dc8 lapsed	REJECT	com.alibaba.qwen.code.runtimebroker.ToolExecutionRecord@ecf9fb3
1790838072942	3	dispatch lease of 56494fc2-db72-490a-96e6-776d372f6dc8 lapsed	REJECT	com.alibaba.qwen.code.runtimebroker.ToolExecutionRecord@4593ff34
1790838072998	3	dispatch lease of 56494fc2-db72-490a-96e6-776d372f6dc8 lapsed	REJECT	com.alibaba.qwen.code.runtimebroker.ToolExecutionRecord@581d969c
1790838073053	3	dispatch lease of 56494fc2-db72-490a-96e6-776d372f6dc8 lapsed	REJECT	com.alibaba.qwen.code.runtimebroker.ToolExecutionRecord@1d572e62
1790838073108	3	dispatch lease of 56494fc2-db72-490a-96e6-776d372f6dc8 lapsed	REJECT	com.alibaba.qwen.code.runtimebroker.ToolExecutionRecord@5851bd4f
1790838073163	3	dispatch lease of 56494fc2-db72-490a-96e6-776d372f6dc8 lapsed	REJECT	com.alibaba.qwen.code.runtimebroker.ToolExecutionRecord@3caa4757
1790838073218	3	dispatch lease of 56494fc2-db72-490a-96e6-776d372f6dc8 lapsed	REJECT	com.alibaba.qwen.code.runtimebroker.ToolExecutionRecord@3a80515c
1790838073274	3	dispatch lease of 56494fc2-db72-490a-96e6-776d372f6dc8 lapsed	REJECT	com.alibaba.qwen.code.runtimebroker.ToolExecutionRecord@238b521e
1790838073330	3	dispatch lease of 56494fc2-db72-490a-96e6-776d372f6dc8 lapsed	REJECT	com.alibaba.qwen.code.runtimebroker.ToolExecutionRecord@21680803
1790838073385	3	dispatch lease of 56494fc2-db72-490a-96e6-776d372f6dc8 lapsed	REJECT	com.alibaba.qwen.code.runtimebroker.ToolExecutionRecord@4cc61eb1
1790838073440	3	dispatch lease of 56494fc2-db72-490a-96e6-776d372f6dc8 lapsed	REJECT	com.alibaba.qwen.code.runtimebroker.ToolExecutionRecord@7048f722
1790838073495	3	dispatch lease of 56494fc2-db72-490a-96e6-776d372f6dc8 lapsed	REJECT	com.alibaba.qwen.code.runtimebroker.ToolExecutionRecord@5949eba8
1790838073551	3	dispatch lease of 56494fc2-db72-490a-96e6-776d372f6dc8 lapsed	REJECT	com.alibaba.qwen.code.runtimebroker.ToolExecutionRecord@2a2bb0eb
1790838073606	3	dispatch lease of 56494fc2-db72-490a-96e6-776d372f6dc8 lapsed	REJECT	com.alibaba.qwen.code.runtimebroker.ToolExecutionRecord@733037
1790838073661	3	dispatch lease of 56494fc2-db72-490a-96e6-776d372f6dc8 lapsed	REJECT	com.alibaba.qwen.code.runtimebroker.ToolExecutionRecord@5167268
1790838073716	3	dispatch lease of 56494fc2-db72-490a-96e6-776d372f6dc8 lapsed	REJECT	com.alibaba.qwen.code.runtimebroker.ToolExecutionRecord@2c444798
1790838073771	3	dispatch lease of 56494fc2-db72-490a-96e6-776d372f6dc8 lapsed	REJECT	com.alibaba.qwen.code.runtimebroker.ToolExecutionRecord@436390f4
1790838073827	3	dispatch lease of 56494fc2-db72-490a-96e6-776d372f6dc8 lapsed	REJECT	com.alibaba.qwen.code.runtimebroker.ToolExecutionRecord@6d1310f6
1790838073882	3	dispatch lease of 56494fc2-db72-490a-96e6-776d372f6dc8 lapsed	REJECT	com.alibaba.qwen.code.runtimebroker.ToolExecutionRecord@50b8ae8d
1790838073937	3	dispatch lease of 56494fc2-db72-490a-96e6-776d372f6dc8 lapsed	REJECT	com.alibaba.qwen.code.runtimebroker.ToolExecutionRecord@3c8bdd5b
1790838073992	3	dispatch lease of 56494fc2-db72-490a-96e6-776d372f6dc8 lapsed	REJECT	com.alibaba.qwen.code.runtimebroker.ToolExecutionRecord@58783f6c
1790838074048	3	dispatch lease of 56494fc2-db72-490a-96e6-776d372f6dc8 lapsed	ACCEPT	com.alibaba.qwen.code.runtimebroker.ToolExecutionRecord@62c5bbdc
1790838086565	3	dispatch lease of 327e9b53-1369-42c3-8911-2e7021285b42 lapsed	REJECT	com.alibaba.qwen.code.runtimebroker.ToolExecutionRecord@2fa7ae9
1790838086622	3	dispatch lease of 327e9b53-1369-42c3-8911-2e7021285b42 lapsed	REJECT	com.alibaba.qwen.code.runtimebroker.ToolExecutionRecord@3153ddfc
1790838086677	3	dispatch lease of 327e9b53-1369-42c3-8911-2e7021285b42 lapsed	REJECT	com.alibaba.qwen.code.runtimebroker.ToolExecutionRecord@3f2049b6
1790838086733	3	dispatch lease of 327e9b53-1369-42c3-8911-2e7021285b42 lapsed	REJECT	com.alibaba.qwen.code.runtimebroker.ToolExecutionRecord@33a2499c
1790838086788	3	dispatch lease of 327e9b53-1369-42c3-8911-2e7021285b42 lapsed	REJECT	com.alibaba.qwen.code.runtimebroker.ToolExecutionRecord@1dfd5f51
1790838086843	3	dispatch lease of 327e9b53-1369-42c3-8911-2e7021285b42 lapsed	REJECT	com.alibaba.qwen.code.runtimebroker.ToolExecutionRecord@3abd581e
1790838086900	3	dispatch lease of 327e9b53-1369-42c3-8911-2e7021285b42 lapsed	REJECT	com.alibaba.qwen.code.runtimebroker.ToolExecutionRecord@6f0628de
1790838086955	3	dispatch lease of 327e9b53-1369-42c3-8911-2e7021285b42 lapsed	REJECT	com.alibaba.qwen.code.runtimebroker.ToolExecutionRecord@12f3afb5
1790838087011	3	dispatch lease of 327e9b53-1369-42c3-8911-2e7021285b42 lapsed	REJECT	com.alibaba.qwen.code.runtimebroker.ToolExecutionRecord@7bd69e82
1790838087066	3	dispatch lease of 327e9b53-1369-42c3-8911-2e7021285b42 lapsed	REJECT	com.alibaba.qwen.code.runtimebroker.ToolExecutionRecord@6831d8fd
1790838087121	3	dispatch lease of 327e9b53-1369-42c3-8911-2e7021285b42 lapsed	REJECT	com.alibaba.qwen.code.runtimebroker.ToolExecutionRecord@3aaf4f07
1790838087178	3	dispatch lease of 327e9b53-1369-42c3-8911-2e7021285b42 lapsed	REJECT	com.alibaba.qwen.code.runtimebroker.ToolExecutionRecord@5a2f016d
1790838087233	3	dispatch lease of 327e9b53-1369-42c3-8911-2e7021285b42 lapsed	REJECT	com.alibaba.qwen.code.runtimebroker.ToolExecutionRecord@6058e535
1790838087288	3	dispatch lease of 327e9b53-1369-42c3-8911-2e7021285b42 lapsed	REJECT	com.alibaba.qwen.code.runtimebroker.ToolExecutionRecord@3bb9efbc
1790838087343	3	dispatch lease of 327e9b53-1369-42c3-8911-2e7021285b42 lapsed	REJECT	com.alibaba.qwen.code.runtimebroker.ToolExecutionRecord@6f6a7463
1790838087398	3	dispatch lease of 327e9b53-1369-42c3-8911-2e7021285b42 lapsed	REJECT	com.alibaba.qwen.code.runtimebroker.ToolExecutionRecord@6ca320ab
1790838087455	3	dispatch lease of 327e9b53-1369-42c3-8911-2e7021285b42 lapsed	REJECT	com.alibaba.qwen.code.runtimebroker.ToolExecutionRecord@7674a051
1790838087511	3	dispatch lease of 327e9b53-1369-42c3-8911-2e7021285b42 lapsed	REJECT	com.alibaba.qwen.code.runtimebroker.ToolExecutionRecord@619bd14c
1790838087566	3	dispatch lease of 327e9b53-1369-42c3-8911-2e7021285b42 lapsed	REJECT	com.alibaba.qwen.code.runtimebroker.ToolExecutionRecord@4acf72b6
1790838087621	3	dispatch lease of 327e9b53-1369-42c3-8911-2e7021285b42 lapsed	REJECT	com.alibaba.qwen.code.runtimebroker.ToolExecutionRecord@24b52d3e
1790838087675	3	dispatch lease of 327e9b53-1369-42c3-8911-2e7021285b42 lapsed	REJECT	com.alibaba.qwen.code.runtimebroker.ToolExecutionRecord@57a4d5ee
1790838087732	3	dispatch lease of 327e9b53-1369-42c3-8911-2e7021285b42 lapsed	REJECT	com.alibaba.qwen.code.runtimebroker.ToolExecutionRecord@36dce7ed
1790838087787	3	dispatch lease of 327e9b53-1369-42c3-8911-2e7021285b42 lapsed	REJECT	com.alibaba.qwen.code.runtimebroker.ToolExecutionRecord@27a0a5a2
1790838087842	3	dispatch lease of 327e9b53-1369-42c3-8911-2e7021285b42 lapsed	REJECT	com.alibaba.qwen.code.runtimebroker.ToolExecutionRecord@32c0915e
1790838087897	3	dispatch lease of 327e9b53-1369-42c3-8911-2e7021285b42 lapsed	REJECT	com.alibaba.qwen.code.runtimebroker.ToolExecutionRecord@26d10f2e
1790838087952	3	dispatch lease of 327e9b53-1369-42c3-8911-2e7021285b42 lapsed	REJECT	com.alibaba.qwen.code.runtimebroker.ToolExecutionRecord@2c282004
1790838088008	3	dispatch lease of 327e9b53-1369-42c3-8911-2e7021285b42 lapsed	REJECT	com.alibaba.qwen.code.runtimebroker.ToolExecutionRecord@3e792ce3
1790838088063	3	dispatch lease of 327e9b53-1369-42c3-8911-2e7021285b42 lapsed	REJECT	com.alibaba.qwen.code.runtimebroker.ToolExecutionRecord@3c1e3314
1790838088118	3	dispatch lease of 327e9b53-1369-42c3-8911-2e7021285b42 lapsed	REJECT	com.alibaba.qwen.code.runtimebroker.ToolExecutionRecord@54a3ab8f
1790838088174	3	dispatch lease of 327e9b53-1369-42c3-8911-2e7021285b42 lapsed	REJECT	com.alibaba.qwen.code.runtimebroker.ToolExecutionRecord@19868320
1790838088229	3	dispatch lease of 327e9b53-1369-42c3-8911-2e7021285b42 lapsed	REJECT	com.alibaba.qwen.code.runtimebroker.ToolExecutionRecord@13c612bd
1790838088285	3	dispatch lease of 327e9b53-1369-42c3-8911-2e7021285b42 lapsed	REJECT	com.alibaba.qwen.code.runtimebroker.ToolExecutionRecord@622ef26a
1790838088341	3	dispatch lease of 327e9b53-1369-42c3-8911-2e7021285b42 lapsed	REJECT	com.alibaba.qwen.code.runtimebroker.ToolExecutionRecord@28fa700e
1790838088396	3	dispatch lease of 327e9b53-1369-42c3-8911-2e7021285b42 lapsed	REJECT	com.alibaba.qwen.code.runtimebroker.ToolExecutionRecord@6a175569
1790838088452	3	dispatch lease of 327e9b53-1369-42c3-8911-2e7021285b42 lapsed	REJECT	com.alibaba.qwen.code.runtimebroker.ToolExecutionRecord@11ee02f8
1790838088507	3	dispatch lease of 327e9b53-1369-42c3-8911-2e7021285b42 lapsed	REJECT	com.alibaba.qwen.code.runtimebroker.ToolExecutionRecord@3a71c100
1790838088563	3	dispatch lease of 327e9b53-1369-42c3-8911-2e7021285b42 lapsed	REJECT	com.alibaba.qwen.code.runtimebroker.ToolExecutionRecord@437e951d
1790838088618	3	dispatch lease of 327e9b53-1369-42c3-8911-2e7021285b42 lapsed	REJECT	com.alibaba.qwen.code.runtimebroker.ToolExecutionRecord@7e8e8651
1790838088674	3	dispatch lease of 327e9b53-1369-42c3-8911-2e7021285b42 lapsed	REJECT	com.alibaba.qwen.code.runtimebroker.ToolExecutionRecord@6bd51ed8
1790838088729	3	dispatch lease of 327e9b53-1369-42c3-8911-2e7021285b42 lapsed	REJECT	com.alibaba.qwen.code.runtimebroker.ToolExecutionRecord@eadb475
1790838088784	3	dispatch lease of 327e9b53-1369-42c3-8911-2e7021285b42 lapsed	REJECT	com.alibaba.qwen.code.runtimebroker.ToolExecutionRecord@3fc08eec
1790838088841	3	dispatch lease of 327e9b53-1369-42c3-8911-2e7021285b42 lapsed	REJECT	com.alibaba.qwen.code.runtimebroker.ToolExecutionRecord@25243bc1
1790838088896	3	dispatch lease of 327e9b53-1369-42c3-8911-2e7021285b42 lapsed	REJECT	com.alibaba.qwen.code.runtimebroker.ToolExecutionRecord@4201a617
1790838088951	3	dispatch lease of 327e9b53-1369-42c3-8911-2e7021285b42 lapsed	REJECT	com.alibaba.qwen.code.runtimebroker.ToolExecutionRecord@420bc288
1790838089006	3	dispatch lease of 327e9b53-1369-42c3-8911-2e7021285b42 lapsed	ACCEPT	com.alibaba.qwen.code.runtimebroker.ToolExecutionRecord@66b72664
