1790836173721	1	escaped writer pid	ACCEPT	true
1790836173730	1	escaped writer output	ACCEPT	true
1790836181312	1	original worker loss after recovery fencing	ACCEPT	Reply[ok=false, value=null, status=503, code=runtime_broker_runtime_lost, retryable=true, message=Runtime is lost; recovery requires complete evidence and cleanup]
1790836181373	1	escaped writer continues after loss; the physical pin must remain	REJECT	155
1790836181423	1	escaped writer continues after loss; the physical pin must remain	ACCEPT	156
1790836191383	1	escaped writer pid	ACCEPT	true
1790836191388	1	escaped writer output	ACCEPT	true
1790836198910	1	original worker loss after recovery fencing	ACCEPT	Reply[ok=false, value=null, status=503, code=runtime_broker_runtime_lost, retryable=true, message=Runtime is lost; recovery requires complete evidence and cleanup]
1790836198925	1	escaped writer continues after loss; the physical pin must remain	REJECT	153
1790836198975	1	escaped writer continues after loss; the physical pin must remain	ACCEPT	154
1790836209035	1	marker = [start]	ACCEPT	[start]
1790836209070	1	UNKNOWN execution	REJECT	com.alibaba.qwen.code.runtimebroker.ToolExecutionRecord@94f6bfb
1790836209122	1	UNKNOWN execution	REJECT	com.alibaba.qwen.code.runtimebroker.ToolExecutionRecord@2484f433
1790836209174	1	UNKNOWN execution	REJECT	com.alibaba.qwen.code.runtimebroker.ToolExecutionRecord@464649c
1790836209226	1	UNKNOWN execution	REJECT	com.alibaba.qwen.code.runtimebroker.ToolExecutionRecord@5f59185e
1790836209278	1	UNKNOWN execution	REJECT	com.alibaba.qwen.code.runtimebroker.ToolExecutionRecord@47da3952
1790836209330	1	UNKNOWN execution	REJECT	com.alibaba.qwen.code.runtimebroker.ToolExecutionRecord@46e8a539
1790836209382	1	UNKNOWN execution	REJECT	com.alibaba.qwen.code.runtimebroker.ToolExecutionRecord@5fd62371
1790836209434	1	UNKNOWN execution	REJECT	com.alibaba.qwen.code.runtimebroker.ToolExecutionRecord@2b62442c
1790836209486	1	UNKNOWN execution	REJECT	com.alibaba.qwen.code.runtimebroker.ToolExecutionRecord@841e575
1790836209538	1	UNKNOWN execution	REJECT	com.alibaba.qwen.code.runtimebroker.ToolExecutionRecord@1e5f4170
1790836209590	1	UNKNOWN execution	ACCEPT	com.alibaba.qwen.code.runtimebroker.ToolExecutionRecord@6b5966e1
1790836230868	1	marker = [start]	ACCEPT	[start]
1790836238109	1	original Runtime loss after recovery fencing	ACCEPT	Reply[ok=false, value=null, status=503, code=runtime_broker_runtime_lost, retryable=true, message=Runtime is lost; recovery requires complete evidence and cleanup]
1790836257782	1	dispatch lease of 95ff4a8e-5024-48a0-996a-343cbb6b98ce lapsed	REJECT	com.alibaba.qwen.code.runtimebroker.ToolExecutionRecord@5df417a7
1790836257841	1	dispatch lease of 95ff4a8e-5024-48a0-996a-343cbb6b98ce lapsed	REJECT	com.alibaba.qwen.code.runtimebroker.ToolExecutionRecord@61078690
1790836257898	1	dispatch lease of 95ff4a8e-5024-48a0-996a-343cbb6b98ce lapsed	REJECT	com.alibaba.qwen.code.runtimebroker.ToolExecutionRecord@71c5b236
1790836257955	1	dispatch lease of 95ff4a8e-5024-48a0-996a-343cbb6b98ce lapsed	REJECT	com.alibaba.qwen.code.runtimebroker.ToolExecutionRecord@669513d8
1790836258013	1	dispatch lease of 95ff4a8e-5024-48a0-996a-343cbb6b98ce lapsed	REJECT	com.alibaba.qwen.code.runtimebroker.ToolExecutionRecord@361c294e
1790836258069	1	dispatch lease of 95ff4a8e-5024-48a0-996a-343cbb6b98ce lapsed	REJECT	com.alibaba.qwen.code.runtimebroker.ToolExecutionRecord@314b8f2d
1790836258126	1	dispatch lease of 95ff4a8e-5024-48a0-996a-343cbb6b98ce lapsed	REJECT	com.alibaba.qwen.code.runtimebroker.ToolExecutionRecord@15a902e7
1790836258184	1	dispatch lease of 95ff4a8e-5024-48a0-996a-343cbb6b98ce lapsed	REJECT	com.alibaba.qwen.code.runtimebroker.ToolExecutionRecord@5af28b27
1790836258240	1	dispatch lease of 95ff4a8e-5024-48a0-996a-343cbb6b98ce lapsed	REJECT	com.alibaba.qwen.code.runtimebroker.ToolExecutionRecord@72f46e16
1790836258298	1	dispatch lease of 95ff4a8e-5024-48a0-996a-343cbb6b98ce lapsed	REJECT	com.alibaba.qwen.code.runtimebroker.ToolExecutionRecord@549621f3
1790836258354	1	dispatch lease of 95ff4a8e-5024-48a0-996a-343cbb6b98ce lapsed	REJECT	com.alibaba.qwen.code.runtimebroker.ToolExecutionRecord@5217f3d0
1790836258411	1	dispatch lease of 95ff4a8e-5024-48a0-996a-343cbb6b98ce lapsed	REJECT	com.alibaba.qwen.code.runtimebroker.ToolExecutionRecord@2416a51
1790836258467	1	dispatch lease of 95ff4a8e-5024-48a0-996a-343cbb6b98ce lapsed	REJECT	com.alibaba.qwen.code.runtimebroker.ToolExecutionRecord@72e34f77
1790836258524	1	dispatch lease of 95ff4a8e-5024-48a0-996a-343cbb6b98ce lapsed	REJECT	com.alibaba.qwen.code.runtimebroker.ToolExecutionRecord@77307458
1790836258581	1	dispatch lease of 95ff4a8e-5024-48a0-996a-343cbb6b98ce lapsed	REJECT	com.alibaba.qwen.code.runtimebroker.ToolExecutionRecord@47874b25
1790836258638	1	dispatch lease of 95ff4a8e-5024-48a0-996a-343cbb6b98ce lapsed	REJECT	com.alibaba.qwen.code.runtimebroker.ToolExecutionRecord@5db4c359
1790836258694	1	dispatch lease of 95ff4a8e-5024-48a0-996a-343cbb6b98ce lapsed	REJECT	com.alibaba.qwen.code.runtimebroker.ToolExecutionRecord@f9b7332
1790836258751	1	dispatch lease of 95ff4a8e-5024-48a0-996a-343cbb6b98ce lapsed	REJECT	com.alibaba.qwen.code.runtimebroker.ToolExecutionRecord@4f8969b0
1790836258809	1	dispatch lease of 95ff4a8e-5024-48a0-996a-343cbb6b98ce lapsed	REJECT	com.alibaba.qwen.code.runtimebroker.ToolExecutionRecord@8a589a2
1790836258865	1	dispatch lease of 95ff4a8e-5024-48a0-996a-343cbb6b98ce lapsed	REJECT	com.alibaba.qwen.code.runtimebroker.ToolExecutionRecord@b672aa8
1790836258922	1	dispatch lease of 95ff4a8e-5024-48a0-996a-343cbb6b98ce lapsed	REJECT	com.alibaba.qwen.code.runtimebroker.ToolExecutionRecord@6e46d9f4
1790836258979	1	dispatch lease of 95ff4a8e-5024-48a0-996a-343cbb6b98ce lapsed	REJECT	com.alibaba.qwen.code.runtimebroker.ToolExecutionRecord@21c64522
1790836259037	1	dispatch lease of 95ff4a8e-5024-48a0-996a-343cbb6b98ce lapsed	REJECT	com.alibaba.qwen.code.runtimebroker.ToolExecutionRecord@460f76a6
1790836259094	1	dispatch lease of 95ff4a8e-5024-48a0-996a-343cbb6b98ce lapsed	REJECT	com.alibaba.qwen.code.runtimebroker.ToolExecutionRecord@770d4269
1790836259151	1	dispatch lease of 95ff4a8e-5024-48a0-996a-343cbb6b98ce lapsed	REJECT	com.alibaba.qwen.code.runtimebroker.ToolExecutionRecord@76a82f33
1790836259208	1	dispatch lease of 95ff4a8e-5024-48a0-996a-343cbb6b98ce lapsed	REJECT	com.alibaba.qwen.code.runtimebroker.ToolExecutionRecord@644c78d4
1790836259264	1	dispatch lease of 95ff4a8e-5024-48a0-996a-343cbb6b98ce lapsed	REJECT	com.alibaba.qwen.code.runtimebroker.ToolExecutionRecord@7bb3a9fe
1790836259322	1	dispatch lease of 95ff4a8e-5024-48a0-996a-343cbb6b98ce lapsed	REJECT	com.alibaba.qwen.code.runtimebroker.ToolExecutionRecord@62923ee6
1790836259379	1	dispatch lease of 95ff4a8e-5024-48a0-996a-343cbb6b98ce lapsed	REJECT	com.alibaba.qwen.code.runtimebroker.ToolExecutionRecord@7807ac2c
1790836259435	1	dispatch lease of 95ff4a8e-5024-48a0-996a-343cbb6b98ce lapsed	REJECT	com.alibaba.qwen.code.runtimebroker.ToolExecutionRecord@a77614d
1790836259491	1	dispatch lease of 95ff4a8e-5024-48a0-996a-343cbb6b98ce lapsed	REJECT	com.alibaba.qwen.code.runtimebroker.ToolExecutionRecord@a1217f9
1790836259549	1	dispatch lease of 95ff4a8e-5024-48a0-996a-343cbb6b98ce lapsed	REJECT	com.alibaba.qwen.code.runtimebroker.ToolExecutionRecord@2baa8d82
1790836259605	1	dispatch lease of 95ff4a8e-5024-48a0-996a-343cbb6b98ce lapsed	REJECT	com.alibaba.qwen.code.runtimebroker.ToolExecutionRecord@a7e2d9d
1790836259662	1	dispatch lease of 95ff4a8e-5024-48a0-996a-343cbb6b98ce lapsed	REJECT	com.alibaba.qwen.code.runtimebroker.ToolExecutionRecord@372ea2bc
1790836259718	1	dispatch lease of 95ff4a8e-5024-48a0-996a-343cbb6b98ce lapsed	REJECT	com.alibaba.qwen.code.runtimebroker.ToolExecutionRecord@3f19b8b3
1790836259775	1	dispatch lease of 95ff4a8e-5024-48a0-996a-343cbb6b98ce lapsed	REJECT	com.alibaba.qwen.code.runtimebroker.ToolExecutionRecord@cdc3aae
1790836259833	1	dispatch lease of 95ff4a8e-5024-48a0-996a-343cbb6b98ce lapsed	REJECT	com.alibaba.qwen.code.runtimebroker.ToolExecutionRecord@4c36250e
1790836259890	1	dispatch lease of 95ff4a8e-5024-48a0-996a-343cbb6b98ce lapsed	REJECT	com.alibaba.qwen.code.runtimebroker.ToolExecutionRecord@299266e2
1790836259946	1	dispatch lease of 95ff4a8e-5024-48a0-996a-343cbb6b98ce lapsed	REJECT	com.alibaba.qwen.code.runtimebroker.ToolExecutionRecord@1601e47
1790836260004	1	dispatch lease of 95ff4a8e-5024-48a0-996a-343cbb6b98ce lapsed	ACCEPT	com.alibaba.qwen.code.runtimebroker.ToolExecutionRecord@50687efb
1790836280451	1	marker = [start]	ACCEPT	[start]
1790836280777	1	dispatch lease of 3a21c38d-5b0a-486b-b054-6467df888a31 lapsed	REJECT	com.alibaba.qwen.code.runtimebroker.ToolExecutionRecord@cf65451
1790836280834	1	dispatch lease of 3a21c38d-5b0a-486b-b054-6467df888a31 lapsed	REJECT	com.alibaba.qwen.code.runtimebroker.ToolExecutionRecord@32fe9d0a
1790836280891	1	dispatch lease of 3a21c38d-5b0a-486b-b054-6467df888a31 lapsed	REJECT	com.alibaba.qwen.code.runtimebroker.ToolExecutionRecord@46074492
1790836280947	1	dispatch lease of 3a21c38d-5b0a-486b-b054-6467df888a31 lapsed	REJECT	com.alibaba.qwen.code.runtimebroker.ToolExecutionRecord@47428937
1790836281004	1	dispatch lease of 3a21c38d-5b0a-486b-b054-6467df888a31 lapsed	REJECT	com.alibaba.qwen.code.runtimebroker.ToolExecutionRecord@21694e53
1790836281061	1	dispatch lease of 3a21c38d-5b0a-486b-b054-6467df888a31 lapsed	REJECT	com.alibaba.qwen.code.runtimebroker.ToolExecutionRecord@70fab835
1790836281118	1	dispatch lease of 3a21c38d-5b0a-486b-b054-6467df888a31 lapsed	REJECT	com.alibaba.qwen.code.runtimebroker.ToolExecutionRecord@32057e6
1790836281174	1	dispatch lease of 3a21c38d-5b0a-486b-b054-6467df888a31 lapsed	REJECT	com.alibaba.qwen.code.runtimebroker.ToolExecutionRecord@759fad4
1790836281230	1	dispatch lease of 3a21c38d-5b0a-486b-b054-6467df888a31 lapsed	REJECT	com.alibaba.qwen.code.runtimebroker.ToolExecutionRecord@30ed9c6c
1790836281290	1	dispatch lease of 3a21c38d-5b0a-486b-b054-6467df888a31 lapsed	REJECT	com.alibaba.qwen.code.runtimebroker.ToolExecutionRecord@59fc684e
1790836281346	1	dispatch lease of 3a21c38d-5b0a-486b-b054-6467df888a31 lapsed	REJECT	com.alibaba.qwen.code.runtimebroker.ToolExecutionRecord@5ae76500
1790836281402	1	dispatch lease of 3a21c38d-5b0a-486b-b054-6467df888a31 lapsed	REJECT	com.alibaba.qwen.code.runtimebroker.ToolExecutionRecord@355e34c7
1790836281458	1	dispatch lease of 3a21c38d-5b0a-486b-b054-6467df888a31 lapsed	REJECT	com.alibaba.qwen.code.runtimebroker.ToolExecutionRecord@24f360b2
1790836281514	1	dispatch lease of 3a21c38d-5b0a-486b-b054-6467df888a31 lapsed	REJECT	com.alibaba.qwen.code.runtimebroker.ToolExecutionRecord@770d0ea6
1790836281571	1	dispatch lease of 3a21c38d-5b0a-486b-b054-6467df888a31 lapsed	REJECT	com.alibaba.qwen.code.runtimebroker.ToolExecutionRecord@1b11ef33
1790836281627	1	dispatch lease of 3a21c38d-5b0a-486b-b054-6467df888a31 lapsed	REJECT	com.alibaba.qwen.code.runtimebroker.ToolExecutionRecord@3bd7f8dc
1790836281683	1	dispatch lease of 3a21c38d-5b0a-486b-b054-6467df888a31 lapsed	REJECT	com.alibaba.qwen.code.runtimebroker.ToolExecutionRecord@21ec5d87
1790836281739	1	dispatch lease of 3a21c38d-5b0a-486b-b054-6467df888a31 lapsed	REJECT	com.alibaba.qwen.code.runtimebroker.ToolExecutionRecord@1a69561c
1790836281796	1	dispatch lease of 3a21c38d-5b0a-486b-b054-6467df888a31 lapsed	REJECT	com.alibaba.qwen.code.runtimebroker.ToolExecutionRecord@4b21844c
1790836281853	1	dispatch lease of 3a21c38d-5b0a-486b-b054-6467df888a31 lapsed	REJECT	com.alibaba.qwen.code.runtimebroker.ToolExecutionRecord@5e77f0f4
1790836281909	1	dispatch lease of 3a21c38d-5b0a-486b-b054-6467df888a31 lapsed	REJECT	com.alibaba.qwen.code.runtimebroker.ToolExecutionRecord@29876704
1790836281965	1	dispatch lease of 3a21c38d-5b0a-486b-b054-6467df888a31 lapsed	REJECT	com.alibaba.qwen.code.runtimebroker.ToolExecutionRecord@16423501
1790836282021	1	dispatch lease of 3a21c38d-5b0a-486b-b054-6467df888a31 lapsed	REJECT	com.alibaba.qwen.code.runtimebroker.ToolExecutionRecord@379ab47b
1790836282078	1	dispatch lease of 3a21c38d-5b0a-486b-b054-6467df888a31 lapsed	REJECT	com.alibaba.qwen.code.runtimebroker.ToolExecutionRecord@2c95ac9e
1790836282134	1	dispatch lease of 3a21c38d-5b0a-486b-b054-6467df888a31 lapsed	REJECT	com.alibaba.qwen.code.runtimebroker.ToolExecutionRecord@7cc586a8
1790836282190	1	dispatch lease of 3a21c38d-5b0a-486b-b054-6467df888a31 lapsed	REJECT	com.alibaba.qwen.code.runtimebroker.ToolExecutionRecord@7a56812e
1790836282247	1	dispatch lease of 3a21c38d-5b0a-486b-b054-6467df888a31 lapsed	REJECT	com.alibaba.qwen.code.runtimebroker.ToolExecutionRecord@2f4854d6
1790836282305	1	dispatch lease of 3a21c38d-5b0a-486b-b054-6467df888a31 lapsed	REJECT	com.alibaba.qwen.code.runtimebroker.ToolExecutionRecord@e6516e
1790836282361	1	dispatch lease of 3a21c38d-5b0a-486b-b054-6467df888a31 lapsed	REJECT	com.alibaba.qwen.code.runtimebroker.ToolExecutionRecord@388ffbc2
1790836282417	1	dispatch lease of 3a21c38d-5b0a-486b-b054-6467df888a31 lapsed	REJECT	com.alibaba.qwen.code.runtimebroker.ToolExecutionRecord@6691490c
1790836282473	1	dispatch lease of 3a21c38d-5b0a-486b-b054-6467df888a31 lapsed	REJECT	com.alibaba.qwen.code.runtimebroker.ToolExecutionRecord@21d5c1a0
1790836282529	1	dispatch lease of 3a21c38d-5b0a-486b-b054-6467df888a31 lapsed	REJECT	com.alibaba.qwen.code.runtimebroker.ToolExecutionRecord@1eef9aef
1790836282586	1	dispatch lease of 3a21c38d-5b0a-486b-b054-6467df888a31 lapsed	REJECT	com.alibaba.qwen.code.runtimebroker.ToolExecutionRecord@3ec11999
1790836282641	1	dispatch lease of 3a21c38d-5b0a-486b-b054-6467df888a31 lapsed	REJECT	com.alibaba.qwen.code.runtimebroker.ToolExecutionRecord@18cc679e
1790836282697	1	dispatch lease of 3a21c38d-5b0a-486b-b054-6467df888a31 lapsed	REJECT	com.alibaba.qwen.code.runtimebroker.ToolExecutionRecord@67ef029
1790836282753	1	dispatch lease of 3a21c38d-5b0a-486b-b054-6467df888a31 lapsed	REJECT	com.alibaba.qwen.code.runtimebroker.ToolExecutionRecord@2755d705
1790836282809	1	dispatch lease of 3a21c38d-5b0a-486b-b054-6467df888a31 lapsed	REJECT	com.alibaba.qwen.code.runtimebroker.ToolExecutionRecord@560cbf1a
1790836282865	1	dispatch lease of 3a21c38d-5b0a-486b-b054-6467df888a31 lapsed	REJECT	com.alibaba.qwen.code.runtimebroker.ToolExecutionRecord@578524c3
1790836282921	1	dispatch lease of 3a21c38d-5b0a-486b-b054-6467df888a31 lapsed	REJECT	com.alibaba.qwen.code.runtimebroker.ToolExecutionRecord@7a11c4c7
1790836282977	1	dispatch lease of 3a21c38d-5b0a-486b-b054-6467df888a31 lapsed	REJECT	com.alibaba.qwen.code.runtimebroker.ToolExecutionRecord@4152d38d
1790836283034	1	dispatch lease of 3a21c38d-5b0a-486b-b054-6467df888a31 lapsed	ACCEPT	com.alibaba.qwen.code.runtimebroker.ToolExecutionRecord@b5cc23a
1790836291252	1	reconciliation from evidence	ACCEPT	ALREADY_SETTLED
1790836304212	1	dispatch lease of ae6247ed-866a-4e76-a084-d9e0912b0b1a lapsed	REJECT	com.alibaba.qwen.code.runtimebroker.ToolExecutionRecord@6e0d4a8
1790836304268	1	dispatch lease of ae6247ed-866a-4e76-a084-d9e0912b0b1a lapsed	REJECT	com.alibaba.qwen.code.runtimebroker.ToolExecutionRecord@5bb3d42d
1790836304324	1	dispatch lease of ae6247ed-866a-4e76-a084-d9e0912b0b1a lapsed	REJECT	com.alibaba.qwen.code.runtimebroker.ToolExecutionRecord@b273a59
1790836304380	1	dispatch lease of ae6247ed-866a-4e76-a084-d9e0912b0b1a lapsed	REJECT	com.alibaba.qwen.code.runtimebroker.ToolExecutionRecord@29b732a2
1790836304437	1	dispatch lease of ae6247ed-866a-4e76-a084-d9e0912b0b1a lapsed	REJECT	com.alibaba.qwen.code.runtimebroker.ToolExecutionRecord@15051a0
1790836304492	1	dispatch lease of ae6247ed-866a-4e76-a084-d9e0912b0b1a lapsed	REJECT	com.alibaba.qwen.code.runtimebroker.ToolExecutionRecord@62df0ff3
1790836304549	1	dispatch lease of ae6247ed-866a-4e76-a084-d9e0912b0b1a lapsed	REJECT	com.alibaba.qwen.code.runtimebroker.ToolExecutionRecord@26f3d90c
1790836304605	1	dispatch lease of ae6247ed-866a-4e76-a084-d9e0912b0b1a lapsed	REJECT	com.alibaba.qwen.code.runtimebroker.ToolExecutionRecord@74518890
1790836304661	1	dispatch lease of ae6247ed-866a-4e76-a084-d9e0912b0b1a lapsed	REJECT	com.alibaba.qwen.code.runtimebroker.ToolExecutionRecord@14c053c6
1790836304718	1	dispatch lease of ae6247ed-866a-4e76-a084-d9e0912b0b1a lapsed	REJECT	com.alibaba.qwen.code.runtimebroker.ToolExecutionRecord@6134ac4a
1790836304774	1	dispatch lease of ae6247ed-866a-4e76-a084-d9e0912b0b1a lapsed	REJECT	com.alibaba.qwen.code.runtimebroker.ToolExecutionRecord@73e132e0
1790836304830	1	dispatch lease of ae6247ed-866a-4e76-a084-d9e0912b0b1a lapsed	REJECT	com.alibaba.qwen.code.runtimebroker.ToolExecutionRecord@589b028e
1790836304886	1	dispatch lease of ae6247ed-866a-4e76-a084-d9e0912b0b1a lapsed	REJECT	com.alibaba.qwen.code.runtimebroker.ToolExecutionRecord@3b809711
1790836304942	1	dispatch lease of ae6247ed-866a-4e76-a084-d9e0912b0b1a lapsed	REJECT	com.alibaba.qwen.code.runtimebroker.ToolExecutionRecord@5c84624f
1790836304998	1	dispatch lease of ae6247ed-866a-4e76-a084-d9e0912b0b1a lapsed	REJECT	com.alibaba.qwen.code.runtimebroker.ToolExecutionRecord@55a8dc49
1790836305054	1	dispatch lease of ae6247ed-866a-4e76-a084-d9e0912b0b1a lapsed	REJECT	com.alibaba.qwen.code.runtimebroker.ToolExecutionRecord@71ea1fda
1790836305110	1	dispatch lease of ae6247ed-866a-4e76-a084-d9e0912b0b1a lapsed	REJECT	com.alibaba.qwen.code.runtimebroker.ToolExecutionRecord@7e11ab3d
1790836305166	1	dispatch lease of ae6247ed-866a-4e76-a084-d9e0912b0b1a lapsed	REJECT	com.alibaba.qwen.code.runtimebroker.ToolExecutionRecord@5b43e173
1790836305222	1	dispatch lease of ae6247ed-866a-4e76-a084-d9e0912b0b1a lapsed	REJECT	com.alibaba.qwen.code.runtimebroker.ToolExecutionRecord@66f66866
1790836305278	1	dispatch lease of ae6247ed-866a-4e76-a084-d9e0912b0b1a lapsed	REJECT	com.alibaba.qwen.code.runtimebroker.ToolExecutionRecord@6594402a
1790836305335	1	dispatch lease of ae6247ed-866a-4e76-a084-d9e0912b0b1a lapsed	REJECT	com.alibaba.qwen.code.runtimebroker.ToolExecutionRecord@3e1162e7
1790836305391	1	dispatch lease of ae6247ed-866a-4e76-a084-d9e0912b0b1a lapsed	REJECT	com.alibaba.qwen.code.runtimebroker.ToolExecutionRecord@350b3a17
1790836305447	1	dispatch lease of ae6247ed-866a-4e76-a084-d9e0912b0b1a lapsed	REJECT	com.alibaba.qwen.code.runtimebroker.ToolExecutionRecord@721eb7df
1790836305505	1	dispatch lease of ae6247ed-866a-4e76-a084-d9e0912b0b1a lapsed	REJECT	com.alibaba.qwen.code.runtimebroker.ToolExecutionRecord@5298dead
1790836305561	1	dispatch lease of ae6247ed-866a-4e76-a084-d9e0912b0b1a lapsed	REJECT	com.alibaba.qwen.code.runtimebroker.ToolExecutionRecord@4e406694
1790836305617	1	dispatch lease of ae6247ed-866a-4e76-a084-d9e0912b0b1a lapsed	REJECT	com.alibaba.qwen.code.runtimebroker.ToolExecutionRecord@4f8caaf3
1790836305673	1	dispatch lease of ae6247ed-866a-4e76-a084-d9e0912b0b1a lapsed	REJECT	com.alibaba.qwen.code.runtimebroker.ToolExecutionRecord@6bb7cce7
1790836305730	1	dispatch lease of ae6247ed-866a-4e76-a084-d9e0912b0b1a lapsed	REJECT	com.alibaba.qwen.code.runtimebroker.ToolExecutionRecord@328572f0
1790836305786	1	dispatch lease of ae6247ed-866a-4e76-a084-d9e0912b0b1a lapsed	REJECT	com.alibaba.qwen.code.runtimebroker.ToolExecutionRecord@64a1923a
1790836305842	1	dispatch lease of ae6247ed-866a-4e76-a084-d9e0912b0b1a lapsed	REJECT	com.alibaba.qwen.code.runtimebroker.ToolExecutionRecord@2c0f7678
1790836305898	1	dispatch lease of ae6247ed-866a-4e76-a084-d9e0912b0b1a lapsed	REJECT	com.alibaba.qwen.code.runtimebroker.ToolExecutionRecord@23c650a3
1790836305955	1	dispatch lease of ae6247ed-866a-4e76-a084-d9e0912b0b1a lapsed	REJECT	com.alibaba.qwen.code.runtimebroker.ToolExecutionRecord@50b1f030
1790836306011	1	dispatch lease of ae6247ed-866a-4e76-a084-d9e0912b0b1a lapsed	ACCEPT	com.alibaba.qwen.code.runtimebroker.ToolExecutionRecord@3e681bc
1790836314228	1	reconciliation from evidence	ACCEPT	ALREADY_SETTLED
1790836323908	1	marker = [start]	ACCEPT	[start]
1790836333666	1	marker = [start, end]	ACCEPT	[start, end]
1790836339142	1	startup adoption	REJECT	Reply[ok=false, value=null, status=503, code=runtime_provisioning_in_progress, retryable=true, message=another Broker owns Runtime provisioning]
1790836341773	1	startup adoption	ACCEPT	Reply[ok=true, value={"bindingId":"4f8d7d48-07cb-4bb1-a4aa-837fbd9d81e8","generation":1,"state":"READY"}, status=0, code=null, retryable=false, message=null]
1790836352153	1	startup adoption	ACCEPT	Reply[ok=true, value={"bindingId":"634dda50-522c-4429-9826-e6041b758f5f","generation":1,"state":"READY"}, status=0, code=null, retryable=false, message=null]
1790836365596	1	marker = [start]	ACCEPT	[start]
1790836372813	1	original worker loss after recovery fencing	ACCEPT	Reply[ok=false, value=null, status=503, code=runtime_broker_runtime_lost, retryable=true, message=Runtime is lost; recovery requires complete evidence and cleanup]
1790836382623	1	project/marker = [start]	ACCEPT	[start]
1790836389865	1	original worker loss after recovery fencing	ACCEPT	Reply[ok=false, value=null, status=503, code=runtime_broker_runtime_lost, retryable=true, message=Runtime is lost; recovery requires complete evidence and cleanup]
1790836434917	1	marker = [start]	ACCEPT	[start]
1790836442993	1	dispatch lease of 44e292df-8272-486b-830c-312adc54fd5d lapsed	REJECT	com.alibaba.qwen.code.runtimebroker.ToolExecutionRecord@55b5e331
1790836443050	1	dispatch lease of 44e292df-8272-486b-830c-312adc54fd5d lapsed	REJECT	com.alibaba.qwen.code.runtimebroker.ToolExecutionRecord@3f3c7bdb
1790836443106	1	dispatch lease of 44e292df-8272-486b-830c-312adc54fd5d lapsed	REJECT	com.alibaba.qwen.code.runtimebroker.ToolExecutionRecord@7da10b5b
1790836443161	1	dispatch lease of 44e292df-8272-486b-830c-312adc54fd5d lapsed	REJECT	com.alibaba.qwen.code.runtimebroker.ToolExecutionRecord@2e16b08d
1790836443217	1	dispatch lease of 44e292df-8272-486b-830c-312adc54fd5d lapsed	REJECT	com.alibaba.qwen.code.runtimebroker.ToolExecutionRecord@42561fba
1790836443273	1	dispatch lease of 44e292df-8272-486b-830c-312adc54fd5d lapsed	REJECT	com.alibaba.qwen.code.runtimebroker.ToolExecutionRecord@408613cc
1790836443329	1	dispatch lease of 44e292df-8272-486b-830c-312adc54fd5d lapsed	REJECT	com.alibaba.qwen.code.runtimebroker.ToolExecutionRecord@63a5d002
1790836443385	1	dispatch lease of 44e292df-8272-486b-830c-312adc54fd5d lapsed	REJECT	com.alibaba.qwen.code.runtimebroker.ToolExecutionRecord@3af9aa66
1790836443440	1	dispatch lease of 44e292df-8272-486b-830c-312adc54fd5d lapsed	REJECT	com.alibaba.qwen.code.runtimebroker.ToolExecutionRecord@62d0ac62
1790836443495	1	dispatch lease of 44e292df-8272-486b-830c-312adc54fd5d lapsed	REJECT	com.alibaba.qwen.code.runtimebroker.ToolExecutionRecord@3003697
1790836443551	1	dispatch lease of 44e292df-8272-486b-830c-312adc54fd5d lapsed	REJECT	com.alibaba.qwen.code.runtimebroker.ToolExecutionRecord@437ebf59
1790836443606	1	dispatch lease of 44e292df-8272-486b-830c-312adc54fd5d lapsed	REJECT	com.alibaba.qwen.code.runtimebroker.ToolExecutionRecord@2d691f3d
1790836443662	1	dispatch lease of 44e292df-8272-486b-830c-312adc54fd5d lapsed	REJECT	com.alibaba.qwen.code.runtimebroker.ToolExecutionRecord@1da6ee17
1790836443717	1	dispatch lease of 44e292df-8272-486b-830c-312adc54fd5d lapsed	REJECT	com.alibaba.qwen.code.runtimebroker.ToolExecutionRecord@5b69d40d
1790836443772	1	dispatch lease of 44e292df-8272-486b-830c-312adc54fd5d lapsed	REJECT	com.alibaba.qwen.code.runtimebroker.ToolExecutionRecord@2516fc68
1790836443828	1	dispatch lease of 44e292df-8272-486b-830c-312adc54fd5d lapsed	REJECT	com.alibaba.qwen.code.runtimebroker.ToolExecutionRecord@72889280
1790836443883	1	dispatch lease of 44e292df-8272-486b-830c-312adc54fd5d lapsed	REJECT	com.alibaba.qwen.code.runtimebroker.ToolExecutionRecord@2d140a7
1790836443938	1	dispatch lease of 44e292df-8272-486b-830c-312adc54fd5d lapsed	REJECT	com.alibaba.qwen.code.runtimebroker.ToolExecutionRecord@7f34a967
1790836443994	1	dispatch lease of 44e292df-8272-486b-830c-312adc54fd5d lapsed	REJECT	com.alibaba.qwen.code.runtimebroker.ToolExecutionRecord@240139e1
1790836444050	1	dispatch lease of 44e292df-8272-486b-830c-312adc54fd5d lapsed	REJECT	com.alibaba.qwen.code.runtimebroker.ToolExecutionRecord@253c1256
1790836444105	1	dispatch lease of 44e292df-8272-486b-830c-312adc54fd5d lapsed	REJECT	com.alibaba.qwen.code.runtimebroker.ToolExecutionRecord@55f45b92
1790836444160	1	dispatch lease of 44e292df-8272-486b-830c-312adc54fd5d lapsed	REJECT	com.alibaba.qwen.code.runtimebroker.ToolExecutionRecord@4a325eb9
1790836444216	1	dispatch lease of 44e292df-8272-486b-830c-312adc54fd5d lapsed	REJECT	com.alibaba.qwen.code.runtimebroker.ToolExecutionRecord@415e0bcb
1790836444271	1	dispatch lease of 44e292df-8272-486b-830c-312adc54fd5d lapsed	REJECT	com.alibaba.qwen.code.runtimebroker.ToolExecutionRecord@2c30b71f
1790836444327	1	dispatch lease of 44e292df-8272-486b-830c-312adc54fd5d lapsed	REJECT	com.alibaba.qwen.code.runtimebroker.ToolExecutionRecord@bf71cec
1790836444383	1	dispatch lease of 44e292df-8272-486b-830c-312adc54fd5d lapsed	REJECT	com.alibaba.qwen.code.runtimebroker.ToolExecutionRecord@1654a892
1790836444438	1	dispatch lease of 44e292df-8272-486b-830c-312adc54fd5d lapsed	REJECT	com.alibaba.qwen.code.runtimebroker.ToolExecutionRecord@6c000e0c
1790836444494	1	dispatch lease of 44e292df-8272-486b-830c-312adc54fd5d lapsed	REJECT	com.alibaba.qwen.code.runtimebroker.ToolExecutionRecord@6974a715
1790836444550	1	dispatch lease of 44e292df-8272-486b-830c-312adc54fd5d lapsed	REJECT	com.alibaba.qwen.code.runtimebroker.ToolExecutionRecord@4c9e9fb8
1790836444605	1	dispatch lease of 44e292df-8272-486b-830c-312adc54fd5d lapsed	REJECT	com.alibaba.qwen.code.runtimebroker.ToolExecutionRecord@210f0cc1
1790836444661	1	dispatch lease of 44e292df-8272-486b-830c-312adc54fd5d lapsed	REJECT	com.alibaba.qwen.code.runtimebroker.ToolExecutionRecord@c7a977f
1790836444716	1	dispatch lease of 44e292df-8272-486b-830c-312adc54fd5d lapsed	REJECT	com.alibaba.qwen.code.runtimebroker.ToolExecutionRecord@2c383e33
1790836444773	1	dispatch lease of 44e292df-8272-486b-830c-312adc54fd5d lapsed	REJECT	com.alibaba.qwen.code.runtimebroker.ToolExecutionRecord@2fa3be26
1790836444831	1	dispatch lease of 44e292df-8272-486b-830c-312adc54fd5d lapsed	REJECT	com.alibaba.qwen.code.runtimebroker.ToolExecutionRecord@4e6d7365
1790836444886	1	dispatch lease of 44e292df-8272-486b-830c-312adc54fd5d lapsed	REJECT	com.alibaba.qwen.code.runtimebroker.ToolExecutionRecord@21ae6e73
1790836444942	1	dispatch lease of 44e292df-8272-486b-830c-312adc54fd5d lapsed	REJECT	com.alibaba.qwen.code.runtimebroker.ToolExecutionRecord@36a7abe1
1790836444997	1	dispatch lease of 44e292df-8272-486b-830c-312adc54fd5d lapsed	REJECT	com.alibaba.qwen.code.runtimebroker.ToolExecutionRecord@11a82d0f
1790836445057	1	dispatch lease of 44e292df-8272-486b-830c-312adc54fd5d lapsed	REJECT	com.alibaba.qwen.code.runtimebroker.ToolExecutionRecord@16943e88
1790836445112	1	dispatch lease of 44e292df-8272-486b-830c-312adc54fd5d lapsed	REJECT	com.alibaba.qwen.code.runtimebroker.ToolExecutionRecord@e36bb2a
1790836445168	1	dispatch lease of 44e292df-8272-486b-830c-312adc54fd5d lapsed	REJECT	com.alibaba.qwen.code.runtimebroker.ToolExecutionRecord@367795c7
1790836445223	1	dispatch lease of 44e292df-8272-486b-830c-312adc54fd5d lapsed	REJECT	com.alibaba.qwen.code.runtimebroker.ToolExecutionRecord@1500e009
1790836445278	1	dispatch lease of 44e292df-8272-486b-830c-312adc54fd5d lapsed	REJECT	com.alibaba.qwen.code.runtimebroker.ToolExecutionRecord@29d334c
1790836445334	1	dispatch lease of 44e292df-8272-486b-830c-312adc54fd5d lapsed	REJECT	com.alibaba.qwen.code.runtimebroker.ToolExecutionRecord@673bb956
1790836445397	1	dispatch lease of 44e292df-8272-486b-830c-312adc54fd5d lapsed	REJECT	com.alibaba.qwen.code.runtimebroker.ToolExecutionRecord@3c4bc9fc
1790836445452	1	dispatch lease of 44e292df-8272-486b-830c-312adc54fd5d lapsed	REJECT	com.alibaba.qwen.code.runtimebroker.ToolExecutionRecord@1f651cd8
1790836445508	1	dispatch lease of 44e292df-8272-486b-830c-312adc54fd5d lapsed	REJECT	com.alibaba.qwen.code.runtimebroker.ToolExecutionRecord@c827db
1790836445564	1	dispatch lease of 44e292df-8272-486b-830c-312adc54fd5d lapsed	REJECT	com.alibaba.qwen.code.runtimebroker.ToolExecutionRecord@238ad8c
1790836445619	1	dispatch lease of 44e292df-8272-486b-830c-312adc54fd5d lapsed	REJECT	com.alibaba.qwen.code.runtimebroker.ToolExecutionRecord@22df874e
1790836445675	1	dispatch lease of 44e292df-8272-486b-830c-312adc54fd5d lapsed	REJECT	com.alibaba.qwen.code.runtimebroker.ToolExecutionRecord@42d236fb
1790836445730	1	dispatch lease of 44e292df-8272-486b-830c-312adc54fd5d lapsed	REJECT	com.alibaba.qwen.code.runtimebroker.ToolExecutionRecord@1532c619
1790836445786	1	dispatch lease of 44e292df-8272-486b-830c-312adc54fd5d lapsed	REJECT	com.alibaba.qwen.code.runtimebroker.ToolExecutionRecord@1a78dacd
1790836445842	1	dispatch lease of 44e292df-8272-486b-830c-312adc54fd5d lapsed	REJECT	com.alibaba.qwen.code.runtimebroker.ToolExecutionRecord@2bfeb1ef
1790836445897	1	dispatch lease of 44e292df-8272-486b-830c-312adc54fd5d lapsed	REJECT	com.alibaba.qwen.code.runtimebroker.ToolExecutionRecord@78b236a0
1790836445953	1	dispatch lease of 44e292df-8272-486b-830c-312adc54fd5d lapsed	REJECT	com.alibaba.qwen.code.runtimebroker.ToolExecutionRecord@60e9df3c
1790836446008	1	dispatch lease of 44e292df-8272-486b-830c-312adc54fd5d lapsed	ACCEPT	com.alibaba.qwen.code.runtimebroker.ToolExecutionRecord@537b32ef
1790836450506	1	cancelled original call	ACCEPT	RESOLVED
1790836461783	1	project/marker = [start]	ACCEPT	[start]
1790836469855	1	dispatch lease of 10c4a432-0d24-45e8-be2a-acabd90fb423 lapsed	REJECT	com.alibaba.qwen.code.runtimebroker.ToolExecutionRecord@1f14f20c
1790836469911	1	dispatch lease of 10c4a432-0d24-45e8-be2a-acabd90fb423 lapsed	REJECT	com.alibaba.qwen.code.runtimebroker.ToolExecutionRecord@6e4ea0bd
1790836469966	1	dispatch lease of 10c4a432-0d24-45e8-be2a-acabd90fb423 lapsed	REJECT	com.alibaba.qwen.code.runtimebroker.ToolExecutionRecord@1059754c
1790836470022	1	dispatch lease of 10c4a432-0d24-45e8-be2a-acabd90fb423 lapsed	REJECT	com.alibaba.qwen.code.runtimebroker.ToolExecutionRecord@7f4037ed
1790836470077	1	dispatch lease of 10c4a432-0d24-45e8-be2a-acabd90fb423 lapsed	REJECT	com.alibaba.qwen.code.runtimebroker.ToolExecutionRecord@110844f6
1790836470132	1	dispatch lease of 10c4a432-0d24-45e8-be2a-acabd90fb423 lapsed	REJECT	com.alibaba.qwen.code.runtimebroker.ToolExecutionRecord@4925f4f5
1790836470189	1	dispatch lease of 10c4a432-0d24-45e8-be2a-acabd90fb423 lapsed	REJECT	com.alibaba.qwen.code.runtimebroker.ToolExecutionRecord@39ce27f2
1790836470245	1	dispatch lease of 10c4a432-0d24-45e8-be2a-acabd90fb423 lapsed	REJECT	com.alibaba.qwen.code.runtimebroker.ToolExecutionRecord@28782602
1790836470300	1	dispatch lease of 10c4a432-0d24-45e8-be2a-acabd90fb423 lapsed	REJECT	com.alibaba.qwen.code.runtimebroker.ToolExecutionRecord@511816c0
1790836470355	1	dispatch lease of 10c4a432-0d24-45e8-be2a-acabd90fb423 lapsed	REJECT	com.alibaba.qwen.code.runtimebroker.ToolExecutionRecord@3935e9a8
1790836470412	1	dispatch lease of 10c4a432-0d24-45e8-be2a-acabd90fb423 lapsed	REJECT	com.alibaba.qwen.code.runtimebroker.ToolExecutionRecord@452c8a40
1790836470468	1	dispatch lease of 10c4a432-0d24-45e8-be2a-acabd90fb423 lapsed	REJECT	com.alibaba.qwen.code.runtimebroker.ToolExecutionRecord@470a9030
1790836470523	1	dispatch lease of 10c4a432-0d24-45e8-be2a-acabd90fb423 lapsed	REJECT	com.alibaba.qwen.code.runtimebroker.ToolExecutionRecord@d59970a
1790836470579	1	dispatch lease of 10c4a432-0d24-45e8-be2a-acabd90fb423 lapsed	REJECT	com.alibaba.qwen.code.runtimebroker.ToolExecutionRecord@3e6fd0b9
1790836470634	1	dispatch lease of 10c4a432-0d24-45e8-be2a-acabd90fb423 lapsed	REJECT	com.alibaba.qwen.code.runtimebroker.ToolExecutionRecord@76adb233
1790836470690	1	dispatch lease of 10c4a432-0d24-45e8-be2a-acabd90fb423 lapsed	REJECT	com.alibaba.qwen.code.runtimebroker.ToolExecutionRecord@7dcc91fd
1790836470746	1	dispatch lease of 10c4a432-0d24-45e8-be2a-acabd90fb423 lapsed	REJECT	com.alibaba.qwen.code.runtimebroker.ToolExecutionRecord@75504cef
1790836470801	1	dispatch lease of 10c4a432-0d24-45e8-be2a-acabd90fb423 lapsed	REJECT	com.alibaba.qwen.code.runtimebroker.ToolExecutionRecord@28c88600
1790836470857	1	dispatch lease of 10c4a432-0d24-45e8-be2a-acabd90fb423 lapsed	REJECT	com.alibaba.qwen.code.runtimebroker.ToolExecutionRecord@7f9e1534
1790836470913	1	dispatch lease of 10c4a432-0d24-45e8-be2a-acabd90fb423 lapsed	REJECT	com.alibaba.qwen.code.runtimebroker.ToolExecutionRecord@31611954
1790836470969	1	dispatch lease of 10c4a432-0d24-45e8-be2a-acabd90fb423 lapsed	REJECT	com.alibaba.qwen.code.runtimebroker.ToolExecutionRecord@99a65d3
1790836471024	1	dispatch lease of 10c4a432-0d24-45e8-be2a-acabd90fb423 lapsed	REJECT	com.alibaba.qwen.code.runtimebroker.ToolExecutionRecord@32fdec40
1790836471080	1	dispatch lease of 10c4a432-0d24-45e8-be2a-acabd90fb423 lapsed	REJECT	com.alibaba.qwen.code.runtimebroker.ToolExecutionRecord@39ab59f8
1790836471135	1	dispatch lease of 10c4a432-0d24-45e8-be2a-acabd90fb423 lapsed	REJECT	com.alibaba.qwen.code.runtimebroker.ToolExecutionRecord@4ad4936c
1790836471192	1	dispatch lease of 10c4a432-0d24-45e8-be2a-acabd90fb423 lapsed	REJECT	com.alibaba.qwen.code.runtimebroker.ToolExecutionRecord@25cc7470
1790836471247	1	dispatch lease of 10c4a432-0d24-45e8-be2a-acabd90fb423 lapsed	REJECT	com.alibaba.qwen.code.runtimebroker.ToolExecutionRecord@1b812421
1790836471302	1	dispatch lease of 10c4a432-0d24-45e8-be2a-acabd90fb423 lapsed	REJECT	com.alibaba.qwen.code.runtimebroker.ToolExecutionRecord@32639b12
1790836471357	1	dispatch lease of 10c4a432-0d24-45e8-be2a-acabd90fb423 lapsed	REJECT	com.alibaba.qwen.code.runtimebroker.ToolExecutionRecord@5649ec46
1790836471414	1	dispatch lease of 10c4a432-0d24-45e8-be2a-acabd90fb423 lapsed	REJECT	com.alibaba.qwen.code.runtimebroker.ToolExecutionRecord@5652f555
1790836471469	1	dispatch lease of 10c4a432-0d24-45e8-be2a-acabd90fb423 lapsed	REJECT	com.alibaba.qwen.code.runtimebroker.ToolExecutionRecord@794b435f
1790836471525	1	dispatch lease of 10c4a432-0d24-45e8-be2a-acabd90fb423 lapsed	REJECT	com.alibaba.qwen.code.runtimebroker.ToolExecutionRecord@323659f8
1790836471580	1	dispatch lease of 10c4a432-0d24-45e8-be2a-acabd90fb423 lapsed	REJECT	com.alibaba.qwen.code.runtimebroker.ToolExecutionRecord@26a529dc
1790836471635	1	dispatch lease of 10c4a432-0d24-45e8-be2a-acabd90fb423 lapsed	REJECT	com.alibaba.qwen.code.runtimebroker.ToolExecutionRecord@3cc20577
1790836471692	1	dispatch lease of 10c4a432-0d24-45e8-be2a-acabd90fb423 lapsed	REJECT	com.alibaba.qwen.code.runtimebroker.ToolExecutionRecord@5767b2af
1790836471747	1	dispatch lease of 10c4a432-0d24-45e8-be2a-acabd90fb423 lapsed	REJECT	com.alibaba.qwen.code.runtimebroker.ToolExecutionRecord@2228db21
1790836471802	1	dispatch lease of 10c4a432-0d24-45e8-be2a-acabd90fb423 lapsed	REJECT	com.alibaba.qwen.code.runtimebroker.ToolExecutionRecord@547c04c4
1790836471858	1	dispatch lease of 10c4a432-0d24-45e8-be2a-acabd90fb423 lapsed	REJECT	com.alibaba.qwen.code.runtimebroker.ToolExecutionRecord@ba1f559
1790836471914	1	dispatch lease of 10c4a432-0d24-45e8-be2a-acabd90fb423 lapsed	REJECT	com.alibaba.qwen.code.runtimebroker.ToolExecutionRecord@4bf324f9
1790836471969	1	dispatch lease of 10c4a432-0d24-45e8-be2a-acabd90fb423 lapsed	REJECT	com.alibaba.qwen.code.runtimebroker.ToolExecutionRecord@1d2644e3
1790836472024	1	dispatch lease of 10c4a432-0d24-45e8-be2a-acabd90fb423 lapsed	REJECT	com.alibaba.qwen.code.runtimebroker.ToolExecutionRecord@5ffc5491
1790836472080	1	dispatch lease of 10c4a432-0d24-45e8-be2a-acabd90fb423 lapsed	REJECT	com.alibaba.qwen.code.runtimebroker.ToolExecutionRecord@3e58d65e
1790836472135	1	dispatch lease of 10c4a432-0d24-45e8-be2a-acabd90fb423 lapsed	REJECT	com.alibaba.qwen.code.runtimebroker.ToolExecutionRecord@7e0b9178
1790836472191	1	dispatch lease of 10c4a432-0d24-45e8-be2a-acabd90fb423 lapsed	REJECT	com.alibaba.qwen.code.runtimebroker.ToolExecutionRecord@408a247c
1790836472246	1	dispatch lease of 10c4a432-0d24-45e8-be2a-acabd90fb423 lapsed	REJECT	com.alibaba.qwen.code.runtimebroker.ToolExecutionRecord@5f5b5ca4
1790836472301	1	dispatch lease of 10c4a432-0d24-45e8-be2a-acabd90fb423 lapsed	REJECT	com.alibaba.qwen.code.runtimebroker.ToolExecutionRecord@18388a3c
1790836472356	1	dispatch lease of 10c4a432-0d24-45e8-be2a-acabd90fb423 lapsed	REJECT	com.alibaba.qwen.code.runtimebroker.ToolExecutionRecord@4cfbaf4
1790836472412	1	dispatch lease of 10c4a432-0d24-45e8-be2a-acabd90fb423 lapsed	REJECT	com.alibaba.qwen.code.runtimebroker.ToolExecutionRecord@127d7908
1790836472468	1	dispatch lease of 10c4a432-0d24-45e8-be2a-acabd90fb423 lapsed	REJECT	com.alibaba.qwen.code.runtimebroker.ToolExecutionRecord@30b9eadd
1790836472524	1	dispatch lease of 10c4a432-0d24-45e8-be2a-acabd90fb423 lapsed	REJECT	com.alibaba.qwen.code.runtimebroker.ToolExecutionRecord@3249a1ce
1790836472579	1	dispatch lease of 10c4a432-0d24-45e8-be2a-acabd90fb423 lapsed	REJECT	com.alibaba.qwen.code.runtimebroker.ToolExecutionRecord@a8a8b75
1790836472636	1	dispatch lease of 10c4a432-0d24-45e8-be2a-acabd90fb423 lapsed	REJECT	com.alibaba.qwen.code.runtimebroker.ToolExecutionRecord@155d1021
1790836472691	1	dispatch lease of 10c4a432-0d24-45e8-be2a-acabd90fb423 lapsed	REJECT	com.alibaba.qwen.code.runtimebroker.ToolExecutionRecord@2c42b421
1790836472746	1	dispatch lease of 10c4a432-0d24-45e8-be2a-acabd90fb423 lapsed	REJECT	com.alibaba.qwen.code.runtimebroker.ToolExecutionRecord@701a32
1790836472801	1	dispatch lease of 10c4a432-0d24-45e8-be2a-acabd90fb423 lapsed	REJECT	com.alibaba.qwen.code.runtimebroker.ToolExecutionRecord@27cbfddf
1790836472856	1	dispatch lease of 10c4a432-0d24-45e8-be2a-acabd90fb423 lapsed	REJECT	com.alibaba.qwen.code.runtimebroker.ToolExecutionRecord@40620d8e
1790836472912	1	dispatch lease of 10c4a432-0d24-45e8-be2a-acabd90fb423 lapsed	REJECT	com.alibaba.qwen.code.runtimebroker.ToolExecutionRecord@352e612e
1790836472967	1	dispatch lease of 10c4a432-0d24-45e8-be2a-acabd90fb423 lapsed	REJECT	com.alibaba.qwen.code.runtimebroker.ToolExecutionRecord@6ea94d6a
1790836473023	1	dispatch lease of 10c4a432-0d24-45e8-be2a-acabd90fb423 lapsed	ACCEPT	com.alibaba.qwen.code.runtimebroker.ToolExecutionRecord@4a1e3ac1
1790836477516	1	cancelled original call	ACCEPT	RESOLVED
1790836489082	1	dispatch lease of e4f1ed18-185c-434e-82b2-05f0890ed7d6 lapsed	REJECT	com.alibaba.qwen.code.runtimebroker.ToolExecutionRecord@7bc9e6ab
1790836489138	1	dispatch lease of e4f1ed18-185c-434e-82b2-05f0890ed7d6 lapsed	REJECT	com.alibaba.qwen.code.runtimebroker.ToolExecutionRecord@712ca57b
1790836489194	1	dispatch lease of e4f1ed18-185c-434e-82b2-05f0890ed7d6 lapsed	REJECT	com.alibaba.qwen.code.runtimebroker.ToolExecutionRecord@51745f40
1790836489250	1	dispatch lease of e4f1ed18-185c-434e-82b2-05f0890ed7d6 lapsed	REJECT	com.alibaba.qwen.code.runtimebroker.ToolExecutionRecord@69e308c6
1790836489306	1	dispatch lease of e4f1ed18-185c-434e-82b2-05f0890ed7d6 lapsed	REJECT	com.alibaba.qwen.code.runtimebroker.ToolExecutionRecord@1c6e0a08
1790836489361	1	dispatch lease of e4f1ed18-185c-434e-82b2-05f0890ed7d6 lapsed	REJECT	com.alibaba.qwen.code.runtimebroker.ToolExecutionRecord@1623bbe5
1790836489417	1	dispatch lease of e4f1ed18-185c-434e-82b2-05f0890ed7d6 lapsed	REJECT	com.alibaba.qwen.code.runtimebroker.ToolExecutionRecord@3c2772d1
1790836489474	1	dispatch lease of e4f1ed18-185c-434e-82b2-05f0890ed7d6 lapsed	REJECT	com.alibaba.qwen.code.runtimebroker.ToolExecutionRecord@89c65d5
1790836489529	1	dispatch lease of e4f1ed18-185c-434e-82b2-05f0890ed7d6 lapsed	REJECT	com.alibaba.qwen.code.runtimebroker.ToolExecutionRecord@988246e
1790836489585	1	dispatch lease of e4f1ed18-185c-434e-82b2-05f0890ed7d6 lapsed	REJECT	com.alibaba.qwen.code.runtimebroker.ToolExecutionRecord@61f2c3f0
1790836489640	1	dispatch lease of e4f1ed18-185c-434e-82b2-05f0890ed7d6 lapsed	REJECT	com.alibaba.qwen.code.runtimebroker.ToolExecutionRecord@2f6bcf87
1790836489695	1	dispatch lease of e4f1ed18-185c-434e-82b2-05f0890ed7d6 lapsed	REJECT	com.alibaba.qwen.code.runtimebroker.ToolExecutionRecord@6f8d7714
1790836489752	1	dispatch lease of e4f1ed18-185c-434e-82b2-05f0890ed7d6 lapsed	REJECT	com.alibaba.qwen.code.runtimebroker.ToolExecutionRecord@aa21042
1790836489807	1	dispatch lease of e4f1ed18-185c-434e-82b2-05f0890ed7d6 lapsed	REJECT	com.alibaba.qwen.code.runtimebroker.ToolExecutionRecord@7a26928a
1790836489862	1	dispatch lease of e4f1ed18-185c-434e-82b2-05f0890ed7d6 lapsed	REJECT	com.alibaba.qwen.code.runtimebroker.ToolExecutionRecord@4e2c95ee
1790836489918	1	dispatch lease of e4f1ed18-185c-434e-82b2-05f0890ed7d6 lapsed	REJECT	com.alibaba.qwen.code.runtimebroker.ToolExecutionRecord@73eb8672
1790836489974	1	dispatch lease of e4f1ed18-185c-434e-82b2-05f0890ed7d6 lapsed	REJECT	com.alibaba.qwen.code.runtimebroker.ToolExecutionRecord@757194dc
1790836490029	1	dispatch lease of e4f1ed18-185c-434e-82b2-05f0890ed7d6 lapsed	REJECT	com.alibaba.qwen.code.runtimebroker.ToolExecutionRecord@7ff2b8d2
1790836490085	1	dispatch lease of e4f1ed18-185c-434e-82b2-05f0890ed7d6 lapsed	REJECT	com.alibaba.qwen.code.runtimebroker.ToolExecutionRecord@2fb5fe30
1790836490140	1	dispatch lease of e4f1ed18-185c-434e-82b2-05f0890ed7d6 lapsed	REJECT	com.alibaba.qwen.code.runtimebroker.ToolExecutionRecord@5baaae4c
1790836490195	1	dispatch lease of e4f1ed18-185c-434e-82b2-05f0890ed7d6 lapsed	REJECT	com.alibaba.qwen.code.runtimebroker.ToolExecutionRecord@4f449e8f
1790836490251	1	dispatch lease of e4f1ed18-185c-434e-82b2-05f0890ed7d6 lapsed	REJECT	com.alibaba.qwen.code.runtimebroker.ToolExecutionRecord@19f040ba
1790836490307	1	dispatch lease of e4f1ed18-185c-434e-82b2-05f0890ed7d6 lapsed	REJECT	com.alibaba.qwen.code.runtimebroker.ToolExecutionRecord@c3c4c1c
1790836490362	1	dispatch lease of e4f1ed18-185c-434e-82b2-05f0890ed7d6 lapsed	REJECT	com.alibaba.qwen.code.runtimebroker.ToolExecutionRecord@35e478f
1790836490417	1	dispatch lease of e4f1ed18-185c-434e-82b2-05f0890ed7d6 lapsed	REJECT	com.alibaba.qwen.code.runtimebroker.ToolExecutionRecord@3044e9c7
1790836490473	1	dispatch lease of e4f1ed18-185c-434e-82b2-05f0890ed7d6 lapsed	REJECT	com.alibaba.qwen.code.runtimebroker.ToolExecutionRecord@4a183d02
1790836490528	1	dispatch lease of e4f1ed18-185c-434e-82b2-05f0890ed7d6 lapsed	REJECT	com.alibaba.qwen.code.runtimebroker.ToolExecutionRecord@23eee4b8
1790836490583	1	dispatch lease of e4f1ed18-185c-434e-82b2-05f0890ed7d6 lapsed	REJECT	com.alibaba.qwen.code.runtimebroker.ToolExecutionRecord@143d9a93
1790836490638	1	dispatch lease of e4f1ed18-185c-434e-82b2-05f0890ed7d6 lapsed	REJECT	com.alibaba.qwen.code.runtimebroker.ToolExecutionRecord@5b5caf08
1790836490694	1	dispatch lease of e4f1ed18-185c-434e-82b2-05f0890ed7d6 lapsed	REJECT	com.alibaba.qwen.code.runtimebroker.ToolExecutionRecord@7e97551f
1790836490750	1	dispatch lease of e4f1ed18-185c-434e-82b2-05f0890ed7d6 lapsed	REJECT	com.alibaba.qwen.code.runtimebroker.ToolExecutionRecord@7a94b64e
1790836490804	1	dispatch lease of e4f1ed18-185c-434e-82b2-05f0890ed7d6 lapsed	REJECT	com.alibaba.qwen.code.runtimebroker.ToolExecutionRecord@2caf6912
1790836490860	1	dispatch lease of e4f1ed18-185c-434e-82b2-05f0890ed7d6 lapsed	REJECT	com.alibaba.qwen.code.runtimebroker.ToolExecutionRecord@1d01dfa5
1790836490915	1	dispatch lease of e4f1ed18-185c-434e-82b2-05f0890ed7d6 lapsed	REJECT	com.alibaba.qwen.code.runtimebroker.ToolExecutionRecord@22101c80
1790836490971	1	dispatch lease of e4f1ed18-185c-434e-82b2-05f0890ed7d6 lapsed	REJECT	com.alibaba.qwen.code.runtimebroker.ToolExecutionRecord@781a9412
1790836491026	1	dispatch lease of e4f1ed18-185c-434e-82b2-05f0890ed7d6 lapsed	ACCEPT	com.alibaba.qwen.code.runtimebroker.ToolExecutionRecord@aed0151
1790836511468	1	dispatch lease of 3a5fef53-d5c2-4974-9f3f-1980780ea3a5 lapsed	REJECT	com.alibaba.qwen.code.runtimebroker.ToolExecutionRecord@203dd56b
1790836511524	1	dispatch lease of 3a5fef53-d5c2-4974-9f3f-1980780ea3a5 lapsed	REJECT	com.alibaba.qwen.code.runtimebroker.ToolExecutionRecord@53667cbe
1790836511579	1	dispatch lease of 3a5fef53-d5c2-4974-9f3f-1980780ea3a5 lapsed	REJECT	com.alibaba.qwen.code.runtimebroker.ToolExecutionRecord@26a94fa5
1790836511635	1	dispatch lease of 3a5fef53-d5c2-4974-9f3f-1980780ea3a5 lapsed	REJECT	com.alibaba.qwen.code.runtimebroker.ToolExecutionRecord@3bc735b3
1790836511690	1	dispatch lease of 3a5fef53-d5c2-4974-9f3f-1980780ea3a5 lapsed	REJECT	com.alibaba.qwen.code.runtimebroker.ToolExecutionRecord@757529a4
1790836511746	1	dispatch lease of 3a5fef53-d5c2-4974-9f3f-1980780ea3a5 lapsed	REJECT	com.alibaba.qwen.code.runtimebroker.ToolExecutionRecord@2234078
1790836511801	1	dispatch lease of 3a5fef53-d5c2-4974-9f3f-1980780ea3a5 lapsed	REJECT	com.alibaba.qwen.code.runtimebroker.ToolExecutionRecord@1450078a
1790836511856	1	dispatch lease of 3a5fef53-d5c2-4974-9f3f-1980780ea3a5 lapsed	REJECT	com.alibaba.qwen.code.runtimebroker.ToolExecutionRecord@3aefae67
1790836511911	1	dispatch lease of 3a5fef53-d5c2-4974-9f3f-1980780ea3a5 lapsed	REJECT	com.alibaba.qwen.code.runtimebroker.ToolExecutionRecord@3eb631b8
1790836511967	1	dispatch lease of 3a5fef53-d5c2-4974-9f3f-1980780ea3a5 lapsed	REJECT	com.alibaba.qwen.code.runtimebroker.ToolExecutionRecord@41e1455d
1790836512022	1	dispatch lease of 3a5fef53-d5c2-4974-9f3f-1980780ea3a5 lapsed	REJECT	com.alibaba.qwen.code.runtimebroker.ToolExecutionRecord@4d6f197e
1790836512077	1	dispatch lease of 3a5fef53-d5c2-4974-9f3f-1980780ea3a5 lapsed	REJECT	com.alibaba.qwen.code.runtimebroker.ToolExecutionRecord@5c089b2f
1790836512133	1	dispatch lease of 3a5fef53-d5c2-4974-9f3f-1980780ea3a5 lapsed	REJECT	com.alibaba.qwen.code.runtimebroker.ToolExecutionRecord@7ed9ae94
1790836512189	1	dispatch lease of 3a5fef53-d5c2-4974-9f3f-1980780ea3a5 lapsed	REJECT	com.alibaba.qwen.code.runtimebroker.ToolExecutionRecord@2bc12da
1790836512244	1	dispatch lease of 3a5fef53-d5c2-4974-9f3f-1980780ea3a5 lapsed	REJECT	com.alibaba.qwen.code.runtimebroker.ToolExecutionRecord@29a23c3d
1790836512300	1	dispatch lease of 3a5fef53-d5c2-4974-9f3f-1980780ea3a5 lapsed	REJECT	com.alibaba.qwen.code.runtimebroker.ToolExecutionRecord@591fd34d
1790836512355	1	dispatch lease of 3a5fef53-d5c2-4974-9f3f-1980780ea3a5 lapsed	REJECT	com.alibaba.qwen.code.runtimebroker.ToolExecutionRecord@3068b369
1790836512411	1	dispatch lease of 3a5fef53-d5c2-4974-9f3f-1980780ea3a5 lapsed	REJECT	com.alibaba.qwen.code.runtimebroker.ToolExecutionRecord@736ac09a
1790836512467	1	dispatch lease of 3a5fef53-d5c2-4974-9f3f-1980780ea3a5 lapsed	REJECT	com.alibaba.qwen.code.runtimebroker.ToolExecutionRecord@1ec7d8b3
1790836512522	1	dispatch lease of 3a5fef53-d5c2-4974-9f3f-1980780ea3a5 lapsed	REJECT	com.alibaba.qwen.code.runtimebroker.ToolExecutionRecord@54dcbb9f
1790836512577	1	dispatch lease of 3a5fef53-d5c2-4974-9f3f-1980780ea3a5 lapsed	REJECT	com.alibaba.qwen.code.runtimebroker.ToolExecutionRecord@69eb86b4
1790836512633	1	dispatch lease of 3a5fef53-d5c2-4974-9f3f-1980780ea3a5 lapsed	REJECT	com.alibaba.qwen.code.runtimebroker.ToolExecutionRecord@6a933be2
1790836512689	1	dispatch lease of 3a5fef53-d5c2-4974-9f3f-1980780ea3a5 lapsed	REJECT	com.alibaba.qwen.code.runtimebroker.ToolExecutionRecord@4d8539de
1790836512744	1	dispatch lease of 3a5fef53-d5c2-4974-9f3f-1980780ea3a5 lapsed	REJECT	com.alibaba.qwen.code.runtimebroker.ToolExecutionRecord@30feffc
1790836512799	1	dispatch lease of 3a5fef53-d5c2-4974-9f3f-1980780ea3a5 lapsed	REJECT	com.alibaba.qwen.code.runtimebroker.ToolExecutionRecord@7c2a69b4
1790836512854	1	dispatch lease of 3a5fef53-d5c2-4974-9f3f-1980780ea3a5 lapsed	REJECT	com.alibaba.qwen.code.runtimebroker.ToolExecutionRecord@375b5b7f
1790836512910	1	dispatch lease of 3a5fef53-d5c2-4974-9f3f-1980780ea3a5 lapsed	REJECT	com.alibaba.qwen.code.runtimebroker.ToolExecutionRecord@3b152928
1790836512965	1	dispatch lease of 3a5fef53-d5c2-4974-9f3f-1980780ea3a5 lapsed	REJECT	com.alibaba.qwen.code.runtimebroker.ToolExecutionRecord@25c5e994
1790836513020	1	dispatch lease of 3a5fef53-d5c2-4974-9f3f-1980780ea3a5 lapsed	REJECT	com.alibaba.qwen.code.runtimebroker.ToolExecutionRecord@69b2f8e5
1790836513075	1	dispatch lease of 3a5fef53-d5c2-4974-9f3f-1980780ea3a5 lapsed	REJECT	com.alibaba.qwen.code.runtimebroker.ToolExecutionRecord@644abb8f
1790836513131	1	dispatch lease of 3a5fef53-d5c2-4974-9f3f-1980780ea3a5 lapsed	REJECT	com.alibaba.qwen.code.runtimebroker.ToolExecutionRecord@7c2327fa
1790836513187	1	dispatch lease of 3a5fef53-d5c2-4974-9f3f-1980780ea3a5 lapsed	REJECT	com.alibaba.qwen.code.runtimebroker.ToolExecutionRecord@3d7fa3ae
1790836513242	1	dispatch lease of 3a5fef53-d5c2-4974-9f3f-1980780ea3a5 lapsed	REJECT	com.alibaba.qwen.code.runtimebroker.ToolExecutionRecord@585c13de
1790836513296	1	dispatch lease of 3a5fef53-d5c2-4974-9f3f-1980780ea3a5 lapsed	REJECT	com.alibaba.qwen.code.runtimebroker.ToolExecutionRecord@6ad11a56
1790836513351	1	dispatch lease of 3a5fef53-d5c2-4974-9f3f-1980780ea3a5 lapsed	REJECT	com.alibaba.qwen.code.runtimebroker.ToolExecutionRecord@1ee29c84
1790836513408	1	dispatch lease of 3a5fef53-d5c2-4974-9f3f-1980780ea3a5 lapsed	REJECT	com.alibaba.qwen.code.runtimebroker.ToolExecutionRecord@63429932
1790836513463	1	dispatch lease of 3a5fef53-d5c2-4974-9f3f-1980780ea3a5 lapsed	REJECT	com.alibaba.qwen.code.runtimebroker.ToolExecutionRecord@6f012914
1790836513518	1	dispatch lease of 3a5fef53-d5c2-4974-9f3f-1980780ea3a5 lapsed	REJECT	com.alibaba.qwen.code.runtimebroker.ToolExecutionRecord@60baef24
1790836513573	1	dispatch lease of 3a5fef53-d5c2-4974-9f3f-1980780ea3a5 lapsed	REJECT	com.alibaba.qwen.code.runtimebroker.ToolExecutionRecord@720653c2
1790836513629	1	dispatch lease of 3a5fef53-d5c2-4974-9f3f-1980780ea3a5 lapsed	REJECT	com.alibaba.qwen.code.runtimebroker.ToolExecutionRecord@4463d9d3
1790836513684	1	dispatch lease of 3a5fef53-d5c2-4974-9f3f-1980780ea3a5 lapsed	REJECT	com.alibaba.qwen.code.runtimebroker.ToolExecutionRecord@1517f633
1790836513739	1	dispatch lease of 3a5fef53-d5c2-4974-9f3f-1980780ea3a5 lapsed	REJECT	com.alibaba.qwen.code.runtimebroker.ToolExecutionRecord@6f6962ba
1790836513794	1	dispatch lease of 3a5fef53-d5c2-4974-9f3f-1980780ea3a5 lapsed	REJECT	com.alibaba.qwen.code.runtimebroker.ToolExecutionRecord@15723761
1790836513849	1	dispatch lease of 3a5fef53-d5c2-4974-9f3f-1980780ea3a5 lapsed	REJECT	com.alibaba.qwen.code.runtimebroker.ToolExecutionRecord@7b60c3e
1790836513908	1	dispatch lease of 3a5fef53-d5c2-4974-9f3f-1980780ea3a5 lapsed	REJECT	com.alibaba.qwen.code.runtimebroker.ToolExecutionRecord@466d49f0
1790836513963	1	dispatch lease of 3a5fef53-d5c2-4974-9f3f-1980780ea3a5 lapsed	REJECT	com.alibaba.qwen.code.runtimebroker.ToolExecutionRecord@65327f5
1790836514018	1	dispatch lease of 3a5fef53-d5c2-4974-9f3f-1980780ea3a5 lapsed	ACCEPT	com.alibaba.qwen.code.runtimebroker.ToolExecutionRecord@6d367020
1790837096865	2	escaped writer pid	ACCEPT	true
1790837096874	2	escaped writer output	ACCEPT	true
1790837104483	2	original worker loss after recovery fencing	ACCEPT	Reply[ok=false, value=null, status=503, code=runtime_broker_runtime_lost, retryable=true, message=Runtime is lost; recovery requires complete evidence and cleanup]
1790837104550	2	escaped writer continues after loss; the physical pin must remain	REJECT	156
1790837104600	2	escaped writer continues after loss; the physical pin must remain	ACCEPT	157
1790837114579	2	escaped writer pid	ACCEPT	true
1790837114584	2	escaped writer output	ACCEPT	true
1790837122155	2	original worker loss after recovery fencing	ACCEPT	Reply[ok=false, value=null, status=503, code=runtime_broker_runtime_lost, retryable=true, message=Runtime is lost; recovery requires complete evidence and cleanup]
1790837122175	2	escaped writer continues after loss; the physical pin must remain	REJECT	154
1790837122226	2	escaped writer continues after loss; the physical pin must remain	ACCEPT	155
1790837132314	2	marker = [start]	ACCEPT	[start]
1790837132350	2	UNKNOWN execution	REJECT	com.alibaba.qwen.code.runtimebroker.ToolExecutionRecord@1e044120
1790837132402	2	UNKNOWN execution	REJECT	com.alibaba.qwen.code.runtimebroker.ToolExecutionRecord@3624da92
1790837132454	2	UNKNOWN execution	REJECT	com.alibaba.qwen.code.runtimebroker.ToolExecutionRecord@34645867
1790837132507	2	UNKNOWN execution	REJECT	com.alibaba.qwen.code.runtimebroker.ToolExecutionRecord@60b71e8f
1790837132559	2	UNKNOWN execution	REJECT	com.alibaba.qwen.code.runtimebroker.ToolExecutionRecord@464649c
1790837132611	2	UNKNOWN execution	REJECT	com.alibaba.qwen.code.runtimebroker.ToolExecutionRecord@5f59185e
1790837132664	2	UNKNOWN execution	REJECT	com.alibaba.qwen.code.runtimebroker.ToolExecutionRecord@47da3952
1790837132716	2	UNKNOWN execution	REJECT	com.alibaba.qwen.code.runtimebroker.ToolExecutionRecord@46e8a539
1790837132768	2	UNKNOWN execution	REJECT	com.alibaba.qwen.code.runtimebroker.ToolExecutionRecord@5fd62371
1790837132821	2	UNKNOWN execution	REJECT	com.alibaba.qwen.code.runtimebroker.ToolExecutionRecord@2b62442c
1790837132873	2	UNKNOWN execution	ACCEPT	com.alibaba.qwen.code.runtimebroker.ToolExecutionRecord@841e575
1790837154270	2	marker = [start]	ACCEPT	[start]
1790837161515	2	original Runtime loss after recovery fencing	ACCEPT	Reply[ok=false, value=null, status=503, code=runtime_broker_runtime_lost, retryable=true, message=Runtime is lost; recovery requires complete evidence and cleanup]
1790837181283	2	dispatch lease of d516ce81-5c8f-46aa-a60e-4dc5b703f83e lapsed	REJECT	com.alibaba.qwen.code.runtimebroker.ToolExecutionRecord@5d25e6bb
1790837181340	2	dispatch lease of d516ce81-5c8f-46aa-a60e-4dc5b703f83e lapsed	REJECT	com.alibaba.qwen.code.runtimebroker.ToolExecutionRecord@2f162cc0
1790837181399	2	dispatch lease of d516ce81-5c8f-46aa-a60e-4dc5b703f83e lapsed	REJECT	com.alibaba.qwen.code.runtimebroker.ToolExecutionRecord@7f69d591
1790837181457	2	dispatch lease of d516ce81-5c8f-46aa-a60e-4dc5b703f83e lapsed	REJECT	com.alibaba.qwen.code.runtimebroker.ToolExecutionRecord@403132fc
1790837181515	2	dispatch lease of d516ce81-5c8f-46aa-a60e-4dc5b703f83e lapsed	REJECT	com.alibaba.qwen.code.runtimebroker.ToolExecutionRecord@2f7a7219
1790837181572	2	dispatch lease of d516ce81-5c8f-46aa-a60e-4dc5b703f83e lapsed	REJECT	com.alibaba.qwen.code.runtimebroker.ToolExecutionRecord@4a8a60bc
1790837181630	2	dispatch lease of d516ce81-5c8f-46aa-a60e-4dc5b703f83e lapsed	REJECT	com.alibaba.qwen.code.runtimebroker.ToolExecutionRecord@285d851a
1790837181687	2	dispatch lease of d516ce81-5c8f-46aa-a60e-4dc5b703f83e lapsed	REJECT	com.alibaba.qwen.code.runtimebroker.ToolExecutionRecord@5118388b
1790837181744	2	dispatch lease of d516ce81-5c8f-46aa-a60e-4dc5b703f83e lapsed	REJECT	com.alibaba.qwen.code.runtimebroker.ToolExecutionRecord@4a3e3e8b
1790837181803	2	dispatch lease of d516ce81-5c8f-46aa-a60e-4dc5b703f83e lapsed	REJECT	com.alibaba.qwen.code.runtimebroker.ToolExecutionRecord@4985cbcb
1790837181860	2	dispatch lease of d516ce81-5c8f-46aa-a60e-4dc5b703f83e lapsed	REJECT	com.alibaba.qwen.code.runtimebroker.ToolExecutionRecord@332a7fce
1790837181917	2	dispatch lease of d516ce81-5c8f-46aa-a60e-4dc5b703f83e lapsed	REJECT	com.alibaba.qwen.code.runtimebroker.ToolExecutionRecord@32232e55
1790837181981	2	dispatch lease of d516ce81-5c8f-46aa-a60e-4dc5b703f83e lapsed	REJECT	com.alibaba.qwen.code.runtimebroker.ToolExecutionRecord@293bb8a5
1790837182038	2	dispatch lease of d516ce81-5c8f-46aa-a60e-4dc5b703f83e lapsed	REJECT	com.alibaba.qwen.code.runtimebroker.ToolExecutionRecord@6e9319f
1790837182095	2	dispatch lease of d516ce81-5c8f-46aa-a60e-4dc5b703f83e lapsed	REJECT	com.alibaba.qwen.code.runtimebroker.ToolExecutionRecord@389adf1d
1790837182153	2	dispatch lease of d516ce81-5c8f-46aa-a60e-4dc5b703f83e lapsed	REJECT	com.alibaba.qwen.code.runtimebroker.ToolExecutionRecord@290b1b2e
1790837182213	2	dispatch lease of d516ce81-5c8f-46aa-a60e-4dc5b703f83e lapsed	REJECT	com.alibaba.qwen.code.runtimebroker.ToolExecutionRecord@2c177f9e
1790837182272	2	dispatch lease of d516ce81-5c8f-46aa-a60e-4dc5b703f83e lapsed	REJECT	com.alibaba.qwen.code.runtimebroker.ToolExecutionRecord@18e7143f
1790837182329	2	dispatch lease of d516ce81-5c8f-46aa-a60e-4dc5b703f83e lapsed	REJECT	com.alibaba.qwen.code.runtimebroker.ToolExecutionRecord@6fefce9e
1790837182388	2	dispatch lease of d516ce81-5c8f-46aa-a60e-4dc5b703f83e lapsed	REJECT	com.alibaba.qwen.code.runtimebroker.ToolExecutionRecord@192f2f27
1790837182446	2	dispatch lease of d516ce81-5c8f-46aa-a60e-4dc5b703f83e lapsed	REJECT	com.alibaba.qwen.code.runtimebroker.ToolExecutionRecord@6b5176f2
1790837182503	2	dispatch lease of d516ce81-5c8f-46aa-a60e-4dc5b703f83e lapsed	REJECT	com.alibaba.qwen.code.runtimebroker.ToolExecutionRecord@ec0c838
1790837182562	2	dispatch lease of d516ce81-5c8f-46aa-a60e-4dc5b703f83e lapsed	REJECT	com.alibaba.qwen.code.runtimebroker.ToolExecutionRecord@29cfd92b
1790837182619	2	dispatch lease of d516ce81-5c8f-46aa-a60e-4dc5b703f83e lapsed	REJECT	com.alibaba.qwen.code.runtimebroker.ToolExecutionRecord@11dee337
1790837182678	2	dispatch lease of d516ce81-5c8f-46aa-a60e-4dc5b703f83e lapsed	REJECT	com.alibaba.qwen.code.runtimebroker.ToolExecutionRecord@11acdc30
1790837182737	2	dispatch lease of d516ce81-5c8f-46aa-a60e-4dc5b703f83e lapsed	REJECT	com.alibaba.qwen.code.runtimebroker.ToolExecutionRecord@1922e6d
1790837182795	2	dispatch lease of d516ce81-5c8f-46aa-a60e-4dc5b703f83e lapsed	REJECT	com.alibaba.qwen.code.runtimebroker.ToolExecutionRecord@74bdc168
1790837182851	2	dispatch lease of d516ce81-5c8f-46aa-a60e-4dc5b703f83e lapsed	REJECT	com.alibaba.qwen.code.runtimebroker.ToolExecutionRecord@611f8234
1790837182913	2	dispatch lease of d516ce81-5c8f-46aa-a60e-4dc5b703f83e lapsed	REJECT	com.alibaba.qwen.code.runtimebroker.ToolExecutionRecord@7f811d00
1790837182970	2	dispatch lease of d516ce81-5c8f-46aa-a60e-4dc5b703f83e lapsed	REJECT	com.alibaba.qwen.code.runtimebroker.ToolExecutionRecord@f19c9d2
1790837183027	2	dispatch lease of d516ce81-5c8f-46aa-a60e-4dc5b703f83e lapsed	REJECT	com.alibaba.qwen.code.runtimebroker.ToolExecutionRecord@4b6166aa
1790837183086	2	dispatch lease of d516ce81-5c8f-46aa-a60e-4dc5b703f83e lapsed	REJECT	com.alibaba.qwen.code.runtimebroker.ToolExecutionRecord@4a067c25
1790837183145	2	dispatch lease of d516ce81-5c8f-46aa-a60e-4dc5b703f83e lapsed	REJECT	com.alibaba.qwen.code.runtimebroker.ToolExecutionRecord@523424b5
1790837183202	2	dispatch lease of d516ce81-5c8f-46aa-a60e-4dc5b703f83e lapsed	REJECT	com.alibaba.qwen.code.runtimebroker.ToolExecutionRecord@791cbf87
1790837183258	2	dispatch lease of d516ce81-5c8f-46aa-a60e-4dc5b703f83e lapsed	REJECT	com.alibaba.qwen.code.runtimebroker.ToolExecutionRecord@2b52c0d6
1790837183316	2	dispatch lease of d516ce81-5c8f-46aa-a60e-4dc5b703f83e lapsed	REJECT	com.alibaba.qwen.code.runtimebroker.ToolExecutionRecord@2f08c4b
1790837183373	2	dispatch lease of d516ce81-5c8f-46aa-a60e-4dc5b703f83e lapsed	REJECT	com.alibaba.qwen.code.runtimebroker.ToolExecutionRecord@a486d78
1790837183431	2	dispatch lease of d516ce81-5c8f-46aa-a60e-4dc5b703f83e lapsed	REJECT	com.alibaba.qwen.code.runtimebroker.ToolExecutionRecord@5dcbb60
1790837183488	2	dispatch lease of d516ce81-5c8f-46aa-a60e-4dc5b703f83e lapsed	REJECT	com.alibaba.qwen.code.runtimebroker.ToolExecutionRecord@49f5c307
1790837183544	2	dispatch lease of d516ce81-5c8f-46aa-a60e-4dc5b703f83e lapsed	REJECT	com.alibaba.qwen.code.runtimebroker.ToolExecutionRecord@66ea1466
1790837183600	2	dispatch lease of d516ce81-5c8f-46aa-a60e-4dc5b703f83e lapsed	REJECT	com.alibaba.qwen.code.runtimebroker.ToolExecutionRecord@66971f6b
1790837183661	2	dispatch lease of d516ce81-5c8f-46aa-a60e-4dc5b703f83e lapsed	REJECT	com.alibaba.qwen.code.runtimebroker.ToolExecutionRecord@142eef62
1790837183718	2	dispatch lease of d516ce81-5c8f-46aa-a60e-4dc5b703f83e lapsed	REJECT	com.alibaba.qwen.code.runtimebroker.ToolExecutionRecord@56e07a08
1790837183774	2	dispatch lease of d516ce81-5c8f-46aa-a60e-4dc5b703f83e lapsed	REJECT	com.alibaba.qwen.code.runtimebroker.ToolExecutionRecord@47289387
1790837183831	2	dispatch lease of d516ce81-5c8f-46aa-a60e-4dc5b703f83e lapsed	REJECT	com.alibaba.qwen.code.runtimebroker.ToolExecutionRecord@f415a95
1790837183888	2	dispatch lease of d516ce81-5c8f-46aa-a60e-4dc5b703f83e lapsed	REJECT	com.alibaba.qwen.code.runtimebroker.ToolExecutionRecord@37eeec90
1790837183945	2	dispatch lease of d516ce81-5c8f-46aa-a60e-4dc5b703f83e lapsed	REJECT	com.alibaba.qwen.code.runtimebroker.ToolExecutionRecord@64da2a7
1790837184002	2	dispatch lease of d516ce81-5c8f-46aa-a60e-4dc5b703f83e lapsed	ACCEPT	com.alibaba.qwen.code.runtimebroker.ToolExecutionRecord@2c715e84
1790837204510	2	marker = [start]	ACCEPT	[start]
1790837204830	2	dispatch lease of 264417a1-38e6-4a1e-baf9-0163274b09bb lapsed	REJECT	com.alibaba.qwen.code.runtimebroker.ToolExecutionRecord@6ea1bcdc
1790837204887	2	dispatch lease of 264417a1-38e6-4a1e-baf9-0163274b09bb lapsed	REJECT	com.alibaba.qwen.code.runtimebroker.ToolExecutionRecord@53499d85
1790837204943	2	dispatch lease of 264417a1-38e6-4a1e-baf9-0163274b09bb lapsed	REJECT	com.alibaba.qwen.code.runtimebroker.ToolExecutionRecord@46c670a6
1790837205000	2	dispatch lease of 264417a1-38e6-4a1e-baf9-0163274b09bb lapsed	REJECT	com.alibaba.qwen.code.runtimebroker.ToolExecutionRecord@2fd1731c
1790837205056	2	dispatch lease of 264417a1-38e6-4a1e-baf9-0163274b09bb lapsed	REJECT	com.alibaba.qwen.code.runtimebroker.ToolExecutionRecord@1133ec6e
1790837205112	2	dispatch lease of 264417a1-38e6-4a1e-baf9-0163274b09bb lapsed	REJECT	com.alibaba.qwen.code.runtimebroker.ToolExecutionRecord@2a2da905
1790837205170	2	dispatch lease of 264417a1-38e6-4a1e-baf9-0163274b09bb lapsed	REJECT	com.alibaba.qwen.code.runtimebroker.ToolExecutionRecord@302fec27
1790837205226	2	dispatch lease of 264417a1-38e6-4a1e-baf9-0163274b09bb lapsed	REJECT	com.alibaba.qwen.code.runtimebroker.ToolExecutionRecord@54107f42
1790837205282	2	dispatch lease of 264417a1-38e6-4a1e-baf9-0163274b09bb lapsed	REJECT	com.alibaba.qwen.code.runtimebroker.ToolExecutionRecord@6cea706c
1790837205339	2	dispatch lease of 264417a1-38e6-4a1e-baf9-0163274b09bb lapsed	REJECT	com.alibaba.qwen.code.runtimebroker.ToolExecutionRecord@1eba372c
1790837205396	2	dispatch lease of 264417a1-38e6-4a1e-baf9-0163274b09bb lapsed	REJECT	com.alibaba.qwen.code.runtimebroker.ToolExecutionRecord@552518c3
1790837205452	2	dispatch lease of 264417a1-38e6-4a1e-baf9-0163274b09bb lapsed	REJECT	com.alibaba.qwen.code.runtimebroker.ToolExecutionRecord@363f6148
1790837205509	2	dispatch lease of 264417a1-38e6-4a1e-baf9-0163274b09bb lapsed	REJECT	com.alibaba.qwen.code.runtimebroker.ToolExecutionRecord@138fe6ec
1790837205565	2	dispatch lease of 264417a1-38e6-4a1e-baf9-0163274b09bb lapsed	REJECT	com.alibaba.qwen.code.runtimebroker.ToolExecutionRecord@455351c4
1790837205621	2	dispatch lease of 264417a1-38e6-4a1e-baf9-0163274b09bb lapsed	REJECT	com.alibaba.qwen.code.runtimebroker.ToolExecutionRecord@4940809c
1790837205677	2	dispatch lease of 264417a1-38e6-4a1e-baf9-0163274b09bb lapsed	REJECT	com.alibaba.qwen.code.runtimebroker.ToolExecutionRecord@7a138fc5
1790837205734	2	dispatch lease of 264417a1-38e6-4a1e-baf9-0163274b09bb lapsed	REJECT	com.alibaba.qwen.code.runtimebroker.ToolExecutionRecord@4a9e6faf
1790837205791	2	dispatch lease of 264417a1-38e6-4a1e-baf9-0163274b09bb lapsed	REJECT	com.alibaba.qwen.code.runtimebroker.ToolExecutionRecord@459f7aa3
1790837205847	2	dispatch lease of 264417a1-38e6-4a1e-baf9-0163274b09bb lapsed	REJECT	com.alibaba.qwen.code.runtimebroker.ToolExecutionRecord@44a2b17b
1790837205904	2	dispatch lease of 264417a1-38e6-4a1e-baf9-0163274b09bb lapsed	REJECT	com.alibaba.qwen.code.runtimebroker.ToolExecutionRecord@7eb01b12
1790837205960	2	dispatch lease of 264417a1-38e6-4a1e-baf9-0163274b09bb lapsed	REJECT	com.alibaba.qwen.code.runtimebroker.ToolExecutionRecord@7e70bd39
1790837206016	2	dispatch lease of 264417a1-38e6-4a1e-baf9-0163274b09bb lapsed	REJECT	com.alibaba.qwen.code.runtimebroker.ToolExecutionRecord@43ed0ff3
1790837206073	2	dispatch lease of 264417a1-38e6-4a1e-baf9-0163274b09bb lapsed	REJECT	com.alibaba.qwen.code.runtimebroker.ToolExecutionRecord@4da855dd
1790837206129	2	dispatch lease of 264417a1-38e6-4a1e-baf9-0163274b09bb lapsed	REJECT	com.alibaba.qwen.code.runtimebroker.ToolExecutionRecord@2e5c7f0b
1790837206185	2	dispatch lease of 264417a1-38e6-4a1e-baf9-0163274b09bb lapsed	REJECT	com.alibaba.qwen.code.runtimebroker.ToolExecutionRecord@538613b3
1790837206242	2	dispatch lease of 264417a1-38e6-4a1e-baf9-0163274b09bb lapsed	REJECT	com.alibaba.qwen.code.runtimebroker.ToolExecutionRecord@5db99216
1790837206298	2	dispatch lease of 264417a1-38e6-4a1e-baf9-0163274b09bb lapsed	REJECT	com.alibaba.qwen.code.runtimebroker.ToolExecutionRecord@9f46d94
1790837206354	2	dispatch lease of 264417a1-38e6-4a1e-baf9-0163274b09bb lapsed	REJECT	com.alibaba.qwen.code.runtimebroker.ToolExecutionRecord@2c4ca0f9
1790837206409	2	dispatch lease of 264417a1-38e6-4a1e-baf9-0163274b09bb lapsed	REJECT	com.alibaba.qwen.code.runtimebroker.ToolExecutionRecord@6e57e95e
1790837206466	2	dispatch lease of 264417a1-38e6-4a1e-baf9-0163274b09bb lapsed	REJECT	com.alibaba.qwen.code.runtimebroker.ToolExecutionRecord@740abb5
1790837206522	2	dispatch lease of 264417a1-38e6-4a1e-baf9-0163274b09bb lapsed	REJECT	com.alibaba.qwen.code.runtimebroker.ToolExecutionRecord@551a20d6
1790837206578	2	dispatch lease of 264417a1-38e6-4a1e-baf9-0163274b09bb lapsed	REJECT	com.alibaba.qwen.code.runtimebroker.ToolExecutionRecord@7e094740
1790837206636	2	dispatch lease of 264417a1-38e6-4a1e-baf9-0163274b09bb lapsed	REJECT	com.alibaba.qwen.code.runtimebroker.ToolExecutionRecord@7555b920
1790837206691	2	dispatch lease of 264417a1-38e6-4a1e-baf9-0163274b09bb lapsed	REJECT	com.alibaba.qwen.code.runtimebroker.ToolExecutionRecord@5398edd0
1790837206749	2	dispatch lease of 264417a1-38e6-4a1e-baf9-0163274b09bb lapsed	REJECT	com.alibaba.qwen.code.runtimebroker.ToolExecutionRecord@61edc883
1790837206806	2	dispatch lease of 264417a1-38e6-4a1e-baf9-0163274b09bb lapsed	REJECT	com.alibaba.qwen.code.runtimebroker.ToolExecutionRecord@6928f576
1790837206863	2	dispatch lease of 264417a1-38e6-4a1e-baf9-0163274b09bb lapsed	REJECT	com.alibaba.qwen.code.runtimebroker.ToolExecutionRecord@9cd25ff
1790837206919	2	dispatch lease of 264417a1-38e6-4a1e-baf9-0163274b09bb lapsed	REJECT	com.alibaba.qwen.code.runtimebroker.ToolExecutionRecord@6db66836
1790837206977	2	dispatch lease of 264417a1-38e6-4a1e-baf9-0163274b09bb lapsed	REJECT	com.alibaba.qwen.code.runtimebroker.ToolExecutionRecord@3f093abe
1790837207033	2	dispatch lease of 264417a1-38e6-4a1e-baf9-0163274b09bb lapsed	ACCEPT	com.alibaba.qwen.code.runtimebroker.ToolExecutionRecord@780ec4a5
1790837215270	2	reconciliation from evidence	ACCEPT	ALREADY_SETTLED
1790837228246	2	dispatch lease of 4bfa36b7-8135-46e1-a0b1-0b276595dc90 lapsed	REJECT	com.alibaba.qwen.code.runtimebroker.ToolExecutionRecord@62e8f862
1790837228303	2	dispatch lease of 4bfa36b7-8135-46e1-a0b1-0b276595dc90 lapsed	REJECT	com.alibaba.qwen.code.runtimebroker.ToolExecutionRecord@515f4131
1790837228360	2	dispatch lease of 4bfa36b7-8135-46e1-a0b1-0b276595dc90 lapsed	REJECT	com.alibaba.qwen.code.runtimebroker.ToolExecutionRecord@3f3ddbd9
1790837228417	2	dispatch lease of 4bfa36b7-8135-46e1-a0b1-0b276595dc90 lapsed	REJECT	com.alibaba.qwen.code.runtimebroker.ToolExecutionRecord@30865a90
1790837228474	2	dispatch lease of 4bfa36b7-8135-46e1-a0b1-0b276595dc90 lapsed	REJECT	com.alibaba.qwen.code.runtimebroker.ToolExecutionRecord@71b1a49c
1790837228530	2	dispatch lease of 4bfa36b7-8135-46e1-a0b1-0b276595dc90 lapsed	REJECT	com.alibaba.qwen.code.runtimebroker.ToolExecutionRecord@2472c7d8
1790837228586	2	dispatch lease of 4bfa36b7-8135-46e1-a0b1-0b276595dc90 lapsed	REJECT	com.alibaba.qwen.code.runtimebroker.ToolExecutionRecord@9fecdf1
1790837228642	2	dispatch lease of 4bfa36b7-8135-46e1-a0b1-0b276595dc90 lapsed	REJECT	com.alibaba.qwen.code.runtimebroker.ToolExecutionRecord@236ab296
1790837228699	2	dispatch lease of 4bfa36b7-8135-46e1-a0b1-0b276595dc90 lapsed	REJECT	com.alibaba.qwen.code.runtimebroker.ToolExecutionRecord@232024b9
1790837228755	2	dispatch lease of 4bfa36b7-8135-46e1-a0b1-0b276595dc90 lapsed	REJECT	com.alibaba.qwen.code.runtimebroker.ToolExecutionRecord@53cdecf6
1790837228811	2	dispatch lease of 4bfa36b7-8135-46e1-a0b1-0b276595dc90 lapsed	REJECT	com.alibaba.qwen.code.runtimebroker.ToolExecutionRecord@420745d7
1790837228867	2	dispatch lease of 4bfa36b7-8135-46e1-a0b1-0b276595dc90 lapsed	REJECT	com.alibaba.qwen.code.runtimebroker.ToolExecutionRecord@2392212b
1790837228923	2	dispatch lease of 4bfa36b7-8135-46e1-a0b1-0b276595dc90 lapsed	REJECT	com.alibaba.qwen.code.runtimebroker.ToolExecutionRecord@545f80bf
1790837228979	2	dispatch lease of 4bfa36b7-8135-46e1-a0b1-0b276595dc90 lapsed	REJECT	com.alibaba.qwen.code.runtimebroker.ToolExecutionRecord@4d666b41
1790837229036	2	dispatch lease of 4bfa36b7-8135-46e1-a0b1-0b276595dc90 lapsed	REJECT	com.alibaba.qwen.code.runtimebroker.ToolExecutionRecord@405325cf
1790837229094	2	dispatch lease of 4bfa36b7-8135-46e1-a0b1-0b276595dc90 lapsed	REJECT	com.alibaba.qwen.code.runtimebroker.ToolExecutionRecord@6c2f1700
1790837229151	2	dispatch lease of 4bfa36b7-8135-46e1-a0b1-0b276595dc90 lapsed	REJECT	com.alibaba.qwen.code.runtimebroker.ToolExecutionRecord@669d2b1b
1790837229208	2	dispatch lease of 4bfa36b7-8135-46e1-a0b1-0b276595dc90 lapsed	REJECT	com.alibaba.qwen.code.runtimebroker.ToolExecutionRecord@5d52e3ef
1790837229266	2	dispatch lease of 4bfa36b7-8135-46e1-a0b1-0b276595dc90 lapsed	REJECT	com.alibaba.qwen.code.runtimebroker.ToolExecutionRecord@4c7a078
1790837229322	2	dispatch lease of 4bfa36b7-8135-46e1-a0b1-0b276595dc90 lapsed	REJECT	com.alibaba.qwen.code.runtimebroker.ToolExecutionRecord@76f10035
1790837229378	2	dispatch lease of 4bfa36b7-8135-46e1-a0b1-0b276595dc90 lapsed	REJECT	com.alibaba.qwen.code.runtimebroker.ToolExecutionRecord@15b986cd
1790837229435	2	dispatch lease of 4bfa36b7-8135-46e1-a0b1-0b276595dc90 lapsed	REJECT	com.alibaba.qwen.code.runtimebroker.ToolExecutionRecord@6b530eb9
1790837229491	2	dispatch lease of 4bfa36b7-8135-46e1-a0b1-0b276595dc90 lapsed	REJECT	com.alibaba.qwen.code.runtimebroker.ToolExecutionRecord@17f460bb
1790837229547	2	dispatch lease of 4bfa36b7-8135-46e1-a0b1-0b276595dc90 lapsed	REJECT	com.alibaba.qwen.code.runtimebroker.ToolExecutionRecord@18ca3c62
1790837229603	2	dispatch lease of 4bfa36b7-8135-46e1-a0b1-0b276595dc90 lapsed	REJECT	com.alibaba.qwen.code.runtimebroker.ToolExecutionRecord@6aa648b9
1790837229659	2	dispatch lease of 4bfa36b7-8135-46e1-a0b1-0b276595dc90 lapsed	REJECT	com.alibaba.qwen.code.runtimebroker.ToolExecutionRecord@88a8218
1790837229715	2	dispatch lease of 4bfa36b7-8135-46e1-a0b1-0b276595dc90 lapsed	REJECT	com.alibaba.qwen.code.runtimebroker.ToolExecutionRecord@5fa05212
1790837229771	2	dispatch lease of 4bfa36b7-8135-46e1-a0b1-0b276595dc90 lapsed	REJECT	com.alibaba.qwen.code.runtimebroker.ToolExecutionRecord@23aae55
1790837229828	2	dispatch lease of 4bfa36b7-8135-46e1-a0b1-0b276595dc90 lapsed	REJECT	com.alibaba.qwen.code.runtimebroker.ToolExecutionRecord@7a9c84a5
1790837229884	2	dispatch lease of 4bfa36b7-8135-46e1-a0b1-0b276595dc90 lapsed	REJECT	com.alibaba.qwen.code.runtimebroker.ToolExecutionRecord@7e053511
1790837229940	2	dispatch lease of 4bfa36b7-8135-46e1-a0b1-0b276595dc90 lapsed	REJECT	com.alibaba.qwen.code.runtimebroker.ToolExecutionRecord@26f1249d
1790837229997	2	dispatch lease of 4bfa36b7-8135-46e1-a0b1-0b276595dc90 lapsed	REJECT	com.alibaba.qwen.code.runtimebroker.ToolExecutionRecord@28b576a9
1790837230053	2	dispatch lease of 4bfa36b7-8135-46e1-a0b1-0b276595dc90 lapsed	ACCEPT	com.alibaba.qwen.code.runtimebroker.ToolExecutionRecord@1b1637e1
1790837238290	2	reconciliation from evidence	ACCEPT	ALREADY_SETTLED
1790837248022	2	marker = [start]	ACCEPT	[start]
1790837257789	2	marker = [start, end]	ACCEPT	[start, end]
1790837264921	2	startup adoption	ACCEPT	Reply[ok=true, value={"bindingId":"845ed7ed-72ca-4554-b1d5-7aeaec4c0bfa","generation":1,"state":"READY"}, status=0, code=null, retryable=false, message=null]
1790837273633	2	startup adoption	REJECT	Reply[ok=false, value=null, status=503, code=runtime_provisioning_in_progress, retryable=true, message=another Broker owns Runtime provisioning]
1790837276268	2	startup adoption	ACCEPT	Reply[ok=true, value={"bindingId":"279de392-5219-425a-a16f-6f2661923453","generation":1,"state":"READY"}, status=0, code=null, retryable=false, message=null]
1790837289706	2	marker = [start]	ACCEPT	[start]
1790837296983	2	original worker loss after recovery fencing	ACCEPT	Reply[ok=false, value=null, status=503, code=runtime_broker_runtime_lost, retryable=true, message=Runtime is lost; recovery requires complete evidence and cleanup]
1790837306794	2	project/marker = [start]	ACCEPT	[start]
1790837314020	2	original worker loss after recovery fencing	ACCEPT	Reply[ok=false, value=null, status=503, code=runtime_broker_runtime_lost, retryable=true, message=Runtime is lost; recovery requires complete evidence and cleanup]
1790837359113	2	marker = [start]	ACCEPT	[start]
1790837367204	2	dispatch lease of db335ee2-4a6e-4acc-978e-480266890577 lapsed	REJECT	com.alibaba.qwen.code.runtimebroker.ToolExecutionRecord@11ce2e22
1790837367260	2	dispatch lease of db335ee2-4a6e-4acc-978e-480266890577 lapsed	REJECT	com.alibaba.qwen.code.runtimebroker.ToolExecutionRecord@5aa6202e
1790837367316	2	dispatch lease of db335ee2-4a6e-4acc-978e-480266890577 lapsed	REJECT	com.alibaba.qwen.code.runtimebroker.ToolExecutionRecord@91c4a3f
1790837367375	2	dispatch lease of db335ee2-4a6e-4acc-978e-480266890577 lapsed	REJECT	com.alibaba.qwen.code.runtimebroker.ToolExecutionRecord@6826c41e
1790837367432	2	dispatch lease of db335ee2-4a6e-4acc-978e-480266890577 lapsed	REJECT	com.alibaba.qwen.code.runtimebroker.ToolExecutionRecord@1d269ed7
1790837367488	2	dispatch lease of db335ee2-4a6e-4acc-978e-480266890577 lapsed	REJECT	com.alibaba.qwen.code.runtimebroker.ToolExecutionRecord@410e94e
1790837367544	2	dispatch lease of db335ee2-4a6e-4acc-978e-480266890577 lapsed	REJECT	com.alibaba.qwen.code.runtimebroker.ToolExecutionRecord@1e7f2e0f
1790837367600	2	dispatch lease of db335ee2-4a6e-4acc-978e-480266890577 lapsed	REJECT	com.alibaba.qwen.code.runtimebroker.ToolExecutionRecord@3c818ac4
1790837367656	2	dispatch lease of db335ee2-4a6e-4acc-978e-480266890577 lapsed	REJECT	com.alibaba.qwen.code.runtimebroker.ToolExecutionRecord@15f193b8
1790837367713	2	dispatch lease of db335ee2-4a6e-4acc-978e-480266890577 lapsed	REJECT	com.alibaba.qwen.code.runtimebroker.ToolExecutionRecord@6bfdb014
1790837367768	2	dispatch lease of db335ee2-4a6e-4acc-978e-480266890577 lapsed	REJECT	com.alibaba.qwen.code.runtimebroker.ToolExecutionRecord@4aa3d36
1790837367824	2	dispatch lease of db335ee2-4a6e-4acc-978e-480266890577 lapsed	REJECT	com.alibaba.qwen.code.runtimebroker.ToolExecutionRecord@2aa27288
1790837367880	2	dispatch lease of db335ee2-4a6e-4acc-978e-480266890577 lapsed	REJECT	com.alibaba.qwen.code.runtimebroker.ToolExecutionRecord@1d8e2eea
1790837367936	2	dispatch lease of db335ee2-4a6e-4acc-978e-480266890577 lapsed	REJECT	com.alibaba.qwen.code.runtimebroker.ToolExecutionRecord@49298ce7
1790837367991	2	dispatch lease of db335ee2-4a6e-4acc-978e-480266890577 lapsed	REJECT	com.alibaba.qwen.code.runtimebroker.ToolExecutionRecord@503fbbc6
1790837368047	2	dispatch lease of db335ee2-4a6e-4acc-978e-480266890577 lapsed	REJECT	com.alibaba.qwen.code.runtimebroker.ToolExecutionRecord@67fe380b
1790837368103	2	dispatch lease of db335ee2-4a6e-4acc-978e-480266890577 lapsed	REJECT	com.alibaba.qwen.code.runtimebroker.ToolExecutionRecord@57f64f5e
1790837368159	2	dispatch lease of db335ee2-4a6e-4acc-978e-480266890577 lapsed	REJECT	com.alibaba.qwen.code.runtimebroker.ToolExecutionRecord@49d98dc5
1790837368215	2	dispatch lease of db335ee2-4a6e-4acc-978e-480266890577 lapsed	REJECT	com.alibaba.qwen.code.runtimebroker.ToolExecutionRecord@ec50f54
1790837368271	2	dispatch lease of db335ee2-4a6e-4acc-978e-480266890577 lapsed	REJECT	com.alibaba.qwen.code.runtimebroker.ToolExecutionRecord@30cdae70
1790837368327	2	dispatch lease of db335ee2-4a6e-4acc-978e-480266890577 lapsed	REJECT	com.alibaba.qwen.code.runtimebroker.ToolExecutionRecord@3163987e
1790837368384	2	dispatch lease of db335ee2-4a6e-4acc-978e-480266890577 lapsed	REJECT	com.alibaba.qwen.code.runtimebroker.ToolExecutionRecord@44f9779c
1790837368441	2	dispatch lease of db335ee2-4a6e-4acc-978e-480266890577 lapsed	REJECT	com.alibaba.qwen.code.runtimebroker.ToolExecutionRecord@43d455c9
1790837368496	2	dispatch lease of db335ee2-4a6e-4acc-978e-480266890577 lapsed	REJECT	com.alibaba.qwen.code.runtimebroker.ToolExecutionRecord@40147317
1790837368552	2	dispatch lease of db335ee2-4a6e-4acc-978e-480266890577 lapsed	REJECT	com.alibaba.qwen.code.runtimebroker.ToolExecutionRecord@6f95cd51
1790837368607	2	dispatch lease of db335ee2-4a6e-4acc-978e-480266890577 lapsed	REJECT	com.alibaba.qwen.code.runtimebroker.ToolExecutionRecord@6d868997
1790837368663	2	dispatch lease of db335ee2-4a6e-4acc-978e-480266890577 lapsed	REJECT	com.alibaba.qwen.code.runtimebroker.ToolExecutionRecord@76304b46
1790837368719	2	dispatch lease of db335ee2-4a6e-4acc-978e-480266890577 lapsed	REJECT	com.alibaba.qwen.code.runtimebroker.ToolExecutionRecord@3af37506
1790837368774	2	dispatch lease of db335ee2-4a6e-4acc-978e-480266890577 lapsed	REJECT	com.alibaba.qwen.code.runtimebroker.ToolExecutionRecord@d4602a
1790837368830	2	dispatch lease of db335ee2-4a6e-4acc-978e-480266890577 lapsed	REJECT	com.alibaba.qwen.code.runtimebroker.ToolExecutionRecord@15515c51
1790837368885	2	dispatch lease of db335ee2-4a6e-4acc-978e-480266890577 lapsed	REJECT	com.alibaba.qwen.code.runtimebroker.ToolExecutionRecord@e044b4a
1790837368944	2	dispatch lease of db335ee2-4a6e-4acc-978e-480266890577 lapsed	REJECT	com.alibaba.qwen.code.runtimebroker.ToolExecutionRecord@3ae66c85
1790837369005	2	dispatch lease of db335ee2-4a6e-4acc-978e-480266890577 lapsed	REJECT	com.alibaba.qwen.code.runtimebroker.ToolExecutionRecord@73d6d0c
1790837369061	2	dispatch lease of db335ee2-4a6e-4acc-978e-480266890577 lapsed	REJECT	com.alibaba.qwen.code.runtimebroker.ToolExecutionRecord@5a4ed68f
1790837369117	2	dispatch lease of db335ee2-4a6e-4acc-978e-480266890577 lapsed	REJECT	com.alibaba.qwen.code.runtimebroker.ToolExecutionRecord@3956b302
1790837369173	2	dispatch lease of db335ee2-4a6e-4acc-978e-480266890577 lapsed	REJECT	com.alibaba.qwen.code.runtimebroker.ToolExecutionRecord@edf4f36
1790837369228	2	dispatch lease of db335ee2-4a6e-4acc-978e-480266890577 lapsed	REJECT	com.alibaba.qwen.code.runtimebroker.ToolExecutionRecord@13e9f2e2
1790837369283	2	dispatch lease of db335ee2-4a6e-4acc-978e-480266890577 lapsed	REJECT	com.alibaba.qwen.code.runtimebroker.ToolExecutionRecord@60e949e1
1790837369340	2	dispatch lease of db335ee2-4a6e-4acc-978e-480266890577 lapsed	REJECT	com.alibaba.qwen.code.runtimebroker.ToolExecutionRecord@3569edd5
1790837369395	2	dispatch lease of db335ee2-4a6e-4acc-978e-480266890577 lapsed	REJECT	com.alibaba.qwen.code.runtimebroker.ToolExecutionRecord@7a356a0d
1790837369451	2	dispatch lease of db335ee2-4a6e-4acc-978e-480266890577 lapsed	REJECT	com.alibaba.qwen.code.runtimebroker.ToolExecutionRecord@538cd0f2
1790837369506	2	dispatch lease of db335ee2-4a6e-4acc-978e-480266890577 lapsed	REJECT	com.alibaba.qwen.code.runtimebroker.ToolExecutionRecord@1761de10
1790837369562	2	dispatch lease of db335ee2-4a6e-4acc-978e-480266890577 lapsed	REJECT	com.alibaba.qwen.code.runtimebroker.ToolExecutionRecord@5bdaf2ce
1790837369618	2	dispatch lease of db335ee2-4a6e-4acc-978e-480266890577 lapsed	REJECT	com.alibaba.qwen.code.runtimebroker.ToolExecutionRecord@19f21b6b
1790837369673	2	dispatch lease of db335ee2-4a6e-4acc-978e-480266890577 lapsed	REJECT	com.alibaba.qwen.code.runtimebroker.ToolExecutionRecord@1358b28e
1790837369731	2	dispatch lease of db335ee2-4a6e-4acc-978e-480266890577 lapsed	REJECT	com.alibaba.qwen.code.runtimebroker.ToolExecutionRecord@7de4a01f
1790837369786	2	dispatch lease of db335ee2-4a6e-4acc-978e-480266890577 lapsed	REJECT	com.alibaba.qwen.code.runtimebroker.ToolExecutionRecord@208e9ef6
1790837369842	2	dispatch lease of db335ee2-4a6e-4acc-978e-480266890577 lapsed	REJECT	com.alibaba.qwen.code.runtimebroker.ToolExecutionRecord@34448e6c
1790837369898	2	dispatch lease of db335ee2-4a6e-4acc-978e-480266890577 lapsed	REJECT	com.alibaba.qwen.code.runtimebroker.ToolExecutionRecord@435ce306
1790837369954	2	dispatch lease of db335ee2-4a6e-4acc-978e-480266890577 lapsed	REJECT	com.alibaba.qwen.code.runtimebroker.ToolExecutionRecord@4b61d0c6
1790837370010	2	dispatch lease of db335ee2-4a6e-4acc-978e-480266890577 lapsed	ACCEPT	com.alibaba.qwen.code.runtimebroker.ToolExecutionRecord@304b9f1a
1790837374522	2	cancelled original call	ACCEPT	RESOLVED
1790837385817	2	project/marker = [start]	ACCEPT	[start]
1790837393875	2	dispatch lease of ecfe7fd1-c598-4ff1-b1bf-2d24ffab4f81 lapsed	REJECT	com.alibaba.qwen.code.runtimebroker.ToolExecutionRecord@78f9ed3e
1790837393932	2	dispatch lease of ecfe7fd1-c598-4ff1-b1bf-2d24ffab4f81 lapsed	REJECT	com.alibaba.qwen.code.runtimebroker.ToolExecutionRecord@48e7b3d2
1790837393988	2	dispatch lease of ecfe7fd1-c598-4ff1-b1bf-2d24ffab4f81 lapsed	REJECT	com.alibaba.qwen.code.runtimebroker.ToolExecutionRecord@64040287
1790837394043	2	dispatch lease of ecfe7fd1-c598-4ff1-b1bf-2d24ffab4f81 lapsed	REJECT	com.alibaba.qwen.code.runtimebroker.ToolExecutionRecord@df1cff6
1790837394105	2	dispatch lease of ecfe7fd1-c598-4ff1-b1bf-2d24ffab4f81 lapsed	REJECT	com.alibaba.qwen.code.runtimebroker.ToolExecutionRecord@3a43d133
1790837394160	2	dispatch lease of ecfe7fd1-c598-4ff1-b1bf-2d24ffab4f81 lapsed	REJECT	com.alibaba.qwen.code.runtimebroker.ToolExecutionRecord@c96a4ea
1790837394216	2	dispatch lease of ecfe7fd1-c598-4ff1-b1bf-2d24ffab4f81 lapsed	REJECT	com.alibaba.qwen.code.runtimebroker.ToolExecutionRecord@68105edc
1790837394271	2	dispatch lease of ecfe7fd1-c598-4ff1-b1bf-2d24ffab4f81 lapsed	REJECT	com.alibaba.qwen.code.runtimebroker.ToolExecutionRecord@5339bbad
1790837394327	2	dispatch lease of ecfe7fd1-c598-4ff1-b1bf-2d24ffab4f81 lapsed	REJECT	com.alibaba.qwen.code.runtimebroker.ToolExecutionRecord@5b56b654
1790837394383	2	dispatch lease of ecfe7fd1-c598-4ff1-b1bf-2d24ffab4f81 lapsed	REJECT	com.alibaba.qwen.code.runtimebroker.ToolExecutionRecord@29006752
1790837394438	2	dispatch lease of ecfe7fd1-c598-4ff1-b1bf-2d24ffab4f81 lapsed	REJECT	com.alibaba.qwen.code.runtimebroker.ToolExecutionRecord@27494e46
1790837394494	2	dispatch lease of ecfe7fd1-c598-4ff1-b1bf-2d24ffab4f81 lapsed	REJECT	com.alibaba.qwen.code.runtimebroker.ToolExecutionRecord@53b98ff6
1790837394550	2	dispatch lease of ecfe7fd1-c598-4ff1-b1bf-2d24ffab4f81 lapsed	REJECT	com.alibaba.qwen.code.runtimebroker.ToolExecutionRecord@697446d4
1790837394605	2	dispatch lease of ecfe7fd1-c598-4ff1-b1bf-2d24ffab4f81 lapsed	REJECT	com.alibaba.qwen.code.runtimebroker.ToolExecutionRecord@36453307
1790837394661	2	dispatch lease of ecfe7fd1-c598-4ff1-b1bf-2d24ffab4f81 lapsed	REJECT	com.alibaba.qwen.code.runtimebroker.ToolExecutionRecord@6a9287b1
1790837394717	2	dispatch lease of ecfe7fd1-c598-4ff1-b1bf-2d24ffab4f81 lapsed	REJECT	com.alibaba.qwen.code.runtimebroker.ToolExecutionRecord@56193c7d
1790837394773	2	dispatch lease of ecfe7fd1-c598-4ff1-b1bf-2d24ffab4f81 lapsed	REJECT	com.alibaba.qwen.code.runtimebroker.ToolExecutionRecord@607b2792
1790837394830	2	dispatch lease of ecfe7fd1-c598-4ff1-b1bf-2d24ffab4f81 lapsed	REJECT	com.alibaba.qwen.code.runtimebroker.ToolExecutionRecord@81ff872
1790837394885	2	dispatch lease of ecfe7fd1-c598-4ff1-b1bf-2d24ffab4f81 lapsed	REJECT	com.alibaba.qwen.code.runtimebroker.ToolExecutionRecord@7e31ce0f
1790837394941	2	dispatch lease of ecfe7fd1-c598-4ff1-b1bf-2d24ffab4f81 lapsed	REJECT	com.alibaba.qwen.code.runtimebroker.ToolExecutionRecord@42cc13a0
1790837394996	2	dispatch lease of ecfe7fd1-c598-4ff1-b1bf-2d24ffab4f81 lapsed	REJECT	com.alibaba.qwen.code.runtimebroker.ToolExecutionRecord@1bd81830
1790837395052	2	dispatch lease of ecfe7fd1-c598-4ff1-b1bf-2d24ffab4f81 lapsed	REJECT	com.alibaba.qwen.code.runtimebroker.ToolExecutionRecord@111610e6
1790837395108	2	dispatch lease of ecfe7fd1-c598-4ff1-b1bf-2d24ffab4f81 lapsed	REJECT	com.alibaba.qwen.code.runtimebroker.ToolExecutionRecord@4fcc529
1790837395163	2	dispatch lease of ecfe7fd1-c598-4ff1-b1bf-2d24ffab4f81 lapsed	REJECT	com.alibaba.qwen.code.runtimebroker.ToolExecutionRecord@79b663b3
1790837395220	2	dispatch lease of ecfe7fd1-c598-4ff1-b1bf-2d24ffab4f81 lapsed	REJECT	com.alibaba.qwen.code.runtimebroker.ToolExecutionRecord@7882c44a
1790837395279	2	dispatch lease of ecfe7fd1-c598-4ff1-b1bf-2d24ffab4f81 lapsed	REJECT	com.alibaba.qwen.code.runtimebroker.ToolExecutionRecord@3887cf88
1790837395334	2	dispatch lease of ecfe7fd1-c598-4ff1-b1bf-2d24ffab4f81 lapsed	REJECT	com.alibaba.qwen.code.runtimebroker.ToolExecutionRecord@502f8b57
1790837395390	2	dispatch lease of ecfe7fd1-c598-4ff1-b1bf-2d24ffab4f81 lapsed	REJECT	com.alibaba.qwen.code.runtimebroker.ToolExecutionRecord@55120f99
1790837395446	2	dispatch lease of ecfe7fd1-c598-4ff1-b1bf-2d24ffab4f81 lapsed	REJECT	com.alibaba.qwen.code.runtimebroker.ToolExecutionRecord@779dfe55
1790837395501	2	dispatch lease of ecfe7fd1-c598-4ff1-b1bf-2d24ffab4f81 lapsed	REJECT	com.alibaba.qwen.code.runtimebroker.ToolExecutionRecord@3e521715
1790837395557	2	dispatch lease of ecfe7fd1-c598-4ff1-b1bf-2d24ffab4f81 lapsed	REJECT	com.alibaba.qwen.code.runtimebroker.ToolExecutionRecord@1286528d
1790837395612	2	dispatch lease of ecfe7fd1-c598-4ff1-b1bf-2d24ffab4f81 lapsed	REJECT	com.alibaba.qwen.code.runtimebroker.ToolExecutionRecord@775594f2
1790837395668	2	dispatch lease of ecfe7fd1-c598-4ff1-b1bf-2d24ffab4f81 lapsed	REJECT	com.alibaba.qwen.code.runtimebroker.ToolExecutionRecord@790132f7
1790837395724	2	dispatch lease of ecfe7fd1-c598-4ff1-b1bf-2d24ffab4f81 lapsed	REJECT	com.alibaba.qwen.code.runtimebroker.ToolExecutionRecord@241a0c3a
1790837395779	2	dispatch lease of ecfe7fd1-c598-4ff1-b1bf-2d24ffab4f81 lapsed	REJECT	com.alibaba.qwen.code.runtimebroker.ToolExecutionRecord@7fae4d4a
1790837395834	2	dispatch lease of ecfe7fd1-c598-4ff1-b1bf-2d24ffab4f81 lapsed	REJECT	com.alibaba.qwen.code.runtimebroker.ToolExecutionRecord@46baf579
1790837395905	2	dispatch lease of ecfe7fd1-c598-4ff1-b1bf-2d24ffab4f81 lapsed	REJECT	com.alibaba.qwen.code.runtimebroker.ToolExecutionRecord@ca66933
1790837395961	2	dispatch lease of ecfe7fd1-c598-4ff1-b1bf-2d24ffab4f81 lapsed	REJECT	com.alibaba.qwen.code.runtimebroker.ToolExecutionRecord@602c4656
1790837396016	2	dispatch lease of ecfe7fd1-c598-4ff1-b1bf-2d24ffab4f81 lapsed	REJECT	com.alibaba.qwen.code.runtimebroker.ToolExecutionRecord@3c443976
1790837396072	2	dispatch lease of ecfe7fd1-c598-4ff1-b1bf-2d24ffab4f81 lapsed	REJECT	com.alibaba.qwen.code.runtimebroker.ToolExecutionRecord@63998bf4
1790837396129	2	dispatch lease of ecfe7fd1-c598-4ff1-b1bf-2d24ffab4f81 lapsed	REJECT	com.alibaba.qwen.code.runtimebroker.ToolExecutionRecord@6f63c44f
1790837396185	2	dispatch lease of ecfe7fd1-c598-4ff1-b1bf-2d24ffab4f81 lapsed	REJECT	com.alibaba.qwen.code.runtimebroker.ToolExecutionRecord@2e6ba49a
1790837396240	2	dispatch lease of ecfe7fd1-c598-4ff1-b1bf-2d24ffab4f81 lapsed	REJECT	com.alibaba.qwen.code.runtimebroker.ToolExecutionRecord@6b04acb2
1790837396296	2	dispatch lease of ecfe7fd1-c598-4ff1-b1bf-2d24ffab4f81 lapsed	REJECT	com.alibaba.qwen.code.runtimebroker.ToolExecutionRecord@4a60ee36
1790837396351	2	dispatch lease of ecfe7fd1-c598-4ff1-b1bf-2d24ffab4f81 lapsed	REJECT	com.alibaba.qwen.code.runtimebroker.ToolExecutionRecord@5f212d84
1790837396407	2	dispatch lease of ecfe7fd1-c598-4ff1-b1bf-2d24ffab4f81 lapsed	REJECT	com.alibaba.qwen.code.runtimebroker.ToolExecutionRecord@6622a690
1790837396463	2	dispatch lease of ecfe7fd1-c598-4ff1-b1bf-2d24ffab4f81 lapsed	REJECT	com.alibaba.qwen.code.runtimebroker.ToolExecutionRecord@412c995d
1790837396519	2	dispatch lease of ecfe7fd1-c598-4ff1-b1bf-2d24ffab4f81 lapsed	REJECT	com.alibaba.qwen.code.runtimebroker.ToolExecutionRecord@2f4919b0
1790837396574	2	dispatch lease of ecfe7fd1-c598-4ff1-b1bf-2d24ffab4f81 lapsed	REJECT	com.alibaba.qwen.code.runtimebroker.ToolExecutionRecord@72be135f
1790837396632	2	dispatch lease of ecfe7fd1-c598-4ff1-b1bf-2d24ffab4f81 lapsed	REJECT	com.alibaba.qwen.code.runtimebroker.ToolExecutionRecord@2e647e59
1790837396688	2	dispatch lease of ecfe7fd1-c598-4ff1-b1bf-2d24ffab4f81 lapsed	REJECT	com.alibaba.qwen.code.runtimebroker.ToolExecutionRecord@deb3b60
1790837396744	2	dispatch lease of ecfe7fd1-c598-4ff1-b1bf-2d24ffab4f81 lapsed	REJECT	com.alibaba.qwen.code.runtimebroker.ToolExecutionRecord@73aff8f1
1790837396800	2	dispatch lease of ecfe7fd1-c598-4ff1-b1bf-2d24ffab4f81 lapsed	REJECT	com.alibaba.qwen.code.runtimebroker.ToolExecutionRecord@4c060c8f
1790837396856	2	dispatch lease of ecfe7fd1-c598-4ff1-b1bf-2d24ffab4f81 lapsed	REJECT	com.alibaba.qwen.code.runtimebroker.ToolExecutionRecord@49b07ee3
1790837396912	2	dispatch lease of ecfe7fd1-c598-4ff1-b1bf-2d24ffab4f81 lapsed	REJECT	com.alibaba.qwen.code.runtimebroker.ToolExecutionRecord@2424686b
1790837396967	2	dispatch lease of ecfe7fd1-c598-4ff1-b1bf-2d24ffab4f81 lapsed	REJECT	com.alibaba.qwen.code.runtimebroker.ToolExecutionRecord@4d7e7435
1790837397024	2	dispatch lease of ecfe7fd1-c598-4ff1-b1bf-2d24ffab4f81 lapsed	ACCEPT	com.alibaba.qwen.code.runtimebroker.ToolExecutionRecord@56febdc
1790837401537	2	cancelled original call	ACCEPT	RESOLVED
1790837413108	2	dispatch lease of 68f69afd-92b8-46c4-a459-e3e7af8aab02 lapsed	REJECT	com.alibaba.qwen.code.runtimebroker.ToolExecutionRecord@4248ed58
1790837413164	2	dispatch lease of 68f69afd-92b8-46c4-a459-e3e7af8aab02 lapsed	REJECT	com.alibaba.qwen.code.runtimebroker.ToolExecutionRecord@54534abf
1790837413221	2	dispatch lease of 68f69afd-92b8-46c4-a459-e3e7af8aab02 lapsed	REJECT	com.alibaba.qwen.code.runtimebroker.ToolExecutionRecord@27abb83e
1790837413276	2	dispatch lease of 68f69afd-92b8-46c4-a459-e3e7af8aab02 lapsed	REJECT	com.alibaba.qwen.code.runtimebroker.ToolExecutionRecord@667e34b1
1790837413332	2	dispatch lease of 68f69afd-92b8-46c4-a459-e3e7af8aab02 lapsed	REJECT	com.alibaba.qwen.code.runtimebroker.ToolExecutionRecord@1efdcd5
1790837413388	2	dispatch lease of 68f69afd-92b8-46c4-a459-e3e7af8aab02 lapsed	REJECT	com.alibaba.qwen.code.runtimebroker.ToolExecutionRecord@4351171a
1790837413444	2	dispatch lease of 68f69afd-92b8-46c4-a459-e3e7af8aab02 lapsed	REJECT	com.alibaba.qwen.code.runtimebroker.ToolExecutionRecord@433e536f
1790837413499	2	dispatch lease of 68f69afd-92b8-46c4-a459-e3e7af8aab02 lapsed	REJECT	com.alibaba.qwen.code.runtimebroker.ToolExecutionRecord@381cad29
1790837413554	2	dispatch lease of 68f69afd-92b8-46c4-a459-e3e7af8aab02 lapsed	REJECT	com.alibaba.qwen.code.runtimebroker.ToolExecutionRecord@3c5a54b7
1790837413610	2	dispatch lease of 68f69afd-92b8-46c4-a459-e3e7af8aab02 lapsed	REJECT	com.alibaba.qwen.code.runtimebroker.ToolExecutionRecord@417ad4f3
1790837413666	2	dispatch lease of 68f69afd-92b8-46c4-a459-e3e7af8aab02 lapsed	REJECT	com.alibaba.qwen.code.runtimebroker.ToolExecutionRecord@78c7f9b3
1790837413721	2	dispatch lease of 68f69afd-92b8-46c4-a459-e3e7af8aab02 lapsed	REJECT	com.alibaba.qwen.code.runtimebroker.ToolExecutionRecord@4d6f623d
1790837413777	2	dispatch lease of 68f69afd-92b8-46c4-a459-e3e7af8aab02 lapsed	REJECT	com.alibaba.qwen.code.runtimebroker.ToolExecutionRecord@4cee7fa0
1790837413833	2	dispatch lease of 68f69afd-92b8-46c4-a459-e3e7af8aab02 lapsed	REJECT	com.alibaba.qwen.code.runtimebroker.ToolExecutionRecord@7180e701
1790837413888	2	dispatch lease of 68f69afd-92b8-46c4-a459-e3e7af8aab02 lapsed	REJECT	com.alibaba.qwen.code.runtimebroker.ToolExecutionRecord@5a5c128
1790837413944	2	dispatch lease of 68f69afd-92b8-46c4-a459-e3e7af8aab02 lapsed	REJECT	com.alibaba.qwen.code.runtimebroker.ToolExecutionRecord@5e76a2bb
1790837414000	2	dispatch lease of 68f69afd-92b8-46c4-a459-e3e7af8aab02 lapsed	REJECT	com.alibaba.qwen.code.runtimebroker.ToolExecutionRecord@14faa38c
1790837414055	2	dispatch lease of 68f69afd-92b8-46c4-a459-e3e7af8aab02 lapsed	REJECT	com.alibaba.qwen.code.runtimebroker.ToolExecutionRecord@6e92c6ad
1790837414112	2	dispatch lease of 68f69afd-92b8-46c4-a459-e3e7af8aab02 lapsed	REJECT	com.alibaba.qwen.code.runtimebroker.ToolExecutionRecord@2375b321
1790837414167	2	dispatch lease of 68f69afd-92b8-46c4-a459-e3e7af8aab02 lapsed	REJECT	com.alibaba.qwen.code.runtimebroker.ToolExecutionRecord@41a6d121
1790837414222	2	dispatch lease of 68f69afd-92b8-46c4-a459-e3e7af8aab02 lapsed	REJECT	com.alibaba.qwen.code.runtimebroker.ToolExecutionRecord@6e28bb87
1790837414278	2	dispatch lease of 68f69afd-92b8-46c4-a459-e3e7af8aab02 lapsed	REJECT	com.alibaba.qwen.code.runtimebroker.ToolExecutionRecord@27e32fe4
1790837414334	2	dispatch lease of 68f69afd-92b8-46c4-a459-e3e7af8aab02 lapsed	REJECT	com.alibaba.qwen.code.runtimebroker.ToolExecutionRecord@3d7cc3cb
1790837414390	2	dispatch lease of 68f69afd-92b8-46c4-a459-e3e7af8aab02 lapsed	REJECT	com.alibaba.qwen.code.runtimebroker.ToolExecutionRecord@6b7d1df8
1790837414446	2	dispatch lease of 68f69afd-92b8-46c4-a459-e3e7af8aab02 lapsed	REJECT	com.alibaba.qwen.code.runtimebroker.ToolExecutionRecord@49096b06
1790837414503	2	dispatch lease of 68f69afd-92b8-46c4-a459-e3e7af8aab02 lapsed	REJECT	com.alibaba.qwen.code.runtimebroker.ToolExecutionRecord@213deac2
1790837414558	2	dispatch lease of 68f69afd-92b8-46c4-a459-e3e7af8aab02 lapsed	REJECT	com.alibaba.qwen.code.runtimebroker.ToolExecutionRecord@5a9800f8
1790837414614	2	dispatch lease of 68f69afd-92b8-46c4-a459-e3e7af8aab02 lapsed	REJECT	com.alibaba.qwen.code.runtimebroker.ToolExecutionRecord@4159e81b
1790837414670	2	dispatch lease of 68f69afd-92b8-46c4-a459-e3e7af8aab02 lapsed	REJECT	com.alibaba.qwen.code.runtimebroker.ToolExecutionRecord@70807224
1790837414726	2	dispatch lease of 68f69afd-92b8-46c4-a459-e3e7af8aab02 lapsed	REJECT	com.alibaba.qwen.code.runtimebroker.ToolExecutionRecord@9f6e406
1790837414781	2	dispatch lease of 68f69afd-92b8-46c4-a459-e3e7af8aab02 lapsed	REJECT	com.alibaba.qwen.code.runtimebroker.ToolExecutionRecord@12477988
1790837414837	2	dispatch lease of 68f69afd-92b8-46c4-a459-e3e7af8aab02 lapsed	REJECT	com.alibaba.qwen.code.runtimebroker.ToolExecutionRecord@34237b90
1790837414892	2	dispatch lease of 68f69afd-92b8-46c4-a459-e3e7af8aab02 lapsed	REJECT	com.alibaba.qwen.code.runtimebroker.ToolExecutionRecord@d400943
1790837414947	2	dispatch lease of 68f69afd-92b8-46c4-a459-e3e7af8aab02 lapsed	REJECT	com.alibaba.qwen.code.runtimebroker.ToolExecutionRecord@759d81f3
1790837415003	2	dispatch lease of 68f69afd-92b8-46c4-a459-e3e7af8aab02 lapsed	ACCEPT	com.alibaba.qwen.code.runtimebroker.ToolExecutionRecord@13e698c7
1790837435504	2	dispatch lease of 25244e13-e088-4590-93d2-55b45c57195f lapsed	REJECT	com.alibaba.qwen.code.runtimebroker.ToolExecutionRecord@57bd2029
1790837435561	2	dispatch lease of 25244e13-e088-4590-93d2-55b45c57195f lapsed	REJECT	com.alibaba.qwen.code.runtimebroker.ToolExecutionRecord@6d64b553
1790837435617	2	dispatch lease of 25244e13-e088-4590-93d2-55b45c57195f lapsed	REJECT	com.alibaba.qwen.code.runtimebroker.ToolExecutionRecord@6eafb10e
1790837435673	2	dispatch lease of 25244e13-e088-4590-93d2-55b45c57195f lapsed	REJECT	com.alibaba.qwen.code.runtimebroker.ToolExecutionRecord@2873d672
1790837435728	2	dispatch lease of 25244e13-e088-4590-93d2-55b45c57195f lapsed	REJECT	com.alibaba.qwen.code.runtimebroker.ToolExecutionRecord@4303b7f0
1790837435785	2	dispatch lease of 25244e13-e088-4590-93d2-55b45c57195f lapsed	REJECT	com.alibaba.qwen.code.runtimebroker.ToolExecutionRecord@5c41d037
1790837435841	2	dispatch lease of 25244e13-e088-4590-93d2-55b45c57195f lapsed	REJECT	com.alibaba.qwen.code.runtimebroker.ToolExecutionRecord@4642b71d
1790837435896	2	dispatch lease of 25244e13-e088-4590-93d2-55b45c57195f lapsed	REJECT	com.alibaba.qwen.code.runtimebroker.ToolExecutionRecord@69c6161d
1790837435953	2	dispatch lease of 25244e13-e088-4590-93d2-55b45c57195f lapsed	REJECT	com.alibaba.qwen.code.runtimebroker.ToolExecutionRecord@6719a5b8
1790837436008	2	dispatch lease of 25244e13-e088-4590-93d2-55b45c57195f lapsed	REJECT	com.alibaba.qwen.code.runtimebroker.ToolExecutionRecord@6bff19ff
1790837436064	2	dispatch lease of 25244e13-e088-4590-93d2-55b45c57195f lapsed	REJECT	com.alibaba.qwen.code.runtimebroker.ToolExecutionRecord@5eccd3b9
1790837436120	2	dispatch lease of 25244e13-e088-4590-93d2-55b45c57195f lapsed	REJECT	com.alibaba.qwen.code.runtimebroker.ToolExecutionRecord@64e1dd11
1790837436176	2	dispatch lease of 25244e13-e088-4590-93d2-55b45c57195f lapsed	REJECT	com.alibaba.qwen.code.runtimebroker.ToolExecutionRecord@14bae047
1790837436231	2	dispatch lease of 25244e13-e088-4590-93d2-55b45c57195f lapsed	REJECT	com.alibaba.qwen.code.runtimebroker.ToolExecutionRecord@41477a6d
1790837436288	2	dispatch lease of 25244e13-e088-4590-93d2-55b45c57195f lapsed	REJECT	com.alibaba.qwen.code.runtimebroker.ToolExecutionRecord@534ca02b
1790837436343	2	dispatch lease of 25244e13-e088-4590-93d2-55b45c57195f lapsed	REJECT	com.alibaba.qwen.code.runtimebroker.ToolExecutionRecord@6fe46b62
1790837436399	2	dispatch lease of 25244e13-e088-4590-93d2-55b45c57195f lapsed	REJECT	com.alibaba.qwen.code.runtimebroker.ToolExecutionRecord@7c9b78e3
1790837436455	2	dispatch lease of 25244e13-e088-4590-93d2-55b45c57195f lapsed	REJECT	com.alibaba.qwen.code.runtimebroker.ToolExecutionRecord@5491f68b
1790837436511	2	dispatch lease of 25244e13-e088-4590-93d2-55b45c57195f lapsed	REJECT	com.alibaba.qwen.code.runtimebroker.ToolExecutionRecord@45394b31
1790837436567	2	dispatch lease of 25244e13-e088-4590-93d2-55b45c57195f lapsed	REJECT	com.alibaba.qwen.code.runtimebroker.ToolExecutionRecord@5bb3131b
1790837436622	2	dispatch lease of 25244e13-e088-4590-93d2-55b45c57195f lapsed	REJECT	com.alibaba.qwen.code.runtimebroker.ToolExecutionRecord@2a037324
1790837436679	2	dispatch lease of 25244e13-e088-4590-93d2-55b45c57195f lapsed	REJECT	com.alibaba.qwen.code.runtimebroker.ToolExecutionRecord@5bb8f9e2
1790837436734	2	dispatch lease of 25244e13-e088-4590-93d2-55b45c57195f lapsed	REJECT	com.alibaba.qwen.code.runtimebroker.ToolExecutionRecord@516ebdf8
1790837436790	2	dispatch lease of 25244e13-e088-4590-93d2-55b45c57195f lapsed	REJECT	com.alibaba.qwen.code.runtimebroker.ToolExecutionRecord@272a179c
1790837436847	2	dispatch lease of 25244e13-e088-4590-93d2-55b45c57195f lapsed	REJECT	com.alibaba.qwen.code.runtimebroker.ToolExecutionRecord@bcb09a6
1790837436903	2	dispatch lease of 25244e13-e088-4590-93d2-55b45c57195f lapsed	REJECT	com.alibaba.qwen.code.runtimebroker.ToolExecutionRecord@648ee871
1790837436959	2	dispatch lease of 25244e13-e088-4590-93d2-55b45c57195f lapsed	REJECT	com.alibaba.qwen.code.runtimebroker.ToolExecutionRecord@28cb9120
1790837437016	2	dispatch lease of 25244e13-e088-4590-93d2-55b45c57195f lapsed	REJECT	com.alibaba.qwen.code.runtimebroker.ToolExecutionRecord@5173200b
1790837437071	2	dispatch lease of 25244e13-e088-4590-93d2-55b45c57195f lapsed	REJECT	com.alibaba.qwen.code.runtimebroker.ToolExecutionRecord@2189e7a7
1790837437127	2	dispatch lease of 25244e13-e088-4590-93d2-55b45c57195f lapsed	REJECT	com.alibaba.qwen.code.runtimebroker.ToolExecutionRecord@a10c1b5
1790837437184	2	dispatch lease of 25244e13-e088-4590-93d2-55b45c57195f lapsed	REJECT	com.alibaba.qwen.code.runtimebroker.ToolExecutionRecord@70325d20
1790837437240	2	dispatch lease of 25244e13-e088-4590-93d2-55b45c57195f lapsed	REJECT	com.alibaba.qwen.code.runtimebroker.ToolExecutionRecord@5f462e3b
1790837437296	2	dispatch lease of 25244e13-e088-4590-93d2-55b45c57195f lapsed	REJECT	com.alibaba.qwen.code.runtimebroker.ToolExecutionRecord@3605c4d3
1790837437352	2	dispatch lease of 25244e13-e088-4590-93d2-55b45c57195f lapsed	REJECT	com.alibaba.qwen.code.runtimebroker.ToolExecutionRecord@726a6b94
1790837437409	2	dispatch lease of 25244e13-e088-4590-93d2-55b45c57195f lapsed	REJECT	com.alibaba.qwen.code.runtimebroker.ToolExecutionRecord@3ff57625
1790837437465	2	dispatch lease of 25244e13-e088-4590-93d2-55b45c57195f lapsed	REJECT	com.alibaba.qwen.code.runtimebroker.ToolExecutionRecord@77128dab
1790837437520	2	dispatch lease of 25244e13-e088-4590-93d2-55b45c57195f lapsed	REJECT	com.alibaba.qwen.code.runtimebroker.ToolExecutionRecord@c9d82f9
1790837437577	2	dispatch lease of 25244e13-e088-4590-93d2-55b45c57195f lapsed	REJECT	com.alibaba.qwen.code.runtimebroker.ToolExecutionRecord@d02f8d
1790837437632	2	dispatch lease of 25244e13-e088-4590-93d2-55b45c57195f lapsed	REJECT	com.alibaba.qwen.code.runtimebroker.ToolExecutionRecord@732bb66d
1790837437688	2	dispatch lease of 25244e13-e088-4590-93d2-55b45c57195f lapsed	REJECT	com.alibaba.qwen.code.runtimebroker.ToolExecutionRecord@6ad5923a
1790837437745	2	dispatch lease of 25244e13-e088-4590-93d2-55b45c57195f lapsed	REJECT	com.alibaba.qwen.code.runtimebroker.ToolExecutionRecord@5395ea39
1790837437800	2	dispatch lease of 25244e13-e088-4590-93d2-55b45c57195f lapsed	REJECT	com.alibaba.qwen.code.runtimebroker.ToolExecutionRecord@13d186db
1790837437855	2	dispatch lease of 25244e13-e088-4590-93d2-55b45c57195f lapsed	REJECT	com.alibaba.qwen.code.runtimebroker.ToolExecutionRecord@a0a9fa5
1790837437911	2	dispatch lease of 25244e13-e088-4590-93d2-55b45c57195f lapsed	REJECT	com.alibaba.qwen.code.runtimebroker.ToolExecutionRecord@599f571f
1790837437967	2	dispatch lease of 25244e13-e088-4590-93d2-55b45c57195f lapsed	REJECT	com.alibaba.qwen.code.runtimebroker.ToolExecutionRecord@6569dded
1790837438022	2	dispatch lease of 25244e13-e088-4590-93d2-55b45c57195f lapsed	ACCEPT	com.alibaba.qwen.code.runtimebroker.ToolExecutionRecord@2d7e1102
1790837460158	3	escaped writer pid	ACCEPT	true
1790837460167	3	escaped writer output	ACCEPT	true
1790837467738	3	original worker loss after recovery fencing	ACCEPT	Reply[ok=false, value=null, status=503, code=runtime_broker_runtime_lost, retryable=true, message=Runtime is lost; recovery requires complete evidence and cleanup]
1790837467797	3	escaped writer continues after loss; the physical pin must remain	REJECT	154
1790837467847	3	escaped writer continues after loss; the physical pin must remain	ACCEPT	155
1790837477838	3	escaped writer pid	ACCEPT	true
1790837477843	3	escaped writer output	ACCEPT	true
1790837485393	3	original worker loss after recovery fencing	ACCEPT	Reply[ok=false, value=null, status=503, code=runtime_broker_runtime_lost, retryable=true, message=Runtime is lost; recovery requires complete evidence and cleanup]
1790837485409	3	escaped writer continues after loss; the physical pin must remain	REJECT	153
1790837485459	3	escaped writer continues after loss; the physical pin must remain	ACCEPT	154
1790837495529	3	marker = [start]	ACCEPT	[start]
1790837495563	3	UNKNOWN execution	REJECT	com.alibaba.qwen.code.runtimebroker.ToolExecutionRecord@94f6bfb
1790837495615	3	UNKNOWN execution	REJECT	com.alibaba.qwen.code.runtimebroker.ToolExecutionRecord@2484f433
1790837495667	3	UNKNOWN execution	REJECT	com.alibaba.qwen.code.runtimebroker.ToolExecutionRecord@464649c
1790837495719	3	UNKNOWN execution	REJECT	com.alibaba.qwen.code.runtimebroker.ToolExecutionRecord@5f59185e
1790837495771	3	UNKNOWN execution	REJECT	com.alibaba.qwen.code.runtimebroker.ToolExecutionRecord@47da3952
1790837495823	3	UNKNOWN execution	REJECT	com.alibaba.qwen.code.runtimebroker.ToolExecutionRecord@46e8a539
1790837495875	3	UNKNOWN execution	REJECT	com.alibaba.qwen.code.runtimebroker.ToolExecutionRecord@5fd62371
1790837495927	3	UNKNOWN execution	REJECT	com.alibaba.qwen.code.runtimebroker.ToolExecutionRecord@2b62442c
1790837495979	3	UNKNOWN execution	REJECT	com.alibaba.qwen.code.runtimebroker.ToolExecutionRecord@841e575
1790837496031	3	UNKNOWN execution	REJECT	com.alibaba.qwen.code.runtimebroker.ToolExecutionRecord@1e5f4170
1790837496083	3	UNKNOWN execution	ACCEPT	com.alibaba.qwen.code.runtimebroker.ToolExecutionRecord@6b5966e1
1790837517410	3	marker = [start]	ACCEPT	[start]
1790837524652	3	original Runtime loss after recovery fencing	ACCEPT	Reply[ok=false, value=null, status=503, code=runtime_broker_runtime_lost, retryable=true, message=Runtime is lost; recovery requires complete evidence and cleanup]
1790837544365	3	dispatch lease of 070b4d54-5319-4a9c-9c64-33f114f13abe lapsed	REJECT	com.alibaba.qwen.code.runtimebroker.ToolExecutionRecord@5df417a7
1790837544423	3	dispatch lease of 070b4d54-5319-4a9c-9c64-33f114f13abe lapsed	REJECT	com.alibaba.qwen.code.runtimebroker.ToolExecutionRecord@61078690
1790837544481	3	dispatch lease of 070b4d54-5319-4a9c-9c64-33f114f13abe lapsed	REJECT	com.alibaba.qwen.code.runtimebroker.ToolExecutionRecord@71c5b236
1790837544539	3	dispatch lease of 070b4d54-5319-4a9c-9c64-33f114f13abe lapsed	REJECT	com.alibaba.qwen.code.runtimebroker.ToolExecutionRecord@669513d8
1790837544596	3	dispatch lease of 070b4d54-5319-4a9c-9c64-33f114f13abe lapsed	REJECT	com.alibaba.qwen.code.runtimebroker.ToolExecutionRecord@361c294e
1790837544653	3	dispatch lease of 070b4d54-5319-4a9c-9c64-33f114f13abe lapsed	REJECT	com.alibaba.qwen.code.runtimebroker.ToolExecutionRecord@314b8f2d
1790837544710	3	dispatch lease of 070b4d54-5319-4a9c-9c64-33f114f13abe lapsed	REJECT	com.alibaba.qwen.code.runtimebroker.ToolExecutionRecord@15a902e7
1790837544768	3	dispatch lease of 070b4d54-5319-4a9c-9c64-33f114f13abe lapsed	REJECT	com.alibaba.qwen.code.runtimebroker.ToolExecutionRecord@5af28b27
1790837544826	3	dispatch lease of 070b4d54-5319-4a9c-9c64-33f114f13abe lapsed	REJECT	com.alibaba.qwen.code.runtimebroker.ToolExecutionRecord@72f46e16
1790837544882	3	dispatch lease of 070b4d54-5319-4a9c-9c64-33f114f13abe lapsed	REJECT	com.alibaba.qwen.code.runtimebroker.ToolExecutionRecord@549621f3
1790837544939	3	dispatch lease of 070b4d54-5319-4a9c-9c64-33f114f13abe lapsed	REJECT	com.alibaba.qwen.code.runtimebroker.ToolExecutionRecord@5217f3d0
1790837544996	3	dispatch lease of 070b4d54-5319-4a9c-9c64-33f114f13abe lapsed	REJECT	com.alibaba.qwen.code.runtimebroker.ToolExecutionRecord@2416a51
1790837545052	3	dispatch lease of 070b4d54-5319-4a9c-9c64-33f114f13abe lapsed	REJECT	com.alibaba.qwen.code.runtimebroker.ToolExecutionRecord@72e34f77
1790837545110	3	dispatch lease of 070b4d54-5319-4a9c-9c64-33f114f13abe lapsed	REJECT	com.alibaba.qwen.code.runtimebroker.ToolExecutionRecord@77307458
1790837545167	3	dispatch lease of 070b4d54-5319-4a9c-9c64-33f114f13abe lapsed	REJECT	com.alibaba.qwen.code.runtimebroker.ToolExecutionRecord@47874b25
1790837545224	3	dispatch lease of 070b4d54-5319-4a9c-9c64-33f114f13abe lapsed	REJECT	com.alibaba.qwen.code.runtimebroker.ToolExecutionRecord@5db4c359
1790837545281	3	dispatch lease of 070b4d54-5319-4a9c-9c64-33f114f13abe lapsed	REJECT	com.alibaba.qwen.code.runtimebroker.ToolExecutionRecord@f9b7332
1790837545338	3	dispatch lease of 070b4d54-5319-4a9c-9c64-33f114f13abe lapsed	REJECT	com.alibaba.qwen.code.runtimebroker.ToolExecutionRecord@4f8969b0
1790837545397	3	dispatch lease of 070b4d54-5319-4a9c-9c64-33f114f13abe lapsed	REJECT	com.alibaba.qwen.code.runtimebroker.ToolExecutionRecord@8a589a2
1790837545454	3	dispatch lease of 070b4d54-5319-4a9c-9c64-33f114f13abe lapsed	REJECT	com.alibaba.qwen.code.runtimebroker.ToolExecutionRecord@b672aa8
1790837545512	3	dispatch lease of 070b4d54-5319-4a9c-9c64-33f114f13abe lapsed	REJECT	com.alibaba.qwen.code.runtimebroker.ToolExecutionRecord@6e46d9f4
1790837545568	3	dispatch lease of 070b4d54-5319-4a9c-9c64-33f114f13abe lapsed	REJECT	com.alibaba.qwen.code.runtimebroker.ToolExecutionRecord@21c64522
1790837545625	3	dispatch lease of 070b4d54-5319-4a9c-9c64-33f114f13abe lapsed	REJECT	com.alibaba.qwen.code.runtimebroker.ToolExecutionRecord@460f76a6
1790837545682	3	dispatch lease of 070b4d54-5319-4a9c-9c64-33f114f13abe lapsed	REJECT	com.alibaba.qwen.code.runtimebroker.ToolExecutionRecord@770d4269
1790837545739	3	dispatch lease of 070b4d54-5319-4a9c-9c64-33f114f13abe lapsed	REJECT	com.alibaba.qwen.code.runtimebroker.ToolExecutionRecord@76a82f33
1790837545796	3	dispatch lease of 070b4d54-5319-4a9c-9c64-33f114f13abe lapsed	REJECT	com.alibaba.qwen.code.runtimebroker.ToolExecutionRecord@644c78d4
1790837545869	3	dispatch lease of 070b4d54-5319-4a9c-9c64-33f114f13abe lapsed	REJECT	com.alibaba.qwen.code.runtimebroker.ToolExecutionRecord@7bb3a9fe
1790837545928	3	dispatch lease of 070b4d54-5319-4a9c-9c64-33f114f13abe lapsed	REJECT	com.alibaba.qwen.code.runtimebroker.ToolExecutionRecord@62923ee6
1790837545986	3	dispatch lease of 070b4d54-5319-4a9c-9c64-33f114f13abe lapsed	REJECT	com.alibaba.qwen.code.runtimebroker.ToolExecutionRecord@7807ac2c
1790837546046	3	dispatch lease of 070b4d54-5319-4a9c-9c64-33f114f13abe lapsed	REJECT	com.alibaba.qwen.code.runtimebroker.ToolExecutionRecord@a77614d
1790837546105	3	dispatch lease of 070b4d54-5319-4a9c-9c64-33f114f13abe lapsed	REJECT	com.alibaba.qwen.code.runtimebroker.ToolExecutionRecord@a1217f9
1790837546162	3	dispatch lease of 070b4d54-5319-4a9c-9c64-33f114f13abe lapsed	REJECT	com.alibaba.qwen.code.runtimebroker.ToolExecutionRecord@2baa8d82
1790837546219	3	dispatch lease of 070b4d54-5319-4a9c-9c64-33f114f13abe lapsed	REJECT	com.alibaba.qwen.code.runtimebroker.ToolExecutionRecord@a7e2d9d
1790837546276	3	dispatch lease of 070b4d54-5319-4a9c-9c64-33f114f13abe lapsed	REJECT	com.alibaba.qwen.code.runtimebroker.ToolExecutionRecord@372ea2bc
1790837546335	3	dispatch lease of 070b4d54-5319-4a9c-9c64-33f114f13abe lapsed	REJECT	com.alibaba.qwen.code.runtimebroker.ToolExecutionRecord@3f19b8b3
1790837546391	3	dispatch lease of 070b4d54-5319-4a9c-9c64-33f114f13abe lapsed	REJECT	com.alibaba.qwen.code.runtimebroker.ToolExecutionRecord@cdc3aae
1790837546448	3	dispatch lease of 070b4d54-5319-4a9c-9c64-33f114f13abe lapsed	REJECT	com.alibaba.qwen.code.runtimebroker.ToolExecutionRecord@4c36250e
1790837546505	3	dispatch lease of 070b4d54-5319-4a9c-9c64-33f114f13abe lapsed	REJECT	com.alibaba.qwen.code.runtimebroker.ToolExecutionRecord@299266e2
1790837546562	3	dispatch lease of 070b4d54-5319-4a9c-9c64-33f114f13abe lapsed	REJECT	com.alibaba.qwen.code.runtimebroker.ToolExecutionRecord@1601e47
1790837546620	3	dispatch lease of 070b4d54-5319-4a9c-9c64-33f114f13abe lapsed	REJECT	com.alibaba.qwen.code.runtimebroker.ToolExecutionRecord@50687efb
1790837546677	3	dispatch lease of 070b4d54-5319-4a9c-9c64-33f114f13abe lapsed	REJECT	com.alibaba.qwen.code.runtimebroker.ToolExecutionRecord@4a9cc6cb
1790837546734	3	dispatch lease of 070b4d54-5319-4a9c-9c64-33f114f13abe lapsed	REJECT	com.alibaba.qwen.code.runtimebroker.ToolExecutionRecord@35d6ca49
1790837546791	3	dispatch lease of 070b4d54-5319-4a9c-9c64-33f114f13abe lapsed	REJECT	com.alibaba.qwen.code.runtimebroker.ToolExecutionRecord@12cd9150
1790837546847	3	dispatch lease of 070b4d54-5319-4a9c-9c64-33f114f13abe lapsed	REJECT	com.alibaba.qwen.code.runtimebroker.ToolExecutionRecord@cf65451
1790837546904	3	dispatch lease of 070b4d54-5319-4a9c-9c64-33f114f13abe lapsed	REJECT	com.alibaba.qwen.code.runtimebroker.ToolExecutionRecord@32fe9d0a
1790837546961	3	dispatch lease of 070b4d54-5319-4a9c-9c64-33f114f13abe lapsed	REJECT	com.alibaba.qwen.code.runtimebroker.ToolExecutionRecord@46074492
1790837547017	3	dispatch lease of 070b4d54-5319-4a9c-9c64-33f114f13abe lapsed	ACCEPT	com.alibaba.qwen.code.runtimebroker.ToolExecutionRecord@47428937
1790837567464	3	marker = [start]	ACCEPT	[start]
1790837567798	3	dispatch lease of 568e47fd-87fd-4f19-b74d-692945a9de0c lapsed	REJECT	com.alibaba.qwen.code.runtimebroker.ToolExecutionRecord@759fad4
1790837567856	3	dispatch lease of 568e47fd-87fd-4f19-b74d-692945a9de0c lapsed	REJECT	com.alibaba.qwen.code.runtimebroker.ToolExecutionRecord@30ed9c6c
1790837567914	3	dispatch lease of 568e47fd-87fd-4f19-b74d-692945a9de0c lapsed	REJECT	com.alibaba.qwen.code.runtimebroker.ToolExecutionRecord@59fc684e
1790837567973	3	dispatch lease of 568e47fd-87fd-4f19-b74d-692945a9de0c lapsed	REJECT	com.alibaba.qwen.code.runtimebroker.ToolExecutionRecord@5ae76500
1790837568030	3	dispatch lease of 568e47fd-87fd-4f19-b74d-692945a9de0c lapsed	REJECT	com.alibaba.qwen.code.runtimebroker.ToolExecutionRecord@355e34c7
1790837568088	3	dispatch lease of 568e47fd-87fd-4f19-b74d-692945a9de0c lapsed	REJECT	com.alibaba.qwen.code.runtimebroker.ToolExecutionRecord@24f360b2
1790837568147	3	dispatch lease of 568e47fd-87fd-4f19-b74d-692945a9de0c lapsed	REJECT	com.alibaba.qwen.code.runtimebroker.ToolExecutionRecord@770d0ea6
1790837568205	3	dispatch lease of 568e47fd-87fd-4f19-b74d-692945a9de0c lapsed	REJECT	com.alibaba.qwen.code.runtimebroker.ToolExecutionRecord@1b11ef33
1790837568261	3	dispatch lease of 568e47fd-87fd-4f19-b74d-692945a9de0c lapsed	REJECT	com.alibaba.qwen.code.runtimebroker.ToolExecutionRecord@3bd7f8dc
1790837568319	3	dispatch lease of 568e47fd-87fd-4f19-b74d-692945a9de0c lapsed	REJECT	com.alibaba.qwen.code.runtimebroker.ToolExecutionRecord@21ec5d87
1790837568378	3	dispatch lease of 568e47fd-87fd-4f19-b74d-692945a9de0c lapsed	REJECT	com.alibaba.qwen.code.runtimebroker.ToolExecutionRecord@1a69561c
1790837568437	3	dispatch lease of 568e47fd-87fd-4f19-b74d-692945a9de0c lapsed	REJECT	com.alibaba.qwen.code.runtimebroker.ToolExecutionRecord@4b21844c
1790837568494	3	dispatch lease of 568e47fd-87fd-4f19-b74d-692945a9de0c lapsed	REJECT	com.alibaba.qwen.code.runtimebroker.ToolExecutionRecord@5e77f0f4
1790837568552	3	dispatch lease of 568e47fd-87fd-4f19-b74d-692945a9de0c lapsed	REJECT	com.alibaba.qwen.code.runtimebroker.ToolExecutionRecord@29876704
1790837568610	3	dispatch lease of 568e47fd-87fd-4f19-b74d-692945a9de0c lapsed	REJECT	com.alibaba.qwen.code.runtimebroker.ToolExecutionRecord@16423501
1790837568668	3	dispatch lease of 568e47fd-87fd-4f19-b74d-692945a9de0c lapsed	REJECT	com.alibaba.qwen.code.runtimebroker.ToolExecutionRecord@379ab47b
1790837568725	3	dispatch lease of 568e47fd-87fd-4f19-b74d-692945a9de0c lapsed	REJECT	com.alibaba.qwen.code.runtimebroker.ToolExecutionRecord@2c95ac9e
1790837568784	3	dispatch lease of 568e47fd-87fd-4f19-b74d-692945a9de0c lapsed	REJECT	com.alibaba.qwen.code.runtimebroker.ToolExecutionRecord@7cc586a8
1790837568842	3	dispatch lease of 568e47fd-87fd-4f19-b74d-692945a9de0c lapsed	REJECT	com.alibaba.qwen.code.runtimebroker.ToolExecutionRecord@7a56812e
1790837568899	3	dispatch lease of 568e47fd-87fd-4f19-b74d-692945a9de0c lapsed	REJECT	com.alibaba.qwen.code.runtimebroker.ToolExecutionRecord@2f4854d6
1790837568957	3	dispatch lease of 568e47fd-87fd-4f19-b74d-692945a9de0c lapsed	REJECT	com.alibaba.qwen.code.runtimebroker.ToolExecutionRecord@e6516e
1790837569015	3	dispatch lease of 568e47fd-87fd-4f19-b74d-692945a9de0c lapsed	REJECT	com.alibaba.qwen.code.runtimebroker.ToolExecutionRecord@388ffbc2
1790837569073	3	dispatch lease of 568e47fd-87fd-4f19-b74d-692945a9de0c lapsed	REJECT	com.alibaba.qwen.code.runtimebroker.ToolExecutionRecord@6691490c
1790837569131	3	dispatch lease of 568e47fd-87fd-4f19-b74d-692945a9de0c lapsed	REJECT	com.alibaba.qwen.code.runtimebroker.ToolExecutionRecord@21d5c1a0
1790837569189	3	dispatch lease of 568e47fd-87fd-4f19-b74d-692945a9de0c lapsed	REJECT	com.alibaba.qwen.code.runtimebroker.ToolExecutionRecord@1eef9aef
1790837569246	3	dispatch lease of 568e47fd-87fd-4f19-b74d-692945a9de0c lapsed	REJECT	com.alibaba.qwen.code.runtimebroker.ToolExecutionRecord@3ec11999
1790837569303	3	dispatch lease of 568e47fd-87fd-4f19-b74d-692945a9de0c lapsed	REJECT	com.alibaba.qwen.code.runtimebroker.ToolExecutionRecord@18cc679e
1790837569362	3	dispatch lease of 568e47fd-87fd-4f19-b74d-692945a9de0c lapsed	REJECT	com.alibaba.qwen.code.runtimebroker.ToolExecutionRecord@67ef029
1790837569419	3	dispatch lease of 568e47fd-87fd-4f19-b74d-692945a9de0c lapsed	REJECT	com.alibaba.qwen.code.runtimebroker.ToolExecutionRecord@2755d705
1790837569476	3	dispatch lease of 568e47fd-87fd-4f19-b74d-692945a9de0c lapsed	REJECT	com.alibaba.qwen.code.runtimebroker.ToolExecutionRecord@560cbf1a
1790837569533	3	dispatch lease of 568e47fd-87fd-4f19-b74d-692945a9de0c lapsed	REJECT	com.alibaba.qwen.code.runtimebroker.ToolExecutionRecord@578524c3
1790837569590	3	dispatch lease of 568e47fd-87fd-4f19-b74d-692945a9de0c lapsed	REJECT	com.alibaba.qwen.code.runtimebroker.ToolExecutionRecord@7a11c4c7
1790837569648	3	dispatch lease of 568e47fd-87fd-4f19-b74d-692945a9de0c lapsed	REJECT	com.alibaba.qwen.code.runtimebroker.ToolExecutionRecord@4152d38d
1790837569704	3	dispatch lease of 568e47fd-87fd-4f19-b74d-692945a9de0c lapsed	REJECT	com.alibaba.qwen.code.runtimebroker.ToolExecutionRecord@b5cc23a
1790837569760	3	dispatch lease of 568e47fd-87fd-4f19-b74d-692945a9de0c lapsed	REJECT	com.alibaba.qwen.code.runtimebroker.ToolExecutionRecord@758f4f03
1790837569816	3	dispatch lease of 568e47fd-87fd-4f19-b74d-692945a9de0c lapsed	REJECT	com.alibaba.qwen.code.runtimebroker.ToolExecutionRecord@660e9100
1790837569872	3	dispatch lease of 568e47fd-87fd-4f19-b74d-692945a9de0c lapsed	REJECT	com.alibaba.qwen.code.runtimebroker.ToolExecutionRecord@27e0f2f5
1790837569930	3	dispatch lease of 568e47fd-87fd-4f19-b74d-692945a9de0c lapsed	REJECT	com.alibaba.qwen.code.runtimebroker.ToolExecutionRecord@db44aa2
1790837569986	3	dispatch lease of 568e47fd-87fd-4f19-b74d-692945a9de0c lapsed	REJECT	com.alibaba.qwen.code.runtimebroker.ToolExecutionRecord@61a002b1
1790837570042	3	dispatch lease of 568e47fd-87fd-4f19-b74d-692945a9de0c lapsed	ACCEPT	com.alibaba.qwen.code.runtimebroker.ToolExecutionRecord@e24ddd0
1790837578268	3	reconciliation from evidence	ACCEPT	ALREADY_SETTLED
1790837591247	3	dispatch lease of 695a9ad5-1a69-4aac-ac34-1bece096acdb lapsed	REJECT	com.alibaba.qwen.code.runtimebroker.ToolExecutionRecord@26f3d90c
1790837591304	3	dispatch lease of 695a9ad5-1a69-4aac-ac34-1bece096acdb lapsed	REJECT	com.alibaba.qwen.code.runtimebroker.ToolExecutionRecord@74518890
1790837591363	3	dispatch lease of 695a9ad5-1a69-4aac-ac34-1bece096acdb lapsed	REJECT	com.alibaba.qwen.code.runtimebroker.ToolExecutionRecord@14c053c6
1790837591419	3	dispatch lease of 695a9ad5-1a69-4aac-ac34-1bece096acdb lapsed	REJECT	com.alibaba.qwen.code.runtimebroker.ToolExecutionRecord@6134ac4a
1790837591476	3	dispatch lease of 695a9ad5-1a69-4aac-ac34-1bece096acdb lapsed	REJECT	com.alibaba.qwen.code.runtimebroker.ToolExecutionRecord@73e132e0
1790837591532	3	dispatch lease of 695a9ad5-1a69-4aac-ac34-1bece096acdb lapsed	REJECT	com.alibaba.qwen.code.runtimebroker.ToolExecutionRecord@589b028e
1790837591588	3	dispatch lease of 695a9ad5-1a69-4aac-ac34-1bece096acdb lapsed	REJECT	com.alibaba.qwen.code.runtimebroker.ToolExecutionRecord@3b809711
1790837591646	3	dispatch lease of 695a9ad5-1a69-4aac-ac34-1bece096acdb lapsed	REJECT	com.alibaba.qwen.code.runtimebroker.ToolExecutionRecord@5c84624f
1790837591702	3	dispatch lease of 695a9ad5-1a69-4aac-ac34-1bece096acdb lapsed	REJECT	com.alibaba.qwen.code.runtimebroker.ToolExecutionRecord@55a8dc49
1790837591758	3	dispatch lease of 695a9ad5-1a69-4aac-ac34-1bece096acdb lapsed	REJECT	com.alibaba.qwen.code.runtimebroker.ToolExecutionRecord@71ea1fda
1790837591814	3	dispatch lease of 695a9ad5-1a69-4aac-ac34-1bece096acdb lapsed	REJECT	com.alibaba.qwen.code.runtimebroker.ToolExecutionRecord@7e11ab3d
1790837591869	3	dispatch lease of 695a9ad5-1a69-4aac-ac34-1bece096acdb lapsed	REJECT	com.alibaba.qwen.code.runtimebroker.ToolExecutionRecord@5b43e173
1790837591927	3	dispatch lease of 695a9ad5-1a69-4aac-ac34-1bece096acdb lapsed	REJECT	com.alibaba.qwen.code.runtimebroker.ToolExecutionRecord@66f66866
1790837591983	3	dispatch lease of 695a9ad5-1a69-4aac-ac34-1bece096acdb lapsed	REJECT	com.alibaba.qwen.code.runtimebroker.ToolExecutionRecord@6594402a
1790837592038	3	dispatch lease of 695a9ad5-1a69-4aac-ac34-1bece096acdb lapsed	REJECT	com.alibaba.qwen.code.runtimebroker.ToolExecutionRecord@3e1162e7
1790837592094	3	dispatch lease of 695a9ad5-1a69-4aac-ac34-1bece096acdb lapsed	REJECT	com.alibaba.qwen.code.runtimebroker.ToolExecutionRecord@350b3a17
1790837592150	3	dispatch lease of 695a9ad5-1a69-4aac-ac34-1bece096acdb lapsed	REJECT	com.alibaba.qwen.code.runtimebroker.ToolExecutionRecord@721eb7df
1790837592206	3	dispatch lease of 695a9ad5-1a69-4aac-ac34-1bece096acdb lapsed	REJECT	com.alibaba.qwen.code.runtimebroker.ToolExecutionRecord@5298dead
1790837592262	3	dispatch lease of 695a9ad5-1a69-4aac-ac34-1bece096acdb lapsed	REJECT	com.alibaba.qwen.code.runtimebroker.ToolExecutionRecord@4e406694
1790837592318	3	dispatch lease of 695a9ad5-1a69-4aac-ac34-1bece096acdb lapsed	REJECT	com.alibaba.qwen.code.runtimebroker.ToolExecutionRecord@4f8caaf3
1790837592374	3	dispatch lease of 695a9ad5-1a69-4aac-ac34-1bece096acdb lapsed	REJECT	com.alibaba.qwen.code.runtimebroker.ToolExecutionRecord@6bb7cce7
1790837592430	3	dispatch lease of 695a9ad5-1a69-4aac-ac34-1bece096acdb lapsed	REJECT	com.alibaba.qwen.code.runtimebroker.ToolExecutionRecord@328572f0
1790837592486	3	dispatch lease of 695a9ad5-1a69-4aac-ac34-1bece096acdb lapsed	REJECT	com.alibaba.qwen.code.runtimebroker.ToolExecutionRecord@64a1923a
1790837592543	3	dispatch lease of 695a9ad5-1a69-4aac-ac34-1bece096acdb lapsed	REJECT	com.alibaba.qwen.code.runtimebroker.ToolExecutionRecord@2c0f7678
1790837592599	3	dispatch lease of 695a9ad5-1a69-4aac-ac34-1bece096acdb lapsed	REJECT	com.alibaba.qwen.code.runtimebroker.ToolExecutionRecord@23c650a3
1790837592656	3	dispatch lease of 695a9ad5-1a69-4aac-ac34-1bece096acdb lapsed	REJECT	com.alibaba.qwen.code.runtimebroker.ToolExecutionRecord@50b1f030
1790837592712	3	dispatch lease of 695a9ad5-1a69-4aac-ac34-1bece096acdb lapsed	REJECT	com.alibaba.qwen.code.runtimebroker.ToolExecutionRecord@3e681bc
1790837592769	3	dispatch lease of 695a9ad5-1a69-4aac-ac34-1bece096acdb lapsed	REJECT	com.alibaba.qwen.code.runtimebroker.ToolExecutionRecord@5f574cc2
1790837592825	3	dispatch lease of 695a9ad5-1a69-4aac-ac34-1bece096acdb lapsed	REJECT	com.alibaba.qwen.code.runtimebroker.ToolExecutionRecord@2d83c5a5
1790837592881	3	dispatch lease of 695a9ad5-1a69-4aac-ac34-1bece096acdb lapsed	REJECT	com.alibaba.qwen.code.runtimebroker.ToolExecutionRecord@60222fd8
1790837592936	3	dispatch lease of 695a9ad5-1a69-4aac-ac34-1bece096acdb lapsed	REJECT	com.alibaba.qwen.code.runtimebroker.ToolExecutionRecord@710b30ef
1790837592992	3	dispatch lease of 695a9ad5-1a69-4aac-ac34-1bece096acdb lapsed	REJECT	com.alibaba.qwen.code.runtimebroker.ToolExecutionRecord@7cf7aee
1790837593049	3	dispatch lease of 695a9ad5-1a69-4aac-ac34-1bece096acdb lapsed	ACCEPT	com.alibaba.qwen.code.runtimebroker.ToolExecutionRecord@18151a14
1790837601278	3	reconciliation from evidence	ACCEPT	ALREADY_SETTLED
1790837611010	3	marker = [start]	ACCEPT	[start]
1790837620766	3	marker = [start, end]	ACCEPT	[start, end]
1790837627876	3	startup adoption	ACCEPT	Reply[ok=true, value={"bindingId":"da1fdc21-1b3a-4c6a-af4f-b96189f71180","generation":1,"state":"READY"}, status=0, code=null, retryable=false, message=null]
1790837636590	3	startup adoption	REJECT	Reply[ok=false, value=null, status=503, code=runtime_provisioning_in_progress, retryable=true, message=another Broker owns Runtime provisioning]
1790837639223	3	startup adoption	ACCEPT	Reply[ok=true, value={"bindingId":"35843a53-3c10-4988-bed0-fbaa5c6ec461","generation":1,"state":"READY"}, status=0, code=null, retryable=false, message=null]
1790837652694	3	marker = [start]	ACCEPT	[start]
1790837659923	3	original worker loss after recovery fencing	ACCEPT	Reply[ok=false, value=null, status=503, code=runtime_broker_runtime_lost, retryable=true, message=Runtime is lost; recovery requires complete evidence and cleanup]
1790837669769	3	project/marker = [start]	ACCEPT	[start]
1790837677034	3	original worker loss after recovery fencing	ACCEPT	Reply[ok=false, value=null, status=503, code=runtime_broker_runtime_lost, retryable=true, message=Runtime is lost; recovery requires complete evidence and cleanup]
1790837722127	3	marker = [start]	ACCEPT	[start]
1790837730219	3	dispatch lease of fe57a778-7ec8-4021-993d-5b42b8a6c2c3 lapsed	REJECT	com.alibaba.qwen.code.runtimebroker.ToolExecutionRecord@63a5d002
1790837730276	3	dispatch lease of fe57a778-7ec8-4021-993d-5b42b8a6c2c3 lapsed	REJECT	com.alibaba.qwen.code.runtimebroker.ToolExecutionRecord@3af9aa66
1790837730333	3	dispatch lease of fe57a778-7ec8-4021-993d-5b42b8a6c2c3 lapsed	REJECT	com.alibaba.qwen.code.runtimebroker.ToolExecutionRecord@62d0ac62
1790837730389	3	dispatch lease of fe57a778-7ec8-4021-993d-5b42b8a6c2c3 lapsed	REJECT	com.alibaba.qwen.code.runtimebroker.ToolExecutionRecord@3003697
1790837730445	3	dispatch lease of fe57a778-7ec8-4021-993d-5b42b8a6c2c3 lapsed	REJECT	com.alibaba.qwen.code.runtimebroker.ToolExecutionRecord@437ebf59
1790837730502	3	dispatch lease of fe57a778-7ec8-4021-993d-5b42b8a6c2c3 lapsed	REJECT	com.alibaba.qwen.code.runtimebroker.ToolExecutionRecord@2d691f3d
1790837730558	3	dispatch lease of fe57a778-7ec8-4021-993d-5b42b8a6c2c3 lapsed	REJECT	com.alibaba.qwen.code.runtimebroker.ToolExecutionRecord@1da6ee17
1790837730613	3	dispatch lease of fe57a778-7ec8-4021-993d-5b42b8a6c2c3 lapsed	REJECT	com.alibaba.qwen.code.runtimebroker.ToolExecutionRecord@5b69d40d
1790837730668	3	dispatch lease of fe57a778-7ec8-4021-993d-5b42b8a6c2c3 lapsed	REJECT	com.alibaba.qwen.code.runtimebroker.ToolExecutionRecord@2516fc68
1790837730724	3	dispatch lease of fe57a778-7ec8-4021-993d-5b42b8a6c2c3 lapsed	REJECT	com.alibaba.qwen.code.runtimebroker.ToolExecutionRecord@72889280
1790837730780	3	dispatch lease of fe57a778-7ec8-4021-993d-5b42b8a6c2c3 lapsed	REJECT	com.alibaba.qwen.code.runtimebroker.ToolExecutionRecord@2d140a7
1790837730836	3	dispatch lease of fe57a778-7ec8-4021-993d-5b42b8a6c2c3 lapsed	REJECT	com.alibaba.qwen.code.runtimebroker.ToolExecutionRecord@7f34a967
1790837730892	3	dispatch lease of fe57a778-7ec8-4021-993d-5b42b8a6c2c3 lapsed	REJECT	com.alibaba.qwen.code.runtimebroker.ToolExecutionRecord@240139e1
1790837730947	3	dispatch lease of fe57a778-7ec8-4021-993d-5b42b8a6c2c3 lapsed	REJECT	com.alibaba.qwen.code.runtimebroker.ToolExecutionRecord@253c1256
1790837731003	3	dispatch lease of fe57a778-7ec8-4021-993d-5b42b8a6c2c3 lapsed	REJECT	com.alibaba.qwen.code.runtimebroker.ToolExecutionRecord@55f45b92
1790837731060	3	dispatch lease of fe57a778-7ec8-4021-993d-5b42b8a6c2c3 lapsed	REJECT	com.alibaba.qwen.code.runtimebroker.ToolExecutionRecord@4a325eb9
1790837731116	3	dispatch lease of fe57a778-7ec8-4021-993d-5b42b8a6c2c3 lapsed	REJECT	com.alibaba.qwen.code.runtimebroker.ToolExecutionRecord@415e0bcb
1790837731171	3	dispatch lease of fe57a778-7ec8-4021-993d-5b42b8a6c2c3 lapsed	REJECT	com.alibaba.qwen.code.runtimebroker.ToolExecutionRecord@2c30b71f
1790837731227	3	dispatch lease of fe57a778-7ec8-4021-993d-5b42b8a6c2c3 lapsed	REJECT	com.alibaba.qwen.code.runtimebroker.ToolExecutionRecord@bf71cec
1790837731282	3	dispatch lease of fe57a778-7ec8-4021-993d-5b42b8a6c2c3 lapsed	REJECT	com.alibaba.qwen.code.runtimebroker.ToolExecutionRecord@1654a892
1790837731338	3	dispatch lease of fe57a778-7ec8-4021-993d-5b42b8a6c2c3 lapsed	REJECT	com.alibaba.qwen.code.runtimebroker.ToolExecutionRecord@6c000e0c
1790837731394	3	dispatch lease of fe57a778-7ec8-4021-993d-5b42b8a6c2c3 lapsed	REJECT	com.alibaba.qwen.code.runtimebroker.ToolExecutionRecord@6974a715
1790837731450	3	dispatch lease of fe57a778-7ec8-4021-993d-5b42b8a6c2c3 lapsed	REJECT	com.alibaba.qwen.code.runtimebroker.ToolExecutionRecord@4c9e9fb8
1790837731505	3	dispatch lease of fe57a778-7ec8-4021-993d-5b42b8a6c2c3 lapsed	REJECT	com.alibaba.qwen.code.runtimebroker.ToolExecutionRecord@210f0cc1
1790837731561	3	dispatch lease of fe57a778-7ec8-4021-993d-5b42b8a6c2c3 lapsed	REJECT	com.alibaba.qwen.code.runtimebroker.ToolExecutionRecord@c7a977f
1790837731617	3	dispatch lease of fe57a778-7ec8-4021-993d-5b42b8a6c2c3 lapsed	REJECT	com.alibaba.qwen.code.runtimebroker.ToolExecutionRecord@2c383e33
1790837731675	3	dispatch lease of fe57a778-7ec8-4021-993d-5b42b8a6c2c3 lapsed	REJECT	com.alibaba.qwen.code.runtimebroker.ToolExecutionRecord@2fa3be26
1790837731731	3	dispatch lease of fe57a778-7ec8-4021-993d-5b42b8a6c2c3 lapsed	REJECT	com.alibaba.qwen.code.runtimebroker.ToolExecutionRecord@4e6d7365
1790837731787	3	dispatch lease of fe57a778-7ec8-4021-993d-5b42b8a6c2c3 lapsed	REJECT	com.alibaba.qwen.code.runtimebroker.ToolExecutionRecord@21ae6e73
1790837731842	3	dispatch lease of fe57a778-7ec8-4021-993d-5b42b8a6c2c3 lapsed	REJECT	com.alibaba.qwen.code.runtimebroker.ToolExecutionRecord@36a7abe1
1790837731897	3	dispatch lease of fe57a778-7ec8-4021-993d-5b42b8a6c2c3 lapsed	REJECT	com.alibaba.qwen.code.runtimebroker.ToolExecutionRecord@11a82d0f
1790837731958	3	dispatch lease of fe57a778-7ec8-4021-993d-5b42b8a6c2c3 lapsed	REJECT	com.alibaba.qwen.code.runtimebroker.ToolExecutionRecord@16943e88
1790837732015	3	dispatch lease of fe57a778-7ec8-4021-993d-5b42b8a6c2c3 lapsed	REJECT	com.alibaba.qwen.code.runtimebroker.ToolExecutionRecord@e36bb2a
1790837732070	3	dispatch lease of fe57a778-7ec8-4021-993d-5b42b8a6c2c3 lapsed	REJECT	com.alibaba.qwen.code.runtimebroker.ToolExecutionRecord@367795c7
1790837732127	3	dispatch lease of fe57a778-7ec8-4021-993d-5b42b8a6c2c3 lapsed	REJECT	com.alibaba.qwen.code.runtimebroker.ToolExecutionRecord@1500e009
1790837732183	3	dispatch lease of fe57a778-7ec8-4021-993d-5b42b8a6c2c3 lapsed	REJECT	com.alibaba.qwen.code.runtimebroker.ToolExecutionRecord@29d334c
1790837732239	3	dispatch lease of fe57a778-7ec8-4021-993d-5b42b8a6c2c3 lapsed	REJECT	com.alibaba.qwen.code.runtimebroker.ToolExecutionRecord@673bb956
1790837732296	3	dispatch lease of fe57a778-7ec8-4021-993d-5b42b8a6c2c3 lapsed	REJECT	com.alibaba.qwen.code.runtimebroker.ToolExecutionRecord@3c4bc9fc
1790837732351	3	dispatch lease of fe57a778-7ec8-4021-993d-5b42b8a6c2c3 lapsed	REJECT	com.alibaba.qwen.code.runtimebroker.ToolExecutionRecord@1f651cd8
1790837732407	3	dispatch lease of fe57a778-7ec8-4021-993d-5b42b8a6c2c3 lapsed	REJECT	com.alibaba.qwen.code.runtimebroker.ToolExecutionRecord@c827db
1790837732462	3	dispatch lease of fe57a778-7ec8-4021-993d-5b42b8a6c2c3 lapsed	REJECT	com.alibaba.qwen.code.runtimebroker.ToolExecutionRecord@238ad8c
1790837732519	3	dispatch lease of fe57a778-7ec8-4021-993d-5b42b8a6c2c3 lapsed	REJECT	com.alibaba.qwen.code.runtimebroker.ToolExecutionRecord@22df874e
1790837732574	3	dispatch lease of fe57a778-7ec8-4021-993d-5b42b8a6c2c3 lapsed	REJECT	com.alibaba.qwen.code.runtimebroker.ToolExecutionRecord@42d236fb
1790837732630	3	dispatch lease of fe57a778-7ec8-4021-993d-5b42b8a6c2c3 lapsed	REJECT	com.alibaba.qwen.code.runtimebroker.ToolExecutionRecord@1532c619
1790837732685	3	dispatch lease of fe57a778-7ec8-4021-993d-5b42b8a6c2c3 lapsed	REJECT	com.alibaba.qwen.code.runtimebroker.ToolExecutionRecord@1a78dacd
1790837732741	3	dispatch lease of fe57a778-7ec8-4021-993d-5b42b8a6c2c3 lapsed	REJECT	com.alibaba.qwen.code.runtimebroker.ToolExecutionRecord@2bfeb1ef
1790837732797	3	dispatch lease of fe57a778-7ec8-4021-993d-5b42b8a6c2c3 lapsed	REJECT	com.alibaba.qwen.code.runtimebroker.ToolExecutionRecord@78b236a0
1790837732853	3	dispatch lease of fe57a778-7ec8-4021-993d-5b42b8a6c2c3 lapsed	REJECT	com.alibaba.qwen.code.runtimebroker.ToolExecutionRecord@60e9df3c
1790837732909	3	dispatch lease of fe57a778-7ec8-4021-993d-5b42b8a6c2c3 lapsed	REJECT	com.alibaba.qwen.code.runtimebroker.ToolExecutionRecord@537b32ef
1790837732964	3	dispatch lease of fe57a778-7ec8-4021-993d-5b42b8a6c2c3 lapsed	REJECT	com.alibaba.qwen.code.runtimebroker.ToolExecutionRecord@6f815e7f
1790837733019	3	dispatch lease of fe57a778-7ec8-4021-993d-5b42b8a6c2c3 lapsed	ACCEPT	com.alibaba.qwen.code.runtimebroker.ToolExecutionRecord@75699e35
1790837737533	3	cancelled original call	ACCEPT	RESOLVED
1790837748828	3	project/marker = [start]	ACCEPT	[start]
1790837756890	3	dispatch lease of d847cb2f-5e23-434f-9b7c-cf2daa333ed3 lapsed	REJECT	com.alibaba.qwen.code.runtimebroker.ToolExecutionRecord@1059754c
1790837756948	3	dispatch lease of d847cb2f-5e23-434f-9b7c-cf2daa333ed3 lapsed	REJECT	com.alibaba.qwen.code.runtimebroker.ToolExecutionRecord@7f4037ed
1790837757004	3	dispatch lease of d847cb2f-5e23-434f-9b7c-cf2daa333ed3 lapsed	REJECT	com.alibaba.qwen.code.runtimebroker.ToolExecutionRecord@110844f6
1790837757059	3	dispatch lease of d847cb2f-5e23-434f-9b7c-cf2daa333ed3 lapsed	REJECT	com.alibaba.qwen.code.runtimebroker.ToolExecutionRecord@4925f4f5
1790837757115	3	dispatch lease of d847cb2f-5e23-434f-9b7c-cf2daa333ed3 lapsed	REJECT	com.alibaba.qwen.code.runtimebroker.ToolExecutionRecord@39ce27f2
1790837757172	3	dispatch lease of d847cb2f-5e23-434f-9b7c-cf2daa333ed3 lapsed	REJECT	com.alibaba.qwen.code.runtimebroker.ToolExecutionRecord@28782602
1790837757228	3	dispatch lease of d847cb2f-5e23-434f-9b7c-cf2daa333ed3 lapsed	REJECT	com.alibaba.qwen.code.runtimebroker.ToolExecutionRecord@511816c0
1790837757286	3	dispatch lease of d847cb2f-5e23-434f-9b7c-cf2daa333ed3 lapsed	REJECT	com.alibaba.qwen.code.runtimebroker.ToolExecutionRecord@3935e9a8
1790837757342	3	dispatch lease of d847cb2f-5e23-434f-9b7c-cf2daa333ed3 lapsed	REJECT	com.alibaba.qwen.code.runtimebroker.ToolExecutionRecord@452c8a40
1790837757399	3	dispatch lease of d847cb2f-5e23-434f-9b7c-cf2daa333ed3 lapsed	REJECT	com.alibaba.qwen.code.runtimebroker.ToolExecutionRecord@470a9030
1790837757455	3	dispatch lease of d847cb2f-5e23-434f-9b7c-cf2daa333ed3 lapsed	REJECT	com.alibaba.qwen.code.runtimebroker.ToolExecutionRecord@d59970a
1790837757511	3	dispatch lease of d847cb2f-5e23-434f-9b7c-cf2daa333ed3 lapsed	REJECT	com.alibaba.qwen.code.runtimebroker.ToolExecutionRecord@3e6fd0b9
1790837757567	3	dispatch lease of d847cb2f-5e23-434f-9b7c-cf2daa333ed3 lapsed	REJECT	com.alibaba.qwen.code.runtimebroker.ToolExecutionRecord@76adb233
1790837757623	3	dispatch lease of d847cb2f-5e23-434f-9b7c-cf2daa333ed3 lapsed	REJECT	com.alibaba.qwen.code.runtimebroker.ToolExecutionRecord@7dcc91fd
1790837757678	3	dispatch lease of d847cb2f-5e23-434f-9b7c-cf2daa333ed3 lapsed	REJECT	com.alibaba.qwen.code.runtimebroker.ToolExecutionRecord@75504cef
1790837757733	3	dispatch lease of d847cb2f-5e23-434f-9b7c-cf2daa333ed3 lapsed	REJECT	com.alibaba.qwen.code.runtimebroker.ToolExecutionRecord@28c88600
1790837757789	3	dispatch lease of d847cb2f-5e23-434f-9b7c-cf2daa333ed3 lapsed	REJECT	com.alibaba.qwen.code.runtimebroker.ToolExecutionRecord@7f9e1534
1790837757845	3	dispatch lease of d847cb2f-5e23-434f-9b7c-cf2daa333ed3 lapsed	REJECT	com.alibaba.qwen.code.runtimebroker.ToolExecutionRecord@31611954
1790837757900	3	dispatch lease of d847cb2f-5e23-434f-9b7c-cf2daa333ed3 lapsed	REJECT	com.alibaba.qwen.code.runtimebroker.ToolExecutionRecord@99a65d3
1790837757956	3	dispatch lease of d847cb2f-5e23-434f-9b7c-cf2daa333ed3 lapsed	REJECT	com.alibaba.qwen.code.runtimebroker.ToolExecutionRecord@32fdec40
1790837758011	3	dispatch lease of d847cb2f-5e23-434f-9b7c-cf2daa333ed3 lapsed	REJECT	com.alibaba.qwen.code.runtimebroker.ToolExecutionRecord@39ab59f8
1790837758066	3	dispatch lease of d847cb2f-5e23-434f-9b7c-cf2daa333ed3 lapsed	REJECT	com.alibaba.qwen.code.runtimebroker.ToolExecutionRecord@4ad4936c
1790837758122	3	dispatch lease of d847cb2f-5e23-434f-9b7c-cf2daa333ed3 lapsed	REJECT	com.alibaba.qwen.code.runtimebroker.ToolExecutionRecord@25cc7470
1790837758178	3	dispatch lease of d847cb2f-5e23-434f-9b7c-cf2daa333ed3 lapsed	REJECT	com.alibaba.qwen.code.runtimebroker.ToolExecutionRecord@1b812421
1790837758233	3	dispatch lease of d847cb2f-5e23-434f-9b7c-cf2daa333ed3 lapsed	REJECT	com.alibaba.qwen.code.runtimebroker.ToolExecutionRecord@32639b12
1790837758288	3	dispatch lease of d847cb2f-5e23-434f-9b7c-cf2daa333ed3 lapsed	REJECT	com.alibaba.qwen.code.runtimebroker.ToolExecutionRecord@5649ec46
1790837758343	3	dispatch lease of d847cb2f-5e23-434f-9b7c-cf2daa333ed3 lapsed	REJECT	com.alibaba.qwen.code.runtimebroker.ToolExecutionRecord@5652f555
1790837758400	3	dispatch lease of d847cb2f-5e23-434f-9b7c-cf2daa333ed3 lapsed	REJECT	com.alibaba.qwen.code.runtimebroker.ToolExecutionRecord@794b435f
1790837758455	3	dispatch lease of d847cb2f-5e23-434f-9b7c-cf2daa333ed3 lapsed	REJECT	com.alibaba.qwen.code.runtimebroker.ToolExecutionRecord@323659f8
1790837758510	3	dispatch lease of d847cb2f-5e23-434f-9b7c-cf2daa333ed3 lapsed	REJECT	com.alibaba.qwen.code.runtimebroker.ToolExecutionRecord@26a529dc
1790837758565	3	dispatch lease of d847cb2f-5e23-434f-9b7c-cf2daa333ed3 lapsed	REJECT	com.alibaba.qwen.code.runtimebroker.ToolExecutionRecord@3cc20577
1790837758621	3	dispatch lease of d847cb2f-5e23-434f-9b7c-cf2daa333ed3 lapsed	REJECT	com.alibaba.qwen.code.runtimebroker.ToolExecutionRecord@5767b2af
1790837758677	3	dispatch lease of d847cb2f-5e23-434f-9b7c-cf2daa333ed3 lapsed	REJECT	com.alibaba.qwen.code.runtimebroker.ToolExecutionRecord@2228db21
1790837758733	3	dispatch lease of d847cb2f-5e23-434f-9b7c-cf2daa333ed3 lapsed	REJECT	com.alibaba.qwen.code.runtimebroker.ToolExecutionRecord@547c04c4
1790837758788	3	dispatch lease of d847cb2f-5e23-434f-9b7c-cf2daa333ed3 lapsed	REJECT	com.alibaba.qwen.code.runtimebroker.ToolExecutionRecord@ba1f559
1790837758843	3	dispatch lease of d847cb2f-5e23-434f-9b7c-cf2daa333ed3 lapsed	REJECT	com.alibaba.qwen.code.runtimebroker.ToolExecutionRecord@4bf324f9
1790837758898	3	dispatch lease of d847cb2f-5e23-434f-9b7c-cf2daa333ed3 lapsed	REJECT	com.alibaba.qwen.code.runtimebroker.ToolExecutionRecord@1d2644e3
1790837758954	3	dispatch lease of d847cb2f-5e23-434f-9b7c-cf2daa333ed3 lapsed	REJECT	com.alibaba.qwen.code.runtimebroker.ToolExecutionRecord@5ffc5491
1790837759009	3	dispatch lease of d847cb2f-5e23-434f-9b7c-cf2daa333ed3 lapsed	REJECT	com.alibaba.qwen.code.runtimebroker.ToolExecutionRecord@3e58d65e
1790837759064	3	dispatch lease of d847cb2f-5e23-434f-9b7c-cf2daa333ed3 lapsed	REJECT	com.alibaba.qwen.code.runtimebroker.ToolExecutionRecord@7e0b9178
1790837759119	3	dispatch lease of d847cb2f-5e23-434f-9b7c-cf2daa333ed3 lapsed	REJECT	com.alibaba.qwen.code.runtimebroker.ToolExecutionRecord@408a247c
1790837759174	3	dispatch lease of d847cb2f-5e23-434f-9b7c-cf2daa333ed3 lapsed	REJECT	com.alibaba.qwen.code.runtimebroker.ToolExecutionRecord@5f5b5ca4
1790837759230	3	dispatch lease of d847cb2f-5e23-434f-9b7c-cf2daa333ed3 lapsed	REJECT	com.alibaba.qwen.code.runtimebroker.ToolExecutionRecord@18388a3c
1790837759285	3	dispatch lease of d847cb2f-5e23-434f-9b7c-cf2daa333ed3 lapsed	REJECT	com.alibaba.qwen.code.runtimebroker.ToolExecutionRecord@4cfbaf4
1790837759341	3	dispatch lease of d847cb2f-5e23-434f-9b7c-cf2daa333ed3 lapsed	REJECT	com.alibaba.qwen.code.runtimebroker.ToolExecutionRecord@127d7908
1790837759396	3	dispatch lease of d847cb2f-5e23-434f-9b7c-cf2daa333ed3 lapsed	REJECT	com.alibaba.qwen.code.runtimebroker.ToolExecutionRecord@30b9eadd
1790837759451	3	dispatch lease of d847cb2f-5e23-434f-9b7c-cf2daa333ed3 lapsed	REJECT	com.alibaba.qwen.code.runtimebroker.ToolExecutionRecord@3249a1ce
1790837759507	3	dispatch lease of d847cb2f-5e23-434f-9b7c-cf2daa333ed3 lapsed	REJECT	com.alibaba.qwen.code.runtimebroker.ToolExecutionRecord@a8a8b75
1790837759562	3	dispatch lease of d847cb2f-5e23-434f-9b7c-cf2daa333ed3 lapsed	REJECT	com.alibaba.qwen.code.runtimebroker.ToolExecutionRecord@155d1021
1790837759617	3	dispatch lease of d847cb2f-5e23-434f-9b7c-cf2daa333ed3 lapsed	REJECT	com.alibaba.qwen.code.runtimebroker.ToolExecutionRecord@2c42b421
1790837759672	3	dispatch lease of d847cb2f-5e23-434f-9b7c-cf2daa333ed3 lapsed	REJECT	com.alibaba.qwen.code.runtimebroker.ToolExecutionRecord@701a32
1790837759727	3	dispatch lease of d847cb2f-5e23-434f-9b7c-cf2daa333ed3 lapsed	REJECT	com.alibaba.qwen.code.runtimebroker.ToolExecutionRecord@27cbfddf
1790837759783	3	dispatch lease of d847cb2f-5e23-434f-9b7c-cf2daa333ed3 lapsed	REJECT	com.alibaba.qwen.code.runtimebroker.ToolExecutionRecord@40620d8e
1790837759838	3	dispatch lease of d847cb2f-5e23-434f-9b7c-cf2daa333ed3 lapsed	REJECT	com.alibaba.qwen.code.runtimebroker.ToolExecutionRecord@352e612e
1790837759893	3	dispatch lease of d847cb2f-5e23-434f-9b7c-cf2daa333ed3 lapsed	REJECT	com.alibaba.qwen.code.runtimebroker.ToolExecutionRecord@6ea94d6a
1790837759949	3	dispatch lease of d847cb2f-5e23-434f-9b7c-cf2daa333ed3 lapsed	REJECT	com.alibaba.qwen.code.runtimebroker.ToolExecutionRecord@4a1e3ac1
1790837760004	3	dispatch lease of d847cb2f-5e23-434f-9b7c-cf2daa333ed3 lapsed	ACCEPT	com.alibaba.qwen.code.runtimebroker.ToolExecutionRecord@3b8ee898
1790837764510	3	cancelled original call	ACCEPT	RESOLVED
1790837776095	3	dispatch lease of 37fa0e58-6127-4493-bf62-d8515bfbbf7f lapsed	REJECT	com.alibaba.qwen.code.runtimebroker.ToolExecutionRecord@712ca57b
1790837776151	3	dispatch lease of 37fa0e58-6127-4493-bf62-d8515bfbbf7f lapsed	REJECT	com.alibaba.qwen.code.runtimebroker.ToolExecutionRecord@51745f40
1790837776206	3	dispatch lease of 37fa0e58-6127-4493-bf62-d8515bfbbf7f lapsed	REJECT	com.alibaba.qwen.code.runtimebroker.ToolExecutionRecord@69e308c6
1790837776261	3	dispatch lease of 37fa0e58-6127-4493-bf62-d8515bfbbf7f lapsed	REJECT	com.alibaba.qwen.code.runtimebroker.ToolExecutionRecord@1c6e0a08
1790837776316	3	dispatch lease of 37fa0e58-6127-4493-bf62-d8515bfbbf7f lapsed	REJECT	com.alibaba.qwen.code.runtimebroker.ToolExecutionRecord@1623bbe5
1790837776372	3	dispatch lease of 37fa0e58-6127-4493-bf62-d8515bfbbf7f lapsed	REJECT	com.alibaba.qwen.code.runtimebroker.ToolExecutionRecord@3c2772d1
1790837776427	3	dispatch lease of 37fa0e58-6127-4493-bf62-d8515bfbbf7f lapsed	REJECT	com.alibaba.qwen.code.runtimebroker.ToolExecutionRecord@89c65d5
1790837776482	3	dispatch lease of 37fa0e58-6127-4493-bf62-d8515bfbbf7f lapsed	REJECT	com.alibaba.qwen.code.runtimebroker.ToolExecutionRecord@988246e
1790837776537	3	dispatch lease of 37fa0e58-6127-4493-bf62-d8515bfbbf7f lapsed	REJECT	com.alibaba.qwen.code.runtimebroker.ToolExecutionRecord@61f2c3f0
1790837776592	3	dispatch lease of 37fa0e58-6127-4493-bf62-d8515bfbbf7f lapsed	REJECT	com.alibaba.qwen.code.runtimebroker.ToolExecutionRecord@2f6bcf87
1790837776648	3	dispatch lease of 37fa0e58-6127-4493-bf62-d8515bfbbf7f lapsed	REJECT	com.alibaba.qwen.code.runtimebroker.ToolExecutionRecord@6f8d7714
1790837776703	3	dispatch lease of 37fa0e58-6127-4493-bf62-d8515bfbbf7f lapsed	REJECT	com.alibaba.qwen.code.runtimebroker.ToolExecutionRecord@aa21042
1790837776758	3	dispatch lease of 37fa0e58-6127-4493-bf62-d8515bfbbf7f lapsed	REJECT	com.alibaba.qwen.code.runtimebroker.ToolExecutionRecord@7a26928a
1790837776814	3	dispatch lease of 37fa0e58-6127-4493-bf62-d8515bfbbf7f lapsed	REJECT	com.alibaba.qwen.code.runtimebroker.ToolExecutionRecord@4e2c95ee
1790837776869	3	dispatch lease of 37fa0e58-6127-4493-bf62-d8515bfbbf7f lapsed	REJECT	com.alibaba.qwen.code.runtimebroker.ToolExecutionRecord@73eb8672
1790837776924	3	dispatch lease of 37fa0e58-6127-4493-bf62-d8515bfbbf7f lapsed	REJECT	com.alibaba.qwen.code.runtimebroker.ToolExecutionRecord@757194dc
1790837776980	3	dispatch lease of 37fa0e58-6127-4493-bf62-d8515bfbbf7f lapsed	REJECT	com.alibaba.qwen.code.runtimebroker.ToolExecutionRecord@7ff2b8d2
1790837777035	3	dispatch lease of 37fa0e58-6127-4493-bf62-d8515bfbbf7f lapsed	REJECT	com.alibaba.qwen.code.runtimebroker.ToolExecutionRecord@2fb5fe30
1790837777090	3	dispatch lease of 37fa0e58-6127-4493-bf62-d8515bfbbf7f lapsed	REJECT	com.alibaba.qwen.code.runtimebroker.ToolExecutionRecord@5baaae4c
1790837777145	3	dispatch lease of 37fa0e58-6127-4493-bf62-d8515bfbbf7f lapsed	REJECT	com.alibaba.qwen.code.runtimebroker.ToolExecutionRecord@4f449e8f
1790837777200	3	dispatch lease of 37fa0e58-6127-4493-bf62-d8515bfbbf7f lapsed	REJECT	com.alibaba.qwen.code.runtimebroker.ToolExecutionRecord@19f040ba
1790837777256	3	dispatch lease of 37fa0e58-6127-4493-bf62-d8515bfbbf7f lapsed	REJECT	com.alibaba.qwen.code.runtimebroker.ToolExecutionRecord@c3c4c1c
1790837777311	3	dispatch lease of 37fa0e58-6127-4493-bf62-d8515bfbbf7f lapsed	REJECT	com.alibaba.qwen.code.runtimebroker.ToolExecutionRecord@35e478f
1790837777365	3	dispatch lease of 37fa0e58-6127-4493-bf62-d8515bfbbf7f lapsed	REJECT	com.alibaba.qwen.code.runtimebroker.ToolExecutionRecord@3044e9c7
1790837777420	3	dispatch lease of 37fa0e58-6127-4493-bf62-d8515bfbbf7f lapsed	REJECT	com.alibaba.qwen.code.runtimebroker.ToolExecutionRecord@4a183d02
1790837777475	3	dispatch lease of 37fa0e58-6127-4493-bf62-d8515bfbbf7f lapsed	REJECT	com.alibaba.qwen.code.runtimebroker.ToolExecutionRecord@23eee4b8
1790837777542	3	dispatch lease of 37fa0e58-6127-4493-bf62-d8515bfbbf7f lapsed	REJECT	com.alibaba.qwen.code.runtimebroker.ToolExecutionRecord@143d9a93
1790837777597	3	dispatch lease of 37fa0e58-6127-4493-bf62-d8515bfbbf7f lapsed	REJECT	com.alibaba.qwen.code.runtimebroker.ToolExecutionRecord@5b5caf08
1790837777652	3	dispatch lease of 37fa0e58-6127-4493-bf62-d8515bfbbf7f lapsed	REJECT	com.alibaba.qwen.code.runtimebroker.ToolExecutionRecord@7e97551f
1790837777707	3	dispatch lease of 37fa0e58-6127-4493-bf62-d8515bfbbf7f lapsed	REJECT	com.alibaba.qwen.code.runtimebroker.ToolExecutionRecord@7a94b64e
1790837777762	3	dispatch lease of 37fa0e58-6127-4493-bf62-d8515bfbbf7f lapsed	REJECT	com.alibaba.qwen.code.runtimebroker.ToolExecutionRecord@2caf6912
1790837777818	3	dispatch lease of 37fa0e58-6127-4493-bf62-d8515bfbbf7f lapsed	REJECT	com.alibaba.qwen.code.runtimebroker.ToolExecutionRecord@1d01dfa5
1790837777873	3	dispatch lease of 37fa0e58-6127-4493-bf62-d8515bfbbf7f lapsed	REJECT	com.alibaba.qwen.code.runtimebroker.ToolExecutionRecord@22101c80
1790837777928	3	dispatch lease of 37fa0e58-6127-4493-bf62-d8515bfbbf7f lapsed	REJECT	com.alibaba.qwen.code.runtimebroker.ToolExecutionRecord@781a9412
1790837777983	3	dispatch lease of 37fa0e58-6127-4493-bf62-d8515bfbbf7f lapsed	REJECT	com.alibaba.qwen.code.runtimebroker.ToolExecutionRecord@aed0151
1790837778038	3	dispatch lease of 37fa0e58-6127-4493-bf62-d8515bfbbf7f lapsed	ACCEPT	com.alibaba.qwen.code.runtimebroker.ToolExecutionRecord@389562d6
1790837798485	3	dispatch lease of 89c7dd6e-6e60-4b1d-a164-56a5ff242179 lapsed	REJECT	com.alibaba.qwen.code.runtimebroker.ToolExecutionRecord@53667cbe
1790837798540	3	dispatch lease of 89c7dd6e-6e60-4b1d-a164-56a5ff242179 lapsed	REJECT	com.alibaba.qwen.code.runtimebroker.ToolExecutionRecord@26a94fa5
1790837798595	3	dispatch lease of 89c7dd6e-6e60-4b1d-a164-56a5ff242179 lapsed	REJECT	com.alibaba.qwen.code.runtimebroker.ToolExecutionRecord@3bc735b3
1790837798652	3	dispatch lease of 89c7dd6e-6e60-4b1d-a164-56a5ff242179 lapsed	REJECT	com.alibaba.qwen.code.runtimebroker.ToolExecutionRecord@757529a4
1790837798707	3	dispatch lease of 89c7dd6e-6e60-4b1d-a164-56a5ff242179 lapsed	REJECT	com.alibaba.qwen.code.runtimebroker.ToolExecutionRecord@2234078
1790837798763	3	dispatch lease of 89c7dd6e-6e60-4b1d-a164-56a5ff242179 lapsed	REJECT	com.alibaba.qwen.code.runtimebroker.ToolExecutionRecord@1450078a
1790837798818	3	dispatch lease of 89c7dd6e-6e60-4b1d-a164-56a5ff242179 lapsed	REJECT	com.alibaba.qwen.code.runtimebroker.ToolExecutionRecord@3aefae67
1790837798873	3	dispatch lease of 89c7dd6e-6e60-4b1d-a164-56a5ff242179 lapsed	REJECT	com.alibaba.qwen.code.runtimebroker.ToolExecutionRecord@3eb631b8
1790837798929	3	dispatch lease of 89c7dd6e-6e60-4b1d-a164-56a5ff242179 lapsed	REJECT	com.alibaba.qwen.code.runtimebroker.ToolExecutionRecord@41e1455d
1790837798985	3	dispatch lease of 89c7dd6e-6e60-4b1d-a164-56a5ff242179 lapsed	REJECT	com.alibaba.qwen.code.runtimebroker.ToolExecutionRecord@4d6f197e
1790837799041	3	dispatch lease of 89c7dd6e-6e60-4b1d-a164-56a5ff242179 lapsed	REJECT	com.alibaba.qwen.code.runtimebroker.ToolExecutionRecord@5c089b2f
1790837799097	3	dispatch lease of 89c7dd6e-6e60-4b1d-a164-56a5ff242179 lapsed	REJECT	com.alibaba.qwen.code.runtimebroker.ToolExecutionRecord@7ed9ae94
1790837799152	3	dispatch lease of 89c7dd6e-6e60-4b1d-a164-56a5ff242179 lapsed	REJECT	com.alibaba.qwen.code.runtimebroker.ToolExecutionRecord@2bc12da
1790837799208	3	dispatch lease of 89c7dd6e-6e60-4b1d-a164-56a5ff242179 lapsed	REJECT	com.alibaba.qwen.code.runtimebroker.ToolExecutionRecord@29a23c3d
1790837799263	3	dispatch lease of 89c7dd6e-6e60-4b1d-a164-56a5ff242179 lapsed	REJECT	com.alibaba.qwen.code.runtimebroker.ToolExecutionRecord@591fd34d
1790837799318	3	dispatch lease of 89c7dd6e-6e60-4b1d-a164-56a5ff242179 lapsed	REJECT	com.alibaba.qwen.code.runtimebroker.ToolExecutionRecord@3068b369
1790837799374	3	dispatch lease of 89c7dd6e-6e60-4b1d-a164-56a5ff242179 lapsed	REJECT	com.alibaba.qwen.code.runtimebroker.ToolExecutionRecord@736ac09a
1790837799429	3	dispatch lease of 89c7dd6e-6e60-4b1d-a164-56a5ff242179 lapsed	REJECT	com.alibaba.qwen.code.runtimebroker.ToolExecutionRecord@1ec7d8b3
1790837799485	3	dispatch lease of 89c7dd6e-6e60-4b1d-a164-56a5ff242179 lapsed	REJECT	com.alibaba.qwen.code.runtimebroker.ToolExecutionRecord@54dcbb9f
1790837799542	3	dispatch lease of 89c7dd6e-6e60-4b1d-a164-56a5ff242179 lapsed	REJECT	com.alibaba.qwen.code.runtimebroker.ToolExecutionRecord@69eb86b4
1790837799597	3	dispatch lease of 89c7dd6e-6e60-4b1d-a164-56a5ff242179 lapsed	REJECT	com.alibaba.qwen.code.runtimebroker.ToolExecutionRecord@6a933be2
1790837799653	3	dispatch lease of 89c7dd6e-6e60-4b1d-a164-56a5ff242179 lapsed	REJECT	com.alibaba.qwen.code.runtimebroker.ToolExecutionRecord@4d8539de
1790837799708	3	dispatch lease of 89c7dd6e-6e60-4b1d-a164-56a5ff242179 lapsed	REJECT	com.alibaba.qwen.code.runtimebroker.ToolExecutionRecord@30feffc
1790837799764	3	dispatch lease of 89c7dd6e-6e60-4b1d-a164-56a5ff242179 lapsed	REJECT	com.alibaba.qwen.code.runtimebroker.ToolExecutionRecord@7c2a69b4
1790837799819	3	dispatch lease of 89c7dd6e-6e60-4b1d-a164-56a5ff242179 lapsed	REJECT	com.alibaba.qwen.code.runtimebroker.ToolExecutionRecord@375b5b7f
1790837799874	3	dispatch lease of 89c7dd6e-6e60-4b1d-a164-56a5ff242179 lapsed	REJECT	com.alibaba.qwen.code.runtimebroker.ToolExecutionRecord@3b152928
1790837799930	3	dispatch lease of 89c7dd6e-6e60-4b1d-a164-56a5ff242179 lapsed	REJECT	com.alibaba.qwen.code.runtimebroker.ToolExecutionRecord@25c5e994
1790837799985	3	dispatch lease of 89c7dd6e-6e60-4b1d-a164-56a5ff242179 lapsed	REJECT	com.alibaba.qwen.code.runtimebroker.ToolExecutionRecord@69b2f8e5
1790837800041	3	dispatch lease of 89c7dd6e-6e60-4b1d-a164-56a5ff242179 lapsed	REJECT	com.alibaba.qwen.code.runtimebroker.ToolExecutionRecord@644abb8f
1790837800096	3	dispatch lease of 89c7dd6e-6e60-4b1d-a164-56a5ff242179 lapsed	REJECT	com.alibaba.qwen.code.runtimebroker.ToolExecutionRecord@7c2327fa
1790837800152	3	dispatch lease of 89c7dd6e-6e60-4b1d-a164-56a5ff242179 lapsed	REJECT	com.alibaba.qwen.code.runtimebroker.ToolExecutionRecord@3d7fa3ae
1790837800207	3	dispatch lease of 89c7dd6e-6e60-4b1d-a164-56a5ff242179 lapsed	REJECT	com.alibaba.qwen.code.runtimebroker.ToolExecutionRecord@585c13de
1790837800262	3	dispatch lease of 89c7dd6e-6e60-4b1d-a164-56a5ff242179 lapsed	REJECT	com.alibaba.qwen.code.runtimebroker.ToolExecutionRecord@6ad11a56
1790837800318	3	dispatch lease of 89c7dd6e-6e60-4b1d-a164-56a5ff242179 lapsed	REJECT	com.alibaba.qwen.code.runtimebroker.ToolExecutionRecord@1ee29c84
1790837800374	3	dispatch lease of 89c7dd6e-6e60-4b1d-a164-56a5ff242179 lapsed	REJECT	com.alibaba.qwen.code.runtimebroker.ToolExecutionRecord@63429932
1790837800429	3	dispatch lease of 89c7dd6e-6e60-4b1d-a164-56a5ff242179 lapsed	REJECT	com.alibaba.qwen.code.runtimebroker.ToolExecutionRecord@6f012914
1790837800485	3	dispatch lease of 89c7dd6e-6e60-4b1d-a164-56a5ff242179 lapsed	REJECT	com.alibaba.qwen.code.runtimebroker.ToolExecutionRecord@60baef24
1790837800540	3	dispatch lease of 89c7dd6e-6e60-4b1d-a164-56a5ff242179 lapsed	REJECT	com.alibaba.qwen.code.runtimebroker.ToolExecutionRecord@720653c2
1790837800598	3	dispatch lease of 89c7dd6e-6e60-4b1d-a164-56a5ff242179 lapsed	REJECT	com.alibaba.qwen.code.runtimebroker.ToolExecutionRecord@4463d9d3
1790837800654	3	dispatch lease of 89c7dd6e-6e60-4b1d-a164-56a5ff242179 lapsed	REJECT	com.alibaba.qwen.code.runtimebroker.ToolExecutionRecord@1517f633
1790837800710	3	dispatch lease of 89c7dd6e-6e60-4b1d-a164-56a5ff242179 lapsed	REJECT	com.alibaba.qwen.code.runtimebroker.ToolExecutionRecord@6f6962ba
1790837800766	3	dispatch lease of 89c7dd6e-6e60-4b1d-a164-56a5ff242179 lapsed	REJECT	com.alibaba.qwen.code.runtimebroker.ToolExecutionRecord@15723761
1790837800822	3	dispatch lease of 89c7dd6e-6e60-4b1d-a164-56a5ff242179 lapsed	REJECT	com.alibaba.qwen.code.runtimebroker.ToolExecutionRecord@7b60c3e
1790837800879	3	dispatch lease of 89c7dd6e-6e60-4b1d-a164-56a5ff242179 lapsed	REJECT	com.alibaba.qwen.code.runtimebroker.ToolExecutionRecord@466d49f0
1790837800934	3	dispatch lease of 89c7dd6e-6e60-4b1d-a164-56a5ff242179 lapsed	REJECT	com.alibaba.qwen.code.runtimebroker.ToolExecutionRecord@65327f5
1790837800990	3	dispatch lease of 89c7dd6e-6e60-4b1d-a164-56a5ff242179 lapsed	REJECT	com.alibaba.qwen.code.runtimebroker.ToolExecutionRecord@6d367020
1790837801046	3	dispatch lease of 89c7dd6e-6e60-4b1d-a164-56a5ff242179 lapsed	ACCEPT	com.alibaba.qwen.code.runtimebroker.ToolExecutionRecord@6a74d228
