[INFO] Scanning for projects...
[INFO] 
[INFO] ---------------< com.alibaba:qwen-managed-agent-server >----------------
[INFO] Building Qwen Managed Agent Server 0.1.0-alpha
[INFO]   from pom.xml
[INFO] --------------------------------[ jar ]---------------------------------
[INFO] 
[INFO] --- resources:3.3.1:resources (default-resources) @ qwen-managed-agent-server ---
[INFO] Copying 45 resources from src/main/resources to target/classes
[INFO] Copying 1 resource from ../../core/src/managed-runtime/contracts to target/classes/contracts
[INFO] 
[INFO] --- compiler:3.14.1:compile (default-compile) @ qwen-managed-agent-server ---
[INFO] Recompiling the module because of changed source code.
[INFO] Compiling 111 source files with javac [debug parameters release 21] to target/classes
[INFO] 
[INFO] --- resources:3.3.1:testResources (default-testResources) @ qwen-managed-agent-server ---
[INFO] Copying 1 resource from src/test/resources to target/test-classes
[INFO] 
[INFO] --- compiler:3.14.1:testCompile (default-testCompile) @ qwen-managed-agent-server ---
[INFO] Recompiling the module because of changed dependency.
[INFO] Compiling 135 source files with javac [debug parameters release 21] to target/test-classes
[INFO] /Users/wenshao/pr13247-rig/wt4-mut/packages/sdk-java/managed-agent-server/src/test/java/com/alibaba/qwen/code/managedagent/ManagedHookRecordContractTest.java: Some input files use or override a deprecated API.
[INFO] /Users/wenshao/pr13247-rig/wt4-mut/packages/sdk-java/managed-agent-server/src/test/java/com/alibaba/qwen/code/managedagent/ManagedHookRecordContractTest.java: Recompile with -Xlint:deprecation for details.
[INFO] /Users/wenshao/pr13247-rig/wt4-mut/packages/sdk-java/managed-agent-server/src/test/java/com/alibaba/qwen/code/managedagent/service/HarnessCoordinatorTest.java: Some input files use unchecked or unsafe operations.
[INFO] /Users/wenshao/pr13247-rig/wt4-mut/packages/sdk-java/managed-agent-server/src/test/java/com/alibaba/qwen/code/managedagent/service/HarnessCoordinatorTest.java: Recompile with -Xlint:unchecked for details.
[INFO] 
[INFO] --- surefire:3.5.6:test (default-test) @ qwen-managed-agent-server ---
[INFO] Using auto detected provider org.apache.maven.surefire.junitplatform.JUnitPlatformProvider
[INFO] 
[INFO] -------------------------------------------------------
[INFO]  T E S T S
[INFO] -------------------------------------------------------
[INFO] Running com.alibaba.qwen.code.managedagent.ManagedCwdChangeOperationTest
01:45:31.444 [main] INFO org.flywaydb.core.FlywayExecutor -- Database: jdbc:h2:mem:cwd-14e6f090-66f1-41c5-80c2-850ab7363892 (H2 2.3)
01:45:31.490 [main] INFO org.flywaydb.core.internal.schemahistory.JdbcTableSchemaHistory -- Schema history table "public"."flyway_schema_history" does not exist yet
01:45:31.493 [main] INFO org.flywaydb.core.internal.command.DbValidate -- Successfully validated 45 migrations (execution time 00:00.030s)
01:45:31.497 [main] INFO org.flywaydb.core.internal.schemahistory.JdbcTableSchemaHistory -- Creating Schema History table "public"."flyway_schema_history" ...
01:45:31.518 [main] INFO org.flywaydb.core.internal.command.DbMigrate -- Current version of schema "public": << Empty Schema >>
01:45:31.525 [main] INFO org.flywaydb.core.internal.command.DbMigrate -- Migrating schema "public" to version "1 - managed agent core"
01:45:31.542 [main] INFO org.flywaydb.core.internal.command.DbMigrate -- Migrating schema "public" to version "2 - managed agent projection"
01:45:31.554 [main] INFO org.flywaydb.core.internal.command.DbMigrate -- Migrating schema "public" to version "3 - runtime broker"
01:45:31.564 [main] INFO org.flywaydb.core.internal.command.DbMigrate -- Migrating schema "public" to version "4 - managed session store"
01:45:31.575 [main] INFO org.flywaydb.core.internal.command.DbMigrate -- Migrating schema "public" to version "5 - managed session lifecycle"
01:45:31.589 [main] INFO org.flywaydb.core.internal.command.DbMigrate -- Migrating schema "public" to version "6 - managed turn retry"
01:45:31.596 [main] INFO org.flywaydb.core.internal.command.DbMigrate -- Migrating schema "public" to version "7 - managed workspace binding"
01:45:31.624 [main] INFO org.flywaydb.core.internal.command.DbMigrate -- Migrating schema "public" to version "8 - managed workspace registry"
01:45:31.628 [main] INFO org.flywaydb.core.internal.command.DbMigrate -- Migrating schema "public" to version "9 - managed workspace creation command"
01:45:31.632 [main] INFO org.flywaydb.core.internal.command.DbMigrate -- Migrating schema "public" to version "10 - managed runtime context"
01:45:31.638 [main] INFO org.flywaydb.core.internal.command.DbMigrate -- Migrating schema "public" to version "11 - workspace execution"
01:45:31.642 [main] INFO org.flywaydb.core.internal.command.DbMigrate -- Migrating schema "public" to version "12 - runtime broker schema alignment"
01:45:31.650 [main] INFO org.flywaydb.core.internal.command.DbMigrate -- Migrating schema "public" to version "13 - managed session agent revision"
01:45:31.655 [main] INFO org.flywaydb.core.internal.command.DbMigrate -- Migrating schema "public" to version "14 - managed event replay"
01:45:31.665 [main] INFO org.flywaydb.core.internal.command.DbMigrate -- Migrating schema "public" to version "15 - managed event identity"
01:45:31.670 [main] INFO org.flywaydb.core.internal.command.DbMigrate -- Migrating schema "public" to version "16 - runtime loss evidence"
01:45:31.680 [main] INFO org.flywaydb.core.internal.command.DbMigrate -- Migrating schema "public" to version "17 - managed session operation"
01:45:31.684 [main] INFO org.flywaydb.core.internal.command.DbMigrate -- Migrating schema "public" to version "18 - managed extension record"
01:45:31.687 [main] INFO org.flywaydb.core.internal.command.DbMigrate -- Migrating schema "public" to version "19 - workspace operator recovery"
01:45:31.690 [main] INFO org.flywaydb.core.internal.command.DbMigrate -- Migrating schema "public" to version "20 - managed tool publication"
01:45:31.694 [main] INFO org.flywaydb.core.internal.command.DbMigrate -- Migrating schema "public" to version "21 - managed tool publication objects"
01:45:31.718 [main] INFO org.flywaydb.core.internal.command.DbMigrate -- Migrating schema "public" to version "22 - managed tool publication recovery"
01:45:31.721 [main] INFO org.flywaydb.core.internal.command.DbMigrate -- Migrating schema "public" to version "23 - managed mcp records"
01:45:31.723 [main] INFO org.flywaydb.core.internal.command.DbMigrate -- Migrating schema "public" to version "24 - managed actions"
01:45:31.733 [main] INFO org.flywaydb.core.internal.command.DbMigrate -- Migrating schema "public" to version "25 - verified workspace mount"
01:45:31.743 [main] INFO org.flywaydb.core.internal.command.DbMigrate -- Migrating schema "public" to version "26 - managed tool result projection"
01:45:31.749 [main] INFO org.flywaydb.core.internal.command.DbMigrate -- Migrating schema "public" to version "27 - managed hook records"
01:45:31.752 [main] INFO org.flywaydb.core.internal.command.DbMigrate -- Migrating schema "public" to version "28 - managed hook admission index"
01:45:31.757 [main] INFO org.flywaydb.core.internal.command.DbMigrate -- Migrating schema "public" to version "29 - managed hook admission backfill"
01:45:31.760 [main] INFO org.flywaydb.core.internal.command.DbMigrate -- Migrating schema "public" to version "30 - managed tool output retention"
01:45:31.766 [main] INFO org.flywaydb.core.internal.command.DbMigrate -- Migrating schema "public" to version "31 - workspace recovery bundle"
01:45:31.770 [main] INFO org.flywaydb.core.internal.command.DbMigrate -- Migrating schema "public" to version "32 - workspace session close"
01:45:31.773 [main] INFO org.flywaydb.core.internal.command.DbMigrate -- Migrating schema "public" to version "33 - managed agent definitions"
01:45:31.776 [main] INFO org.flywaydb.core.internal.command.DbMigrate -- Migrating schema "public" to version "34 - managed tool output collection"
01:45:31.790 [main] INFO org.flywaydb.core.internal.command.DbMigrate -- Migrating schema "public" to version "35 - managed session tool profile"
01:45:31.793 [main] INFO org.flywaydb.core.internal.command.DbMigrate -- Migrating schema "public" to version "36 - managed session journal activation"
01:45:31.800 [main] INFO org.flywaydb.core.internal.command.DbMigrate -- Migrating schema "public" to version "37 - managed agent event type index"
01:45:31.802 [main] INFO org.flywaydb.core.internal.command.DbMigrate -- Migrating schema "public" to version "38 - managed snapshot deferral marker"
01:45:31.806 [main] INFO org.flywaydb.core.internal.command.DbMigrate -- Migrating schema "public" to version "39 - managed session journal sequence index"
01:45:31.807 [main] INFO org.flywaydb.core.internal.command.DbMigrate -- Migrating schema "public" to version "40 - managed session creator"
01:45:31.814 [main] INFO org.flywaydb.core.internal.command.DbMigrate -- Migrating schema "public" to version "41 - workspace csi reservation"
01:45:31.822 [main] INFO org.flywaydb.core.internal.command.DbMigrate -- Migrating schema "public" to version "42 - workspace csi retirement"
01:45:31.824 [main] INFO org.flywaydb.core.internal.command.DbMigrate -- Migrating schema "public" to version "43 - tool dispatch authorization"
01:45:31.828 [main] INFO org.flywaydb.core.internal.command.DbMigrate -- Migrating schema "public" to version "44 - workspace csi worker ack"
01:45:31.829 [main] INFO org.flywaydb.core.internal.command.DbMigrate -- Migrating schema "public" to version "45 - managed cwd operation"
01:45:31.839 [main] INFO org.flywaydb.core.internal.command.DbMigrate -- Successfully applied 45 migrations to schema "public", now at version v45 (execution time 00:00.187s)
Standard Commons Logging discovery in action with spring-jcl: please remove commons-logging.jar from classpath in order to avoid potential conflicts
01:45:31.978 [main] INFO org.flywaydb.core.FlywayExecutor -- Database: jdbc:h2:mem:cwd-b22b7341-df62-45ae-828a-c6b27f5865d3 (H2 2.3)
01:45:31.987 [main] INFO org.flywaydb.core.internal.schemahistory.JdbcTableSchemaHistory -- Schema history table "public"."flyway_schema_history" does not exist yet
01:45:31.987 [main] INFO org.flywaydb.core.internal.command.DbValidate -- Successfully validated 45 migrations (execution time 00:00.006s)
01:45:31.988 [main] INFO org.flywaydb.core.internal.schemahistory.JdbcTableSchemaHistory -- Creating Schema History table "public"."flyway_schema_history" ...
01:45:31.989 [main] INFO org.flywaydb.core.internal.command.DbMigrate -- Current version of schema "public": << Empty Schema >>
01:45:31.991 [main] INFO org.flywaydb.core.internal.command.DbMigrate -- Migrating schema "public" to version "1 - managed agent core"
01:45:31.996 [main] INFO org.flywaydb.core.internal.command.DbMigrate -- Migrating schema "public" to version "2 - managed agent projection"
01:45:32.000 [main] INFO org.flywaydb.core.internal.command.DbMigrate -- Migrating schema "public" to version "3 - runtime broker"
01:45:32.004 [main] INFO org.flywaydb.core.internal.command.DbMigrate -- Migrating schema "public" to version "4 - managed session store"
01:45:32.006 [main] INFO org.flywaydb.core.internal.command.DbMigrate -- Migrating schema "public" to version "5 - managed session lifecycle"
01:45:32.009 [main] INFO org.flywaydb.core.internal.command.DbMigrate -- Migrating schema "public" to version "6 - managed turn retry"
01:45:32.017 [main] INFO org.flywaydb.core.internal.command.DbMigrate -- Migrating schema "public" to version "7 - managed workspace binding"
01:45:32.027 [main] INFO org.flywaydb.core.internal.command.DbMigrate -- Migrating schema "public" to version "8 - managed workspace registry"
01:45:32.029 [main] INFO org.flywaydb.core.internal.command.DbMigrate -- Migrating schema "public" to version "9 - managed workspace creation command"
01:45:32.031 [main] INFO org.flywaydb.core.internal.command.DbMigrate -- Migrating schema "public" to version "10 - managed runtime context"
01:45:32.034 [main] INFO org.flywaydb.core.internal.command.DbMigrate -- Migrating schema "public" to version "11 - workspace execution"
01:45:32.036 [main] INFO org.flywaydb.core.internal.command.DbMigrate -- Migrating schema "public" to version "12 - runtime broker schema alignment"
01:45:32.044 [main] INFO org.flywaydb.core.internal.command.DbMigrate -- Migrating schema "public" to version "13 - managed session agent revision"
01:45:32.047 [main] INFO org.flywaydb.core.internal.command.DbMigrate -- Migrating schema "public" to version "14 - managed event replay"
01:45:32.052 [main] INFO org.flywaydb.core.internal.command.DbMigrate -- Migrating schema "public" to version "15 - managed event identity"
01:45:32.054 [main] INFO org.flywaydb.core.internal.command.DbMigrate -- Migrating schema "public" to version "16 - runtime loss evidence"
01:45:32.058 [main] INFO org.flywaydb.core.internal.command.DbMigrate -- Migrating schema "public" to version "17 - managed session operation"
01:45:32.060 [main] INFO org.flywaydb.core.internal.command.DbMigrate -- Migrating schema "public" to version "18 - managed extension record"
01:45:32.062 [main] INFO org.flywaydb.core.internal.command.DbMigrate -- Migrating schema "public" to version "19 - workspace operator recovery"
01:45:32.064 [main] INFO org.flywaydb.core.internal.command.DbMigrate -- Migrating schema "public" to version "20 - managed tool publication"
01:45:32.066 [main] INFO org.flywaydb.core.internal.command.DbMigrate -- Migrating schema "public" to version "21 - managed tool publication objects"
01:45:32.078 [main] INFO org.flywaydb.core.internal.command.DbMigrate -- Migrating schema "public" to version "22 - managed tool publication recovery"
01:45:32.080 [main] INFO org.flywaydb.core.internal.command.DbMigrate -- Migrating schema "public" to version "23 - managed mcp records"
01:45:32.081 [main] INFO org.flywaydb.core.internal.command.DbMigrate -- Migrating schema "public" to version "24 - managed actions"
01:45:32.087 [main] INFO org.flywaydb.core.internal.command.DbMigrate -- Migrating schema "public" to version "25 - verified workspace mount"
01:45:32.093 [main] INFO org.flywaydb.core.internal.command.DbMigrate -- Migrating schema "public" to version "26 - managed tool result projection"
01:45:32.096 [main] INFO org.flywaydb.core.internal.command.DbMigrate -- Migrating schema "public" to version "27 - managed hook records"
01:45:32.098 [main] INFO org.flywaydb.core.internal.command.DbMigrate -- Migrating schema "public" to version "28 - managed hook admission index"
01:45:32.101 [main] INFO org.flywaydb.core.internal.command.DbMigrate -- Migrating schema "public" to version "29 - managed hook admission backfill"
01:45:32.103 [main] INFO org.flywaydb.core.internal.command.DbMigrate -- Migrating schema "public" to version "30 - managed tool output retention"
01:45:32.107 [main] INFO org.flywaydb.core.internal.command.DbMigrate -- Migrating schema "public" to version "31 - workspace recovery bundle"
01:45:32.109 [main] INFO org.flywaydb.core.internal.command.DbMigrate -- Migrating schema "public" to version "32 - workspace session close"
01:45:32.111 [main] INFO org.flywaydb.core.internal.command.DbMigrate -- Migrating schema "public" to version "33 - managed agent definitions"
01:45:32.112 [main] INFO org.flywaydb.core.internal.command.DbMigrate -- Migrating schema "public" to version "34 - managed tool output collection"
01:45:32.121 [main] INFO org.flywaydb.core.internal.command.DbMigrate -- Migrating schema "public" to version "35 - managed session tool profile"
01:45:32.124 [main] INFO org.flywaydb.core.internal.command.DbMigrate -- Migrating schema "public" to version "36 - managed session journal activation"
01:45:32.128 [main] INFO org.flywaydb.core.internal.command.DbMigrate -- Migrating schema "public" to version "37 - managed agent event type index"
01:45:32.129 [main] INFO org.flywaydb.core.internal.command.DbMigrate -- Migrating schema "public" to version "38 - managed snapshot deferral marker"
01:45:32.131 [main] INFO org.flywaydb.core.internal.command.DbMigrate -- Migrating schema "public" to version "39 - managed session journal sequence index"
01:45:32.133 [main] INFO org.flywaydb.core.internal.command.DbMigrate -- Migrating schema "public" to version "40 - managed session creator"
01:45:32.135 [main] INFO org.flywaydb.core.internal.command.DbMigrate -- Migrating schema "public" to version "41 - workspace csi reservation"
01:45:32.139 [main] INFO org.flywaydb.core.internal.command.DbMigrate -- Migrating schema "public" to version "42 - workspace csi retirement"
01:45:32.141 [main] INFO org.flywaydb.core.internal.command.DbMigrate -- Migrating schema "public" to version "43 - tool dispatch authorization"
01:45:32.143 [main] INFO org.flywaydb.core.internal.command.DbMigrate -- Migrating schema "public" to version "44 - workspace csi worker ack"
01:45:32.145 [main] INFO org.flywaydb.core.internal.command.DbMigrate -- Migrating schema "public" to version "45 - managed cwd operation"
01:45:32.149 [main] INFO org.flywaydb.core.internal.command.DbMigrate -- Successfully applied 45 migrations to schema "public", now at version v45 (execution time 00:00.078s)
01:45:32.176 [main] INFO org.flywaydb.core.FlywayExecutor -- Database: jdbc:h2:mem:cwd-a8278611-ce97-4a9c-adac-c23df4947286 (H2 2.3)
01:45:32.183 [main] INFO org.flywaydb.core.internal.schemahistory.JdbcTableSchemaHistory -- Schema history table "public"."flyway_schema_history" does not exist yet
01:45:32.184 [main] INFO org.flywaydb.core.internal.command.DbValidate -- Successfully validated 45 migrations (execution time 00:00.006s)
01:45:32.184 [main] INFO org.flywaydb.core.internal.schemahistory.JdbcTableSchemaHistory -- Creating Schema History table "public"."flyway_schema_history" ...
01:45:32.186 [main] INFO org.flywaydb.core.internal.command.DbMigrate -- Current version of schema "public": << Empty Schema >>
01:45:32.187 [main] INFO org.flywaydb.core.internal.command.DbMigrate -- Migrating schema "public" to version "1 - managed agent core"
01:45:32.190 [main] INFO org.flywaydb.core.internal.command.DbMigrate -- Migrating schema "public" to version "2 - managed agent projection"
01:45:32.193 [main] INFO org.flywaydb.core.internal.command.DbMigrate -- Migrating schema "public" to version "3 - runtime broker"
01:45:32.202 [main] INFO org.flywaydb.core.internal.command.DbMigrate -- Migrating schema "public" to version "4 - managed session store"
01:45:32.204 [main] INFO org.flywaydb.core.internal.command.DbMigrate -- Migrating schema "public" to version "5 - managed session lifecycle"
01:45:32.207 [main] INFO org.flywaydb.core.internal.command.DbMigrate -- Migrating schema "public" to version "6 - managed turn retry"
01:45:32.209 [main] INFO org.flywaydb.core.internal.command.DbMigrate -- Migrating schema "public" to version "7 - managed workspace binding"
01:45:32.217 [main] INFO org.flywaydb.core.internal.command.DbMigrate -- Migrating schema "public" to version "8 - managed workspace registry"
01:45:32.219 [main] INFO org.flywaydb.core.internal.command.DbMigrate -- Migrating schema "public" to version "9 - managed workspace creation command"
01:45:32.220 [main] INFO org.flywaydb.core.internal.command.DbMigrate -- Migrating schema "public" to version "10 - managed runtime context"
01:45:32.222 [main] INFO org.flywaydb.core.internal.command.DbMigrate -- Migrating schema "public" to version "11 - workspace execution"
01:45:32.224 [main] INFO org.flywaydb.core.internal.command.DbMigrate -- Migrating schema "public" to version "12 - runtime broker schema alignment"
01:45:32.227 [main] INFO org.flywaydb.core.internal.command.DbMigrate -- Migrating schema "public" to version "13 - managed session agent revision"
01:45:32.229 [main] INFO org.flywaydb.core.internal.command.DbMigrate -- Migrating schema "public" to version "14 - managed event replay"
01:45:32.233 [main] INFO org.flywaydb.core.internal.command.DbMigrate -- Migrating schema "public" to version "15 - managed event identity"
01:45:32.235 [main] INFO org.flywaydb.core.internal.command.DbMigrate -- Migrating schema "public" to version "16 - runtime loss evidence"
01:45:32.238 [main] INFO org.flywaydb.core.internal.command.DbMigrate -- Migrating schema "public" to version "17 - managed session operation"
01:45:32.240 [main] INFO org.flywaydb.core.internal.command.DbMigrate -- Migrating schema "public" to version "18 - managed extension record"
01:45:32.242 [main] INFO org.flywaydb.core.internal.command.DbMigrate -- Migrating schema "public" to version "19 - workspace operator recovery"
01:45:32.243 [main] INFO org.flywaydb.core.internal.command.DbMigrate -- Migrating schema "public" to version "20 - managed tool publication"
01:45:32.245 [main] INFO org.flywaydb.core.internal.command.DbMigrate -- Migrating schema "public" to version "21 - managed tool publication objects"
01:45:32.254 [main] INFO org.flywaydb.core.internal.command.DbMigrate -- Migrating schema "public" to version "22 - managed tool publication recovery"
01:45:32.255 [main] INFO org.flywaydb.core.internal.command.DbMigrate -- Migrating schema "public" to version "23 - managed mcp records"
01:45:32.257 [main] INFO org.flywaydb.core.internal.command.DbMigrate -- Migrating schema "public" to version "24 - managed actions"
01:45:32.262 [main] INFO org.flywaydb.core.internal.command.DbMigrate -- Migrating schema "public" to version "25 - verified workspace mount"
01:45:32.267 [main] INFO org.flywaydb.core.internal.command.DbMigrate -- Migrating schema "public" to version "26 - managed tool result projection"
01:45:32.270 [main] INFO org.flywaydb.core.internal.command.DbMigrate -- Migrating schema "public" to version "27 - managed hook records"
01:45:32.272 [main] INFO org.flywaydb.core.internal.command.DbMigrate -- Migrating schema "public" to version "28 - managed hook admission index"
01:45:32.274 [main] INFO org.flywaydb.core.internal.command.DbMigrate -- Migrating schema "public" to version "29 - managed hook admission backfill"
01:45:32.276 [main] INFO org.flywaydb.core.internal.command.DbMigrate -- Migrating schema "public" to version "30 - managed tool output retention"
01:45:32.279 [main] INFO org.flywaydb.core.internal.command.DbMigrate -- Migrating schema "public" to version "31 - workspace recovery bundle"
01:45:32.281 [main] INFO org.flywaydb.core.internal.command.DbMigrate -- Migrating schema "public" to version "32 - workspace session close"
01:45:32.282 [main] INFO org.flywaydb.core.internal.command.DbMigrate -- Migrating schema "public" to version "33 - managed agent definitions"
01:45:32.283 [main] INFO org.flywaydb.core.internal.command.DbMigrate -- Migrating schema "public" to version "34 - managed tool output collection"
01:45:32.289 [main] INFO org.flywaydb.core.internal.command.DbMigrate -- Migrating schema "public" to version "35 - managed session tool profile"
01:45:32.291 [main] INFO org.flywaydb.core.internal.command.DbMigrate -- Migrating schema "public" to version "36 - managed session journal activation"
01:45:32.295 [main] INFO org.flywaydb.core.internal.command.DbMigrate -- Migrating schema "public" to version "37 - managed agent event type index"
01:45:32.296 [main] INFO org.flywaydb.core.internal.command.DbMigrate -- Migrating schema "public" to version "38 - managed snapshot deferral marker"
01:45:32.297 [main] INFO org.flywaydb.core.internal.command.DbMigrate -- Migrating schema "public" to version "39 - managed session journal sequence index"
01:45:32.298 [main] INFO org.flywaydb.core.internal.command.DbMigrate -- Migrating schema "public" to version "40 - managed session creator"
01:45:32.300 [main] INFO org.flywaydb.core.internal.command.DbMigrate -- Migrating schema "public" to version "41 - workspace csi reservation"
01:45:32.303 [main] INFO org.flywaydb.core.internal.command.DbMigrate -- Migrating schema "public" to version "42 - workspace csi retirement"
01:45:32.304 [main] INFO org.flywaydb.core.internal.command.DbMigrate -- Migrating schema "public" to version "43 - tool dispatch authorization"
01:45:32.306 [main] INFO org.flywaydb.core.internal.command.DbMigrate -- Migrating schema "public" to version "44 - workspace csi worker ack"
01:45:32.307 [main] INFO org.flywaydb.core.internal.command.DbMigrate -- Migrating schema "public" to version "45 - managed cwd operation"
01:45:32.310 [main] INFO org.flywaydb.core.internal.command.DbMigrate -- Successfully applied 45 migrations to schema "public", now at version v45 (execution time 00:00.047s)
01:45:32.337 [main] INFO org.flywaydb.core.FlywayExecutor -- Database: jdbc:h2:mem:cwd-d47b360d-3cd0-464e-b0b6-7000257614e9 (H2 2.3)
01:45:32.344 [main] INFO org.flywaydb.core.internal.schemahistory.JdbcTableSchemaHistory -- Schema history table "public"."flyway_schema_history" does not exist yet
01:45:32.344 [main] INFO org.flywaydb.core.internal.command.DbValidate -- Successfully validated 45 migrations (execution time 00:00.006s)
01:45:32.345 [main] INFO org.flywaydb.core.internal.schemahistory.JdbcTableSchemaHistory -- Creating Schema History table "public"."flyway_schema_history" ...
01:45:32.346 [main] INFO org.flywaydb.core.internal.command.DbMigrate -- Current version of schema "public": << Empty Schema >>
01:45:32.353 [main] INFO org.flywaydb.core.internal.command.DbMigrate -- Migrating schema "public" to version "1 - managed agent core"
01:45:32.356 [main] INFO org.flywaydb.core.internal.command.DbMigrate -- Migrating schema "public" to version "2 - managed agent projection"
01:45:32.358 [main] INFO org.flywaydb.core.internal.command.DbMigrate -- Migrating schema "public" to version "3 - runtime broker"
01:45:32.361 [main] INFO org.flywaydb.core.internal.command.DbMigrate -- Migrating schema "public" to version "4 - managed session store"
01:45:32.362 [main] INFO org.flywaydb.core.internal.command.DbMigrate -- Migrating schema "public" to version "5 - managed session lifecycle"
01:45:32.364 [main] INFO org.flywaydb.core.internal.command.DbMigrate -- Migrating schema "public" to version "6 - managed turn retry"
01:45:32.366 [main] INFO org.flywaydb.core.internal.command.DbMigrate -- Migrating schema "public" to version "7 - managed workspace binding"
01:45:32.372 [main] INFO org.flywaydb.core.internal.command.DbMigrate -- Migrating schema "public" to version "8 - managed workspace registry"
01:45:32.373 [main] INFO org.flywaydb.core.internal.command.DbMigrate -- Migrating schema "public" to version "9 - managed workspace creation command"
01:45:32.375 [main] INFO org.flywaydb.core.internal.command.DbMigrate -- Migrating schema "public" to version "10 - managed runtime context"
01:45:32.376 [main] INFO org.flywaydb.core.internal.command.DbMigrate -- Migrating schema "public" to version "11 - workspace execution"
01:45:32.377 [main] INFO org.flywaydb.core.internal.command.DbMigrate -- Migrating schema "public" to version "12 - runtime broker schema alignment"
01:45:32.380 [main] INFO org.flywaydb.core.internal.command.DbMigrate -- Migrating schema "public" to version "13 - managed session agent revision"
01:45:32.382 [main] INFO org.flywaydb.core.internal.command.DbMigrate -- Migrating schema "public" to version "14 - managed event replay"
01:45:32.384 [main] INFO org.flywaydb.core.internal.command.DbMigrate -- Migrating schema "public" to version "15 - managed event identity"
01:45:32.385 [main] INFO org.flywaydb.core.internal.command.DbMigrate -- Migrating schema "public" to version "16 - runtime loss evidence"
01:45:32.388 [main] INFO org.flywaydb.core.internal.command.DbMigrate -- Migrating schema "public" to version "17 - managed session operation"
01:45:32.390 [main] INFO org.flywaydb.core.internal.command.DbMigrate -- Migrating schema "public" to version "18 - managed extension record"
01:45:32.391 [main] INFO org.flywaydb.core.internal.command.DbMigrate -- Migrating schema "public" to version "19 - workspace operator recovery"
01:45:32.392 [main] INFO org.flywaydb.core.internal.command.DbMigrate -- Migrating schema "public" to version "20 - managed tool publication"
01:45:32.394 [main] INFO org.flywaydb.core.internal.command.DbMigrate -- Migrating schema "public" to version "21 - managed tool publication objects"
01:45:32.401 [main] INFO org.flywaydb.core.internal.command.DbMigrate -- Migrating schema "public" to version "22 - managed tool publication recovery"
01:45:32.402 [main] INFO org.flywaydb.core.internal.command.DbMigrate -- Migrating schema "public" to version "23 - managed mcp records"
01:45:32.403 [main] INFO org.flywaydb.core.internal.command.DbMigrate -- Migrating schema "public" to version "24 - managed actions"
01:45:32.407 [main] INFO org.flywaydb.core.internal.command.DbMigrate -- Migrating schema "public" to version "25 - verified workspace mount"
01:45:32.411 [main] INFO org.flywaydb.core.internal.command.DbMigrate -- Migrating schema "public" to version "26 - managed tool result projection"
01:45:32.413 [main] INFO org.flywaydb.core.internal.command.DbMigrate -- Migrating schema "public" to version "27 - managed hook records"
01:45:32.414 [main] INFO org.flywaydb.core.internal.command.DbMigrate -- Migrating schema "public" to version "28 - managed hook admission index"
01:45:32.416 [main] INFO org.flywaydb.core.internal.command.DbMigrate -- Migrating schema "public" to version "29 - managed hook admission backfill"
01:45:32.417 [main] INFO org.flywaydb.core.internal.command.DbMigrate -- Migrating schema "public" to version "30 - managed tool output retention"
01:45:32.419 [main] INFO org.flywaydb.core.internal.command.DbMigrate -- Migrating schema "public" to version "31 - workspace recovery bundle"
01:45:32.421 [main] INFO org.flywaydb.core.internal.command.DbMigrate -- Migrating schema "public" to version "32 - workspace session close"
01:45:32.422 [main] INFO org.flywaydb.core.internal.command.DbMigrate -- Migrating schema "public" to version "33 - managed agent definitions"
01:45:32.423 [main] INFO org.flywaydb.core.internal.command.DbMigrate -- Migrating schema "public" to version "34 - managed tool output collection"
01:45:32.428 [main] INFO org.flywaydb.core.internal.command.DbMigrate -- Migrating schema "public" to version "35 - managed session tool profile"
01:45:32.430 [main] INFO org.flywaydb.core.internal.command.DbMigrate -- Migrating schema "public" to version "36 - managed session journal activation"
01:45:32.433 [main] INFO org.flywaydb.core.internal.command.DbMigrate -- Migrating schema "public" to version "37 - managed agent event type index"
01:45:32.434 [main] INFO org.flywaydb.core.internal.command.DbMigrate -- Migrating schema "public" to version "38 - managed snapshot deferral marker"
01:45:32.435 [main] INFO org.flywaydb.core.internal.command.DbMigrate -- Migrating schema "public" to version "39 - managed session journal sequence index"
01:45:32.436 [main] INFO org.flywaydb.core.internal.command.DbMigrate -- Migrating schema "public" to version "40 - managed session creator"
01:45:32.444 [main] INFO org.flywaydb.core.internal.command.DbMigrate -- Migrating schema "public" to version "41 - workspace csi reservation"
01:45:32.447 [main] INFO org.flywaydb.core.internal.command.DbMigrate -- Migrating schema "public" to version "42 - workspace csi retirement"
01:45:32.448 [main] INFO org.flywaydb.core.internal.command.DbMigrate -- Migrating schema "public" to version "43 - tool dispatch authorization"
01:45:32.449 [main] INFO org.flywaydb.core.internal.command.DbMigrate -- Migrating schema "public" to version "44 - workspace csi worker ack"
01:45:32.450 [main] INFO org.flywaydb.core.internal.command.DbMigrate -- Migrating schema "public" to version "45 - managed cwd operation"
01:45:32.452 [main] INFO org.flywaydb.core.internal.command.DbMigrate -- Successfully applied 45 migrations to schema "public", now at version v45 (execution time 00:00.033s)
01:45:32.465 [main] INFO com.alibaba.qwen.code.managedagent.service.SessionLifecycleCoordinator -- Managed Session cwd change refused tenant=cwd-tenant session=e19e93fa-36ce-4a43-bf07-daddd61da2ba operation=op_26e1cefeb891440e8a3128ed4a0600b2 code=workspace_unavailable failure=RuntimeBrokerException Workspace execution authority is unavailable.
01:45:32.478 [main] INFO org.flywaydb.core.FlywayExecutor -- Database: jdbc:h2:mem:cwd-c371f5d3-dda4-47a0-8b09-957a8ace232f (H2 2.3)
01:45:32.484 [main] INFO org.flywaydb.core.internal.schemahistory.JdbcTableSchemaHistory -- Schema history table "public"."flyway_schema_history" does not exist yet
01:45:32.484 [main] INFO org.flywaydb.core.internal.command.DbValidate -- Successfully validated 45 migrations (execution time 00:00.004s)
01:45:32.484 [main] INFO org.flywaydb.core.internal.schemahistory.JdbcTableSchemaHistory -- Creating Schema History table "public"."flyway_schema_history" ...
01:45:32.486 [main] INFO org.flywaydb.core.internal.command.DbMigrate -- Current version of schema "public": << Empty Schema >>
01:45:32.487 [main] INFO org.flywaydb.core.internal.command.DbMigrate -- Migrating schema "public" to version "1 - managed agent core"
01:45:32.489 [main] INFO org.flywaydb.core.internal.command.DbMigrate -- Migrating schema "public" to version "2 - managed agent projection"
01:45:32.491 [main] INFO org.flywaydb.core.internal.command.DbMigrate -- Migrating schema "public" to version "3 - runtime broker"
01:45:32.493 [main] INFO org.flywaydb.core.internal.command.DbMigrate -- Migrating schema "public" to version "4 - managed session store"
01:45:32.494 [main] INFO org.flywaydb.core.internal.command.DbMigrate -- Migrating schema "public" to version "5 - managed session lifecycle"
01:45:32.496 [main] INFO org.flywaydb.core.internal.command.DbMigrate -- Migrating schema "public" to version "6 - managed turn retry"
01:45:32.498 [main] INFO org.flywaydb.core.internal.command.DbMigrate -- Migrating schema "public" to version "7 - managed workspace binding"
01:45:32.505 [main] INFO org.flywaydb.core.internal.command.DbMigrate -- Migrating schema "public" to version "8 - managed workspace registry"
01:45:32.507 [main] INFO org.flywaydb.core.internal.command.DbMigrate -- Migrating schema "public" to version "9 - managed workspace creation command"
01:45:32.509 [main] INFO org.flywaydb.core.internal.command.DbMigrate -- Migrating schema "public" to version "10 - managed runtime context"
01:45:32.511 [main] INFO org.flywaydb.core.internal.command.DbMigrate -- Migrating schema "public" to version "11 - workspace execution"
01:45:32.512 [main] INFO org.flywaydb.core.internal.command.DbMigrate -- Migrating schema "public" to version "12 - runtime broker schema alignment"
01:45:32.515 [main] INFO org.flywaydb.core.internal.command.DbMigrate -- Migrating schema "public" to version "13 - managed session agent revision"
01:45:32.517 [main] INFO org.flywaydb.core.internal.command.DbMigrate -- Migrating schema "public" to version "14 - managed event replay"
01:45:32.519 [main] INFO org.flywaydb.core.internal.command.DbMigrate -- Migrating schema "public" to version "15 - managed event identity"
01:45:32.521 [main] INFO org.flywaydb.core.internal.command.DbMigrate -- Migrating schema "public" to version "16 - runtime loss evidence"
01:45:32.524 [main] INFO org.flywaydb.core.internal.command.DbMigrate -- Migrating schema "public" to version "17 - managed session operation"
01:45:32.527 [main] INFO org.flywaydb.core.internal.command.DbMigrate -- Migrating schema "public" to version "18 - managed extension record"
01:45:32.528 [main] INFO org.flywaydb.core.internal.command.DbMigrate -- Migrating schema "public" to version "19 - workspace operator recovery"
01:45:32.529 [main] INFO org.flywaydb.core.internal.command.DbMigrate -- Migrating schema "public" to version "20 - managed tool publication"
01:45:32.531 [main] INFO org.flywaydb.core.internal.command.DbMigrate -- Migrating schema "public" to version "21 - managed tool publication objects"
01:45:32.540 [main] INFO org.flywaydb.core.internal.command.DbMigrate -- Migrating schema "public" to version "22 - managed tool publication recovery"
01:45:32.542 [main] INFO org.flywaydb.core.internal.command.DbMigrate -- Migrating schema "public" to version "23 - managed mcp records"
01:45:32.543 [main] INFO org.flywaydb.core.internal.command.DbMigrate -- Migrating schema "public" to version "24 - managed actions"
01:45:32.547 [main] INFO org.flywaydb.core.internal.command.DbMigrate -- Migrating schema "public" to version "25 - verified workspace mount"
01:45:32.551 [main] INFO org.flywaydb.core.internal.command.DbMigrate -- Migrating schema "public" to version "26 - managed tool result projection"
01:45:32.553 [main] INFO org.flywaydb.core.internal.command.DbMigrate -- Migrating schema "public" to version "27 - managed hook records"
01:45:32.555 [main] INFO org.flywaydb.core.internal.command.DbMigrate -- Migrating schema "public" to version "28 - managed hook admission index"
01:45:32.562 [main] INFO org.flywaydb.core.internal.command.DbMigrate -- Migrating schema "public" to version "29 - managed hook admission backfill"
01:45:32.564 [main] INFO org.flywaydb.core.internal.command.DbMigrate -- Migrating schema "public" to version "30 - managed tool output retention"
01:45:32.569 [main] INFO org.flywaydb.core.internal.command.DbMigrate -- Migrating schema "public" to version "31 - workspace recovery bundle"
01:45:32.571 [main] INFO org.flywaydb.core.internal.command.DbMigrate -- Migrating schema "public" to version "32 - workspace session close"
01:45:32.573 [main] INFO org.flywaydb.core.internal.command.DbMigrate -- Migrating schema "public" to version "33 - managed agent definitions"
01:45:32.574 [main] INFO org.flywaydb.core.internal.command.DbMigrate -- Migrating schema "public" to version "34 - managed tool output collection"
01:45:32.580 [main] INFO org.flywaydb.core.internal.command.DbMigrate -- Migrating schema "public" to version "35 - managed session tool profile"
01:45:32.583 [main] INFO org.flywaydb.core.internal.command.DbMigrate -- Migrating schema "public" to version "36 - managed session journal activation"
01:45:32.586 [main] INFO org.flywaydb.core.internal.command.DbMigrate -- Migrating schema "public" to version "37 - managed agent event type index"
01:45:32.587 [main] INFO org.flywaydb.core.internal.command.DbMigrate -- Migrating schema "public" to version "38 - managed snapshot deferral marker"
01:45:32.588 [main] INFO org.flywaydb.core.internal.command.DbMigrate -- Migrating schema "public" to version "39 - managed session journal sequence index"
01:45:32.589 [main] INFO org.flywaydb.core.internal.command.DbMigrate -- Migrating schema "public" to version "40 - managed session creator"
01:45:32.591 [main] INFO org.flywaydb.core.internal.command.DbMigrate -- Migrating schema "public" to version "41 - workspace csi reservation"
01:45:32.594 [main] INFO org.flywaydb.core.internal.command.DbMigrate -- Migrating schema "public" to version "42 - workspace csi retirement"
01:45:32.596 [main] INFO org.flywaydb.core.internal.command.DbMigrate -- Migrating schema "public" to version "43 - tool dispatch authorization"
01:45:32.599 [main] INFO org.flywaydb.core.internal.command.DbMigrate -- Migrating schema "public" to version "44 - workspace csi worker ack"
01:45:32.600 [main] INFO org.flywaydb.core.internal.command.DbMigrate -- Migrating schema "public" to version "45 - managed cwd operation"
01:45:32.604 [main] INFO org.flywaydb.core.internal.command.DbMigrate -- Successfully applied 45 migrations to schema "public", now at version v45 (execution time 00:00.052s)
01:45:32.632 [main] INFO org.flywaydb.core.FlywayExecutor -- Database: jdbc:h2:mem:cwd-ae1c4910-ea96-4cc4-b5ea-d7be6913e05b (H2 2.3)
01:45:32.638 [main] INFO org.flywaydb.core.internal.schemahistory.JdbcTableSchemaHistory -- Schema history table "public"."flyway_schema_history" does not exist yet
01:45:32.638 [main] INFO org.flywaydb.core.internal.command.DbValidate -- Successfully validated 45 migrations (execution time 00:00.004s)
01:45:32.638 [main] INFO org.flywaydb.core.internal.schemahistory.JdbcTableSchemaHistory -- Creating Schema History table "public"."flyway_schema_history" ...
01:45:32.639 [main] INFO org.flywaydb.core.internal.command.DbMigrate -- Current version of schema "public": << Empty Schema >>
01:45:32.640 [main] INFO org.flywaydb.core.internal.command.DbMigrate -- Migrating schema "public" to version "1 - managed agent core"
01:45:32.642 [main] INFO org.flywaydb.core.internal.command.DbMigrate -- Migrating schema "public" to version "2 - managed agent projection"
01:45:32.645 [main] INFO org.flywaydb.core.internal.command.DbMigrate -- Migrating schema "public" to version "3 - runtime broker"
01:45:32.647 [main] INFO org.flywaydb.core.internal.command.DbMigrate -- Migrating schema "public" to version "4 - managed session store"
01:45:32.649 [main] INFO org.flywaydb.core.internal.command.DbMigrate -- Migrating schema "public" to version "5 - managed session lifecycle"
01:45:32.651 [main] INFO org.flywaydb.core.internal.command.DbMigrate -- Migrating schema "public" to version "6 - managed turn retry"
01:45:32.653 [main] INFO org.flywaydb.core.internal.command.DbMigrate -- Migrating schema "public" to version "7 - managed workspace binding"
01:45:32.659 [main] INFO org.flywaydb.core.internal.command.DbMigrate -- Migrating schema "public" to version "8 - managed workspace registry"
01:45:32.660 [main] INFO org.flywaydb.core.internal.command.DbMigrate -- Migrating schema "public" to version "9 - managed workspace creation command"
01:45:32.662 [main] INFO org.flywaydb.core.internal.command.DbMigrate -- Migrating schema "public" to version "10 - managed runtime context"
01:45:32.664 [main] INFO org.flywaydb.core.internal.command.DbMigrate -- Migrating schema "public" to version "11 - workspace execution"
01:45:32.665 [main] INFO org.flywaydb.core.internal.command.DbMigrate -- Migrating schema "public" to version "12 - runtime broker schema alignment"
01:45:32.669 [main] INFO org.flywaydb.core.internal.command.DbMigrate -- Migrating schema "public" to version "13 - managed session agent revision"
01:45:32.672 [main] INFO org.flywaydb.core.internal.command.DbMigrate -- Migrating schema "public" to version "14 - managed event replay"
01:45:32.676 [main] INFO org.flywaydb.core.internal.command.DbMigrate -- Migrating schema "public" to version "15 - managed event identity"
01:45:32.677 [main] INFO org.flywaydb.core.internal.command.DbMigrate -- Migrating schema "public" to version "16 - runtime loss evidence"
01:45:32.680 [main] INFO org.flywaydb.core.internal.command.DbMigrate -- Migrating schema "public" to version "17 - managed session operation"
01:45:32.682 [main] INFO org.flywaydb.core.internal.command.DbMigrate -- Migrating schema "public" to version "18 - managed extension record"
01:45:32.683 [main] INFO org.flywaydb.core.internal.command.DbMigrate -- Migrating schema "public" to version "19 - workspace operator recovery"
01:45:32.684 [main] INFO org.flywaydb.core.internal.command.DbMigrate -- Migrating schema "public" to version "20 - managed tool publication"
01:45:32.686 [main] INFO org.flywaydb.core.internal.command.DbMigrate -- Migrating schema "public" to version "21 - managed tool publication objects"
01:45:32.695 [main] INFO org.flywaydb.core.internal.command.DbMigrate -- Migrating schema "public" to version "22 - managed tool publication recovery"
01:45:32.696 [main] INFO org.flywaydb.core.internal.command.DbMigrate -- Migrating schema "public" to version "23 - managed mcp records"
01:45:32.697 [main] INFO org.flywaydb.core.internal.command.DbMigrate -- Migrating schema "public" to version "24 - managed actions"
01:45:32.703 [main] INFO org.flywaydb.core.internal.command.DbMigrate -- Migrating schema "public" to version "25 - verified workspace mount"
01:45:32.708 [main] INFO org.flywaydb.core.internal.command.DbMigrate -- Migrating schema "public" to version "26 - managed tool result projection"
01:45:32.710 [main] INFO org.flywaydb.core.internal.command.DbMigrate -- Migrating schema "public" to version "27 - managed hook records"
01:45:32.712 [main] INFO org.flywaydb.core.internal.command.DbMigrate -- Migrating schema "public" to version "28 - managed hook admission index"
01:45:32.713 [main] INFO org.flywaydb.core.internal.command.DbMigrate -- Migrating schema "public" to version "29 - managed hook admission backfill"
01:45:32.715 [main] INFO org.flywaydb.core.internal.command.DbMigrate -- Migrating schema "public" to version "30 - managed tool output retention"
01:45:32.719 [main] INFO org.flywaydb.core.internal.command.DbMigrate -- Migrating schema "public" to version "31 - workspace recovery bundle"
01:45:32.721 [main] INFO org.flywaydb.core.internal.command.DbMigrate -- Migrating schema "public" to version "32 - workspace session close"
01:45:32.723 [main] INFO org.flywaydb.core.internal.command.DbMigrate -- Migrating schema "public" to version "33 - managed agent definitions"
01:45:32.724 [main] INFO org.flywaydb.core.internal.command.DbMigrate -- Migrating schema "public" to version "34 - managed tool output collection"
01:45:32.731 [main] INFO org.flywaydb.core.internal.command.DbMigrate -- Migrating schema "public" to version "35 - managed session tool profile"
01:45:32.734 [main] INFO org.flywaydb.core.internal.command.DbMigrate -- Migrating schema "public" to version "36 - managed session journal activation"
01:45:32.736 [main] INFO org.flywaydb.core.internal.command.DbMigrate -- Migrating schema "public" to version "37 - managed agent event type index"
01:45:32.737 [main] INFO org.flywaydb.core.internal.command.DbMigrate -- Migrating schema "public" to version "38 - managed snapshot deferral marker"
01:45:32.738 [main] INFO org.flywaydb.core.internal.command.DbMigrate -- Migrating schema "public" to version "39 - managed session journal sequence index"
01:45:32.738 [main] INFO org.flywaydb.core.internal.command.DbMigrate -- Migrating schema "public" to version "40 - managed session creator"
01:45:32.740 [main] INFO org.flywaydb.core.internal.command.DbMigrate -- Migrating schema "public" to version "41 - workspace csi reservation"
01:45:32.743 [main] INFO org.flywaydb.core.internal.command.DbMigrate -- Migrating schema "public" to version "42 - workspace csi retirement"
01:45:32.744 [main] INFO org.flywaydb.core.internal.command.DbMigrate -- Migrating schema "public" to version "43 - tool dispatch authorization"
01:45:32.747 [main] INFO org.flywaydb.core.internal.command.DbMigrate -- Migrating schema "public" to version "44 - workspace csi worker ack"
01:45:32.748 [main] INFO org.flywaydb.core.internal.command.DbMigrate -- Migrating schema "public" to version "45 - managed cwd operation"
01:45:32.751 [main] INFO org.flywaydb.core.internal.command.DbMigrate -- Successfully applied 45 migrations to schema "public", now at version v45 (execution time 00:00.048s)
01:45:32.762 [main] INFO org.flywaydb.core.FlywayExecutor -- Database: jdbc:h2:mem:cwd-270aafe7-ad83-42c2-a923-ae8bf5315582 (H2 2.3)
01:45:32.767 [main] INFO org.flywaydb.core.internal.schemahistory.JdbcTableSchemaHistory -- Schema history table "public"."flyway_schema_history" does not exist yet
01:45:32.767 [main] INFO org.flywaydb.core.internal.command.DbValidate -- Successfully validated 45 migrations (execution time 00:00.004s)
01:45:32.768 [main] INFO org.flywaydb.core.internal.schemahistory.JdbcTableSchemaHistory -- Creating Schema History table "public"."flyway_schema_history" ...
01:45:32.769 [main] INFO org.flywaydb.core.internal.command.DbMigrate -- Current version of schema "public": << Empty Schema >>
01:45:32.770 [main] INFO org.flywaydb.core.internal.command.DbMigrate -- Migrating schema "public" to version "1 - managed agent core"
01:45:32.772 [main] INFO org.flywaydb.core.internal.command.DbMigrate -- Migrating schema "public" to version "2 - managed agent projection"
01:45:32.774 [main] INFO org.flywaydb.core.internal.command.DbMigrate -- Migrating schema "public" to version "3 - runtime broker"
01:45:32.776 [main] INFO org.flywaydb.core.internal.command.DbMigrate -- Migrating schema "public" to version "4 - managed session store"
01:45:32.777 [main] INFO org.flywaydb.core.internal.command.DbMigrate -- Migrating schema "public" to version "5 - managed session lifecycle"
01:45:32.779 [main] INFO org.flywaydb.core.internal.command.DbMigrate -- Migrating schema "public" to version "6 - managed turn retry"
01:45:32.782 [main] INFO org.flywaydb.core.internal.command.DbMigrate -- Migrating schema "public" to version "7 - managed workspace binding"
01:45:32.787 [main] INFO org.flywaydb.core.internal.command.DbMigrate -- Migrating schema "public" to version "8 - managed workspace registry"
01:45:32.790 [main] INFO org.flywaydb.core.internal.command.DbMigrate -- Migrating schema "public" to version "9 - managed workspace creation command"
01:45:32.792 [main] INFO org.flywaydb.core.internal.command.DbMigrate -- Migrating schema "public" to version "10 - managed runtime context"
01:45:32.794 [main] INFO org.flywaydb.core.internal.command.DbMigrate -- Migrating schema "public" to version "11 - workspace execution"
01:45:32.795 [main] INFO org.flywaydb.core.internal.command.DbMigrate -- Migrating schema "public" to version "12 - runtime broker schema alignment"
01:45:32.797 [main] INFO org.flywaydb.core.internal.command.DbMigrate -- Migrating schema "public" to version "13 - managed session agent revision"
01:45:32.799 [main] INFO org.flywaydb.core.internal.command.DbMigrate -- Migrating schema "public" to version "14 - managed event replay"
01:45:32.802 [main] INFO org.flywaydb.core.internal.command.DbMigrate -- Migrating schema "public" to version "15 - managed event identity"
01:45:32.804 [main] INFO org.flywaydb.core.internal.command.DbMigrate -- Migrating schema "public" to version "16 - runtime loss evidence"
01:45:32.808 [main] INFO org.flywaydb.core.internal.command.DbMigrate -- Migrating schema "public" to version "17 - managed session operation"
01:45:32.809 [main] INFO org.flywaydb.core.internal.command.DbMigrate -- Migrating schema "public" to version "18 - managed extension record"
01:45:32.811 [main] INFO org.flywaydb.core.internal.command.DbMigrate -- Migrating schema "public" to version "19 - workspace operator recovery"
01:45:32.812 [main] INFO org.flywaydb.core.internal.command.DbMigrate -- Migrating schema "public" to version "20 - managed tool publication"
01:45:32.814 [main] INFO org.flywaydb.core.internal.command.DbMigrate -- Migrating schema "public" to version "21 - managed tool publication objects"
01:45:32.822 [main] INFO org.flywaydb.core.internal.command.DbMigrate -- Migrating schema "public" to version "22 - managed tool publication recovery"
01:45:32.824 [main] INFO org.flywaydb.core.internal.command.DbMigrate -- Migrating schema "public" to version "23 - managed mcp records"
01:45:32.824 [main] INFO org.flywaydb.core.internal.command.DbMigrate -- Migrating schema "public" to version "24 - managed actions"
01:45:32.830 [main] INFO org.flywaydb.core.internal.command.DbMigrate -- Migrating schema "public" to version "25 - verified workspace mount"
01:45:32.836 [main] INFO org.flywaydb.core.internal.command.DbMigrate -- Migrating schema "public" to version "26 - managed tool result projection"
01:45:32.839 [main] INFO org.flywaydb.core.internal.command.DbMigrate -- Migrating schema "public" to version "27 - managed hook records"
01:45:32.840 [main] INFO org.flywaydb.core.internal.command.DbMigrate -- Migrating schema "public" to version "28 - managed hook admission index"
01:45:32.843 [main] INFO org.flywaydb.core.internal.command.DbMigrate -- Migrating schema "public" to version "29 - managed hook admission backfill"
01:45:32.844 [main] INFO org.flywaydb.core.internal.command.DbMigrate -- Migrating schema "public" to version "30 - managed tool output retention"
01:45:32.847 [main] INFO org.flywaydb.core.internal.command.DbMigrate -- Migrating schema "public" to version "31 - workspace recovery bundle"
01:45:32.848 [main] INFO org.flywaydb.core.internal.command.DbMigrate -- Migrating schema "public" to version "32 - workspace session close"
01:45:32.850 [main] INFO org.flywaydb.core.internal.command.DbMigrate -- Migrating schema "public" to version "33 - managed agent definitions"
01:45:32.850 [main] INFO org.flywaydb.core.internal.command.DbMigrate -- Migrating schema "public" to version "34 - managed tool output collection"
01:45:32.857 [main] INFO org.flywaydb.core.internal.command.DbMigrate -- Migrating schema "public" to version "35 - managed session tool profile"
01:45:32.860 [main] INFO org.flywaydb.core.internal.command.DbMigrate -- Migrating schema "public" to version "36 - managed session journal activation"
01:45:32.863 [main] INFO org.flywaydb.core.internal.command.DbMigrate -- Migrating schema "public" to version "37 - managed agent event type index"
01:45:32.864 [main] INFO org.flywaydb.core.internal.command.DbMigrate -- Migrating schema "public" to version "38 - managed snapshot deferral marker"
01:45:32.865 [main] INFO org.flywaydb.core.internal.command.DbMigrate -- Migrating schema "public" to version "39 - managed session journal sequence index"
01:45:32.867 [main] INFO org.flywaydb.core.internal.command.DbMigrate -- Migrating schema "public" to version "40 - managed session creator"
01:45:32.870 [main] INFO org.flywaydb.core.internal.command.DbMigrate -- Migrating schema "public" to version "41 - workspace csi reservation"
01:45:32.872 [main] INFO org.flywaydb.core.internal.command.DbMigrate -- Migrating schema "public" to version "42 - workspace csi retirement"
01:45:32.873 [main] INFO org.flywaydb.core.internal.command.DbMigrate -- Migrating schema "public" to version "43 - tool dispatch authorization"
01:45:32.875 [main] INFO org.flywaydb.core.internal.command.DbMigrate -- Migrating schema "public" to version "44 - workspace csi worker ack"
01:45:32.876 [main] INFO org.flywaydb.core.internal.command.DbMigrate -- Migrating schema "public" to version "45 - managed cwd operation"
01:45:32.878 [main] INFO org.flywaydb.core.internal.command.DbMigrate -- Successfully applied 45 migrations to schema "public", now at version v45 (execution time 00:00.049s)
01:45:32.890 [main] INFO org.flywaydb.core.FlywayExecutor -- Database: jdbc:h2:mem:cwd-e7a45b29-c02d-478b-9468-eaaa186d244d (H2 2.3)
01:45:32.897 [main] INFO org.flywaydb.core.internal.schemahistory.JdbcTableSchemaHistory -- Schema history table "public"."flyway_schema_history" does not exist yet
01:45:32.898 [main] INFO org.flywaydb.core.internal.command.DbValidate -- Successfully validated 45 migrations (execution time 00:00.006s)
01:45:32.898 [main] INFO org.flywaydb.core.internal.schemahistory.JdbcTableSchemaHistory -- Creating Schema History table "public"."flyway_schema_history" ...
01:45:32.899 [main] INFO org.flywaydb.core.internal.command.DbMigrate -- Current version of schema "public": << Empty Schema >>
01:45:32.900 [main] INFO org.flywaydb.core.internal.command.DbMigrate -- Migrating schema "public" to version "1 - managed agent core"
01:45:32.902 [main] INFO org.flywaydb.core.internal.command.DbMigrate -- Migrating schema "public" to version "2 - managed agent projection"
01:45:32.905 [main] INFO org.flywaydb.core.internal.command.DbMigrate -- Migrating schema "public" to version "3 - runtime broker"
01:45:32.907 [main] INFO org.flywaydb.core.internal.command.DbMigrate -- Migrating schema "public" to version "4 - managed session store"
01:45:32.909 [main] INFO org.flywaydb.core.internal.command.DbMigrate -- Migrating schema "public" to version "5 - managed session lifecycle"
01:45:32.911 [main] INFO org.flywaydb.core.internal.command.DbMigrate -- Migrating schema "public" to version "6 - managed turn retry"
01:45:32.914 [main] INFO org.flywaydb.core.internal.command.DbMigrate -- Migrating schema "public" to version "7 - managed workspace binding"
01:45:32.920 [main] INFO org.flywaydb.core.internal.command.DbMigrate -- Migrating schema "public" to version "8 - managed workspace registry"
01:45:32.923 [main] INFO org.flywaydb.core.internal.command.DbMigrate -- Migrating schema "public" to version "9 - managed workspace creation command"
01:45:32.923 [main] INFO org.flywaydb.core.internal.command.DbMigrate -- Migrating schema "public" to version "10 - managed runtime context"
01:45:32.925 [main] INFO org.flywaydb.core.internal.command.DbMigrate -- Migrating schema "public" to version "11 - workspace execution"
01:45:32.926 [main] INFO org.flywaydb.core.internal.command.DbMigrate -- Migrating schema "public" to version "12 - runtime broker schema alignment"
01:45:32.928 [main] INFO org.flywaydb.core.internal.command.DbMigrate -- Migrating schema "public" to version "13 - managed session agent revision"
01:45:32.929 [main] INFO org.flywaydb.core.internal.command.DbMigrate -- Migrating schema "public" to version "14 - managed event replay"
01:45:32.932 [main] INFO org.flywaydb.core.internal.command.DbMigrate -- Migrating schema "public" to version "15 - managed event identity"
01:45:32.934 [main] INFO org.flywaydb.core.internal.command.DbMigrate -- Migrating schema "public" to version "16 - runtime loss evidence"
01:45:32.938 [main] INFO org.flywaydb.core.internal.command.DbMigrate -- Migrating schema "public" to version "17 - managed session operation"
01:45:32.940 [main] INFO org.flywaydb.core.internal.command.DbMigrate -- Migrating schema "public" to version "18 - managed extension record"
01:45:32.941 [main] INFO org.flywaydb.core.internal.command.DbMigrate -- Migrating schema "public" to version "19 - workspace operator recovery"
01:45:32.942 [main] INFO org.flywaydb.core.internal.command.DbMigrate -- Migrating schema "public" to version "20 - managed tool publication"
01:45:32.944 [main] INFO org.flywaydb.core.internal.command.DbMigrate -- Migrating schema "public" to version "21 - managed tool publication objects"
01:45:32.952 [main] INFO org.flywaydb.core.internal.command.DbMigrate -- Migrating schema "public" to version "22 - managed tool publication recovery"
01:45:32.953 [main] INFO org.flywaydb.core.internal.command.DbMigrate -- Migrating schema "public" to version "23 - managed mcp records"
01:45:32.954 [main] INFO org.flywaydb.core.internal.command.DbMigrate -- Migrating schema "public" to version "24 - managed actions"
01:45:32.959 [main] INFO org.flywaydb.core.internal.command.DbMigrate -- Migrating schema "public" to version "25 - verified workspace mount"
01:45:32.963 [main] INFO org.flywaydb.core.internal.command.DbMigrate -- Migrating schema "public" to version "26 - managed tool result projection"
01:45:32.965 [main] INFO org.flywaydb.core.internal.command.DbMigrate -- Migrating schema "public" to version "27 - managed hook records"
01:45:32.966 [main] INFO org.flywaydb.core.internal.command.DbMigrate -- Migrating schema "public" to version "28 - managed hook admission index"
01:45:32.968 [main] INFO org.flywaydb.core.internal.command.DbMigrate -- Migrating schema "public" to version "29 - managed hook admission backfill"
01:45:32.969 [main] INFO org.flywaydb.core.internal.command.DbMigrate -- Migrating schema "public" to version "30 - managed tool output retention"
01:45:32.971 [main] INFO org.flywaydb.core.internal.command.DbMigrate -- Migrating schema "public" to version "31 - workspace recovery bundle"
01:45:32.972 [main] INFO org.flywaydb.core.internal.command.DbMigrate -- Migrating schema "public" to version "32 - workspace session close"
01:45:32.974 [main] INFO org.flywaydb.core.internal.command.DbMigrate -- Migrating schema "public" to version "33 - managed agent definitions"
01:45:32.975 [main] INFO org.flywaydb.core.internal.command.DbMigrate -- Migrating schema "public" to version "34 - managed tool output collection"
01:45:32.981 [main] INFO org.flywaydb.core.internal.command.DbMigrate -- Migrating schema "public" to version "35 - managed session tool profile"
01:45:32.984 [main] INFO org.flywaydb.core.internal.command.DbMigrate -- Migrating schema "public" to version "36 - managed session journal activation"
01:45:32.986 [main] INFO org.flywaydb.core.internal.command.DbMigrate -- Migrating schema "public" to version "37 - managed agent event type index"
01:45:32.987 [main] INFO org.flywaydb.core.internal.command.DbMigrate -- Migrating schema "public" to version "38 - managed snapshot deferral marker"
01:45:32.989 [main] INFO org.flywaydb.core.internal.command.DbMigrate -- Migrating schema "public" to version "39 - managed session journal sequence index"
01:45:32.990 [main] INFO org.flywaydb.core.internal.command.DbMigrate -- Migrating schema "public" to version "40 - managed session creator"
01:45:32.991 [main] INFO org.flywaydb.core.internal.command.DbMigrate -- Migrating schema "public" to version "41 - workspace csi reservation"
01:45:32.994 [main] INFO org.flywaydb.core.internal.command.DbMigrate -- Migrating schema "public" to version "42 - workspace csi retirement"
01:45:32.995 [main] INFO org.flywaydb.core.internal.command.DbMigrate -- Migrating schema "public" to version "43 - tool dispatch authorization"
01:45:32.996 [main] INFO org.flywaydb.core.internal.command.DbMigrate -- Migrating schema "public" to version "44 - workspace csi worker ack"
01:45:32.997 [main] INFO org.flywaydb.core.internal.command.DbMigrate -- Migrating schema "public" to version "45 - managed cwd operation"
01:45:33.000 [main] INFO org.flywaydb.core.internal.command.DbMigrate -- Successfully applied 45 migrations to schema "public", now at version v45 (execution time 00:00.042s)
01:45:33.014 [main] INFO com.alibaba.qwen.code.managedagent.service.SessionLifecycleCoordinator -- Managed Session cwd change refused tenant=cwd-tenant session=15ca80dc-68f0-4ae2-9bc1-158dddc24ffe operation=op_343c34a82b494df9ba3b5ea674f079c8 code=workspace_unavailable failure=RuntimeBrokerException Workspace execution authority is unavailable.
01:45:33.021 [main] WARN com.alibaba.qwen.code.managedagent.service.SessionLifecycleCoordinator -- Managed Session operation will retry tenant=cwd-tenant session=61309b2b-92f9-46c6-8440-0d8a979b0314 operation=op_d479118140f54f3f9fc8543e02e9d231 retry=1 delayMs=1000 failure=IllegalStateException transient
java.lang.IllegalStateException: transient
	at com.alibaba.qwen.code.managedagent.ManagedCwdChangeOperationTest.coordinatorSettlesFailsTerminallyAndRetriesTransientErrors(ManagedCwdChangeOperationTest.java:1061)
	at java.base/jdk.internal.reflect.DirectMethodHandleAccessor.invoke(DirectMethodHandleAccessor.java:103)
	at java.base/java.lang.reflect.Method.invoke(Method.java:580)
	at org.junit.platform.commons.util.ReflectionUtils.invokeMethod(ReflectionUtils.java:775)
	at org.junit.platform.commons.support.ReflectionSupport.invokeMethod(ReflectionSupport.java:479)
	at org.junit.jupiter.engine.execution.MethodInvocation.proceed(MethodInvocation.java:60)
	at org.junit.jupiter.engine.execution.InvocationInterceptorChain$ValidatingInvocation.proceed(InvocationInterceptorChain.java:131)
	at org.junit.jupiter.engine.extension.TimeoutExtension.intercept(TimeoutExtension.java:161)
	at org.junit.jupiter.engine.extension.TimeoutExtension.interceptTestableMethod(TimeoutExtension.java:152)
	at org.junit.jupiter.engine.extension.TimeoutExtension.interceptTestMethod(TimeoutExtension.java:91)
	at org.junit.jupiter.engine.execution.InterceptingExecutableInvoker$ReflectiveInterceptorCall.lambda$ofVoidMethod$0(InterceptingExecutableInvoker.java:112)
	at org.junit.jupiter.engine.execution.InterceptingExecutableInvoker.lambda$invoke$0(InterceptingExecutableInvoker.java:94)
	at org.junit.jupiter.engine.execution.InvocationInterceptorChain$InterceptedInvocation.proceed(InvocationInterceptorChain.java:106)
	at org.junit.jupiter.engine.execution.InvocationInterceptorChain.proceed(InvocationInterceptorChain.java:64)
	at org.junit.jupiter.engine.execution.InvocationInterceptorChain.chainAndInvoke(InvocationInterceptorChain.java:45)
	at org.junit.jupiter.engine.execution.InvocationInterceptorChain.invoke(InvocationInterceptorChain.java:37)
	at org.junit.jupiter.engine.execution.InterceptingExecutableInvoker.invoke(InterceptingExecutableInvoker.java:93)
	at org.junit.jupiter.engine.execution.InterceptingExecutableInvoker.invoke(InterceptingExecutableInvoker.java:87)
	at org.junit.jupiter.engine.descriptor.TestMethodTestDescriptor.lambda$invokeTestMethod$7(TestMethodTestDescriptor.java:216)
	at org.junit.platform.engine.support.hierarchical.ThrowableCollector.execute(ThrowableCollector.java:73)
	at org.junit.jupiter.engine.descriptor.TestMethodTestDescriptor.invokeTestMethod(TestMethodTestDescriptor.java:212)
	at org.junit.jupiter.engine.descriptor.TestMethodTestDescriptor.execute(TestMethodTestDescriptor.java:137)
	at org.junit.jupiter.engine.descriptor.TestMethodTestDescriptor.execute(TestMethodTestDescriptor.java:69)
	at org.junit.platform.engine.support.hierarchical.NodeTestTask.lambda$executeRecursively$6(NodeTestTask.java:156)
	at org.junit.platform.engine.support.hierarchical.ThrowableCollector.execute(ThrowableCollector.java:73)
	at org.junit.platform.engine.support.hierarchical.NodeTestTask.lambda$executeRecursively$8(NodeTestTask.java:146)
	at org.junit.platform.engine.support.hierarchical.Node.around(Node.java:137)
	at org.junit.platform.engine.support.hierarchical.NodeTestTask.lambda$executeRecursively$9(NodeTestTask.java:144)
	at org.junit.platform.engine.support.hierarchical.ThrowableCollector.execute(ThrowableCollector.java:73)
	at org.junit.platform.engine.support.hierarchical.NodeTestTask.executeRecursively(NodeTestTask.java:143)
	at org.junit.platform.engine.support.hierarchical.NodeTestTask.execute(NodeTestTask.java:100)
	at java.base/java.util.ArrayList.forEach(ArrayList.java:1596)
	at org.junit.platform.engine.support.hierarchical.SameThreadHierarchicalTestExecutorService.invokeAll(SameThreadHierarchicalTestExecutorService.java:41)
	at org.junit.platform.engine.support.hierarchical.NodeTestTask.lambda$executeRecursively$6(NodeTestTask.java:160)
	at org.junit.platform.engine.support.hierarchical.ThrowableCollector.execute(ThrowableCollector.java:73)
	at org.junit.platform.engine.support.hierarchical.NodeTestTask.lambda$executeRecursively$8(NodeTestTask.java:146)
	at org.junit.platform.engine.support.hierarchical.Node.around(Node.java:137)
	at org.junit.platform.engine.support.hierarchical.NodeTestTask.lambda$executeRecursively$9(NodeTestTask.java:144)
	at org.junit.platform.engine.support.hierarchical.ThrowableCollector.execute(ThrowableCollector.java:73)
	at org.junit.platform.engine.support.hierarchical.NodeTestTask.executeRecursively(NodeTestTask.java:143)
	at org.junit.platform.engine.support.hierarchical.NodeTestTask.execute(NodeTestTask.java:100)
	at java.base/java.util.ArrayList.forEach(ArrayList.java:1596)
	at org.junit.platform.engine.support.hierarchical.SameThreadHierarchicalTestExecutorService.invokeAll(SameThreadHierarchicalTestExecutorService.java:41)
	at org.junit.platform.engine.support.hierarchical.NodeTestTask.lambda$executeRecursively$6(NodeTestTask.java:160)
	at org.junit.platform.engine.support.hierarchical.ThrowableCollector.execute(ThrowableCollector.java:73)
	at org.junit.platform.engine.support.hierarchical.NodeTestTask.lambda$executeRecursively$8(NodeTestTask.java:146)
	at org.junit.platform.engine.support.hierarchical.Node.around(Node.java:137)
	at org.junit.platform.engine.support.hierarchical.NodeTestTask.lambda$executeRecursively$9(NodeTestTask.java:144)
	at org.junit.platform.engine.support.hierarchical.ThrowableCollector.execute(ThrowableCollector.java:73)
	at org.junit.platform.engine.support.hierarchical.NodeTestTask.executeRecursively(NodeTestTask.java:143)
	at org.junit.platform.engine.support.hierarchical.NodeTestTask.execute(NodeTestTask.java:100)
	at org.junit.platform.engine.support.hierarchical.SameThreadHierarchicalTestExecutorService.submit(SameThreadHierarchicalTestExecutorService.java:35)
	at org.junit.platform.engine.support.hierarchical.HierarchicalTestExecutor.execute(HierarchicalTestExecutor.java:57)
	at org.junit.platform.engine.support.hierarchical.HierarchicalTestEngine.execute(HierarchicalTestEngine.java:54)
	at org.junit.platform.launcher.core.EngineExecutionOrchestrator.execute(EngineExecutionOrchestrator.java:201)
	at org.junit.platform.launcher.core.EngineExecutionOrchestrator.execute(EngineExecutionOrchestrator.java:170)
	at org.junit.platform.launcher.core.EngineExecutionOrchestrator.execute(EngineExecutionOrchestrator.java:94)
	at org.junit.platform.launcher.core.EngineExecutionOrchestrator.lambda$execute$0(EngineExecutionOrchestrator.java:59)
	at org.junit.platform.launcher.core.EngineExecutionOrchestrator.withInterceptedStreams(EngineExecutionOrchestrator.java:142)
	at org.junit.platform.launcher.core.EngineExecutionOrchestrator.execute(EngineExecutionOrchestrator.java:58)
	at org.junit.platform.launcher.core.DefaultLauncher.execute(DefaultLauncher.java:103)
	at org.junit.platform.launcher.core.DefaultLauncher.execute(DefaultLauncher.java:85)
	at org.junit.platform.launcher.core.DelegatingLauncher.execute(DelegatingLauncher.java:47)
	at org.junit.platform.launcher.core.InterceptingLauncher.lambda$execute$1(InterceptingLauncher.java:39)
	at org.junit.platform.launcher.core.ClasspathAlignmentCheckingLauncherInterceptor.intercept(ClasspathAlignmentCheckingLauncherInterceptor.java:25)
	at org.junit.platform.launcher.core.InterceptingLauncher.execute(InterceptingLauncher.java:38)
	at org.junit.platform.launcher.core.DelegatingLauncher.execute(DelegatingLauncher.java:47)
	at org.apache.maven.surefire.junitplatform.LauncherAdapter.executeWithoutCancellationToken(LauncherAdapter.java:60)
	at org.apache.maven.surefire.junitplatform.LauncherAdapter.execute(LauncherAdapter.java:52)
	at org.apache.maven.surefire.junitplatform.JUnitPlatformProvider.execute(JUnitPlatformProvider.java:203)
	at org.apache.maven.surefire.junitplatform.JUnitPlatformProvider.invokeAllTests(JUnitPlatformProvider.java:168)
	at org.apache.maven.surefire.junitplatform.JUnitPlatformProvider.invoke(JUnitPlatformProvider.java:136)
	at org.apache.maven.surefire.booter.ForkedBooter.runSuitesInProcess(ForkedBooter.java:385)
	at org.apache.maven.surefire.booter.ForkedBooter.execute(ForkedBooter.java:162)
	at org.apache.maven.surefire.booter.ForkedBooter.run(ForkedBooter.java:507)
	at org.apache.maven.surefire.booter.ForkedBooter.main(ForkedBooter.java:495)
01:45:33.039 [main] INFO org.flywaydb.core.FlywayExecutor -- Database: jdbc:h2:mem:cwd-e4f469aa-d1f4-41a2-bccd-6f27daa3c7e1 (H2 2.3)
01:45:33.046 [main] INFO org.flywaydb.core.internal.schemahistory.JdbcTableSchemaHistory -- Schema history table "public"."flyway_schema_history" does not exist yet
01:45:33.046 [main] INFO org.flywaydb.core.internal.command.DbValidate -- Successfully validated 45 migrations (execution time 00:00.005s)
01:45:33.047 [main] INFO org.flywaydb.core.internal.schemahistory.JdbcTableSchemaHistory -- Creating Schema History table "public"."flyway_schema_history" ...
01:45:33.048 [main] INFO org.flywaydb.core.internal.command.DbMigrate -- Current version of schema "public": << Empty Schema >>
01:45:33.049 [main] INFO org.flywaydb.core.internal.command.DbMigrate -- Migrating schema "public" to version "1 - managed agent core"
01:45:33.050 [main] INFO org.flywaydb.core.internal.command.DbMigrate -- Migrating schema "public" to version "2 - managed agent projection"
01:45:33.052 [main] INFO org.flywaydb.core.internal.command.DbMigrate -- Migrating schema "public" to version "3 - runtime broker"
01:45:33.054 [main] INFO org.flywaydb.core.internal.command.DbMigrate -- Migrating schema "public" to version "4 - managed session store"
01:45:33.055 [main] INFO org.flywaydb.core.internal.command.DbMigrate -- Migrating schema "public" to version "5 - managed session lifecycle"
01:45:33.057 [main] INFO org.flywaydb.core.internal.command.DbMigrate -- Migrating schema "public" to version "6 - managed turn retry"
01:45:33.059 [main] INFO org.flywaydb.core.internal.command.DbMigrate -- Migrating schema "public" to version "7 - managed workspace binding"
01:45:33.065 [main] INFO org.flywaydb.core.internal.command.DbMigrate -- Migrating schema "public" to version "8 - managed workspace registry"
01:45:33.066 [main] INFO org.flywaydb.core.internal.command.DbMigrate -- Migrating schema "public" to version "9 - managed workspace creation command"
01:45:33.067 [main] INFO org.flywaydb.core.internal.command.DbMigrate -- Migrating schema "public" to version "10 - managed runtime context"
01:45:33.068 [main] INFO org.flywaydb.core.internal.command.DbMigrate -- Migrating schema "public" to version "11 - workspace execution"
01:45:33.069 [main] INFO org.flywaydb.core.internal.command.DbMigrate -- Migrating schema "public" to version "12 - runtime broker schema alignment"
01:45:33.071 [main] INFO org.flywaydb.core.internal.command.DbMigrate -- Migrating schema "public" to version "13 - managed session agent revision"
01:45:33.073 [main] INFO org.flywaydb.core.internal.command.DbMigrate -- Migrating schema "public" to version "14 - managed event replay"
01:45:33.076 [main] INFO org.flywaydb.core.internal.command.DbMigrate -- Migrating schema "public" to version "15 - managed event identity"
01:45:33.077 [main] INFO org.flywaydb.core.internal.command.DbMigrate -- Migrating schema "public" to version "16 - runtime loss evidence"
01:45:33.080 [main] INFO org.flywaydb.core.internal.command.DbMigrate -- Migrating schema "public" to version "17 - managed session operation"
01:45:33.081 [main] INFO org.flywaydb.core.internal.command.DbMigrate -- Migrating schema "public" to version "18 - managed extension record"
01:45:33.082 [main] INFO org.flywaydb.core.internal.command.DbMigrate -- Migrating schema "public" to version "19 - workspace operator recovery"
01:45:33.083 [main] INFO org.flywaydb.core.internal.command.DbMigrate -- Migrating schema "public" to version "20 - managed tool publication"
01:45:33.084 [main] INFO org.flywaydb.core.internal.command.DbMigrate -- Migrating schema "public" to version "21 - managed tool publication objects"
01:45:33.092 [main] INFO org.flywaydb.core.internal.command.DbMigrate -- Migrating schema "public" to version "22 - managed tool publication recovery"
01:45:33.093 [main] INFO org.flywaydb.core.internal.command.DbMigrate -- Migrating schema "public" to version "23 - managed mcp records"
01:45:33.094 [main] INFO org.flywaydb.core.internal.command.DbMigrate -- Migrating schema "public" to version "24 - managed actions"
01:45:33.098 [main] INFO org.flywaydb.core.internal.command.DbMigrate -- Migrating schema "public" to version "25 - verified workspace mount"
01:45:33.102 [main] INFO org.flywaydb.core.internal.command.DbMigrate -- Migrating schema "public" to version "26 - managed tool result projection"
01:45:33.104 [main] INFO org.flywaydb.core.internal.command.DbMigrate -- Migrating schema "public" to version "27 - managed hook records"
01:45:33.106 [main] INFO org.flywaydb.core.internal.command.DbMigrate -- Migrating schema "public" to version "28 - managed hook admission index"
01:45:33.108 [main] INFO org.flywaydb.core.internal.command.DbMigrate -- Migrating schema "public" to version "29 - managed hook admission backfill"
01:45:33.109 [main] INFO org.flywaydb.core.internal.command.DbMigrate -- Migrating schema "public" to version "30 - managed tool output retention"
01:45:33.111 [main] INFO org.flywaydb.core.internal.command.DbMigrate -- Migrating schema "public" to version "31 - workspace recovery bundle"
01:45:33.113 [main] INFO org.flywaydb.core.internal.command.DbMigrate -- Migrating schema "public" to version "32 - workspace session close"
01:45:33.114 [main] INFO org.flywaydb.core.internal.command.DbMigrate -- Migrating schema "public" to version "33 - managed agent definitions"
01:45:33.115 [main] INFO org.flywaydb.core.internal.command.DbMigrate -- Migrating schema "public" to version "34 - managed tool output collection"
01:45:33.120 [main] INFO org.flywaydb.core.internal.command.DbMigrate -- Migrating schema "public" to version "35 - managed session tool profile"
01:45:33.122 [main] INFO org.flywaydb.core.internal.command.DbMigrate -- Migrating schema "public" to version "36 - managed session journal activation"
01:45:33.124 [main] INFO org.flywaydb.core.internal.command.DbMigrate -- Migrating schema "public" to version "37 - managed agent event type index"
01:45:33.125 [main] INFO org.flywaydb.core.internal.command.DbMigrate -- Migrating schema "public" to version "38 - managed snapshot deferral marker"
01:45:33.125 [main] INFO org.flywaydb.core.internal.command.DbMigrate -- Migrating schema "public" to version "39 - managed session journal sequence index"
01:45:33.126 [main] INFO org.flywaydb.core.internal.command.DbMigrate -- Migrating schema "public" to version "40 - managed session creator"
01:45:33.127 [main] INFO org.flywaydb.core.internal.command.DbMigrate -- Migrating schema "public" to version "41 - workspace csi reservation"
01:45:33.130 [main] INFO org.flywaydb.core.internal.command.DbMigrate -- Migrating schema "public" to version "42 - workspace csi retirement"
01:45:33.131 [main] INFO org.flywaydb.core.internal.command.DbMigrate -- Migrating schema "public" to version "43 - tool dispatch authorization"
01:45:33.132 [main] INFO org.flywaydb.core.internal.command.DbMigrate -- Migrating schema "public" to version "44 - workspace csi worker ack"
01:45:33.140 [main] INFO org.flywaydb.core.internal.command.DbMigrate -- Migrating schema "public" to version "45 - managed cwd operation"
01:45:33.142 [main] INFO org.flywaydb.core.internal.command.DbMigrate -- Successfully applied 45 migrations to schema "public", now at version v45 (execution time 00:00.032s)
01:45:33.158 [main] INFO org.flywaydb.core.FlywayExecutor -- Database: jdbc:h2:mem:cwd-d49e84b7-5eaa-4de3-aa18-08b17d44679d (H2 2.3)
01:45:33.163 [main] INFO org.flywaydb.core.internal.schemahistory.JdbcTableSchemaHistory -- Schema history table "public"."flyway_schema_history" does not exist yet
01:45:33.163 [main] INFO org.flywaydb.core.internal.command.DbValidate -- Successfully validated 45 migrations (execution time 00:00.004s)
01:45:33.164 [main] INFO org.flywaydb.core.internal.schemahistory.JdbcTableSchemaHistory -- Creating Schema History table "public"."flyway_schema_history" ...
01:45:33.165 [main] INFO org.flywaydb.core.internal.command.DbMigrate -- Current version of schema "public": << Empty Schema >>
01:45:33.165 [main] INFO org.flywaydb.core.internal.command.DbMigrate -- Migrating schema "public" to version "1 - managed agent core"
01:45:33.167 [main] INFO org.flywaydb.core.internal.command.DbMigrate -- Migrating schema "public" to version "2 - managed agent projection"
01:45:33.169 [main] INFO org.flywaydb.core.internal.command.DbMigrate -- Migrating schema "public" to version "3 - runtime broker"
01:45:33.171 [main] INFO org.flywaydb.core.internal.command.DbMigrate -- Migrating schema "public" to version "4 - managed session store"
01:45:33.171 [main] INFO org.flywaydb.core.internal.command.DbMigrate -- Migrating schema "public" to version "5 - managed session lifecycle"
01:45:33.173 [main] INFO org.flywaydb.core.internal.command.DbMigrate -- Migrating schema "public" to version "6 - managed turn retry"
01:45:33.174 [main] INFO org.flywaydb.core.internal.command.DbMigrate -- Migrating schema "public" to version "7 - managed workspace binding"
01:45:33.179 [main] INFO org.flywaydb.core.internal.command.DbMigrate -- Migrating schema "public" to version "8 - managed workspace registry"
01:45:33.180 [main] INFO org.flywaydb.core.internal.command.DbMigrate -- Migrating schema "public" to version "9 - managed workspace creation command"
01:45:33.181 [main] INFO org.flywaydb.core.internal.command.DbMigrate -- Migrating schema "public" to version "10 - managed runtime context"
01:45:33.182 [main] INFO org.flywaydb.core.internal.command.DbMigrate -- Migrating schema "public" to version "11 - workspace execution"
01:45:33.183 [main] INFO org.flywaydb.core.internal.command.DbMigrate -- Migrating schema "public" to version "12 - runtime broker schema alignment"
01:45:33.185 [main] INFO org.flywaydb.core.internal.command.DbMigrate -- Migrating schema "public" to version "13 - managed session agent revision"
01:45:33.186 [main] INFO org.flywaydb.core.internal.command.DbMigrate -- Migrating schema "public" to version "14 - managed event replay"
01:45:33.189 [main] INFO org.flywaydb.core.internal.command.DbMigrate -- Migrating schema "public" to version "15 - managed event identity"
01:45:33.189 [main] INFO org.flywaydb.core.internal.command.DbMigrate -- Migrating schema "public" to version "16 - runtime loss evidence"
01:45:33.192 [main] INFO org.flywaydb.core.internal.command.DbMigrate -- Migrating schema "public" to version "17 - managed session operation"
01:45:33.193 [main] INFO org.flywaydb.core.internal.command.DbMigrate -- Migrating schema "public" to version "18 - managed extension record"
01:45:33.194 [main] INFO org.flywaydb.core.internal.command.DbMigrate -- Migrating schema "public" to version "19 - workspace operator recovery"
01:45:33.195 [main] INFO org.flywaydb.core.internal.command.DbMigrate -- Migrating schema "public" to version "20 - managed tool publication"
01:45:33.196 [main] INFO org.flywaydb.core.internal.command.DbMigrate -- Migrating schema "public" to version "21 - managed tool publication objects"
01:45:33.202 [main] INFO org.flywaydb.core.internal.command.DbMigrate -- Migrating schema "public" to version "22 - managed tool publication recovery"
01:45:33.203 [main] INFO org.flywaydb.core.internal.command.DbMigrate -- Migrating schema "public" to version "23 - managed mcp records"
01:45:33.204 [main] INFO org.flywaydb.core.internal.command.DbMigrate -- Migrating schema "public" to version "24 - managed actions"
01:45:33.208 [main] INFO org.flywaydb.core.internal.command.DbMigrate -- Migrating schema "public" to version "25 - verified workspace mount"
01:45:33.211 [main] INFO org.flywaydb.core.internal.command.DbMigrate -- Migrating schema "public" to version "26 - managed tool result projection"
01:45:33.213 [main] INFO org.flywaydb.core.internal.command.DbMigrate -- Migrating schema "public" to version "27 - managed hook records"
01:45:33.214 [main] INFO org.flywaydb.core.internal.command.DbMigrate -- Migrating schema "public" to version "28 - managed hook admission index"
01:45:33.215 [main] INFO org.flywaydb.core.internal.command.DbMigrate -- Migrating schema "public" to version "29 - managed hook admission backfill"
01:45:33.216 [main] INFO org.flywaydb.core.internal.command.DbMigrate -- Migrating schema "public" to version "30 - managed tool output retention"
01:45:33.219 [main] INFO org.flywaydb.core.internal.command.DbMigrate -- Migrating schema "public" to version "31 - workspace recovery bundle"
01:45:33.220 [main] INFO org.flywaydb.core.internal.command.DbMigrate -- Migrating schema "public" to version "32 - workspace session close"
01:45:33.221 [main] INFO org.flywaydb.core.internal.command.DbMigrate -- Migrating schema "public" to version "33 - managed agent definitions"
01:45:33.222 [main] INFO org.flywaydb.core.internal.command.DbMigrate -- Migrating schema "public" to version "34 - managed tool output collection"
01:45:33.226 [main] INFO org.flywaydb.core.internal.command.DbMigrate -- Migrating schema "public" to version "35 - managed session tool profile"
01:45:33.228 [main] INFO org.flywaydb.core.internal.command.DbMigrate -- Migrating schema "public" to version "36 - managed session journal activation"
01:45:33.231 [main] INFO org.flywaydb.core.internal.command.DbMigrate -- Migrating schema "public" to version "37 - managed agent event type index"
01:45:33.231 [main] INFO org.flywaydb.core.internal.command.DbMigrate -- Migrating schema "public" to version "38 - managed snapshot deferral marker"
01:45:33.232 [main] INFO org.flywaydb.core.internal.command.DbMigrate -- Migrating schema "public" to version "39 - managed session journal sequence index"
01:45:33.233 [main] INFO org.flywaydb.core.internal.command.DbMigrate -- Migrating schema "public" to version "40 - managed session creator"
01:45:33.234 [main] INFO org.flywaydb.core.internal.command.DbMigrate -- Migrating schema "public" to version "41 - workspace csi reservation"
01:45:33.236 [main] INFO org.flywaydb.core.internal.command.DbMigrate -- Migrating schema "public" to version "42 - workspace csi retirement"
01:45:33.237 [main] INFO org.flywaydb.core.internal.command.DbMigrate -- Migrating schema "public" to version "43 - tool dispatch authorization"
01:45:33.238 [main] INFO org.flywaydb.core.internal.command.DbMigrate -- Migrating schema "public" to version "44 - workspace csi worker ack"
01:45:33.239 [main] INFO org.flywaydb.core.internal.command.DbMigrate -- Migrating schema "public" to version "45 - managed cwd operation"
01:45:33.241 [main] INFO org.flywaydb.core.internal.command.DbMigrate -- Successfully applied 45 migrations to schema "public", now at version v45 (execution time 00:00.028s)
01:45:33.262 [main] INFO org.flywaydb.core.FlywayExecutor -- Database: jdbc:h2:mem:cwd-5ca78953-2a60-4078-9fb7-f28ca4ed3e85 (H2 2.3)
01:45:33.267 [main] INFO org.flywaydb.core.internal.schemahistory.JdbcTableSchemaHistory -- Schema history table "public"."flyway_schema_history" does not exist yet
01:45:33.267 [main] INFO org.flywaydb.core.internal.command.DbValidate -- Successfully validated 45 migrations (execution time 00:00.004s)
01:45:33.267 [main] INFO org.flywaydb.core.internal.schemahistory.JdbcTableSchemaHistory -- Creating Schema History table "public"."flyway_schema_history" ...
01:45:33.268 [main] INFO org.flywaydb.core.internal.command.DbMigrate -- Current version of schema "public": << Empty Schema >>
01:45:33.269 [main] INFO org.flywaydb.core.internal.command.DbMigrate -- Migrating schema "public" to version "1 - managed agent core"
01:45:33.271 [main] INFO org.flywaydb.core.internal.command.DbMigrate -- Migrating schema "public" to version "2 - managed agent projection"
01:45:33.273 [main] INFO org.flywaydb.core.internal.command.DbMigrate -- Migrating schema "public" to version "3 - runtime broker"
01:45:33.275 [main] INFO org.flywaydb.core.internal.command.DbMigrate -- Migrating schema "public" to version "4 - managed session store"
01:45:33.276 [main] INFO org.flywaydb.core.internal.command.DbMigrate -- Migrating schema "public" to version "5 - managed session lifecycle"
01:45:33.278 [main] INFO org.flywaydb.core.internal.command.DbMigrate -- Migrating schema "public" to version "6 - managed turn retry"
01:45:33.279 [main] INFO org.flywaydb.core.internal.command.DbMigrate -- Migrating schema "public" to version "7 - managed workspace binding"
01:45:33.284 [main] INFO org.flywaydb.core.internal.command.DbMigrate -- Migrating schema "public" to version "8 - managed workspace registry"
01:45:33.285 [main] INFO org.flywaydb.core.internal.command.DbMigrate -- Migrating schema "public" to version "9 - managed workspace creation command"
01:45:33.286 [main] INFO org.flywaydb.core.internal.command.DbMigrate -- Migrating schema "public" to version "10 - managed runtime context"
01:45:33.287 [main] INFO org.flywaydb.core.internal.command.DbMigrate -- Migrating schema "public" to version "11 - workspace execution"
01:45:33.288 [main] INFO org.flywaydb.core.internal.command.DbMigrate -- Migrating schema "public" to version "12 - runtime broker schema alignment"
01:45:33.289 [main] INFO org.flywaydb.core.internal.command.DbMigrate -- Migrating schema "public" to version "13 - managed session agent revision"
01:45:33.291 [main] INFO org.flywaydb.core.internal.command.DbMigrate -- Migrating schema "public" to version "14 - managed event replay"
01:45:33.293 [main] INFO org.flywaydb.core.internal.command.DbMigrate -- Migrating schema "public" to version "15 - managed event identity"
01:45:33.294 [main] INFO org.flywaydb.core.internal.command.DbMigrate -- Migrating schema "public" to version "16 - runtime loss evidence"
01:45:33.296 [main] INFO org.flywaydb.core.internal.command.DbMigrate -- Migrating schema "public" to version "17 - managed session operation"
01:45:33.298 [main] INFO org.flywaydb.core.internal.command.DbMigrate -- Migrating schema "public" to version "18 - managed extension record"
01:45:33.299 [main] INFO org.flywaydb.core.internal.command.DbMigrate -- Migrating schema "public" to version "19 - workspace operator recovery"
01:45:33.300 [main] INFO org.flywaydb.core.internal.command.DbMigrate -- Migrating schema "public" to version "20 - managed tool publication"
01:45:33.301 [main] INFO org.flywaydb.core.internal.command.DbMigrate -- Migrating schema "public" to version "21 - managed tool publication objects"
01:45:33.307 [main] INFO org.flywaydb.core.internal.command.DbMigrate -- Migrating schema "public" to version "22 - managed tool publication recovery"
01:45:33.308 [main] INFO org.flywaydb.core.internal.command.DbMigrate -- Migrating schema "public" to version "23 - managed mcp records"
01:45:33.308 [main] INFO org.flywaydb.core.internal.command.DbMigrate -- Migrating schema "public" to version "24 - managed actions"
01:45:33.312 [main] INFO org.flywaydb.core.internal.command.DbMigrate -- Migrating schema "public" to version "25 - verified workspace mount"
01:45:33.315 [main] INFO org.flywaydb.core.internal.command.DbMigrate -- Migrating schema "public" to version "26 - managed tool result projection"
01:45:33.317 [main] INFO org.flywaydb.core.internal.command.DbMigrate -- Migrating schema "public" to version "27 - managed hook records"
01:45:33.318 [main] INFO org.flywaydb.core.internal.command.DbMigrate -- Migrating schema "public" to version "28 - managed hook admission index"
01:45:33.320 [main] INFO org.flywaydb.core.internal.command.DbMigrate -- Migrating schema "public" to version "29 - managed hook admission backfill"
01:45:33.321 [main] INFO org.flywaydb.core.internal.command.DbMigrate -- Migrating schema "public" to version "30 - managed tool output retention"
01:45:33.324 [main] INFO org.flywaydb.core.internal.command.DbMigrate -- Migrating schema "public" to version "31 - workspace recovery bundle"
01:45:33.325 [main] INFO org.flywaydb.core.internal.command.DbMigrate -- Migrating schema "public" to version "32 - workspace session close"
01:45:33.327 [main] INFO org.flywaydb.core.internal.command.DbMigrate -- Migrating schema "public" to version "33 - managed agent definitions"
01:45:33.328 [main] INFO org.flywaydb.core.internal.command.DbMigrate -- Migrating schema "public" to version "34 - managed tool output collection"
01:45:33.333 [main] INFO org.flywaydb.core.internal.command.DbMigrate -- Migrating schema "public" to version "35 - managed session tool profile"
01:45:33.335 [main] INFO org.flywaydb.core.internal.command.DbMigrate -- Migrating schema "public" to version "36 - managed session journal activation"
01:45:33.337 [main] INFO org.flywaydb.core.internal.command.DbMigrate -- Migrating schema "public" to version "37 - managed agent event type index"
01:45:33.338 [main] INFO org.flywaydb.core.internal.command.DbMigrate -- Migrating schema "public" to version "38 - managed snapshot deferral marker"
01:45:33.339 [main] INFO org.flywaydb.core.internal.command.DbMigrate -- Migrating schema "public" to version "39 - managed session journal sequence index"
01:45:33.339 [main] INFO org.flywaydb.core.internal.command.DbMigrate -- Migrating schema "public" to version "40 - managed session creator"
01:45:33.341 [main] INFO org.flywaydb.core.internal.command.DbMigrate -- Migrating schema "public" to version "41 - workspace csi reservation"
01:45:33.343 [main] INFO org.flywaydb.core.internal.command.DbMigrate -- Migrating schema "public" to version "42 - workspace csi retirement"
01:45:33.344 [main] INFO org.flywaydb.core.internal.command.DbMigrate -- Migrating schema "public" to version "43 - tool dispatch authorization"
01:45:33.346 [main] INFO org.flywaydb.core.internal.command.DbMigrate -- Migrating schema "public" to version "44 - workspace csi worker ack"
01:45:33.346 [main] INFO org.flywaydb.core.internal.command.DbMigrate -- Migrating schema "public" to version "45 - managed cwd operation"
01:45:33.348 [main] INFO org.flywaydb.core.internal.command.DbMigrate -- Successfully applied 45 migrations to schema "public", now at version v45 (execution time 00:00.028s)
01:45:33.360 [main] INFO org.flywaydb.core.FlywayExecutor -- Database: jdbc:h2:mem:cwd-2c0eb55c-e67d-4f96-af2d-5b4bd1c98470 (H2 2.3)
01:45:33.364 [main] INFO org.flywaydb.core.internal.schemahistory.JdbcTableSchemaHistory -- Schema history table "public"."flyway_schema_history" does not exist yet
01:45:33.365 [main] INFO org.flywaydb.core.internal.command.DbValidate -- Successfully validated 45 migrations (execution time 00:00.004s)
01:45:33.365 [main] INFO org.flywaydb.core.internal.schemahistory.JdbcTableSchemaHistory -- Creating Schema History table "public"."flyway_schema_history" ...
01:45:33.366 [main] INFO org.flywaydb.core.internal.command.DbMigrate -- Current version of schema "public": << Empty Schema >>
01:45:33.367 [main] INFO org.flywaydb.core.internal.command.DbMigrate -- Migrating schema "public" to version "1 - managed agent core"
01:45:33.369 [main] INFO org.flywaydb.core.internal.command.DbMigrate -- Migrating schema "public" to version "2 - managed agent projection"
01:45:33.371 [main] INFO org.flywaydb.core.internal.command.DbMigrate -- Migrating schema "public" to version "3 - runtime broker"
01:45:33.372 [main] INFO org.flywaydb.core.internal.command.DbMigrate -- Migrating schema "public" to version "4 - managed session store"
01:45:33.373 [main] INFO org.flywaydb.core.internal.command.DbMigrate -- Migrating schema "public" to version "5 - managed session lifecycle"
01:45:33.375 [main] INFO org.flywaydb.core.internal.command.DbMigrate -- Migrating schema "public" to version "6 - managed turn retry"
01:45:33.377 [main] INFO org.flywaydb.core.internal.command.DbMigrate -- Migrating schema "public" to version "7 - managed workspace binding"
01:45:33.382 [main] INFO org.flywaydb.core.internal.command.DbMigrate -- Migrating schema "public" to version "8 - managed workspace registry"
01:45:33.384 [main] INFO org.flywaydb.core.internal.command.DbMigrate -- Migrating schema "public" to version "9 - managed workspace creation command"
01:45:33.384 [main] INFO org.flywaydb.core.internal.command.DbMigrate -- Migrating schema "public" to version "10 - managed runtime context"
01:45:33.386 [main] INFO org.flywaydb.core.internal.command.DbMigrate -- Migrating schema "public" to version "11 - workspace execution"
01:45:33.387 [main] INFO org.flywaydb.core.internal.command.DbMigrate -- Migrating schema "public" to version "12 - runtime broker schema alignment"
01:45:33.389 [main] INFO org.flywaydb.core.internal.command.DbMigrate -- Migrating schema "public" to version "13 - managed session agent revision"
01:45:33.391 [main] INFO org.flywaydb.core.internal.command.DbMigrate -- Migrating schema "public" to version "14 - managed event replay"
01:45:33.394 [main] INFO org.flywaydb.core.internal.command.DbMigrate -- Migrating schema "public" to version "15 - managed event identity"
01:45:33.394 [main] INFO org.flywaydb.core.internal.command.DbMigrate -- Migrating schema "public" to version "16 - runtime loss evidence"
01:45:33.397 [main] INFO org.flywaydb.core.internal.command.DbMigrate -- Migrating schema "public" to version "17 - managed session operation"
01:45:33.398 [main] INFO org.flywaydb.core.internal.command.DbMigrate -- Migrating schema "public" to version "18 - managed extension record"
01:45:33.399 [main] INFO org.flywaydb.core.internal.command.DbMigrate -- Migrating schema "public" to version "19 - workspace operator recovery"
01:45:33.400 [main] INFO org.flywaydb.core.internal.command.DbMigrate -- Migrating schema "public" to version "20 - managed tool publication"
01:45:33.401 [main] INFO org.flywaydb.core.internal.command.DbMigrate -- Migrating schema "public" to version "21 - managed tool publication objects"
01:45:33.409 [main] INFO org.flywaydb.core.internal.command.DbMigrate -- Migrating schema "public" to version "22 - managed tool publication recovery"
01:45:33.410 [main] INFO org.flywaydb.core.internal.command.DbMigrate -- Migrating schema "public" to version "23 - managed mcp records"
01:45:33.410 [main] INFO org.flywaydb.core.internal.command.DbMigrate -- Migrating schema "public" to version "24 - managed actions"
01:45:33.414 [main] INFO org.flywaydb.core.internal.command.DbMigrate -- Migrating schema "public" to version "25 - verified workspace mount"
01:45:33.417 [main] INFO org.flywaydb.core.internal.command.DbMigrate -- Migrating schema "public" to version "26 - managed tool result projection"
01:45:33.418 [main] INFO org.flywaydb.core.internal.command.DbMigrate -- Migrating schema "public" to version "27 - managed hook records"
01:45:33.419 [main] INFO org.flywaydb.core.internal.command.DbMigrate -- Migrating schema "public" to version "28 - managed hook admission index"
01:45:33.421 [main] INFO org.flywaydb.core.internal.command.DbMigrate -- Migrating schema "public" to version "29 - managed hook admission backfill"
01:45:33.422 [main] INFO org.flywaydb.core.internal.command.DbMigrate -- Migrating schema "public" to version "30 - managed tool output retention"
01:45:33.424 [main] INFO org.flywaydb.core.internal.command.DbMigrate -- Migrating schema "public" to version "31 - workspace recovery bundle"
01:45:33.425 [main] INFO org.flywaydb.core.internal.command.DbMigrate -- Migrating schema "public" to version "32 - workspace session close"
01:45:33.426 [main] INFO org.flywaydb.core.internal.command.DbMigrate -- Migrating schema "public" to version "33 - managed agent definitions"
01:45:33.427 [main] INFO org.flywaydb.core.internal.command.DbMigrate -- Migrating schema "public" to version "34 - managed tool output collection"
01:45:33.432 [main] INFO org.flywaydb.core.internal.command.DbMigrate -- Migrating schema "public" to version "35 - managed session tool profile"
01:45:33.434 [main] INFO org.flywaydb.core.internal.command.DbMigrate -- Migrating schema "public" to version "36 - managed session journal activation"
01:45:33.436 [main] INFO org.flywaydb.core.internal.command.DbMigrate -- Migrating schema "public" to version "37 - managed agent event type index"
01:45:33.436 [main] INFO org.flywaydb.core.internal.command.DbMigrate -- Migrating schema "public" to version "38 - managed snapshot deferral marker"
01:45:33.437 [main] INFO org.flywaydb.core.internal.command.DbMigrate -- Migrating schema "public" to version "39 - managed session journal sequence index"
01:45:33.438 [main] INFO org.flywaydb.core.internal.command.DbMigrate -- Migrating schema "public" to version "40 - managed session creator"
01:45:33.439 [main] INFO org.flywaydb.core.internal.command.DbMigrate -- Migrating schema "public" to version "41 - workspace csi reservation"
01:45:33.442 [main] INFO org.flywaydb.core.internal.command.DbMigrate -- Migrating schema "public" to version "42 - workspace csi retirement"
01:45:33.442 [main] INFO org.flywaydb.core.internal.command.DbMigrate -- Migrating schema "public" to version "43 - tool dispatch authorization"
01:45:33.444 [main] INFO org.flywaydb.core.internal.command.DbMigrate -- Migrating schema "public" to version "44 - workspace csi worker ack"
01:45:33.444 [main] INFO org.flywaydb.core.internal.command.DbMigrate -- Migrating schema "public" to version "45 - managed cwd operation"
01:45:33.446 [main] INFO org.flywaydb.core.internal.command.DbMigrate -- Successfully applied 45 migrations to schema "public", now at version v45 (execution time 00:00.030s)
01:45:33.450 [main] INFO com.alibaba.qwen.code.managedagent.service.SessionLifecycleCoordinator -- Managed Session cwd change probe deferred tenant=cwd-tenant session=6d28fa5d-9c75-4982-814f-bdf7863eba03 operation=op_39e39c66ca814c07b34c01271bf8b2cf code=workspace_unavailable Workspace mount cannot be verified right now.
com.alibaba.qwen.code.runtimebroker.RuntimeBrokerException: Workspace mount cannot be verified right now.
	at com.alibaba.qwen.code.managedagent.store.WorkspaceExecutionStore.unavailableTransient(WorkspaceExecutionStore.java:302)
	at com.alibaba.qwen.code.managedagent.ManagedCwdChangeOperationTest.coordinatorFailsTerminallyWhenTheProbeBudgetIsExhausted(ManagedCwdChangeOperationTest.java:1134)
	at java.base/jdk.internal.reflect.DirectMethodHandleAccessor.invoke(DirectMethodHandleAccessor.java:103)
	at java.base/java.lang.reflect.Method.invoke(Method.java:580)
	at org.junit.platform.commons.util.ReflectionUtils.invokeMethod(ReflectionUtils.java:775)
	at org.junit.platform.commons.support.ReflectionSupport.invokeMethod(ReflectionSupport.java:479)
	at org.junit.jupiter.engine.execution.MethodInvocation.proceed(MethodInvocation.java:60)
	at org.junit.jupiter.engine.execution.InvocationInterceptorChain$ValidatingInvocation.proceed(InvocationInterceptorChain.java:131)
	at org.junit.jupiter.engine.extension.TimeoutExtension.intercept(TimeoutExtension.java:161)
	at org.junit.jupiter.engine.extension.TimeoutExtension.interceptTestableMethod(TimeoutExtension.java:152)
	at org.junit.jupiter.engine.extension.TimeoutExtension.interceptTestMethod(TimeoutExtension.java:91)
	at org.junit.jupiter.engine.execution.InterceptingExecutableInvoker$ReflectiveInterceptorCall.lambda$ofVoidMethod$0(InterceptingExecutableInvoker.java:112)
	at org.junit.jupiter.engine.execution.InterceptingExecutableInvoker.lambda$invoke$0(InterceptingExecutableInvoker.java:94)
	at org.junit.jupiter.engine.execution.InvocationInterceptorChain$InterceptedInvocation.proceed(InvocationInterceptorChain.java:106)
	at org.junit.jupiter.engine.execution.InvocationInterceptorChain.proceed(InvocationInterceptorChain.java:64)
	at org.junit.jupiter.engine.execution.InvocationInterceptorChain.chainAndInvoke(InvocationInterceptorChain.java:45)
	at org.junit.jupiter.engine.execution.InvocationInterceptorChain.invoke(InvocationInterceptorChain.java:37)
	at org.junit.jupiter.engine.execution.InterceptingExecutableInvoker.invoke(InterceptingExecutableInvoker.java:93)
	at org.junit.jupiter.engine.execution.InterceptingExecutableInvoker.invoke(InterceptingExecutableInvoker.java:87)
	at org.junit.jupiter.engine.descriptor.TestMethodTestDescriptor.lambda$invokeTestMethod$7(TestMethodTestDescriptor.java:216)
	at org.junit.platform.engine.support.hierarchical.ThrowableCollector.execute(ThrowableCollector.java:73)
	at org.junit.jupiter.engine.descriptor.TestMethodTestDescriptor.invokeTestMethod(TestMethodTestDescriptor.java:212)
	at org.junit.jupiter.engine.descriptor.TestMethodTestDescriptor.execute(TestMethodTestDescriptor.java:137)
	at org.junit.jupiter.engine.descriptor.TestMethodTestDescriptor.execute(TestMethodTestDescriptor.java:69)
	at org.junit.platform.engine.support.hierarchical.NodeTestTask.lambda$executeRecursively$6(NodeTestTask.java:156)
	at org.junit.platform.engine.support.hierarchical.ThrowableCollector.execute(ThrowableCollector.java:73)
	at org.junit.platform.engine.support.hierarchical.NodeTestTask.lambda$executeRecursively$8(NodeTestTask.java:146)
	at org.junit.platform.engine.support.hierarchical.Node.around(Node.java:137)
	at org.junit.platform.engine.support.hierarchical.NodeTestTask.lambda$executeRecursively$9(NodeTestTask.java:144)
	at org.junit.platform.engine.support.hierarchical.ThrowableCollector.execute(ThrowableCollector.java:73)
	at org.junit.platform.engine.support.hierarchical.NodeTestTask.executeRecursively(NodeTestTask.java:143)
	at org.junit.platform.engine.support.hierarchical.NodeTestTask.execute(NodeTestTask.java:100)
	at java.base/java.util.ArrayList.forEach(ArrayList.java:1596)
	at org.junit.platform.engine.support.hierarchical.SameThreadHierarchicalTestExecutorService.invokeAll(SameThreadHierarchicalTestExecutorService.java:41)
	at org.junit.platform.engine.support.hierarchical.NodeTestTask.lambda$executeRecursively$6(NodeTestTask.java:160)
	at org.junit.platform.engine.support.hierarchical.ThrowableCollector.execute(ThrowableCollector.java:73)
	at org.junit.platform.engine.support.hierarchical.NodeTestTask.lambda$executeRecursively$8(NodeTestTask.java:146)
	at org.junit.platform.engine.support.hierarchical.Node.around(Node.java:137)
	at org.junit.platform.engine.support.hierarchical.NodeTestTask.lambda$executeRecursively$9(NodeTestTask.java:144)
	at org.junit.platform.engine.support.hierarchical.ThrowableCollector.execute(ThrowableCollector.java:73)
	at org.junit.platform.engine.support.hierarchical.NodeTestTask.executeRecursively(NodeTestTask.java:143)
	at org.junit.platform.engine.support.hierarchical.NodeTestTask.execute(NodeTestTask.java:100)
	at java.base/java.util.ArrayList.forEach(ArrayList.java:1596)
	at org.junit.platform.engine.support.hierarchical.SameThreadHierarchicalTestExecutorService.invokeAll(SameThreadHierarchicalTestExecutorService.java:41)
	at org.junit.platform.engine.support.hierarchical.NodeTestTask.lambda$executeRecursively$6(NodeTestTask.java:160)
	at org.junit.platform.engine.support.hierarchical.ThrowableCollector.execute(ThrowableCollector.java:73)
	at org.junit.platform.engine.support.hierarchical.NodeTestTask.lambda$executeRecursively$8(NodeTestTask.java:146)
	at org.junit.platform.engine.support.hierarchical.Node.around(Node.java:137)
	at org.junit.platform.engine.support.hierarchical.NodeTestTask.lambda$executeRecursively$9(NodeTestTask.java:144)
	at org.junit.platform.engine.support.hierarchical.ThrowableCollector.execute(ThrowableCollector.java:73)
	at org.junit.platform.engine.support.hierarchical.NodeTestTask.executeRecursively(NodeTestTask.java:143)
	at org.junit.platform.engine.support.hierarchical.NodeTestTask.execute(NodeTestTask.java:100)
	at org.junit.platform.engine.support.hierarchical.SameThreadHierarchicalTestExecutorService.submit(SameThreadHierarchicalTestExecutorService.java:35)
	at org.junit.platform.engine.support.hierarchical.HierarchicalTestExecutor.execute(HierarchicalTestExecutor.java:57)
	at org.junit.platform.engine.support.hierarchical.HierarchicalTestEngine.execute(HierarchicalTestEngine.java:54)
	at org.junit.platform.launcher.core.EngineExecutionOrchestrator.execute(EngineExecutionOrchestrator.java:201)
	at org.junit.platform.launcher.core.EngineExecutionOrchestrator.execute(EngineExecutionOrchestrator.java:170)
	at org.junit.platform.launcher.core.EngineExecutionOrchestrator.execute(EngineExecutionOrchestrator.java:94)
	at org.junit.platform.launcher.core.EngineExecutionOrchestrator.lambda$execute$0(EngineExecutionOrchestrator.java:59)
	at org.junit.platform.launcher.core.EngineExecutionOrchestrator.withInterceptedStreams(EngineExecutionOrchestrator.java:142)
	at org.junit.platform.launcher.core.EngineExecutionOrchestrator.execute(EngineExecutionOrchestrator.java:58)
	at org.junit.platform.launcher.core.DefaultLauncher.execute(DefaultLauncher.java:103)
	at org.junit.platform.launcher.core.DefaultLauncher.execute(DefaultLauncher.java:85)
	at org.junit.platform.launcher.core.DelegatingLauncher.execute(DelegatingLauncher.java:47)
	at org.junit.platform.launcher.core.InterceptingLauncher.lambda$execute$1(InterceptingLauncher.java:39)
	at org.junit.platform.launcher.core.ClasspathAlignmentCheckingLauncherInterceptor.intercept(ClasspathAlignmentCheckingLauncherInterceptor.java:25)
	at org.junit.platform.launcher.core.InterceptingLauncher.execute(InterceptingLauncher.java:38)
	at org.junit.platform.launcher.core.DelegatingLauncher.execute(DelegatingLauncher.java:47)
	at org.apache.maven.surefire.junitplatform.LauncherAdapter.executeWithoutCancellationToken(LauncherAdapter.java:60)
	at org.apache.maven.surefire.junitplatform.LauncherAdapter.execute(LauncherAdapter.java:52)
	at org.apache.maven.surefire.junitplatform.JUnitPlatformProvider.execute(JUnitPlatformProvider.java:203)
	at org.apache.maven.surefire.junitplatform.JUnitPlatformProvider.invokeAllTests(JUnitPlatformProvider.java:168)
	at org.apache.maven.surefire.junitplatform.JUnitPlatformProvider.invoke(JUnitPlatformProvider.java:136)
	at org.apache.maven.surefire.booter.ForkedBooter.runSuitesInProcess(ForkedBooter.java:385)
	at org.apache.maven.surefire.booter.ForkedBooter.execute(ForkedBooter.java:162)
	at org.apache.maven.surefire.booter.ForkedBooter.run(ForkedBooter.java:507)
	at org.apache.maven.surefire.booter.ForkedBooter.main(ForkedBooter.java:495)
Caused by: java.io.IOException: stale mount handle
	... 76 common frames omitted
01:45:33.451 [main] WARN com.alibaba.qwen.code.managedagent.service.SessionLifecycleCoordinator -- Managed Session operation will retry tenant=cwd-tenant session=6d28fa5d-9c75-4982-814f-bdf7863eba03 operation=op_39e39c66ca814c07b34c01271bf8b2cf retry=1 delayMs=1000 failure=RuntimeBrokerException Workspace mount cannot be verified right now.
com.alibaba.qwen.code.runtimebroker.RuntimeBrokerException: Workspace mount cannot be verified right now.
	at com.alibaba.qwen.code.managedagent.store.WorkspaceExecutionStore.unavailableTransient(WorkspaceExecutionStore.java:302)
	at com.alibaba.qwen.code.managedagent.ManagedCwdChangeOperationTest.coordinatorFailsTerminallyWhenTheProbeBudgetIsExhausted(ManagedCwdChangeOperationTest.java:1134)
	at java.base/jdk.internal.reflect.DirectMethodHandleAccessor.invoke(DirectMethodHandleAccessor.java:103)
	at java.base/java.lang.reflect.Method.invoke(Method.java:580)
	at org.junit.platform.commons.util.ReflectionUtils.invokeMethod(ReflectionUtils.java:775)
	at org.junit.platform.commons.support.ReflectionSupport.invokeMethod(ReflectionSupport.java:479)
	at org.junit.jupiter.engine.execution.MethodInvocation.proceed(MethodInvocation.java:60)
	at org.junit.jupiter.engine.execution.InvocationInterceptorChain$ValidatingInvocation.proceed(InvocationInterceptorChain.java:131)
	at org.junit.jupiter.engine.extension.TimeoutExtension.intercept(TimeoutExtension.java:161)
	at org.junit.jupiter.engine.extension.TimeoutExtension.interceptTestableMethod(TimeoutExtension.java:152)
	at org.junit.jupiter.engine.extension.TimeoutExtension.interceptTestMethod(TimeoutExtension.java:91)
	at org.junit.jupiter.engine.execution.InterceptingExecutableInvoker$ReflectiveInterceptorCall.lambda$ofVoidMethod$0(InterceptingExecutableInvoker.java:112)
	at org.junit.jupiter.engine.execution.InterceptingExecutableInvoker.lambda$invoke$0(InterceptingExecutableInvoker.java:94)
	at org.junit.jupiter.engine.execution.InvocationInterceptorChain$InterceptedInvocation.proceed(InvocationInterceptorChain.java:106)
	at org.junit.jupiter.engine.execution.InvocationInterceptorChain.proceed(InvocationInterceptorChain.java:64)
	at org.junit.jupiter.engine.execution.InvocationInterceptorChain.chainAndInvoke(InvocationInterceptorChain.java:45)
	at org.junit.jupiter.engine.execution.InvocationInterceptorChain.invoke(InvocationInterceptorChain.java:37)
	at org.junit.jupiter.engine.execution.InterceptingExecutableInvoker.invoke(InterceptingExecutableInvoker.java:93)
	at org.junit.jupiter.engine.execution.InterceptingExecutableInvoker.invoke(InterceptingExecutableInvoker.java:87)
	at org.junit.jupiter.engine.descriptor.TestMethodTestDescriptor.lambda$invokeTestMethod$7(TestMethodTestDescriptor.java:216)
	at org.junit.platform.engine.support.hierarchical.ThrowableCollector.execute(ThrowableCollector.java:73)
	at org.junit.jupiter.engine.descriptor.TestMethodTestDescriptor.invokeTestMethod(TestMethodTestDescriptor.java:212)
	at org.junit.jupiter.engine.descriptor.TestMethodTestDescriptor.execute(TestMethodTestDescriptor.java:137)
	at org.junit.jupiter.engine.descriptor.TestMethodTestDescriptor.execute(TestMethodTestDescriptor.java:69)
	at org.junit.platform.engine.support.hierarchical.NodeTestTask.lambda$executeRecursively$6(NodeTestTask.java:156)
	at org.junit.platform.engine.support.hierarchical.ThrowableCollector.execute(ThrowableCollector.java:73)
	at org.junit.platform.engine.support.hierarchical.NodeTestTask.lambda$executeRecursively$8(NodeTestTask.java:146)
	at org.junit.platform.engine.support.hierarchical.Node.around(Node.java:137)
	at org.junit.platform.engine.support.hierarchical.NodeTestTask.lambda$executeRecursively$9(NodeTestTask.java:144)
	at org.junit.platform.engine.support.hierarchical.ThrowableCollector.execute(ThrowableCollector.java:73)
	at org.junit.platform.engine.support.hierarchical.NodeTestTask.executeRecursively(NodeTestTask.java:143)
	at org.junit.platform.engine.support.hierarchical.NodeTestTask.execute(NodeTestTask.java:100)
	at java.base/java.util.ArrayList.forEach(ArrayList.java:1596)
	at org.junit.platform.engine.support.hierarchical.SameThreadHierarchicalTestExecutorService.invokeAll(SameThreadHierarchicalTestExecutorService.java:41)
	at org.junit.platform.engine.support.hierarchical.NodeTestTask.lambda$executeRecursively$6(NodeTestTask.java:160)
	at org.junit.platform.engine.support.hierarchical.ThrowableCollector.execute(ThrowableCollector.java:73)
	at org.junit.platform.engine.support.hierarchical.NodeTestTask.lambda$executeRecursively$8(NodeTestTask.java:146)
	at org.junit.platform.engine.support.hierarchical.Node.around(Node.java:137)
	at org.junit.platform.engine.support.hierarchical.NodeTestTask.lambda$executeRecursively$9(NodeTestTask.java:144)
	at org.junit.platform.engine.support.hierarchical.ThrowableCollector.execute(ThrowableCollector.java:73)
	at org.junit.platform.engine.support.hierarchical.NodeTestTask.executeRecursively(NodeTestTask.java:143)
	at org.junit.platform.engine.support.hierarchical.NodeTestTask.execute(NodeTestTask.java:100)
	at java.base/java.util.ArrayList.forEach(ArrayList.java:1596)
	at org.junit.platform.engine.support.hierarchical.SameThreadHierarchicalTestExecutorService.invokeAll(SameThreadHierarchicalTestExecutorService.java:41)
	at org.junit.platform.engine.support.hierarchical.NodeTestTask.lambda$executeRecursively$6(NodeTestTask.java:160)
	at org.junit.platform.engine.support.hierarchical.ThrowableCollector.execute(ThrowableCollector.java:73)
	at org.junit.platform.engine.support.hierarchical.NodeTestTask.lambda$executeRecursively$8(NodeTestTask.java:146)
	at org.junit.platform.engine.support.hierarchical.Node.around(Node.java:137)
	at org.junit.platform.engine.support.hierarchical.NodeTestTask.lambda$executeRecursively$9(NodeTestTask.java:144)
	at org.junit.platform.engine.support.hierarchical.ThrowableCollector.execute(ThrowableCollector.java:73)
	at org.junit.platform.engine.support.hierarchical.NodeTestTask.executeRecursively(NodeTestTask.java:143)
	at org.junit.platform.engine.support.hierarchical.NodeTestTask.execute(NodeTestTask.java:100)
	at org.junit.platform.engine.support.hierarchical.SameThreadHierarchicalTestExecutorService.submit(SameThreadHierarchicalTestExecutorService.java:35)
	at org.junit.platform.engine.support.hierarchical.HierarchicalTestExecutor.execute(HierarchicalTestExecutor.java:57)
	at org.junit.platform.engine.support.hierarchical.HierarchicalTestEngine.execute(HierarchicalTestEngine.java:54)
	at org.junit.platform.launcher.core.EngineExecutionOrchestrator.execute(EngineExecutionOrchestrator.java:201)
	at org.junit.platform.launcher.core.EngineExecutionOrchestrator.execute(EngineExecutionOrchestrator.java:170)
	at org.junit.platform.launcher.core.EngineExecutionOrchestrator.execute(EngineExecutionOrchestrator.java:94)
	at org.junit.platform.launcher.core.EngineExecutionOrchestrator.lambda$execute$0(EngineExecutionOrchestrator.java:59)
	at org.junit.platform.launcher.core.EngineExecutionOrchestrator.withInterceptedStreams(EngineExecutionOrchestrator.java:142)
	at org.junit.platform.launcher.core.EngineExecutionOrchestrator.execute(EngineExecutionOrchestrator.java:58)
	at org.junit.platform.launcher.core.DefaultLauncher.execute(DefaultLauncher.java:103)
	at org.junit.platform.launcher.core.DefaultLauncher.execute(DefaultLauncher.java:85)
	at org.junit.platform.launcher.core.DelegatingLauncher.execute(DelegatingLauncher.java:47)
	at org.junit.platform.launcher.core.InterceptingLauncher.lambda$execute$1(InterceptingLauncher.java:39)
	at org.junit.platform.launcher.core.ClasspathAlignmentCheckingLauncherInterceptor.intercept(ClasspathAlignmentCheckingLauncherInterceptor.java:25)
	at org.junit.platform.launcher.core.InterceptingLauncher.execute(InterceptingLauncher.java:38)
	at org.junit.platform.launcher.core.DelegatingLauncher.execute(DelegatingLauncher.java:47)
	at org.apache.maven.surefire.junitplatform.LauncherAdapter.executeWithoutCancellationToken(LauncherAdapter.java:60)
	at org.apache.maven.surefire.junitplatform.LauncherAdapter.execute(LauncherAdapter.java:52)
	at org.apache.maven.surefire.junitplatform.JUnitPlatformProvider.execute(JUnitPlatformProvider.java:203)
	at org.apache.maven.surefire.junitplatform.JUnitPlatformProvider.invokeAllTests(JUnitPlatformProvider.java:168)
	at org.apache.maven.surefire.junitplatform.JUnitPlatformProvider.invoke(JUnitPlatformProvider.java:136)
	at org.apache.maven.surefire.booter.ForkedBooter.runSuitesInProcess(ForkedBooter.java:385)
	at org.apache.maven.surefire.booter.ForkedBooter.execute(ForkedBooter.java:162)
	at org.apache.maven.surefire.booter.ForkedBooter.run(ForkedBooter.java:507)
	at org.apache.maven.surefire.booter.ForkedBooter.main(ForkedBooter.java:495)
Caused by: java.io.IOException: stale mount handle
	... 76 common frames omitted
01:45:33.452 [main] INFO com.alibaba.qwen.code.managedagent.service.SessionLifecycleCoordinator -- Managed Session cwd change probe deferred tenant=cwd-tenant session=6d28fa5d-9c75-4982-814f-bdf7863eba03 operation=op_39e39c66ca814c07b34c01271bf8b2cf code=workspace_unavailable Workspace mount cannot be verified right now.
com.alibaba.qwen.code.runtimebroker.RuntimeBrokerException: Workspace mount cannot be verified right now.
	at com.alibaba.qwen.code.managedagent.store.WorkspaceExecutionStore.unavailableTransient(WorkspaceExecutionStore.java:302)
	at com.alibaba.qwen.code.managedagent.ManagedCwdChangeOperationTest.coordinatorFailsTerminallyWhenTheProbeBudgetIsExhausted(ManagedCwdChangeOperationTest.java:1134)
	at java.base/jdk.internal.reflect.DirectMethodHandleAccessor.invoke(DirectMethodHandleAccessor.java:103)
	at java.base/java.lang.reflect.Method.invoke(Method.java:580)
	at org.junit.platform.commons.util.ReflectionUtils.invokeMethod(ReflectionUtils.java:775)
	at org.junit.platform.commons.support.ReflectionSupport.invokeMethod(ReflectionSupport.java:479)
	at org.junit.jupiter.engine.execution.MethodInvocation.proceed(MethodInvocation.java:60)
	at org.junit.jupiter.engine.execution.InvocationInterceptorChain$ValidatingInvocation.proceed(InvocationInterceptorChain.java:131)
	at org.junit.jupiter.engine.extension.TimeoutExtension.intercept(TimeoutExtension.java:161)
	at org.junit.jupiter.engine.extension.TimeoutExtension.interceptTestableMethod(TimeoutExtension.java:152)
	at org.junit.jupiter.engine.extension.TimeoutExtension.interceptTestMethod(TimeoutExtension.java:91)
	at org.junit.jupiter.engine.execution.InterceptingExecutableInvoker$ReflectiveInterceptorCall.lambda$ofVoidMethod$0(InterceptingExecutableInvoker.java:112)
	at org.junit.jupiter.engine.execution.InterceptingExecutableInvoker.lambda$invoke$0(InterceptingExecutableInvoker.java:94)
	at org.junit.jupiter.engine.execution.InvocationInterceptorChain$InterceptedInvocation.proceed(InvocationInterceptorChain.java:106)
	at org.junit.jupiter.engine.execution.InvocationInterceptorChain.proceed(InvocationInterceptorChain.java:64)
	at org.junit.jupiter.engine.execution.InvocationInterceptorChain.chainAndInvoke(InvocationInterceptorChain.java:45)
	at org.junit.jupiter.engine.execution.InvocationInterceptorChain.invoke(InvocationInterceptorChain.java:37)
	at org.junit.jupiter.engine.execution.InterceptingExecutableInvoker.invoke(InterceptingExecutableInvoker.java:93)
	at org.junit.jupiter.engine.execution.InterceptingExecutableInvoker.invoke(InterceptingExecutableInvoker.java:87)
	at org.junit.jupiter.engine.descriptor.TestMethodTestDescriptor.lambda$invokeTestMethod$7(TestMethodTestDescriptor.java:216)
	at org.junit.platform.engine.support.hierarchical.ThrowableCollector.execute(ThrowableCollector.java:73)
	at org.junit.jupiter.engine.descriptor.TestMethodTestDescriptor.invokeTestMethod(TestMethodTestDescriptor.java:212)
	at org.junit.jupiter.engine.descriptor.TestMethodTestDescriptor.execute(TestMethodTestDescriptor.java:137)
	at org.junit.jupiter.engine.descriptor.TestMethodTestDescriptor.execute(TestMethodTestDescriptor.java:69)
	at org.junit.platform.engine.support.hierarchical.NodeTestTask.lambda$executeRecursively$6(NodeTestTask.java:156)
	at org.junit.platform.engine.support.hierarchical.ThrowableCollector.execute(ThrowableCollector.java:73)
	at org.junit.platform.engine.support.hierarchical.NodeTestTask.lambda$executeRecursively$8(NodeTestTask.java:146)
	at org.junit.platform.engine.support.hierarchical.Node.around(Node.java:137)
	at org.junit.platform.engine.support.hierarchical.NodeTestTask.lambda$executeRecursively$9(NodeTestTask.java:144)
	at org.junit.platform.engine.support.hierarchical.ThrowableCollector.execute(ThrowableCollector.java:73)
	at org.junit.platform.engine.support.hierarchical.NodeTestTask.executeRecursively(NodeTestTask.java:143)
	at org.junit.platform.engine.support.hierarchical.NodeTestTask.execute(NodeTestTask.java:100)
	at java.base/java.util.ArrayList.forEach(ArrayList.java:1596)
	at org.junit.platform.engine.support.hierarchical.SameThreadHierarchicalTestExecutorService.invokeAll(SameThreadHierarchicalTestExecutorService.java:41)
	at org.junit.platform.engine.support.hierarchical.NodeTestTask.lambda$executeRecursively$6(NodeTestTask.java:160)
	at org.junit.platform.engine.support.hierarchical.ThrowableCollector.execute(ThrowableCollector.java:73)
	at org.junit.platform.engine.support.hierarchical.NodeTestTask.lambda$executeRecursively$8(NodeTestTask.java:146)
	at org.junit.platform.engine.support.hierarchical.Node.around(Node.java:137)
	at org.junit.platform.engine.support.hierarchical.NodeTestTask.lambda$executeRecursively$9(NodeTestTask.java:144)
	at org.junit.platform.engine.support.hierarchical.ThrowableCollector.execute(ThrowableCollector.java:73)
	at org.junit.platform.engine.support.hierarchical.NodeTestTask.executeRecursively(NodeTestTask.java:143)
	at org.junit.platform.engine.support.hierarchical.NodeTestTask.execute(NodeTestTask.java:100)
	at java.base/java.util.ArrayList.forEach(ArrayList.java:1596)
	at org.junit.platform.engine.support.hierarchical.SameThreadHierarchicalTestExecutorService.invokeAll(SameThreadHierarchicalTestExecutorService.java:41)
	at org.junit.platform.engine.support.hierarchical.NodeTestTask.lambda$executeRecursively$6(NodeTestTask.java:160)
	at org.junit.platform.engine.support.hierarchical.ThrowableCollector.execute(ThrowableCollector.java:73)
	at org.junit.platform.engine.support.hierarchical.NodeTestTask.lambda$executeRecursively$8(NodeTestTask.java:146)
	at org.junit.platform.engine.support.hierarchical.Node.around(Node.java:137)
	at org.junit.platform.engine.support.hierarchical.NodeTestTask.lambda$executeRecursively$9(NodeTestTask.java:144)
	at org.junit.platform.engine.support.hierarchical.ThrowableCollector.execute(ThrowableCollector.java:73)
	at org.junit.platform.engine.support.hierarchical.NodeTestTask.executeRecursively(NodeTestTask.java:143)
	at org.junit.platform.engine.support.hierarchical.NodeTestTask.execute(NodeTestTask.java:100)
	at org.junit.platform.engine.support.hierarchical.SameThreadHierarchicalTestExecutorService.submit(SameThreadHierarchicalTestExecutorService.java:35)
	at org.junit.platform.engine.support.hierarchical.HierarchicalTestExecutor.execute(HierarchicalTestExecutor.java:57)
	at org.junit.platform.engine.support.hierarchical.HierarchicalTestEngine.execute(HierarchicalTestEngine.java:54)
	at org.junit.platform.launcher.core.EngineExecutionOrchestrator.execute(EngineExecutionOrchestrator.java:201)
	at org.junit.platform.launcher.core.EngineExecutionOrchestrator.execute(EngineExecutionOrchestrator.java:170)
	at org.junit.platform.launcher.core.EngineExecutionOrchestrator.execute(EngineExecutionOrchestrator.java:94)
	at org.junit.platform.launcher.core.EngineExecutionOrchestrator.lambda$execute$0(EngineExecutionOrchestrator.java:59)
	at org.junit.platform.launcher.core.EngineExecutionOrchestrator.withInterceptedStreams(EngineExecutionOrchestrator.java:142)
	at org.junit.platform.launcher.core.EngineExecutionOrchestrator.execute(EngineExecutionOrchestrator.java:58)
	at org.junit.platform.launcher.core.DefaultLauncher.execute(DefaultLauncher.java:103)
	at org.junit.platform.launcher.core.DefaultLauncher.execute(DefaultLauncher.java:85)
	at org.junit.platform.launcher.core.DelegatingLauncher.execute(DelegatingLauncher.java:47)
	at org.junit.platform.launcher.core.InterceptingLauncher.lambda$execute$1(InterceptingLauncher.java:39)
	at org.junit.platform.launcher.core.ClasspathAlignmentCheckingLauncherInterceptor.intercept(ClasspathAlignmentCheckingLauncherInterceptor.java:25)
	at org.junit.platform.launcher.core.InterceptingLauncher.execute(InterceptingLauncher.java:38)
	at org.junit.platform.launcher.core.DelegatingLauncher.execute(DelegatingLauncher.java:47)
	at org.apache.maven.surefire.junitplatform.LauncherAdapter.executeWithoutCancellationToken(LauncherAdapter.java:60)
	at org.apache.maven.surefire.junitplatform.LauncherAdapter.execute(LauncherAdapter.java:52)
	at org.apache.maven.surefire.junitplatform.JUnitPlatformProvider.execute(JUnitPlatformProvider.java:203)
	at org.apache.maven.surefire.junitplatform.JUnitPlatformProvider.invokeAllTests(JUnitPlatformProvider.java:168)
	at org.apache.maven.surefire.junitplatform.JUnitPlatformProvider.invoke(JUnitPlatformProvider.java:136)
	at org.apache.maven.surefire.booter.ForkedBooter.runSuitesInProcess(ForkedBooter.java:385)
	at org.apache.maven.surefire.booter.ForkedBooter.execute(ForkedBooter.java:162)
	at org.apache.maven.surefire.booter.ForkedBooter.run(ForkedBooter.java:507)
	at org.apache.maven.surefire.booter.ForkedBooter.main(ForkedBooter.java:495)
Caused by: java.io.IOException: stale mount handle
	... 76 common frames omitted
01:45:33.453 [main] WARN com.alibaba.qwen.code.managedagent.service.SessionLifecycleCoordinator -- Managed Session operation will retry tenant=cwd-tenant session=6d28fa5d-9c75-4982-814f-bdf7863eba03 operation=op_39e39c66ca814c07b34c01271bf8b2cf retry=2 delayMs=2000 failure=RuntimeBrokerException Workspace mount cannot be verified right now.
com.alibaba.qwen.code.runtimebroker.RuntimeBrokerException: Workspace mount cannot be verified right now.
	at com.alibaba.qwen.code.managedagent.store.WorkspaceExecutionStore.unavailableTransient(WorkspaceExecutionStore.java:302)
	at com.alibaba.qwen.code.managedagent.ManagedCwdChangeOperationTest.coordinatorFailsTerminallyWhenTheProbeBudgetIsExhausted(ManagedCwdChangeOperationTest.java:1134)
	at java.base/jdk.internal.reflect.DirectMethodHandleAccessor.invoke(DirectMethodHandleAccessor.java:103)
	at java.base/java.lang.reflect.Method.invoke(Method.java:580)
	at org.junit.platform.commons.util.ReflectionUtils.invokeMethod(ReflectionUtils.java:775)
	at org.junit.platform.commons.support.ReflectionSupport.invokeMethod(ReflectionSupport.java:479)
	at org.junit.jupiter.engine.execution.MethodInvocation.proceed(MethodInvocation.java:60)
	at org.junit.jupiter.engine.execution.InvocationInterceptorChain$ValidatingInvocation.proceed(InvocationInterceptorChain.java:131)
	at org.junit.jupiter.engine.extension.TimeoutExtension.intercept(TimeoutExtension.java:161)
	at org.junit.jupiter.engine.extension.TimeoutExtension.interceptTestableMethod(TimeoutExtension.java:152)
	at org.junit.jupiter.engine.extension.TimeoutExtension.interceptTestMethod(TimeoutExtension.java:91)
	at org.junit.jupiter.engine.execution.InterceptingExecutableInvoker$ReflectiveInterceptorCall.lambda$ofVoidMethod$0(InterceptingExecutableInvoker.java:112)
	at org.junit.jupiter.engine.execution.InterceptingExecutableInvoker.lambda$invoke$0(InterceptingExecutableInvoker.java:94)
	at org.junit.jupiter.engine.execution.InvocationInterceptorChain$InterceptedInvocation.proceed(InvocationInterceptorChain.java:106)
	at org.junit.jupiter.engine.execution.InvocationInterceptorChain.proceed(InvocationInterceptorChain.java:64)
	at org.junit.jupiter.engine.execution.InvocationInterceptorChain.chainAndInvoke(InvocationInterceptorChain.java:45)
	at org.junit.jupiter.engine.execution.InvocationInterceptorChain.invoke(InvocationInterceptorChain.java:37)
	at org.junit.jupiter.engine.execution.InterceptingExecutableInvoker.invoke(InterceptingExecutableInvoker.java:93)
	at org.junit.jupiter.engine.execution.InterceptingExecutableInvoker.invoke(InterceptingExecutableInvoker.java:87)
	at org.junit.jupiter.engine.descriptor.TestMethodTestDescriptor.lambda$invokeTestMethod$7(TestMethodTestDescriptor.java:216)
	at org.junit.platform.engine.support.hierarchical.ThrowableCollector.execute(ThrowableCollector.java:73)
	at org.junit.jupiter.engine.descriptor.TestMethodTestDescriptor.invokeTestMethod(TestMethodTestDescriptor.java:212)
	at org.junit.jupiter.engine.descriptor.TestMethodTestDescriptor.execute(TestMethodTestDescriptor.java:137)
	at org.junit.jupiter.engine.descriptor.TestMethodTestDescriptor.execute(TestMethodTestDescriptor.java:69)
	at org.junit.platform.engine.support.hierarchical.NodeTestTask.lambda$executeRecursively$6(NodeTestTask.java:156)
	at org.junit.platform.engine.support.hierarchical.ThrowableCollector.execute(ThrowableCollector.java:73)
	at org.junit.platform.engine.support.hierarchical.NodeTestTask.lambda$executeRecursively$8(NodeTestTask.java:146)
	at org.junit.platform.engine.support.hierarchical.Node.around(Node.java:137)
	at org.junit.platform.engine.support.hierarchical.NodeTestTask.lambda$executeRecursively$9(NodeTestTask.java:144)
	at org.junit.platform.engine.support.hierarchical.ThrowableCollector.execute(ThrowableCollector.java:73)
	at org.junit.platform.engine.support.hierarchical.NodeTestTask.executeRecursively(NodeTestTask.java:143)
	at org.junit.platform.engine.support.hierarchical.NodeTestTask.execute(NodeTestTask.java:100)
	at java.base/java.util.ArrayList.forEach(ArrayList.java:1596)
	at org.junit.platform.engine.support.hierarchical.SameThreadHierarchicalTestExecutorService.invokeAll(SameThreadHierarchicalTestExecutorService.java:41)
	at org.junit.platform.engine.support.hierarchical.NodeTestTask.lambda$executeRecursively$6(NodeTestTask.java:160)
	at org.junit.platform.engine.support.hierarchical.ThrowableCollector.execute(ThrowableCollector.java:73)
	at org.junit.platform.engine.support.hierarchical.NodeTestTask.lambda$executeRecursively$8(NodeTestTask.java:146)
	at org.junit.platform.engine.support.hierarchical.Node.around(Node.java:137)
	at org.junit.platform.engine.support.hierarchical.NodeTestTask.lambda$executeRecursively$9(NodeTestTask.java:144)
	at org.junit.platform.engine.support.hierarchical.ThrowableCollector.execute(ThrowableCollector.java:73)
	at org.junit.platform.engine.support.hierarchical.NodeTestTask.executeRecursively(NodeTestTask.java:143)
	at org.junit.platform.engine.support.hierarchical.NodeTestTask.execute(NodeTestTask.java:100)
	at java.base/java.util.ArrayList.forEach(ArrayList.java:1596)
	at org.junit.platform.engine.support.hierarchical.SameThreadHierarchicalTestExecutorService.invokeAll(SameThreadHierarchicalTestExecutorService.java:41)
	at org.junit.platform.engine.support.hierarchical.NodeTestTask.lambda$executeRecursively$6(NodeTestTask.java:160)
	at org.junit.platform.engine.support.hierarchical.ThrowableCollector.execute(ThrowableCollector.java:73)
	at org.junit.platform.engine.support.hierarchical.NodeTestTask.lambda$executeRecursively$8(NodeTestTask.java:146)
	at org.junit.platform.engine.support.hierarchical.Node.around(Node.java:137)
	at org.junit.platform.engine.support.hierarchical.NodeTestTask.lambda$executeRecursively$9(NodeTestTask.java:144)
	at org.junit.platform.engine.support.hierarchical.ThrowableCollector.execute(ThrowableCollector.java:73)
	at org.junit.platform.engine.support.hierarchical.NodeTestTask.executeRecursively(NodeTestTask.java:143)
	at org.junit.platform.engine.support.hierarchical.NodeTestTask.execute(NodeTestTask.java:100)
	at org.junit.platform.engine.support.hierarchical.SameThreadHierarchicalTestExecutorService.submit(SameThreadHierarchicalTestExecutorService.java:35)
	at org.junit.platform.engine.support.hierarchical.HierarchicalTestExecutor.execute(HierarchicalTestExecutor.java:57)
	at org.junit.platform.engine.support.hierarchical.HierarchicalTestEngine.execute(HierarchicalTestEngine.java:54)
	at org.junit.platform.launcher.core.EngineExecutionOrchestrator.execute(EngineExecutionOrchestrator.java:201)
	at org.junit.platform.launcher.core.EngineExecutionOrchestrator.execute(EngineExecutionOrchestrator.java:170)
	at org.junit.platform.launcher.core.EngineExecutionOrchestrator.execute(EngineExecutionOrchestrator.java:94)
	at org.junit.platform.launcher.core.EngineExecutionOrchestrator.lambda$execute$0(EngineExecutionOrchestrator.java:59)
	at org.junit.platform.launcher.core.EngineExecutionOrchestrator.withInterceptedStreams(EngineExecutionOrchestrator.java:142)
	at org.junit.platform.launcher.core.EngineExecutionOrchestrator.execute(EngineExecutionOrchestrator.java:58)
	at org.junit.platform.launcher.core.DefaultLauncher.execute(DefaultLauncher.java:103)
	at org.junit.platform.launcher.core.DefaultLauncher.execute(DefaultLauncher.java:85)
	at org.junit.platform.launcher.core.DelegatingLauncher.execute(DelegatingLauncher.java:47)
	at org.junit.platform.launcher.core.InterceptingLauncher.lambda$execute$1(InterceptingLauncher.java:39)
	at org.junit.platform.launcher.core.ClasspathAlignmentCheckingLauncherInterceptor.intercept(ClasspathAlignmentCheckingLauncherInterceptor.java:25)
	at org.junit.platform.launcher.core.InterceptingLauncher.execute(InterceptingLauncher.java:38)
	at org.junit.platform.launcher.core.DelegatingLauncher.execute(DelegatingLauncher.java:47)
	at org.apache.maven.surefire.junitplatform.LauncherAdapter.executeWithoutCancellationToken(LauncherAdapter.java:60)
	at org.apache.maven.surefire.junitplatform.LauncherAdapter.execute(LauncherAdapter.java:52)
	at org.apache.maven.surefire.junitplatform.JUnitPlatformProvider.execute(JUnitPlatformProvider.java:203)
	at org.apache.maven.surefire.junitplatform.JUnitPlatformProvider.invokeAllTests(JUnitPlatformProvider.java:168)
	at org.apache.maven.surefire.junitplatform.JUnitPlatformProvider.invoke(JUnitPlatformProvider.java:136)
	at org.apache.maven.surefire.booter.ForkedBooter.runSuitesInProcess(ForkedBooter.java:385)
	at org.apache.maven.surefire.booter.ForkedBooter.execute(ForkedBooter.java:162)
	at org.apache.maven.surefire.booter.ForkedBooter.run(ForkedBooter.java:507)
	at org.apache.maven.surefire.booter.ForkedBooter.main(ForkedBooter.java:495)
Caused by: java.io.IOException: stale mount handle
	... 76 common frames omitted
01:45:33.454 [main] INFO com.alibaba.qwen.code.managedagent.service.SessionLifecycleCoordinator -- Managed Session cwd change probe deferred tenant=cwd-tenant session=6d28fa5d-9c75-4982-814f-bdf7863eba03 operation=op_39e39c66ca814c07b34c01271bf8b2cf code=workspace_unavailable Workspace mount cannot be verified right now.
com.alibaba.qwen.code.runtimebroker.RuntimeBrokerException: Workspace mount cannot be verified right now.
	at com.alibaba.qwen.code.managedagent.store.WorkspaceExecutionStore.unavailableTransient(WorkspaceExecutionStore.java:302)
	at com.alibaba.qwen.code.managedagent.ManagedCwdChangeOperationTest.coordinatorFailsTerminallyWhenTheProbeBudgetIsExhausted(ManagedCwdChangeOperationTest.java:1134)
	at java.base/jdk.internal.reflect.DirectMethodHandleAccessor.invoke(DirectMethodHandleAccessor.java:103)
	at java.base/java.lang.reflect.Method.invoke(Method.java:580)
	at org.junit.platform.commons.util.ReflectionUtils.invokeMethod(ReflectionUtils.java:775)
	at org.junit.platform.commons.support.ReflectionSupport.invokeMethod(ReflectionSupport.java:479)
	at org.junit.jupiter.engine.execution.MethodInvocation.proceed(MethodInvocation.java:60)
	at org.junit.jupiter.engine.execution.InvocationInterceptorChain$ValidatingInvocation.proceed(InvocationInterceptorChain.java:131)
	at org.junit.jupiter.engine.extension.TimeoutExtension.intercept(TimeoutExtension.java:161)
	at org.junit.jupiter.engine.extension.TimeoutExtension.interceptTestableMethod(TimeoutExtension.java:152)
	at org.junit.jupiter.engine.extension.TimeoutExtension.interceptTestMethod(TimeoutExtension.java:91)
	at org.junit.jupiter.engine.execution.InterceptingExecutableInvoker$ReflectiveInterceptorCall.lambda$ofVoidMethod$0(InterceptingExecutableInvoker.java:112)
	at org.junit.jupiter.engine.execution.InterceptingExecutableInvoker.lambda$invoke$0(InterceptingExecutableInvoker.java:94)
	at org.junit.jupiter.engine.execution.InvocationInterceptorChain$InterceptedInvocation.proceed(InvocationInterceptorChain.java:106)
	at org.junit.jupiter.engine.execution.InvocationInterceptorChain.proceed(InvocationInterceptorChain.java:64)
	at org.junit.jupiter.engine.execution.InvocationInterceptorChain.chainAndInvoke(InvocationInterceptorChain.java:45)
	at org.junit.jupiter.engine.execution.InvocationInterceptorChain.invoke(InvocationInterceptorChain.java:37)
	at org.junit.jupiter.engine.execution.InterceptingExecutableInvoker.invoke(InterceptingExecutableInvoker.java:93)
	at org.junit.jupiter.engine.execution.InterceptingExecutableInvoker.invoke(InterceptingExecutableInvoker.java:87)
	at org.junit.jupiter.engine.descriptor.TestMethodTestDescriptor.lambda$invokeTestMethod$7(TestMethodTestDescriptor.java:216)
	at org.junit.platform.engine.support.hierarchical.ThrowableCollector.execute(ThrowableCollector.java:73)
	at org.junit.jupiter.engine.descriptor.TestMethodTestDescriptor.invokeTestMethod(TestMethodTestDescriptor.java:212)
	at org.junit.jupiter.engine.descriptor.TestMethodTestDescriptor.execute(TestMethodTestDescriptor.java:137)
	at org.junit.jupiter.engine.descriptor.TestMethodTestDescriptor.execute(TestMethodTestDescriptor.java:69)
	at org.junit.platform.engine.support.hierarchical.NodeTestTask.lambda$executeRecursively$6(NodeTestTask.java:156)
	at org.junit.platform.engine.support.hierarchical.ThrowableCollector.execute(ThrowableCollector.java:73)
	at org.junit.platform.engine.support.hierarchical.NodeTestTask.lambda$executeRecursively$8(NodeTestTask.java:146)
	at org.junit.platform.engine.support.hierarchical.Node.around(Node.java:137)
	at org.junit.platform.engine.support.hierarchical.NodeTestTask.lambda$executeRecursively$9(NodeTestTask.java:144)
	at org.junit.platform.engine.support.hierarchical.ThrowableCollector.execute(ThrowableCollector.java:73)
	at org.junit.platform.engine.support.hierarchical.NodeTestTask.executeRecursively(NodeTestTask.java:143)
	at org.junit.platform.engine.support.hierarchical.NodeTestTask.execute(NodeTestTask.java:100)
	at java.base/java.util.ArrayList.forEach(ArrayList.java:1596)
	at org.junit.platform.engine.support.hierarchical.SameThreadHierarchicalTestExecutorService.invokeAll(SameThreadHierarchicalTestExecutorService.java:41)
	at org.junit.platform.engine.support.hierarchical.NodeTestTask.lambda$executeRecursively$6(NodeTestTask.java:160)
	at org.junit.platform.engine.support.hierarchical.ThrowableCollector.execute(ThrowableCollector.java:73)
	at org.junit.platform.engine.support.hierarchical.NodeTestTask.lambda$executeRecursively$8(NodeTestTask.java:146)
	at org.junit.platform.engine.support.hierarchical.Node.around(Node.java:137)
	at org.junit.platform.engine.support.hierarchical.NodeTestTask.lambda$executeRecursively$9(NodeTestTask.java:144)
	at org.junit.platform.engine.support.hierarchical.ThrowableCollector.execute(ThrowableCollector.java:73)
	at org.junit.platform.engine.support.hierarchical.NodeTestTask.executeRecursively(NodeTestTask.java:143)
	at org.junit.platform.engine.support.hierarchical.NodeTestTask.execute(NodeTestTask.java:100)
	at java.base/java.util.ArrayList.forEach(ArrayList.java:1596)
	at org.junit.platform.engine.support.hierarchical.SameThreadHierarchicalTestExecutorService.invokeAll(SameThreadHierarchicalTestExecutorService.java:41)
	at org.junit.platform.engine.support.hierarchical.NodeTestTask.lambda$executeRecursively$6(NodeTestTask.java:160)
	at org.junit.platform.engine.support.hierarchical.ThrowableCollector.execute(ThrowableCollector.java:73)
	at org.junit.platform.engine.support.hierarchical.NodeTestTask.lambda$executeRecursively$8(NodeTestTask.java:146)
	at org.junit.platform.engine.support.hierarchical.Node.around(Node.java:137)
	at org.junit.platform.engine.support.hierarchical.NodeTestTask.lambda$executeRecursively$9(NodeTestTask.java:144)
	at org.junit.platform.engine.support.hierarchical.ThrowableCollector.execute(ThrowableCollector.java:73)
	at org.junit.platform.engine.support.hierarchical.NodeTestTask.executeRecursively(NodeTestTask.java:143)
	at org.junit.platform.engine.support.hierarchical.NodeTestTask.execute(NodeTestTask.java:100)
	at org.junit.platform.engine.support.hierarchical.SameThreadHierarchicalTestExecutorService.submit(SameThreadHierarchicalTestExecutorService.java:35)
	at org.junit.platform.engine.support.hierarchical.HierarchicalTestExecutor.execute(HierarchicalTestExecutor.java:57)
	at org.junit.platform.engine.support.hierarchical.HierarchicalTestEngine.execute(HierarchicalTestEngine.java:54)
	at org.junit.platform.launcher.core.EngineExecutionOrchestrator.execute(EngineExecutionOrchestrator.java:201)
	at org.junit.platform.launcher.core.EngineExecutionOrchestrator.execute(EngineExecutionOrchestrator.java:170)
	at org.junit.platform.launcher.core.EngineExecutionOrchestrator.execute(EngineExecutionOrchestrator.java:94)
	at org.junit.platform.launcher.core.EngineExecutionOrchestrator.lambda$execute$0(EngineExecutionOrchestrator.java:59)
	at org.junit.platform.launcher.core.EngineExecutionOrchestrator.withInterceptedStreams(EngineExecutionOrchestrator.java:142)
	at org.junit.platform.launcher.core.EngineExecutionOrchestrator.execute(EngineExecutionOrchestrator.java:58)
	at org.junit.platform.launcher.core.DefaultLauncher.execute(DefaultLauncher.java:103)
	at org.junit.platform.launcher.core.DefaultLauncher.execute(DefaultLauncher.java:85)
	at org.junit.platform.launcher.core.DelegatingLauncher.execute(DelegatingLauncher.java:47)
	at org.junit.platform.launcher.core.InterceptingLauncher.lambda$execute$1(InterceptingLauncher.java:39)
	at org.junit.platform.launcher.core.ClasspathAlignmentCheckingLauncherInterceptor.intercept(ClasspathAlignmentCheckingLauncherInterceptor.java:25)
	at org.junit.platform.launcher.core.InterceptingLauncher.execute(InterceptingLauncher.java:38)
	at org.junit.platform.launcher.core.DelegatingLauncher.execute(DelegatingLauncher.java:47)
	at org.apache.maven.surefire.junitplatform.LauncherAdapter.executeWithoutCancellationToken(LauncherAdapter.java:60)
	at org.apache.maven.surefire.junitplatform.LauncherAdapter.execute(LauncherAdapter.java:52)
	at org.apache.maven.surefire.junitplatform.JUnitPlatformProvider.execute(JUnitPlatformProvider.java:203)
	at org.apache.maven.surefire.junitplatform.JUnitPlatformProvider.invokeAllTests(JUnitPlatformProvider.java:168)
	at org.apache.maven.surefire.junitplatform.JUnitPlatformProvider.invoke(JUnitPlatformProvider.java:136)
	at org.apache.maven.surefire.booter.ForkedBooter.runSuitesInProcess(ForkedBooter.java:385)
	at org.apache.maven.surefire.booter.ForkedBooter.execute(ForkedBooter.java:162)
	at org.apache.maven.surefire.booter.ForkedBooter.run(ForkedBooter.java:507)
	at org.apache.maven.surefire.booter.ForkedBooter.main(ForkedBooter.java:495)
Caused by: java.io.IOException: stale mount handle
	... 76 common frames omitted
01:45:33.454 [main] WARN com.alibaba.qwen.code.managedagent.service.SessionLifecycleCoordinator -- Managed Session operation will retry tenant=cwd-tenant session=6d28fa5d-9c75-4982-814f-bdf7863eba03 operation=op_39e39c66ca814c07b34c01271bf8b2cf retry=3 delayMs=4000 failure=RuntimeBrokerException Workspace mount cannot be verified right now.
com.alibaba.qwen.code.runtimebroker.RuntimeBrokerException: Workspace mount cannot be verified right now.
	at com.alibaba.qwen.code.managedagent.store.WorkspaceExecutionStore.unavailableTransient(WorkspaceExecutionStore.java:302)
	at com.alibaba.qwen.code.managedagent.ManagedCwdChangeOperationTest.coordinatorFailsTerminallyWhenTheProbeBudgetIsExhausted(ManagedCwdChangeOperationTest.java:1134)
	at java.base/jdk.internal.reflect.DirectMethodHandleAccessor.invoke(DirectMethodHandleAccessor.java:103)
	at java.base/java.lang.reflect.Method.invoke(Method.java:580)
	at org.junit.platform.commons.util.ReflectionUtils.invokeMethod(ReflectionUtils.java:775)
	at org.junit.platform.commons.support.ReflectionSupport.invokeMethod(ReflectionSupport.java:479)
	at org.junit.jupiter.engine.execution.MethodInvocation.proceed(MethodInvocation.java:60)
	at org.junit.jupiter.engine.execution.InvocationInterceptorChain$ValidatingInvocation.proceed(InvocationInterceptorChain.java:131)
	at org.junit.jupiter.engine.extension.TimeoutExtension.intercept(TimeoutExtension.java:161)
	at org.junit.jupiter.engine.extension.TimeoutExtension.interceptTestableMethod(TimeoutExtension.java:152)
	at org.junit.jupiter.engine.extension.TimeoutExtension.interceptTestMethod(TimeoutExtension.java:91)
	at org.junit.jupiter.engine.execution.InterceptingExecutableInvoker$ReflectiveInterceptorCall.lambda$ofVoidMethod$0(InterceptingExecutableInvoker.java:112)
	at org.junit.jupiter.engine.execution.InterceptingExecutableInvoker.lambda$invoke$0(InterceptingExecutableInvoker.java:94)
	at org.junit.jupiter.engine.execution.InvocationInterceptorChain$InterceptedInvocation.proceed(InvocationInterceptorChain.java:106)
	at org.junit.jupiter.engine.execution.InvocationInterceptorChain.proceed(InvocationInterceptorChain.java:64)
	at org.junit.jupiter.engine.execution.InvocationInterceptorChain.chainAndInvoke(InvocationInterceptorChain.java:45)
	at org.junit.jupiter.engine.execution.InvocationInterceptorChain.invoke(InvocationInterceptorChain.java:37)
	at org.junit.jupiter.engine.execution.InterceptingExecutableInvoker.invoke(InterceptingExecutableInvoker.java:93)
	at org.junit.jupiter.engine.execution.InterceptingExecutableInvoker.invoke(InterceptingExecutableInvoker.java:87)
	at org.junit.jupiter.engine.descriptor.TestMethodTestDescriptor.lambda$invokeTestMethod$7(TestMethodTestDescriptor.java:216)
	at org.junit.platform.engine.support.hierarchical.ThrowableCollector.execute(ThrowableCollector.java:73)
	at org.junit.jupiter.engine.descriptor.TestMethodTestDescriptor.invokeTestMethod(TestMethodTestDescriptor.java:212)
	at org.junit.jupiter.engine.descriptor.TestMethodTestDescriptor.execute(TestMethodTestDescriptor.java:137)
	at org.junit.jupiter.engine.descriptor.TestMethodTestDescriptor.execute(TestMethodTestDescriptor.java:69)
	at org.junit.platform.engine.support.hierarchical.NodeTestTask.lambda$executeRecursively$6(NodeTestTask.java:156)
	at org.junit.platform.engine.support.hierarchical.ThrowableCollector.execute(ThrowableCollector.java:73)
	at org.junit.platform.engine.support.hierarchical.NodeTestTask.lambda$executeRecursively$8(NodeTestTask.java:146)
	at org.junit.platform.engine.support.hierarchical.Node.around(Node.java:137)
	at org.junit.platform.engine.support.hierarchical.NodeTestTask.lambda$executeRecursively$9(NodeTestTask.java:144)
	at org.junit.platform.engine.support.hierarchical.ThrowableCollector.execute(ThrowableCollector.java:73)
	at org.junit.platform.engine.support.hierarchical.NodeTestTask.executeRecursively(NodeTestTask.java:143)
	at org.junit.platform.engine.support.hierarchical.NodeTestTask.execute(NodeTestTask.java:100)
	at java.base/java.util.ArrayList.forEach(ArrayList.java:1596)
	at org.junit.platform.engine.support.hierarchical.SameThreadHierarchicalTestExecutorService.invokeAll(SameThreadHierarchicalTestExecutorService.java:41)
	at org.junit.platform.engine.support.hierarchical.NodeTestTask.lambda$executeRecursively$6(NodeTestTask.java:160)
	at org.junit.platform.engine.support.hierarchical.ThrowableCollector.execute(ThrowableCollector.java:73)
	at org.junit.platform.engine.support.hierarchical.NodeTestTask.lambda$executeRecursively$8(NodeTestTask.java:146)
	at org.junit.platform.engine.support.hierarchical.Node.around(Node.java:137)
	at org.junit.platform.engine.support.hierarchical.NodeTestTask.lambda$executeRecursively$9(NodeTestTask.java:144)
	at org.junit.platform.engine.support.hierarchical.ThrowableCollector.execute(ThrowableCollector.java:73)
	at org.junit.platform.engine.support.hierarchical.NodeTestTask.executeRecursively(NodeTestTask.java:143)
	at org.junit.platform.engine.support.hierarchical.NodeTestTask.execute(NodeTestTask.java:100)
	at java.base/java.util.ArrayList.forEach(ArrayList.java:1596)
	at org.junit.platform.engine.support.hierarchical.SameThreadHierarchicalTestExecutorService.invokeAll(SameThreadHierarchicalTestExecutorService.java:41)
	at org.junit.platform.engine.support.hierarchical.NodeTestTask.lambda$executeRecursively$6(NodeTestTask.java:160)
	at org.junit.platform.engine.support.hierarchical.ThrowableCollector.execute(ThrowableCollector.java:73)
	at org.junit.platform.engine.support.hierarchical.NodeTestTask.lambda$executeRecursively$8(NodeTestTask.java:146)
	at org.junit.platform.engine.support.hierarchical.Node.around(Node.java:137)
	at org.junit.platform.engine.support.hierarchical.NodeTestTask.lambda$executeRecursively$9(NodeTestTask.java:144)
	at org.junit.platform.engine.support.hierarchical.ThrowableCollector.execute(ThrowableCollector.java:73)
	at org.junit.platform.engine.support.hierarchical.NodeTestTask.executeRecursively(NodeTestTask.java:143)
	at org.junit.platform.engine.support.hierarchical.NodeTestTask.execute(NodeTestTask.java:100)
	at org.junit.platform.engine.support.hierarchical.SameThreadHierarchicalTestExecutorService.submit(SameThreadHierarchicalTestExecutorService.java:35)
	at org.junit.platform.engine.support.hierarchical.HierarchicalTestExecutor.execute(HierarchicalTestExecutor.java:57)
	at org.junit.platform.engine.support.hierarchical.HierarchicalTestEngine.execute(HierarchicalTestEngine.java:54)
	at org.junit.platform.launcher.core.EngineExecutionOrchestrator.execute(EngineExecutionOrchestrator.java:201)
	at org.junit.platform.launcher.core.EngineExecutionOrchestrator.execute(EngineExecutionOrchestrator.java:170)
	at org.junit.platform.launcher.core.EngineExecutionOrchestrator.execute(EngineExecutionOrchestrator.java:94)
	at org.junit.platform.launcher.core.EngineExecutionOrchestrator.lambda$execute$0(EngineExecutionOrchestrator.java:59)
	at org.junit.platform.launcher.core.EngineExecutionOrchestrator.withInterceptedStreams(EngineExecutionOrchestrator.java:142)
	at org.junit.platform.launcher.core.EngineExecutionOrchestrator.execute(EngineExecutionOrchestrator.java:58)
	at org.junit.platform.launcher.core.DefaultLauncher.execute(DefaultLauncher.java:103)
	at org.junit.platform.launcher.core.DefaultLauncher.execute(DefaultLauncher.java:85)
	at org.junit.platform.launcher.core.DelegatingLauncher.execute(DelegatingLauncher.java:47)
	at org.junit.platform.launcher.core.InterceptingLauncher.lambda$execute$1(InterceptingLauncher.java:39)
	at org.junit.platform.launcher.core.ClasspathAlignmentCheckingLauncherInterceptor.intercept(ClasspathAlignmentCheckingLauncherInterceptor.java:25)
	at org.junit.platform.launcher.core.InterceptingLauncher.execute(InterceptingLauncher.java:38)
	at org.junit.platform.launcher.core.DelegatingLauncher.execute(DelegatingLauncher.java:47)
	at org.apache.maven.surefire.junitplatform.LauncherAdapter.executeWithoutCancellationToken(LauncherAdapter.java:60)
	at org.apache.maven.surefire.junitplatform.LauncherAdapter.execute(LauncherAdapter.java:52)
	at org.apache.maven.surefire.junitplatform.JUnitPlatformProvider.execute(JUnitPlatformProvider.java:203)
	at org.apache.maven.surefire.junitplatform.JUnitPlatformProvider.invokeAllTests(JUnitPlatformProvider.java:168)
	at org.apache.maven.surefire.junitplatform.JUnitPlatformProvider.invoke(JUnitPlatformProvider.java:136)
	at org.apache.maven.surefire.booter.ForkedBooter.runSuitesInProcess(ForkedBooter.java:385)
	at org.apache.maven.surefire.booter.ForkedBooter.execute(ForkedBooter.java:162)
	at org.apache.maven.surefire.booter.ForkedBooter.run(ForkedBooter.java:507)
	at org.apache.maven.surefire.booter.ForkedBooter.main(ForkedBooter.java:495)
Caused by: java.io.IOException: stale mount handle
	... 76 common frames omitted
01:45:33.455 [main] INFO com.alibaba.qwen.code.managedagent.service.SessionLifecycleCoordinator -- Managed Session cwd change probe deferred tenant=cwd-tenant session=6d28fa5d-9c75-4982-814f-bdf7863eba03 operation=op_39e39c66ca814c07b34c01271bf8b2cf code=workspace_unavailable Workspace mount cannot be verified right now.
com.alibaba.qwen.code.runtimebroker.RuntimeBrokerException: Workspace mount cannot be verified right now.
	at com.alibaba.qwen.code.managedagent.store.WorkspaceExecutionStore.unavailableTransient(WorkspaceExecutionStore.java:302)
	at com.alibaba.qwen.code.managedagent.ManagedCwdChangeOperationTest.coordinatorFailsTerminallyWhenTheProbeBudgetIsExhausted(ManagedCwdChangeOperationTest.java:1134)
	at java.base/jdk.internal.reflect.DirectMethodHandleAccessor.invoke(DirectMethodHandleAccessor.java:103)
	at java.base/java.lang.reflect.Method.invoke(Method.java:580)
	at org.junit.platform.commons.util.ReflectionUtils.invokeMethod(ReflectionUtils.java:775)
	at org.junit.platform.commons.support.ReflectionSupport.invokeMethod(ReflectionSupport.java:479)
	at org.junit.jupiter.engine.execution.MethodInvocation.proceed(MethodInvocation.java:60)
	at org.junit.jupiter.engine.execution.InvocationInterceptorChain$ValidatingInvocation.proceed(InvocationInterceptorChain.java:131)
	at org.junit.jupiter.engine.extension.TimeoutExtension.intercept(TimeoutExtension.java:161)
	at org.junit.jupiter.engine.extension.TimeoutExtension.interceptTestableMethod(TimeoutExtension.java:152)
	at org.junit.jupiter.engine.extension.TimeoutExtension.interceptTestMethod(TimeoutExtension.java:91)
	at org.junit.jupiter.engine.execution.InterceptingExecutableInvoker$ReflectiveInterceptorCall.lambda$ofVoidMethod$0(InterceptingExecutableInvoker.java:112)
	at org.junit.jupiter.engine.execution.InterceptingExecutableInvoker.lambda$invoke$0(InterceptingExecutableInvoker.java:94)
	at org.junit.jupiter.engine.execution.InvocationInterceptorChain$InterceptedInvocation.proceed(InvocationInterceptorChain.java:106)
	at org.junit.jupiter.engine.execution.InvocationInterceptorChain.proceed(InvocationInterceptorChain.java:64)
	at org.junit.jupiter.engine.execution.InvocationInterceptorChain.chainAndInvoke(InvocationInterceptorChain.java:45)
	at org.junit.jupiter.engine.execution.InvocationInterceptorChain.invoke(InvocationInterceptorChain.java:37)
	at org.junit.jupiter.engine.execution.InterceptingExecutableInvoker.invoke(InterceptingExecutableInvoker.java:93)
	at org.junit.jupiter.engine.execution.InterceptingExecutableInvoker.invoke(InterceptingExecutableInvoker.java:87)
	at org.junit.jupiter.engine.descriptor.TestMethodTestDescriptor.lambda$invokeTestMethod$7(TestMethodTestDescriptor.java:216)
	at org.junit.platform.engine.support.hierarchical.ThrowableCollector.execute(ThrowableCollector.java:73)
	at org.junit.jupiter.engine.descriptor.TestMethodTestDescriptor.invokeTestMethod(TestMethodTestDescriptor.java:212)
	at org.junit.jupiter.engine.descriptor.TestMethodTestDescriptor.execute(TestMethodTestDescriptor.java:137)
	at org.junit.jupiter.engine.descriptor.TestMethodTestDescriptor.execute(TestMethodTestDescriptor.java:69)
	at org.junit.platform.engine.support.hierarchical.NodeTestTask.lambda$executeRecursively$6(NodeTestTask.java:156)
	at org.junit.platform.engine.support.hierarchical.ThrowableCollector.execute(ThrowableCollector.java:73)
	at org.junit.platform.engine.support.hierarchical.NodeTestTask.lambda$executeRecursively$8(NodeTestTask.java:146)
	at org.junit.platform.engine.support.hierarchical.Node.around(Node.java:137)
	at org.junit.platform.engine.support.hierarchical.NodeTestTask.lambda$executeRecursively$9(NodeTestTask.java:144)
	at org.junit.platform.engine.support.hierarchical.ThrowableCollector.execute(ThrowableCollector.java:73)
	at org.junit.platform.engine.support.hierarchical.NodeTestTask.executeRecursively(NodeTestTask.java:143)
	at org.junit.platform.engine.support.hierarchical.NodeTestTask.execute(NodeTestTask.java:100)
	at java.base/java.util.ArrayList.forEach(ArrayList.java:1596)
	at org.junit.platform.engine.support.hierarchical.SameThreadHierarchicalTestExecutorService.invokeAll(SameThreadHierarchicalTestExecutorService.java:41)
	at org.junit.platform.engine.support.hierarchical.NodeTestTask.lambda$executeRecursively$6(NodeTestTask.java:160)
	at org.junit.platform.engine.support.hierarchical.ThrowableCollector.execute(ThrowableCollector.java:73)
	at org.junit.platform.engine.support.hierarchical.NodeTestTask.lambda$executeRecursively$8(NodeTestTask.java:146)
	at org.junit.platform.engine.support.hierarchical.Node.around(Node.java:137)
	at org.junit.platform.engine.support.hierarchical.NodeTestTask.lambda$executeRecursively$9(NodeTestTask.java:144)
	at org.junit.platform.engine.support.hierarchical.ThrowableCollector.execute(ThrowableCollector.java:73)
	at org.junit.platform.engine.support.hierarchical.NodeTestTask.executeRecursively(NodeTestTask.java:143)
	at org.junit.platform.engine.support.hierarchical.NodeTestTask.execute(NodeTestTask.java:100)
	at java.base/java.util.ArrayList.forEach(ArrayList.java:1596)
	at org.junit.platform.engine.support.hierarchical.SameThreadHierarchicalTestExecutorService.invokeAll(SameThreadHierarchicalTestExecutorService.java:41)
	at org.junit.platform.engine.support.hierarchical.NodeTestTask.lambda$executeRecursively$6(NodeTestTask.java:160)
	at org.junit.platform.engine.support.hierarchical.ThrowableCollector.execute(ThrowableCollector.java:73)
	at org.junit.platform.engine.support.hierarchical.NodeTestTask.lambda$executeRecursively$8(NodeTestTask.java:146)
	at org.junit.platform.engine.support.hierarchical.Node.around(Node.java:137)
	at org.junit.platform.engine.support.hierarchical.NodeTestTask.lambda$executeRecursively$9(NodeTestTask.java:144)
	at org.junit.platform.engine.support.hierarchical.ThrowableCollector.execute(ThrowableCollector.java:73)
	at org.junit.platform.engine.support.hierarchical.NodeTestTask.executeRecursively(NodeTestTask.java:143)
	at org.junit.platform.engine.support.hierarchical.NodeTestTask.execute(NodeTestTask.java:100)
	at org.junit.platform.engine.support.hierarchical.SameThreadHierarchicalTestExecutorService.submit(SameThreadHierarchicalTestExecutorService.java:35)
	at org.junit.platform.engine.support.hierarchical.HierarchicalTestExecutor.execute(HierarchicalTestExecutor.java:57)
	at org.junit.platform.engine.support.hierarchical.HierarchicalTestEngine.execute(HierarchicalTestEngine.java:54)
	at org.junit.platform.launcher.core.EngineExecutionOrchestrator.execute(EngineExecutionOrchestrator.java:201)
	at org.junit.platform.launcher.core.EngineExecutionOrchestrator.execute(EngineExecutionOrchestrator.java:170)
	at org.junit.platform.launcher.core.EngineExecutionOrchestrator.execute(EngineExecutionOrchestrator.java:94)
	at org.junit.platform.launcher.core.EngineExecutionOrchestrator.lambda$execute$0(EngineExecutionOrchestrator.java:59)
	at org.junit.platform.launcher.core.EngineExecutionOrchestrator.withInterceptedStreams(EngineExecutionOrchestrator.java:142)
	at org.junit.platform.launcher.core.EngineExecutionOrchestrator.execute(EngineExecutionOrchestrator.java:58)
	at org.junit.platform.launcher.core.DefaultLauncher.execute(DefaultLauncher.java:103)
	at org.junit.platform.launcher.core.DefaultLauncher.execute(DefaultLauncher.java:85)
	at org.junit.platform.launcher.core.DelegatingLauncher.execute(DelegatingLauncher.java:47)
	at org.junit.platform.launcher.core.InterceptingLauncher.lambda$execute$1(InterceptingLauncher.java:39)
	at org.junit.platform.launcher.core.ClasspathAlignmentCheckingLauncherInterceptor.intercept(ClasspathAlignmentCheckingLauncherInterceptor.java:25)
	at org.junit.platform.launcher.core.InterceptingLauncher.execute(InterceptingLauncher.java:38)
	at org.junit.platform.launcher.core.DelegatingLauncher.execute(DelegatingLauncher.java:47)
	at org.apache.maven.surefire.junitplatform.LauncherAdapter.executeWithoutCancellationToken(LauncherAdapter.java:60)
	at org.apache.maven.surefire.junitplatform.LauncherAdapter.execute(LauncherAdapter.java:52)
	at org.apache.maven.surefire.junitplatform.JUnitPlatformProvider.execute(JUnitPlatformProvider.java:203)
	at org.apache.maven.surefire.junitplatform.JUnitPlatformProvider.invokeAllTests(JUnitPlatformProvider.java:168)
	at org.apache.maven.surefire.junitplatform.JUnitPlatformProvider.invoke(JUnitPlatformProvider.java:136)
	at org.apache.maven.surefire.booter.ForkedBooter.runSuitesInProcess(ForkedBooter.java:385)
	at org.apache.maven.surefire.booter.ForkedBooter.execute(ForkedBooter.java:162)
	at org.apache.maven.surefire.booter.ForkedBooter.run(ForkedBooter.java:507)
	at org.apache.maven.surefire.booter.ForkedBooter.main(ForkedBooter.java:495)
Caused by: java.io.IOException: stale mount handle
	... 76 common frames omitted
01:45:33.455 [main] WARN com.alibaba.qwen.code.managedagent.service.SessionLifecycleCoordinator -- Managed Session operation will retry tenant=cwd-tenant session=6d28fa5d-9c75-4982-814f-bdf7863eba03 operation=op_39e39c66ca814c07b34c01271bf8b2cf retry=4 delayMs=8000 failure=RuntimeBrokerException Workspace mount cannot be verified right now.
com.alibaba.qwen.code.runtimebroker.RuntimeBrokerException: Workspace mount cannot be verified right now.
	at com.alibaba.qwen.code.managedagent.store.WorkspaceExecutionStore.unavailableTransient(WorkspaceExecutionStore.java:302)
	at com.alibaba.qwen.code.managedagent.ManagedCwdChangeOperationTest.coordinatorFailsTerminallyWhenTheProbeBudgetIsExhausted(ManagedCwdChangeOperationTest.java:1134)
	at java.base/jdk.internal.reflect.DirectMethodHandleAccessor.invoke(DirectMethodHandleAccessor.java:103)
	at java.base/java.lang.reflect.Method.invoke(Method.java:580)
	at org.junit.platform.commons.util.ReflectionUtils.invokeMethod(ReflectionUtils.java:775)
	at org.junit.platform.commons.support.ReflectionSupport.invokeMethod(ReflectionSupport.java:479)
	at org.junit.jupiter.engine.execution.MethodInvocation.proceed(MethodInvocation.java:60)
	at org.junit.jupiter.engine.execution.InvocationInterceptorChain$ValidatingInvocation.proceed(InvocationInterceptorChain.java:131)
	at org.junit.jupiter.engine.extension.TimeoutExtension.intercept(TimeoutExtension.java:161)
	at org.junit.jupiter.engine.extension.TimeoutExtension.interceptTestableMethod(TimeoutExtension.java:152)
	at org.junit.jupiter.engine.extension.TimeoutExtension.interceptTestMethod(TimeoutExtension.java:91)
	at org.junit.jupiter.engine.execution.InterceptingExecutableInvoker$ReflectiveInterceptorCall.lambda$ofVoidMethod$0(InterceptingExecutableInvoker.java:112)
	at org.junit.jupiter.engine.execution.InterceptingExecutableInvoker.lambda$invoke$0(InterceptingExecutableInvoker.java:94)
	at org.junit.jupiter.engine.execution.InvocationInterceptorChain$InterceptedInvocation.proceed(InvocationInterceptorChain.java:106)
	at org.junit.jupiter.engine.execution.InvocationInterceptorChain.proceed(InvocationInterceptorChain.java:64)
	at org.junit.jupiter.engine.execution.InvocationInterceptorChain.chainAndInvoke(InvocationInterceptorChain.java:45)
	at org.junit.jupiter.engine.execution.InvocationInterceptorChain.invoke(InvocationInterceptorChain.java:37)
	at org.junit.jupiter.engine.execution.InterceptingExecutableInvoker.invoke(InterceptingExecutableInvoker.java:93)
	at org.junit.jupiter.engine.execution.InterceptingExecutableInvoker.invoke(InterceptingExecutableInvoker.java:87)
	at org.junit.jupiter.engine.descriptor.TestMethodTestDescriptor.lambda$invokeTestMethod$7(TestMethodTestDescriptor.java:216)
	at org.junit.platform.engine.support.hierarchical.ThrowableCollector.execute(ThrowableCollector.java:73)
	at org.junit.jupiter.engine.descriptor.TestMethodTestDescriptor.invokeTestMethod(TestMethodTestDescriptor.java:212)
	at org.junit.jupiter.engine.descriptor.TestMethodTestDescriptor.execute(TestMethodTestDescriptor.java:137)
	at org.junit.jupiter.engine.descriptor.TestMethodTestDescriptor.execute(TestMethodTestDescriptor.java:69)
	at org.junit.platform.engine.support.hierarchical.NodeTestTask.lambda$executeRecursively$6(NodeTestTask.java:156)
	at org.junit.platform.engine.support.hierarchical.ThrowableCollector.execute(ThrowableCollector.java:73)
	at org.junit.platform.engine.support.hierarchical.NodeTestTask.lambda$executeRecursively$8(NodeTestTask.java:146)
	at org.junit.platform.engine.support.hierarchical.Node.around(Node.java:137)
	at org.junit.platform.engine.support.hierarchical.NodeTestTask.lambda$executeRecursively$9(NodeTestTask.java:144)
	at org.junit.platform.engine.support.hierarchical.ThrowableCollector.execute(ThrowableCollector.java:73)
	at org.junit.platform.engine.support.hierarchical.NodeTestTask.executeRecursively(NodeTestTask.java:143)
	at org.junit.platform.engine.support.hierarchical.NodeTestTask.execute(NodeTestTask.java:100)
	at java.base/java.util.ArrayList.forEach(ArrayList.java:1596)
	at org.junit.platform.engine.support.hierarchical.SameThreadHierarchicalTestExecutorService.invokeAll(SameThreadHierarchicalTestExecutorService.java:41)
	at org.junit.platform.engine.support.hierarchical.NodeTestTask.lambda$executeRecursively$6(NodeTestTask.java:160)
	at org.junit.platform.engine.support.hierarchical.ThrowableCollector.execute(ThrowableCollector.java:73)
	at org.junit.platform.engine.support.hierarchical.NodeTestTask.lambda$executeRecursively$8(NodeTestTask.java:146)
	at org.junit.platform.engine.support.hierarchical.Node.around(Node.java:137)
	at org.junit.platform.engine.support.hierarchical.NodeTestTask.lambda$executeRecursively$9(NodeTestTask.java:144)
	at org.junit.platform.engine.support.hierarchical.ThrowableCollector.execute(ThrowableCollector.java:73)
	at org.junit.platform.engine.support.hierarchical.NodeTestTask.executeRecursively(NodeTestTask.java:143)
	at org.junit.platform.engine.support.hierarchical.NodeTestTask.execute(NodeTestTask.java:100)
	at java.base/java.util.ArrayList.forEach(ArrayList.java:1596)
	at org.junit.platform.engine.support.hierarchical.SameThreadHierarchicalTestExecutorService.invokeAll(SameThreadHierarchicalTestExecutorService.java:41)
	at org.junit.platform.engine.support.hierarchical.NodeTestTask.lambda$executeRecursively$6(NodeTestTask.java:160)
	at org.junit.platform.engine.support.hierarchical.ThrowableCollector.execute(ThrowableCollector.java:73)
	at org.junit.platform.engine.support.hierarchical.NodeTestTask.lambda$executeRecursively$8(NodeTestTask.java:146)
	at org.junit.platform.engine.support.hierarchical.Node.around(Node.java:137)
	at org.junit.platform.engine.support.hierarchical.NodeTestTask.lambda$executeRecursively$9(NodeTestTask.java:144)
	at org.junit.platform.engine.support.hierarchical.ThrowableCollector.execute(ThrowableCollector.java:73)
	at org.junit.platform.engine.support.hierarchical.NodeTestTask.executeRecursively(NodeTestTask.java:143)
	at org.junit.platform.engine.support.hierarchical.NodeTestTask.execute(NodeTestTask.java:100)
	at org.junit.platform.engine.support.hierarchical.SameThreadHierarchicalTestExecutorService.submit(SameThreadHierarchicalTestExecutorService.java:35)
	at org.junit.platform.engine.support.hierarchical.HierarchicalTestExecutor.execute(HierarchicalTestExecutor.java:57)
	at org.junit.platform.engine.support.hierarchical.HierarchicalTestEngine.execute(HierarchicalTestEngine.java:54)
	at org.junit.platform.launcher.core.EngineExecutionOrchestrator.execute(EngineExecutionOrchestrator.java:201)
	at org.junit.platform.launcher.core.EngineExecutionOrchestrator.execute(EngineExecutionOrchestrator.java:170)
	at org.junit.platform.launcher.core.EngineExecutionOrchestrator.execute(EngineExecutionOrchestrator.java:94)
	at org.junit.platform.launcher.core.EngineExecutionOrchestrator.lambda$execute$0(EngineExecutionOrchestrator.java:59)
	at org.junit.platform.launcher.core.EngineExecutionOrchestrator.withInterceptedStreams(EngineExecutionOrchestrator.java:142)
	at org.junit.platform.launcher.core.EngineExecutionOrchestrator.execute(EngineExecutionOrchestrator.java:58)
	at org.junit.platform.launcher.core.DefaultLauncher.execute(DefaultLauncher.java:103)
	at org.junit.platform.launcher.core.DefaultLauncher.execute(DefaultLauncher.java:85)
	at org.junit.platform.launcher.core.DelegatingLauncher.execute(DelegatingLauncher.java:47)
	at org.junit.platform.launcher.core.InterceptingLauncher.lambda$execute$1(InterceptingLauncher.java:39)
	at org.junit.platform.launcher.core.ClasspathAlignmentCheckingLauncherInterceptor.intercept(ClasspathAlignmentCheckingLauncherInterceptor.java:25)
	at org.junit.platform.launcher.core.InterceptingLauncher.execute(InterceptingLauncher.java:38)
	at org.junit.platform.launcher.core.DelegatingLauncher.execute(DelegatingLauncher.java:47)
	at org.apache.maven.surefire.junitplatform.LauncherAdapter.executeWithoutCancellationToken(LauncherAdapter.java:60)
	at org.apache.maven.surefire.junitplatform.LauncherAdapter.execute(LauncherAdapter.java:52)
	at org.apache.maven.surefire.junitplatform.JUnitPlatformProvider.execute(JUnitPlatformProvider.java:203)
	at org.apache.maven.surefire.junitplatform.JUnitPlatformProvider.invokeAllTests(JUnitPlatformProvider.java:168)
	at org.apache.maven.surefire.junitplatform.JUnitPlatformProvider.invoke(JUnitPlatformProvider.java:136)
	at org.apache.maven.surefire.booter.ForkedBooter.runSuitesInProcess(ForkedBooter.java:385)
	at org.apache.maven.surefire.booter.ForkedBooter.execute(ForkedBooter.java:162)
	at org.apache.maven.surefire.booter.ForkedBooter.run(ForkedBooter.java:507)
	at org.apache.maven.surefire.booter.ForkedBooter.main(ForkedBooter.java:495)
Caused by: java.io.IOException: stale mount handle
	... 76 common frames omitted
01:45:33.456 [main] INFO com.alibaba.qwen.code.managedagent.service.SessionLifecycleCoordinator -- Managed Session cwd change probe deferred tenant=cwd-tenant session=6d28fa5d-9c75-4982-814f-bdf7863eba03 operation=op_39e39c66ca814c07b34c01271bf8b2cf code=workspace_unavailable Workspace mount cannot be verified right now.
com.alibaba.qwen.code.runtimebroker.RuntimeBrokerException: Workspace mount cannot be verified right now.
	at com.alibaba.qwen.code.managedagent.store.WorkspaceExecutionStore.unavailableTransient(WorkspaceExecutionStore.java:302)
	at com.alibaba.qwen.code.managedagent.ManagedCwdChangeOperationTest.coordinatorFailsTerminallyWhenTheProbeBudgetIsExhausted(ManagedCwdChangeOperationTest.java:1134)
	at java.base/jdk.internal.reflect.DirectMethodHandleAccessor.invoke(DirectMethodHandleAccessor.java:103)
	at java.base/java.lang.reflect.Method.invoke(Method.java:580)
	at org.junit.platform.commons.util.ReflectionUtils.invokeMethod(ReflectionUtils.java:775)
	at org.junit.platform.commons.support.ReflectionSupport.invokeMethod(ReflectionSupport.java:479)
	at org.junit.jupiter.engine.execution.MethodInvocation.proceed(MethodInvocation.java:60)
	at org.junit.jupiter.engine.execution.InvocationInterceptorChain$ValidatingInvocation.proceed(InvocationInterceptorChain.java:131)
	at org.junit.jupiter.engine.extension.TimeoutExtension.intercept(TimeoutExtension.java:161)
	at org.junit.jupiter.engine.extension.TimeoutExtension.interceptTestableMethod(TimeoutExtension.java:152)
	at org.junit.jupiter.engine.extension.TimeoutExtension.interceptTestMethod(TimeoutExtension.java:91)
	at org.junit.jupiter.engine.execution.InterceptingExecutableInvoker$ReflectiveInterceptorCall.lambda$ofVoidMethod$0(InterceptingExecutableInvoker.java:112)
	at org.junit.jupiter.engine.execution.InterceptingExecutableInvoker.lambda$invoke$0(InterceptingExecutableInvoker.java:94)
	at org.junit.jupiter.engine.execution.InvocationInterceptorChain$InterceptedInvocation.proceed(InvocationInterceptorChain.java:106)
	at org.junit.jupiter.engine.execution.InvocationInterceptorChain.proceed(InvocationInterceptorChain.java:64)
	at org.junit.jupiter.engine.execution.InvocationInterceptorChain.chainAndInvoke(InvocationInterceptorChain.java:45)
	at org.junit.jupiter.engine.execution.InvocationInterceptorChain.invoke(InvocationInterceptorChain.java:37)
	at org.junit.jupiter.engine.execution.InterceptingExecutableInvoker.invoke(InterceptingExecutableInvoker.java:93)
	at org.junit.jupiter.engine.execution.InterceptingExecutableInvoker.invoke(InterceptingExecutableInvoker.java:87)
	at org.junit.jupiter.engine.descriptor.TestMethodTestDescriptor.lambda$invokeTestMethod$7(TestMethodTestDescriptor.java:216)
	at org.junit.platform.engine.support.hierarchical.ThrowableCollector.execute(ThrowableCollector.java:73)
	at org.junit.jupiter.engine.descriptor.TestMethodTestDescriptor.invokeTestMethod(TestMethodTestDescriptor.java:212)
	at org.junit.jupiter.engine.descriptor.TestMethodTestDescriptor.execute(TestMethodTestDescriptor.java:137)
	at org.junit.jupiter.engine.descriptor.TestMethodTestDescriptor.execute(TestMethodTestDescriptor.java:69)
	at org.junit.platform.engine.support.hierarchical.NodeTestTask.lambda$executeRecursively$6(NodeTestTask.java:156)
	at org.junit.platform.engine.support.hierarchical.ThrowableCollector.execute(ThrowableCollector.java:73)
	at org.junit.platform.engine.support.hierarchical.NodeTestTask.lambda$executeRecursively$8(NodeTestTask.java:146)
	at org.junit.platform.engine.support.hierarchical.Node.around(Node.java:137)
	at org.junit.platform.engine.support.hierarchical.NodeTestTask.lambda$executeRecursively$9(NodeTestTask.java:144)
	at org.junit.platform.engine.support.hierarchical.ThrowableCollector.execute(ThrowableCollector.java:73)
	at org.junit.platform.engine.support.hierarchical.NodeTestTask.executeRecursively(NodeTestTask.java:143)
	at org.junit.platform.engine.support.hierarchical.NodeTestTask.execute(NodeTestTask.java:100)
	at java.base/java.util.ArrayList.forEach(ArrayList.java:1596)
	at org.junit.platform.engine.support.hierarchical.SameThreadHierarchicalTestExecutorService.invokeAll(SameThreadHierarchicalTestExecutorService.java:41)
	at org.junit.platform.engine.support.hierarchical.NodeTestTask.lambda$executeRecursively$6(NodeTestTask.java:160)
	at org.junit.platform.engine.support.hierarchical.ThrowableCollector.execute(ThrowableCollector.java:73)
	at org.junit.platform.engine.support.hierarchical.NodeTestTask.lambda$executeRecursively$8(NodeTestTask.java:146)
	at org.junit.platform.engine.support.hierarchical.Node.around(Node.java:137)
	at org.junit.platform.engine.support.hierarchical.NodeTestTask.lambda$executeRecursively$9(NodeTestTask.java:144)
	at org.junit.platform.engine.support.hierarchical.ThrowableCollector.execute(ThrowableCollector.java:73)
	at org.junit.platform.engine.support.hierarchical.NodeTestTask.executeRecursively(NodeTestTask.java:143)
	at org.junit.platform.engine.support.hierarchical.NodeTestTask.execute(NodeTestTask.java:100)
	at java.base/java.util.ArrayList.forEach(ArrayList.java:1596)
	at org.junit.platform.engine.support.hierarchical.SameThreadHierarchicalTestExecutorService.invokeAll(SameThreadHierarchicalTestExecutorService.java:41)
	at org.junit.platform.engine.support.hierarchical.NodeTestTask.lambda$executeRecursively$6(NodeTestTask.java:160)
	at org.junit.platform.engine.support.hierarchical.ThrowableCollector.execute(ThrowableCollector.java:73)
	at org.junit.platform.engine.support.hierarchical.NodeTestTask.lambda$executeRecursively$8(NodeTestTask.java:146)
	at org.junit.platform.engine.support.hierarchical.Node.around(Node.java:137)
	at org.junit.platform.engine.support.hierarchical.NodeTestTask.lambda$executeRecursively$9(NodeTestTask.java:144)
	at org.junit.platform.engine.support.hierarchical.ThrowableCollector.execute(ThrowableCollector.java:73)
	at org.junit.platform.engine.support.hierarchical.NodeTestTask.executeRecursively(NodeTestTask.java:143)
	at org.junit.platform.engine.support.hierarchical.NodeTestTask.execute(NodeTestTask.java:100)
	at org.junit.platform.engine.support.hierarchical.SameThreadHierarchicalTestExecutorService.submit(SameThreadHierarchicalTestExecutorService.java:35)
	at org.junit.platform.engine.support.hierarchical.HierarchicalTestExecutor.execute(HierarchicalTestExecutor.java:57)
	at org.junit.platform.engine.support.hierarchical.HierarchicalTestEngine.execute(HierarchicalTestEngine.java:54)
	at org.junit.platform.launcher.core.EngineExecutionOrchestrator.execute(EngineExecutionOrchestrator.java:201)
	at org.junit.platform.launcher.core.EngineExecutionOrchestrator.execute(EngineExecutionOrchestrator.java:170)
	at org.junit.platform.launcher.core.EngineExecutionOrchestrator.execute(EngineExecutionOrchestrator.java:94)
	at org.junit.platform.launcher.core.EngineExecutionOrchestrator.lambda$execute$0(EngineExecutionOrchestrator.java:59)
	at org.junit.platform.launcher.core.EngineExecutionOrchestrator.withInterceptedStreams(EngineExecutionOrchestrator.java:142)
	at org.junit.platform.launcher.core.EngineExecutionOrchestrator.execute(EngineExecutionOrchestrator.java:58)
	at org.junit.platform.launcher.core.DefaultLauncher.execute(DefaultLauncher.java:103)
	at org.junit.platform.launcher.core.DefaultLauncher.execute(DefaultLauncher.java:85)
	at org.junit.platform.launcher.core.DelegatingLauncher.execute(DelegatingLauncher.java:47)
	at org.junit.platform.launcher.core.InterceptingLauncher.lambda$execute$1(InterceptingLauncher.java:39)
	at org.junit.platform.launcher.core.ClasspathAlignmentCheckingLauncherInterceptor.intercept(ClasspathAlignmentCheckingLauncherInterceptor.java:25)
	at org.junit.platform.launcher.core.InterceptingLauncher.execute(InterceptingLauncher.java:38)
	at org.junit.platform.launcher.core.DelegatingLauncher.execute(DelegatingLauncher.java:47)
	at org.apache.maven.surefire.junitplatform.LauncherAdapter.executeWithoutCancellationToken(LauncherAdapter.java:60)
	at org.apache.maven.surefire.junitplatform.LauncherAdapter.execute(LauncherAdapter.java:52)
	at org.apache.maven.surefire.junitplatform.JUnitPlatformProvider.execute(JUnitPlatformProvider.java:203)
	at org.apache.maven.surefire.junitplatform.JUnitPlatformProvider.invokeAllTests(JUnitPlatformProvider.java:168)
	at org.apache.maven.surefire.junitplatform.JUnitPlatformProvider.invoke(JUnitPlatformProvider.java:136)
	at org.apache.maven.surefire.booter.ForkedBooter.runSuitesInProcess(ForkedBooter.java:385)
	at org.apache.maven.surefire.booter.ForkedBooter.execute(ForkedBooter.java:162)
	at org.apache.maven.surefire.booter.ForkedBooter.run(ForkedBooter.java:507)
	at org.apache.maven.surefire.booter.ForkedBooter.main(ForkedBooter.java:495)
Caused by: java.io.IOException: stale mount handle
	... 76 common frames omitted
01:45:33.457 [main] WARN com.alibaba.qwen.code.managedagent.service.SessionLifecycleCoordinator -- Managed Session operation will retry tenant=cwd-tenant session=6d28fa5d-9c75-4982-814f-bdf7863eba03 operation=op_39e39c66ca814c07b34c01271bf8b2cf retry=5 delayMs=16000 failure=RuntimeBrokerException Workspace mount cannot be verified right now.
com.alibaba.qwen.code.runtimebroker.RuntimeBrokerException: Workspace mount cannot be verified right now.
	at com.alibaba.qwen.code.managedagent.store.WorkspaceExecutionStore.unavailableTransient(WorkspaceExecutionStore.java:302)
	at com.alibaba.qwen.code.managedagent.ManagedCwdChangeOperationTest.coordinatorFailsTerminallyWhenTheProbeBudgetIsExhausted(ManagedCwdChangeOperationTest.java:1134)
	at java.base/jdk.internal.reflect.DirectMethodHandleAccessor.invoke(DirectMethodHandleAccessor.java:103)
	at java.base/java.lang.reflect.Method.invoke(Method.java:580)
	at org.junit.platform.commons.util.ReflectionUtils.invokeMethod(ReflectionUtils.java:775)
	at org.junit.platform.commons.support.ReflectionSupport.invokeMethod(ReflectionSupport.java:479)
	at org.junit.jupiter.engine.execution.MethodInvocation.proceed(MethodInvocation.java:60)
	at org.junit.jupiter.engine.execution.InvocationInterceptorChain$ValidatingInvocation.proceed(InvocationInterceptorChain.java:131)
	at org.junit.jupiter.engine.extension.TimeoutExtension.intercept(TimeoutExtension.java:161)
	at org.junit.jupiter.engine.extension.TimeoutExtension.interceptTestableMethod(TimeoutExtension.java:152)
	at org.junit.jupiter.engine.extension.TimeoutExtension.interceptTestMethod(TimeoutExtension.java:91)
	at org.junit.jupiter.engine.execution.InterceptingExecutableInvoker$ReflectiveInterceptorCall.lambda$ofVoidMethod$0(InterceptingExecutableInvoker.java:112)
	at org.junit.jupiter.engine.execution.InterceptingExecutableInvoker.lambda$invoke$0(InterceptingExecutableInvoker.java:94)
	at org.junit.jupiter.engine.execution.InvocationInterceptorChain$InterceptedInvocation.proceed(InvocationInterceptorChain.java:106)
	at org.junit.jupiter.engine.execution.InvocationInterceptorChain.proceed(InvocationInterceptorChain.java:64)
	at org.junit.jupiter.engine.execution.InvocationInterceptorChain.chainAndInvoke(InvocationInterceptorChain.java:45)
	at org.junit.jupiter.engine.execution.InvocationInterceptorChain.invoke(InvocationInterceptorChain.java:37)
	at org.junit.jupiter.engine.execution.InterceptingExecutableInvoker.invoke(InterceptingExecutableInvoker.java:93)
	at org.junit.jupiter.engine.execution.InterceptingExecutableInvoker.invoke(InterceptingExecutableInvoker.java:87)
	at org.junit.jupiter.engine.descriptor.TestMethodTestDescriptor.lambda$invokeTestMethod$7(TestMethodTestDescriptor.java:216)
	at org.junit.platform.engine.support.hierarchical.ThrowableCollector.execute(ThrowableCollector.java:73)
	at org.junit.jupiter.engine.descriptor.TestMethodTestDescriptor.invokeTestMethod(TestMethodTestDescriptor.java:212)
	at org.junit.jupiter.engine.descriptor.TestMethodTestDescriptor.execute(TestMethodTestDescriptor.java:137)
	at org.junit.jupiter.engine.descriptor.TestMethodTestDescriptor.execute(TestMethodTestDescriptor.java:69)
	at org.junit.platform.engine.support.hierarchical.NodeTestTask.lambda$executeRecursively$6(NodeTestTask.java:156)
	at org.junit.platform.engine.support.hierarchical.ThrowableCollector.execute(ThrowableCollector.java:73)
	at org.junit.platform.engine.support.hierarchical.NodeTestTask.lambda$executeRecursively$8(NodeTestTask.java:146)
	at org.junit.platform.engine.support.hierarchical.Node.around(Node.java:137)
	at org.junit.platform.engine.support.hierarchical.NodeTestTask.lambda$executeRecursively$9(NodeTestTask.java:144)
	at org.junit.platform.engine.support.hierarchical.ThrowableCollector.execute(ThrowableCollector.java:73)
	at org.junit.platform.engine.support.hierarchical.NodeTestTask.executeRecursively(NodeTestTask.java:143)
	at org.junit.platform.engine.support.hierarchical.NodeTestTask.execute(NodeTestTask.java:100)
	at java.base/java.util.ArrayList.forEach(ArrayList.java:1596)
	at org.junit.platform.engine.support.hierarchical.SameThreadHierarchicalTestExecutorService.invokeAll(SameThreadHierarchicalTestExecutorService.java:41)
	at org.junit.platform.engine.support.hierarchical.NodeTestTask.lambda$executeRecursively$6(NodeTestTask.java:160)
	at org.junit.platform.engine.support.hierarchical.ThrowableCollector.execute(ThrowableCollector.java:73)
	at org.junit.platform.engine.support.hierarchical.NodeTestTask.lambda$executeRecursively$8(NodeTestTask.java:146)
	at org.junit.platform.engine.support.hierarchical.Node.around(Node.java:137)
	at org.junit.platform.engine.support.hierarchical.NodeTestTask.lambda$executeRecursively$9(NodeTestTask.java:144)
	at org.junit.platform.engine.support.hierarchical.ThrowableCollector.execute(ThrowableCollector.java:73)
	at org.junit.platform.engine.support.hierarchical.NodeTestTask.executeRecursively(NodeTestTask.java:143)
	at org.junit.platform.engine.support.hierarchical.NodeTestTask.execute(NodeTestTask.java:100)
	at java.base/java.util.ArrayList.forEach(ArrayList.java:1596)
	at org.junit.platform.engine.support.hierarchical.SameThreadHierarchicalTestExecutorService.invokeAll(SameThreadHierarchicalTestExecutorService.java:41)
	at org.junit.platform.engine.support.hierarchical.NodeTestTask.lambda$executeRecursively$6(NodeTestTask.java:160)
	at org.junit.platform.engine.support.hierarchical.ThrowableCollector.execute(ThrowableCollector.java:73)
	at org.junit.platform.engine.support.hierarchical.NodeTestTask.lambda$executeRecursively$8(NodeTestTask.java:146)
	at org.junit.platform.engine.support.hierarchical.Node.around(Node.java:137)
	at org.junit.platform.engine.support.hierarchical.NodeTestTask.lambda$executeRecursively$9(NodeTestTask.java:144)
	at org.junit.platform.engine.support.hierarchical.ThrowableCollector.execute(ThrowableCollector.java:73)
	at org.junit.platform.engine.support.hierarchical.NodeTestTask.executeRecursively(NodeTestTask.java:143)
	at org.junit.platform.engine.support.hierarchical.NodeTestTask.execute(NodeTestTask.java:100)
	at org.junit.platform.engine.support.hierarchical.SameThreadHierarchicalTestExecutorService.submit(SameThreadHierarchicalTestExecutorService.java:35)
	at org.junit.platform.engine.support.hierarchical.HierarchicalTestExecutor.execute(HierarchicalTestExecutor.java:57)
	at org.junit.platform.engine.support.hierarchical.HierarchicalTestEngine.execute(HierarchicalTestEngine.java:54)
	at org.junit.platform.launcher.core.EngineExecutionOrchestrator.execute(EngineExecutionOrchestrator.java:201)
	at org.junit.platform.launcher.core.EngineExecutionOrchestrator.execute(EngineExecutionOrchestrator.java:170)
	at org.junit.platform.launcher.core.EngineExecutionOrchestrator.execute(EngineExecutionOrchestrator.java:94)
	at org.junit.platform.launcher.core.EngineExecutionOrchestrator.lambda$execute$0(EngineExecutionOrchestrator.java:59)
	at org.junit.platform.launcher.core.EngineExecutionOrchestrator.withInterceptedStreams(EngineExecutionOrchestrator.java:142)
	at org.junit.platform.launcher.core.EngineExecutionOrchestrator.execute(EngineExecutionOrchestrator.java:58)
	at org.junit.platform.launcher.core.DefaultLauncher.execute(DefaultLauncher.java:103)
	at org.junit.platform.launcher.core.DefaultLauncher.execute(DefaultLauncher.java:85)
	at org.junit.platform.launcher.core.DelegatingLauncher.execute(DelegatingLauncher.java:47)
	at org.junit.platform.launcher.core.InterceptingLauncher.lambda$execute$1(InterceptingLauncher.java:39)
	at org.junit.platform.launcher.core.ClasspathAlignmentCheckingLauncherInterceptor.intercept(ClasspathAlignmentCheckingLauncherInterceptor.java:25)
	at org.junit.platform.launcher.core.InterceptingLauncher.execute(InterceptingLauncher.java:38)
	at org.junit.platform.launcher.core.DelegatingLauncher.execute(DelegatingLauncher.java:47)
	at org.apache.maven.surefire.junitplatform.LauncherAdapter.executeWithoutCancellationToken(LauncherAdapter.java:60)
	at org.apache.maven.surefire.junitplatform.LauncherAdapter.execute(LauncherAdapter.java:52)
	at org.apache.maven.surefire.junitplatform.JUnitPlatformProvider.execute(JUnitPlatformProvider.java:203)
	at org.apache.maven.surefire.junitplatform.JUnitPlatformProvider.invokeAllTests(JUnitPlatformProvider.java:168)
	at org.apache.maven.surefire.junitplatform.JUnitPlatformProvider.invoke(JUnitPlatformProvider.java:136)
	at org.apache.maven.surefire.booter.ForkedBooter.runSuitesInProcess(ForkedBooter.java:385)
	at org.apache.maven.surefire.booter.ForkedBooter.execute(ForkedBooter.java:162)
	at org.apache.maven.surefire.booter.ForkedBooter.run(ForkedBooter.java:507)
	at org.apache.maven.surefire.booter.ForkedBooter.main(ForkedBooter.java:495)
Caused by: java.io.IOException: stale mount handle
	... 76 common frames omitted
01:45:33.457 [main] INFO com.alibaba.qwen.code.managedagent.service.SessionLifecycleCoordinator -- Managed Session cwd change probe deferred tenant=cwd-tenant session=6d28fa5d-9c75-4982-814f-bdf7863eba03 operation=op_39e39c66ca814c07b34c01271bf8b2cf code=workspace_unavailable Workspace mount cannot be verified right now.
com.alibaba.qwen.code.runtimebroker.RuntimeBrokerException: Workspace mount cannot be verified right now.
	at com.alibaba.qwen.code.managedagent.store.WorkspaceExecutionStore.unavailableTransient(WorkspaceExecutionStore.java:302)
	at com.alibaba.qwen.code.managedagent.ManagedCwdChangeOperationTest.coordinatorFailsTerminallyWhenTheProbeBudgetIsExhausted(ManagedCwdChangeOperationTest.java:1134)
	at java.base/jdk.internal.reflect.DirectMethodHandleAccessor.invoke(DirectMethodHandleAccessor.java:103)
	at java.base/java.lang.reflect.Method.invoke(Method.java:580)
	at org.junit.platform.commons.util.ReflectionUtils.invokeMethod(ReflectionUtils.java:775)
	at org.junit.platform.commons.support.ReflectionSupport.invokeMethod(ReflectionSupport.java:479)
	at org.junit.jupiter.engine.execution.MethodInvocation.proceed(MethodInvocation.java:60)
	at org.junit.jupiter.engine.execution.InvocationInterceptorChain$ValidatingInvocation.proceed(InvocationInterceptorChain.java:131)
	at org.junit.jupiter.engine.extension.TimeoutExtension.intercept(TimeoutExtension.java:161)
	at org.junit.jupiter.engine.extension.TimeoutExtension.interceptTestableMethod(TimeoutExtension.java:152)
	at org.junit.jupiter.engine.extension.TimeoutExtension.interceptTestMethod(TimeoutExtension.java:91)
	at org.junit.jupiter.engine.execution.InterceptingExecutableInvoker$ReflectiveInterceptorCall.lambda$ofVoidMethod$0(InterceptingExecutableInvoker.java:112)
	at org.junit.jupiter.engine.execution.InterceptingExecutableInvoker.lambda$invoke$0(InterceptingExecutableInvoker.java:94)
	at org.junit.jupiter.engine.execution.InvocationInterceptorChain$InterceptedInvocation.proceed(InvocationInterceptorChain.java:106)
	at org.junit.jupiter.engine.execution.InvocationInterceptorChain.proceed(InvocationInterceptorChain.java:64)
	at org.junit.jupiter.engine.execution.InvocationInterceptorChain.chainAndInvoke(InvocationInterceptorChain.java:45)
	at org.junit.jupiter.engine.execution.InvocationInterceptorChain.invoke(InvocationInterceptorChain.java:37)
	at org.junit.jupiter.engine.execution.InterceptingExecutableInvoker.invoke(InterceptingExecutableInvoker.java:93)
	at org.junit.jupiter.engine.execution.InterceptingExecutableInvoker.invoke(InterceptingExecutableInvoker.java:87)
	at org.junit.jupiter.engine.descriptor.TestMethodTestDescriptor.lambda$invokeTestMethod$7(TestMethodTestDescriptor.java:216)
	at org.junit.platform.engine.support.hierarchical.ThrowableCollector.execute(ThrowableCollector.java:73)
	at org.junit.jupiter.engine.descriptor.TestMethodTestDescriptor.invokeTestMethod(TestMethodTestDescriptor.java:212)
	at org.junit.jupiter.engine.descriptor.TestMethodTestDescriptor.execute(TestMethodTestDescriptor.java:137)
	at org.junit.jupiter.engine.descriptor.TestMethodTestDescriptor.execute(TestMethodTestDescriptor.java:69)
	at org.junit.platform.engine.support.hierarchical.NodeTestTask.lambda$executeRecursively$6(NodeTestTask.java:156)
	at org.junit.platform.engine.support.hierarchical.ThrowableCollector.execute(ThrowableCollector.java:73)
	at org.junit.platform.engine.support.hierarchical.NodeTestTask.lambda$executeRecursively$8(NodeTestTask.java:146)
	at org.junit.platform.engine.support.hierarchical.Node.around(Node.java:137)
	at org.junit.platform.engine.support.hierarchical.NodeTestTask.lambda$executeRecursively$9(NodeTestTask.java:144)
	at org.junit.platform.engine.support.hierarchical.ThrowableCollector.execute(ThrowableCollector.java:73)
	at org.junit.platform.engine.support.hierarchical.NodeTestTask.executeRecursively(NodeTestTask.java:143)
	at org.junit.platform.engine.support.hierarchical.NodeTestTask.execute(NodeTestTask.java:100)
	at java.base/java.util.ArrayList.forEach(ArrayList.java:1596)
	at org.junit.platform.engine.support.hierarchical.SameThreadHierarchicalTestExecutorService.invokeAll(SameThreadHierarchicalTestExecutorService.java:41)
	at org.junit.platform.engine.support.hierarchical.NodeTestTask.lambda$executeRecursively$6(NodeTestTask.java:160)
	at org.junit.platform.engine.support.hierarchical.ThrowableCollector.execute(ThrowableCollector.java:73)
	at org.junit.platform.engine.support.hierarchical.NodeTestTask.lambda$executeRecursively$8(NodeTestTask.java:146)
	at org.junit.platform.engine.support.hierarchical.Node.around(Node.java:137)
	at org.junit.platform.engine.support.hierarchical.NodeTestTask.lambda$executeRecursively$9(NodeTestTask.java:144)
	at org.junit.platform.engine.support.hierarchical.ThrowableCollector.execute(ThrowableCollector.java:73)
	at org.junit.platform.engine.support.hierarchical.NodeTestTask.executeRecursively(NodeTestTask.java:143)
	at org.junit.platform.engine.support.hierarchical.NodeTestTask.execute(NodeTestTask.java:100)
	at java.base/java.util.ArrayList.forEach(ArrayList.java:1596)
	at org.junit.platform.engine.support.hierarchical.SameThreadHierarchicalTestExecutorService.invokeAll(SameThreadHierarchicalTestExecutorService.java:41)
	at org.junit.platform.engine.support.hierarchical.NodeTestTask.lambda$executeRecursively$6(NodeTestTask.java:160)
	at org.junit.platform.engine.support.hierarchical.ThrowableCollector.execute(ThrowableCollector.java:73)
	at org.junit.platform.engine.support.hierarchical.NodeTestTask.lambda$executeRecursively$8(NodeTestTask.java:146)
	at org.junit.platform.engine.support.hierarchical.Node.around(Node.java:137)
	at org.junit.platform.engine.support.hierarchical.NodeTestTask.lambda$executeRecursively$9(NodeTestTask.java:144)
	at org.junit.platform.engine.support.hierarchical.ThrowableCollector.execute(ThrowableCollector.java:73)
	at org.junit.platform.engine.support.hierarchical.NodeTestTask.executeRecursively(NodeTestTask.java:143)
	at org.junit.platform.engine.support.hierarchical.NodeTestTask.execute(NodeTestTask.java:100)
	at org.junit.platform.engine.support.hierarchical.SameThreadHierarchicalTestExecutorService.submit(SameThreadHierarchicalTestExecutorService.java:35)
	at org.junit.platform.engine.support.hierarchical.HierarchicalTestExecutor.execute(HierarchicalTestExecutor.java:57)
	at org.junit.platform.engine.support.hierarchical.HierarchicalTestEngine.execute(HierarchicalTestEngine.java:54)
	at org.junit.platform.launcher.core.EngineExecutionOrchestrator.execute(EngineExecutionOrchestrator.java:201)
	at org.junit.platform.launcher.core.EngineExecutionOrchestrator.execute(EngineExecutionOrchestrator.java:170)
	at org.junit.platform.launcher.core.EngineExecutionOrchestrator.execute(EngineExecutionOrchestrator.java:94)
	at org.junit.platform.launcher.core.EngineExecutionOrchestrator.lambda$execute$0(EngineExecutionOrchestrator.java:59)
	at org.junit.platform.launcher.core.EngineExecutionOrchestrator.withInterceptedStreams(EngineExecutionOrchestrator.java:142)
	at org.junit.platform.launcher.core.EngineExecutionOrchestrator.execute(EngineExecutionOrchestrator.java:58)
	at org.junit.platform.launcher.core.DefaultLauncher.execute(DefaultLauncher.java:103)
	at org.junit.platform.launcher.core.DefaultLauncher.execute(DefaultLauncher.java:85)
	at org.junit.platform.launcher.core.DelegatingLauncher.execute(DelegatingLauncher.java:47)
	at org.junit.platform.launcher.core.InterceptingLauncher.lambda$execute$1(InterceptingLauncher.java:39)
	at org.junit.platform.launcher.core.ClasspathAlignmentCheckingLauncherInterceptor.intercept(ClasspathAlignmentCheckingLauncherInterceptor.java:25)
	at org.junit.platform.launcher.core.InterceptingLauncher.execute(InterceptingLauncher.java:38)
	at org.junit.platform.launcher.core.DelegatingLauncher.execute(DelegatingLauncher.java:47)
	at org.apache.maven.surefire.junitplatform.LauncherAdapter.executeWithoutCancellationToken(LauncherAdapter.java:60)
	at org.apache.maven.surefire.junitplatform.LauncherAdapter.execute(LauncherAdapter.java:52)
	at org.apache.maven.surefire.junitplatform.JUnitPlatformProvider.execute(JUnitPlatformProvider.java:203)
	at org.apache.maven.surefire.junitplatform.JUnitPlatformProvider.invokeAllTests(JUnitPlatformProvider.java:168)
	at org.apache.maven.surefire.junitplatform.JUnitPlatformProvider.invoke(JUnitPlatformProvider.java:136)
	at org.apache.maven.surefire.booter.ForkedBooter.runSuitesInProcess(ForkedBooter.java:385)
	at org.apache.maven.surefire.booter.ForkedBooter.execute(ForkedBooter.java:162)
	at org.apache.maven.surefire.booter.ForkedBooter.run(ForkedBooter.java:507)
	at org.apache.maven.surefire.booter.ForkedBooter.main(ForkedBooter.java:495)
Caused by: java.io.IOException: stale mount handle
	... 76 common frames omitted
01:45:33.458 [main] WARN com.alibaba.qwen.code.managedagent.service.SessionLifecycleCoordinator -- Managed Session operation will retry tenant=cwd-tenant session=6d28fa5d-9c75-4982-814f-bdf7863eba03 operation=op_39e39c66ca814c07b34c01271bf8b2cf retry=6 delayMs=32000 failure=RuntimeBrokerException Workspace mount cannot be verified right now.
com.alibaba.qwen.code.runtimebroker.RuntimeBrokerException: Workspace mount cannot be verified right now.
	at com.alibaba.qwen.code.managedagent.store.WorkspaceExecutionStore.unavailableTransient(WorkspaceExecutionStore.java:302)
	at com.alibaba.qwen.code.managedagent.ManagedCwdChangeOperationTest.coordinatorFailsTerminallyWhenTheProbeBudgetIsExhausted(ManagedCwdChangeOperationTest.java:1134)
	at java.base/jdk.internal.reflect.DirectMethodHandleAccessor.invoke(DirectMethodHandleAccessor.java:103)
	at java.base/java.lang.reflect.Method.invoke(Method.java:580)
	at org.junit.platform.commons.util.ReflectionUtils.invokeMethod(ReflectionUtils.java:775)
	at org.junit.platform.commons.support.ReflectionSupport.invokeMethod(ReflectionSupport.java:479)
	at org.junit.jupiter.engine.execution.MethodInvocation.proceed(MethodInvocation.java:60)
	at org.junit.jupiter.engine.execution.InvocationInterceptorChain$ValidatingInvocation.proceed(InvocationInterceptorChain.java:131)
	at org.junit.jupiter.engine.extension.TimeoutExtension.intercept(TimeoutExtension.java:161)
	at org.junit.jupiter.engine.extension.TimeoutExtension.interceptTestableMethod(TimeoutExtension.java:152)
	at org.junit.jupiter.engine.extension.TimeoutExtension.interceptTestMethod(TimeoutExtension.java:91)
	at org.junit.jupiter.engine.execution.InterceptingExecutableInvoker$ReflectiveInterceptorCall.lambda$ofVoidMethod$0(InterceptingExecutableInvoker.java:112)
	at org.junit.jupiter.engine.execution.InterceptingExecutableInvoker.lambda$invoke$0(InterceptingExecutableInvoker.java:94)
	at org.junit.jupiter.engine.execution.InvocationInterceptorChain$InterceptedInvocation.proceed(InvocationInterceptorChain.java:106)
	at org.junit.jupiter.engine.execution.InvocationInterceptorChain.proceed(InvocationInterceptorChain.java:64)
	at org.junit.jupiter.engine.execution.InvocationInterceptorChain.chainAndInvoke(InvocationInterceptorChain.java:45)
	at org.junit.jupiter.engine.execution.InvocationInterceptorChain.invoke(InvocationInterceptorChain.java:37)
	at org.junit.jupiter.engine.execution.InterceptingExecutableInvoker.invoke(InterceptingExecutableInvoker.java:93)
	at org.junit.jupiter.engine.execution.InterceptingExecutableInvoker.invoke(InterceptingExecutableInvoker.java:87)
	at org.junit.jupiter.engine.descriptor.TestMethodTestDescriptor.lambda$invokeTestMethod$7(TestMethodTestDescriptor.java:216)
	at org.junit.platform.engine.support.hierarchical.ThrowableCollector.execute(ThrowableCollector.java:73)
	at org.junit.jupiter.engine.descriptor.TestMethodTestDescriptor.invokeTestMethod(TestMethodTestDescriptor.java:212)
	at org.junit.jupiter.engine.descriptor.TestMethodTestDescriptor.execute(TestMethodTestDescriptor.java:137)
	at org.junit.jupiter.engine.descriptor.TestMethodTestDescriptor.execute(TestMethodTestDescriptor.java:69)
	at org.junit.platform.engine.support.hierarchical.NodeTestTask.lambda$executeRecursively$6(NodeTestTask.java:156)
	at org.junit.platform.engine.support.hierarchical.ThrowableCollector.execute(ThrowableCollector.java:73)
	at org.junit.platform.engine.support.hierarchical.NodeTestTask.lambda$executeRecursively$8(NodeTestTask.java:146)
	at org.junit.platform.engine.support.hierarchical.Node.around(Node.java:137)
	at org.junit.platform.engine.support.hierarchical.NodeTestTask.lambda$executeRecursively$9(NodeTestTask.java:144)
	at org.junit.platform.engine.support.hierarchical.ThrowableCollector.execute(ThrowableCollector.java:73)
	at org.junit.platform.engine.support.hierarchical.NodeTestTask.executeRecursively(NodeTestTask.java:143)
	at org.junit.platform.engine.support.hierarchical.NodeTestTask.execute(NodeTestTask.java:100)
	at java.base/java.util.ArrayList.forEach(ArrayList.java:1596)
	at org.junit.platform.engine.support.hierarchical.SameThreadHierarchicalTestExecutorService.invokeAll(SameThreadHierarchicalTestExecutorService.java:41)
	at org.junit.platform.engine.support.hierarchical.NodeTestTask.lambda$executeRecursively$6(NodeTestTask.java:160)
	at org.junit.platform.engine.support.hierarchical.ThrowableCollector.execute(ThrowableCollector.java:73)
	at org.junit.platform.engine.support.hierarchical.NodeTestTask.lambda$executeRecursively$8(NodeTestTask.java:146)
	at org.junit.platform.engine.support.hierarchical.Node.around(Node.java:137)
	at org.junit.platform.engine.support.hierarchical.NodeTestTask.lambda$executeRecursively$9(NodeTestTask.java:144)
	at org.junit.platform.engine.support.hierarchical.ThrowableCollector.execute(ThrowableCollector.java:73)
	at org.junit.platform.engine.support.hierarchical.NodeTestTask.executeRecursively(NodeTestTask.java:143)
	at org.junit.platform.engine.support.hierarchical.NodeTestTask.execute(NodeTestTask.java:100)
	at java.base/java.util.ArrayList.forEach(ArrayList.java:1596)
	at org.junit.platform.engine.support.hierarchical.SameThreadHierarchicalTestExecutorService.invokeAll(SameThreadHierarchicalTestExecutorService.java:41)
	at org.junit.platform.engine.support.hierarchical.NodeTestTask.lambda$executeRecursively$6(NodeTestTask.java:160)
	at org.junit.platform.engine.support.hierarchical.ThrowableCollector.execute(ThrowableCollector.java:73)
	at org.junit.platform.engine.support.hierarchical.NodeTestTask.lambda$executeRecursively$8(NodeTestTask.java:146)
	at org.junit.platform.engine.support.hierarchical.Node.around(Node.java:137)
	at org.junit.platform.engine.support.hierarchical.NodeTestTask.lambda$executeRecursively$9(NodeTestTask.java:144)
	at org.junit.platform.engine.support.hierarchical.ThrowableCollector.execute(ThrowableCollector.java:73)
	at org.junit.platform.engine.support.hierarchical.NodeTestTask.executeRecursively(NodeTestTask.java:143)
	at org.junit.platform.engine.support.hierarchical.NodeTestTask.execute(NodeTestTask.java:100)
	at org.junit.platform.engine.support.hierarchical.SameThreadHierarchicalTestExecutorService.submit(SameThreadHierarchicalTestExecutorService.java:35)
	at org.junit.platform.engine.support.hierarchical.HierarchicalTestExecutor.execute(HierarchicalTestExecutor.java:57)
	at org.junit.platform.engine.support.hierarchical.HierarchicalTestEngine.execute(HierarchicalTestEngine.java:54)
	at org.junit.platform.launcher.core.EngineExecutionOrchestrator.execute(EngineExecutionOrchestrator.java:201)
	at org.junit.platform.launcher.core.EngineExecutionOrchestrator.execute(EngineExecutionOrchestrator.java:170)
	at org.junit.platform.launcher.core.EngineExecutionOrchestrator.execute(EngineExecutionOrchestrator.java:94)
	at org.junit.platform.launcher.core.EngineExecutionOrchestrator.lambda$execute$0(EngineExecutionOrchestrator.java:59)
	at org.junit.platform.launcher.core.EngineExecutionOrchestrator.withInterceptedStreams(EngineExecutionOrchestrator.java:142)
	at org.junit.platform.launcher.core.EngineExecutionOrchestrator.execute(EngineExecutionOrchestrator.java:58)
	at org.junit.platform.launcher.core.DefaultLauncher.execute(DefaultLauncher.java:103)
	at org.junit.platform.launcher.core.DefaultLauncher.execute(DefaultLauncher.java:85)
	at org.junit.platform.launcher.core.DelegatingLauncher.execute(DelegatingLauncher.java:47)
	at org.junit.platform.launcher.core.InterceptingLauncher.lambda$execute$1(InterceptingLauncher.java:39)
	at org.junit.platform.launcher.core.ClasspathAlignmentCheckingLauncherInterceptor.intercept(ClasspathAlignmentCheckingLauncherInterceptor.java:25)
	at org.junit.platform.launcher.core.InterceptingLauncher.execute(InterceptingLauncher.java:38)
	at org.junit.platform.launcher.core.DelegatingLauncher.execute(DelegatingLauncher.java:47)
	at org.apache.maven.surefire.junitplatform.LauncherAdapter.executeWithoutCancellationToken(LauncherAdapter.java:60)
	at org.apache.maven.surefire.junitplatform.LauncherAdapter.execute(LauncherAdapter.java:52)
	at org.apache.maven.surefire.junitplatform.JUnitPlatformProvider.execute(JUnitPlatformProvider.java:203)
	at org.apache.maven.surefire.junitplatform.JUnitPlatformProvider.invokeAllTests(JUnitPlatformProvider.java:168)
	at org.apache.maven.surefire.junitplatform.JUnitPlatformProvider.invoke(JUnitPlatformProvider.java:136)
	at org.apache.maven.surefire.booter.ForkedBooter.runSuitesInProcess(ForkedBooter.java:385)
	at org.apache.maven.surefire.booter.ForkedBooter.execute(ForkedBooter.java:162)
	at org.apache.maven.surefire.booter.ForkedBooter.run(ForkedBooter.java:507)
	at org.apache.maven.surefire.booter.ForkedBooter.main(ForkedBooter.java:495)
Caused by: java.io.IOException: stale mount handle
	... 76 common frames omitted
01:45:33.458 [main] INFO com.alibaba.qwen.code.managedagent.service.SessionLifecycleCoordinator -- Managed Session cwd change probe deferred tenant=cwd-tenant session=6d28fa5d-9c75-4982-814f-bdf7863eba03 operation=op_39e39c66ca814c07b34c01271bf8b2cf code=workspace_unavailable Workspace mount cannot be verified right now.
com.alibaba.qwen.code.runtimebroker.RuntimeBrokerException: Workspace mount cannot be verified right now.
	at com.alibaba.qwen.code.managedagent.store.WorkspaceExecutionStore.unavailableTransient(WorkspaceExecutionStore.java:302)
	at com.alibaba.qwen.code.managedagent.ManagedCwdChangeOperationTest.coordinatorFailsTerminallyWhenTheProbeBudgetIsExhausted(ManagedCwdChangeOperationTest.java:1134)
	at java.base/jdk.internal.reflect.DirectMethodHandleAccessor.invoke(DirectMethodHandleAccessor.java:103)
	at java.base/java.lang.reflect.Method.invoke(Method.java:580)
	at org.junit.platform.commons.util.ReflectionUtils.invokeMethod(ReflectionUtils.java:775)
	at org.junit.platform.commons.support.ReflectionSupport.invokeMethod(ReflectionSupport.java:479)
	at org.junit.jupiter.engine.execution.MethodInvocation.proceed(MethodInvocation.java:60)
	at org.junit.jupiter.engine.execution.InvocationInterceptorChain$ValidatingInvocation.proceed(InvocationInterceptorChain.java:131)
	at org.junit.jupiter.engine.extension.TimeoutExtension.intercept(TimeoutExtension.java:161)
	at org.junit.jupiter.engine.extension.TimeoutExtension.interceptTestableMethod(TimeoutExtension.java:152)
	at org.junit.jupiter.engine.extension.TimeoutExtension.interceptTestMethod(TimeoutExtension.java:91)
	at org.junit.jupiter.engine.execution.InterceptingExecutableInvoker$ReflectiveInterceptorCall.lambda$ofVoidMethod$0(InterceptingExecutableInvoker.java:112)
	at org.junit.jupiter.engine.execution.InterceptingExecutableInvoker.lambda$invoke$0(InterceptingExecutableInvoker.java:94)
	at org.junit.jupiter.engine.execution.InvocationInterceptorChain$InterceptedInvocation.proceed(InvocationInterceptorChain.java:106)
	at org.junit.jupiter.engine.execution.InvocationInterceptorChain.proceed(InvocationInterceptorChain.java:64)
	at org.junit.jupiter.engine.execution.InvocationInterceptorChain.chainAndInvoke(InvocationInterceptorChain.java:45)
	at org.junit.jupiter.engine.execution.InvocationInterceptorChain.invoke(InvocationInterceptorChain.java:37)
	at org.junit.jupiter.engine.execution.InterceptingExecutableInvoker.invoke(InterceptingExecutableInvoker.java:93)
	at org.junit.jupiter.engine.execution.InterceptingExecutableInvoker.invoke(InterceptingExecutableInvoker.java:87)
	at org.junit.jupiter.engine.descriptor.TestMethodTestDescriptor.lambda$invokeTestMethod$7(TestMethodTestDescriptor.java:216)
	at org.junit.platform.engine.support.hierarchical.ThrowableCollector.execute(ThrowableCollector.java:73)
	at org.junit.jupiter.engine.descriptor.TestMethodTestDescriptor.invokeTestMethod(TestMethodTestDescriptor.java:212)
	at org.junit.jupiter.engine.descriptor.TestMethodTestDescriptor.execute(TestMethodTestDescriptor.java:137)
	at org.junit.jupiter.engine.descriptor.TestMethodTestDescriptor.execute(TestMethodTestDescriptor.java:69)
	at org.junit.platform.engine.support.hierarchical.NodeTestTask.lambda$executeRecursively$6(NodeTestTask.java:156)
	at org.junit.platform.engine.support.hierarchical.ThrowableCollector.execute(ThrowableCollector.java:73)
	at org.junit.platform.engine.support.hierarchical.NodeTestTask.lambda$executeRecursively$8(NodeTestTask.java:146)
	at org.junit.platform.engine.support.hierarchical.Node.around(Node.java:137)
	at org.junit.platform.engine.support.hierarchical.NodeTestTask.lambda$executeRecursively$9(NodeTestTask.java:144)
	at org.junit.platform.engine.support.hierarchical.ThrowableCollector.execute(ThrowableCollector.java:73)
	at org.junit.platform.engine.support.hierarchical.NodeTestTask.executeRecursively(NodeTestTask.java:143)
	at org.junit.platform.engine.support.hierarchical.NodeTestTask.execute(NodeTestTask.java:100)
	at java.base/java.util.ArrayList.forEach(ArrayList.java:1596)
	at org.junit.platform.engine.support.hierarchical.SameThreadHierarchicalTestExecutorService.invokeAll(SameThreadHierarchicalTestExecutorService.java:41)
	at org.junit.platform.engine.support.hierarchical.NodeTestTask.lambda$executeRecursively$6(NodeTestTask.java:160)
	at org.junit.platform.engine.support.hierarchical.ThrowableCollector.execute(ThrowableCollector.java:73)
	at org.junit.platform.engine.support.hierarchical.NodeTestTask.lambda$executeRecursively$8(NodeTestTask.java:146)
	at org.junit.platform.engine.support.hierarchical.Node.around(Node.java:137)
	at org.junit.platform.engine.support.hierarchical.NodeTestTask.lambda$executeRecursively$9(NodeTestTask.java:144)
	at org.junit.platform.engine.support.hierarchical.ThrowableCollector.execute(ThrowableCollector.java:73)
	at org.junit.platform.engine.support.hierarchical.NodeTestTask.executeRecursively(NodeTestTask.java:143)
	at org.junit.platform.engine.support.hierarchical.NodeTestTask.execute(NodeTestTask.java:100)
	at java.base/java.util.ArrayList.forEach(ArrayList.java:1596)
	at org.junit.platform.engine.support.hierarchical.SameThreadHierarchicalTestExecutorService.invokeAll(SameThreadHierarchicalTestExecutorService.java:41)
	at org.junit.platform.engine.support.hierarchical.NodeTestTask.lambda$executeRecursively$6(NodeTestTask.java:160)
	at org.junit.platform.engine.support.hierarchical.ThrowableCollector.execute(ThrowableCollector.java:73)
	at org.junit.platform.engine.support.hierarchical.NodeTestTask.lambda$executeRecursively$8(NodeTestTask.java:146)
	at org.junit.platform.engine.support.hierarchical.Node.around(Node.java:137)
	at org.junit.platform.engine.support.hierarchical.NodeTestTask.lambda$executeRecursively$9(NodeTestTask.java:144)
	at org.junit.platform.engine.support.hierarchical.ThrowableCollector.execute(ThrowableCollector.java:73)
	at org.junit.platform.engine.support.hierarchical.NodeTestTask.executeRecursively(NodeTestTask.java:143)
	at org.junit.platform.engine.support.hierarchical.NodeTestTask.execute(NodeTestTask.java:100)
	at org.junit.platform.engine.support.hierarchical.SameThreadHierarchicalTestExecutorService.submit(SameThreadHierarchicalTestExecutorService.java:35)
	at org.junit.platform.engine.support.hierarchical.HierarchicalTestExecutor.execute(HierarchicalTestExecutor.java:57)
	at org.junit.platform.engine.support.hierarchical.HierarchicalTestEngine.execute(HierarchicalTestEngine.java:54)
	at org.junit.platform.launcher.core.EngineExecutionOrchestrator.execute(EngineExecutionOrchestrator.java:201)
	at org.junit.platform.launcher.core.EngineExecutionOrchestrator.execute(EngineExecutionOrchestrator.java:170)
	at org.junit.platform.launcher.core.EngineExecutionOrchestrator.execute(EngineExecutionOrchestrator.java:94)
	at org.junit.platform.launcher.core.EngineExecutionOrchestrator.lambda$execute$0(EngineExecutionOrchestrator.java:59)
	at org.junit.platform.launcher.core.EngineExecutionOrchestrator.withInterceptedStreams(EngineExecutionOrchestrator.java:142)
	at org.junit.platform.launcher.core.EngineExecutionOrchestrator.execute(EngineExecutionOrchestrator.java:58)
	at org.junit.platform.launcher.core.DefaultLauncher.execute(DefaultLauncher.java:103)
	at org.junit.platform.launcher.core.DefaultLauncher.execute(DefaultLauncher.java:85)
	at org.junit.platform.launcher.core.DelegatingLauncher.execute(DelegatingLauncher.java:47)
	at org.junit.platform.launcher.core.InterceptingLauncher.lambda$execute$1(InterceptingLauncher.java:39)
	at org.junit.platform.launcher.core.ClasspathAlignmentCheckingLauncherInterceptor.intercept(ClasspathAlignmentCheckingLauncherInterceptor.java:25)
	at org.junit.platform.launcher.core.InterceptingLauncher.execute(InterceptingLauncher.java:38)
	at org.junit.platform.launcher.core.DelegatingLauncher.execute(DelegatingLauncher.java:47)
	at org.apache.maven.surefire.junitplatform.LauncherAdapter.executeWithoutCancellationToken(LauncherAdapter.java:60)
	at org.apache.maven.surefire.junitplatform.LauncherAdapter.execute(LauncherAdapter.java:52)
	at org.apache.maven.surefire.junitplatform.JUnitPlatformProvider.execute(JUnitPlatformProvider.java:203)
	at org.apache.maven.surefire.junitplatform.JUnitPlatformProvider.invokeAllTests(JUnitPlatformProvider.java:168)
	at org.apache.maven.surefire.junitplatform.JUnitPlatformProvider.invoke(JUnitPlatformProvider.java:136)
	at org.apache.maven.surefire.booter.ForkedBooter.runSuitesInProcess(ForkedBooter.java:385)
	at org.apache.maven.surefire.booter.ForkedBooter.execute(ForkedBooter.java:162)
	at org.apache.maven.surefire.booter.ForkedBooter.run(ForkedBooter.java:507)
	at org.apache.maven.surefire.booter.ForkedBooter.main(ForkedBooter.java:495)
Caused by: java.io.IOException: stale mount handle
	... 76 common frames omitted
01:45:33.459 [main] WARN com.alibaba.qwen.code.managedagent.service.SessionLifecycleCoordinator -- Managed Session operation will retry tenant=cwd-tenant session=6d28fa5d-9c75-4982-814f-bdf7863eba03 operation=op_39e39c66ca814c07b34c01271bf8b2cf retry=7 delayMs=60000 failure=RuntimeBrokerException Workspace mount cannot be verified right now.
com.alibaba.qwen.code.runtimebroker.RuntimeBrokerException: Workspace mount cannot be verified right now.
	at com.alibaba.qwen.code.managedagent.store.WorkspaceExecutionStore.unavailableTransient(WorkspaceExecutionStore.java:302)
	at com.alibaba.qwen.code.managedagent.ManagedCwdChangeOperationTest.coordinatorFailsTerminallyWhenTheProbeBudgetIsExhausted(ManagedCwdChangeOperationTest.java:1134)
	at java.base/jdk.internal.reflect.DirectMethodHandleAccessor.invoke(DirectMethodHandleAccessor.java:103)
	at java.base/java.lang.reflect.Method.invoke(Method.java:580)
	at org.junit.platform.commons.util.ReflectionUtils.invokeMethod(ReflectionUtils.java:775)
	at org.junit.platform.commons.support.ReflectionSupport.invokeMethod(ReflectionSupport.java:479)
	at org.junit.jupiter.engine.execution.MethodInvocation.proceed(MethodInvocation.java:60)
	at org.junit.jupiter.engine.execution.InvocationInterceptorChain$ValidatingInvocation.proceed(InvocationInterceptorChain.java:131)
	at org.junit.jupiter.engine.extension.TimeoutExtension.intercept(TimeoutExtension.java:161)
	at org.junit.jupiter.engine.extension.TimeoutExtension.interceptTestableMethod(TimeoutExtension.java:152)
	at org.junit.jupiter.engine.extension.TimeoutExtension.interceptTestMethod(TimeoutExtension.java:91)
	at org.junit.jupiter.engine.execution.InterceptingExecutableInvoker$ReflectiveInterceptorCall.lambda$ofVoidMethod$0(InterceptingExecutableInvoker.java:112)
	at org.junit.jupiter.engine.execution.InterceptingExecutableInvoker.lambda$invoke$0(InterceptingExecutableInvoker.java:94)
	at org.junit.jupiter.engine.execution.InvocationInterceptorChain$InterceptedInvocation.proceed(InvocationInterceptorChain.java:106)
	at org.junit.jupiter.engine.execution.InvocationInterceptorChain.proceed(InvocationInterceptorChain.java:64)
	at org.junit.jupiter.engine.execution.InvocationInterceptorChain.chainAndInvoke(InvocationInterceptorChain.java:45)
	at org.junit.jupiter.engine.execution.InvocationInterceptorChain.invoke(InvocationInterceptorChain.java:37)
	at org.junit.jupiter.engine.execution.InterceptingExecutableInvoker.invoke(InterceptingExecutableInvoker.java:93)
	at org.junit.jupiter.engine.execution.InterceptingExecutableInvoker.invoke(InterceptingExecutableInvoker.java:87)
	at org.junit.jupiter.engine.descriptor.TestMethodTestDescriptor.lambda$invokeTestMethod$7(TestMethodTestDescriptor.java:216)
	at org.junit.platform.engine.support.hierarchical.ThrowableCollector.execute(ThrowableCollector.java:73)
	at org.junit.jupiter.engine.descriptor.TestMethodTestDescriptor.invokeTestMethod(TestMethodTestDescriptor.java:212)
	at org.junit.jupiter.engine.descriptor.TestMethodTestDescriptor.execute(TestMethodTestDescriptor.java:137)
	at org.junit.jupiter.engine.descriptor.TestMethodTestDescriptor.execute(TestMethodTestDescriptor.java:69)
	at org.junit.platform.engine.support.hierarchical.NodeTestTask.lambda$executeRecursively$6(NodeTestTask.java:156)
	at org.junit.platform.engine.support.hierarchical.ThrowableCollector.execute(ThrowableCollector.java:73)
	at org.junit.platform.engine.support.hierarchical.NodeTestTask.lambda$executeRecursively$8(NodeTestTask.java:146)
	at org.junit.platform.engine.support.hierarchical.Node.around(Node.java:137)
	at org.junit.platform.engine.support.hierarchical.NodeTestTask.lambda$executeRecursively$9(NodeTestTask.java:144)
	at org.junit.platform.engine.support.hierarchical.ThrowableCollector.execute(ThrowableCollector.java:73)
	at org.junit.platform.engine.support.hierarchical.NodeTestTask.executeRecursively(NodeTestTask.java:143)
	at org.junit.platform.engine.support.hierarchical.NodeTestTask.execute(NodeTestTask.java:100)
	at java.base/java.util.ArrayList.forEach(ArrayList.java:1596)
	at org.junit.platform.engine.support.hierarchical.SameThreadHierarchicalTestExecutorService.invokeAll(SameThreadHierarchicalTestExecutorService.java:41)
	at org.junit.platform.engine.support.hierarchical.NodeTestTask.lambda$executeRecursively$6(NodeTestTask.java:160)
	at org.junit.platform.engine.support.hierarchical.ThrowableCollector.execute(ThrowableCollector.java:73)
	at org.junit.platform.engine.support.hierarchical.NodeTestTask.lambda$executeRecursively$8(NodeTestTask.java:146)
	at org.junit.platform.engine.support.hierarchical.Node.around(Node.java:137)
	at org.junit.platform.engine.support.hierarchical.NodeTestTask.lambda$executeRecursively$9(NodeTestTask.java:144)
	at org.junit.platform.engine.support.hierarchical.ThrowableCollector.execute(ThrowableCollector.java:73)
	at org.junit.platform.engine.support.hierarchical.NodeTestTask.executeRecursively(NodeTestTask.java:143)
	at org.junit.platform.engine.support.hierarchical.NodeTestTask.execute(NodeTestTask.java:100)
	at java.base/java.util.ArrayList.forEach(ArrayList.java:1596)
	at org.junit.platform.engine.support.hierarchical.SameThreadHierarchicalTestExecutorService.invokeAll(SameThreadHierarchicalTestExecutorService.java:41)
	at org.junit.platform.engine.support.hierarchical.NodeTestTask.lambda$executeRecursively$6(NodeTestTask.java:160)
	at org.junit.platform.engine.support.hierarchical.ThrowableCollector.execute(ThrowableCollector.java:73)
	at org.junit.platform.engine.support.hierarchical.NodeTestTask.lambda$executeRecursively$8(NodeTestTask.java:146)
	at org.junit.platform.engine.support.hierarchical.Node.around(Node.java:137)
	at org.junit.platform.engine.support.hierarchical.NodeTestTask.lambda$executeRecursively$9(NodeTestTask.java:144)
	at org.junit.platform.engine.support.hierarchical.ThrowableCollector.execute(ThrowableCollector.java:73)
	at org.junit.platform.engine.support.hierarchical.NodeTestTask.executeRecursively(NodeTestTask.java:143)
	at org.junit.platform.engine.support.hierarchical.NodeTestTask.execute(NodeTestTask.java:100)
	at org.junit.platform.engine.support.hierarchical.SameThreadHierarchicalTestExecutorService.submit(SameThreadHierarchicalTestExecutorService.java:35)
	at org.junit.platform.engine.support.hierarchical.HierarchicalTestExecutor.execute(HierarchicalTestExecutor.java:57)
	at org.junit.platform.engine.support.hierarchical.HierarchicalTestEngine.execute(HierarchicalTestEngine.java:54)
	at org.junit.platform.launcher.core.EngineExecutionOrchestrator.execute(EngineExecutionOrchestrator.java:201)
	at org.junit.platform.launcher.core.EngineExecutionOrchestrator.execute(EngineExecutionOrchestrator.java:170)
	at org.junit.platform.launcher.core.EngineExecutionOrchestrator.execute(EngineExecutionOrchestrator.java:94)
	at org.junit.platform.launcher.core.EngineExecutionOrchestrator.lambda$execute$0(EngineExecutionOrchestrator.java:59)
	at org.junit.platform.launcher.core.EngineExecutionOrchestrator.withInterceptedStreams(EngineExecutionOrchestrator.java:142)
	at org.junit.platform.launcher.core.EngineExecutionOrchestrator.execute(EngineExecutionOrchestrator.java:58)
	at org.junit.platform.launcher.core.DefaultLauncher.execute(DefaultLauncher.java:103)
	at org.junit.platform.launcher.core.DefaultLauncher.execute(DefaultLauncher.java:85)
	at org.junit.platform.launcher.core.DelegatingLauncher.execute(DelegatingLauncher.java:47)
	at org.junit.platform.launcher.core.InterceptingLauncher.lambda$execute$1(InterceptingLauncher.java:39)
	at org.junit.platform.launcher.core.ClasspathAlignmentCheckingLauncherInterceptor.intercept(ClasspathAlignmentCheckingLauncherInterceptor.java:25)
	at org.junit.platform.launcher.core.InterceptingLauncher.execute(InterceptingLauncher.java:38)
	at org.junit.platform.launcher.core.DelegatingLauncher.execute(DelegatingLauncher.java:47)
	at org.apache.maven.surefire.junitplatform.LauncherAdapter.executeWithoutCancellationToken(LauncherAdapter.java:60)
	at org.apache.maven.surefire.junitplatform.LauncherAdapter.execute(LauncherAdapter.java:52)
	at org.apache.maven.surefire.junitplatform.JUnitPlatformProvider.execute(JUnitPlatformProvider.java:203)
	at org.apache.maven.surefire.junitplatform.JUnitPlatformProvider.invokeAllTests(JUnitPlatformProvider.java:168)
	at org.apache.maven.surefire.junitplatform.JUnitPlatformProvider.invoke(JUnitPlatformProvider.java:136)
	at org.apache.maven.surefire.booter.ForkedBooter.runSuitesInProcess(ForkedBooter.java:385)
	at org.apache.maven.surefire.booter.ForkedBooter.execute(ForkedBooter.java:162)
	at org.apache.maven.surefire.booter.ForkedBooter.run(ForkedBooter.java:507)
	at org.apache.maven.surefire.booter.ForkedBooter.main(ForkedBooter.java:495)
Caused by: java.io.IOException: stale mount handle
	... 76 common frames omitted
01:45:33.460 [main] INFO com.alibaba.qwen.code.managedagent.service.SessionLifecycleCoordinator -- Managed Session cwd change failed after the probe budget tenant=cwd-tenant session=6d28fa5d-9c75-4982-814f-bdf7863eba03 operation=op_39e39c66ca814c07b34c01271bf8b2cf code=workspace_unavailable
com.alibaba.qwen.code.runtimebroker.RuntimeBrokerException: Workspace mount cannot be verified right now.
	at com.alibaba.qwen.code.managedagent.store.WorkspaceExecutionStore.unavailableTransient(WorkspaceExecutionStore.java:302)
	at com.alibaba.qwen.code.managedagent.ManagedCwdChangeOperationTest.coordinatorFailsTerminallyWhenTheProbeBudgetIsExhausted(ManagedCwdChangeOperationTest.java:1134)
	at java.base/jdk.internal.reflect.DirectMethodHandleAccessor.invoke(DirectMethodHandleAccessor.java:103)
	at java.base/java.lang.reflect.Method.invoke(Method.java:580)
	at org.junit.platform.commons.util.ReflectionUtils.invokeMethod(ReflectionUtils.java:775)
	at org.junit.platform.commons.support.ReflectionSupport.invokeMethod(ReflectionSupport.java:479)
	at org.junit.jupiter.engine.execution.MethodInvocation.proceed(MethodInvocation.java:60)
	at org.junit.jupiter.engine.execution.InvocationInterceptorChain$ValidatingInvocation.proceed(InvocationInterceptorChain.java:131)
	at org.junit.jupiter.engine.extension.TimeoutExtension.intercept(TimeoutExtension.java:161)
	at org.junit.jupiter.engine.extension.TimeoutExtension.interceptTestableMethod(TimeoutExtension.java:152)
	at org.junit.jupiter.engine.extension.TimeoutExtension.interceptTestMethod(TimeoutExtension.java:91)
	at org.junit.jupiter.engine.execution.InterceptingExecutableInvoker$ReflectiveInterceptorCall.lambda$ofVoidMethod$0(InterceptingExecutableInvoker.java:112)
	at org.junit.jupiter.engine.execution.InterceptingExecutableInvoker.lambda$invoke$0(InterceptingExecutableInvoker.java:94)
	at org.junit.jupiter.engine.execution.InvocationInterceptorChain$InterceptedInvocation.proceed(InvocationInterceptorChain.java:106)
	at org.junit.jupiter.engine.execution.InvocationInterceptorChain.proceed(InvocationInterceptorChain.java:64)
	at org.junit.jupiter.engine.execution.InvocationInterceptorChain.chainAndInvoke(InvocationInterceptorChain.java:45)
	at org.junit.jupiter.engine.execution.InvocationInterceptorChain.invoke(InvocationInterceptorChain.java:37)
	at org.junit.jupiter.engine.execution.InterceptingExecutableInvoker.invoke(InterceptingExecutableInvoker.java:93)
	at org.junit.jupiter.engine.execution.InterceptingExecutableInvoker.invoke(InterceptingExecutableInvoker.java:87)
	at org.junit.jupiter.engine.descriptor.TestMethodTestDescriptor.lambda$invokeTestMethod$7(TestMethodTestDescriptor.java:216)
	at org.junit.platform.engine.support.hierarchical.ThrowableCollector.execute(ThrowableCollector.java:73)
	at org.junit.jupiter.engine.descriptor.TestMethodTestDescriptor.invokeTestMethod(TestMethodTestDescriptor.java:212)
	at org.junit.jupiter.engine.descriptor.TestMethodTestDescriptor.execute(TestMethodTestDescriptor.java:137)
	at org.junit.jupiter.engine.descriptor.TestMethodTestDescriptor.execute(TestMethodTestDescriptor.java:69)
	at org.junit.platform.engine.support.hierarchical.NodeTestTask.lambda$executeRecursively$6(NodeTestTask.java:156)
	at org.junit.platform.engine.support.hierarchical.ThrowableCollector.execute(ThrowableCollector.java:73)
	at org.junit.platform.engine.support.hierarchical.NodeTestTask.lambda$executeRecursively$8(NodeTestTask.java:146)
	at org.junit.platform.engine.support.hierarchical.Node.around(Node.java:137)
	at org.junit.platform.engine.support.hierarchical.NodeTestTask.lambda$executeRecursively$9(NodeTestTask.java:144)
	at org.junit.platform.engine.support.hierarchical.ThrowableCollector.execute(ThrowableCollector.java:73)
	at org.junit.platform.engine.support.hierarchical.NodeTestTask.executeRecursively(NodeTestTask.java:143)
	at org.junit.platform.engine.support.hierarchical.NodeTestTask.execute(NodeTestTask.java:100)
	at java.base/java.util.ArrayList.forEach(ArrayList.java:1596)
	at org.junit.platform.engine.support.hierarchical.SameThreadHierarchicalTestExecutorService.invokeAll(SameThreadHierarchicalTestExecutorService.java:41)
	at org.junit.platform.engine.support.hierarchical.NodeTestTask.lambda$executeRecursively$6(NodeTestTask.java:160)
	at org.junit.platform.engine.support.hierarchical.ThrowableCollector.execute(ThrowableCollector.java:73)
	at org.junit.platform.engine.support.hierarchical.NodeTestTask.lambda$executeRecursively$8(NodeTestTask.java:146)
	at org.junit.platform.engine.support.hierarchical.Node.around(Node.java:137)
	at org.junit.platform.engine.support.hierarchical.NodeTestTask.lambda$executeRecursively$9(NodeTestTask.java:144)
	at org.junit.platform.engine.support.hierarchical.ThrowableCollector.execute(ThrowableCollector.java:73)
	at org.junit.platform.engine.support.hierarchical.NodeTestTask.executeRecursively(NodeTestTask.java:143)
	at org.junit.platform.engine.support.hierarchical.NodeTestTask.execute(NodeTestTask.java:100)
	at java.base/java.util.ArrayList.forEach(ArrayList.java:1596)
	at org.junit.platform.engine.support.hierarchical.SameThreadHierarchicalTestExecutorService.invokeAll(SameThreadHierarchicalTestExecutorService.java:41)
	at org.junit.platform.engine.support.hierarchical.NodeTestTask.lambda$executeRecursively$6(NodeTestTask.java:160)
	at org.junit.platform.engine.support.hierarchical.ThrowableCollector.execute(ThrowableCollector.java:73)
	at org.junit.platform.engine.support.hierarchical.NodeTestTask.lambda$executeRecursively$8(NodeTestTask.java:146)
	at org.junit.platform.engine.support.hierarchical.Node.around(Node.java:137)
	at org.junit.platform.engine.support.hierarchical.NodeTestTask.lambda$executeRecursively$9(NodeTestTask.java:144)
	at org.junit.platform.engine.support.hierarchical.ThrowableCollector.execute(ThrowableCollector.java:73)
	at org.junit.platform.engine.support.hierarchical.NodeTestTask.executeRecursively(NodeTestTask.java:143)
	at org.junit.platform.engine.support.hierarchical.NodeTestTask.execute(NodeTestTask.java:100)
	at org.junit.platform.engine.support.hierarchical.SameThreadHierarchicalTestExecutorService.submit(SameThreadHierarchicalTestExecutorService.java:35)
	at org.junit.platform.engine.support.hierarchical.HierarchicalTestExecutor.execute(HierarchicalTestExecutor.java:57)
	at org.junit.platform.engine.support.hierarchical.HierarchicalTestEngine.execute(HierarchicalTestEngine.java:54)
	at org.junit.platform.launcher.core.EngineExecutionOrchestrator.execute(EngineExecutionOrchestrator.java:201)
	at org.junit.platform.launcher.core.EngineExecutionOrchestrator.execute(EngineExecutionOrchestrator.java:170)
	at org.junit.platform.launcher.core.EngineExecutionOrchestrator.execute(EngineExecutionOrchestrator.java:94)
	at org.junit.platform.launcher.core.EngineExecutionOrchestrator.lambda$execute$0(EngineExecutionOrchestrator.java:59)
	at org.junit.platform.launcher.core.EngineExecutionOrchestrator.withInterceptedStreams(EngineExecutionOrchestrator.java:142)
	at org.junit.platform.launcher.core.EngineExecutionOrchestrator.execute(EngineExecutionOrchestrator.java:58)
	at org.junit.platform.launcher.core.DefaultLauncher.execute(DefaultLauncher.java:103)
	at org.junit.platform.launcher.core.DefaultLauncher.execute(DefaultLauncher.java:85)
	at org.junit.platform.launcher.core.DelegatingLauncher.execute(DelegatingLauncher.java:47)
	at org.junit.platform.launcher.core.InterceptingLauncher.lambda$execute$1(InterceptingLauncher.java:39)
	at org.junit.platform.launcher.core.ClasspathAlignmentCheckingLauncherInterceptor.intercept(ClasspathAlignmentCheckingLauncherInterceptor.java:25)
	at org.junit.platform.launcher.core.InterceptingLauncher.execute(InterceptingLauncher.java:38)
	at org.junit.platform.launcher.core.DelegatingLauncher.execute(DelegatingLauncher.java:47)
	at org.apache.maven.surefire.junitplatform.LauncherAdapter.executeWithoutCancellationToken(LauncherAdapter.java:60)
	at org.apache.maven.surefire.junitplatform.LauncherAdapter.execute(LauncherAdapter.java:52)
	at org.apache.maven.surefire.junitplatform.JUnitPlatformProvider.execute(JUnitPlatformProvider.java:203)
	at org.apache.maven.surefire.junitplatform.JUnitPlatformProvider.invokeAllTests(JUnitPlatformProvider.java:168)
	at org.apache.maven.surefire.junitplatform.JUnitPlatformProvider.invoke(JUnitPlatformProvider.java:136)
	at org.apache.maven.surefire.booter.ForkedBooter.runSuitesInProcess(ForkedBooter.java:385)
	at org.apache.maven.surefire.booter.ForkedBooter.execute(ForkedBooter.java:162)
	at org.apache.maven.surefire.booter.ForkedBooter.run(ForkedBooter.java:507)
	at org.apache.maven.surefire.booter.ForkedBooter.main(ForkedBooter.java:495)
Caused by: java.io.IOException: stale mount handle
	... 76 common frames omitted
01:45:33.473 [main] INFO org.flywaydb.core.FlywayExecutor -- Database: jdbc:h2:mem:cwd-420337a0-7dd2-4a68-902c-6b1a8b39502d (H2 2.3)
01:45:33.478 [main] INFO org.flywaydb.core.internal.schemahistory.JdbcTableSchemaHistory -- Schema history table "public"."flyway_schema_history" does not exist yet
01:45:33.478 [main] INFO org.flywaydb.core.internal.command.DbValidate -- Successfully validated 45 migrations (execution time 00:00.004s)
01:45:33.478 [main] INFO org.flywaydb.core.internal.schemahistory.JdbcTableSchemaHistory -- Creating Schema History table "public"."flyway_schema_history" ...
01:45:33.479 [main] INFO org.flywaydb.core.internal.command.DbMigrate -- Current version of schema "public": << Empty Schema >>
01:45:33.480 [main] INFO org.flywaydb.core.internal.command.DbMigrate -- Migrating schema "public" to version "1 - managed agent core"
01:45:33.483 [main] INFO org.flywaydb.core.internal.command.DbMigrate -- Migrating schema "public" to version "2 - managed agent projection"
01:45:33.486 [main] INFO org.flywaydb.core.internal.command.DbMigrate -- Migrating schema "public" to version "3 - runtime broker"
01:45:33.488 [main] INFO org.flywaydb.core.internal.command.DbMigrate -- Migrating schema "public" to version "4 - managed session store"
01:45:33.489 [main] INFO org.flywaydb.core.internal.command.DbMigrate -- Migrating schema "public" to version "5 - managed session lifecycle"
01:45:33.492 [main] INFO org.flywaydb.core.internal.command.DbMigrate -- Migrating schema "public" to version "6 - managed turn retry"
01:45:33.494 [main] INFO org.flywaydb.core.internal.command.DbMigrate -- Migrating schema "public" to version "7 - managed workspace binding"
01:45:33.499 [main] INFO org.flywaydb.core.internal.command.DbMigrate -- Migrating schema "public" to version "8 - managed workspace registry"
01:45:33.502 [main] INFO org.flywaydb.core.internal.command.DbMigrate -- Migrating schema "public" to version "9 - managed workspace creation command"
01:45:33.503 [main] INFO org.flywaydb.core.internal.command.DbMigrate -- Migrating schema "public" to version "10 - managed runtime context"
01:45:33.505 [main] INFO org.flywaydb.core.internal.command.DbMigrate -- Migrating schema "public" to version "11 - workspace execution"
01:45:33.506 [main] INFO org.flywaydb.core.internal.command.DbMigrate -- Migrating schema "public" to version "12 - runtime broker schema alignment"
01:45:33.508 [main] INFO org.flywaydb.core.internal.command.DbMigrate -- Migrating schema "public" to version "13 - managed session agent revision"
01:45:33.510 [main] INFO org.flywaydb.core.internal.command.DbMigrate -- Migrating schema "public" to version "14 - managed event replay"
01:45:33.512 [main] INFO org.flywaydb.core.internal.command.DbMigrate -- Migrating schema "public" to version "15 - managed event identity"
01:45:33.514 [main] INFO org.flywaydb.core.internal.command.DbMigrate -- Migrating schema "public" to version "16 - runtime loss evidence"
01:45:33.517 [main] INFO org.flywaydb.core.internal.command.DbMigrate -- Migrating schema "public" to version "17 - managed session operation"
01:45:33.518 [main] INFO org.flywaydb.core.internal.command.DbMigrate -- Migrating schema "public" to version "18 - managed extension record"
01:45:33.519 [main] INFO org.flywaydb.core.internal.command.DbMigrate -- Migrating schema "public" to version "19 - workspace operator recovery"
01:45:33.520 [main] INFO org.flywaydb.core.internal.command.DbMigrate -- Migrating schema "public" to version "20 - managed tool publication"
01:45:33.521 [main] INFO org.flywaydb.core.internal.command.DbMigrate -- Migrating schema "public" to version "21 - managed tool publication objects"
01:45:33.527 [main] INFO org.flywaydb.core.internal.command.DbMigrate -- Migrating schema "public" to version "22 - managed tool publication recovery"
01:45:33.528 [main] INFO org.flywaydb.core.internal.command.DbMigrate -- Migrating schema "public" to version "23 - managed mcp records"
01:45:33.529 [main] INFO org.flywaydb.core.internal.command.DbMigrate -- Migrating schema "public" to version "24 - managed actions"
01:45:33.532 [main] INFO org.flywaydb.core.internal.command.DbMigrate -- Migrating schema "public" to version "25 - verified workspace mount"
01:45:33.536 [main] INFO org.flywaydb.core.internal.command.DbMigrate -- Migrating schema "public" to version "26 - managed tool result projection"
01:45:33.538 [main] INFO org.flywaydb.core.internal.command.DbMigrate -- Migrating schema "public" to version "27 - managed hook records"
01:45:33.539 [main] INFO org.flywaydb.core.internal.command.DbMigrate -- Migrating schema "public" to version "28 - managed hook admission index"
01:45:33.540 [main] INFO org.flywaydb.core.internal.command.DbMigrate -- Migrating schema "public" to version "29 - managed hook admission backfill"
01:45:33.541 [main] INFO org.flywaydb.core.internal.command.DbMigrate -- Migrating schema "public" to version "30 - managed tool output retention"
01:45:33.543 [main] INFO org.flywaydb.core.internal.command.DbMigrate -- Migrating schema "public" to version "31 - workspace recovery bundle"
01:45:33.544 [main] INFO org.flywaydb.core.internal.command.DbMigrate -- Migrating schema "public" to version "32 - workspace session close"
01:45:33.545 [main] INFO org.flywaydb.core.internal.command.DbMigrate -- Migrating schema "public" to version "33 - managed agent definitions"
01:45:33.547 [main] INFO org.flywaydb.core.internal.command.DbMigrate -- Migrating schema "public" to version "34 - managed tool output collection"
01:45:33.552 [main] INFO org.flywaydb.core.internal.command.DbMigrate -- Migrating schema "public" to version "35 - managed session tool profile"
01:45:33.553 [main] INFO org.flywaydb.core.internal.command.DbMigrate -- Migrating schema "public" to version "36 - managed session journal activation"
01:45:33.555 [main] INFO org.flywaydb.core.internal.command.DbMigrate -- Migrating schema "public" to version "37 - managed agent event type index"
01:45:33.556 [main] INFO org.flywaydb.core.internal.command.DbMigrate -- Migrating schema "public" to version "38 - managed snapshot deferral marker"
01:45:33.557 [main] INFO org.flywaydb.core.internal.command.DbMigrate -- Migrating schema "public" to version "39 - managed session journal sequence index"
01:45:33.592 [main] INFO org.flywaydb.core.internal.command.DbMigrate -- Migrating schema "public" to version "40 - managed session creator"
01:45:33.595 [main] INFO org.flywaydb.core.internal.command.DbMigrate -- Migrating schema "public" to version "41 - workspace csi reservation"
01:45:33.599 [main] INFO org.flywaydb.core.internal.command.DbMigrate -- Migrating schema "public" to version "42 - workspace csi retirement"
01:45:33.600 [main] INFO org.flywaydb.core.internal.command.DbMigrate -- Migrating schema "public" to version "43 - tool dispatch authorization"
01:45:33.604 [main] INFO org.flywaydb.core.internal.command.DbMigrate -- Migrating schema "public" to version "44 - workspace csi worker ack"
01:45:33.607 [main] INFO org.flywaydb.core.internal.command.DbMigrate -- Migrating schema "public" to version "45 - managed cwd operation"
01:45:33.610 [main] INFO org.flywaydb.core.internal.command.DbMigrate -- Successfully applied 45 migrations to schema "public", now at version v45 (execution time 00:00.034s)
01:45:33.667 [main] INFO org.flywaydb.core.FlywayExecutor -- Database: jdbc:h2:mem:cwd-e09c4555-4723-4df8-8428-d5aba89458c0 (H2 2.3)
01:45:33.678 [main] INFO org.flywaydb.core.internal.schemahistory.JdbcTableSchemaHistory -- Schema history table "public"."flyway_schema_history" does not exist yet
01:45:33.679 [main] INFO org.flywaydb.core.internal.command.DbValidate -- Successfully validated 45 migrations (execution time 00:00.010s)
01:45:33.679 [main] INFO org.flywaydb.core.internal.schemahistory.JdbcTableSchemaHistory -- Creating Schema History table "public"."flyway_schema_history" ...
01:45:33.680 [main] INFO org.flywaydb.core.internal.command.DbMigrate -- Current version of schema "public": << Empty Schema >>
01:45:33.681 [main] INFO org.flywaydb.core.internal.command.DbMigrate -- Migrating schema "public" to version "1 - managed agent core"
01:45:33.683 [main] INFO org.flywaydb.core.internal.command.DbMigrate -- Migrating schema "public" to version "2 - managed agent projection"
01:45:33.686 [main] INFO org.flywaydb.core.internal.command.DbMigrate -- Migrating schema "public" to version "3 - runtime broker"
01:45:33.687 [main] INFO org.flywaydb.core.internal.command.DbMigrate -- Migrating schema "public" to version "4 - managed session store"
01:45:33.688 [main] INFO org.flywaydb.core.internal.command.DbMigrate -- Migrating schema "public" to version "5 - managed session lifecycle"
01:45:33.691 [main] INFO org.flywaydb.core.internal.command.DbMigrate -- Migrating schema "public" to version "6 - managed turn retry"
01:45:33.694 [main] INFO org.flywaydb.core.internal.command.DbMigrate -- Migrating schema "public" to version "7 - managed workspace binding"
01:45:33.698 [main] INFO org.flywaydb.core.internal.command.DbMigrate -- Migrating schema "public" to version "8 - managed workspace registry"
01:45:33.699 [main] INFO org.flywaydb.core.internal.command.DbMigrate -- Migrating schema "public" to version "9 - managed workspace creation command"
01:45:33.701 [main] INFO org.flywaydb.core.internal.command.DbMigrate -- Migrating schema "public" to version "10 - managed runtime context"
01:45:33.702 [main] INFO org.flywaydb.core.internal.command.DbMigrate -- Migrating schema "public" to version "11 - workspace execution"
01:45:33.703 [main] INFO org.flywaydb.core.internal.command.DbMigrate -- Migrating schema "public" to version "12 - runtime broker schema alignment"
01:45:33.705 [main] INFO org.flywaydb.core.internal.command.DbMigrate -- Migrating schema "public" to version "13 - managed session agent revision"
01:45:33.707 [main] INFO org.flywaydb.core.internal.command.DbMigrate -- Migrating schema "public" to version "14 - managed event replay"
01:45:33.710 [main] INFO org.flywaydb.core.internal.command.DbMigrate -- Migrating schema "public" to version "15 - managed event identity"
01:45:33.710 [main] INFO org.flywaydb.core.internal.command.DbMigrate -- Migrating schema "public" to version "16 - runtime loss evidence"
01:45:33.721 [main] INFO org.flywaydb.core.internal.command.DbMigrate -- Migrating schema "public" to version "17 - managed session operation"
01:45:33.729 [main] INFO org.flywaydb.core.internal.command.DbMigrate -- Migrating schema "public" to version "18 - managed extension record"
01:45:33.730 [main] INFO org.flywaydb.core.internal.command.DbMigrate -- Migrating schema "public" to version "19 - workspace operator recovery"
01:45:33.734 [main] INFO org.flywaydb.core.internal.command.DbMigrate -- Migrating schema "public" to version "20 - managed tool publication"
01:45:33.736 [main] INFO org.flywaydb.core.internal.command.DbMigrate -- Migrating schema "public" to version "21 - managed tool publication objects"
01:45:33.743 [main] INFO org.flywaydb.core.internal.command.DbMigrate -- Migrating schema "public" to version "22 - managed tool publication recovery"
01:45:33.744 [main] INFO org.flywaydb.core.internal.command.DbMigrate -- Migrating schema "public" to version "23 - managed mcp records"
01:45:33.745 [main] INFO org.flywaydb.core.internal.command.DbMigrate -- Migrating schema "public" to version "24 - managed actions"
01:45:33.748 [main] INFO org.flywaydb.core.internal.command.DbMigrate -- Migrating schema "public" to version "25 - verified workspace mount"
01:45:33.758 [main] INFO org.flywaydb.core.internal.command.DbMigrate -- Migrating schema "public" to version "26 - managed tool result projection"
01:45:33.759 [main] INFO org.flywaydb.core.internal.command.DbMigrate -- Migrating schema "public" to version "27 - managed hook records"
01:45:33.760 [main] INFO org.flywaydb.core.internal.command.DbMigrate -- Migrating schema "public" to version "28 - managed hook admission index"
01:45:33.762 [main] INFO org.flywaydb.core.internal.command.DbMigrate -- Migrating schema "public" to version "29 - managed hook admission backfill"
01:45:33.763 [main] INFO org.flywaydb.core.internal.command.DbMigrate -- Migrating schema "public" to version "30 - managed tool output retention"
01:45:33.765 [main] INFO org.flywaydb.core.internal.command.DbMigrate -- Migrating schema "public" to version "31 - workspace recovery bundle"
01:45:33.768 [main] INFO org.flywaydb.core.internal.command.DbMigrate -- Migrating schema "public" to version "32 - workspace session close"
01:45:33.770 [main] INFO org.flywaydb.core.internal.command.DbMigrate -- Migrating schema "public" to version "33 - managed agent definitions"
01:45:33.770 [main] INFO org.flywaydb.core.internal.command.DbMigrate -- Migrating schema "public" to version "34 - managed tool output collection"
01:45:33.775 [main] INFO org.flywaydb.core.internal.command.DbMigrate -- Migrating schema "public" to version "35 - managed session tool profile"
01:45:33.777 [main] INFO org.flywaydb.core.internal.command.DbMigrate -- Migrating schema "public" to version "36 - managed session journal activation"
01:45:33.779 [main] INFO org.flywaydb.core.internal.command.DbMigrate -- Migrating schema "public" to version "37 - managed agent event type index"
01:45:33.783 [main] INFO org.flywaydb.core.internal.command.DbMigrate -- Migrating schema "public" to version "38 - managed snapshot deferral marker"
01:45:33.785 [main] INFO org.flywaydb.core.internal.command.DbMigrate -- Migrating schema "public" to version "39 - managed session journal sequence index"
01:45:33.829 [main] INFO org.flywaydb.core.internal.command.DbMigrate -- Migrating schema "public" to version "40 - managed session creator"
01:45:33.831 [main] INFO org.flywaydb.core.internal.command.DbMigrate -- Migrating schema "public" to version "41 - workspace csi reservation"
01:45:33.834 [main] INFO org.flywaydb.core.internal.command.DbMigrate -- Migrating schema "public" to version "42 - workspace csi retirement"
01:45:33.834 [main] INFO org.flywaydb.core.internal.command.DbMigrate -- Migrating schema "public" to version "43 - tool dispatch authorization"
01:45:33.836 [main] INFO org.flywaydb.core.internal.command.DbMigrate -- Migrating schema "public" to version "44 - workspace csi worker ack"
01:45:33.836 [main] INFO org.flywaydb.core.internal.command.DbMigrate -- Migrating schema "public" to version "45 - managed cwd operation"
01:45:33.838 [main] INFO org.flywaydb.core.internal.command.DbMigrate -- Successfully applied 45 migrations to schema "public", now at version v45 (execution time 00:00.037s)
01:45:33.965 [main] INFO org.flywaydb.core.FlywayExecutor -- Database: jdbc:h2:mem:cwd-daf17e2d-0821-4a75-991a-670dd7dc2a98 (H2 2.3)
01:45:33.971 [main] INFO org.flywaydb.core.internal.schemahistory.JdbcTableSchemaHistory -- Schema history table "public"."flyway_schema_history" does not exist yet
01:45:33.971 [main] INFO org.flywaydb.core.internal.command.DbValidate -- Successfully validated 45 migrations (execution time 00:00.004s)
01:45:33.972 [main] INFO org.flywaydb.core.internal.schemahistory.JdbcTableSchemaHistory -- Creating Schema History table "public"."flyway_schema_history" ...
01:45:33.972 [main] INFO org.flywaydb.core.internal.command.DbMigrate -- Current version of schema "public": << Empty Schema >>
01:45:33.973 [main] INFO org.flywaydb.core.internal.command.DbMigrate -- Migrating schema "public" to version "1 - managed agent core"
01:45:33.975 [main] INFO org.flywaydb.core.internal.command.DbMigrate -- Migrating schema "public" to version "2 - managed agent projection"
01:45:33.976 [main] INFO org.flywaydb.core.internal.command.DbMigrate -- Migrating schema "public" to version "3 - runtime broker"
01:45:33.978 [main] INFO org.flywaydb.core.internal.command.DbMigrate -- Migrating schema "public" to version "4 - managed session store"
01:45:33.979 [main] INFO org.flywaydb.core.internal.command.DbMigrate -- Migrating schema "public" to version "5 - managed session lifecycle"
01:45:33.981 [main] INFO org.flywaydb.core.internal.command.DbMigrate -- Migrating schema "public" to version "6 - managed turn retry"
01:45:33.982 [main] INFO org.flywaydb.core.internal.command.DbMigrate -- Migrating schema "public" to version "7 - managed workspace binding"
01:45:33.986 [main] INFO org.flywaydb.core.internal.command.DbMigrate -- Migrating schema "public" to version "8 - managed workspace registry"
01:45:33.987 [main] INFO org.flywaydb.core.internal.command.DbMigrate -- Migrating schema "public" to version "9 - managed workspace creation command"
01:45:33.987 [main] INFO org.flywaydb.core.internal.command.DbMigrate -- Migrating schema "public" to version "10 - managed runtime context"
01:45:33.989 [main] INFO org.flywaydb.core.internal.command.DbMigrate -- Migrating schema "public" to version "11 - workspace execution"
01:45:33.990 [main] INFO org.flywaydb.core.internal.command.DbMigrate -- Migrating schema "public" to version "12 - runtime broker schema alignment"
01:45:33.992 [main] INFO org.flywaydb.core.internal.command.DbMigrate -- Migrating schema "public" to version "13 - managed session agent revision"
01:45:33.993 [main] INFO org.flywaydb.core.internal.command.DbMigrate -- Migrating schema "public" to version "14 - managed event replay"
01:45:33.995 [main] INFO org.flywaydb.core.internal.command.DbMigrate -- Migrating schema "public" to version "15 - managed event identity"
01:45:33.995 [main] INFO org.flywaydb.core.internal.command.DbMigrate -- Migrating schema "public" to version "16 - runtime loss evidence"
01:45:33.998 [main] INFO org.flywaydb.core.internal.command.DbMigrate -- Migrating schema "public" to version "17 - managed session operation"
01:45:33.999 [main] INFO org.flywaydb.core.internal.command.DbMigrate -- Migrating schema "public" to version "18 - managed extension record"
01:45:34.000 [main] INFO org.flywaydb.core.internal.command.DbMigrate -- Migrating schema "public" to version "19 - workspace operator recovery"
01:45:34.000 [main] INFO org.flywaydb.core.internal.command.DbMigrate -- Migrating schema "public" to version "20 - managed tool publication"
01:45:34.002 [main] INFO org.flywaydb.core.internal.command.DbMigrate -- Migrating schema "public" to version "21 - managed tool publication objects"
01:45:34.007 [main] INFO org.flywaydb.core.internal.command.DbMigrate -- Migrating schema "public" to version "22 - managed tool publication recovery"
01:45:34.008 [main] INFO org.flywaydb.core.internal.command.DbMigrate -- Migrating schema "public" to version "23 - managed mcp records"
01:45:34.008 [main] INFO org.flywaydb.core.internal.command.DbMigrate -- Migrating schema "public" to version "24 - managed actions"
01:45:34.011 [main] INFO org.flywaydb.core.internal.command.DbMigrate -- Migrating schema "public" to version "25 - verified workspace mount"
01:45:34.013 [main] INFO org.flywaydb.core.internal.command.DbMigrate -- Migrating schema "public" to version "26 - managed tool result projection"
01:45:34.015 [main] INFO org.flywaydb.core.internal.command.DbMigrate -- Migrating schema "public" to version "27 - managed hook records"
01:45:34.016 [main] INFO org.flywaydb.core.internal.command.DbMigrate -- Migrating schema "public" to version "28 - managed hook admission index"
01:45:34.017 [main] INFO org.flywaydb.core.internal.command.DbMigrate -- Migrating schema "public" to version "29 - managed hook admission backfill"
01:45:34.018 [main] INFO org.flywaydb.core.internal.command.DbMigrate -- Migrating schema "public" to version "30 - managed tool output retention"
01:45:34.020 [main] INFO org.flywaydb.core.internal.command.DbMigrate -- Migrating schema "public" to version "31 - workspace recovery bundle"
01:45:34.021 [main] INFO org.flywaydb.core.internal.command.DbMigrate -- Migrating schema "public" to version "32 - workspace session close"
01:45:34.022 [main] INFO org.flywaydb.core.internal.command.DbMigrate -- Migrating schema "public" to version "33 - managed agent definitions"
01:45:34.023 [main] INFO org.flywaydb.core.internal.command.DbMigrate -- Migrating schema "public" to version "34 - managed tool output collection"
01:45:34.027 [main] INFO org.flywaydb.core.internal.command.DbMigrate -- Migrating schema "public" to version "35 - managed session tool profile"
01:45:34.031 [main] INFO org.flywaydb.core.internal.command.DbMigrate -- Migrating schema "public" to version "36 - managed session journal activation"
01:45:34.033 [main] INFO org.flywaydb.core.internal.command.DbMigrate -- Migrating schema "public" to version "37 - managed agent event type index"
01:45:34.034 [main] INFO org.flywaydb.core.internal.command.DbMigrate -- Migrating schema "public" to version "38 - managed snapshot deferral marker"
01:45:34.035 [main] INFO org.flywaydb.core.internal.command.DbMigrate -- Migrating schema "public" to version "39 - managed session journal sequence index"
01:45:34.036 [main] INFO org.flywaydb.core.internal.command.DbMigrate -- Migrating schema "public" to version "40 - managed session creator"
01:45:34.037 [main] INFO org.flywaydb.core.internal.command.DbMigrate -- Migrating schema "public" to version "41 - workspace csi reservation"
01:45:34.039 [main] INFO org.flywaydb.core.internal.command.DbMigrate -- Migrating schema "public" to version "42 - workspace csi retirement"
01:45:34.040 [main] INFO org.flywaydb.core.internal.command.DbMigrate -- Migrating schema "public" to version "43 - tool dispatch authorization"
01:45:34.041 [main] INFO org.flywaydb.core.internal.command.DbMigrate -- Migrating schema "public" to version "44 - workspace csi worker ack"
01:45:34.042 [main] INFO org.flywaydb.core.internal.command.DbMigrate -- Migrating schema "public" to version "45 - managed cwd operation"
01:45:34.043 [main] INFO org.flywaydb.core.internal.command.DbMigrate -- Successfully applied 45 migrations to schema "public", now at version v45 (execution time 00:00.020s)
01:45:34.061 [main] INFO org.flywaydb.core.FlywayExecutor -- Database: jdbc:h2:mem:cwd-6890fe07-cf37-4d46-88b9-69d9ac5807c6 (H2 2.3)
01:45:34.068 [main] INFO org.flywaydb.core.internal.schemahistory.JdbcTableSchemaHistory -- Schema history table "public"."flyway_schema_history" does not exist yet
01:45:34.068 [main] INFO org.flywaydb.core.internal.command.DbValidate -- Successfully validated 45 migrations (execution time 00:00.007s)
01:45:34.069 [main] INFO org.flywaydb.core.internal.schemahistory.JdbcTableSchemaHistory -- Creating Schema History table "public"."flyway_schema_history" ...
01:45:34.070 [main] INFO org.flywaydb.core.internal.command.DbMigrate -- Current version of schema "public": << Empty Schema >>
01:45:34.070 [main] INFO org.flywaydb.core.internal.command.DbMigrate -- Migrating schema "public" to version "1 - managed agent core"
01:45:34.073 [main] INFO org.flywaydb.core.internal.command.DbMigrate -- Migrating schema "public" to version "2 - managed agent projection"
01:45:34.075 [main] INFO org.flywaydb.core.internal.command.DbMigrate -- Migrating schema "public" to version "3 - runtime broker"
01:45:34.077 [main] INFO org.flywaydb.core.internal.command.DbMigrate -- Migrating schema "public" to version "4 - managed session store"
01:45:34.078 [main] INFO org.flywaydb.core.internal.command.DbMigrate -- Migrating schema "public" to version "5 - managed session lifecycle"
01:45:34.080 [main] INFO org.flywaydb.core.internal.command.DbMigrate -- Migrating schema "public" to version "6 - managed turn retry"
01:45:34.082 [main] INFO org.flywaydb.core.internal.command.DbMigrate -- Migrating schema "public" to version "7 - managed workspace binding"
01:45:34.088 [main] INFO org.flywaydb.core.internal.command.DbMigrate -- Migrating schema "public" to version "8 - managed workspace registry"
01:45:34.089 [main] INFO org.flywaydb.core.internal.command.DbMigrate -- Migrating schema "public" to version "9 - managed workspace creation command"
01:45:34.090 [main] INFO org.flywaydb.core.internal.command.DbMigrate -- Migrating schema "public" to version "10 - managed runtime context"
01:45:34.091 [main] INFO org.flywaydb.core.internal.command.DbMigrate -- Migrating schema "public" to version "11 - workspace execution"
01:45:34.092 [main] INFO org.flywaydb.core.internal.command.DbMigrate -- Migrating schema "public" to version "12 - runtime broker schema alignment"
01:45:34.094 [main] INFO org.flywaydb.core.internal.command.DbMigrate -- Migrating schema "public" to version "13 - managed session agent revision"
01:45:34.095 [main] INFO org.flywaydb.core.internal.command.DbMigrate -- Migrating schema "public" to version "14 - managed event replay"
01:45:34.097 [main] INFO org.flywaydb.core.internal.command.DbMigrate -- Migrating schema "public" to version "15 - managed event identity"
01:45:34.098 [main] INFO org.flywaydb.core.internal.command.DbMigrate -- Migrating schema "public" to version "16 - runtime loss evidence"
01:45:34.101 [main] INFO org.flywaydb.core.internal.command.DbMigrate -- Migrating schema "public" to version "17 - managed session operation"
01:45:34.102 [main] INFO org.flywaydb.core.internal.command.DbMigrate -- Migrating schema "public" to version "18 - managed extension record"
01:45:34.103 [main] INFO org.flywaydb.core.internal.command.DbMigrate -- Migrating schema "public" to version "19 - workspace operator recovery"
01:45:34.104 [main] INFO org.flywaydb.core.internal.command.DbMigrate -- Migrating schema "public" to version "20 - managed tool publication"
01:45:34.105 [main] INFO org.flywaydb.core.internal.command.DbMigrate -- Migrating schema "public" to version "21 - managed tool publication objects"
01:45:34.110 [main] INFO org.flywaydb.core.internal.command.DbMigrate -- Migrating schema "public" to version "22 - managed tool publication recovery"
01:45:34.111 [main] INFO org.flywaydb.core.internal.command.DbMigrate -- Migrating schema "public" to version "23 - managed mcp records"
01:45:34.112 [main] INFO org.flywaydb.core.internal.command.DbMigrate -- Migrating schema "public" to version "24 - managed actions"
01:45:34.116 [main] INFO org.flywaydb.core.internal.command.DbMigrate -- Migrating schema "public" to version "25 - verified workspace mount"
01:45:34.119 [main] INFO org.flywaydb.core.internal.command.DbMigrate -- Migrating schema "public" to version "26 - managed tool result projection"
01:45:34.120 [main] INFO org.flywaydb.core.internal.command.DbMigrate -- Migrating schema "public" to version "27 - managed hook records"
01:45:34.121 [main] INFO org.flywaydb.core.internal.command.DbMigrate -- Migrating schema "public" to version "28 - managed hook admission index"
01:45:34.122 [main] INFO org.flywaydb.core.internal.command.DbMigrate -- Migrating schema "public" to version "29 - managed hook admission backfill"
01:45:34.123 [main] INFO org.flywaydb.core.internal.command.DbMigrate -- Migrating schema "public" to version "30 - managed tool output retention"
01:45:34.125 [main] INFO org.flywaydb.core.internal.command.DbMigrate -- Migrating schema "public" to version "31 - workspace recovery bundle"
01:45:34.126 [main] INFO org.flywaydb.core.internal.command.DbMigrate -- Migrating schema "public" to version "32 - workspace session close"
01:45:34.127 [main] INFO org.flywaydb.core.internal.command.DbMigrate -- Migrating schema "public" to version "33 - managed agent definitions"
01:45:34.128 [main] INFO org.flywaydb.core.internal.command.DbMigrate -- Migrating schema "public" to version "34 - managed tool output collection"
01:45:34.132 [main] INFO org.flywaydb.core.internal.command.DbMigrate -- Migrating schema "public" to version "35 - managed session tool profile"
01:45:34.133 [main] INFO org.flywaydb.core.internal.command.DbMigrate -- Migrating schema "public" to version "36 - managed session journal activation"
01:45:34.135 [main] INFO org.flywaydb.core.internal.command.DbMigrate -- Migrating schema "public" to version "37 - managed agent event type index"
01:45:34.135 [main] INFO org.flywaydb.core.internal.command.DbMigrate -- Migrating schema "public" to version "38 - managed snapshot deferral marker"
01:45:34.136 [main] INFO org.flywaydb.core.internal.command.DbMigrate -- Migrating schema "public" to version "39 - managed session journal sequence index"
01:45:34.136 [main] INFO org.flywaydb.core.internal.command.DbMigrate -- Migrating schema "public" to version "40 - managed session creator"
01:45:34.138 [main] INFO org.flywaydb.core.internal.command.DbMigrate -- Migrating schema "public" to version "41 - workspace csi reservation"
01:45:34.140 [main] INFO org.flywaydb.core.internal.command.DbMigrate -- Migrating schema "public" to version "42 - workspace csi retirement"
01:45:34.141 [main] INFO org.flywaydb.core.internal.command.DbMigrate -- Migrating schema "public" to version "43 - tool dispatch authorization"
01:45:34.142 [main] INFO org.flywaydb.core.internal.command.DbMigrate -- Migrating schema "public" to version "44 - workspace csi worker ack"
01:45:34.143 [main] INFO org.flywaydb.core.internal.command.DbMigrate -- Migrating schema "public" to version "45 - managed cwd operation"
01:45:34.145 [main] INFO org.flywaydb.core.internal.command.DbMigrate -- Successfully applied 45 migrations to schema "public", now at version v45 (execution time 00:00.023s)
01:45:34.153 [main] INFO org.flywaydb.core.FlywayExecutor -- Database: jdbc:h2:mem:cwd-013f8c1f-ad8e-41da-840b-c6705c08e9ce (H2 2.3)
01:45:34.158 [main] INFO org.flywaydb.core.internal.schemahistory.JdbcTableSchemaHistory -- Schema history table "public"."flyway_schema_history" does not exist yet
01:45:34.158 [main] INFO org.flywaydb.core.internal.command.DbValidate -- Successfully validated 45 migrations (execution time 00:00.004s)
01:45:34.158 [main] INFO org.flywaydb.core.internal.schemahistory.JdbcTableSchemaHistory -- Creating Schema History table "public"."flyway_schema_history" ...
01:45:34.159 [main] INFO org.flywaydb.core.internal.command.DbMigrate -- Current version of schema "public": << Empty Schema >>
01:45:34.160 [main] INFO org.flywaydb.core.internal.command.DbMigrate -- Migrating schema "public" to version "1 - managed agent core"
01:45:34.161 [main] INFO org.flywaydb.core.internal.command.DbMigrate -- Migrating schema "public" to version "2 - managed agent projection"
01:45:34.163 [main] INFO org.flywaydb.core.internal.command.DbMigrate -- Migrating schema "public" to version "3 - runtime broker"
01:45:34.164 [main] INFO org.flywaydb.core.internal.command.DbMigrate -- Migrating schema "public" to version "4 - managed session store"
01:45:34.165 [main] INFO org.flywaydb.core.internal.command.DbMigrate -- Migrating schema "public" to version "5 - managed session lifecycle"
01:45:34.167 [main] INFO org.flywaydb.core.internal.command.DbMigrate -- Migrating schema "public" to version "6 - managed turn retry"
01:45:34.168 [main] INFO org.flywaydb.core.internal.command.DbMigrate -- Migrating schema "public" to version "7 - managed workspace binding"
01:45:34.172 [main] INFO org.flywaydb.core.internal.command.DbMigrate -- Migrating schema "public" to version "8 - managed workspace registry"
01:45:34.173 [main] INFO org.flywaydb.core.internal.command.DbMigrate -- Migrating schema "public" to version "9 - managed workspace creation command"
01:45:34.173 [main] INFO org.flywaydb.core.internal.command.DbMigrate -- Migrating schema "public" to version "10 - managed runtime context"
01:45:34.174 [main] INFO org.flywaydb.core.internal.command.DbMigrate -- Migrating schema "public" to version "11 - workspace execution"
01:45:34.175 [main] INFO org.flywaydb.core.internal.command.DbMigrate -- Migrating schema "public" to version "12 - runtime broker schema alignment"
01:45:34.177 [main] INFO org.flywaydb.core.internal.command.DbMigrate -- Migrating schema "public" to version "13 - managed session agent revision"
01:45:34.178 [main] INFO org.flywaydb.core.internal.command.DbMigrate -- Migrating schema "public" to version "14 - managed event replay"
01:45:34.180 [main] INFO org.flywaydb.core.internal.command.DbMigrate -- Migrating schema "public" to version "15 - managed event identity"
01:45:34.180 [main] INFO org.flywaydb.core.internal.command.DbMigrate -- Migrating schema "public" to version "16 - runtime loss evidence"
01:45:34.182 [main] INFO org.flywaydb.core.internal.command.DbMigrate -- Migrating schema "public" to version "17 - managed session operation"
01:45:34.183 [main] INFO org.flywaydb.core.internal.command.DbMigrate -- Migrating schema "public" to version "18 - managed extension record"
01:45:34.184 [main] INFO org.flywaydb.core.internal.command.DbMigrate -- Migrating schema "public" to version "19 - workspace operator recovery"
01:45:34.186 [main] INFO org.flywaydb.core.internal.command.DbMigrate -- Migrating schema "public" to version "20 - managed tool publication"
01:45:34.187 [main] INFO org.flywaydb.core.internal.command.DbMigrate -- Migrating schema "public" to version "21 - managed tool publication objects"
01:45:34.192 [main] INFO org.flywaydb.core.internal.command.DbMigrate -- Migrating schema "public" to version "22 - managed tool publication recovery"
01:45:34.193 [main] INFO org.flywaydb.core.internal.command.DbMigrate -- Migrating schema "public" to version "23 - managed mcp records"
01:45:34.194 [main] INFO org.flywaydb.core.internal.command.DbMigrate -- Migrating schema "public" to version "24 - managed actions"
01:45:34.197 [main] INFO org.flywaydb.core.internal.command.DbMigrate -- Migrating schema "public" to version "25 - verified workspace mount"
01:45:34.200 [main] INFO org.flywaydb.core.internal.command.DbMigrate -- Migrating schema "public" to version "26 - managed tool result projection"
01:45:34.202 [main] INFO org.flywaydb.core.internal.command.DbMigrate -- Migrating schema "public" to version "27 - managed hook records"
01:45:34.203 [main] INFO org.flywaydb.core.internal.command.DbMigrate -- Migrating schema "public" to version "28 - managed hook admission index"
01:45:34.205 [main] INFO org.flywaydb.core.internal.command.DbMigrate -- Migrating schema "public" to version "29 - managed hook admission backfill"
01:45:34.205 [main] INFO org.flywaydb.core.internal.command.DbMigrate -- Migrating schema "public" to version "30 - managed tool output retention"
01:45:34.207 [main] INFO org.flywaydb.core.internal.command.DbMigrate -- Migrating schema "public" to version "31 - workspace recovery bundle"
01:45:34.208 [main] INFO org.flywaydb.core.internal.command.DbMigrate -- Migrating schema "public" to version "32 - workspace session close"
01:45:34.209 [main] INFO org.flywaydb.core.internal.command.DbMigrate -- Migrating schema "public" to version "33 - managed agent definitions"
01:45:34.210 [main] INFO org.flywaydb.core.internal.command.DbMigrate -- Migrating schema "public" to version "34 - managed tool output collection"
01:45:34.213 [main] INFO org.flywaydb.core.internal.command.DbMigrate -- Migrating schema "public" to version "35 - managed session tool profile"
01:45:34.214 [main] INFO org.flywaydb.core.internal.command.DbMigrate -- Migrating schema "public" to version "36 - managed session journal activation"
01:45:34.216 [main] INFO org.flywaydb.core.internal.command.DbMigrate -- Migrating schema "public" to version "37 - managed agent event type index"
01:45:34.216 [main] INFO org.flywaydb.core.internal.command.DbMigrate -- Migrating schema "public" to version "38 - managed snapshot deferral marker"
01:45:34.217 [main] INFO org.flywaydb.core.internal.command.DbMigrate -- Migrating schema "public" to version "39 - managed session journal sequence index"
01:45:34.218 [main] INFO org.flywaydb.core.internal.command.DbMigrate -- Migrating schema "public" to version "40 - managed session creator"
01:45:34.219 [main] INFO org.flywaydb.core.internal.command.DbMigrate -- Migrating schema "public" to version "41 - workspace csi reservation"
01:45:34.221 [main] INFO org.flywaydb.core.internal.command.DbMigrate -- Migrating schema "public" to version "42 - workspace csi retirement"
01:45:34.221 [main] INFO org.flywaydb.core.internal.command.DbMigrate -- Migrating schema "public" to version "43 - tool dispatch authorization"
01:45:34.222 [main] INFO org.flywaydb.core.internal.command.DbMigrate -- Migrating schema "public" to version "44 - workspace csi worker ack"
01:45:34.223 [main] INFO org.flywaydb.core.internal.command.DbMigrate -- Migrating schema "public" to version "45 - managed cwd operation"
01:45:34.225 [main] INFO org.flywaydb.core.internal.command.DbMigrate -- Successfully applied 45 migrations to schema "public", now at version v45 (execution time 00:00.018s)
01:45:34.264 [main] INFO org.flywaydb.core.FlywayExecutor -- Database: jdbc:h2:mem:cwd-6b60a9d1-fb0a-4d44-9a92-9118516bd811 (H2 2.3)
01:45:34.268 [main] INFO org.flywaydb.core.internal.schemahistory.JdbcTableSchemaHistory -- Schema history table "public"."flyway_schema_history" does not exist yet
01:45:34.268 [main] INFO org.flywaydb.core.internal.command.DbValidate -- Successfully validated 45 migrations (execution time 00:00.003s)
01:45:34.268 [main] INFO org.flywaydb.core.internal.schemahistory.JdbcTableSchemaHistory -- Creating Schema History table "public"."flyway_schema_history" ...
01:45:34.269 [main] INFO org.flywaydb.core.internal.command.DbMigrate -- Current version of schema "public": << Empty Schema >>
01:45:34.270 [main] INFO org.flywaydb.core.internal.command.DbMigrate -- Migrating schema "public" to version "1 - managed agent core"
01:45:34.271 [main] INFO org.flywaydb.core.internal.command.DbMigrate -- Migrating schema "public" to version "2 - managed agent projection"
01:45:34.273 [main] INFO org.flywaydb.core.internal.command.DbMigrate -- Migrating schema "public" to version "3 - runtime broker"
01:45:34.274 [main] INFO org.flywaydb.core.internal.command.DbMigrate -- Migrating schema "public" to version "4 - managed session store"
01:45:34.275 [main] INFO org.flywaydb.core.internal.command.DbMigrate -- Migrating schema "public" to version "5 - managed session lifecycle"
01:45:34.276 [main] INFO org.flywaydb.core.internal.command.DbMigrate -- Migrating schema "public" to version "6 - managed turn retry"
01:45:34.278 [main] INFO org.flywaydb.core.internal.command.DbMigrate -- Migrating schema "public" to version "7 - managed workspace binding"
01:45:34.281 [main] INFO org.flywaydb.core.internal.command.DbMigrate -- Migrating schema "public" to version "8 - managed workspace registry"
01:45:34.282 [main] INFO org.flywaydb.core.internal.command.DbMigrate -- Migrating schema "public" to version "9 - managed workspace creation command"
01:45:34.283 [main] INFO org.flywaydb.core.internal.command.DbMigrate -- Migrating schema "public" to version "10 - managed runtime context"
01:45:34.284 [main] INFO org.flywaydb.core.internal.command.DbMigrate -- Migrating schema "public" to version "11 - workspace execution"
01:45:34.285 [main] INFO org.flywaydb.core.internal.command.DbMigrate -- Migrating schema "public" to version "12 - runtime broker schema alignment"
01:45:34.286 [main] INFO org.flywaydb.core.internal.command.DbMigrate -- Migrating schema "public" to version "13 - managed session agent revision"
01:45:34.287 [main] INFO org.flywaydb.core.internal.command.DbMigrate -- Migrating schema "public" to version "14 - managed event replay"
01:45:34.290 [main] INFO org.flywaydb.core.internal.command.DbMigrate -- Migrating schema "public" to version "15 - managed event identity"
01:45:34.291 [main] INFO org.flywaydb.core.internal.command.DbMigrate -- Migrating schema "public" to version "16 - runtime loss evidence"
01:45:34.293 [main] INFO org.flywaydb.core.internal.command.DbMigrate -- Migrating schema "public" to version "17 - managed session operation"
01:45:34.294 [main] INFO org.flywaydb.core.internal.command.DbMigrate -- Migrating schema "public" to version "18 - managed extension record"
01:45:34.294 [main] INFO org.flywaydb.core.internal.command.DbMigrate -- Migrating schema "public" to version "19 - workspace operator recovery"
01:45:34.295 [main] INFO org.flywaydb.core.internal.command.DbMigrate -- Migrating schema "public" to version "20 - managed tool publication"
01:45:34.296 [main] INFO org.flywaydb.core.internal.command.DbMigrate -- Migrating schema "public" to version "21 - managed tool publication objects"
01:45:34.301 [main] INFO org.flywaydb.core.internal.command.DbMigrate -- Migrating schema "public" to version "22 - managed tool publication recovery"
01:45:34.301 [main] INFO org.flywaydb.core.internal.command.DbMigrate -- Migrating schema "public" to version "23 - managed mcp records"
01:45:34.302 [main] INFO org.flywaydb.core.internal.command.DbMigrate -- Migrating schema "public" to version "24 - managed actions"
01:45:34.305 [main] INFO org.flywaydb.core.internal.command.DbMigrate -- Migrating schema "public" to version "25 - verified workspace mount"
01:45:34.308 [main] INFO org.flywaydb.core.internal.command.DbMigrate -- Migrating schema "public" to version "26 - managed tool result projection"
01:45:34.309 [main] INFO org.flywaydb.core.internal.command.DbMigrate -- Migrating schema "public" to version "27 - managed hook records"
01:45:34.310 [main] INFO org.flywaydb.core.internal.command.DbMigrate -- Migrating schema "public" to version "28 - managed hook admission index"
01:45:34.311 [main] INFO org.flywaydb.core.internal.command.DbMigrate -- Migrating schema "public" to version "29 - managed hook admission backfill"
01:45:34.312 [main] INFO org.flywaydb.core.internal.command.DbMigrate -- Migrating schema "public" to version "30 - managed tool output retention"
01:45:34.314 [main] INFO org.flywaydb.core.internal.command.DbMigrate -- Migrating schema "public" to version "31 - workspace recovery bundle"
01:45:34.315 [main] INFO org.flywaydb.core.internal.command.DbMigrate -- Migrating schema "public" to version "32 - workspace session close"
01:45:34.316 [main] INFO org.flywaydb.core.internal.command.DbMigrate -- Migrating schema "public" to version "33 - managed agent definitions"
01:45:34.317 [main] INFO org.flywaydb.core.internal.command.DbMigrate -- Migrating schema "public" to version "34 - managed tool output collection"
01:45:34.321 [main] INFO org.flywaydb.core.internal.command.DbMigrate -- Migrating schema "public" to version "35 - managed session tool profile"
01:45:34.322 [main] INFO org.flywaydb.core.internal.command.DbMigrate -- Migrating schema "public" to version "36 - managed session journal activation"
01:45:34.323 [main] INFO org.flywaydb.core.internal.command.DbMigrate -- Migrating schema "public" to version "37 - managed agent event type index"
01:45:34.324 [main] INFO org.flywaydb.core.internal.command.DbMigrate -- Migrating schema "public" to version "38 - managed snapshot deferral marker"
01:45:34.325 [main] INFO org.flywaydb.core.internal.command.DbMigrate -- Migrating schema "public" to version "39 - managed session journal sequence index"
01:45:34.326 [main] INFO org.flywaydb.core.internal.command.DbMigrate -- Migrating schema "public" to version "40 - managed session creator"
01:45:34.327 [main] INFO org.flywaydb.core.internal.command.DbMigrate -- Migrating schema "public" to version "41 - workspace csi reservation"
01:45:34.329 [main] INFO org.flywaydb.core.internal.command.DbMigrate -- Migrating schema "public" to version "42 - workspace csi retirement"
01:45:34.329 [main] INFO org.flywaydb.core.internal.command.DbMigrate -- Migrating schema "public" to version "43 - tool dispatch authorization"
01:45:34.331 [main] INFO org.flywaydb.core.internal.command.DbMigrate -- Migrating schema "public" to version "44 - workspace csi worker ack"
01:45:34.331 [main] INFO org.flywaydb.core.internal.command.DbMigrate -- Migrating schema "public" to version "45 - managed cwd operation"
01:45:34.333 [main] INFO org.flywaydb.core.internal.command.DbMigrate -- Successfully applied 45 migrations to schema "public", now at version v45 (execution time 00:00.020s)
01:45:34.348 [main] INFO org.flywaydb.core.FlywayExecutor -- Database: jdbc:h2:mem:cwd-17b4dfbb-9f20-4d94-a357-1c2b8cda654f (H2 2.3)
01:45:34.352 [main] INFO org.flywaydb.core.internal.schemahistory.JdbcTableSchemaHistory -- Schema history table "public"."flyway_schema_history" does not exist yet
01:45:34.353 [main] INFO org.flywaydb.core.internal.command.DbValidate -- Successfully validated 45 migrations (execution time 00:00.003s)
01:45:34.353 [main] INFO org.flywaydb.core.internal.schemahistory.JdbcTableSchemaHistory -- Creating Schema History table "public"."flyway_schema_history" ...
01:45:34.353 [main] INFO org.flywaydb.core.internal.command.DbMigrate -- Current version of schema "public": << Empty Schema >>
01:45:34.354 [main] INFO org.flywaydb.core.internal.command.DbMigrate -- Migrating schema "public" to version "1 - managed agent core"
01:45:34.356 [main] INFO org.flywaydb.core.internal.command.DbMigrate -- Migrating schema "public" to version "2 - managed agent projection"
01:45:34.358 [main] INFO org.flywaydb.core.internal.command.DbMigrate -- Migrating schema "public" to version "3 - runtime broker"
01:45:34.359 [main] INFO org.flywaydb.core.internal.command.DbMigrate -- Migrating schema "public" to version "4 - managed session store"
01:45:34.360 [main] INFO org.flywaydb.core.internal.command.DbMigrate -- Migrating schema "public" to version "5 - managed session lifecycle"
01:45:34.362 [main] INFO org.flywaydb.core.internal.command.DbMigrate -- Migrating schema "public" to version "6 - managed turn retry"
01:45:34.363 [main] INFO org.flywaydb.core.internal.command.DbMigrate -- Migrating schema "public" to version "7 - managed workspace binding"
01:45:34.367 [main] INFO org.flywaydb.core.internal.command.DbMigrate -- Migrating schema "public" to version "8 - managed workspace registry"
01:45:34.368 [main] INFO org.flywaydb.core.internal.command.DbMigrate -- Migrating schema "public" to version "9 - managed workspace creation command"
01:45:34.369 [main] INFO org.flywaydb.core.internal.command.DbMigrate -- Migrating schema "public" to version "10 - managed runtime context"
01:45:34.371 [main] INFO org.flywaydb.core.internal.command.DbMigrate -- Migrating schema "public" to version "11 - workspace execution"
01:45:34.371 [main] INFO org.flywaydb.core.internal.command.DbMigrate -- Migrating schema "public" to version "12 - runtime broker schema alignment"
01:45:34.373 [main] INFO org.flywaydb.core.internal.command.DbMigrate -- Migrating schema "public" to version "13 - managed session agent revision"
01:45:34.376 [main] INFO org.flywaydb.core.internal.command.DbMigrate -- Migrating schema "public" to version "14 - managed event replay"
01:45:34.378 [main] INFO org.flywaydb.core.internal.command.DbMigrate -- Migrating schema "public" to version "15 - managed event identity"
01:45:34.379 [main] INFO org.flywaydb.core.internal.command.DbMigrate -- Migrating schema "public" to version "16 - runtime loss evidence"
01:45:34.382 [main] INFO org.flywaydb.core.internal.command.DbMigrate -- Migrating schema "public" to version "17 - managed session operation"
01:45:34.383 [main] INFO org.flywaydb.core.internal.command.DbMigrate -- Migrating schema "public" to version "18 - managed extension record"
01:45:34.384 [main] INFO org.flywaydb.core.internal.command.DbMigrate -- Migrating schema "public" to version "19 - workspace operator recovery"
01:45:34.385 [main] INFO org.flywaydb.core.internal.command.DbMigrate -- Migrating schema "public" to version "20 - managed tool publication"
01:45:34.386 [main] INFO org.flywaydb.core.internal.command.DbMigrate -- Migrating schema "public" to version "21 - managed tool publication objects"
01:45:34.391 [main] INFO org.flywaydb.core.internal.command.DbMigrate -- Migrating schema "public" to version "22 - managed tool publication recovery"
01:45:34.391 [main] INFO org.flywaydb.core.internal.command.DbMigrate -- Migrating schema "public" to version "23 - managed mcp records"
01:45:34.392 [main] INFO org.flywaydb.core.internal.command.DbMigrate -- Migrating schema "public" to version "24 - managed actions"
01:45:34.395 [main] INFO org.flywaydb.core.internal.command.DbMigrate -- Migrating schema "public" to version "25 - verified workspace mount"
01:45:34.397 [main] INFO org.flywaydb.core.internal.command.DbMigrate -- Migrating schema "public" to version "26 - managed tool result projection"
01:45:34.399 [main] INFO org.flywaydb.core.internal.command.DbMigrate -- Migrating schema "public" to version "27 - managed hook records"
01:45:34.400 [main] INFO org.flywaydb.core.internal.command.DbMigrate -- Migrating schema "public" to version "28 - managed hook admission index"
01:45:34.402 [main] INFO org.flywaydb.core.internal.command.DbMigrate -- Migrating schema "public" to version "29 - managed hook admission backfill"
01:45:34.402 [main] INFO org.flywaydb.core.internal.command.DbMigrate -- Migrating schema "public" to version "30 - managed tool output retention"
01:45:34.404 [main] INFO org.flywaydb.core.internal.command.DbMigrate -- Migrating schema "public" to version "31 - workspace recovery bundle"
01:45:34.405 [main] INFO org.flywaydb.core.internal.command.DbMigrate -- Migrating schema "public" to version "32 - workspace session close"
01:45:34.406 [main] INFO org.flywaydb.core.internal.command.DbMigrate -- Migrating schema "public" to version "33 - managed agent definitions"
01:45:34.406 [main] INFO org.flywaydb.core.internal.command.DbMigrate -- Migrating schema "public" to version "34 - managed tool output collection"
01:45:34.420 [main] INFO org.flywaydb.core.internal.command.DbMigrate -- Migrating schema "public" to version "35 - managed session tool profile"
01:45:34.422 [main] INFO org.flywaydb.core.internal.command.DbMigrate -- Migrating schema "public" to version "36 - managed session journal activation"
01:45:34.423 [main] INFO org.flywaydb.core.internal.command.DbMigrate -- Migrating schema "public" to version "37 - managed agent event type index"
01:45:34.424 [main] INFO org.flywaydb.core.internal.command.DbMigrate -- Migrating schema "public" to version "38 - managed snapshot deferral marker"
01:45:34.425 [main] INFO org.flywaydb.core.internal.command.DbMigrate -- Migrating schema "public" to version "39 - managed session journal sequence index"
01:45:34.425 [main] INFO org.flywaydb.core.internal.command.DbMigrate -- Migrating schema "public" to version "40 - managed session creator"
01:45:34.426 [main] INFO org.flywaydb.core.internal.command.DbMigrate -- Migrating schema "public" to version "41 - workspace csi reservation"
01:45:34.428 [main] INFO org.flywaydb.core.internal.command.DbMigrate -- Migrating schema "public" to version "42 - workspace csi retirement"
01:45:34.428 [main] INFO org.flywaydb.core.internal.command.DbMigrate -- Migrating schema "public" to version "43 - tool dispatch authorization"
01:45:34.430 [main] INFO org.flywaydb.core.internal.command.DbMigrate -- Migrating schema "public" to version "44 - workspace csi worker ack"
01:45:34.430 [main] INFO org.flywaydb.core.internal.command.DbMigrate -- Migrating schema "public" to version "45 - managed cwd operation"
01:45:34.432 [main] INFO org.flywaydb.core.internal.command.DbMigrate -- Successfully applied 45 migrations to schema "public", now at version v45 (execution time 00:00.027s)
01:45:34.442 [main] INFO org.flywaydb.core.FlywayExecutor -- Database: jdbc:h2:mem:cwd-fea03a78-4389-4ae4-bee6-cfa57b221520 (H2 2.3)
01:45:34.447 [main] INFO org.flywaydb.core.internal.schemahistory.JdbcTableSchemaHistory -- Schema history table "public"."flyway_schema_history" does not exist yet
01:45:34.447 [main] INFO org.flywaydb.core.internal.command.DbValidate -- Successfully validated 45 migrations (execution time 00:00.003s)
01:45:34.447 [main] INFO org.flywaydb.core.internal.schemahistory.JdbcTableSchemaHistory -- Creating Schema History table "public"."flyway_schema_history" ...
01:45:34.448 [main] INFO org.flywaydb.core.internal.command.DbMigrate -- Current version of schema "public": << Empty Schema >>
01:45:34.449 [main] INFO org.flywaydb.core.internal.command.DbMigrate -- Migrating schema "public" to version "1 - managed agent core"
01:45:34.450 [main] INFO org.flywaydb.core.internal.command.DbMigrate -- Migrating schema "public" to version "2 - managed agent projection"
01:45:34.452 [main] INFO org.flywaydb.core.internal.command.DbMigrate -- Migrating schema "public" to version "3 - runtime broker"
01:45:34.453 [main] INFO org.flywaydb.core.internal.command.DbMigrate -- Migrating schema "public" to version "4 - managed session store"
01:45:34.454 [main] INFO org.flywaydb.core.internal.command.DbMigrate -- Migrating schema "public" to version "5 - managed session lifecycle"
01:45:34.455 [main] INFO org.flywaydb.core.internal.command.DbMigrate -- Migrating schema "public" to version "6 - managed turn retry"
01:45:34.456 [main] INFO org.flywaydb.core.internal.command.DbMigrate -- Migrating schema "public" to version "7 - managed workspace binding"
01:45:34.460 [main] INFO org.flywaydb.core.internal.command.DbMigrate -- Migrating schema "public" to version "8 - managed workspace registry"
01:45:34.461 [main] INFO org.flywaydb.core.internal.command.DbMigrate -- Migrating schema "public" to version "9 - managed workspace creation command"
01:45:34.462 [main] INFO org.flywaydb.core.internal.command.DbMigrate -- Migrating schema "public" to version "10 - managed runtime context"
01:45:34.464 [main] INFO org.flywaydb.core.internal.command.DbMigrate -- Migrating schema "public" to version "11 - workspace execution"
01:45:34.465 [main] INFO org.flywaydb.core.internal.command.DbMigrate -- Migrating schema "public" to version "12 - runtime broker schema alignment"
01:45:34.466 [main] INFO org.flywaydb.core.internal.command.DbMigrate -- Migrating schema "public" to version "13 - managed session agent revision"
01:45:34.467 [main] INFO org.flywaydb.core.internal.command.DbMigrate -- Migrating schema "public" to version "14 - managed event replay"
01:45:34.469 [main] INFO org.flywaydb.core.internal.command.DbMigrate -- Migrating schema "public" to version "15 - managed event identity"
01:45:34.470 [main] INFO org.flywaydb.core.internal.command.DbMigrate -- Migrating schema "public" to version "16 - runtime loss evidence"
01:45:34.472 [main] INFO org.flywaydb.core.internal.command.DbMigrate -- Migrating schema "public" to version "17 - managed session operation"
01:45:34.473 [main] INFO org.flywaydb.core.internal.command.DbMigrate -- Migrating schema "public" to version "18 - managed extension record"
01:45:34.474 [main] INFO org.flywaydb.core.internal.command.DbMigrate -- Migrating schema "public" to version "19 - workspace operator recovery"
01:45:34.475 [main] INFO org.flywaydb.core.internal.command.DbMigrate -- Migrating schema "public" to version "20 - managed tool publication"
01:45:34.476 [main] INFO org.flywaydb.core.internal.command.DbMigrate -- Migrating schema "public" to version "21 - managed tool publication objects"
01:45:34.484 [main] INFO org.flywaydb.core.internal.command.DbMigrate -- Migrating schema "public" to version "22 - managed tool publication recovery"
01:45:34.485 [main] INFO org.flywaydb.core.internal.command.DbMigrate -- Migrating schema "public" to version "23 - managed mcp records"
01:45:34.485 [main] INFO org.flywaydb.core.internal.command.DbMigrate -- Migrating schema "public" to version "24 - managed actions"
01:45:34.488 [main] INFO org.flywaydb.core.internal.command.DbMigrate -- Migrating schema "public" to version "25 - verified workspace mount"
01:45:34.491 [main] INFO org.flywaydb.core.internal.command.DbMigrate -- Migrating schema "public" to version "26 - managed tool result projection"
01:45:34.492 [main] INFO org.flywaydb.core.internal.command.DbMigrate -- Migrating schema "public" to version "27 - managed hook records"
01:45:34.493 [main] INFO org.flywaydb.core.internal.command.DbMigrate -- Migrating schema "public" to version "28 - managed hook admission index"
01:45:34.494 [main] INFO org.flywaydb.core.internal.command.DbMigrate -- Migrating schema "public" to version "29 - managed hook admission backfill"
01:45:34.496 [main] INFO org.flywaydb.core.internal.command.DbMigrate -- Migrating schema "public" to version "30 - managed tool output retention"
01:45:34.498 [main] INFO org.flywaydb.core.internal.command.DbMigrate -- Migrating schema "public" to version "31 - workspace recovery bundle"
01:45:34.500 [main] INFO org.flywaydb.core.internal.command.DbMigrate -- Migrating schema "public" to version "32 - workspace session close"
01:45:34.501 [main] INFO org.flywaydb.core.internal.command.DbMigrate -- Migrating schema "public" to version "33 - managed agent definitions"
01:45:34.502 [main] INFO org.flywaydb.core.internal.command.DbMigrate -- Migrating schema "public" to version "34 - managed tool output collection"
01:45:34.506 [main] INFO org.flywaydb.core.internal.command.DbMigrate -- Migrating schema "public" to version "35 - managed session tool profile"
01:45:34.507 [main] INFO org.flywaydb.core.internal.command.DbMigrate -- Migrating schema "public" to version "36 - managed session journal activation"
01:45:34.508 [main] INFO org.flywaydb.core.internal.command.DbMigrate -- Migrating schema "public" to version "37 - managed agent event type index"
01:45:34.509 [main] INFO org.flywaydb.core.internal.command.DbMigrate -- Migrating schema "public" to version "38 - managed snapshot deferral marker"
01:45:34.510 [main] INFO org.flywaydb.core.internal.command.DbMigrate -- Migrating schema "public" to version "39 - managed session journal sequence index"
01:45:34.510 [main] INFO org.flywaydb.core.internal.command.DbMigrate -- Migrating schema "public" to version "40 - managed session creator"
01:45:34.512 [main] INFO org.flywaydb.core.internal.command.DbMigrate -- Migrating schema "public" to version "41 - workspace csi reservation"
01:45:34.514 [main] INFO org.flywaydb.core.internal.command.DbMigrate -- Migrating schema "public" to version "42 - workspace csi retirement"
01:45:34.515 [main] INFO org.flywaydb.core.internal.command.DbMigrate -- Migrating schema "public" to version "43 - tool dispatch authorization"
01:45:34.516 [main] INFO org.flywaydb.core.internal.command.DbMigrate -- Migrating schema "public" to version "44 - workspace csi worker ack"
01:45:34.517 [main] INFO org.flywaydb.core.internal.command.DbMigrate -- Migrating schema "public" to version "45 - managed cwd operation"
01:45:34.518 [main] INFO org.flywaydb.core.internal.command.DbMigrate -- Successfully applied 45 migrations to schema "public", now at version v45 (execution time 00:00.021s)
01:45:34.532 [main] INFO org.flywaydb.core.FlywayExecutor -- Database: jdbc:h2:mem:cwd-4ea48eff-52d1-4744-8612-3402a6582ea6 (H2 2.3)
01:45:34.540 [main] INFO org.flywaydb.core.internal.schemahistory.JdbcTableSchemaHistory -- Schema history table "public"."flyway_schema_history" does not exist yet
01:45:34.540 [main] INFO org.flywaydb.core.internal.command.DbValidate -- Successfully validated 45 migrations (execution time 00:00.007s)
01:45:34.541 [main] INFO org.flywaydb.core.internal.schemahistory.JdbcTableSchemaHistory -- Creating Schema History table "public"."flyway_schema_history" ...
01:45:34.541 [main] INFO org.flywaydb.core.internal.command.DbMigrate -- Current version of schema "public": << Empty Schema >>
01:45:34.542 [main] INFO org.flywaydb.core.internal.command.DbMigrate -- Migrating schema "public" to version "1 - managed agent core"
01:45:34.544 [main] INFO org.flywaydb.core.internal.command.DbMigrate -- Migrating schema "public" to version "2 - managed agent projection"
01:45:34.546 [main] INFO org.flywaydb.core.internal.command.DbMigrate -- Migrating schema "public" to version "3 - runtime broker"
01:45:34.547 [main] INFO org.flywaydb.core.internal.command.DbMigrate -- Migrating schema "public" to version "4 - managed session store"
01:45:34.548 [main] INFO org.flywaydb.core.internal.command.DbMigrate -- Migrating schema "public" to version "5 - managed session lifecycle"
01:45:34.550 [main] INFO org.flywaydb.core.internal.command.DbMigrate -- Migrating schema "public" to version "6 - managed turn retry"
01:45:34.551 [main] INFO org.flywaydb.core.internal.command.DbMigrate -- Migrating schema "public" to version "7 - managed workspace binding"
01:45:34.556 [main] INFO org.flywaydb.core.internal.command.DbMigrate -- Migrating schema "public" to version "8 - managed workspace registry"
01:45:34.557 [main] INFO org.flywaydb.core.internal.command.DbMigrate -- Migrating schema "public" to version "9 - managed workspace creation command"
01:45:34.557 [main] INFO org.flywaydb.core.internal.command.DbMigrate -- Migrating schema "public" to version "10 - managed runtime context"
01:45:34.559 [main] INFO org.flywaydb.core.internal.command.DbMigrate -- Migrating schema "public" to version "11 - workspace execution"
01:45:34.560 [main] INFO org.flywaydb.core.internal.command.DbMigrate -- Migrating schema "public" to version "12 - runtime broker schema alignment"
01:45:34.561 [main] INFO org.flywaydb.core.internal.command.DbMigrate -- Migrating schema "public" to version "13 - managed session agent revision"
01:45:34.562 [main] INFO org.flywaydb.core.internal.command.DbMigrate -- Migrating schema "public" to version "14 - managed event replay"
01:45:34.564 [main] INFO org.flywaydb.core.internal.command.DbMigrate -- Migrating schema "public" to version "15 - managed event identity"
01:45:34.565 [main] INFO org.flywaydb.core.internal.command.DbMigrate -- Migrating schema "public" to version "16 - runtime loss evidence"
01:45:34.567 [main] INFO org.flywaydb.core.internal.command.DbMigrate -- Migrating schema "public" to version "17 - managed session operation"
01:45:34.568 [main] INFO org.flywaydb.core.internal.command.DbMigrate -- Migrating schema "public" to version "18 - managed extension record"
01:45:34.568 [main] INFO org.flywaydb.core.internal.command.DbMigrate -- Migrating schema "public" to version "19 - workspace operator recovery"
01:45:34.569 [main] INFO org.flywaydb.core.internal.command.DbMigrate -- Migrating schema "public" to version "20 - managed tool publication"
01:45:34.570 [main] INFO org.flywaydb.core.internal.command.DbMigrate -- Migrating schema "public" to version "21 - managed tool publication objects"
01:45:34.574 [main] INFO org.flywaydb.core.internal.command.DbMigrate -- Migrating schema "public" to version "22 - managed tool publication recovery"
01:45:34.575 [main] INFO org.flywaydb.core.internal.command.DbMigrate -- Migrating schema "public" to version "23 - managed mcp records"
01:45:34.576 [main] INFO org.flywaydb.core.internal.command.DbMigrate -- Migrating schema "public" to version "24 - managed actions"
01:45:34.579 [main] INFO org.flywaydb.core.internal.command.DbMigrate -- Migrating schema "public" to version "25 - verified workspace mount"
01:45:34.581 [main] INFO org.flywaydb.core.internal.command.DbMigrate -- Migrating schema "public" to version "26 - managed tool result projection"
01:45:34.583 [main] INFO org.flywaydb.core.internal.command.DbMigrate -- Migrating schema "public" to version "27 - managed hook records"
01:45:34.584 [main] INFO org.flywaydb.core.internal.command.DbMigrate -- Migrating schema "public" to version "28 - managed hook admission index"
01:45:34.585 [main] INFO org.flywaydb.core.internal.command.DbMigrate -- Migrating schema "public" to version "29 - managed hook admission backfill"
01:45:34.586 [main] INFO org.flywaydb.core.internal.command.DbMigrate -- Migrating schema "public" to version "30 - managed tool output retention"
01:45:34.588 [main] INFO org.flywaydb.core.internal.command.DbMigrate -- Migrating schema "public" to version "31 - workspace recovery bundle"
01:45:34.589 [main] INFO org.flywaydb.core.internal.command.DbMigrate -- Migrating schema "public" to version "32 - workspace session close"
01:45:34.590 [main] INFO org.flywaydb.core.internal.command.DbMigrate -- Migrating schema "public" to version "33 - managed agent definitions"
01:45:34.590 [main] INFO org.flywaydb.core.internal.command.DbMigrate -- Migrating schema "public" to version "34 - managed tool output collection"
01:45:34.594 [main] INFO org.flywaydb.core.internal.command.DbMigrate -- Migrating schema "public" to version "35 - managed session tool profile"
01:45:34.595 [main] INFO org.flywaydb.core.internal.command.DbMigrate -- Migrating schema "public" to version "36 - managed session journal activation"
01:45:34.596 [main] INFO org.flywaydb.core.internal.command.DbMigrate -- Migrating schema "public" to version "37 - managed agent event type index"
01:45:34.597 [main] INFO org.flywaydb.core.internal.command.DbMigrate -- Migrating schema "public" to version "38 - managed snapshot deferral marker"
01:45:34.598 [main] INFO org.flywaydb.core.internal.command.DbMigrate -- Migrating schema "public" to version "39 - managed session journal sequence index"
01:45:34.598 [main] INFO org.flywaydb.core.internal.command.DbMigrate -- Migrating schema "public" to version "40 - managed session creator"
01:45:34.600 [main] INFO org.flywaydb.core.internal.command.DbMigrate -- Migrating schema "public" to version "41 - workspace csi reservation"
01:45:34.601 [main] INFO org.flywaydb.core.internal.command.DbMigrate -- Migrating schema "public" to version "42 - workspace csi retirement"
01:45:34.602 [main] INFO org.flywaydb.core.internal.command.DbMigrate -- Migrating schema "public" to version "43 - tool dispatch authorization"
01:45:34.604 [main] INFO org.flywaydb.core.internal.command.DbMigrate -- Migrating schema "public" to version "44 - workspace csi worker ack"
01:45:34.605 [main] INFO org.flywaydb.core.internal.command.DbMigrate -- Migrating schema "public" to version "45 - managed cwd operation"
01:45:34.608 [main] INFO org.flywaydb.core.internal.command.DbMigrate -- Successfully applied 45 migrations to schema "public", now at version v45 (execution time 00:00.018s)
01:45:34.618 [main] INFO org.flywaydb.core.FlywayExecutor -- Database: jdbc:h2:mem:cwd-26410724-495b-444f-be36-27e84ffb5f93 (H2 2.3)
01:45:34.623 [main] INFO org.flywaydb.core.internal.schemahistory.JdbcTableSchemaHistory -- Schema history table "public"."flyway_schema_history" does not exist yet
01:45:34.623 [main] INFO org.flywaydb.core.internal.command.DbValidate -- Successfully validated 45 migrations (execution time 00:00.004s)
01:45:34.624 [main] INFO org.flywaydb.core.internal.schemahistory.JdbcTableSchemaHistory -- Creating Schema History table "public"."flyway_schema_history" ...
01:45:34.625 [main] INFO org.flywaydb.core.internal.command.DbMigrate -- Current version of schema "public": << Empty Schema >>
01:45:34.625 [main] INFO org.flywaydb.core.internal.command.DbMigrate -- Migrating schema "public" to version "1 - managed agent core"
01:45:34.627 [main] INFO org.flywaydb.core.internal.command.DbMigrate -- Migrating schema "public" to version "2 - managed agent projection"
01:45:34.629 [main] INFO org.flywaydb.core.internal.command.DbMigrate -- Migrating schema "public" to version "3 - runtime broker"
01:45:34.630 [main] INFO org.flywaydb.core.internal.command.DbMigrate -- Migrating schema "public" to version "4 - managed session store"
01:45:34.630 [main] INFO org.flywaydb.core.internal.command.DbMigrate -- Migrating schema "public" to version "5 - managed session lifecycle"
01:45:34.632 [main] INFO org.flywaydb.core.internal.command.DbMigrate -- Migrating schema "public" to version "6 - managed turn retry"
01:45:34.633 [main] INFO org.flywaydb.core.internal.command.DbMigrate -- Migrating schema "public" to version "7 - managed workspace binding"
01:45:34.637 [main] INFO org.flywaydb.core.internal.command.DbMigrate -- Migrating schema "public" to version "8 - managed workspace registry"
01:45:34.640 [main] INFO org.flywaydb.core.internal.command.DbMigrate -- Migrating schema "public" to version "9 - managed workspace creation command"
01:45:34.641 [main] INFO org.flywaydb.core.internal.command.DbMigrate -- Migrating schema "public" to version "10 - managed runtime context"
01:45:34.643 [main] INFO org.flywaydb.core.internal.command.DbMigrate -- Migrating schema "public" to version "11 - workspace execution"
01:45:34.643 [main] INFO org.flywaydb.core.internal.command.DbMigrate -- Migrating schema "public" to version "12 - runtime broker schema alignment"
01:45:34.645 [main] INFO org.flywaydb.core.internal.command.DbMigrate -- Migrating schema "public" to version "13 - managed session agent revision"
01:45:34.646 [main] INFO org.flywaydb.core.internal.command.DbMigrate -- Migrating schema "public" to version "14 - managed event replay"
01:45:34.648 [main] INFO org.flywaydb.core.internal.command.DbMigrate -- Migrating schema "public" to version "15 - managed event identity"
01:45:34.649 [main] INFO org.flywaydb.core.internal.command.DbMigrate -- Migrating schema "public" to version "16 - runtime loss evidence"
01:45:34.652 [main] INFO org.flywaydb.core.internal.command.DbMigrate -- Migrating schema "public" to version "17 - managed session operation"
01:45:34.653 [main] INFO org.flywaydb.core.internal.command.DbMigrate -- Migrating schema "public" to version "18 - managed extension record"
01:45:34.654 [main] INFO org.flywaydb.core.internal.command.DbMigrate -- Migrating schema "public" to version "19 - workspace operator recovery"
01:45:34.654 [main] INFO org.flywaydb.core.internal.command.DbMigrate -- Migrating schema "public" to version "20 - managed tool publication"
01:45:34.655 [main] INFO org.flywaydb.core.internal.command.DbMigrate -- Migrating schema "public" to version "21 - managed tool publication objects"
01:45:34.660 [main] INFO org.flywaydb.core.internal.command.DbMigrate -- Migrating schema "public" to version "22 - managed tool publication recovery"
01:45:34.660 [main] INFO org.flywaydb.core.internal.command.DbMigrate -- Migrating schema "public" to version "23 - managed mcp records"
01:45:34.661 [main] INFO org.flywaydb.core.internal.command.DbMigrate -- Migrating schema "public" to version "24 - managed actions"
01:45:34.664 [main] INFO org.flywaydb.core.internal.command.DbMigrate -- Migrating schema "public" to version "25 - verified workspace mount"
01:45:34.666 [main] INFO org.flywaydb.core.internal.command.DbMigrate -- Migrating schema "public" to version "26 - managed tool result projection"
01:45:34.667 [main] INFO org.flywaydb.core.internal.command.DbMigrate -- Migrating schema "public" to version "27 - managed hook records"
01:45:34.668 [main] INFO org.flywaydb.core.internal.command.DbMigrate -- Migrating schema "public" to version "28 - managed hook admission index"
01:45:34.669 [main] INFO org.flywaydb.core.internal.command.DbMigrate -- Migrating schema "public" to version "29 - managed hook admission backfill"
01:45:34.670 [main] INFO org.flywaydb.core.internal.command.DbMigrate -- Migrating schema "public" to version "30 - managed tool output retention"
01:45:34.673 [main] INFO org.flywaydb.core.internal.command.DbMigrate -- Migrating schema "public" to version "31 - workspace recovery bundle"
01:45:34.674 [main] INFO org.flywaydb.core.internal.command.DbMigrate -- Migrating schema "public" to version "32 - workspace session close"
01:45:34.675 [main] INFO org.flywaydb.core.internal.command.DbMigrate -- Migrating schema "public" to version "33 - managed agent definitions"
01:45:34.676 [main] INFO org.flywaydb.core.internal.command.DbMigrate -- Migrating schema "public" to version "34 - managed tool output collection"
01:45:34.680 [main] INFO org.flywaydb.core.internal.command.DbMigrate -- Migrating schema "public" to version "35 - managed session tool profile"
01:45:34.682 [main] INFO org.flywaydb.core.internal.command.DbMigrate -- Migrating schema "public" to version "36 - managed session journal activation"
01:45:34.684 [main] INFO org.flywaydb.core.internal.command.DbMigrate -- Migrating schema "public" to version "37 - managed agent event type index"
01:45:34.684 [main] INFO org.flywaydb.core.internal.command.DbMigrate -- Migrating schema "public" to version "38 - managed snapshot deferral marker"
01:45:34.685 [main] INFO org.flywaydb.core.internal.command.DbMigrate -- Migrating schema "public" to version "39 - managed session journal sequence index"
01:45:34.686 [main] INFO org.flywaydb.core.internal.command.DbMigrate -- Migrating schema "public" to version "40 - managed session creator"
01:45:34.687 [main] INFO org.flywaydb.core.internal.command.DbMigrate -- Migrating schema "public" to version "41 - workspace csi reservation"
01:45:34.690 [main] INFO org.flywaydb.core.internal.command.DbMigrate -- Migrating schema "public" to version "42 - workspace csi retirement"
01:45:34.690 [main] INFO org.flywaydb.core.internal.command.DbMigrate -- Migrating schema "public" to version "43 - tool dispatch authorization"
01:45:34.692 [main] INFO org.flywaydb.core.internal.command.DbMigrate -- Migrating schema "public" to version "44 - workspace csi worker ack"
01:45:34.692 [main] INFO org.flywaydb.core.internal.command.DbMigrate -- Migrating schema "public" to version "45 - managed cwd operation"
01:45:34.694 [main] INFO org.flywaydb.core.internal.command.DbMigrate -- Successfully applied 45 migrations to schema "public", now at version v45 (execution time 00:00.017s)
01:45:34.717 [main] INFO org.flywaydb.core.FlywayExecutor -- Database: jdbc:h2:mem:cwd-18ccd571-7077-447f-a6e1-157342e794d4 (H2 2.3)
01:45:34.722 [main] INFO org.flywaydb.core.internal.schemahistory.JdbcTableSchemaHistory -- Schema history table "public"."flyway_schema_history" does not exist yet
01:45:34.722 [main] INFO org.flywaydb.core.internal.command.DbValidate -- Successfully validated 45 migrations (execution time 00:00.004s)
01:45:34.722 [main] INFO org.flywaydb.core.internal.schemahistory.JdbcTableSchemaHistory -- Creating Schema History table "public"."flyway_schema_history" ...
01:45:34.723 [main] INFO org.flywaydb.core.internal.command.DbMigrate -- Current version of schema "public": << Empty Schema >>
01:45:34.724 [main] INFO org.flywaydb.core.internal.command.DbMigrate -- Migrating schema "public" to version "1 - managed agent core"
01:45:34.725 [main] INFO org.flywaydb.core.internal.command.DbMigrate -- Migrating schema "public" to version "2 - managed agent projection"
01:45:34.727 [main] INFO org.flywaydb.core.internal.command.DbMigrate -- Migrating schema "public" to version "3 - runtime broker"
01:45:34.728 [main] INFO org.flywaydb.core.internal.command.DbMigrate -- Migrating schema "public" to version "4 - managed session store"
01:45:34.729 [main] INFO org.flywaydb.core.internal.command.DbMigrate -- Migrating schema "public" to version "5 - managed session lifecycle"
01:45:34.730 [main] INFO org.flywaydb.core.internal.command.DbMigrate -- Migrating schema "public" to version "6 - managed turn retry"
01:45:34.732 [main] INFO org.flywaydb.core.internal.command.DbMigrate -- Migrating schema "public" to version "7 - managed workspace binding"
01:45:34.735 [main] INFO org.flywaydb.core.internal.command.DbMigrate -- Migrating schema "public" to version "8 - managed workspace registry"
01:45:34.736 [main] INFO org.flywaydb.core.internal.command.DbMigrate -- Migrating schema "public" to version "9 - managed workspace creation command"
01:45:34.737 [main] INFO org.flywaydb.core.internal.command.DbMigrate -- Migrating schema "public" to version "10 - managed runtime context"
01:45:34.737 [main] INFO org.flywaydb.core.internal.command.DbMigrate -- Migrating schema "public" to version "11 - workspace execution"
01:45:34.738 [main] INFO org.flywaydb.core.internal.command.DbMigrate -- Migrating schema "public" to version "12 - runtime broker schema alignment"
01:45:34.740 [main] INFO org.flywaydb.core.internal.command.DbMigrate -- Migrating schema "public" to version "13 - managed session agent revision"
01:45:34.740 [main] INFO org.flywaydb.core.internal.command.DbMigrate -- Migrating schema "public" to version "14 - managed event replay"
01:45:34.742 [main] INFO org.flywaydb.core.internal.command.DbMigrate -- Migrating schema "public" to version "15 - managed event identity"
01:45:34.742 [main] INFO org.flywaydb.core.internal.command.DbMigrate -- Migrating schema "public" to version "16 - runtime loss evidence"
01:45:34.744 [main] INFO org.flywaydb.core.internal.command.DbMigrate -- Migrating schema "public" to version "17 - managed session operation"
01:45:34.745 [main] INFO org.flywaydb.core.internal.command.DbMigrate -- Migrating schema "public" to version "18 - managed extension record"
01:45:34.746 [main] INFO org.flywaydb.core.internal.command.DbMigrate -- Migrating schema "public" to version "19 - workspace operator recovery"
01:45:34.746 [main] INFO org.flywaydb.core.internal.command.DbMigrate -- Migrating schema "public" to version "20 - managed tool publication"
01:45:34.747 [main] INFO org.flywaydb.core.internal.command.DbMigrate -- Migrating schema "public" to version "21 - managed tool publication objects"
01:45:34.752 [main] INFO org.flywaydb.core.internal.command.DbMigrate -- Migrating schema "public" to version "22 - managed tool publication recovery"
01:45:34.753 [main] INFO org.flywaydb.core.internal.command.DbMigrate -- Migrating schema "public" to version "23 - managed mcp records"
01:45:34.754 [main] INFO org.flywaydb.core.internal.command.DbMigrate -- Migrating schema "public" to version "24 - managed actions"
01:45:34.757 [main] INFO org.flywaydb.core.internal.command.DbMigrate -- Migrating schema "public" to version "25 - verified workspace mount"
01:45:34.759 [main] INFO org.flywaydb.core.internal.command.DbMigrate -- Migrating schema "public" to version "26 - managed tool result projection"
01:45:34.760 [main] INFO org.flywaydb.core.internal.command.DbMigrate -- Migrating schema "public" to version "27 - managed hook records"
01:45:34.761 [main] INFO org.flywaydb.core.internal.command.DbMigrate -- Migrating schema "public" to version "28 - managed hook admission index"
01:45:34.762 [main] INFO org.flywaydb.core.internal.command.DbMigrate -- Migrating schema "public" to version "29 - managed hook admission backfill"
01:45:34.762 [main] INFO org.flywaydb.core.internal.command.DbMigrate -- Migrating schema "public" to version "30 - managed tool output retention"
01:45:34.765 [main] INFO org.flywaydb.core.internal.command.DbMigrate -- Migrating schema "public" to version "31 - workspace recovery bundle"
01:45:34.766 [main] INFO org.flywaydb.core.internal.command.DbMigrate -- Migrating schema "public" to version "32 - workspace session close"
01:45:34.767 [main] INFO org.flywaydb.core.internal.command.DbMigrate -- Migrating schema "public" to version "33 - managed agent definitions"
01:45:34.767 [main] INFO org.flywaydb.core.internal.command.DbMigrate -- Migrating schema "public" to version "34 - managed tool output collection"
01:45:34.770 [main] INFO org.flywaydb.core.internal.command.DbMigrate -- Migrating schema "public" to version "35 - managed session tool profile"
01:45:34.772 [main] INFO org.flywaydb.core.internal.command.DbMigrate -- Migrating schema "public" to version "36 - managed session journal activation"
01:45:34.773 [main] INFO org.flywaydb.core.internal.command.DbMigrate -- Migrating schema "public" to version "37 - managed agent event type index"
01:45:34.774 [main] INFO org.flywaydb.core.internal.command.DbMigrate -- Migrating schema "public" to version "38 - managed snapshot deferral marker"
01:45:34.775 [main] INFO org.flywaydb.core.internal.command.DbMigrate -- Migrating schema "public" to version "39 - managed session journal sequence index"
01:45:34.776 [main] INFO org.flywaydb.core.internal.command.DbMigrate -- Migrating schema "public" to version "40 - managed session creator"
01:45:34.777 [main] INFO org.flywaydb.core.internal.command.DbMigrate -- Migrating schema "public" to version "41 - workspace csi reservation"
01:45:34.778 [main] INFO org.flywaydb.core.internal.command.DbMigrate -- Migrating schema "public" to version "42 - workspace csi retirement"
01:45:34.779 [main] INFO org.flywaydb.core.internal.command.DbMigrate -- Migrating schema "public" to version "43 - tool dispatch authorization"
01:45:34.780 [main] INFO org.flywaydb.core.internal.command.DbMigrate -- Migrating schema "public" to version "44 - workspace csi worker ack"
01:45:34.781 [main] INFO org.flywaydb.core.internal.command.DbMigrate -- Migrating schema "public" to version "45 - managed cwd operation"
01:45:34.782 [main] INFO org.flywaydb.core.internal.command.DbMigrate -- Successfully applied 45 migrations to schema "public", now at version v45 (execution time 00:00.015s)
01:45:34.792 [main] INFO org.flywaydb.core.FlywayExecutor -- Database: jdbc:h2:mem:cwd-bf66d110-b1a2-4d62-9908-cf0835066c0a (H2 2.3)
01:45:34.796 [main] INFO org.flywaydb.core.internal.schemahistory.JdbcTableSchemaHistory -- Schema history table "public"."flyway_schema_history" does not exist yet
01:45:34.797 [main] INFO org.flywaydb.core.internal.command.DbValidate -- Successfully validated 45 migrations (execution time 00:00.004s)
01:45:34.797 [main] INFO org.flywaydb.core.internal.schemahistory.JdbcTableSchemaHistory -- Creating Schema History table "public"."flyway_schema_history" ...
01:45:34.798 [main] INFO org.flywaydb.core.internal.command.DbMigrate -- Current version of schema "public": << Empty Schema >>
01:45:34.798 [main] INFO org.flywaydb.core.internal.command.DbMigrate -- Migrating schema "public" to version "1 - managed agent core"
01:45:34.800 [main] INFO org.flywaydb.core.internal.command.DbMigrate -- Migrating schema "public" to version "2 - managed agent projection"
01:45:34.801 [main] INFO org.flywaydb.core.internal.command.DbMigrate -- Migrating schema "public" to version "3 - runtime broker"
01:45:34.802 [main] INFO org.flywaydb.core.internal.command.DbMigrate -- Migrating schema "public" to version "4 - managed session store"
01:45:34.803 [main] INFO org.flywaydb.core.internal.command.DbMigrate -- Migrating schema "public" to version "5 - managed session lifecycle"
01:45:34.804 [main] INFO org.flywaydb.core.internal.command.DbMigrate -- Migrating schema "public" to version "6 - managed turn retry"
01:45:34.806 [main] INFO org.flywaydb.core.internal.command.DbMigrate -- Migrating schema "public" to version "7 - managed workspace binding"
01:45:34.810 [main] INFO org.flywaydb.core.internal.command.DbMigrate -- Migrating schema "public" to version "8 - managed workspace registry"
01:45:34.811 [main] INFO org.flywaydb.core.internal.command.DbMigrate -- Migrating schema "public" to version "9 - managed workspace creation command"
01:45:34.812 [main] INFO org.flywaydb.core.internal.command.DbMigrate -- Migrating schema "public" to version "10 - managed runtime context"
01:45:34.813 [main] INFO org.flywaydb.core.internal.command.DbMigrate -- Migrating schema "public" to version "11 - workspace execution"
01:45:34.814 [main] INFO org.flywaydb.core.internal.command.DbMigrate -- Migrating schema "public" to version "12 - runtime broker schema alignment"
01:45:34.816 [main] INFO org.flywaydb.core.internal.command.DbMigrate -- Migrating schema "public" to version "13 - managed session agent revision"
01:45:34.817 [main] INFO org.flywaydb.core.internal.command.DbMigrate -- Migrating schema "public" to version "14 - managed event replay"
01:45:34.819 [main] INFO org.flywaydb.core.internal.command.DbMigrate -- Migrating schema "public" to version "15 - managed event identity"
01:45:34.819 [main] INFO org.flywaydb.core.internal.command.DbMigrate -- Migrating schema "public" to version "16 - runtime loss evidence"
01:45:34.822 [main] INFO org.flywaydb.core.internal.command.DbMigrate -- Migrating schema "public" to version "17 - managed session operation"
01:45:34.823 [main] INFO org.flywaydb.core.internal.command.DbMigrate -- Migrating schema "public" to version "18 - managed extension record"
01:45:34.824 [main] INFO org.flywaydb.core.internal.command.DbMigrate -- Migrating schema "public" to version "19 - workspace operator recovery"
01:45:34.824 [main] INFO org.flywaydb.core.internal.command.DbMigrate -- Migrating schema "public" to version "20 - managed tool publication"
01:45:34.825 [main] INFO org.flywaydb.core.internal.command.DbMigrate -- Migrating schema "public" to version "21 - managed tool publication objects"
01:45:34.831 [main] INFO org.flywaydb.core.internal.command.DbMigrate -- Migrating schema "public" to version "22 - managed tool publication recovery"
01:45:34.832 [main] INFO org.flywaydb.core.internal.command.DbMigrate -- Migrating schema "public" to version "23 - managed mcp records"
01:45:34.832 [main] INFO org.flywaydb.core.internal.command.DbMigrate -- Migrating schema "public" to version "24 - managed actions"
01:45:34.835 [main] INFO org.flywaydb.core.internal.command.DbMigrate -- Migrating schema "public" to version "25 - verified workspace mount"
01:45:34.845 [main] INFO org.flywaydb.core.internal.command.DbMigrate -- Migrating schema "public" to version "26 - managed tool result projection"
01:45:34.846 [main] INFO org.flywaydb.core.internal.command.DbMigrate -- Migrating schema "public" to version "27 - managed hook records"
01:45:34.847 [main] INFO org.flywaydb.core.internal.command.DbMigrate -- Migrating schema "public" to version "28 - managed hook admission index"
01:45:34.848 [main] INFO org.flywaydb.core.internal.command.DbMigrate -- Migrating schema "public" to version "29 - managed hook admission backfill"
01:45:34.849 [main] INFO org.flywaydb.core.internal.command.DbMigrate -- Migrating schema "public" to version "30 - managed tool output retention"
01:45:34.851 [main] INFO org.flywaydb.core.internal.command.DbMigrate -- Migrating schema "public" to version "31 - workspace recovery bundle"
01:45:34.852 [main] INFO org.flywaydb.core.internal.command.DbMigrate -- Migrating schema "public" to version "32 - workspace session close"
01:45:34.853 [main] INFO org.flywaydb.core.internal.command.DbMigrate -- Migrating schema "public" to version "33 - managed agent definitions"
01:45:34.853 [main] INFO org.flywaydb.core.internal.command.DbMigrate -- Migrating schema "public" to version "34 - managed tool output collection"
01:45:34.857 [main] INFO org.flywaydb.core.internal.command.DbMigrate -- Migrating schema "public" to version "35 - managed session tool profile"
01:45:34.858 [main] INFO org.flywaydb.core.internal.command.DbMigrate -- Migrating schema "public" to version "36 - managed session journal activation"
01:45:34.860 [main] INFO org.flywaydb.core.internal.command.DbMigrate -- Migrating schema "public" to version "37 - managed agent event type index"
01:45:34.860 [main] INFO org.flywaydb.core.internal.command.DbMigrate -- Migrating schema "public" to version "38 - managed snapshot deferral marker"
01:45:34.861 [main] INFO org.flywaydb.core.internal.command.DbMigrate -- Migrating schema "public" to version "39 - managed session journal sequence index"
01:45:34.861 [main] INFO org.flywaydb.core.internal.command.DbMigrate -- Migrating schema "public" to version "40 - managed session creator"
01:45:34.862 [main] INFO org.flywaydb.core.internal.command.DbMigrate -- Migrating schema "public" to version "41 - workspace csi reservation"
01:45:34.863 [main] INFO org.flywaydb.core.internal.command.DbMigrate -- Migrating schema "public" to version "42 - workspace csi retirement"
01:45:34.864 [main] INFO org.flywaydb.core.internal.command.DbMigrate -- Migrating schema "public" to version "43 - tool dispatch authorization"
01:45:34.865 [main] INFO org.flywaydb.core.internal.command.DbMigrate -- Migrating schema "public" to version "44 - workspace csi worker ack"
01:45:34.866 [main] INFO org.flywaydb.core.internal.command.DbMigrate -- Migrating schema "public" to version "45 - managed cwd operation"
01:45:34.868 [main] INFO org.flywaydb.core.internal.command.DbMigrate -- Successfully applied 45 migrations to schema "public", now at version v45 (execution time 00:00.025s)
01:45:34.877 [main] INFO org.flywaydb.core.FlywayExecutor -- Database: jdbc:h2:mem:cwd-59f7aae0-74ab-435c-aa23-95ef0c8ae89a (H2 2.3)
01:45:34.882 [main] INFO org.flywaydb.core.internal.schemahistory.JdbcTableSchemaHistory -- Schema history table "public"."flyway_schema_history" does not exist yet
01:45:34.882 [main] INFO org.flywaydb.core.internal.command.DbValidate -- Successfully validated 45 migrations (execution time 00:00.003s)
01:45:34.882 [main] INFO org.flywaydb.core.internal.schemahistory.JdbcTableSchemaHistory -- Creating Schema History table "public"."flyway_schema_history" ...
01:45:34.883 [main] INFO org.flywaydb.core.internal.command.DbMigrate -- Current version of schema "public": << Empty Schema >>
01:45:34.883 [main] INFO org.flywaydb.core.internal.command.DbMigrate -- Migrating schema "public" to version "1 - managed agent core"
01:45:34.885 [main] INFO org.flywaydb.core.internal.command.DbMigrate -- Migrating schema "public" to version "2 - managed agent projection"
01:45:34.887 [main] INFO org.flywaydb.core.internal.command.DbMigrate -- Migrating schema "public" to version "3 - runtime broker"
01:45:34.888 [main] INFO org.flywaydb.core.internal.command.DbMigrate -- Migrating schema "public" to version "4 - managed session store"
01:45:34.889 [main] INFO org.flywaydb.core.internal.command.DbMigrate -- Migrating schema "public" to version "5 - managed session lifecycle"
01:45:34.891 [main] INFO org.flywaydb.core.internal.command.DbMigrate -- Migrating schema "public" to version "6 - managed turn retry"
01:45:34.892 [main] INFO org.flywaydb.core.internal.command.DbMigrate -- Migrating schema "public" to version "7 - managed workspace binding"
01:45:34.895 [main] INFO org.flywaydb.core.internal.command.DbMigrate -- Migrating schema "public" to version "8 - managed workspace registry"
01:45:34.896 [main] INFO org.flywaydb.core.internal.command.DbMigrate -- Migrating schema "public" to version "9 - managed workspace creation command"
01:45:34.897 [main] INFO org.flywaydb.core.internal.command.DbMigrate -- Migrating schema "public" to version "10 - managed runtime context"
01:45:34.898 [main] INFO org.flywaydb.core.internal.command.DbMigrate -- Migrating schema "public" to version "11 - workspace execution"
01:45:34.898 [main] INFO org.flywaydb.core.internal.command.DbMigrate -- Migrating schema "public" to version "12 - runtime broker schema alignment"
01:45:34.899 [main] INFO org.flywaydb.core.internal.command.DbMigrate -- Migrating schema "public" to version "13 - managed session agent revision"
01:45:34.900 [main] INFO org.flywaydb.core.internal.command.DbMigrate -- Migrating schema "public" to version "14 - managed event replay"
01:45:34.902 [main] INFO org.flywaydb.core.internal.command.DbMigrate -- Migrating schema "public" to version "15 - managed event identity"
01:45:34.903 [main] INFO org.flywaydb.core.internal.command.DbMigrate -- Migrating schema "public" to version "16 - runtime loss evidence"
01:45:34.905 [main] INFO org.flywaydb.core.internal.command.DbMigrate -- Migrating schema "public" to version "17 - managed session operation"
01:45:34.906 [main] INFO org.flywaydb.core.internal.command.DbMigrate -- Migrating schema "public" to version "18 - managed extension record"
01:45:34.906 [main] INFO org.flywaydb.core.internal.command.DbMigrate -- Migrating schema "public" to version "19 - workspace operator recovery"
01:45:34.907 [main] INFO org.flywaydb.core.internal.command.DbMigrate -- Migrating schema "public" to version "20 - managed tool publication"
01:45:34.908 [main] INFO org.flywaydb.core.internal.command.DbMigrate -- Migrating schema "public" to version "21 - managed tool publication objects"
01:45:34.913 [main] INFO org.flywaydb.core.internal.command.DbMigrate -- Migrating schema "public" to version "22 - managed tool publication recovery"
01:45:34.913 [main] INFO org.flywaydb.core.internal.command.DbMigrate -- Migrating schema "public" to version "23 - managed mcp records"
01:45:34.914 [main] INFO org.flywaydb.core.internal.command.DbMigrate -- Migrating schema "public" to version "24 - managed actions"
01:45:34.916 [main] INFO org.flywaydb.core.internal.command.DbMigrate -- Migrating schema "public" to version "25 - verified workspace mount"
01:45:34.919 [main] INFO org.flywaydb.core.internal.command.DbMigrate -- Migrating schema "public" to version "26 - managed tool result projection"
01:45:34.920 [main] INFO org.flywaydb.core.internal.command.DbMigrate -- Migrating schema "public" to version "27 - managed hook records"
01:45:34.920 [main] INFO org.flywaydb.core.internal.command.DbMigrate -- Migrating schema "public" to version "28 - managed hook admission index"
01:45:34.921 [main] INFO org.flywaydb.core.internal.command.DbMigrate -- Migrating schema "public" to version "29 - managed hook admission backfill"
01:45:34.922 [main] INFO org.flywaydb.core.internal.command.DbMigrate -- Migrating schema "public" to version "30 - managed tool output retention"
01:45:34.924 [main] INFO org.flywaydb.core.internal.command.DbMigrate -- Migrating schema "public" to version "31 - workspace recovery bundle"
01:45:34.925 [main] INFO org.flywaydb.core.internal.command.DbMigrate -- Migrating schema "public" to version "32 - workspace session close"
01:45:34.925 [main] INFO org.flywaydb.core.internal.command.DbMigrate -- Migrating schema "public" to version "33 - managed agent definitions"
01:45:34.926 [main] INFO org.flywaydb.core.internal.command.DbMigrate -- Migrating schema "public" to version "34 - managed tool output collection"
01:45:34.929 [main] INFO org.flywaydb.core.internal.command.DbMigrate -- Migrating schema "public" to version "35 - managed session tool profile"
01:45:34.930 [main] INFO org.flywaydb.core.internal.command.DbMigrate -- Migrating schema "public" to version "36 - managed session journal activation"
01:45:34.932 [main] INFO org.flywaydb.core.internal.command.DbMigrate -- Migrating schema "public" to version "37 - managed agent event type index"
01:45:34.933 [main] INFO org.flywaydb.core.internal.command.DbMigrate -- Migrating schema "public" to version "38 - managed snapshot deferral marker"
01:45:34.934 [main] INFO org.flywaydb.core.internal.command.DbMigrate -- Migrating schema "public" to version "39 - managed session journal sequence index"
01:45:34.934 [main] INFO org.flywaydb.core.internal.command.DbMigrate -- Migrating schema "public" to version "40 - managed session creator"
01:45:34.935 [main] INFO org.flywaydb.core.internal.command.DbMigrate -- Migrating schema "public" to version "41 - workspace csi reservation"
01:45:34.937 [main] INFO org.flywaydb.core.internal.command.DbMigrate -- Migrating schema "public" to version "42 - workspace csi retirement"
01:45:34.937 [main] INFO org.flywaydb.core.internal.command.DbMigrate -- Migrating schema "public" to version "43 - tool dispatch authorization"
01:45:34.938 [main] INFO org.flywaydb.core.internal.command.DbMigrate -- Migrating schema "public" to version "44 - workspace csi worker ack"
01:45:34.939 [main] INFO org.flywaydb.core.internal.command.DbMigrate -- Migrating schema "public" to version "45 - managed cwd operation"
01:45:34.940 [main] INFO org.flywaydb.core.internal.command.DbMigrate -- Successfully applied 45 migrations to schema "public", now at version v45 (execution time 00:00.015s)
01:45:34.955 [main] INFO org.flywaydb.core.FlywayExecutor -- Database: jdbc:h2:mem:cwd-2ed2f127-6557-4f97-8755-83b9ff0d5b86 (H2 2.3)
01:45:34.960 [main] INFO org.flywaydb.core.internal.schemahistory.JdbcTableSchemaHistory -- Schema history table "public"."flyway_schema_history" does not exist yet
01:45:34.960 [main] INFO org.flywaydb.core.internal.command.DbValidate -- Successfully validated 45 migrations (execution time 00:00.004s)
01:45:34.960 [main] INFO org.flywaydb.core.internal.schemahistory.JdbcTableSchemaHistory -- Creating Schema History table "public"."flyway_schema_history" ...
01:45:34.961 [main] INFO org.flywaydb.core.internal.command.DbMigrate -- Current version of schema "public": << Empty Schema >>
01:45:34.962 [main] INFO org.flywaydb.core.internal.command.DbMigrate -- Migrating schema "public" to version "1 - managed agent core"
01:45:34.963 [main] INFO org.flywaydb.core.internal.command.DbMigrate -- Migrating schema "public" to version "2 - managed agent projection"
01:45:34.965 [main] INFO org.flywaydb.core.internal.command.DbMigrate -- Migrating schema "public" to version "3 - runtime broker"
01:45:34.966 [main] INFO org.flywaydb.core.internal.command.DbMigrate -- Migrating schema "public" to version "4 - managed session store"
01:45:34.967 [main] INFO org.flywaydb.core.internal.command.DbMigrate -- Migrating schema "public" to version "5 - managed session lifecycle"
01:45:34.968 [main] INFO org.flywaydb.core.internal.command.DbMigrate -- Migrating schema "public" to version "6 - managed turn retry"
01:45:34.970 [main] INFO org.flywaydb.core.internal.command.DbMigrate -- Migrating schema "public" to version "7 - managed workspace binding"
01:45:34.974 [main] INFO org.flywaydb.core.internal.command.DbMigrate -- Migrating schema "public" to version "8 - managed workspace registry"
01:45:34.976 [main] INFO org.flywaydb.core.internal.command.DbMigrate -- Migrating schema "public" to version "9 - managed workspace creation command"
01:45:34.977 [main] INFO org.flywaydb.core.internal.command.DbMigrate -- Migrating schema "public" to version "10 - managed runtime context"
01:45:34.978 [main] INFO org.flywaydb.core.internal.command.DbMigrate -- Migrating schema "public" to version "11 - workspace execution"
01:45:34.979 [main] INFO org.flywaydb.core.internal.command.DbMigrate -- Migrating schema "public" to version "12 - runtime broker schema alignment"
01:45:34.980 [main] INFO org.flywaydb.core.internal.command.DbMigrate -- Migrating schema "public" to version "13 - managed session agent revision"
01:45:34.981 [main] INFO org.flywaydb.core.internal.command.DbMigrate -- Migrating schema "public" to version "14 - managed event replay"
01:45:34.983 [main] INFO org.flywaydb.core.internal.command.DbMigrate -- Migrating schema "public" to version "15 - managed event identity"
01:45:34.983 [main] INFO org.flywaydb.core.internal.command.DbMigrate -- Migrating schema "public" to version "16 - runtime loss evidence"
01:45:34.985 [main] INFO org.flywaydb.core.internal.command.DbMigrate -- Migrating schema "public" to version "17 - managed session operation"
01:45:34.987 [main] INFO org.flywaydb.core.internal.command.DbMigrate -- Migrating schema "public" to version "18 - managed extension record"
01:45:34.987 [main] INFO org.flywaydb.core.internal.command.DbMigrate -- Migrating schema "public" to version "19 - workspace operator recovery"
01:45:34.988 [main] INFO org.flywaydb.core.internal.command.DbMigrate -- Migrating schema "public" to version "20 - managed tool publication"
01:45:34.989 [main] INFO org.flywaydb.core.internal.command.DbMigrate -- Migrating schema "public" to version "21 - managed tool publication objects"
01:45:34.993 [main] INFO org.flywaydb.core.internal.command.DbMigrate -- Migrating schema "public" to version "22 - managed tool publication recovery"
01:45:34.994 [main] INFO org.flywaydb.core.internal.command.DbMigrate -- Migrating schema "public" to version "23 - managed mcp records"
01:45:34.994 [main] INFO org.flywaydb.core.internal.command.DbMigrate -- Migrating schema "public" to version "24 - managed actions"
01:45:34.997 [main] INFO org.flywaydb.core.internal.command.DbMigrate -- Migrating schema "public" to version "25 - verified workspace mount"
01:45:34.999 [main] INFO org.flywaydb.core.internal.command.DbMigrate -- Migrating schema "public" to version "26 - managed tool result projection"
01:45:35.001 [main] INFO org.flywaydb.core.internal.command.DbMigrate -- Migrating schema "public" to version "27 - managed hook records"
01:45:35.001 [main] INFO org.flywaydb.core.internal.command.DbMigrate -- Migrating schema "public" to version "28 - managed hook admission index"
01:45:35.002 [main] INFO org.flywaydb.core.internal.command.DbMigrate -- Migrating schema "public" to version "29 - managed hook admission backfill"
01:45:35.003 [main] INFO org.flywaydb.core.internal.command.DbMigrate -- Migrating schema "public" to version "30 - managed tool output retention"
01:45:35.005 [main] INFO org.flywaydb.core.internal.command.DbMigrate -- Migrating schema "public" to version "31 - workspace recovery bundle"
01:45:35.005 [main] INFO org.flywaydb.core.internal.command.DbMigrate -- Migrating schema "public" to version "32 - workspace session close"
01:45:35.006 [main] INFO org.flywaydb.core.internal.command.DbMigrate -- Migrating schema "public" to version "33 - managed agent definitions"
01:45:35.007 [main] INFO org.flywaydb.core.internal.command.DbMigrate -- Migrating schema "public" to version "34 - managed tool output collection"
01:45:35.010 [main] INFO org.flywaydb.core.internal.command.DbMigrate -- Migrating schema "public" to version "35 - managed session tool profile"
01:45:35.012 [main] INFO org.flywaydb.core.internal.command.DbMigrate -- Migrating schema "public" to version "36 - managed session journal activation"
01:45:35.014 [main] INFO org.flywaydb.core.internal.command.DbMigrate -- Migrating schema "public" to version "37 - managed agent event type index"
01:45:35.016 [main] INFO org.flywaydb.core.internal.command.DbMigrate -- Migrating schema "public" to version "38 - managed snapshot deferral marker"
01:45:35.017 [main] INFO org.flywaydb.core.internal.command.DbMigrate -- Migrating schema "public" to version "39 - managed session journal sequence index"
01:45:35.017 [main] INFO org.flywaydb.core.internal.command.DbMigrate -- Migrating schema "public" to version "40 - managed session creator"
01:45:35.019 [main] INFO org.flywaydb.core.internal.command.DbMigrate -- Migrating schema "public" to version "41 - workspace csi reservation"
01:45:35.021 [main] INFO org.flywaydb.core.internal.command.DbMigrate -- Migrating schema "public" to version "42 - workspace csi retirement"
01:45:35.021 [main] INFO org.flywaydb.core.internal.command.DbMigrate -- Migrating schema "public" to version "43 - tool dispatch authorization"
01:45:35.022 [main] INFO org.flywaydb.core.internal.command.DbMigrate -- Migrating schema "public" to version "44 - workspace csi worker ack"
01:45:35.023 [main] INFO org.flywaydb.core.internal.command.DbMigrate -- Migrating schema "public" to version "45 - managed cwd operation"
01:45:35.024 [main] INFO org.flywaydb.core.internal.command.DbMigrate -- Successfully applied 45 migrations to schema "public", now at version v45 (execution time 00:00.016s)
01:45:35.034 [main] INFO org.flywaydb.core.FlywayExecutor -- Database: jdbc:h2:mem:cwd-7170314e-996b-48cc-89b8-b47537d90e93 (H2 2.3)
01:45:35.038 [main] INFO org.flywaydb.core.internal.schemahistory.JdbcTableSchemaHistory -- Schema history table "public"."flyway_schema_history" does not exist yet
01:45:35.039 [main] INFO org.flywaydb.core.internal.command.DbValidate -- Successfully validated 45 migrations (execution time 00:00.004s)
01:45:35.039 [main] INFO org.flywaydb.core.internal.schemahistory.JdbcTableSchemaHistory -- Creating Schema History table "public"."flyway_schema_history" ...
01:45:35.039 [main] INFO org.flywaydb.core.internal.command.DbMigrate -- Current version of schema "public": << Empty Schema >>
01:45:35.040 [main] INFO org.flywaydb.core.internal.command.DbMigrate -- Migrating schema "public" to version "1 - managed agent core"
01:45:35.041 [main] INFO org.flywaydb.core.internal.command.DbMigrate -- Migrating schema "public" to version "2 - managed agent projection"
01:45:35.043 [main] INFO org.flywaydb.core.internal.command.DbMigrate -- Migrating schema "public" to version "3 - runtime broker"
01:45:35.044 [main] INFO org.flywaydb.core.internal.command.DbMigrate -- Migrating schema "public" to version "4 - managed session store"
01:45:35.045 [main] INFO org.flywaydb.core.internal.command.DbMigrate -- Migrating schema "public" to version "5 - managed session lifecycle"
01:45:35.046 [main] INFO org.flywaydb.core.internal.command.DbMigrate -- Migrating schema "public" to version "6 - managed turn retry"
01:45:35.047 [main] INFO org.flywaydb.core.internal.command.DbMigrate -- Migrating schema "public" to version "7 - managed workspace binding"
01:45:35.051 [main] INFO org.flywaydb.core.internal.command.DbMigrate -- Migrating schema "public" to version "8 - managed workspace registry"
01:45:35.052 [main] INFO org.flywaydb.core.internal.command.DbMigrate -- Migrating schema "public" to version "9 - managed workspace creation command"
01:45:35.053 [main] INFO org.flywaydb.core.internal.command.DbMigrate -- Migrating schema "public" to version "10 - managed runtime context"
01:45:35.054 [main] INFO org.flywaydb.core.internal.command.DbMigrate -- Migrating schema "public" to version "11 - workspace execution"
01:45:35.054 [main] INFO org.flywaydb.core.internal.command.DbMigrate -- Migrating schema "public" to version "12 - runtime broker schema alignment"
01:45:35.056 [main] INFO org.flywaydb.core.internal.command.DbMigrate -- Migrating schema "public" to version "13 - managed session agent revision"
01:45:35.057 [main] INFO org.flywaydb.core.internal.command.DbMigrate -- Migrating schema "public" to version "14 - managed event replay"
01:45:35.059 [main] INFO org.flywaydb.core.internal.command.DbMigrate -- Migrating schema "public" to version "15 - managed event identity"
01:45:35.060 [main] INFO org.flywaydb.core.internal.command.DbMigrate -- Migrating schema "public" to version "16 - runtime loss evidence"
01:45:35.063 [main] INFO org.flywaydb.core.internal.command.DbMigrate -- Migrating schema "public" to version "17 - managed session operation"
01:45:35.064 [main] INFO org.flywaydb.core.internal.command.DbMigrate -- Migrating schema "public" to version "18 - managed extension record"
01:45:35.064 [main] INFO org.flywaydb.core.internal.command.DbMigrate -- Migrating schema "public" to version "19 - workspace operator recovery"
01:45:35.065 [main] INFO org.flywaydb.core.internal.command.DbMigrate -- Migrating schema "public" to version "20 - managed tool publication"
01:45:35.066 [main] INFO org.flywaydb.core.internal.command.DbMigrate -- Migrating schema "public" to version "21 - managed tool publication objects"
01:45:35.071 [main] INFO org.flywaydb.core.internal.command.DbMigrate -- Migrating schema "public" to version "22 - managed tool publication recovery"
01:45:35.072 [main] INFO org.flywaydb.core.internal.command.DbMigrate -- Migrating schema "public" to version "23 - managed mcp records"
01:45:35.072 [main] INFO org.flywaydb.core.internal.command.DbMigrate -- Migrating schema "public" to version "24 - managed actions"
01:45:35.075 [main] INFO org.flywaydb.core.internal.command.DbMigrate -- Migrating schema "public" to version "25 - verified workspace mount"
01:45:35.077 [main] INFO org.flywaydb.core.internal.command.DbMigrate -- Migrating schema "public" to version "26 - managed tool result projection"
01:45:35.078 [main] INFO org.flywaydb.core.internal.command.DbMigrate -- Migrating schema "public" to version "27 - managed hook records"
01:45:35.079 [main] INFO org.flywaydb.core.internal.command.DbMigrate -- Migrating schema "public" to version "28 - managed hook admission index"
01:45:35.080 [main] INFO org.flywaydb.core.internal.command.DbMigrate -- Migrating schema "public" to version "29 - managed hook admission backfill"
01:45:35.081 [main] INFO org.flywaydb.core.internal.command.DbMigrate -- Migrating schema "public" to version "30 - managed tool output retention"
01:45:35.083 [main] INFO org.flywaydb.core.internal.command.DbMigrate -- Migrating schema "public" to version "31 - workspace recovery bundle"
01:45:35.084 [main] INFO org.flywaydb.core.internal.command.DbMigrate -- Migrating schema "public" to version "32 - workspace session close"
01:45:35.085 [main] INFO org.flywaydb.core.internal.command.DbMigrate -- Migrating schema "public" to version "33 - managed agent definitions"
01:45:35.085 [main] INFO org.flywaydb.core.internal.command.DbMigrate -- Migrating schema "public" to version "34 - managed tool output collection"
01:45:35.089 [main] INFO org.flywaydb.core.internal.command.DbMigrate -- Migrating schema "public" to version "35 - managed session tool profile"
01:45:35.090 [main] INFO org.flywaydb.core.internal.command.DbMigrate -- Migrating schema "public" to version "36 - managed session journal activation"
01:45:35.092 [main] INFO org.flywaydb.core.internal.command.DbMigrate -- Migrating schema "public" to version "37 - managed agent event type index"
01:45:35.092 [main] INFO org.flywaydb.core.internal.command.DbMigrate -- Migrating schema "public" to version "38 - managed snapshot deferral marker"
01:45:35.093 [main] INFO org.flywaydb.core.internal.command.DbMigrate -- Migrating schema "public" to version "39 - managed session journal sequence index"
01:45:35.093 [main] INFO org.flywaydb.core.internal.command.DbMigrate -- Migrating schema "public" to version "40 - managed session creator"
01:45:35.094 [main] INFO org.flywaydb.core.internal.command.DbMigrate -- Migrating schema "public" to version "41 - workspace csi reservation"
01:45:35.095 [main] INFO org.flywaydb.core.internal.command.DbMigrate -- Migrating schema "public" to version "42 - workspace csi retirement"
01:45:35.096 [main] INFO org.flywaydb.core.internal.command.DbMigrate -- Migrating schema "public" to version "43 - tool dispatch authorization"
01:45:35.097 [main] INFO org.flywaydb.core.internal.command.DbMigrate -- Migrating schema "public" to version "44 - workspace csi worker ack"
01:45:35.097 [main] INFO org.flywaydb.core.internal.command.DbMigrate -- Migrating schema "public" to version "45 - managed cwd operation"
01:45:35.099 [main] INFO org.flywaydb.core.internal.command.DbMigrate -- Successfully applied 45 migrations to schema "public", now at version v45 (execution time 00:00.015s)
01:45:35.102 [main] INFO com.alibaba.qwen.code.managedagent.service.SessionLifecycleCoordinator -- Managed Session cwd change refused tenant=cwd-tenant session=a703fdf4-ff97-405c-bc1e-3e84066ae4dc operation=op_480e455dccac40a4901b6365dd2c82be code=workspace_unavailable failure=RuntimeBrokerException Workspace execution authority is unavailable.
01:45:35.108 [main] INFO org.flywaydb.core.FlywayExecutor -- Database: jdbc:h2:mem:cwd-53584fc1-257b-4541-ba78-efed6046212f (H2 2.3)
01:45:35.113 [main] INFO org.flywaydb.core.internal.schemahistory.JdbcTableSchemaHistory -- Schema history table "public"."flyway_schema_history" does not exist yet
01:45:35.113 [main] INFO org.flywaydb.core.internal.command.DbValidate -- Successfully validated 45 migrations (execution time 00:00.003s)
01:45:35.113 [main] INFO org.flywaydb.core.internal.schemahistory.JdbcTableSchemaHistory -- Creating Schema History table "public"."flyway_schema_history" ...
01:45:35.114 [main] INFO org.flywaydb.core.internal.command.DbMigrate -- Current version of schema "public": << Empty Schema >>
01:45:35.114 [main] INFO org.flywaydb.core.internal.command.DbMigrate -- Migrating schema "public" to version "1 - managed agent core"
01:45:35.116 [main] INFO org.flywaydb.core.internal.command.DbMigrate -- Migrating schema "public" to version "2 - managed agent projection"
01:45:35.118 [main] INFO org.flywaydb.core.internal.command.DbMigrate -- Migrating schema "public" to version "3 - runtime broker"
01:45:35.119 [main] INFO org.flywaydb.core.internal.command.DbMigrate -- Migrating schema "public" to version "4 - managed session store"
01:45:35.120 [main] INFO org.flywaydb.core.internal.command.DbMigrate -- Migrating schema "public" to version "5 - managed session lifecycle"
01:45:35.121 [main] INFO org.flywaydb.core.internal.command.DbMigrate -- Migrating schema "public" to version "6 - managed turn retry"
01:45:35.122 [main] INFO org.flywaydb.core.internal.command.DbMigrate -- Migrating schema "public" to version "7 - managed workspace binding"
01:45:35.125 [main] INFO org.flywaydb.core.internal.command.DbMigrate -- Migrating schema "public" to version "8 - managed workspace registry"
01:45:35.126 [main] INFO org.flywaydb.core.internal.command.DbMigrate -- Migrating schema "public" to version "9 - managed workspace creation command"
01:45:35.127 [main] INFO org.flywaydb.core.internal.command.DbMigrate -- Migrating schema "public" to version "10 - managed runtime context"
01:45:35.128 [main] INFO org.flywaydb.core.internal.command.DbMigrate -- Migrating schema "public" to version "11 - workspace execution"
01:45:35.128 [main] INFO org.flywaydb.core.internal.command.DbMigrate -- Migrating schema "public" to version "12 - runtime broker schema alignment"
01:45:35.130 [main] INFO org.flywaydb.core.internal.command.DbMigrate -- Migrating schema "public" to version "13 - managed session agent revision"
01:45:35.131 [main] INFO org.flywaydb.core.internal.command.DbMigrate -- Migrating schema "public" to version "14 - managed event replay"
01:45:35.132 [main] INFO org.flywaydb.core.internal.command.DbMigrate -- Migrating schema "public" to version "15 - managed event identity"
01:45:35.133 [main] INFO org.flywaydb.core.internal.command.DbMigrate -- Migrating schema "public" to version "16 - runtime loss evidence"
01:45:35.134 [main] INFO org.flywaydb.core.internal.command.DbMigrate -- Migrating schema "public" to version "17 - managed session operation"
01:45:35.135 [main] INFO org.flywaydb.core.internal.command.DbMigrate -- Migrating schema "public" to version "18 - managed extension record"
01:45:35.136 [main] INFO org.flywaydb.core.internal.command.DbMigrate -- Migrating schema "public" to version "19 - workspace operator recovery"
01:45:35.137 [main] INFO org.flywaydb.core.internal.command.DbMigrate -- Migrating schema "public" to version "20 - managed tool publication"
01:45:35.138 [main] INFO org.flywaydb.core.internal.command.DbMigrate -- Migrating schema "public" to version "21 - managed tool publication objects"
01:45:35.142 [main] INFO org.flywaydb.core.internal.command.DbMigrate -- Migrating schema "public" to version "22 - managed tool publication recovery"
01:45:35.143 [main] INFO org.flywaydb.core.internal.command.DbMigrate -- Migrating schema "public" to version "23 - managed mcp records"
01:45:35.144 [main] INFO org.flywaydb.core.internal.command.DbMigrate -- Migrating schema "public" to version "24 - managed actions"
01:45:35.146 [main] INFO org.flywaydb.core.internal.command.DbMigrate -- Migrating schema "public" to version "25 - verified workspace mount"
01:45:35.148 [main] INFO org.flywaydb.core.internal.command.DbMigrate -- Migrating schema "public" to version "26 - managed tool result projection"
01:45:35.150 [main] INFO org.flywaydb.core.internal.command.DbMigrate -- Migrating schema "public" to version "27 - managed hook records"
01:45:35.151 [main] INFO org.flywaydb.core.internal.command.DbMigrate -- Migrating schema "public" to version "28 - managed hook admission index"
01:45:35.152 [main] INFO org.flywaydb.core.internal.command.DbMigrate -- Migrating schema "public" to version "29 - managed hook admission backfill"
01:45:35.152 [main] INFO org.flywaydb.core.internal.command.DbMigrate -- Migrating schema "public" to version "30 - managed tool output retention"
01:45:35.154 [main] INFO org.flywaydb.core.internal.command.DbMigrate -- Migrating schema "public" to version "31 - workspace recovery bundle"
01:45:35.155 [main] INFO org.flywaydb.core.internal.command.DbMigrate -- Migrating schema "public" to version "32 - workspace session close"
01:45:35.156 [main] INFO org.flywaydb.core.internal.command.DbMigrate -- Migrating schema "public" to version "33 - managed agent definitions"
01:45:35.156 [main] INFO org.flywaydb.core.internal.command.DbMigrate -- Migrating schema "public" to version "34 - managed tool output collection"
01:45:35.159 [main] INFO org.flywaydb.core.internal.command.DbMigrate -- Migrating schema "public" to version "35 - managed session tool profile"
01:45:35.160 [main] INFO org.flywaydb.core.internal.command.DbMigrate -- Migrating schema "public" to version "36 - managed session journal activation"
01:45:35.162 [main] INFO org.flywaydb.core.internal.command.DbMigrate -- Migrating schema "public" to version "37 - managed agent event type index"
01:45:35.163 [main] INFO org.flywaydb.core.internal.command.DbMigrate -- Migrating schema "public" to version "38 - managed snapshot deferral marker"
01:45:35.163 [main] INFO org.flywaydb.core.internal.command.DbMigrate -- Migrating schema "public" to version "39 - managed session journal sequence index"
01:45:35.164 [main] INFO org.flywaydb.core.internal.command.DbMigrate -- Migrating schema "public" to version "40 - managed session creator"
01:45:35.165 [main] INFO org.flywaydb.core.internal.command.DbMigrate -- Migrating schema "public" to version "41 - workspace csi reservation"
01:45:35.166 [main] INFO org.flywaydb.core.internal.command.DbMigrate -- Migrating schema "public" to version "42 - workspace csi retirement"
01:45:35.167 [main] INFO org.flywaydb.core.internal.command.DbMigrate -- Migrating schema "public" to version "43 - tool dispatch authorization"
01:45:35.168 [main] INFO org.flywaydb.core.internal.command.DbMigrate -- Migrating schema "public" to version "44 - workspace csi worker ack"
01:45:35.168 [main] INFO org.flywaydb.core.internal.command.DbMigrate -- Migrating schema "public" to version "45 - managed cwd operation"
01:45:35.170 [main] INFO org.flywaydb.core.internal.command.DbMigrate -- Successfully applied 45 migrations to schema "public", now at version v45 (execution time 00:00.014s)
01:45:35.180 [main] INFO org.flywaydb.core.FlywayExecutor -- Database: jdbc:h2:mem:cwd-48b1edb6-ba0f-4092-94ff-21a29ee60da9 (H2 2.3)
01:45:35.184 [main] INFO org.flywaydb.core.internal.schemahistory.JdbcTableSchemaHistory -- Schema history table "public"."flyway_schema_history" does not exist yet
01:45:35.184 [main] INFO org.flywaydb.core.internal.command.DbValidate -- Successfully validated 45 migrations (execution time 00:00.003s)
01:45:35.184 [main] INFO org.flywaydb.core.internal.schemahistory.JdbcTableSchemaHistory -- Creating Schema History table "public"."flyway_schema_history" ...
01:45:35.185 [main] INFO org.flywaydb.core.internal.command.DbMigrate -- Current version of schema "public": << Empty Schema >>
01:45:35.186 [main] INFO org.flywaydb.core.internal.command.DbMigrate -- Migrating schema "public" to version "1 - managed agent core"
01:45:35.187 [main] INFO org.flywaydb.core.internal.command.DbMigrate -- Migrating schema "public" to version "2 - managed agent projection"
01:45:35.188 [main] INFO org.flywaydb.core.internal.command.DbMigrate -- Migrating schema "public" to version "3 - runtime broker"
01:45:35.190 [main] INFO org.flywaydb.core.internal.command.DbMigrate -- Migrating schema "public" to version "4 - managed session store"
01:45:35.191 [main] INFO org.flywaydb.core.internal.command.DbMigrate -- Migrating schema "public" to version "5 - managed session lifecycle"
01:45:35.192 [main] INFO org.flywaydb.core.internal.command.DbMigrate -- Migrating schema "public" to version "6 - managed turn retry"
01:45:35.194 [main] INFO org.flywaydb.core.internal.command.DbMigrate -- Migrating schema "public" to version "7 - managed workspace binding"
01:45:35.197 [main] INFO org.flywaydb.core.internal.command.DbMigrate -- Migrating schema "public" to version "8 - managed workspace registry"
01:45:35.198 [main] INFO org.flywaydb.core.internal.command.DbMigrate -- Migrating schema "public" to version "9 - managed workspace creation command"
01:45:35.199 [main] INFO org.flywaydb.core.internal.command.DbMigrate -- Migrating schema "public" to version "10 - managed runtime context"
01:45:35.200 [main] INFO org.flywaydb.core.internal.command.DbMigrate -- Migrating schema "public" to version "11 - workspace execution"
01:45:35.201 [main] INFO org.flywaydb.core.internal.command.DbMigrate -- Migrating schema "public" to version "12 - runtime broker schema alignment"
01:45:35.202 [main] INFO org.flywaydb.core.internal.command.DbMigrate -- Migrating schema "public" to version "13 - managed session agent revision"
01:45:35.204 [main] INFO org.flywaydb.core.internal.command.DbMigrate -- Migrating schema "public" to version "14 - managed event replay"
01:45:35.211 [main] INFO org.flywaydb.core.internal.command.DbMigrate -- Migrating schema "public" to version "15 - managed event identity"
01:45:35.212 [main] INFO org.flywaydb.core.internal.command.DbMigrate -- Migrating schema "public" to version "16 - runtime loss evidence"
01:45:35.214 [main] INFO org.flywaydb.core.internal.command.DbMigrate -- Migrating schema "public" to version "17 - managed session operation"
01:45:35.215 [main] INFO org.flywaydb.core.internal.command.DbMigrate -- Migrating schema "public" to version "18 - managed extension record"
01:45:35.215 [main] INFO org.flywaydb.core.internal.command.DbMigrate -- Migrating schema "public" to version "19 - workspace operator recovery"
01:45:35.216 [main] INFO org.flywaydb.core.internal.command.DbMigrate -- Migrating schema "public" to version "20 - managed tool publication"
01:45:35.217 [main] INFO org.flywaydb.core.internal.command.DbMigrate -- Migrating schema "public" to version "21 - managed tool publication objects"
01:45:35.221 [main] INFO org.flywaydb.core.internal.command.DbMigrate -- Migrating schema "public" to version "22 - managed tool publication recovery"
01:45:35.222 [main] INFO org.flywaydb.core.internal.command.DbMigrate -- Migrating schema "public" to version "23 - managed mcp records"
01:45:35.222 [main] INFO org.flywaydb.core.internal.command.DbMigrate -- Migrating schema "public" to version "24 - managed actions"
01:45:35.224 [main] INFO org.flywaydb.core.internal.command.DbMigrate -- Migrating schema "public" to version "25 - verified workspace mount"
01:45:35.226 [main] INFO org.flywaydb.core.internal.command.DbMigrate -- Migrating schema "public" to version "26 - managed tool result projection"
01:45:35.228 [main] INFO org.flywaydb.core.internal.command.DbMigrate -- Migrating schema "public" to version "27 - managed hook records"
01:45:35.228 [main] INFO org.flywaydb.core.internal.command.DbMigrate -- Migrating schema "public" to version "28 - managed hook admission index"
01:45:35.229 [main] INFO org.flywaydb.core.internal.command.DbMigrate -- Migrating schema "public" to version "29 - managed hook admission backfill"
01:45:35.230 [main] INFO org.flywaydb.core.internal.command.DbMigrate -- Migrating schema "public" to version "30 - managed tool output retention"
01:45:35.233 [main] INFO org.flywaydb.core.internal.command.DbMigrate -- Migrating schema "public" to version "31 - workspace recovery bundle"
01:45:35.234 [main] INFO org.flywaydb.core.internal.command.DbMigrate -- Migrating schema "public" to version "32 - workspace session close"
01:45:35.235 [main] INFO org.flywaydb.core.internal.command.DbMigrate -- Migrating schema "public" to version "33 - managed agent definitions"
01:45:35.236 [main] INFO org.flywaydb.core.internal.command.DbMigrate -- Migrating schema "public" to version "34 - managed tool output collection"
01:45:35.239 [main] INFO org.flywaydb.core.internal.command.DbMigrate -- Migrating schema "public" to version "35 - managed session tool profile"
01:45:35.240 [main] INFO org.flywaydb.core.internal.command.DbMigrate -- Migrating schema "public" to version "36 - managed session journal activation"
01:45:35.241 [main] INFO org.flywaydb.core.internal.command.DbMigrate -- Migrating schema "public" to version "37 - managed agent event type index"
01:45:35.242 [main] INFO org.flywaydb.core.internal.command.DbMigrate -- Migrating schema "public" to version "38 - managed snapshot deferral marker"
01:45:35.242 [main] INFO org.flywaydb.core.internal.command.DbMigrate -- Migrating schema "public" to version "39 - managed session journal sequence index"
01:45:35.243 [main] INFO org.flywaydb.core.internal.command.DbMigrate -- Migrating schema "public" to version "40 - managed session creator"
01:45:35.244 [main] INFO org.flywaydb.core.internal.command.DbMigrate -- Migrating schema "public" to version "41 - workspace csi reservation"
01:45:35.246 [main] INFO org.flywaydb.core.internal.command.DbMigrate -- Migrating schema "public" to version "42 - workspace csi retirement"
01:45:35.246 [main] INFO org.flywaydb.core.internal.command.DbMigrate -- Migrating schema "public" to version "43 - tool dispatch authorization"
01:45:35.248 [main] INFO org.flywaydb.core.internal.command.DbMigrate -- Migrating schema "public" to version "44 - workspace csi worker ack"
01:45:35.248 [main] INFO org.flywaydb.core.internal.command.DbMigrate -- Migrating schema "public" to version "45 - managed cwd operation"
01:45:35.250 [main] INFO org.flywaydb.core.internal.command.DbMigrate -- Successfully applied 45 migrations to schema "public", now at version v45 (execution time 00:00.018s)
01:45:35.259 [main] INFO org.flywaydb.core.FlywayExecutor -- Database: jdbc:h2:mem:cwd-4ba1a927-d226-4a16-a634-e3463a3adb81 (H2 2.3)
01:45:35.265 [main] INFO org.flywaydb.core.internal.schemahistory.JdbcTableSchemaHistory -- Schema history table "public"."flyway_schema_history" does not exist yet
01:45:35.265 [main] INFO org.flywaydb.core.internal.command.DbValidate -- Successfully validated 45 migrations (execution time 00:00.006s)
01:45:35.266 [main] INFO org.flywaydb.core.internal.schemahistory.JdbcTableSchemaHistory -- Creating Schema History table "public"."flyway_schema_history" ...
01:45:35.266 [main] INFO org.flywaydb.core.internal.command.DbMigrate -- Current version of schema "public": << Empty Schema >>
01:45:35.267 [main] INFO org.flywaydb.core.internal.command.DbMigrate -- Migrating schema "public" to version "1 - managed agent core"
01:45:35.269 [main] INFO org.flywaydb.core.internal.command.DbMigrate -- Migrating schema "public" to version "2 - managed agent projection"
01:45:35.270 [main] INFO org.flywaydb.core.internal.command.DbMigrate -- Migrating schema "public" to version "3 - runtime broker"
01:45:35.272 [main] INFO org.flywaydb.core.internal.command.DbMigrate -- Migrating schema "public" to version "4 - managed session store"
01:45:35.272 [main] INFO org.flywaydb.core.internal.command.DbMigrate -- Migrating schema "public" to version "5 - managed session lifecycle"
01:45:35.274 [main] INFO org.flywaydb.core.internal.command.DbMigrate -- Migrating schema "public" to version "6 - managed turn retry"
01:45:35.275 [main] INFO org.flywaydb.core.internal.command.DbMigrate -- Migrating schema "public" to version "7 - managed workspace binding"
01:45:35.278 [main] INFO org.flywaydb.core.internal.command.DbMigrate -- Migrating schema "public" to version "8 - managed workspace registry"
01:45:35.279 [main] INFO org.flywaydb.core.internal.command.DbMigrate -- Migrating schema "public" to version "9 - managed workspace creation command"
01:45:35.280 [main] INFO org.flywaydb.core.internal.command.DbMigrate -- Migrating schema "public" to version "10 - managed runtime context"
01:45:35.281 [main] INFO org.flywaydb.core.internal.command.DbMigrate -- Migrating schema "public" to version "11 - workspace execution"
01:45:35.282 [main] INFO org.flywaydb.core.internal.command.DbMigrate -- Migrating schema "public" to version "12 - runtime broker schema alignment"
01:45:35.284 [main] INFO org.flywaydb.core.internal.command.DbMigrate -- Migrating schema "public" to version "13 - managed session agent revision"
01:45:35.285 [main] INFO org.flywaydb.core.internal.command.DbMigrate -- Migrating schema "public" to version "14 - managed event replay"
01:45:35.286 [main] INFO org.flywaydb.core.internal.command.DbMigrate -- Migrating schema "public" to version "15 - managed event identity"
01:45:35.287 [main] INFO org.flywaydb.core.internal.command.DbMigrate -- Migrating schema "public" to version "16 - runtime loss evidence"
01:45:35.289 [main] INFO org.flywaydb.core.internal.command.DbMigrate -- Migrating schema "public" to version "17 - managed session operation"
01:45:35.290 [main] INFO org.flywaydb.core.internal.command.DbMigrate -- Migrating schema "public" to version "18 - managed extension record"
01:45:35.290 [main] INFO org.flywaydb.core.internal.command.DbMigrate -- Migrating schema "public" to version "19 - workspace operator recovery"
01:45:35.291 [main] INFO org.flywaydb.core.internal.command.DbMigrate -- Migrating schema "public" to version "20 - managed tool publication"
01:45:35.292 [main] INFO org.flywaydb.core.internal.command.DbMigrate -- Migrating schema "public" to version "21 - managed tool publication objects"
01:45:35.296 [main] INFO org.flywaydb.core.internal.command.DbMigrate -- Migrating schema "public" to version "22 - managed tool publication recovery"
01:45:35.297 [main] INFO org.flywaydb.core.internal.command.DbMigrate -- Migrating schema "public" to version "23 - managed mcp records"
01:45:35.298 [main] INFO org.flywaydb.core.internal.command.DbMigrate -- Migrating schema "public" to version "24 - managed actions"
01:45:35.301 [main] INFO org.flywaydb.core.internal.command.DbMigrate -- Migrating schema "public" to version "25 - verified workspace mount"
01:45:35.303 [main] INFO org.flywaydb.core.internal.command.DbMigrate -- Migrating schema "public" to version "26 - managed tool result projection"
01:45:35.305 [main] INFO org.flywaydb.core.internal.command.DbMigrate -- Migrating schema "public" to version "27 - managed hook records"
01:45:35.306 [main] INFO org.flywaydb.core.internal.command.DbMigrate -- Migrating schema "public" to version "28 - managed hook admission index"
01:45:35.307 [main] INFO org.flywaydb.core.internal.command.DbMigrate -- Migrating schema "public" to version "29 - managed hook admission backfill"
01:45:35.308 [main] INFO org.flywaydb.core.internal.command.DbMigrate -- Migrating schema "public" to version "30 - managed tool output retention"
01:45:35.309 [main] INFO org.flywaydb.core.internal.command.DbMigrate -- Migrating schema "public" to version "31 - workspace recovery bundle"
01:45:35.311 [main] INFO org.flywaydb.core.internal.command.DbMigrate -- Migrating schema "public" to version "32 - workspace session close"
01:45:35.311 [main] INFO org.flywaydb.core.internal.command.DbMigrate -- Migrating schema "public" to version "33 - managed agent definitions"
01:45:35.312 [main] INFO org.flywaydb.core.internal.command.DbMigrate -- Migrating schema "public" to version "34 - managed tool output collection"
01:45:35.315 [main] INFO org.flywaydb.core.internal.command.DbMigrate -- Migrating schema "public" to version "35 - managed session tool profile"
01:45:35.316 [main] INFO org.flywaydb.core.internal.command.DbMigrate -- Migrating schema "public" to version "36 - managed session journal activation"
01:45:35.317 [main] INFO org.flywaydb.core.internal.command.DbMigrate -- Migrating schema "public" to version "37 - managed agent event type index"
01:45:35.318 [main] INFO org.flywaydb.core.internal.command.DbMigrate -- Migrating schema "public" to version "38 - managed snapshot deferral marker"
01:45:35.318 [main] INFO org.flywaydb.core.internal.command.DbMigrate -- Migrating schema "public" to version "39 - managed session journal sequence index"
01:45:35.319 [main] INFO org.flywaydb.core.internal.command.DbMigrate -- Migrating schema "public" to version "40 - managed session creator"
01:45:35.320 [main] INFO org.flywaydb.core.internal.command.DbMigrate -- Migrating schema "public" to version "41 - workspace csi reservation"
01:45:35.322 [main] INFO org.flywaydb.core.internal.command.DbMigrate -- Migrating schema "public" to version "42 - workspace csi retirement"
01:45:35.322 [main] INFO org.flywaydb.core.internal.command.DbMigrate -- Migrating schema "public" to version "43 - tool dispatch authorization"
01:45:35.323 [main] INFO org.flywaydb.core.internal.command.DbMigrate -- Migrating schema "public" to version "44 - workspace csi worker ack"
01:45:35.324 [main] INFO org.flywaydb.core.internal.command.DbMigrate -- Migrating schema "public" to version "45 - managed cwd operation"
01:45:35.325 [main] INFO org.flywaydb.core.internal.command.DbMigrate -- Successfully applied 45 migrations to schema "public", now at version v45 (execution time 00:00.017s)
01:45:35.334 [main] INFO org.flywaydb.core.FlywayExecutor -- Database: jdbc:h2:mem:cwd-162b8699-dbc5-497c-90e2-226812e91c71 (H2 2.3)
01:45:35.338 [main] INFO org.flywaydb.core.internal.schemahistory.JdbcTableSchemaHistory -- Schema history table "public"."flyway_schema_history" does not exist yet
01:45:35.338 [main] INFO org.flywaydb.core.internal.command.DbValidate -- Successfully validated 45 migrations (execution time 00:00.003s)
01:45:35.338 [main] INFO org.flywaydb.core.internal.schemahistory.JdbcTableSchemaHistory -- Creating Schema History table "public"."flyway_schema_history" ...
01:45:35.339 [main] INFO org.flywaydb.core.internal.command.DbMigrate -- Current version of schema "public": << Empty Schema >>
01:45:35.340 [main] INFO org.flywaydb.core.internal.command.DbMigrate -- Migrating schema "public" to version "1 - managed agent core"
01:45:35.341 [main] INFO org.flywaydb.core.internal.command.DbMigrate -- Migrating schema "public" to version "2 - managed agent projection"
01:45:35.343 [main] INFO org.flywaydb.core.internal.command.DbMigrate -- Migrating schema "public" to version "3 - runtime broker"
01:45:35.344 [main] INFO org.flywaydb.core.internal.command.DbMigrate -- Migrating schema "public" to version "4 - managed session store"
01:45:35.345 [main] INFO org.flywaydb.core.internal.command.DbMigrate -- Migrating schema "public" to version "5 - managed session lifecycle"
01:45:35.346 [main] INFO org.flywaydb.core.internal.command.DbMigrate -- Migrating schema "public" to version "6 - managed turn retry"
01:45:35.347 [main] INFO org.flywaydb.core.internal.command.DbMigrate -- Migrating schema "public" to version "7 - managed workspace binding"
01:45:35.350 [main] INFO org.flywaydb.core.internal.command.DbMigrate -- Migrating schema "public" to version "8 - managed workspace registry"
01:45:35.351 [main] INFO org.flywaydb.core.internal.command.DbMigrate -- Migrating schema "public" to version "9 - managed workspace creation command"
01:45:35.351 [main] INFO org.flywaydb.core.internal.command.DbMigrate -- Migrating schema "public" to version "10 - managed runtime context"
01:45:35.352 [main] INFO org.flywaydb.core.internal.command.DbMigrate -- Migrating schema "public" to version "11 - workspace execution"
01:45:35.353 [main] INFO org.flywaydb.core.internal.command.DbMigrate -- Migrating schema "public" to version "12 - runtime broker schema alignment"
01:45:35.354 [main] INFO org.flywaydb.core.internal.command.DbMigrate -- Migrating schema "public" to version "13 - managed session agent revision"
01:45:35.355 [main] INFO org.flywaydb.core.internal.command.DbMigrate -- Migrating schema "public" to version "14 - managed event replay"
01:45:35.356 [main] INFO org.flywaydb.core.internal.command.DbMigrate -- Migrating schema "public" to version "15 - managed event identity"
01:45:35.357 [main] INFO org.flywaydb.core.internal.command.DbMigrate -- Migrating schema "public" to version "16 - runtime loss evidence"
01:45:35.358 [main] INFO org.flywaydb.core.internal.command.DbMigrate -- Migrating schema "public" to version "17 - managed session operation"
01:45:35.359 [main] INFO org.flywaydb.core.internal.command.DbMigrate -- Migrating schema "public" to version "18 - managed extension record"
01:45:35.359 [main] INFO org.flywaydb.core.internal.command.DbMigrate -- Migrating schema "public" to version "19 - workspace operator recovery"
01:45:35.360 [main] INFO org.flywaydb.core.internal.command.DbMigrate -- Migrating schema "public" to version "20 - managed tool publication"
01:45:35.361 [main] INFO org.flywaydb.core.internal.command.DbMigrate -- Migrating schema "public" to version "21 - managed tool publication objects"
01:45:35.365 [main] INFO org.flywaydb.core.internal.command.DbMigrate -- Migrating schema "public" to version "22 - managed tool publication recovery"
01:45:35.365 [main] INFO org.flywaydb.core.internal.command.DbMigrate -- Migrating schema "public" to version "23 - managed mcp records"
01:45:35.366 [main] INFO org.flywaydb.core.internal.command.DbMigrate -- Migrating schema "public" to version "24 - managed actions"
01:45:35.369 [main] INFO org.flywaydb.core.internal.command.DbMigrate -- Migrating schema "public" to version "25 - verified workspace mount"
01:45:35.371 [main] INFO org.flywaydb.core.internal.command.DbMigrate -- Migrating schema "public" to version "26 - managed tool result projection"
01:45:35.372 [main] INFO org.flywaydb.core.internal.command.DbMigrate -- Migrating schema "public" to version "27 - managed hook records"
01:45:35.373 [main] INFO org.flywaydb.core.internal.command.DbMigrate -- Migrating schema "public" to version "28 - managed hook admission index"
01:45:35.375 [main] INFO org.flywaydb.core.internal.command.DbMigrate -- Migrating schema "public" to version "29 - managed hook admission backfill"
01:45:35.375 [main] INFO org.flywaydb.core.internal.command.DbMigrate -- Migrating schema "public" to version "30 - managed tool output retention"
01:45:35.377 [main] INFO org.flywaydb.core.internal.command.DbMigrate -- Migrating schema "public" to version "31 - workspace recovery bundle"
01:45:35.378 [main] INFO org.flywaydb.core.internal.command.DbMigrate -- Migrating schema "public" to version "32 - workspace session close"
01:45:35.378 [main] INFO org.flywaydb.core.internal.command.DbMigrate -- Migrating schema "public" to version "33 - managed agent definitions"
01:45:35.379 [main] INFO org.flywaydb.core.internal.command.DbMigrate -- Migrating schema "public" to version "34 - managed tool output collection"
01:45:35.382 [main] INFO org.flywaydb.core.internal.command.DbMigrate -- Migrating schema "public" to version "35 - managed session tool profile"
01:45:35.383 [main] INFO org.flywaydb.core.internal.command.DbMigrate -- Migrating schema "public" to version "36 - managed session journal activation"
01:45:35.385 [main] INFO org.flywaydb.core.internal.command.DbMigrate -- Migrating schema "public" to version "37 - managed agent event type index"
01:45:35.385 [main] INFO org.flywaydb.core.internal.command.DbMigrate -- Migrating schema "public" to version "38 - managed snapshot deferral marker"
01:45:35.386 [main] INFO org.flywaydb.core.internal.command.DbMigrate -- Migrating schema "public" to version "39 - managed session journal sequence index"
01:45:35.387 [main] INFO org.flywaydb.core.internal.command.DbMigrate -- Migrating schema "public" to version "40 - managed session creator"
01:45:35.389 [main] INFO org.flywaydb.core.internal.command.DbMigrate -- Migrating schema "public" to version "41 - workspace csi reservation"
01:45:35.391 [main] INFO org.flywaydb.core.internal.command.DbMigrate -- Migrating schema "public" to version "42 - workspace csi retirement"
01:45:35.391 [main] INFO org.flywaydb.core.internal.command.DbMigrate -- Migrating schema "public" to version "43 - tool dispatch authorization"
01:45:35.393 [main] INFO org.flywaydb.core.internal.command.DbMigrate -- Migrating schema "public" to version "44 - workspace csi worker ack"
01:45:35.393 [main] INFO org.flywaydb.core.internal.command.DbMigrate -- Migrating schema "public" to version "45 - managed cwd operation"
01:45:35.395 [main] INFO org.flywaydb.core.internal.command.DbMigrate -- Successfully applied 45 migrations to schema "public", now at version v45 (execution time 00:00.013s)
01:45:35.404 [main] INFO org.flywaydb.core.FlywayExecutor -- Database: jdbc:h2:mem:cwd-c627b8a4-c328-42cd-b3f5-f4f69b36e069 (H2 2.3)
01:45:35.412 [main] INFO org.flywaydb.core.internal.schemahistory.JdbcTableSchemaHistory -- Schema history table "public"."flyway_schema_history" does not exist yet
01:45:35.412 [main] INFO org.flywaydb.core.internal.command.DbValidate -- Successfully validated 45 migrations (execution time 00:00.007s)
01:45:35.412 [main] INFO org.flywaydb.core.internal.schemahistory.JdbcTableSchemaHistory -- Creating Schema History table "public"."flyway_schema_history" ...
01:45:35.413 [main] INFO org.flywaydb.core.internal.command.DbMigrate -- Current version of schema "public": << Empty Schema >>
01:45:35.414 [main] INFO org.flywaydb.core.internal.command.DbMigrate -- Migrating schema "public" to version "1 - managed agent core"
01:45:35.415 [main] INFO org.flywaydb.core.internal.command.DbMigrate -- Migrating schema "public" to version "2 - managed agent projection"
01:45:35.416 [main] INFO org.flywaydb.core.internal.command.DbMigrate -- Migrating schema "public" to version "3 - runtime broker"
01:45:35.418 [main] INFO org.flywaydb.core.internal.command.DbMigrate -- Migrating schema "public" to version "4 - managed session store"
01:45:35.418 [main] INFO org.flywaydb.core.internal.command.DbMigrate -- Migrating schema "public" to version "5 - managed session lifecycle"
01:45:35.419 [main] INFO org.flywaydb.core.internal.command.DbMigrate -- Migrating schema "public" to version "6 - managed turn retry"
01:45:35.420 [main] INFO org.flywaydb.core.internal.command.DbMigrate -- Migrating schema "public" to version "7 - managed workspace binding"
01:45:35.424 [main] INFO org.flywaydb.core.internal.command.DbMigrate -- Migrating schema "public" to version "8 - managed workspace registry"
01:45:35.425 [main] INFO org.flywaydb.core.internal.command.DbMigrate -- Migrating schema "public" to version "9 - managed workspace creation command"
01:45:35.425 [main] INFO org.flywaydb.core.internal.command.DbMigrate -- Migrating schema "public" to version "10 - managed runtime context"
01:45:35.426 [main] INFO org.flywaydb.core.internal.command.DbMigrate -- Migrating schema "public" to version "11 - workspace execution"
01:45:35.427 [main] INFO org.flywaydb.core.internal.command.DbMigrate -- Migrating schema "public" to version "12 - runtime broker schema alignment"
01:45:35.428 [main] INFO org.flywaydb.core.internal.command.DbMigrate -- Migrating schema "public" to version "13 - managed session agent revision"
01:45:35.429 [main] INFO org.flywaydb.core.internal.command.DbMigrate -- Migrating schema "public" to version "14 - managed event replay"
01:45:35.431 [main] INFO org.flywaydb.core.internal.command.DbMigrate -- Migrating schema "public" to version "15 - managed event identity"
01:45:35.432 [main] INFO org.flywaydb.core.internal.command.DbMigrate -- Migrating schema "public" to version "16 - runtime loss evidence"
01:45:35.434 [main] INFO org.flywaydb.core.internal.command.DbMigrate -- Migrating schema "public" to version "17 - managed session operation"
01:45:35.435 [main] INFO org.flywaydb.core.internal.command.DbMigrate -- Migrating schema "public" to version "18 - managed extension record"
01:45:35.435 [main] INFO org.flywaydb.core.internal.command.DbMigrate -- Migrating schema "public" to version "19 - workspace operator recovery"
01:45:35.436 [main] INFO org.flywaydb.core.internal.command.DbMigrate -- Migrating schema "public" to version "20 - managed tool publication"
01:45:35.437 [main] INFO org.flywaydb.core.internal.command.DbMigrate -- Migrating schema "public" to version "21 - managed tool publication objects"
01:45:35.441 [main] INFO org.flywaydb.core.internal.command.DbMigrate -- Migrating schema "public" to version "22 - managed tool publication recovery"
01:45:35.442 [main] INFO org.flywaydb.core.internal.command.DbMigrate -- Migrating schema "public" to version "23 - managed mcp records"
01:45:35.442 [main] INFO org.flywaydb.core.internal.command.DbMigrate -- Migrating schema "public" to version "24 - managed actions"
01:45:35.445 [main] INFO org.flywaydb.core.internal.command.DbMigrate -- Migrating schema "public" to version "25 - verified workspace mount"
01:45:35.447 [main] INFO org.flywaydb.core.internal.command.DbMigrate -- Migrating schema "public" to version "26 - managed tool result projection"
01:45:35.449 [main] INFO org.flywaydb.core.internal.command.DbMigrate -- Migrating schema "public" to version "27 - managed hook records"
01:45:35.449 [main] INFO org.flywaydb.core.internal.command.DbMigrate -- Migrating schema "public" to version "28 - managed hook admission index"
01:45:35.450 [main] INFO org.flywaydb.core.internal.command.DbMigrate -- Migrating schema "public" to version "29 - managed hook admission backfill"
01:45:35.451 [main] INFO org.flywaydb.core.internal.command.DbMigrate -- Migrating schema "public" to version "30 - managed tool output retention"
01:45:35.453 [main] INFO org.flywaydb.core.internal.command.DbMigrate -- Migrating schema "public" to version "31 - workspace recovery bundle"
01:45:35.454 [main] INFO org.flywaydb.core.internal.command.DbMigrate -- Migrating schema "public" to version "32 - workspace session close"
01:45:35.455 [main] INFO org.flywaydb.core.internal.command.DbMigrate -- Migrating schema "public" to version "33 - managed agent definitions"
01:45:35.456 [main] INFO org.flywaydb.core.internal.command.DbMigrate -- Migrating schema "public" to version "34 - managed tool output collection"
01:45:35.459 [main] INFO org.flywaydb.core.internal.command.DbMigrate -- Migrating schema "public" to version "35 - managed session tool profile"
01:45:35.461 [main] INFO org.flywaydb.core.internal.command.DbMigrate -- Migrating schema "public" to version "36 - managed session journal activation"
01:45:35.463 [main] INFO org.flywaydb.core.internal.command.DbMigrate -- Migrating schema "public" to version "37 - managed agent event type index"
01:45:35.463 [main] INFO org.flywaydb.core.internal.command.DbMigrate -- Migrating schema "public" to version "38 - managed snapshot deferral marker"
01:45:35.464 [main] INFO org.flywaydb.core.internal.command.DbMigrate -- Migrating schema "public" to version "39 - managed session journal sequence index"
01:45:35.464 [main] INFO org.flywaydb.core.internal.command.DbMigrate -- Migrating schema "public" to version "40 - managed session creator"
01:45:35.466 [main] INFO org.flywaydb.core.internal.command.DbMigrate -- Migrating schema "public" to version "41 - workspace csi reservation"
01:45:35.467 [main] INFO org.flywaydb.core.internal.command.DbMigrate -- Migrating schema "public" to version "42 - workspace csi retirement"
01:45:35.470 [main] INFO org.flywaydb.core.internal.command.DbMigrate -- Migrating schema "public" to version "43 - tool dispatch authorization"
01:45:35.474 [main] INFO org.flywaydb.core.internal.command.DbMigrate -- Migrating schema "public" to version "44 - workspace csi worker ack"
01:45:35.475 [main] INFO org.flywaydb.core.internal.command.DbMigrate -- Migrating schema "public" to version "45 - managed cwd operation"
01:45:35.477 [main] INFO org.flywaydb.core.internal.command.DbMigrate -- Successfully applied 45 migrations to schema "public", now at version v45 (execution time 00:00.018s)
01:45:35.482 [main] INFO com.alibaba.qwen.code.managedagent.service.SessionLifecycleCoordinator -- Managed Session cwd change probe deferred tenant=cwd-tenant session=11125305-45d2-4fcb-96df-ad97fe4c1143 operation=op_982dcccd08334bde838dd2d99f58fbe9 code=workspace_unavailable Workspace mount cannot be verified right now.
com.alibaba.qwen.code.runtimebroker.RuntimeBrokerException: Workspace mount cannot be verified right now.
	at com.alibaba.qwen.code.managedagent.store.WorkspaceExecutionStore.unavailableTransient(WorkspaceExecutionStore.java:302)
	at com.alibaba.qwen.code.managedagent.ManagedCwdChangeOperationTest.coordinatorRetriesARetryableProbeRefusalThenSettles(ManagedCwdChangeOperationTest.java:1098)
	at java.base/jdk.internal.reflect.DirectMethodHandleAccessor.invoke(DirectMethodHandleAccessor.java:103)
	at java.base/java.lang.reflect.Method.invoke(Method.java:580)
	at org.junit.platform.commons.util.ReflectionUtils.invokeMethod(ReflectionUtils.java:775)
	at org.junit.platform.commons.support.ReflectionSupport.invokeMethod(ReflectionSupport.java:479)
	at org.junit.jupiter.engine.execution.MethodInvocation.proceed(MethodInvocation.java:60)
	at org.junit.jupiter.engine.execution.InvocationInterceptorChain$ValidatingInvocation.proceed(InvocationInterceptorChain.java:131)
	at org.junit.jupiter.engine.extension.TimeoutExtension.intercept(TimeoutExtension.java:161)
	at org.junit.jupiter.engine.extension.TimeoutExtension.interceptTestableMethod(TimeoutExtension.java:152)
	at org.junit.jupiter.engine.extension.TimeoutExtension.interceptTestMethod(TimeoutExtension.java:91)
	at org.junit.jupiter.engine.execution.InterceptingExecutableInvoker$ReflectiveInterceptorCall.lambda$ofVoidMethod$0(InterceptingExecutableInvoker.java:112)
	at org.junit.jupiter.engine.execution.InterceptingExecutableInvoker.lambda$invoke$0(InterceptingExecutableInvoker.java:94)
	at org.junit.jupiter.engine.execution.InvocationInterceptorChain$InterceptedInvocation.proceed(InvocationInterceptorChain.java:106)
	at org.junit.jupiter.engine.execution.InvocationInterceptorChain.proceed(InvocationInterceptorChain.java:64)
	at org.junit.jupiter.engine.execution.InvocationInterceptorChain.chainAndInvoke(InvocationInterceptorChain.java:45)
	at org.junit.jupiter.engine.execution.InvocationInterceptorChain.invoke(InvocationInterceptorChain.java:37)
	at org.junit.jupiter.engine.execution.InterceptingExecutableInvoker.invoke(InterceptingExecutableInvoker.java:93)
	at org.junit.jupiter.engine.execution.InterceptingExecutableInvoker.invoke(InterceptingExecutableInvoker.java:87)
	at org.junit.jupiter.engine.descriptor.TestMethodTestDescriptor.lambda$invokeTestMethod$7(TestMethodTestDescriptor.java:216)
	at org.junit.platform.engine.support.hierarchical.ThrowableCollector.execute(ThrowableCollector.java:73)
	at org.junit.jupiter.engine.descriptor.TestMethodTestDescriptor.invokeTestMethod(TestMethodTestDescriptor.java:212)
	at org.junit.jupiter.engine.descriptor.TestMethodTestDescriptor.execute(TestMethodTestDescriptor.java:137)
	at org.junit.jupiter.engine.descriptor.TestMethodTestDescriptor.execute(TestMethodTestDescriptor.java:69)
	at org.junit.platform.engine.support.hierarchical.NodeTestTask.lambda$executeRecursively$6(NodeTestTask.java:156)
	at org.junit.platform.engine.support.hierarchical.ThrowableCollector.execute(ThrowableCollector.java:73)
	at org.junit.platform.engine.support.hierarchical.NodeTestTask.lambda$executeRecursively$8(NodeTestTask.java:146)
	at org.junit.platform.engine.support.hierarchical.Node.around(Node.java:137)
	at org.junit.platform.engine.support.hierarchical.NodeTestTask.lambda$executeRecursively$9(NodeTestTask.java:144)
	at org.junit.platform.engine.support.hierarchical.ThrowableCollector.execute(ThrowableCollector.java:73)
	at org.junit.platform.engine.support.hierarchical.NodeTestTask.executeRecursively(NodeTestTask.java:143)
	at org.junit.platform.engine.support.hierarchical.NodeTestTask.execute(NodeTestTask.java:100)
	at java.base/java.util.ArrayList.forEach(ArrayList.java:1596)
	at org.junit.platform.engine.support.hierarchical.SameThreadHierarchicalTestExecutorService.invokeAll(SameThreadHierarchicalTestExecutorService.java:41)
	at org.junit.platform.engine.support.hierarchical.NodeTestTask.lambda$executeRecursively$6(NodeTestTask.java:160)
	at org.junit.platform.engine.support.hierarchical.ThrowableCollector.execute(ThrowableCollector.java:73)
	at org.junit.platform.engine.support.hierarchical.NodeTestTask.lambda$executeRecursively$8(NodeTestTask.java:146)
	at org.junit.platform.engine.support.hierarchical.Node.around(Node.java:137)
	at org.junit.platform.engine.support.hierarchical.NodeTestTask.lambda$executeRecursively$9(NodeTestTask.java:144)
	at org.junit.platform.engine.support.hierarchical.ThrowableCollector.execute(ThrowableCollector.java:73)
	at org.junit.platform.engine.support.hierarchical.NodeTestTask.executeRecursively(NodeTestTask.java:143)
	at org.junit.platform.engine.support.hierarchical.NodeTestTask.execute(NodeTestTask.java:100)
	at java.base/java.util.ArrayList.forEach(ArrayList.java:1596)
	at org.junit.platform.engine.support.hierarchical.SameThreadHierarchicalTestExecutorService.invokeAll(SameThreadHierarchicalTestExecutorService.java:41)
	at org.junit.platform.engine.support.hierarchical.NodeTestTask.lambda$executeRecursively$6(NodeTestTask.java:160)
	at org.junit.platform.engine.support.hierarchical.ThrowableCollector.execute(ThrowableCollector.java:73)
	at org.junit.platform.engine.support.hierarchical.NodeTestTask.lambda$executeRecursively$8(NodeTestTask.java:146)
	at org.junit.platform.engine.support.hierarchical.Node.around(Node.java:137)
	at org.junit.platform.engine.support.hierarchical.NodeTestTask.lambda$executeRecursively$9(NodeTestTask.java:144)
	at org.junit.platform.engine.support.hierarchical.ThrowableCollector.execute(ThrowableCollector.java:73)
	at org.junit.platform.engine.support.hierarchical.NodeTestTask.executeRecursively(NodeTestTask.java:143)
	at org.junit.platform.engine.support.hierarchical.NodeTestTask.execute(NodeTestTask.java:100)
	at org.junit.platform.engine.support.hierarchical.SameThreadHierarchicalTestExecutorService.submit(SameThreadHierarchicalTestExecutorService.java:35)
	at org.junit.platform.engine.support.hierarchical.HierarchicalTestExecutor.execute(HierarchicalTestExecutor.java:57)
	at org.junit.platform.engine.support.hierarchical.HierarchicalTestEngine.execute(HierarchicalTestEngine.java:54)
	at org.junit.platform.launcher.core.EngineExecutionOrchestrator.execute(EngineExecutionOrchestrator.java:201)
	at org.junit.platform.launcher.core.EngineExecutionOrchestrator.execute(EngineExecutionOrchestrator.java:170)
	at org.junit.platform.launcher.core.EngineExecutionOrchestrator.execute(EngineExecutionOrchestrator.java:94)
	at org.junit.platform.launcher.core.EngineExecutionOrchestrator.lambda$execute$0(EngineExecutionOrchestrator.java:59)
	at org.junit.platform.launcher.core.EngineExecutionOrchestrator.withInterceptedStreams(EngineExecutionOrchestrator.java:142)
	at org.junit.platform.launcher.core.EngineExecutionOrchestrator.execute(EngineExecutionOrchestrator.java:58)
	at org.junit.platform.launcher.core.DefaultLauncher.execute(DefaultLauncher.java:103)
	at org.junit.platform.launcher.core.DefaultLauncher.execute(DefaultLauncher.java:85)
	at org.junit.platform.launcher.core.DelegatingLauncher.execute(DelegatingLauncher.java:47)
	at org.junit.platform.launcher.core.InterceptingLauncher.lambda$execute$1(InterceptingLauncher.java:39)
	at org.junit.platform.launcher.core.ClasspathAlignmentCheckingLauncherInterceptor.intercept(ClasspathAlignmentCheckingLauncherInterceptor.java:25)
	at org.junit.platform.launcher.core.InterceptingLauncher.execute(InterceptingLauncher.java:38)
	at org.junit.platform.launcher.core.DelegatingLauncher.execute(DelegatingLauncher.java:47)
	at org.apache.maven.surefire.junitplatform.LauncherAdapter.executeWithoutCancellationToken(LauncherAdapter.java:60)
	at org.apache.maven.surefire.junitplatform.LauncherAdapter.execute(LauncherAdapter.java:52)
	at org.apache.maven.surefire.junitplatform.JUnitPlatformProvider.execute(JUnitPlatformProvider.java:203)
	at org.apache.maven.surefire.junitplatform.JUnitPlatformProvider.invokeAllTests(JUnitPlatformProvider.java:168)
	at org.apache.maven.surefire.junitplatform.JUnitPlatformProvider.invoke(JUnitPlatformProvider.java:136)
	at org.apache.maven.surefire.booter.ForkedBooter.runSuitesInProcess(ForkedBooter.java:385)
	at org.apache.maven.surefire.booter.ForkedBooter.execute(ForkedBooter.java:162)
	at org.apache.maven.surefire.booter.ForkedBooter.run(ForkedBooter.java:507)
	at org.apache.maven.surefire.booter.ForkedBooter.main(ForkedBooter.java:495)
Caused by: java.io.IOException: stale mount handle
	... 76 common frames omitted
01:45:35.483 [main] WARN com.alibaba.qwen.code.managedagent.service.SessionLifecycleCoordinator -- Managed Session operation will retry tenant=cwd-tenant session=11125305-45d2-4fcb-96df-ad97fe4c1143 operation=op_982dcccd08334bde838dd2d99f58fbe9 retry=1 delayMs=1000 failure=RuntimeBrokerException Workspace mount cannot be verified right now.
com.alibaba.qwen.code.runtimebroker.RuntimeBrokerException: Workspace mount cannot be verified right now.
	at com.alibaba.qwen.code.managedagent.store.WorkspaceExecutionStore.unavailableTransient(WorkspaceExecutionStore.java:302)
	at com.alibaba.qwen.code.managedagent.ManagedCwdChangeOperationTest.coordinatorRetriesARetryableProbeRefusalThenSettles(ManagedCwdChangeOperationTest.java:1098)
	at java.base/jdk.internal.reflect.DirectMethodHandleAccessor.invoke(DirectMethodHandleAccessor.java:103)
	at java.base/java.lang.reflect.Method.invoke(Method.java:580)
	at org.junit.platform.commons.util.ReflectionUtils.invokeMethod(ReflectionUtils.java:775)
	at org.junit.platform.commons.support.ReflectionSupport.invokeMethod(ReflectionSupport.java:479)
	at org.junit.jupiter.engine.execution.MethodInvocation.proceed(MethodInvocation.java:60)
	at org.junit.jupiter.engine.execution.InvocationInterceptorChain$ValidatingInvocation.proceed(InvocationInterceptorChain.java:131)
	at org.junit.jupiter.engine.extension.TimeoutExtension.intercept(TimeoutExtension.java:161)
	at org.junit.jupiter.engine.extension.TimeoutExtension.interceptTestableMethod(TimeoutExtension.java:152)
	at org.junit.jupiter.engine.extension.TimeoutExtension.interceptTestMethod(TimeoutExtension.java:91)
	at org.junit.jupiter.engine.execution.InterceptingExecutableInvoker$ReflectiveInterceptorCall.lambda$ofVoidMethod$0(InterceptingExecutableInvoker.java:112)
	at org.junit.jupiter.engine.execution.InterceptingExecutableInvoker.lambda$invoke$0(InterceptingExecutableInvoker.java:94)
	at org.junit.jupiter.engine.execution.InvocationInterceptorChain$InterceptedInvocation.proceed(InvocationInterceptorChain.java:106)
	at org.junit.jupiter.engine.execution.InvocationInterceptorChain.proceed(InvocationInterceptorChain.java:64)
	at org.junit.jupiter.engine.execution.InvocationInterceptorChain.chainAndInvoke(InvocationInterceptorChain.java:45)
	at org.junit.jupiter.engine.execution.InvocationInterceptorChain.invoke(InvocationInterceptorChain.java:37)
	at org.junit.jupiter.engine.execution.InterceptingExecutableInvoker.invoke(InterceptingExecutableInvoker.java:93)
	at org.junit.jupiter.engine.execution.InterceptingExecutableInvoker.invoke(InterceptingExecutableInvoker.java:87)
	at org.junit.jupiter.engine.descriptor.TestMethodTestDescriptor.lambda$invokeTestMethod$7(TestMethodTestDescriptor.java:216)
	at org.junit.platform.engine.support.hierarchical.ThrowableCollector.execute(ThrowableCollector.java:73)
	at org.junit.jupiter.engine.descriptor.TestMethodTestDescriptor.invokeTestMethod(TestMethodTestDescriptor.java:212)
	at org.junit.jupiter.engine.descriptor.TestMethodTestDescriptor.execute(TestMethodTestDescriptor.java:137)
	at org.junit.jupiter.engine.descriptor.TestMethodTestDescriptor.execute(TestMethodTestDescriptor.java:69)
	at org.junit.platform.engine.support.hierarchical.NodeTestTask.lambda$executeRecursively$6(NodeTestTask.java:156)
	at org.junit.platform.engine.support.hierarchical.ThrowableCollector.execute(ThrowableCollector.java:73)
	at org.junit.platform.engine.support.hierarchical.NodeTestTask.lambda$executeRecursively$8(NodeTestTask.java:146)
	at org.junit.platform.engine.support.hierarchical.Node.around(Node.java:137)
	at org.junit.platform.engine.support.hierarchical.NodeTestTask.lambda$executeRecursively$9(NodeTestTask.java:144)
	at org.junit.platform.engine.support.hierarchical.ThrowableCollector.execute(ThrowableCollector.java:73)
	at org.junit.platform.engine.support.hierarchical.NodeTestTask.executeRecursively(NodeTestTask.java:143)
	at org.junit.platform.engine.support.hierarchical.NodeTestTask.execute(NodeTestTask.java:100)
	at java.base/java.util.ArrayList.forEach(ArrayList.java:1596)
	at org.junit.platform.engine.support.hierarchical.SameThreadHierarchicalTestExecutorService.invokeAll(SameThreadHierarchicalTestExecutorService.java:41)
	at org.junit.platform.engine.support.hierarchical.NodeTestTask.lambda$executeRecursively$6(NodeTestTask.java:160)
	at org.junit.platform.engine.support.hierarchical.ThrowableCollector.execute(ThrowableCollector.java:73)
	at org.junit.platform.engine.support.hierarchical.NodeTestTask.lambda$executeRecursively$8(NodeTestTask.java:146)
	at org.junit.platform.engine.support.hierarchical.Node.around(Node.java:137)
	at org.junit.platform.engine.support.hierarchical.NodeTestTask.lambda$executeRecursively$9(NodeTestTask.java:144)
	at org.junit.platform.engine.support.hierarchical.ThrowableCollector.execute(ThrowableCollector.java:73)
	at org.junit.platform.engine.support.hierarchical.NodeTestTask.executeRecursively(NodeTestTask.java:143)
	at org.junit.platform.engine.support.hierarchical.NodeTestTask.execute(NodeTestTask.java:100)
	at java.base/java.util.ArrayList.forEach(ArrayList.java:1596)
	at org.junit.platform.engine.support.hierarchical.SameThreadHierarchicalTestExecutorService.invokeAll(SameThreadHierarchicalTestExecutorService.java:41)
	at org.junit.platform.engine.support.hierarchical.NodeTestTask.lambda$executeRecursively$6(NodeTestTask.java:160)
	at org.junit.platform.engine.support.hierarchical.ThrowableCollector.execute(ThrowableCollector.java:73)
	at org.junit.platform.engine.support.hierarchical.NodeTestTask.lambda$executeRecursively$8(NodeTestTask.java:146)
	at org.junit.platform.engine.support.hierarchical.Node.around(Node.java:137)
	at org.junit.platform.engine.support.hierarchical.NodeTestTask.lambda$executeRecursively$9(NodeTestTask.java:144)
	at org.junit.platform.engine.support.hierarchical.ThrowableCollector.execute(ThrowableCollector.java:73)
	at org.junit.platform.engine.support.hierarchical.NodeTestTask.executeRecursively(NodeTestTask.java:143)
	at org.junit.platform.engine.support.hierarchical.NodeTestTask.execute(NodeTestTask.java:100)
	at org.junit.platform.engine.support.hierarchical.SameThreadHierarchicalTestExecutorService.submit(SameThreadHierarchicalTestExecutorService.java:35)
	at org.junit.platform.engine.support.hierarchical.HierarchicalTestExecutor.execute(HierarchicalTestExecutor.java:57)
	at org.junit.platform.engine.support.hierarchical.HierarchicalTestEngine.execute(HierarchicalTestEngine.java:54)
	at org.junit.platform.launcher.core.EngineExecutionOrchestrator.execute(EngineExecutionOrchestrator.java:201)
	at org.junit.platform.launcher.core.EngineExecutionOrchestrator.execute(EngineExecutionOrchestrator.java:170)
	at org.junit.platform.launcher.core.EngineExecutionOrchestrator.execute(EngineExecutionOrchestrator.java:94)
	at org.junit.platform.launcher.core.EngineExecutionOrchestrator.lambda$execute$0(EngineExecutionOrchestrator.java:59)
	at org.junit.platform.launcher.core.EngineExecutionOrchestrator.withInterceptedStreams(EngineExecutionOrchestrator.java:142)
	at org.junit.platform.launcher.core.EngineExecutionOrchestrator.execute(EngineExecutionOrchestrator.java:58)
	at org.junit.platform.launcher.core.DefaultLauncher.execute(DefaultLauncher.java:103)
	at org.junit.platform.launcher.core.DefaultLauncher.execute(DefaultLauncher.java:85)
	at org.junit.platform.launcher.core.DelegatingLauncher.execute(DelegatingLauncher.java:47)
	at org.junit.platform.launcher.core.InterceptingLauncher.lambda$execute$1(InterceptingLauncher.java:39)
	at org.junit.platform.launcher.core.ClasspathAlignmentCheckingLauncherInterceptor.intercept(ClasspathAlignmentCheckingLauncherInterceptor.java:25)
	at org.junit.platform.launcher.core.InterceptingLauncher.execute(InterceptingLauncher.java:38)
	at org.junit.platform.launcher.core.DelegatingLauncher.execute(DelegatingLauncher.java:47)
	at org.apache.maven.surefire.junitplatform.LauncherAdapter.executeWithoutCancellationToken(LauncherAdapter.java:60)
	at org.apache.maven.surefire.junitplatform.LauncherAdapter.execute(LauncherAdapter.java:52)
	at org.apache.maven.surefire.junitplatform.JUnitPlatformProvider.execute(JUnitPlatformProvider.java:203)
	at org.apache.maven.surefire.junitplatform.JUnitPlatformProvider.invokeAllTests(JUnitPlatformProvider.java:168)
	at org.apache.maven.surefire.junitplatform.JUnitPlatformProvider.invoke(JUnitPlatformProvider.java:136)
	at org.apache.maven.surefire.booter.ForkedBooter.runSuitesInProcess(ForkedBooter.java:385)
	at org.apache.maven.surefire.booter.ForkedBooter.execute(ForkedBooter.java:162)
	at org.apache.maven.surefire.booter.ForkedBooter.run(ForkedBooter.java:507)
	at org.apache.maven.surefire.booter.ForkedBooter.main(ForkedBooter.java:495)
Caused by: java.io.IOException: stale mount handle
	... 76 common frames omitted
01:45:35.491 [main] INFO org.flywaydb.core.FlywayExecutor -- Database: jdbc:h2:mem:cwd-bebb0050-f47d-4622-b6a6-83f137dda5b2 (H2 2.3)
01:45:35.495 [main] INFO org.flywaydb.core.internal.schemahistory.JdbcTableSchemaHistory -- Schema history table "public"."flyway_schema_history" does not exist yet
01:45:35.495 [main] INFO org.flywaydb.core.internal.command.DbValidate -- Successfully validated 45 migrations (execution time 00:00.003s)
01:45:35.495 [main] INFO org.flywaydb.core.internal.schemahistory.JdbcTableSchemaHistory -- Creating Schema History table "public"."flyway_schema_history" ...
01:45:35.496 [main] INFO org.flywaydb.core.internal.command.DbMigrate -- Current version of schema "public": << Empty Schema >>
01:45:35.497 [main] INFO org.flywaydb.core.internal.command.DbMigrate -- Migrating schema "public" to version "1 - managed agent core"
01:45:35.498 [main] INFO org.flywaydb.core.internal.command.DbMigrate -- Migrating schema "public" to version "2 - managed agent projection"
01:45:35.500 [main] INFO org.flywaydb.core.internal.command.DbMigrate -- Migrating schema "public" to version "3 - runtime broker"
01:45:35.501 [main] INFO org.flywaydb.core.internal.command.DbMigrate -- Migrating schema "public" to version "4 - managed session store"
01:45:35.502 [main] INFO org.flywaydb.core.internal.command.DbMigrate -- Migrating schema "public" to version "5 - managed session lifecycle"
01:45:35.504 [main] INFO org.flywaydb.core.internal.command.DbMigrate -- Migrating schema "public" to version "6 - managed turn retry"
01:45:35.505 [main] INFO org.flywaydb.core.internal.command.DbMigrate -- Migrating schema "public" to version "7 - managed workspace binding"
01:45:35.509 [main] INFO org.flywaydb.core.internal.command.DbMigrate -- Migrating schema "public" to version "8 - managed workspace registry"
01:45:35.510 [main] INFO org.flywaydb.core.internal.command.DbMigrate -- Migrating schema "public" to version "9 - managed workspace creation command"
01:45:35.510 [main] INFO org.flywaydb.core.internal.command.DbMigrate -- Migrating schema "public" to version "10 - managed runtime context"
01:45:35.511 [main] INFO org.flywaydb.core.internal.command.DbMigrate -- Migrating schema "public" to version "11 - workspace execution"
01:45:35.512 [main] INFO org.flywaydb.core.internal.command.DbMigrate -- Migrating schema "public" to version "12 - runtime broker schema alignment"
01:45:35.514 [main] INFO org.flywaydb.core.internal.command.DbMigrate -- Migrating schema "public" to version "13 - managed session agent revision"
01:45:35.515 [main] INFO org.flywaydb.core.internal.command.DbMigrate -- Migrating schema "public" to version "14 - managed event replay"
01:45:35.516 [main] INFO org.flywaydb.core.internal.command.DbMigrate -- Migrating schema "public" to version "15 - managed event identity"
01:45:35.517 [main] INFO org.flywaydb.core.internal.command.DbMigrate -- Migrating schema "public" to version "16 - runtime loss evidence"
01:45:35.519 [main] INFO org.flywaydb.core.internal.command.DbMigrate -- Migrating schema "public" to version "17 - managed session operation"
01:45:35.520 [main] INFO org.flywaydb.core.internal.command.DbMigrate -- Migrating schema "public" to version "18 - managed extension record"
01:45:35.521 [main] INFO org.flywaydb.core.internal.command.DbMigrate -- Migrating schema "public" to version "19 - workspace operator recovery"
01:45:35.522 [main] INFO org.flywaydb.core.internal.command.DbMigrate -- Migrating schema "public" to version "20 - managed tool publication"
01:45:35.523 [main] INFO org.flywaydb.core.internal.command.DbMigrate -- Migrating schema "public" to version "21 - managed tool publication objects"
01:45:35.527 [main] INFO org.flywaydb.core.internal.command.DbMigrate -- Migrating schema "public" to version "22 - managed tool publication recovery"
01:45:35.528 [main] INFO org.flywaydb.core.internal.command.DbMigrate -- Migrating schema "public" to version "23 - managed mcp records"
01:45:35.529 [main] INFO org.flywaydb.core.internal.command.DbMigrate -- Migrating schema "public" to version "24 - managed actions"
01:45:35.531 [main] INFO org.flywaydb.core.internal.command.DbMigrate -- Migrating schema "public" to version "25 - verified workspace mount"
01:45:35.533 [main] INFO org.flywaydb.core.internal.command.DbMigrate -- Migrating schema "public" to version "26 - managed tool result projection"
01:45:35.535 [main] INFO org.flywaydb.core.internal.command.DbMigrate -- Migrating schema "public" to version "27 - managed hook records"
01:45:35.536 [main] INFO org.flywaydb.core.internal.command.DbMigrate -- Migrating schema "public" to version "28 - managed hook admission index"
01:45:35.537 [main] INFO org.flywaydb.core.internal.command.DbMigrate -- Migrating schema "public" to version "29 - managed hook admission backfill"
01:45:35.538 [main] INFO org.flywaydb.core.internal.command.DbMigrate -- Migrating schema "public" to version "30 - managed tool output retention"
01:45:35.539 [main] INFO org.flywaydb.core.internal.command.DbMigrate -- Migrating schema "public" to version "31 - workspace recovery bundle"
01:45:35.540 [main] INFO org.flywaydb.core.internal.command.DbMigrate -- Migrating schema "public" to version "32 - workspace session close"
01:45:35.541 [main] INFO org.flywaydb.core.internal.command.DbMigrate -- Migrating schema "public" to version "33 - managed agent definitions"
01:45:35.541 [main] INFO org.flywaydb.core.internal.command.DbMigrate -- Migrating schema "public" to version "34 - managed tool output collection"
01:45:35.545 [main] INFO org.flywaydb.core.internal.command.DbMigrate -- Migrating schema "public" to version "35 - managed session tool profile"
01:45:35.546 [main] INFO org.flywaydb.core.internal.command.DbMigrate -- Migrating schema "public" to version "36 - managed session journal activation"
01:45:35.547 [main] INFO org.flywaydb.core.internal.command.DbMigrate -- Migrating schema "public" to version "37 - managed agent event type index"
01:45:35.548 [main] INFO org.flywaydb.core.internal.command.DbMigrate -- Migrating schema "public" to version "38 - managed snapshot deferral marker"
01:45:35.549 [main] INFO org.flywaydb.core.internal.command.DbMigrate -- Migrating schema "public" to version "39 - managed session journal sequence index"
01:45:35.550 [main] INFO org.flywaydb.core.internal.command.DbMigrate -- Migrating schema "public" to version "40 - managed session creator"
01:45:35.551 [main] INFO org.flywaydb.core.internal.command.DbMigrate -- Migrating schema "public" to version "41 - workspace csi reservation"
01:45:35.553 [main] INFO org.flywaydb.core.internal.command.DbMigrate -- Migrating schema "public" to version "42 - workspace csi retirement"
01:45:35.554 [main] INFO org.flywaydb.core.internal.command.DbMigrate -- Migrating schema "public" to version "43 - tool dispatch authorization"
01:45:35.555 [main] INFO org.flywaydb.core.internal.command.DbMigrate -- Migrating schema "public" to version "44 - workspace csi worker ack"
01:45:35.555 [main] INFO org.flywaydb.core.internal.command.DbMigrate -- Migrating schema "public" to version "45 - managed cwd operation"
01:45:35.557 [main] INFO org.flywaydb.core.internal.command.DbMigrate -- Successfully applied 45 migrations to schema "public", now at version v45 (execution time 00:00.015s)
[INFO] Tests run: 32, Failures: 0, Errors: 0, Skipped: 0, Time elapsed: 4.502 s -- in com.alibaba.qwen.code.managedagent.ManagedCwdChangeOperationTest
[INFO] Running com.alibaba.qwen.code.managedagent.ManagedAgentApiContractTest
01:45:35.611 [main] INFO org.springframework.test.context.support.AnnotationConfigContextLoaderUtils -- Could not detect default configuration classes for test class [com.alibaba.qwen.code.managedagent.ManagedAgentApiContractTest]: ManagedAgentApiContractTest does not declare any static, non-private, non-final, nested classes annotated with @Configuration.
01:45:35.745 [main] INFO org.springframework.boot.test.context.SpringBootTestContextBootstrapper -- Found @SpringBootConfiguration com.alibaba.qwen.code.managedagent.ManagedAgentServerApplication for test class com.alibaba.qwen.code.managedagent.ManagedAgentApiContractTest

  .   ____          _            __ _ _
 /\\ / ___'_ __ _ _(_)_ __  __ _ \ \ \ \
( ( )\___ | '_ | '_| | '_ \/ _` | \ \ \ \
 \\/  ___)| |_)| | | | | || (_| |  ) ) ) )
  '  |____| .__|_| |_|_| |_\__, | / / / /
 =========|_|==============|___/=/_/_/_/

 :: Spring Boot ::               (v3.5.16)

2026-10-06T01:45:36.043Z  INFO 19551 --- [qwen-managed-agent-server] [           main] c.a.q.c.m.ManagedAgentApiContractTest    : Starting ManagedAgentApiContractTest using Java 21.0.12 with PID 19551 (started by wenshao in /Users/wenshao/pr13247-rig/wt4-mut/packages/sdk-java/managed-agent-server)
2026-10-06T01:45:36.044Z  INFO 19551 --- [qwen-managed-agent-server] [           main] c.a.q.c.m.ManagedAgentApiContractTest    : No active profile set, falling back to 1 default profile: "default"
2026-10-06T01:45:36.807Z  INFO 19551 --- [qwen-managed-agent-server] [           main] c.a.d.s.b.a.DruidDataSourceAutoConfigure : Init DruidDataSource
2026-10-06T01:45:36.893Z ERROR 19551 --- [qwen-managed-agent-server] [           main] com.alibaba.druid.pool.DruidDataSource   : testWhileIdle is true, validationQuery not set
2026-10-06T01:45:36.899Z  INFO 19551 --- [qwen-managed-agent-server] [           main] com.alibaba.druid.pool.DruidDataSource   : {dataSource-1} inited
2026-10-06T01:45:36.950Z  INFO 19551 --- [qwen-managed-agent-server] [           main] org.flywaydb.core.FlywayExecutor         : Database: jdbc:h2:mem:managed-agent-contract (H2 2.3)
2026-10-06T01:45:36.956Z  INFO 19551 --- [qwen-managed-agent-server] [           main] o.f.c.i.s.JdbcTableSchemaHistory         : Schema history table "public"."flyway_schema_history" does not exist yet
2026-10-06T01:45:36.956Z  INFO 19551 --- [qwen-managed-agent-server] [           main] o.f.core.internal.command.DbValidate     : Successfully validated 45 migrations (execution time 00:00.004s)
2026-10-06T01:45:36.956Z  INFO 19551 --- [qwen-managed-agent-server] [           main] o.f.c.i.s.JdbcTableSchemaHistory         : Creating Schema History table "public"."flyway_schema_history" ...
2026-10-06T01:45:36.958Z  INFO 19551 --- [qwen-managed-agent-server] [           main] o.f.core.internal.command.DbMigrate      : Current version of schema "public": << Empty Schema >>
2026-10-06T01:45:36.959Z  INFO 19551 --- [qwen-managed-agent-server] [           main] o.f.core.internal.command.DbMigrate      : Migrating schema "public" to version "1 - managed agent core"
2026-10-06T01:45:36.963Z  INFO 19551 --- [qwen-managed-agent-server] [           main] o.f.core.internal.command.DbMigrate      : Migrating schema "public" to version "2 - managed agent projection"
2026-10-06T01:45:36.966Z  INFO 19551 --- [qwen-managed-agent-server] [           main] o.f.core.internal.command.DbMigrate      : Migrating schema "public" to version "3 - runtime broker"
2026-10-06T01:45:36.968Z  INFO 19551 --- [qwen-managed-agent-server] [           main] o.f.core.internal.command.DbMigrate      : Migrating schema "public" to version "4 - managed session store"
2026-10-06T01:45:36.969Z  INFO 19551 --- [qwen-managed-agent-server] [           main] o.f.core.internal.command.DbMigrate      : Migrating schema "public" to version "5 - managed session lifecycle"
2026-10-06T01:45:36.971Z  INFO 19551 --- [qwen-managed-agent-server] [           main] o.f.core.internal.command.DbMigrate      : Migrating schema "public" to version "6 - managed turn retry"
2026-10-06T01:45:36.973Z  INFO 19551 --- [qwen-managed-agent-server] [           main] o.f.core.internal.command.DbMigrate      : Migrating schema "public" to version "7 - managed workspace binding"
2026-10-06T01:45:36.979Z  INFO 19551 --- [qwen-managed-agent-server] [           main] o.f.core.internal.command.DbMigrate      : Migrating schema "public" to version "8 - managed workspace registry"
2026-10-06T01:45:36.980Z  INFO 19551 --- [qwen-managed-agent-server] [           main] o.f.core.internal.command.DbMigrate      : Migrating schema "public" to version "9 - managed workspace creation command"
2026-10-06T01:45:36.982Z  INFO 19551 --- [qwen-managed-agent-server] [           main] o.f.core.internal.command.DbMigrate      : Migrating schema "public" to version "10 - managed runtime context"
2026-10-06T01:45:36.983Z  INFO 19551 --- [qwen-managed-agent-server] [           main] o.f.core.internal.command.DbMigrate      : Migrating schema "public" to version "11 - workspace execution"
2026-10-06T01:45:36.984Z  INFO 19551 --- [qwen-managed-agent-server] [           main] o.f.core.internal.command.DbMigrate      : Migrating schema "public" to version "12 - runtime broker schema alignment"
2026-10-06T01:45:36.987Z  INFO 19551 --- [qwen-managed-agent-server] [           main] o.f.core.internal.command.DbMigrate      : Migrating schema "public" to version "13 - managed session agent revision"
2026-10-06T01:45:36.988Z  INFO 19551 --- [qwen-managed-agent-server] [           main] o.f.core.internal.command.DbMigrate      : Migrating schema "public" to version "14 - managed event replay"
2026-10-06T01:45:36.990Z  INFO 19551 --- [qwen-managed-agent-server] [           main] o.f.core.internal.command.DbMigrate      : Migrating schema "public" to version "15 - managed event identity"
2026-10-06T01:45:36.991Z  INFO 19551 --- [qwen-managed-agent-server] [           main] o.f.core.internal.command.DbMigrate      : Migrating schema "public" to version "16 - runtime loss evidence"
2026-10-06T01:45:36.994Z  INFO 19551 --- [qwen-managed-agent-server] [           main] o.f.core.internal.command.DbMigrate      : Migrating schema "public" to version "17 - managed session operation"
2026-10-06T01:45:36.995Z  INFO 19551 --- [qwen-managed-agent-server] [           main] o.f.core.internal.command.DbMigrate      : Migrating schema "public" to version "18 - managed extension record"
2026-10-06T01:45:36.996Z  INFO 19551 --- [qwen-managed-agent-server] [           main] o.f.core.internal.command.DbMigrate      : Migrating schema "public" to version "19 - workspace operator recovery"
2026-10-06T01:45:36.998Z  INFO 19551 --- [qwen-managed-agent-server] [           main] o.f.core.internal.command.DbMigrate      : Migrating schema "public" to version "20 - managed tool publication"
2026-10-06T01:45:36.999Z  INFO 19551 --- [qwen-managed-agent-server] [           main] o.f.core.internal.command.DbMigrate      : Migrating schema "public" to version "21 - managed tool publication objects"
2026-10-06T01:45:37.005Z  INFO 19551 --- [qwen-managed-agent-server] [           main] o.f.core.internal.command.DbMigrate      : Migrating schema "public" to version "22 - managed tool publication recovery"
2026-10-06T01:45:37.006Z  INFO 19551 --- [qwen-managed-agent-server] [           main] o.f.core.internal.command.DbMigrate      : Migrating schema "public" to version "23 - managed mcp records"
2026-10-06T01:45:37.007Z  INFO 19551 --- [qwen-managed-agent-server] [           main] o.f.core.internal.command.DbMigrate      : Migrating schema "public" to version "24 - managed actions"
2026-10-06T01:45:37.010Z  INFO 19551 --- [qwen-managed-agent-server] [           main] o.f.core.internal.command.DbMigrate      : Migrating schema "public" to version "25 - verified workspace mount"
2026-10-06T01:45:37.014Z  INFO 19551 --- [qwen-managed-agent-server] [           main] o.f.core.internal.command.DbMigrate      : Migrating schema "public" to version "26 - managed tool result projection"
2026-10-06T01:45:37.016Z  INFO 19551 --- [qwen-managed-agent-server] [           main] o.f.core.internal.command.DbMigrate      : Migrating schema "public" to version "27 - managed hook records"
2026-10-06T01:45:37.018Z  INFO 19551 --- [qwen-managed-agent-server] [           main] o.f.core.internal.command.DbMigrate      : Migrating schema "public" to version "28 - managed hook admission index"
2026-10-06T01:45:37.019Z  INFO 19551 --- [qwen-managed-agent-server] [           main] o.f.core.internal.command.DbMigrate      : Migrating schema "public" to version "29 - managed hook admission backfill"
2026-10-06T01:45:37.021Z  INFO 19551 --- [qwen-managed-agent-server] [           main] o.f.core.internal.command.DbMigrate      : Migrating schema "public" to version "30 - managed tool output retention"
2026-10-06T01:45:37.024Z  INFO 19551 --- [qwen-managed-agent-server] [           main] o.f.core.internal.command.DbMigrate      : Migrating schema "public" to version "31 - workspace recovery bundle"
2026-10-06T01:45:37.025Z  INFO 19551 --- [qwen-managed-agent-server] [           main] o.f.core.internal.command.DbMigrate      : Migrating schema "public" to version "32 - workspace session close"
2026-10-06T01:45:37.027Z  INFO 19551 --- [qwen-managed-agent-server] [           main] o.f.core.internal.command.DbMigrate      : Migrating schema "public" to version "33 - managed agent definitions"
2026-10-06T01:45:37.027Z  INFO 19551 --- [qwen-managed-agent-server] [           main] o.f.core.internal.command.DbMigrate      : Migrating schema "public" to version "34 - managed tool output collection"
2026-10-06T01:45:37.031Z  INFO 19551 --- [qwen-managed-agent-server] [           main] o.f.core.internal.command.DbMigrate      : Migrating schema "public" to version "35 - managed session tool profile"
2026-10-06T01:45:37.033Z  INFO 19551 --- [qwen-managed-agent-server] [           main] o.f.core.internal.command.DbMigrate      : Migrating schema "public" to version "36 - managed session journal activation"
2026-10-06T01:45:37.036Z  INFO 19551 --- [qwen-managed-agent-server] [           main] o.f.core.internal.command.DbMigrate      : Migrating schema "public" to version "37 - managed agent event type index"
2026-10-06T01:45:37.036Z  INFO 19551 --- [qwen-managed-agent-server] [           main] o.f.core.internal.command.DbMigrate      : Migrating schema "public" to version "38 - managed snapshot deferral marker"
2026-10-06T01:45:37.038Z  INFO 19551 --- [qwen-managed-agent-server] [           main] o.f.core.internal.command.DbMigrate      : Migrating schema "public" to version "39 - managed session journal sequence index"
2026-10-06T01:45:37.038Z  INFO 19551 --- [qwen-managed-agent-server] [           main] o.f.core.internal.command.DbMigrate      : Migrating schema "public" to version "40 - managed session creator"
2026-10-06T01:45:37.040Z  INFO 19551 --- [qwen-managed-agent-server] [           main] o.f.core.internal.command.DbMigrate      : Migrating schema "public" to version "41 - workspace csi reservation"
2026-10-06T01:45:37.042Z  INFO 19551 --- [qwen-managed-agent-server] [           main] o.f.core.internal.command.DbMigrate      : Migrating schema "public" to version "42 - workspace csi retirement"
2026-10-06T01:45:37.042Z  INFO 19551 --- [qwen-managed-agent-server] [           main] o.f.core.internal.command.DbMigrate      : Migrating schema "public" to version "43 - tool dispatch authorization"
2026-10-06T01:45:37.044Z  INFO 19551 --- [qwen-managed-agent-server] [           main] o.f.core.internal.command.DbMigrate      : Migrating schema "public" to version "44 - workspace csi worker ack"
2026-10-06T01:45:37.044Z  INFO 19551 --- [qwen-managed-agent-server] [           main] o.f.core.internal.command.DbMigrate      : Migrating schema "public" to version "45 - managed cwd operation"
2026-10-06T01:45:37.047Z  INFO 19551 --- [qwen-managed-agent-server] [           main] o.f.core.internal.command.DbMigrate      : Successfully applied 45 migrations to schema "public", now at version v45 (execution time 00:00.028s)
2026-10-06T01:45:37.213Z  INFO 19551 --- [qwen-managed-agent-server] [           main] c.a.q.c.m.config.BrokerSecurity          : Managed Agent Broker security: mode=OPEN internalPort=shared writerBinding=unbound allowInsecureBind=false allowedDrift=PT5M
2026-10-06T01:45:37.587Z  INFO 19551 --- [qwen-managed-agent-server] [           main] o.s.b.t.m.w.SpringBootMockServletContext : Initializing Spring TestDispatcherServlet ''
2026-10-06T01:45:37.587Z  INFO 19551 --- [qwen-managed-agent-server] [           main] o.s.t.web.servlet.TestDispatcherServlet  : Initializing Servlet ''
2026-10-06T01:45:37.591Z  INFO 19551 --- [qwen-managed-agent-server] [           main] o.s.b.a.e.web.EndpointLinksResolver      : Exposing 2 endpoints beneath base path '/actuator'
2026-10-06T01:45:37.598Z  INFO 19551 --- [qwen-managed-agent-server] [           main] o.s.t.web.servlet.TestDispatcherServlet  : Completed initialization in 10 ms
2026-10-06T01:45:37.632Z  INFO 19551 --- [qwen-managed-agent-server] [           main] c.a.q.c.m.ManagedAgentApiContractTest    : Started ManagedAgentApiContractTest in 1.777 seconds (process running for 6.907)
2026-10-06T01:45:38.801Z  INFO 19551 --- [qwen-managed-agent-server] [           main] [ab7c0075-226e-4f48-bbc0-4bc258c8c3f3] c.a.q.c.m.s.ManagedArtifactService       : artifact_read tenant=tenant-contract-e2e98b5a-ebe0-48d1-9f88-e5f3aee6d28d actor=null session=0c793043-e185-4f19-8975-fc235f4009d7 artifact=artifact_missing outcome=denied bytes=0
2026-10-06T01:45:39.317Z  WARN 19551 --- [qwen-managed-agent-server] [     virtual-74] c.a.q.c.m.s.SessionLifecycleCoordinator  : Managed Session operation will retry tenant=tenant-contract-e2e98b5a-ebe0-48d1-9f88-e5f3aee6d28d session=0c793043-e185-4f19-8975-fc235f4009d7 operation=op_a02f4f4b9028464ca289b8f3a6a91621 retry=1 delayMs=1000 failure=IllegalStateException fixture close failure

java.lang.IllegalStateException: fixture close failure
	at com.alibaba.qwen.code.managedagent.ManagedAgentServerIntegrationTest$FixtureHarness.closeSession(ManagedAgentServerIntegrationTest.java:1891) ~[test-classes/:na]
	at com.alibaba.qwen.code.managedagent.service.SessionLifecycleCoordinator.settle(SessionLifecycleCoordinator.java:276) ~[classes/:na]
	at com.alibaba.qwen.code.managedagent.service.SessionLifecycleCoordinator.deliver(SessionLifecycleCoordinator.java:141) ~[classes/:na]
	at com.alibaba.qwen.code.managedagent.service.SessionLifecycleCoordinator.lambda$dispatch$1(SessionLifecycleCoordinator.java:100) ~[classes/:na]
	at java.base/java.util.concurrent.ThreadPerTaskExecutor$TaskRunner.run(ThreadPerTaskExecutor.java:314) ~[na:na]
	at java.base/java.lang.VirtualThread.run(VirtualThread.java:329) ~[na:na]

[INFO] Tests run: 9, Failures: 0, Errors: 0, Skipped: 0, Time elapsed: 6.957 s -- in com.alibaba.qwen.code.managedagent.ManagedAgentApiContractTest
[INFO] Running com.alibaba.qwen.code.managedagent.ManagedOperationSchemaUpgradeTest
2026-10-06T01:45:42.541Z  INFO 19551 --- [qwen-managed-agent-server] [           main] org.flywaydb.core.FlywayExecutor         : Database: jdbc:h2:mem:upgrade-6c1d2344-9be6-479d-8088-0e60646a4d8f (H2 2.3)
2026-10-06T01:45:42.546Z  INFO 19551 --- [qwen-managed-agent-server] [           main] o.f.c.i.s.JdbcTableSchemaHistory         : Schema history table "public"."flyway_schema_history" does not exist yet
2026-10-06T01:45:42.546Z  INFO 19551 --- [qwen-managed-agent-server] [           main] o.f.core.internal.command.DbValidate     : Successfully validated 45 migrations (execution time 00:00.004s)
2026-10-06T01:45:42.546Z  INFO 19551 --- [qwen-managed-agent-server] [           main] o.f.c.i.s.JdbcTableSchemaHistory         : Creating Schema History table "public"."flyway_schema_history" ...
2026-10-06T01:45:42.547Z  INFO 19551 --- [qwen-managed-agent-server] [           main] o.f.core.internal.command.DbMigrate      : Current version of schema "public": << Empty Schema >>
2026-10-06T01:45:42.549Z  INFO 19551 --- [qwen-managed-agent-server] [           main] o.f.core.internal.command.DbMigrate      : Migrating schema "public" to version "1 - managed agent core"
2026-10-06T01:45:42.551Z  INFO 19551 --- [qwen-managed-agent-server] [           main] o.f.core.internal.command.DbMigrate      : Migrating schema "public" to version "2 - managed agent projection"
2026-10-06T01:45:42.553Z  INFO 19551 --- [qwen-managed-agent-server] [           main] o.f.core.internal.command.DbMigrate      : Migrating schema "public" to version "3 - runtime broker"
2026-10-06T01:45:42.554Z  INFO 19551 --- [qwen-managed-agent-server] [           main] o.f.core.internal.command.DbMigrate      : Migrating schema "public" to version "4 - managed session store"
2026-10-06T01:45:42.555Z  INFO 19551 --- [qwen-managed-agent-server] [           main] o.f.core.internal.command.DbMigrate      : Migrating schema "public" to version "5 - managed session lifecycle"
2026-10-06T01:45:42.556Z  INFO 19551 --- [qwen-managed-agent-server] [           main] o.f.core.internal.command.DbMigrate      : Migrating schema "public" to version "6 - managed turn retry"
2026-10-06T01:45:42.558Z  INFO 19551 --- [qwen-managed-agent-server] [           main] o.f.core.internal.command.DbMigrate      : Migrating schema "public" to version "7 - managed workspace binding"
2026-10-06T01:45:42.561Z  INFO 19551 --- [qwen-managed-agent-server] [           main] o.f.core.internal.command.DbMigrate      : Migrating schema "public" to version "8 - managed workspace registry"
2026-10-06T01:45:42.562Z  INFO 19551 --- [qwen-managed-agent-server] [           main] o.f.core.internal.command.DbMigrate      : Migrating schema "public" to version "9 - managed workspace creation command"
2026-10-06T01:45:42.563Z  INFO 19551 --- [qwen-managed-agent-server] [           main] o.f.core.internal.command.DbMigrate      : Migrating schema "public" to version "10 - managed runtime context"
2026-10-06T01:45:42.564Z  INFO 19551 --- [qwen-managed-agent-server] [           main] o.f.core.internal.command.DbMigrate      : Migrating schema "public" to version "11 - workspace execution"
2026-10-06T01:45:42.565Z  INFO 19551 --- [qwen-managed-agent-server] [           main] o.f.core.internal.command.DbMigrate      : Migrating schema "public" to version "12 - runtime broker schema alignment"
2026-10-06T01:45:42.567Z  INFO 19551 --- [qwen-managed-agent-server] [           main] o.f.core.internal.command.DbMigrate      : Migrating schema "public" to version "13 - managed session agent revision"
2026-10-06T01:45:42.568Z  INFO 19551 --- [qwen-managed-agent-server] [           main] o.f.core.internal.command.DbMigrate      : Migrating schema "public" to version "14 - managed event replay"
2026-10-06T01:45:42.570Z  INFO 19551 --- [qwen-managed-agent-server] [           main] o.f.core.internal.command.DbMigrate      : Migrating schema "public" to version "15 - managed event identity"
2026-10-06T01:45:42.593Z  INFO 19551 --- [qwen-managed-agent-server] [           main] o.f.core.internal.command.DbMigrate      : Migrating schema "public" to version "16 - runtime loss evidence"
2026-10-06T01:45:42.597Z  INFO 19551 --- [qwen-managed-agent-server] [           main] o.f.core.internal.command.DbMigrate      : Migrating schema "public" to version "17 - managed session operation"
2026-10-06T01:45:42.598Z  INFO 19551 --- [qwen-managed-agent-server] [           main] o.f.core.internal.command.DbMigrate      : Migrating schema "public" to version "18 - managed extension record"
2026-10-06T01:45:42.599Z  INFO 19551 --- [qwen-managed-agent-server] [           main] o.f.core.internal.command.DbMigrate      : Migrating schema "public" to version "19 - workspace operator recovery"
2026-10-06T01:45:42.600Z  INFO 19551 --- [qwen-managed-agent-server] [           main] o.f.core.internal.command.DbMigrate      : Migrating schema "public" to version "20 - managed tool publication"
2026-10-06T01:45:42.601Z  INFO 19551 --- [qwen-managed-agent-server] [           main] o.f.core.internal.command.DbMigrate      : Migrating schema "public" to version "21 - managed tool publication objects"
2026-10-06T01:45:42.606Z  INFO 19551 --- [qwen-managed-agent-server] [           main] o.f.core.internal.command.DbMigrate      : Migrating schema "public" to version "22 - managed tool publication recovery"
2026-10-06T01:45:42.607Z  INFO 19551 --- [qwen-managed-agent-server] [           main] o.f.core.internal.command.DbMigrate      : Migrating schema "public" to version "23 - managed mcp records"
2026-10-06T01:45:42.608Z  INFO 19551 --- [qwen-managed-agent-server] [           main] o.f.core.internal.command.DbMigrate      : Migrating schema "public" to version "24 - managed actions"
2026-10-06T01:45:42.611Z  INFO 19551 --- [qwen-managed-agent-server] [           main] o.f.core.internal.command.DbMigrate      : Migrating schema "public" to version "25 - verified workspace mount"
2026-10-06T01:45:42.614Z  INFO 19551 --- [qwen-managed-agent-server] [           main] o.f.core.internal.command.DbMigrate      : Migrating schema "public" to version "26 - managed tool result projection"
2026-10-06T01:45:42.615Z  INFO 19551 --- [qwen-managed-agent-server] [           main] o.f.core.internal.command.DbMigrate      : Migrating schema "public" to version "27 - managed hook records"
2026-10-06T01:45:42.616Z  INFO 19551 --- [qwen-managed-agent-server] [           main] o.f.core.internal.command.DbMigrate      : Migrating schema "public" to version "28 - managed hook admission index"
2026-10-06T01:45:42.617Z  INFO 19551 --- [qwen-managed-agent-server] [           main] o.f.core.internal.command.DbMigrate      : Migrating schema "public" to version "29 - managed hook admission backfill"
2026-10-06T01:45:42.618Z  INFO 19551 --- [qwen-managed-agent-server] [           main] o.f.core.internal.command.DbMigrate      : Migrating schema "public" to version "30 - managed tool output retention"
2026-10-06T01:45:42.620Z  INFO 19551 --- [qwen-managed-agent-server] [           main] o.f.core.internal.command.DbMigrate      : Migrating schema "public" to version "31 - workspace recovery bundle"
2026-10-06T01:45:42.621Z  INFO 19551 --- [qwen-managed-agent-server] [           main] o.f.core.internal.command.DbMigrate      : Successfully applied 31 migrations to schema "public", now at version v31 (execution time 00:00.014s)
2026-10-06T01:45:42.627Z  INFO 19551 --- [qwen-managed-agent-server] [           main] org.flywaydb.core.FlywayExecutor         : Database: jdbc:h2:mem:upgrade-6c1d2344-9be6-479d-8088-0e60646a4d8f (H2 2.3)
2026-10-06T01:45:42.632Z  INFO 19551 --- [qwen-managed-agent-server] [           main] o.f.core.internal.command.DbValidate     : Successfully validated 45 migrations (execution time 00:00.004s)
2026-10-06T01:45:42.632Z  INFO 19551 --- [qwen-managed-agent-server] [           main] o.f.core.internal.command.DbMigrate      : Current version of schema "public": 31
2026-10-06T01:45:42.632Z  INFO 19551 --- [qwen-managed-agent-server] [           main] o.f.core.internal.command.DbMigrate      : Migrating schema "public" to version "32 - workspace session close"
2026-10-06T01:45:42.634Z  INFO 19551 --- [qwen-managed-agent-server] [           main] o.f.core.internal.command.DbMigrate      : Migrating schema "public" to version "33 - managed agent definitions"
2026-10-06T01:45:42.635Z  INFO 19551 --- [qwen-managed-agent-server] [           main] o.f.core.internal.command.DbMigrate      : Migrating schema "public" to version "34 - managed tool output collection"
2026-10-06T01:45:42.638Z  INFO 19551 --- [qwen-managed-agent-server] [           main] o.f.core.internal.command.DbMigrate      : Migrating schema "public" to version "35 - managed session tool profile"
2026-10-06T01:45:42.639Z  INFO 19551 --- [qwen-managed-agent-server] [           main] o.f.core.internal.command.DbMigrate      : Migrating schema "public" to version "36 - managed session journal activation"
2026-10-06T01:45:42.641Z  INFO 19551 --- [qwen-managed-agent-server] [           main] o.f.core.internal.command.DbMigrate      : Migrating schema "public" to version "37 - managed agent event type index"
2026-10-06T01:45:42.641Z  INFO 19551 --- [qwen-managed-agent-server] [           main] o.f.core.internal.command.DbMigrate      : Migrating schema "public" to version "38 - managed snapshot deferral marker"
2026-10-06T01:45:42.642Z  INFO 19551 --- [qwen-managed-agent-server] [           main] o.f.core.internal.command.DbMigrate      : Migrating schema "public" to version "39 - managed session journal sequence index"
2026-10-06T01:45:42.642Z  INFO 19551 --- [qwen-managed-agent-server] [           main] o.f.core.internal.command.DbMigrate      : Migrating schema "public" to version "40 - managed session creator"
2026-10-06T01:45:42.644Z  INFO 19551 --- [qwen-managed-agent-server] [           main] o.f.core.internal.command.DbMigrate      : Migrating schema "public" to version "41 - workspace csi reservation"
2026-10-06T01:45:42.645Z  INFO 19551 --- [qwen-managed-agent-server] [           main] o.f.core.internal.command.DbMigrate      : Migrating schema "public" to version "42 - workspace csi retirement"
2026-10-06T01:45:42.646Z  INFO 19551 --- [qwen-managed-agent-server] [           main] o.f.core.internal.command.DbMigrate      : Migrating schema "public" to version "43 - tool dispatch authorization"
2026-10-06T01:45:42.647Z  INFO 19551 --- [qwen-managed-agent-server] [           main] o.f.core.internal.command.DbMigrate      : Migrating schema "public" to version "44 - workspace csi worker ack"
2026-10-06T01:45:42.648Z  INFO 19551 --- [qwen-managed-agent-server] [           main] o.f.core.internal.command.DbMigrate      : Migrating schema "public" to version "45 - managed cwd operation"
2026-10-06T01:45:42.650Z  INFO 19551 --- [qwen-managed-agent-server] [           main] o.f.core.internal.command.DbMigrate      : Successfully applied 14 migrations to schema "public", now at version v45 (execution time 00:00.005s)
[INFO] Tests run: 1, Failures: 0, Errors: 0, Skipped: 0, Time elapsed: 0.116 s -- in com.alibaba.qwen.code.managedagent.ManagedOperationSchemaUpgradeTest
[INFO] Running com.alibaba.qwen.code.managedagent.service.WorkspaceRuntimeResolutionPivotTest
2026-10-06T01:45:42.669Z  INFO 19551 --- [qwen-managed-agent-server] [           main] org.flywaydb.core.FlywayExecutor         : Database: jdbc:h2:mem:pivot-c921f614-c4ee-4380-aef1-1069c498e765 (H2 2.3)
2026-10-06T01:45:42.673Z  INFO 19551 --- [qwen-managed-agent-server] [           main] o.f.c.i.s.JdbcTableSchemaHistory         : Schema history table "public"."flyway_schema_history" does not exist yet
2026-10-06T01:45:42.673Z  INFO 19551 --- [qwen-managed-agent-server] [           main] o.f.core.internal.command.DbValidate     : Successfully validated 45 migrations (execution time 00:00.003s)
2026-10-06T01:45:42.673Z  INFO 19551 --- [qwen-managed-agent-server] [           main] o.f.c.i.s.JdbcTableSchemaHistory         : Creating Schema History table "public"."flyway_schema_history" ...
2026-10-06T01:45:42.674Z  INFO 19551 --- [qwen-managed-agent-server] [           main] o.f.core.internal.command.DbMigrate      : Current version of schema "public": << Empty Schema >>
2026-10-06T01:45:42.675Z  INFO 19551 --- [qwen-managed-agent-server] [           main] o.f.core.internal.command.DbMigrate      : Migrating schema "public" to version "1 - managed agent core"
2026-10-06T01:45:42.677Z  INFO 19551 --- [qwen-managed-agent-server] [           main] o.f.core.internal.command.DbMigrate      : Migrating schema "public" to version "2 - managed agent projection"
2026-10-06T01:45:42.679Z  INFO 19551 --- [qwen-managed-agent-server] [           main] o.f.core.internal.command.DbMigrate      : Migrating schema "public" to version "3 - runtime broker"
2026-10-06T01:45:42.681Z  INFO 19551 --- [qwen-managed-agent-server] [           main] o.f.core.internal.command.DbMigrate      : Migrating schema "public" to version "4 - managed session store"
2026-10-06T01:45:42.682Z  INFO 19551 --- [qwen-managed-agent-server] [           main] o.f.core.internal.command.DbMigrate      : Migrating schema "public" to version "5 - managed session lifecycle"
2026-10-06T01:45:42.683Z  INFO 19551 --- [qwen-managed-agent-server] [           main] o.f.core.internal.command.DbMigrate      : Migrating schema "public" to version "6 - managed turn retry"
2026-10-06T01:45:42.685Z  INFO 19551 --- [qwen-managed-agent-server] [           main] o.f.core.internal.command.DbMigrate      : Migrating schema "public" to version "7 - managed workspace binding"
2026-10-06T01:45:42.688Z  INFO 19551 --- [qwen-managed-agent-server] [           main] o.f.core.internal.command.DbMigrate      : Migrating schema "public" to version "8 - managed workspace registry"
2026-10-06T01:45:42.689Z  INFO 19551 --- [qwen-managed-agent-server] [           main] o.f.core.internal.command.DbMigrate      : Migrating schema "public" to version "9 - managed workspace creation command"
2026-10-06T01:45:42.689Z  INFO 19551 --- [qwen-managed-agent-server] [           main] o.f.core.internal.command.DbMigrate      : Migrating schema "public" to version "10 - managed runtime context"
2026-10-06T01:45:42.691Z  INFO 19551 --- [qwen-managed-agent-server] [           main] o.f.core.internal.command.DbMigrate      : Migrating schema "public" to version "11 - workspace execution"
2026-10-06T01:45:42.692Z  INFO 19551 --- [qwen-managed-agent-server] [           main] o.f.core.internal.command.DbMigrate      : Migrating schema "public" to version "12 - runtime broker schema alignment"
2026-10-06T01:45:42.693Z  INFO 19551 --- [qwen-managed-agent-server] [           main] o.f.core.internal.command.DbMigrate      : Migrating schema "public" to version "13 - managed session agent revision"
2026-10-06T01:45:42.694Z  INFO 19551 --- [qwen-managed-agent-server] [           main] o.f.core.internal.command.DbMigrate      : Migrating schema "public" to version "14 - managed event replay"
2026-10-06T01:45:42.696Z  INFO 19551 --- [qwen-managed-agent-server] [           main] o.f.core.internal.command.DbMigrate      : Migrating schema "public" to version "15 - managed event identity"
2026-10-06T01:45:42.697Z  INFO 19551 --- [qwen-managed-agent-server] [           main] o.f.core.internal.command.DbMigrate      : Migrating schema "public" to version "16 - runtime loss evidence"
2026-10-06T01:45:42.699Z  INFO 19551 --- [qwen-managed-agent-server] [           main] o.f.core.internal.command.DbMigrate      : Migrating schema "public" to version "17 - managed session operation"
2026-10-06T01:45:42.700Z  INFO 19551 --- [qwen-managed-agent-server] [           main] o.f.core.internal.command.DbMigrate      : Migrating schema "public" to version "18 - managed extension record"
2026-10-06T01:45:42.701Z  INFO 19551 --- [qwen-managed-agent-server] [           main] o.f.core.internal.command.DbMigrate      : Migrating schema "public" to version "19 - workspace operator recovery"
2026-10-06T01:45:42.702Z  INFO 19551 --- [qwen-managed-agent-server] [           main] o.f.core.internal.command.DbMigrate      : Migrating schema "public" to version "20 - managed tool publication"
2026-10-06T01:45:42.703Z  INFO 19551 --- [qwen-managed-agent-server] [           main] o.f.core.internal.command.DbMigrate      : Migrating schema "public" to version "21 - managed tool publication objects"
2026-10-06T01:45:42.707Z  INFO 19551 --- [qwen-managed-agent-server] [           main] o.f.core.internal.command.DbMigrate      : Migrating schema "public" to version "22 - managed tool publication recovery"
2026-10-06T01:45:42.708Z  INFO 19551 --- [qwen-managed-agent-server] [           main] o.f.core.internal.command.DbMigrate      : Migrating schema "public" to version "23 - managed mcp records"
2026-10-06T01:45:42.709Z  INFO 19551 --- [qwen-managed-agent-server] [           main] o.f.core.internal.command.DbMigrate      : Migrating schema "public" to version "24 - managed actions"
2026-10-06T01:45:42.711Z  INFO 19551 --- [qwen-managed-agent-server] [           main] o.f.core.internal.command.DbMigrate      : Migrating schema "public" to version "25 - verified workspace mount"
2026-10-06T01:45:42.713Z  INFO 19551 --- [qwen-managed-agent-server] [           main] o.f.core.internal.command.DbMigrate      : Migrating schema "public" to version "26 - managed tool result projection"
2026-10-06T01:45:42.715Z  INFO 19551 --- [qwen-managed-agent-server] [           main] o.f.core.internal.command.DbMigrate      : Migrating schema "public" to version "27 - managed hook records"
2026-10-06T01:45:42.716Z  INFO 19551 --- [qwen-managed-agent-server] [           main] o.f.core.internal.command.DbMigrate      : Migrating schema "public" to version "28 - managed hook admission index"
2026-10-06T01:45:42.716Z  INFO 19551 --- [qwen-managed-agent-server] [           main] o.f.core.internal.command.DbMigrate      : Migrating schema "public" to version "29 - managed hook admission backfill"
2026-10-06T01:45:42.717Z  INFO 19551 --- [qwen-managed-agent-server] [           main] o.f.core.internal.command.DbMigrate      : Migrating schema "public" to version "30 - managed tool output retention"
2026-10-06T01:45:42.719Z  INFO 19551 --- [qwen-managed-agent-server] [           main] o.f.core.internal.command.DbMigrate      : Migrating schema "public" to version "31 - workspace recovery bundle"
2026-10-06T01:45:42.720Z  INFO 19551 --- [qwen-managed-agent-server] [           main] o.f.core.internal.command.DbMigrate      : Migrating schema "public" to version "32 - workspace session close"
2026-10-06T01:45:42.721Z  INFO 19551 --- [qwen-managed-agent-server] [           main] o.f.core.internal.command.DbMigrate      : Migrating schema "public" to version "33 - managed agent definitions"
2026-10-06T01:45:42.721Z  INFO 19551 --- [qwen-managed-agent-server] [           main] o.f.core.internal.command.DbMigrate      : Migrating schema "public" to version "34 - managed tool output collection"
2026-10-06T01:45:42.732Z  INFO 19551 --- [qwen-managed-agent-server] [           main] o.f.core.internal.command.DbMigrate      : Migrating schema "public" to version "35 - managed session tool profile"
2026-10-06T01:45:42.733Z  INFO 19551 --- [qwen-managed-agent-server] [           main] o.f.core.internal.command.DbMigrate      : Migrating schema "public" to version "36 - managed session journal activation"
2026-10-06T01:45:42.735Z  INFO 19551 --- [qwen-managed-agent-server] [           main] o.f.core.internal.command.DbMigrate      : Migrating schema "public" to version "37 - managed agent event type index"
2026-10-06T01:45:42.735Z  INFO 19551 --- [qwen-managed-agent-server] [           main] o.f.core.internal.command.DbMigrate      : Migrating schema "public" to version "38 - managed snapshot deferral marker"
2026-10-06T01:45:42.736Z  INFO 19551 --- [qwen-managed-agent-server] [           main] o.f.core.internal.command.DbMigrate      : Migrating schema "public" to version "39 - managed session journal sequence index"
2026-10-06T01:45:42.737Z  INFO 19551 --- [qwen-managed-agent-server] [           main] o.f.core.internal.command.DbMigrate      : Migrating schema "public" to version "40 - managed session creator"
2026-10-06T01:45:42.738Z  INFO 19551 --- [qwen-managed-agent-server] [           main] o.f.core.internal.command.DbMigrate      : Migrating schema "public" to version "41 - workspace csi reservation"
2026-10-06T01:45:42.740Z  INFO 19551 --- [qwen-managed-agent-server] [           main] o.f.core.internal.command.DbMigrate      : Migrating schema "public" to version "42 - workspace csi retirement"
2026-10-06T01:45:42.741Z  INFO 19551 --- [qwen-managed-agent-server] [           main] o.f.core.internal.command.DbMigrate      : Migrating schema "public" to version "43 - tool dispatch authorization"
2026-10-06T01:45:42.742Z  INFO 19551 --- [qwen-managed-agent-server] [           main] o.f.core.internal.command.DbMigrate      : Migrating schema "public" to version "44 - workspace csi worker ack"
2026-10-06T01:45:42.743Z  INFO 19551 --- [qwen-managed-agent-server] [           main] o.f.core.internal.command.DbMigrate      : Migrating schema "public" to version "45 - managed cwd operation"
2026-10-06T01:45:42.744Z  INFO 19551 --- [qwen-managed-agent-server] [           main] o.f.core.internal.command.DbMigrate      : Successfully applied 45 migrations to schema "public", now at version v45 (execution time 00:00.023s)
[INFO] Tests run: 1, Failures: 0, Errors: 0, Skipped: 0, Time elapsed: 0.111 s -- in com.alibaba.qwen.code.managedagent.service.WorkspaceRuntimeResolutionPivotTest
[INFO] Running com.alibaba.qwen.code.managedagent.service.WorkspaceRuntimeTest
2026-10-06T01:45:42.765Z  INFO 19551 --- [qwen-managed-agent-server] [           main] t.c.s.AnnotationConfigContextLoaderUtils : Could not detect default configuration classes for test class [com.alibaba.qwen.code.managedagent.service.WorkspaceRuntimeTest]: WorkspaceRuntimeTest does not declare any static, non-private, non-final, nested classes annotated with @Configuration.
2026-10-06T01:45:42.806Z  INFO 19551 --- [qwen-managed-agent-server] [           main] .b.t.c.SpringBootTestContextBootstrapper : Found @SpringBootConfiguration com.alibaba.qwen.code.managedagent.ManagedAgentServerApplication for test class com.alibaba.qwen.code.managedagent.service.WorkspaceRuntimeTest

  .   ____          _            __ _ _
 /\\ / ___'_ __ _ _(_)_ __  __ _ \ \ \ \
( ( )\___ | '_ | '_| | '_ \/ _` | \ \ \ \
 \\/  ___)| |_)| | | | | || (_| |  ) ) ) )
  '  |____| .__|_| |_|_| |_\__, | / / / /
 =========|_|==============|___/=/_/_/_/

 :: Spring Boot ::               (v3.5.16)

2026-10-06T01:45:42.821Z  INFO 19551 --- [qwen-managed-agent-server] [           main] c.a.q.c.m.service.WorkspaceRuntimeTest   : Starting WorkspaceRuntimeTest using Java 21.0.12 with PID 19551 (started by wenshao in /Users/wenshao/pr13247-rig/wt4-mut/packages/sdk-java/managed-agent-server)
2026-10-06T01:45:42.821Z  INFO 19551 --- [qwen-managed-agent-server] [           main] c.a.q.c.m.service.WorkspaceRuntimeTest   : No active profile set, falling back to 1 default profile: "default"
2026-10-06T01:45:43.044Z  INFO 19551 --- [qwen-managed-agent-server] [           main] c.a.d.s.b.a.DruidDataSourceAutoConfigure : Init DruidDataSource
2026-10-06T01:45:43.053Z ERROR 19551 --- [qwen-managed-agent-server] [           main] com.alibaba.druid.pool.DruidDataSource   : testWhileIdle is true, validationQuery not set
2026-10-06T01:45:43.054Z  INFO 19551 --- [qwen-managed-agent-server] [           main] com.alibaba.druid.pool.DruidDataSource   : {dataSource-2} inited
2026-10-06T01:45:43.065Z  INFO 19551 --- [qwen-managed-agent-server] [           main] org.flywaydb.core.FlywayExecutor         : Database: jdbc:h2:mem:workspace-execution (H2 2.3)
2026-10-06T01:45:43.069Z  INFO 19551 --- [qwen-managed-agent-server] [           main] o.f.c.i.s.JdbcTableSchemaHistory         : Schema history table "public"."flyway_schema_history" does not exist yet
2026-10-06T01:45:43.069Z  INFO 19551 --- [qwen-managed-agent-server] [           main] o.f.core.internal.command.DbValidate     : Successfully validated 45 migrations (execution time 00:00.003s)
2026-10-06T01:45:43.070Z  INFO 19551 --- [qwen-managed-agent-server] [           main] o.f.c.i.s.JdbcTableSchemaHistory         : Creating Schema History table "public"."flyway_schema_history" ...
2026-10-06T01:45:43.071Z  INFO 19551 --- [qwen-managed-agent-server] [           main] o.f.core.internal.command.DbMigrate      : Current version of schema "public": << Empty Schema >>
2026-10-06T01:45:43.071Z  INFO 19551 --- [qwen-managed-agent-server] [           main] o.f.core.internal.command.DbMigrate      : Migrating schema "public" to version "1 - managed agent core"
2026-10-06T01:45:43.073Z  INFO 19551 --- [qwen-managed-agent-server] [           main] o.f.core.internal.command.DbMigrate      : Migrating schema "public" to version "2 - managed agent projection"
2026-10-06T01:45:43.074Z  INFO 19551 --- [qwen-managed-agent-server] [           main] o.f.core.internal.command.DbMigrate      : Migrating schema "public" to version "3 - runtime broker"
2026-10-06T01:45:43.075Z  INFO 19551 --- [qwen-managed-agent-server] [           main] o.f.core.internal.command.DbMigrate      : Migrating schema "public" to version "4 - managed session store"
2026-10-06T01:45:43.076Z  INFO 19551 --- [qwen-managed-agent-server] [           main] o.f.core.internal.command.DbMigrate      : Migrating schema "public" to version "5 - managed session lifecycle"
2026-10-06T01:45:43.077Z  INFO 19551 --- [qwen-managed-agent-server] [           main] o.f.core.internal.command.DbMigrate      : Migrating schema "public" to version "6 - managed turn retry"
2026-10-06T01:45:43.079Z  INFO 19551 --- [qwen-managed-agent-server] [           main] o.f.core.internal.command.DbMigrate      : Migrating schema "public" to version "7 - managed workspace binding"
2026-10-06T01:45:43.083Z  INFO 19551 --- [qwen-managed-agent-server] [           main] o.f.core.internal.command.DbMigrate      : Migrating schema "public" to version "8 - managed workspace registry"
2026-10-06T01:45:43.084Z  INFO 19551 --- [qwen-managed-agent-server] [           main] o.f.core.internal.command.DbMigrate      : Migrating schema "public" to version "9 - managed workspace creation command"
2026-10-06T01:45:43.084Z  INFO 19551 --- [qwen-managed-agent-server] [           main] o.f.core.internal.command.DbMigrate      : Migrating schema "public" to version "10 - managed runtime context"
2026-10-06T01:45:43.085Z  INFO 19551 --- [qwen-managed-agent-server] [           main] o.f.core.internal.command.DbMigrate      : Migrating schema "public" to version "11 - workspace execution"
2026-10-06T01:45:43.086Z  INFO 19551 --- [qwen-managed-agent-server] [           main] o.f.core.internal.command.DbMigrate      : Migrating schema "public" to version "12 - runtime broker schema alignment"
2026-10-06T01:45:43.087Z  INFO 19551 --- [qwen-managed-agent-server] [           main] o.f.core.internal.command.DbMigrate      : Migrating schema "public" to version "13 - managed session agent revision"
2026-10-06T01:45:43.088Z  INFO 19551 --- [qwen-managed-agent-server] [           main] o.f.core.internal.command.DbMigrate      : Migrating schema "public" to version "14 - managed event replay"
2026-10-06T01:45:43.094Z  INFO 19551 --- [qwen-managed-agent-server] [           main] o.f.core.internal.command.DbMigrate      : Migrating schema "public" to version "15 - managed event identity"
2026-10-06T01:45:43.095Z  INFO 19551 --- [qwen-managed-agent-server] [           main] o.f.core.internal.command.DbMigrate      : Migrating schema "public" to version "16 - runtime loss evidence"
2026-10-06T01:45:43.097Z  INFO 19551 --- [qwen-managed-agent-server] [           main] o.f.core.internal.command.DbMigrate      : Migrating schema "public" to version "17 - managed session operation"
2026-10-06T01:45:43.098Z  INFO 19551 --- [qwen-managed-agent-server] [           main] o.f.core.internal.command.DbMigrate      : Migrating schema "public" to version "18 - managed extension record"
2026-10-06T01:45:43.099Z  INFO 19551 --- [qwen-managed-agent-server] [           main] o.f.core.internal.command.DbMigrate      : Migrating schema "public" to version "19 - workspace operator recovery"
2026-10-06T01:45:43.099Z  INFO 19551 --- [qwen-managed-agent-server] [           main] o.f.core.internal.command.DbMigrate      : Migrating schema "public" to version "20 - managed tool publication"
2026-10-06T01:45:43.100Z  INFO 19551 --- [qwen-managed-agent-server] [           main] o.f.core.internal.command.DbMigrate      : Migrating schema "public" to version "21 - managed tool publication objects"
2026-10-06T01:45:43.105Z  INFO 19551 --- [qwen-managed-agent-server] [           main] o.f.core.internal.command.DbMigrate      : Migrating schema "public" to version "22 - managed tool publication recovery"
2026-10-06T01:45:43.105Z  INFO 19551 --- [qwen-managed-agent-server] [           main] o.f.core.internal.command.DbMigrate      : Migrating schema "public" to version "23 - managed mcp records"
2026-10-06T01:45:43.106Z  INFO 19551 --- [qwen-managed-agent-server] [           main] o.f.core.internal.command.DbMigrate      : Migrating schema "public" to version "24 - managed actions"
2026-10-06T01:45:43.108Z  INFO 19551 --- [qwen-managed-agent-server] [           main] o.f.core.internal.command.DbMigrate      : Migrating schema "public" to version "25 - verified workspace mount"
2026-10-06T01:45:43.110Z  INFO 19551 --- [qwen-managed-agent-server] [           main] o.f.core.internal.command.DbMigrate      : Migrating schema "public" to version "26 - managed tool result projection"
2026-10-06T01:45:43.111Z  INFO 19551 --- [qwen-managed-agent-server] [           main] o.f.core.internal.command.DbMigrate      : Migrating schema "public" to version "27 - managed hook records"
2026-10-06T01:45:43.112Z  INFO 19551 --- [qwen-managed-agent-server] [           main] o.f.core.internal.command.DbMigrate      : Migrating schema "public" to version "28 - managed hook admission index"
2026-10-06T01:45:43.113Z  INFO 19551 --- [qwen-managed-agent-server] [           main] o.f.core.internal.command.DbMigrate      : Migrating schema "public" to version "29 - managed hook admission backfill"
2026-10-06T01:45:43.114Z  INFO 19551 --- [qwen-managed-agent-server] [           main] o.f.core.internal.command.DbMigrate      : Migrating schema "public" to version "30 - managed tool output retention"
2026-10-06T01:45:43.116Z  INFO 19551 --- [qwen-managed-agent-server] [           main] o.f.core.internal.command.DbMigrate      : Migrating schema "public" to version "31 - workspace recovery bundle"
2026-10-06T01:45:43.116Z  INFO 19551 --- [qwen-managed-agent-server] [           main] o.f.core.internal.command.DbMigrate      : Migrating schema "public" to version "32 - workspace session close"
2026-10-06T01:45:43.117Z  INFO 19551 --- [qwen-managed-agent-server] [           main] o.f.core.internal.command.DbMigrate      : Migrating schema "public" to version "33 - managed agent definitions"
2026-10-06T01:45:43.117Z  INFO 19551 --- [qwen-managed-agent-server] [           main] o.f.core.internal.command.DbMigrate      : Migrating schema "public" to version "34 - managed tool output collection"
2026-10-06T01:45:43.121Z  INFO 19551 --- [qwen-managed-agent-server] [           main] o.f.core.internal.command.DbMigrate      : Migrating schema "public" to version "35 - managed session tool profile"
2026-10-06T01:45:43.122Z  INFO 19551 --- [qwen-managed-agent-server] [           main] o.f.core.internal.command.DbMigrate      : Migrating schema "public" to version "36 - managed session journal activation"
2026-10-06T01:45:43.123Z  INFO 19551 --- [qwen-managed-agent-server] [           main] o.f.core.internal.command.DbMigrate      : Migrating schema "public" to version "37 - managed agent event type index"
2026-10-06T01:45:43.123Z  INFO 19551 --- [qwen-managed-agent-server] [           main] o.f.core.internal.command.DbMigrate      : Migrating schema "public" to version "38 - managed snapshot deferral marker"
2026-10-06T01:45:43.124Z  INFO 19551 --- [qwen-managed-agent-server] [           main] o.f.core.internal.command.DbMigrate      : Migrating schema "public" to version "39 - managed session journal sequence index"
2026-10-06T01:45:43.125Z  INFO 19551 --- [qwen-managed-agent-server] [           main] o.f.core.internal.command.DbMigrate      : Migrating schema "public" to version "40 - managed session creator"
2026-10-06T01:45:43.126Z  INFO 19551 --- [qwen-managed-agent-server] [           main] o.f.core.internal.command.DbMigrate      : Migrating schema "public" to version "41 - workspace csi reservation"
2026-10-06T01:45:43.127Z  INFO 19551 --- [qwen-managed-agent-server] [           main] o.f.core.internal.command.DbMigrate      : Migrating schema "public" to version "42 - workspace csi retirement"
2026-10-06T01:45:43.127Z  INFO 19551 --- [qwen-managed-agent-server] [           main] o.f.core.internal.command.DbMigrate      : Migrating schema "public" to version "43 - tool dispatch authorization"
2026-10-06T01:45:43.129Z  INFO 19551 --- [qwen-managed-agent-server] [           main] o.f.core.internal.command.DbMigrate      : Migrating schema "public" to version "44 - workspace csi worker ack"
2026-10-06T01:45:43.129Z  INFO 19551 --- [qwen-managed-agent-server] [           main] o.f.core.internal.command.DbMigrate      : Migrating schema "public" to version "45 - managed cwd operation"
2026-10-06T01:45:43.131Z  INFO 19551 --- [qwen-managed-agent-server] [           main] o.f.core.internal.command.DbMigrate      : Successfully applied 45 migrations to schema "public", now at version v45 (execution time 00:00.017s)
2026-10-06T01:45:43.163Z  INFO 19551 --- [qwen-managed-agent-server] [           main] c.a.q.c.m.config.BrokerSecurity          : Managed Agent Broker security: mode=OPEN internalPort=shared writerBinding=unbound allowInsecureBind=false allowedDrift=PT5M
2026-10-06T01:45:43.233Z  INFO 19551 --- [qwen-managed-agent-server] [           main] o.s.b.a.e.web.EndpointLinksResolver      : Exposing 2 endpoints beneath base path '/actuator'
2026-10-06T01:45:43.244Z  INFO 19551 --- [qwen-managed-agent-server] [           main] c.a.q.c.m.service.WorkspaceRuntimeTest   : Started WorkspaceRuntimeTest in 0.436 seconds (process running for 12.518)
[INFO] Tests run: 26, Failures: 0, Errors: 0, Skipped: 0, Time elapsed: 1.689 s -- in com.alibaba.qwen.code.managedagent.service.WorkspaceRuntimeTest
[INFO] Running com.alibaba.qwen.code.managedagent.service.WorkspaceRuntimeInstallProbeTest
[ERROR] Tests run: 7, Failures: 1, Errors: 0, Skipped: 0, Time elapsed: 0.068 s <<< FAILURE! -- in com.alibaba.qwen.code.managedagent.service.WorkspaceRuntimeInstallProbeTest
[ERROR] com.alibaba.qwen.code.managedagent.service.WorkspaceRuntimeInstallProbeTest.aVanishedTargetOrMountRootRefusesTerminally -- Time elapsed: 0.010 s <<< FAILURE!
org.opentest4j.AssertionFailedError: 

Expecting value to be false but was true
	at com.alibaba.qwen.code.managedagent.service.WorkspaceRuntimeInstallProbeTest.lambda$assertProbeRefused$9(WorkspaceRuntimeInstallProbeTest.java:151)
	at com.alibaba.qwen.code.managedagent.service.WorkspaceRuntimeInstallProbeTest.assertProbeRefused(WorkspaceRuntimeInstallProbeTest.java:145)
	at com.alibaba.qwen.code.managedagent.service.WorkspaceRuntimeInstallProbeTest.aVanishedTargetOrMountRootRefusesTerminally(WorkspaceRuntimeInstallProbeTest.java:170)
	at java.base/java.lang.reflect.Method.invoke(Method.java:580)
	at java.base/java.util.ArrayList.forEach(ArrayList.java:1596)
	at java.base/java.util.ArrayList.forEach(ArrayList.java:1596)

[INFO] Running com.alibaba.qwen.code.managedagent.ManagedCwdOperationContractShapeTest
[INFO] Tests run: 3, Failures: 0, Errors: 0, Skipped: 0, Time elapsed: 0.040 s -- in com.alibaba.qwen.code.managedagent.ManagedCwdOperationContractShapeTest
[INFO] 
[INFO] Results:
[INFO] 
[ERROR] Failures: 
[ERROR]   WorkspaceRuntimeInstallProbeTest.aVanishedTargetOrMountRootRefusesTerminally:170->assertProbeRefused:145->lambda$assertProbeRefused$9:151 
Expecting value to be false but was true
[INFO] 
[ERROR] Tests run: 79, Failures: 1, Errors: 0, Skipped: 0
[INFO] 
[INFO] ------------------------------------------------------------------------
[INFO] BUILD FAILURE
[INFO] ------------------------------------------------------------------------
[INFO] Total time:  21.370 s
[INFO] Finished at: 2026-10-06T01:45:44Z
[INFO] ------------------------------------------------------------------------
[ERROR] Failed to execute goal org.apache.maven.plugins:maven-surefire-plugin:3.5.6:test (default-test) on project qwen-managed-agent-server: There are test failures.
[ERROR] 
[ERROR] See /Users/wenshao/pr13247-rig/wt4-mut/packages/sdk-java/managed-agent-server/target/surefire-reports for the individual test results.
[ERROR] See dump files (if any exist) [date].dump, [date]-jvmRun[N].dump and [date].dumpstream.
[ERROR] -> [Help 1]
[ERROR] 
[ERROR] To see the full stack trace of the errors, re-run Maven with the -e switch.
[ERROR] Re-run Maven using the -X switch to enable full debug logging.
[ERROR] 
[ERROR] For more information about the errors and possible solutions, please read the following articles:
[ERROR] [Help 1] http://cwiki.apache.org/confluence/display/MAVEN/MojoFailureException
Mockito is currently self-attaching to enable the inline-mock-maker. This will no longer work in future releases of the JDK. Please add Mockito as an agent to your build as described in Mockito's documentation: https://javadoc.io/doc/org.mockito/mockito-core/latest/org.mockito/org/mockito/Mockito.html#0.3
OpenJDK 64-Bit Server VM warning: Sharing is only supported for boot loader classes because bootstrap classpath has been appended
WARNING: A Java agent has been loaded dynamically (/Users/wenshao/pr13247-rig/m2-r4mut/net/bytebuddy/byte-buddy-agent/1.17.8/byte-buddy-agent-1.17.8.jar)
WARNING: If a serviceability tool is in use, please run with -XX:+EnableDynamicAgentLoading to hide this warning
WARNING: If a serviceability tool is not in use, please run with -Djdk.instrument.traceUsage for more information
WARNING: Dynamic loading of agents will be disallowed by default in a future release
