
 RUN  v3.2.7 /root/git/pr11412/packages/web-shell/client

stderr | daemon/session/DaemonSessionProvider.test.tsx > DaemonSessionProvider > exposes idle connection state without auto connect
[DaemonSessionProvider] detach failed: TypeError: fetch failed
    at node:internal/deps/undici/undici:14976:13
    at processTicksAndRejections (node:internal/process/task_queues:103:5)
    at detachDaemonClient (/root/git/pr11412/packages/web-shell/client/daemon/session/clientLifecycle.ts:74:15) {
  [cause]: Error: connect ECONNREFUSED 127.0.0.1:4170
      at TCPConnectWrap.afterConnect [as oncomplete] (node:net:1637:16) {
    errno: -111,
    code: 'ECONNREFUSED',
    syscall: 'connect',
    address: '127.0.0.1',
    port: 4170
  }
}

stderr | daemon/session/DaemonSessionProvider.test.tsx > DaemonSessionProvider > does not read turn metadata from a legacy daemon
[DaemonSessionProvider] detach failed: TypeError: fetch failed
    at node:internal/deps/undici/undici:14976:13
    at processTicksAndRejections (node:internal/process/task_queues:103:5)
    at detachDaemonClient (/root/git/pr11412/packages/web-shell/client/daemon/session/clientLifecycle.ts:74:15) {
  [cause]: Error: connect ECONNREFUSED 127.0.0.1:4170
      at TCPConnectWrap.afterConnect [as oncomplete] (node:net:1637:16) {
    errno: -111,
    code: 'ECONNREFUSED',
    syscall: 'connect',
    address: '127.0.0.1',
    port: 4170
  }
}

stderr | daemon/session/DaemonSessionProvider.test.tsx > DaemonSessionProvider > keeps the session connected when initial turn metadata fails
[DaemonSessionProvider] detach failed: TypeError: fetch failed
    at node:internal/deps/undici/undici:14976:13
    at processTicksAndRejections (node:internal/process/task_queues:103:5)
    at detachDaemonClient (/root/git/pr11412/packages/web-shell/client/daemon/session/clientLifecycle.ts:74:15) {
  [cause]: Error: connect ECONNREFUSED 127.0.0.1:4170
      at TCPConnectWrap.afterConnect [as oncomplete] (node:net:1637:16) {
    errno: -111,
    code: 'ECONNREFUSED',
    syscall: 'connect',
    address: '127.0.0.1',
    port: 4170
  }
}

stderr | daemon/session/DaemonSessionProvider.test.tsx > DaemonSessionProvider > adds an exact provisional turn after prompt admission
[DaemonSessionProvider] detach failed: TypeError: fetch failed
    at node:internal/deps/undici/undici:14976:13
    at processTicksAndRejections (node:internal/process/task_queues:103:5)
    at detachDaemonClient (/root/git/pr11412/packages/web-shell/client/daemon/session/clientLifecycle.ts:74:15) {
  [cause]: Error: connect ECONNREFUSED 127.0.0.1:4170
      at TCPConnectWrap.afterConnect [as oncomplete] (node:net:1637:16) {
    errno: -111,
    code: 'ECONNREFUSED',
    syscall: 'connect',
    address: '127.0.0.1',
    port: 4170
  }
}

stderr | daemon/session/DaemonSessionProvider.test.tsx > DaemonSessionProvider > skips malformed persisted events while locating a healthy historical turn
[DaemonSessionProvider] detach failed: TypeError: fetch failed
    at node:internal/deps/undici/undici:14976:13
    at processTicksAndRejections (node:internal/process/task_queues:103:5)
    at detachDaemonClient (/root/git/pr11412/packages/web-shell/client/daemon/session/clientLifecycle.ts:74:15) {
  [cause]: Error: connect ECONNREFUSED 127.0.0.1:4170
      at TCPConnectWrap.afterConnect [as oncomplete] (node:net:1637:16) {
    errno: -111,
    code: 'ECONNREFUSED',
    syscall: 'connect',
    address: '127.0.0.1',
    port: 4170
  }
}

stderr | daemon/session/DaemonSessionProvider.test.tsx > DaemonSessionProvider > skips malformed persisted events while locating a healthy historical turn
[DaemonSessionProvider] Skipped malformed navigation history event TypeError: Cannot convert object to primitive value
    at oi (/root/git/pr11412/packages/sdk-typescript/dist/daemon/index.js:10:20053)
    at Za (/root/git/pr11412/packages/sdk-typescript/dist/daemon/index.js:10:17563)
    at fn (/root/git/pr11412/packages/sdk-typescript/dist/daemon/index.js:10:5964)
    at normalizeAndFilterEvent (/root/git/pr11412/packages/web-shell/client/daemon/session/DaemonSessionProvider.tsx:4884:22)
    at Object.materializeTranscriptEvents (/root/git/pr11412/packages/web-shell/client/daemon/session/DaemonSessionProvider.tsx:1293:13)
    at Object.materialize (/root/git/pr11412/packages/web-shell/client/daemon/session/turn-navigation-store.ts:249:23)
    at HistoricalTranscriptPageTable.materializePage (/root/git/pr11412/packages/web-shell/client/daemon/session/transcript-page-table.ts:774:33)
    at HistoricalTranscriptPageTable.admitAnchorPage (/root/git/pr11412/packages/web-shell/client/daemon/session/transcript-page-table.ts:379:31)
    at HistoricalTranscriptPageTable.admitAnchor (/root/git/pr11412/packages/web-shell/client/daemon/session/transcript-page-table.ts:349:19)
    at Object.locateOrdinal (/root/git/pr11412/packages/web-shell/client/daemon/session/turn-navigation-store.ts:876:32)

stderr | daemon/session/DaemonSessionProvider.test.tsx > DaemonSessionProvider > does not rerender streaming state consumers for equivalent transcript updates
[DaemonSessionProvider] detach failed: TypeError: fetch failed
    at node:internal/deps/undici/undici:14976:13
    at processTicksAndRejections (node:internal/process/task_queues:103:5)
    at detachDaemonClient (/root/git/pr11412/packages/web-shell/client/daemon/session/clientLifecycle.ts:74:15) {
  [cause]: Error: connect ECONNREFUSED 127.0.0.1:4170
      at TCPConnectWrap.afterConnect [as oncomplete] (node:net:1637:16) {
    errno: -111,
    code: 'ECONNREFUSED',
    syscall: 'connect',
    address: '127.0.0.1',
    port: 4170
  }
}

stdout | daemon/session/DaemonSessionProvider.test.tsx > DaemonSessionProvider > keeps capabilities handshake failures out of the transcript
[DaemonSessionProvider] retriable SSE error, preserving session for delta resume (sessionId=undefined)

stderr | daemon/session/DaemonSessionProvider.test.tsx > DaemonSessionProvider > resumes standalone sessions through the dedicated route
[DaemonSessionProvider] detach failed: TypeError: fetch failed
    at node:internal/deps/undici/undici:14976:13
    at processTicksAndRejections (node:internal/process/task_queues:103:5)
    at detachDaemonClient (/root/git/pr11412/packages/web-shell/client/daemon/session/clientLifecycle.ts:74:15) {
  [cause]: Error: connect ECONNREFUSED 127.0.0.1:4170
      at TCPConnectWrap.afterConnect [as oncomplete] (node:net:1637:16) {
    errno: -111,
    code: 'ECONNREFUSED',
    syscall: 'connect',
    address: '127.0.0.1',
    port: 4170
  }
}

stderr | daemon/session/DaemonSessionProvider.test.tsx > DaemonSessionProvider > keeps standalone working-directory failures target-scoped
[DaemonSessionProvider] detach failed: TypeError: fetch failed
    at node:internal/deps/undici/undici:14976:13
    at processTicksAndRejections (node:internal/process/task_queues:103:5)
    at detachDaemonClient (/root/git/pr11412/packages/web-shell/client/daemon/session/clientLifecycle.ts:74:15) {
  [cause]: Error: connect ECONNREFUSED 127.0.0.1:4170
      at TCPConnectWrap.afterConnect [as oncomplete] (node:net:1637:16) {
    errno: -111,
    code: 'ECONNREFUSED',
    syscall: 'connect',
    address: '127.0.0.1',
    port: 4170
  }
}

stderr | components/sidebar/WorkspaceSection.test.tsx > WorkspaceSection label > prefers the workspace display name over the cwd basename
An update to WorkspaceSection inside a test was not wrapped in act(...).

When testing, code that causes React state updates should be wrapped into act(...):

act(() => {
  /* fire events that update state */
});
/* assert on the output */

This ensures that you're testing the behavior the user would see in the browser. Learn more at https://react.dev/link/wrap-tests-with-act

stderr | components/sidebar/WorkspaceSection.test.tsx > WorkspaceSection label > restores and writes the workspace expansion preference
An update to WorkspaceSection inside a test was not wrapped in act(...).

When testing, code that causes React state updates should be wrapped into act(...):

act(() => {
  /* fire events that update state */
});
/* assert on the output */

This ensures that you're testing the behavior the user would see in the browser. Learn more at https://react.dev/link/wrap-tests-with-act

stderr | components/sidebar/WorkspaceSection.test.tsx > WorkspaceSection label > does not carry a load error across a source switch
[WorkspaceSection] session poll failed for /tmp/project: Error: tasks unavailable
    at Object.<anonymous> (/root/git/pr11412/packages/web-shell/client/components/sidebar/WorkspaceSection.test.tsx:436:28)
    at Object.mockCall (file:///root/git/pr11412/node_modules/vitest/node_modules/@vitest/spy/dist/index.js:96:15)
    at Object.spy [as listWorkspaceSessionsPage] (file:///root/git/pr11412/node_modules/tinyspy/dist/index.js:47:103)
    at SessionCatalogStore.fetchPage (/root/git/pr11412/packages/web-shell/client/session-catalog/session-catalog-store.ts:1327:12)
    at SessionCatalogStore.startJob (/root/git/pr11412/packages/web-shell/client/session-catalog/session-catalog-store.ts:1192:26)
    at SessionCatalogStore.drainQueue (/root/git/pr11412/packages/web-shell/client/session-catalog/session-catalog-store.ts:1180:12)
    at SessionCatalogStore.ensureScheduled (/root/git/pr11412/packages/web-shell/client/session-catalog/session-catalog-store.ts:1161:10)
    at SessionCatalogStore.requestBackground (/root/git/pr11412/packages/web-shell/client/session-catalog/session-catalog-store.ts:1115:10)
    at SessionCatalogStore.subscribe (/root/git/pr11412/packages/web-shell/client/session-catalog/session-catalog-store.ts:408:12)
    at /root/git/pr11412/packages/web-shell/client/session-catalog/session-catalog-hooks.ts:73:20

stderr | components/sidebar/WebShellSidebar.workspace-removal.test.tsx > WebShellSidebar workspace removal > delegates Add workspace to the App-owned dialog
An update to WorkspaceSection inside a test was not wrapped in act(...).

When testing, code that causes React state updates should be wrapped into act(...):

act(() => {
  /* fire events that update state */
});
/* assert on the output */

This ensures that you're testing the behavior the user would see in the browser. Learn more at https://react.dev/link/wrap-tests-with-act
An update to WorkspaceSection inside a test was not wrapped in act(...).

When testing, code that causes React state updates should be wrapped into act(...):

act(() => {
  /* fire events that update state */
});
/* assert on the output */

This ensures that you're testing the behavior the user would see in the browser. Learn more at https://react.dev/link/wrap-tests-with-act

stderr | components/sidebar/WorkspaceSection.test.tsx > WorkspaceSection git chip > renders a clickable git chip for a trusted repo
An update to BranchPickerPopover inside a test was not wrapped in act(...).

When testing, code that causes React state updates should be wrapped into act(...):

act(() => {
  /* fire events that update state */
});
/* assert on the output */

This ensures that you're testing the behavior the user would see in the browser. Learn more at https://react.dev/link/wrap-tests-with-act
An update to BranchPickerPopover inside a test was not wrapped in act(...).

When testing, code that causes React state updates should be wrapped into act(...):

act(() => {
  /* fire events that update state */
});
/* assert on the output */

This ensures that you're testing the behavior the user would see in the browser. Learn more at https://react.dev/link/wrap-tests-with-act
An update to BranchPickerPopover inside a test was not wrapped in act(...).

When testing, code that causes React state updates should be wrapped into act(...):

act(() => {
  /* fire events that update state */
});
/* assert on the output */

This ensures that you're testing the behavior the user would see in the browser. Learn more at https://react.dev/link/wrap-tests-with-act
An update to BranchPickerPopover inside a test was not wrapped in act(...).

When testing, code that causes React state updates should be wrapped into act(...):

act(() => {
  /* fire events that update state */
});
/* assert on the output */

This ensures that you're testing the behavior the user would see in the browser. Learn more at https://react.dev/link/wrap-tests-with-act
An update to WorkspaceSection inside a test was not wrapped in act(...).

When testing, code that causes React state updates should be wrapped into act(...):

act(() => {
  /* fire events that update state */
});
/* assert on the output */

This ensures that you're testing the behavior the user would see in the browser. Learn more at https://react.dev/link/wrap-tests-with-act

stderr | daemon/session/DaemonSessionProvider.test.tsx > DaemonSessionProvider > fails a Live load once when runtime ownership is ambiguous
[DaemonSessionProvider] detach failed: TypeError: fetch failed
    at node:internal/deps/undici/undici:14976:13
    at processTicksAndRejections (node:internal/process/task_queues:103:5)
    at detachDaemonClient (/root/git/pr11412/packages/web-shell/client/daemon/session/clientLifecycle.ts:74:15) {
  [cause]: Error: connect ECONNREFUSED 127.0.0.1:4170
      at TCPConnectWrap.afterConnect [as oncomplete] (node:net:1637:16) {
    errno: -111,
    code: 'ECONNREFUSED',
    syscall: 'connect',
    address: '127.0.0.1',
    port: 4170
  }
}

stderr | daemon/session/DaemonSessionProvider.test.tsx > DaemonSessionProvider > reloads a controlled standalone session once after a baseUrl change
[DaemonSessionProvider] detach failed: TypeError: fetch failed
    at node:internal/deps/undici/undici:14976:13
    at processTicksAndRejections (node:internal/process/task_queues:103:5)
    at detachDaemonClient (/root/git/pr11412/packages/web-shell/client/daemon/session/clientLifecycle.ts:74:15) {
  [cause]: Error: connect ECONNREFUSED 127.0.0.1:4170
      at TCPConnectWrap.afterConnect [as oncomplete] (node:net:1637:16) {
    errno: -111,
    code: 'ECONNREFUSED',
    syscall: 'connect',
    address: '127.0.0.1',
    port: 4170
  }
}

stderr | daemon/session/DaemonSessionProvider.test.tsx > DaemonSessionProvider > reloads a controlled standalone session once after a baseUrl change
[DaemonSessionProvider] detach failed: TypeError: fetch failed
    at node:internal/deps/undici/undici:14976:13
    at processTicksAndRejections (node:internal/process/task_queues:103:5)
    at detachDaemonClient (/root/git/pr11412/packages/web-shell/client/daemon/session/clientLifecycle.ts:74:15) {
  [cause]: Error: connect ECONNREFUSED 127.0.0.1:4170
      at TCPConnectWrap.afterConnect [as oncomplete] (node:net:1637:16) {
    errno: -111,
    code: 'ECONNREFUSED',
    syscall: 'connect',
    address: '127.0.0.1',
    port: 4170
  }
}

stderr | daemon/session/DaemonSessionProvider.test.tsx > DaemonSessionProvider > settles a workspace load when the daemon reports a canonical cwd
[DaemonSessionProvider] detach failed: TypeError: fetch failed
    at node:internal/deps/undici/undici:14976:13
    at processTicksAndRejections (node:internal/process/task_queues:103:5)
    at detachDaemonClient (/root/git/pr11412/packages/web-shell/client/daemon/session/clientLifecycle.ts:74:15) {
  [cause]: Error: connect ECONNREFUSED 127.0.0.1:4171
      at TCPConnectWrap.afterConnect [as oncomplete] (node:net:1637:16) {
    errno: -111,
    code: 'ECONNREFUSED',
    syscall: 'connect',
    address: '127.0.0.1',
    port: 4171
  }
}

stderr | daemon/session/DaemonSessionProvider.test.tsx > DaemonSessionProvider > does not inherit a failed controlled target in a baseUrl-only provider
[DaemonSessionProvider] detach failed: TypeError: fetch failed
    at node:internal/deps/undici/undici:14976:13
    at processTicksAndRejections (node:internal/process/task_queues:103:5)
    at detachDaemonClient (/root/git/pr11412/packages/web-shell/client/daemon/session/clientLifecycle.ts:74:15) {
  [cause]: Error: connect ECONNREFUSED 127.0.0.1:4170
      at TCPConnectWrap.afterConnect [as oncomplete] (node:net:1637:16) {
    errno: -111,
    code: 'ECONNREFUSED',
    syscall: 'connect',
    address: '127.0.0.1',
    port: 4170
  }
}

stdout | daemon/session/DaemonSessionProvider.test.tsx > DaemonSessionProvider > does not inherit a failed controlled target in a baseUrl-only provider
[DaemonSessionProvider] retriable SSE error, preserving session for delta resume (sessionId=undefined)

stderr | components/messages/TasksStatusMessage.test.tsx > TasksStatusMessage workflow details > cancels the row the user focused, not the one selection started on
[web-shell] failed to cancel task: TypeError: Cannot read properties of undefined (reading 'sessionId')
    at /root/git/pr11412/packages/web-shell/client/components/messages/TasksStatusMessage.tsx:539:20

stderr | daemon/session/DaemonSessionProvider.test.tsx > DaemonSessionProvider > creates a fresh standalone session without the generic route
[DaemonSessionProvider] detach failed: TypeError: fetch failed
    at node:internal/deps/undici/undici:14976:13
    at processTicksAndRejections (node:internal/process/task_queues:103:5)
    at detachDaemonClient (/root/git/pr11412/packages/web-shell/client/daemon/session/clientLifecycle.ts:74:15) {
  [cause]: Error: connect ECONNREFUSED 127.0.0.1:4170
      at TCPConnectWrap.afterConnect [as oncomplete] (node:net:1637:16) {
    errno: -111,
    code: 'ECONNREFUSED',
    syscall: 'connect',
    address: '127.0.0.1',
    port: 4170
  }
}

stderr | daemon/session/DaemonSessionProvider.test.tsx > DaemonSessionProvider > surfaces direct standalone create recovery without retrying
[DaemonSessionProvider] detach failed: TypeError: fetch failed
    at node:internal/deps/undici/undici:14976:13
    at processTicksAndRejections (node:internal/process/task_queues:103:5)
    at detachDaemonClient (/root/git/pr11412/packages/web-shell/client/daemon/session/clientLifecycle.ts:74:15) {
  [cause]: Error: connect ECONNREFUSED 127.0.0.1:4170
      at TCPConnectWrap.afterConnect [as oncomplete] (node:net:1637:16) {
    errno: -111,
    code: 'ECONNREFUSED',
    syscall: 'connect',
    address: '127.0.0.1',
    port: 4170
  }
}

stderr | daemon/session/DaemonSessionProvider.test.tsx > DaemonSessionProvider > preserves action-created standalone recovery across baseUrl-only dependency churn
[DaemonSessionProvider] detach failed: TypeError: fetch failed
    at node:internal/deps/undici/undici:14976:13
    at processTicksAndRejections (node:internal/process/task_queues:103:5)
    at detachDaemonClient (/root/git/pr11412/packages/web-shell/client/daemon/session/clientLifecycle.ts:74:15) {
  [cause]: Error: connect ECONNREFUSED 127.0.0.1:4170
      at TCPConnectWrap.afterConnect [as oncomplete] (node:net:1637:16) {
    errno: -111,
    code: 'ECONNREFUSED',
    syscall: 'connect',
    address: '127.0.0.1',
    port: 4170
  }
}

stderr | daemon/session/DaemonSessionProvider.test.tsx > DaemonSessionProvider > clears stale standalone identity after a plain fresh-create failure
[DaemonSessionProvider] detach failed: TypeError: fetch failed
    at node:internal/deps/undici/undici:14976:13
    at processTicksAndRejections (node:internal/process/task_queues:103:5)
    at detachDaemonClient (/root/git/pr11412/packages/web-shell/client/daemon/session/clientLifecycle.ts:74:15) {
  [cause]: Error: connect ECONNREFUSED 127.0.0.1:4170
      at TCPConnectWrap.afterConnect [as oncomplete] (node:net:1637:16) {
    errno: -111,
    code: 'ECONNREFUSED',
    syscall: 'connect',
    address: '127.0.0.1',
    port: 4170
  }
}

stderr | daemon/session/DaemonSessionProvider.test.tsx > DaemonSessionProvider > does not restore model preview when live context lacks reasoning capability
[DaemonSessionProvider] detach failed: TypeError: fetch failed
    at node:internal/deps/undici/undici:14976:13
    at processTicksAndRejections (node:internal/process/task_queues:103:5)
    at detachDaemonClient (/root/git/pr11412/packages/web-shell/client/daemon/session/clientLifecycle.ts:74:15) {
  [cause]: Error: connect ECONNREFUSED 127.0.0.1:4170
      at TCPConnectWrap.afterConnect [as oncomplete] (node:net:1637:16) {
    errno: -111,
    code: 'ECONNREFUSED',
    syscall: 'connect',
    address: '127.0.0.1',
    port: 4170
  }
}

stderr | daemon/session/DaemonSessionProvider.test.tsx > DaemonSessionProvider > restores workspace reasoning preview after clearing live context models
[DaemonSessionProvider] detach failed: TypeError: fetch failed
    at node:internal/deps/undici/undici:14976:13
    at processTicksAndRejections (node:internal/process/task_queues:103:5)
    at detachDaemonClient (/root/git/pr11412/packages/web-shell/client/daemon/session/clientLifecycle.ts:74:15) {
  [cause]: Error: connect ECONNREFUSED 127.0.0.1:4170
      at TCPConnectWrap.afterConnect [as oncomplete] (node:net:1637:16) {
    errno: -111,
    code: 'ECONNREFUSED',
    syscall: 'connect',
    address: '127.0.0.1',
    port: 4170
  }
}

stderr | daemon/session/DaemonSessionProvider.test.tsx > DaemonSessionProvider > populates skill slash commands during deferred connect (before first prompt)
[DaemonSessionProvider] detach failed: TypeError: fetch failed
    at node:internal/deps/undici/undici:14976:13
    at processTicksAndRejections (node:internal/process/task_queues:103:5)
    at detachDaemonClient (/root/git/pr11412/packages/web-shell/client/daemon/session/clientLifecycle.ts:74:15) {
  [cause]: Error: connect ECONNREFUSED 127.0.0.1:4170
      at TCPConnectWrap.afterConnect [as oncomplete] (node:net:1637:16) {
    errno: -111,
    code: 'ECONNREFUSED',
    syscall: 'connect',
    address: '127.0.0.1',
    port: 4170
  }
}

stdout | daemon/session/DaemonSessionProvider.test.tsx > DaemonSessionProvider > can send immediately after creating a session from the empty state
[DaemonSessionProvider] SSE stream ended

stdout | daemon/session/DaemonSessionProvider.test.tsx > DaemonSessionProvider > can send immediately after creating a session from the empty state
[DaemonSessionProvider] SSE stream ended

stdout | daemon/session/DaemonSessionProvider.test.tsx > DaemonSessionProvider > adds daemon goal set and paused status metadata to the transcript
[DaemonSessionProvider] SSE stream ended

stdout | daemon/session/DaemonSessionProvider.test.tsx > DaemonSessionProvider > restores usage-limited semantics from canonical goal state metadata
[DaemonSessionProvider] SSE stream ended

stdout | daemon/session/DaemonSessionProvider.test.tsx > DaemonSessionProvider > keeps legacy aborted semantics without a usage-limited canonical state
[DaemonSessionProvider] SSE stream ended

stdout | daemon/session/DaemonSessionProvider.test.tsx > DaemonSessionProvider > routes mid_turn_message_injected frames to the sidechannel and transcript
[DaemonSessionProvider] SSE stream ended

stdout | daemon/session/DaemonSessionProvider.test.tsx > DaemonSessionProvider > prevents double submit while a prompt is running
[DaemonSessionProvider] SSE stream ended

stderr | daemon/session/DaemonSessionProvider.test.tsx > DaemonSessionProvider > returns safe pending prompt results when no session is connected
[DaemonSessionProvider] detach failed: TypeError: fetch failed
    at node:internal/deps/undici/undici:14976:13
    at processTicksAndRejections (node:internal/process/task_queues:103:5)
    at detachDaemonClient (/root/git/pr11412/packages/web-shell/client/daemon/session/clientLifecycle.ts:74:15) {
  [cause]: Error: connect ECONNREFUSED 127.0.0.1:4170
      at TCPConnectWrap.afterConnect [as oncomplete] (node:net:1637:16) {
    errno: -111,
    code: 'ECONNREFUSED',
    syscall: 'connect',
    address: '127.0.0.1',
    port: 4170
  }
}

stderr | daemon/session/DaemonSessionProvider.test.tsx > DaemonSessionProvider > routes mid-turn message removal through the matching session owner
[DaemonSessionProvider] detach failed: TypeError: fetch failed
    at node:internal/deps/undici/undici:14976:13
    at processTicksAndRejections (node:internal/process/task_queues:103:5)
    at detachDaemonClient (/root/git/pr11412/packages/web-shell/client/daemon/session/clientLifecycle.ts:74:15) {
  [cause]: Error: connect ECONNREFUSED 127.0.0.1:4170
      at TCPConnectWrap.afterConnect [as oncomplete] (node:net:1637:16) {
    errno: -111,
    code: 'ECONNREFUSED',
    syscall: 'connect',
    address: '127.0.0.1',
    port: 4170
  }
}

stderr | daemon/session/DaemonSessionProvider.test.tsx > DaemonSessionProvider > forwards the persisted client id of the target session on cross-session removal
[DaemonSessionProvider] detach failed: TypeError: fetch failed
    at node:internal/deps/undici/undici:14976:13
    at processTicksAndRejections (node:internal/process/task_queues:103:5)
    at detachDaemonClient (/root/git/pr11412/packages/web-shell/client/daemon/session/clientLifecycle.ts:74:15) {
  [cause]: Error: connect ECONNREFUSED 127.0.0.1:4170
      at TCPConnectWrap.afterConnect [as oncomplete] (node:net:1637:16) {
    errno: -111,
    code: 'ECONNREFUSED',
    syscall: 'connect',
    address: '127.0.0.1',
    port: 4170
  }
}

stderr | daemon/session/DaemonSessionProvider.test.tsx > DaemonSessionProvider > rejects stale-session pending prompt refreshes
[DaemonSessionProvider] detach failed: TypeError: fetch failed
    at node:internal/deps/undici/undici:14976:13
    at processTicksAndRejections (node:internal/process/task_queues:103:5)
    at detachDaemonClient (/root/git/pr11412/packages/web-shell/client/daemon/session/clientLifecycle.ts:74:15) {
  [cause]: Error: connect ECONNREFUSED 127.0.0.1:4170
      at TCPConnectWrap.afterConnect [as oncomplete] (node:net:1637:16) {
    errno: -111,
    code: 'ECONNREFUSED',
    syscall: 'connect',
    address: '127.0.0.1',
    port: 4170
  }
}

stderr | daemon/session/DaemonSessionProvider.test.tsx > DaemonSessionProvider > does not restart the event stream after prompt acceptance by default
[DaemonSessionProvider] detach failed: TypeError: fetch failed
    at node:internal/deps/undici/undici:14976:13
    at processTicksAndRejections (node:internal/process/task_queues:103:5)
    at detachDaemonClient (/root/git/pr11412/packages/web-shell/client/daemon/session/clientLifecycle.ts:74:15) {
  [cause]: Error: connect ECONNREFUSED 127.0.0.1:4170
      at TCPConnectWrap.afterConnect [as oncomplete] (node:net:1637:16) {
    errno: -111,
    code: 'ECONNREFUSED',
    syscall: 'connect',
    address: '127.0.0.1',
    port: 4170
  }
}

stdout | daemon/session/DaemonSessionProvider.test.tsx > DaemonSessionProvider > does not restart the event stream after prompt acceptance by default
[DaemonSessionProvider] SSE stream ended

stderr | daemon/session/DaemonSessionProvider.test.tsx > DaemonSessionProvider > keeps prompt loading active after non-blocking prompt acceptance
[DaemonSessionProvider] detach failed: TypeError: fetch failed
    at node:internal/deps/undici/undici:14976:13
    at processTicksAndRejections (node:internal/process/task_queues:103:5)
    at detachDaemonClient (/root/git/pr11412/packages/web-shell/client/daemon/session/clientLifecycle.ts:74:15) {
  [cause]: Error: connect ECONNREFUSED 127.0.0.1:4170
      at TCPConnectWrap.afterConnect [as oncomplete] (node:net:1637:16) {
    errno: -111,
    code: 'ECONNREFUSED',
    syscall: 'connect',
    address: '127.0.0.1',
    port: 4170
  }
}

stdout | daemon/session/DaemonSessionProvider.test.tsx > DaemonSessionProvider > keeps prompt loading active after non-blocking prompt acceptance
[DaemonSessionProvider] SSE stream ended

stderr | daemon/session/DaemonSessionProvider.test.tsx > DaemonSessionProvider > restarts the event stream when aborting the subscription throws
[DaemonSessionProvider] detach failed: TypeError: fetch failed
    at node:internal/deps/undici/undici:14976:13
    at processTicksAndRejections (node:internal/process/task_queues:103:5)
    at detachDaemonClient (/root/git/pr11412/packages/web-shell/client/daemon/session/clientLifecycle.ts:74:15) {
  [cause]: Error: connect ECONNREFUSED 127.0.0.1:4170
      at TCPConnectWrap.afterConnect [as oncomplete] (node:net:1637:16) {
    errno: -111,
    code: 'ECONNREFUSED',
    syscall: 'connect',
    address: '127.0.0.1',
    port: 4170
  }
}

stdout | daemon/session/DaemonSessionProvider.test.tsx > DaemonSessionProvider > restarts the event stream when aborting the subscription throws
[DaemonSessionProvider] SSE stream ended

stdout | daemon/session/DaemonSessionProvider.test.tsx > DaemonSessionProvider > rebuilds the SSE stream immediately when a prompt is submitted while the stream is down
[DaemonSessionProvider] SSE stream ended

stderr | daemon/session/DaemonSessionProvider.test.tsx > DaemonSessionProvider > rebuilds the SSE stream immediately when a prompt is submitted while the stream is down
[DaemonSessionProvider] detach failed: TypeError: fetch failed
    at node:internal/deps/undici/undici:14976:13
    at processTicksAndRejections (node:internal/process/task_queues:103:5)
    at detachDaemonClient (/root/git/pr11412/packages/web-shell/client/daemon/session/clientLifecycle.ts:74:15) {
  [cause]: Error: connect ECONNREFUSED 127.0.0.1:4170
      at TCPConnectWrap.afterConnect [as oncomplete] (node:net:1637:16) {
    errno: -111,
    code: 'ECONNREFUSED',
    syscall: 'connect',
    address: '127.0.0.1',
    port: 4170
  }
}

stdout | daemon/session/DaemonSessionProvider.test.tsx > DaemonSessionProvider > rebuilds the SSE stream immediately when a prompt is submitted while the stream is down
[DaemonSessionProvider] SSE stream ended

stderr | daemon/session/DaemonSessionProvider.test.tsx > DaemonSessionProvider > shows waiting state when a queued prompt starts before assistant output
[DaemonSessionProvider] detach failed: TypeError: fetch failed
    at node:internal/deps/undici/undici:14976:13
    at processTicksAndRejections (node:internal/process/task_queues:103:5)
    at detachDaemonClient (/root/git/pr11412/packages/web-shell/client/daemon/session/clientLifecycle.ts:74:15) {
  [cause]: Error: connect ECONNREFUSED 127.0.0.1:4170
      at TCPConnectWrap.afterConnect [as oncomplete] (node:net:1637:16) {
    errno: -111,
    code: 'ECONNREFUSED',
    syscall: 'connect',
    address: '127.0.0.1',
    port: 4170
  }
}

stdout | daemon/session/DaemonSessionProvider.test.tsx > DaemonSessionProvider > shows waiting state when a queued prompt starts before assistant output
[DaemonSessionProvider] SSE stream ended

stderr | daemon/session/DaemonSessionProvider.test.tsx > DaemonSessionProvider > settles non-blocking prompts when turn completion arrives before acceptance returns
[DaemonSessionProvider] detach failed: TypeError: fetch failed
    at node:internal/deps/undici/undici:14976:13
    at processTicksAndRejections (node:internal/process/task_queues:103:5)
    at detachDaemonClient (/root/git/pr11412/packages/web-shell/client/daemon/session/clientLifecycle.ts:74:15) {
  [cause]: Error: connect ECONNREFUSED 127.0.0.1:4170
      at TCPConnectWrap.afterConnect [as oncomplete] (node:net:1637:16) {
    errno: -111,
    code: 'ECONNREFUSED',
    syscall: 'connect',
    address: '127.0.0.1',
    port: 4170
  }
}

stdout | daemon/session/DaemonSessionProvider.test.tsx > DaemonSessionProvider > settles non-blocking prompts when turn completion arrives before acceptance returns
[DaemonSessionProvider] SSE stream ended

stderr | daemon/session/DaemonSessionProvider.test.tsx > DaemonSessionProvider > allows the next prompt after a turn completes before acceptance returns
[DaemonSessionProvider] detach failed: TypeError: fetch failed
    at node:internal/deps/undici/undici:14976:13
    at processTicksAndRejections (node:internal/process/task_queues:103:5)
    at detachDaemonClient (/root/git/pr11412/packages/web-shell/client/daemon/session/clientLifecycle.ts:74:15) {
  [cause]: Error: connect ECONNREFUSED 127.0.0.1:4170
      at TCPConnectWrap.afterConnect [as oncomplete] (node:net:1637:16) {
    errno: -111,
    code: 'ECONNREFUSED',
    syscall: 'connect',
    address: '127.0.0.1',
    port: 4170
  }
}

stdout | daemon/session/DaemonSessionProvider.test.tsx > DaemonSessionProvider > allows the next prompt after a turn completes before acceptance returns
[DaemonSessionProvider] SSE stream ended

stderr | daemon/session/DaemonSessionProvider.test.tsx > DaemonSessionProvider > rejects the prompt when turn_error arrives before acceptance returns
[DaemonSessionProvider] detach failed: TypeError: fetch failed
    at node:internal/deps/undici/undici:14976:13
    at processTicksAndRejections (node:internal/process/task_queues:103:5)
    at detachDaemonClient (/root/git/pr11412/packages/web-shell/client/daemon/session/clientLifecycle.ts:74:15) {
  [cause]: Error: connect ECONNREFUSED 127.0.0.1:4170
      at TCPConnectWrap.afterConnect [as oncomplete] (node:net:1637:16) {
    errno: -111,
    code: 'ECONNREFUSED',
    syscall: 'connect',
    address: '127.0.0.1',
    port: 4170
  }
}

stdout | daemon/session/DaemonSessionProvider.test.tsx > DaemonSessionProvider > rejects the prompt when turn_error arrives before acceptance returns
[DaemonSessionProvider] SSE stream ended

stderr | daemon/session/DaemonSessionProvider.test.tsx > DaemonSessionProvider > sends image prompt content through the daemon action
[DaemonSessionProvider] detach failed: TypeError: fetch failed
    at node:internal/deps/undici/undici:14976:13
    at processTicksAndRejections (node:internal/process/task_queues:103:5)
    at detachDaemonClient (/root/git/pr11412/packages/web-shell/client/daemon/session/clientLifecycle.ts:74:15) {
  [cause]: Error: connect ECONNREFUSED 127.0.0.1:4170
      at TCPConnectWrap.afterConnect [as oncomplete] (node:net:1637:16) {
    errno: -111,
    code: 'ECONNREFUSED',
    syscall: 'connect',
    address: '127.0.0.1',
    port: 4170
  }
}

stdout | daemon/session/DaemonSessionProvider.test.tsx > DaemonSessionProvider > sends image prompt content through the daemon action
[DaemonSessionProvider] SSE stream ended

stderr | daemon/session/DaemonSessionProvider.test.tsx > DaemonSessionProvider > passes retry prompts through the daemon action
[DaemonSessionProvider] detach failed: TypeError: fetch failed
    at node:internal/deps/undici/undici:14976:13
    at processTicksAndRejections (node:internal/process/task_queues:103:5)
    at detachDaemonClient (/root/git/pr11412/packages/web-shell/client/daemon/session/clientLifecycle.ts:74:15) {
  [cause]: Error: connect ECONNREFUSED 127.0.0.1:4170
      at TCPConnectWrap.afterConnect [as oncomplete] (node:net:1637:16) {
    errno: -111,
    code: 'ECONNREFUSED',
    syscall: 'connect',
    address: '127.0.0.1',
    port: 4170
  }
}

stdout | daemon/session/DaemonSessionProvider.test.tsx > DaemonSessionProvider > passes retry prompts through the daemon action
[DaemonSessionProvider] SSE stream ended

stderr | daemon/session/DaemonSessionProvider.test.tsx > DaemonSessionProvider > submits permission selections with optional answers
[DaemonSessionProvider] detach failed: TypeError: fetch failed
    at node:internal/deps/undici/undici:14976:13
    at processTicksAndRejections (node:internal/process/task_queues:103:5)
    at detachDaemonClient (/root/git/pr11412/packages/web-shell/client/daemon/session/clientLifecycle.ts:74:15) {
  [cause]: Error: connect ECONNREFUSED 127.0.0.1:4170
      at TCPConnectWrap.afterConnect [as oncomplete] (node:net:1637:16) {
    errno: -111,
    code: 'ECONNREFUSED',
    syscall: 'connect',
    address: '127.0.0.1',
    port: 4170
  }
}

stdout | daemon/session/DaemonSessionProvider.test.tsx > DaemonSessionProvider > exposes pending permission blocks
[DaemonSessionProvider] SSE stream ended

stderr | daemon/session/DaemonSessionProvider.test.tsx > DaemonSessionProvider > exposes pending permission blocks
[DaemonSessionProvider] detach failed: TypeError: fetch failed
    at node:internal/deps/undici/undici:14976:13
    at processTicksAndRejections (node:internal/process/task_queues:103:5)
    at detachDaemonClient (/root/git/pr11412/packages/web-shell/client/daemon/session/clientLifecycle.ts:74:15) {
  [cause]: Error: connect ECONNREFUSED 127.0.0.1:4170
      at TCPConnectWrap.afterConnect [as oncomplete] (node:net:1637:16) {
    errno: -111,
    code: 'ECONNREFUSED',
    syscall: 'connect',
    address: '127.0.0.1',
    port: 4170
  }
}

stdout | daemon/session/DaemonSessionProvider.test.tsx > DaemonSessionProvider > exposes workspace event signals from daemon session events
[DaemonSessionProvider] SSE stream ended

stderr | daemon/session/DaemonSessionProvider.test.tsx > DaemonSessionProvider > exposes workspace event signals from daemon session events
[DaemonSessionProvider] detach failed: TypeError: fetch failed
    at node:internal/deps/undici/undici:14976:13
    at processTicksAndRejections (node:internal/process/task_queues:103:5)
    at detachDaemonClient (/root/git/pr11412/packages/web-shell/client/daemon/session/clientLifecycle.ts:74:15) {
  [cause]: Error: connect ECONNREFUSED 127.0.0.1:4170
      at TCPConnectWrap.afterConnect [as oncomplete] (node:net:1637:16) {
    errno: -111,
    code: 'ECONNREFUSED',
    syscall: 'connect',
    address: '127.0.0.1',
    port: 4170
  }
}

stdout | daemon/session/DaemonSessionProvider.test.tsx > DaemonSessionProvider > only invalidates session artifacts from standalone session events
[DaemonSessionProvider] SSE stream ended

stderr | daemon/session/DaemonSessionProvider.test.tsx > DaemonSessionProvider > only invalidates session artifacts from standalone session events
[DaemonSessionProvider] detach failed: TypeError: fetch failed
    at node:internal/deps/undici/undici:14976:13
    at processTicksAndRejections (node:internal/process/task_queues:103:5)
    at detachDaemonClient (/root/git/pr11412/packages/web-shell/client/daemon/session/clientLifecycle.ts:74:15) {
  [cause]: Error: connect ECONNREFUSED 127.0.0.1:4170
      at TCPConnectWrap.afterConnect [as oncomplete] (node:net:1637:16) {
    errno: -111,
    code: 'ECONNREFUSED',
    syscall: 'connect',
    address: '127.0.0.1',
    port: 4170
  }
}

stdout | daemon/session/DaemonSessionProvider.test.tsx > DaemonSessionProvider > only invalidates session artifacts from live session events
[DaemonSessionProvider] SSE stream ended

stderr | daemon/session/DaemonSessionProvider.test.tsx > DaemonSessionProvider > only invalidates session artifacts from live session events
[DaemonSessionProvider] detach failed: TypeError: fetch failed
    at node:internal/deps/undici/undici:14976:13
    at processTicksAndRejections (node:internal/process/task_queues:103:5)
    at detachDaemonClient (/root/git/pr11412/packages/web-shell/client/daemon/session/clientLifecycle.ts:74:15) {
  [cause]: Error: connect ECONNREFUSED 127.0.0.1:4170
      at TCPConnectWrap.afterConnect [as oncomplete] (node:net:1637:16) {
    errno: -111,
    code: 'ECONNREFUSED',
    syscall: 'connect',
    address: '127.0.0.1',
    port: 4170
  }
}

stdout | daemon/session/DaemonSessionProvider.test.tsx > DaemonSessionProvider > deduplicates skill toggle settings events from the generic settings signal
[DaemonSessionProvider] SSE stream ended

stderr | daemon/session/DaemonSessionProvider.test.tsx > DaemonSessionProvider > deduplicates skill toggle settings events from the generic settings signal
[DaemonSessionProvider] detach failed: TypeError: fetch failed
    at node:internal/deps/undici/undici:14976:13
    at processTicksAndRejections (node:internal/process/task_queues:103:5)
    at detachDaemonClient (/root/git/pr11412/packages/web-shell/client/daemon/session/clientLifecycle.ts:74:15) {
  [cause]: Error: connect ECONNREFUSED 127.0.0.1:4170
      at TCPConnectWrap.afterConnect [as oncomplete] (node:net:1637:16) {
    errno: -111,
    code: 'ECONNREFUSED',
    syscall: 'connect',
    address: '127.0.0.1',
    port: 4170
  }
}

stderr | daemon/session/DaemonSessionProvider.test.tsx > DaemonSessionProvider > retains every distinct skill mutation from one replay batch
[DaemonSessionProvider] detach failed: TypeError: fetch failed
    at node:internal/deps/undici/undici:14976:13
    at processTicksAndRejections (node:internal/process/task_queues:103:5)
    at detachDaemonClient (/root/git/pr11412/packages/web-shell/client/daemon/session/clientLifecycle.ts:74:15) {
  [cause]: Error: connect ECONNREFUSED 127.0.0.1:4170
      at TCPConnectWrap.afterConnect [as oncomplete] (node:net:1637:16) {
    errno: -111,
    code: 'ECONNREFUSED',
    syscall: 'connect',
    address: '127.0.0.1',
    port: 4170
  }
}

stderr | daemon/session/DaemonSessionProvider.test.tsx > DaemonSessionProvider > logs settings reloads without inserting daemon debug blocks
[DaemonSessionProvider] detach failed: TypeError: fetch failed
    at node:internal/deps/undici/undici:14976:13
    at processTicksAndRejections (node:internal/process/task_queues:103:5)
    at detachDaemonClient (/root/git/pr11412/packages/web-shell/client/daemon/session/clientLifecycle.ts:74:15) {
  [cause]: Error: connect ECONNREFUSED 127.0.0.1:4170
      at TCPConnectWrap.afterConnect [as oncomplete] (node:net:1637:16) {
    errno: -111,
    code: 'ECONNREFUSED',
    syscall: 'connect',
    address: '127.0.0.1',
    port: 4170
  }
}

stderr | daemon/session/DaemonSessionProvider.test.tsx > DaemonSessionProvider > treats prompt abort during cancel as cancellation and keeps busy until cancel completes
[DaemonSessionProvider] detach failed: TypeError: fetch failed
    at node:internal/deps/undici/undici:14976:13
    at processTicksAndRejections (node:internal/process/task_queues:103:5)
    at detachDaemonClient (/root/git/pr11412/packages/web-shell/client/daemon/session/clientLifecycle.ts:74:15) {
  [cause]: Error: connect ECONNREFUSED 127.0.0.1:4170
      at TCPConnectWrap.afterConnect [as oncomplete] (node:net:1637:16) {
    errno: -111,
    code: 'ECONNREFUSED',
    syscall: 'connect',
    address: '127.0.0.1',
    port: 4170
  }
}

stdout | daemon/session/DaemonSessionProvider.test.tsx > DaemonSessionProvider > treats prompt abort during cancel as cancellation and keeps busy until cancel completes
[DaemonSessionProvider] SSE stream ended

stderr | daemon/session/DaemonSessionProvider.test.tsx > DaemonSessionProvider > ends assistant streaming when prompt fails with a non-abort error
[DaemonSessionProvider] detach failed: TypeError: fetch failed
    at node:internal/deps/undici/undici:14976:13
    at processTicksAndRejections (node:internal/process/task_queues:103:5)
    at detachDaemonClient (/root/git/pr11412/packages/web-shell/client/daemon/session/clientLifecycle.ts:74:15) {
  [cause]: Error: connect ECONNREFUSED 127.0.0.1:4170
      at TCPConnectWrap.afterConnect [as oncomplete] (node:net:1637:16) {
    errno: -111,
    code: 'ECONNREFUSED',
    syscall: 'connect',
    address: '127.0.0.1',
    port: 4170
  }
}

stderr | daemon/session/DaemonSessionProvider.test.tsx > DaemonSessionProvider > coalesces a burst of streamed chunks into one complete ordered transcript
[DaemonSessionProvider] detach failed: TypeError: fetch failed
    at node:internal/deps/undici/undici:14976:13
    at processTicksAndRejections (node:internal/process/task_queues:103:5)
    at detachDaemonClient (/root/git/pr11412/packages/web-shell/client/daemon/session/clientLifecycle.ts:74:15) {
  [cause]: Error: connect ECONNREFUSED 127.0.0.1:4170
      at TCPConnectWrap.afterConnect [as oncomplete] (node:net:1637:16) {
    errno: -111,
    code: 'ECONNREFUSED',
    syscall: 'connect',
    address: '127.0.0.1',
    port: 4170
  }
}

stderr | daemon/session/DaemonSessionProvider.test.tsx > DaemonSessionProvider > coalesces streamed chunks arriving within the dispatch window
[DaemonSessionProvider] detach failed: TypeError: fetch failed
    at node:internal/deps/undici/undici:14976:13
    at processTicksAndRejections (node:internal/process/task_queues:103:5)
    at detachDaemonClient (/root/git/pr11412/packages/web-shell/client/daemon/session/clientLifecycle.ts:74:15) {
  [cause]: Error: connect ECONNREFUSED 127.0.0.1:4170
      at TCPConnectWrap.afterConnect [as oncomplete] (node:net:1637:16) {
    errno: -111,
    code: 'ECONNREFUSED',
    syscall: 'connect',
    address: '127.0.0.1',
    port: 4170
  }
}

stderr | daemon/session/DaemonSessionProvider.test.tsx > DaemonSessionProvider > flushes buffered transcript events on unmount instead of dropping them
[DaemonSessionProvider] detach failed: TypeError: fetch failed
    at node:internal/deps/undici/undici:14976:13
    at processTicksAndRejections (node:internal/process/task_queues:103:5)
    at detachDaemonClient (/root/git/pr11412/packages/web-shell/client/daemon/session/clientLifecycle.ts:74:15) {
  [cause]: Error: connect ECONNREFUSED 127.0.0.1:4170
      at TCPConnectWrap.afterConnect [as oncomplete] (node:net:1637:16) {
    errno: -111,
    code: 'ECONNREFUSED',
    syscall: 'connect',
    address: '127.0.0.1',
    port: 4170
  }
}

stderr | daemon/session/DaemonSessionProvider.test.tsx > DaemonSessionProvider > flushes buffered transcript events on unmount instead of dropping them
[DaemonSessionProvider] detach failed: TypeError: fetch failed
    at node:internal/deps/undici/undici:14976:13
    at processTicksAndRejections (node:internal/process/task_queues:103:5)
    at detachDaemonClient (/root/git/pr11412/packages/web-shell/client/daemon/session/clientLifecycle.ts:74:15) {
  [cause]: Error: connect ECONNREFUSED 127.0.0.1:4170
      at TCPConnectWrap.afterConnect [as oncomplete] (node:net:1637:16) {
    errno: -111,
    code: 'ECONNREFUSED',
    syscall: 'connect',
    address: '127.0.0.1',
    port: 4170
  }
}

stderr | daemon/session/DaemonSessionProvider.test.tsx > DaemonSessionProvider > keeps the burst in one block when a malformed_payload debug event interleaves
[DaemonSessionProvider] detach failed: TypeError: fetch failed
    at node:internal/deps/undici/undici:14976:13
    at processTicksAndRejections (node:internal/process/task_queues:103:5)
    at detachDaemonClient (/root/git/pr11412/packages/web-shell/client/daemon/session/clientLifecycle.ts:74:15) {
  [cause]: Error: connect ECONNREFUSED 127.0.0.1:4170
      at TCPConnectWrap.afterConnect [as oncomplete] (node:net:1637:16) {
    errno: -111,
    code: 'ECONNREFUSED',
    syscall: 'connect',
    address: '127.0.0.1',
    port: 4170
  }
}

stderr | daemon/session/DaemonSessionProvider.test.tsx > DaemonSessionProvider > does not insert abort errors from shell commands into the transcript
[DaemonSessionProvider] detach failed: TypeError: fetch failed
    at node:internal/deps/undici/undici:14976:13
    at processTicksAndRejections (node:internal/process/task_queues:103:5)
    at detachDaemonClient (/root/git/pr11412/packages/web-shell/client/daemon/session/clientLifecycle.ts:74:15) {
  [cause]: Error: connect ECONNREFUSED 127.0.0.1:4170
      at TCPConnectWrap.afterConnect [as oncomplete] (node:net:1637:16) {
    errno: -111,
    code: 'ECONNREFUSED',
    syscall: 'connect',
    address: '127.0.0.1',
    port: 4170
  }
}

stdout | daemon/session/DaemonSessionProvider.test.tsx > DaemonSessionProvider > keeps cancellation turn errors in the transcript
[DaemonSessionProvider] SSE stream ended

stderr | daemon/session/DaemonSessionProvider.test.tsx > DaemonSessionProvider > keeps cancellation turn errors in the transcript
[DaemonSessionProvider] detach failed: TypeError: fetch failed
    at node:internal/deps/undici/undici:14976:13
    at processTicksAndRejections (node:internal/process/task_queues:103:5)
    at detachDaemonClient (/root/git/pr11412/packages/web-shell/client/daemon/session/clientLifecycle.ts:74:15) {
  [cause]: Error: connect ECONNREFUSED 127.0.0.1:4170
      at TCPConnectWrap.afterConnect [as oncomplete] (node:net:1637:16) {
    errno: -111,
    code: 'ECONNREFUSED',
    syscall: 'connect',
    address: '127.0.0.1',
    port: 4170
  }
}

stdout | daemon/session/DaemonSessionProvider.test.tsx > DaemonSessionProvider > exposes prompt cancellation events as transcript blocks
[DaemonSessionProvider] SSE stream ended

stderr | daemon/session/DaemonSessionProvider.test.tsx > DaemonSessionProvider > exposes prompt cancellation events as transcript blocks
[DaemonSessionProvider] detach failed: TypeError: fetch failed
    at node:internal/deps/undici/undici:14976:13
    at processTicksAndRejections (node:internal/process/task_queues:103:5)
    at detachDaemonClient (/root/git/pr11412/packages/web-shell/client/daemon/session/clientLifecycle.ts:74:15) {
  [cause]: Error: connect ECONNREFUSED 127.0.0.1:4170
      at TCPConnectWrap.afterConnect [as oncomplete] (node:net:1637:16) {
    errno: -111,
    code: 'ECONNREFUSED',
    syscall: 'connect',
    address: '127.0.0.1',
    port: 4170
  }
}

stdout | daemon/session/DaemonSessionProvider.test.tsx > DaemonSessionProvider > keeps forward-failed prompt cancellations out of blocks
[DaemonSessionProvider] SSE stream ended

stderr | daemon/session/DaemonSessionProvider.test.tsx > DaemonSessionProvider > keeps forward-failed prompt cancellations out of blocks
[DaemonSessionProvider] detach failed: TypeError: fetch failed
    at node:internal/deps/undici/undici:14976:13
    at processTicksAndRejections (node:internal/process/task_queues:103:5)
    at detachDaemonClient (/root/git/pr11412/packages/web-shell/client/daemon/session/clientLifecycle.ts:74:15) {
  [cause]: Error: connect ECONNREFUSED 127.0.0.1:4170
      at TCPConnectWrap.afterConnect [as oncomplete] (node:net:1637:16) {
    errno: -111,
    code: 'ECONNREFUSED',
    syscall: 'connect',
    address: '127.0.0.1',
    port: 4170
  }
}

stderr | daemon/session/DaemonSessionProvider.test.tsx > DaemonSessionProvider > exposes catchingUp on resume and clears it on replay_complete
[DaemonSessionProvider] detach failed: TypeError: fetch failed
    at node:internal/deps/undici/undici:14976:13
    at processTicksAndRejections (node:internal/process/task_queues:103:5)
    at detachDaemonClient (/root/git/pr11412/packages/web-shell/client/daemon/session/clientLifecycle.ts:74:15) {
  [cause]: Error: connect ECONNREFUSED 127.0.0.1:4170
      at TCPConnectWrap.afterConnect [as oncomplete] (node:net:1637:16) {
    errno: -111,
    code: 'ECONNREFUSED',
    syscall: 'connect',
    address: '127.0.0.1',
    port: 4170
  }
}

stderr | daemon/session/DaemonSessionProvider.test.tsx > DaemonSessionProvider > does not re-arm catchingUp after injecting replay for a resumed session
[DaemonSessionProvider] detach failed: TypeError: fetch failed
    at node:internal/deps/undici/undici:14976:13
    at processTicksAndRejections (node:internal/process/task_queues:103:5)
    at detachDaemonClient (/root/git/pr11412/packages/web-shell/client/daemon/session/clientLifecycle.ts:74:15) {
  [cause]: Error: connect ECONNREFUSED 127.0.0.1:4170
      at TCPConnectWrap.afterConnect [as oncomplete] (node:net:1637:16) {
    errno: -111,
    code: 'ECONNREFUSED',
    syscall: 'connect',
    address: '127.0.0.1',
    port: 4170
  }
}

stderr | daemon/session/DaemonSessionProvider.test.tsx > DaemonSessionProvider > never sets catchingUp on a fresh subscription (no Last-Event-ID)
[DaemonSessionProvider] detach failed: TypeError: fetch failed
    at node:internal/deps/undici/undici:14976:13
    at processTicksAndRejections (node:internal/process/task_queues:103:5)
    at detachDaemonClient (/root/git/pr11412/packages/web-shell/client/daemon/session/clientLifecycle.ts:74:15) {
  [cause]: Error: connect ECONNREFUSED 127.0.0.1:4170
      at TCPConnectWrap.afterConnect [as oncomplete] (node:net:1637:16) {
    errno: -111,
    code: 'ECONNREFUSED',
    syscall: 'connect',
    address: '127.0.0.1',
    port: 4170
  }
}

stderr | daemon/session/DaemonSessionProvider.test.tsx > DaemonSessionProvider > clears prompt state and transcript when reconnect attaches a different session
[DaemonSessionProvider] detach failed: TypeError: fetch failed
    at node:internal/deps/undici/undici:14976:13
    at processTicksAndRejections (node:internal/process/task_queues:103:5)
    at detachDaemonClient (/root/git/pr11412/packages/web-shell/client/daemon/session/clientLifecycle.ts:74:15) {
  [cause]: Error: connect ECONNREFUSED 127.0.0.1:4170
      at TCPConnectWrap.afterConnect [as oncomplete] (node:net:1637:16) {
    errno: -111,
    code: 'ECONNREFUSED',
    syscall: 'connect',
    address: '127.0.0.1',
    port: 4170
  }
}

stderr | daemon/session/DaemonSessionProvider.test.tsx > DaemonSessionProvider > clears prompt state and transcript when reconnect attaches a different session
[DaemonSessionProvider] terminal session error (sessionId=session-a, status=404, message=missing session)

stdout | daemon/session/DaemonSessionProvider.test.tsx > DaemonSessionProvider > reuses the same session client after a normal SSE stream end
[DaemonSessionProvider] SSE stream ended

stderr | daemon/session/DaemonSessionProvider.test.tsx > DaemonSessionProvider > requests summary live replay for summary transcript mode
[DaemonSessionProvider] detach failed: TypeError: fetch failed
    at node:internal/deps/undici/undici:14976:13
    at processTicksAndRejections (node:internal/process/task_queues:103:5)
    at detachDaemonClient (/root/git/pr11412/packages/web-shell/client/daemon/session/clientLifecycle.ts:74:15) {
  [cause]: Error: connect ECONNREFUSED 127.0.0.1:4170
      at TCPConnectWrap.afterConnect [as oncomplete] (node:net:1637:16) {
    errno: -111,
    code: 'ECONNREFUSED',
    syscall: 'connect',
    address: '127.0.0.1',
    port: 4170
  }
}

stdout | daemon/session/DaemonSessionProvider.test.tsx > DaemonSessionProvider > does not inject replay snapshot again after a normal SSE stream end
[DaemonSessionProvider] SSE stream ended

stderr | daemon/session/DaemonSessionProvider.test.tsx > DaemonSessionProvider > does not inject replay snapshot again after a normal SSE stream end
[DaemonSessionProvider] detach failed: TypeError: fetch failed
    at node:internal/deps/undici/undici:14976:13
    at processTicksAndRejections (node:internal/process/task_queues:103:5)
    at detachDaemonClient (/root/git/pr11412/packages/web-shell/client/daemon/session/clientLifecycle.ts:74:15) {
  [cause]: Error: connect ECONNREFUSED 127.0.0.1:4170
      at TCPConnectWrap.afterConnect [as oncomplete] (node:net:1637:16) {
    errno: -111,
    code: 'ECONNREFUSED',
    syscall: 'connect',
    address: '127.0.0.1',
    port: 4170
  }
}

stderr | daemon/session/DaemonSessionProvider.test.tsx > DaemonSessionProvider > injects replay snapshot on initial session load
[DaemonSessionProvider] detach failed: TypeError: fetch failed
    at node:internal/deps/undici/undici:14976:13
    at processTicksAndRejections (node:internal/process/task_queues:103:5)
    at detachDaemonClient (/root/git/pr11412/packages/web-shell/client/daemon/session/clientLifecycle.ts:74:15) {
  [cause]: Error: connect ECONNREFUSED 127.0.0.1:4170
      at TCPConnectWrap.afterConnect [as oncomplete] (node:net:1637:16) {
    errno: -111,
    code: 'ECONNREFUSED',
    syscall: 'connect',
    address: '127.0.0.1',
    port: 4170
  }
}

stderr | daemon/session/DaemonSessionProvider.test.tsx > DaemonSessionProvider > uses bounded replay truncation for pagination without hiding scope undefined incorrectly
[DaemonSessionProvider] detach failed: TypeError: fetch failed
    at node:internal/deps/undici/undici:14976:13
    at processTicksAndRejections (node:internal/process/task_queues:103:5)
    at detachDaemonClient (/root/git/pr11412/packages/web-shell/client/daemon/session/clientLifecycle.ts:74:15) {
  [cause]: Error: connect ECONNREFUSED 127.0.0.1:4170
      at TCPConnectWrap.afterConnect [as oncomplete] (node:net:1637:16) {
    errno: -111,
    code: 'ECONNREFUSED',
    syscall: 'connect',
    address: '127.0.0.1',
    port: 4170
  }
}

stderr | daemon/session/DaemonSessionProvider.test.tsx > DaemonSessionProvider > uses bounded replay truncation for pagination without hiding scope future_scope incorrectly
[DaemonSessionProvider] detach failed: TypeError: fetch failed
    at node:internal/deps/undici/undici:14976:13
    at processTicksAndRejections (node:internal/process/task_queues:103:5)
    at detachDaemonClient (/root/git/pr11412/packages/web-shell/client/daemon/session/clientLifecycle.ts:74:15) {
  [cause]: Error: connect ECONNREFUSED 127.0.0.1:4170
      at TCPConnectWrap.afterConnect [as oncomplete] (node:net:1637:16) {
    errno: -111,
    code: 'ECONNREFUSED',
    syscall: 'connect',
    address: '127.0.0.1',
    port: 4170
  }
}

stdout | daemon/session/DaemonSessionProvider.test.tsx > DaemonSessionProvider > keeps replay-derived pagination state across a same-session reconnect
[DaemonSessionProvider] SSE stream ended

stderr | daemon/session/DaemonSessionProvider.test.tsx > DaemonSessionProvider > keeps replay-derived pagination state across a same-session reconnect
[DaemonSessionProvider] detach failed: TypeError: fetch failed
    at node:internal/deps/undici/undici:14976:13
    at processTicksAndRejections (node:internal/process/task_queues:103:5)
    at detachDaemonClient (/root/git/pr11412/packages/web-shell/client/daemon/session/clientLifecycle.ts:74:15) {
  [cause]: Error: connect ECONNREFUSED 127.0.0.1:4170
      at TCPConnectWrap.afterConnect [as oncomplete] (node:net:1637:16) {
    errno: -111,
    code: 'ECONNREFUSED',
    syscall: 'connect',
    address: '127.0.0.1',
    port: 4170
  }
}

stderr | daemon/session/DaemonSessionProvider.test.tsx > DaemonSessionProvider > keeps history-sourced unrecognized diagnostics on the sidechannel when paging (#8823)
[DaemonSessionProvider] detach failed: TypeError: fetch failed
    at node:internal/deps/undici/undici:14976:13
    at processTicksAndRejections (node:internal/process/task_queues:103:5)
    at detachDaemonClient (/root/git/pr11412/packages/web-shell/client/daemon/session/clientLifecycle.ts:74:15) {
  [cause]: Error: connect ECONNREFUSED 127.0.0.1:4170
      at TCPConnectWrap.afterConnect [as oncomplete] (node:net:1637:16) {
    errno: -111,
    code: 'ECONNREFUSED',
    syscall: 'connect',
    address: '127.0.0.1',
    port: 4170
  }
}

stderr | daemon/session/DaemonSessionProvider.test.tsx > DaemonSessionProvider > keeps history-sourced unrecognized diagnostics on the sidechannel when paging (#8823)
An update to Harness inside a test was not wrapped in act(...).

When testing, code that causes React state updates should be wrapped into act(...):

act(() => {
  /* fire events that update state */
});
/* assert on the output */

This ensures that you're testing the behavior the user would see in the browser. Learn more at https://react.dev/link/wrap-tests-with-act

stderr | daemon/session/DaemonSessionProvider.test.tsx > DaemonSessionProvider > uses history_truncated marker recordId as pagination anchor when session_updates lack one
[DaemonSessionProvider] detach failed: TypeError: fetch failed
    at node:internal/deps/undici/undici:14976:13
    at processTicksAndRejections (node:internal/process/task_queues:103:5)
    at detachDaemonClient (/root/git/pr11412/packages/web-shell/client/daemon/session/clientLifecycle.ts:74:15) {
  [cause]: Error: connect ECONNREFUSED 127.0.0.1:4170
      at TCPConnectWrap.afterConnect [as oncomplete] (node:net:1637:16) {
    errno: -111,
    code: 'ECONNREFUSED',
    syscall: 'connect',
    address: '127.0.0.1',
    port: 4170
  }
}

stderr | daemon/session/DaemonSessionProvider.test.tsx > DaemonSessionProvider > prefers session_update recordId over marker recordId for pagination anchor
[DaemonSessionProvider] detach failed: TypeError: fetch failed
    at node:internal/deps/undici/undici:14976:13
    at processTicksAndRejections (node:internal/process/task_queues:103:5)
    at detachDaemonClient (/root/git/pr11412/packages/web-shell/client/daemon/session/clientLifecycle.ts:74:15) {
  [cause]: Error: connect ECONNREFUSED 127.0.0.1:4170
      at TCPConnectWrap.afterConnect [as oncomplete] (node:net:1637:16) {
    errno: -111,
    code: 'ECONNREFUSED',
    syscall: 'connect',
    address: '127.0.0.1',
    port: 4170
  }
}

stderr | daemon/session/DaemonSessionProvider.test.tsx > DaemonSessionProvider > renders bounded replay truncation when no pagination anchor is available
[DaemonSessionProvider] detach failed: TypeError: fetch failed
    at node:internal/deps/undici/undici:14976:13
    at processTicksAndRejections (node:internal/process/task_queues:103:5)
    at detachDaemonClient (/root/git/pr11412/packages/web-shell/client/daemon/session/clientLifecycle.ts:74:15) {
  [cause]: Error: connect ECONNREFUSED 127.0.0.1:4170
      at TCPConnectWrap.afterConnect [as oncomplete] (node:net:1637:16) {
    errno: -111,
    code: 'ECONNREFUSED',
    syscall: 'connect',
    address: '127.0.0.1',
    port: 4170
  }
}

stderr | daemon/session/DaemonSessionProvider.test.tsx > DaemonSessionProvider > uses daemon historyAnchorRecordId when neither marker nor session_updates carry a recordId
[DaemonSessionProvider] detach failed: TypeError: fetch failed
    at node:internal/deps/undici/undici:14976:13
    at processTicksAndRejections (node:internal/process/task_queues:103:5)
    at detachDaemonClient (/root/git/pr11412/packages/web-shell/client/daemon/session/clientLifecycle.ts:74:15) {
  [cause]: Error: connect ECONNREFUSED 127.0.0.1:4170
      at TCPConnectWrap.afterConnect [as oncomplete] (node:net:1637:16) {
    errno: -111,
    code: 'ECONNREFUSED',
    syscall: 'connect',
    address: '127.0.0.1',
    port: 4170
  }
}

stderr | daemon/session/DaemonSessionProvider.test.tsx > DaemonSessionProvider > repairs a truncated live turn after a matching complete terminal
[DaemonSessionProvider] detach failed: TypeError: fetch failed
    at node:internal/deps/undici/undici:14976:13
    at processTicksAndRejections (node:internal/process/task_queues:103:5)
    at detachDaemonClient (/root/git/pr11412/packages/web-shell/client/daemon/session/clientLifecycle.ts:74:15) {
  [cause]: Error: connect ECONNREFUSED 127.0.0.1:4170
      at TCPConnectWrap.afterConnect [as oncomplete] (node:net:1637:16) {
    errno: -111,
    code: 'ECONNREFUSED',
    syscall: 'connect',
    address: '127.0.0.1',
    port: 4170
  }
}

stderr | daemon/session/DaemonSessionProvider.test.tsx > DaemonSessionProvider > repairs a truncated live turn after a matching cancelled terminal
[DaemonSessionProvider] detach failed: TypeError: fetch failed
    at node:internal/deps/undici/undici:14976:13
    at processTicksAndRejections (node:internal/process/task_queues:103:5)
    at detachDaemonClient (/root/git/pr11412/packages/web-shell/client/daemon/session/clientLifecycle.ts:74:15) {
  [cause]: Error: connect ECONNREFUSED 127.0.0.1:4170
      at TCPConnectWrap.afterConnect [as oncomplete] (node:net:1637:16) {
    errno: -111,
    code: 'ECONNREFUSED',
    syscall: 'connect',
    address: '127.0.0.1',
    port: 4170
  }
}

stderr | daemon/session/DaemonSessionProvider.test.tsx > DaemonSessionProvider > repairs a truncated live turn after a matching error terminal
[DaemonSessionProvider] detach failed: TypeError: fetch failed
    at node:internal/deps/undici/undici:14976:13
    at processTicksAndRejections (node:internal/process/task_queues:103:5)
    at detachDaemonClient (/root/git/pr11412/packages/web-shell/client/daemon/session/clientLifecycle.ts:74:15) {
  [cause]: Error: connect ECONNREFUSED 127.0.0.1:4170
      at TCPConnectWrap.afterConnect [as oncomplete] (node:net:1637:16) {
    errno: -111,
    code: 'ECONNREFUSED',
    syscall: 'connect',
    address: '127.0.0.1',
    port: 4170
  }
}

stderr | daemon/session/DaemonSessionProvider.test.tsx > DaemonSessionProvider > does not repair a live marker for a non-matching queued terminal
[DaemonSessionProvider] detach failed: TypeError: fetch failed
    at node:internal/deps/undici/undici:14976:13
    at processTicksAndRejections (node:internal/process/task_queues:103:5)
    at detachDaemonClient (/root/git/pr11412/packages/web-shell/client/daemon/session/clientLifecycle.ts:74:15) {
  [cause]: Error: connect ECONNREFUSED 127.0.0.1:4170
      at TCPConnectWrap.afterConnect [as oncomplete] (node:net:1637:16) {
    errno: -111,
    code: 'ECONNREFUSED',
    syscall: 'connect',
    address: '127.0.0.1',
    port: 4170
  }
}

stderr | daemon/session/DaemonSessionProvider.test.tsx > DaemonSessionProvider > uses a bounded full-snapshot fallback after the marker block is trimmed
[DaemonSessionProvider] detach failed: TypeError: fetch failed
    at node:internal/deps/undici/undici:14976:13
    at processTicksAndRejections (node:internal/process/task_queues:103:5)
    at detachDaemonClient (/root/git/pr11412/packages/web-shell/client/daemon/session/clientLifecycle.ts:74:15) {
  [cause]: Error: connect ECONNREFUSED 127.0.0.1:4170
      at TCPConnectWrap.afterConnect [as oncomplete] (node:net:1637:16) {
    errno: -111,
    code: 'ECONNREFUSED',
    syscall: 'connect',
    address: '127.0.0.1',
    port: 4170
  }
}

stderr | daemon/session/DaemonSessionProvider.test.tsx > DaemonSessionProvider > keeps the retained transcript and reports one repair failure for missing input
[DaemonSessionProvider] detach failed: TypeError: fetch failed
    at node:internal/deps/undici/undici:14976:13
    at processTicksAndRejections (node:internal/process/task_queues:103:5)
    at detachDaemonClient (/root/git/pr11412/packages/web-shell/client/daemon/session/clientLifecycle.ts:74:15) {
  [cause]: Error: connect ECONNREFUSED 127.0.0.1:4170
      at TCPConnectWrap.afterConnect [as oncomplete] (node:net:1637:16) {
    errno: -111,
    code: 'ECONNREFUSED',
    syscall: 'connect',
    address: '127.0.0.1',
    port: 4170
  }
}

stderr | components/MessageList.dom.test.tsx > MessageList — turn collapse (DOM) > clears the retry block of a failed previous-session load on switch
An update to ForwardRef(MessageList2) inside a test was not wrapped in act(...).

When testing, code that causes React state updates should be wrapped into act(...):

act(() => {
  /* fire events that update state */
});
/* assert on the output */

This ensures that you're testing the behavior the user would see in the browser. Learn more at https://react.dev/link/wrap-tests-with-act
An update to ForwardRef(MessageList2) inside a test was not wrapped in act(...).

When testing, code that causes React state updates should be wrapped into act(...):

act(() => {
  /* fire events that update state */
});
/* assert on the output */

This ensures that you're testing the behavior the user would see in the browser. Learn more at https://react.dev/link/wrap-tests-with-act

stderr | daemon/session/DaemonSessionProvider.test.tsx > DaemonSessionProvider > keeps the retained transcript and reports one repair failure for missing terminal
[DaemonSessionProvider] detach failed: TypeError: fetch failed
    at node:internal/deps/undici/undici:14976:13
    at processTicksAndRejections (node:internal/process/task_queues:103:5)
    at detachDaemonClient (/root/git/pr11412/packages/web-shell/client/daemon/session/clientLifecycle.ts:74:15) {
  [cause]: Error: connect ECONNREFUSED 127.0.0.1:4170
      at TCPConnectWrap.afterConnect [as oncomplete] (node:net:1637:16) {
    errno: -111,
    code: 'ECONNREFUSED',
    syscall: 'connect',
    address: '127.0.0.1',
    port: 4170
  }
}

stderr | daemon/session/DaemonSessionProvider.test.tsx > DaemonSessionProvider > keeps the retained transcript and reports one repair failure for degraded
[DaemonSessionProvider] detach failed: TypeError: fetch failed
    at node:internal/deps/undici/undici:14976:13
    at processTicksAndRejections (node:internal/process/task_queues:103:5)
    at detachDaemonClient (/root/git/pr11412/packages/web-shell/client/daemon/session/clientLifecycle.ts:74:15) {
  [cause]: Error: connect ECONNREFUSED 127.0.0.1:4170
      at TCPConnectWrap.afterConnect [as oncomplete] (node:net:1637:16) {
    errno: -111,
    code: 'ECONNREFUSED',
    syscall: 'connect',
    address: '127.0.0.1',
    port: 4170
  }
}

stderr | daemon/session/DaemonSessionProvider.test.tsx > DaemonSessionProvider > keeps the retained transcript and reports one repair failure for network error
[DaemonSessionProvider] detach failed: TypeError: fetch failed
    at node:internal/deps/undici/undici:14976:13
    at processTicksAndRejections (node:internal/process/task_queues:103:5)
    at detachDaemonClient (/root/git/pr11412/packages/web-shell/client/daemon/session/clientLifecycle.ts:74:15) {
  [cause]: Error: connect ECONNREFUSED 127.0.0.1:4170
      at TCPConnectWrap.afterConnect [as oncomplete] (node:net:1637:16) {
    errno: -111,
    code: 'ECONNREFUSED',
    syscall: 'connect',
    address: '127.0.0.1',
    port: 4170
  }
}

stderr | daemon/session/DaemonSessionProvider.test.tsx > DaemonSessionProvider > keeps the retained transcript and reports one repair failure for auth error
[DaemonSessionProvider] detach failed: TypeError: fetch failed
    at node:internal/deps/undici/undici:14976:13
    at processTicksAndRejections (node:internal/process/task_queues:103:5)
    at detachDaemonClient (/root/git/pr11412/packages/web-shell/client/daemon/session/clientLifecycle.ts:74:15) {
  [cause]: Error: connect ECONNREFUSED 127.0.0.1:4170
      at TCPConnectWrap.afterConnect [as oncomplete] (node:net:1637:16) {
    errno: -111,
    code: 'ECONNREFUSED',
    syscall: 'connect',
    address: '127.0.0.1',
    port: 4170
  }
}

stderr | daemon/session/DaemonSessionProvider.test.tsx > DaemonSessionProvider > keeps the retained transcript and reports one repair failure for missing session
[DaemonSessionProvider] terminal session error (sessionId=undefined, status=404, message=Session not found)

stderr | daemon/session/DaemonSessionProvider.test.tsx > DaemonSessionProvider > keeps replayed non-turn events from marking a prompt as waiting
[DaemonSessionProvider] detach failed: TypeError: fetch failed
    at node:internal/deps/undici/undici:14976:13
    at processTicksAndRejections (node:internal/process/task_queues:103:5)
    at detachDaemonClient (/root/git/pr11412/packages/web-shell/client/daemon/session/clientLifecycle.ts:74:15) {
  [cause]: Error: connect ECONNREFUSED 127.0.0.1:4170
      at TCPConnectWrap.afterConnect [as oncomplete] (node:net:1637:16) {
    errno: -111,
    code: 'ECONNREFUSED',
    syscall: 'connect',
    address: '127.0.0.1',
    port: 4170
  }
}

stderr | daemon/session/DaemonSessionProvider.test.tsx > DaemonSessionProvider > keeps restored active prompts streaming after replay completes
[DaemonSessionProvider] detach failed: TypeError: fetch failed
    at node:internal/deps/undici/undici:14976:13
    at processTicksAndRejections (node:internal/process/task_queues:103:5)
    at detachDaemonClient (/root/git/pr11412/packages/web-shell/client/daemon/session/clientLifecycle.ts:74:15) {
  [cause]: Error: connect ECONNREFUSED 127.0.0.1:4170
      at TCPConnectWrap.afterConnect [as oncomplete] (node:net:1637:16) {
    errno: -111,
    code: 'ECONNREFUSED',
    syscall: 'connect',
    address: '127.0.0.1',
    port: 4170
  }
}

stdout | daemon/session/DaemonSessionProvider.test.tsx > DaemonSessionProvider > keeps restored active prompts streaming after an SSE stream end
[DaemonSessionProvider] SSE stream ended

stderr | daemon/session/DaemonSessionProvider.test.tsx > DaemonSessionProvider > keeps restored active prompts streaming after an SSE stream end
[DaemonSessionProvider] detach failed: TypeError: fetch failed
    at node:internal/deps/undici/undici:14976:13
    at processTicksAndRejections (node:internal/process/task_queues:103:5)
    at detachDaemonClient (/root/git/pr11412/packages/web-shell/client/daemon/session/clientLifecycle.ts:74:15) {
  [cause]: Error: connect ECONNREFUSED 127.0.0.1:4170
      at TCPConnectWrap.afterConnect [as oncomplete] (node:net:1637:16) {
    errno: -111,
    code: 'ECONNREFUSED',
    syscall: 'connect',
    address: '127.0.0.1',
    port: 4170
  }
}

stderr | daemon/session/DaemonSessionProvider.test.tsx > DaemonSessionProvider > keeps local prompts active when a restored prompt completes
[DaemonSessionProvider] detach failed: TypeError: fetch failed
    at node:internal/deps/undici/undici:14976:13
    at processTicksAndRejections (node:internal/process/task_queues:103:5)
    at detachDaemonClient (/root/git/pr11412/packages/web-shell/client/daemon/session/clientLifecycle.ts:74:15) {
  [cause]: Error: connect ECONNREFUSED 127.0.0.1:4170
      at TCPConnectWrap.afterConnect [as oncomplete] (node:net:1637:16) {
    errno: -111,
    code: 'ECONNREFUSED',
    syscall: 'connect',
    address: '127.0.0.1',
    port: 4170
  }
}

stdout | daemon/session/DaemonSessionProvider.test.tsx > DaemonSessionProvider > keeps local prompts active when a restored prompt completes
[DaemonSessionProvider] SSE stream ended

stdout | daemon/session/DaemonSessionProvider.test.tsx > DaemonSessionProvider > keeps local prompts active when a restored prompt completes
[DaemonSessionProvider] SSE stream ended

stderr | daemon/session/DaemonSessionProvider.test.tsx > DaemonSessionProvider > keeps restored active prompts busy after shell commands finish
[DaemonSessionProvider] detach failed: TypeError: fetch failed
    at node:internal/deps/undici/undici:14976:13
    at processTicksAndRejections (node:internal/process/task_queues:103:5)
    at detachDaemonClient (/root/git/pr11412/packages/web-shell/client/daemon/session/clientLifecycle.ts:74:15) {
  [cause]: Error: connect ECONNREFUSED 127.0.0.1:4170
      at TCPConnectWrap.afterConnect [as oncomplete] (node:net:1637:16) {
    errno: -111,
    code: 'ECONNREFUSED',
    syscall: 'connect',
    address: '127.0.0.1',
    port: 4170
  }
}

stdout | daemon/session/DaemonSessionProvider.test.tsx > DaemonSessionProvider > settles restored active prompts when turn_complete arrives
[DaemonSessionProvider] SSE stream ended

stderr | daemon/session/DaemonSessionProvider.test.tsx > DaemonSessionProvider > settles restored active prompts when turn_complete arrives
[DaemonSessionProvider] detach failed: TypeError: fetch failed
    at node:internal/deps/undici/undici:14976:13
    at processTicksAndRejections (node:internal/process/task_queues:103:5)
    at detachDaemonClient (/root/git/pr11412/packages/web-shell/client/daemon/session/clientLifecycle.ts:74:15) {
  [cause]: Error: connect ECONNREFUSED 127.0.0.1:4170
      at TCPConnectWrap.afterConnect [as oncomplete] (node:net:1637:16) {
    errno: -111,
    code: 'ECONNREFUSED',
    syscall: 'connect',
    address: '127.0.0.1',
    port: 4170
  }
}

stdout | daemon/session/DaemonSessionProvider.test.tsx > DaemonSessionProvider > settles restored active prompts when turn_complete arrives
[DaemonSessionProvider] SSE stream ended

stdout | daemon/session/DaemonSessionProvider.test.tsx > DaemonSessionProvider > settles restored active prompts when turn_complete arrives
[DaemonSessionProvider] SSE stream ended

stdout | daemon/session/DaemonSessionProvider.test.tsx > DaemonSessionProvider > settles restored active prompts when turn_complete arrives
[DaemonSessionProvider] SSE stream ended

stdout | daemon/session/DaemonSessionProvider.test.tsx > DaemonSessionProvider > settles restored active prompts when turn_complete arrives
[DaemonSessionProvider] SSE stream ended

stdout | daemon/session/DaemonSessionProvider.test.tsx > DaemonSessionProvider > attaches a live branch point only to its restored prompt response
[DaemonSessionProvider] SSE stream ended

stderr | daemon/session/DaemonSessionProvider.test.tsx > DaemonSessionProvider > attaches a live branch point only to its restored prompt response
[DaemonSessionProvider] detach failed: TypeError: fetch failed
    at node:internal/deps/undici/undici:14976:13
    at processTicksAndRejections (node:internal/process/task_queues:103:5)
    at detachDaemonClient (/root/git/pr11412/packages/web-shell/client/daemon/session/clientLifecycle.ts:74:15) {
  [cause]: Error: connect ECONNREFUSED 127.0.0.1:4170
      at TCPConnectWrap.afterConnect [as oncomplete] (node:net:1637:16) {
    errno: -111,
    code: 'ECONNREFUSED',
    syscall: 'connect',
    address: '127.0.0.1',
    port: 4170
  }
}

stdout | daemon/session/DaemonSessionProvider.test.tsx > DaemonSessionProvider > settles restored active prompts when turn_error arrives
[DaemonSessionProvider] SSE stream ended

stdout | daemon/session/DaemonSessionProvider.test.tsx > DaemonSessionProvider > settles restored active prompts when turn_error arrives
[DaemonSessionProvider] SSE stream ended

stdout | daemon/session/DaemonSessionProvider.test.tsx > DaemonSessionProvider > settles restored active prompts when turn_error arrives
[DaemonSessionProvider] SSE stream ended

stdout | daemon/session/DaemonSessionProvider.test.tsx > DaemonSessionProvider > settles restored active prompts when turn_error arrives
[DaemonSessionProvider] SSE stream ended

stdout | daemon/session/DaemonSessionProvider.test.tsx > DaemonSessionProvider > settles restored active prompts when turn_error arrives
[DaemonSessionProvider] SSE stream ended

stdout | daemon/session/DaemonSessionProvider.test.tsx > DaemonSessionProvider > settles restored active prompts when turn_error arrives
[DaemonSessionProvider] SSE stream ended

stdout | daemon/session/DaemonSessionProvider.test.tsx > DaemonSessionProvider > settles restored active prompts when turn_error arrives
[DaemonSessionProvider] SSE stream ended

stdout | daemon/session/DaemonSessionProvider.test.tsx > DaemonSessionProvider > settles restored active prompts when prompt_cancelled arrives
[DaemonSessionProvider] SSE stream ended

stderr | daemon/session/DaemonSessionProvider.test.tsx > DaemonSessionProvider > settles restored active prompts when prompt_cancelled arrives
[DaemonSessionProvider] detach failed: TypeError: fetch failed
    at node:internal/deps/undici/undici:14976:13
    at processTicksAndRejections (node:internal/process/task_queues:103:5)
    at detachDaemonClient (/root/git/pr11412/packages/web-shell/client/daemon/session/clientLifecycle.ts:74:15) {
  [cause]: Error: connect ECONNREFUSED 127.0.0.1:4170
      at TCPConnectWrap.afterConnect [as oncomplete] (node:net:1637:16) {
    errno: -111,
    code: 'ECONNREFUSED',
    syscall: 'connect',
    address: '127.0.0.1',
    port: 4170
  }
}

stdout | daemon/session/DaemonSessionProvider.test.tsx > DaemonSessionProvider > settles restored active prompts when prompt_cancelled arrives
[DaemonSessionProvider] SSE stream ended

stdout | daemon/session/DaemonSessionProvider.test.tsx > DaemonSessionProvider > settles restored active prompts when prompt_cancelled arrives
[DaemonSessionProvider] SSE stream ended

stdout | daemon/session/DaemonSessionProvider.test.tsx > DaemonSessionProvider > settles restored active prompts when prompt_cancelled arrives
[DaemonSessionProvider] SSE stream ended

stderr | daemon/session/DaemonSessionProvider.test.tsx > DaemonSessionProvider > keeps local prompts active when a restored prompt is cancelled
[DaemonSessionProvider] detach failed: TypeError: fetch failed
    at node:internal/deps/undici/undici:14976:13
    at processTicksAndRejections (node:internal/process/task_queues:103:5)
    at detachDaemonClient (/root/git/pr11412/packages/web-shell/client/daemon/session/clientLifecycle.ts:74:15) {
  [cause]: Error: connect ECONNREFUSED 127.0.0.1:4170
      at TCPConnectWrap.afterConnect [as oncomplete] (node:net:1637:16) {
    errno: -111,
    code: 'ECONNREFUSED',
    syscall: 'connect',
    address: '127.0.0.1',
    port: 4170
  }
}

stdout | daemon/session/DaemonSessionProvider.test.tsx > DaemonSessionProvider > keeps local prompts active when a restored prompt is cancelled
[DaemonSessionProvider] SSE stream ended

stdout | daemon/session/DaemonSessionProvider.test.tsx > DaemonSessionProvider > does not revive settled restored active prompts after SSE reconnect
[DaemonSessionProvider] SSE stream ended

stderr | daemon/session/DaemonSessionProvider.test.tsx > DaemonSessionProvider > does not revive settled restored active prompts after SSE reconnect
[DaemonSessionProvider] detach failed: TypeError: fetch failed
    at node:internal/deps/undici/undici:14976:13
    at processTicksAndRejections (node:internal/process/task_queues:103:5)
    at detachDaemonClient (/root/git/pr11412/packages/web-shell/client/daemon/session/clientLifecycle.ts:74:15) {
  [cause]: Error: connect ECONNREFUSED 127.0.0.1:4170
      at TCPConnectWrap.afterConnect [as oncomplete] (node:net:1637:16) {
    errno: -111,
    code: 'ECONNREFUSED',
    syscall: 'connect',
    address: '127.0.0.1',
    port: 4170
  }
}

stderr | daemon/session/DaemonSessionProvider.test.tsx > DaemonSessionProvider > reloads restored active prompts after epoch reset
[DaemonSessionProvider] detach failed: TypeError: fetch failed
    at node:internal/deps/undici/undici:14976:13
    at processTicksAndRejections (node:internal/process/task_queues:103:5)
    at detachDaemonClient (/root/git/pr11412/packages/web-shell/client/daemon/session/clientLifecycle.ts:74:15) {
  [cause]: Error: connect ECONNREFUSED 127.0.0.1:4170
      at TCPConnectWrap.afterConnect [as oncomplete] (node:net:1637:16) {
    errno: -111,
    code: 'ECONNREFUSED',
    syscall: 'connect',
    address: '127.0.0.1',
    port: 4170
  }
}

stderr | daemon/session/DaemonSessionProvider.test.tsx > DaemonSessionProvider > reloads standalone sessions through the standalone route after resync
[DaemonSessionProvider] detach failed: TypeError: fetch failed
    at node:internal/deps/undici/undici:14976:13
    at processTicksAndRejections (node:internal/process/task_queues:103:5)
    at detachDaemonClient (/root/git/pr11412/packages/web-shell/client/daemon/session/clientLifecycle.ts:74:15) {
  [cause]: Error: connect ECONNREFUSED 127.0.0.1:4170
      at TCPConnectWrap.afterConnect [as oncomplete] (node:net:1637:16) {
    errno: -111,
    code: 'ECONNREFUSED',
    syscall: 'connect',
    address: '127.0.0.1',
    port: 4170
  }
}

stderr | daemon/session/DaemonSessionProvider.test.tsx > DaemonSessionProvider > clears restored active prompts when epoch reload is idle
[DaemonSessionProvider] detach failed: TypeError: fetch failed
    at node:internal/deps/undici/undici:14976:13
    at processTicksAndRejections (node:internal/process/task_queues:103:5)
    at detachDaemonClient (/root/git/pr11412/packages/web-shell/client/daemon/session/clientLifecycle.ts:74:15) {
  [cause]: Error: connect ECONNREFUSED 127.0.0.1:4170
      at TCPConnectWrap.afterConnect [as oncomplete] (node:net:1637:16) {
    errno: -111,
    code: 'ECONNREFUSED',
    syscall: 'connect',
    address: '127.0.0.1',
    port: 4170
  }
}

stdout | daemon/session/DaemonSessionProvider.test.tsx > DaemonSessionProvider > keeps restored active prompts streaming after retriable SSE errors
[DaemonSessionProvider] retriable SSE error, preserving session for delta resume (sessionId=session-1)

stderr | daemon/session/DaemonSessionProvider.test.tsx > DaemonSessionProvider > keeps restored active prompts streaming after retriable SSE errors
[DaemonSessionProvider] detach failed: TypeError: fetch failed
    at node:internal/deps/undici/undici:14976:13
    at processTicksAndRejections (node:internal/process/task_queues:103:5)
    at detachDaemonClient (/root/git/pr11412/packages/web-shell/client/daemon/session/clientLifecycle.ts:74:15) {
  [cause]: Error: connect ECONNREFUSED 127.0.0.1:4170
      at TCPConnectWrap.afterConnect [as oncomplete] (node:net:1637:16) {
    errno: -111,
    code: 'ECONNREFUSED',
    syscall: 'connect',
    address: '127.0.0.1',
    port: 4170
  }
}

stdout | daemon/session/DaemonSessionProvider.test.tsx > DaemonSessionProvider > keeps locally submitted prompts active after retriable SSE errors
[DaemonSessionProvider] retriable SSE error, preserving session for delta resume (sessionId=session-1)

stderr | daemon/session/DaemonSessionProvider.test.tsx > DaemonSessionProvider > keeps locally submitted prompts active after retriable SSE errors
[DaemonSessionProvider] detach failed: TypeError: fetch failed
    at node:internal/deps/undici/undici:14976:13
    at processTicksAndRejections (node:internal/process/task_queues:103:5)
    at detachDaemonClient (/root/git/pr11412/packages/web-shell/client/daemon/session/clientLifecycle.ts:74:15) {
  [cause]: Error: connect ECONNREFUSED 127.0.0.1:4170
      at TCPConnectWrap.afterConnect [as oncomplete] (node:net:1637:16) {
    errno: -111,
    code: 'ECONNREFUSED',
    syscall: 'connect',
    address: '127.0.0.1',
    port: 4170
  }
}

stderr | daemon/session/DaemonSessionProvider.test.tsx > DaemonSessionProvider > keeps restored active prompts streaming after resync requests
[DaemonSessionProvider] detach failed: TypeError: fetch failed
    at node:internal/deps/undici/undici:14976:13
    at processTicksAndRejections (node:internal/process/task_queues:103:5)
    at detachDaemonClient (/root/git/pr11412/packages/web-shell/client/daemon/session/clientLifecycle.ts:74:15) {
  [cause]: Error: connect ECONNREFUSED 127.0.0.1:4170
      at TCPConnectWrap.afterConnect [as oncomplete] (node:net:1637:16) {
    errno: -111,
    code: 'ECONNREFUSED',
    syscall: 'connect',
    address: '127.0.0.1',
    port: 4170
  }
}

 ✓ components/channels/ChannelEditorDialog.test.tsx (29 tests) 2233ms
 ✓ hooks/useComposerCore.dom.test.tsx (67 tests) 1405ms
 ✓ components/messages/Markdown.test.ts (85 tests) 2168ms
   ✓ Markdown code highlighting while streaming > keeps a growing block plain and highlights it once settled  500ms
   ✓ Markdown code highlighting while streaming > applies Shiki highlighting once a code block has settled  311ms
   ✓ Markdown code highlighting while streaming > drops stale highlighted HTML when the code is replaced (regeneration)  623ms
stderr | components/messages/EnhancedMarkdownTable.test.tsx > EnhancedMarkdownTable > quick copies the visible sorted table
An update to EnhancedTable inside a test was not wrapped in act(...).

When testing, code that causes React state updates should be wrapped into act(...):

act(() => {
  /* fire events that update state */
});
/* assert on the output */

This ensures that you're testing the behavior the user would see in the browser. Learn more at https://react.dev/link/wrap-tests-with-act

stderr | components/messages/EnhancedMarkdownTable.test.tsx > EnhancedMarkdownTable > sanitizes spreadsheet formulas when copying TSV
An update to EnhancedTable inside a test was not wrapped in act(...).

When testing, code that causes React state updates should be wrapped into act(...):

act(() => {
  /* fire events that update state */
});
/* assert on the output */

This ensures that you're testing the behavior the user would see in the browser. Learn more at https://react.dev/link/wrap-tests-with-act
An update to EnhancedTable inside a test was not wrapped in act(...).

When testing, code that causes React state updates should be wrapped into act(...):

act(() => {
  /* fire events that update state */
});
/* assert on the output */

This ensures that you're testing the behavior the user would see in the browser. Learn more at https://react.dev/link/wrap-tests-with-act

stderr | components/messages/EnhancedMarkdownTable.test.tsx > EnhancedMarkdownTable > quick copy skips hidden columns
An update to EnhancedTable inside a test was not wrapped in act(...).

When testing, code that causes React state updates should be wrapped into act(...):

act(() => {
  /* fire events that update state */
});
/* assert on the output */

This ensures that you're testing the behavior the user would see in the browser. Learn more at https://react.dev/link/wrap-tests-with-act

 ✓ components/messages/TasksStatusMessage.test.tsx (29 tests) 2797ms
   ✓ TasksStatusMessage workflow details > cancels the row the user focused, not the one selection started on  423ms
   ✓ TasksStatusMessage nested-agent tree > cancels a foreground child of a background parent on the first press  611ms
   ✓ TasksStatusMessage nested-agent tree > requires a second press to cancel a user-blocking agent  608ms
   ✓ TasksStatusMessage nested-agent tree > caps the detail progress list at the newest MAX_DISPLAYED_ACTIVITIES rows  408ms
 ✓ components/sidebar/WorkspaceSection.test.tsx (55 tests) 2956ms
   ✓ WorkspaceSection content search > merges content hits not in the loaded catalog and forwards the snippet  363ms
   ✓ WorkspaceSection content search > keeps the catalog entry for a content hit already listed locally  360ms
   ✓ WorkspaceSection content search > renders a pinned ghost hit instead of dropping it with excludePinned  366ms
   ✓ WorkspaceSection content search > drops a hit row after its session is deleted while the query stays active  715ms
stderr | daemon/session/DaemonSessionProvider.test.tsx > DaemonSessionProvider > does not infer active prompts from replayed user turns without terminal events
[DaemonSessionProvider] detach failed: TypeError: fetch failed
    at node:internal/deps/undici/undici:14976:13
    at processTicksAndRejections (node:internal/process/task_queues:103:5)
    at detachDaemonClient (/root/git/pr11412/packages/web-shell/client/daemon/session/clientLifecycle.ts:74:15) {
  [cause]: Error: connect ECONNREFUSED 127.0.0.1:4170
      at TCPConnectWrap.afterConnect [as oncomplete] (node:net:1637:16) {
    errno: -111,
    code: 'ECONNREFUSED',
    syscall: 'connect',
    address: '127.0.0.1',
    port: 4170
  }
}

stderr | daemon/session/DaemonSessionProvider.test.tsx > DaemonSessionProvider > finishes replayed assistant streaming when replay ends with turn_error
[DaemonSessionProvider] detach failed: TypeError: fetch failed
    at node:internal/deps/undici/undici:14976:13
    at processTicksAndRejections (node:internal/process/task_queues:103:5)
    at detachDaemonClient (/root/git/pr11412/packages/web-shell/client/daemon/session/clientLifecycle.ts:74:15) {
  [cause]: Error: connect ECONNREFUSED 127.0.0.1:4170
      at TCPConnectWrap.afterConnect [as oncomplete] (node:net:1637:16) {
    errno: -111,
    code: 'ECONNREFUSED',
    syscall: 'connect',
    address: '127.0.0.1',
    port: 4170
  }
}

stderr | daemon/session/DaemonSessionProvider.test.tsx > DaemonSessionProvider > finishes each completed turn in replay snapshots
[DaemonSessionProvider] detach failed: TypeError: fetch failed
    at node:internal/deps/undici/undici:14976:13
    at processTicksAndRejections (node:internal/process/task_queues:103:5)
    at detachDaemonClient (/root/git/pr11412/packages/web-shell/client/daemon/session/clientLifecycle.ts:74:15) {
  [cause]: Error: connect ECONNREFUSED 127.0.0.1:4170
      at TCPConnectWrap.afterConnect [as oncomplete] (node:net:1637:16) {
    errno: -111,
    code: 'ECONNREFUSED',
    syscall: 'connect',
    address: '127.0.0.1',
    port: 4170
  }
}

stderr | daemon/session/DaemonSessionProvider.test.tsx > DaemonSessionProvider > does not let replay state events overwrite fresh connection status
[DaemonSessionProvider] detach failed: TypeError: fetch failed
    at node:internal/deps/undici/undici:14976:13
    at processTicksAndRejections (node:internal/process/task_queues:103:5)
    at detachDaemonClient (/root/git/pr11412/packages/web-shell/client/daemon/session/clientLifecycle.ts:74:15) {
  [cause]: Error: connect ECONNREFUSED 127.0.0.1:4170
      at TCPConnectWrap.afterConnect [as oncomplete] (node:net:1637:16) {
    errno: -111,
    code: 'ECONNREFUSED',
    syscall: 'connect',
    address: '127.0.0.1',
    port: 4170
  }
}

stderr | daemon/session/DaemonSessionProvider.test.tsx > DaemonSessionProvider > uses providers current model when session context has no model
[DaemonSessionProvider] detach failed: TypeError: fetch failed
    at node:internal/deps/undici/undici:14976:13
    at processTicksAndRejections (node:internal/process/task_queues:103:5)
    at detachDaemonClient (/root/git/pr11412/packages/web-shell/client/daemon/session/clientLifecycle.ts:74:15) {
  [cause]: Error: connect ECONNREFUSED 127.0.0.1:4170
      at TCPConnectWrap.afterConnect [as oncomplete] (node:net:1637:16) {
    errno: -111,
    code: 'ECONNREFUSED',
    syscall: 'connect',
    address: '127.0.0.1',
    port: 4170
  }
}

stderr | daemon/session/DaemonSessionProvider.test.tsx > DaemonSessionProvider > seeds tokenCount from the latest replay usage on attach
[DaemonSessionProvider] detach failed: TypeError: fetch failed
    at node:internal/deps/undici/undici:14976:13
    at processTicksAndRejections (node:internal/process/task_queues:103:5)
    at detachDaemonClient (/root/git/pr11412/packages/web-shell/client/daemon/session/clientLifecycle.ts:74:15) {
  [cause]: Error: connect ECONNREFUSED 127.0.0.1:4170
      at TCPConnectWrap.afterConnect [as oncomplete] (node:net:1637:16) {
    errno: -111,
    code: 'ECONNREFUSED',
    syscall: 'connect',
    address: '127.0.0.1',
    port: 4170
  }
}

stdout | daemon/session/DaemonSessionProvider.test.tsx > DaemonSessionProvider > keeps the in-memory tokenCount across SSE re-subscribe when replay has no usage
[DaemonSessionProvider] SSE stream ended

stderr | daemon/session/DaemonSessionProvider.test.tsx > DaemonSessionProvider > keeps the in-memory tokenCount across SSE re-subscribe when replay has no usage
[DaemonSessionProvider] detach failed: TypeError: fetch failed
    at node:internal/deps/undici/undici:14976:13
    at processTicksAndRejections (node:internal/process/task_queues:103:5)
    at detachDaemonClient (/root/git/pr11412/packages/web-shell/client/daemon/session/clientLifecycle.ts:74:15) {
  [cause]: Error: connect ECONNREFUSED 127.0.0.1:4170
      at TCPConnectWrap.afterConnect [as oncomplete] (node:net:1637:16) {
    errno: -111,
    code: 'ECONNREFUSED',
    syscall: 'connect',
    address: '127.0.0.1',
    port: 4170
  }
}

stderr | daemon/session/DaemonSessionProvider.test.tsx > DaemonSessionProvider > resets tokenCount when reconnect attaches a different session without replay usage
[DaemonSessionProvider] detach failed: TypeError: fetch failed
    at node:internal/deps/undici/undici:14976:13
    at processTicksAndRejections (node:internal/process/task_queues:103:5)
    at detachDaemonClient (/root/git/pr11412/packages/web-shell/client/daemon/session/clientLifecycle.ts:74:15) {
  [cause]: Error: connect ECONNREFUSED 127.0.0.1:4170
      at TCPConnectWrap.afterConnect [as oncomplete] (node:net:1637:16) {
    errno: -111,
    code: 'ECONNREFUSED',
    syscall: 'connect',
    address: '127.0.0.1',
    port: 4170
  }
}

stderr | daemon/session/DaemonSessionProvider.test.tsx > DaemonSessionProvider > resets tokenCount when reconnect attaches a different session without replay usage
[DaemonSessionProvider] terminal session error (sessionId=session-usage-a, status=404, message=missing session)

stderr | components/messages/EnhancedMarkdownTable.test.tsx > EnhancedMarkdownTable > reorders columns and quick copies in the visible order
An update to EnhancedTable inside a test was not wrapped in act(...).

When testing, code that causes React state updates should be wrapped into act(...):

act(() => {
  /* fire events that update state */
});
/* assert on the output */

This ensures that you're testing the behavior the user would see in the browser. Learn more at https://react.dev/link/wrap-tests-with-act

stderr | daemon/session/DaemonSessionProvider.test.tsx > DaemonSessionProvider > finishes passive assistant streaming when no prompt action is active
[DaemonSessionProvider] detach failed: TypeError: fetch failed
    at node:internal/deps/undici/undici:14976:13
    at processTicksAndRejections (node:internal/process/task_queues:103:5)
    at detachDaemonClient (/root/git/pr11412/packages/web-shell/client/daemon/session/clientLifecycle.ts:74:15) {
  [cause]: Error: connect ECONNREFUSED 127.0.0.1:4170
      at TCPConnectWrap.afterConnect [as oncomplete] (node:net:1637:16) {
    errno: -111,
    code: 'ECONNREFUSED',
    syscall: 'connect',
    address: '127.0.0.1',
    port: 4170
  }
}

stderr | daemon/session/DaemonSessionProvider.test.tsx > DaemonSessionProvider > observed turn loading across silent tool gaps (#9487) > closes a chunk still buffered when the daemon settles the turn
[DaemonSessionProvider] detach failed: TypeError: fetch failed
    at node:internal/deps/undici/undici:14976:13
    at processTicksAndRejections (node:internal/process/task_queues:103:5)
    at detachDaemonClient (/root/git/pr11412/packages/web-shell/client/daemon/session/clientLifecycle.ts:74:15) {
  [cause]: Error: connect ECONNREFUSED 127.0.0.1:4170
      at TCPConnectWrap.afterConnect [as oncomplete] (node:net:1637:16) {
    errno: -111,
    code: 'ECONNREFUSED',
    syscall: 'connect',
    address: '127.0.0.1',
    port: 4170
  }
}

stdout | daemon/session/DaemonSessionProvider.test.tsx > DaemonSessionProvider > observed turn loading across silent tool gaps (#9487) > closes a chunk still buffered when the daemon settles the turn
[DaemonSessionActions] settled turn from daemon prompt state (sessionId=session-1, daemonActivePrompt=false)

stderr | daemon/session/DaemonSessionProvider.test.tsx > DaemonSessionProvider > observed turn loading across silent tool gaps (#9487) > keeps the pane loading while the daemon reports the prompt in flight
[DaemonSessionProvider] detach failed: TypeError: fetch failed
    at node:internal/deps/undici/undici:14976:13
    at processTicksAndRejections (node:internal/process/task_queues:103:5)
    at detachDaemonClient (/root/git/pr11412/packages/web-shell/client/daemon/session/clientLifecycle.ts:74:15) {
  [cause]: Error: connect ECONNREFUSED 127.0.0.1:4170
      at TCPConnectWrap.afterConnect [as oncomplete] (node:net:1637:16) {
    errno: -111,
    code: 'ECONNREFUSED',
    syscall: 'connect',
    address: '127.0.0.1',
    port: 4170
  }
}

stdout | daemon/session/DaemonSessionProvider.test.tsx > DaemonSessionProvider > observed turn loading across silent tool gaps (#9487) > keeps the pane loading while the daemon reports the prompt in flight
[DaemonSessionProvider] settle skipped: daemon reports the prompt in flight

stderr | daemon/session/DaemonSessionProvider.test.tsx > DaemonSessionProvider > observed turn loading across silent tool gaps (#9487) > settles on the daemon reporting the prompt finished without a terminal event
[DaemonSessionProvider] detach failed: TypeError: fetch failed
    at node:internal/deps/undici/undici:14976:13
    at processTicksAndRejections (node:internal/process/task_queues:103:5)
    at detachDaemonClient (/root/git/pr11412/packages/web-shell/client/daemon/session/clientLifecycle.ts:74:15) {
  [cause]: Error: connect ECONNREFUSED 127.0.0.1:4170
      at TCPConnectWrap.afterConnect [as oncomplete] (node:net:1637:16) {
    errno: -111,
    code: 'ECONNREFUSED',
    syscall: 'connect',
    address: '127.0.0.1',
    port: 4170
  }
}

stdout | daemon/session/DaemonSessionProvider.test.tsx > DaemonSessionProvider > observed turn loading across silent tool gaps (#9487) > settles on the daemon reporting the prompt finished without a terminal event
[DaemonSessionProvider] settle skipped: daemon reports the prompt in flight

stdout | daemon/session/DaemonSessionProvider.test.tsx > DaemonSessionProvider > observed turn loading across silent tool gaps (#9487) > settles on the daemon reporting the prompt finished without a terminal event
[DaemonSessionActions] settled turn from daemon prompt state (sessionId=session-1, daemonActivePrompt=false)

stderr | daemon/session/DaemonSessionProvider.test.tsx > DaemonSessionProvider > observed turn loading across silent tool gaps (#9487) > survives a replay_complete that lands mid-turn
[DaemonSessionProvider] detach failed: TypeError: fetch failed
    at node:internal/deps/undici/undici:14976:13
    at processTicksAndRejections (node:internal/process/task_queues:103:5)
    at detachDaemonClient (/root/git/pr11412/packages/web-shell/client/daemon/session/clientLifecycle.ts:74:15) {
  [cause]: Error: connect ECONNREFUSED 127.0.0.1:4170
      at TCPConnectWrap.afterConnect [as oncomplete] (node:net:1637:16) {
    errno: -111,
    code: 'ECONNREFUSED',
    syscall: 'connect',
    address: '127.0.0.1',
    port: 4170
  }
}

stdout | daemon/session/DaemonSessionProvider.test.tsx > DaemonSessionProvider > observed turn loading across silent tool gaps (#9487) > survives a replay_complete that lands mid-turn
[DaemonSessionProvider] settle skipped: daemon reports the prompt in flight

stderr | daemon/session/DaemonSessionProvider.test.tsx > DaemonSessionProvider > observed turn loading across silent tool gaps (#9487) > survives a non-epoch resync that lands mid-turn
[DaemonSessionProvider] detach failed: TypeError: fetch failed
    at node:internal/deps/undici/undici:14976:13
    at processTicksAndRejections (node:internal/process/task_queues:103:5)
    at detachDaemonClient (/root/git/pr11412/packages/web-shell/client/daemon/session/clientLifecycle.ts:74:15) {
  [cause]: Error: connect ECONNREFUSED 127.0.0.1:4170
      at TCPConnectWrap.afterConnect [as oncomplete] (node:net:1637:16) {
    errno: -111,
    code: 'ECONNREFUSED',
    syscall: 'connect',
    address: '127.0.0.1',
    port: 4170
  }
}

stdout | daemon/session/DaemonSessionProvider.test.tsx > DaemonSessionProvider > observed turn loading across silent tool gaps (#9487) > survives a non-epoch resync that lands mid-turn
[DaemonSessionProvider] settle skipped: daemon reports the prompt in flight

stderr | daemon/session/DaemonSessionProvider.test.tsx > DaemonSessionProvider > observed turn loading across silent tool gaps (#9487) > survives a non-epoch resync that lands mid-turn
[DaemonSessionProvider] ring eviction detected, reloading session (sessionId=session-resync-active)

stderr | daemon/session/DaemonSessionProvider.test.tsx > DaemonSessionProvider > observed turn loading across silent tool gaps (#9487) > does not revive a backstop-settled restored prompt on reconnect
[DaemonSessionProvider] detach failed: TypeError: fetch failed
    at node:internal/deps/undici/undici:14976:13
    at processTicksAndRejections (node:internal/process/task_queues:103:5)
    at detachDaemonClient (/root/git/pr11412/packages/web-shell/client/daemon/session/clientLifecycle.ts:74:15) {
  [cause]: Error: connect ECONNREFUSED 127.0.0.1:4170
      at TCPConnectWrap.afterConnect [as oncomplete] (node:net:1637:16) {
    errno: -111,
    code: 'ECONNREFUSED',
    syscall: 'connect',
    address: '127.0.0.1',
    port: 4170
  }
}

stdout | daemon/session/DaemonSessionProvider.test.tsx > DaemonSessionProvider > observed turn loading across silent tool gaps (#9487) > does not revive a backstop-settled restored prompt on reconnect
[DaemonSessionActions] settled turn from daemon prompt state (sessionId=session-restored-backstop, daemonActivePrompt=false)

stdout | daemon/session/DaemonSessionProvider.test.tsx > DaemonSessionProvider > observed turn loading across silent tool gaps (#9487) > does not revive a backstop-settled restored prompt on reconnect
[DaemonSessionProvider] SSE stream ended

stderr | daemon/session/DaemonSessionProvider.test.tsx > DaemonSessionProvider > observed turn loading across silent tool gaps (#9487) > survives a same-session reload that carries a replay snapshot
[DaemonSessionProvider] detach failed: TypeError: fetch failed
    at node:internal/deps/undici/undici:14976:13
    at processTicksAndRejections (node:internal/process/task_queues:103:5)
    at detachDaemonClient (/root/git/pr11412/packages/web-shell/client/daemon/session/clientLifecycle.ts:74:15) {
  [cause]: Error: connect ECONNREFUSED 127.0.0.1:4170
      at TCPConnectWrap.afterConnect [as oncomplete] (node:net:1637:16) {
    errno: -111,
    code: 'ECONNREFUSED',
    syscall: 'connect',
    address: '127.0.0.1',
    port: 4170
  }
}

stdout | daemon/session/DaemonSessionProvider.test.tsx > DaemonSessionProvider > observed turn loading across silent tool gaps (#9487) > survives a same-session reload that carries a replay snapshot
[DaemonSessionProvider] settle skipped: daemon reports the prompt in flight

stderr | daemon/session/DaemonSessionProvider.test.tsx > DaemonSessionProvider > observed turn loading across silent tool gaps (#9487) > survives a same-session reload that carries a replay snapshot
[DaemonSessionProvider] ring eviction detected, reloading session (sessionId=session-replay-reload)

stdout | daemon/session/DaemonSessionProvider.test.tsx > DaemonSessionProvider > observed turn loading across silent tool gaps (#9487) > survives a same-session reload that carries a replay snapshot
[DaemonSessionProvider] settle skipped: daemon reports the prompt in flight

stderr | daemon/session/DaemonSessionProvider.test.tsx > DaemonSessionProvider > observed turn loading across silent tool gaps (#9487) > still settles on silence when no daemon prompt state is available
[DaemonSessionProvider] detach failed: TypeError: fetch failed
    at node:internal/deps/undici/undici:14976:13
    at processTicksAndRejections (node:internal/process/task_queues:103:5)
    at detachDaemonClient (/root/git/pr11412/packages/web-shell/client/daemon/session/clientLifecycle.ts:74:15) {
  [cause]: Error: connect ECONNREFUSED 127.0.0.1:4170
      at TCPConnectWrap.afterConnect [as oncomplete] (node:net:1637:16) {
    errno: -111,
    code: 'ECONNREFUSED',
    syscall: 'connect',
    address: '127.0.0.1',
    port: 4170
  }
}

stderr | daemon/session/DaemonSessionProvider.test.tsx > DaemonSessionProvider > observed turn loading across silent tool gaps (#9487) > settles a restored prompt when the daemon reports the turn finished
[DaemonSessionProvider] detach failed: TypeError: fetch failed
    at node:internal/deps/undici/undici:14976:13
    at processTicksAndRejections (node:internal/process/task_queues:103:5)
    at detachDaemonClient (/root/git/pr11412/packages/web-shell/client/daemon/session/clientLifecycle.ts:74:15) {
  [cause]: Error: connect ECONNREFUSED 127.0.0.1:4170
      at TCPConnectWrap.afterConnect [as oncomplete] (node:net:1637:16) {
    errno: -111,
    code: 'ECONNREFUSED',
    syscall: 'connect',
    address: '127.0.0.1',
    port: 4170
  }
}

stdout | daemon/session/DaemonSessionProvider.test.tsx > DaemonSessionProvider > observed turn loading across silent tool gaps (#9487) > settles a restored prompt when the daemon reports the turn finished
[DaemonSessionActions] settled turn from daemon prompt state (sessionId=session-1, daemonActivePrompt=false)

stderr | daemon/session/DaemonSessionProvider.test.tsx > DaemonSessionProvider > observed turn loading across silent tool gaps (#9487) > keeps daemon authority across a switch to another running turn
[DaemonSessionProvider] detach failed: TypeError: fetch failed
    at node:internal/deps/undici/undici:14976:13
    at processTicksAndRejections (node:internal/process/task_queues:103:5)
    at detachDaemonClient (/root/git/pr11412/packages/web-shell/client/daemon/session/clientLifecycle.ts:74:15) {
  [cause]: Error: connect ECONNREFUSED 127.0.0.1:4170
      at TCPConnectWrap.afterConnect [as oncomplete] (node:net:1637:16) {
    errno: -111,
    code: 'ECONNREFUSED',
    syscall: 'connect',
    address: '127.0.0.1',
    port: 4170
  }
}

stdout | daemon/session/DaemonSessionProvider.test.tsx > DaemonSessionProvider > observed turn loading across silent tool gaps (#9487) > keeps daemon authority across a switch to another running turn
[DaemonSessionProvider] settle skipped: daemon reports the prompt in flight

stderr | daemon/session/DaemonSessionProvider.test.tsx > DaemonSessionProvider > observed turn loading across silent tool gaps (#9487) > does not settle a new session from the previous session signal
[DaemonSessionProvider] detach failed: TypeError: fetch failed
    at node:internal/deps/undici/undici:14976:13
    at processTicksAndRejections (node:internal/process/task_queues:103:5)
    at detachDaemonClient (/root/git/pr11412/packages/web-shell/client/daemon/session/clientLifecycle.ts:74:15) {
  [cause]: Error: connect ECONNREFUSED 127.0.0.1:4170
      at TCPConnectWrap.afterConnect [as oncomplete] (node:net:1637:16) {
    errno: -111,
    code: 'ECONNREFUSED',
    syscall: 'connect',
    address: '127.0.0.1',
    port: 4170
  }
}

stderr | daemon/session/DaemonSessionProvider.test.tsx > DaemonSessionProvider > observed turn loading across silent tool gaps (#9487) > does not consume stale idle authority for a newly loaded session
[DaemonSessionProvider] detach failed: TypeError: fetch failed
    at node:internal/deps/undici/undici:14976:13
    at processTicksAndRejections (node:internal/process/task_queues:103:5)
    at detachDaemonClient (/root/git/pr11412/packages/web-shell/client/daemon/session/clientLifecycle.ts:74:15) {
  [cause]: Error: connect ECONNREFUSED 127.0.0.1:4170
      at TCPConnectWrap.afterConnect [as oncomplete] (node:net:1637:16) {
    errno: -111,
    code: 'ECONNREFUSED',
    syscall: 'connect',
    address: '127.0.0.1',
    port: 4170
  }
}

stdout | daemon/session/DaemonSessionProvider.test.tsx > DaemonSessionProvider > observed turn loading across silent tool gaps (#9487) > does not consume stale idle authority for a newly loaded session
[DaemonSessionActions] settled turn from daemon prompt state (sessionId=session-a, daemonActivePrompt=false)

stderr | daemon/session/DaemonSessionProvider.test.tsx > DaemonSessionProvider > observed turn loading across silent tool gaps (#9487) > settles a restored prompt from the first fresh idle observation
[DaemonSessionProvider] detach failed: TypeError: fetch failed
    at node:internal/deps/undici/undici:14976:13
    at processTicksAndRejections (node:internal/process/task_queues:103:5)
    at detachDaemonClient (/root/git/pr11412/packages/web-shell/client/daemon/session/clientLifecycle.ts:74:15) {
  [cause]: Error: connect ECONNREFUSED 127.0.0.1:4170
      at TCPConnectWrap.afterConnect [as oncomplete] (node:net:1637:16) {
    errno: -111,
    code: 'ECONNREFUSED',
    syscall: 'connect',
    address: '127.0.0.1',
    port: 4170
  }
}

stdout | daemon/session/DaemonSessionProvider.test.tsx > DaemonSessionProvider > observed turn loading across silent tool gaps (#9487) > settles a restored prompt from the first fresh idle observation
[DaemonSessionActions] settled turn from daemon prompt state (sessionId=session-b, daemonActivePrompt=false)

stderr | daemon/session/DaemonSessionProvider.test.tsx > DaemonSessionProvider > observed turn loading across silent tool gaps (#9487) > does not reuse stale idle authority after returning to a session
[DaemonSessionProvider] detach failed: TypeError: fetch failed
    at node:internal/deps/undici/undici:14976:13
    at processTicksAndRejections (node:internal/process/task_queues:103:5)
    at detachDaemonClient (/root/git/pr11412/packages/web-shell/client/daemon/session/clientLifecycle.ts:74:15) {
  [cause]: Error: connect ECONNREFUSED 127.0.0.1:4170
      at TCPConnectWrap.afterConnect [as oncomplete] (node:net:1637:16) {
    errno: -111,
    code: 'ECONNREFUSED',
    syscall: 'connect',
    address: '127.0.0.1',
    port: 4170
  }
}

stderr | daemon/session/DaemonSessionProvider.test.tsx > DaemonSessionProvider > observed turn loading across silent tool gaps (#9487) > settles authority that starts before the session finishes loading
[DaemonSessionProvider] detach failed: TypeError: fetch failed
    at node:internal/deps/undici/undici:14976:13
    at processTicksAndRejections (node:internal/process/task_queues:103:5)
    at detachDaemonClient (/root/git/pr11412/packages/web-shell/client/daemon/session/clientLifecycle.ts:74:15) {
  [cause]: Error: connect ECONNREFUSED 127.0.0.1:4170
      at TCPConnectWrap.afterConnect [as oncomplete] (node:net:1637:16) {
    errno: -111,
    code: 'ECONNREFUSED',
    syscall: 'connect',
    address: '127.0.0.1',
    port: 4170
  }
}

stdout | daemon/session/DaemonSessionProvider.test.tsx > DaemonSessionProvider > observed turn loading across silent tool gaps (#9487) > settles authority that starts before the session finishes loading
[DaemonSessionActions] settled turn from daemon prompt state (sessionId=session-b, daemonActivePrompt=false)

stdout | daemon/session/DaemonSessionProvider.test.tsx > DaemonSessionProvider > observed turn loading across silent tool gaps (#9487) > settles authority that starts before the session finishes loading
[DaemonSessionProvider] SSE stream ended

stderr | daemon/session/DaemonSessionProvider.test.tsx > DaemonSessionProvider > observed turn loading across silent tool gaps (#9487) > keeps an observed turn loading across a transport close
[DaemonSessionProvider] detach failed: TypeError: fetch failed
    at node:internal/deps/undici/undici:14976:13
    at processTicksAndRejections (node:internal/process/task_queues:103:5)
    at detachDaemonClient (/root/git/pr11412/packages/web-shell/client/daemon/session/clientLifecycle.ts:74:15) {
  [cause]: Error: connect ECONNREFUSED 127.0.0.1:4170
      at TCPConnectWrap.afterConnect [as oncomplete] (node:net:1637:16) {
    errno: -111,
    code: 'ECONNREFUSED',
    syscall: 'connect',
    address: '127.0.0.1',
    port: 4170
  }
}

stdout | daemon/session/DaemonSessionProvider.test.tsx > DaemonSessionProvider > observed turn loading across silent tool gaps (#9487) > keeps an observed turn loading across a transport close
[DaemonSessionProvider] SSE stream ended
[DaemonSessionProvider] settle skipped: daemon reports the prompt in flight

stdout | daemon/session/DaemonSessionProvider.test.tsx > DaemonSessionProvider > observed turn loading across silent tool gaps (#9487) > keeps an observed turn loading across a transport close
[DaemonSessionActions] settled turn from daemon prompt state (sessionId=session-1, daemonActivePrompt=undefined)

stderr | daemon/session/DaemonSessionProvider.test.tsx > DaemonSessionProvider > observed turn loading across silent tool gaps (#9487) > keeps an observed turn loading across a retriable connect error
[DaemonSessionProvider] detach failed: TypeError: fetch failed
    at node:internal/deps/undici/undici:14976:13
    at processTicksAndRejections (node:internal/process/task_queues:103:5)
    at detachDaemonClient (/root/git/pr11412/packages/web-shell/client/daemon/session/clientLifecycle.ts:74:15) {
  [cause]: Error: connect ECONNREFUSED 127.0.0.1:4170
      at TCPConnectWrap.afterConnect [as oncomplete] (node:net:1637:16) {
    errno: -111,
    code: 'ECONNREFUSED',
    syscall: 'connect',
    address: '127.0.0.1',
    port: 4170
  }
}

stdout | daemon/session/DaemonSessionProvider.test.tsx > DaemonSessionProvider > observed turn loading across silent tool gaps (#9487) > keeps an observed turn loading across a retriable connect error
[DaemonSessionProvider] settle skipped: daemon reports the prompt in flight
[DaemonSessionProvider] retriable SSE error, preserving session for delta resume (sessionId=session-1)

stderr | daemon/session/DaemonSessionProvider.test.tsx > DaemonSessionProvider > finishes replayed assistant streaming when replay completes
[DaemonSessionProvider] detach failed: TypeError: fetch failed
    at node:internal/deps/undici/undici:14976:13
    at processTicksAndRejections (node:internal/process/task_queues:103:5)
    at detachDaemonClient (/root/git/pr11412/packages/web-shell/client/daemon/session/clientLifecycle.ts:74:15) {
  [cause]: Error: connect ECONNREFUSED 127.0.0.1:4170
      at TCPConnectWrap.afterConnect [as oncomplete] (node:net:1637:16) {
    errno: -111,
    code: 'ECONNREFUSED',
    syscall: 'connect',
    address: '127.0.0.1',
    port: 4170
  }
}

stderr | daemon/session/DaemonSessionProvider.test.tsx > DaemonSessionProvider > creates a fresh thread session without cancelling the previous session
[DaemonSessionProvider] detach failed: TypeError: fetch failed
    at node:internal/deps/undici/undici:14976:13
    at processTicksAndRejections (node:internal/process/task_queues:103:5)
    at detachDaemonClient (/root/git/pr11412/packages/web-shell/client/daemon/session/clientLifecycle.ts:74:15) {
  [cause]: Error: connect ECONNREFUSED 127.0.0.1:4170
      at TCPConnectWrap.afterConnect [as oncomplete] (node:net:1637:16) {
    errno: -111,
    code: 'ECONNREFUSED',
    syscall: 'connect',
    address: '127.0.0.1',
    port: 4170
  }
}

stderr | daemon/session/DaemonSessionProvider.test.tsx > DaemonSessionProvider > creates a fresh thread session without cancelling the previous session
[DaemonSessionProvider] detach failed: TypeError: fetch failed
    at node:internal/deps/undici/undici:14976:13
    at processTicksAndRejections (node:internal/process/task_queues:103:5)
    at detachDaemonClient (/root/git/pr11412/packages/web-shell/client/daemon/session/clientLifecycle.ts:74:15) {
  [cause]: Error: connect ECONNREFUSED 127.0.0.1:4170
      at TCPConnectWrap.afterConnect [as oncomplete] (node:net:1637:16) {
    errno: -111,
    code: 'ECONNREFUSED',
    syscall: 'connect',
    address: '127.0.0.1',
    port: 4170
  }
}

stderr | daemon/session/DaemonSessionProvider.test.tsx > DaemonSessionProvider > creates a session from the active session client when already attached
[DaemonSessionProvider] detach failed: TypeError: fetch failed
    at node:internal/deps/undici/undici:14976:13
    at processTicksAndRejections (node:internal/process/task_queues:103:5)
    at detachDaemonClient (/root/git/pr11412/packages/web-shell/client/daemon/session/clientLifecycle.ts:74:15) {
  [cause]: Error: connect ECONNREFUSED 127.0.0.1:4170
      at TCPConnectWrap.afterConnect [as oncomplete] (node:net:1637:16) {
    errno: -111,
    code: 'ECONNREFUSED',
    syscall: 'connect',
    address: '127.0.0.1',
    port: 4170
  }
}

stderr | daemon/session/DaemonSessionProvider.test.tsx > DaemonSessionProvider > clears the current session without creating a replacement session
[DaemonSessionProvider] detach failed: TypeError: fetch failed
    at node:internal/deps/undici/undici:14976:13
    at processTicksAndRejections (node:internal/process/task_queues:103:5)
    at detachDaemonClient (/root/git/pr11412/packages/web-shell/client/daemon/session/clientLifecycle.ts:74:15) {
  [cause]: Error: connect ECONNREFUSED 127.0.0.1:4170
      at TCPConnectWrap.afterConnect [as oncomplete] (node:net:1637:16) {
    errno: -111,
    code: 'ECONNREFUSED',
    syscall: 'connect',
    address: '127.0.0.1',
    port: 4170
  }
}

stderr | daemon/session/DaemonSessionProvider.test.tsx > DaemonSessionProvider > keeps preserved commands when the next supported-commands fetch fails
[DaemonSessionProvider] detach failed: TypeError: fetch failed
    at node:internal/deps/undici/undici:14976:13
    at processTicksAndRejections (node:internal/process/task_queues:103:5)
    at detachDaemonClient (/root/git/pr11412/packages/web-shell/client/daemon/session/clientLifecycle.ts:74:15) {
  [cause]: Error: connect ECONNREFUSED 127.0.0.1:4170
      at TCPConnectWrap.afterConnect [as oncomplete] (node:net:1637:16) {
    errno: -111,
    code: 'ECONNREFUSED',
    syscall: 'connect',
    address: '127.0.0.1',
    port: 4170
  }
}

stderr | daemon/session/DaemonSessionProvider.test.tsx > DaemonSessionProvider > ignores streamed events from a session after it is cleared
[DaemonSessionProvider] detach failed: TypeError: fetch failed
    at node:internal/deps/undici/undici:14976:13
    at processTicksAndRejections (node:internal/process/task_queues:103:5)
    at detachDaemonClient (/root/git/pr11412/packages/web-shell/client/daemon/session/clientLifecycle.ts:74:15) {
  [cause]: Error: connect ECONNREFUSED 127.0.0.1:4170
      at TCPConnectWrap.afterConnect [as oncomplete] (node:net:1637:16) {
    errno: -111,
    code: 'ECONNREFUSED',
    syscall: 'connect',
    address: '127.0.0.1',
    port: 4170
  }
}

 ✓ components/composer/AddMenu.test.tsx (22 tests) 3894ms
   ✓ AddMenu > replaces a pending picker and keeps cancel handling after availability changes  311ms
   ✓ AddMenu > reference-file submenu > shows the root listing and browses into folders without closing  422ms
   ✓ AddMenu > reference-file submenu > searches the workspace and inserts a file reference on select  409ms
   ✓ AddMenu > reference-file submenu > shows a no-results row when nothing matches  327ms
   ✓ AddMenu > reference-file submenu > shows a load error instead of an empty result  329ms
   ✓ AddMenu > MCP submenu > inserts a server-level reference even for servers with resources  422ms
stderr | daemon/session/DaemonSessionProvider.test.tsx > DaemonSessionProvider > uses session-scoped client IDs when switching between loaded sessions
An update to DaemonSessionProvider inside a test was not wrapped in act(...).

When testing, code that causes React state updates should be wrapped into act(...):

act(() => {
  /* fire events that update state */
});
/* assert on the output */

This ensures that you're testing the behavior the user would see in the browser. Learn more at https://react.dev/link/wrap-tests-with-act
An update to DaemonSessionProvider inside a test was not wrapped in act(...).

When testing, code that causes React state updates should be wrapped into act(...):

act(() => {
  /* fire events that update state */
});
/* assert on the output */

This ensures that you're testing the behavior the user would see in the browser. Learn more at https://react.dev/link/wrap-tests-with-act
An update to DaemonSessionProvider inside a test was not wrapped in act(...).

When testing, code that causes React state updates should be wrapped into act(...):

act(() => {
  /* fire events that update state */
});
/* assert on the output */

This ensures that you're testing the behavior the user would see in the browser. Learn more at https://react.dev/link/wrap-tests-with-act
An update to DaemonSessionProvider inside a test was not wrapped in act(...).

When testing, code that causes React state updates should be wrapped into act(...):

act(() => {
  /* fire events that update state */
});
/* assert on the output */

This ensures that you're testing the behavior the user would see in the browser. Learn more at https://react.dev/link/wrap-tests-with-act
An update to DaemonSessionProvider inside a test was not wrapped in act(...).

When testing, code that causes React state updates should be wrapped into act(...):

act(() => {
  /* fire events that update state */
});
/* assert on the output */

This ensures that you're testing the behavior the user would see in the browser. Learn more at https://react.dev/link/wrap-tests-with-act
An update to DaemonSessionProvider inside a test was not wrapped in act(...).

When testing, code that causes React state updates should be wrapped into act(...):

act(() => {
  /* fire events that update state */
});
/* assert on the output */

This ensures that you're testing the behavior the user would see in the browser. Learn more at https://react.dev/link/wrap-tests-with-act

stderr | daemon/session/DaemonSessionProvider.test.tsx > DaemonSessionProvider > uses session-scoped client IDs when switching between loaded sessions
An update to DaemonSessionProvider inside a test was not wrapped in act(...).

When testing, code that causes React state updates should be wrapped into act(...):

act(() => {
  /* fire events that update state */
});
/* assert on the output */

This ensures that you're testing the behavior the user would see in the browser. Learn more at https://react.dev/link/wrap-tests-with-act
An update to DaemonSessionProvider inside a test was not wrapped in act(...).

When testing, code that causes React state updates should be wrapped into act(...):

act(() => {
  /* fire events that update state */
});
/* assert on the output */

This ensures that you're testing the behavior the user would see in the browser. Learn more at https://react.dev/link/wrap-tests-with-act
An update to DaemonSessionProvider inside a test was not wrapped in act(...).

When testing, code that causes React state updates should be wrapped into act(...):

act(() => {
  /* fire events that update state */
});
/* assert on the output */

This ensures that you're testing the behavior the user would see in the browser. Learn more at https://react.dev/link/wrap-tests-with-act
An update to DaemonSessionProvider inside a test was not wrapped in act(...).

When testing, code that causes React state updates should be wrapped into act(...):

act(() => {
  /* fire events that update state */
});
/* assert on the output */

This ensures that you're testing the behavior the user would see in the browser. Learn more at https://react.dev/link/wrap-tests-with-act
An update to DaemonSessionProvider inside a test was not wrapped in act(...).

When testing, code that causes React state updates should be wrapped into act(...):

act(() => {
  /* fire events that update state */
});
/* assert on the output */

This ensures that you're testing the behavior the user would see in the browser. Learn more at https://react.dev/link/wrap-tests-with-act
An update to DaemonSessionProvider inside a test was not wrapped in act(...).

When testing, code that causes React state updates should be wrapped into act(...):

act(() => {
  /* fire events that update state */
});
/* assert on the output */

This ensures that you're testing the behavior the user would see in the browser. Learn more at https://react.dev/link/wrap-tests-with-act

stderr | components/messages/EnhancedMarkdownTable.test.tsx > EnhancedMarkdownTable > keeps hidden columns out of reordered selections
An update to EnhancedTable inside a test was not wrapped in act(...).

When testing, code that causes React state updates should be wrapped into act(...):

act(() => {
  /* fire events that update state */
});
/* assert on the output */

This ensures that you're testing the behavior the user would see in the browser. Learn more at https://react.dev/link/wrap-tests-with-act

stderr | daemon/session/DaemonSessionProvider.test.tsx > DaemonSessionProvider > retries restore_in_progress loads after the advertised delay
An update to DaemonSessionProvider inside a test was not wrapped in act(...).

When testing, code that causes React state updates should be wrapped into act(...):

act(() => {
  /* fire events that update state */
});
/* assert on the output */

This ensures that you're testing the behavior the user would see in the browser. Learn more at https://react.dev/link/wrap-tests-with-act
An update to DaemonSessionProvider inside a test was not wrapped in act(...).

When testing, code that causes React state updates should be wrapped into act(...):

act(() => {
  /* fire events that update state */
});
/* assert on the output */

This ensures that you're testing the behavior the user would see in the browser. Learn more at https://react.dev/link/wrap-tests-with-act
An update to DaemonSessionProvider inside a test was not wrapped in act(...).

When testing, code that causes React state updates should be wrapped into act(...):

act(() => {
  /* fire events that update state */
});
/* assert on the output */

This ensures that you're testing the behavior the user would see in the browser. Learn more at https://react.dev/link/wrap-tests-with-act
An update to DaemonSessionProvider inside a test was not wrapped in act(...).

When testing, code that causes React state updates should be wrapped into act(...):

act(() => {
  /* fire events that update state */
});
/* assert on the output */

This ensures that you're testing the behavior the user would see in the browser. Learn more at https://react.dev/link/wrap-tests-with-act
An update to DaemonSessionProvider inside a test was not wrapped in act(...).

When testing, code that causes React state updates should be wrapped into act(...):

act(() => {
  /* fire events that update state */
});
/* assert on the output */

This ensures that you're testing the behavior the user would see in the browser. Learn more at https://react.dev/link/wrap-tests-with-act
An update to DaemonSessionProvider inside a test was not wrapped in act(...).

When testing, code that causes React state updates should be wrapped into act(...):

act(() => {
  /* fire events that update state */
});
/* assert on the output */

This ensures that you're testing the behavior the user would see in the browser. Learn more at https://react.dev/link/wrap-tests-with-act

stderr | daemon/session/DaemonSessionProvider.test.tsx > DaemonSessionProvider > caps an oversized restore_in_progress retry delay
An update to DaemonSessionProvider inside a test was not wrapped in act(...).

When testing, code that causes React state updates should be wrapped into act(...):

act(() => {
  /* fire events that update state */
});
/* assert on the output */

This ensures that you're testing the behavior the user would see in the browser. Learn more at https://react.dev/link/wrap-tests-with-act
An update to DaemonSessionProvider inside a test was not wrapped in act(...).

When testing, code that causes React state updates should be wrapped into act(...):

act(() => {
  /* fire events that update state */
});
/* assert on the output */

This ensures that you're testing the behavior the user would see in the browser. Learn more at https://react.dev/link/wrap-tests-with-act
An update to DaemonSessionProvider inside a test was not wrapped in act(...).

When testing, code that causes React state updates should be wrapped into act(...):

act(() => {
  /* fire events that update state */
});
/* assert on the output */

This ensures that you're testing the behavior the user would see in the browser. Learn more at https://react.dev/link/wrap-tests-with-act
An update to DaemonSessionProvider inside a test was not wrapped in act(...).

When testing, code that causes React state updates should be wrapped into act(...):

act(() => {
  /* fire events that update state */
});
/* assert on the output */

This ensures that you're testing the behavior the user would see in the browser. Learn more at https://react.dev/link/wrap-tests-with-act
An update to DaemonSessionProvider inside a test was not wrapped in act(...).

When testing, code that causes React state updates should be wrapped into act(...):

act(() => {
  /* fire events that update state */
});
/* assert on the output */

This ensures that you're testing the behavior the user would see in the browser. Learn more at https://react.dev/link/wrap-tests-with-act
An update to DaemonSessionProvider inside a test was not wrapped in act(...).

When testing, code that causes React state updates should be wrapped into act(...):

act(() => {
  /* fire events that update state */
});
/* assert on the output */

This ensures that you're testing the behavior the user would see in the browser. Learn more at https://react.dev/link/wrap-tests-with-act

stderr | daemon/session/DaemonSessionProvider.test.tsx > DaemonSessionProvider > does not retry a closing session when auto-reconnect is disabled
An update to DaemonSessionProvider inside a test was not wrapped in act(...).

When testing, code that causes React state updates should be wrapped into act(...):

act(() => {
  /* fire events that update state */
});
/* assert on the output */

This ensures that you're testing the behavior the user would see in the browser. Learn more at https://react.dev/link/wrap-tests-with-act
An update to DaemonSessionProvider inside a test was not wrapped in act(...).

When testing, code that causes React state updates should be wrapped into act(...):

act(() => {
  /* fire events that update state */
});
/* assert on the output */

This ensures that you're testing the behavior the user would see in the browser. Learn more at https://react.dev/link/wrap-tests-with-act
An update to DaemonSessionProvider inside a test was not wrapped in act(...).

When testing, code that causes React state updates should be wrapped into act(...):

act(() => {
  /* fire events that update state */
});
/* assert on the output */

This ensures that you're testing the behavior the user would see in the browser. Learn more at https://react.dev/link/wrap-tests-with-act
An update to DaemonSessionProvider inside a test was not wrapped in act(...).

When testing, code that causes React state updates should be wrapped into act(...):

act(() => {
  /* fire events that update state */
});
/* assert on the output */

This ensures that you're testing the behavior the user would see in the browser. Learn more at https://react.dev/link/wrap-tests-with-act
An update to DaemonSessionProvider inside a test was not wrapped in act(...).

When testing, code that causes React state updates should be wrapped into act(...):

act(() => {
  /* fire events that update state */
});
/* assert on the output */

This ensures that you're testing the behavior the user would see in the browser. Learn more at https://react.dev/link/wrap-tests-with-act
An update to DaemonSessionProvider inside a test was not wrapped in act(...).

When testing, code that causes React state updates should be wrapped into act(...):

act(() => {
  /* fire events that update state */
});
/* assert on the output */

This ensures that you're testing the behavior the user would see in the browser. Learn more at https://react.dev/link/wrap-tests-with-act

stderr | daemon/session/DaemonSessionProvider.test.tsx > DaemonSessionProvider > does not retry a closing session when auto-reconnect is disabled
An update to DaemonSessionProvider inside a test was not wrapped in act(...).

When testing, code that causes React state updates should be wrapped into act(...):

act(() => {
  /* fire events that update state */
});
/* assert on the output */

This ensures that you're testing the behavior the user would see in the browser. Learn more at https://react.dev/link/wrap-tests-with-act

stderr | daemon/session/DaemonSessionProvider.test.tsx > DaemonSessionProvider > does not retry a closing session when auto-reconnect is disabled
An update to DaemonSessionProvider inside a test was not wrapped in act(...).

When testing, code that causes React state updates should be wrapped into act(...):

act(() => {
  /* fire events that update state */
});
/* assert on the output */

This ensures that you're testing the behavior the user would see in the browser. Learn more at https://react.dev/link/wrap-tests-with-act

stderr | daemon/session/DaemonSessionProvider.test.tsx > DaemonSessionProvider > does not retry a closing session when auto-reconnect is disabled
An update to DaemonSessionProvider inside a test was not wrapped in act(...).

When testing, code that causes React state updates should be wrapped into act(...):

act(() => {
  /* fire events that update state */
});
/* assert on the output */

This ensures that you're testing the behavior the user would see in the browser. Learn more at https://react.dev/link/wrap-tests-with-act
An update to DaemonSessionProvider inside a test was not wrapped in act(...).

When testing, code that causes React state updates should be wrapped into act(...):

act(() => {
  /* fire events that update state */
});
/* assert on the output */

This ensures that you're testing the behavior the user would see in the browser. Learn more at https://react.dev/link/wrap-tests-with-act
An update to DaemonSessionProvider inside a test was not wrapped in act(...).

When testing, code that causes React state updates should be wrapped into act(...):

act(() => {
  /* fire events that update state */
});
/* assert on the output */

This ensures that you're testing the behavior the user would see in the browser. Learn more at https://react.dev/link/wrap-tests-with-act

stderr | daemon/session/DaemonSessionProvider.test.tsx > DaemonSessionProvider > does not retry a missing session
An update to DaemonSessionProvider inside a test was not wrapped in act(...).

When testing, code that causes React state updates should be wrapped into act(...):

act(() => {
  /* fire events that update state */
});
/* assert on the output */

This ensures that you're testing the behavior the user would see in the browser. Learn more at https://react.dev/link/wrap-tests-with-act
An update to DaemonSessionProvider inside a test was not wrapped in act(...).

When testing, code that causes React state updates should be wrapped into act(...):

act(() => {
  /* fire events that update state */
});
/* assert on the output */

This ensures that you're testing the behavior the user would see in the browser. Learn more at https://react.dev/link/wrap-tests-with-act
An update to DaemonSessionProvider inside a test was not wrapped in act(...).

When testing, code that causes React state updates should be wrapped into act(...):

act(() => {
  /* fire events that update state */
});
/* assert on the output */

This ensures that you're testing the behavior the user would see in the browser. Learn more at https://react.dev/link/wrap-tests-with-act
An update to DaemonSessionProvider inside a test was not wrapped in act(...).

When testing, code that causes React state updates should be wrapped into act(...):

act(() => {
  /* fire events that update state */
});
/* assert on the output */

This ensures that you're testing the behavior the user would see in the browser. Learn more at https://react.dev/link/wrap-tests-with-act
An update to DaemonSessionProvider inside a test was not wrapped in act(...).

When testing, code that causes React state updates should be wrapped into act(...):

act(() => {
  /* fire events that update state */
});
/* assert on the output */

This ensures that you're testing the behavior the user would see in the browser. Learn more at https://react.dev/link/wrap-tests-with-act
An update to DaemonSessionProvider inside a test was not wrapped in act(...).

When testing, code that causes React state updates should be wrapped into act(...):

act(() => {
  /* fire events that update state */
});
/* assert on the output */

This ensures that you're testing the behavior the user would see in the browser. Learn more at https://react.dev/link/wrap-tests-with-act

stderr | daemon/session/DaemonSessionProvider.test.tsx > DaemonSessionProvider > does not retry a missing session
An update to DaemonSessionProvider inside a test was not wrapped in act(...).

When testing, code that causes React state updates should be wrapped into act(...):

act(() => {
  /* fire events that update state */
});
/* assert on the output */

This ensures that you're testing the behavior the user would see in the browser. Learn more at https://react.dev/link/wrap-tests-with-act

stderr | daemon/session/DaemonSessionProvider.test.tsx > DaemonSessionProvider > does not retry a missing session
An update to DaemonSessionProvider inside a test was not wrapped in act(...).

When testing, code that causes React state updates should be wrapped into act(...):

act(() => {
  /* fire events that update state */
});
/* assert on the output */

This ensures that you're testing the behavior the user would see in the browser. Learn more at https://react.dev/link/wrap-tests-with-act

stderr | daemon/session/DaemonSessionProvider.test.tsx > DaemonSessionProvider > does not retry a missing session
An update to DaemonSessionProvider inside a test was not wrapped in act(...).

When testing, code that causes React state updates should be wrapped into act(...):

act(() => {
  /* fire events that update state */
});
/* assert on the output */

This ensures that you're testing the behavior the user would see in the browser. Learn more at https://react.dev/link/wrap-tests-with-act
An update to DaemonSessionProvider inside a test was not wrapped in act(...).

When testing, code that causes React state updates should be wrapped into act(...):

act(() => {
  /* fire events that update state */
});
/* assert on the output */

This ensures that you're testing the behavior the user would see in the browser. Learn more at https://react.dev/link/wrap-tests-with-act
An update to DaemonSessionProvider inside a test was not wrapped in act(...).

When testing, code that causes React state updates should be wrapped into act(...):

act(() => {
  /* fire events that update state */
});
/* assert on the output */

This ensures that you're testing the behavior the user would see in the browser. Learn more at https://react.dev/link/wrap-tests-with-act

stderr | daemon/session/DaemonSessionProvider.test.tsx > DaemonSessionProvider > does not retry a closing session after a newer switch
An update to DaemonSessionProvider inside a test was not wrapped in act(...).

When testing, code that causes React state updates should be wrapped into act(...):

act(() => {
  /* fire events that update state */
});
/* assert on the output */

This ensures that you're testing the behavior the user would see in the browser. Learn more at https://react.dev/link/wrap-tests-with-act
An update to DaemonSessionProvider inside a test was not wrapped in act(...).

When testing, code that causes React state updates should be wrapped into act(...):

act(() => {
  /* fire events that update state */
});
/* assert on the output */

This ensures that you're testing the behavior the user would see in the browser. Learn more at https://react.dev/link/wrap-tests-with-act
An update to DaemonSessionProvider inside a test was not wrapped in act(...).

When testing, code that causes React state updates should be wrapped into act(...):

act(() => {
  /* fire events that update state */
});
/* assert on the output */

This ensures that you're testing the behavior the user would see in the browser. Learn more at https://react.dev/link/wrap-tests-with-act
An update to DaemonSessionProvider inside a test was not wrapped in act(...).

When testing, code that causes React state updates should be wrapped into act(...):

act(() => {
  /* fire events that update state */
});
/* assert on the output */

This ensures that you're testing the behavior the user would see in the browser. Learn more at https://react.dev/link/wrap-tests-with-act
An update to DaemonSessionProvider inside a test was not wrapped in act(...).

When testing, code that causes React state updates should be wrapped into act(...):

act(() => {
  /* fire events that update state */
});
/* assert on the output */

This ensures that you're testing the behavior the user would see in the browser. Learn more at https://react.dev/link/wrap-tests-with-act
An update to DaemonSessionProvider inside a test was not wrapped in act(...).

When testing, code that causes React state updates should be wrapped into act(...):

act(() => {
  /* fire events that update state */
});
/* assert on the output */

This ensures that you're testing the behavior the user would see in the browser. Learn more at https://react.dev/link/wrap-tests-with-act

stderr | daemon/session/DaemonSessionProvider.test.tsx > DaemonSessionProvider > does not retry a closing session after a newer switch
An update to DaemonSessionProvider inside a test was not wrapped in act(...).

When testing, code that causes React state updates should be wrapped into act(...):

act(() => {
  /* fire events that update state */
});
/* assert on the output */

This ensures that you're testing the behavior the user would see in the browser. Learn more at https://react.dev/link/wrap-tests-with-act
An update to DaemonSessionProvider inside a test was not wrapped in act(...).

When testing, code that causes React state updates should be wrapped into act(...):

act(() => {
  /* fire events that update state */
});
/* assert on the output */

This ensures that you're testing the behavior the user would see in the browser. Learn more at https://react.dev/link/wrap-tests-with-act
An update to DaemonSessionProvider inside a test was not wrapped in act(...).

When testing, code that causes React state updates should be wrapped into act(...):

act(() => {
  /* fire events that update state */
});
/* assert on the output */

This ensures that you're testing the behavior the user would see in the browser. Learn more at https://react.dev/link/wrap-tests-with-act
An update to DaemonSessionProvider inside a test was not wrapped in act(...).

When testing, code that causes React state updates should be wrapped into act(...):

act(() => {
  /* fire events that update state */
});
/* assert on the output */

This ensures that you're testing the behavior the user would see in the browser. Learn more at https://react.dev/link/wrap-tests-with-act
An update to DaemonSessionProvider inside a test was not wrapped in act(...).

When testing, code that causes React state updates should be wrapped into act(...):

act(() => {
  /* fire events that update state */
});
/* assert on the output */

This ensures that you're testing the behavior the user would see in the browser. Learn more at https://react.dev/link/wrap-tests-with-act
An update to DaemonSessionProvider inside a test was not wrapped in act(...).

When testing, code that causes React state updates should be wrapped into act(...):

act(() => {
  /* fire events that update state */
});
/* assert on the output */

This ensures that you're testing the behavior the user would see in the browser. Learn more at https://react.dev/link/wrap-tests-with-act

stderr | daemon/session/DaemonSessionProvider.test.tsx > DaemonSessionProvider > uses recent HTTP status when heartbeat threshold ends with transport failure
An update to DaemonSessionProvider inside a test was not wrapped in act(...).

When testing, code that causes React state updates should be wrapped into act(...):

act(() => {
  /* fire events that update state */
});
/* assert on the output */

This ensures that you're testing the behavior the user would see in the browser. Learn more at https://react.dev/link/wrap-tests-with-act
An update to DaemonSessionProvider inside a test was not wrapped in act(...).

When testing, code that causes React state updates should be wrapped into act(...):

act(() => {
  /* fire events that update state */
});
/* assert on the output */

This ensures that you're testing the behavior the user would see in the browser. Learn more at https://react.dev/link/wrap-tests-with-act

stderr | daemon/session/DaemonSessionProvider.test.tsx > DaemonSessionProvider > preserves missing-session heartbeat status across later HTTP failures
An update to DaemonSessionProvider inside a test was not wrapped in act(...).

When testing, code that causes React state updates should be wrapped into act(...):

act(() => {
  /* fire events that update state */
});
/* assert on the output */

This ensures that you're testing the behavior the user would see in the browser. Learn more at https://react.dev/link/wrap-tests-with-act
An update to DaemonSessionProvider inside a test was not wrapped in act(...).

When testing, code that causes React state updates should be wrapped into act(...):

act(() => {
  /* fire events that update state */
});
/* assert on the output */

This ensures that you're testing the behavior the user would see in the browser. Learn more at https://react.dev/link/wrap-tests-with-act

stderr | components/messages/EnhancedMarkdownTable.test.tsx > EnhancedMarkdownTable > copies the full long cell value instead of the expanded preview text
An update to EnhancedTable inside a test was not wrapped in act(...).

When testing, code that causes React state updates should be wrapped into act(...):

act(() => {
  /* fire events that update state */
});
/* assert on the output */

This ensures that you're testing the behavior the user would see in the browser. Learn more at https://react.dev/link/wrap-tests-with-act

stdout | daemon/session/DaemonSessionProvider.test.tsx > DaemonSessionProvider > rejects interrupted session loads as AbortError during cleanup
[DaemonSessionProvider] retriable SSE error, preserving session for delta resume (sessionId=undefined)

 ✓ components/sidebar/WebShellSidebar.session-pinning.test.tsx (32 tests) 4022ms
   ✓ WebShellSidebar content-search ghosts > renders a pinned ghost hit with its snippet in the flat list  437ms
   ✓ WebShellSidebar content-search ghosts > renders a pinned ghost hit in the Ungrouped section when organization is enabled  554ms
   ✓ WebShellSidebar content-search ghosts > renders a pinned content hit exactly once, whoever the Pinned section carries  555ms
   ✓ WebShellSidebar content-search ghosts > mounts the rename form for a pinned ghost row in the org section renderer  591ms
stderr | daemon/session/DaemonSessionProvider.test.tsx > DaemonSessionProvider > does not attach a session after its load watchdog expires
An update to DaemonSessionProvider inside a test was not wrapped in act(...).

When testing, code that causes React state updates should be wrapped into act(...):

act(() => {
  /* fire events that update state */
});
/* assert on the output */

This ensures that you're testing the behavior the user would see in the browser. Learn more at https://react.dev/link/wrap-tests-with-act
An update to DaemonSessionProvider inside a test was not wrapped in act(...).

When testing, code that causes React state updates should be wrapped into act(...):

act(() => {
  /* fire events that update state */
});
/* assert on the output */

This ensures that you're testing the behavior the user would see in the browser. Learn more at https://react.dev/link/wrap-tests-with-act
An update to DaemonSessionProvider inside a test was not wrapped in act(...).

When testing, code that causes React state updates should be wrapped into act(...):

act(() => {
  /* fire events that update state */
});
/* assert on the output */

This ensures that you're testing the behavior the user would see in the browser. Learn more at https://react.dev/link/wrap-tests-with-act
An update to DaemonSessionProvider inside a test was not wrapped in act(...).

When testing, code that causes React state updates should be wrapped into act(...):

act(() => {
  /* fire events that update state */
});
/* assert on the output */

This ensures that you're testing the behavior the user would see in the browser. Learn more at https://react.dev/link/wrap-tests-with-act
An update to DaemonSessionProvider inside a test was not wrapped in act(...).

When testing, code that causes React state updates should be wrapped into act(...):

act(() => {
  /* fire events that update state */
});
/* assert on the output */

This ensures that you're testing the behavior the user would see in the browser. Learn more at https://react.dev/link/wrap-tests-with-act
An update to DaemonSessionProvider inside a test was not wrapped in act(...).

When testing, code that causes React state updates should be wrapped into act(...):

act(() => {
  /* fire events that update state */
});
/* assert on the output */

This ensures that you're testing the behavior the user would see in the browser. Learn more at https://react.dev/link/wrap-tests-with-act

stdout | daemon/session/DaemonSessionProvider.test.tsx > DaemonSessionProvider > surfaces a restore 504 without treating the session as missing
[DaemonSessionProvider] retriable SSE error, preserving session for delta resume (sessionId=undefined)

stderr | components/messages/EnhancedMarkdownTable.test.tsx > EnhancedMarkdownTable > flattens cell-internal newlines when copying a selection
An update to EnhancedTable inside a test was not wrapped in act(...).

When testing, code that causes React state updates should be wrapped into act(...):

act(() => {
  /* fire events that update state */
});
/* assert on the output */

This ensures that you're testing the behavior the user would see in the browser. Learn more at https://react.dev/link/wrap-tests-with-act

stderr | daemon/session/DaemonSessionProvider.test.tsx > DaemonSessionProvider > clears transcript immediately for default session switches
An update to DaemonSessionProvider inside a test was not wrapped in act(...).

When testing, code that causes React state updates should be wrapped into act(...):

act(() => {
  /* fire events that update state */
});
/* assert on the output */

This ensures that you're testing the behavior the user would see in the browser. Learn more at https://react.dev/link/wrap-tests-with-act
An update to DaemonSessionProvider inside a test was not wrapped in act(...).

When testing, code that causes React state updates should be wrapped into act(...):

act(() => {
  /* fire events that update state */
});
/* assert on the output */

This ensures that you're testing the behavior the user would see in the browser. Learn more at https://react.dev/link/wrap-tests-with-act
An update to DaemonSessionProvider inside a test was not wrapped in act(...).

When testing, code that causes React state updates should be wrapped into act(...):

act(() => {
  /* fire events that update state */
});
/* assert on the output */

This ensures that you're testing the behavior the user would see in the browser. Learn more at https://react.dev/link/wrap-tests-with-act
An update to DaemonSessionProvider inside a test was not wrapped in act(...).

When testing, code that causes React state updates should be wrapped into act(...):

act(() => {
  /* fire events that update state */
});
/* assert on the output */

This ensures that you're testing the behavior the user would see in the browser. Learn more at https://react.dev/link/wrap-tests-with-act
An update to DaemonSessionProvider inside a test was not wrapped in act(...).

When testing, code that causes React state updates should be wrapped into act(...):

act(() => {
  /* fire events that update state */
});
/* assert on the output */

This ensures that you're testing the behavior the user would see in the browser. Learn more at https://react.dev/link/wrap-tests-with-act
An update to DaemonSessionProvider inside a test was not wrapped in act(...).

When testing, code that causes React state updates should be wrapped into act(...):

act(() => {
  /* fire events that update state */
});
/* assert on the output */

This ensures that you're testing the behavior the user would see in the browser. Learn more at https://react.dev/link/wrap-tests-with-act

stdout | daemon/session/DaemonSessionProvider.test.tsx > DaemonSessionProvider > keeps the cleared target and exposes the error when load fails
[DaemonSessionProvider] retriable SSE error, preserving session for delta resume (sessionId=undefined)

stderr | components/messages/EnhancedMarkdownTable.test.tsx > EnhancedMarkdownTable > flattens cell-internal tabs when copying a selection
An update to EnhancedTable inside a test was not wrapped in act(...).

When testing, code that causes React state updates should be wrapped into act(...):

act(() => {
  /* fire events that update state */
});
/* assert on the output */

This ensures that you're testing the behavior the user would see in the browser. Learn more at https://react.dev/link/wrap-tests-with-act

stdout | daemon/session/DaemonSessionProvider.test.tsx > DaemonSessionProvider > does not retry a failed controlled session load until the host changes it
[DaemonSessionProvider] retriable SSE error, preserving session for delta resume (sessionId=undefined)

stdout | daemon/session/DaemonSessionProvider.test.tsx > DaemonSessionProvider > clears the session when reconnect is disabled after SSE stream end
[DaemonSessionProvider] SSE stream ended

stderr | components/ChatPane.test.tsx > ChatPane > builds the control request from the freshly fetched Goal
An update to ChatPane inside a test was not wrapped in act(...).

When testing, code that causes React state updates should be wrapped into act(...):

act(() => {
  /* fire events that update state */
});
/* assert on the output */

This ensures that you're testing the behavior the user would see in the browser. Learn more at https://react.dev/link/wrap-tests-with-act

stderr | components/ChatPane.test.tsx > ChatPane > builds the control request from the freshly fetched Goal
An update to ChatPane inside a test was not wrapped in act(...).

When testing, code that causes React state updates should be wrapped into act(...):

act(() => {
  /* fire events that update state */
});
/* assert on the output */

This ensures that you're testing the behavior the user would see in the browser. Learn more at https://react.dev/link/wrap-tests-with-act

 ✓ components/dialogs/AddWorkspaceDialog.test.tsx (36 tests) 1416ms
stderr | components/sidebar/WebShellSidebar.workspace-removal.test.tsx > WebShellSidebar workspace removal > shows only the locked workspace without registration controls
An update to WorkspaceSection inside a test was not wrapped in act(...).

When testing, code that causes React state updates should be wrapped into act(...):

act(() => {
  /* fire events that update state */
});
/* assert on the output */

This ensures that you're testing the behavior the user would see in the browser. Learn more at https://react.dev/link/wrap-tests-with-act

stderr | components/sidebar/WebShellSidebar.workspace-removal.test.tsx > WebShellSidebar workspace removal > hides removal when the daemon does not publish the feature
An update to WorkspaceSection inside a test was not wrapped in act(...).

When testing, code that causes React state updates should be wrapped into act(...):

act(() => {
  /* fire events that update state */
});
/* assert on the output */

This ensures that you're testing the behavior the user would see in the browser. Learn more at https://react.dev/link/wrap-tests-with-act
An update to WorkspaceSection inside a test was not wrapped in act(...).

When testing, code that causes React state updates should be wrapped into act(...):

act(() => {
  /* fire events that update state */
});
/* assert on the output */

This ensures that you're testing the behavior the user would see in the browser. Learn more at https://react.dev/link/wrap-tests-with-act

 ✓ components/sidebar/WebShellSidebar.collapse-persist.test.tsx (33 tests) 4783ms
   ✓ WebShellSidebar collapsed session group persistence > keeps project sessions available from the collapsed sidebar  500ms
   ✓ WebShellSidebar collapsed session group persistence > does not let a stale hover-close timer close a reopened switcher  316ms
   ✓ WebShellSidebar collapsed session group persistence > lets the switcher close after a tracked menu unmounts  428ms
   ✓ WebShellSidebar collapsed session group persistence > keeps the switcher open while the group picker is open  437ms
   ✓ WebShellSidebar collapsed session group persistence > keeps the switcher open while keyboard focus is inside it  397ms
stderr | components/sidebar/WebShellSidebar.workspace-removal.test.tsx > WebShellSidebar workspace removal > exposes removal for an untrusted removable workspace
An update to WorkspaceSection inside a test was not wrapped in act(...).

When testing, code that causes React state updates should be wrapped into act(...):

act(() => {
  /* fire events that update state */
});
/* assert on the output */

This ensures that you're testing the behavior the user would see in the browser. Learn more at https://react.dev/link/wrap-tests-with-act
An update to WorkspaceSection inside a test was not wrapped in act(...).

When testing, code that causes React state updates should be wrapped into act(...):

act(() => {
  /* fire events that update state */
});
/* assert on the output */

This ensures that you're testing the behavior the user would see in the browser. Learn more at https://react.dev/link/wrap-tests-with-act

stderr | components/sidebar/WebShellSidebar.workspace-removal.test.tsx > WebShellSidebar workspace removal > never offers removal on the primary workspace menu
An update to WorkspaceSection inside a test was not wrapped in act(...).

When testing, code that causes React state updates should be wrapped into act(...):

act(() => {
  /* fire events that update state */
});
/* assert on the output */

This ensures that you're testing the behavior the user would see in the browser. Learn more at https://react.dev/link/wrap-tests-with-act
An update to WorkspaceSection inside a test was not wrapped in act(...).

When testing, code that causes React state updates should be wrapped into act(...):

act(() => {
  /* fire events that update state */
});
/* assert on the output */

This ensures that you're testing the behavior the user would see in the browser. Learn more at https://react.dev/link/wrap-tests-with-act

stderr | components/messages/EnhancedMarkdownTable.test.tsx > EnhancedMarkdownTable > copies reordered selections after freezing the first column
An update to EnhancedTable inside a test was not wrapped in act(...).

When testing, code that causes React state updates should be wrapped into act(...):

act(() => {
  /* fire events that update state */
});
/* assert on the output */

This ensures that you're testing the behavior the user would see in the browser. Learn more at https://react.dev/link/wrap-tests-with-act

stderr | components/extensions/ExtensionsManagerPage.test.tsx > ExtensionsManagerPage activation refresh > keeps the last known trust when the reload loses the activation projection
Select is changing from controlled to uncontrolled. Components should not switch from controlled to uncontrolled (or vice versa). Decide between using a controlled or uncontrolled value for the lifetime of the component.
Select is changing from controlled to uncontrolled. Components should not switch from controlled to uncontrolled (or vice versa). Decide between using a controlled or uncontrolled value for the lifetime of the component.

 ✓ components/MessageList.dom.test.tsx (171 tests) 4467ms
   ✓ MessageList — turn collapse (DOM) > releases pagination when a virtual anchor never mounts  615ms
   ✓ MessageList — turn collapse (DOM) > does not auto-load again when an underfill page adds no content  615ms
   ✓ MessageList — turn collapse (DOM) > reports scroll-to-bottom affordance when expanding content creates overflow  306ms
 ✓ components/extensions/ExtensionsManagerPage.test.tsx (13 tests) 2458ms
   ✓ ExtensionsManagerPage activation refresh > submits a workspace refresh without polling or blocking the page  363ms
 ✓ components/ChatPane.test.tsx (122 tests) 1816ms
stderr | components/messages/EnhancedMarkdownTable.test.tsx > EnhancedMarkdownTable > selection copy skips hidden columns between selected cells
An update to EnhancedTable inside a test was not wrapped in act(...).

When testing, code that causes React state updates should be wrapped into act(...):

act(() => {
  /* fire events that update state */
});
/* assert on the output */

This ensures that you're testing the behavior the user would see in the browser. Learn more at https://react.dev/link/wrap-tests-with-act

stdout | daemon/session/DaemonSessionProvider.test.tsx > DaemonSessionProvider > does not settle unaccepted prompts from historical replay turns
[DaemonSessionProvider] SSE stream ended

stdout | daemon/session/DaemonSessionProvider.test.tsx > DaemonSessionProvider > retries when ring-evicted reload fails once
[DaemonSessionProvider] retriable SSE error, preserving session for delta resume (sessionId=undefined)

stdout | daemon/session/DaemonSessionProvider.test.tsx > DaemonSessionProvider > preserves session and uses delta resume after a retriable SSE error
[DaemonSessionProvider] retriable SSE error, preserving session for delta resume (sessionId=session-1)

stderr | daemon/session/DaemonSessionProvider.test.tsx > DaemonSessionProvider > clears an existing error during autoReconnect backoff
An update to DaemonSessionProvider inside a test was not wrapped in act(...).

When testing, code that causes React state updates should be wrapped into act(...):

act(() => {
  /* fire events that update state */
});
/* assert on the output */

This ensures that you're testing the behavior the user would see in the browser. Learn more at https://react.dev/link/wrap-tests-with-act

stderr | components/messages/EnhancedMarkdownTable.test.tsx > EnhancedMarkdownTable > stops extending a selection after window blur
An update to EnhancedTable inside a test was not wrapped in act(...).

When testing, code that causes React state updates should be wrapped into act(...):

act(() => {
  /* fire events that update state */
});
/* assert on the output */

This ensures that you're testing the behavior the user would see in the browser. Learn more at https://react.dev/link/wrap-tests-with-act

stdout | daemon/session/DaemonSessionProvider.test.tsx > DaemonSessionProvider > clears an existing error during autoReconnect backoff
[DaemonSessionProvider] retriable SSE error, preserving session for delta resume (sessionId=session-1)

stderr | daemon/session/DaemonSessionProvider.test.tsx > DaemonSessionProvider > clears an existing error during autoReconnect backoff
An update to DaemonSessionProvider inside a test was not wrapped in act(...).

When testing, code that causes React state updates should be wrapped into act(...):

act(() => {
  /* fire events that update state */
});
/* assert on the output */

This ensures that you're testing the behavior the user would see in the browser. Learn more at https://react.dev/link/wrap-tests-with-act
An update to DaemonSessionProvider inside a test was not wrapped in act(...).

When testing, code that causes React state updates should be wrapped into act(...):

act(() => {
  /* fire events that update state */
});
/* assert on the output */

This ensures that you're testing the behavior the user would see in the browser. Learn more at https://react.dev/link/wrap-tests-with-act
An update to DaemonSessionProvider inside a test was not wrapped in act(...).

When testing, code that causes React state updates should be wrapped into act(...):

act(() => {
  /* fire events that update state */
});
/* assert on the output */

This ensures that you're testing the behavior the user would see in the browser. Learn more at https://react.dev/link/wrap-tests-with-act

stderr | daemon/session/DaemonSessionProvider.test.tsx > DaemonSessionProvider > clears an existing error during autoReconnect backoff
An update to DaemonSessionProvider inside a test was not wrapped in act(...).

When testing, code that causes React state updates should be wrapped into act(...):

act(() => {
  /* fire events that update state */
});
/* assert on the output */

This ensures that you're testing the behavior the user would see in the browser. Learn more at https://react.dev/link/wrap-tests-with-act
An update to DaemonSessionProvider inside a test was not wrapped in act(...).

When testing, code that causes React state updates should be wrapped into act(...):

act(() => {
  /* fire events that update state */
});
/* assert on the output */

This ensures that you're testing the behavior the user would see in the browser. Learn more at https://react.dev/link/wrap-tests-with-act

stderr | daemon/session/DaemonSessionProvider.test.tsx > DaemonSessionProvider > clears an existing error during autoReconnect backoff
An update to DaemonSessionProvider inside a test was not wrapped in act(...).

When testing, code that causes React state updates should be wrapped into act(...):

act(() => {
  /* fire events that update state */
});
/* assert on the output */

This ensures that you're testing the behavior the user would see in the browser. Learn more at https://react.dev/link/wrap-tests-with-act

stderr | daemon/session/DaemonSessionProvider.test.tsx > DaemonSessionProvider > clears an existing error during autoReconnect backoff
An update to DaemonSessionProvider inside a test was not wrapped in act(...).

When testing, code that causes React state updates should be wrapped into act(...):

act(() => {
  /* fire events that update state */
});
/* assert on the output */

This ensures that you're testing the behavior the user would see in the browser. Learn more at https://react.dev/link/wrap-tests-with-act

stderr | components/messages/EnhancedMarkdownTable.test.tsx > EnhancedMarkdownTable > selects cells with touch drag
An update to EnhancedTable inside a test was not wrapped in act(...).

When testing, code that causes React state updates should be wrapped into act(...):

act(() => {
  /* fire events that update state */
});
/* assert on the output */

This ensures that you're testing the behavior the user would see in the browser. Learn more at https://react.dev/link/wrap-tests-with-act

stderr | daemon/session/DaemonSessionProvider.test.tsx > DaemonSessionProvider > clears an existing error during autoReconnect backoff
An update to DaemonSessionProvider inside a test was not wrapped in act(...).

When testing, code that causes React state updates should be wrapped into act(...):

act(() => {
  /* fire events that update state */
});
/* assert on the output */

This ensures that you're testing the behavior the user would see in the browser. Learn more at https://react.dev/link/wrap-tests-with-act

stdout | daemon/session/DaemonSessionProvider.test.tsx > DaemonSessionProvider > clears an existing error during autoReconnect backoff
[DaemonSessionProvider] SSE stream ended

stderr | daemon/session/DaemonSessionProvider.test.tsx > DaemonSessionProvider > clears an existing error during autoReconnect backoff
An update to DaemonSessionProvider inside a test was not wrapped in act(...).

When testing, code that causes React state updates should be wrapped into act(...):

act(() => {
  /* fire events that update state */
});
/* assert on the output */

This ensures that you're testing the behavior the user would see in the browser. Learn more at https://react.dev/link/wrap-tests-with-act
An update to DaemonSessionProvider inside a test was not wrapped in act(...).

When testing, code that causes React state updates should be wrapped into act(...):

act(() => {
  /* fire events that update state */
});
/* assert on the output */

This ensures that you're testing the behavior the user would see in the browser. Learn more at https://react.dev/link/wrap-tests-with-act
An update to DaemonSessionProvider inside a test was not wrapped in act(...).

When testing, code that causes React state updates should be wrapped into act(...):

act(() => {
  /* fire events that update state */
});
/* assert on the output */

This ensures that you're testing the behavior the user would see in the browser. Learn more at https://react.dev/link/wrap-tests-with-act

stdout | daemon/session/DaemonSessionProvider.test.tsx > DaemonSessionProvider > routes session_died errors to notices, not transcript
[DaemonSessionProvider] SSE stream ended

stdout | daemon/session/DaemonSessionProvider.test.tsx > DaemonSessionProvider > deduplicates live and snapshot recording degradation notices
[DaemonSessionProvider] SSE stream ended

stdout | daemon/session/DaemonSessionProvider.test.tsx > DaemonSessionProvider > clears a degraded notice after an authoritative healthy snapshot
[DaemonSessionProvider] SSE stream ended

stdout | daemon/session/DaemonSessionProvider.test.tsx > DaemonSessionProvider > allows a later degraded snapshot to restore a dismissed notice
[DaemonSessionProvider] SSE stream ended

stderr | components/sidebar/WebShellSidebar.workspace-removal.test.tsx > WebShellSidebar workspace removal > offers a worktree task only on workspaces that report a git branch
An update to WebShellSidebar inside a test was not wrapped in act(...).

When testing, code that causes React state updates should be wrapped into act(...):

act(() => {
  /* fire events that update state */
});
/* assert on the output */

This ensures that you're testing the behavior the user would see in the browser. Learn more at https://react.dev/link/wrap-tests-with-act
An update to WebShellSidebar inside a test was not wrapped in act(...).

When testing, code that causes React state updates should be wrapped into act(...):

act(() => {
  /* fire events that update state */
});
/* assert on the output */

This ensures that you're testing the behavior the user would see in the browser. Learn more at https://react.dev/link/wrap-tests-with-act

 ✓ components/dialogs/ScheduledTasksDialog.test.tsx (57 tests) 1802ms
stderr | components/sidebar/WebShellSidebar.workspace-removal.test.tsx > WebShellSidebar workspace removal > passes the explicit primary cwd to a primary workspace worktree task
An update to WebShellSidebar inside a test was not wrapped in act(...).

When testing, code that causes React state updates should be wrapped into act(...):

act(() => {
  /* fire events that update state */
});
/* assert on the output */

This ensures that you're testing the behavior the user would see in the browser. Learn more at https://react.dev/link/wrap-tests-with-act

stdout | daemon/session/DaemonSessionProvider.test.tsx > DaemonSessionProvider > does NOT stop reconnect on session_closed with reason "idle_timeout"
[DaemonSessionProvider] SSE stream ended

stdout | daemon/session/DaemonSessionProvider.test.tsx > DaemonSessionProvider > does NOT stop reconnect on session_closed with reason "idle_timeout"
[DaemonSessionProvider] SSE stream ended

stdout | daemon/session/DaemonSessionProvider.test.tsx > DaemonSessionProvider > does NOT stop reconnect on session_closed with reason "idle_timeout"
[DaemonSessionProvider] SSE stream ended

stdout | daemon/session/DaemonSessionProvider.test.tsx > DaemonSessionProvider > does NOT stop reconnect on session_closed with reason "idle_timeout"
[DaemonSessionProvider] SSE stream ended

stdout | daemon/session/DaemonSessionProvider.test.tsx > DaemonSessionProvider > does NOT stop reconnect on session_closed with reason "idle_timeout"
[DaemonSessionProvider] SSE stream ended

stdout | daemon/session/DaemonSessionProvider.test.tsx > DaemonSessionProvider > does NOT stop reconnect on session_closed with reason "idle_timeout"
[DaemonSessionProvider] SSE stream ended

stdout | daemon/session/DaemonSessionProvider.test.tsx > DaemonSessionProvider > does NOT stop reconnect on session_closed with reason "idle_timeout"
[DaemonSessionProvider] SSE stream ended

stdout | daemon/session/DaemonSessionProvider.test.tsx > DaemonSessionProvider > does NOT stop reconnect on session_closed with reason "idle_timeout"
[DaemonSessionProvider] SSE stream ended

stdout | daemon/session/DaemonSessionProvider.test.tsx > DaemonSessionProvider > does NOT stop reconnect on session_closed with reason "idle_timeout"
[DaemonSessionProvider] SSE stream ended

stdout | daemon/session/DaemonSessionProvider.test.tsx > DaemonSessionProvider > does NOT stop reconnect on session_closed with reason "idle_timeout"
[DaemonSessionProvider] SSE stream ended

stdout | daemon/session/DaemonSessionProvider.test.tsx > DaemonSessionProvider > does NOT stop reconnect on session_closed with reason "idle_timeout"
[DaemonSessionProvider] SSE stream ended

stdout | daemon/session/DaemonSessionProvider.test.tsx > DaemonSessionProvider > does NOT stop reconnect on session_closed with reason "idle_timeout"
[DaemonSessionProvider] SSE stream ended

stdout | daemon/session/DaemonSessionProvider.test.tsx > DaemonSessionProvider > does NOT stop reconnect on session_closed with reason "idle_timeout"
[DaemonSessionProvider] SSE stream ended

stdout | daemon/session/DaemonSessionProvider.test.tsx > DaemonSessionProvider > does NOT stop reconnect on session_closed with reason "idle_timeout"
[DaemonSessionProvider] SSE stream ended

stdout | daemon/session/DaemonSessionProvider.test.tsx > DaemonSessionProvider > does NOT stop reconnect on session_closed with reason "idle_timeout"
[DaemonSessionProvider] SSE stream ended

stdout | daemon/session/DaemonSessionProvider.test.tsx > DaemonSessionProvider > does NOT stop reconnect on session_closed with reason "idle_timeout"
[DaemonSessionProvider] SSE stream ended

stdout | daemon/session/DaemonSessionProvider.test.tsx > DaemonSessionProvider > does NOT stop reconnect on session_closed with reason "idle_timeout"
[DaemonSessionProvider] SSE stream ended

stdout | daemon/session/DaemonSessionProvider.test.tsx > DaemonSessionProvider > does NOT stop reconnect on session_closed with reason "idle_timeout"
[DaemonSessionProvider] SSE stream ended

stdout | daemon/session/DaemonSessionProvider.test.tsx > DaemonSessionProvider > does NOT stop reconnect on session_closed with reason "idle_timeout"
[DaemonSessionProvider] SSE stream ended

stdout | daemon/session/DaemonSessionProvider.test.tsx > DaemonSessionProvider > does NOT stop reconnect on session_closed with reason "idle_timeout"
[DaemonSessionProvider] SSE stream ended

stdout | daemon/session/DaemonSessionProvider.test.tsx > DaemonSessionProvider > does NOT stop reconnect on session_closed with reason "idle_timeout"
[DaemonSessionProvider] SSE stream ended

stdout | daemon/session/DaemonSessionProvider.test.tsx > DaemonSessionProvider > does NOT stop reconnect on session_closed with reason "idle_timeout"
[DaemonSessionProvider] SSE stream ended

stdout | daemon/session/DaemonSessionProvider.test.tsx > DaemonSessionProvider > does NOT stop reconnect on session_closed with reason "idle_timeout"
[DaemonSessionProvider] SSE stream ended

stdout | daemon/session/DaemonSessionProvider.test.tsx > DaemonSessionProvider > does NOT stop reconnect on session_closed with reason "idle_timeout"
[DaemonSessionProvider] SSE stream ended

stdout | daemon/session/DaemonSessionProvider.test.tsx > DaemonSessionProvider > does NOT stop reconnect on session_closed with reason "idle_timeout"
[DaemonSessionProvider] SSE stream ended

stdout | daemon/session/DaemonSessionProvider.test.tsx > DaemonSessionProvider > does NOT stop reconnect on session_closed with reason "idle_timeout"
[DaemonSessionProvider] SSE stream ended

stdout | daemon/session/DaemonSessionProvider.test.tsx > DaemonSessionProvider > does NOT stop reconnect on session_closed with reason "idle_timeout"
[DaemonSessionProvider] SSE stream ended

stdout | daemon/session/DaemonSessionProvider.test.tsx > DaemonSessionProvider > does NOT stop reconnect on session_closed with reason "idle_timeout"
[DaemonSessionProvider] SSE stream ended

stdout | daemon/session/DaemonSessionProvider.test.tsx > DaemonSessionProvider > does NOT stop reconnect on session_closed with reason "idle_timeout"
[DaemonSessionProvider] SSE stream ended

stdout | daemon/session/DaemonSessionProvider.test.tsx > DaemonSessionProvider > does NOT stop reconnect on session_closed with reason "idle_timeout"
[DaemonSessionProvider] SSE stream ended

stdout | daemon/session/DaemonSessionProvider.test.tsx > DaemonSessionProvider > does NOT stop reconnect on session_closed with reason "idle_timeout"
[DaemonSessionProvider] SSE stream ended

stdout | daemon/session/DaemonSessionProvider.test.tsx > DaemonSessionProvider > does NOT stop reconnect on session_closed with reason "idle_timeout"
[DaemonSessionProvider] SSE stream ended

stdout | daemon/session/DaemonSessionProvider.test.tsx > DaemonSessionProvider > does NOT stop reconnect on session_closed with reason "idle_timeout"
[DaemonSessionProvider] SSE stream ended

stdout | daemon/session/DaemonSessionProvider.test.tsx > DaemonSessionProvider > does NOT stop reconnect on session_closed with reason "idle_timeout"
[DaemonSessionProvider] SSE stream ended

stdout | daemon/session/DaemonSessionProvider.test.tsx > DaemonSessionProvider > does NOT stop reconnect on session_closed with reason "idle_timeout"
[DaemonSessionProvider] SSE stream ended

stdout | daemon/session/DaemonSessionProvider.test.tsx > DaemonSessionProvider > does NOT stop reconnect on session_closed with reason "idle_timeout"
[DaemonSessionProvider] SSE stream ended

stdout | daemon/session/DaemonSessionProvider.test.tsx > DaemonSessionProvider > does NOT stop reconnect on session_closed with reason "idle_timeout"
[DaemonSessionProvider] SSE stream ended

 ✓ components/skills/SkillsManagerPage.test.tsx (11 tests) 1581ms
stdout | daemon/session/DaemonSessionProvider.test.tsx > DaemonSessionProvider > does NOT stop reconnect on session_closed with reason "idle_timeout"
[DaemonSessionProvider] SSE stream ended

stdout | daemon/session/DaemonSessionProvider.test.tsx > DaemonSessionProvider > does NOT stop reconnect on session_closed with reason "idle_timeout"
[DaemonSessionProvider] SSE stream ended

stdout | daemon/session/DaemonSessionProvider.test.tsx > DaemonSessionProvider > does NOT stop reconnect on session_closed with reason "idle_timeout"
[DaemonSessionProvider] SSE stream ended

stdout | daemon/session/DaemonSessionProvider.test.tsx > DaemonSessionProvider > does NOT stop reconnect on session_closed with reason "idle_timeout"
[DaemonSessionProvider] SSE stream ended

stdout | daemon/session/DaemonSessionProvider.test.tsx > DaemonSessionProvider > does NOT stop reconnect on session_closed with reason "last_client_detached"
[DaemonSessionProvider] SSE stream ended

stdout | daemon/session/DaemonSessionProvider.test.tsx > DaemonSessionProvider > does NOT stop reconnect on session_closed with reason "last_client_detached"
[DaemonSessionProvider] SSE stream ended

stdout | daemon/session/DaemonSessionProvider.test.tsx > DaemonSessionProvider > does NOT stop reconnect on session_closed with reason "last_client_detached"
[DaemonSessionProvider] SSE stream ended

stdout | daemon/session/DaemonSessionProvider.test.tsx > DaemonSessionProvider > does NOT stop reconnect on session_closed with reason "last_client_detached"
[DaemonSessionProvider] SSE stream ended

stdout | daemon/session/DaemonSessionProvider.test.tsx > DaemonSessionProvider > does NOT stop reconnect on session_closed with reason "last_client_detached"
[DaemonSessionProvider] SSE stream ended

stdout | daemon/session/DaemonSessionProvider.test.tsx > DaemonSessionProvider > does NOT stop reconnect on session_closed with reason "last_client_detached"
[DaemonSessionProvider] SSE stream ended

stdout | daemon/session/DaemonSessionProvider.test.tsx > DaemonSessionProvider > does NOT stop reconnect on session_closed with reason "last_client_detached"
[DaemonSessionProvider] SSE stream ended

stdout | daemon/session/DaemonSessionProvider.test.tsx > DaemonSessionProvider > does NOT stop reconnect on session_closed with reason "last_client_detached"
[DaemonSessionProvider] SSE stream ended

stdout | daemon/session/DaemonSessionProvider.test.tsx > DaemonSessionProvider > does NOT stop reconnect on session_closed with reason "last_client_detached"
[DaemonSessionProvider] SSE stream ended

stdout | daemon/session/DaemonSessionProvider.test.tsx > DaemonSessionProvider > does NOT stop reconnect on session_closed with reason "last_client_detached"
[DaemonSessionProvider] SSE stream ended

stdout | daemon/session/DaemonSessionProvider.test.tsx > DaemonSessionProvider > does NOT stop reconnect on session_closed with reason "last_client_detached"
[DaemonSessionProvider] SSE stream ended

stdout | daemon/session/DaemonSessionProvider.test.tsx > DaemonSessionProvider > does NOT stop reconnect on session_closed with reason "last_client_detached"
[DaemonSessionProvider] SSE stream ended

stdout | daemon/session/DaemonSessionProvider.test.tsx > DaemonSessionProvider > does NOT stop reconnect on session_closed with reason "last_client_detached"
[DaemonSessionProvider] SSE stream ended

stdout | daemon/session/DaemonSessionProvider.test.tsx > DaemonSessionProvider > does NOT stop reconnect on session_closed with reason "last_client_detached"
[DaemonSessionProvider] SSE stream ended

stdout | daemon/session/DaemonSessionProvider.test.tsx > DaemonSessionProvider > does NOT stop reconnect on session_closed with reason "last_client_detached"
[DaemonSessionProvider] SSE stream ended

stdout | daemon/session/DaemonSessionProvider.test.tsx > DaemonSessionProvider > does NOT stop reconnect on session_closed with reason "last_client_detached"
[DaemonSessionProvider] SSE stream ended

stdout | daemon/session/DaemonSessionProvider.test.tsx > DaemonSessionProvider > does NOT stop reconnect on session_closed with reason "last_client_detached"
[DaemonSessionProvider] SSE stream ended

stdout | daemon/session/DaemonSessionProvider.test.tsx > DaemonSessionProvider > does NOT stop reconnect on session_closed with reason "last_client_detached"
[DaemonSessionProvider] SSE stream ended

stdout | daemon/session/DaemonSessionProvider.test.tsx > DaemonSessionProvider > does NOT stop reconnect on session_closed with reason "last_client_detached"
[DaemonSessionProvider] SSE stream ended

stdout | daemon/session/DaemonSessionProvider.test.tsx > DaemonSessionProvider > does NOT stop reconnect on session_closed with reason "last_client_detached"
[DaemonSessionProvider] SSE stream ended

stdout | daemon/session/DaemonSessionProvider.test.tsx > DaemonSessionProvider > does NOT stop reconnect on session_closed with reason "last_client_detached"
[DaemonSessionProvider] SSE stream ended

stdout | daemon/session/DaemonSessionProvider.test.tsx > DaemonSessionProvider > does NOT stop reconnect on session_closed with reason "last_client_detached"
[DaemonSessionProvider] SSE stream ended

stdout | daemon/session/DaemonSessionProvider.test.tsx > DaemonSessionProvider > does NOT stop reconnect on session_closed with reason "last_client_detached"
[DaemonSessionProvider] SSE stream ended

stdout | daemon/session/DaemonSessionProvider.test.tsx > DaemonSessionProvider > does NOT stop reconnect on session_closed with reason "last_client_detached"
[DaemonSessionProvider] SSE stream ended

stdout | daemon/session/DaemonSessionProvider.test.tsx > DaemonSessionProvider > does NOT stop reconnect on session_closed with reason "last_client_detached"
[DaemonSessionProvider] SSE stream ended

stdout | daemon/session/DaemonSessionProvider.test.tsx > DaemonSessionProvider > does NOT stop reconnect on session_closed with reason "last_client_detached"
[DaemonSessionProvider] SSE stream ended

stdout | daemon/session/DaemonSessionProvider.test.tsx > DaemonSessionProvider > does NOT stop reconnect on session_closed with reason "last_client_detached"
[DaemonSessionProvider] SSE stream ended

stdout | daemon/session/DaemonSessionProvider.test.tsx > DaemonSessionProvider > does NOT stop reconnect on session_closed with reason "last_client_detached"
[DaemonSessionProvider] SSE stream ended

stdout | daemon/session/DaemonSessionProvider.test.tsx > DaemonSessionProvider > does NOT stop reconnect on session_closed with reason "last_client_detached"
[DaemonSessionProvider] SSE stream ended

stdout | daemon/session/DaemonSessionProvider.test.tsx > DaemonSessionProvider > does NOT stop reconnect on session_closed with reason "last_client_detached"
[DaemonSessionProvider] SSE stream ended

stdout | daemon/session/DaemonSessionProvider.test.tsx > DaemonSessionProvider > does NOT stop reconnect on session_closed with reason "last_client_detached"
[DaemonSessionProvider] SSE stream ended

stdout | daemon/session/DaemonSessionProvider.test.tsx > DaemonSessionProvider > does NOT stop reconnect on session_closed with reason "last_client_detached"
[DaemonSessionProvider] SSE stream ended

stdout | daemon/session/DaemonSessionProvider.test.tsx > DaemonSessionProvider > does NOT stop reconnect on session_closed without reason field
[DaemonSessionProvider] SSE stream ended

stdout | daemon/session/DaemonSessionProvider.test.tsx > DaemonSessionProvider > does NOT stop reconnect on session_closed without reason field
[DaemonSessionProvider] SSE stream ended

stdout | daemon/session/DaemonSessionProvider.test.tsx > DaemonSessionProvider > does NOT stop reconnect on session_closed without reason field
[DaemonSessionProvider] SSE stream ended

stdout | daemon/session/DaemonSessionProvider.test.tsx > DaemonSessionProvider > does NOT stop reconnect on session_closed without reason field
[DaemonSessionProvider] SSE stream ended

stdout | daemon/session/DaemonSessionProvider.test.tsx > DaemonSessionProvider > does NOT stop reconnect on session_closed without reason field
[DaemonSessionProvider] SSE stream ended

stdout | daemon/session/DaemonSessionProvider.test.tsx > DaemonSessionProvider > does NOT stop reconnect on session_closed without reason field
[DaemonSessionProvider] SSE stream ended

stdout | daemon/session/DaemonSessionProvider.test.tsx > DaemonSessionProvider > does NOT stop reconnect on session_closed without reason field
[DaemonSessionProvider] SSE stream ended

stdout | daemon/session/DaemonSessionProvider.test.tsx > DaemonSessionProvider > does NOT stop reconnect on session_closed without reason field
[DaemonSessionProvider] SSE stream ended

stdout | daemon/session/DaemonSessionProvider.test.tsx > DaemonSessionProvider > does NOT stop reconnect on session_closed without reason field
[DaemonSessionProvider] SSE stream ended

stdout | daemon/session/DaemonSessionProvider.test.tsx > DaemonSessionProvider > does NOT stop reconnect on session_closed without reason field
[DaemonSessionProvider] SSE stream ended

stdout | daemon/session/DaemonSessionProvider.test.tsx > DaemonSessionProvider > does NOT stop reconnect on session_closed without reason field
[DaemonSessionProvider] SSE stream ended

stdout | daemon/session/DaemonSessionProvider.test.tsx > DaemonSessionProvider > does NOT stop reconnect on session_closed without reason field
[DaemonSessionProvider] SSE stream ended

stdout | daemon/session/DaemonSessionProvider.test.tsx > DaemonSessionProvider > does NOT stop reconnect on session_closed without reason field
[DaemonSessionProvider] SSE stream ended

stdout | daemon/session/DaemonSessionProvider.test.tsx > DaemonSessionProvider > does NOT stop reconnect on session_closed without reason field
[DaemonSessionProvider] SSE stream ended

stdout | daemon/session/DaemonSessionProvider.test.tsx > DaemonSessionProvider > does NOT stop reconnect on session_closed without reason field
[DaemonSessionProvider] SSE stream ended

stdout | daemon/session/DaemonSessionProvider.test.tsx > DaemonSessionProvider > does NOT stop reconnect on session_closed without reason field
[DaemonSessionProvider] SSE stream ended

stdout | daemon/session/DaemonSessionProvider.test.tsx > DaemonSessionProvider > does NOT stop reconnect on session_closed without reason field
[DaemonSessionProvider] SSE stream ended

stdout | daemon/session/DaemonSessionProvider.test.tsx > DaemonSessionProvider > does NOT stop reconnect on session_closed without reason field
[DaemonSessionProvider] SSE stream ended

stdout | daemon/session/DaemonSessionProvider.test.tsx > DaemonSessionProvider > does NOT stop reconnect on session_closed without reason field
[DaemonSessionProvider] SSE stream ended

stdout | daemon/session/DaemonSessionProvider.test.tsx > DaemonSessionProvider > does NOT stop reconnect on session_closed without reason field
[DaemonSessionProvider] SSE stream ended

stdout | daemon/session/DaemonSessionProvider.test.tsx > DaemonSessionProvider > does NOT stop reconnect on session_closed without reason field
[DaemonSessionProvider] SSE stream ended

stdout | daemon/session/DaemonSessionProvider.test.tsx > DaemonSessionProvider > does NOT stop reconnect on session_closed without reason field
[DaemonSessionProvider] SSE stream ended

stdout | daemon/session/DaemonSessionProvider.test.tsx > DaemonSessionProvider > does NOT stop reconnect on session_closed without reason field
[DaemonSessionProvider] SSE stream ended

stdout | daemon/session/DaemonSessionProvider.test.tsx > DaemonSessionProvider > does NOT stop reconnect on session_closed without reason field
[DaemonSessionProvider] SSE stream ended

stdout | daemon/session/DaemonSessionProvider.test.tsx > DaemonSessionProvider > does NOT stop reconnect on session_closed without reason field
[DaemonSessionProvider] SSE stream ended

stdout | daemon/session/DaemonSessionProvider.test.tsx > DaemonSessionProvider > does NOT stop reconnect on session_closed without reason field
[DaemonSessionProvider] SSE stream ended

stdout | daemon/session/DaemonSessionProvider.test.tsx > DaemonSessionProvider > does NOT stop reconnect on session_closed without reason field
[DaemonSessionProvider] SSE stream ended

stdout | daemon/session/DaemonSessionProvider.test.tsx > DaemonSessionProvider > does NOT stop reconnect on session_closed without reason field
[DaemonSessionProvider] SSE stream ended

stdout | daemon/session/DaemonSessionProvider.test.tsx > DaemonSessionProvider > does NOT stop reconnect on session_closed without reason field
[DaemonSessionProvider] SSE stream ended

stdout | daemon/session/DaemonSessionProvider.test.tsx > DaemonSessionProvider > does NOT stop reconnect on session_closed without reason field
[DaemonSessionProvider] SSE stream ended

stdout | daemon/session/DaemonSessionProvider.test.tsx > DaemonSessionProvider > does NOT stop reconnect on session_closed without reason field
[DaemonSessionProvider] SSE stream ended

stdout | daemon/session/DaemonSessionProvider.test.tsx > DaemonSessionProvider > does NOT stop reconnect on session_closed without reason field
[DaemonSessionProvider] SSE stream ended

stdout | daemon/session/DaemonSessionProvider.test.tsx > DaemonSessionProvider > does NOT stop reconnect on session_closed without reason field
[DaemonSessionProvider] SSE stream ended

stdout | daemon/session/DaemonSessionProvider.test.tsx > DaemonSessionProvider > routes stream_error to notices with connection category
[DaemonSessionProvider] SSE stream ended

stdout | daemon/session/DaemonSessionProvider.test.tsx > DaemonSessionProvider > routes model_switch_failed to notices with user_action category
[DaemonSessionProvider] SSE stream ended

stdout | daemon/session/DaemonSessionProvider.test.tsx > DaemonSessionProvider > keeps turn_error in transcript instead of routing to notices
[DaemonSessionProvider] SSE stream ended

stdout | daemon/session/DaemonSessionProvider.test.tsx > DaemonSessionProvider > routes client_evicted to notices with connection category
[DaemonSessionProvider] SSE stream ended

stderr | components/sidebar/WebShellSidebar.workspace-removal.test.tsx > WebShellSidebar workspace removal > keeps the action wrapper visible while its menu is open
An update to WorkspaceSection inside a test was not wrapped in act(...).

When testing, code that causes React state updates should be wrapped into act(...):

act(() => {
  /* fire events that update state */
});
/* assert on the output */

This ensures that you're testing the behavior the user would see in the browser. Learn more at https://react.dev/link/wrap-tests-with-act
An update to WorkspaceSection inside a test was not wrapped in act(...).

When testing, code that causes React state updates should be wrapped into act(...):

act(() => {
  /* fire events that update state */
});
/* assert on the output */

This ensures that you're testing the behavior the user would see in the browser. Learn more at https://react.dev/link/wrap-tests-with-act

stderr | components/artifacts/ArtifactPanel.test.tsx > ArtifactPanel monitor tab > stays stopped when the post-cancel refresh fails
[web-shell] failed to refresh stopped monitor: Error: refresh failed
    at /root/git/pr11412/packages/web-shell/client/components/artifacts/ArtifactPanel.test.tsx:2425:44
    at file:///root/git/pr11412/node_modules/@vitest/runner/dist/chunk-hooks.js:155:11
    at file:///root/git/pr11412/node_modules/@vitest/runner/dist/chunk-hooks.js:752:26
    at file:///root/git/pr11412/node_modules/@vitest/runner/dist/chunk-hooks.js:1897:20
    at new Promise (<anonymous>)
    at runWithTimeout (file:///root/git/pr11412/node_modules/@vitest/runner/dist/chunk-hooks.js:1863:10)
    at runTest (file:///root/git/pr11412/node_modules/@vitest/runner/dist/chunk-hooks.js:1574:12)
    at runSuite (file:///root/git/pr11412/node_modules/@vitest/runner/dist/chunk-hooks.js:1729:8)
    at runSuite (file:///root/git/pr11412/node_modules/@vitest/runner/dist/chunk-hooks.js:1729:8)
    at runFiles (file:///root/git/pr11412/node_modules/@vitest/runner/dist/chunk-hooks.js:1787:3)

stderr | components/artifacts/ArtifactPanel.test.tsx > ArtifactPanel monitor tab > shows a cancel error when the stop request throws
[web-shell] failed to cancel monitor: Error: network
    at /root/git/pr11412/packages/web-shell/client/components/artifacts/ArtifactPanel.test.tsx:2596:46
    at file:///root/git/pr11412/node_modules/@vitest/runner/dist/chunk-hooks.js:155:11
    at file:///root/git/pr11412/node_modules/@vitest/runner/dist/chunk-hooks.js:752:26
    at file:///root/git/pr11412/node_modules/@vitest/runner/dist/chunk-hooks.js:1897:20
    at new Promise (<anonymous>)
    at runWithTimeout (file:///root/git/pr11412/node_modules/@vitest/runner/dist/chunk-hooks.js:1863:10)
    at runTest (file:///root/git/pr11412/node_modules/@vitest/runner/dist/chunk-hooks.js:1574:12)
    at runSuite (file:///root/git/pr11412/node_modules/@vitest/runner/dist/chunk-hooks.js:1729:8)
    at runSuite (file:///root/git/pr11412/node_modules/@vitest/runner/dist/chunk-hooks.js:1729:8)
    at runFiles (file:///root/git/pr11412/node_modules/@vitest/runner/dist/chunk-hooks.js:1787:3)

 ✓ components/ChatEditor.test.tsx (120 tests) 5704ms
 ✓ components/artifacts/ArtifactPanel.test.tsx (64 tests) 1548ms
 ✓ components/messages/EnhancedMarkdownTable.test.tsx (130 tests) 7051ms
   ✓ EnhancedMarkdownTable > applies text filter operators and reset  579ms
 ✓ components/TranscriptViewport.scroll.test.tsx (10 tests) 1140ms
 ✓ components/GlobalTurnNavigation.test.tsx (11 tests) 1508ms
 ✓ components/channels/ChannelsManagerPage.test.tsx (18 tests) 1797ms
   ✓ ChannelsManagerPage > keeps a newer workspace selection when a dismissed save finishes  334ms
 ✓ components/SessionOverviewPanel.test.tsx (97 tests) 7447ms
   ✓ SessionOverviewPanel > selects every session across pages like the old overview  493ms
   ✓ SessionOverviewPanel > filters rows by workspace via the multi-select panel  310ms
 ✓ daemon/session/DaemonSessionProvider.test.tsx (313 tests) 7508ms
   ✓ DaemonSessionProvider > keeps restored active prompts streaming after resync requests  1005ms
   ✓ DaemonSessionProvider > reloads stale transcript after epoch-reset resync  1103ms
   ✓ DaemonSessionProvider > surfaces capacity and re-anchors when the rebuild trims on the byte budget  316ms
 ✓ components/channels/ChannelPairingRequests.test.tsx (26 tests) 842ms
 ✓ components/messages/AskUserQuestion.test.tsx (70 tests) 981ms
stderr | components/sidebar/WebShellSidebar.workspace-removal.test.tsx > WebShellSidebar workspace removal > offers rename on registration-backed rows only
An update to WorkspaceSection inside a test was not wrapped in act(...).

When testing, code that causes React state updates should be wrapped into act(...):

act(() => {
  /* fire events that update state */
});
/* assert on the output */

This ensures that you're testing the behavior the user would see in the browser. Learn more at https://react.dev/link/wrap-tests-with-act
An update to WorkspaceSection inside a test was not wrapped in act(...).

When testing, code that causes React state updates should be wrapped into act(...):

act(() => {
  /* fire events that update state */
});
/* assert on the output */

This ensures that you're testing the behavior the user would see in the browser. Learn more at https://react.dev/link/wrap-tests-with-act

stderr | hooks/useQueuedPrompts.midTurnReconcile.test.tsx > useQueuedPrompts mid-turn reconciliation (session_mid_turn_message_query) > removes a cross-client started prompt when its refresh fails
Failed to refresh pending prompts Error: pending refresh failed
    at /root/git/pr11412/packages/web-shell/client/hooks/useQueuedPrompts.midTurnReconcile.test.tsx:388:9
    at file:///root/git/pr11412/node_modules/@vitest/runner/dist/chunk-hooks.js:752:20

stderr | components/dialogs/GitDialog.test.tsx > GitDialog > binds the created PR to the current session
[GitDialog] PR generation failed: TypeError: Cannot read properties of undefined (reading 'answer')
    at /root/git/pr11412/packages/web-shell/client/components/dialogs/GitDialog.tsx:475:26

stderr | hooks/useQueuedPrompts.midTurnReconcile.test.tsx > useQueuedPrompts mid-turn reconciliation (session_mid_turn_message_query) > does not resend when a capable daemon reconciliation is unavailable
Failed to refresh mid-turn messages Error: reconciliation unavailable
    at /root/git/pr11412/packages/web-shell/client/hooks/useQueuedPrompts.midTurnReconcile.test.tsx:1101:7
    at file:///root/git/pr11412/node_modules/@vitest/runner/dist/chunk-hooks.js:155:11
    at file:///root/git/pr11412/node_modules/@vitest/runner/dist/chunk-hooks.js:752:26
    at file:///root/git/pr11412/node_modules/@vitest/runner/dist/chunk-hooks.js:1897:20
    at new Promise (<anonymous>)
    at runWithTimeout (file:///root/git/pr11412/node_modules/@vitest/runner/dist/chunk-hooks.js:1863:10)
    at runTest (file:///root/git/pr11412/node_modules/@vitest/runner/dist/chunk-hooks.js:1574:12)
    at runSuite (file:///root/git/pr11412/node_modules/@vitest/runner/dist/chunk-hooks.js:1729:8)
    at runSuite (file:///root/git/pr11412/node_modules/@vitest/runner/dist/chunk-hooks.js:1729:8)
    at runFiles (file:///root/git/pr11412/node_modules/@vitest/runner/dist/chunk-hooks.js:1787:3)

stderr | hooks/useQueuedPrompts.midTurnReconcile.test.tsx > useQueuedPrompts mid-turn reconciliation (session_mid_turn_message_query) > does not resend when a capable daemon reconciliation is unavailable
Failed to refresh mid-turn messages Error: reconciliation unavailable
    at /root/git/pr11412/packages/web-shell/client/hooks/useQueuedPrompts.midTurnReconcile.test.tsx:1101:7
    at file:///root/git/pr11412/node_modules/@vitest/runner/dist/chunk-hooks.js:155:11
    at file:///root/git/pr11412/node_modules/@vitest/runner/dist/chunk-hooks.js:752:26
    at file:///root/git/pr11412/node_modules/@vitest/runner/dist/chunk-hooks.js:1897:20
    at new Promise (<anonymous>)
    at runWithTimeout (file:///root/git/pr11412/node_modules/@vitest/runner/dist/chunk-hooks.js:1863:10)
    at runTest (file:///root/git/pr11412/node_modules/@vitest/runner/dist/chunk-hooks.js:1574:12)
    at runSuite (file:///root/git/pr11412/node_modules/@vitest/runner/dist/chunk-hooks.js:1729:8)
    at runSuite (file:///root/git/pr11412/node_modules/@vitest/runner/dist/chunk-hooks.js:1729:8)
    at runFiles (file:///root/git/pr11412/node_modules/@vitest/runner/dist/chunk-hooks.js:1787:3)

stderr | hooks/useQueuedPrompts.midTurnReconcile.test.tsx > useQueuedPrompts mid-turn reconciliation (session_mid_turn_message_query) > does not resend when a capable daemon reconciliation is unavailable
Failed to refresh mid-turn messages Error: reconciliation unavailable
    at /root/git/pr11412/packages/web-shell/client/hooks/useQueuedPrompts.midTurnReconcile.test.tsx:1101:7
    at file:///root/git/pr11412/node_modules/@vitest/runner/dist/chunk-hooks.js:155:11
    at file:///root/git/pr11412/node_modules/@vitest/runner/dist/chunk-hooks.js:752:26
    at file:///root/git/pr11412/node_modules/@vitest/runner/dist/chunk-hooks.js:1897:20
    at new Promise (<anonymous>)
    at runWithTimeout (file:///root/git/pr11412/node_modules/@vitest/runner/dist/chunk-hooks.js:1863:10)
    at runTest (file:///root/git/pr11412/node_modules/@vitest/runner/dist/chunk-hooks.js:1574:12)
    at runSuite (file:///root/git/pr11412/node_modules/@vitest/runner/dist/chunk-hooks.js:1729:8)
    at runSuite (file:///root/git/pr11412/node_modules/@vitest/runner/dist/chunk-hooks.js:1729:8)
    at runFiles (file:///root/git/pr11412/node_modules/@vitest/runner/dist/chunk-hooks.js:1787:3)

stderr | components/dialogs/GitDialog.test.tsx > GitDialog > keeps the PR-creation success when the session binding fails
[GitDialog] PR generation failed: TypeError: Cannot read properties of undefined (reading 'answer')
    at /root/git/pr11412/packages/web-shell/client/components/dialogs/GitDialog.tsx:475:26

 ✓ components/workspaces/WorkspacesOverviewPanel.test.tsx (18 tests) 912ms
stderr | hooks/useQueuedPrompts.midTurnReconcile.test.tsx > useQueuedPrompts mid-turn reconciliation (session_mid_turn_message_query) > drops the local row when admission and reconciliation both fail
Failed to refresh mid-turn messages Error: reconciliation unavailable
    at /root/git/pr11412/packages/web-shell/client/hooks/useQueuedPrompts.midTurnReconcile.test.tsx:1461:7
    at file:///root/git/pr11412/node_modules/@vitest/runner/dist/chunk-hooks.js:155:11
    at file:///root/git/pr11412/node_modules/@vitest/runner/dist/chunk-hooks.js:752:26
    at file:///root/git/pr11412/node_modules/@vitest/runner/dist/chunk-hooks.js:1897:20
    at new Promise (<anonymous>)
    at runWithTimeout (file:///root/git/pr11412/node_modules/@vitest/runner/dist/chunk-hooks.js:1863:10)
    at runTest (file:///root/git/pr11412/node_modules/@vitest/runner/dist/chunk-hooks.js:1574:12)
    at runSuite (file:///root/git/pr11412/node_modules/@vitest/runner/dist/chunk-hooks.js:1729:8)
    at runSuite (file:///root/git/pr11412/node_modules/@vitest/runner/dist/chunk-hooks.js:1729:8)
    at runFiles (file:///root/git/pr11412/node_modules/@vitest/runner/dist/chunk-hooks.js:1787:3)

stderr | hooks/useQueuedPrompts.midTurnReconcile.test.tsx > useQueuedPrompts mid-turn reconciliation (session_mid_turn_message_query) > drops the local row when admission and reconciliation both fail
Failed to refresh mid-turn messages Error: reconciliation unavailable
    at /root/git/pr11412/packages/web-shell/client/hooks/useQueuedPrompts.midTurnReconcile.test.tsx:1461:7
    at file:///root/git/pr11412/node_modules/@vitest/runner/dist/chunk-hooks.js:155:11
    at file:///root/git/pr11412/node_modules/@vitest/runner/dist/chunk-hooks.js:752:26
    at file:///root/git/pr11412/node_modules/@vitest/runner/dist/chunk-hooks.js:1897:20
    at new Promise (<anonymous>)
    at runWithTimeout (file:///root/git/pr11412/node_modules/@vitest/runner/dist/chunk-hooks.js:1863:10)
    at runTest (file:///root/git/pr11412/node_modules/@vitest/runner/dist/chunk-hooks.js:1574:12)
    at runSuite (file:///root/git/pr11412/node_modules/@vitest/runner/dist/chunk-hooks.js:1729:8)
    at runSuite (file:///root/git/pr11412/node_modules/@vitest/runner/dist/chunk-hooks.js:1729:8)
    at runFiles (file:///root/git/pr11412/node_modules/@vitest/runner/dist/chunk-hooks.js:1787:3)

stderr | hooks/useQueuedPrompts.midTurnReconcile.test.tsx > useQueuedPrompts mid-turn reconciliation (session_mid_turn_message_query) > keeps a promoted row visible when pending-prompt refresh fails
Failed to refresh pending prompts Error: pending snapshot unavailable
    at /root/git/pr11412/packages/web-shell/client/hooks/useQueuedPrompts.midTurnReconcile.test.tsx:1673:9
    at file:///root/git/pr11412/node_modules/@vitest/runner/dist/chunk-hooks.js:752:20

 ✓ components/dialogs/GitDialog.test.tsx (16 tests) 1014ms
 ✓ components/BranchPickerPopover.test.tsx (52 tests) 976ms
 ✓ components/dialogs/UsageDashboardTab.test.tsx (8 tests) 382ms
stderr | components/sidebar/WebShellSidebar.workspace-removal.test.tsx > WebShellSidebar workspace removal > keeps plain folder headers when the overview is switched off
An update to WorkspaceSection inside a test was not wrapped in act(...).

When testing, code that causes React state updates should be wrapped into act(...):

act(() => {
  /* fire events that update state */
});
/* assert on the output */

This ensures that you're testing the behavior the user would see in the browser. Learn more at https://react.dev/link/wrap-tests-with-act
An update to WorkspaceSection inside a test was not wrapped in act(...).

When testing, code that causes React state updates should be wrapped into act(...):

act(() => {
  /* fire events that update state */
});
/* assert on the output */

This ensures that you're testing the behavior the user would see in the browser. Learn more at https://react.dev/link/wrap-tests-with-act

stderr | hooks/useQueuedPrompts.midTurnReconcile.test.tsx > useQueuedPrompts mid-turn reconciliation (session_mid_turn_message_query) > keeps promoted media available when the pending-prompt refresh fails
Failed to refresh pending prompts Error: pending snapshot unavailable
    at /root/git/pr11412/packages/web-shell/client/hooks/useQueuedPrompts.midTurnReconcile.test.tsx:3810:9
    at file:///root/git/pr11412/node_modules/@vitest/runner/dist/chunk-hooks.js:752:20

stderr | components/workflows/WorkflowRunsPage.test.tsx > WorkflowRunsPage > drops the previous session's load failure when the session changes
[web-shell] failed to load workflow runs: Error: boom
    at /root/git/pr11412/packages/web-shell/client/components/workflows/WorkflowRunsPage.test.tsx:253:48
    at file:///root/git/pr11412/node_modules/@vitest/runner/dist/chunk-hooks.js:155:11
    at file:///root/git/pr11412/node_modules/@vitest/runner/dist/chunk-hooks.js:752:26
    at file:///root/git/pr11412/node_modules/@vitest/runner/dist/chunk-hooks.js:1897:20
    at new Promise (<anonymous>)
    at runWithTimeout (file:///root/git/pr11412/node_modules/@vitest/runner/dist/chunk-hooks.js:1863:10)
    at runTest (file:///root/git/pr11412/node_modules/@vitest/runner/dist/chunk-hooks.js:1574:12)
    at runSuite (file:///root/git/pr11412/node_modules/@vitest/runner/dist/chunk-hooks.js:1729:8)
    at runSuite (file:///root/git/pr11412/node_modules/@vitest/runner/dist/chunk-hooks.js:1729:8)
    at runFiles (file:///root/git/pr11412/node_modules/@vitest/runner/dist/chunk-hooks.js:1787:3)

 ✓ components/messages/WorkflowExecutionView.test.tsx (13 tests) 837ms
   ✓ WorkflowExecutionView > keeps a large workflow graph bounded and reports omitted content  550ms
 ✓ hooks/useQueuedPrompts.midTurnReconcile.test.tsx (103 tests) 572ms
stderr | components/sidebar/WebShellSidebar.workspace-removal.test.tsx > WebShellSidebar workspace removal > opens management pages for the primary workspace only
An update to WorkspaceSection inside a test was not wrapped in act(...).

When testing, code that causes React state updates should be wrapped into act(...):

act(() => {
  /* fire events that update state */
});
/* assert on the output */

This ensures that you're testing the behavior the user would see in the browser. Learn more at https://react.dev/link/wrap-tests-with-act
An update to WorkspaceSection inside a test was not wrapped in act(...).

When testing, code that causes React state updates should be wrapped into act(...):

act(() => {
  /* fire events that update state */
});
/* assert on the output */

This ensures that you're testing the behavior the user would see in the browser. Learn more at https://react.dev/link/wrap-tests-with-act

stderr | components/dialogs/DaemonStatusDialog.test.tsx > DaemonStatusDialog > moves between tabs with arrow / Home / End keys (roving tabindex)
Error: [vitest] No "useUsageDashboard" export is defined on the "@qwen-code/web-shell/daemon-react-sdk" mock. Did you forget to return it from "vi.mock"?
If you need to partially mock a module, you can use "importOriginal" helper inside:

    at VitestMocker.createError (file:///root/git/pr11412/node_modules/vitest/dist/chunks/execute.B7h3T_Hc.js:284:17)
    at Object.get (file:///root/git/pr11412/node_modules/vitest/dist/chunks/execute.B7h3T_Hc.js:330:16)
    at UsageDashboardTab (/root/git/pr11412/packages/web-shell/client/components/dialogs/UsageDashboardTab.tsx:202:49)
    at Object.react_stack_bottom_frame (/root/git/pr11412/node_modules/react-dom/cjs/react-dom-client.development.js:25904:20)
    at renderWithHooks (/root/git/pr11412/node_modules/react-dom/cjs/react-dom-client.development.js:7662:22)
    at updateFunctionComponent (/root/git/pr11412/node_modules/react-dom/cjs/react-dom-client.development.js:10166:19)
    at beginWork (/root/git/pr11412/node_modules/react-dom/cjs/react-dom-client.development.js:11778:18)
    at runWithFiberInDEV (/root/git/pr11412/node_modules/react-dom/cjs/react-dom-client.development.js:874:13)
    at performUnitOfWork (/root/git/pr11412/node_modules/react-dom/cjs/react-dom-client.development.js:17641:22)
    at workLoopSync (/root/git/pr11412/node_modules/react-dom/cjs/react-dom-client.development.js:17469:41) {
  [stack]: [Getter/Setter],
  [message]: '[vitest] No "useUsageDashboard" export is defined on the "@qwen-code/web-shell/daemon-react-sdk" mock. Did you forget to return it from "vi.mock"?\n' +
    'If you need to partially mock a module, you can use "importOriginal" helper inside:\n',
  codeFrame: 'vi.mock(import("@qwen-code/web-shell/daemon-react-sdk"), async (importOriginal) => {\n' +
    '  const actual = await importOriginal()\n' +
    '  return {\n' +
    '    ...actual,\n' +
    '    // your mocked methods\n' +
    '  }\n' +
    '})'
}

The above error occurred in the <UsageDashboardTab> component.

React will try to recreate this component tree from scratch using the error boundary you provided, ErrorBoundary.

[web-shell] daemon-usage failed: Error: [vitest] No "useUsageDashboard" export is defined on the "@qwen-code/web-shell/daemon-react-sdk" mock. Did you forget to return it from "vi.mock"?
If you need to partially mock a module, you can use "importOriginal" helper inside:

    at VitestMocker.createError (file:///root/git/pr11412/node_modules/vitest/dist/chunks/execute.B7h3T_Hc.js:284:17)
    at Object.get (file:///root/git/pr11412/node_modules/vitest/dist/chunks/execute.B7h3T_Hc.js:330:16)
    at UsageDashboardTab (/root/git/pr11412/packages/web-shell/client/components/dialogs/UsageDashboardTab.tsx:202:49)
    at Object.react_stack_bottom_frame (/root/git/pr11412/node_modules/react-dom/cjs/react-dom-client.development.js:25904:20)
    at renderWithHooks (/root/git/pr11412/node_modules/react-dom/cjs/react-dom-client.development.js:7662:22)
    at updateFunctionComponent (/root/git/pr11412/node_modules/react-dom/cjs/react-dom-client.development.js:10166:19)
    at beginWork (/root/git/pr11412/node_modules/react-dom/cjs/react-dom-client.development.js:11778:18)
    at runWithFiberInDEV (/root/git/pr11412/node_modules/react-dom/cjs/react-dom-client.development.js:874:13)
    at performUnitOfWork (/root/git/pr11412/node_modules/react-dom/cjs/react-dom-client.development.js:17641:22)
    at workLoopSync (/root/git/pr11412/node_modules/react-dom/cjs/react-dom-client.development.js:17469:41) {
  codeFrame: 'vi.mock(import("@qwen-code/web-shell/daemon-react-sdk"), async (importOriginal) => {\n' +
    '  const actual = await importOriginal()\n' +
    '  return {\n' +
    '    ...actual,\n' +
    '    // your mocked methods\n' +
    '  }\n' +
    '})'
} 
    at UsageDashboardTab (/root/git/pr11412/packages/web-shell/client/components/dialogs/UsageDashboardTab.tsx:274:60)
    at ErrorBoundary (/root/git/pr11412/packages/web-shell/client/components/ErrorBoundary.tsx:11:1)
    at div (<anonymous>)
    at div (<anonymous>)
    at DaemonStatusDialogInner (/root/git/pr11412/packages/web-shell/client/components/dialogs/DaemonStatusDialog.tsx:649:50)
    at ErrorBoundary (/root/git/pr11412/packages/web-shell/client/components/ErrorBoundary.tsx:11:1)
    at DaemonStatusDialog (/root/git/pr11412/packages/web-shell/client/components/dialogs/DaemonStatusDialog.tsx:1540:50)
    at I18nProvider (/root/git/pr11412/packages/web-shell/client/i18n.tsx:6203:3)

 ✓ components/workflows/WorkflowRunsPage.test.tsx (14 tests) 1032ms
 ✓ components/dialogs/DaemonStatusDialog.test.tsx (36 tests) 912ms
 ✓ components/messages/SettingsMessage.dom.test.tsx (15 tests) 704ms
 ✓ components/WebShellTranscript.dom.test.tsx (9 tests) 347ms
stderr | components/SplitView.test.tsx > SplitView > stops reporting a crashed pane even though its slot remains
Error: pane exploded
    at ChatPane (/root/git/pr11412/packages/web-shell/client/components/SplitView.test.tsx:105:39)
    at Object.react_stack_bottom_frame (/root/git/pr11412/node_modules/react-dom/cjs/react-dom-client.development.js:25904:20)
    at renderWithHooks (/root/git/pr11412/node_modules/react-dom/cjs/react-dom-client.development.js:7662:22)
    at updateFunctionComponent (/root/git/pr11412/node_modules/react-dom/cjs/react-dom-client.development.js:10166:19)
    at beginWork (/root/git/pr11412/node_modules/react-dom/cjs/react-dom-client.development.js:11778:18)
    at runWithFiberInDEV (/root/git/pr11412/node_modules/react-dom/cjs/react-dom-client.development.js:874:13)
    at performUnitOfWork (/root/git/pr11412/node_modules/react-dom/cjs/react-dom-client.development.js:17641:22)
    at workLoopSync (/root/git/pr11412/node_modules/react-dom/cjs/react-dom-client.development.js:17469:41)
    at renderRootSync (/root/git/pr11412/node_modules/react-dom/cjs/react-dom-client.development.js:17450:11)
    at performWorkOnRoot (/root/git/pr11412/node_modules/react-dom/cjs/react-dom-client.development.js:16583:35) {
  [stack]: [Getter/Setter],
  [message]: 'pane exploded'
}

The above error occurred in the <ChatPane> component.

React will try to recreate this component tree from scratch using the error boundary you provided, ErrorBoundary.

[web-shell] split-pane:s1 failed: Error: pane exploded
    at ChatPane (/root/git/pr11412/packages/web-shell/client/components/SplitView.test.tsx:105:39)
    at Object.react_stack_bottom_frame (/root/git/pr11412/node_modules/react-dom/cjs/react-dom-client.development.js:25904:20)
    at renderWithHooks (/root/git/pr11412/node_modules/react-dom/cjs/react-dom-client.development.js:7662:22)
    at updateFunctionComponent (/root/git/pr11412/node_modules/react-dom/cjs/react-dom-client.development.js:10166:19)
    at beginWork (/root/git/pr11412/node_modules/react-dom/cjs/react-dom-client.development.js:11778:18)
    at runWithFiberInDEV (/root/git/pr11412/node_modules/react-dom/cjs/react-dom-client.development.js:874:13)
    at performUnitOfWork (/root/git/pr11412/node_modules/react-dom/cjs/react-dom-client.development.js:17641:22)
    at workLoopSync (/root/git/pr11412/node_modules/react-dom/cjs/react-dom-client.development.js:17469:41)
    at renderRootSync (/root/git/pr11412/node_modules/react-dom/cjs/react-dom-client.development.js:17450:11)
    at performWorkOnRoot (/root/git/pr11412/node_modules/react-dom/cjs/react-dom-client.development.js:16583:35) 
    at ChatPane (/root/git/pr11412/packages/web-shell/client/components/SplitView.test.tsx:68:39)
    at div (<anonymous>)
    at DaemonSessionProvider (/root/git/pr11412/packages/web-shell/client/components/SplitView.test.tsx:3:120)
    at ErrorBoundary (/root/git/pr11412/packages/web-shell/client/components/ErrorBoundary.tsx:11:1)
    at div (<anonymous>)
    at div (<anonymous>)
    at div (<anonymous>)
    at SplitView (/root/git/pr11412/packages/web-shell/client/components/SplitView.tsx:35:3)
    at I18nProvider (/root/git/pr11412/packages/web-shell/client/i18n.tsx:6203:3)

 ✓ components/dialogs/GoalsDialog.test.tsx (38 tests) 784ms
 ✓ hooks/useComposerCore.mobile.dom.test.tsx (19 tests) 529ms
stderr | components/SplitView.test.tsx > SplitView > isolates a crashing pane so the rest of the split survives
Error: pane exploded
    at ChatPane (/root/git/pr11412/packages/web-shell/client/components/SplitView.test.tsx:105:39)
    at Object.react_stack_bottom_frame (/root/git/pr11412/node_modules/react-dom/cjs/react-dom-client.development.js:25904:20)
    at renderWithHooks (/root/git/pr11412/node_modules/react-dom/cjs/react-dom-client.development.js:7662:22)
    at updateFunctionComponent (/root/git/pr11412/node_modules/react-dom/cjs/react-dom-client.development.js:10166:19)
    at beginWork (/root/git/pr11412/node_modules/react-dom/cjs/react-dom-client.development.js:11778:18)
    at runWithFiberInDEV (/root/git/pr11412/node_modules/react-dom/cjs/react-dom-client.development.js:874:13)
    at performUnitOfWork (/root/git/pr11412/node_modules/react-dom/cjs/react-dom-client.development.js:17641:22)
    at workLoopSync (/root/git/pr11412/node_modules/react-dom/cjs/react-dom-client.development.js:17469:41)
    at renderRootSync (/root/git/pr11412/node_modules/react-dom/cjs/react-dom-client.development.js:17450:11)
    at performWorkOnRoot (/root/git/pr11412/node_modules/react-dom/cjs/react-dom-client.development.js:16583:35) {
  [stack]: [Getter/Setter],
  [message]: 'pane exploded'
}

The above error occurred in the <ChatPane> component.

React will try to recreate this component tree from scratch using the error boundary you provided, ErrorBoundary.

[web-shell] split-pane:s1 failed: Error: pane exploded
    at ChatPane (/root/git/pr11412/packages/web-shell/client/components/SplitView.test.tsx:105:39)
    at Object.react_stack_bottom_frame (/root/git/pr11412/node_modules/react-dom/cjs/react-dom-client.development.js:25904:20)
    at renderWithHooks (/root/git/pr11412/node_modules/react-dom/cjs/react-dom-client.development.js:7662:22)
    at updateFunctionComponent (/root/git/pr11412/node_modules/react-dom/cjs/react-dom-client.development.js:10166:19)
    at beginWork (/root/git/pr11412/node_modules/react-dom/cjs/react-dom-client.development.js:11778:18)
    at runWithFiberInDEV (/root/git/pr11412/node_modules/react-dom/cjs/react-dom-client.development.js:874:13)
    at performUnitOfWork (/root/git/pr11412/node_modules/react-dom/cjs/react-dom-client.development.js:17641:22)
    at workLoopSync (/root/git/pr11412/node_modules/react-dom/cjs/react-dom-client.development.js:17469:41)
    at renderRootSync (/root/git/pr11412/node_modules/react-dom/cjs/react-dom-client.development.js:17450:11)
    at performWorkOnRoot (/root/git/pr11412/node_modules/react-dom/cjs/react-dom-client.development.js:16583:35) 
    at ChatPane (/root/git/pr11412/packages/web-shell/client/components/SplitView.test.tsx:68:39)
    at div (<anonymous>)
    at DaemonSessionProvider (/root/git/pr11412/packages/web-shell/client/components/SplitView.test.tsx:3:120)
    at ErrorBoundary (/root/git/pr11412/packages/web-shell/client/components/ErrorBoundary.tsx:11:1)
    at div (<anonymous>)
    at div (<anonymous>)
    at div (<anonymous>)
    at SplitView (/root/git/pr11412/packages/web-shell/client/components/SplitView.tsx:35:3)
    at I18nProvider (/root/git/pr11412/packages/web-shell/client/i18n.tsx:6203:3)

 ✓ components/messages/ToolGroup.test.tsx (105 tests) 784ms
 ✓ components/artifacts/CodeReviewArtifactDetail.test.tsx (20 tests) 451ms
 ✓ components/SplitView.test.tsx (54 tests) 801ms
 ✓ components/sidebar/WorkspaceMenu.test.tsx (10 tests) 684ms
 ✓ components/artifacts/TokenUsagePanel.test.tsx (34 tests) 641ms
 ✓ components/PaneHeaderActions.test.tsx (11 tests) 652ms
stderr | components/sidebar/WebShellSidebar.workspace-removal.test.tsx > WebShellSidebar goals entry > renders the Goals footer button and invokes onOpenGoals
An update to WorkspaceSection inside a test was not wrapped in act(...).

When testing, code that causes React state updates should be wrapped into act(...):

act(() => {
  /* fire events that update state */
});
/* assert on the output */

This ensures that you're testing the behavior the user would see in the browser. Learn more at https://react.dev/link/wrap-tests-with-act
An update to WorkspaceSection inside a test was not wrapped in act(...).

When testing, code that causes React state updates should be wrapped into act(...):

act(() => {
  /* fire events that update state */
});
/* assert on the output */

This ensures that you're testing the behavior the user would see in the browser. Learn more at https://react.dev/link/wrap-tests-with-act

stderr | components/sidebar/WebShellSidebar.workspace-removal.test.tsx > WebShellSidebar workflows entry > uses the project or session Workflows capability for draft
An update to WorkspaceSection inside a test was not wrapped in act(...).

When testing, code that causes React state updates should be wrapped into act(...):

act(() => {
  /* fire events that update state */
});
/* assert on the output */

This ensures that you're testing the behavior the user would see in the browser. Learn more at https://react.dev/link/wrap-tests-with-act
An update to WorkspaceSection inside a test was not wrapped in act(...).

When testing, code that causes React state updates should be wrapped into act(...):

act(() => {
  /* fire events that update state */
});
/* assert on the output */

This ensures that you're testing the behavior the user would see in the browser. Learn more at https://react.dev/link/wrap-tests-with-act

stderr | components/sidebar/WebShellSidebar.workspace-removal.test.tsx > WebShellSidebar workflows entry > uses the project or session Workflows capability for standalone
An update to WorkspaceSection inside a test was not wrapped in act(...).

When testing, code that causes React state updates should be wrapped into act(...):

act(() => {
  /* fire events that update state */
});
/* assert on the output */

This ensures that you're testing the behavior the user would see in the browser. Learn more at https://react.dev/link/wrap-tests-with-act
An update to WorkspaceSection inside a test was not wrapped in act(...).

When testing, code that causes React state updates should be wrapped into act(...):

act(() => {
  /* fire events that update state */
});
/* assert on the output */

This ensures that you're testing the behavior the user would see in the browser. Learn more at https://react.dev/link/wrap-tests-with-act

stderr | components/sidebar/WebShellSidebar.workspace-removal.test.tsx > WebShellSidebar workflows entry > uses the project or session Workflows capability for live
An update to WorkspaceSection inside a test was not wrapped in act(...).

When testing, code that causes React state updates should be wrapped into act(...):

act(() => {
  /* fire events that update state */
});
/* assert on the output */

This ensures that you're testing the behavior the user would see in the browser. Learn more at https://react.dev/link/wrap-tests-with-act
An update to WorkspaceSection inside a test was not wrapped in act(...).

When testing, code that causes React state updates should be wrapped into act(...):

act(() => {
  /* fire events that update state */
});
/* assert on the output */

This ensures that you're testing the behavior the user would see in the browser. Learn more at https://react.dev/link/wrap-tests-with-act

stderr | components/sidebar/WebShellSidebar.workspace-removal.test.tsx > WebShellSidebar workflows entry > uses the project or session Workflows capability for workspace
An update to WorkspaceSection inside a test was not wrapped in act(...).

When testing, code that causes React state updates should be wrapped into act(...):

act(() => {
  /* fire events that update state */
});
/* assert on the output */

This ensures that you're testing the behavior the user would see in the browser. Learn more at https://react.dev/link/wrap-tests-with-act
An update to WorkspaceSection inside a test was not wrapped in act(...).

When testing, code that causes React state updates should be wrapped into act(...):

act(() => {
  /* fire events that update state */
});
/* assert on the output */

This ensures that you're testing the behavior the user would see in the browser. Learn more at https://react.dev/link/wrap-tests-with-act

stderr | components/sidebar/WebShellSidebar.workspace-removal.test.tsx > WebShellSidebar workflows entry > uses the project or session Workflows capability for legacy
An update to WorkspaceSection inside a test was not wrapped in act(...).

When testing, code that causes React state updates should be wrapped into act(...):

act(() => {
  /* fire events that update state */
});
/* assert on the output */

This ensures that you're testing the behavior the user would see in the browser. Learn more at https://react.dev/link/wrap-tests-with-act
An update to WorkspaceSection inside a test was not wrapped in act(...).

When testing, code that causes React state updates should be wrapped into act(...):

act(() => {
  /* fire events that update state */
});
/* assert on the output */

This ensures that you're testing the behavior the user would see in the browser. Learn more at https://react.dev/link/wrap-tests-with-act

 ✓ components/TranscriptViewport.pending.test.tsx (8 tests) 721ms
stderr | components/sidebar/WebShellSidebar.workspace-removal.test.tsx > WebShellSidebar workflows entry > hides workflows when the current session has not enabled them
An update to WorkspaceSection inside a test was not wrapped in act(...).

When testing, code that causes React state updates should be wrapped into act(...):

act(() => {
  /* fire events that update state */
});
/* assert on the output */

This ensures that you're testing the behavior the user would see in the browser. Learn more at https://react.dev/link/wrap-tests-with-act
An update to WorkspaceSection inside a test was not wrapped in act(...).

When testing, code that causes React state updates should be wrapped into act(...):

act(() => {
  /* fire events that update state */
});
/* assert on the output */

This ensures that you're testing the behavior the user would see in the browser. Learn more at https://react.dev/link/wrap-tests-with-act

stderr | components/sidebar/WebShellSidebar.workspace-removal.test.tsx > WebShellSidebar primary workspace header > does not tag the primary workspace with a redundant "Primary" badge
An update to WorkspaceSection inside a test was not wrapped in act(...).

When testing, code that causes React state updates should be wrapped into act(...):

act(() => {
  /* fire events that update state */
});
/* assert on the output */

This ensures that you're testing the behavior the user would see in the browser. Learn more at https://react.dev/link/wrap-tests-with-act
An update to WorkspaceSection inside a test was not wrapped in act(...).

When testing, code that causes React state updates should be wrapped into act(...):

act(() => {
  /* fire events that update state */
});
/* assert on the output */

This ensures that you're testing the behavior the user would see in the browser. Learn more at https://react.dev/link/wrap-tests-with-act

stderr | components/sidebar/WebShellSidebar.workspace-removal.test.tsx > WebShellSidebar session source switch > returns to task sessions when the switch is hidden at runtime
An update to WorkspaceSection inside a test was not wrapped in act(...).

When testing, code that causes React state updates should be wrapped into act(...):

act(() => {
  /* fire events that update state */
});
/* assert on the output */

This ensures that you're testing the behavior the user would see in the browser. Learn more at https://react.dev/link/wrap-tests-with-act
An update to WorkspaceSection inside a test was not wrapped in act(...).

When testing, code that causes React state updates should be wrapped into act(...):

act(() => {
  /* fire events that update state */
});
/* assert on the output */

This ensures that you're testing the behavior the user would see in the browser. Learn more at https://react.dev/link/wrap-tests-with-act

 ✓ components/dialogs/GitLogDialog.test.tsx (14 tests) 506ms
 ✓ components/sidebar/WorkspaceRenameDialog.test.tsx (7 tests) 296ms
stderr | components/messages/ToolApproval.test.tsx > ToolApproval accessibility > does not apply approval shortcuts to a focused workflow node
An update to PlanExecutionView inside a test was not wrapped in act(...).

When testing, code that causes React state updates should be wrapped into act(...):

act(() => {
  /* fire events that update state */
});
/* assert on the output */

This ensures that you're testing the behavior the user would see in the browser. Learn more at https://react.dev/link/wrap-tests-with-act

 ✓ components/messages/PlanExecutionView.test.tsx (30 tests) 439ms
 ✓ components/messages/MarkdownChartRenderer.test.tsx (26 tests) 718ms
 ✓ components/WorkspaceSelector.test.tsx (5 tests) 711ms
   ✓ WorkspaceSelector > keeps the trigger tooltip closed after dismissing the menu  428ms
stderr | components/messages/ToolApproval.test.tsx > ToolApproval accessibility > leaves Enter to native button activation (no double-press guard)
An update to ToolApproval inside a test was not wrapped in act(...).

When testing, code that causes React state updates should be wrapped into act(...):

act(() => {
  /* fire events that update state */
});
/* assert on the output */

This ensures that you're testing the behavior the user would see in the browser. Learn more at https://react.dev/link/wrap-tests-with-act

stderr | components/TranscriptViewport.test.tsx > TranscriptViewport > pins the visible child of an expanded cross-page tool group
An update to ForwardRef(TranscriptViewport2) inside a test was not wrapped in act(...).

When testing, code that causes React state updates should be wrapped into act(...):

act(() => {
  /* fire events that update state */
});
/* assert on the output */

This ensures that you're testing the behavior the user would see in the browser. Learn more at https://react.dev/link/wrap-tests-with-act
An update to ForwardRef(TranscriptViewport2) inside a test was not wrapped in act(...).

When testing, code that causes React state updates should be wrapped into act(...):

act(() => {
  /* fire events that update state */
});
/* assert on the output */

This ensures that you're testing the behavior the user would see in the browser. Learn more at https://react.dev/link/wrap-tests-with-act

stderr | components/TranscriptViewport.test.tsx > TranscriptViewport > pins the visible child of an expanded cross-page tool group
An update to ForwardRef(TranscriptViewport2) inside a test was not wrapped in act(...).

When testing, code that causes React state updates should be wrapped into act(...):

act(() => {
  /* fire events that update state */
});
/* assert on the output */

This ensures that you're testing the behavior the user would see in the browser. Learn more at https://react.dev/link/wrap-tests-with-act
An update to ForwardRef(TranscriptViewport2) inside a test was not wrapped in act(...).

When testing, code that causes React state updates should be wrapped into act(...):

act(() => {
  /* fire events that update state */
});
/* assert on the output */

This ensures that you're testing the behavior the user would see in the browser. Learn more at https://react.dev/link/wrap-tests-with-act

 ✓ components/messages/ToolApproval.test.tsx (48 tests) 570ms
 ✓ components/sidebar/StandaloneRecents.test.tsx (37 tests) 505ms
 ✓ components/messages/tools/ParallelAgentsGroup.test.tsx (43 tests) 521ms
 ✓ components/dialogs/GitDiffDialog.test.tsx (14 tests) 484ms
 ✓ components/TranscriptViewport.test.tsx (6 tests) 519ms
 ✓ components/sidebar/WorkspaceDetailsTooltip.test.tsx (17 tests) 712ms
 ✓ components/dialogs/TokenHeatmap.test.tsx (3 tests) 274ms
 ✓ components/messages/AssistantMessage.test.tsx (26 tests) 604ms
stderr | hooks/useQueuedPrompts.dom.test.tsx > useQueuedPrompts default mid-turn insertion > stops the release chain when the Goal re-activates mid-drain
An update to Harness inside a test was not wrapped in act(...).

When testing, code that causes React state updates should be wrapped into act(...):

act(() => {
  /* fire events that update state */
});
/* assert on the output */

This ensures that you're testing the behavior the user would see in the browser. Learn more at https://react.dev/link/wrap-tests-with-act

stderr | hooks/useQueuedPrompts.dom.test.tsx > useQueuedPrompts default mid-turn insertion > stashes the undrained release chain when the session changes mid-drain
An update to Harness inside a test was not wrapped in act(...).

When testing, code that causes React state updates should be wrapped into act(...):

act(() => {
  /* fire events that update state */
});
/* assert on the output */

This ensures that you're testing the behavior the user would see in the browser. Learn more at https://react.dev/link/wrap-tests-with-act

 ✓ components/artifacts/ContextUsagePanel.test.tsx (20 tests) 582ms
stderr | hooks/useQueuedPrompts.dom.test.tsx > useQueuedPrompts default mid-turn insertion > stashes a chain link that bails before the owner change commits
An update to Harness inside a test was not wrapped in act(...).

When testing, code that causes React state updates should be wrapped into act(...):

act(() => {
  /* fire events that update state */
});
/* assert on the output */

This ensures that you're testing the behavior the user would see in the browser. Learn more at https://react.dev/link/wrap-tests-with-act

 ✓ hooks/useQueuedPrompts.dom.test.tsx (72 tests) 229ms
stderr | hooks/useAtMentionMenu.test.tsx > useAtMentionMenu > backs from MCP resources to the MCP server list
An update to Harness inside a test was not wrapped in act(...).

When testing, code that causes React state updates should be wrapped into act(...):

act(() => {
  /* fire events that update state */
});
/* assert on the output */

This ensures that you're testing the behavior the user would see in the browser. Learn more at https://react.dev/link/wrap-tests-with-act

stderr | hooks/useAtMentionMenu.test.tsx > useAtMentionMenu > closes without dispatching when accept uses stale document positions
[@mention] stale insertion range { from: 0, to: 1, docLength: 0 }

stderr | hooks/useMessages.test.ts > background agent task reconciliation > treats a missing background agent as terminal after repeated misses
[web-shell] background agent reconciliation retry scheduled {
  sessionId: 'session-1',
  callIds: [ 'agent-call' ],
  errors: [ 'HTTP 404 session_not_found' ]
}

stderr | hooks/useMessages.test.ts > background agent task reconciliation > recovers a missing background agent that registers after a first miss
[web-shell] background agent reconciliation retry scheduled {
  sessionId: 'session-1',
  callIds: [ 'agent-call' ],
  errors: [ 'HTTP 404 session_not_found' ]
}

stderr | hooks/useAtMentionMenu.test.tsx > useAtMentionMenu > does not load resources when reopening a disabled MCP server ref
[@mention] file provider unavailable: workspace actions are not configured

stderr | hooks/useMessages.test.ts > background agent task reconciliation > does not fail an agent while its launch approval is unanswered
[web-shell] background agent reconciliation retry scheduled {
  sessionId: 'session-1',
  callIds: [ 'agent-call' ],
  errors: [ 'HTTP 404 session_not_found' ]
}

 ✓ hooks/useAtMentionMenu.test.tsx (84 tests) 416ms
stderr | hooks/useMessages.test.ts > background agent task reconciliation > resets accumulated missing-agent misses when an approval engages
[web-shell] background agent reconciliation retry scheduled {
  sessionId: 'session-1',
  callIds: [ 'agent-call-a' ],
  errors: [ 'HTTP 404 session_not_found' ]
}

stderr | hooks/useMessages.test.ts > background agent task reconciliation > resets accumulated missing-agent misses when an approval engages
[web-shell] background agent reconciliation retry scheduled {
  sessionId: 'session-1',
  callIds: [ 'agent-call-a' ],
  errors: [ 'HTTP 404 session_not_found' ]
}

stderr | hooks/useMessages.test.ts > background agent task reconciliation > does not count a late 404 after approval engages
[web-shell] background agent reconciliation retry scheduled {
  sessionId: 'session-1',
  callIds: [ 'agent-call' ],
  errors: [ 'HTTP 404 session_not_found' ]
}

stderr | hooks/useMessages.test.ts > background agent task reconciliation > keeps the missing-agent grace when an unrelated permission re-probes
[web-shell] background agent reconciliation retry scheduled {
  sessionId: 'session-1',
  callIds: [ 'agent-call' ],
  errors: [ 'HTTP 404 session_not_found' ]
}

stderr | hooks/useMessages.test.ts > background agent task reconciliation > keeps the missing-agent grace when an unrelated permission re-probes
[web-shell] background agent reconciliation retry scheduled {
  sessionId: 'session-1',
  callIds: [ 'agent-call' ],
  errors: [ 'HTTP 404 session_not_found' ]
}

stderr | hooks/useMessages.test.ts > background agent task reconciliation > gives a session-level 404 the same grace as a missing agent
[web-shell] background agent reconciliation retry scheduled {
  sessionId: 'session-1',
  callIds: [ 'agent-call' ],
  errors: [ 'HTTP 404 session_not_found' ]
}

stderr | hooks/useMessages.test.ts > background agent task reconciliation > recovers a session-level 404 when the next round reaches the daemon
[web-shell] background agent reconciliation retry scheduled {
  sessionId: 'session-1',
  callIds: [ 'agent-call' ],
  errors: [ 'HTTP 404 session_not_found' ]
}

stderr | session-catalog/workspace-session-live-state.test.tsx > useWorkspaceSessionLiveState > does not hot-loop when a staged commit is persistently refused
[session-catalog] failed to refresh catalog: TypeError: Cannot read properties of undefined (reading 'sessions')
    at SessionCatalogStore.fetchPage (/root/git/pr11412/packages/web-shell/client/session-catalog/session-catalog-store.ts:1334:22)

stderr | hooks/useMessages.test.ts > background agent task reconciliation > does not consume grace misses for a superseded round
[web-shell] background agent reconciliation retry scheduled {
  sessionId: 'session-1',
  callIds: [ 'agent-call' ],
  errors: [ 'HTTP 404 session_not_found' ]
}

stderr | hooks/useMessages.test.ts > background agent task reconciliation > applies successful resolutions when another pending Agent fails
[web-shell] background agent reconciliation retry scheduled {
  sessionId: 'session-1',
  callIds: [ 'agent-b' ],
  errors: [ 'not found' ]
}

stderr | hooks/useMessages.test.ts > background agent task reconciliation > applies successful resolutions when another pending Agent fails
[web-shell] background agent reconciliation retry scheduled {
  sessionId: 'session-1',
  callIds: [ 'agent-b' ],
  errors: [ 'not found' ]
}

 ✓ components/dialogs/GoalEditDialog.test.tsx (4 tests) 229ms
 ✓ session-catalog/workspace-session-live-state.test.tsx (34 tests) 237ms
stderr | hooks/useMessages.test.ts > background agent task reconciliation > keeps retry tolerance for the completion query of a long-running agent
[web-shell] background agent reconciliation retry scheduled {
  sessionId: 'session-1',
  callIds: [ 'agent-call' ],
  errors: [ 'HTTP 500 internal_error' ]
}

stderr | hooks/useMessages.test.ts > background agent task reconciliation > re-arms the missing-agent grace after a successful response
[web-shell] background agent reconciliation retry scheduled {
  sessionId: 'session-1',
  callIds: [ 'agent-call' ],
  errors: [ 'HTTP 404 session_not_found' ]
}

stderr | hooks/useMessages.test.ts > background agent task reconciliation > re-arms the missing-agent grace after a successful response
[web-shell] background agent reconciliation retry scheduled {
  sessionId: 'session-1',
  callIds: [ 'agent-call' ],
  errors: [ 'HTTP 404 session_not_found' ]
}

 ✓ hooks/useMessages.test.ts (52 tests) 270ms
 ✓ components/AtMentionPanel.test.tsx (14 tests) 184ms
 ✓ components/sidebar/WebShellSidebar.local-files-footer.test.tsx (3 tests) 167ms
 ✓ components/WorkspaceIndicator.test.tsx (6 tests) 278ms
 ✓ components/plugins/PluginManagerPage.test.tsx (4 tests) 487ms
 ✓ components/sidebar/SessionDetailsTooltip.test.tsx (9 tests) 605ms
 ✓ components/QueuedPromptDisplay.test.tsx (27 tests) 171ms
 ✓ live/LiveVoiceButton.test.tsx (5 tests) 299ms
 ✓ components/panels/EnvironmentPanel.test.tsx (22 tests) 303ms
stderr | components/sidebar/WebShellSidebar.workspace-removal.test.tsx > WebShellSidebar Live group > hides Live sessions by default
An update to WorkspaceSection inside a test was not wrapped in act(...).

When testing, code that causes React state updates should be wrapped into act(...):

act(() => {
  /* fire events that update state */
});
/* assert on the output */

This ensures that you're testing the behavior the user would see in the browser. Learn more at https://react.dev/link/wrap-tests-with-act
An update to WorkspaceSection inside a test was not wrapped in act(...).

When testing, code that causes React state updates should be wrapped into act(...):

act(() => {
  /* fire events that update state */
});
/* assert on the output */

This ensures that you're testing the behavior the user would see in the browser. Learn more at https://react.dev/link/wrap-tests-with-act

 ✓ components/artifacts/TurnOutputs.dom.test.tsx (9 tests) 219ms
 ✓ components/ui/data-table.test.tsx (5 tests) 110ms
 ✓ components/terminal/TerminalPanel.test.tsx (18 tests) 131ms
 ✓ boot-watchdog.test.ts (15 tests) 152ms
 ✓ components/messages/ContextUsageMessage.test.tsx (7 tests) 164ms
 ✓ main-boot.test.tsx (2 tests) 359ms
 ✓ components/RootErrorFallback.test.tsx (5 tests) 87ms
 ✓ session-catalog/session-catalog-store.test.ts (58 tests) 87ms
 ✓ components/ui/react18-ref-compat.test.tsx (30 tests) 130ms
 ✓ components/messages/UserMessage.test.tsx (43 tests) 205ms
 ✓ components/dialogs/DialogShell.test.tsx (8 tests) 247ms
 ✓ voice/VoiceButton.test.tsx (32 tests) 199ms
 ✓ components/WebShellTranscript.test.tsx (7 tests) 184ms
 ✓ components/MessageItem.dom.test.tsx (11 tests) 84ms
stderr | components/sidebar/WebShellSidebar.workspace-removal.test.tsx > WebShellSidebar standalone grouping > hides standalone UI when the daemon does not advertise it
An update to WorkspaceSection inside a test was not wrapped in act(...).

When testing, code that causes React state updates should be wrapped into act(...):

act(() => {
  /* fire events that update state */
});
/* assert on the output */

This ensures that you're testing the behavior the user would see in the browser. Learn more at https://react.dev/link/wrap-tests-with-act
An update to WorkspaceSection inside a test was not wrapped in act(...).

When testing, code that causes React state updates should be wrapped into act(...):

act(() => {
  /* fire events that update state */
});
/* assert on the output */

This ensures that you're testing the behavior the user would see in the browser. Learn more at https://react.dev/link/wrap-tests-with-act

stderr | components/sidebar/WebShellSidebar.workspace-removal.test.tsx > WebShellSidebar standalone grouping > keeps project lists mounted while Projects is collapsed
An update to StandaloneRecents inside a test was not wrapped in act(...).

When testing, code that causes React state updates should be wrapped into act(...):

act(() => {
  /* fire events that update state */
});
/* assert on the output */

This ensures that you're testing the behavior the user would see in the browser. Learn more at https://react.dev/link/wrap-tests-with-act
An update to StandaloneRecents inside a test was not wrapped in act(...).

When testing, code that causes React state updates should be wrapped into act(...):

act(() => {
  /* fire events that update state */
});
/* assert on the output */

This ensures that you're testing the behavior the user would see in the browser. Learn more at https://react.dev/link/wrap-tests-with-act
An update to StandaloneRecents inside a test was not wrapped in act(...).

When testing, code that causes React state updates should be wrapped into act(...):

act(() => {
  /* fire events that update state */
});
/* assert on the output */

This ensures that you're testing the behavior the user would see in the browser. Learn more at https://react.dev/link/wrap-tests-with-act
An update to StandaloneRecents inside a test was not wrapped in act(...).

When testing, code that causes React state updates should be wrapped into act(...):

act(() => {
  /* fire events that update state */
});
/* assert on the output */

This ensures that you're testing the behavior the user would see in the browser. Learn more at https://react.dev/link/wrap-tests-with-act
An update to WorkspaceSection inside a test was not wrapped in act(...).

When testing, code that causes React state updates should be wrapped into act(...):

act(() => {
  /* fire events that update state */
});
/* assert on the output */

This ensures that you're testing the behavior the user would see in the browser. Learn more at https://react.dev/link/wrap-tests-with-act
An update to WorkspaceSection inside a test was not wrapped in act(...).

When testing, code that causes React state updates should be wrapped into act(...):

act(() => {
  /* fire events that update state */
});
/* assert on the output */

This ensures that you're testing the behavior the user would see in the browser. Learn more at https://react.dev/link/wrap-tests-with-act

stderr | App.test.tsx > artifact panel fullscreen > rethrows a rejected permission submission so the overlay re-arms
[web-shell] daemon unavailable Error: daemon unavailable
    at /root/git/pr11412/packages/web-shell/client/App.test.tsx:6936:21
    at file:///root/git/pr11412/node_modules/@vitest/runner/dist/chunk-hooks.js:752:20
An update to App inside a test was not wrapped in act(...).

When testing, code that causes React state updates should be wrapped into act(...):

act(() => {
  /* fire events that update state */
});
/* assert on the output */

This ensures that you're testing the behavior the user would see in the browser. Learn more at https://react.dev/link/wrap-tests-with-act

 ✓ components/dialogs/DeleteSessionDialog.test.tsx (6 tests) 166ms
 ✓ components/dialogs/ReleaseSessionDialog.test.tsx (6 tests) 139ms
stderr | components/sidebar/WebShellSidebar.workspace-removal.test.tsx > WebShellSidebar standalone grouping > renders standalone chats with the shared session row
An update to StandaloneRecents inside a test was not wrapped in act(...).

When testing, code that causes React state updates should be wrapped into act(...):

act(() => {
  /* fire events that update state */
});
/* assert on the output */

This ensures that you're testing the behavior the user would see in the browser. Learn more at https://react.dev/link/wrap-tests-with-act
An update to StandaloneRecents inside a test was not wrapped in act(...).

When testing, code that causes React state updates should be wrapped into act(...):

act(() => {
  /* fire events that update state */
});
/* assert on the output */

This ensures that you're testing the behavior the user would see in the browser. Learn more at https://react.dev/link/wrap-tests-with-act
An update to StandaloneRecents inside a test was not wrapped in act(...).

When testing, code that causes React state updates should be wrapped into act(...):

act(() => {
  /* fire events that update state */
});
/* assert on the output */

This ensures that you're testing the behavior the user would see in the browser. Learn more at https://react.dev/link/wrap-tests-with-act
An update to StandaloneRecents inside a test was not wrapped in act(...).

When testing, code that causes React state updates should be wrapped into act(...):

act(() => {
  /* fire events that update state */
});
/* assert on the output */

This ensures that you're testing the behavior the user would see in the browser. Learn more at https://react.dev/link/wrap-tests-with-act
An update to WorkspaceSection inside a test was not wrapped in act(...).

When testing, code that causes React state updates should be wrapped into act(...):

act(() => {
  /* fire events that update state */
});
/* assert on the output */

This ensures that you're testing the behavior the user would see in the browser. Learn more at https://react.dev/link/wrap-tests-with-act
An update to WorkspaceSection inside a test was not wrapped in act(...).

When testing, code that causes React state updates should be wrapped into act(...):

act(() => {
  /* fire events that update state */
});
/* assert on the output */

This ensures that you're testing the behavior the user would see in the browser. Learn more at https://react.dev/link/wrap-tests-with-act

stderr | components/sidebar/WebShellSidebar.workspace-removal.test.tsx > WebShellSidebar standalone grouping > renders standalone chats with the shared session row
An update to WorkspaceSection inside a test was not wrapped in act(...).

When testing, code that causes React state updates should be wrapped into act(...):

act(() => {
  /* fire events that update state */
});
/* assert on the output */

This ensures that you're testing the behavior the user would see in the browser. Learn more at https://react.dev/link/wrap-tests-with-act
An update to WorkspaceSection inside a test was not wrapped in act(...).

When testing, code that causes React state updates should be wrapped into act(...):

act(() => {
  /* fire events that update state */
});
/* assert on the output */

This ensures that you're testing the behavior the user would see in the browser. Learn more at https://react.dev/link/wrap-tests-with-act

 ✓ components/GitBranchIndicator.test.tsx (11 tests) 105ms
stderr | components/sidebar/WebShellSidebar.workspace-removal.test.tsx > WebShellSidebar standalone grouping > renders standalone chats with the shared session row
An update to Popper inside a test was not wrapped in act(...).

When testing, code that causes React state updates should be wrapped into act(...):

act(() => {
  /* fire events that update state */
});
/* assert on the output */

This ensures that you're testing the behavior the user would see in the browser. Learn more at https://react.dev/link/wrap-tests-with-act
An update to Presence inside a test was not wrapped in act(...).

When testing, code that causes React state updates should be wrapped into act(...):

act(() => {
  /* fire events that update state */
});
/* assert on the output */

This ensures that you're testing the behavior the user would see in the browser. Learn more at https://react.dev/link/wrap-tests-with-act
An update to Popper inside a test was not wrapped in act(...).

When testing, code that causes React state updates should be wrapped into act(...):

act(() => {
  /* fire events that update state */
});
/* assert on the output */

This ensures that you're testing the behavior the user would see in the browser. Learn more at https://react.dev/link/wrap-tests-with-act
An update to Presence inside a test was not wrapped in act(...).

When testing, code that causes React state updates should be wrapped into act(...):

act(() => {
  /* fire events that update state */
});
/* assert on the output */

This ensures that you're testing the behavior the user would see in the browser. Learn more at https://react.dev/link/wrap-tests-with-act
An update to Popover inside a test was not wrapped in act(...).

When testing, code that causes React state updates should be wrapped into act(...):

act(() => {
  /* fire events that update state */
});
/* assert on the output */

This ensures that you're testing the behavior the user would see in the browser. Learn more at https://react.dev/link/wrap-tests-with-act
An update to WorkspaceSection inside a test was not wrapped in act(...).

When testing, code that causes React state updates should be wrapped into act(...):

act(() => {
  /* fire events that update state */
});
/* assert on the output */

This ensures that you're testing the behavior the user would see in the browser. Learn more at https://react.dev/link/wrap-tests-with-act
An update to WorkspaceSection inside a test was not wrapped in act(...).

When testing, code that causes React state updates should be wrapped into act(...):

act(() => {
  /* fire events that update state */
});
/* assert on the output */

This ensures that you're testing the behavior the user would see in the browser. Learn more at https://react.dev/link/wrap-tests-with-act

 ✓ components/WorkspaceSessionProvider.test.tsx (24 tests) 174ms
 ✓ components/artifacts/SubagentDetail.integration.test.tsx (5 tests) 64ms
 ✓ components/messages/Markdown.mermaid.test.ts (4 tests) 291ms
 ✓ hooks/useListboxKeyboard.test.tsx (16 tests) 162ms
 ✓ session-catalog/session-catalog-hooks.test.tsx (15 tests) 80ms
 ✓ components/messages/AssistantMessage.thinking-memo.test.tsx (2 tests) 72ms
 ✓ components/dialogs/RewindDialog.test.tsx (5 tests) 117ms
stderr | local-files/useLocalFilesBridge.test.tsx > useLocalFilesBridge connect > picks, persists, and registers against the session
An update to Probe inside a test was not wrapped in act(...).

When testing, code that causes React state updates should be wrapped into act(...):

act(() => {
  /* fire events that update state */
});
/* assert on the output */

This ensures that you're testing the behavior the user would see in the browser. Learn more at https://react.dev/link/wrap-tests-with-act

stderr | local-files/useLocalFilesBridge.test.tsx > useLocalFilesBridge connect > picks, persists, and registers against the session
An update to Probe inside a test was not wrapped in act(...).

When testing, code that causes React state updates should be wrapped into act(...):

act(() => {
  /* fire events that update state */
});
/* assert on the output */

This ensures that you're testing the behavior the user would see in the browser. Learn more at https://react.dev/link/wrap-tests-with-act

stderr | local-files/useLocalFilesBridge.test.tsx > useLocalFilesBridge connect > keeps the grant when no session exists yet and starts once one appears
An update to Probe inside a test was not wrapped in act(...).

When testing, code that causes React state updates should be wrapped into act(...):

act(() => {
  /* fire events that update state */
});
/* assert on the output */

This ensures that you're testing the behavior the user would see in the browser. Learn more at https://react.dev/link/wrap-tests-with-act

stderr | local-files/useLocalFilesBridge.test.tsx > useLocalFilesBridge restore > does not start a bridge from an ungranted handle on session switch
An update to Probe inside a test was not wrapped in act(...).

When testing, code that causes React state updates should be wrapped into act(...):

act(() => {
  /* fire events that update state */
});
/* assert on the output */

This ensures that you're testing the behavior the user would see in the browser. Learn more at https://react.dev/link/wrap-tests-with-act

stderr | local-files/useLocalFilesBridge.test.tsx > useLocalFilesBridge teardown > opens one picker when connect is clicked twice
You called act(async () => ...) without await. This could lead to unexpected testing behaviour, interleaving multiple act calls and mixing their scopes. You should - await act(async () => ...);

 ✓ index.test.tsx (17 tests) 140ms
 ✓ local-files/useLocalFilesBridge.test.tsx (22 tests) 91ms
 ✓ components/messages/PlanMessage.test.tsx (8 tests) 84ms
 ✓ components/StreamingStatus.test.tsx (15 tests) 100ms
 ✓ components/sidebar/useWorkspaceOverview.test.tsx (23 tests) 84ms
 ✓ components/messages/tools/SubAgentPanel.test.tsx (11 tests) 112ms
stderr | components/sidebar/WebShellSidebar.workspace-removal.test.tsx > WebShellSidebar standalone grouping > retries a failed standalone archive load from the shared retry
[web-shell] standalone session list failed: Error: offline
    at /root/git/pr11412/packages/web-shell/client/components/sidebar/WebShellSidebar.workspace-removal.test.tsx:6837:50
    at file:///root/git/pr11412/node_modules/@vitest/runner/dist/chunk-hooks.js:155:11
    at file:///root/git/pr11412/node_modules/@vitest/runner/dist/chunk-hooks.js:752:26
    at file:///root/git/pr11412/node_modules/@vitest/runner/dist/chunk-hooks.js:1897:20
    at new Promise (<anonymous>)
    at runWithTimeout (file:///root/git/pr11412/node_modules/@vitest/runner/dist/chunk-hooks.js:1863:10)
    at runTest (file:///root/git/pr11412/node_modules/@vitest/runner/dist/chunk-hooks.js:1574:12)
    at runSuite (file:///root/git/pr11412/node_modules/@vitest/runner/dist/chunk-hooks.js:1729:8)
    at runSuite (file:///root/git/pr11412/node_modules/@vitest/runner/dist/chunk-hooks.js:1729:8)
    at runFiles (file:///root/git/pr11412/node_modules/@vitest/runner/dist/chunk-hooks.js:1787:3)
[web-shell] standalone session list failed: Error: offline
    at /root/git/pr11412/packages/web-shell/client/components/sidebar/WebShellSidebar.workspace-removal.test.tsx:6837:50
    at file:///root/git/pr11412/node_modules/@vitest/runner/dist/chunk-hooks.js:155:11
    at file:///root/git/pr11412/node_modules/@vitest/runner/dist/chunk-hooks.js:752:26
    at file:///root/git/pr11412/node_modules/@vitest/runner/dist/chunk-hooks.js:1897:20
    at new Promise (<anonymous>)
    at runWithTimeout (file:///root/git/pr11412/node_modules/@vitest/runner/dist/chunk-hooks.js:1863:10)
    at runTest (file:///root/git/pr11412/node_modules/@vitest/runner/dist/chunk-hooks.js:1574:12)
    at runSuite (file:///root/git/pr11412/node_modules/@vitest/runner/dist/chunk-hooks.js:1729:8)
    at runSuite (file:///root/git/pr11412/node_modules/@vitest/runner/dist/chunk-hooks.js:1729:8)
    at runFiles (file:///root/git/pr11412/node_modules/@vitest/runner/dist/chunk-hooks.js:1787:3)

 ✓ components/messages/SystemMessage.test.tsx (36 tests) 247ms
 ✓ components/sidebar/WebShellSidebar.workspace-removal.test.tsx (132 tests) 16376ms
   ✓ WebShellSidebar workspace removal > gives a locked trusted secondary active row normal actions through its workspace  577ms
   ✓ WebShellSidebar workspace removal > does not assign a created group after its locked workspace unlocks  342ms
   ✓ WebShellSidebar workspace removal > routes locked secondary delete, archive, color, and pinned mutations only to its client  461ms
   ✓ WebShellSidebar workspace removal > does not reopen the details popover after a workspace menu selection  1027ms
   ✓ WebShellSidebar session source switch > preserves channel completion state while the tasks source is active  486ms
   ✓ WebShellSidebar standalone grouping > renders standalone chats with the shared session row  456ms
 ✓ components/SessionPrBadge.test.tsx (2 tests) 96ms
 ✓ voice/useVoiceCapture.test.tsx (23 tests) 157ms
 ✓ components/ChatContextHeader.test.tsx (10 tests) 88ms
 ✓ components/workflow/SessionWorkflowCockpit.test.tsx (2 tests) 81ms
 ✓ components/dialogs/GitHubPrsDialog.test.tsx (12 tests) 148ms
 ✓ components/dialogs/ModelDialog.test.tsx (5 tests) 100ms
 ✓ config/daemon.test.ts (19 tests) 70ms
 ✓ components/messages/McpApp.dom.test.tsx (7 tests) 147ms
 ✓ components/messages/ModelManagementSection.dom.test.tsx (14 tests) 126ms
 ✓ hooks/useNewSessionSuggestion.test.tsx (19 tests) 83ms
 ✓ components/messages/TodoView.test.tsx (4 tests) 84ms
 ✓ hooks/useFileUpload.test.tsx (28 tests) 99ms
 ✓ components/ErrorBoundary.test.tsx (6 tests) 49ms
 ✓ components/sidebar/useSessionContentSearch.test.tsx (15 tests) 56ms
 ✓ components/dialogs/ResumeDialog.test.tsx (4 tests) 110ms
 ✓ hooks/useScopedSessions.test.tsx (3 tests) 69ms
 ✓ components/artifacts/SideTaskPanel.test.tsx (18 tests) 91ms
 ✓ hooks/useExternalLinkOpener.test.ts (5 tests) 57ms
 ✓ components/panels/TodoPanel.test.tsx (3 tests) 44ms
 ✓ components/Editor.keymap.test.ts (5 tests) 72ms
 ✓ components/messages/ToolApproval.test.ts (6 tests) 46ms
 ✓ components/messages/AuthMessage.dom.test.tsx (5 tests) 131ms
 ✓ daemon/workspace/hooks/useDaemonSkills.test.tsx (9 tests) 58ms
 ✓ components/sidebar/SessionGroupSection.test.tsx (3 tests) 83ms
 ✓ components/LocalFilesControl.test.tsx (9 tests) 92ms
 ✓ components/LocalFilesPanel.test.tsx (25 tests) 149ms
 ✓ components/GoalStatusStrip.test.tsx (11 tests) 133ms
 ✓ components/ToastHost.test.tsx (5 tests) 52ms
 ✓ components/artifacts/AgentWorkflow.test.tsx (4 tests) 99ms
 ✓ components/dialogs/ApprovalModeDialog.test.tsx (5 tests) 98ms
 ✓ components/dialogs/ModelFallbacksDialog.dom.test.tsx (8 tests) 115ms
 ✓ components/dialogs/SessionRow.test.tsx (7 tests) 84ms
 ✓ components/workspaces/useWorkspaceRemoval.test.tsx (17 tests) 81ms
 ✓ components/dialogs/ToolsDialog.test.tsx (1 test) 52ms
 ✓ hooks/useFilterInput.test.tsx (3 tests) 70ms
 ✓ daemon/workspace/DaemonWorkspaceProvider.test.tsx (19 tests) 119ms
 ✓ live/HotkeySetter.test.tsx (4 tests) 75ms
 ✓ main.test.tsx (4 tests) 45ms
 ✓ components/workflow/SessionWorkflowInspector.test.tsx (2 tests) 107ms
 ✓ live/useLiveVoice.test.tsx (4 tests) 48ms
 ✓ components/FileTypeIcon.test.tsx (16 tests) 65ms
 ✓ daemon/workspace/hooks/useDaemonResource.test.tsx (5 tests) 33ms
 ✓ components/LocalControlQrButton.test.tsx (5 tests) 109ms
 ✓ components/ui/management-notice.test.tsx (4 tests) 62ms
 ✓ hooks/useSessionArtifactsChange.test.tsx (9 tests) 48ms
 ✓ components/MessageTimestamp.test.tsx (6 tests) 44ms
 ✓ live/useLiveVoiceSetup.test.tsx (3 tests) 34ms
 ✓ hooks/useAnimationFrameTranscriptBlocks.test.tsx (10 tests) 43ms
 ✓ components/dialogs/SvgLineChart.test.tsx (4 tests) 40ms
 ✓ hooks/useOtherWorkspaceSessions.test.tsx (6 tests) 30ms
 ✓ components/workflow/session-workflow-model.test.ts (8 tests) 22ms
 ✓ components/messages/Markdown.coldHighlight.test.ts (2 tests) 69ms
 ✓ daemon/workspace/hooks/useDaemonChannels.test.tsx (10 tests) 40ms
 ✓ utils/clipboard.test.ts (8 tests) 30ms
 ✓ components/artifacts/artifactUtils.test.ts (36 tests) 34ms
 ✓ hooks/useCopiedFlash.test.tsx (3 tests) 24ms
 ✓ daemon/workspace/hooks/useDaemonStatusReport.test.tsx (2 tests) 21ms
 ✓ utils/imageIngestion.test.ts (53 tests) 21ms
 ✓ components/StatusBar.workflow.test.tsx (2 tests) 33ms
 ✓ hooks/useBackgroundTasks.test.tsx (15 tests) 59ms
 ✓ shadowDom.test.ts (14 tests) 19ms
 ✓ hooks/useIsLargeScreen.test.tsx (4 tests) 42ms
 ✓ daemon/workspace/hooks/useDaemonProviders.test.tsx (3 tests) 25ms
 ✓ hooks/useSessionArtifacts.test.tsx (13 tests) 50ms
 ✓ daemon/workspace/hooks/useDaemonMcp.test.tsx (2 tests) 19ms
 ✓ hooks/usePrefersReducedMotion.test.tsx (1 test) 31ms
 ✓ hooks/useIsTouchComposer.test.tsx (9 tests) 36ms
 ✓ daemon/session/clientLifecycle.test.ts (18 tests) 12ms
 ✓ utils/copyCommand.noClipboard.test.ts (2 tests) 17ms
 ✓ components/dialogs/ThemeDialog.test.tsx (1 test) 43ms
 ✓ components/artifacts/ArtifactIcon.test.tsx (10 tests) 24ms
 ✓ components/sidebar/collapsedSessionSections.test.ts (2 tests) 4ms
 ✓ utils/externalOpen.test.ts (6 tests) 7ms
 ✓ voice/use-voice-workspace-settings.test.tsx (4 tests) 22ms
 ✓ components/sidebar/sessionDetailsCollisionBoundary.test.ts (2 tests) 11ms
 ✓ components/sidebar/workspaceExpansion.test.ts (3 tests) 3ms
 ✓ utils/splitUrl.test.ts (16 tests) 10ms
 ✓ test/setup.test.ts (1 test) 5ms
 ✓ components/workflow/session-workflow-model.index.test.ts (1 test) 3ms
 ✓ daemon/pendingPromptVersion.test.ts (7 tests) 81ms
 ✓ components/messages/codeHighlighter.test.ts (6 tests) 126ms
 ✓ index-html.test.ts (9 tests) 104ms
 ✓ daemon/workspace/actions.test.ts (22 tests) 22ms
stdout | daemon/session/actions.test.ts > createDaemonSessionActions > setDaemonActivePrompt (#9487) > settles the prompt state when the daemon reports the turn finished
[DaemonSessionActions] settled turn from daemon prompt state (sessionId=session-1, daemonActivePrompt=false)

stdout | daemon/session/actions.test.ts > createDaemonSessionActions > setDaemonActivePrompt (#9487) > settles when the authority itself goes unknown
[DaemonSessionActions] settled turn from daemon prompt state (sessionId=session-1, daemonActivePrompt=undefined)

stdout | daemon/session/actions.test.ts > createDaemonSessionActions > setDaemonActivePrompt (#9487) > never revives a settled turn
[DaemonSessionActions] settled turn from daemon prompt state (sessionId=session-1, daemonActivePrompt=undefined)

stdout | daemon/session/actions.test.ts > createDaemonSessionActions > setDaemonActivePrompt (#9487) > does not carry a true-to-false edge across sessions
[DaemonSessionActions] settled turn from daemon prompt state (sessionId=session-b, daemonActivePrompt=false)

stdout | daemon/session/actions.test.ts > createDaemonSessionActions > setDaemonActivePrompt (#9487) > settles a restored prompt the event stream can no longer settle
[DaemonSessionActions] settled turn from daemon prompt state (sessionId=session-restored, daemonActivePrompt=false)

stdout | daemon/session/actions.test.ts > createDaemonSessionActions > setDaemonActivePrompt (#9487) > keeps the armed passive timer when no assistant block is active
[DaemonSessionActions] settled turn from daemon prompt state (sessionId=session-1, daemonActivePrompt=false)

stdout | daemon/session/actions.test.ts > createDaemonSessionActions > setDaemonActivePrompt (#9487) > closes the active assistant block when settling
[DaemonSessionActions] settled turn from daemon prompt state (sessionId=session-1, daemonActivePrompt=false)

 ✓ components/dialogs/scheduledTasksSchedule.test.ts (17 tests) 25ms
 ✓ daemon/session/transcript-page-table.test.ts (34 tests) 25ms
 ✓ index-html-boot.test.ts (2 tests) 134ms
 ✓ local-files/bridge-client.test.ts (42 tests) 273ms
 ✓ utils/todos.test.ts (84 tests) 18ms
 ✓ local-files/local-directory.test.ts (51 tests) 23ms
 ✓ utils/timeAgo.test.ts (18 tests) 18ms
stdout | daemon/session/actions.test.ts > createDaemonSessionActions > keeps legacy mid-turn admission failures best-effort
[enqueueMidTurnMessage] legacy push failed; kept for next turn Error: daemon unavailable
    at /root/git/pr11412/packages/web-shell/client/daemon/session/actions.test.ts:4059:32
    at file:///root/git/pr11412/node_modules/@vitest/runner/dist/chunk-hooks.js:155:11
    at file:///root/git/pr11412/node_modules/@vitest/runner/dist/chunk-hooks.js:752:26
    at file:///root/git/pr11412/node_modules/@vitest/runner/dist/chunk-hooks.js:1897:20
    at new Promise (<anonymous>)
    at runWithTimeout (file:///root/git/pr11412/node_modules/@vitest/runner/dist/chunk-hooks.js:1863:10)
    at runTest (file:///root/git/pr11412/node_modules/@vitest/runner/dist/chunk-hooks.js:1574:12)
    at runSuite (file:///root/git/pr11412/node_modules/@vitest/runner/dist/chunk-hooks.js:1729:8)
    at runSuite (file:///root/git/pr11412/node_modules/@vitest/runner/dist/chunk-hooks.js:1729:8)
    at runFiles (file:///root/git/pr11412/node_modules/@vitest/runner/dist/chunk-hooks.js:1787:3)

stdout | daemon/session/actions.test.ts > createDaemonSessionActions > resolves undefined when getMidTurnMessages fails instead of throwing
[getMidTurnMessages] reconciliation query failed; keeping current state Error: daemon 500
    at /root/git/pr11412/packages/web-shell/client/daemon/session/actions.test.ts:4073:53
    at file:///root/git/pr11412/node_modules/@vitest/runner/dist/chunk-hooks.js:155:11
    at file:///root/git/pr11412/node_modules/@vitest/runner/dist/chunk-hooks.js:752:26
    at file:///root/git/pr11412/node_modules/@vitest/runner/dist/chunk-hooks.js:1897:20
    at new Promise (<anonymous>)
    at runWithTimeout (file:///root/git/pr11412/node_modules/@vitest/runner/dist/chunk-hooks.js:1863:10)
    at runTest (file:///root/git/pr11412/node_modules/@vitest/runner/dist/chunk-hooks.js:1574:12)
    at runSuite (file:///root/git/pr11412/node_modules/@vitest/runner/dist/chunk-hooks.js:1729:8)
    at runSuite (file:///root/git/pr11412/node_modules/@vitest/runner/dist/chunk-hooks.js:1729:8)
    at runFiles (file:///root/git/pr11412/node_modules/@vitest/runner/dist/chunk-hooks.js:1787:3)

 ✓ daemon/session/actions.test.ts (185 tests) 384ms
 ✓ adapters/transcriptToMessages.test.ts (173 tests) 33ms
 ✓ daemon/workspace/goals.actions.test.ts (11 tests) 12ms
 ✓ daemon/session/mappers.test.ts (49 tests) 12ms
 ✓ components/artifacts/turnOutputSelectors.test.ts (31 tests) 24ms
 ✓ components/messages/McpApp.test.ts (9 tests) 6ms
 ✓ components/messages/toolFormatting.test.ts (36 tests) 8ms
 ✓ completions/slashCompletion.test.ts (23 tests) 27ms
 ✓ local-files/directory-handle-store.test.ts (9 tests) 7ms
 ✓ components/sidebar/workspaceOverviewModel.test.ts (24 tests) 12ms
 ✓ build-artifact.test.ts (17 tests) 1024ms
 ✓ utils/goalCondition.test.ts (28 tests) 6ms
 ✓ adapters/transcriptAdapter.test.ts (13 tests) 9ms
 ✓ utils/standalone-session-routing.test.ts (3 tests) 5ms
 ✓ utils/localCommandQueue.test.ts (5 tests) 5ms
 ✓ voice/voice-workspace-target.test.ts (24 tests) 11ms
 ✓ midTurnDedup.test.ts (21 tests) 15ms
 ✓ components/channels/channel-editor-state.test.ts (37 tests) 12ms
 ✓ components/skills/skills-manager-logic.test.ts (4 tests) 3ms
 ✓ utils/composerTag.test.ts (30 tests) 10ms
 ✓ daemon/session/session-context.test.ts (9 tests) 7ms
 ✓ components/messages/codeHighlighter.retry.test.ts (4 tests) 6ms
 ✓ components/sidebar/sessionSearch.test.ts (14 tests) 5ms
 ✓ daemon/session/selectors.test.ts (9 tests) 6ms
 ✓ utils/copyCommand.test.ts (13 tests) 10ms
 ✓ components/messages/agentForest.test.ts (19 tests) 7ms
 ✓ utils/sessionPreparation.test.ts (23 tests) 127ms
 ✓ utils/sessionErrors.test.ts (3 tests) 4ms
 ✓ utils/modelEncoding.test.ts (24 tests) 5ms
 ✓ local-files/pick-directory.test.ts (10 tests) 8ms
 ✓ utils/ansi.test.ts (9 tests) 7ms
 ✓ components/artifacts/TurnOutputs.test.ts (23 tests) 7ms
 ✓ session-catalog/session-live-state-poll-interval.test.ts (16 tests) 4ms
 ✓ utils/goalControlRequest.test.ts (4 tests) 5ms
 ✓ utils/slashSectionPlan.test.ts (6 tests) 5ms
 ✓ daemon/session/promptContent.test.ts (12 tests) 7ms
 ✓ utils/unifiedDiff.test.ts (2 tests) 4ms
 ✓ extensions/inputHighlight.test.ts (1 test) 8ms
 ✓ local-files/mcp-server.test.ts (26 tests) 13ms
 ✓ daemon/workspace/scheduledTasks.actions.test.ts (11 tests) 15ms
stderr | App.test.tsx > App shell command queueing > reports an error and skips the command when session creation fails
[web-shell] no session Error: no session
    at /root/git/pr11412/packages/web-shell/client/App.test.tsx:11413:7
    at file:///root/git/pr11412/node_modules/@vitest/runner/dist/chunk-hooks.js:155:11
    at file:///root/git/pr11412/node_modules/@vitest/runner/dist/chunk-hooks.js:752:26
    at file:///root/git/pr11412/node_modules/@vitest/runner/dist/chunk-hooks.js:1897:20
    at new Promise (<anonymous>)
    at runWithTimeout (file:///root/git/pr11412/node_modules/@vitest/runner/dist/chunk-hooks.js:1863:10)
    at runTest (file:///root/git/pr11412/node_modules/@vitest/runner/dist/chunk-hooks.js:1574:12)
    at runSuite (file:///root/git/pr11412/node_modules/@vitest/runner/dist/chunk-hooks.js:1729:8)
    at runSuite (file:///root/git/pr11412/node_modules/@vitest/runner/dist/chunk-hooks.js:1729:8)
    at runFiles (file:///root/git/pr11412/node_modules/@vitest/runner/dist/chunk-hooks.js:1787:3)

 ✓ components/messages/toolFormatting.agentType.test.ts (4 tests) 3ms
 ✓ utils/taskActivity.test.ts (4 tests) 3ms
 ✓ components/sidebar/channelSessionGroups.test.ts (4 tests) 4ms
 ✓ components/toolbarDropdown.test.ts (7 tests) 5ms
 ✓ utils/workflowTasks.test.ts (8 tests) 4ms
 ✓ daemon/session/status.test.ts (4 tests) 3ms
 ✓ utils/sessionPath.test.ts (18 tests) 5ms
stdout | daemon/midTurnInjectedSidechannel.test.ts > mid-turn injected sidechannel pub/sub > caps the buffer, evicting oldest batches past the limit
[mid-turn] sidechannel buffer over 64; evicting 1 oldest batch(es)
[mid-turn] sidechannel buffer over 64; evicting 1 oldest batch(es)
[mid-turn] sidechannel buffer over 64; evicting 1 oldest batch(es)
[mid-turn] sidechannel buffer over 64; evicting 1 oldest batch(es)
[mid-turn] sidechannel buffer over 64; evicting 1 oldest batch(es)
[mid-turn] sidechannel buffer over 64; evicting 1 oldest batch(es)

 ✓ daemon/midTurnInjectedSidechannel.test.ts (19 tests) 24ms
 ✓ utils/monitorTasks.test.ts (4 tests) 3ms
 ✓ constants/localCommands.test.ts (11 tests) 5ms
 ✓ hooks/useQueuedPrompts.test.ts (6 tests) 3ms
 ✓ components/sidebar/scheduled-task-session-groups.test.ts (6 tests) 5ms
 ✓ components/GitModePopover.test.tsx (16 tests) 5ms
 ✓ utils/composerInputState.test.ts (7 tests) 4ms
 ✓ components/agents/agents-manager-logic.test.ts (7 tests) 5ms
 ✓ utils/workspaceColor.test.ts (5 tests) 4ms
 ✓ daemon/session/live-journal-repair.test.ts (3 tests) 4ms
 ✓ utils/formatDateTime.test.ts (4 tests) 3ms
 ✓ components/sidebar/sidebarToggleShortcut.test.ts (5 tests) 3ms
 ✓ utils/workspace.test.ts (11 tests) 6ms
 ✓ daemon/session/DaemonSessionProvider.subagent.test.ts (6 tests) 6ms
 ✓ components/messages/toolFormatting.drift.test.ts (2 tests) 4ms
 ✓ adapters/toolClassification.test.ts (22 tests) 5ms
 ✓ utils/composerTasks.test.ts (2 tests) 2ms
 ✓ utils/promptAdmission.test.ts (11 tests) 3ms
 ✓ utils/cssUrlVar.test.ts (2 tests) 3ms
 ✓ utils/queueDrain.test.ts (8 tests) 3ms
 ✓ components/artifacts/codeReviewContract.test.ts (2 tests) 10ms
 ✓ vite-config.test.ts (8 tests) 6ms
 ✓ local-files/capabilities.test.ts (7 tests) 4ms
 ✓ utils/escapeIntent.test.ts (9 tests) 4ms
 ✓ components/composer/prependSkillInvocation.test.ts (6 tests) 4ms
 ✓ utils/modelSwitchMessages.test.ts (3 tests) 4ms
 ✓ components/extensions/extensions-manager-logic.test.ts (3 tests) 3ms
 ✓ components/agents/agent-tool-options.test.ts (3 tests) 3ms
 ✓ components/artifacts/useArtifactWorkspaceTarget.test.ts (9 tests) 4ms
 ✓ utils/goalGate.test.ts (4 tests) 3ms
 ✓ components/channels/channel-platform.test.ts (2 tests) 3ms
 ✓ hooks/useAtMentionSources.test.tsx (3 tests) 3ms
stderr | App.test.tsx > App shell command queueing > continues draining after a command fails
[web-shell] boom Error: boom
    at /root/git/pr11412/packages/web-shell/client/App.test.tsx:11948:30
    at file:///root/git/pr11412/node_modules/@vitest/runner/dist/chunk-hooks.js:752:20

 ✓ utils/formatTokenCount.test.ts (3 tests) 3ms
 ✓ utils/gitModeIntent.test.ts (4 tests) 3ms
 ✓ daemon/session/httpErrors.test.ts (4 tests) 3ms
 ✓ components/workflow/SessionWorkflowCockpit.css.test.ts (3 tests) 2ms
 ✓ utils/composerModels.test.ts (6 tests) 3ms
 ✓ i18n.test.ts (1 test) 2ms
 ✓ components/workflow/SessionWorkflowInspector.css.test.ts (2 tests) 2ms
 ✓ utils/askUserPermission.test.ts (3 tests) 3ms
 ✓ utils/contextUsage.test.ts (1 test) 2ms
 ✓ components/messages/SettingsMessage.test.ts (10 tests) 4ms
 ✓ constants/sessions.test.ts (1 test) 2ms
 ✓ components/sidebar/session-action-visibility.test.ts (7 tests) 3ms
 ✓ components/MessageList.test.ts (149 tests) 46ms
 ✓ hooks/useComposerCore.test.ts (8 tests) 3ms
 ✓ components/artifacts/SubagentDetail.test.tsx (2 tests) 2ms
 ✓ daemon/session/turn-navigation-store.test.ts (67 tests) 3725ms
stderr | App.test.tsx > App session callbacks > waits for session loading to finish before requesting status
An update to App inside a test was not wrapped in act(...).

When testing, code that causes React state updates should be wrapped into act(...):

act(() => {
  /* fire events that update state */
});
/* assert on the output */

This ensures that you're testing the behavior the user would see in the browser. Learn more at https://react.dev/link/wrap-tests-with-act

stderr | App.test.tsx > App session callbacks > waits for session loading to finish before requesting status
An update to App inside a test was not wrapped in act(...).

When testing, code that causes React state updates should be wrapped into act(...):

act(() => {
  /* fire events that update state */
});
/* assert on the output */

This ensures that you're testing the behavior the user would see in the browser. Learn more at https://react.dev/link/wrap-tests-with-act
An update to App inside a test was not wrapped in act(...).

When testing, code that causes React state updates should be wrapped into act(...):

act(() => {
  /* fire events that update state */
});
/* assert on the output */

This ensures that you're testing the behavior the user would see in the browser. Learn more at https://react.dev/link/wrap-tests-with-act

stderr | App.test.tsx > App session callbacks > uses the session catalog title when the connection has no display name
An update to App inside a test was not wrapped in act(...).

When testing, code that causes React state updates should be wrapped into act(...):

act(() => {
  /* fire events that update state */
});
/* assert on the output */

This ensures that you're testing the behavior the user would see in the browser. Learn more at https://react.dev/link/wrap-tests-with-act
An update to App inside a test was not wrapped in act(...).

When testing, code that causes React state updates should be wrapped into act(...):

act(() => {
  /* fire events that update state */
});
/* assert on the output */

This ensures that you're testing the behavior the user would see in the browser. Learn more at https://react.dev/link/wrap-tests-with-act
An update to App inside a test was not wrapped in act(...).

When testing, code that causes React state updates should be wrapped into act(...):

act(() => {
  /* fire events that update state */
});
/* assert on the output */

This ensures that you're testing the behavior the user would see in the browser. Learn more at https://react.dev/link/wrap-tests-with-act
An update to App inside a test was not wrapped in act(...).

When testing, code that causes React state updates should be wrapped into act(...):

act(() => {
  /* fire events that update state */
});
/* assert on the output */

This ensures that you're testing the behavior the user would see in the browser. Learn more at https://react.dev/link/wrap-tests-with-act
An update to App inside a test was not wrapped in act(...).

When testing, code that causes React state updates should be wrapped into act(...):

act(() => {
  /* fire events that update state */
});
/* assert on the output */

This ensures that you're testing the behavior the user would see in the browser. Learn more at https://react.dev/link/wrap-tests-with-act
An update to App inside a test was not wrapped in act(...).

When testing, code that causes React state updates should be wrapped into act(...):

act(() => {
  /* fire events that update state */
});
/* assert on the output */

This ensures that you're testing the behavior the user would see in the browser. Learn more at https://react.dev/link/wrap-tests-with-act
An update to App inside a test was not wrapped in act(...).

When testing, code that causes React state updates should be wrapped into act(...):

act(() => {
  /* fire events that update state */
});
/* assert on the output */

This ensures that you're testing the behavior the user would see in the browser. Learn more at https://react.dev/link/wrap-tests-with-act
An update to App inside a test was not wrapped in act(...).

When testing, code that causes React state updates should be wrapped into act(...):

act(() => {
  /* fire events that update state */
});
/* assert on the output */

This ensures that you're testing the behavior the user would see in the browser. Learn more at https://react.dev/link/wrap-tests-with-act

stderr | App.test.tsx > App session callbacks > uses the session catalog title when the connection has no display name
An update to App inside a test was not wrapped in act(...).

When testing, code that causes React state updates should be wrapped into act(...):

act(() => {
  /* fire events that update state */
});
/* assert on the output */

This ensures that you're testing the behavior the user would see in the browser. Learn more at https://react.dev/link/wrap-tests-with-act
An update to App inside a test was not wrapped in act(...).

When testing, code that causes React state updates should be wrapped into act(...):

act(() => {
  /* fire events that update state */
});
/* assert on the output */

This ensures that you're testing the behavior the user would see in the browser. Learn more at https://react.dev/link/wrap-tests-with-act

stderr | App.test.tsx > App session callbacks > uses the session catalog title when the connection has no display name
An update to Popper inside a test was not wrapped in act(...).

When testing, code that causes React state updates should be wrapped into act(...):

act(() => {
  /* fire events that update state */
});
/* assert on the output */

This ensures that you're testing the behavior the user would see in the browser. Learn more at https://react.dev/link/wrap-tests-with-act
An update to Presence inside a test was not wrapped in act(...).

When testing, code that causes React state updates should be wrapped into act(...):

act(() => {
  /* fire events that update state */
});
/* assert on the output */

This ensures that you're testing the behavior the user would see in the browser. Learn more at https://react.dev/link/wrap-tests-with-act

stderr | App.test.tsx > App session callbacks > does not query a workspace catalog for a Live session title
An update to App inside a test was not wrapped in act(...).

When testing, code that causes React state updates should be wrapped into act(...):

act(() => {
  /* fire events that update state */
});
/* assert on the output */

This ensures that you're testing the behavior the user would see in the browser. Learn more at https://react.dev/link/wrap-tests-with-act
An update to App inside a test was not wrapped in act(...).

When testing, code that causes React state updates should be wrapped into act(...):

act(() => {
  /* fire events that update state */
});
/* assert on the output */

This ensures that you're testing the behavior the user would see in the browser. Learn more at https://react.dev/link/wrap-tests-with-act
An update to App inside a test was not wrapped in act(...).

When testing, code that causes React state updates should be wrapped into act(...):

act(() => {
  /* fire events that update state */
});
/* assert on the output */

This ensures that you're testing the behavior the user would see in the browser. Learn more at https://react.dev/link/wrap-tests-with-act
An update to App inside a test was not wrapped in act(...).

When testing, code that causes React state updates should be wrapped into act(...):

act(() => {
  /* fire events that update state */
});
/* assert on the output */

This ensures that you're testing the behavior the user would see in the browser. Learn more at https://react.dev/link/wrap-tests-with-act

stderr | App.test.tsx > App session callbacks > keeps the persistent chat header opt-in for existing integrations
An update to App inside a test was not wrapped in act(...).

When testing, code that causes React state updates should be wrapped into act(...):

act(() => {
  /* fire events that update state */
});
/* assert on the output */

This ensures that you're testing the behavior the user would see in the browser. Learn more at https://react.dev/link/wrap-tests-with-act
An update to App inside a test was not wrapped in act(...).

When testing, code that causes React state updates should be wrapped into act(...):

act(() => {
  /* fire events that update state */
});
/* assert on the output */

This ensures that you're testing the behavior the user would see in the browser. Learn more at https://react.dev/link/wrap-tests-with-act
An update to App inside a test was not wrapped in act(...).

When testing, code that causes React state updates should be wrapped into act(...):

act(() => {
  /* fire events that update state */
});
/* assert on the output */

This ensures that you're testing the behavior the user would see in the browser. Learn more at https://react.dev/link/wrap-tests-with-act
An update to App inside a test was not wrapped in act(...).

When testing, code that causes React state updates should be wrapped into act(...):

act(() => {
  /* fire events that update state */
});
/* assert on the output */

This ensures that you're testing the behavior the user would see in the browser. Learn more at https://react.dev/link/wrap-tests-with-act
An update to App inside a test was not wrapped in act(...).

When testing, code that causes React state updates should be wrapped into act(...):

act(() => {
  /* fire events that update state */
});
/* assert on the output */

This ensures that you're testing the behavior the user would see in the browser. Learn more at https://react.dev/link/wrap-tests-with-act
An update to App inside a test was not wrapped in act(...).

When testing, code that causes React state updates should be wrapped into act(...):

act(() => {
  /* fire events that update state */
});
/* assert on the output */

This ensures that you're testing the behavior the user would see in the browser. Learn more at https://react.dev/link/wrap-tests-with-act
An update to App inside a test was not wrapped in act(...).

When testing, code that causes React state updates should be wrapped into act(...):

act(() => {
  /* fire events that update state */
});
/* assert on the output */

This ensures that you're testing the behavior the user would see in the browser. Learn more at https://react.dev/link/wrap-tests-with-act
An update to App inside a test was not wrapped in act(...).

When testing, code that causes React state updates should be wrapped into act(...):

act(() => {
  /* fire events that update state */
});
/* assert on the output */

This ensures that you're testing the behavior the user would see in the browser. Learn more at https://react.dev/link/wrap-tests-with-act

stderr | App.test.tsx > App session callbacks > keeps the persistent chat header opt-in for existing integrations
An update to App inside a test was not wrapped in act(...).

When testing, code that causes React state updates should be wrapped into act(...):

act(() => {
  /* fire events that update state */
});
/* assert on the output */

This ensures that you're testing the behavior the user would see in the browser. Learn more at https://react.dev/link/wrap-tests-with-act
An update to App inside a test was not wrapped in act(...).

When testing, code that causes React state updates should be wrapped into act(...):

act(() => {
  /* fire events that update state */
});
/* assert on the output */

This ensures that you're testing the behavior the user would see in the browser. Learn more at https://react.dev/link/wrap-tests-with-act

stderr | App.test.tsx > App session callbacks > appends composer actions without replacing context-sensitive defaults
An update to App inside a test was not wrapped in act(...).

When testing, code that causes React state updates should be wrapped into act(...):

act(() => {
  /* fire events that update state */
});
/* assert on the output */

This ensures that you're testing the behavior the user would see in the browser. Learn more at https://react.dev/link/wrap-tests-with-act
An update to App inside a test was not wrapped in act(...).

When testing, code that causes React state updates should be wrapped into act(...):

act(() => {
  /* fire events that update state */
});
/* assert on the output */

This ensures that you're testing the behavior the user would see in the browser. Learn more at https://react.dev/link/wrap-tests-with-act
An update to App inside a test was not wrapped in act(...).

When testing, code that causes React state updates should be wrapped into act(...):

act(() => {
  /* fire events that update state */
});
/* assert on the output */

This ensures that you're testing the behavior the user would see in the browser. Learn more at https://react.dev/link/wrap-tests-with-act
An update to App inside a test was not wrapped in act(...).

When testing, code that causes React state updates should be wrapped into act(...):

act(() => {
  /* fire events that update state */
});
/* assert on the output */

This ensures that you're testing the behavior the user would see in the browser. Learn more at https://react.dev/link/wrap-tests-with-act

stderr | App.test.tsx > App session callbacks > lets a custom renderer replace the complete persistent chat header
An update to App inside a test was not wrapped in act(...).

When testing, code that causes React state updates should be wrapped into act(...):

act(() => {
  /* fire events that update state */
});
/* assert on the output */

This ensures that you're testing the behavior the user would see in the browser. Learn more at https://react.dev/link/wrap-tests-with-act
An update to App inside a test was not wrapped in act(...).

When testing, code that causes React state updates should be wrapped into act(...):

act(() => {
  /* fire events that update state */
});
/* assert on the output */

This ensures that you're testing the behavior the user would see in the browser. Learn more at https://react.dev/link/wrap-tests-with-act
An update to App inside a test was not wrapped in act(...).

When testing, code that causes React state updates should be wrapped into act(...):

act(() => {
  /* fire events that update state */
});
/* assert on the output */

This ensures that you're testing the behavior the user would see in the browser. Learn more at https://react.dev/link/wrap-tests-with-act
An update to App inside a test was not wrapped in act(...).

When testing, code that causes React state updates should be wrapped into act(...):

act(() => {
  /* fire events that update state */
});
/* assert on the output */

This ensures that you're testing the behavior the user would see in the browser. Learn more at https://react.dev/link/wrap-tests-with-act
An update to App inside a test was not wrapped in act(...).

When testing, code that causes React state updates should be wrapped into act(...):

act(() => {
  /* fire events that update state */
});
/* assert on the output */

This ensures that you're testing the behavior the user would see in the browser. Learn more at https://react.dev/link/wrap-tests-with-act
An update to App inside a test was not wrapped in act(...).

When testing, code that causes React state updates should be wrapped into act(...):

act(() => {
  /* fire events that update state */
});
/* assert on the output */

This ensures that you're testing the behavior the user would see in the browser. Learn more at https://react.dev/link/wrap-tests-with-act
An update to App inside a test was not wrapped in act(...).

When testing, code that causes React state updates should be wrapped into act(...):

act(() => {
  /* fire events that update state */
});
/* assert on the output */

This ensures that you're testing the behavior the user would see in the browser. Learn more at https://react.dev/link/wrap-tests-with-act
An update to App inside a test was not wrapped in act(...).

When testing, code that causes React state updates should be wrapped into act(...):

act(() => {
  /* fire events that update state */
});
/* assert on the output */

This ensures that you're testing the behavior the user would see in the browser. Learn more at https://react.dev/link/wrap-tests-with-act

stderr | App.test.tsx > App session callbacks > lets a custom renderer replace the complete persistent chat header
An update to App inside a test was not wrapped in act(...).

When testing, code that causes React state updates should be wrapped into act(...):

act(() => {
  /* fire events that update state */
});
/* assert on the output */

This ensures that you're testing the behavior the user would see in the browser. Learn more at https://react.dev/link/wrap-tests-with-act
An update to App inside a test was not wrapped in act(...).

When testing, code that causes React state updates should be wrapped into act(...):

act(() => {
  /* fire events that update state */
});
/* assert on the output */

This ensures that you're testing the behavior the user would see in the browser. Learn more at https://react.dev/link/wrap-tests-with-act

stderr | App.test.tsx > App session callbacks > keeps legacy task status for a custom header without explicit header configuration
An update to App inside a test was not wrapped in act(...).

When testing, code that causes React state updates should be wrapped into act(...):

act(() => {
  /* fire events that update state */
});
/* assert on the output */

This ensures that you're testing the behavior the user would see in the browser. Learn more at https://react.dev/link/wrap-tests-with-act
An update to App inside a test was not wrapped in act(...).

When testing, code that causes React state updates should be wrapped into act(...):

act(() => {
  /* fire events that update state */
});
/* assert on the output */

This ensures that you're testing the behavior the user would see in the browser. Learn more at https://react.dev/link/wrap-tests-with-act
An update to App inside a test was not wrapped in act(...).

When testing, code that causes React state updates should be wrapped into act(...):

act(() => {
  /* fire events that update state */
});
/* assert on the output */

This ensures that you're testing the behavior the user would see in the browser. Learn more at https://react.dev/link/wrap-tests-with-act
An update to App inside a test was not wrapped in act(...).

When testing, code that causes React state updates should be wrapped into act(...):

act(() => {
  /* fire events that update state */
});
/* assert on the output */

This ensures that you're testing the behavior the user would see in the browser. Learn more at https://react.dev/link/wrap-tests-with-act
An update to App inside a test was not wrapped in act(...).

When testing, code that causes React state updates should be wrapped into act(...):

act(() => {
  /* fire events that update state */
});
/* assert on the output */

This ensures that you're testing the behavior the user would see in the browser. Learn more at https://react.dev/link/wrap-tests-with-act
An update to App inside a test was not wrapped in act(...).

When testing, code that causes React state updates should be wrapped into act(...):

act(() => {
  /* fire events that update state */
});
/* assert on the output */

This ensures that you're testing the behavior the user would see in the browser. Learn more at https://react.dev/link/wrap-tests-with-act
An update to App inside a test was not wrapped in act(...).

When testing, code that causes React state updates should be wrapped into act(...):

act(() => {
  /* fire events that update state */
});
/* assert on the output */

This ensures that you're testing the behavior the user would see in the browser. Learn more at https://react.dev/link/wrap-tests-with-act
An update to App inside a test was not wrapped in act(...).

When testing, code that causes React state updates should be wrapped into act(...):

act(() => {
  /* fire events that update state */
});
/* assert on the output */

This ensures that you're testing the behavior the user would see in the browser. Learn more at https://react.dev/link/wrap-tests-with-act

stderr | App.test.tsx > App session callbacks > keeps legacy task status for a custom header without explicit header configuration
An update to App inside a test was not wrapped in act(...).

When testing, code that causes React state updates should be wrapped into act(...):

act(() => {
  /* fire events that update state */
});
/* assert on the output */

This ensures that you're testing the behavior the user would see in the browser. Learn more at https://react.dev/link/wrap-tests-with-act
An update to App inside a test was not wrapped in act(...).

When testing, code that causes React state updates should be wrapped into act(...):

act(() => {
  /* fire events that update state */
});
/* assert on the output */

This ensures that you're testing the behavior the user would see in the browser. Learn more at https://react.dev/link/wrap-tests-with-act

stderr | App.test.tsx > App session callbacks > controls the built-in chat header actions through header items
An update to App inside a test was not wrapped in act(...).

When testing, code that causes React state updates should be wrapped into act(...):

act(() => {
  /* fire events that update state */
});
/* assert on the output */

This ensures that you're testing the behavior the user would see in the browser. Learn more at https://react.dev/link/wrap-tests-with-act
An update to App inside a test was not wrapped in act(...).

When testing, code that causes React state updates should be wrapped into act(...):

act(() => {
  /* fire events that update state */
});
/* assert on the output */

This ensures that you're testing the behavior the user would see in the browser. Learn more at https://react.dev/link/wrap-tests-with-act
An update to App inside a test was not wrapped in act(...).

When testing, code that causes React state updates should be wrapped into act(...):

act(() => {
  /* fire events that update state */
});
/* assert on the output */

This ensures that you're testing the behavior the user would see in the browser. Learn more at https://react.dev/link/wrap-tests-with-act
An update to App inside a test was not wrapped in act(...).

When testing, code that causes React state updates should be wrapped into act(...):

act(() => {
  /* fire events that update state */
});
/* assert on the output */

This ensures that you're testing the behavior the user would see in the browser. Learn more at https://react.dev/link/wrap-tests-with-act
An update to App inside a test was not wrapped in act(...).

When testing, code that causes React state updates should be wrapped into act(...):

act(() => {
  /* fire events that update state */
});
/* assert on the output */

This ensures that you're testing the behavior the user would see in the browser. Learn more at https://react.dev/link/wrap-tests-with-act
An update to App inside a test was not wrapped in act(...).

When testing, code that causes React state updates should be wrapped into act(...):

act(() => {
  /* fire events that update state */
});
/* assert on the output */

This ensures that you're testing the behavior the user would see in the browser. Learn more at https://react.dev/link/wrap-tests-with-act
An update to App inside a test was not wrapped in act(...).

When testing, code that causes React state updates should be wrapped into act(...):

act(() => {
  /* fire events that update state */
});
/* assert on the output */

This ensures that you're testing the behavior the user would see in the browser. Learn more at https://react.dev/link/wrap-tests-with-act
An update to App inside a test was not wrapped in act(...).

When testing, code that causes React state updates should be wrapped into act(...):

act(() => {
  /* fire events that update state */
});
/* assert on the output */

This ensures that you're testing the behavior the user would see in the browser. Learn more at https://react.dev/link/wrap-tests-with-act

stderr | App.test.tsx > App session callbacks > controls the built-in chat header actions through header items
An update to App inside a test was not wrapped in act(...).

When testing, code that causes React state updates should be wrapped into act(...):

act(() => {
  /* fire events that update state */
});
/* assert on the output */

This ensures that you're testing the behavior the user would see in the browser. Learn more at https://react.dev/link/wrap-tests-with-act
An update to App inside a test was not wrapped in act(...).

When testing, code that causes React state updates should be wrapped into act(...):

act(() => {
  /* fire events that update state */
});
/* assert on the output */

This ensures that you're testing the behavior the user would see in the browser. Learn more at https://react.dev/link/wrap-tests-with-act

stderr | App.test.tsx > App session callbacks > hides the complete chat header when header items are empty
An update to App inside a test was not wrapped in act(...).

When testing, code that causes React state updates should be wrapped into act(...):

act(() => {
  /* fire events that update state */
});
/* assert on the output */

This ensures that you're testing the behavior the user would see in the browser. Learn more at https://react.dev/link/wrap-tests-with-act
An update to App inside a test was not wrapped in act(...).

When testing, code that causes React state updates should be wrapped into act(...):

act(() => {
  /* fire events that update state */
});
/* assert on the output */

This ensures that you're testing the behavior the user would see in the browser. Learn more at https://react.dev/link/wrap-tests-with-act
An update to App inside a test was not wrapped in act(...).

When testing, code that causes React state updates should be wrapped into act(...):

act(() => {
  /* fire events that update state */
});
/* assert on the output */

This ensures that you're testing the behavior the user would see in the browser. Learn more at https://react.dev/link/wrap-tests-with-act
An update to App inside a test was not wrapped in act(...).

When testing, code that causes React state updates should be wrapped into act(...):

act(() => {
  /* fire events that update state */
});
/* assert on the output */

This ensures that you're testing the behavior the user would see in the browser. Learn more at https://react.dev/link/wrap-tests-with-act
An update to App inside a test was not wrapped in act(...).

When testing, code that causes React state updates should be wrapped into act(...):

act(() => {
  /* fire events that update state */
});
/* assert on the output */

This ensures that you're testing the behavior the user would see in the browser. Learn more at https://react.dev/link/wrap-tests-with-act
An update to App inside a test was not wrapped in act(...).

When testing, code that causes React state updates should be wrapped into act(...):

act(() => {
  /* fire events that update state */
});
/* assert on the output */

This ensures that you're testing the behavior the user would see in the browser. Learn more at https://react.dev/link/wrap-tests-with-act
An update to App inside a test was not wrapped in act(...).

When testing, code that causes React state updates should be wrapped into act(...):

act(() => {
  /* fire events that update state */
});
/* assert on the output */

This ensures that you're testing the behavior the user would see in the browser. Learn more at https://react.dev/link/wrap-tests-with-act
An update to App inside a test was not wrapped in act(...).

When testing, code that causes React state updates should be wrapped into act(...):

act(() => {
  /* fire events that update state */
});
/* assert on the output */

This ensures that you're testing the behavior the user would see in the browser. Learn more at https://react.dev/link/wrap-tests-with-act

stderr | App.test.tsx > App session callbacks > hides the complete chat header when header items are empty
An update to App inside a test was not wrapped in act(...).

When testing, code that causes React state updates should be wrapped into act(...):

act(() => {
  /* fire events that update state */
});
/* assert on the output */

This ensures that you're testing the behavior the user would see in the browser. Learn more at https://react.dev/link/wrap-tests-with-act
An update to App inside a test was not wrapped in act(...).

When testing, code that causes React state updates should be wrapped into act(...):

act(() => {
  /* fire events that update state */
});
/* assert on the output */

This ensures that you're testing the behavior the user would see in the browser. Learn more at https://react.dev/link/wrap-tests-with-act

stderr | App.test.tsx > App session callbacks > opens environment information without restoring composer Git information
An update to App inside a test was not wrapped in act(...).

When testing, code that causes React state updates should be wrapped into act(...):

act(() => {
  /* fire events that update state */
});
/* assert on the output */

This ensures that you're testing the behavior the user would see in the browser. Learn more at https://react.dev/link/wrap-tests-with-act
An update to App inside a test was not wrapped in act(...).

When testing, code that causes React state updates should be wrapped into act(...):

act(() => {
  /* fire events that update state */
});
/* assert on the output */

This ensures that you're testing the behavior the user would see in the browser. Learn more at https://react.dev/link/wrap-tests-with-act
An update to App inside a test was not wrapped in act(...).

When testing, code that causes React state updates should be wrapped into act(...):

act(() => {
  /* fire events that update state */
});
/* assert on the output */

This ensures that you're testing the behavior the user would see in the browser. Learn more at https://react.dev/link/wrap-tests-with-act
An update to App inside a test was not wrapped in act(...).

When testing, code that causes React state updates should be wrapped into act(...):

act(() => {
  /* fire events that update state */
});
/* assert on the output */

This ensures that you're testing the behavior the user would see in the browser. Learn more at https://react.dev/link/wrap-tests-with-act
An update to App inside a test was not wrapped in act(...).

When testing, code that causes React state updates should be wrapped into act(...):

act(() => {
  /* fire events that update state */
});
/* assert on the output */

This ensures that you're testing the behavior the user would see in the browser. Learn more at https://react.dev/link/wrap-tests-with-act
An update to App inside a test was not wrapped in act(...).

When testing, code that causes React state updates should be wrapped into act(...):

act(() => {
  /* fire events that update state */
});
/* assert on the output */

This ensures that you're testing the behavior the user would see in the browser. Learn more at https://react.dev/link/wrap-tests-with-act
An update to App inside a test was not wrapped in act(...).

When testing, code that causes React state updates should be wrapped into act(...):

act(() => {
  /* fire events that update state */
});
/* assert on the output */

This ensures that you're testing the behavior the user would see in the browser. Learn more at https://react.dev/link/wrap-tests-with-act
An update to App inside a test was not wrapped in act(...).

When testing, code that causes React state updates should be wrapped into act(...):

act(() => {
  /* fire events that update state */
});
/* assert on the output */

This ensures that you're testing the behavior the user would see in the browser. Learn more at https://react.dev/link/wrap-tests-with-act

stderr | App.test.tsx > App session callbacks > opens environment information without restoring composer Git information
An update to App inside a test was not wrapped in act(...).

When testing, code that causes React state updates should be wrapped into act(...):

act(() => {
  /* fire events that update state */
});
/* assert on the output */

This ensures that you're testing the behavior the user would see in the browser. Learn more at https://react.dev/link/wrap-tests-with-act
An update to App inside a test was not wrapped in act(...).

When testing, code that causes React state updates should be wrapped into act(...):

act(() => {
  /* fire events that update state */
});
/* assert on the output */

This ensures that you're testing the behavior the user would see in the browser. Learn more at https://react.dev/link/wrap-tests-with-act

stderr | App.test.tsx > App session callbacks > keeps the right-panel action visible and opens a review-only empty state
An update to App inside a test was not wrapped in act(...).

When testing, code that causes React state updates should be wrapped into act(...):

act(() => {
  /* fire events that update state */
});
/* assert on the output */

This ensures that you're testing the behavior the user would see in the browser. Learn more at https://react.dev/link/wrap-tests-with-act
An update to App inside a test was not wrapped in act(...).

When testing, code that causes React state updates should be wrapped into act(...):

act(() => {
  /* fire events that update state */
});
/* assert on the output */

This ensures that you're testing the behavior the user would see in the browser. Learn more at https://react.dev/link/wrap-tests-with-act
An update to App inside a test was not wrapped in act(...).

When testing, code that causes React state updates should be wrapped into act(...):

act(() => {
  /* fire events that update state */
});
/* assert on the output */

This ensures that you're testing the behavior the user would see in the browser. Learn more at https://react.dev/link/wrap-tests-with-act
An update to App inside a test was not wrapped in act(...).

When testing, code that causes React state updates should be wrapped into act(...):

act(() => {
  /* fire events that update state */
});
/* assert on the output */

This ensures that you're testing the behavior the user would see in the browser. Learn more at https://react.dev/link/wrap-tests-with-act
An update to App inside a test was not wrapped in act(...).

When testing, code that causes React state updates should be wrapped into act(...):

act(() => {
  /* fire events that update state */
});
/* assert on the output */

This ensures that you're testing the behavior the user would see in the browser. Learn more at https://react.dev/link/wrap-tests-with-act
An update to App inside a test was not wrapped in act(...).

When testing, code that causes React state updates should be wrapped into act(...):

act(() => {
  /* fire events that update state */
});
/* assert on the output */

This ensures that you're testing the behavior the user would see in the browser. Learn more at https://react.dev/link/wrap-tests-with-act
An update to App inside a test was not wrapped in act(...).

When testing, code that causes React state updates should be wrapped into act(...):

act(() => {
  /* fire events that update state */
});
/* assert on the output */

This ensures that you're testing the behavior the user would see in the browser. Learn more at https://react.dev/link/wrap-tests-with-act
An update to App inside a test was not wrapped in act(...).

When testing, code that causes React state updates should be wrapped into act(...):

act(() => {
  /* fire events that update state */
});
/* assert on the output */

This ensures that you're testing the behavior the user would see in the browser. Learn more at https://react.dev/link/wrap-tests-with-act

stderr | App.test.tsx > App session callbacks > keeps the right-panel action visible and opens a review-only empty state
An update to App inside a test was not wrapped in act(...).

When testing, code that causes React state updates should be wrapped into act(...):

act(() => {
  /* fire events that update state */
});
/* assert on the output */

This ensures that you're testing the behavior the user would see in the browser. Learn more at https://react.dev/link/wrap-tests-with-act
An update to App inside a test was not wrapped in act(...).

When testing, code that causes React state updates should be wrapped into act(...):

act(() => {
  /* fire events that update state */
});
/* assert on the output */

This ensures that you're testing the behavior the user would see in the browser. Learn more at https://react.dev/link/wrap-tests-with-act

stderr | App.test.tsx > App session callbacks > shows the manual terminal action when configured and advertised
An update to App inside a test was not wrapped in act(...).

When testing, code that causes React state updates should be wrapped into act(...):

act(() => {
  /* fire events that update state */
});
/* assert on the output */

This ensures that you're testing the behavior the user would see in the browser. Learn more at https://react.dev/link/wrap-tests-with-act
An update to App inside a test was not wrapped in act(...).

When testing, code that causes React state updates should be wrapped into act(...):

act(() => {
  /* fire events that update state */
});
/* assert on the output */

This ensures that you're testing the behavior the user would see in the browser. Learn more at https://react.dev/link/wrap-tests-with-act
An update to App inside a test was not wrapped in act(...).

When testing, code that causes React state updates should be wrapped into act(...):

act(() => {
  /* fire events that update state */
});
/* assert on the output */

This ensures that you're testing the behavior the user would see in the browser. Learn more at https://react.dev/link/wrap-tests-with-act
An update to App inside a test was not wrapped in act(...).

When testing, code that causes React state updates should be wrapped into act(...):

act(() => {
  /* fire events that update state */
});
/* assert on the output */

This ensures that you're testing the behavior the user would see in the browser. Learn more at https://react.dev/link/wrap-tests-with-act
An update to App inside a test was not wrapped in act(...).

When testing, code that causes React state updates should be wrapped into act(...):

act(() => {
  /* fire events that update state */
});
/* assert on the output */

This ensures that you're testing the behavior the user would see in the browser. Learn more at https://react.dev/link/wrap-tests-with-act
An update to App inside a test was not wrapped in act(...).

When testing, code that causes React state updates should be wrapped into act(...):

act(() => {
  /* fire events that update state */
});
/* assert on the output */

This ensures that you're testing the behavior the user would see in the browser. Learn more at https://react.dev/link/wrap-tests-with-act
An update to App inside a test was not wrapped in act(...).

When testing, code that causes React state updates should be wrapped into act(...):

act(() => {
  /* fire events that update state */
});
/* assert on the output */

This ensures that you're testing the behavior the user would see in the browser. Learn more at https://react.dev/link/wrap-tests-with-act
An update to App inside a test was not wrapped in act(...).

When testing, code that causes React state updates should be wrapped into act(...):

act(() => {
  /* fire events that update state */
});
/* assert on the output */

This ensures that you're testing the behavior the user would see in the browser. Learn more at https://react.dev/link/wrap-tests-with-act

stderr | App.test.tsx > App session callbacks > shows the manual terminal action when configured and advertised
An update to App inside a test was not wrapped in act(...).

When testing, code that causes React state updates should be wrapped into act(...):

act(() => {
  /* fire events that update state */
});
/* assert on the output */

This ensures that you're testing the behavior the user would see in the browser. Learn more at https://react.dev/link/wrap-tests-with-act
An update to App inside a test was not wrapped in act(...).

When testing, code that causes React state updates should be wrapped into act(...):

act(() => {
  /* fire events that update state */
});
/* assert on the output */

This ensures that you're testing the behavior the user would see in the browser. Learn more at https://react.dev/link/wrap-tests-with-act

stderr | App.test.tsx > App session callbacks > hides the manual terminal action without the capability
An update to App inside a test was not wrapped in act(...).

When testing, code that causes React state updates should be wrapped into act(...):

act(() => {
  /* fire events that update state */
});
/* assert on the output */

This ensures that you're testing the behavior the user would see in the browser. Learn more at https://react.dev/link/wrap-tests-with-act
An update to App inside a test was not wrapped in act(...).

When testing, code that causes React state updates should be wrapped into act(...):

act(() => {
  /* fire events that update state */
});
/* assert on the output */

This ensures that you're testing the behavior the user would see in the browser. Learn more at https://react.dev/link/wrap-tests-with-act
An update to App inside a test was not wrapped in act(...).

When testing, code that causes React state updates should be wrapped into act(...):

act(() => {
  /* fire events that update state */
});
/* assert on the output */

This ensures that you're testing the behavior the user would see in the browser. Learn more at https://react.dev/link/wrap-tests-with-act
An update to App inside a test was not wrapped in act(...).

When testing, code that causes React state updates should be wrapped into act(...):

act(() => {
  /* fire events that update state */
});
/* assert on the output */

This ensures that you're testing the behavior the user would see in the browser. Learn more at https://react.dev/link/wrap-tests-with-act
An update to App inside a test was not wrapped in act(...).

When testing, code that causes React state updates should be wrapped into act(...):

act(() => {
  /* fire events that update state */
});
/* assert on the output */

This ensures that you're testing the behavior the user would see in the browser. Learn more at https://react.dev/link/wrap-tests-with-act
An update to App inside a test was not wrapped in act(...).

When testing, code that causes React state updates should be wrapped into act(...):

act(() => {
  /* fire events that update state */
});
/* assert on the output */

This ensures that you're testing the behavior the user would see in the browser. Learn more at https://react.dev/link/wrap-tests-with-act
An update to App inside a test was not wrapped in act(...).

When testing, code that causes React state updates should be wrapped into act(...):

act(() => {
  /* fire events that update state */
});
/* assert on the output */

This ensures that you're testing the behavior the user would see in the browser. Learn more at https://react.dev/link/wrap-tests-with-act
An update to App inside a test was not wrapped in act(...).

When testing, code that causes React state updates should be wrapped into act(...):

act(() => {
  /* fire events that update state */
});
/* assert on the output */

This ensures that you're testing the behavior the user would see in the browser. Learn more at https://react.dev/link/wrap-tests-with-act

stderr | App.test.tsx > App session callbacks > hides the manual terminal action without the capability
An update to App inside a test was not wrapped in act(...).

When testing, code that causes React state updates should be wrapped into act(...):

act(() => {
  /* fire events that update state */
});
/* assert on the output */

This ensures that you're testing the behavior the user would see in the browser. Learn more at https://react.dev/link/wrap-tests-with-act
An update to App inside a test was not wrapped in act(...).

When testing, code that causes React state updates should be wrapped into act(...):

act(() => {
  /* fire events that update state */
});
/* assert on the output */

This ensures that you're testing the behavior the user would see in the browser. Learn more at https://react.dev/link/wrap-tests-with-act

stderr | App.test.tsx > App session callbacks > hides the manual terminal action when it is not configured
An update to App inside a test was not wrapped in act(...).

When testing, code that causes React state updates should be wrapped into act(...):

act(() => {
  /* fire events that update state */
});
/* assert on the output */

This ensures that you're testing the behavior the user would see in the browser. Learn more at https://react.dev/link/wrap-tests-with-act
An update to App inside a test was not wrapped in act(...).

When testing, code that causes React state updates should be wrapped into act(...):

act(() => {
  /* fire events that update state */
});
/* assert on the output */

This ensures that you're testing the behavior the user would see in the browser. Learn more at https://react.dev/link/wrap-tests-with-act
An update to App inside a test was not wrapped in act(...).

When testing, code that causes React state updates should be wrapped into act(...):

act(() => {
  /* fire events that update state */
});
/* assert on the output */

This ensures that you're testing the behavior the user would see in the browser. Learn more at https://react.dev/link/wrap-tests-with-act
An update to App inside a test was not wrapped in act(...).

When testing, code that causes React state updates should be wrapped into act(...):

act(() => {
  /* fire events that update state */
});
/* assert on the output */

This ensures that you're testing the behavior the user would see in the browser. Learn more at https://react.dev/link/wrap-tests-with-act
An update to App inside a test was not wrapped in act(...).

When testing, code that causes React state updates should be wrapped into act(...):

act(() => {
  /* fire events that update state */
});
/* assert on the output */

This ensures that you're testing the behavior the user would see in the browser. Learn more at https://react.dev/link/wrap-tests-with-act
An update to App inside a test was not wrapped in act(...).

When testing, code that causes React state updates should be wrapped into act(...):

act(() => {
  /* fire events that update state */
});
/* assert on the output */

This ensures that you're testing the behavior the user would see in the browser. Learn more at https://react.dev/link/wrap-tests-with-act
An update to App inside a test was not wrapped in act(...).

When testing, code that causes React state updates should be wrapped into act(...):

act(() => {
  /* fire events that update state */
});
/* assert on the output */

This ensures that you're testing the behavior the user would see in the browser. Learn more at https://react.dev/link/wrap-tests-with-act
An update to App inside a test was not wrapped in act(...).

When testing, code that causes React state updates should be wrapped into act(...):

act(() => {
  /* fire events that update state */
});
/* assert on the output */

This ensures that you're testing the behavior the user would see in the browser. Learn more at https://react.dev/link/wrap-tests-with-act

stderr | App.test.tsx > App session callbacks > hides the manual terminal action when it is not configured
An update to App inside a test was not wrapped in act(...).

When testing, code that causes React state updates should be wrapped into act(...):

act(() => {
  /* fire events that update state */
});
/* assert on the output */

This ensures that you're testing the behavior the user would see in the browser. Learn more at https://react.dev/link/wrap-tests-with-act
An update to App inside a test was not wrapped in act(...).

When testing, code that causes React state updates should be wrapped into act(...):

act(() => {
  /* fire events that update state */
});
/* assert on the output */

This ensures that you're testing the behavior the user would see in the browser. Learn more at https://react.dev/link/wrap-tests-with-act

stderr | App.test.tsx > App session callbacks > opens the latest reviewable turn from the empty right panel
An update to App inside a test was not wrapped in act(...).

When testing, code that causes React state updates should be wrapped into act(...):

act(() => {
  /* fire events that update state */
});
/* assert on the output */

This ensures that you're testing the behavior the user would see in the browser. Learn more at https://react.dev/link/wrap-tests-with-act
An update to App inside a test was not wrapped in act(...).

When testing, code that causes React state updates should be wrapped into act(...):

act(() => {
  /* fire events that update state */
});
/* assert on the output */

This ensures that you're testing the behavior the user would see in the browser. Learn more at https://react.dev/link/wrap-tests-with-act
An update to App inside a test was not wrapped in act(...).

When testing, code that causes React state updates should be wrapped into act(...):

act(() => {
  /* fire events that update state */
});
/* assert on the output */

This ensures that you're testing the behavior the user would see in the browser. Learn more at https://react.dev/link/wrap-tests-with-act
An update to App inside a test was not wrapped in act(...).

When testing, code that causes React state updates should be wrapped into act(...):

act(() => {
  /* fire events that update state */
});
/* assert on the output */

This ensures that you're testing the behavior the user would see in the browser. Learn more at https://react.dev/link/wrap-tests-with-act
An update to App inside a test was not wrapped in act(...).

When testing, code that causes React state updates should be wrapped into act(...):

act(() => {
  /* fire events that update state */
});
/* assert on the output */

This ensures that you're testing the behavior the user would see in the browser. Learn more at https://react.dev/link/wrap-tests-with-act

stderr | App.test.tsx > App session callbacks > opens the latest reviewable turn from the empty right panel
An update to App inside a test was not wrapped in act(...).

When testing, code that causes React state updates should be wrapped into act(...):

act(() => {
  /* fire events that update state */
});
/* assert on the output */

This ensures that you're testing the behavior the user would see in the browser. Learn more at https://react.dev/link/wrap-tests-with-act
An update to App inside a test was not wrapped in act(...).

When testing, code that causes React state updates should be wrapped into act(...):

act(() => {
  /* fire events that update state */
});
/* assert on the output */

This ensures that you're testing the behavior the user would see in the browser. Learn more at https://react.dev/link/wrap-tests-with-act

stderr | App.test.tsx > App session callbacks > floats environment information in ultrawide mode
An update to App inside a test was not wrapped in act(...).

When testing, code that causes React state updates should be wrapped into act(...):

act(() => {
  /* fire events that update state */
});
/* assert on the output */

This ensures that you're testing the behavior the user would see in the browser. Learn more at https://react.dev/link/wrap-tests-with-act
An update to App inside a test was not wrapped in act(...).

When testing, code that causes React state updates should be wrapped into act(...):

act(() => {
  /* fire events that update state */
});
/* assert on the output */

This ensures that you're testing the behavior the user would see in the browser. Learn more at https://react.dev/link/wrap-tests-with-act
An update to App inside a test was not wrapped in act(...).

When testing, code that causes React state updates should be wrapped into act(...):

act(() => {
  /* fire events that update state */
});
/* assert on the output */

This ensures that you're testing the behavior the user would see in the browser. Learn more at https://react.dev/link/wrap-tests-with-act
An update to App inside a test was not wrapped in act(...).

When testing, code that causes React state updates should be wrapped into act(...):

act(() => {
  /* fire events that update state */
});
/* assert on the output */

This ensures that you're testing the behavior the user would see in the browser. Learn more at https://react.dev/link/wrap-tests-with-act
An update to App inside a test was not wrapped in act(...).

When testing, code that causes React state updates should be wrapped into act(...):

act(() => {
  /* fire events that update state */
});
/* assert on the output */

This ensures that you're testing the behavior the user would see in the browser. Learn more at https://react.dev/link/wrap-tests-with-act
An update to App inside a test was not wrapped in act(...).

When testing, code that causes React state updates should be wrapped into act(...):

act(() => {
  /* fire events that update state */
});
/* assert on the output */

This ensures that you're testing the behavior the user would see in the browser. Learn more at https://react.dev/link/wrap-tests-with-act
An update to App inside a test was not wrapped in act(...).

When testing, code that causes React state updates should be wrapped into act(...):

act(() => {
  /* fire events that update state */
});
/* assert on the output */

This ensures that you're testing the behavior the user would see in the browser. Learn more at https://react.dev/link/wrap-tests-with-act
An update to App inside a test was not wrapped in act(...).

When testing, code that causes React state updates should be wrapped into act(...):

act(() => {
  /* fire events that update state */
});
/* assert on the output */

This ensures that you're testing the behavior the user would see in the browser. Learn more at https://react.dev/link/wrap-tests-with-act

stderr | App.test.tsx > App session callbacks > floats environment information in ultrawide mode
An update to App inside a test was not wrapped in act(...).

When testing, code that causes React state updates should be wrapped into act(...):

act(() => {
  /* fire events that update state */
});
/* assert on the output */

This ensures that you're testing the behavior the user would see in the browser. Learn more at https://react.dev/link/wrap-tests-with-act
An update to App inside a test was not wrapped in act(...).

When testing, code that causes React state updates should be wrapped into act(...):

act(() => {
  /* fire events that update state */
});
/* assert on the output */

This ensures that you're testing the behavior the user would see in the browser. Learn more at https://react.dev/link/wrap-tests-with-act

stderr | App.test.tsx > App session callbacks > keeps the environment action visible without dynamic activity
An update to App inside a test was not wrapped in act(...).

When testing, code that causes React state updates should be wrapped into act(...):

act(() => {
  /* fire events that update state */
});
/* assert on the output */

This ensures that you're testing the behavior the user would see in the browser. Learn more at https://react.dev/link/wrap-tests-with-act
An update to App inside a test was not wrapped in act(...).

When testing, code that causes React state updates should be wrapped into act(...):

act(() => {
  /* fire events that update state */
});
/* assert on the output */

This ensures that you're testing the behavior the user would see in the browser. Learn more at https://react.dev/link/wrap-tests-with-act
An update to App inside a test was not wrapped in act(...).

When testing, code that causes React state updates should be wrapped into act(...):

act(() => {
  /* fire events that update state */
});
/* assert on the output */

This ensures that you're testing the behavior the user would see in the browser. Learn more at https://react.dev/link/wrap-tests-with-act
An update to App inside a test was not wrapped in act(...).

When testing, code that causes React state updates should be wrapped into act(...):

act(() => {
  /* fire events that update state */
});
/* assert on the output */

This ensures that you're testing the behavior the user would see in the browser. Learn more at https://react.dev/link/wrap-tests-with-act
An update to App inside a test was not wrapped in act(...).

When testing, code that causes React state updates should be wrapped into act(...):

act(() => {
  /* fire events that update state */
});
/* assert on the output */

This ensures that you're testing the behavior the user would see in the browser. Learn more at https://react.dev/link/wrap-tests-with-act
An update to App inside a test was not wrapped in act(...).

When testing, code that causes React state updates should be wrapped into act(...):

act(() => {
  /* fire events that update state */
});
/* assert on the output */

This ensures that you're testing the behavior the user would see in the browser. Learn more at https://react.dev/link/wrap-tests-with-act
An update to App inside a test was not wrapped in act(...).

When testing, code that causes React state updates should be wrapped into act(...):

act(() => {
  /* fire events that update state */
});
/* assert on the output */

This ensures that you're testing the behavior the user would see in the browser. Learn more at https://react.dev/link/wrap-tests-with-act
An update to App inside a test was not wrapped in act(...).

When testing, code that causes React state updates should be wrapped into act(...):

act(() => {
  /* fire events that update state */
});
/* assert on the output */

This ensures that you're testing the behavior the user would see in the browser. Learn more at https://react.dev/link/wrap-tests-with-act

stderr | App.test.tsx > App session callbacks > keeps the environment action visible without dynamic activity
An update to App inside a test was not wrapped in act(...).

When testing, code that causes React state updates should be wrapped into act(...):

act(() => {
  /* fire events that update state */
});
/* assert on the output */

This ensures that you're testing the behavior the user would see in the browser. Learn more at https://react.dev/link/wrap-tests-with-act
An update to App inside a test was not wrapped in act(...).

When testing, code that causes React state updates should be wrapped into act(...):

act(() => {
  /* fire events that update state */
});
/* assert on the output */

This ensures that you're testing the behavior the user would see in the browser. Learn more at https://react.dev/link/wrap-tests-with-act

stderr | App.test.tsx > App session callbacks > keeps the environment action visible for a clean working tree
An update to App inside a test was not wrapped in act(...).

When testing, code that causes React state updates should be wrapped into act(...):

act(() => {
  /* fire events that update state */
});
/* assert on the output */

This ensures that you're testing the behavior the user would see in the browser. Learn more at https://react.dev/link/wrap-tests-with-act
An update to App inside a test was not wrapped in act(...).

When testing, code that causes React state updates should be wrapped into act(...):

act(() => {
  /* fire events that update state */
});
/* assert on the output */

This ensures that you're testing the behavior the user would see in the browser. Learn more at https://react.dev/link/wrap-tests-with-act
An update to App inside a test was not wrapped in act(...).

When testing, code that causes React state updates should be wrapped into act(...):

act(() => {
  /* fire events that update state */
});
/* assert on the output */

This ensures that you're testing the behavior the user would see in the browser. Learn more at https://react.dev/link/wrap-tests-with-act
An update to App inside a test was not wrapped in act(...).

When testing, code that causes React state updates should be wrapped into act(...):

act(() => {
  /* fire events that update state */
});
/* assert on the output */

This ensures that you're testing the behavior the user would see in the browser. Learn more at https://react.dev/link/wrap-tests-with-act
An update to App inside a test was not wrapped in act(...).

When testing, code that causes React state updates should be wrapped into act(...):

act(() => {
  /* fire events that update state */
});
/* assert on the output */

This ensures that you're testing the behavior the user would see in the browser. Learn more at https://react.dev/link/wrap-tests-with-act
An update to App inside a test was not wrapped in act(...).

When testing, code that causes React state updates should be wrapped into act(...):

act(() => {
  /* fire events that update state */
});
/* assert on the output */

This ensures that you're testing the behavior the user would see in the browser. Learn more at https://react.dev/link/wrap-tests-with-act
An update to App inside a test was not wrapped in act(...).

When testing, code that causes React state updates should be wrapped into act(...):

act(() => {
  /* fire events that update state */
});
/* assert on the output */

This ensures that you're testing the behavior the user would see in the browser. Learn more at https://react.dev/link/wrap-tests-with-act
An update to App inside a test was not wrapped in act(...).

When testing, code that causes React state updates should be wrapped into act(...):

act(() => {
  /* fire events that update state */
});
/* assert on the output */

This ensures that you're testing the behavior the user would see in the browser. Learn more at https://react.dev/link/wrap-tests-with-act

stderr | App.test.tsx > App session callbacks > keeps the environment action visible for a clean working tree
An update to App inside a test was not wrapped in act(...).

When testing, code that causes React state updates should be wrapped into act(...):

act(() => {
  /* fire events that update state */
});
/* assert on the output */

This ensures that you're testing the behavior the user would see in the browser. Learn more at https://react.dev/link/wrap-tests-with-act
An update to App inside a test was not wrapped in act(...).

When testing, code that causes React state updates should be wrapped into act(...):

act(() => {
  /* fire events that update state */
});
/* assert on the output */

This ensures that you're testing the behavior the user would see in the browser. Learn more at https://react.dev/link/wrap-tests-with-act

stderr | App.test.tsx > App session callbacks > shows the environment action for a background task in the transcript
An update to App inside a test was not wrapped in act(...).

When testing, code that causes React state updates should be wrapped into act(...):

act(() => {
  /* fire events that update state */
});
/* assert on the output */

This ensures that you're testing the behavior the user would see in the browser. Learn more at https://react.dev/link/wrap-tests-with-act
An update to App inside a test was not wrapped in act(...).

When testing, code that causes React state updates should be wrapped into act(...):

act(() => {
  /* fire events that update state */
});
/* assert on the output */

This ensures that you're testing the behavior the user would see in the browser. Learn more at https://react.dev/link/wrap-tests-with-act
An update to App inside a test was not wrapped in act(...).

When testing, code that causes React state updates should be wrapped into act(...):

act(() => {
  /* fire events that update state */
});
/* assert on the output */

This ensures that you're testing the behavior the user would see in the browser. Learn more at https://react.dev/link/wrap-tests-with-act
An update to App inside a test was not wrapped in act(...).

When testing, code that causes React state updates should be wrapped into act(...):

act(() => {
  /* fire events that update state */
});
/* assert on the output */

This ensures that you're testing the behavior the user would see in the browser. Learn more at https://react.dev/link/wrap-tests-with-act
An update to App inside a test was not wrapped in act(...).

When testing, code that causes React state updates should be wrapped into act(...):

act(() => {
  /* fire events that update state */
});
/* assert on the output */

This ensures that you're testing the behavior the user would see in the browser. Learn more at https://react.dev/link/wrap-tests-with-act
An update to App inside a test was not wrapped in act(...).

When testing, code that causes React state updates should be wrapped into act(...):

act(() => {
  /* fire events that update state */
});
/* assert on the output */

This ensures that you're testing the behavior the user would see in the browser. Learn more at https://react.dev/link/wrap-tests-with-act
An update to App inside a test was not wrapped in act(...).

When testing, code that causes React state updates should be wrapped into act(...):

act(() => {
  /* fire events that update state */
});
/* assert on the output */

This ensures that you're testing the behavior the user would see in the browser. Learn more at https://react.dev/link/wrap-tests-with-act
An update to App inside a test was not wrapped in act(...).

When testing, code that causes React state updates should be wrapped into act(...):

act(() => {
  /* fire events that update state */
});
/* assert on the output */

This ensures that you're testing the behavior the user would see in the browser. Learn more at https://react.dev/link/wrap-tests-with-act

stderr | App.test.tsx > App session callbacks > shows the environment action for a background task in the transcript
An update to App inside a test was not wrapped in act(...).

When testing, code that causes React state updates should be wrapped into act(...):

act(() => {
  /* fire events that update state */
});
/* assert on the output */

This ensures that you're testing the behavior the user would see in the browser. Learn more at https://react.dev/link/wrap-tests-with-act
An update to App inside a test was not wrapped in act(...).

When testing, code that causes React state updates should be wrapped into act(...):

act(() => {
  /* fire events that update state */
});
/* assert on the output */

This ensures that you're testing the behavior the user would see in the browser. Learn more at https://react.dev/link/wrap-tests-with-act

stderr | App.test.tsx > App session callbacks > opens an environment monitor in the right panel
An update to App inside a test was not wrapped in act(...).

When testing, code that causes React state updates should be wrapped into act(...):

act(() => {
  /* fire events that update state */
});
/* assert on the output */

This ensures that you're testing the behavior the user would see in the browser. Learn more at https://react.dev/link/wrap-tests-with-act
An update to App inside a test was not wrapped in act(...).

When testing, code that causes React state updates should be wrapped into act(...):

act(() => {
  /* fire events that update state */
});
/* assert on the output */

This ensures that you're testing the behavior the user would see in the browser. Learn more at https://react.dev/link/wrap-tests-with-act
An update to App inside a test was not wrapped in act(...).

When testing, code that causes React state updates should be wrapped into act(...):

act(() => {
  /* fire events that update state */
});
/* assert on the output */

This ensures that you're testing the behavior the user would see in the browser. Learn more at https://react.dev/link/wrap-tests-with-act
An update to App inside a test was not wrapped in act(...).

When testing, code that causes React state updates should be wrapped into act(...):

act(() => {
  /* fire events that update state */
});
/* assert on the output */

This ensures that you're testing the behavior the user would see in the browser. Learn more at https://react.dev/link/wrap-tests-with-act
An update to App inside a test was not wrapped in act(...).

When testing, code that causes React state updates should be wrapped into act(...):

act(() => {
  /* fire events that update state */
});
/* assert on the output */

This ensures that you're testing the behavior the user would see in the browser. Learn more at https://react.dev/link/wrap-tests-with-act
An update to App inside a test was not wrapped in act(...).

When testing, code that causes React state updates should be wrapped into act(...):

act(() => {
  /* fire events that update state */
});
/* assert on the output */

This ensures that you're testing the behavior the user would see in the browser. Learn more at https://react.dev/link/wrap-tests-with-act
An update to App inside a test was not wrapped in act(...).

When testing, code that causes React state updates should be wrapped into act(...):

act(() => {
  /* fire events that update state */
});
/* assert on the output */

This ensures that you're testing the behavior the user would see in the browser. Learn more at https://react.dev/link/wrap-tests-with-act
An update to App inside a test was not wrapped in act(...).

When testing, code that causes React state updates should be wrapped into act(...):

act(() => {
  /* fire events that update state */
});
/* assert on the output */

This ensures that you're testing the behavior the user would see in the browser. Learn more at https://react.dev/link/wrap-tests-with-act

stderr | App.test.tsx > App session callbacks > opens an environment monitor in the right panel
An update to App inside a test was not wrapped in act(...).

When testing, code that causes React state updates should be wrapped into act(...):

act(() => {
  /* fire events that update state */
});
/* assert on the output */

This ensures that you're testing the behavior the user would see in the browser. Learn more at https://react.dev/link/wrap-tests-with-act
An update to App inside a test was not wrapped in act(...).

When testing, code that causes React state updates should be wrapped into act(...):

act(() => {
  /* fire events that update state */
});
/* assert on the output */

This ensures that you're testing the behavior the user would see in the browser. Learn more at https://react.dev/link/wrap-tests-with-act

stderr | App.test.tsx > App session callbacks > opens an environment shell task in the right panel
An update to App inside a test was not wrapped in act(...).

When testing, code that causes React state updates should be wrapped into act(...):

act(() => {
  /* fire events that update state */
});
/* assert on the output */

This ensures that you're testing the behavior the user would see in the browser. Learn more at https://react.dev/link/wrap-tests-with-act
An update to App inside a test was not wrapped in act(...).

When testing, code that causes React state updates should be wrapped into act(...):

act(() => {
  /* fire events that update state */
});
/* assert on the output */

This ensures that you're testing the behavior the user would see in the browser. Learn more at https://react.dev/link/wrap-tests-with-act
An update to App inside a test was not wrapped in act(...).

When testing, code that causes React state updates should be wrapped into act(...):

act(() => {
  /* fire events that update state */
});
/* assert on the output */

This ensures that you're testing the behavior the user would see in the browser. Learn more at https://react.dev/link/wrap-tests-with-act
An update to App inside a test was not wrapped in act(...).

When testing, code that causes React state updates should be wrapped into act(...):

act(() => {
  /* fire events that update state */
});
/* assert on the output */

This ensures that you're testing the behavior the user would see in the browser. Learn more at https://react.dev/link/wrap-tests-with-act
An update to App inside a test was not wrapped in act(...).

When testing, code that causes React state updates should be wrapped into act(...):

act(() => {
  /* fire events that update state */
});
/* assert on the output */

This ensures that you're testing the behavior the user would see in the browser. Learn more at https://react.dev/link/wrap-tests-with-act
An update to App inside a test was not wrapped in act(...).

When testing, code that causes React state updates should be wrapped into act(...):

act(() => {
  /* fire events that update state */
});
/* assert on the output */

This ensures that you're testing the behavior the user would see in the browser. Learn more at https://react.dev/link/wrap-tests-with-act
An update to App inside a test was not wrapped in act(...).

When testing, code that causes React state updates should be wrapped into act(...):

act(() => {
  /* fire events that update state */
});
/* assert on the output */

This ensures that you're testing the behavior the user would see in the browser. Learn more at https://react.dev/link/wrap-tests-with-act
An update to App inside a test was not wrapped in act(...).

When testing, code that causes React state updates should be wrapped into act(...):

act(() => {
  /* fire events that update state */
});
/* assert on the output */

This ensures that you're testing the behavior the user would see in the browser. Learn more at https://react.dev/link/wrap-tests-with-act

stderr | App.test.tsx > App session callbacks > opens an environment shell task in the right panel
An update to App inside a test was not wrapped in act(...).

When testing, code that causes React state updates should be wrapped into act(...):

act(() => {
  /* fire events that update state */
});
/* assert on the output */

This ensures that you're testing the behavior the user would see in the browser. Learn more at https://react.dev/link/wrap-tests-with-act
An update to App inside a test was not wrapped in act(...).

When testing, code that causes React state updates should be wrapped into act(...):

act(() => {
  /* fire events that update state */
});
/* assert on the output */

This ensures that you're testing the behavior the user would see in the browser. Learn more at https://react.dev/link/wrap-tests-with-act

stderr | App.test.tsx > App session callbacks > restores the environment panel open state per session
An update to App inside a test was not wrapped in act(...).

When testing, code that causes React state updates should be wrapped into act(...):

act(() => {
  /* fire events that update state */
});
/* assert on the output */

This ensures that you're testing the behavior the user would see in the browser. Learn more at https://react.dev/link/wrap-tests-with-act
An update to App inside a test was not wrapped in act(...).

When testing, code that causes React state updates should be wrapped into act(...):

act(() => {
  /* fire events that update state */
});
/* assert on the output */

This ensures that you're testing the behavior the user would see in the browser. Learn more at https://react.dev/link/wrap-tests-with-act
An update to App inside a test was not wrapped in act(...).

When testing, code that causes React state updates should be wrapped into act(...):

act(() => {
  /* fire events that update state */
});
/* assert on the output */

This ensures that you're testing the behavior the user would see in the browser. Learn more at https://react.dev/link/wrap-tests-with-act
An update to App inside a test was not wrapped in act(...).

When testing, code that causes React state updates should be wrapped into act(...):

act(() => {
  /* fire events that update state */
});
/* assert on the output */

This ensures that you're testing the behavior the user would see in the browser. Learn more at https://react.dev/link/wrap-tests-with-act
An update to App inside a test was not wrapped in act(...).

When testing, code that causes React state updates should be wrapped into act(...):

act(() => {
  /* fire events that update state */
});
/* assert on the output */

This ensures that you're testing the behavior the user would see in the browser. Learn more at https://react.dev/link/wrap-tests-with-act
An update to App inside a test was not wrapped in act(...).

When testing, code that causes React state updates should be wrapped into act(...):

act(() => {
  /* fire events that update state */
});
/* assert on the output */

This ensures that you're testing the behavior the user would see in the browser. Learn more at https://react.dev/link/wrap-tests-with-act
An update to App inside a test was not wrapped in act(...).

When testing, code that causes React state updates should be wrapped into act(...):

act(() => {
  /* fire events that update state */
});
/* assert on the output */

This ensures that you're testing the behavior the user would see in the browser. Learn more at https://react.dev/link/wrap-tests-with-act
An update to App inside a test was not wrapped in act(...).

When testing, code that causes React state updates should be wrapped into act(...):

act(() => {
  /* fire events that update state */
});
/* assert on the output */

This ensures that you're testing the behavior the user would see in the browser. Learn more at https://react.dev/link/wrap-tests-with-act

stderr | App.test.tsx > App session callbacks > restores the environment panel open state per session
An update to App inside a test was not wrapped in act(...).

When testing, code that causes React state updates should be wrapped into act(...):

act(() => {
  /* fire events that update state */
});
/* assert on the output */

This ensures that you're testing the behavior the user would see in the browser. Learn more at https://react.dev/link/wrap-tests-with-act
An update to App inside a test was not wrapped in act(...).

When testing, code that causes React state updates should be wrapped into act(...):

act(() => {
  /* fire events that update state */
});
/* assert on the output */

This ensures that you're testing the behavior the user would see in the browser. Learn more at https://react.dev/link/wrap-tests-with-act

stderr | App.test.tsx > App session callbacks > updates the header when session metadata supplies a generated title
An update to App inside a test was not wrapped in act(...).

When testing, code that causes React state updates should be wrapped into act(...):

act(() => {
  /* fire events that update state */
});
/* assert on the output */

This ensures that you're testing the behavior the user would see in the browser. Learn more at https://react.dev/link/wrap-tests-with-act
An update to App inside a test was not wrapped in act(...).

When testing, code that causes React state updates should be wrapped into act(...):

act(() => {
  /* fire events that update state */
});
/* assert on the output */

This ensures that you're testing the behavior the user would see in the browser. Learn more at https://react.dev/link/wrap-tests-with-act
An update to App inside a test was not wrapped in act(...).

When testing, code that causes React state updates should be wrapped into act(...):

act(() => {
  /* fire events that update state */
});
/* assert on the output */

This ensures that you're testing the behavior the user would see in the browser. Learn more at https://react.dev/link/wrap-tests-with-act
An update to App inside a test was not wrapped in act(...).

When testing, code that causes React state updates should be wrapped into act(...):

act(() => {
  /* fire events that update state */
});
/* assert on the output */

This ensures that you're testing the behavior the user would see in the browser. Learn more at https://react.dev/link/wrap-tests-with-act
An update to App inside a test was not wrapped in act(...).

When testing, code that causes React state updates should be wrapped into act(...):

act(() => {
  /* fire events that update state */
});
/* assert on the output */

This ensures that you're testing the behavior the user would see in the browser. Learn more at https://react.dev/link/wrap-tests-with-act

stderr | App.test.tsx > App session callbacks > updates the header when session metadata supplies a generated title
An update to App inside a test was not wrapped in act(...).

When testing, code that causes React state updates should be wrapped into act(...):

act(() => {
  /* fire events that update state */
});
/* assert on the output */

This ensures that you're testing the behavior the user would see in the browser. Learn more at https://react.dev/link/wrap-tests-with-act
An update to App inside a test was not wrapped in act(...).

When testing, code that causes React state updates should be wrapped into act(...):

act(() => {
  /* fire events that update state */
});
/* assert on the output */

This ensures that you're testing the behavior the user would see in the browser. Learn more at https://react.dev/link/wrap-tests-with-act

stderr | App.test.tsx > App session callbacks > stops refreshing the generated title after the catalog resolves it
An update to App inside a test was not wrapped in act(...).

When testing, code that causes React state updates should be wrapped into act(...):

act(() => {
  /* fire events that update state */
});
/* assert on the output */

This ensures that you're testing the behavior the user would see in the browser. Learn more at https://react.dev/link/wrap-tests-with-act
An update to App inside a test was not wrapped in act(...).

When testing, code that causes React state updates should be wrapped into act(...):

act(() => {
  /* fire events that update state */
});
/* assert on the output */

This ensures that you're testing the behavior the user would see in the browser. Learn more at https://react.dev/link/wrap-tests-with-act
An update to App inside a test was not wrapped in act(...).

When testing, code that causes React state updates should be wrapped into act(...):

act(() => {
  /* fire events that update state */
});
/* assert on the output */

This ensures that you're testing the behavior the user would see in the browser. Learn more at https://react.dev/link/wrap-tests-with-act
An update to App inside a test was not wrapped in act(...).

When testing, code that causes React state updates should be wrapped into act(...):

act(() => {
  /* fire events that update state */
});
/* assert on the output */

This ensures that you're testing the behavior the user would see in the browser. Learn more at https://react.dev/link/wrap-tests-with-act
An update to App inside a test was not wrapped in act(...).

When testing, code that causes React state updates should be wrapped into act(...):

act(() => {
  /* fire events that update state */
});
/* assert on the output */

This ensures that you're testing the behavior the user would see in the browser. Learn more at https://react.dev/link/wrap-tests-with-act
An update to App inside a test was not wrapped in act(...).

When testing, code that causes React state updates should be wrapped into act(...):

act(() => {
  /* fire events that update state */
});
/* assert on the output */

This ensures that you're testing the behavior the user would see in the browser. Learn more at https://react.dev/link/wrap-tests-with-act
An update to App inside a test was not wrapped in act(...).

When testing, code that causes React state updates should be wrapped into act(...):

act(() => {
  /* fire events that update state */
});
/* assert on the output */

This ensures that you're testing the behavior the user would see in the browser. Learn more at https://react.dev/link/wrap-tests-with-act
An update to App inside a test was not wrapped in act(...).

When testing, code that causes React state updates should be wrapped into act(...):

act(() => {
  /* fire events that update state */
});
/* assert on the output */

This ensures that you're testing the behavior the user would see in the browser. Learn more at https://react.dev/link/wrap-tests-with-act

stderr | App.test.tsx > App session callbacks > stops refreshing the generated title after the catalog resolves it
An update to App inside a test was not wrapped in act(...).

When testing, code that causes React state updates should be wrapped into act(...):

act(() => {
  /* fire events that update state */
});
/* assert on the output */

This ensures that you're testing the behavior the user would see in the browser. Learn more at https://react.dev/link/wrap-tests-with-act
An update to App inside a test was not wrapped in act(...).

When testing, code that causes React state updates should be wrapped into act(...):

act(() => {
  /* fire events that update state */
});
/* assert on the output */

This ensures that you're testing the behavior the user would see in the browser. Learn more at https://react.dev/link/wrap-tests-with-act

stderr | App.test.tsx > App session callbacks > stops refreshing the generated title after the catalog resolves it
An update to Popper inside a test was not wrapped in act(...).

When testing, code that causes React state updates should be wrapped into act(...):

act(() => {
  /* fire events that update state */
});
/* assert on the output */

This ensures that you're testing the behavior the user would see in the browser. Learn more at https://react.dev/link/wrap-tests-with-act
An update to Presence inside a test was not wrapped in act(...).

When testing, code that causes React state updates should be wrapped into act(...):

act(() => {
  /* fire events that update state */
});
/* assert on the output */

This ensures that you're testing the behavior the user would see in the browser. Learn more at https://react.dev/link/wrap-tests-with-act

stderr | App.test.tsx > App session callbacks > defers title refresh while the page is hidden
An update to App inside a test was not wrapped in act(...).

When testing, code that causes React state updates should be wrapped into act(...):

act(() => {
  /* fire events that update state */
});
/* assert on the output */

This ensures that you're testing the behavior the user would see in the browser. Learn more at https://react.dev/link/wrap-tests-with-act
An update to App inside a test was not wrapped in act(...).

When testing, code that causes React state updates should be wrapped into act(...):

act(() => {
  /* fire events that update state */
});
/* assert on the output */

This ensures that you're testing the behavior the user would see in the browser. Learn more at https://react.dev/link/wrap-tests-with-act
An update to App inside a test was not wrapped in act(...).

When testing, code that causes React state updates should be wrapped into act(...):

act(() => {
  /* fire events that update state */
});
/* assert on the output */

This ensures that you're testing the behavior the user would see in the browser. Learn more at https://react.dev/link/wrap-tests-with-act
An update to App inside a test was not wrapped in act(...).

When testing, code that causes React state updates should be wrapped into act(...):

act(() => {
  /* fire events that update state */
});
/* assert on the output */

This ensures that you're testing the behavior the user would see in the browser. Learn more at https://react.dev/link/wrap-tests-with-act
An update to App inside a test was not wrapped in act(...).

When testing, code that causes React state updates should be wrapped into act(...):

act(() => {
  /* fire events that update state */
});
/* assert on the output */

This ensures that you're testing the behavior the user would see in the browser. Learn more at https://react.dev/link/wrap-tests-with-act
An update to App inside a test was not wrapped in act(...).

When testing, code that causes React state updates should be wrapped into act(...):

act(() => {
  /* fire events that update state */
});
/* assert on the output */

This ensures that you're testing the behavior the user would see in the browser. Learn more at https://react.dev/link/wrap-tests-with-act
An update to App inside a test was not wrapped in act(...).

When testing, code that causes React state updates should be wrapped into act(...):

act(() => {
  /* fire events that update state */
});
/* assert on the output */

This ensures that you're testing the behavior the user would see in the browser. Learn more at https://react.dev/link/wrap-tests-with-act
An update to App inside a test was not wrapped in act(...).

When testing, code that causes React state updates should be wrapped into act(...):

act(() => {
  /* fire events that update state */
});
/* assert on the output */

This ensures that you're testing the behavior the user would see in the browser. Learn more at https://react.dev/link/wrap-tests-with-act

stderr | App.test.tsx > App session callbacks > defers title refresh while the page is hidden
An update to App inside a test was not wrapped in act(...).

When testing, code that causes React state updates should be wrapped into act(...):

act(() => {
  /* fire events that update state */
});
/* assert on the output */

This ensures that you're testing the behavior the user would see in the browser. Learn more at https://react.dev/link/wrap-tests-with-act
An update to App inside a test was not wrapped in act(...).

When testing, code that causes React state updates should be wrapped into act(...):

act(() => {
  /* fire events that update state */
});
/* assert on the output */

This ensures that you're testing the behavior the user would see in the browser. Learn more at https://react.dev/link/wrap-tests-with-act

stderr | App.test.tsx > App session callbacks > defers title refresh while the page is hidden
An update to Popper inside a test was not wrapped in act(...).

When testing, code that causes React state updates should be wrapped into act(...):

act(() => {
  /* fire events that update state */
});
/* assert on the output */

This ensures that you're testing the behavior the user would see in the browser. Learn more at https://react.dev/link/wrap-tests-with-act
An update to Presence inside a test was not wrapped in act(...).

When testing, code that causes React state updates should be wrapped into act(...):

act(() => {
  /* fire events that update state */
});
/* assert on the output */

This ensures that you're testing the behavior the user would see in the browser. Learn more at https://react.dev/link/wrap-tests-with-act

stderr | App.test.tsx > App session callbacks > keeps a newer standalone draft when an older session load fails
[web-shell] stale load failed Error: stale load failed
    at /root/git/pr11412/packages/web-shell/client/App.test.tsx:15199:19
    at Proxy.process.env.NODE_ENV.exports.act (/root/git/pr11412/node_modules/react/cjs/react.development.js:814:22)
    at /root/git/pr11412/packages/web-shell/client/App.test.tsx:15198:11
    at file:///root/git/pr11412/node_modules/@vitest/runner/dist/chunk-hooks.js:752:20

stderr | App.test.tsx > App session callbacks > closes the Add workspace dialog when navigation enters a standalone chat
An update to App inside a test was not wrapped in act(...).

When testing, code that causes React state updates should be wrapped into act(...):

act(() => {
  /* fire events that update state */
});
/* assert on the output */

This ensures that you're testing the behavior the user would see in the browser. Learn more at https://react.dev/link/wrap-tests-with-act
An update to App inside a test was not wrapped in act(...).

When testing, code that causes React state updates should be wrapped into act(...):

act(() => {
  /* fire events that update state */
});
/* assert on the output */

This ensures that you're testing the behavior the user would see in the browser. Learn more at https://react.dev/link/wrap-tests-with-act
An update to App inside a test was not wrapped in act(...).

When testing, code that causes React state updates should be wrapped into act(...):

act(() => {
  /* fire events that update state */
});
/* assert on the output */

This ensures that you're testing the behavior the user would see in the browser. Learn more at https://react.dev/link/wrap-tests-with-act
An update to App inside a test was not wrapped in act(...).

When testing, code that causes React state updates should be wrapped into act(...):

act(() => {
  /* fire events that update state */
});
/* assert on the output */

This ensures that you're testing the behavior the user would see in the browser. Learn more at https://react.dev/link/wrap-tests-with-act

stderr | App.test.tsx > App session callbacks > closes workspace model settings when navigation enters a standalone chat
An update to App inside a test was not wrapped in act(...).

When testing, code that causes React state updates should be wrapped into act(...):

act(() => {
  /* fire events that update state */
});
/* assert on the output */

This ensures that you're testing the behavior the user would see in the browser. Learn more at https://react.dev/link/wrap-tests-with-act

stderr | App.test.tsx > App session callbacks > rejects when the daemon does not confirm persistent registration
An update to App inside a test was not wrapped in act(...).

When testing, code that causes React state updates should be wrapped into act(...):

act(() => {
  /* fire events that update state */
});
/* assert on the output */

This ensures that you're testing the behavior the user would see in the browser. Learn more at https://react.dev/link/wrap-tests-with-act

stderr | App.test.tsx > App session callbacks > rejects when the daemon does not confirm persistent registration
An update to App inside a test was not wrapped in act(...).

When testing, code that causes React state updates should be wrapped into act(...):

act(() => {
  /* fire events that update state */
});
/* assert on the output */

This ensures that you're testing the behavior the user would see in the browser. Learn more at https://react.dev/link/wrap-tests-with-act

stderr | App.test.tsx > App session callbacks > surfaces an inline error when an added folder cannot refresh capabilities
An update to App inside a test was not wrapped in act(...).

When testing, code that causes React state updates should be wrapped into act(...):

act(() => {
  /* fire events that update state */
});
/* assert on the output */

This ensures that you're testing the behavior the user would see in the browser. Learn more at https://react.dev/link/wrap-tests-with-act

stderr | App.test.tsx > App session callbacks > surfaces an inline error when an added folder cannot refresh capabilities
[web-shell] refresh failed Error: refresh failed
    at /root/git/pr11412/packages/web-shell/client/App.test.tsx:16081:7
    at file:///root/git/pr11412/node_modules/@vitest/runner/dist/chunk-hooks.js:155:11
    at file:///root/git/pr11412/node_modules/@vitest/runner/dist/chunk-hooks.js:752:26
    at file:///root/git/pr11412/node_modules/@vitest/runner/dist/chunk-hooks.js:1897:20
    at new Promise (<anonymous>)
    at runWithTimeout (file:///root/git/pr11412/node_modules/@vitest/runner/dist/chunk-hooks.js:1863:10)
    at runTest (file:///root/git/pr11412/node_modules/@vitest/runner/dist/chunk-hooks.js:1574:12)
    at runSuite (file:///root/git/pr11412/node_modules/@vitest/runner/dist/chunk-hooks.js:1729:8)
    at runSuite (file:///root/git/pr11412/node_modules/@vitest/runner/dist/chunk-hooks.js:1729:8)
    at runFiles (file:///root/git/pr11412/node_modules/@vitest/runner/dist/chunk-hooks.js:1787:3)
An update to App inside a test was not wrapped in act(...).

When testing, code that causes React state updates should be wrapped into act(...):

act(() => {
  /* fire events that update state */
});
/* assert on the output */

This ensures that you're testing the behavior the user would see in the browser. Learn more at https://react.dev/link/wrap-tests-with-act

stderr | App.test.tsx > App session callbacks > surfaces an inline error when an added folder cannot refresh capabilities
An update to App inside a test was not wrapped in act(...).

When testing, code that causes React state updates should be wrapped into act(...):

act(() => {
  /* fire events that update state */
});
/* assert on the output */

This ensures that you're testing the behavior the user would see in the browser. Learn more at https://react.dev/link/wrap-tests-with-act

stderr | App.test.tsx > App session callbacks > retries only capability refresh after a committed scratch cannot reconcile
[web-shell] refresh failed Error: refresh failed
    at /root/git/pr11412/packages/web-shell/client/App.test.tsx:16122:30
    at file:///root/git/pr11412/node_modules/@vitest/runner/dist/chunk-hooks.js:155:11
    at file:///root/git/pr11412/node_modules/@vitest/runner/dist/chunk-hooks.js:752:26
    at file:///root/git/pr11412/node_modules/@vitest/runner/dist/chunk-hooks.js:1897:20
    at new Promise (<anonymous>)
    at runWithTimeout (file:///root/git/pr11412/node_modules/@vitest/runner/dist/chunk-hooks.js:1863:10)
    at runTest (file:///root/git/pr11412/node_modules/@vitest/runner/dist/chunk-hooks.js:1574:12)
    at runSuite (file:///root/git/pr11412/node_modules/@vitest/runner/dist/chunk-hooks.js:1729:8)
    at runSuite (file:///root/git/pr11412/node_modules/@vitest/runner/dist/chunk-hooks.js:1729:8)
    at runFiles (file:///root/git/pr11412/node_modules/@vitest/runner/dist/chunk-hooks.js:1787:3)

stderr | App.test.tsx > App session callbacks > rejects an untrusted draft workspace before its cleanup effect runs
An update to App inside a test was not wrapped in act(...).

When testing, code that causes React state updates should be wrapped into act(...):

act(() => {
  /* fire events that update state */
});
/* assert on the output */

This ensures that you're testing the behavior the user would see in the browser. Learn more at https://react.dev/link/wrap-tests-with-act
An update to App inside a test was not wrapped in act(...).

When testing, code that causes React state updates should be wrapped into act(...):

act(() => {
  /* fire events that update state */
});
/* assert on the output */

This ensures that you're testing the behavior the user would see in the browser. Learn more at https://react.dev/link/wrap-tests-with-act
An update to App inside a test was not wrapped in act(...).

When testing, code that causes React state updates should be wrapped into act(...):

act(() => {
  /* fire events that update state */
});
/* assert on the output */

This ensures that you're testing the behavior the user would see in the browser. Learn more at https://react.dev/link/wrap-tests-with-act

stderr | App.test.tsx > App session callbacks > rejects an untrusted draft workspace before its cleanup effect runs
[web-shell] The selected workspace is unavailable or untrusted Error: The selected workspace is unavailable or untrusted
    at /root/git/pr11412/packages/web-shell/client/App.tsx:9232:15
    at /root/git/pr11412/packages/web-shell/client/App.tsx:9327:5
    at /root/git/pr11412/packages/web-shell/client/App.tsx:9537:36
    at submitPromptFromEditor (/root/git/pr11412/packages/web-shell/client/App.tsx:13685:9)
    at Object.current (/root/git/pr11412/packages/web-shell/client/App.tsx:14779:16)
    at Object.onSubmit (/root/git/pr11412/packages/web-shell/client/App.tsx:14862:40)
    at /root/git/pr11412/packages/web-shell/client/App.test.tsx:16507:40
    at Proxy.process.env.NODE_ENV.exports.act (/root/git/pr11412/node_modules/react/cjs/react.development.js:814:22)
    at /root/git/pr11412/packages/web-shell/client/App.test.tsx:16506:5
    at file:///root/git/pr11412/node_modules/@vitest/runner/dist/chunk-hooks.js:752:20

stderr | App.test.tsx > App session callbacks > keeps composer git status stable across an equivalent refresh
An update to App inside a test was not wrapped in act(...).

When testing, code that causes React state updates should be wrapped into act(...):

act(() => {
  /* fire events that update state */
});
/* assert on the output */

This ensures that you're testing the behavior the user would see in the browser. Learn more at https://react.dev/link/wrap-tests-with-act
An update to App inside a test was not wrapped in act(...).

When testing, code that causes React state updates should be wrapped into act(...):

act(() => {
  /* fire events that update state */
});
/* assert on the output */

This ensures that you're testing the behavior the user would see in the browser. Learn more at https://react.dev/link/wrap-tests-with-act
An update to App inside a test was not wrapped in act(...).

When testing, code that causes React state updates should be wrapped into act(...):

act(() => {
  /* fire events that update state */
});
/* assert on the output */

This ensures that you're testing the behavior the user would see in the browser. Learn more at https://react.dev/link/wrap-tests-with-act
An update to App inside a test was not wrapped in act(...).

When testing, code that causes React state updates should be wrapped into act(...):

act(() => {
  /* fire events that update state */
});
/* assert on the output */

This ensures that you're testing the behavior the user would see in the browser. Learn more at https://react.dev/link/wrap-tests-with-act
An update to App inside a test was not wrapped in act(...).

When testing, code that causes React state updates should be wrapped into act(...):

act(() => {
  /* fire events that update state */
});
/* assert on the output */

This ensures that you're testing the behavior the user would see in the browser. Learn more at https://react.dev/link/wrap-tests-with-act
An update to App inside a test was not wrapped in act(...).

When testing, code that causes React state updates should be wrapped into act(...):

act(() => {
  /* fire events that update state */
});
/* assert on the output */

This ensures that you're testing the behavior the user would see in the browser. Learn more at https://react.dev/link/wrap-tests-with-act
An update to App inside a test was not wrapped in act(...).

When testing, code that causes React state updates should be wrapped into act(...):

act(() => {
  /* fire events that update state */
});
/* assert on the output */

This ensures that you're testing the behavior the user would see in the browser. Learn more at https://react.dev/link/wrap-tests-with-act
An update to App inside a test was not wrapped in act(...).

When testing, code that causes React state updates should be wrapped into act(...):

act(() => {
  /* fire events that update state */
});
/* assert on the output */

This ensures that you're testing the behavior the user would see in the browser. Learn more at https://react.dev/link/wrap-tests-with-act

stderr | App.test.tsx > App session callbacks > keeps composer git status stable across an equivalent refresh
An update to App inside a test was not wrapped in act(...).

When testing, code that causes React state updates should be wrapped into act(...):

act(() => {
  /* fire events that update state */
});
/* assert on the output */

This ensures that you're testing the behavior the user would see in the browser. Learn more at https://react.dev/link/wrap-tests-with-act
An update to App inside a test was not wrapped in act(...).

When testing, code that causes React state updates should be wrapped into act(...):

act(() => {
  /* fire events that update state */
});
/* assert on the output */

This ensures that you're testing the behavior the user would see in the browser. Learn more at https://react.dev/link/wrap-tests-with-act

stderr | App.test.tsx > App session callbacks > keeps composer git status stable across an equivalent refresh
An update to Popper inside a test was not wrapped in act(...).

When testing, code that causes React state updates should be wrapped into act(...):

act(() => {
  /* fire events that update state */
});
/* assert on the output */

This ensures that you're testing the behavior the user would see in the browser. Learn more at https://react.dev/link/wrap-tests-with-act
An update to Presence inside a test was not wrapped in act(...).

When testing, code that causes React state updates should be wrapped into act(...):

act(() => {
  /* fire events that update state */
});
/* assert on the output */

This ensures that you're testing the behavior the user would see in the browser. Learn more at https://react.dev/link/wrap-tests-with-act

stderr | App.test.tsx > App session callbacks > removes declaration-only enables from a mixed pending mutation
An update to App inside a test was not wrapped in act(...).

When testing, code that causes React state updates should be wrapped into act(...):

act(() => {
  /* fire events that update state */
});
/* assert on the output */

This ensures that you're testing the behavior the user would see in the browser. Learn more at https://react.dev/link/wrap-tests-with-act
An update to App inside a test was not wrapped in act(...).

When testing, code that causes React state updates should be wrapped into act(...):

act(() => {
  /* fire events that update state */
});
/* assert on the output */

This ensures that you're testing the behavior the user would see in the browser. Learn more at https://react.dev/link/wrap-tests-with-act

stderr | App.test.tsx > App session callbacks > removes declaration-only enables from a mixed pending mutation
An update to App inside a test was not wrapped in act(...).

When testing, code that causes React state updates should be wrapped into act(...):

act(() => {
  /* fire events that update state */
});
/* assert on the output */

This ensures that you're testing the behavior the user would see in the browser. Learn more at https://react.dev/link/wrap-tests-with-act

stderr | App.test.tsx > App session callbacks > revalidates a partial Skill mutation only within its workspace
An update to App inside a test was not wrapped in act(...).

When testing, code that causes React state updates should be wrapped into act(...):

act(() => {
  /* fire events that update state */
});
/* assert on the output */

This ensures that you're testing the behavior the user would see in the browser. Learn more at https://react.dev/link/wrap-tests-with-act
An update to App inside a test was not wrapped in act(...).

When testing, code that causes React state updates should be wrapped into act(...):

act(() => {
  /* fire events that update state */
});
/* assert on the output */

This ensures that you're testing the behavior the user would see in the browser. Learn more at https://react.dev/link/wrap-tests-with-act

stderr | App.test.tsx > App session callbacks > revalidates a partial Skill mutation only within its workspace
An update to App inside a test was not wrapped in act(...).

When testing, code that causes React state updates should be wrapped into act(...):

act(() => {
  /* fire events that update state */
});
/* assert on the output */

This ensures that you're testing the behavior the user would see in the browser. Learn more at https://react.dev/link/wrap-tests-with-act

stderr | App.test.tsx > App session callbacks > revalidates a partial Skill mutation only within its workspace
An update to App inside a test was not wrapped in act(...).

When testing, code that causes React state updates should be wrapped into act(...):

act(() => {
  /* fire events that update state */
});
/* assert on the output */

This ensures that you're testing the behavior the user would see in the browser. Learn more at https://react.dev/link/wrap-tests-with-act
An update to App inside a test was not wrapped in act(...).

When testing, code that causes React state updates should be wrapped into act(...):

act(() => {
  /* fire events that update state */
});
/* assert on the output */

This ensures that you're testing the behavior the user would see in the browser. Learn more at https://react.dev/link/wrap-tests-with-act
An update to App inside a test was not wrapped in act(...).

When testing, code that causes React state updates should be wrapped into act(...):

act(() => {
  /* fire events that update state */
});
/* assert on the output */

This ensures that you're testing the behavior the user would see in the browser. Learn more at https://react.dev/link/wrap-tests-with-act
An update to App inside a test was not wrapped in act(...).

When testing, code that causes React state updates should be wrapped into act(...):

act(() => {
  /* fire events that update state */
});
/* assert on the output */

This ensures that you're testing the behavior the user would see in the browser. Learn more at https://react.dev/link/wrap-tests-with-act

stderr | App.test.tsx > App session callbacks > revalidates a partial Skill mutation only within its workspace
An update to App inside a test was not wrapped in act(...).

When testing, code that causes React state updates should be wrapped into act(...):

act(() => {
  /* fire events that update state */
});
/* assert on the output */

This ensures that you're testing the behavior the user would see in the browser. Learn more at https://react.dev/link/wrap-tests-with-act
An update to App inside a test was not wrapped in act(...).

When testing, code that causes React state updates should be wrapped into act(...):

act(() => {
  /* fire events that update state */
});
/* assert on the output */

This ensures that you're testing the behavior the user would see in the browser. Learn more at https://react.dev/link/wrap-tests-with-act
An update to App inside a test was not wrapped in act(...).

When testing, code that causes React state updates should be wrapped into act(...):

act(() => {
  /* fire events that update state */
});
/* assert on the output */

This ensures that you're testing the behavior the user would see in the browser. Learn more at https://react.dev/link/wrap-tests-with-act
An update to App inside a test was not wrapped in act(...).

When testing, code that causes React state updates should be wrapped into act(...):

act(() => {
  /* fire events that update state */
});
/* assert on the output */

This ensures that you're testing the behavior the user would see in the browser. Learn more at https://react.dev/link/wrap-tests-with-act
An update to App inside a test was not wrapped in act(...).

When testing, code that causes React state updates should be wrapped into act(...):

act(() => {
  /* fire events that update state */
});
/* assert on the output */

This ensures that you're testing the behavior the user would see in the browser. Learn more at https://react.dev/link/wrap-tests-with-act
An update to App inside a test was not wrapped in act(...).

When testing, code that causes React state updates should be wrapped into act(...):

act(() => {
  /* fire events that update state */
});
/* assert on the output */

This ensures that you're testing the behavior the user would see in the browser. Learn more at https://react.dev/link/wrap-tests-with-act
An update to App inside a test was not wrapped in act(...).

When testing, code that causes React state updates should be wrapped into act(...):

act(() => {
  /* fire events that update state */
});
/* assert on the output */

This ensures that you're testing the behavior the user would see in the browser. Learn more at https://react.dev/link/wrap-tests-with-act
An update to App inside a test was not wrapped in act(...).

When testing, code that causes React state updates should be wrapped into act(...):

act(() => {
  /* fire events that update state */
});
/* assert on the output */

This ensures that you're testing the behavior the user would see in the browser. Learn more at https://react.dev/link/wrap-tests-with-act

stderr | App.test.tsx > App session callbacks > revalidates a partial Skill mutation only within its workspace
An update to App inside a test was not wrapped in act(...).

When testing, code that causes React state updates should be wrapped into act(...):

act(() => {
  /* fire events that update state */
});
/* assert on the output */

This ensures that you're testing the behavior the user would see in the browser. Learn more at https://react.dev/link/wrap-tests-with-act
An update to App inside a test was not wrapped in act(...).

When testing, code that causes React state updates should be wrapped into act(...):

act(() => {
  /* fire events that update state */
});
/* assert on the output */

This ensures that you're testing the behavior the user would see in the browser. Learn more at https://react.dev/link/wrap-tests-with-act
An update to App inside a test was not wrapped in act(...).

When testing, code that causes React state updates should be wrapped into act(...):

act(() => {
  /* fire events that update state */
});
/* assert on the output */

This ensures that you're testing the behavior the user would see in the browser. Learn more at https://react.dev/link/wrap-tests-with-act
An update to App inside a test was not wrapped in act(...).

When testing, code that causes React state updates should be wrapped into act(...):

act(() => {
  /* fire events that update state */
});
/* assert on the output */

This ensures that you're testing the behavior the user would see in the browser. Learn more at https://react.dev/link/wrap-tests-with-act
An update to App inside a test was not wrapped in act(...).

When testing, code that causes React state updates should be wrapped into act(...):

act(() => {
  /* fire events that update state */
});
/* assert on the output */

This ensures that you're testing the behavior the user would see in the browser. Learn more at https://react.dev/link/wrap-tests-with-act
An update to App inside a test was not wrapped in act(...).

When testing, code that causes React state updates should be wrapped into act(...):

act(() => {
  /* fire events that update state */
});
/* assert on the output */

This ensures that you're testing the behavior the user would see in the browser. Learn more at https://react.dev/link/wrap-tests-with-act
An update to App inside a test was not wrapped in act(...).

When testing, code that causes React state updates should be wrapped into act(...):

act(() => {
  /* fire events that update state */
});
/* assert on the output */

This ensures that you're testing the behavior the user would see in the browser. Learn more at https://react.dev/link/wrap-tests-with-act
An update to App inside a test was not wrapped in act(...).

When testing, code that causes React state updates should be wrapped into act(...):

act(() => {
  /* fire events that update state */
});
/* assert on the output */

This ensures that you're testing the behavior the user would see in the browser. Learn more at https://react.dev/link/wrap-tests-with-act
An update to App inside a test was not wrapped in act(...).

When testing, code that causes React state updates should be wrapped into act(...):

act(() => {
  /* fire events that update state */
});
/* assert on the output */

This ensures that you're testing the behavior the user would see in the browser. Learn more at https://react.dev/link/wrap-tests-with-act
An update to App inside a test was not wrapped in act(...).

When testing, code that causes React state updates should be wrapped into act(...):

act(() => {
  /* fire events that update state */
});
/* assert on the output */

This ensures that you're testing the behavior the user would see in the browser. Learn more at https://react.dev/link/wrap-tests-with-act
An update to App inside a test was not wrapped in act(...).

When testing, code that causes React state updates should be wrapped into act(...):

act(() => {
  /* fire events that update state */
});
/* assert on the output */

This ensures that you're testing the behavior the user would see in the browser. Learn more at https://react.dev/link/wrap-tests-with-act
An update to App inside a test was not wrapped in act(...).

When testing, code that causes React state updates should be wrapped into act(...):

act(() => {
  /* fire events that update state */
});
/* assert on the output */

This ensures that you're testing the behavior the user would see in the browser. Learn more at https://react.dev/link/wrap-tests-with-act
An update to App inside a test was not wrapped in act(...).

When testing, code that causes React state updates should be wrapped into act(...):

act(() => {
  /* fire events that update state */
});
/* assert on the output */

This ensures that you're testing the behavior the user would see in the browser. Learn more at https://react.dev/link/wrap-tests-with-act
An update to App inside a test was not wrapped in act(...).

When testing, code that causes React state updates should be wrapped into act(...):

act(() => {
  /* fire events that update state */
});
/* assert on the output */

This ensures that you're testing the behavior the user would see in the browser. Learn more at https://react.dev/link/wrap-tests-with-act
An update to App inside a test was not wrapped in act(...).

When testing, code that causes React state updates should be wrapped into act(...):

act(() => {
  /* fire events that update state */
});
/* assert on the output */

This ensures that you're testing the behavior the user would see in the browser. Learn more at https://react.dev/link/wrap-tests-with-act

stderr | App.test.tsx > App session callbacks > revalidates a partial Skill mutation only within its workspace
An update to App inside a test was not wrapped in act(...).

When testing, code that causes React state updates should be wrapped into act(...):

act(() => {
  /* fire events that update state */
});
/* assert on the output */

This ensures that you're testing the behavior the user would see in the browser. Learn more at https://react.dev/link/wrap-tests-with-act
An update to App inside a test was not wrapped in act(...).

When testing, code that causes React state updates should be wrapped into act(...):

act(() => {
  /* fire events that update state */
});
/* assert on the output */

This ensures that you're testing the behavior the user would see in the browser. Learn more at https://react.dev/link/wrap-tests-with-act
An update to App inside a test was not wrapped in act(...).

When testing, code that causes React state updates should be wrapped into act(...):

act(() => {
  /* fire events that update state */
});
/* assert on the output */

This ensures that you're testing the behavior the user would see in the browser. Learn more at https://react.dev/link/wrap-tests-with-act

stderr | App.test.tsx > App session callbacks > revalidates a partial Skill mutation only within its workspace
An update to Popper inside a test was not wrapped in act(...).

When testing, code that causes React state updates should be wrapped into act(...):

act(() => {
  /* fire events that update state */
});
/* assert on the output */

This ensures that you're testing the behavior the user would see in the browser. Learn more at https://react.dev/link/wrap-tests-with-act
An update to Presence inside a test was not wrapped in act(...).

When testing, code that causes React state updates should be wrapped into act(...):

act(() => {
  /* fire events that update state */
});
/* assert on the output */

This ensures that you're testing the behavior the user would see in the browser. Learn more at https://react.dev/link/wrap-tests-with-act

stderr | App.test.tsx > App session callbacks > revalidates a partial Skill mutation only within its workspace
An update to App inside a test was not wrapped in act(...).

When testing, code that causes React state updates should be wrapped into act(...):

act(() => {
  /* fire events that update state */
});
/* assert on the output */

This ensures that you're testing the behavior the user would see in the browser. Learn more at https://react.dev/link/wrap-tests-with-act
An update to App inside a test was not wrapped in act(...).

When testing, code that causes React state updates should be wrapped into act(...):

act(() => {
  /* fire events that update state */
});
/* assert on the output */

This ensures that you're testing the behavior the user would see in the browser. Learn more at https://react.dev/link/wrap-tests-with-act
An update to App inside a test was not wrapped in act(...).

When testing, code that causes React state updates should be wrapped into act(...):

act(() => {
  /* fire events that update state */
});
/* assert on the output */

This ensures that you're testing the behavior the user would see in the browser. Learn more at https://react.dev/link/wrap-tests-with-act
An update to App inside a test was not wrapped in act(...).

When testing, code that causes React state updates should be wrapped into act(...):

act(() => {
  /* fire events that update state */
});
/* assert on the output */

This ensures that you're testing the behavior the user would see in the browser. Learn more at https://react.dev/link/wrap-tests-with-act
An update to App inside a test was not wrapped in act(...).

When testing, code that causes React state updates should be wrapped into act(...):

act(() => {
  /* fire events that update state */
});
/* assert on the output */

This ensures that you're testing the behavior the user would see in the browser. Learn more at https://react.dev/link/wrap-tests-with-act
An update to App inside a test was not wrapped in act(...).

When testing, code that causes React state updates should be wrapped into act(...):

act(() => {
  /* fire events that update state */
});
/* assert on the output */

This ensures that you're testing the behavior the user would see in the browser. Learn more at https://react.dev/link/wrap-tests-with-act
An update to App inside a test was not wrapped in act(...).

When testing, code that causes React state updates should be wrapped into act(...):

act(() => {
  /* fire events that update state */
});
/* assert on the output */

This ensures that you're testing the behavior the user would see in the browser. Learn more at https://react.dev/link/wrap-tests-with-act
An update to App inside a test was not wrapped in act(...).

When testing, code that causes React state updates should be wrapped into act(...):

act(() => {
  /* fire events that update state */
});
/* assert on the output */

This ensures that you're testing the behavior the user would see in the browser. Learn more at https://react.dev/link/wrap-tests-with-act
An update to App inside a test was not wrapped in act(...).

When testing, code that causes React state updates should be wrapped into act(...):

act(() => {
  /* fire events that update state */
});
/* assert on the output */

This ensures that you're testing the behavior the user would see in the browser. Learn more at https://react.dev/link/wrap-tests-with-act
An update to App inside a test was not wrapped in act(...).

When testing, code that causes React state updates should be wrapped into act(...):

act(() => {
  /* fire events that update state */
});
/* assert on the output */

This ensures that you're testing the behavior the user would see in the browser. Learn more at https://react.dev/link/wrap-tests-with-act
An update to App inside a test was not wrapped in act(...).

When testing, code that causes React state updates should be wrapped into act(...):

act(() => {
  /* fire events that update state */
});
/* assert on the output */

This ensures that you're testing the behavior the user would see in the browser. Learn more at https://react.dev/link/wrap-tests-with-act
An update to App inside a test was not wrapped in act(...).

When testing, code that causes React state updates should be wrapped into act(...):

act(() => {
  /* fire events that update state */
});
/* assert on the output */

This ensures that you're testing the behavior the user would see in the browser. Learn more at https://react.dev/link/wrap-tests-with-act
An update to App inside a test was not wrapped in act(...).

When testing, code that causes React state updates should be wrapped into act(...):

act(() => {
  /* fire events that update state */
});
/* assert on the output */

This ensures that you're testing the behavior the user would see in the browser. Learn more at https://react.dev/link/wrap-tests-with-act
An update to App inside a test was not wrapped in act(...).

When testing, code that causes React state updates should be wrapped into act(...):

act(() => {
  /* fire events that update state */
});
/* assert on the output */

This ensures that you're testing the behavior the user would see in the browser. Learn more at https://react.dev/link/wrap-tests-with-act
An update to App inside a test was not wrapped in act(...).

When testing, code that causes React state updates should be wrapped into act(...):

act(() => {
  /* fire events that update state */
});
/* assert on the output */

This ensures that you're testing the behavior the user would see in the browser. Learn more at https://react.dev/link/wrap-tests-with-act

stderr | App.test.tsx > App session callbacks > revalidates a partial Skill mutation only within its workspace
An update to App inside a test was not wrapped in act(...).

When testing, code that causes React state updates should be wrapped into act(...):

act(() => {
  /* fire events that update state */
});
/* assert on the output */

This ensures that you're testing the behavior the user would see in the browser. Learn more at https://react.dev/link/wrap-tests-with-act
An update to App inside a test was not wrapped in act(...).

When testing, code that causes React state updates should be wrapped into act(...):

act(() => {
  /* fire events that update state */
});
/* assert on the output */

This ensures that you're testing the behavior the user would see in the browser. Learn more at https://react.dev/link/wrap-tests-with-act
An update to App inside a test was not wrapped in act(...).

When testing, code that causes React state updates should be wrapped into act(...):

act(() => {
  /* fire events that update state */
});
/* assert on the output */

This ensures that you're testing the behavior the user would see in the browser. Learn more at https://react.dev/link/wrap-tests-with-act

stderr | App.test.tsx > App session callbacks > revalidates a partial Skill mutation only within its workspace
An update to Popper inside a test was not wrapped in act(...).

When testing, code that causes React state updates should be wrapped into act(...):

act(() => {
  /* fire events that update state */
});
/* assert on the output */

This ensures that you're testing the behavior the user would see in the browser. Learn more at https://react.dev/link/wrap-tests-with-act
An update to Presence inside a test was not wrapped in act(...).

When testing, code that causes React state updates should be wrapped into act(...):

act(() => {
  /* fire events that update state */
});
/* assert on the output */

This ensures that you're testing the behavior the user would see in the browser. Learn more at https://react.dev/link/wrap-tests-with-act

stderr | App.test.tsx > App session callbacks > keeps an automatic recap when an existing-session switch fails
[web-shell] target restore failed Error: target restore failed
    at /root/git/pr11412/packages/web-shell/client/App.test.tsx:18819:7
    at file:///root/git/pr11412/node_modules/@vitest/runner/dist/chunk-hooks.js:752:20

stderr | App.test.tsx > App session callbacks > renames a /clear successor from persisted manual title provenance
An update to App inside a test was not wrapped in act(...).

When testing, code that causes React state updates should be wrapped into act(...):

act(() => {
  /* fire events that update state */
});
/* assert on the output */

This ensures that you're testing the behavior the user would see in the browser. Learn more at https://react.dev/link/wrap-tests-with-act
An update to App inside a test was not wrapped in act(...).

When testing, code that causes React state updates should be wrapped into act(...):

act(() => {
  /* fire events that update state */
});
/* assert on the output */

This ensures that you're testing the behavior the user would see in the browser. Learn more at https://react.dev/link/wrap-tests-with-act
An update to App inside a test was not wrapped in act(...).

When testing, code that causes React state updates should be wrapped into act(...):

act(() => {
  /* fire events that update state */
});
/* assert on the output */

This ensures that you're testing the behavior the user would see in the browser. Learn more at https://react.dev/link/wrap-tests-with-act

stderr | App.test.tsx > App session callbacks > renames a /clear successor from persisted manual title provenance
An update to App inside a test was not wrapped in act(...).

When testing, code that causes React state updates should be wrapped into act(...):

act(() => {
  /* fire events that update state */
});
/* assert on the output */

This ensures that you're testing the behavior the user would see in the browser. Learn more at https://react.dev/link/wrap-tests-with-act

stderr | App.test.tsx > App session callbacks > renames a /clear successor from persisted manual title provenance
An update to App inside a test was not wrapped in act(...).

When testing, code that causes React state updates should be wrapped into act(...):

act(() => {
  /* fire events that update state */
});
/* assert on the output */

This ensures that you're testing the behavior the user would see in the browser. Learn more at https://react.dev/link/wrap-tests-with-act
An update to App inside a test was not wrapped in act(...).

When testing, code that causes React state updates should be wrapped into act(...):

act(() => {
  /* fire events that update state */
});
/* assert on the output */

This ensures that you're testing the behavior the user would see in the browser. Learn more at https://react.dev/link/wrap-tests-with-act

stderr | App.test.tsx > App session callbacks > attaches a /clear successor when carrying its title fails
An update to App inside a test was not wrapped in act(...).

When testing, code that causes React state updates should be wrapped into act(...):

act(() => {
  /* fire events that update state */
});
/* assert on the output */

This ensures that you're testing the behavior the user would see in the browser. Learn more at https://react.dev/link/wrap-tests-with-act
An update to App inside a test was not wrapped in act(...).

When testing, code that causes React state updates should be wrapped into act(...):

act(() => {
  /* fire events that update state */
});
/* assert on the output */

This ensures that you're testing the behavior the user would see in the browser. Learn more at https://react.dev/link/wrap-tests-with-act
An update to App inside a test was not wrapped in act(...).

When testing, code that causes React state updates should be wrapped into act(...):

act(() => {
  /* fire events that update state */
});
/* assert on the output */

This ensures that you're testing the behavior the user would see in the browser. Learn more at https://react.dev/link/wrap-tests-with-act

stderr | App.test.tsx > App session callbacks > attaches a /clear successor when carrying its title fails
An update to App inside a test was not wrapped in act(...).

When testing, code that causes React state updates should be wrapped into act(...):

act(() => {
  /* fire events that update state */
});
/* assert on the output */

This ensures that you're testing the behavior the user would see in the browser. Learn more at https://react.dev/link/wrap-tests-with-act

stderr | App.test.tsx > App session callbacks > attaches a /clear successor when carrying its title fails
An update to App inside a test was not wrapped in act(...).

When testing, code that causes React state updates should be wrapped into act(...):

act(() => {
  /* fire events that update state */
});
/* assert on the output */

This ensures that you're testing the behavior the user would see in the browser. Learn more at https://react.dev/link/wrap-tests-with-act
An update to App inside a test was not wrapped in act(...).

When testing, code that causes React state updates should be wrapped into act(...):

act(() => {
  /* fire events that update state */
});
/* assert on the output */

This ensures that you're testing the behavior the user would see in the browser. Learn more at https://react.dev/link/wrap-tests-with-act

stderr | App.test.tsx > App session callbacks > does not carry an automatic title across /clear
An update to App inside a test was not wrapped in act(...).

When testing, code that causes React state updates should be wrapped into act(...):

act(() => {
  /* fire events that update state */
});
/* assert on the output */

This ensures that you're testing the behavior the user would see in the browser. Learn more at https://react.dev/link/wrap-tests-with-act
An update to App inside a test was not wrapped in act(...).

When testing, code that causes React state updates should be wrapped into act(...):

act(() => {
  /* fire events that update state */
});
/* assert on the output */

This ensures that you're testing the behavior the user would see in the browser. Learn more at https://react.dev/link/wrap-tests-with-act
An update to App inside a test was not wrapped in act(...).

When testing, code that causes React state updates should be wrapped into act(...):

act(() => {
  /* fire events that update state */
});
/* assert on the output */

This ensures that you're testing the behavior the user would see in the browser. Learn more at https://react.dev/link/wrap-tests-with-act

stderr | App.test.tsx > App session callbacks > does not carry an automatic title across /clear
An update to App inside a test was not wrapped in act(...).

When testing, code that causes React state updates should be wrapped into act(...):

act(() => {
  /* fire events that update state */
});
/* assert on the output */

This ensures that you're testing the behavior the user would see in the browser. Learn more at https://react.dev/link/wrap-tests-with-act

stderr | App.test.tsx > App session callbacks > does not carry an automatic title across /clear
An update to App inside a test was not wrapped in act(...).

When testing, code that causes React state updates should be wrapped into act(...):

act(() => {
  /* fire events that update state */
});
/* assert on the output */

This ensures that you're testing the behavior the user would see in the browser. Learn more at https://react.dev/link/wrap-tests-with-act
An update to App inside a test was not wrapped in act(...).

When testing, code that causes React state updates should be wrapped into act(...):

act(() => {
  /* fire events that update state */
});
/* assert on the output */

This ensures that you're testing the behavior the user would see in the browser. Learn more at https://react.dev/link/wrap-tests-with-act

stderr | App.test.tsx > App session callbacks > discards an armed /clear carry when a shrink-fold lands on a split pane
An update to App inside a test was not wrapped in act(...).

When testing, code that causes React state updates should be wrapped into act(...):

act(() => {
  /* fire events that update state */
});
/* assert on the output */

This ensures that you're testing the behavior the user would see in the browser. Learn more at https://react.dev/link/wrap-tests-with-act
An update to App inside a test was not wrapped in act(...).

When testing, code that causes React state updates should be wrapped into act(...):

act(() => {
  /* fire events that update state */
});
/* assert on the output */

This ensures that you're testing the behavior the user would see in the browser. Learn more at https://react.dev/link/wrap-tests-with-act
An update to App inside a test was not wrapped in act(...).

When testing, code that causes React state updates should be wrapped into act(...):

act(() => {
  /* fire events that update state */
});
/* assert on the output */

This ensures that you're testing the behavior the user would see in the browser. Learn more at https://react.dev/link/wrap-tests-with-act

stderr | App.test.tsx > App session callbacks > discards an armed /clear carry when a shrink-fold lands on a split pane
An update to App inside a test was not wrapped in act(...).

When testing, code that causes React state updates should be wrapped into act(...):

act(() => {
  /* fire events that update state */
});
/* assert on the output */

This ensures that you're testing the behavior the user would see in the browser. Learn more at https://react.dev/link/wrap-tests-with-act

stderr | App.test.tsx > App session callbacks > discards an armed /clear carry when a shrink-fold lands on a split pane
An update to App inside a test was not wrapped in act(...).

When testing, code that causes React state updates should be wrapped into act(...):

act(() => {
  /* fire events that update state */
});
/* assert on the output */

This ensures that you're testing the behavior the user would see in the browser. Learn more at https://react.dev/link/wrap-tests-with-act
An update to App inside a test was not wrapped in act(...).

When testing, code that causes React state updates should be wrapped into act(...):

act(() => {
  /* fire events that update state */
});
/* assert on the output */

This ensures that you're testing the behavior the user would see in the browser. Learn more at https://react.dev/link/wrap-tests-with-act

stderr | App.test.tsx > App session callbacks > does not notify session change when missing-session new chat fails
[web-shell] network Error: network
    at /root/git/pr11412/packages/web-shell/client/App.test.tsx:19414:59
    at file:///root/git/pr11412/node_modules/@vitest/runner/dist/chunk-hooks.js:155:11
    at file:///root/git/pr11412/node_modules/@vitest/runner/dist/chunk-hooks.js:752:26
    at file:///root/git/pr11412/node_modules/@vitest/runner/dist/chunk-hooks.js:1897:20
    at new Promise (<anonymous>)
    at runWithTimeout (file:///root/git/pr11412/node_modules/@vitest/runner/dist/chunk-hooks.js:1863:10)
    at runTest (file:///root/git/pr11412/node_modules/@vitest/runner/dist/chunk-hooks.js:1574:12)
    at runSuite (file:///root/git/pr11412/node_modules/@vitest/runner/dist/chunk-hooks.js:1729:8)
    at runSuite (file:///root/git/pr11412/node_modules/@vitest/runner/dist/chunk-hooks.js:1729:8)
    at runFiles (file:///root/git/pr11412/node_modules/@vitest/runner/dist/chunk-hooks.js:1787:3)

stderr | App.test.tsx > App session callbacks > cancels a default submission when navigation occurs during session preparation
An update to App inside a test was not wrapped in act(...).

When testing, code that causes React state updates should be wrapped into act(...):

act(() => {
  /* fire events that update state */
});
/* assert on the output */

This ensures that you're testing the behavior the user would see in the browser. Learn more at https://react.dev/link/wrap-tests-with-act
An update to App inside a test was not wrapped in act(...).

When testing, code that causes React state updates should be wrapped into act(...):

act(() => {
  /* fire events that update state */
});
/* assert on the output */

This ensures that you're testing the behavior the user would see in the browser. Learn more at https://react.dev/link/wrap-tests-with-act
An update to App inside a test was not wrapped in act(...).

When testing, code that causes React state updates should be wrapped into act(...):

act(() => {
  /* fire events that update state */
});
/* assert on the output */

This ensures that you're testing the behavior the user would see in the browser. Learn more at https://react.dev/link/wrap-tests-with-act
An update to App inside a test was not wrapped in act(...).

When testing, code that causes React state updates should be wrapped into act(...):

act(() => {
  /* fire events that update state */
});
/* assert on the output */

This ensures that you're testing the behavior the user would see in the browser. Learn more at https://react.dev/link/wrap-tests-with-act
An update to App inside a test was not wrapped in act(...).

When testing, code that causes React state updates should be wrapped into act(...):

act(() => {
  /* fire events that update state */
});
/* assert on the output */

This ensures that you're testing the behavior the user would see in the browser. Learn more at https://react.dev/link/wrap-tests-with-act
An update to App inside a test was not wrapped in act(...).

When testing, code that causes React state updates should be wrapped into act(...):

act(() => {
  /* fire events that update state */
});
/* assert on the output */

This ensures that you're testing the behavior the user would see in the browser. Learn more at https://react.dev/link/wrap-tests-with-act

stderr | App.test.tsx > App session callbacks > commits the first prompt after creating its session
An update to App inside a test was not wrapped in act(...).

When testing, code that causes React state updates should be wrapped into act(...):

act(() => {
  /* fire events that update state */
});
/* assert on the output */

This ensures that you're testing the behavior the user would see in the browser. Learn more at https://react.dev/link/wrap-tests-with-act
An update to App inside a test was not wrapped in act(...).

When testing, code that causes React state updates should be wrapped into act(...):

act(() => {
  /* fire events that update state */
});
/* assert on the output */

This ensures that you're testing the behavior the user would see in the browser. Learn more at https://react.dev/link/wrap-tests-with-act
An update to App inside a test was not wrapped in act(...).

When testing, code that causes React state updates should be wrapped into act(...):

act(() => {
  /* fire events that update state */
});
/* assert on the output */

This ensures that you're testing the behavior the user would see in the browser. Learn more at https://react.dev/link/wrap-tests-with-act
An update to App inside a test was not wrapped in act(...).

When testing, code that causes React state updates should be wrapped into act(...):

act(() => {
  /* fire events that update state */
});
/* assert on the output */

This ensures that you're testing the behavior the user would see in the browser. Learn more at https://react.dev/link/wrap-tests-with-act
An update to App inside a test was not wrapped in act(...).

When testing, code that causes React state updates should be wrapped into act(...):

act(() => {
  /* fire events that update state */
});
/* assert on the output */

This ensures that you're testing the behavior the user would see in the browser. Learn more at https://react.dev/link/wrap-tests-with-act
An update to App inside a test was not wrapped in act(...).

When testing, code that causes React state updates should be wrapped into act(...):

act(() => {
  /* fire events that update state */
});
/* assert on the output */

This ensures that you're testing the behavior the user would see in the browser. Learn more at https://react.dev/link/wrap-tests-with-act

stderr | App.test.tsx > App session callbacks > commits the first prompt after creating its session
An update to App inside a test was not wrapped in act(...).

When testing, code that causes React state updates should be wrapped into act(...):

act(() => {
  /* fire events that update state */
});
/* assert on the output */

This ensures that you're testing the behavior the user would see in the browser. Learn more at https://react.dev/link/wrap-tests-with-act
An update to App inside a test was not wrapped in act(...).

When testing, code that causes React state updates should be wrapped into act(...):

act(() => {
  /* fire events that update state */
});
/* assert on the output */

This ensures that you're testing the behavior the user would see in the browser. Learn more at https://react.dev/link/wrap-tests-with-act

stderr | App.test.tsx > App session callbacks > commits the first prompt after creating its session
An update to App inside a test was not wrapped in act(...).

When testing, code that causes React state updates should be wrapped into act(...):

act(() => {
  /* fire events that update state */
});
/* assert on the output */

This ensures that you're testing the behavior the user would see in the browser. Learn more at https://react.dev/link/wrap-tests-with-act
An update to App inside a test was not wrapped in act(...).

When testing, code that causes React state updates should be wrapped into act(...):

act(() => {
  /* fire events that update state */
});
/* assert on the output */

This ensures that you're testing the behavior the user would see in the browser. Learn more at https://react.dev/link/wrap-tests-with-act
An update to App inside a test was not wrapped in act(...).

When testing, code that causes React state updates should be wrapped into act(...):

act(() => {
  /* fire events that update state */
});
/* assert on the output */

This ensures that you're testing the behavior the user would see in the browser. Learn more at https://react.dev/link/wrap-tests-with-act

stderr | App.test.tsx > App session callbacks > commits the first prompt after creating its session
An update to App inside a test was not wrapped in act(...).

When testing, code that causes React state updates should be wrapped into act(...):

act(() => {
  /* fire events that update state */
});
/* assert on the output */

This ensures that you're testing the behavior the user would see in the browser. Learn more at https://react.dev/link/wrap-tests-with-act

stderr | App.test.tsx > App session callbacks > commits the first prompt after creating its session
An update to App inside a test was not wrapped in act(...).

When testing, code that causes React state updates should be wrapped into act(...):

act(() => {
  /* fire events that update state */
});
/* assert on the output */

This ensures that you're testing the behavior the user would see in the browser. Learn more at https://react.dev/link/wrap-tests-with-act

stderr | App.test.tsx > App session callbacks > commits the first prompt after creating its session
An update to Popper inside a test was not wrapped in act(...).

When testing, code that causes React state updates should be wrapped into act(...):

act(() => {
  /* fire events that update state */
});
/* assert on the output */

This ensures that you're testing the behavior the user would see in the browser. Learn more at https://react.dev/link/wrap-tests-with-act
An update to Presence inside a test was not wrapped in act(...).

When testing, code that causes React state updates should be wrapped into act(...):

act(() => {
  /* fire events that update state */
});
/* assert on the output */

This ensures that you're testing the behavior the user would see in the browser. Learn more at https://react.dev/link/wrap-tests-with-act

stderr | App.test.tsx > App session callbacks > lets a selected session bypass a stale preparation promise
[web-shell] Session changed before attach: expected session-created, found session-selected Error: Session changed before attach: expected session-created, found session-selected
    at createAndAttachSessionForPrompt (/root/git/pr11412/packages/web-shell/client/utils/sessionPreparation.ts:133:13)
    at /root/git/pr11412/packages/web-shell/client/App.tsx:9244:9

stderr | App.test.tsx > App session callbacks > lets a selected session bypass creation before its id is allocated
[web-shell] Session changed before attach: expected session-created, found session-selected Error: Session changed before attach: expected session-created, found session-selected
    at createAndAttachSessionForPrompt (/root/git/pr11412/packages/web-shell/client/utils/sessionPreparation.ts:133:13)
    at /root/git/pr11412/packages/web-shell/client/App.tsx:9244:9

stderr | App.test.tsx > App session callbacks > clears a shared rejected preparation so a later submit can retry
[web-shell] create failed Error: create failed
    at /root/git/pr11412/packages/web-shell/client/App.test.tsx:22140:26
    at file:///root/git/pr11412/node_modules/@vitest/runner/dist/chunk-hooks.js:752:20
[web-shell] create failed Error: create failed
    at /root/git/pr11412/packages/web-shell/client/App.test.tsx:22140:26
    at file:///root/git/pr11412/node_modules/@vitest/runner/dist/chunk-hooks.js:752:20

stderr | App.test.tsx > App session callbacks > reports a host slash command error and continues default handling
[web-shell] host handler exploded Error: host handler exploded
    at /root/git/pr11412/packages/web-shell/client/App.test.tsx:24242:19
    at file:///root/git/pr11412/node_modules/@vitest/runner/dist/chunk-hooks.js:155:11
    at file:///root/git/pr11412/node_modules/@vitest/runner/dist/chunk-hooks.js:752:26
    at file:///root/git/pr11412/node_modules/@vitest/runner/dist/chunk-hooks.js:1897:20
    at new Promise (<anonymous>)
    at runWithTimeout (file:///root/git/pr11412/node_modules/@vitest/runner/dist/chunk-hooks.js:1863:10)
    at runTest (file:///root/git/pr11412/node_modules/@vitest/runner/dist/chunk-hooks.js:1574:12)
    at runSuite (file:///root/git/pr11412/node_modules/@vitest/runner/dist/chunk-hooks.js:1729:8)
    at runSuite (file:///root/git/pr11412/node_modules/@vitest/runner/dist/chunk-hooks.js:1729:8)
    at runFiles (file:///root/git/pr11412/node_modules/@vitest/runner/dist/chunk-hooks.js:1787:3)

stderr | App.test.tsx > App session callbacks > dispatches turn_complete only for the session that was streaming
An update to App inside a test was not wrapped in act(...).

When testing, code that causes React state updates should be wrapped into act(...):

act(() => {
  /* fire events that update state */
});
/* assert on the output */

This ensures that you're testing the behavior the user would see in the browser. Learn more at https://react.dev/link/wrap-tests-with-act
An update to App inside a test was not wrapped in act(...).

When testing, code that causes React state updates should be wrapped into act(...):

act(() => {
  /* fire events that update state */
});
/* assert on the output */

This ensures that you're testing the behavior the user would see in the browser. Learn more at https://react.dev/link/wrap-tests-with-act
An update to App inside a test was not wrapped in act(...).

When testing, code that causes React state updates should be wrapped into act(...):

act(() => {
  /* fire events that update state */
});
/* assert on the output */

This ensures that you're testing the behavior the user would see in the browser. Learn more at https://react.dev/link/wrap-tests-with-act
An update to App inside a test was not wrapped in act(...).

When testing, code that causes React state updates should be wrapped into act(...):

act(() => {
  /* fire events that update state */
});
/* assert on the output */

This ensures that you're testing the behavior the user would see in the browser. Learn more at https://react.dev/link/wrap-tests-with-act
An update to App inside a test was not wrapped in act(...).

When testing, code that causes React state updates should be wrapped into act(...):

act(() => {
  /* fire events that update state */
});
/* assert on the output */

This ensures that you're testing the behavior the user would see in the browser. Learn more at https://react.dev/link/wrap-tests-with-act
An update to App inside a test was not wrapped in act(...).

When testing, code that causes React state updates should be wrapped into act(...):

act(() => {
  /* fire events that update state */
});
/* assert on the output */

This ensures that you're testing the behavior the user would see in the browser. Learn more at https://react.dev/link/wrap-tests-with-act
An update to App inside a test was not wrapped in act(...).

When testing, code that causes React state updates should be wrapped into act(...):

act(() => {
  /* fire events that update state */
});
/* assert on the output */

This ensures that you're testing the behavior the user would see in the browser. Learn more at https://react.dev/link/wrap-tests-with-act
An update to App inside a test was not wrapped in act(...).

When testing, code that causes React state updates should be wrapped into act(...):

act(() => {
  /* fire events that update state */
});
/* assert on the output */

This ensures that you're testing the behavior the user would see in the browser. Learn more at https://react.dev/link/wrap-tests-with-act

stderr | App.test.tsx > App session callbacks > dispatches turn_complete only for the session that was streaming
An update to App inside a test was not wrapped in act(...).

When testing, code that causes React state updates should be wrapped into act(...):

act(() => {
  /* fire events that update state */
});
/* assert on the output */

This ensures that you're testing the behavior the user would see in the browser. Learn more at https://react.dev/link/wrap-tests-with-act
An update to App inside a test was not wrapped in act(...).

When testing, code that causes React state updates should be wrapped into act(...):

act(() => {
  /* fire events that update state */
});
/* assert on the output */

This ensures that you're testing the behavior the user would see in the browser. Learn more at https://react.dev/link/wrap-tests-with-act

stderr | App.test.tsx > App session callbacks > captures a main-session workspace that becomes available mid-turn
An update to App inside a test was not wrapped in act(...).

When testing, code that causes React state updates should be wrapped into act(...):

act(() => {
  /* fire events that update state */
});
/* assert on the output */

This ensures that you're testing the behavior the user would see in the browser. Learn more at https://react.dev/link/wrap-tests-with-act
An update to App inside a test was not wrapped in act(...).

When testing, code that causes React state updates should be wrapped into act(...):

act(() => {
  /* fire events that update state */
});
/* assert on the output */

This ensures that you're testing the behavior the user would see in the browser. Learn more at https://react.dev/link/wrap-tests-with-act
An update to App inside a test was not wrapped in act(...).

When testing, code that causes React state updates should be wrapped into act(...):

act(() => {
  /* fire events that update state */
});
/* assert on the output */

This ensures that you're testing the behavior the user would see in the browser. Learn more at https://react.dev/link/wrap-tests-with-act
An update to App inside a test was not wrapped in act(...).

When testing, code that causes React state updates should be wrapped into act(...):

act(() => {
  /* fire events that update state */
});
/* assert on the output */

This ensures that you're testing the behavior the user would see in the browser. Learn more at https://react.dev/link/wrap-tests-with-act
An update to App inside a test was not wrapped in act(...).

When testing, code that causes React state updates should be wrapped into act(...):

act(() => {
  /* fire events that update state */
});
/* assert on the output */

This ensures that you're testing the behavior the user would see in the browser. Learn more at https://react.dev/link/wrap-tests-with-act

stderr | App.test.tsx > App session callbacks > captures a main-session workspace that becomes available mid-turn
An update to App inside a test was not wrapped in act(...).

When testing, code that causes React state updates should be wrapped into act(...):

act(() => {
  /* fire events that update state */
});
/* assert on the output */

This ensures that you're testing the behavior the user would see in the browser. Learn more at https://react.dev/link/wrap-tests-with-act
An update to App inside a test was not wrapped in act(...).

When testing, code that causes React state updates should be wrapped into act(...):

act(() => {
  /* fire events that update state */
});
/* assert on the output */

This ensures that you're testing the behavior the user would see in the browser. Learn more at https://react.dev/link/wrap-tests-with-act

stderr | App.test.tsx > App session callbacks > reports failure when the current session cannot be cleared
[web-shell] locked Error: locked
    at /root/git/pr11412/packages/web-shell/client/App.test.tsx:26549:59
    at file:///root/git/pr11412/node_modules/@vitest/runner/dist/chunk-hooks.js:155:11
    at file:///root/git/pr11412/node_modules/@vitest/runner/dist/chunk-hooks.js:752:26
    at file:///root/git/pr11412/node_modules/@vitest/runner/dist/chunk-hooks.js:1897:20
    at new Promise (<anonymous>)
    at runWithTimeout (file:///root/git/pr11412/node_modules/@vitest/runner/dist/chunk-hooks.js:1863:10)
    at runTest (file:///root/git/pr11412/node_modules/@vitest/runner/dist/chunk-hooks.js:1574:12)
    at runSuite (file:///root/git/pr11412/node_modules/@vitest/runner/dist/chunk-hooks.js:1729:8)
    at runSuite (file:///root/git/pr11412/node_modules/@vitest/runner/dist/chunk-hooks.js:1729:8)
    at runFiles (file:///root/git/pr11412/node_modules/@vitest/runner/dist/chunk-hooks.js:1787:3)

stderr | App.test.tsx > App session callbacks > routes a split pane review download through its stamped workspace identity
Error: Not implemented: navigation (except hash changes)
    at module.exports (/root/git/pr11412/node_modules/jsdom/lib/jsdom/browser/not-implemented.js:9:17)
    at navigateFetch (/root/git/pr11412/node_modules/jsdom/lib/jsdom/living/window/navigation.js:77:3)
    at exports.navigate (/root/git/pr11412/node_modules/jsdom/lib/jsdom/living/window/navigation.js:55:3)
    at Timeout._onTimeout (/root/git/pr11412/node_modules/jsdom/lib/jsdom/living/nodes/HTMLHyperlinkElementUtils-impl.js:80:7)
    at listOnTimeout (node:internal/timers:585:17)
    at processTimers (node:internal/timers:521:7) undefined

stderr | App.test.tsx > App session callbacks > routes AskUserQuestion submission errors to an error toast
[web-shell] Submit option is unavailable Error: Submit option is unavailable
    at /root/git/pr11412/packages/web-shell/client/App.test.tsx:30136:9
    at Proxy.process.env.NODE_ENV.exports.act (/root/git/pr11412/node_modules/react/cjs/react.development.js:814:22)
    at /root/git/pr11412/packages/web-shell/client/App.test.tsx:30134:5
    at file:///root/git/pr11412/node_modules/@vitest/runner/dist/chunk-hooks.js:752:20

stderr | App.test.tsx > App session callbacks > does not report an existing title loaded during a session switch as a rename
An update to App inside a test was not wrapped in act(...).

When testing, code that causes React state updates should be wrapped into act(...):

act(() => {
  /* fire events that update state */
});
/* assert on the output */

This ensures that you're testing the behavior the user would see in the browser. Learn more at https://react.dev/link/wrap-tests-with-act

stderr | App.test.tsx > App session callbacks > does not report an existing title loaded during a session switch as a rename
An update to App inside a test was not wrapped in act(...).

When testing, code that causes React state updates should be wrapped into act(...):

act(() => {
  /* fire events that update state */
});
/* assert on the output */

This ensures that you're testing the behavior the user would see in the browser. Learn more at https://react.dev/link/wrap-tests-with-act
An update to App inside a test was not wrapped in act(...).

When testing, code that causes React state updates should be wrapped into act(...):

act(() => {
  /* fire events that update state */
});
/* assert on the output */

This ensures that you're testing the behavior the user would see in the browser. Learn more at https://react.dev/link/wrap-tests-with-act

stderr | App.test.tsx > App session callbacks > does not report an existing title when the same session id changes workspace
An update to App inside a test was not wrapped in act(...).

When testing, code that causes React state updates should be wrapped into act(...):

act(() => {
  /* fire events that update state */
});
/* assert on the output */

This ensures that you're testing the behavior the user would see in the browser. Learn more at https://react.dev/link/wrap-tests-with-act
An update to App inside a test was not wrapped in act(...).

When testing, code that causes React state updates should be wrapped into act(...):

act(() => {
  /* fire events that update state */
});
/* assert on the output */

This ensures that you're testing the behavior the user would see in the browser. Learn more at https://react.dev/link/wrap-tests-with-act
An update to App inside a test was not wrapped in act(...).

When testing, code that causes React state updates should be wrapped into act(...):

act(() => {
  /* fire events that update state */
});
/* assert on the output */

This ensures that you're testing the behavior the user would see in the browser. Learn more at https://react.dev/link/wrap-tests-with-act
An update to App inside a test was not wrapped in act(...).

When testing, code that causes React state updates should be wrapped into act(...):

act(() => {
  /* fire events that update state */
});
/* assert on the output */

This ensures that you're testing the behavior the user would see in the browser. Learn more at https://react.dev/link/wrap-tests-with-act
An update to App inside a test was not wrapped in act(...).

When testing, code that causes React state updates should be wrapped into act(...):

act(() => {
  /* fire events that update state */
});
/* assert on the output */

This ensures that you're testing the behavior the user would see in the browser. Learn more at https://react.dev/link/wrap-tests-with-act
An update to App inside a test was not wrapped in act(...).

When testing, code that causes React state updates should be wrapped into act(...):

act(() => {
  /* fire events that update state */
});
/* assert on the output */

This ensures that you're testing the behavior the user would see in the browser. Learn more at https://react.dev/link/wrap-tests-with-act
An update to App inside a test was not wrapped in act(...).

When testing, code that causes React state updates should be wrapped into act(...):

act(() => {
  /* fire events that update state */
});
/* assert on the output */

This ensures that you're testing the behavior the user would see in the browser. Learn more at https://react.dev/link/wrap-tests-with-act
An update to App inside a test was not wrapped in act(...).

When testing, code that causes React state updates should be wrapped into act(...):

act(() => {
  /* fire events that update state */
});
/* assert on the output */

This ensures that you're testing the behavior the user would see in the browser. Learn more at https://react.dev/link/wrap-tests-with-act

stderr | App.test.tsx > App session callbacks > does not report an existing title when the same session id changes workspace
An update to App inside a test was not wrapped in act(...).

When testing, code that causes React state updates should be wrapped into act(...):

act(() => {
  /* fire events that update state */
});
/* assert on the output */

This ensures that you're testing the behavior the user would see in the browser. Learn more at https://react.dev/link/wrap-tests-with-act
An update to App inside a test was not wrapped in act(...).

When testing, code that causes React state updates should be wrapped into act(...):

act(() => {
  /* fire events that update state */
});
/* assert on the output */

This ensures that you're testing the behavior the user would see in the browser. Learn more at https://react.dev/link/wrap-tests-with-act

stderr | App.test.tsx > App session callbacks > reports a recovered standalone load failure without reverting to archived
[web-shell] load failed Error: load failed
    at /root/git/pr11412/packages/web-shell/client/App.test.tsx:31382:54
    at file:///root/git/pr11412/node_modules/@vitest/runner/dist/chunk-hooks.js:155:11
    at file:///root/git/pr11412/node_modules/@vitest/runner/dist/chunk-hooks.js:752:26
    at file:///root/git/pr11412/node_modules/@vitest/runner/dist/chunk-hooks.js:1897:20
    at new Promise (<anonymous>)
    at runWithTimeout (file:///root/git/pr11412/node_modules/@vitest/runner/dist/chunk-hooks.js:1863:10)
    at runTest (file:///root/git/pr11412/node_modules/@vitest/runner/dist/chunk-hooks.js:1574:12)
    at runSuite (file:///root/git/pr11412/node_modules/@vitest/runner/dist/chunk-hooks.js:1729:8)
    at runSuite (file:///root/git/pr11412/node_modules/@vitest/runner/dist/chunk-hooks.js:1729:8)
    at runFiles (file:///root/git/pr11412/node_modules/@vitest/runner/dist/chunk-hooks.js:1787:3)

stderr | App.test.tsx > App prompt send failure retry > keeps an unknown lazy-session admission scoped to its allocated session
An update to App inside a test was not wrapped in act(...).

When testing, code that causes React state updates should be wrapped into act(...):

act(() => {
  /* fire events that update state */
});
/* assert on the output */

This ensures that you're testing the behavior the user would see in the browser. Learn more at https://react.dev/link/wrap-tests-with-act
An update to App inside a test was not wrapped in act(...).

When testing, code that causes React state updates should be wrapped into act(...):

act(() => {
  /* fire events that update state */
});
/* assert on the output */

This ensures that you're testing the behavior the user would see in the browser. Learn more at https://react.dev/link/wrap-tests-with-act
An update to App inside a test was not wrapped in act(...).

When testing, code that causes React state updates should be wrapped into act(...):

act(() => {
  /* fire events that update state */
});
/* assert on the output */

This ensures that you're testing the behavior the user would see in the browser. Learn more at https://react.dev/link/wrap-tests-with-act

stderr | App.test.tsx > App prompt send failure retry > keeps an unknown lazy-session admission scoped to its allocated session
An update to App inside a test was not wrapped in act(...).

When testing, code that causes React state updates should be wrapped into act(...):

act(() => {
  /* fire events that update state */
});
/* assert on the output */

This ensures that you're testing the behavior the user would see in the browser. Learn more at https://react.dev/link/wrap-tests-with-act

stderr | App.test.tsx > App prompt send failure retry > keeps an unknown lazy-session admission scoped to its allocated session
An update to App inside a test was not wrapped in act(...).

When testing, code that causes React state updates should be wrapped into act(...):

act(() => {
  /* fire events that update state */
});
/* assert on the output */

This ensures that you're testing the behavior the user would see in the browser. Learn more at https://react.dev/link/wrap-tests-with-act
An update to App inside a test was not wrapped in act(...).

When testing, code that causes React state updates should be wrapped into act(...):

act(() => {
  /* fire events that update state */
});
/* assert on the output */

This ensures that you're testing the behavior the user would see in the browser. Learn more at https://react.dev/link/wrap-tests-with-act

stderr | App.test.tsx > App /goal command > drops a lazy /goal create when another session wins allocation
[web-shell] Session changed while attaching: expected session-created, found other-session Error: Session changed while attaching: expected session-created, found other-session
    at createAndAttachSessionForPrompt (/root/git/pr11412/packages/web-shell/client/utils/sessionPreparation.ts:145:13)
    at /root/git/pr11412/packages/web-shell/client/App.tsx:9244:9

stderr | App.test.tsx > App /goal command > keeps a Goal control busy latch owned by its own session
[web-shell] The goal is no longer available. Error: The goal is no longer available.
    at /root/git/pr11412/packages/web-shell/client/App.tsx:13334:17

stderr | App.test.tsx > App /goal command > rejects a Goal edit when the same session replaces the goal
[web-shell] The goal is no longer available. Error: The goal is no longer available.
    at /root/git/pr11412/packages/web-shell/client/App.tsx:13326:17

stderr | App.test.tsx > App /goal command > forgets a rejected goal session after leaving the Goals page
An update to App inside a test was not wrapped in act(...).

When testing, code that causes React state updates should be wrapped into act(...):

act(() => {
  /* fire events that update state */
});
/* assert on the output */

This ensures that you're testing the behavior the user would see in the browser. Learn more at https://react.dev/link/wrap-tests-with-act
An update to App inside a test was not wrapped in act(...).

When testing, code that causes React state updates should be wrapped into act(...):

act(() => {
  /* fire events that update state */
});
/* assert on the output */

This ensures that you're testing the behavior the user would see in the browser. Learn more at https://react.dev/link/wrap-tests-with-act
An update to App inside a test was not wrapped in act(...).

When testing, code that causes React state updates should be wrapped into act(...):

act(() => {
  /* fire events that update state */
});
/* assert on the output */

This ensures that you're testing the behavior the user would see in the browser. Learn more at https://react.dev/link/wrap-tests-with-act
An update to App inside a test was not wrapped in act(...).

When testing, code that causes React state updates should be wrapped into act(...):

act(() => {
  /* fire events that update state */
});
/* assert on the output */

This ensures that you're testing the behavior the user would see in the browser. Learn more at https://react.dev/link/wrap-tests-with-act

stderr | App.test.tsx > App /goal command > forgets a rejected goal session after leaving the Goals page
An update to App inside a test was not wrapped in act(...).

When testing, code that causes React state updates should be wrapped into act(...):

act(() => {
  /* fire events that update state */
});
/* assert on the output */

This ensures that you're testing the behavior the user would see in the browser. Learn more at https://react.dev/link/wrap-tests-with-act
An update to App inside a test was not wrapped in act(...).

When testing, code that causes React state updates should be wrapped into act(...):

act(() => {
  /* fire events that update state */
});
/* assert on the output */

This ensures that you're testing the behavior the user would see in the browser. Learn more at https://react.dev/link/wrap-tests-with-act

stderr | App.test.tsx > App /goal command > forgets a rejected goal session after leaving the Goals page
An update to App inside a test was not wrapped in act(...).

When testing, code that causes React state updates should be wrapped into act(...):

act(() => {
  /* fire events that update state */
});
/* assert on the output */

This ensures that you're testing the behavior the user would see in the browser. Learn more at https://react.dev/link/wrap-tests-with-act

stderr | App.test.tsx > App /goal command > forgets a rejected goal session after leaving the Goals page
An update to App inside a test was not wrapped in act(...).

When testing, code that causes React state updates should be wrapped into act(...):

act(() => {
  /* fire events that update state */
});
/* assert on the output */

This ensures that you're testing the behavior the user would see in the browser. Learn more at https://react.dev/link/wrap-tests-with-act

stderr | App.test.tsx > App /goal command > does not reuse a session selected while goal creation is in flight
An update to App inside a test was not wrapped in act(...).

When testing, code that causes React state updates should be wrapped into act(...):

act(() => {
  /* fire events that update state */
});
/* assert on the output */

This ensures that you're testing the behavior the user would see in the browser. Learn more at https://react.dev/link/wrap-tests-with-act
An update to App inside a test was not wrapped in act(...).

When testing, code that causes React state updates should be wrapped into act(...):

act(() => {
  /* fire events that update state */
});
/* assert on the output */

This ensures that you're testing the behavior the user would see in the browser. Learn more at https://react.dev/link/wrap-tests-with-act
An update to App inside a test was not wrapped in act(...).

When testing, code that causes React state updates should be wrapped into act(...):

act(() => {
  /* fire events that update state */
});
/* assert on the output */

This ensures that you're testing the behavior the user would see in the browser. Learn more at https://react.dev/link/wrap-tests-with-act
An update to App inside a test was not wrapped in act(...).

When testing, code that causes React state updates should be wrapped into act(...):

act(() => {
  /* fire events that update state */
});
/* assert on the output */

This ensures that you're testing the behavior the user would see in the browser. Learn more at https://react.dev/link/wrap-tests-with-act

stderr | App.test.tsx > App /goal command > does not reuse a session selected while goal creation is in flight
An update to App inside a test was not wrapped in act(...).

When testing, code that causes React state updates should be wrapped into act(...):

act(() => {
  /* fire events that update state */
});
/* assert on the output */

This ensures that you're testing the behavior the user would see in the browser. Learn more at https://react.dev/link/wrap-tests-with-act
An update to App inside a test was not wrapped in act(...).

When testing, code that causes React state updates should be wrapped into act(...):

act(() => {
  /* fire events that update state */
});
/* assert on the output */

This ensures that you're testing the behavior the user would see in the browser. Learn more at https://react.dev/link/wrap-tests-with-act

stderr | App.test.tsx > App /goal command > does not reuse a session selected while goal creation is in flight
An update to App inside a test was not wrapped in act(...).

When testing, code that causes React state updates should be wrapped into act(...):

act(() => {
  /* fire events that update state */
});
/* assert on the output */

This ensures that you're testing the behavior the user would see in the browser. Learn more at https://react.dev/link/wrap-tests-with-act

stderr | App.test.tsx > App /goal command > does not reuse a session selected while goal creation is in flight
An update to App inside a test was not wrapped in act(...).

When testing, code that causes React state updates should be wrapped into act(...):

act(() => {
  /* fire events that update state */
});
/* assert on the output */

This ensures that you're testing the behavior the user would see in the browser. Learn more at https://react.dev/link/wrap-tests-with-act

stderr | App.test.tsx > App /goal command > does not dispatch a Goal control after the session changes during refresh
[web-shell] The goal is no longer available. Error: The goal is no longer available.
    at /root/git/pr11412/packages/web-shell/client/App.tsx:13334:17

stderr | App.test.tsx > App /goal command > does not drop the goal into the current session when the new session fails
[web-shell] daemon unreachable Error: daemon unreachable
    at /root/git/pr11412/packages/web-shell/client/App.test.tsx:34515:7
    at file:///root/git/pr11412/node_modules/@vitest/runner/dist/chunk-hooks.js:752:20

stderr | App.test.tsx > App workflow history entry > does not prime the current chat when workflow session creation fails
[web-shell] boom Error: boom
    at /root/git/pr11412/packages/web-shell/client/App.test.tsx:34609:59
    at file:///root/git/pr11412/node_modules/@vitest/runner/dist/chunk-hooks.js:752:20

stderr | App.test.tsx > App manual-run orchestration (scheduled tasks) > "create via chat" does NOT prime the composer when the new session fails
[web-shell] boom Error: boom
    at /root/git/pr11412/packages/web-shell/client/App.test.tsx:35062:59
    at file:///root/git/pr11412/node_modules/@vitest/runner/dist/chunk-hooks.js:752:20

stderr | App.test.tsx > fileUploadEnabled customization plumbing > passes the upload drop preference to composers
An update to App inside a test was not wrapped in act(...).

When testing, code that causes React state updates should be wrapped into act(...):

act(() => {
  /* fire events that update state */
});
/* assert on the output */

This ensures that you're testing the behavior the user would see in the browser. Learn more at https://react.dev/link/wrap-tests-with-act
An update to App inside a test was not wrapped in act(...).

When testing, code that causes React state updates should be wrapped into act(...):

act(() => {
  /* fire events that update state */
});
/* assert on the output */

This ensures that you're testing the behavior the user would see in the browser. Learn more at https://react.dev/link/wrap-tests-with-act
An update to App inside a test was not wrapped in act(...).

When testing, code that causes React state updates should be wrapped into act(...):

act(() => {
  /* fire events that update state */
});
/* assert on the output */

This ensures that you're testing the behavior the user would see in the browser. Learn more at https://react.dev/link/wrap-tests-with-act
An update to App inside a test was not wrapped in act(...).

When testing, code that causes React state updates should be wrapped into act(...):

act(() => {
  /* fire events that update state */
});
/* assert on the output */

This ensures that you're testing the behavior the user would see in the browser. Learn more at https://react.dev/link/wrap-tests-with-act
An update to App inside a test was not wrapped in act(...).

When testing, code that causes React state updates should be wrapped into act(...):

act(() => {
  /* fire events that update state */
});
/* assert on the output */

This ensures that you're testing the behavior the user would see in the browser. Learn more at https://react.dev/link/wrap-tests-with-act
An update to App inside a test was not wrapped in act(...).

When testing, code that causes React state updates should be wrapped into act(...):

act(() => {
  /* fire events that update state */
});
/* assert on the output */

This ensures that you're testing the behavior the user would see in the browser. Learn more at https://react.dev/link/wrap-tests-with-act
An update to App inside a test was not wrapped in act(...).

When testing, code that causes React state updates should be wrapped into act(...):

act(() => {
  /* fire events that update state */
});
/* assert on the output */

This ensures that you're testing the behavior the user would see in the browser. Learn more at https://react.dev/link/wrap-tests-with-act
An update to App inside a test was not wrapped in act(...).

When testing, code that causes React state updates should be wrapped into act(...):

act(() => {
  /* fire events that update state */
});
/* assert on the output */

This ensures that you're testing the behavior the user would see in the browser. Learn more at https://react.dev/link/wrap-tests-with-act

stderr | App.test.tsx > fileUploadEnabled customization plumbing > passes the upload drop preference to composers
An update to App inside a test was not wrapped in act(...).

When testing, code that causes React state updates should be wrapped into act(...):

act(() => {
  /* fire events that update state */
});
/* assert on the output */

This ensures that you're testing the behavior the user would see in the browser. Learn more at https://react.dev/link/wrap-tests-with-act
An update to App inside a test was not wrapped in act(...).

When testing, code that causes React state updates should be wrapped into act(...):

act(() => {
  /* fire events that update state */
});
/* assert on the output */

This ensures that you're testing the behavior the user would see in the browser. Learn more at https://react.dev/link/wrap-tests-with-act

stderr | App.test.tsx > fileUploadEnabled customization plumbing > passes the attach drop preference to composers
An update to App inside a test was not wrapped in act(...).

When testing, code that causes React state updates should be wrapped into act(...):

act(() => {
  /* fire events that update state */
});
/* assert on the output */

This ensures that you're testing the behavior the user would see in the browser. Learn more at https://react.dev/link/wrap-tests-with-act
An update to App inside a test was not wrapped in act(...).

When testing, code that causes React state updates should be wrapped into act(...):

act(() => {
  /* fire events that update state */
});
/* assert on the output */

This ensures that you're testing the behavior the user would see in the browser. Learn more at https://react.dev/link/wrap-tests-with-act
An update to App inside a test was not wrapped in act(...).

When testing, code that causes React state updates should be wrapped into act(...):

act(() => {
  /* fire events that update state */
});
/* assert on the output */

This ensures that you're testing the behavior the user would see in the browser. Learn more at https://react.dev/link/wrap-tests-with-act
An update to App inside a test was not wrapped in act(...).

When testing, code that causes React state updates should be wrapped into act(...):

act(() => {
  /* fire events that update state */
});
/* assert on the output */

This ensures that you're testing the behavior the user would see in the browser. Learn more at https://react.dev/link/wrap-tests-with-act
An update to App inside a test was not wrapped in act(...).

When testing, code that causes React state updates should be wrapped into act(...):

act(() => {
  /* fire events that update state */
});
/* assert on the output */

This ensures that you're testing the behavior the user would see in the browser. Learn more at https://react.dev/link/wrap-tests-with-act
An update to App inside a test was not wrapped in act(...).

When testing, code that causes React state updates should be wrapped into act(...):

act(() => {
  /* fire events that update state */
});
/* assert on the output */

This ensures that you're testing the behavior the user would see in the browser. Learn more at https://react.dev/link/wrap-tests-with-act
An update to App inside a test was not wrapped in act(...).

When testing, code that causes React state updates should be wrapped into act(...):

act(() => {
  /* fire events that update state */
});
/* assert on the output */

This ensures that you're testing the behavior the user would see in the browser. Learn more at https://react.dev/link/wrap-tests-with-act
An update to App inside a test was not wrapped in act(...).

When testing, code that causes React state updates should be wrapped into act(...):

act(() => {
  /* fire events that update state */
});
/* assert on the output */

This ensures that you're testing the behavior the user would see in the browser. Learn more at https://react.dev/link/wrap-tests-with-act

stderr | App.test.tsx > fileUploadEnabled customization plumbing > passes the attach drop preference to composers
An update to App inside a test was not wrapped in act(...).

When testing, code that causes React state updates should be wrapped into act(...):

act(() => {
  /* fire events that update state */
});
/* assert on the output */

This ensures that you're testing the behavior the user would see in the browser. Learn more at https://react.dev/link/wrap-tests-with-act
An update to App inside a test was not wrapped in act(...).

When testing, code that causes React state updates should be wrapped into act(...):

act(() => {
  /* fire events that update state */
});
/* assert on the output */

This ensures that you're testing the behavior the user would see in the browser. Learn more at https://react.dev/link/wrap-tests-with-act

stderr | App.test.tsx > fileUploadEnabled customization plumbing > reaches the composer customization when the host disables upload
An update to App inside a test was not wrapped in act(...).

When testing, code that causes React state updates should be wrapped into act(...):

act(() => {
  /* fire events that update state */
});
/* assert on the output */

This ensures that you're testing the behavior the user would see in the browser. Learn more at https://react.dev/link/wrap-tests-with-act
An update to App inside a test was not wrapped in act(...).

When testing, code that causes React state updates should be wrapped into act(...):

act(() => {
  /* fire events that update state */
});
/* assert on the output */

This ensures that you're testing the behavior the user would see in the browser. Learn more at https://react.dev/link/wrap-tests-with-act
An update to App inside a test was not wrapped in act(...).

When testing, code that causes React state updates should be wrapped into act(...):

act(() => {
  /* fire events that update state */
});
/* assert on the output */

This ensures that you're testing the behavior the user would see in the browser. Learn more at https://react.dev/link/wrap-tests-with-act
An update to App inside a test was not wrapped in act(...).

When testing, code that causes React state updates should be wrapped into act(...):

act(() => {
  /* fire events that update state */
});
/* assert on the output */

This ensures that you're testing the behavior the user would see in the browser. Learn more at https://react.dev/link/wrap-tests-with-act
An update to App inside a test was not wrapped in act(...).

When testing, code that causes React state updates should be wrapped into act(...):

act(() => {
  /* fire events that update state */
});
/* assert on the output */

This ensures that you're testing the behavior the user would see in the browser. Learn more at https://react.dev/link/wrap-tests-with-act
An update to App inside a test was not wrapped in act(...).

When testing, code that causes React state updates should be wrapped into act(...):

act(() => {
  /* fire events that update state */
});
/* assert on the output */

This ensures that you're testing the behavior the user would see in the browser. Learn more at https://react.dev/link/wrap-tests-with-act
An update to App inside a test was not wrapped in act(...).

When testing, code that causes React state updates should be wrapped into act(...):

act(() => {
  /* fire events that update state */
});
/* assert on the output */

This ensures that you're testing the behavior the user would see in the browser. Learn more at https://react.dev/link/wrap-tests-with-act
An update to App inside a test was not wrapped in act(...).

When testing, code that causes React state updates should be wrapped into act(...):

act(() => {
  /* fire events that update state */
});
/* assert on the output */

This ensures that you're testing the behavior the user would see in the browser. Learn more at https://react.dev/link/wrap-tests-with-act

stderr | App.test.tsx > fileUploadEnabled customization plumbing > reaches the composer customization when the host disables upload
An update to App inside a test was not wrapped in act(...).

When testing, code that causes React state updates should be wrapped into act(...):

act(() => {
  /* fire events that update state */
});
/* assert on the output */

This ensures that you're testing the behavior the user would see in the browser. Learn more at https://react.dev/link/wrap-tests-with-act
An update to App inside a test was not wrapped in act(...).

When testing, code that causes React state updates should be wrapped into act(...):

act(() => {
  /* fire events that update state */
});
/* assert on the output */

This ensures that you're testing the behavior the user would see in the browser. Learn more at https://react.dev/link/wrap-tests-with-act

stderr | App.test.tsx > fileUploadEnabled customization plumbing > leaves the customization unset when the prop is omitted
An update to App inside a test was not wrapped in act(...).

When testing, code that causes React state updates should be wrapped into act(...):

act(() => {
  /* fire events that update state */
});
/* assert on the output */

This ensures that you're testing the behavior the user would see in the browser. Learn more at https://react.dev/link/wrap-tests-with-act
An update to App inside a test was not wrapped in act(...).

When testing, code that causes React state updates should be wrapped into act(...):

act(() => {
  /* fire events that update state */
});
/* assert on the output */

This ensures that you're testing the behavior the user would see in the browser. Learn more at https://react.dev/link/wrap-tests-with-act
An update to App inside a test was not wrapped in act(...).

When testing, code that causes React state updates should be wrapped into act(...):

act(() => {
  /* fire events that update state */
});
/* assert on the output */

This ensures that you're testing the behavior the user would see in the browser. Learn more at https://react.dev/link/wrap-tests-with-act
An update to App inside a test was not wrapped in act(...).

When testing, code that causes React state updates should be wrapped into act(...):

act(() => {
  /* fire events that update state */
});
/* assert on the output */

This ensures that you're testing the behavior the user would see in the browser. Learn more at https://react.dev/link/wrap-tests-with-act
An update to App inside a test was not wrapped in act(...).

When testing, code that causes React state updates should be wrapped into act(...):

act(() => {
  /* fire events that update state */
});
/* assert on the output */

This ensures that you're testing the behavior the user would see in the browser. Learn more at https://react.dev/link/wrap-tests-with-act
An update to App inside a test was not wrapped in act(...).

When testing, code that causes React state updates should be wrapped into act(...):

act(() => {
  /* fire events that update state */
});
/* assert on the output */

This ensures that you're testing the behavior the user would see in the browser. Learn more at https://react.dev/link/wrap-tests-with-act
An update to App inside a test was not wrapped in act(...).

When testing, code that causes React state updates should be wrapped into act(...):

act(() => {
  /* fire events that update state */
});
/* assert on the output */

This ensures that you're testing the behavior the user would see in the browser. Learn more at https://react.dev/link/wrap-tests-with-act
An update to App inside a test was not wrapped in act(...).

When testing, code that causes React state updates should be wrapped into act(...):

act(() => {
  /* fire events that update state */
});
/* assert on the output */

This ensures that you're testing the behavior the user would see in the browser. Learn more at https://react.dev/link/wrap-tests-with-act

stderr | App.test.tsx > fileUploadEnabled customization plumbing > leaves the customization unset when the prop is omitted
An update to App inside a test was not wrapped in act(...).

When testing, code that causes React state updates should be wrapped into act(...):

act(() => {
  /* fire events that update state */
});
/* assert on the output */

This ensures that you're testing the behavior the user would see in the browser. Learn more at https://react.dev/link/wrap-tests-with-act
An update to App inside a test was not wrapped in act(...).

When testing, code that causes React state updates should be wrapped into act(...):

act(() => {
  /* fire events that update state */
});
/* assert on the output */

This ensures that you're testing the behavior the user would see in the browser. Learn more at https://react.dev/link/wrap-tests-with-act

stderr | App.test.tsx > fileUploadEnabled customization plumbing > reaches the composer customization with the upload directory
An update to App inside a test was not wrapped in act(...).

When testing, code that causes React state updates should be wrapped into act(...):

act(() => {
  /* fire events that update state */
});
/* assert on the output */

This ensures that you're testing the behavior the user would see in the browser. Learn more at https://react.dev/link/wrap-tests-with-act
An update to App inside a test was not wrapped in act(...).

When testing, code that causes React state updates should be wrapped into act(...):

act(() => {
  /* fire events that update state */
});
/* assert on the output */

This ensures that you're testing the behavior the user would see in the browser. Learn more at https://react.dev/link/wrap-tests-with-act
An update to App inside a test was not wrapped in act(...).

When testing, code that causes React state updates should be wrapped into act(...):

act(() => {
  /* fire events that update state */
});
/* assert on the output */

This ensures that you're testing the behavior the user would see in the browser. Learn more at https://react.dev/link/wrap-tests-with-act
An update to App inside a test was not wrapped in act(...).

When testing, code that causes React state updates should be wrapped into act(...):

act(() => {
  /* fire events that update state */
});
/* assert on the output */

This ensures that you're testing the behavior the user would see in the browser. Learn more at https://react.dev/link/wrap-tests-with-act
An update to App inside a test was not wrapped in act(...).

When testing, code that causes React state updates should be wrapped into act(...):

act(() => {
  /* fire events that update state */
});
/* assert on the output */

This ensures that you're testing the behavior the user would see in the browser. Learn more at https://react.dev/link/wrap-tests-with-act
An update to App inside a test was not wrapped in act(...).

When testing, code that causes React state updates should be wrapped into act(...):

act(() => {
  /* fire events that update state */
});
/* assert on the output */

This ensures that you're testing the behavior the user would see in the browser. Learn more at https://react.dev/link/wrap-tests-with-act
An update to App inside a test was not wrapped in act(...).

When testing, code that causes React state updates should be wrapped into act(...):

act(() => {
  /* fire events that update state */
});
/* assert on the output */

This ensures that you're testing the behavior the user would see in the browser. Learn more at https://react.dev/link/wrap-tests-with-act
An update to App inside a test was not wrapped in act(...).

When testing, code that causes React state updates should be wrapped into act(...):

act(() => {
  /* fire events that update state */
});
/* assert on the output */

This ensures that you're testing the behavior the user would see in the browser. Learn more at https://react.dev/link/wrap-tests-with-act

stderr | App.test.tsx > fileUploadEnabled customization plumbing > reaches the composer customization with the upload directory
An update to App inside a test was not wrapped in act(...).

When testing, code that causes React state updates should be wrapped into act(...):

act(() => {
  /* fire events that update state */
});
/* assert on the output */

This ensures that you're testing the behavior the user would see in the browser. Learn more at https://react.dev/link/wrap-tests-with-act
An update to App inside a test was not wrapped in act(...).

When testing, code that causes React state updates should be wrapped into act(...):

act(() => {
  /* fire events that update state */
});
/* assert on the output */

This ensures that you're testing the behavior the user would see in the browser. Learn more at https://react.dev/link/wrap-tests-with-act

stderr | App.test.tsx > fileUploadEnabled customization plumbing > leaves the upload directory unset when the prop is omitted
An update to App inside a test was not wrapped in act(...).

When testing, code that causes React state updates should be wrapped into act(...):

act(() => {
  /* fire events that update state */
});
/* assert on the output */

This ensures that you're testing the behavior the user would see in the browser. Learn more at https://react.dev/link/wrap-tests-with-act
An update to App inside a test was not wrapped in act(...).

When testing, code that causes React state updates should be wrapped into act(...):

act(() => {
  /* fire events that update state */
});
/* assert on the output */

This ensures that you're testing the behavior the user would see in the browser. Learn more at https://react.dev/link/wrap-tests-with-act
An update to App inside a test was not wrapped in act(...).

When testing, code that causes React state updates should be wrapped into act(...):

act(() => {
  /* fire events that update state */
});
/* assert on the output */

This ensures that you're testing the behavior the user would see in the browser. Learn more at https://react.dev/link/wrap-tests-with-act
An update to App inside a test was not wrapped in act(...).

When testing, code that causes React state updates should be wrapped into act(...):

act(() => {
  /* fire events that update state */
});
/* assert on the output */

This ensures that you're testing the behavior the user would see in the browser. Learn more at https://react.dev/link/wrap-tests-with-act
An update to App inside a test was not wrapped in act(...).

When testing, code that causes React state updates should be wrapped into act(...):

act(() => {
  /* fire events that update state */
});
/* assert on the output */

This ensures that you're testing the behavior the user would see in the browser. Learn more at https://react.dev/link/wrap-tests-with-act
An update to App inside a test was not wrapped in act(...).

When testing, code that causes React state updates should be wrapped into act(...):

act(() => {
  /* fire events that update state */
});
/* assert on the output */

This ensures that you're testing the behavior the user would see in the browser. Learn more at https://react.dev/link/wrap-tests-with-act
An update to App inside a test was not wrapped in act(...).

When testing, code that causes React state updates should be wrapped into act(...):

act(() => {
  /* fire events that update state */
});
/* assert on the output */

This ensures that you're testing the behavior the user would see in the browser. Learn more at https://react.dev/link/wrap-tests-with-act
An update to App inside a test was not wrapped in act(...).

When testing, code that causes React state updates should be wrapped into act(...):

act(() => {
  /* fire events that update state */
});
/* assert on the output */

This ensures that you're testing the behavior the user would see in the browser. Learn more at https://react.dev/link/wrap-tests-with-act

stderr | App.test.tsx > fileUploadEnabled customization plumbing > leaves the upload directory unset when the prop is omitted
An update to App inside a test was not wrapped in act(...).

When testing, code that causes React state updates should be wrapped into act(...):

act(() => {
  /* fire events that update state */
});
/* assert on the output */

This ensures that you're testing the behavior the user would see in the browser. Learn more at https://react.dev/link/wrap-tests-with-act
An update to App inside a test was not wrapped in act(...).

When testing, code that causes React state updates should be wrapped into act(...):

act(() => {
  /* fire events that update state */
});
/* assert on the output */

This ensures that you're testing the behavior the user would see in the browser. Learn more at https://react.dev/link/wrap-tests-with-act

 ✓ App.test.tsx (796 tests) 87351ms
   ✓ task activity key > releases a detached terminal when its persisted session is evicted  1101ms
   ✓ task activity key > keeps a tab opened during restore after switching sessions  313ms
   ✓ artifact panel fullscreen > does not carry fullscreen into a switched-to session  306ms
   ✓ App session callbacks > revalidates a partial Skill mutation only within its workspace  351ms
   ✓ App session callbacks > restores a turn-error retry after switching away during admission  301ms
   ✓ App session callbacks > prefers the active retry when its workspace becomes available  319ms
   ✓ App prompt send failure retry > restores a failed-prompt retry after switching away during admission  307ms

 Test Files  288 passed (288)
      Tests  6712 passed (6712)
   Start at  09:07:28
   Duration  93.37s (transform 27.72s, setup 2.83s, collect 114.04s, tests 218.21s, environment 70.23s, prepare 23.97s)

JUNIT report written to /root/git/pr11412/packages/web-shell/junit.xml
