[INFO] Scanning for projects...
[INFO] 
[INFO] ---------------< com.alibaba:qwen-managed-agent-server >----------------
[INFO] Building Qwen Managed Agent Server 0.1.0-alpha
[INFO]   from pom.xml
[INFO] --------------------------------[ jar ]---------------------------------
[INFO] 
[INFO] --- resources:3.3.1:resources (default-resources) @ qwen-managed-agent-server ---
[INFO] Copying 26 resources from src/main/resources to target/classes
[INFO] Copying 1 resource from ../../core/src/managed-runtime/contracts to target/classes/contracts
[INFO] 
[INFO] --- compiler:3.14.1:compile (default-compile) @ qwen-managed-agent-server ---
[INFO] Nothing to compile - all classes are up to date.
[INFO] 
[INFO] --- resources:3.3.1:testResources (default-testResources) @ qwen-managed-agent-server ---
[INFO] Copying 1 resource from src/test/resources to target/test-classes
[INFO] 
[INFO] --- compiler:3.14.1:testCompile (default-testCompile) @ qwen-managed-agent-server ---
[INFO] Nothing to compile - all classes are up to date.
[INFO] 
[INFO] --- surefire:3.5.6:test (default-test) @ qwen-managed-agent-server ---
[INFO] 
[INFO] --- jar:3.4.2:jar (default-jar) @ qwen-managed-agent-server ---
[INFO] 
[INFO] --- spring-boot:3.5.16:repackage (repackage) @ qwen-managed-agent-server ---
[INFO] Replacing main artifact /rig/wt/packages/sdk-java/managed-agent-server/target/qwen-managed-agent-server-0.1.0-alpha.jar with repackaged archive, adding nested dependencies in BOOT-INF/.
[INFO] The original artifact has been renamed to /rig/wt/packages/sdk-java/managed-agent-server/target/qwen-managed-agent-server-0.1.0-alpha.jar.original
[INFO] 
[INFO] --- spring-boot:3.5.16:repackage (operator-recovery) @ qwen-managed-agent-server ---
[INFO] Attaching repackaged archive /rig/wt/packages/sdk-java/managed-agent-server/target/qwen-managed-agent-server-0.1.0-alpha-operator-recovery.jar with classifier operator-recovery
[INFO] 
[INFO] --- failsafe:3.5.6:integration-test (default) @ qwen-managed-agent-server ---
[INFO] Using auto detected provider org.apache.maven.surefire.junitplatform.JUnitPlatformProvider
[INFO] 
[INFO] -------------------------------------------------------
[INFO]  T E S T S
[INFO] -------------------------------------------------------
[INFO] Running com.alibaba.qwen.code.managedagent.HostedProcessCrashIT
Standard Commons Logging discovery in action with spring-jcl: please remove commons-logging.jar from classpath in order to avoid potential conflicts
FG6C_DATABASE {"version":"8.4.7","engine":"MySQL Community Server - GPL"}
[ERROR] Tests run: 1, Failures: 1, Errors: 0, Skipped: 0, Time elapsed: 30.63 s <<< FAILURE! -- in com.alibaba.qwen.code.managedagent.HostedProcessCrashIT
[ERROR] com.alibaba.qwen.code.managedagent.HostedProcessCrashIT.processCrashesNeverReplayHostedToolsOnMySql -- Time elapsed: 30.53 s <<< FAILURE!
java.lang.AssertionError: 
[Spring readiness] 
Expecting actual:
  471580440724916L
to be less than:
  471580416415958L 
	at com.alibaba.qwen.code.managedagent.HostedProcessCrashIT.await(HostedProcessCrashIT.java:388)
	at com.alibaba.qwen.code.managedagent.HostedProcessCrashIT$Fixture.startSpring(HostedProcessCrashIT.java:145)
	at com.alibaba.qwen.code.managedagent.HostedProcessCrashIT$Fixture.run(HostedProcessCrashIT.java:95)
	at com.alibaba.qwen.code.managedagent.HostedProcessCrashIT.processCrashesNeverReplayHostedToolsOnMySql(HostedProcessCrashIT.java:63)
	at java.base/java.lang.reflect.Method.invoke(Method.java:580)
	at java.base/java.util.ArrayList.forEach(ArrayList.java:1596)
	at java.base/java.util.ArrayList.forEach(ArrayList.java:1596)

[INFO] Running com.alibaba.qwen.code.managedagent.ToolPublicationRecoveryMySqlIT
05:06:11.438 [main] INFO org.flywaydb.core.FlywayExecutor -- Database: jdbc:mysql://127.0.0.1:33110/publication_recovery_40381c7f4645463ea0ee93eaf68abb38?createDatabaseIfNotExist=true&allowPublicKeyRetrieval=true&useSSL=false (MySQL 8.4)
05:06:11.452 [main] WARN org.flywaydb.core.internal.database.base.Database -- Flyway upgrade recommended: MySQL 8.4 is newer than this version of Flyway and support has not been tested. The latest supported version of MySQL is 8.1.
05:06:11.485 [main] INFO org.flywaydb.core.internal.schemahistory.JdbcTableSchemaHistory -- Schema history table `publication_recovery_40381c7f4645463ea0ee93eaf68abb38`.`flyway_schema_history` does not exist yet
05:06:11.489 [main] INFO org.flywaydb.core.internal.command.DbValidate -- Successfully validated 25 migrations (execution time 00:00.026s)
05:06:11.503 [main] INFO org.flywaydb.core.internal.schemahistory.JdbcTableSchemaHistory -- Creating Schema History table `publication_recovery_40381c7f4645463ea0ee93eaf68abb38`.`flyway_schema_history` ...
05:06:11.715 [main] INFO org.flywaydb.core.internal.command.DbMigrate -- Current version of schema `publication_recovery_40381c7f4645463ea0ee93eaf68abb38`: << Empty Schema >>
05:06:11.729 [main] INFO org.flywaydb.core.internal.command.DbMigrate -- Migrating schema `publication_recovery_40381c7f4645463ea0ee93eaf68abb38` to version "1 - managed agent core"
05:06:12.468 [main] INFO org.flywaydb.core.internal.command.DbMigrate -- Migrating schema `publication_recovery_40381c7f4645463ea0ee93eaf68abb38` to version "2 - managed agent projection"
05:06:13.125 [main] INFO org.flywaydb.core.internal.command.DbMigrate -- Migrating schema `publication_recovery_40381c7f4645463ea0ee93eaf68abb38` to version "3 - runtime broker"
05:06:14.281 [main] INFO org.flywaydb.core.internal.command.DbMigrate -- Migrating schema `publication_recovery_40381c7f4645463ea0ee93eaf68abb38` to version "4 - managed session store"
05:06:14.813 [main] INFO org.flywaydb.core.internal.command.DbMigrate -- Migrating schema `publication_recovery_40381c7f4645463ea0ee93eaf68abb38` to version "5 - managed session lifecycle"
05:06:15.873 [main] INFO org.flywaydb.core.internal.command.DbMigrate -- Migrating schema `publication_recovery_40381c7f4645463ea0ee93eaf68abb38` to version "6 - managed turn retry"
05:06:16.465 [main] INFO org.flywaydb.core.internal.command.DbMigrate -- Migrating schema `publication_recovery_40381c7f4645463ea0ee93eaf68abb38` to version "7 - managed workspace binding"
05:06:19.408 [main] INFO org.flywaydb.core.internal.command.DbMigrate -- Migrating schema `publication_recovery_40381c7f4645463ea0ee93eaf68abb38` to version "8 - managed workspace registry"
05:06:19.704 [main] INFO org.flywaydb.core.internal.command.DbMigrate -- Migrating schema `publication_recovery_40381c7f4645463ea0ee93eaf68abb38` to version "9 - managed workspace creation command"
05:06:20.062 [main] INFO org.flywaydb.core.internal.command.DbMigrate -- Migrating schema `publication_recovery_40381c7f4645463ea0ee93eaf68abb38` to version "10 - managed runtime context"
05:06:20.584 [main] INFO org.flywaydb.core.internal.command.DbMigrate -- Migrating schema `publication_recovery_40381c7f4645463ea0ee93eaf68abb38` to version "11 - workspace execution"
05:06:21.925 [main] INFO org.flywaydb.core.internal.command.DbMigrate -- Migrating schema `publication_recovery_40381c7f4645463ea0ee93eaf68abb38` to version "12 - runtime broker schema alignment"
05:06:24.502 [main] INFO org.flywaydb.core.internal.command.DbMigrate -- Migrating schema `publication_recovery_40381c7f4645463ea0ee93eaf68abb38` to version "13 - managed session agent revision"
05:06:24.795 [main] INFO org.flywaydb.core.internal.command.DbMigrate -- Migrating schema `publication_recovery_40381c7f4645463ea0ee93eaf68abb38` to version "14 - managed event replay"
05:06:26.058 [main] INFO org.flywaydb.core.internal.command.DbMigrate -- Migrating schema `publication_recovery_40381c7f4645463ea0ee93eaf68abb38` to version "15 - managed event identity"
05:06:26.090 [main] INFO org.flywaydb.core.internal.command.DbMigrate -- Migrating schema `publication_recovery_40381c7f4645463ea0ee93eaf68abb38` to version "16 - runtime loss evidence"
05:06:27.172 [main] INFO org.flywaydb.core.internal.command.DbMigrate -- Migrating schema `publication_recovery_40381c7f4645463ea0ee93eaf68abb38` to version "17 - managed session operation"
05:06:27.499 [main] INFO org.flywaydb.core.internal.command.DbMigrate -- Migrating schema `publication_recovery_40381c7f4645463ea0ee93eaf68abb38` to version "18 - managed extension record"
05:06:27.778 [main] INFO org.flywaydb.core.internal.command.DbMigrate -- Migrating schema `publication_recovery_40381c7f4645463ea0ee93eaf68abb38` to version "19 - workspace operator recovery"
05:06:27.916 [main] INFO org.flywaydb.core.internal.command.DbMigrate -- Migrating schema `publication_recovery_40381c7f4645463ea0ee93eaf68abb38` to version "20 - managed tool publication"
05:06:28.311 [main] INFO org.flywaydb.core.internal.command.DbMigrate -- Migrating schema `publication_recovery_40381c7f4645463ea0ee93eaf68abb38` to version "21 - managed tool publication objects"
05:06:32.250 [main] INFO org.flywaydb.core.internal.command.DbMigrate -- Migrating schema `publication_recovery_40381c7f4645463ea0ee93eaf68abb38` to version "22 - managed tool publication recovery"
05:06:32.460 [main] INFO org.flywaydb.core.internal.command.DbMigrate -- Migrating schema `publication_recovery_40381c7f4645463ea0ee93eaf68abb38` to version "23 - managed mcp records"
05:06:32.937 [main] INFO org.flywaydb.core.internal.command.DbMigrate -- Migrating schema `publication_recovery_40381c7f4645463ea0ee93eaf68abb38` to version "24 - managed actions"
05:06:34.452 [main] INFO org.flywaydb.core.internal.command.DbMigrate -- Migrating schema `publication_recovery_40381c7f4645463ea0ee93eaf68abb38` to version "25 - verified workspace mount"
05:06:36.679 [main] INFO org.flywaydb.core.internal.command.DbMigrate -- Successfully applied 25 migrations to schema `publication_recovery_40381c7f4645463ea0ee93eaf68abb38`, now at version v25 (execution time 00:23.929s)
05:06:39.197 [main] INFO org.flywaydb.core.FlywayExecutor -- Database: jdbc:mysql://127.0.0.1:33110/publication_recovery_7dee6a6927a04000826ceb7066a15563?createDatabaseIfNotExist=true&allowPublicKeyRetrieval=true&useSSL=false (MySQL 8.4)
05:06:39.208 [main] WARN org.flywaydb.core.internal.database.base.Database -- Flyway upgrade recommended: MySQL 8.4 is newer than this version of Flyway and support has not been tested. The latest supported version of MySQL is 8.1.
05:06:39.227 [main] INFO org.flywaydb.core.internal.schemahistory.JdbcTableSchemaHistory -- Schema history table `publication_recovery_7dee6a6927a04000826ceb7066a15563`.`flyway_schema_history` does not exist yet
05:06:39.228 [main] INFO org.flywaydb.core.internal.command.DbValidate -- Successfully validated 25 migrations (execution time 00:00.016s)
05:06:39.236 [main] INFO org.flywaydb.core.internal.schemahistory.JdbcTableSchemaHistory -- Creating Schema History table `publication_recovery_7dee6a6927a04000826ceb7066a15563`.`flyway_schema_history` ...
05:06:39.394 [main] INFO org.flywaydb.core.internal.command.DbMigrate -- Current version of schema `publication_recovery_7dee6a6927a04000826ceb7066a15563`: << Empty Schema >>
05:06:39.400 [main] INFO org.flywaydb.core.internal.command.DbMigrate -- Migrating schema `publication_recovery_7dee6a6927a04000826ceb7066a15563` to version "1 - managed agent core"
05:06:39.992 [main] INFO org.flywaydb.core.internal.command.DbMigrate -- Migrating schema `publication_recovery_7dee6a6927a04000826ceb7066a15563` to version "2 - managed agent projection"
05:06:40.499 [main] INFO org.flywaydb.core.internal.command.DbMigrate -- Migrating schema `publication_recovery_7dee6a6927a04000826ceb7066a15563` to version "3 - runtime broker"
05:06:41.233 [main] INFO org.flywaydb.core.internal.command.DbMigrate -- Migrating schema `publication_recovery_7dee6a6927a04000826ceb7066a15563` to version "4 - managed session store"
05:06:41.762 [main] INFO org.flywaydb.core.internal.command.DbMigrate -- Migrating schema `publication_recovery_7dee6a6927a04000826ceb7066a15563` to version "5 - managed session lifecycle"
05:06:42.622 [main] INFO org.flywaydb.core.internal.command.DbMigrate -- Migrating schema `publication_recovery_7dee6a6927a04000826ceb7066a15563` to version "6 - managed turn retry"
05:06:43.045 [main] INFO org.flywaydb.core.internal.command.DbMigrate -- Migrating schema `publication_recovery_7dee6a6927a04000826ceb7066a15563` to version "7 - managed workspace binding"
05:06:44.950 [main] INFO org.flywaydb.core.internal.command.DbMigrate -- Migrating schema `publication_recovery_7dee6a6927a04000826ceb7066a15563` to version "8 - managed workspace registry"
05:06:45.176 [main] INFO org.flywaydb.core.internal.command.DbMigrate -- Migrating schema `publication_recovery_7dee6a6927a04000826ceb7066a15563` to version "9 - managed workspace creation command"
05:06:45.388 [main] INFO org.flywaydb.core.internal.command.DbMigrate -- Migrating schema `publication_recovery_7dee6a6927a04000826ceb7066a15563` to version "10 - managed runtime context"
05:06:45.745 [main] INFO org.flywaydb.core.internal.command.DbMigrate -- Migrating schema `publication_recovery_7dee6a6927a04000826ceb7066a15563` to version "11 - workspace execution"
05:06:46.494 [main] INFO org.flywaydb.core.internal.command.DbMigrate -- Migrating schema `publication_recovery_7dee6a6927a04000826ceb7066a15563` to version "12 - runtime broker schema alignment"
05:06:48.472 [main] INFO org.flywaydb.core.internal.command.DbMigrate -- Migrating schema `publication_recovery_7dee6a6927a04000826ceb7066a15563` to version "13 - managed session agent revision"
05:06:48.741 [main] INFO org.flywaydb.core.internal.command.DbMigrate -- Migrating schema `publication_recovery_7dee6a6927a04000826ceb7066a15563` to version "14 - managed event replay"
05:06:49.720 [main] INFO org.flywaydb.core.internal.command.DbMigrate -- Migrating schema `publication_recovery_7dee6a6927a04000826ceb7066a15563` to version "15 - managed event identity"
05:06:49.747 [main] INFO org.flywaydb.core.internal.command.DbMigrate -- Migrating schema `publication_recovery_7dee6a6927a04000826ceb7066a15563` to version "16 - runtime loss evidence"
05:06:50.641 [main] INFO org.flywaydb.core.internal.command.DbMigrate -- Migrating schema `publication_recovery_7dee6a6927a04000826ceb7066a15563` to version "17 - managed session operation"
05:06:50.965 [main] INFO org.flywaydb.core.internal.command.DbMigrate -- Migrating schema `publication_recovery_7dee6a6927a04000826ceb7066a15563` to version "18 - managed extension record"
05:06:51.209 [main] INFO org.flywaydb.core.internal.command.DbMigrate -- Migrating schema `publication_recovery_7dee6a6927a04000826ceb7066a15563` to version "19 - workspace operator recovery"
05:06:51.310 [main] INFO org.flywaydb.core.internal.command.DbMigrate -- Migrating schema `publication_recovery_7dee6a6927a04000826ceb7066a15563` to version "20 - managed tool publication"
05:06:51.605 [main] INFO org.flywaydb.core.internal.command.DbMigrate -- Migrating schema `publication_recovery_7dee6a6927a04000826ceb7066a15563` to version "21 - managed tool publication objects"
05:06:54.992 [main] INFO org.flywaydb.core.internal.command.DbMigrate -- Migrating schema `publication_recovery_7dee6a6927a04000826ceb7066a15563` to version "22 - managed tool publication recovery"
05:06:55.146 [main] INFO org.flywaydb.core.internal.command.DbMigrate -- Migrating schema `publication_recovery_7dee6a6927a04000826ceb7066a15563` to version "23 - managed mcp records"
05:06:55.531 [main] INFO org.flywaydb.core.internal.command.DbMigrate -- Migrating schema `publication_recovery_7dee6a6927a04000826ceb7066a15563` to version "24 - managed actions"
05:06:56.886 [main] INFO org.flywaydb.core.internal.command.DbMigrate -- Migrating schema `publication_recovery_7dee6a6927a04000826ceb7066a15563` to version "25 - verified workspace mount"
05:06:58.752 [main] INFO org.flywaydb.core.internal.command.DbMigrate -- Successfully applied 25 migrations to schema `publication_recovery_7dee6a6927a04000826ceb7066a15563`, now at version v25 (execution time 00:18.474s)
05:07:00.948 [main] INFO org.flywaydb.core.FlywayExecutor -- Database: jdbc:mysql://127.0.0.1:33110/publication_recovery_2595c2c78afe44c8adc35d179a6994ee?createDatabaseIfNotExist=true&allowPublicKeyRetrieval=true&useSSL=false (MySQL 8.4)
05:07:00.958 [main] WARN org.flywaydb.core.internal.database.base.Database -- Flyway upgrade recommended: MySQL 8.4 is newer than this version of Flyway and support has not been tested. The latest supported version of MySQL is 8.1.
05:07:00.971 [main] INFO org.flywaydb.core.internal.schemahistory.JdbcTableSchemaHistory -- Schema history table `publication_recovery_2595c2c78afe44c8adc35d179a6994ee`.`flyway_schema_history` does not exist yet
05:07:00.972 [main] INFO org.flywaydb.core.internal.command.DbValidate -- Successfully validated 25 migrations (execution time 00:00.011s)
05:07:00.980 [main] INFO org.flywaydb.core.internal.schemahistory.JdbcTableSchemaHistory -- Creating Schema History table `publication_recovery_2595c2c78afe44c8adc35d179a6994ee`.`flyway_schema_history` ...
05:07:01.179 [main] INFO org.flywaydb.core.internal.command.DbMigrate -- Current version of schema `publication_recovery_2595c2c78afe44c8adc35d179a6994ee`: << Empty Schema >>
05:07:01.190 [main] INFO org.flywaydb.core.internal.command.DbMigrate -- Migrating schema `publication_recovery_2595c2c78afe44c8adc35d179a6994ee` to version "1 - managed agent core"
05:07:01.727 [main] INFO org.flywaydb.core.internal.command.DbMigrate -- Migrating schema `publication_recovery_2595c2c78afe44c8adc35d179a6994ee` to version "2 - managed agent projection"
05:07:02.070 [main] INFO org.flywaydb.core.internal.command.DbMigrate -- Migrating schema `publication_recovery_2595c2c78afe44c8adc35d179a6994ee` to version "3 - runtime broker"
05:07:02.841 [main] INFO org.flywaydb.core.internal.command.DbMigrate -- Migrating schema `publication_recovery_2595c2c78afe44c8adc35d179a6994ee` to version "4 - managed session store"
05:07:03.225 [main] INFO org.flywaydb.core.internal.command.DbMigrate -- Migrating schema `publication_recovery_2595c2c78afe44c8adc35d179a6994ee` to version "5 - managed session lifecycle"
05:07:04.155 [main] INFO org.flywaydb.core.internal.command.DbMigrate -- Migrating schema `publication_recovery_2595c2c78afe44c8adc35d179a6994ee` to version "6 - managed turn retry"
05:07:04.647 [main] INFO org.flywaydb.core.internal.command.DbMigrate -- Migrating schema `publication_recovery_2595c2c78afe44c8adc35d179a6994ee` to version "7 - managed workspace binding"
05:07:06.467 [main] INFO org.flywaydb.core.internal.command.DbMigrate -- Migrating schema `publication_recovery_2595c2c78afe44c8adc35d179a6994ee` to version "8 - managed workspace registry"
05:07:06.712 [main] INFO org.flywaydb.core.internal.command.DbMigrate -- Migrating schema `publication_recovery_2595c2c78afe44c8adc35d179a6994ee` to version "9 - managed workspace creation command"
05:07:06.892 [main] INFO org.flywaydb.core.internal.command.DbMigrate -- Migrating schema `publication_recovery_2595c2c78afe44c8adc35d179a6994ee` to version "10 - managed runtime context"
05:07:07.287 [main] INFO org.flywaydb.core.internal.command.DbMigrate -- Migrating schema `publication_recovery_2595c2c78afe44c8adc35d179a6994ee` to version "11 - workspace execution"
05:07:08.213 [main] INFO org.flywaydb.core.internal.command.DbMigrate -- Migrating schema `publication_recovery_2595c2c78afe44c8adc35d179a6994ee` to version "12 - runtime broker schema alignment"
05:07:10.515 [main] INFO org.flywaydb.core.internal.command.DbMigrate -- Migrating schema `publication_recovery_2595c2c78afe44c8adc35d179a6994ee` to version "13 - managed session agent revision"
05:07:10.678 [main] INFO org.flywaydb.core.internal.command.DbMigrate -- Migrating schema `publication_recovery_2595c2c78afe44c8adc35d179a6994ee` to version "14 - managed event replay"
05:07:11.647 [main] INFO org.flywaydb.core.internal.command.DbMigrate -- Migrating schema `publication_recovery_2595c2c78afe44c8adc35d179a6994ee` to version "15 - managed event identity"
05:07:11.680 [main] INFO org.flywaydb.core.internal.command.DbMigrate -- Migrating schema `publication_recovery_2595c2c78afe44c8adc35d179a6994ee` to version "16 - runtime loss evidence"
05:07:12.513 [main] INFO org.flywaydb.core.internal.command.DbMigrate -- Migrating schema `publication_recovery_2595c2c78afe44c8adc35d179a6994ee` to version "17 - managed session operation"
05:07:12.752 [main] INFO org.flywaydb.core.internal.command.DbMigrate -- Migrating schema `publication_recovery_2595c2c78afe44c8adc35d179a6994ee` to version "18 - managed extension record"
05:07:12.995 [main] INFO org.flywaydb.core.internal.command.DbMigrate -- Migrating schema `publication_recovery_2595c2c78afe44c8adc35d179a6994ee` to version "19 - workspace operator recovery"
05:07:13.117 [main] INFO org.flywaydb.core.internal.command.DbMigrate -- Migrating schema `publication_recovery_2595c2c78afe44c8adc35d179a6994ee` to version "20 - managed tool publication"
05:07:13.383 [main] INFO org.flywaydb.core.internal.command.DbMigrate -- Migrating schema `publication_recovery_2595c2c78afe44c8adc35d179a6994ee` to version "21 - managed tool publication objects"
05:07:17.573 [main] INFO org.flywaydb.core.internal.command.DbMigrate -- Migrating schema `publication_recovery_2595c2c78afe44c8adc35d179a6994ee` to version "22 - managed tool publication recovery"
05:07:17.752 [main] INFO org.flywaydb.core.internal.command.DbMigrate -- Migrating schema `publication_recovery_2595c2c78afe44c8adc35d179a6994ee` to version "23 - managed mcp records"
05:07:18.177 [main] INFO org.flywaydb.core.internal.command.DbMigrate -- Migrating schema `publication_recovery_2595c2c78afe44c8adc35d179a6994ee` to version "24 - managed actions"
05:07:19.740 [main] INFO org.flywaydb.core.internal.command.DbMigrate -- Migrating schema `publication_recovery_2595c2c78afe44c8adc35d179a6994ee` to version "25 - verified workspace mount"
05:07:22.140 [main] INFO org.flywaydb.core.internal.command.DbMigrate -- Successfully applied 25 migrations to schema `publication_recovery_2595c2c78afe44c8adc35d179a6994ee`, now at version v25 (execution time 00:20.226s)
05:07:24.370 [main] INFO org.flywaydb.core.FlywayExecutor -- Database: jdbc:mysql://127.0.0.1:33110/publication_recovery_1d824720862545c88a07b239ed422774?createDatabaseIfNotExist=true&allowPublicKeyRetrieval=true&useSSL=false (MySQL 8.4)
05:07:24.372 [main] WARN org.flywaydb.core.internal.database.base.Database -- Flyway upgrade recommended: MySQL 8.4 is newer than this version of Flyway and support has not been tested. The latest supported version of MySQL is 8.1.
05:07:24.389 [main] INFO org.flywaydb.core.internal.schemahistory.JdbcTableSchemaHistory -- Schema history table `publication_recovery_1d824720862545c88a07b239ed422774`.`flyway_schema_history` does not exist yet
05:07:24.390 [main] INFO org.flywaydb.core.internal.command.DbValidate -- Successfully validated 25 migrations (execution time 00:00.016s)
05:07:24.395 [main] INFO org.flywaydb.core.internal.schemahistory.JdbcTableSchemaHistory -- Creating Schema History table `publication_recovery_1d824720862545c88a07b239ed422774`.`flyway_schema_history` ...
05:07:24.565 [main] INFO org.flywaydb.core.internal.command.DbMigrate -- Current version of schema `publication_recovery_1d824720862545c88a07b239ed422774`: << Empty Schema >>
05:07:24.569 [main] INFO org.flywaydb.core.internal.command.DbMigrate -- Migrating schema `publication_recovery_1d824720862545c88a07b239ed422774` to version "1 - managed agent core"
05:07:25.255 [main] INFO org.flywaydb.core.internal.command.DbMigrate -- Migrating schema `publication_recovery_1d824720862545c88a07b239ed422774` to version "2 - managed agent projection"
05:07:25.688 [main] INFO org.flywaydb.core.internal.command.DbMigrate -- Migrating schema `publication_recovery_1d824720862545c88a07b239ed422774` to version "3 - runtime broker"
05:07:26.640 [main] INFO org.flywaydb.core.internal.command.DbMigrate -- Migrating schema `publication_recovery_1d824720862545c88a07b239ed422774` to version "4 - managed session store"
05:07:27.176 [main] INFO org.flywaydb.core.internal.command.DbMigrate -- Migrating schema `publication_recovery_1d824720862545c88a07b239ed422774` to version "5 - managed session lifecycle"
05:07:28.098 [main] INFO org.flywaydb.core.internal.command.DbMigrate -- Migrating schema `publication_recovery_1d824720862545c88a07b239ed422774` to version "6 - managed turn retry"
05:07:28.778 [main] INFO org.flywaydb.core.internal.command.DbMigrate -- Migrating schema `publication_recovery_1d824720862545c88a07b239ed422774` to version "7 - managed workspace binding"
05:07:31.316 [main] INFO org.flywaydb.core.internal.command.DbMigrate -- Migrating schema `publication_recovery_1d824720862545c88a07b239ed422774` to version "8 - managed workspace registry"
05:07:31.645 [main] INFO org.flywaydb.core.internal.command.DbMigrate -- Migrating schema `publication_recovery_1d824720862545c88a07b239ed422774` to version "9 - managed workspace creation command"
05:07:31.857 [main] INFO org.flywaydb.core.internal.command.DbMigrate -- Migrating schema `publication_recovery_1d824720862545c88a07b239ed422774` to version "10 - managed runtime context"
05:07:32.336 [main] INFO org.flywaydb.core.internal.command.DbMigrate -- Migrating schema `publication_recovery_1d824720862545c88a07b239ed422774` to version "11 - workspace execution"
05:07:33.283 [main] INFO org.flywaydb.core.internal.command.DbMigrate -- Migrating schema `publication_recovery_1d824720862545c88a07b239ed422774` to version "12 - runtime broker schema alignment"
05:07:35.259 [main] INFO org.flywaydb.core.internal.command.DbMigrate -- Migrating schema `publication_recovery_1d824720862545c88a07b239ed422774` to version "13 - managed session agent revision"
05:07:35.470 [main] INFO org.flywaydb.core.internal.command.DbMigrate -- Migrating schema `publication_recovery_1d824720862545c88a07b239ed422774` to version "14 - managed event replay"
05:07:36.707 [main] INFO org.flywaydb.core.internal.command.DbMigrate -- Migrating schema `publication_recovery_1d824720862545c88a07b239ed422774` to version "15 - managed event identity"
05:07:36.728 [main] INFO org.flywaydb.core.internal.command.DbMigrate -- Migrating schema `publication_recovery_1d824720862545c88a07b239ed422774` to version "16 - runtime loss evidence"
05:07:37.840 [main] INFO org.flywaydb.core.internal.command.DbMigrate -- Migrating schema `publication_recovery_1d824720862545c88a07b239ed422774` to version "17 - managed session operation"
05:07:38.163 [main] INFO org.flywaydb.core.internal.command.DbMigrate -- Migrating schema `publication_recovery_1d824720862545c88a07b239ed422774` to version "18 - managed extension record"
05:07:38.462 [main] INFO org.flywaydb.core.internal.command.DbMigrate -- Migrating schema `publication_recovery_1d824720862545c88a07b239ed422774` to version "19 - workspace operator recovery"
05:07:38.572 [main] INFO org.flywaydb.core.internal.command.DbMigrate -- Migrating schema `publication_recovery_1d824720862545c88a07b239ed422774` to version "20 - managed tool publication"
05:07:38.785 [main] INFO org.flywaydb.core.internal.command.DbMigrate -- Migrating schema `publication_recovery_1d824720862545c88a07b239ed422774` to version "21 - managed tool publication objects"
05:07:42.437 [main] INFO org.flywaydb.core.internal.command.DbMigrate -- Migrating schema `publication_recovery_1d824720862545c88a07b239ed422774` to version "22 - managed tool publication recovery"
05:07:42.663 [main] INFO org.flywaydb.core.internal.command.DbMigrate -- Migrating schema `publication_recovery_1d824720862545c88a07b239ed422774` to version "23 - managed mcp records"
05:07:43.163 [main] INFO org.flywaydb.core.internal.command.DbMigrate -- Migrating schema `publication_recovery_1d824720862545c88a07b239ed422774` to version "24 - managed actions"
05:07:44.550 [main] INFO org.flywaydb.core.internal.command.DbMigrate -- Migrating schema `publication_recovery_1d824720862545c88a07b239ed422774` to version "25 - verified workspace mount"
05:07:46.660 [main] INFO org.flywaydb.core.internal.command.DbMigrate -- Successfully applied 25 migrations to schema `publication_recovery_1d824720862545c88a07b239ed422774`, now at version v25 (execution time 00:21.311s)
05:07:49.090 [main] INFO org.flywaydb.core.FlywayExecutor -- Database: jdbc:mysql://127.0.0.1:33110/publication_recovery_fb2872d623e44b77992bc489b2d53f2a?createDatabaseIfNotExist=true&allowPublicKeyRetrieval=true&useSSL=false (MySQL 8.4)
05:07:49.092 [main] WARN org.flywaydb.core.internal.database.base.Database -- Flyway upgrade recommended: MySQL 8.4 is newer than this version of Flyway and support has not been tested. The latest supported version of MySQL is 8.1.
05:07:49.106 [main] INFO org.flywaydb.core.internal.schemahistory.JdbcTableSchemaHistory -- Schema history table `publication_recovery_fb2872d623e44b77992bc489b2d53f2a`.`flyway_schema_history` does not exist yet
05:07:49.107 [main] INFO org.flywaydb.core.internal.command.DbValidate -- Successfully validated 25 migrations (execution time 00:00.013s)
05:07:49.111 [main] INFO org.flywaydb.core.internal.schemahistory.JdbcTableSchemaHistory -- Creating Schema History table `publication_recovery_fb2872d623e44b77992bc489b2d53f2a`.`flyway_schema_history` ...
05:07:49.264 [main] INFO org.flywaydb.core.internal.command.DbMigrate -- Current version of schema `publication_recovery_fb2872d623e44b77992bc489b2d53f2a`: << Empty Schema >>
05:07:49.266 [main] INFO org.flywaydb.core.internal.command.DbMigrate -- Migrating schema `publication_recovery_fb2872d623e44b77992bc489b2d53f2a` to version "1 - managed agent core"
05:07:49.925 [main] INFO org.flywaydb.core.internal.command.DbMigrate -- Migrating schema `publication_recovery_fb2872d623e44b77992bc489b2d53f2a` to version "2 - managed agent projection"
05:07:50.297 [main] INFO org.flywaydb.core.internal.command.DbMigrate -- Migrating schema `publication_recovery_fb2872d623e44b77992bc489b2d53f2a` to version "3 - runtime broker"
05:07:51.178 [main] INFO org.flywaydb.core.internal.command.DbMigrate -- Migrating schema `publication_recovery_fb2872d623e44b77992bc489b2d53f2a` to version "4 - managed session store"
05:07:51.645 [main] INFO org.flywaydb.core.internal.command.DbMigrate -- Migrating schema `publication_recovery_fb2872d623e44b77992bc489b2d53f2a` to version "5 - managed session lifecycle"
05:07:52.681 [main] INFO org.flywaydb.core.internal.command.DbMigrate -- Migrating schema `publication_recovery_fb2872d623e44b77992bc489b2d53f2a` to version "6 - managed turn retry"
05:07:53.139 [main] INFO org.flywaydb.core.internal.command.DbMigrate -- Migrating schema `publication_recovery_fb2872d623e44b77992bc489b2d53f2a` to version "7 - managed workspace binding"
05:07:55.454 [main] INFO org.flywaydb.core.internal.command.DbMigrate -- Migrating schema `publication_recovery_fb2872d623e44b77992bc489b2d53f2a` to version "8 - managed workspace registry"
05:07:55.728 [main] INFO org.flywaydb.core.internal.command.DbMigrate -- Migrating schema `publication_recovery_fb2872d623e44b77992bc489b2d53f2a` to version "9 - managed workspace creation command"
05:07:55.891 [main] INFO org.flywaydb.core.internal.command.DbMigrate -- Migrating schema `publication_recovery_fb2872d623e44b77992bc489b2d53f2a` to version "10 - managed runtime context"
05:07:56.338 [main] INFO org.flywaydb.core.internal.command.DbMigrate -- Migrating schema `publication_recovery_fb2872d623e44b77992bc489b2d53f2a` to version "11 - workspace execution"
05:07:57.199 [main] INFO org.flywaydb.core.internal.command.DbMigrate -- Migrating schema `publication_recovery_fb2872d623e44b77992bc489b2d53f2a` to version "12 - runtime broker schema alignment"
05:07:59.380 [main] INFO org.flywaydb.core.internal.command.DbMigrate -- Migrating schema `publication_recovery_fb2872d623e44b77992bc489b2d53f2a` to version "13 - managed session agent revision"
05:07:59.660 [main] INFO org.flywaydb.core.internal.command.DbMigrate -- Migrating schema `publication_recovery_fb2872d623e44b77992bc489b2d53f2a` to version "14 - managed event replay"
05:08:00.706 [main] INFO org.flywaydb.core.internal.command.DbMigrate -- Migrating schema `publication_recovery_fb2872d623e44b77992bc489b2d53f2a` to version "15 - managed event identity"
05:08:00.724 [main] INFO org.flywaydb.core.internal.command.DbMigrate -- Migrating schema `publication_recovery_fb2872d623e44b77992bc489b2d53f2a` to version "16 - runtime loss evidence"
05:08:01.660 [main] INFO org.flywaydb.core.internal.command.DbMigrate -- Migrating schema `publication_recovery_fb2872d623e44b77992bc489b2d53f2a` to version "17 - managed session operation"
05:08:01.875 [main] INFO org.flywaydb.core.internal.command.DbMigrate -- Migrating schema `publication_recovery_fb2872d623e44b77992bc489b2d53f2a` to version "18 - managed extension record"
05:08:02.193 [main] INFO org.flywaydb.core.internal.command.DbMigrate -- Migrating schema `publication_recovery_fb2872d623e44b77992bc489b2d53f2a` to version "19 - workspace operator recovery"
05:08:02.262 [main] INFO org.flywaydb.core.internal.command.DbMigrate -- Migrating schema `publication_recovery_fb2872d623e44b77992bc489b2d53f2a` to version "20 - managed tool publication"
05:08:02.432 [main] INFO org.flywaydb.core.internal.command.DbMigrate -- Migrating schema `publication_recovery_fb2872d623e44b77992bc489b2d53f2a` to version "21 - managed tool publication objects"
05:08:04.696 [main] INFO org.flywaydb.core.internal.command.DbMigrate -- Migrating schema `publication_recovery_fb2872d623e44b77992bc489b2d53f2a` to version "22 - managed tool publication recovery"
05:08:05.025 [main] INFO org.flywaydb.core.internal.command.DbMigrate -- Migrating schema `publication_recovery_fb2872d623e44b77992bc489b2d53f2a` to version "23 - managed mcp records"
05:08:05.260 [main] INFO org.flywaydb.core.internal.command.DbMigrate -- Migrating schema `publication_recovery_fb2872d623e44b77992bc489b2d53f2a` to version "24 - managed actions"
05:08:06.070 [main] INFO org.flywaydb.core.internal.command.DbMigrate -- Migrating schema `publication_recovery_fb2872d623e44b77992bc489b2d53f2a` to version "25 - verified workspace mount"
05:08:07.155 [main] INFO org.flywaydb.core.internal.command.DbMigrate -- Successfully applied 25 migrations to schema `publication_recovery_fb2872d623e44b77992bc489b2d53f2a`, now at version v25 (execution time 00:17.216s)
05:08:13.013 [main] INFO org.flywaydb.core.FlywayExecutor -- Database: jdbc:mysql://127.0.0.1:33110/publication_recovery_c64aa76f5cbe4dc59eadf585166c9813?createDatabaseIfNotExist=true&allowPublicKeyRetrieval=true&useSSL=false (MySQL 8.4)
05:08:13.017 [main] WARN org.flywaydb.core.internal.database.base.Database -- Flyway upgrade recommended: MySQL 8.4 is newer than this version of Flyway and support has not been tested. The latest supported version of MySQL is 8.1.
05:08:13.030 [main] INFO org.flywaydb.core.internal.schemahistory.JdbcTableSchemaHistory -- Schema history table `publication_recovery_c64aa76f5cbe4dc59eadf585166c9813`.`flyway_schema_history` does not exist yet
05:08:13.030 [main] INFO org.flywaydb.core.internal.command.DbValidate -- Successfully validated 25 migrations (execution time 00:00.012s)
05:08:13.035 [main] INFO org.flywaydb.core.internal.schemahistory.JdbcTableSchemaHistory -- Creating Schema History table `publication_recovery_c64aa76f5cbe4dc59eadf585166c9813`.`flyway_schema_history` ...
05:08:13.155 [main] INFO org.flywaydb.core.internal.command.DbMigrate -- Current version of schema `publication_recovery_c64aa76f5cbe4dc59eadf585166c9813`: << Empty Schema >>
05:08:13.182 [main] INFO org.flywaydb.core.internal.command.DbMigrate -- Migrating schema `publication_recovery_c64aa76f5cbe4dc59eadf585166c9813` to version "1 - managed agent core"
05:08:13.432 [main] INFO org.flywaydb.core.internal.command.DbMigrate -- Migrating schema `publication_recovery_c64aa76f5cbe4dc59eadf585166c9813` to version "2 - managed agent projection"
05:08:13.615 [main] INFO org.flywaydb.core.internal.command.DbMigrate -- Migrating schema `publication_recovery_c64aa76f5cbe4dc59eadf585166c9813` to version "3 - runtime broker"
05:08:14.040 [main] INFO org.flywaydb.core.internal.command.DbMigrate -- Migrating schema `publication_recovery_c64aa76f5cbe4dc59eadf585166c9813` to version "4 - managed session store"
05:08:14.247 [main] INFO org.flywaydb.core.internal.command.DbMigrate -- Migrating schema `publication_recovery_c64aa76f5cbe4dc59eadf585166c9813` to version "5 - managed session lifecycle"
05:08:14.782 [main] INFO org.flywaydb.core.internal.command.DbMigrate -- Migrating schema `publication_recovery_c64aa76f5cbe4dc59eadf585166c9813` to version "6 - managed turn retry"
05:08:15.058 [main] INFO org.flywaydb.core.internal.command.DbMigrate -- Migrating schema `publication_recovery_c64aa76f5cbe4dc59eadf585166c9813` to version "7 - managed workspace binding"
05:08:16.164 [main] INFO org.flywaydb.core.internal.command.DbMigrate -- Migrating schema `publication_recovery_c64aa76f5cbe4dc59eadf585166c9813` to version "8 - managed workspace registry"
05:08:16.332 [main] INFO org.flywaydb.core.internal.command.DbMigrate -- Migrating schema `publication_recovery_c64aa76f5cbe4dc59eadf585166c9813` to version "9 - managed workspace creation command"
05:08:16.453 [main] INFO org.flywaydb.core.internal.command.DbMigrate -- Migrating schema `publication_recovery_c64aa76f5cbe4dc59eadf585166c9813` to version "10 - managed runtime context"
05:08:16.691 [main] INFO org.flywaydb.core.internal.command.DbMigrate -- Migrating schema `publication_recovery_c64aa76f5cbe4dc59eadf585166c9813` to version "11 - workspace execution"
05:08:17.284 [main] INFO org.flywaydb.core.internal.command.DbMigrate -- Migrating schema `publication_recovery_c64aa76f5cbe4dc59eadf585166c9813` to version "12 - runtime broker schema alignment"
05:08:18.526 [main] INFO org.flywaydb.core.internal.command.DbMigrate -- Migrating schema `publication_recovery_c64aa76f5cbe4dc59eadf585166c9813` to version "13 - managed session agent revision"
05:08:18.598 [main] INFO org.flywaydb.core.internal.command.DbMigrate -- Migrating schema `publication_recovery_c64aa76f5cbe4dc59eadf585166c9813` to version "14 - managed event replay"
05:08:19.102 [main] INFO org.flywaydb.core.internal.command.DbMigrate -- Migrating schema `publication_recovery_c64aa76f5cbe4dc59eadf585166c9813` to version "15 - managed event identity"
05:08:19.116 [main] INFO org.flywaydb.core.internal.command.DbMigrate -- Migrating schema `publication_recovery_c64aa76f5cbe4dc59eadf585166c9813` to version "16 - runtime loss evidence"
05:08:19.598 [main] INFO org.flywaydb.core.internal.command.DbMigrate -- Migrating schema `publication_recovery_c64aa76f5cbe4dc59eadf585166c9813` to version "17 - managed session operation"
05:08:19.701 [main] INFO org.flywaydb.core.internal.command.DbMigrate -- Migrating schema `publication_recovery_c64aa76f5cbe4dc59eadf585166c9813` to version "18 - managed extension record"
05:08:19.852 [main] INFO org.flywaydb.core.internal.command.DbMigrate -- Migrating schema `publication_recovery_c64aa76f5cbe4dc59eadf585166c9813` to version "19 - workspace operator recovery"
05:08:19.955 [main] INFO org.flywaydb.core.internal.command.DbMigrate -- Migrating schema `publication_recovery_c64aa76f5cbe4dc59eadf585166c9813` to version "20 - managed tool publication"
05:08:20.133 [main] INFO org.flywaydb.core.internal.command.DbMigrate -- Migrating schema `publication_recovery_c64aa76f5cbe4dc59eadf585166c9813` to version "21 - managed tool publication objects"
05:08:22.387 [main] INFO org.flywaydb.core.internal.command.DbMigrate -- Migrating schema `publication_recovery_c64aa76f5cbe4dc59eadf585166c9813` to version "22 - managed tool publication recovery"
05:08:22.523 [main] INFO org.flywaydb.core.internal.command.DbMigrate -- Migrating schema `publication_recovery_c64aa76f5cbe4dc59eadf585166c9813` to version "23 - managed mcp records"
05:08:22.819 [main] INFO org.flywaydb.core.internal.command.DbMigrate -- Migrating schema `publication_recovery_c64aa76f5cbe4dc59eadf585166c9813` to version "24 - managed actions"
05:08:23.564 [main] INFO org.flywaydb.core.internal.command.DbMigrate -- Migrating schema `publication_recovery_c64aa76f5cbe4dc59eadf585166c9813` to version "25 - verified workspace mount"
05:08:24.792 [main] INFO org.flywaydb.core.internal.command.DbMigrate -- Successfully applied 25 migrations to schema `publication_recovery_c64aa76f5cbe4dc59eadf585166c9813`, now at version v25 (execution time 00:11.046s)
05:08:25.953 [main] INFO org.flywaydb.core.FlywayExecutor -- Database: jdbc:mysql://127.0.0.1:33110/publication_recovery_86a11ca53f7f4e91a413290221d07582?createDatabaseIfNotExist=true&allowPublicKeyRetrieval=true&useSSL=false (MySQL 8.4)
05:08:25.956 [main] WARN org.flywaydb.core.internal.database.base.Database -- Flyway upgrade recommended: MySQL 8.4 is newer than this version of Flyway and support has not been tested. The latest supported version of MySQL is 8.1.
05:08:25.961 [main] INFO org.flywaydb.core.internal.schemahistory.JdbcTableSchemaHistory -- Schema history table `publication_recovery_86a11ca53f7f4e91a413290221d07582`.`flyway_schema_history` does not exist yet
05:08:25.961 [main] INFO org.flywaydb.core.internal.command.DbValidate -- Successfully validated 25 migrations (execution time 00:00.004s)
05:08:25.966 [main] INFO org.flywaydb.core.internal.schemahistory.JdbcTableSchemaHistory -- Creating Schema History table `publication_recovery_86a11ca53f7f4e91a413290221d07582`.`flyway_schema_history` ...
05:08:26.031 [main] INFO org.flywaydb.core.internal.command.DbMigrate -- Current version of schema `publication_recovery_86a11ca53f7f4e91a413290221d07582`: << Empty Schema >>
05:08:26.034 [main] INFO org.flywaydb.core.internal.command.DbMigrate -- Migrating schema `publication_recovery_86a11ca53f7f4e91a413290221d07582` to version "1 - managed agent core"
05:08:26.358 [main] INFO org.flywaydb.core.internal.command.DbMigrate -- Migrating schema `publication_recovery_86a11ca53f7f4e91a413290221d07582` to version "2 - managed agent projection"
05:08:26.535 [main] INFO org.flywaydb.core.internal.command.DbMigrate -- Migrating schema `publication_recovery_86a11ca53f7f4e91a413290221d07582` to version "3 - runtime broker"
05:08:26.961 [main] INFO org.flywaydb.core.internal.command.DbMigrate -- Migrating schema `publication_recovery_86a11ca53f7f4e91a413290221d07582` to version "4 - managed session store"
05:08:27.204 [main] INFO org.flywaydb.core.internal.command.DbMigrate -- Migrating schema `publication_recovery_86a11ca53f7f4e91a413290221d07582` to version "5 - managed session lifecycle"
05:08:27.814 [main] INFO org.flywaydb.core.internal.command.DbMigrate -- Migrating schema `publication_recovery_86a11ca53f7f4e91a413290221d07582` to version "6 - managed turn retry"
05:08:28.141 [main] INFO org.flywaydb.core.internal.command.DbMigrate -- Migrating schema `publication_recovery_86a11ca53f7f4e91a413290221d07582` to version "7 - managed workspace binding"
05:08:29.224 [main] INFO org.flywaydb.core.internal.command.DbMigrate -- Migrating schema `publication_recovery_86a11ca53f7f4e91a413290221d07582` to version "8 - managed workspace registry"
05:08:29.388 [main] INFO org.flywaydb.core.internal.command.DbMigrate -- Migrating schema `publication_recovery_86a11ca53f7f4e91a413290221d07582` to version "9 - managed workspace creation command"
05:08:29.455 [main] INFO org.flywaydb.core.internal.command.DbMigrate -- Migrating schema `publication_recovery_86a11ca53f7f4e91a413290221d07582` to version "10 - managed runtime context"
05:08:29.682 [main] INFO org.flywaydb.core.internal.command.DbMigrate -- Migrating schema `publication_recovery_86a11ca53f7f4e91a413290221d07582` to version "11 - workspace execution"
05:08:30.162 [main] INFO org.flywaydb.core.internal.command.DbMigrate -- Migrating schema `publication_recovery_86a11ca53f7f4e91a413290221d07582` to version "12 - runtime broker schema alignment"
05:08:31.482 [main] INFO org.flywaydb.core.internal.command.DbMigrate -- Migrating schema `publication_recovery_86a11ca53f7f4e91a413290221d07582` to version "13 - managed session agent revision"
05:08:31.615 [main] INFO org.flywaydb.core.internal.command.DbMigrate -- Migrating schema `publication_recovery_86a11ca53f7f4e91a413290221d07582` to version "14 - managed event replay"
05:08:32.250 [main] INFO org.flywaydb.core.internal.command.DbMigrate -- Migrating schema `publication_recovery_86a11ca53f7f4e91a413290221d07582` to version "15 - managed event identity"
05:08:32.275 [main] INFO org.flywaydb.core.internal.command.DbMigrate -- Migrating schema `publication_recovery_86a11ca53f7f4e91a413290221d07582` to version "16 - runtime loss evidence"
05:08:33.224 [main] INFO org.flywaydb.core.internal.command.DbMigrate -- Migrating schema `publication_recovery_86a11ca53f7f4e91a413290221d07582` to version "17 - managed session operation"
05:08:33.359 [main] INFO org.flywaydb.core.internal.command.DbMigrate -- Migrating schema `publication_recovery_86a11ca53f7f4e91a413290221d07582` to version "18 - managed extension record"
05:08:33.534 [main] INFO org.flywaydb.core.internal.command.DbMigrate -- Migrating schema `publication_recovery_86a11ca53f7f4e91a413290221d07582` to version "19 - workspace operator recovery"
05:08:33.706 [main] INFO org.flywaydb.core.internal.command.DbMigrate -- Migrating schema `publication_recovery_86a11ca53f7f4e91a413290221d07582` to version "20 - managed tool publication"
05:08:34.032 [main] INFO org.flywaydb.core.internal.command.DbMigrate -- Migrating schema `publication_recovery_86a11ca53f7f4e91a413290221d07582` to version "21 - managed tool publication objects"
05:08:37.218 [main] INFO org.flywaydb.core.internal.command.DbMigrate -- Migrating schema `publication_recovery_86a11ca53f7f4e91a413290221d07582` to version "22 - managed tool publication recovery"
05:08:37.335 [main] INFO org.flywaydb.core.internal.command.DbMigrate -- Migrating schema `publication_recovery_86a11ca53f7f4e91a413290221d07582` to version "23 - managed mcp records"
05:08:37.474 [main] INFO org.flywaydb.core.internal.command.DbMigrate -- Migrating schema `publication_recovery_86a11ca53f7f4e91a413290221d07582` to version "24 - managed actions"
05:08:38.469 [main] INFO org.flywaydb.core.internal.command.DbMigrate -- Migrating schema `publication_recovery_86a11ca53f7f4e91a413290221d07582` to version "25 - verified workspace mount"
05:08:40.188 [main] INFO org.flywaydb.core.internal.command.DbMigrate -- Successfully applied 25 migrations to schema `publication_recovery_86a11ca53f7f4e91a413290221d07582`, now at version v25 (execution time 00:13.506s)
05:08:42.558 [main] INFO org.flywaydb.core.FlywayExecutor -- Database: jdbc:mysql://127.0.0.1:33110/publication_recovery_687e90045215422a94b4231d23d258aa?createDatabaseIfNotExist=true&allowPublicKeyRetrieval=true&useSSL=false (MySQL 8.4)
05:08:42.560 [main] WARN org.flywaydb.core.internal.database.base.Database -- Flyway upgrade recommended: MySQL 8.4 is newer than this version of Flyway and support has not been tested. The latest supported version of MySQL is 8.1.
05:08:42.565 [main] INFO org.flywaydb.core.internal.schemahistory.JdbcTableSchemaHistory -- Schema history table `publication_recovery_687e90045215422a94b4231d23d258aa`.`flyway_schema_history` does not exist yet
05:08:42.565 [main] INFO org.flywaydb.core.internal.command.DbValidate -- Successfully validated 25 migrations (execution time 00:00.004s)
05:08:42.569 [main] INFO org.flywaydb.core.internal.schemahistory.JdbcTableSchemaHistory -- Creating Schema History table `publication_recovery_687e90045215422a94b4231d23d258aa`.`flyway_schema_history` ...
05:08:42.773 [main] INFO org.flywaydb.core.internal.command.DbMigrate -- Current version of schema `publication_recovery_687e90045215422a94b4231d23d258aa`: << Empty Schema >>
05:08:42.776 [main] INFO org.flywaydb.core.internal.command.DbMigrate -- Migrating schema `publication_recovery_687e90045215422a94b4231d23d258aa` to version "1 - managed agent core"
05:08:43.316 [main] INFO org.flywaydb.core.internal.command.DbMigrate -- Migrating schema `publication_recovery_687e90045215422a94b4231d23d258aa` to version "2 - managed agent projection"
05:08:43.689 [main] INFO org.flywaydb.core.internal.command.DbMigrate -- Migrating schema `publication_recovery_687e90045215422a94b4231d23d258aa` to version "3 - runtime broker"
05:08:44.444 [main] INFO org.flywaydb.core.internal.command.DbMigrate -- Migrating schema `publication_recovery_687e90045215422a94b4231d23d258aa` to version "4 - managed session store"
05:08:44.923 [main] INFO org.flywaydb.core.internal.command.DbMigrate -- Migrating schema `publication_recovery_687e90045215422a94b4231d23d258aa` to version "5 - managed session lifecycle"
05:08:45.608 [main] INFO org.flywaydb.core.internal.command.DbMigrate -- Migrating schema `publication_recovery_687e90045215422a94b4231d23d258aa` to version "6 - managed turn retry"
05:08:45.892 [main] INFO org.flywaydb.core.internal.command.DbMigrate -- Migrating schema `publication_recovery_687e90045215422a94b4231d23d258aa` to version "7 - managed workspace binding"
05:08:48.057 [main] INFO org.flywaydb.core.internal.command.DbMigrate -- Migrating schema `publication_recovery_687e90045215422a94b4231d23d258aa` to version "8 - managed workspace registry"
05:08:48.366 [main] INFO org.flywaydb.core.internal.command.DbMigrate -- Migrating schema `publication_recovery_687e90045215422a94b4231d23d258aa` to version "9 - managed workspace creation command"
05:08:48.519 [main] INFO org.flywaydb.core.internal.command.DbMigrate -- Migrating schema `publication_recovery_687e90045215422a94b4231d23d258aa` to version "10 - managed runtime context"
05:08:48.966 [main] INFO org.flywaydb.core.internal.command.DbMigrate -- Migrating schema `publication_recovery_687e90045215422a94b4231d23d258aa` to version "11 - workspace execution"
05:08:49.695 [main] INFO org.flywaydb.core.internal.command.DbMigrate -- Migrating schema `publication_recovery_687e90045215422a94b4231d23d258aa` to version "12 - runtime broker schema alignment"
05:08:51.922 [main] INFO org.flywaydb.core.internal.command.DbMigrate -- Migrating schema `publication_recovery_687e90045215422a94b4231d23d258aa` to version "13 - managed session agent revision"
05:08:52.142 [main] INFO org.flywaydb.core.internal.command.DbMigrate -- Migrating schema `publication_recovery_687e90045215422a94b4231d23d258aa` to version "14 - managed event replay"
05:08:53.237 [main] INFO org.flywaydb.core.internal.command.DbMigrate -- Migrating schema `publication_recovery_687e90045215422a94b4231d23d258aa` to version "15 - managed event identity"
05:08:53.274 [main] INFO org.flywaydb.core.internal.command.DbMigrate -- Migrating schema `publication_recovery_687e90045215422a94b4231d23d258aa` to version "16 - runtime loss evidence"
05:08:54.492 [main] INFO org.flywaydb.core.internal.command.DbMigrate -- Migrating schema `publication_recovery_687e90045215422a94b4231d23d258aa` to version "17 - managed session operation"
05:08:55.084 [main] INFO org.flywaydb.core.internal.command.DbMigrate -- Migrating schema `publication_recovery_687e90045215422a94b4231d23d258aa` to version "18 - managed extension record"
05:08:55.706 [main] INFO org.flywaydb.core.internal.command.DbMigrate -- Migrating schema `publication_recovery_687e90045215422a94b4231d23d258aa` to version "19 - workspace operator recovery"
05:08:56.016 [main] INFO org.flywaydb.core.internal.command.DbMigrate -- Migrating schema `publication_recovery_687e90045215422a94b4231d23d258aa` to version "20 - managed tool publication"
05:08:56.725 [main] INFO org.flywaydb.core.internal.command.DbMigrate -- Migrating schema `publication_recovery_687e90045215422a94b4231d23d258aa` to version "21 - managed tool publication objects"
05:09:01.842 [main] INFO org.flywaydb.core.internal.command.DbMigrate -- Migrating schema `publication_recovery_687e90045215422a94b4231d23d258aa` to version "22 - managed tool publication recovery"
05:09:01.992 [main] INFO org.flywaydb.core.internal.command.DbMigrate -- Migrating schema `publication_recovery_687e90045215422a94b4231d23d258aa` to version "23 - managed mcp records"
05:09:02.285 [main] INFO org.flywaydb.core.internal.command.DbMigrate -- Migrating schema `publication_recovery_687e90045215422a94b4231d23d258aa` to version "24 - managed actions"
05:09:03.318 [main] INFO org.flywaydb.core.internal.command.DbMigrate -- Migrating schema `publication_recovery_687e90045215422a94b4231d23d258aa` to version "25 - verified workspace mount"
05:09:05.293 [main] INFO org.flywaydb.core.internal.command.DbMigrate -- Successfully applied 25 migrations to schema `publication_recovery_687e90045215422a94b4231d23d258aa`, now at version v25 (execution time 00:21.937s)
[INFO] Tests run: 8, Failures: 0, Errors: 0, Skipped: 0, Time elapsed: 176.2 s -- in com.alibaba.qwen.code.managedagent.ToolPublicationRecoveryMySqlIT
[INFO] Running com.alibaba.qwen.code.managedagent.HostedPublicWorkspaceIT

  .   ____          _            __ _ _
 /\\ / ___'_ __ _ _(_)_ __  __ _ \ \ \ \
( ( )\___ | '_ | '_| | '_ \/ _` | \ \ \ \
 \\/  ___)| |_)| | | | | || (_| |  ) ) ) )
  '  |____| .__|_| |_|_| |_\__, | / / / /
 =========|_|==============|___/=/_/_/_/

 :: Spring Boot ::               (v3.5.16)

2026-10-01T05:09:07.809Z  INFO 53324 --- [qwen-managed-agent-server] [           main] o.a.maven.surefire.booter.ForkedBooter   : Starting ForkedBooter v3.5.6 using Java 21.0.12 with PID 53324 (started by wenshao in /rig/wt/packages/sdk-java/managed-agent-server)
2026-10-01T05:09:07.810Z  INFO 53324 --- [qwen-managed-agent-server] [           main] o.a.maven.surefire.booter.ForkedBooter   : No active profile set, falling back to 1 default profile: "default"
2026-10-01T05:09:09.254Z  INFO 53324 --- [qwen-managed-agent-server] [           main] o.s.b.w.embedded.tomcat.TomcatWebServer  : Tomcat initialized with port 58473 (http)
2026-10-01T05:09:09.269Z  INFO 53324 --- [qwen-managed-agent-server] [           main] o.apache.catalina.core.StandardService   : Starting service [Tomcat]
2026-10-01T05:09:09.283Z  INFO 53324 --- [qwen-managed-agent-server] [           main] o.apache.catalina.core.StandardEngine    : Starting Servlet engine: [Apache Tomcat/10.1.55]
2026-10-01T05:09:09.367Z  INFO 53324 --- [qwen-managed-agent-server] [           main] o.a.c.c.C.[Tomcat].[localhost].[/]       : Initializing Spring embedded WebApplicationContext
2026-10-01T05:09:09.367Z  INFO 53324 --- [qwen-managed-agent-server] [           main] w.s.c.ServletWebServerApplicationContext : Root WebApplicationContext: initialization completed in 1528 ms
Standard Commons Logging discovery in action with spring-jcl: please remove commons-logging.jar from classpath in order to avoid potential conflicts
2026-10-01T05:09:09.673Z  INFO 53324 --- [qwen-managed-agent-server] [           main] com.zaxxer.hikari.HikariDataSource       : HikariPool-1 - Starting...
2026-10-01T05:09:09.700Z  INFO 53324 --- [qwen-managed-agent-server] [           main] com.zaxxer.hikari.pool.HikariPool        : HikariPool-1 - Added connection com.mysql.cj.jdbc.ConnectionImpl@16914a63
2026-10-01T05:09:09.701Z  INFO 53324 --- [qwen-managed-agent-server] [           main] com.zaxxer.hikari.HikariDataSource       : HikariPool-1 - Start completed.
2026-10-01T05:09:09.768Z  INFO 53324 --- [qwen-managed-agent-server] [           main] org.flywaydb.core.FlywayExecutor         : Database: jdbc:mysql://127.0.0.1:33110/it_head5_rest_1790831129?createDatabaseIfNotExist=true&allowPublicKeyRetrieval=true&useSSL=false (MySQL 8.4)
2026-10-01T05:09:09.782Z  WARN 53324 --- [qwen-managed-agent-server] [           main] o.f.c.internal.database.base.Database    : Flyway upgrade recommended: MySQL 8.4 is newer than this version of Flyway and support has not been tested. The latest supported version of MySQL is 8.1.
2026-10-01T05:09:09.825Z  INFO 53324 --- [qwen-managed-agent-server] [           main] o.f.core.internal.command.DbValidate     : Successfully validated 25 migrations (execution time 00:00.038s)
2026-10-01T05:09:09.855Z  INFO 53324 --- [qwen-managed-agent-server] [           main] o.f.core.internal.command.DbMigrate      : Current version of schema `it_head5_rest_1790831129`: 24
2026-10-01T05:09:09.863Z  INFO 53324 --- [qwen-managed-agent-server] [           main] o.f.core.internal.command.DbMigrate      : Migrating schema `it_head5_rest_1790831129` to version "25 - verified workspace mount"
2026-10-01T05:09:09.881Z ERROR 53324 --- [qwen-managed-agent-server] [           main] o.f.core.internal.command.DbMigrate      : Migration of schema `it_head5_rest_1790831129` to version "25 - verified workspace mount" failed! Please restore backups and roll back database and code!
2026-10-01T05:09:09.912Z  WARN 53324 --- [qwen-managed-agent-server] [           main] ConfigServletWebServerApplicationContext : Exception encountered during context initialization - cancelling refresh attempt: org.springframework.beans.factory.UnsatisfiedDependencyException: Error creating bean with name 'managedActionController' defined in file [/rig/wt/packages/sdk-java/managed-agent-server/target/classes/com/alibaba/qwen/code/managedagent/api/ManagedActionController.class]: Unsatisfied dependency expressed through constructor parameter 0: Error creating bean with name 'managedActionService' defined in file [/rig/wt/packages/sdk-java/managed-agent-server/target/classes/com/alibaba/qwen/code/managedagent/service/ManagedActionService.class]: Unsatisfied dependency expressed through constructor parameter 0: Error creating bean with name 'managedAgentService' defined in file [/rig/wt/packages/sdk-java/managed-agent-server/target/classes/com/alibaba/qwen/code/managedagent/service/ManagedAgentService.class]: Unsatisfied dependency expressed through constructor parameter 0: Error creating bean with name 'managedAgentStore' defined in file [/rig/wt/packages/sdk-java/managed-agent-server/target/classes/com/alibaba/qwen/code/managedagent/store/ManagedAgentStore.class]: Unsatisfied dependency expressed through constructor parameter 0: Error creating bean with name 'flywayInitializer' defined in class path resource [org/springframework/boot/autoconfigure/flyway/FlywayAutoConfiguration$FlywayConfiguration.class]: Script V25__verified_workspace_mount.sql failed
-----------------------------------------------
SQL State  : 42S21
Error Code : 1060
Message    : Duplicate column name 'tenant_id'
Location   : db/migration/V25__verified_workspace_mount.sql (/rig/wt/packages/sdk-java/managed-agent-server/target/classes/db/migration/V25__verified_workspace_mount.sql)
Line       : 1
Statement  : Run Flyway with -X option to see the actual statement causing the problem

2026-10-01T05:09:09.915Z  INFO 53324 --- [qwen-managed-agent-server] [           main] com.zaxxer.hikari.HikariDataSource       : HikariPool-1 - Shutdown initiated...
2026-10-01T05:09:09.952Z  INFO 53324 --- [qwen-managed-agent-server] [           main] com.zaxxer.hikari.HikariDataSource       : HikariPool-1 - Shutdown completed.
2026-10-01T05:09:09.964Z  INFO 53324 --- [qwen-managed-agent-server] [           main] o.apache.catalina.core.StandardService   : Stopping service [Tomcat]
2026-10-01T05:09:10.028Z  INFO 53324 --- [qwen-managed-agent-server] [           main] .s.b.a.l.ConditionEvaluationReportLogger : 

Error starting ApplicationContext. To display the condition evaluation report re-run your application with 'debug' enabled.
2026-10-01T05:09:10.041Z ERROR 53324 --- [qwen-managed-agent-server] [           main] o.s.boot.SpringApplication               : Application run failed

org.springframework.beans.factory.UnsatisfiedDependencyException: Error creating bean with name 'managedActionController' defined in file [/rig/wt/packages/sdk-java/managed-agent-server/target/classes/com/alibaba/qwen/code/managedagent/api/ManagedActionController.class]: Unsatisfied dependency expressed through constructor parameter 0: Error creating bean with name 'managedActionService' defined in file [/rig/wt/packages/sdk-java/managed-agent-server/target/classes/com/alibaba/qwen/code/managedagent/service/ManagedActionService.class]: Unsatisfied dependency expressed through constructor parameter 0: Error creating bean with name 'managedAgentService' defined in file [/rig/wt/packages/sdk-java/managed-agent-server/target/classes/com/alibaba/qwen/code/managedagent/service/ManagedAgentService.class]: Unsatisfied dependency expressed through constructor parameter 0: Error creating bean with name 'managedAgentStore' defined in file [/rig/wt/packages/sdk-java/managed-agent-server/target/classes/com/alibaba/qwen/code/managedagent/store/ManagedAgentStore.class]: Unsatisfied dependency expressed through constructor parameter 0: Error creating bean with name 'flywayInitializer' defined in class path resource [org/springframework/boot/autoconfigure/flyway/FlywayAutoConfiguration$FlywayConfiguration.class]: Script V25__verified_workspace_mount.sql failed
-----------------------------------------------
SQL State  : 42S21
Error Code : 1060
Message    : Duplicate column name 'tenant_id'
Location   : db/migration/V25__verified_workspace_mount.sql (/rig/wt/packages/sdk-java/managed-agent-server/target/classes/db/migration/V25__verified_workspace_mount.sql)
Line       : 1
Statement  : Run Flyway with -X option to see the actual statement causing the problem

	at org.springframework.beans.factory.support.ConstructorResolver.createArgumentArray(ConstructorResolver.java:804) ~[spring-beans-6.2.19.jar:6.2.19]
	at org.springframework.beans.factory.support.ConstructorResolver.autowireConstructor(ConstructorResolver.java:240) ~[spring-beans-6.2.19.jar:6.2.19]
	at org.springframework.beans.factory.support.AbstractAutowireCapableBeanFactory.autowireConstructor(AbstractAutowireCapableBeanFactory.java:1393) ~[spring-beans-6.2.19.jar:6.2.19]
	at org.springframework.beans.factory.support.AbstractAutowireCapableBeanFactory.createBeanInstance(AbstractAutowireCapableBeanFactory.java:1230) ~[spring-beans-6.2.19.jar:6.2.19]
	at org.springframework.beans.factory.support.AbstractAutowireCapableBeanFactory.doCreateBean(AbstractAutowireCapableBeanFactory.java:569) ~[spring-beans-6.2.19.jar:6.2.19]
	at org.springframework.beans.factory.support.AbstractAutowireCapableBeanFactory.createBean(AbstractAutowireCapableBeanFactory.java:529) ~[spring-beans-6.2.19.jar:6.2.19]
	at org.springframework.beans.factory.support.AbstractBeanFactory.lambda$doGetBean$0(AbstractBeanFactory.java:339) ~[spring-beans-6.2.19.jar:6.2.19]
	at org.springframework.beans.factory.support.DefaultSingletonBeanRegistry.getSingleton(DefaultSingletonBeanRegistry.java:373) ~[spring-beans-6.2.19.jar:6.2.19]
	at org.springframework.beans.factory.support.AbstractBeanFactory.doGetBean(AbstractBeanFactory.java:337) ~[spring-beans-6.2.19.jar:6.2.19]
	at org.springframework.beans.factory.support.AbstractBeanFactory.getBean(AbstractBeanFactory.java:202) ~[spring-beans-6.2.19.jar:6.2.19]
	at org.springframework.beans.factory.support.DefaultListableBeanFactory.instantiateSingleton(DefaultListableBeanFactory.java:1235) ~[spring-beans-6.2.19.jar:6.2.19]
	at org.springframework.beans.factory.support.DefaultListableBeanFactory.preInstantiateSingleton(DefaultListableBeanFactory.java:1201) ~[spring-beans-6.2.19.jar:6.2.19]
	at org.springframework.beans.factory.support.DefaultListableBeanFactory.preInstantiateSingletons(DefaultListableBeanFactory.java:1130) ~[spring-beans-6.2.19.jar:6.2.19]
	at org.springframework.context.support.AbstractApplicationContext.finishBeanFactoryInitialization(AbstractApplicationContext.java:991) ~[spring-context-6.2.19.jar:6.2.19]
	at org.springframework.context.support.AbstractApplicationContext.refresh(AbstractApplicationContext.java:628) ~[spring-context-6.2.19.jar:6.2.19]
	at org.springframework.boot.web.servlet.context.ServletWebServerApplicationContext.refresh(ServletWebServerApplicationContext.java:146) ~[spring-boot-3.5.16.jar:3.5.16]
	at org.springframework.boot.SpringApplication.refresh(SpringApplication.java:752) ~[spring-boot-3.5.16.jar:3.5.16]
	at org.springframework.boot.SpringApplication.refreshContext(SpringApplication.java:439) ~[spring-boot-3.5.16.jar:3.5.16]
	at org.springframework.boot.SpringApplication.run(SpringApplication.java:318) ~[spring-boot-3.5.16.jar:3.5.16]
	at org.springframework.boot.builder.SpringApplicationBuilder.run(SpringApplicationBuilder.java:149) ~[spring-boot-3.5.16.jar:3.5.16]
	at com.alibaba.qwen.code.managedagent.HostedPublicWorkspaceIT.startSpring(HostedPublicWorkspaceIT.java:240) ~[test-classes/:na]
	at com.alibaba.qwen.code.managedagent.HostedPublicWorkspaceIT.runFiles(HostedPublicWorkspaceIT.java:96) ~[test-classes/:na]
	at com.alibaba.qwen.code.managedagent.HostedPublicWorkspaceIT.ownerAnswersHostedApprovalsThroughBothSurfaces(HostedPublicWorkspaceIT.java:75) ~[test-classes/:na]
	at java.base/jdk.internal.reflect.DirectMethodHandleAccessor.invoke(DirectMethodHandleAccessor.java:103) ~[na:na]
	at java.base/java.lang.reflect.Method.invoke(Method.java:580) ~[na:na]
	at org.junit.platform.commons.util.ReflectionUtils.invokeMethod(ReflectionUtils.java:775) ~[junit-platform-commons-1.12.2.jar:1.12.2]
	at org.junit.platform.commons.support.ReflectionSupport.invokeMethod(ReflectionSupport.java:479) ~[junit-platform-commons-1.12.2.jar:1.12.2]
	at org.junit.jupiter.engine.execution.MethodInvocation.proceed(MethodInvocation.java:60) ~[junit-jupiter-engine-5.12.2.jar:5.12.2]
	at org.junit.jupiter.engine.execution.InvocationInterceptorChain$ValidatingInvocation.proceed(InvocationInterceptorChain.java:131) ~[junit-jupiter-engine-5.12.2.jar:5.12.2]
	at org.junit.jupiter.engine.extension.SameThreadTimeoutInvocation.proceed(SameThreadTimeoutInvocation.java:49) ~[junit-jupiter-engine-5.12.2.jar:5.12.2]
	at org.junit.jupiter.engine.extension.TimeoutExtension.intercept(TimeoutExtension.java:161) ~[junit-jupiter-engine-5.12.2.jar:5.12.2]
	at org.junit.jupiter.engine.extension.TimeoutExtension.interceptTestableMethod(TimeoutExtension.java:152) ~[junit-jupiter-engine-5.12.2.jar:5.12.2]
	at org.junit.jupiter.engine.extension.TimeoutExtension.interceptTestMethod(TimeoutExtension.java:91) ~[junit-jupiter-engine-5.12.2.jar:5.12.2]
	at org.junit.jupiter.engine.execution.InterceptingExecutableInvoker$ReflectiveInterceptorCall.lambda$ofVoidMethod$0(InterceptingExecutableInvoker.java:112) ~[junit-jupiter-engine-5.12.2.jar:5.12.2]
	at org.junit.jupiter.engine.execution.InterceptingExecutableInvoker.lambda$invoke$0(InterceptingExecutableInvoker.java:94) ~[junit-jupiter-engine-5.12.2.jar:5.12.2]
	at org.junit.jupiter.engine.execution.InvocationInterceptorChain$InterceptedInvocation.proceed(InvocationInterceptorChain.java:106) ~[junit-jupiter-engine-5.12.2.jar:5.12.2]
	at org.junit.jupiter.engine.execution.InvocationInterceptorChain.proceed(InvocationInterceptorChain.java:64) ~[junit-jupiter-engine-5.12.2.jar:5.12.2]
	at org.junit.jupiter.engine.execution.InvocationInterceptorChain.chainAndInvoke(InvocationInterceptorChain.java:45) ~[junit-jupiter-engine-5.12.2.jar:5.12.2]
	at org.junit.jupiter.engine.execution.InvocationInterceptorChain.invoke(InvocationInterceptorChain.java:37) ~[junit-jupiter-engine-5.12.2.jar:5.12.2]
	at org.junit.jupiter.engine.execution.InterceptingExecutableInvoker.invoke(InterceptingExecutableInvoker.java:93) ~[junit-jupiter-engine-5.12.2.jar:5.12.2]
	at org.junit.jupiter.engine.execution.InterceptingExecutableInvoker.invoke(InterceptingExecutableInvoker.java:87) ~[junit-jupiter-engine-5.12.2.jar:5.12.2]
	at org.junit.jupiter.engine.descriptor.TestMethodTestDescriptor.lambda$invokeTestMethod$7(TestMethodTestDescriptor.java:216) ~[junit-jupiter-engine-5.12.2.jar:5.12.2]
	at org.junit.platform.engine.support.hierarchical.ThrowableCollector.execute(ThrowableCollector.java:73) ~[junit-platform-engine-1.12.2.jar:1.12.2]
	at org.junit.jupiter.engine.descriptor.TestMethodTestDescriptor.invokeTestMethod(TestMethodTestDescriptor.java:212) ~[junit-jupiter-engine-5.12.2.jar:5.12.2]
	at org.junit.jupiter.engine.descriptor.TestMethodTestDescriptor.execute(TestMethodTestDescriptor.java:137) ~[junit-jupiter-engine-5.12.2.jar:5.12.2]
	at org.junit.jupiter.engine.descriptor.TestMethodTestDescriptor.execute(TestMethodTestDescriptor.java:69) ~[junit-jupiter-engine-5.12.2.jar:5.12.2]
	at org.junit.platform.engine.support.hierarchical.NodeTestTask.lambda$executeRecursively$6(NodeTestTask.java:156) ~[junit-platform-engine-1.12.2.jar:1.12.2]
	at org.junit.platform.engine.support.hierarchical.ThrowableCollector.execute(ThrowableCollector.java:73) ~[junit-platform-engine-1.12.2.jar:1.12.2]
	at org.junit.platform.engine.support.hierarchical.NodeTestTask.lambda$executeRecursively$8(NodeTestTask.java:146) ~[junit-platform-engine-1.12.2.jar:1.12.2]
	at org.junit.platform.engine.support.hierarchical.Node.around(Node.java:137) ~[junit-platform-engine-1.12.2.jar:1.12.2]
	at org.junit.platform.engine.support.hierarchical.NodeTestTask.lambda$executeRecursively$9(NodeTestTask.java:144) ~[junit-platform-engine-1.12.2.jar:1.12.2]
	at org.junit.platform.engine.support.hierarchical.ThrowableCollector.execute(ThrowableCollector.java:73) ~[junit-platform-engine-1.12.2.jar:1.12.2]
	at org.junit.platform.engine.support.hierarchical.NodeTestTask.executeRecursively(NodeTestTask.java:143) ~[junit-platform-engine-1.12.2.jar:1.12.2]
	at org.junit.platform.engine.support.hierarchical.NodeTestTask.execute(NodeTestTask.java:100) ~[junit-platform-engine-1.12.2.jar:1.12.2]
	at java.base/java.util.ArrayList.forEach(ArrayList.java:1596) ~[na:na]
	at org.junit.platform.engine.support.hierarchical.SameThreadHierarchicalTestExecutorService.invokeAll(SameThreadHierarchicalTestExecutorService.java:41) ~[junit-platform-engine-1.12.2.jar:1.12.2]
	at org.junit.platform.engine.support.hierarchical.NodeTestTask.lambda$executeRecursively$6(NodeTestTask.java:160) ~[junit-platform-engine-1.12.2.jar:1.12.2]
	at org.junit.platform.engine.support.hierarchical.ThrowableCollector.execute(ThrowableCollector.java:73) ~[junit-platform-engine-1.12.2.jar:1.12.2]
	at org.junit.platform.engine.support.hierarchical.NodeTestTask.lambda$executeRecursively$8(NodeTestTask.java:146) ~[junit-platform-engine-1.12.2.jar:1.12.2]
	at org.junit.platform.engine.support.hierarchical.Node.around(Node.java:137) ~[junit-platform-engine-1.12.2.jar:1.12.2]
	at org.junit.platform.engine.support.hierarchical.NodeTestTask.lambda$executeRecursively$9(NodeTestTask.java:144) ~[junit-platform-engine-1.12.2.jar:1.12.2]
	at org.junit.platform.engine.support.hierarchical.ThrowableCollector.execute(ThrowableCollector.java:73) ~[junit-platform-engine-1.12.2.jar:1.12.2]
	at org.junit.platform.engine.support.hierarchical.NodeTestTask.executeRecursively(NodeTestTask.java:143) ~[junit-platform-engine-1.12.2.jar:1.12.2]
	at org.junit.platform.engine.support.hierarchical.NodeTestTask.execute(NodeTestTask.java:100) ~[junit-platform-engine-1.12.2.jar:1.12.2]
	at java.base/java.util.ArrayList.forEach(ArrayList.java:1596) ~[na:na]
	at org.junit.platform.engine.support.hierarchical.SameThreadHierarchicalTestExecutorService.invokeAll(SameThreadHierarchicalTestExecutorService.java:41) ~[junit-platform-engine-1.12.2.jar:1.12.2]
	at org.junit.platform.engine.support.hierarchical.NodeTestTask.lambda$executeRecursively$6(NodeTestTask.java:160) ~[junit-platform-engine-1.12.2.jar:1.12.2]
	at org.junit.platform.engine.support.hierarchical.ThrowableCollector.execute(ThrowableCollector.java:73) ~[junit-platform-engine-1.12.2.jar:1.12.2]
	at org.junit.platform.engine.support.hierarchical.NodeTestTask.lambda$executeRecursively$8(NodeTestTask.java:146) ~[junit-platform-engine-1.12.2.jar:1.12.2]
	at org.junit.platform.engine.support.hierarchical.Node.around(Node.java:137) ~[junit-platform-engine-1.12.2.jar:1.12.2]
	at org.junit.platform.engine.support.hierarchical.NodeTestTask.lambda$executeRecursively$9(NodeTestTask.java:144) ~[junit-platform-engine-1.12.2.jar:1.12.2]
	at org.junit.platform.engine.support.hierarchical.ThrowableCollector.execute(ThrowableCollector.java:73) ~[junit-platform-engine-1.12.2.jar:1.12.2]
	at org.junit.platform.engine.support.hierarchical.NodeTestTask.executeRecursively(NodeTestTask.java:143) ~[junit-platform-engine-1.12.2.jar:1.12.2]
	at org.junit.platform.engine.support.hierarchical.NodeTestTask.execute(NodeTestTask.java:100) ~[junit-platform-engine-1.12.2.jar:1.12.2]
	at org.junit.platform.engine.support.hierarchical.SameThreadHierarchicalTestExecutorService.submit(SameThreadHierarchicalTestExecutorService.java:35) ~[junit-platform-engine-1.12.2.jar:1.12.2]
	at org.junit.platform.engine.support.hierarchical.HierarchicalTestExecutor.execute(HierarchicalTestExecutor.java:57) ~[junit-platform-engine-1.12.2.jar:1.12.2]
	at org.junit.platform.engine.support.hierarchical.HierarchicalTestEngine.execute(HierarchicalTestEngine.java:54) ~[junit-platform-engine-1.12.2.jar:1.12.2]
	at org.junit.platform.launcher.core.EngineExecutionOrchestrator.execute(EngineExecutionOrchestrator.java:201) ~[junit-platform-launcher-1.12.2.jar:1.12.2]
	at org.junit.platform.launcher.core.EngineExecutionOrchestrator.execute(EngineExecutionOrchestrator.java:170) ~[junit-platform-launcher-1.12.2.jar:1.12.2]
	at org.junit.platform.launcher.core.EngineExecutionOrchestrator.execute(EngineExecutionOrchestrator.java:94) ~[junit-platform-launcher-1.12.2.jar:1.12.2]
	at org.junit.platform.launcher.core.EngineExecutionOrchestrator.lambda$execute$0(EngineExecutionOrchestrator.java:59) ~[junit-platform-launcher-1.12.2.jar:1.12.2]
	at org.junit.platform.launcher.core.EngineExecutionOrchestrator.withInterceptedStreams(EngineExecutionOrchestrator.java:142) ~[junit-platform-launcher-1.12.2.jar:1.12.2]
	at org.junit.platform.launcher.core.EngineExecutionOrchestrator.execute(EngineExecutionOrchestrator.java:58) ~[junit-platform-launcher-1.12.2.jar:1.12.2]
	at org.junit.platform.launcher.core.DefaultLauncher.execute(DefaultLauncher.java:103) ~[junit-platform-launcher-1.12.2.jar:1.12.2]
	at org.junit.platform.launcher.core.DefaultLauncher.execute(DefaultLauncher.java:85) ~[junit-platform-launcher-1.12.2.jar:1.12.2]
	at org.junit.platform.launcher.core.DelegatingLauncher.execute(DelegatingLauncher.java:47) ~[junit-platform-launcher-1.12.2.jar:1.12.2]
	at org.junit.platform.launcher.core.InterceptingLauncher.lambda$execute$1(InterceptingLauncher.java:39) ~[junit-platform-launcher-1.12.2.jar:1.12.2]
	at org.junit.platform.launcher.core.ClasspathAlignmentCheckingLauncherInterceptor.intercept(ClasspathAlignmentCheckingLauncherInterceptor.java:25) ~[junit-platform-launcher-1.12.2.jar:1.12.2]
	at org.junit.platform.launcher.core.InterceptingLauncher.execute(InterceptingLauncher.java:38) ~[junit-platform-launcher-1.12.2.jar:1.12.2]
	at org.junit.platform.launcher.core.DelegatingLauncher.execute(DelegatingLauncher.java:47) ~[junit-platform-launcher-1.12.2.jar:1.12.2]
	at org.apache.maven.surefire.junitplatform.LauncherAdapter.executeWithoutCancellationToken(LauncherAdapter.java:60) ~[surefire-junit-platform-3.5.6.jar:3.5.6]
	at org.apache.maven.surefire.junitplatform.LauncherAdapter.execute(LauncherAdapter.java:52) ~[surefire-junit-platform-3.5.6.jar:3.5.6]
	at org.apache.maven.surefire.junitplatform.JUnitPlatformProvider.execute(JUnitPlatformProvider.java:203) ~[surefire-junit-platform-3.5.6.jar:3.5.6]
	at org.apache.maven.surefire.junitplatform.JUnitPlatformProvider.invokeAllTests(JUnitPlatformProvider.java:168) ~[surefire-junit-platform-3.5.6.jar:3.5.6]
	at org.apache.maven.surefire.junitplatform.JUnitPlatformProvider.invoke(JUnitPlatformProvider.java:136) ~[surefire-junit-platform-3.5.6.jar:3.5.6]
	at org.apache.maven.surefire.booter.ForkedBooter.runSuitesInProcess(ForkedBooter.java:385) ~[surefire-booter-3.5.6.jar:3.5.6]
	at org.apache.maven.surefire.booter.ForkedBooter.execute(ForkedBooter.java:162) ~[surefire-booter-3.5.6.jar:3.5.6]
	at org.apache.maven.surefire.booter.ForkedBooter.run(ForkedBooter.java:507) ~[surefire-booter-3.5.6.jar:3.5.6]
	at org.apache.maven.surefire.booter.ForkedBooter.main(ForkedBooter.java:495) ~[surefire-booter-3.5.6.jar:3.5.6]
Caused by: org.springframework.beans.factory.UnsatisfiedDependencyException: Error creating bean with name 'managedActionService' defined in file [/rig/wt/packages/sdk-java/managed-agent-server/target/classes/com/alibaba/qwen/code/managedagent/service/ManagedActionService.class]: Unsatisfied dependency expressed through constructor parameter 0: Error creating bean with name 'managedAgentService' defined in file [/rig/wt/packages/sdk-java/managed-agent-server/target/classes/com/alibaba/qwen/code/managedagent/service/ManagedAgentService.class]: Unsatisfied dependency expressed through constructor parameter 0: Error creating bean with name 'managedAgentStore' defined in file [/rig/wt/packages/sdk-java/managed-agent-server/target/classes/com/alibaba/qwen/code/managedagent/store/ManagedAgentStore.class]: Unsatisfied dependency expressed through constructor parameter 0: Error creating bean with name 'flywayInitializer' defined in class path resource [org/springframework/boot/autoconfigure/flyway/FlywayAutoConfiguration$FlywayConfiguration.class]: Script V25__verified_workspace_mount.sql failed
-----------------------------------------------
SQL State  : 42S21
Error Code : 1060
Message    : Duplicate column name 'tenant_id'
Location   : db/migration/V25__verified_workspace_mount.sql (/rig/wt/packages/sdk-java/managed-agent-server/target/classes/db/migration/V25__verified_workspace_mount.sql)
Line       : 1
Statement  : Run Flyway with -X option to see the actual statement causing the problem

	at org.springframework.beans.factory.support.ConstructorResolver.createArgumentArray(ConstructorResolver.java:804) ~[spring-beans-6.2.19.jar:6.2.19]
	at org.springframework.beans.factory.support.ConstructorResolver.autowireConstructor(ConstructorResolver.java:240) ~[spring-beans-6.2.19.jar:6.2.19]
	at org.springframework.beans.factory.support.AbstractAutowireCapableBeanFactory.autowireConstructor(AbstractAutowireCapableBeanFactory.java:1393) ~[spring-beans-6.2.19.jar:6.2.19]
	at org.springframework.beans.factory.support.AbstractAutowireCapableBeanFactory.createBeanInstance(AbstractAutowireCapableBeanFactory.java:1230) ~[spring-beans-6.2.19.jar:6.2.19]
	at org.springframework.beans.factory.support.AbstractAutowireCapableBeanFactory.doCreateBean(AbstractAutowireCapableBeanFactory.java:569) ~[spring-beans-6.2.19.jar:6.2.19]
	at org.springframework.beans.factory.support.AbstractAutowireCapableBeanFactory.createBean(AbstractAutowireCapableBeanFactory.java:529) ~[spring-beans-6.2.19.jar:6.2.19]
	at org.springframework.beans.factory.support.AbstractBeanFactory.lambda$doGetBean$0(AbstractBeanFactory.java:339) ~[spring-beans-6.2.19.jar:6.2.19]
	at org.springframework.beans.factory.support.DefaultSingletonBeanRegistry.getSingleton(DefaultSingletonBeanRegistry.java:373) ~[spring-beans-6.2.19.jar:6.2.19]
	at org.springframework.beans.factory.support.AbstractBeanFactory.doGetBean(AbstractBeanFactory.java:337) ~[spring-beans-6.2.19.jar:6.2.19]
	at org.springframework.beans.factory.support.AbstractBeanFactory.getBean(AbstractBeanFactory.java:202) ~[spring-beans-6.2.19.jar:6.2.19]
	at org.springframework.beans.factory.config.DependencyDescriptor.resolveCandidate(DependencyDescriptor.java:254) ~[spring-beans-6.2.19.jar:6.2.19]
	at org.springframework.beans.factory.support.DefaultListableBeanFactory.doResolveDependency(DefaultListableBeanFactory.java:1777) ~[spring-beans-6.2.19.jar:6.2.19]
	at org.springframework.beans.factory.support.DefaultListableBeanFactory.resolveDependency(DefaultListableBeanFactory.java:1660) ~[spring-beans-6.2.19.jar:6.2.19]
	at org.springframework.beans.factory.support.ConstructorResolver.resolveAutowiredArgument(ConstructorResolver.java:913) ~[spring-beans-6.2.19.jar:6.2.19]
	at org.springframework.beans.factory.support.ConstructorResolver.createArgumentArray(ConstructorResolver.java:791) ~[spring-beans-6.2.19.jar:6.2.19]
	... 98 common frames omitted
Caused by: org.springframework.beans.factory.UnsatisfiedDependencyException: Error creating bean with name 'managedAgentService' defined in file [/rig/wt/packages/sdk-java/managed-agent-server/target/classes/com/alibaba/qwen/code/managedagent/service/ManagedAgentService.class]: Unsatisfied dependency expressed through constructor parameter 0: Error creating bean with name 'managedAgentStore' defined in file [/rig/wt/packages/sdk-java/managed-agent-server/target/classes/com/alibaba/qwen/code/managedagent/store/ManagedAgentStore.class]: Unsatisfied dependency expressed through constructor parameter 0: Error creating bean with name 'flywayInitializer' defined in class path resource [org/springframework/boot/autoconfigure/flyway/FlywayAutoConfiguration$FlywayConfiguration.class]: Script V25__verified_workspace_mount.sql failed
-----------------------------------------------
SQL State  : 42S21
Error Code : 1060
Message    : Duplicate column name 'tenant_id'
Location   : db/migration/V25__verified_workspace_mount.sql (/rig/wt/packages/sdk-java/managed-agent-server/target/classes/db/migration/V25__verified_workspace_mount.sql)
Line       : 1
Statement  : Run Flyway with -X option to see the actual statement causing the problem

	at org.springframework.beans.factory.support.ConstructorResolver.createArgumentArray(ConstructorResolver.java:804) ~[spring-beans-6.2.19.jar:6.2.19]
	at org.springframework.beans.factory.support.ConstructorResolver.autowireConstructor(ConstructorResolver.java:240) ~[spring-beans-6.2.19.jar:6.2.19]
	at org.springframework.beans.factory.support.AbstractAutowireCapableBeanFactory.autowireConstructor(AbstractAutowireCapableBeanFactory.java:1393) ~[spring-beans-6.2.19.jar:6.2.19]
	at org.springframework.beans.factory.support.AbstractAutowireCapableBeanFactory.createBeanInstance(AbstractAutowireCapableBeanFactory.java:1230) ~[spring-beans-6.2.19.jar:6.2.19]
	at org.springframework.beans.factory.support.AbstractAutowireCapableBeanFactory.doCreateBean(AbstractAutowireCapableBeanFactory.java:569) ~[spring-beans-6.2.19.jar:6.2.19]
	at org.springframework.beans.factory.support.AbstractAutowireCapableBeanFactory.createBean(AbstractAutowireCapableBeanFactory.java:529) ~[spring-beans-6.2.19.jar:6.2.19]
	at org.springframework.beans.factory.support.AbstractBeanFactory.lambda$doGetBean$0(AbstractBeanFactory.java:339) ~[spring-beans-6.2.19.jar:6.2.19]
	at org.springframework.beans.factory.support.DefaultSingletonBeanRegistry.getSingleton(DefaultSingletonBeanRegistry.java:373) ~[spring-beans-6.2.19.jar:6.2.19]
	at org.springframework.beans.factory.support.AbstractBeanFactory.doGetBean(AbstractBeanFactory.java:337) ~[spring-beans-6.2.19.jar:6.2.19]
	at org.springframework.beans.factory.support.AbstractBeanFactory.getBean(AbstractBeanFactory.java:202) ~[spring-beans-6.2.19.jar:6.2.19]
	at org.springframework.beans.factory.config.DependencyDescriptor.resolveCandidate(DependencyDescriptor.java:254) ~[spring-beans-6.2.19.jar:6.2.19]
	at org.springframework.beans.factory.support.DefaultListableBeanFactory.doResolveDependency(DefaultListableBeanFactory.java:1777) ~[spring-beans-6.2.19.jar:6.2.19]
	at org.springframework.beans.factory.support.DefaultListableBeanFactory.resolveDependency(DefaultListableBeanFactory.java:1660) ~[spring-beans-6.2.19.jar:6.2.19]
	at org.springframework.beans.factory.support.ConstructorResolver.resolveAutowiredArgument(ConstructorResolver.java:913) ~[spring-beans-6.2.19.jar:6.2.19]
	at org.springframework.beans.factory.support.ConstructorResolver.createArgumentArray(ConstructorResolver.java:791) ~[spring-beans-6.2.19.jar:6.2.19]
	... 112 common frames omitted
Caused by: org.springframework.beans.factory.UnsatisfiedDependencyException: Error creating bean with name 'managedAgentStore' defined in file [/rig/wt/packages/sdk-java/managed-agent-server/target/classes/com/alibaba/qwen/code/managedagent/store/ManagedAgentStore.class]: Unsatisfied dependency expressed through constructor parameter 0: Error creating bean with name 'flywayInitializer' defined in class path resource [org/springframework/boot/autoconfigure/flyway/FlywayAutoConfiguration$FlywayConfiguration.class]: Script V25__verified_workspace_mount.sql failed
-----------------------------------------------
SQL State  : 42S21
Error Code : 1060
Message    : Duplicate column name 'tenant_id'
Location   : db/migration/V25__verified_workspace_mount.sql (/rig/wt/packages/sdk-java/managed-agent-server/target/classes/db/migration/V25__verified_workspace_mount.sql)
Line       : 1
Statement  : Run Flyway with -X option to see the actual statement causing the problem

	at org.springframework.beans.factory.support.ConstructorResolver.createArgumentArray(ConstructorResolver.java:804) ~[spring-beans-6.2.19.jar:6.2.19]
	at org.springframework.beans.factory.support.ConstructorResolver.autowireConstructor(ConstructorResolver.java:240) ~[spring-beans-6.2.19.jar:6.2.19]
	at org.springframework.beans.factory.support.AbstractAutowireCapableBeanFactory.autowireConstructor(AbstractAutowireCapableBeanFactory.java:1393) ~[spring-beans-6.2.19.jar:6.2.19]
	at org.springframework.beans.factory.support.AbstractAutowireCapableBeanFactory.createBeanInstance(AbstractAutowireCapableBeanFactory.java:1230) ~[spring-beans-6.2.19.jar:6.2.19]
	at org.springframework.beans.factory.support.AbstractAutowireCapableBeanFactory.doCreateBean(AbstractAutowireCapableBeanFactory.java:569) ~[spring-beans-6.2.19.jar:6.2.19]
	at org.springframework.beans.factory.support.AbstractAutowireCapableBeanFactory.createBean(AbstractAutowireCapableBeanFactory.java:529) ~[spring-beans-6.2.19.jar:6.2.19]
	at org.springframework.beans.factory.support.AbstractBeanFactory.lambda$doGetBean$0(AbstractBeanFactory.java:339) ~[spring-beans-6.2.19.jar:6.2.19]
	at org.springframework.beans.factory.support.DefaultSingletonBeanRegistry.getSingleton(DefaultSingletonBeanRegistry.java:373) ~[spring-beans-6.2.19.jar:6.2.19]
	at org.springframework.beans.factory.support.AbstractBeanFactory.doGetBean(AbstractBeanFactory.java:337) ~[spring-beans-6.2.19.jar:6.2.19]
	at org.springframework.beans.factory.support.AbstractBeanFactory.getBean(AbstractBeanFactory.java:202) ~[spring-beans-6.2.19.jar:6.2.19]
	at org.springframework.beans.factory.config.DependencyDescriptor.resolveCandidate(DependencyDescriptor.java:254) ~[spring-beans-6.2.19.jar:6.2.19]
	at org.springframework.beans.factory.support.DefaultListableBeanFactory.doResolveDependency(DefaultListableBeanFactory.java:1777) ~[spring-beans-6.2.19.jar:6.2.19]
	at org.springframework.beans.factory.support.DefaultListableBeanFactory.resolveDependency(DefaultListableBeanFactory.java:1660) ~[spring-beans-6.2.19.jar:6.2.19]
	at org.springframework.beans.factory.support.ConstructorResolver.resolveAutowiredArgument(ConstructorResolver.java:913) ~[spring-beans-6.2.19.jar:6.2.19]
	at org.springframework.beans.factory.support.ConstructorResolver.createArgumentArray(ConstructorResolver.java:791) ~[spring-beans-6.2.19.jar:6.2.19]
	... 126 common frames omitted
Caused by: org.springframework.beans.factory.BeanCreationException: Error creating bean with name 'flywayInitializer' defined in class path resource [org/springframework/boot/autoconfigure/flyway/FlywayAutoConfiguration$FlywayConfiguration.class]: Script V25__verified_workspace_mount.sql failed
-----------------------------------------------
SQL State  : 42S21
Error Code : 1060
Message    : Duplicate column name 'tenant_id'
Location   : db/migration/V25__verified_workspace_mount.sql (/rig/wt/packages/sdk-java/managed-agent-server/target/classes/db/migration/V25__verified_workspace_mount.sql)
Line       : 1
Statement  : Run Flyway with -X option to see the actual statement causing the problem

	at org.springframework.beans.factory.support.AbstractAutowireCapableBeanFactory.initializeBean(AbstractAutowireCapableBeanFactory.java:1824) ~[spring-beans-6.2.19.jar:6.2.19]
	at org.springframework.beans.factory.support.AbstractAutowireCapableBeanFactory.doCreateBean(AbstractAutowireCapableBeanFactory.java:607) ~[spring-beans-6.2.19.jar:6.2.19]
	at org.springframework.beans.factory.support.AbstractAutowireCapableBeanFactory.createBean(AbstractAutowireCapableBeanFactory.java:529) ~[spring-beans-6.2.19.jar:6.2.19]
	at org.springframework.beans.factory.support.AbstractBeanFactory.lambda$doGetBean$0(AbstractBeanFactory.java:339) ~[spring-beans-6.2.19.jar:6.2.19]
	at org.springframework.beans.factory.support.DefaultSingletonBeanRegistry.getSingleton(DefaultSingletonBeanRegistry.java:373) ~[spring-beans-6.2.19.jar:6.2.19]
	at org.springframework.beans.factory.support.AbstractBeanFactory.doGetBean(AbstractBeanFactory.java:337) ~[spring-beans-6.2.19.jar:6.2.19]
	at org.springframework.beans.factory.support.AbstractBeanFactory.getBean(AbstractBeanFactory.java:202) ~[spring-beans-6.2.19.jar:6.2.19]
	at org.springframework.beans.factory.support.AbstractBeanFactory.doGetBean(AbstractBeanFactory.java:315) ~[spring-beans-6.2.19.jar:6.2.19]
	at org.springframework.beans.factory.support.AbstractBeanFactory.getBean(AbstractBeanFactory.java:202) ~[spring-beans-6.2.19.jar:6.2.19]
	at org.springframework.beans.factory.config.DependencyDescriptor.resolveCandidate(DependencyDescriptor.java:254) ~[spring-beans-6.2.19.jar:6.2.19]
	at org.springframework.beans.factory.support.DefaultListableBeanFactory.doResolveDependency(DefaultListableBeanFactory.java:1777) ~[spring-beans-6.2.19.jar:6.2.19]
	at org.springframework.beans.factory.support.DefaultListableBeanFactory.resolveDependency(DefaultListableBeanFactory.java:1660) ~[spring-beans-6.2.19.jar:6.2.19]
	at org.springframework.beans.factory.support.ConstructorResolver.resolveAutowiredArgument(ConstructorResolver.java:913) ~[spring-beans-6.2.19.jar:6.2.19]
	at org.springframework.beans.factory.support.ConstructorResolver.createArgumentArray(ConstructorResolver.java:791) ~[spring-beans-6.2.19.jar:6.2.19]
	... 140 common frames omitted
Caused by: org.flywaydb.core.internal.exception.FlywayMigrateException: Script V25__verified_workspace_mount.sql failed
-----------------------------------------------
SQL State  : 42S21
Error Code : 1060
Message    : Duplicate column name 'tenant_id'
Location   : db/migration/V25__verified_workspace_mount.sql (/rig/wt/packages/sdk-java/managed-agent-server/target/classes/db/migration/V25__verified_workspace_mount.sql)
Line       : 1
Statement  : Run Flyway with -X option to see the actual statement causing the problem

	at org.flywaydb.core.internal.command.DbMigrate.doMigrateGroup(DbMigrate.java:399) ~[flyway-core-11.7.2.jar:na]
	at org.flywaydb.core.internal.command.DbMigrate.lambda$applyMigrations$1(DbMigrate.java:283) ~[flyway-core-11.7.2.jar:na]
	at org.flywaydb.core.internal.jdbc.TransactionalExecutionTemplate.execute(TransactionalExecutionTemplate.java:59) ~[flyway-core-11.7.2.jar:na]
	at org.flywaydb.core.internal.command.DbMigrate.applyMigrations(DbMigrate.java:282) ~[flyway-core-11.7.2.jar:na]
	at org.flywaydb.core.internal.command.DbMigrate.migrateGroup(DbMigrate.java:255) ~[flyway-core-11.7.2.jar:na]
	at org.flywaydb.core.internal.command.DbMigrate.lambda$migrateAll$0(DbMigrate.java:153) ~[flyway-core-11.7.2.jar:na]
	at org.flywaydb.database.mysql.MySQLNamedLockTemplate.execute(MySQLNamedLockTemplate.java:62) ~[flyway-mysql-11.7.2.jar:na]
	at org.flywaydb.database.mysql.MySQLConnection.lock(MySQLConnection.java:159) ~[flyway-mysql-11.7.2.jar:na]
	at org.flywaydb.core.internal.schemahistory.JdbcTableSchemaHistory.lock(JdbcTableSchemaHistory.java:164) ~[flyway-core-11.7.2.jar:na]
	at org.flywaydb.core.internal.command.DbMigrate.migrateAll(DbMigrate.java:153) ~[flyway-core-11.7.2.jar:na]
	at org.flywaydb.core.internal.command.DbMigrate.migrate(DbMigrate.java:104) ~[flyway-core-11.7.2.jar:na]
	at org.flywaydb.core.Flyway.lambda$migrate$1(Flyway.java:247) ~[flyway-core-11.7.2.jar:na]
	at org.flywaydb.core.FlywayExecutor.execute(FlywayExecutor.java:210) ~[flyway-core-11.7.2.jar:na]
	at org.flywaydb.core.Flyway.migrate(Flyway.java:188) ~[flyway-core-11.7.2.jar:na]
	at org.springframework.boot.autoconfigure.flyway.FlywayMigrationInitializer.afterPropertiesSet(FlywayMigrationInitializer.java:66) ~[spring-boot-autoconfigure-3.5.16.jar:3.5.16]
	at org.springframework.beans.factory.support.AbstractAutowireCapableBeanFactory.invokeInitMethods(AbstractAutowireCapableBeanFactory.java:1871) ~[spring-beans-6.2.19.jar:6.2.19]
	at org.springframework.beans.factory.support.AbstractAutowireCapableBeanFactory.initializeBean(AbstractAutowireCapableBeanFactory.java:1820) ~[spring-beans-6.2.19.jar:6.2.19]
	... 153 common frames omitted
Caused by: org.flywaydb.core.internal.sqlscript.FlywaySqlScriptException: Script V25__verified_workspace_mount.sql failed
-----------------------------------------------
SQL State  : 42S21
Error Code : 1060
Message    : Duplicate column name 'tenant_id'
Location   : db/migration/V25__verified_workspace_mount.sql (/rig/wt/packages/sdk-java/managed-agent-server/target/classes/db/migration/V25__verified_workspace_mount.sql)
Line       : 1
Statement  : Run Flyway with -X option to see the actual statement causing the problem

	at org.flywaydb.core.internal.sqlscript.DefaultSqlScriptExecutor.handleException(DefaultSqlScriptExecutor.java:256) ~[flyway-core-11.7.2.jar:na]
	at org.flywaydb.core.internal.sqlscript.DefaultSqlScriptExecutor.executeStatement(DefaultSqlScriptExecutor.java:217) ~[flyway-core-11.7.2.jar:na]
	at org.flywaydb.core.internal.sqlscript.DefaultSqlScriptExecutor.execute(DefaultSqlScriptExecutor.java:137) ~[flyway-core-11.7.2.jar:na]
	at org.flywaydb.core.internal.resolver.sql.SqlMigrationExecutor.executeOnce(SqlMigrationExecutor.java:75) ~[flyway-core-11.7.2.jar:na]
	at org.flywaydb.core.internal.resolver.sql.SqlMigrationExecutor.lambda$execute$0(SqlMigrationExecutor.java:66) ~[flyway-core-11.7.2.jar:na]
	at org.flywaydb.core.internal.database.DefaultExecutionStrategy.execute(DefaultExecutionStrategy.java:31) ~[flyway-core-11.7.2.jar:na]
	at org.flywaydb.core.internal.resolver.sql.SqlMigrationExecutor.execute(SqlMigrationExecutor.java:65) ~[flyway-core-11.7.2.jar:na]
	at org.flywaydb.core.internal.command.DbMigrate.doMigrateGroup(DbMigrate.java:391) ~[flyway-core-11.7.2.jar:na]
	... 169 common frames omitted
Caused by: java.sql.SQLSyntaxErrorException: Duplicate column name 'tenant_id'
	at com.mysql.cj.jdbc.exceptions.SQLError.createSQLException(SQLError.java:112) ~[mysql-connector-j-9.7.0.jar:9.7.0]
	at com.mysql.cj.jdbc.exceptions.SQLExceptionsMapping.translateException(SQLExceptionsMapping.java:114) ~[mysql-connector-j-9.7.0.jar:9.7.0]
	at com.mysql.cj.jdbc.StatementImpl.executeInternal(StatementImpl.java:839) ~[mysql-connector-j-9.7.0.jar:9.7.0]
	at com.mysql.cj.jdbc.StatementImpl.execute(StatementImpl.java:687) ~[mysql-connector-j-9.7.0.jar:9.7.0]
	at com.zaxxer.hikari.pool.ProxyStatement.execute(ProxyStatement.java:95) ~[HikariCP-6.3.3.jar:na]
	at com.zaxxer.hikari.pool.HikariProxyStatement.execute(HikariProxyStatement.java) ~[HikariCP-6.3.3.jar:na]
	at org.flywaydb.core.internal.jdbc.JdbcTemplate.executeStatement(JdbcTemplate.java:215) ~[flyway-core-11.7.2.jar:na]
	at org.flywaydb.core.internal.sqlscript.ParsedSqlStatement.execute(ParsedSqlStatement.java:88) ~[flyway-core-11.7.2.jar:na]
	at org.flywaydb.core.internal.sqlscript.DefaultSqlScriptExecutor.executeStatement(DefaultSqlScriptExecutor.java:212) ~[flyway-core-11.7.2.jar:na]
	... 175 common frames omitted


  .   ____          _            __ _ _
 /\\ / ___'_ __ _ _(_)_ __  __ _ \ \ \ \
( ( )\___ | '_ | '_| | '_ \/ _` | \ \ \ \
 \\/  ___)| |_)| | | | | || (_| |  ) ) ) )
  '  |____| .__|_| |_|_| |_\__, | / / / /
 =========|_|==============|___/=/_/_/_/

 :: Spring Boot ::               (v3.5.16)

2026-10-01T05:09:10.265Z  INFO 53324 --- [qwen-managed-agent-server] [           main] o.a.maven.surefire.booter.ForkedBooter   : Starting ForkedBooter v3.5.6 using Java 21.0.12 with PID 53324 (started by wenshao in /rig/wt/packages/sdk-java/managed-agent-server)
2026-10-01T05:09:10.265Z  INFO 53324 --- [qwen-managed-agent-server] [           main] o.a.maven.surefire.booter.ForkedBooter   : No active profile set, falling back to 1 default profile: "default"
2026-10-01T05:09:10.800Z  INFO 53324 --- [qwen-managed-agent-server] [           main] o.s.b.w.embedded.tomcat.TomcatWebServer  : Tomcat initialized with port 58587 (http)
2026-10-01T05:09:10.801Z  INFO 53324 --- [qwen-managed-agent-server] [           main] o.apache.catalina.core.StandardService   : Starting service [Tomcat]
2026-10-01T05:09:10.801Z  INFO 53324 --- [qwen-managed-agent-server] [           main] o.apache.catalina.core.StandardEngine    : Starting Servlet engine: [Apache Tomcat/10.1.55]
2026-10-01T05:09:10.839Z  INFO 53324 --- [qwen-managed-agent-server] [           main] o.a.c.c.C.[Tomcat-1].[localhost].[/]     : Initializing Spring embedded WebApplicationContext
2026-10-01T05:09:10.839Z  INFO 53324 --- [qwen-managed-agent-server] [           main] w.s.c.ServletWebServerApplicationContext : Root WebApplicationContext: initialization completed in 571 ms
Standard Commons Logging discovery in action with spring-jcl: please remove commons-logging.jar from classpath in order to avoid potential conflicts
2026-10-01T05:09:10.984Z  INFO 53324 --- [qwen-managed-agent-server] [           main] com.zaxxer.hikari.HikariDataSource       : HikariPool-2 - Starting...
2026-10-01T05:09:11.003Z  INFO 53324 --- [qwen-managed-agent-server] [           main] com.zaxxer.hikari.pool.HikariPool        : HikariPool-2 - Added connection com.mysql.cj.jdbc.ConnectionImpl@7e9ffdff
2026-10-01T05:09:11.004Z  INFO 53324 --- [qwen-managed-agent-server] [           main] com.zaxxer.hikari.HikariDataSource       : HikariPool-2 - Start completed.
2026-10-01T05:09:11.012Z  INFO 53324 --- [qwen-managed-agent-server] [           main] org.flywaydb.core.FlywayExecutor         : Database: jdbc:mysql://127.0.0.1:33110/it_head5_rest_1790831129?createDatabaseIfNotExist=true&allowPublicKeyRetrieval=true&useSSL=false (MySQL 8.4)
2026-10-01T05:09:11.017Z  WARN 53324 --- [qwen-managed-agent-server] [           main] o.f.c.internal.database.base.Database    : Flyway upgrade recommended: MySQL 8.4 is newer than this version of Flyway and support has not been tested. The latest supported version of MySQL is 8.1.
2026-10-01T05:09:11.030Z  WARN 53324 --- [qwen-managed-agent-server] [           main] ConfigServletWebServerApplicationContext : Exception encountered during context initialization - cancelling refresh attempt: org.springframework.beans.factory.UnsatisfiedDependencyException: Error creating bean with name 'managedActionController' defined in file [/rig/wt/packages/sdk-java/managed-agent-server/target/classes/com/alibaba/qwen/code/managedagent/api/ManagedActionController.class]: Unsatisfied dependency expressed through constructor parameter 0: Error creating bean with name 'managedActionService' defined in file [/rig/wt/packages/sdk-java/managed-agent-server/target/classes/com/alibaba/qwen/code/managedagent/service/ManagedActionService.class]: Unsatisfied dependency expressed through constructor parameter 0: Error creating bean with name 'managedAgentService' defined in file [/rig/wt/packages/sdk-java/managed-agent-server/target/classes/com/alibaba/qwen/code/managedagent/service/ManagedAgentService.class]: Unsatisfied dependency expressed through constructor parameter 0: Error creating bean with name 'managedAgentStore' defined in file [/rig/wt/packages/sdk-java/managed-agent-server/target/classes/com/alibaba/qwen/code/managedagent/store/ManagedAgentStore.class]: Unsatisfied dependency expressed through constructor parameter 0: Error creating bean with name 'flywayInitializer' defined in class path resource [org/springframework/boot/autoconfigure/flyway/FlywayAutoConfiguration$FlywayConfiguration.class]: Validate failed: Migrations have failed validation
Detected failed migration to version 25 (verified workspace mount).
Please remove any half-completed changes then run repair to fix the schema history.
Need more flexibility with validation rules? Learn more: https://rd.gt/3AbJUZE
2026-10-01T05:09:11.030Z  INFO 53324 --- [qwen-managed-agent-server] [           main] com.zaxxer.hikari.HikariDataSource       : HikariPool-2 - Shutdown initiated...
2026-10-01T05:09:11.030Z  INFO 53324 --- [qwen-managed-agent-server] [           main] com.zaxxer.hikari.HikariDataSource       : HikariPool-2 - Shutdown completed.
2026-10-01T05:09:11.031Z  INFO 53324 --- [qwen-managed-agent-server] [           main] o.apache.catalina.core.StandardService   : Stopping service [Tomcat]
2026-10-01T05:09:11.035Z  INFO 53324 --- [qwen-managed-agent-server] [           main] .s.b.a.l.ConditionEvaluationReportLogger : 

Error starting ApplicationContext. To display the condition evaluation report re-run your application with 'debug' enabled.
2026-10-01T05:09:11.036Z ERROR 53324 --- [qwen-managed-agent-server] [           main] o.s.boot.SpringApplication               : Application run failed

org.springframework.beans.factory.UnsatisfiedDependencyException: Error creating bean with name 'managedActionController' defined in file [/rig/wt/packages/sdk-java/managed-agent-server/target/classes/com/alibaba/qwen/code/managedagent/api/ManagedActionController.class]: Unsatisfied dependency expressed through constructor parameter 0: Error creating bean with name 'managedActionService' defined in file [/rig/wt/packages/sdk-java/managed-agent-server/target/classes/com/alibaba/qwen/code/managedagent/service/ManagedActionService.class]: Unsatisfied dependency expressed through constructor parameter 0: Error creating bean with name 'managedAgentService' defined in file [/rig/wt/packages/sdk-java/managed-agent-server/target/classes/com/alibaba/qwen/code/managedagent/service/ManagedAgentService.class]: Unsatisfied dependency expressed through constructor parameter 0: Error creating bean with name 'managedAgentStore' defined in file [/rig/wt/packages/sdk-java/managed-agent-server/target/classes/com/alibaba/qwen/code/managedagent/store/ManagedAgentStore.class]: Unsatisfied dependency expressed through constructor parameter 0: Error creating bean with name 'flywayInitializer' defined in class path resource [org/springframework/boot/autoconfigure/flyway/FlywayAutoConfiguration$FlywayConfiguration.class]: Validate failed: Migrations have failed validation
Detected failed migration to version 25 (verified workspace mount).
Please remove any half-completed changes then run repair to fix the schema history.
Need more flexibility with validation rules? Learn more: https://rd.gt/3AbJUZE
	at org.springframework.beans.factory.support.ConstructorResolver.createArgumentArray(ConstructorResolver.java:804) ~[spring-beans-6.2.19.jar:6.2.19]
	at org.springframework.beans.factory.support.ConstructorResolver.autowireConstructor(ConstructorResolver.java:240) ~[spring-beans-6.2.19.jar:6.2.19]
	at org.springframework.beans.factory.support.AbstractAutowireCapableBeanFactory.autowireConstructor(AbstractAutowireCapableBeanFactory.java:1393) ~[spring-beans-6.2.19.jar:6.2.19]
	at org.springframework.beans.factory.support.AbstractAutowireCapableBeanFactory.createBeanInstance(AbstractAutowireCapableBeanFactory.java:1230) ~[spring-beans-6.2.19.jar:6.2.19]
	at org.springframework.beans.factory.support.AbstractAutowireCapableBeanFactory.doCreateBean(AbstractAutowireCapableBeanFactory.java:569) ~[spring-beans-6.2.19.jar:6.2.19]
	at org.springframework.beans.factory.support.AbstractAutowireCapableBeanFactory.createBean(AbstractAutowireCapableBeanFactory.java:529) ~[spring-beans-6.2.19.jar:6.2.19]
	at org.springframework.beans.factory.support.AbstractBeanFactory.lambda$doGetBean$0(AbstractBeanFactory.java:339) ~[spring-beans-6.2.19.jar:6.2.19]
	at org.springframework.beans.factory.support.DefaultSingletonBeanRegistry.getSingleton(DefaultSingletonBeanRegistry.java:373) ~[spring-beans-6.2.19.jar:6.2.19]
	at org.springframework.beans.factory.support.AbstractBeanFactory.doGetBean(AbstractBeanFactory.java:337) ~[spring-beans-6.2.19.jar:6.2.19]
	at org.springframework.beans.factory.support.AbstractBeanFactory.getBean(AbstractBeanFactory.java:202) ~[spring-beans-6.2.19.jar:6.2.19]
	at org.springframework.beans.factory.support.DefaultListableBeanFactory.instantiateSingleton(DefaultListableBeanFactory.java:1235) ~[spring-beans-6.2.19.jar:6.2.19]
	at org.springframework.beans.factory.support.DefaultListableBeanFactory.preInstantiateSingleton(DefaultListableBeanFactory.java:1201) ~[spring-beans-6.2.19.jar:6.2.19]
	at org.springframework.beans.factory.support.DefaultListableBeanFactory.preInstantiateSingletons(DefaultListableBeanFactory.java:1130) ~[spring-beans-6.2.19.jar:6.2.19]
	at org.springframework.context.support.AbstractApplicationContext.finishBeanFactoryInitialization(AbstractApplicationContext.java:991) ~[spring-context-6.2.19.jar:6.2.19]
	at org.springframework.context.support.AbstractApplicationContext.refresh(AbstractApplicationContext.java:628) ~[spring-context-6.2.19.jar:6.2.19]
	at org.springframework.boot.web.servlet.context.ServletWebServerApplicationContext.refresh(ServletWebServerApplicationContext.java:146) ~[spring-boot-3.5.16.jar:3.5.16]
	at org.springframework.boot.SpringApplication.refresh(SpringApplication.java:752) ~[spring-boot-3.5.16.jar:3.5.16]
	at org.springframework.boot.SpringApplication.refreshContext(SpringApplication.java:439) ~[spring-boot-3.5.16.jar:3.5.16]
	at org.springframework.boot.SpringApplication.run(SpringApplication.java:318) ~[spring-boot-3.5.16.jar:3.5.16]
	at org.springframework.boot.builder.SpringApplicationBuilder.run(SpringApplicationBuilder.java:149) ~[spring-boot-3.5.16.jar:3.5.16]
	at com.alibaba.qwen.code.managedagent.HostedPublicWorkspaceIT.startSpring(HostedPublicWorkspaceIT.java:240) ~[test-classes/:na]
	at com.alibaba.qwen.code.managedagent.HostedPublicWorkspaceIT.runFiles(HostedPublicWorkspaceIT.java:96) ~[test-classes/:na]
	at com.alibaba.qwen.code.managedagent.HostedPublicWorkspaceIT.publicCreationRunsFilesThroughProductionWorkspaceBinding(HostedPublicWorkspaceIT.java:68) ~[test-classes/:na]
	at java.base/jdk.internal.reflect.DirectMethodHandleAccessor.invoke(DirectMethodHandleAccessor.java:103) ~[na:na]
	at java.base/java.lang.reflect.Method.invoke(Method.java:580) ~[na:na]
	at org.junit.platform.commons.util.ReflectionUtils.invokeMethod(ReflectionUtils.java:775) ~[junit-platform-commons-1.12.2.jar:1.12.2]
	at org.junit.platform.commons.support.ReflectionSupport.invokeMethod(ReflectionSupport.java:479) ~[junit-platform-commons-1.12.2.jar:1.12.2]
	at org.junit.jupiter.engine.execution.MethodInvocation.proceed(MethodInvocation.java:60) ~[junit-jupiter-engine-5.12.2.jar:5.12.2]
	at org.junit.jupiter.engine.execution.InvocationInterceptorChain$ValidatingInvocation.proceed(InvocationInterceptorChain.java:131) ~[junit-jupiter-engine-5.12.2.jar:5.12.2]
	at org.junit.jupiter.engine.extension.SameThreadTimeoutInvocation.proceed(SameThreadTimeoutInvocation.java:49) ~[junit-jupiter-engine-5.12.2.jar:5.12.2]
	at org.junit.jupiter.engine.extension.TimeoutExtension.intercept(TimeoutExtension.java:161) ~[junit-jupiter-engine-5.12.2.jar:5.12.2]
	at org.junit.jupiter.engine.extension.TimeoutExtension.interceptTestableMethod(TimeoutExtension.java:152) ~[junit-jupiter-engine-5.12.2.jar:5.12.2]
	at org.junit.jupiter.engine.extension.TimeoutExtension.interceptTestMethod(TimeoutExtension.java:91) ~[junit-jupiter-engine-5.12.2.jar:5.12.2]
	at org.junit.jupiter.engine.execution.InterceptingExecutableInvoker$ReflectiveInterceptorCall.lambda$ofVoidMethod$0(InterceptingExecutableInvoker.java:112) ~[junit-jupiter-engine-5.12.2.jar:5.12.2]
	at org.junit.jupiter.engine.execution.InterceptingExecutableInvoker.lambda$invoke$0(InterceptingExecutableInvoker.java:94) ~[junit-jupiter-engine-5.12.2.jar:5.12.2]
	at org.junit.jupiter.engine.execution.InvocationInterceptorChain$InterceptedInvocation.proceed(InvocationInterceptorChain.java:106) ~[junit-jupiter-engine-5.12.2.jar:5.12.2]
	at org.junit.jupiter.engine.execution.InvocationInterceptorChain.proceed(InvocationInterceptorChain.java:64) ~[junit-jupiter-engine-5.12.2.jar:5.12.2]
	at org.junit.jupiter.engine.execution.InvocationInterceptorChain.chainAndInvoke(InvocationInterceptorChain.java:45) ~[junit-jupiter-engine-5.12.2.jar:5.12.2]
	at org.junit.jupiter.engine.execution.InvocationInterceptorChain.invoke(InvocationInterceptorChain.java:37) ~[junit-jupiter-engine-5.12.2.jar:5.12.2]
	at org.junit.jupiter.engine.execution.InterceptingExecutableInvoker.invoke(InterceptingExecutableInvoker.java:93) ~[junit-jupiter-engine-5.12.2.jar:5.12.2]
	at org.junit.jupiter.engine.execution.InterceptingExecutableInvoker.invoke(InterceptingExecutableInvoker.java:87) ~[junit-jupiter-engine-5.12.2.jar:5.12.2]
	at org.junit.jupiter.engine.descriptor.TestMethodTestDescriptor.lambda$invokeTestMethod$7(TestMethodTestDescriptor.java:216) ~[junit-jupiter-engine-5.12.2.jar:5.12.2]
	at org.junit.platform.engine.support.hierarchical.ThrowableCollector.execute(ThrowableCollector.java:73) ~[junit-platform-engine-1.12.2.jar:1.12.2]
	at org.junit.jupiter.engine.descriptor.TestMethodTestDescriptor.invokeTestMethod(TestMethodTestDescriptor.java:212) ~[junit-jupiter-engine-5.12.2.jar:5.12.2]
	at org.junit.jupiter.engine.descriptor.TestMethodTestDescriptor.execute(TestMethodTestDescriptor.java:137) ~[junit-jupiter-engine-5.12.2.jar:5.12.2]
	at org.junit.jupiter.engine.descriptor.TestMethodTestDescriptor.execute(TestMethodTestDescriptor.java:69) ~[junit-jupiter-engine-5.12.2.jar:5.12.2]
	at org.junit.platform.engine.support.hierarchical.NodeTestTask.lambda$executeRecursively$6(NodeTestTask.java:156) ~[junit-platform-engine-1.12.2.jar:1.12.2]
	at org.junit.platform.engine.support.hierarchical.ThrowableCollector.execute(ThrowableCollector.java:73) ~[junit-platform-engine-1.12.2.jar:1.12.2]
	at org.junit.platform.engine.support.hierarchical.NodeTestTask.lambda$executeRecursively$8(NodeTestTask.java:146) ~[junit-platform-engine-1.12.2.jar:1.12.2]
	at org.junit.platform.engine.support.hierarchical.Node.around(Node.java:137) ~[junit-platform-engine-1.12.2.jar:1.12.2]
	at org.junit.platform.engine.support.hierarchical.NodeTestTask.lambda$executeRecursively$9(NodeTestTask.java:144) ~[junit-platform-engine-1.12.2.jar:1.12.2]
	at org.junit.platform.engine.support.hierarchical.ThrowableCollector.execute(ThrowableCollector.java:73) ~[junit-platform-engine-1.12.2.jar:1.12.2]
	at org.junit.platform.engine.support.hierarchical.NodeTestTask.executeRecursively(NodeTestTask.java:143) ~[junit-platform-engine-1.12.2.jar:1.12.2]
	at org.junit.platform.engine.support.hierarchical.NodeTestTask.execute(NodeTestTask.java:100) ~[junit-platform-engine-1.12.2.jar:1.12.2]
	at java.base/java.util.ArrayList.forEach(ArrayList.java:1596) ~[na:na]
	at org.junit.platform.engine.support.hierarchical.SameThreadHierarchicalTestExecutorService.invokeAll(SameThreadHierarchicalTestExecutorService.java:41) ~[junit-platform-engine-1.12.2.jar:1.12.2]
	at org.junit.platform.engine.support.hierarchical.NodeTestTask.lambda$executeRecursively$6(NodeTestTask.java:160) ~[junit-platform-engine-1.12.2.jar:1.12.2]
	at org.junit.platform.engine.support.hierarchical.ThrowableCollector.execute(ThrowableCollector.java:73) ~[junit-platform-engine-1.12.2.jar:1.12.2]
	at org.junit.platform.engine.support.hierarchical.NodeTestTask.lambda$executeRecursively$8(NodeTestTask.java:146) ~[junit-platform-engine-1.12.2.jar:1.12.2]
	at org.junit.platform.engine.support.hierarchical.Node.around(Node.java:137) ~[junit-platform-engine-1.12.2.jar:1.12.2]
	at org.junit.platform.engine.support.hierarchical.NodeTestTask.lambda$executeRecursively$9(NodeTestTask.java:144) ~[junit-platform-engine-1.12.2.jar:1.12.2]
	at org.junit.platform.engine.support.hierarchical.ThrowableCollector.execute(ThrowableCollector.java:73) ~[junit-platform-engine-1.12.2.jar:1.12.2]
	at org.junit.platform.engine.support.hierarchical.NodeTestTask.executeRecursively(NodeTestTask.java:143) ~[junit-platform-engine-1.12.2.jar:1.12.2]
	at org.junit.platform.engine.support.hierarchical.NodeTestTask.execute(NodeTestTask.java:100) ~[junit-platform-engine-1.12.2.jar:1.12.2]
	at java.base/java.util.ArrayList.forEach(ArrayList.java:1596) ~[na:na]
	at org.junit.platform.engine.support.hierarchical.SameThreadHierarchicalTestExecutorService.invokeAll(SameThreadHierarchicalTestExecutorService.java:41) ~[junit-platform-engine-1.12.2.jar:1.12.2]
	at org.junit.platform.engine.support.hierarchical.NodeTestTask.lambda$executeRecursively$6(NodeTestTask.java:160) ~[junit-platform-engine-1.12.2.jar:1.12.2]
	at org.junit.platform.engine.support.hierarchical.ThrowableCollector.execute(ThrowableCollector.java:73) ~[junit-platform-engine-1.12.2.jar:1.12.2]
	at org.junit.platform.engine.support.hierarchical.NodeTestTask.lambda$executeRecursively$8(NodeTestTask.java:146) ~[junit-platform-engine-1.12.2.jar:1.12.2]
	at org.junit.platform.engine.support.hierarchical.Node.around(Node.java:137) ~[junit-platform-engine-1.12.2.jar:1.12.2]
	at org.junit.platform.engine.support.hierarchical.NodeTestTask.lambda$executeRecursively$9(NodeTestTask.java:144) ~[junit-platform-engine-1.12.2.jar:1.12.2]
	at org.junit.platform.engine.support.hierarchical.ThrowableCollector.execute(ThrowableCollector.java:73) ~[junit-platform-engine-1.12.2.jar:1.12.2]
	at org.junit.platform.engine.support.hierarchical.NodeTestTask.executeRecursively(NodeTestTask.java:143) ~[junit-platform-engine-1.12.2.jar:1.12.2]
	at org.junit.platform.engine.support.hierarchical.NodeTestTask.execute(NodeTestTask.java:100) ~[junit-platform-engine-1.12.2.jar:1.12.2]
	at org.junit.platform.engine.support.hierarchical.SameThreadHierarchicalTestExecutorService.submit(SameThreadHierarchicalTestExecutorService.java:35) ~[junit-platform-engine-1.12.2.jar:1.12.2]
	at org.junit.platform.engine.support.hierarchical.HierarchicalTestExecutor.execute(HierarchicalTestExecutor.java:57) ~[junit-platform-engine-1.12.2.jar:1.12.2]
	at org.junit.platform.engine.support.hierarchical.HierarchicalTestEngine.execute(HierarchicalTestEngine.java:54) ~[junit-platform-engine-1.12.2.jar:1.12.2]
	at org.junit.platform.launcher.core.EngineExecutionOrchestrator.execute(EngineExecutionOrchestrator.java:201) ~[junit-platform-launcher-1.12.2.jar:1.12.2]
	at org.junit.platform.launcher.core.EngineExecutionOrchestrator.execute(EngineExecutionOrchestrator.java:170) ~[junit-platform-launcher-1.12.2.jar:1.12.2]
	at org.junit.platform.launcher.core.EngineExecutionOrchestrator.execute(EngineExecutionOrchestrator.java:94) ~[junit-platform-launcher-1.12.2.jar:1.12.2]
	at org.junit.platform.launcher.core.EngineExecutionOrchestrator.lambda$execute$0(EngineExecutionOrchestrator.java:59) ~[junit-platform-launcher-1.12.2.jar:1.12.2]
	at org.junit.platform.launcher.core.EngineExecutionOrchestrator.withInterceptedStreams(EngineExecutionOrchestrator.java:142) ~[junit-platform-launcher-1.12.2.jar:1.12.2]
	at org.junit.platform.launcher.core.EngineExecutionOrchestrator.execute(EngineExecutionOrchestrator.java:58) ~[junit-platform-launcher-1.12.2.jar:1.12.2]
	at org.junit.platform.launcher.core.DefaultLauncher.execute(DefaultLauncher.java:103) ~[junit-platform-launcher-1.12.2.jar:1.12.2]
	at org.junit.platform.launcher.core.DefaultLauncher.execute(DefaultLauncher.java:85) ~[junit-platform-launcher-1.12.2.jar:1.12.2]
	at org.junit.platform.launcher.core.DelegatingLauncher.execute(DelegatingLauncher.java:47) ~[junit-platform-launcher-1.12.2.jar:1.12.2]
	at org.junit.platform.launcher.core.InterceptingLauncher.lambda$execute$1(InterceptingLauncher.java:39) ~[junit-platform-launcher-1.12.2.jar:1.12.2]
	at org.junit.platform.launcher.core.ClasspathAlignmentCheckingLauncherInterceptor.intercept(ClasspathAlignmentCheckingLauncherInterceptor.java:25) ~[junit-platform-launcher-1.12.2.jar:1.12.2]
	at org.junit.platform.launcher.core.InterceptingLauncher.execute(InterceptingLauncher.java:38) ~[junit-platform-launcher-1.12.2.jar:1.12.2]
	at org.junit.platform.launcher.core.DelegatingLauncher.execute(DelegatingLauncher.java:47) ~[junit-platform-launcher-1.12.2.jar:1.12.2]
	at org.apache.maven.surefire.junitplatform.LauncherAdapter.executeWithoutCancellationToken(LauncherAdapter.java:60) ~[surefire-junit-platform-3.5.6.jar:3.5.6]
	at org.apache.maven.surefire.junitplatform.LauncherAdapter.execute(LauncherAdapter.java:52) ~[surefire-junit-platform-3.5.6.jar:3.5.6]
	at org.apache.maven.surefire.junitplatform.JUnitPlatformProvider.execute(JUnitPlatformProvider.java:203) ~[surefire-junit-platform-3.5.6.jar:3.5.6]
	at org.apache.maven.surefire.junitplatform.JUnitPlatformProvider.invokeAllTests(JUnitPlatformProvider.java:168) ~[surefire-junit-platform-3.5.6.jar:3.5.6]
	at org.apache.maven.surefire.junitplatform.JUnitPlatformProvider.invoke(JUnitPlatformProvider.java:136) ~[surefire-junit-platform-3.5.6.jar:3.5.6]
	at org.apache.maven.surefire.booter.ForkedBooter.runSuitesInProcess(ForkedBooter.java:385) ~[surefire-booter-3.5.6.jar:3.5.6]
	at org.apache.maven.surefire.booter.ForkedBooter.execute(ForkedBooter.java:162) ~[surefire-booter-3.5.6.jar:3.5.6]
	at org.apache.maven.surefire.booter.ForkedBooter.run(ForkedBooter.java:507) ~[surefire-booter-3.5.6.jar:3.5.6]
	at org.apache.maven.surefire.booter.ForkedBooter.main(ForkedBooter.java:495) ~[surefire-booter-3.5.6.jar:3.5.6]
Caused by: org.springframework.beans.factory.UnsatisfiedDependencyException: Error creating bean with name 'managedActionService' defined in file [/rig/wt/packages/sdk-java/managed-agent-server/target/classes/com/alibaba/qwen/code/managedagent/service/ManagedActionService.class]: Unsatisfied dependency expressed through constructor parameter 0: Error creating bean with name 'managedAgentService' defined in file [/rig/wt/packages/sdk-java/managed-agent-server/target/classes/com/alibaba/qwen/code/managedagent/service/ManagedAgentService.class]: Unsatisfied dependency expressed through constructor parameter 0: Error creating bean with name 'managedAgentStore' defined in file [/rig/wt/packages/sdk-java/managed-agent-server/target/classes/com/alibaba/qwen/code/managedagent/store/ManagedAgentStore.class]: Unsatisfied dependency expressed through constructor parameter 0: Error creating bean with name 'flywayInitializer' defined in class path resource [org/springframework/boot/autoconfigure/flyway/FlywayAutoConfiguration$FlywayConfiguration.class]: Validate failed: Migrations have failed validation
Detected failed migration to version 25 (verified workspace mount).
Please remove any half-completed changes then run repair to fix the schema history.
Need more flexibility with validation rules? Learn more: https://rd.gt/3AbJUZE
	at org.springframework.beans.factory.support.ConstructorResolver.createArgumentArray(ConstructorResolver.java:804) ~[spring-beans-6.2.19.jar:6.2.19]
	at org.springframework.beans.factory.support.ConstructorResolver.autowireConstructor(ConstructorResolver.java:240) ~[spring-beans-6.2.19.jar:6.2.19]
	at org.springframework.beans.factory.support.AbstractAutowireCapableBeanFactory.autowireConstructor(AbstractAutowireCapableBeanFactory.java:1393) ~[spring-beans-6.2.19.jar:6.2.19]
	at org.springframework.beans.factory.support.AbstractAutowireCapableBeanFactory.createBeanInstance(AbstractAutowireCapableBeanFactory.java:1230) ~[spring-beans-6.2.19.jar:6.2.19]
	at org.springframework.beans.factory.support.AbstractAutowireCapableBeanFactory.doCreateBean(AbstractAutowireCapableBeanFactory.java:569) ~[spring-beans-6.2.19.jar:6.2.19]
	at org.springframework.beans.factory.support.AbstractAutowireCapableBeanFactory.createBean(AbstractAutowireCapableBeanFactory.java:529) ~[spring-beans-6.2.19.jar:6.2.19]
	at org.springframework.beans.factory.support.AbstractBeanFactory.lambda$doGetBean$0(AbstractBeanFactory.java:339) ~[spring-beans-6.2.19.jar:6.2.19]
	at org.springframework.beans.factory.support.DefaultSingletonBeanRegistry.getSingleton(DefaultSingletonBeanRegistry.java:373) ~[spring-beans-6.2.19.jar:6.2.19]
	at org.springframework.beans.factory.support.AbstractBeanFactory.doGetBean(AbstractBeanFactory.java:337) ~[spring-beans-6.2.19.jar:6.2.19]
	at org.springframework.beans.factory.support.AbstractBeanFactory.getBean(AbstractBeanFactory.java:202) ~[spring-beans-6.2.19.jar:6.2.19]
	at org.springframework.beans.factory.config.DependencyDescriptor.resolveCandidate(DependencyDescriptor.java:254) ~[spring-beans-6.2.19.jar:6.2.19]
	at org.springframework.beans.factory.support.DefaultListableBeanFactory.doResolveDependency(DefaultListableBeanFactory.java:1777) ~[spring-beans-6.2.19.jar:6.2.19]
	at org.springframework.beans.factory.support.DefaultListableBeanFactory.resolveDependency(DefaultListableBeanFactory.java:1660) ~[spring-beans-6.2.19.jar:6.2.19]
	at org.springframework.beans.factory.support.ConstructorResolver.resolveAutowiredArgument(ConstructorResolver.java:913) ~[spring-beans-6.2.19.jar:6.2.19]
	at org.springframework.beans.factory.support.ConstructorResolver.createArgumentArray(ConstructorResolver.java:791) ~[spring-beans-6.2.19.jar:6.2.19]
	... 98 common frames omitted
Caused by: org.springframework.beans.factory.UnsatisfiedDependencyException: Error creating bean with name 'managedAgentService' defined in file [/rig/wt/packages/sdk-java/managed-agent-server/target/classes/com/alibaba/qwen/code/managedagent/service/ManagedAgentService.class]: Unsatisfied dependency expressed through constructor parameter 0: Error creating bean with name 'managedAgentStore' defined in file [/rig/wt/packages/sdk-java/managed-agent-server/target/classes/com/alibaba/qwen/code/managedagent/store/ManagedAgentStore.class]: Unsatisfied dependency expressed through constructor parameter 0: Error creating bean with name 'flywayInitializer' defined in class path resource [org/springframework/boot/autoconfigure/flyway/FlywayAutoConfiguration$FlywayConfiguration.class]: Validate failed: Migrations have failed validation
Detected failed migration to version 25 (verified workspace mount).
Please remove any half-completed changes then run repair to fix the schema history.
Need more flexibility with validation rules? Learn more: https://rd.gt/3AbJUZE
	at org.springframework.beans.factory.support.ConstructorResolver.createArgumentArray(ConstructorResolver.java:804) ~[spring-beans-6.2.19.jar:6.2.19]
	at org.springframework.beans.factory.support.ConstructorResolver.autowireConstructor(ConstructorResolver.java:240) ~[spring-beans-6.2.19.jar:6.2.19]
	at org.springframework.beans.factory.support.AbstractAutowireCapableBeanFactory.autowireConstructor(AbstractAutowireCapableBeanFactory.java:1393) ~[spring-beans-6.2.19.jar:6.2.19]
	at org.springframework.beans.factory.support.AbstractAutowireCapableBeanFactory.createBeanInstance(AbstractAutowireCapableBeanFactory.java:1230) ~[spring-beans-6.2.19.jar:6.2.19]
	at org.springframework.beans.factory.support.AbstractAutowireCapableBeanFactory.doCreateBean(AbstractAutowireCapableBeanFactory.java:569) ~[spring-beans-6.2.19.jar:6.2.19]
	at org.springframework.beans.factory.support.AbstractAutowireCapableBeanFactory.createBean(AbstractAutowireCapableBeanFactory.java:529) ~[spring-beans-6.2.19.jar:6.2.19]
	at org.springframework.beans.factory.support.AbstractBeanFactory.lambda$doGetBean$0(AbstractBeanFactory.java:339) ~[spring-beans-6.2.19.jar:6.2.19]
	at org.springframework.beans.factory.support.DefaultSingletonBeanRegistry.getSingleton(DefaultSingletonBeanRegistry.java:373) ~[spring-beans-6.2.19.jar:6.2.19]
	at org.springframework.beans.factory.support.AbstractBeanFactory.doGetBean(AbstractBeanFactory.java:337) ~[spring-beans-6.2.19.jar:6.2.19]
	at org.springframework.beans.factory.support.AbstractBeanFactory.getBean(AbstractBeanFactory.java:202) ~[spring-beans-6.2.19.jar:6.2.19]
	at org.springframework.beans.factory.config.DependencyDescriptor.resolveCandidate(DependencyDescriptor.java:254) ~[spring-beans-6.2.19.jar:6.2.19]
	at org.springframework.beans.factory.support.DefaultListableBeanFactory.doResolveDependency(DefaultListableBeanFactory.java:1777) ~[spring-beans-6.2.19.jar:6.2.19]
	at org.springframework.beans.factory.support.DefaultListableBeanFactory.resolveDependency(DefaultListableBeanFactory.java:1660) ~[spring-beans-6.2.19.jar:6.2.19]
	at org.springframework.beans.factory.support.ConstructorResolver.resolveAutowiredArgument(ConstructorResolver.java:913) ~[spring-beans-6.2.19.jar:6.2.19]
	at org.springframework.beans.factory.support.ConstructorResolver.createArgumentArray(ConstructorResolver.java:791) ~[spring-beans-6.2.19.jar:6.2.19]
	... 112 common frames omitted
Caused by: org.springframework.beans.factory.UnsatisfiedDependencyException: Error creating bean with name 'managedAgentStore' defined in file [/rig/wt/packages/sdk-java/managed-agent-server/target/classes/com/alibaba/qwen/code/managedagent/store/ManagedAgentStore.class]: Unsatisfied dependency expressed through constructor parameter 0: Error creating bean with name 'flywayInitializer' defined in class path resource [org/springframework/boot/autoconfigure/flyway/FlywayAutoConfiguration$FlywayConfiguration.class]: Validate failed: Migrations have failed validation
Detected failed migration to version 25 (verified workspace mount).
Please remove any half-completed changes then run repair to fix the schema history.
Need more flexibility with validation rules? Learn more: https://rd.gt/3AbJUZE
	at org.springframework.beans.factory.support.ConstructorResolver.createArgumentArray(ConstructorResolver.java:804) ~[spring-beans-6.2.19.jar:6.2.19]
	at org.springframework.beans.factory.support.ConstructorResolver.autowireConstructor(ConstructorResolver.java:240) ~[spring-beans-6.2.19.jar:6.2.19]
	at org.springframework.beans.factory.support.AbstractAutowireCapableBeanFactory.autowireConstructor(AbstractAutowireCapableBeanFactory.java:1393) ~[spring-beans-6.2.19.jar:6.2.19]
	at org.springframework.beans.factory.support.AbstractAutowireCapableBeanFactory.createBeanInstance(AbstractAutowireCapableBeanFactory.java:1230) ~[spring-beans-6.2.19.jar:6.2.19]
	at org.springframework.beans.factory.support.AbstractAutowireCapableBeanFactory.doCreateBean(AbstractAutowireCapableBeanFactory.java:569) ~[spring-beans-6.2.19.jar:6.2.19]
	at org.springframework.beans.factory.support.AbstractAutowireCapableBeanFactory.createBean(AbstractAutowireCapableBeanFactory.java:529) ~[spring-beans-6.2.19.jar:6.2.19]
	at org.springframework.beans.factory.support.AbstractBeanFactory.lambda$doGetBean$0(AbstractBeanFactory.java:339) ~[spring-beans-6.2.19.jar:6.2.19]
	at org.springframework.beans.factory.support.DefaultSingletonBeanRegistry.getSingleton(DefaultSingletonBeanRegistry.java:373) ~[spring-beans-6.2.19.jar:6.2.19]
	at org.springframework.beans.factory.support.AbstractBeanFactory.doGetBean(AbstractBeanFactory.java:337) ~[spring-beans-6.2.19.jar:6.2.19]
	at org.springframework.beans.factory.support.AbstractBeanFactory.getBean(AbstractBeanFactory.java:202) ~[spring-beans-6.2.19.jar:6.2.19]
	at org.springframework.beans.factory.config.DependencyDescriptor.resolveCandidate(DependencyDescriptor.java:254) ~[spring-beans-6.2.19.jar:6.2.19]
	at org.springframework.beans.factory.support.DefaultListableBeanFactory.doResolveDependency(DefaultListableBeanFactory.java:1777) ~[spring-beans-6.2.19.jar:6.2.19]
	at org.springframework.beans.factory.support.DefaultListableBeanFactory.resolveDependency(DefaultListableBeanFactory.java:1660) ~[spring-beans-6.2.19.jar:6.2.19]
	at org.springframework.beans.factory.support.ConstructorResolver.resolveAutowiredArgument(ConstructorResolver.java:913) ~[spring-beans-6.2.19.jar:6.2.19]
	at org.springframework.beans.factory.support.ConstructorResolver.createArgumentArray(ConstructorResolver.java:791) ~[spring-beans-6.2.19.jar:6.2.19]
	... 126 common frames omitted
Caused by: org.springframework.beans.factory.BeanCreationException: Error creating bean with name 'flywayInitializer' defined in class path resource [org/springframework/boot/autoconfigure/flyway/FlywayAutoConfiguration$FlywayConfiguration.class]: Validate failed: Migrations have failed validation
Detected failed migration to version 25 (verified workspace mount).
Please remove any half-completed changes then run repair to fix the schema history.
Need more flexibility with validation rules? Learn more: https://rd.gt/3AbJUZE
	at org.springframework.beans.factory.support.AbstractAutowireCapableBeanFactory.initializeBean(AbstractAutowireCapableBeanFactory.java:1824) ~[spring-beans-6.2.19.jar:6.2.19]
	at org.springframework.beans.factory.support.AbstractAutowireCapableBeanFactory.doCreateBean(AbstractAutowireCapableBeanFactory.java:607) ~[spring-beans-6.2.19.jar:6.2.19]
	at org.springframework.beans.factory.support.AbstractAutowireCapableBeanFactory.createBean(AbstractAutowireCapableBeanFactory.java:529) ~[spring-beans-6.2.19.jar:6.2.19]
	at org.springframework.beans.factory.support.AbstractBeanFactory.lambda$doGetBean$0(AbstractBeanFactory.java:339) ~[spring-beans-6.2.19.jar:6.2.19]
	at org.springframework.beans.factory.support.DefaultSingletonBeanRegistry.getSingleton(DefaultSingletonBeanRegistry.java:373) ~[spring-beans-6.2.19.jar:6.2.19]
	at org.springframework.beans.factory.support.AbstractBeanFactory.doGetBean(AbstractBeanFactory.java:337) ~[spring-beans-6.2.19.jar:6.2.19]
	at org.springframework.beans.factory.support.AbstractBeanFactory.getBean(AbstractBeanFactory.java:202) ~[spring-beans-6.2.19.jar:6.2.19]
	at org.springframework.beans.factory.support.AbstractBeanFactory.doGetBean(AbstractBeanFactory.java:315) ~[spring-beans-6.2.19.jar:6.2.19]
	at org.springframework.beans.factory.support.AbstractBeanFactory.getBean(AbstractBeanFactory.java:202) ~[spring-beans-6.2.19.jar:6.2.19]
	at org.springframework.beans.factory.config.DependencyDescriptor.resolveCandidate(DependencyDescriptor.java:254) ~[spring-beans-6.2.19.jar:6.2.19]
	at org.springframework.beans.factory.support.DefaultListableBeanFactory.doResolveDependency(DefaultListableBeanFactory.java:1777) ~[spring-beans-6.2.19.jar:6.2.19]
	at org.springframework.beans.factory.support.DefaultListableBeanFactory.resolveDependency(DefaultListableBeanFactory.java:1660) ~[spring-beans-6.2.19.jar:6.2.19]
	at org.springframework.beans.factory.support.ConstructorResolver.resolveAutowiredArgument(ConstructorResolver.java:913) ~[spring-beans-6.2.19.jar:6.2.19]
	at org.springframework.beans.factory.support.ConstructorResolver.createArgumentArray(ConstructorResolver.java:791) ~[spring-beans-6.2.19.jar:6.2.19]
	... 140 common frames omitted
Caused by: org.flywaydb.core.api.exception.FlywayValidateException: Validate failed: Migrations have failed validation
Detected failed migration to version 25 (verified workspace mount).
Please remove any half-completed changes then run repair to fix the schema history.
Need more flexibility with validation rules? Learn more: https://rd.gt/3AbJUZE
	at org.flywaydb.core.Flyway.lambda$migrate$1(Flyway.java:201) ~[flyway-core-11.7.2.jar:na]
	at org.flywaydb.core.FlywayExecutor.execute(FlywayExecutor.java:210) ~[flyway-core-11.7.2.jar:na]
	at org.flywaydb.core.Flyway.migrate(Flyway.java:188) ~[flyway-core-11.7.2.jar:na]
	at org.springframework.boot.autoconfigure.flyway.FlywayMigrationInitializer.afterPropertiesSet(FlywayMigrationInitializer.java:66) ~[spring-boot-autoconfigure-3.5.16.jar:3.5.16]
	at org.springframework.beans.factory.support.AbstractAutowireCapableBeanFactory.invokeInitMethods(AbstractAutowireCapableBeanFactory.java:1871) ~[spring-beans-6.2.19.jar:6.2.19]
	at org.springframework.beans.factory.support.AbstractAutowireCapableBeanFactory.initializeBean(AbstractAutowireCapableBeanFactory.java:1820) ~[spring-beans-6.2.19.jar:6.2.19]
	... 153 common frames omitted

[ERROR] Tests run: 2, Failures: 0, Errors: 2, Skipped: 0, Time elapsed: 3.628 s <<< FAILURE! -- in com.alibaba.qwen.code.managedagent.HostedPublicWorkspaceIT
[ERROR] com.alibaba.qwen.code.managedagent.HostedPublicWorkspaceIT.ownerAnswersHostedApprovalsThroughBothSurfaces -- Time elapsed: 2.543 s <<< ERROR!
org.springframework.beans.factory.UnsatisfiedDependencyException: 
Error creating bean with name 'managedActionController' defined in file [/rig/wt/packages/sdk-java/managed-agent-server/target/classes/com/alibaba/qwen/code/managedagent/api/ManagedActionController.class]: Unsatisfied dependency expressed through constructor parameter 0: Error creating bean with name 'managedActionService' defined in file [/rig/wt/packages/sdk-java/managed-agent-server/target/classes/com/alibaba/qwen/code/managedagent/service/ManagedActionService.class]: Unsatisfied dependency expressed through constructor parameter 0: Error creating bean with name 'managedAgentService' defined in file [/rig/wt/packages/sdk-java/managed-agent-server/target/classes/com/alibaba/qwen/code/managedagent/service/ManagedAgentService.class]: Unsatisfied dependency expressed through constructor parameter 0: Error creating bean with name 'managedAgentStore' defined in file [/rig/wt/packages/sdk-java/managed-agent-server/target/classes/com/alibaba/qwen/code/managedagent/store/ManagedAgentStore.class]: Unsatisfied dependency expressed through constructor parameter 0: Error creating bean with name 'flywayInitializer' defined in class path resource [org/springframework/boot/autoconfigure/flyway/FlywayAutoConfiguration$FlywayConfiguration.class]: Script V25__verified_workspace_mount.sql failed
-----------------------------------------------
SQL State  : 42S21
Error Code : 1060
Message    : Duplicate column name 'tenant_id'
Location   : db/migration/V25__verified_workspace_mount.sql (/rig/wt/packages/sdk-java/managed-agent-server/target/classes/db/migration/V25__verified_workspace_mount.sql)
Line       : 1
Statement  : Run Flyway with -X option to see the actual statement causing the problem

	at org.springframework.beans.factory.support.ConstructorResolver.createArgumentArray(ConstructorResolver.java:804)
	at org.springframework.beans.factory.support.ConstructorResolver.autowireConstructor(ConstructorResolver.java:240)
	at org.springframework.beans.factory.support.AbstractAutowireCapableBeanFactory.autowireConstructor(AbstractAutowireCapableBeanFactory.java:1393)
	at org.springframework.beans.factory.support.AbstractAutowireCapableBeanFactory.createBeanInstance(AbstractAutowireCapableBeanFactory.java:1230)
	at org.springframework.beans.factory.support.AbstractAutowireCapableBeanFactory.doCreateBean(AbstractAutowireCapableBeanFactory.java:569)
	at org.springframework.beans.factory.support.AbstractAutowireCapableBeanFactory.createBean(AbstractAutowireCapableBeanFactory.java:529)
	at org.springframework.beans.factory.support.AbstractBeanFactory.lambda$doGetBean$0(AbstractBeanFactory.java:339)
	at org.springframework.beans.factory.support.DefaultSingletonBeanRegistry.getSingleton(DefaultSingletonBeanRegistry.java:373)
	at org.springframework.beans.factory.support.AbstractBeanFactory.doGetBean(AbstractBeanFactory.java:337)
	at org.springframework.beans.factory.support.AbstractBeanFactory.getBean(AbstractBeanFactory.java:202)
	at org.springframework.beans.factory.support.DefaultListableBeanFactory.instantiateSingleton(DefaultListableBeanFactory.java:1235)
	at org.springframework.beans.factory.support.DefaultListableBeanFactory.preInstantiateSingleton(DefaultListableBeanFactory.java:1201)
	at org.springframework.beans.factory.support.DefaultListableBeanFactory.preInstantiateSingletons(DefaultListableBeanFactory.java:1130)
	at org.springframework.context.support.AbstractApplicationContext.finishBeanFactoryInitialization(AbstractApplicationContext.java:991)
	at org.springframework.context.support.AbstractApplicationContext.refresh(AbstractApplicationContext.java:628)
	at org.springframework.boot.web.servlet.context.ServletWebServerApplicationContext.refresh(ServletWebServerApplicationContext.java:146)
	at org.springframework.boot.SpringApplication.refresh(SpringApplication.java:752)
	at org.springframework.boot.SpringApplication.refreshContext(SpringApplication.java:439)
	at org.springframework.boot.SpringApplication.run(SpringApplication.java:318)
	at org.springframework.boot.builder.SpringApplicationBuilder.run(SpringApplicationBuilder.java:149)
	at com.alibaba.qwen.code.managedagent.HostedPublicWorkspaceIT.startSpring(HostedPublicWorkspaceIT.java:240)
	at com.alibaba.qwen.code.managedagent.HostedPublicWorkspaceIT.runFiles(HostedPublicWorkspaceIT.java:96)
	at com.alibaba.qwen.code.managedagent.HostedPublicWorkspaceIT.ownerAnswersHostedApprovalsThroughBothSurfaces(HostedPublicWorkspaceIT.java:75)
	at java.base/java.lang.reflect.Method.invoke(Method.java:580)
	at java.base/java.util.ArrayList.forEach(ArrayList.java:1596)
	at java.base/java.util.ArrayList.forEach(ArrayList.java:1596)
Caused by: org.springframework.beans.factory.UnsatisfiedDependencyException: Error creating bean with name 'managedActionService' defined in file [/rig/wt/packages/sdk-java/managed-agent-server/target/classes/com/alibaba/qwen/code/managedagent/service/ManagedActionService.class]: Unsatisfied dependency expressed through constructor parameter 0: Error creating bean with name 'managedAgentService' defined in file [/rig/wt/packages/sdk-java/managed-agent-server/target/classes/com/alibaba/qwen/code/managedagent/service/ManagedAgentService.class]: Unsatisfied dependency expressed through constructor parameter 0: Error creating bean with name 'managedAgentStore' defined in file [/rig/wt/packages/sdk-java/managed-agent-server/target/classes/com/alibaba/qwen/code/managedagent/store/ManagedAgentStore.class]: Unsatisfied dependency expressed through constructor parameter 0: Error creating bean with name 'flywayInitializer' defined in class path resource [org/springframework/boot/autoconfigure/flyway/FlywayAutoConfiguration$FlywayConfiguration.class]: Script V25__verified_workspace_mount.sql failed
-----------------------------------------------
SQL State  : 42S21
Error Code : 1060
Message    : Duplicate column name 'tenant_id'
Location   : db/migration/V25__verified_workspace_mount.sql (/rig/wt/packages/sdk-java/managed-agent-server/target/classes/db/migration/V25__verified_workspace_mount.sql)
Line       : 1
Statement  : Run Flyway with -X option to see the actual statement causing the problem

	at org.springframework.beans.factory.support.ConstructorResolver.createArgumentArray(ConstructorResolver.java:804)
	at org.springframework.beans.factory.support.ConstructorResolver.autowireConstructor(ConstructorResolver.java:240)
	at org.springframework.beans.factory.support.AbstractAutowireCapableBeanFactory.autowireConstructor(AbstractAutowireCapableBeanFactory.java:1393)
	at org.springframework.beans.factory.support.AbstractAutowireCapableBeanFactory.createBeanInstance(AbstractAutowireCapableBeanFactory.java:1230)
	at org.springframework.beans.factory.support.AbstractAutowireCapableBeanFactory.doCreateBean(AbstractAutowireCapableBeanFactory.java:569)
	at org.springframework.beans.factory.support.AbstractAutowireCapableBeanFactory.createBean(AbstractAutowireCapableBeanFactory.java:529)
	at org.springframework.beans.factory.support.AbstractBeanFactory.lambda$doGetBean$0(AbstractBeanFactory.java:339)
	at org.springframework.beans.factory.support.DefaultSingletonBeanRegistry.getSingleton(DefaultSingletonBeanRegistry.java:373)
	at org.springframework.beans.factory.support.AbstractBeanFactory.doGetBean(AbstractBeanFactory.java:337)
	at org.springframework.beans.factory.support.AbstractBeanFactory.getBean(AbstractBeanFactory.java:202)
	at org.springframework.beans.factory.config.DependencyDescriptor.resolveCandidate(DependencyDescriptor.java:254)
	at org.springframework.beans.factory.support.DefaultListableBeanFactory.doResolveDependency(DefaultListableBeanFactory.java:1777)
	at org.springframework.beans.factory.support.DefaultListableBeanFactory.resolveDependency(DefaultListableBeanFactory.java:1660)
	at org.springframework.beans.factory.support.ConstructorResolver.resolveAutowiredArgument(ConstructorResolver.java:913)
	at org.springframework.beans.factory.support.ConstructorResolver.createArgumentArray(ConstructorResolver.java:791)
	... 25 more
Caused by: org.springframework.beans.factory.UnsatisfiedDependencyException: Error creating bean with name 'managedAgentService' defined in file [/rig/wt/packages/sdk-java/managed-agent-server/target/classes/com/alibaba/qwen/code/managedagent/service/ManagedAgentService.class]: Unsatisfied dependency expressed through constructor parameter 0: Error creating bean with name 'managedAgentStore' defined in file [/rig/wt/packages/sdk-java/managed-agent-server/target/classes/com/alibaba/qwen/code/managedagent/store/ManagedAgentStore.class]: Unsatisfied dependency expressed through constructor parameter 0: Error creating bean with name 'flywayInitializer' defined in class path resource [org/springframework/boot/autoconfigure/flyway/FlywayAutoConfiguration$FlywayConfiguration.class]: Script V25__verified_workspace_mount.sql failed
-----------------------------------------------
SQL State  : 42S21
Error Code : 1060
Message    : Duplicate column name 'tenant_id'
Location   : db/migration/V25__verified_workspace_mount.sql (/rig/wt/packages/sdk-java/managed-agent-server/target/classes/db/migration/V25__verified_workspace_mount.sql)
Line       : 1
Statement  : Run Flyway with -X option to see the actual statement causing the problem

	at org.springframework.beans.factory.support.ConstructorResolver.createArgumentArray(ConstructorResolver.java:804)
	at org.springframework.beans.factory.support.ConstructorResolver.autowireConstructor(ConstructorResolver.java:240)
	at org.springframework.beans.factory.support.AbstractAutowireCapableBeanFactory.autowireConstructor(AbstractAutowireCapableBeanFactory.java:1393)
	at org.springframework.beans.factory.support.AbstractAutowireCapableBeanFactory.createBeanInstance(AbstractAutowireCapableBeanFactory.java:1230)
	at org.springframework.beans.factory.support.AbstractAutowireCapableBeanFactory.doCreateBean(AbstractAutowireCapableBeanFactory.java:569)
	at org.springframework.beans.factory.support.AbstractAutowireCapableBeanFactory.createBean(AbstractAutowireCapableBeanFactory.java:529)
	at org.springframework.beans.factory.support.AbstractBeanFactory.lambda$doGetBean$0(AbstractBeanFactory.java:339)
	at org.springframework.beans.factory.support.DefaultSingletonBeanRegistry.getSingleton(DefaultSingletonBeanRegistry.java:373)
	at org.springframework.beans.factory.support.AbstractBeanFactory.doGetBean(AbstractBeanFactory.java:337)
	at org.springframework.beans.factory.support.AbstractBeanFactory.getBean(AbstractBeanFactory.java:202)
	at org.springframework.beans.factory.config.DependencyDescriptor.resolveCandidate(DependencyDescriptor.java:254)
	at org.springframework.beans.factory.support.DefaultListableBeanFactory.doResolveDependency(DefaultListableBeanFactory.java:1777)
	at org.springframework.beans.factory.support.DefaultListableBeanFactory.resolveDependency(DefaultListableBeanFactory.java:1660)
	at org.springframework.beans.factory.support.ConstructorResolver.resolveAutowiredArgument(ConstructorResolver.java:913)
	at org.springframework.beans.factory.support.ConstructorResolver.createArgumentArray(ConstructorResolver.java:791)
	... 39 more
Caused by: org.springframework.beans.factory.UnsatisfiedDependencyException: Error creating bean with name 'managedAgentStore' defined in file [/rig/wt/packages/sdk-java/managed-agent-server/target/classes/com/alibaba/qwen/code/managedagent/store/ManagedAgentStore.class]: Unsatisfied dependency expressed through constructor parameter 0: Error creating bean with name 'flywayInitializer' defined in class path resource [org/springframework/boot/autoconfigure/flyway/FlywayAutoConfiguration$FlywayConfiguration.class]: Script V25__verified_workspace_mount.sql failed
-----------------------------------------------
SQL State  : 42S21
Error Code : 1060
Message    : Duplicate column name 'tenant_id'
Location   : db/migration/V25__verified_workspace_mount.sql (/rig/wt/packages/sdk-java/managed-agent-server/target/classes/db/migration/V25__verified_workspace_mount.sql)
Line       : 1
Statement  : Run Flyway with -X option to see the actual statement causing the problem

	at org.springframework.beans.factory.support.ConstructorResolver.createArgumentArray(ConstructorResolver.java:804)
	at org.springframework.beans.factory.support.ConstructorResolver.autowireConstructor(ConstructorResolver.java:240)
	at org.springframework.beans.factory.support.AbstractAutowireCapableBeanFactory.autowireConstructor(AbstractAutowireCapableBeanFactory.java:1393)
	at org.springframework.beans.factory.support.AbstractAutowireCapableBeanFactory.createBeanInstance(AbstractAutowireCapableBeanFactory.java:1230)
	at org.springframework.beans.factory.support.AbstractAutowireCapableBeanFactory.doCreateBean(AbstractAutowireCapableBeanFactory.java:569)
	at org.springframework.beans.factory.support.AbstractAutowireCapableBeanFactory.createBean(AbstractAutowireCapableBeanFactory.java:529)
	at org.springframework.beans.factory.support.AbstractBeanFactory.lambda$doGetBean$0(AbstractBeanFactory.java:339)
	at org.springframework.beans.factory.support.DefaultSingletonBeanRegistry.getSingleton(DefaultSingletonBeanRegistry.java:373)
	at org.springframework.beans.factory.support.AbstractBeanFactory.doGetBean(AbstractBeanFactory.java:337)
	at org.springframework.beans.factory.support.AbstractBeanFactory.getBean(AbstractBeanFactory.java:202)
	at org.springframework.beans.factory.config.DependencyDescriptor.resolveCandidate(DependencyDescriptor.java:254)
	at org.springframework.beans.factory.support.DefaultListableBeanFactory.doResolveDependency(DefaultListableBeanFactory.java:1777)
	at org.springframework.beans.factory.support.DefaultListableBeanFactory.resolveDependency(DefaultListableBeanFactory.java:1660)
	at org.springframework.beans.factory.support.ConstructorResolver.resolveAutowiredArgument(ConstructorResolver.java:913)
	at org.springframework.beans.factory.support.ConstructorResolver.createArgumentArray(ConstructorResolver.java:791)
	... 53 more
Caused by: org.springframework.beans.factory.BeanCreationException: Error creating bean with name 'flywayInitializer' defined in class path resource [org/springframework/boot/autoconfigure/flyway/FlywayAutoConfiguration$FlywayConfiguration.class]: Script V25__verified_workspace_mount.sql failed
-----------------------------------------------
SQL State  : 42S21
Error Code : 1060
Message    : Duplicate column name 'tenant_id'
Location   : db/migration/V25__verified_workspace_mount.sql (/rig/wt/packages/sdk-java/managed-agent-server/target/classes/db/migration/V25__verified_workspace_mount.sql)
Line       : 1
Statement  : Run Flyway with -X option to see the actual statement causing the problem

	at org.springframework.beans.factory.support.AbstractAutowireCapableBeanFactory.initializeBean(AbstractAutowireCapableBeanFactory.java:1824)
	at org.springframework.beans.factory.support.AbstractAutowireCapableBeanFactory.doCreateBean(AbstractAutowireCapableBeanFactory.java:607)
	at org.springframework.beans.factory.support.AbstractAutowireCapableBeanFactory.createBean(AbstractAutowireCapableBeanFactory.java:529)
	at org.springframework.beans.factory.support.AbstractBeanFactory.lambda$doGetBean$0(AbstractBeanFactory.java:339)
	at org.springframework.beans.factory.support.DefaultSingletonBeanRegistry.getSingleton(DefaultSingletonBeanRegistry.java:373)
	at org.springframework.beans.factory.support.AbstractBeanFactory.doGetBean(AbstractBeanFactory.java:337)
	at org.springframework.beans.factory.support.AbstractBeanFactory.getBean(AbstractBeanFactory.java:202)
	at org.springframework.beans.factory.support.AbstractBeanFactory.doGetBean(AbstractBeanFactory.java:315)
	at org.springframework.beans.factory.support.AbstractBeanFactory.getBean(AbstractBeanFactory.java:202)
	at org.springframework.beans.factory.config.DependencyDescriptor.resolveCandidate(DependencyDescriptor.java:254)
	at org.springframework.beans.factory.support.DefaultListableBeanFactory.doResolveDependency(DefaultListableBeanFactory.java:1777)
	at org.springframework.beans.factory.support.DefaultListableBeanFactory.resolveDependency(DefaultListableBeanFactory.java:1660)
	at org.springframework.beans.factory.support.ConstructorResolver.resolveAutowiredArgument(ConstructorResolver.java:913)
	at org.springframework.beans.factory.support.ConstructorResolver.createArgumentArray(ConstructorResolver.java:791)
	... 67 more
Caused by: org.flywaydb.core.internal.exception.FlywayMigrateException: Script V25__verified_workspace_mount.sql failed
-----------------------------------------------
SQL State  : 42S21
Error Code : 1060
Message    : Duplicate column name 'tenant_id'
Location   : db/migration/V25__verified_workspace_mount.sql (/rig/wt/packages/sdk-java/managed-agent-server/target/classes/db/migration/V25__verified_workspace_mount.sql)
Line       : 1
Statement  : Run Flyway with -X option to see the actual statement causing the problem

	at org.flywaydb.core.internal.command.DbMigrate.doMigrateGroup(DbMigrate.java:399)
	at org.flywaydb.core.internal.command.DbMigrate.lambda$applyMigrations$1(DbMigrate.java:283)
	at org.flywaydb.core.internal.jdbc.TransactionalExecutionTemplate.execute(TransactionalExecutionTemplate.java:59)
	at org.flywaydb.core.internal.command.DbMigrate.applyMigrations(DbMigrate.java:282)
	at org.flywaydb.core.internal.command.DbMigrate.migrateGroup(DbMigrate.java:255)
	at org.flywaydb.core.internal.command.DbMigrate.lambda$migrateAll$0(DbMigrate.java:153)
	at org.flywaydb.database.mysql.MySQLNamedLockTemplate.execute(MySQLNamedLockTemplate.java:62)
	at org.flywaydb.database.mysql.MySQLConnection.lock(MySQLConnection.java:159)
	at org.flywaydb.core.internal.schemahistory.JdbcTableSchemaHistory.lock(JdbcTableSchemaHistory.java:164)
	at org.flywaydb.core.internal.command.DbMigrate.migrateAll(DbMigrate.java:153)
	at org.flywaydb.core.internal.command.DbMigrate.migrate(DbMigrate.java:104)
	at org.flywaydb.core.Flyway.lambda$migrate$1(Flyway.java:247)
	at org.flywaydb.core.FlywayExecutor.execute(FlywayExecutor.java:210)
	at org.flywaydb.core.Flyway.migrate(Flyway.java:188)
	at org.springframework.boot.autoconfigure.flyway.FlywayMigrationInitializer.afterPropertiesSet(FlywayMigrationInitializer.java:66)
	at org.springframework.beans.factory.support.AbstractAutowireCapableBeanFactory.invokeInitMethods(AbstractAutowireCapableBeanFactory.java:1871)
	at org.springframework.beans.factory.support.AbstractAutowireCapableBeanFactory.initializeBean(AbstractAutowireCapableBeanFactory.java:1820)
	... 80 more
Caused by: org.flywaydb.core.internal.sqlscript.FlywaySqlScriptException: Script V25__verified_workspace_mount.sql failed
-----------------------------------------------
SQL State  : 42S21
Error Code : 1060
Message    : Duplicate column name 'tenant_id'
Location   : db/migration/V25__verified_workspace_mount.sql (/rig/wt/packages/sdk-java/managed-agent-server/target/classes/db/migration/V25__verified_workspace_mount.sql)
Line       : 1
Statement  : Run Flyway with -X option to see the actual statement causing the problem

	at org.flywaydb.core.internal.sqlscript.DefaultSqlScriptExecutor.handleException(DefaultSqlScriptExecutor.java:256)
	at org.flywaydb.core.internal.sqlscript.DefaultSqlScriptExecutor.executeStatement(DefaultSqlScriptExecutor.java:217)
	at org.flywaydb.core.internal.sqlscript.DefaultSqlScriptExecutor.execute(DefaultSqlScriptExecutor.java:137)
	at org.flywaydb.core.internal.resolver.sql.SqlMigrationExecutor.executeOnce(SqlMigrationExecutor.java:75)
	at org.flywaydb.core.internal.resolver.sql.SqlMigrationExecutor.lambda$execute$0(SqlMigrationExecutor.java:66)
	at org.flywaydb.core.internal.database.DefaultExecutionStrategy.execute(DefaultExecutionStrategy.java:31)
	at org.flywaydb.core.internal.resolver.sql.SqlMigrationExecutor.execute(SqlMigrationExecutor.java:65)
	at org.flywaydb.core.internal.command.DbMigrate.doMigrateGroup(DbMigrate.java:391)
	... 96 more
Caused by: java.sql.SQLSyntaxErrorException: Duplicate column name 'tenant_id'
	at com.mysql.cj.jdbc.exceptions.SQLError.createSQLException(SQLError.java:112)
	at com.mysql.cj.jdbc.exceptions.SQLExceptionsMapping.translateException(SQLExceptionsMapping.java:114)
	at com.mysql.cj.jdbc.StatementImpl.executeInternal(StatementImpl.java:839)
	at com.mysql.cj.jdbc.StatementImpl.execute(StatementImpl.java:687)
	at com.zaxxer.hikari.pool.ProxyStatement.execute(ProxyStatement.java:95)
	at com.zaxxer.hikari.pool.HikariProxyStatement.execute(HikariProxyStatement.java)
	at org.flywaydb.core.internal.jdbc.JdbcTemplate.executeStatement(JdbcTemplate.java:215)
	at org.flywaydb.core.internal.sqlscript.ParsedSqlStatement.execute(ParsedSqlStatement.java:88)
	at org.flywaydb.core.internal.sqlscript.DefaultSqlScriptExecutor.executeStatement(DefaultSqlScriptExecutor.java:212)
	... 102 more

[ERROR] com.alibaba.qwen.code.managedagent.HostedPublicWorkspaceIT.publicCreationRunsFilesThroughProductionWorkspaceBinding -- Time elapsed: 0.977 s <<< ERROR!
org.springframework.beans.factory.UnsatisfiedDependencyException: 
Error creating bean with name 'managedActionController' defined in file [/rig/wt/packages/sdk-java/managed-agent-server/target/classes/com/alibaba/qwen/code/managedagent/api/ManagedActionController.class]: Unsatisfied dependency expressed through constructor parameter 0: Error creating bean with name 'managedActionService' defined in file [/rig/wt/packages/sdk-java/managed-agent-server/target/classes/com/alibaba/qwen/code/managedagent/service/ManagedActionService.class]: Unsatisfied dependency expressed through constructor parameter 0: Error creating bean with name 'managedAgentService' defined in file [/rig/wt/packages/sdk-java/managed-agent-server/target/classes/com/alibaba/qwen/code/managedagent/service/ManagedAgentService.class]: Unsatisfied dependency expressed through constructor parameter 0: Error creating bean with name 'managedAgentStore' defined in file [/rig/wt/packages/sdk-java/managed-agent-server/target/classes/com/alibaba/qwen/code/managedagent/store/ManagedAgentStore.class]: Unsatisfied dependency expressed through constructor parameter 0: Error creating bean with name 'flywayInitializer' defined in class path resource [org/springframework/boot/autoconfigure/flyway/FlywayAutoConfiguration$FlywayConfiguration.class]: Validate failed: Migrations have failed validation
Detected failed migration to version 25 (verified workspace mount).
Please remove any half-completed changes then run repair to fix the schema history.
Need more flexibility with validation rules? Learn more: https://rd.gt/3AbJUZE
	at org.springframework.beans.factory.support.ConstructorResolver.createArgumentArray(ConstructorResolver.java:804)
	at org.springframework.beans.factory.support.ConstructorResolver.autowireConstructor(ConstructorResolver.java:240)
	at org.springframework.beans.factory.support.AbstractAutowireCapableBeanFactory.autowireConstructor(AbstractAutowireCapableBeanFactory.java:1393)
	at org.springframework.beans.factory.support.AbstractAutowireCapableBeanFactory.createBeanInstance(AbstractAutowireCapableBeanFactory.java:1230)
	at org.springframework.beans.factory.support.AbstractAutowireCapableBeanFactory.doCreateBean(AbstractAutowireCapableBeanFactory.java:569)
	at org.springframework.beans.factory.support.AbstractAutowireCapableBeanFactory.createBean(AbstractAutowireCapableBeanFactory.java:529)
	at org.springframework.beans.factory.support.AbstractBeanFactory.lambda$doGetBean$0(AbstractBeanFactory.java:339)
	at org.springframework.beans.factory.support.DefaultSingletonBeanRegistry.getSingleton(DefaultSingletonBeanRegistry.java:373)
	at org.springframework.beans.factory.support.AbstractBeanFactory.doGetBean(AbstractBeanFactory.java:337)
	at org.springframework.beans.factory.support.AbstractBeanFactory.getBean(AbstractBeanFactory.java:202)
	at org.springframework.beans.factory.support.DefaultListableBeanFactory.instantiateSingleton(DefaultListableBeanFactory.java:1235)
	at org.springframework.beans.factory.support.DefaultListableBeanFactory.preInstantiateSingleton(DefaultListableBeanFactory.java:1201)
	at org.springframework.beans.factory.support.DefaultListableBeanFactory.preInstantiateSingletons(DefaultListableBeanFactory.java:1130)
	at org.springframework.context.support.AbstractApplicationContext.finishBeanFactoryInitialization(AbstractApplicationContext.java:991)
	at org.springframework.context.support.AbstractApplicationContext.refresh(AbstractApplicationContext.java:628)
	at org.springframework.boot.web.servlet.context.ServletWebServerApplicationContext.refresh(ServletWebServerApplicationContext.java:146)
	at org.springframework.boot.SpringApplication.refresh(SpringApplication.java:752)
	at org.springframework.boot.SpringApplication.refreshContext(SpringApplication.java:439)
	at org.springframework.boot.SpringApplication.run(SpringApplication.java:318)
	at org.springframework.boot.builder.SpringApplicationBuilder.run(SpringApplicationBuilder.java:149)
	at com.alibaba.qwen.code.managedagent.HostedPublicWorkspaceIT.startSpring(HostedPublicWorkspaceIT.java:240)
	at com.alibaba.qwen.code.managedagent.HostedPublicWorkspaceIT.runFiles(HostedPublicWorkspaceIT.java:96)
	at com.alibaba.qwen.code.managedagent.HostedPublicWorkspaceIT.publicCreationRunsFilesThroughProductionWorkspaceBinding(HostedPublicWorkspaceIT.java:68)
	at java.base/java.lang.reflect.Method.invoke(Method.java:580)
	at java.base/java.util.ArrayList.forEach(ArrayList.java:1596)
	at java.base/java.util.ArrayList.forEach(ArrayList.java:1596)
Caused by: org.springframework.beans.factory.UnsatisfiedDependencyException: Error creating bean with name 'managedActionService' defined in file [/rig/wt/packages/sdk-java/managed-agent-server/target/classes/com/alibaba/qwen/code/managedagent/service/ManagedActionService.class]: Unsatisfied dependency expressed through constructor parameter 0: Error creating bean with name 'managedAgentService' defined in file [/rig/wt/packages/sdk-java/managed-agent-server/target/classes/com/alibaba/qwen/code/managedagent/service/ManagedAgentService.class]: Unsatisfied dependency expressed through constructor parameter 0: Error creating bean with name 'managedAgentStore' defined in file [/rig/wt/packages/sdk-java/managed-agent-server/target/classes/com/alibaba/qwen/code/managedagent/store/ManagedAgentStore.class]: Unsatisfied dependency expressed through constructor parameter 0: Error creating bean with name 'flywayInitializer' defined in class path resource [org/springframework/boot/autoconfigure/flyway/FlywayAutoConfiguration$FlywayConfiguration.class]: Validate failed: Migrations have failed validation
Detected failed migration to version 25 (verified workspace mount).
Please remove any half-completed changes then run repair to fix the schema history.
Need more flexibility with validation rules? Learn more: https://rd.gt/3AbJUZE
	at org.springframework.beans.factory.support.ConstructorResolver.createArgumentArray(ConstructorResolver.java:804)
	at org.springframework.beans.factory.support.ConstructorResolver.autowireConstructor(ConstructorResolver.java:240)
	at org.springframework.beans.factory.support.AbstractAutowireCapableBeanFactory.autowireConstructor(AbstractAutowireCapableBeanFactory.java:1393)
	at org.springframework.beans.factory.support.AbstractAutowireCapableBeanFactory.createBeanInstance(AbstractAutowireCapableBeanFactory.java:1230)
	at org.springframework.beans.factory.support.AbstractAutowireCapableBeanFactory.doCreateBean(AbstractAutowireCapableBeanFactory.java:569)
	at org.springframework.beans.factory.support.AbstractAutowireCapableBeanFactory.createBean(AbstractAutowireCapableBeanFactory.java:529)
	at org.springframework.beans.factory.support.AbstractBeanFactory.lambda$doGetBean$0(AbstractBeanFactory.java:339)
	at org.springframework.beans.factory.support.DefaultSingletonBeanRegistry.getSingleton(DefaultSingletonBeanRegistry.java:373)
	at org.springframework.beans.factory.support.AbstractBeanFactory.doGetBean(AbstractBeanFactory.java:337)
	at org.springframework.beans.factory.support.AbstractBeanFactory.getBean(AbstractBeanFactory.java:202)
	at org.springframework.beans.factory.config.DependencyDescriptor.resolveCandidate(DependencyDescriptor.java:254)
	at org.springframework.beans.factory.support.DefaultListableBeanFactory.doResolveDependency(DefaultListableBeanFactory.java:1777)
	at org.springframework.beans.factory.support.DefaultListableBeanFactory.resolveDependency(DefaultListableBeanFactory.java:1660)
	at org.springframework.beans.factory.support.ConstructorResolver.resolveAutowiredArgument(ConstructorResolver.java:913)
	at org.springframework.beans.factory.support.ConstructorResolver.createArgumentArray(ConstructorResolver.java:791)
	... 25 more
Caused by: org.springframework.beans.factory.UnsatisfiedDependencyException: Error creating bean with name 'managedAgentService' defined in file [/rig/wt/packages/sdk-java/managed-agent-server/target/classes/com/alibaba/qwen/code/managedagent/service/ManagedAgentService.class]: Unsatisfied dependency expressed through constructor parameter 0: Error creating bean with name 'managedAgentStore' defined in file [/rig/wt/packages/sdk-java/managed-agent-server/target/classes/com/alibaba/qwen/code/managedagent/store/ManagedAgentStore.class]: Unsatisfied dependency expressed through constructor parameter 0: Error creating bean with name 'flywayInitializer' defined in class path resource [org/springframework/boot/autoconfigure/flyway/FlywayAutoConfiguration$FlywayConfiguration.class]: Validate failed: Migrations have failed validation
Detected failed migration to version 25 (verified workspace mount).
Please remove any half-completed changes then run repair to fix the schema history.
Need more flexibility with validation rules? Learn more: https://rd.gt/3AbJUZE
	at org.springframework.beans.factory.support.ConstructorResolver.createArgumentArray(ConstructorResolver.java:804)
	at org.springframework.beans.factory.support.ConstructorResolver.autowireConstructor(ConstructorResolver.java:240)
	at org.springframework.beans.factory.support.AbstractAutowireCapableBeanFactory.autowireConstructor(AbstractAutowireCapableBeanFactory.java:1393)
	at org.springframework.beans.factory.support.AbstractAutowireCapableBeanFactory.createBeanInstance(AbstractAutowireCapableBeanFactory.java:1230)
	at org.springframework.beans.factory.support.AbstractAutowireCapableBeanFactory.doCreateBean(AbstractAutowireCapableBeanFactory.java:569)
	at org.springframework.beans.factory.support.AbstractAutowireCapableBeanFactory.createBean(AbstractAutowireCapableBeanFactory.java:529)
	at org.springframework.beans.factory.support.AbstractBeanFactory.lambda$doGetBean$0(AbstractBeanFactory.java:339)
	at org.springframework.beans.factory.support.DefaultSingletonBeanRegistry.getSingleton(DefaultSingletonBeanRegistry.java:373)
	at org.springframework.beans.factory.support.AbstractBeanFactory.doGetBean(AbstractBeanFactory.java:337)
	at org.springframework.beans.factory.support.AbstractBeanFactory.getBean(AbstractBeanFactory.java:202)
	at org.springframework.beans.factory.config.DependencyDescriptor.resolveCandidate(DependencyDescriptor.java:254)
	at org.springframework.beans.factory.support.DefaultListableBeanFactory.doResolveDependency(DefaultListableBeanFactory.java:1777)
	at org.springframework.beans.factory.support.DefaultListableBeanFactory.resolveDependency(DefaultListableBeanFactory.java:1660)
	at org.springframework.beans.factory.support.ConstructorResolver.resolveAutowiredArgument(ConstructorResolver.java:913)
	at org.springframework.beans.factory.support.ConstructorResolver.createArgumentArray(ConstructorResolver.java:791)
	... 39 more
Caused by: org.springframework.beans.factory.UnsatisfiedDependencyException: Error creating bean with name 'managedAgentStore' defined in file [/rig/wt/packages/sdk-java/managed-agent-server/target/classes/com/alibaba/qwen/code/managedagent/store/ManagedAgentStore.class]: Unsatisfied dependency expressed through constructor parameter 0: Error creating bean with name 'flywayInitializer' defined in class path resource [org/springframework/boot/autoconfigure/flyway/FlywayAutoConfiguration$FlywayConfiguration.class]: Validate failed: Migrations have failed validation
Detected failed migration to version 25 (verified workspace mount).
Please remove any half-completed changes then run repair to fix the schema history.
Need more flexibility with validation rules? Learn more: https://rd.gt/3AbJUZE
	at org.springframework.beans.factory.support.ConstructorResolver.createArgumentArray(ConstructorResolver.java:804)
	at org.springframework.beans.factory.support.ConstructorResolver.autowireConstructor(ConstructorResolver.java:240)
	at org.springframework.beans.factory.support.AbstractAutowireCapableBeanFactory.autowireConstructor(AbstractAutowireCapableBeanFactory.java:1393)
	at org.springframework.beans.factory.support.AbstractAutowireCapableBeanFactory.createBeanInstance(AbstractAutowireCapableBeanFactory.java:1230)
	at org.springframework.beans.factory.support.AbstractAutowireCapableBeanFactory.doCreateBean(AbstractAutowireCapableBeanFactory.java:569)
	at org.springframework.beans.factory.support.AbstractAutowireCapableBeanFactory.createBean(AbstractAutowireCapableBeanFactory.java:529)
	at org.springframework.beans.factory.support.AbstractBeanFactory.lambda$doGetBean$0(AbstractBeanFactory.java:339)
	at org.springframework.beans.factory.support.DefaultSingletonBeanRegistry.getSingleton(DefaultSingletonBeanRegistry.java:373)
	at org.springframework.beans.factory.support.AbstractBeanFactory.doGetBean(AbstractBeanFactory.java:337)
	at org.springframework.beans.factory.support.AbstractBeanFactory.getBean(AbstractBeanFactory.java:202)
	at org.springframework.beans.factory.config.DependencyDescriptor.resolveCandidate(DependencyDescriptor.java:254)
	at org.springframework.beans.factory.support.DefaultListableBeanFactory.doResolveDependency(DefaultListableBeanFactory.java:1777)
	at org.springframework.beans.factory.support.DefaultListableBeanFactory.resolveDependency(DefaultListableBeanFactory.java:1660)
	at org.springframework.beans.factory.support.ConstructorResolver.resolveAutowiredArgument(ConstructorResolver.java:913)
	at org.springframework.beans.factory.support.ConstructorResolver.createArgumentArray(ConstructorResolver.java:791)
	... 53 more
Caused by: org.springframework.beans.factory.BeanCreationException: Error creating bean with name 'flywayInitializer' defined in class path resource [org/springframework/boot/autoconfigure/flyway/FlywayAutoConfiguration$FlywayConfiguration.class]: Validate failed: Migrations have failed validation
Detected failed migration to version 25 (verified workspace mount).
Please remove any half-completed changes then run repair to fix the schema history.
Need more flexibility with validation rules? Learn more: https://rd.gt/3AbJUZE
	at org.springframework.beans.factory.support.AbstractAutowireCapableBeanFactory.initializeBean(AbstractAutowireCapableBeanFactory.java:1824)
	at org.springframework.beans.factory.support.AbstractAutowireCapableBeanFactory.doCreateBean(AbstractAutowireCapableBeanFactory.java:607)
	at org.springframework.beans.factory.support.AbstractAutowireCapableBeanFactory.createBean(AbstractAutowireCapableBeanFactory.java:529)
	at org.springframework.beans.factory.support.AbstractBeanFactory.lambda$doGetBean$0(AbstractBeanFactory.java:339)
	at org.springframework.beans.factory.support.DefaultSingletonBeanRegistry.getSingleton(DefaultSingletonBeanRegistry.java:373)
	at org.springframework.beans.factory.support.AbstractBeanFactory.doGetBean(AbstractBeanFactory.java:337)
	at org.springframework.beans.factory.support.AbstractBeanFactory.getBean(AbstractBeanFactory.java:202)
	at org.springframework.beans.factory.support.AbstractBeanFactory.doGetBean(AbstractBeanFactory.java:315)
	at org.springframework.beans.factory.support.AbstractBeanFactory.getBean(AbstractBeanFactory.java:202)
	at org.springframework.beans.factory.config.DependencyDescriptor.resolveCandidate(DependencyDescriptor.java:254)
	at org.springframework.beans.factory.support.DefaultListableBeanFactory.doResolveDependency(DefaultListableBeanFactory.java:1777)
	at org.springframework.beans.factory.support.DefaultListableBeanFactory.resolveDependency(DefaultListableBeanFactory.java:1660)
	at org.springframework.beans.factory.support.ConstructorResolver.resolveAutowiredArgument(ConstructorResolver.java:913)
	at org.springframework.beans.factory.support.ConstructorResolver.createArgumentArray(ConstructorResolver.java:791)
	... 67 more
Caused by: org.flywaydb.core.api.exception.FlywayValidateException: Validate failed: Migrations have failed validation
Detected failed migration to version 25 (verified workspace mount).
Please remove any half-completed changes then run repair to fix the schema history.
Need more flexibility with validation rules? Learn more: https://rd.gt/3AbJUZE
	at org.flywaydb.core.Flyway.lambda$migrate$1(Flyway.java:201)
	at org.flywaydb.core.FlywayExecutor.execute(FlywayExecutor.java:210)
	at org.flywaydb.core.Flyway.migrate(Flyway.java:188)
	at org.springframework.boot.autoconfigure.flyway.FlywayMigrationInitializer.afterPropertiesSet(FlywayMigrationInitializer.java:66)
	at org.springframework.beans.factory.support.AbstractAutowireCapableBeanFactory.invokeInitMethods(AbstractAutowireCapableBeanFactory.java:1871)
	at org.springframework.beans.factory.support.AbstractAutowireCapableBeanFactory.initializeBean(AbstractAutowireCapableBeanFactory.java:1820)
	... 80 more

[INFO] Running com.alibaba.qwen.code.managedagent.service.HostedWorkspaceRecoveryWorkerIT
2026-10-01T05:09:11.065Z  INFO 53324 --- [qwen-managed-agent-server] [           main] t.c.s.AnnotationConfigContextLoaderUtils : Could not detect default configuration classes for test class [com.alibaba.qwen.code.managedagent.service.HostedWorkspaceRecoveryWorkerIT]: HostedWorkspaceRecoveryWorkerIT does not declare any static, non-private, non-final, nested classes annotated with @Configuration.
2026-10-01T05:09:11.109Z  INFO 53324 --- [qwen-managed-agent-server] [           main] .b.t.c.SpringBootTestContextBootstrapper : Found @SpringBootConfiguration com.alibaba.qwen.code.managedagent.ManagedAgentServerApplication for test class com.alibaba.qwen.code.managedagent.service.HostedWorkspaceRecoveryWorkerIT

  .   ____          _            __ _ _
 /\\ / ___'_ __ _ _(_)_ __  __ _ \ \ \ \
( ( )\___ | '_ | '_| | '_ \/ _` | \ \ \ \
 \\/  ___)| |_)| | | | | || (_| |  ) ) ) )
  '  |____| .__|_| |_|_| |_\__, | / / / /
 =========|_|==============|___/=/_/_/_/

 :: Spring Boot ::               (v3.5.16)

2026-10-01T05:09:11.174Z  INFO 53324 --- [qwen-managed-agent-server] [           main] .q.c.m.s.HostedWorkspaceRecoveryWorkerIT : Starting HostedWorkspaceRecoveryWorkerIT using Java 21.0.12 with PID 53324 (started by wenshao in /rig/wt/packages/sdk-java/managed-agent-server)
2026-10-01T05:09:11.175Z  INFO 53324 --- [qwen-managed-agent-server] [           main] .q.c.m.s.HostedWorkspaceRecoveryWorkerIT : No active profile set, falling back to 1 default profile: "default"
2026-10-01T05:09:11.510Z  INFO 53324 --- [qwen-managed-agent-server] [           main] com.zaxxer.hikari.HikariDataSource       : HikariPool-3 - Starting...
2026-10-01T05:09:11.796Z  INFO 53324 --- [qwen-managed-agent-server] [           main] com.zaxxer.hikari.pool.HikariPool        : HikariPool-3 - Added connection conn0: url=jdbc:h2:mem:workspace-recovery-worker user=SA
2026-10-01T05:09:11.796Z  INFO 53324 --- [qwen-managed-agent-server] [           main] com.zaxxer.hikari.HikariDataSource       : HikariPool-3 - Start completed.
2026-10-01T05:09:11.825Z  INFO 53324 --- [qwen-managed-agent-server] [           main] org.flywaydb.core.FlywayExecutor         : Database: jdbc:h2:mem:workspace-recovery-worker (H2 2.3)
2026-10-01T05:09:11.984Z  INFO 53324 --- [qwen-managed-agent-server] [           main] o.f.c.i.s.JdbcTableSchemaHistory         : Schema history table "public"."flyway_schema_history" does not exist yet
2026-10-01T05:09:11.985Z  INFO 53324 --- [qwen-managed-agent-server] [           main] o.f.core.internal.command.DbValidate     : Successfully validated 25 migrations (execution time 00:00.008s)
2026-10-01T05:09:11.987Z  INFO 53324 --- [qwen-managed-agent-server] [           main] o.f.c.i.s.JdbcTableSchemaHistory         : Creating Schema History table "public"."flyway_schema_history" ...
2026-10-01T05:09:11.998Z  INFO 53324 --- [qwen-managed-agent-server] [           main] o.f.core.internal.command.DbMigrate      : Current version of schema "public": << Empty Schema >>
2026-10-01T05:09:12.000Z  INFO 53324 --- [qwen-managed-agent-server] [           main] o.f.core.internal.command.DbMigrate      : Migrating schema "public" to version "1 - managed agent core"
2026-10-01T05:09:12.100Z  INFO 53324 --- [qwen-managed-agent-server] [           main] o.f.core.internal.command.DbMigrate      : Migrating schema "public" to version "2 - managed agent projection"
2026-10-01T05:09:12.109Z  INFO 53324 --- [qwen-managed-agent-server] [           main] o.f.core.internal.command.DbMigrate      : Migrating schema "public" to version "3 - runtime broker"
2026-10-01T05:09:12.116Z  INFO 53324 --- [qwen-managed-agent-server] [           main] o.f.core.internal.command.DbMigrate      : Migrating schema "public" to version "4 - managed session store"
2026-10-01T05:09:12.162Z  INFO 53324 --- [qwen-managed-agent-server] [           main] o.f.core.internal.command.DbMigrate      : Migrating schema "public" to version "5 - managed session lifecycle"
2026-10-01T05:09:12.186Z  INFO 53324 --- [qwen-managed-agent-server] [           main] o.f.core.internal.command.DbMigrate      : Migrating schema "public" to version "6 - managed turn retry"
2026-10-01T05:09:12.193Z  INFO 53324 --- [qwen-managed-agent-server] [           main] o.f.core.internal.command.DbMigrate      : Migrating schema "public" to version "7 - managed workspace binding"
2026-10-01T05:09:12.304Z  INFO 53324 --- [qwen-managed-agent-server] [           main] o.f.core.internal.command.DbMigrate      : Migrating schema "public" to version "8 - managed workspace registry"
2026-10-01T05:09:12.324Z  INFO 53324 --- [qwen-managed-agent-server] [           main] o.f.core.internal.command.DbMigrate      : Migrating schema "public" to version "9 - managed workspace creation command"
2026-10-01T05:09:12.340Z  INFO 53324 --- [qwen-managed-agent-server] [           main] o.f.core.internal.command.DbMigrate      : Migrating schema "public" to version "10 - managed runtime context"
2026-10-01T05:09:12.361Z  INFO 53324 --- [qwen-managed-agent-server] [           main] o.f.core.internal.command.DbMigrate      : Migrating schema "public" to version "11 - workspace execution"
2026-10-01T05:09:12.368Z  INFO 53324 --- [qwen-managed-agent-server] [           main] o.f.core.internal.command.DbMigrate      : Migrating schema "public" to version "12 - runtime broker schema alignment"
2026-10-01T05:09:12.390Z  INFO 53324 --- [qwen-managed-agent-server] [           main] o.f.core.internal.command.DbMigrate      : Migrating schema "public" to version "13 - managed session agent revision"
2026-10-01T05:09:12.394Z  INFO 53324 --- [qwen-managed-agent-server] [           main] o.f.core.internal.command.DbMigrate      : Migrating schema "public" to version "14 - managed event replay"
2026-10-01T05:09:12.404Z  INFO 53324 --- [qwen-managed-agent-server] [           main] o.f.core.internal.command.DbMigrate      : Migrating schema "public" to version "15 - managed event identity"
2026-10-01T05:09:12.407Z  INFO 53324 --- [qwen-managed-agent-server] [           main] o.f.core.internal.command.DbMigrate      : Migrating schema "public" to version "16 - runtime loss evidence"
2026-10-01T05:09:12.416Z  INFO 53324 --- [qwen-managed-agent-server] [           main] o.f.core.internal.command.DbMigrate      : Migrating schema "public" to version "17 - managed session operation"
2026-10-01T05:09:12.437Z  INFO 53324 --- [qwen-managed-agent-server] [           main] o.f.core.internal.command.DbMigrate      : Migrating schema "public" to version "18 - managed extension record"
2026-10-01T05:09:12.439Z  INFO 53324 --- [qwen-managed-agent-server] [           main] o.f.core.internal.command.DbMigrate      : Migrating schema "public" to version "19 - workspace operator recovery"
2026-10-01T05:09:12.448Z  INFO 53324 --- [qwen-managed-agent-server] [           main] o.f.core.internal.command.DbMigrate      : Migrating schema "public" to version "20 - managed tool publication"
2026-10-01T05:09:12.455Z  INFO 53324 --- [qwen-managed-agent-server] [           main] o.f.core.internal.command.DbMigrate      : Migrating schema "public" to version "21 - managed tool publication objects"
2026-10-01T05:09:12.560Z  INFO 53324 --- [qwen-managed-agent-server] [           main] o.f.core.internal.command.DbMigrate      : Migrating schema "public" to version "22 - managed tool publication recovery"
2026-10-01T05:09:12.569Z  INFO 53324 --- [qwen-managed-agent-server] [           main] o.f.core.internal.command.DbMigrate      : Migrating schema "public" to version "23 - managed mcp records"
2026-10-01T05:09:12.586Z  INFO 53324 --- [qwen-managed-agent-server] [           main] o.f.core.internal.command.DbMigrate      : Migrating schema "public" to version "24 - managed actions"
2026-10-01T05:09:12.599Z  INFO 53324 --- [qwen-managed-agent-server] [           main] o.f.core.internal.command.DbMigrate      : Migrating schema "public" to version "25 - verified workspace mount"
2026-10-01T05:09:12.651Z  INFO 53324 --- [qwen-managed-agent-server] [           main] o.f.core.internal.command.DbMigrate      : Successfully applied 25 migrations to schema "public", now at version v25 (execution time 00:00.503s)
2026-10-01T05:09:13.498Z  INFO 53324 --- [qwen-managed-agent-server] [           main] o.s.b.a.e.web.EndpointLinksResolver      : Exposing 2 endpoints beneath base path '/actuator'
2026-10-01T05:09:13.580Z  INFO 53324 --- [qwen-managed-agent-server] [           main] .q.c.m.s.HostedWorkspaceRecoveryWorkerIT : Started HostedWorkspaceRecoveryWorkerIT in 2.436 seconds (process running for 213.409)
Mockito is currently self-attaching to enable the inline-mock-maker. This will no longer work in future releases of the JDK. Please add Mockito as an agent to your build as described in Mockito's documentation: https://javadoc.io/doc/org.mockito/mockito-core/latest/org.mockito/org/mockito/Mockito.html#0.3
OpenJDK 64-Bit Server VM warning: Sharing is only supported for boot loader classes because bootstrap classpath has been appended
WARNING: A Java agent has been loaded dynamically (/rig/m2-head4/net/bytebuddy/byte-buddy-agent/1.17.8/byte-buddy-agent-1.17.8.jar)
WARNING: If a serviceability tool is in use, please run with -XX:+EnableDynamicAgentLoading to hide this warning
WARNING: If a serviceability tool is not in use, please run with -Djdk.instrument.traceUsage for more information
WARNING: Dynamic loading of agents will be disallowed by default in a future release
[INFO] Tests run: 1, Failures: 0, Errors: 0, Skipped: 0, Time elapsed: 4.778 s -- in com.alibaba.qwen.code.managedagent.service.HostedWorkspaceRecoveryWorkerIT
[INFO] Running com.alibaba.qwen.code.managedagent.store.HostedWorkspaceStorageGuardMySqlIT
[WARNING] Tests run: 1, Failures: 0, Errors: 0, Skipped: 1, Time elapsed: 0 s -- in com.alibaba.qwen.code.managedagent.store.HostedWorkspaceStorageGuardMySqlIT
[INFO] Running com.alibaba.qwen.code.managedagent.store.HostedWorkspaceConcurrencyIT
[ERROR] Tests run: 1, Failures: 1, Errors: 0, Skipped: 0, Time elapsed: 0.034 s <<< FAILURE! -- in com.alibaba.qwen.code.managedagent.store.HostedWorkspaceConcurrencyIT
[ERROR] com.alibaba.qwen.code.managedagent.store.HostedWorkspaceConcurrencyIT.twoBrokerProcessesSerializeFenceClaimDispatchAndStaleCleanup -- Time elapsed: 0.034 s <<< FAILURE!
org.opentest4j.AssertionFailedError: 
[MySQL acceptance requires physical Linux identity] 
Expecting value to be true but was false
	at com.alibaba.qwen.code.managedagent.store.HostedWorkspaceConcurrencyIT.twoBrokerProcessesSerializeFenceClaimDispatchAndStaleCleanup(HostedWorkspaceConcurrencyIT.java:75)
	at java.base/java.lang.reflect.Method.invoke(Method.java:580)
	at java.base/java.util.ArrayList.forEach(ArrayList.java:1596)
	at java.base/java.util.ArrayList.forEach(ArrayList.java:1596)

[INFO] 
[INFO] Results:
[INFO] 
[ERROR] Failures: 
[ERROR]   HostedProcessCrashIT.processCrashesNeverReplayHostedToolsOnMySql:63->await:388 [Spring readiness] 
Expecting actual:
  471580440724916L
to be less than:
  471580416415958L 
[ERROR]   HostedWorkspaceConcurrencyIT.twoBrokerProcessesSerializeFenceClaimDispatchAndStaleCleanup:75 [MySQL acceptance requires physical Linux identity] 
Expecting value to be true but was false
[ERROR] Errors: 
[ERROR]   HostedPublicWorkspaceIT.ownerAnswersHostedApprovalsThroughBothSurfaces:75->runFiles:96->startSpring:240 » UnsatisfiedDependency Error creating bean with name 'managedActionController' defined in file [/rig/wt/packages/sdk-java/managed-agent-server/target/classes/com/alibaba/qwen/code/managedagent/api/ManagedActionController.class]: Unsatisfied dependency expressed through constructor parameter 0: Error creating bean with name 'managedActionService' defined in file [/rig/wt/packages/sdk-java/managed-agent-server/target/classes/com/alibaba/qwen/code/managedagent/service/ManagedActionService.class]: Unsatisfied dependency expressed through constructor parameter 0: Error creating bean with name 'managedAgentService' defined in file [/rig/wt/packages/sdk-java/managed-agent-server/target/classes/com/alibaba/qwen/code/managedagent/service/ManagedAgentService.class]: Unsatisfied dependency expressed through constructor parameter 0: Error creating bean with name 'managedAgentStore' defined in file [/rig/wt/packages/sdk-java/managed-agent-server/target/classes/com/alibaba/qwen/code/managedagent/store/ManagedAgentStore.class]: Unsatisfied dependency expressed through constructor parameter 0: Error creating bean with name 'flywayInitializer' defined in class path resource [org/springframework/boot/autoconfigure/flyway/FlywayAutoConfiguration$FlywayConfiguration.class]: Script V25__verified_workspace_mount.sql failed
-----------------------------------------------
SQL State  : 42S21
Error Code : 1060
Message    : Duplicate column name 'tenant_id'
Location   : db/migration/V25__verified_workspace_mount.sql (/rig/wt/packages/sdk-java/managed-agent-server/target/classes/db/migration/V25__verified_workspace_mount.sql)
Line       : 1
Statement  : Run Flyway with -X option to see the actual statement causing the problem

[ERROR]   HostedPublicWorkspaceIT.publicCreationRunsFilesThroughProductionWorkspaceBinding:68->runFiles:96->startSpring:240 » UnsatisfiedDependency Error creating bean with name 'managedActionController' defined in file [/rig/wt/packages/sdk-java/managed-agent-server/target/classes/com/alibaba/qwen/code/managedagent/api/ManagedActionController.class]: Unsatisfied dependency expressed through constructor parameter 0: Error creating bean with name 'managedActionService' defined in file [/rig/wt/packages/sdk-java/managed-agent-server/target/classes/com/alibaba/qwen/code/managedagent/service/ManagedActionService.class]: Unsatisfied dependency expressed through constructor parameter 0: Error creating bean with name 'managedAgentService' defined in file [/rig/wt/packages/sdk-java/managed-agent-server/target/classes/com/alibaba/qwen/code/managedagent/service/ManagedAgentService.class]: Unsatisfied dependency expressed through constructor parameter 0: Error creating bean with name 'managedAgentStore' defined in file [/rig/wt/packages/sdk-java/managed-agent-server/target/classes/com/alibaba/qwen/code/managedagent/store/ManagedAgentStore.class]: Unsatisfied dependency expressed through constructor parameter 0: Error creating bean with name 'flywayInitializer' defined in class path resource [org/springframework/boot/autoconfigure/flyway/FlywayAutoConfiguration$FlywayConfiguration.class]: Validate failed: Migrations have failed validation
Detected failed migration to version 25 (verified workspace mount).
Please remove any half-completed changes then run repair to fix the schema history.
Need more flexibility with validation rules? Learn more: https://rd.gt/3AbJUZE
[INFO] 
[ERROR] Tests run: 14, Failures: 2, Errors: 2, Skipped: 1
[INFO] 
[INFO] 
[INFO] --- checkstyle:3.6.0:check (default) @ qwen-managed-agent-server ---
[INFO] 
[INFO] --- failsafe:3.5.6:verify (default) @ qwen-managed-agent-server ---
[INFO] ------------------------------------------------------------------------
[INFO] BUILD FAILURE
[INFO] ------------------------------------------------------------------------
[INFO] Total time:  03:47 min
[INFO] Finished at: 2026-10-01T05:09:17Z
[INFO] ------------------------------------------------------------------------
[ERROR] Failed to execute goal org.apache.maven.plugins:maven-failsafe-plugin:3.5.6:verify (default) on project qwen-managed-agent-server: There are test failures.
[ERROR] 
[ERROR] See /rig/wt/packages/sdk-java/managed-agent-server/target/failsafe-reports for the individual test results.
[ERROR] See dump files (if any exist) [date].dump, [date]-jvmRun[N].dump and [date].dumpstream.
[ERROR] -> [Help 1]
[ERROR] 
[ERROR] To see the full stack trace of the errors, re-run Maven with the -e switch.
[ERROR] Re-run Maven using the -X switch to enable full debug logging.
[ERROR] 
[ERROR] For more information about the errors and possible solutions, please read the following articles:
[ERROR] [Help 1] http://cwiki.apache.org/confluence/display/MAVEN/MojoFailureException
