Error: Spring Managed Agent Server exited early
pleted.
2026-10-02T09:36:35.553+08:00  INFO 9580 --- [qwen-managed-agent-server] [           main] org.flywaydb.core.FlywayExecutor         : Database: jdbc:mysql://127.0.0.1:49318/qwen_managed_agent?useSSL=false&allowPublicKeyRetrieval=true (MySQL 8.4)
2026-10-02T09:36:35.566+08:00  WARN 9580 --- [qwen-managed-agent-server] [           main] o.f.c.internal.database.base.Database    : Flyway upgrade recommended: MySQL 8.4 is newer than this version of Flyway and support has not been tested. The latest supported version of MySQL is 8.1.
2026-10-02T09:36:35.592+08:00  INFO 9580 --- [qwen-managed-agent-server] [           main] o.f.c.i.s.JdbcTableSchemaHistory         : Schema history table `qwen_managed_agent`.`flyway_schema_history` does not exist yet
2026-10-02T09:36:35.595+08:00  INFO 9580 --- [qwen-managed-agent-server] [           main] o.f.core.internal.command.DbValidate     : Successfully validated 26 migrations (execution time 00:00.020s)
2026-10-02T09:36:35.609+08:00  INFO 9580 --- [qwen-managed-agent-server] [           main] o.f.c.i.s.JdbcTableSchemaHistory         : Creating Schema History table `qwen_managed_agent`.`flyway_schema_history` ...
2026-10-02T09:36:35.647+08:00  INFO 9580 --- [qwen-managed-agent-server] [           main] o.f.core.internal.command.DbMigrate      : Current version of schema `qwen_managed_agent`: << Empty Schema >>
2026-10-02T09:36:35.658+08:00  INFO 9580 --- [qwen-managed-agent-server] [           main] o.f.core.internal.command.DbMigrate      : Migrating schema `qwen_managed_agent` to version "1 - managed agent core"
2026-10-02T09:36:35.712+08:00  INFO 9580 --- [qwen-managed-agent-server] [           main] o.f.core.internal.command.DbMigrate      : Migrating schema `qwen_managed_agent` to version "2 - managed agent projection"
2026-10-02T09:36:35.754+08:00  INFO 9580 --- [qwen-managed-agent-server] [           main] o.f.core.internal.command.DbMigrate      : Migrating schema `qwen_managed_agent` to version "3 - runtime broker"
2026-10-02T09:36:35.825+08:00  INFO 9580 --- [qwen-managed-agent-server] [           main] o.f.core.internal.command.DbMigrate      : Migrating schema `qwen_managed_agent` to version "4 - managed session store"
2026-10-02T09:36:35.860+08:00  INFO 9580 --- [qwen-managed-agent-server] [           main] o.f.core.internal.command.DbMigrate      : Migrating schema `qwen_managed_agent` to version "5 - managed session lifecycle"
2026-10-02T09:36:35.917+08:00  INFO 9580 --- [qwen-managed-agent-server] [           main] o.f.core.internal.command.DbMigrate      : Migrating schema `qwen_managed_agent` to version "6 - managed turn retry"
2026-10-02T09:36:35.945+08:00  INFO 9580 --- [qwen-managed-agent-server] [           main] o.f.core.internal.command.DbMigrate      : Migrating schema `qwen_managed_agent` to version "7 - managed workspace binding"
2026-10-02T09:36:36.075+08:00  INFO 9580 --- [qwen-managed-agent-server] [           main] o.f.core.internal.command.DbMigrate      : Migrating schema `qwen_managed_agent` to version "8 - managed workspace registry"
2026-10-02T09:36:36.103+08:00  INFO 9580 --- [qwen-managed-agent-server] [           main] o.f.core.internal.command.DbMigrate      : Migrating schema `qwen_managed_agent` to version "9 - managed workspace creation command"
2026-10-02T09:36:36.150+08:00  INFO 9580 --- [qwen-managed-agent-server] [           main] o.f.core.internal.command.DbMigrate      : Migrating schema `qwen_managed_agent` to version "10 - managed runtime context"
2026-10-02T09:36:36.226+08:00  INFO 9580 --- [qwen-managed-agent-server] [           main] o.f.core.internal.command.DbMigrate      : Migrating schema `qwen_managed_agent` to version "11 - workspace execution"
2026-10-02T09:36:36.275+08:00  INFO 9580 --- [qwen-managed-agent-server] [           main] o.f.core.internal.command.DbMigrate      : Migrating schema `qwen_managed_agent` to version "12 - runtime broker schema alignment"
2026-10-02T09:36:36.390+08:00  INFO 9580 --- [qwen-managed-agent-server] [           main] o.f.core.internal.command.DbMigrate      : Migrating schema `qwen_managed_agent` to version "13 - managed session agent revision"
2026-10-02T09:36:36.419+08:00  INFO 9580 --- [qwen-managed-agent-server] [           main] o.f.core.internal.command.DbMigrate      : Migrating schema `qwen_managed_agent` to version "14 - managed event replay"
2026-10-02T09:36:36.477+08:00  INFO 9580 --- [qwen-managed-agent-server] [           main] o.f.core.internal.command.DbMigrate      : Migrating schema `qwen_managed_agent` to version "15 - managed event identity"
2026-10-02T09:36:36.489+08:00  INFO 9580 --- [qwen-managed-agent-server] [           main] o.f.core.internal.command.DbMigrate      : Migrating schema `qwen_managed_agent` to version "16 - runtime loss evidence"
2026-10-02T09:36:36.545+08:00  INFO 9580 --- [qwen-managed-agent-server] [           main] o.f.core.internal.command.DbMigrate      : Migrating schema `qwen_managed_agent` to version "17 - managed session operation"
2026-10-02T09:36:36.578+08:00  INFO 9580 --- [qwen-managed-agent-server] [           main] o.f.core.internal.command.DbMigrate      : Migrating schema `qwen_managed_agent` to version "18 - managed extension record"
2026-10-02T09:36:36.606+08:00  INFO 9580 --- [qwen-managed-agent-server] [           main] o.f.core.internal.command.DbMigrate      : Migrating schema `qwen_managed_agent` to version "19 - workspace operator recovery"
2026-10-02T09:36:36.626+08:00  INFO 9580 --- [qwen-managed-agent-server] [           main] o.f.core.internal.command.DbMigrate      : Migrating schema `qwen_managed_agent` to version "20 - managed tool publication"
2026-10-02T09:36:36.669+08:00  INFO 9580 --- [qwen-managed-agent-server] [           main] o.f.core.internal.command.DbMigrate      : Migrating schema `qwen_managed_agent` to version "21 - managed tool publication objects"
2026-10-02T09:36:36.860+08:00  INFO 9580 --- [qwen-managed-agent-server] [           main] o.f.core.internal.command.DbMigrate      : Migrating schema `qwen_managed_agent` to version "22 - managed tool publication recovery"
2026-10-02T09:36:36.876+08:00  INFO 9580 --- [qwen-managed-agent-server] [           main] o.f.core.internal.command.DbMigrate      : Migrating schema `qwen_managed_agent` to version "23 - managed mcp records"
2026-10-02T09:36:36.902+08:00  INFO 9580 --- [qwen-managed-agent-server] [           main] o.f.core.internal.command.DbMigrate      : Migrating schema `qwen_managed_agent` to version "24 - managed actions"
2026-10-02T09:36:37.003+08:00  INFO 9580 --- [qwen-managed-agent-server] [           main] o.f.core.internal.command.DbMigrate      : Migrating schema `qwen_managed_agent` to version "25 - verified workspace mount"
2026-10-02T09:36:37.108+08:00  INFO 9580 --- [qwen-managed-agent-server] [           main] o.f.core.internal.command.DbMigrate      : Migrating schema `qwen_managed_agent` to version "26 - managed tool result projection"
2026-10-02T09:36:37.232+08:00  INFO 9580 --- [qwen-managed-agent-server] [           main] o.f.core.internal.command.DbMigrate      : Successfully applied 26 migrations to schema `qwen_managed_agent`, now at version v26 (execution time 00:01.223s)
2026-10-02T09:36:37.441+08:00  WARN 9580 --- [qwen-managed-agent-server] [           main] ConfigServletWebServerApplicationContext : Exception encountered during context initialization - cancelling refresh attempt: org.springframework.beans.factory.UnsatisfiedDependencyException: Error creating bean with name 'managedActionController' defined in URL [jar:nested:/Users/wenshao/pr13174-rig/wt/packages/sdk-java/managed-agent-server/target/qwen-managed-agent-server-0.1.0-alpha.jar/!BOOT-INF/classes/!/com/alibaba/qwen/code/managedagent/api/ManagedActionController.class]: Unsatisfied dependency expressed through constructor parameter 0: Error creating bean with name 'managedActionService' defined in URL [jar:nested:/Users/wenshao/pr13174-rig/wt/packages/sdk-java/managed-agent-server/target/qwen-managed-agent-server-0.1.0-alpha.jar/!BOOT-INF/classes/!/com/alibaba/qwen/code/managedagent/service/ManagedActionService.class]: Unsatisfied dependency expressed through constructor parameter 0: Error creating bean with name 'managedAgentService' defined in URL [jar:nested:/Users/wenshao/pr13174-rig/wt/packages/sdk-java/managed-agent-server/target/qwen-managed-agent-server-0.1.0-alpha.jar/!BOOT-INF/classes/!/com/alibaba/qwen/code/managedagent/service/ManagedAgentService.class]: Unsatisfied dependency expressed through constructor parameter 2: Error creating bean with name 'harnessCoordinator' defined in URL [jar:nested:/Users/wenshao/pr13174-rig/wt/packages/sdk-java/managed-agent-server/target/qwen-managed-agent-server-0.1.0-alpha.jar/!BOOT-INF/classes/!/com/alibaba/qwen/code/managedagent/service/HarnessCoordinator.class]: Unsatisfied dependency expressed through constructor parameter 3: Error creating bean with name 'embeddedRuntimeBroker' defined in class path resource [com/alibaba/qwen/code/managedagent/config/RuntimeBrokerConfiguration.class]: Failed to instantiate [com.alibaba.qwen.code.managedagent.service.EmbeddedRuntimeBroker]: Factory method 'embeddedRuntimeBroker' threw exception with message: Trusted Linux host/boot identity is unavailable
2026-10-02T09:36:37.441+08:00  INFO 9580 --- [qwen-managed-agent-server] [           main] com.zaxxer.hikari.HikariDataSource       : HikariPool-1 - Shutdown initiated...
2026-10-02T09:36:37.448+08:00  INFO 9580 --- [qwen-managed-agent-server] [           main] com.zaxxer.hikari.HikariDataSource       : HikariPool-1 - Shutdown completed.
2026-10-02T09:36:37.451+08:00  INFO 9580 --- [qwen-managed-agent-server] [           main] o.apache.catalina.core.StandardService   : Stopping service [Tomcat]
2026-10-02T09:36:37.467+08:00  INFO 9580 --- [qwen-managed-agent-server] [           main] .s.b.a.l.ConditionEvaluationReportLogger : 

Error starting ApplicationContext. To display the condition evaluation report re-run your application with 'debug' enabled.
2026-10-02T09:36:37.490+08:00 ERROR 9580 --- [qwen-managed-agent-server] [           main] o.s.boot.SpringApplication               : Application run failed

org.springframework.beans.factory.UnsatisfiedDependencyException: Error creating bean with name 'managedActionController' defined in URL [jar:nested:/Users/wenshao/pr13174-rig/wt/packages/sdk-java/managed-agent-server/target/qwen-managed-agent-server-0.1.0-alpha.jar/!BOOT-INF/classes/!/com/alibaba/qwen/code/managedagent/api/ManagedActionController.class]: Unsatisfied dependency expressed through constructor parameter 0: Error creating bean with name 'managedActionService' defined in URL [jar:nested:/Users/wenshao/pr13174-rig/wt/packages/sdk-java/managed-agent-server/target/qwen-managed-agent-server-0.1.0-alpha.jar/!BOOT-INF/classes/!/com/alibaba/qwen/code/managedagent/service/ManagedActionService.class]: Unsatisfied dependency expressed through constructor parameter 0: Error creating bean with name 'managedAgentService' defined in URL [jar:nested:/Users/wenshao/pr13174-rig/wt/packages/sdk-java/managed-agent-server/target/qwen-managed-agent-server-0.1.0-alpha.jar/!BOOT-INF/classes/!/com/alibaba/qwen/code/managedagent/service/ManagedAgentService.class]: Unsatisfied dependency expressed through constructor parameter 2: Error creating bean with name 'harnessCoordinator' defined in URL [jar:nested:/Users/wenshao/pr13174-rig/wt/packages/sdk-java/managed-agent-server/target/qwen-managed-agent-server-0.1.0-alpha.jar/!BOOT-INF/classes/!/com/alibaba/qwen/code/managedagent/service/HarnessCoordinator.class]: Unsatisfied dependency expressed through constructor parameter 3: Error creating bean with name 'embeddedRuntimeBroker' defined in class path resource [com/alibaba/qwen/code/managedagent/config/RuntimeBrokerConfiguration.class]: Failed to instantiate [com.alibaba.qwen.code.managedagent.service.EmbeddedRuntimeBroker]: Factory method 'embeddedRuntimeBroker' threw exception with message: Trusted Linux host/boot identity is unavailable
	at org.springframework.beans.factory.support.ConstructorResolver.createArgumentArray(ConstructorResolver.java:804) ~[spring-beans-6.2.19.jar!/:6.2.19]
	at org.springframework.beans.factory.support.ConstructorResolver.autowireConstructor(ConstructorResolver.java:240) ~[spring-beans-6.2.19.jar!/:6.2.19]
	at org.springframework.beans.factory.support.AbstractAutowireCapableBeanFactory.autowireConstructor(AbstractAutowireCapableBeanFactory.java:1393) ~[spring-beans-6.2.19.jar!/:6.2.19]
	at org.springframework.beans.factory.support.AbstractAutowireCapableBeanFactory.createBeanInstance(AbstractAutowireCapableBeanFactory.java:1230) ~[spring-beans-6.2.19.jar!/:6.2.19]
	at org.springframework.beans.factory.support.AbstractAutowireCapableBeanFactory.doCreateBean(AbstractAutowireCapableBeanFactory.java:569) ~[spring-beans-6.2.19.jar!/:6.2.19]
	at org.springframework.beans.factory.support.AbstractAutowireCapableBeanFactory.createBean(AbstractAutowireCapableBeanFactory.java:529) ~[spring-beans-6.2.19.jar!/:6.2.19]
	at org.springframework.beans.factory.support.AbstractBeanFactory.lambda$doGetBean$0(AbstractBeanFactory.java:339) ~[spring-beans-6.2.19.jar!/:6.2.19]
	at org.springframework.beans.factory.support.DefaultSingletonBeanRegistry.getSingleton(DefaultSingletonBeanRegistry.java:373) ~[spring-beans-6.2.19.jar!/:6.2.19]
	at org.springframework.beans.factory.support.AbstractBeanFactory.doGetBean(AbstractBeanFactory.java:337) ~[spring-beans-6.2.19.jar!/:6.2.19]
	at org.springframework.beans.factory.support.AbstractBeanFactory.getBean(AbstractBeanFactory.java:202) ~[spring-beans-6.2.19.jar!/:6.2.19]
	at org.springframework.beans.factory.support.DefaultListableBeanFactory.instantiateSingleton(DefaultListableBeanFactory.java:1235) ~[spring-beans-6.2.19.jar!/:6.2.19]
	at org.springframework.beans.factory.support.DefaultListableBeanFactory.preInstantiateSingleton(DefaultListableBeanFactory.java:1201) ~[spring-beans-6.2.19.jar!/:6.2.19]
	at org.springframework.beans.factory.support.DefaultListableBeanFactory.preInstantiateSingletons(DefaultListableBeanFactory.java:1130) ~[spring-beans-6.2.19.jar!/:6.2.19]
	at org.springframework.context.support.AbstractApplicationContext.finishBeanFactoryInitialization(AbstractApplicationContext.java:991) ~[spring-context-6.2.19.jar!/:6.2.19]
	at org.springframework.context.support.AbstractApplicationContext.refresh(AbstractApplicationContext.java:628) ~[spring-context-6.2.19.jar!/:6.2.19]
	at org.springframework.boot.web.servlet.context.ServletWebServerApplicationContext.refresh(ServletWebServerApplicationContext.java:146) ~[spring-boot-3.5.16.jar!/:3.5.16]
	at org.springframework.boot.SpringApplication.refresh(SpringApplication.java:752) ~[spring-boot-3.5.16.jar!/:3.5.16]
	at org.springframework.boot.SpringApplication.refreshContext(SpringApplication.java:439) ~[spring-boot-3.5.16.jar!/:3.5.16]
	at org.springframework.boot.SpringApplication.run(SpringApplication.java:318) ~[spring-boot-3.5.16.jar!/:3.5.16]
	at org.springframework.boot.SpringApplication.run(SpringApplication.java:1361) ~[spring-boot-3.5.16.jar!/:3.5.16]
	at org.springframework.boot.SpringApplication.run(SpringApplication.java:1350) ~[spring-boot-3.5.16.jar!/:3.5.16]
	at com.alibaba.qwen.code.managedagent.ManagedAgentServerApplication.main(ManagedAgentServerApplication.java:13) ~[!/:0.1.0-alpha]
	at java.base/jdk.internal.reflect.DirectMethodHandleAccessor.invoke(DirectMethodHandleAccessor.java:103) ~[na:na]
	at java.base/java.lang.reflect.Method.invoke(Method.java:580) ~[na:na]
	at org.springframework.boot.loader.launch.Launcher.launch(Launcher.java:106) ~[qwen-managed-agent-server-0.1.0-alpha.jar:0.1.0-alpha]
	at org.springframework.boot.loader.launch.Launcher.launch(Launcher.java:64) ~[qwen-managed-agent-server-0.1.0-alpha.jar:0.1.0-alpha]
	at org.springframework.boot.loader.launch.JarLauncher.main(JarLauncher.java:40) ~[qwen-managed-agent-server-0.1.0-alpha.jar:0.1.0-alpha]
Caused by: org.springframework.beans.factory.UnsatisfiedDependencyException: Error creating bean with name 'managedActionService' defined in URL [jar:nested:/Users/wenshao/pr13174-rig/wt/packages/sdk-java/managed-agent-server/target/qwen-managed-agent-server-0.1.0-alpha.jar/!BOOT-INF/classes/!/com/alibaba/qwen/code/managedagent/service/ManagedActionService.class]: Unsatisfied dependency expressed through constructor parameter 0: Error creating bean with name 'managedAgentService' defined in URL [jar:nested:/Users/wenshao/pr13174-rig/wt/packages/sdk-java/managed-agent-server/target/qwen-managed-agent-server-0.1.0-alpha.jar/!BOOT-INF/classes/!/com/alibaba/qwen/code/managedagent/service/ManagedAgentService.class]: Unsatisfied dependency expressed through constructor parameter 2: Error creating bean with name 'harnessCoordinator' defined in URL [jar:nested:/Users/wenshao/pr13174-rig/wt/packages/sdk-java/managed-agent-server/target/qwen-managed-agent-server-0.1.0-alpha.jar/!BOOT-INF/classes/!/com/alibaba/qwen/code/managedagent/service/HarnessCoordinator.class]: Unsatisfied dependency expressed through constructor parameter 3: Error creating bean with name 'embeddedRuntimeBroker' defined in class path resource [com/alibaba/qwen/code/managedagent/config/RuntimeBrokerConfiguration.class]: Failed to instantiate [com.alibaba.qwen.code.managedagent.service.EmbeddedRuntimeBroker]: Factory method 'embeddedRuntimeBroker' threw exception with message: Trusted Linux host/boot identity is unavailable
	at org.springframework.beans.factory.support.ConstructorResolver.createArgumentArray(ConstructorResolver.java:804) ~[spring-beans-6.2.19.jar!/:6.2.19]
	at org.springframework.beans.factory.support.ConstructorResolver.autowireConstructor(ConstructorResolver.java:240) ~[spring-beans-6.2.19.jar!/:6.2.19]
	at org.springframework.beans.factory.support.AbstractAutowireCapableBeanFactory.autowireConstructor(AbstractAutowireCapableBeanFactory.java:1393) ~[spring-beans-6.2.19.jar!/:6.2.19]
	at org.springframework.beans.factory.support.AbstractAutowireCapableBeanFactory.createBeanInstance(AbstractAutowireCapableBeanFactory.java:1230) ~[spring-beans-6.2.19.jar!/:6.2.19]
	at org.springframework.beans.factory.support.AbstractAutowireCapableBeanFactory.doCreateBean(AbstractAutowireCapableBeanFactory.java:569) ~[spring-beans-6.2.19.jar!/:6.2.19]
	at org.springframework.beans.factory.support.AbstractAutowireCapableBeanFactory.createBean(AbstractAutowireCapableBeanFactory.java:529) ~[spring-beans-6.2.19.jar!/:6.2.19]
	at org.springframework.beans.factory.support.AbstractBeanFactory.lambda$doGetBean$0(AbstractBeanFactory.java:339) ~[spring-beans-6.2.19.jar!/:6.2.19]
	at org.springframework.beans.factory.support.DefaultSingletonBeanRegistry.getSingleton(DefaultSingletonBeanRegistry.java:373) ~[spring-beans-6.2.19.jar!/:6.2.19]
	at org.springframework.beans.factory.support.AbstractBeanFactory.doGetBean(AbstractBeanFactory.java:337) ~[spring-beans-6.2.19.jar!/:6.2.19]
	at org.springframework.beans.factory.support.AbstractBeanFactory.getBean(AbstractBeanFactory.java:202) ~[spring-beans-6.2.19.jar!/:6.2.19]
	at org.springframework.beans.factory.config.DependencyDescriptor.resolveCandidate(DependencyDescriptor.java:254) ~[spring-beans-6.2.19.jar!/:6.2.19]
	at org.springframework.beans.factory.support.DefaultListableBeanFactory.doResolveDependency(DefaultListableBeanFactory.java:1777) ~[spring-beans-6.2.19.jar!/:6.2.19]
	at org.springframework.beans.factory.support.DefaultListableBeanFactory.resolveDependency(DefaultListableBeanFactory.java:1660) ~[spring-beans-6.2.19.jar!/:6.2.19]
	at org.springframework.beans.factory.support.ConstructorResolver.resolveAutowiredArgument(ConstructorResolver.java:913) ~[spring-beans-6.2.19.jar!/:6.2.19]
	at org.springframework.beans.factory.support.ConstructorResolver.createArgumentArray(ConstructorResolver.java:791) ~[spring-beans-6.2.19.jar!/:6.2.19]
	... 26 common frames omitted
Caused by: org.springframework.beans.factory.UnsatisfiedDependencyException: Error creating bean with name 'managedAgentService' defined in URL [jar:nested:/Users/wenshao/pr13174-rig/wt/packages/sdk-java/managed-agent-server/target/qwen-managed-agent-server-0.1.0-alpha.jar/!BOOT-INF/classes/!/com/alibaba/qwen/code/managedagent/service/ManagedAgentService.class]: Unsatisfied dependency expressed through constructor parameter 2: Error creating bean with name 'harnessCoordinator' defined in URL [jar:nested:/Users/wenshao/pr13174-rig/wt/packages/sdk-java/managed-agent-server/target/qwen-managed-agent-server-0.1.0-alpha.jar/!BOOT-INF/classes/!/com/alibaba/qwen/code/managedagent/service/HarnessCoordinator.class]: Unsatisfied dependency expressed through constructor parameter 3: Error creating bean with name 'embeddedRuntimeBroker' defined in class path resource [com/alibaba/qwen/code/managedagent/config/RuntimeBrokerConfiguration.class]: Failed to instantiate [com.alibaba.qwen.code.managedagent.service.EmbeddedRuntimeBroker]: Factory method 'embeddedRuntimeBroker' threw exception with message: Trusted Linux host/boot identity is unavailable
	at org.springframework.beans.factory.support.ConstructorResolver.createArgumentArray(ConstructorResolver.java:804) ~[spring-beans-6.2.19.jar!/:6.2.19]
	at org.springframework.beans.factory.support.ConstructorResolver.autowireConstructor(ConstructorResolver.java:240) ~[spring-beans-6.2.19.jar!/:6.2.19]
	at org.springframework.beans.factory.support.AbstractAutowireCapableBeanFactory.autowireConstructor(AbstractAutowireCapableBeanFactory.java:1393) ~[spring-beans-6.2.19.jar!/:6.2.19]
	at org.springframework.beans.factory.support.AbstractAutowireCapableBeanFactory.createBeanInstance(AbstractAutowireCapableBeanFactory.java:1230) ~[spring-beans-6.2.19.jar!/:6.2.19]
	at org.springframework.beans.factory.support.AbstractAutowireCapableBeanFactory.doCreateBean(AbstractAutowireCapableBeanFactory.java:569) ~[spring-beans-6.2.19.jar!/:6.2.19]
	at org.springframework.beans.factory.support.AbstractAutowireCapableBeanFactory.createBean(AbstractAutowireCapableBeanFactory.java:529) ~[spring-beans-6.2.19.jar!/:6.2.19]
	at org.springframework.beans.factory.support.AbstractBeanFactory.lambda$doGetBean$0(AbstractBeanFactory.java:339) ~[spring-beans-6.2.19.jar!/:6.2.19]
	at org.springframework.beans.factory.support.DefaultSingletonBeanRegistry.getSingleton(DefaultSingletonBeanRegistry.java:373) ~[spring-beans-6.2.19.jar!/:6.2.19]
	at org.springframework.beans.factory.support.AbstractBeanFactory.doGetBean(AbstractBeanFactory.java:337) ~[spring-beans-6.2.19.jar!/:6.2.19]
	at org.springframework.beans.factory.support.AbstractBeanFactory.getBean(AbstractBeanFactory.java:202) ~[spring-beans-6.2.19.jar!/:6.2.19]
	at org.springframework.beans.factory.config.DependencyDescriptor.resolveCandidate(DependencyDescriptor.java:254) ~[spring-beans-6.2.19.jar!/:6.2.19]
	at org.springframework.beans.factory.support.DefaultListableBeanFactory.doResolveDependency(DefaultListableBeanFactory.java:1777) ~[spring-beans-6.2.19.jar!/:6.2.19]
	at org.springframework.beans.factory.support.DefaultListableBeanFactory.resolveDependency(DefaultListableBeanFactory.java:1660) ~[spring-beans-6.2.19.jar!/:6.2.19]
	at org.springframework.beans.factory.support.ConstructorResolver.resolveAutowiredArgument(ConstructorResolver.java:913) ~[spring-beans-6.2.19.jar!/:6.2.19]
	at org.springframework.beans.factory.support.ConstructorResolver.createArgumentArray(ConstructorResolver.java:791) ~[spring-beans-6.2.19.jar!/:6.2.19]
	... 40 common frames omitted
Caused by: org.springframework.beans.factory.UnsatisfiedDependencyException: Error creating bean with name 'harnessCoordinator' defined in URL [jar:nested:/Users/wenshao/pr13174-rig/wt/packages/sdk-java/managed-agent-server/target/qwen-managed-agent-server-0.1.0-alpha.jar/!BOOT-INF/classes/!/com/alibaba/qwen/code/managedagent/service/HarnessCoordinator.class]: Unsatisfied dependency expressed through constructor parameter 3: Error creating bean with name 'embeddedRuntimeBroker' defined in class path resource [com/alibaba/qwen/code/managedagent/config/RuntimeBrokerConfiguration.class]: Failed to instantiate [com.alibaba.qwen.code.managedagent.service.EmbeddedRuntimeBroker]: Factory method 'embeddedRuntimeBroker' threw exception with message: Trusted Linux host/boot identity is unavailable
	at org.springframework.beans.factory.support.ConstructorResolver.createArgumentArray(ConstructorResolver.java:804) ~[spring-beans-6.2.19.jar!/:6.2.19]
	at org.springframework.beans.factory.support.ConstructorResolver.autowireConstructor(ConstructorResolver.java:240) ~[spring-beans-6.2.19.jar!/:6.2.19]
	at org.springframework.beans.factory.support.AbstractAutowireCapableBeanFactory.autowireConstructor(AbstractAutowireCapableBeanFactory.java:1393) ~[spring-beans-6.2.19.jar!/:6.2.19]
	at org.springframework.beans.factory.support.AbstractAutowireCapableBeanFactory.createBeanInstance(AbstractAutowireCapableBeanFactory.java:1230) ~[spring-beans-6.2.19.jar!/:6.2.19]
	at org.springframework.beans.factory.support.AbstractAutowireCapableBeanFactory.doCreateBean(AbstractAutowireCapableBeanFactory.java:569) ~[spring-beans-6.2.19.jar!/:6.2.19]
	at org.springframework.beans.factory.support.AbstractAutowireCapableBeanFactory.createBean(AbstractAutowireCapableBeanFactory.java:529) ~[spring-beans-6.2.19.jar!/:6.2.19]
	at org.springframework.beans.factory.support.AbstractBeanFactory.lambda$doGetBean$0(AbstractBeanFactory.java:339) ~[spring-beans-6.2.19.jar!/:6.2.19]
	at org.springframework.beans.factory.support.DefaultSingletonBeanRegistry.getSingleton(DefaultSingletonBeanRegistry.java:373) ~[spring-beans-6.2.19.jar!/:6.2.19]
	at org.springframework.beans.factory.support.AbstractBeanFactory.doGetBean(AbstractBeanFactory.java:337) ~[spring-beans-6.2.19.jar!/:6.2.19]
	at org.springframework.beans.factory.support.AbstractBeanFactory.getBean(AbstractBeanFactory.java:202) ~[spring-beans-6.2.19.jar!/:6.2.19]
	at org.springframework.beans.factory.config.DependencyDescriptor.resolveCandidate(DependencyDescriptor.java:254) ~[spring-beans-6.2.19.jar!/:6.2.19]
	at org.springframework.beans.factory.support.DefaultListableBeanFactory.doResolveDependency(DefaultListableBeanFactory.java:1777) ~[spring-beans-6.2.19.jar!/:6.2.19]
	at org.springframework.beans.factory.support.DefaultListableBeanFactory.resolveDependency(DefaultListableBeanFactory.java:1660) ~[spring-beans-6.2.19.jar!/:6.2.19]
	at org.springframework.beans.factory.support.ConstructorResolver.resolveAutowiredArgument(ConstructorResolver.java:913) ~[spring-beans-6.2.19.jar!/:6.2.19]
	at org.springframework.beans.factory.support.ConstructorResolver.createArgumentArray(ConstructorResolver.java:791) ~[spring-beans-6.2.19.jar!/:6.2.19]
	... 54 common frames omitted
Caused by: org.springframework.beans.factory.BeanCreationException: Error creating bean with name 'embeddedRuntimeBroker' defined in class path resource [com/alibaba/qwen/code/managedagent/config/RuntimeBrokerConfiguration.class]: Failed to instantiate [com.alibaba.qwen.code.managedagent.service.EmbeddedRuntimeBroker]: Factory method 'embeddedRuntimeBroker' threw exception with message: Trusted Linux host/boot identity is unavailable
	at org.springframework.beans.factory.support.ConstructorResolver.instantiate(ConstructorResolver.java:657) ~[spring-beans-6.2.19.jar!/:6.2.19]
	at org.springframework.beans.factory.support.ConstructorResolver.instantiateUsingFactoryMethod(ConstructorResolver.java:645) ~[spring-beans-6.2.19.jar!/:6.2.19]
	at org.springframework.beans.factory.support.AbstractAutowireCapableBeanFactory.instantiateUsingFactoryMethod(AbstractAutowireCapableBeanFactory.java:1373) ~[spring-beans-6.2.19.jar!/:6.2.19]
	at org.springframework.beans.factory.support.AbstractAutowireCapableBeanFactory.createBeanInstance(AbstractAutowireCapableBeanFactory.java:1203) ~[spring-beans-6.2.19.jar!/:6.2.19]
	at org.springframework.beans.factory.support.AbstractAutowireCapableBeanFactory.doCreateBean(AbstractAutowireCapableBeanFactory.java:569) ~[spring-beans-6.2.19.jar!/:6.2.19]
	at org.springframework.beans.factory.support.AbstractAutowireCapableBeanFactory.createBean(AbstractAutowireCapableBeanFactory.java:529) ~[spring-beans-6.2.19.jar!/:6.2.19]
	at org.springframework.beans.factory.support.AbstractBeanFactory.lambda$doGetBean$0(AbstractBeanFactory.java:339) ~[spring-beans-6.2.19.jar!/:6.2.19]
	at org.springframework.beans.factory.support.DefaultSingletonBeanRegistry.getSingleton(DefaultSingletonBeanRegistry.java:373) ~[spring-beans-6.2.19.jar!/:6.2.19]
	at org.springframework.beans.factory.support.AbstractBeanFactory.doGetBean(AbstractBeanFactory.java:337) ~[spring-beans-6.2.19.jar!/:6.2.19]
	at org.springframework.beans.factory.support.AbstractBeanFactory.getBean(AbstractBeanFactory.java:202) ~[spring-beans-6.2.19.jar!/:6.2.19]
	at org.springframework.beans.factory.config.DependencyDescriptor.resolveCandidate(DependencyDescriptor.java:254) ~[spring-beans-6.2.19.jar!/:6.2.19]
	at org.springframework.beans.factory.support.DefaultListableBeanFactory.doResolveDependency(DefaultListableBeanFactory.java:1777) ~[spring-beans-6.2.19.jar!/:6.2.19]
	at org.springframework.beans.factory.support.DefaultListableBeanFactory.resolveDependency(DefaultListableBeanFactory.java:1660) ~[spring-beans-6.2.19.jar!/:6.2.19]
	at org.springframework.beans.factory.support.ConstructorResolver.resolveAutowiredArgument(ConstructorResolver.java:913) ~[spring-beans-6.2.19.jar!/:6.2.19]
	at org.springframework.beans.factory.support.ConstructorResolver.createArgumentArray(ConstructorResolver.java:791) ~[spring-beans-6.2.19.jar!/:6.2.19]
	... 68 common frames omitted
Caused by: org.springframework.beans.BeanInstantiationException: Failed to instantiate [com.alibaba.qwen.code.managedagent.service.EmbeddedRuntimeBroker]: Factory method 'embeddedRuntimeBroker' threw exception with message: Trusted Linux host/boot identity is unavailable
	at org.springframework.beans.factory.support.SimpleInstantiationStrategy.lambda$instantiate$0(SimpleInstantiationStrategy.java:200) ~[spring-beans-6.2.19.jar!/:6.2.19]
	at org.springframework.beans.factory.support.SimpleInstantiationStrategy.instantiateWithFactoryMethod(SimpleInstantiationStrategy.java:89) ~[spring-beans-6.2.19.jar!/:6.2.19]
	at org.springframework.beans.factory.support.SimpleInstantiationStrategy.instantiate(SimpleInstantiationStrategy.java:169) ~[spring-beans-6.2.19.jar!/:6.2.19]
	at org.springframework.beans.factory.support.ConstructorResolver.instantiate(ConstructorResolver.java:653) ~[spring-beans-6.2.19.jar!/:6.2.19]
	... 82 common frames omitted
Caused by: java.lang.IllegalStateException: Trusted Linux host/boot identity is unavailable
	at com.alibaba.qwen.code.runtimebroker.LocalRuntimeStore$HostIdentity.linux(LocalRuntimeStore.java:55) ~[qwen-managed-runtime-broker-0.1.0-alpha.jar!/:na]
	at com.alibaba.qwen.code.runtimebroker.LocalProcessRuntimeProvisioner.durable(LocalProcessRuntimeProvisioner.java:79) ~[qwen-managed-runtime-broker-0.1.0-alpha.jar!/:na]
	at com.alibaba.qwen.code.managedagent.service.EmbeddedRuntimeBroker.provisioner(EmbeddedRuntimeBroker.java:246) ~[!/:0.1.0-alpha]
	at com.alibaba.qwen.code.managedagent.service.EmbeddedRuntimeBroker.<init>(EmbeddedRuntimeBroker.java:97) ~[!/:0.1.0-alpha]
	at com.alibaba.qwen.code.managedagent.config.RuntimeBrokerConfiguration.embeddedRuntimeBroker(RuntimeBrokerConfiguration.java:79) ~[!/:0.1.0-alpha]
	at com.alibaba.qwen.code.managedagent.config.RuntimeBrokerConfiguration$$SpringCGLIB$$0.CGLIB$embeddedRuntimeBroker$0(<generated>) ~[!/:0.1.0-alpha]
	at com.alibaba.qwen.code.managedagent.config.RuntimeBrokerConfiguration$$SpringCGLIB$$FastClass$$1.invoke(<generated>) ~[!/:0.1.0-alpha]
	at org.springframework.cglib.proxy.MethodProxy.invokeSuper(MethodProxy.java:258) ~[spring-core-6.2.19.jar!/:6.2.19]
	at org.springframework.context.annotation.ConfigurationClassEnhancer$BeanMethodInterceptor.intercept(ConfigurationClassEnhancer.java:400) ~[spring-context-6.2.19.jar!/:6.2.19]
	at com.alibaba.qwen.code.managedagent.config.RuntimeBrokerConfiguration$$SpringCGLIB$$0.embeddedRuntimeBroker(<generated>) ~[!/:0.1.0-alpha]
	at java.base/jdk.internal.reflect.DirectMethodHandleAccessor.invoke(DirectMethodHandleAccessor.java:103) ~[na:na]
	at java.base/java.lang.reflect.Method.invoke(Method.java:580) ~[na:na]
	at org.springframework.beans.factory.support.SimpleInstantiationStrategy.lambda$instantiate$0(SimpleInstantiationStrategy.java:172) ~[spring-beans-6.2.19.jar!/:6.2.19]
	... 85 common frames omitted
Caused by: java.io.IOException: Durable local workers require Linux
	at com.alibaba.qwen.code.runtimebroker.LocalRuntimeStore$HostIdentity.linux(LocalRuntimeStore.java:48) ~[qwen-managed-runtime-broker-0.1.0-alpha.jar!/:na]
	... 97 common frames omitted


    at waitUntil (/Users/wenshao/pr13174-rig/wt/scripts/run-managed-agent-server-e2e.ts:543:13)
    at async <anonymous> (/Users/wenshao/pr13174-rig/wt/scripts/run-managed-agent-server-e2e.ts:884:3)

--- Durable state ---
turns:

events:

executions:

journal:


--- MySQL tail ---


--- Spring Managed Agent Server tail ---
pleted.
2026-10-02T09:36:35.553+08:00  INFO 9580 --- [qwen-managed-agent-server] [           main] org.flywaydb.core.FlywayExecutor         : Database: jdbc:mysql://127.0.0.1:49318/qwen_managed_agent?useSSL=false&allowPublicKeyRetrieval=true (MySQL 8.4)
2026-10-02T09:36:35.566+08:00  WARN 9580 --- [qwen-managed-agent-server] [           main] o.f.c.internal.database.base.Database    : Flyway upgrade recommended: MySQL 8.4 is newer than this version of Flyway and support has not been tested. The latest supported version of MySQL is 8.1.
2026-10-02T09:36:35.592+08:00  INFO 9580 --- [qwen-managed-agent-server] [           main] o.f.c.i.s.JdbcTableSchemaHistory         : Schema history table `qwen_managed_agent`.`flyway_schema_history` does not exist yet
2026-10-02T09:36:35.595+08:00  INFO 9580 --- [qwen-managed-agent-server] [           main] o.f.core.internal.command.DbValidate     : Successfully validated 26 migrations (execution time 00:00.020s)
2026-10-02T09:36:35.609+08:00  INFO 9580 --- [qwen-managed-agent-server] [           main] o.f.c.i.s.JdbcTableSchemaHistory         : Creating Schema History table `qwen_managed_agent`.`flyway_schema_history` ...
2026-10-02T09:36:35.647+08:00  INFO 9580 --- [qwen-managed-agent-server] [           main] o.f.core.internal.command.DbMigrate      : Current version of schema `qwen_managed_agent`: << Empty Schema >>
2026-10-02T09:36:35.658+08:00  INFO 9580 --- [qwen-managed-agent-server] [           main] o.f.core.internal.command.DbMigrate      : Migrating schema `qwen_managed_agent` to version "1 - managed agent core"
2026-10-02T09:36:35.712+08:00  INFO 9580 --- [qwen-managed-agent-server] [           main] o.f.core.internal.command.DbMigrate      : Migrating schema `qwen_managed_agent` to version "2 - managed agent projection"
2026-10-02T09:36:35.754+08:00  INFO 9580 --- [qwen-managed-agent-server] [           main] o.f.core.internal.command.DbMigrate      : Migrating schema `qwen_managed_agent` to version "3 - runtime broker"
2026-10-02T09:36:35.825+08:00  INFO 9580 --- [qwen-managed-agent-server] [           main] o.f.core.internal.command.DbMigrate      : Migrating schema `qwen_managed_agent` to version "4 - managed session store"
2026-10-02T09:36:35.860+08:00  INFO 9580 --- [qwen-managed-agent-server] [           main] o.f.core.internal.command.DbMigrate      : Migrating schema `qwen_managed_agent` to version "5 - managed session lifecycle"
2026-10-02T09:36:35.917+08:00  INFO 9580 --- [qwen-managed-agent-server] [           main] o.f.core.internal.command.DbMigrate      : Migrating schema `qwen_managed_agent` to version "6 - managed turn retry"
2026-10-02T09:36:35.945+08:00  INFO 9580 --- [qwen-managed-agent-server] [           main] o.f.core.internal.command.DbMigrate      : Migrating schema `qwen_managed_agent` to version "7 - managed workspace binding"
2026-10-02T09:36:36.075+08:00  INFO 9580 --- [qwen-managed-agent-server] [           main] o.f.core.internal.command.DbMigrate      : Migrating schema `qwen_managed_agent` to version "8 - managed workspace registry"
2026-10-02T09:36:36.103+08:00  INFO 9580 --- [qwen-managed-agent-server] [           main] o.f.core.internal.command.DbMigrate      : Migrating schema `qwen_managed_agent` to version "9 - managed workspace creation command"
2026-10-02T09:36:36.150+08:00  INFO 9580 --- [qwen-managed-agent-server] [           main] o.f.core.internal.command.DbMigrate      : Migrating schema `qwen_managed_agent` to version "10 - managed runtime context"
2026-10-02T09:36:36.226+08:00  INFO 9580 --- [qwen-managed-agent-server] [           main] o.f.core.internal.command.DbMigrate      : Migrating schema `qwen_managed_agent` to version "11 - workspace execution"
2026-10-02T09:36:36.275+08:00  INFO 9580 --- [qwen-managed-agent-server] [           main] o.f.core.internal.command.DbMigrate      : Migrating schema `qwen_managed_agent` to version "12 - runtime broker schema alignment"
2026-10-02T09:36:36.390+08:00  INFO 9580 --- [qwen-managed-agent-server] [           main] o.f.core.internal.command.DbMigrate      : Migrating schema `qwen_managed_agent` to version "13 - managed session agent revision"
2026-10-02T09:36:36.419+08:00  INFO 9580 --- [qwen-managed-agent-server] [           main] o.f.core.internal.command.DbMigrate      : Migrating schema `qwen_managed_agent` to version "14 - managed event replay"
2026-10-02T09:36:36.477+08:00  INFO 9580 --- [qwen-managed-agent-server] [           main] o.f.core.internal.command.DbMigrate      : Migrating schema `qwen_managed_agent` to version "15 - managed event identity"
2026-10-02T09:36:36.489+08:00  INFO 9580 --- [qwen-managed-agent-server] [           main] o.f.core.internal.command.DbMigrate      : Migrating schema `qwen_managed_agent` to version "16 - runtime loss evidence"
2026-10-02T09:36:36.545+08:00  INFO 9580 --- [qwen-managed-agent-server] [           main] o.f.core.internal.command.DbMigrate      : Migrating schema `qwen_managed_agent` to version "17 - managed session operation"
2026-10-02T09:36:36.578+08:00  INFO 9580 --- [qwen-managed-agent-server] [           main] o.f.core.internal.command.DbMigrate      : Migrating schema `qwen_managed_agent` to version "18 - managed extension record"
2026-10-02T09:36:36.606+08:00  INFO 9580 --- [qwen-managed-agent-server] [           main] o.f.core.internal.command.DbMigrate      : Migrating schema `qwen_managed_agent` to version "19 - workspace operator recovery"
2026-10-02T09:36:36.626+08:00  INFO 9580 --- [qwen-managed-agent-server] [           main] o.f.core.internal.command.DbMigrate      : Migrating schema `qwen_managed_agent` to version "20 - managed tool publication"
2026-10-02T09:36:36.669+08:00  INFO 9580 --- [qwen-managed-agent-server] [           main] o.f.core.internal.command.DbMigrate      : Migrating schema `qwen_managed_agent` to version "21 - managed tool publication objects"
2026-10-02T09:36:36.860+08:00  INFO 9580 --- [qwen-managed-agent-server] [           main] o.f.core.internal.command.DbMigrate      : Migrating schema `qwen_managed_agent` to version "22 - managed tool publication recovery"
2026-10-02T09:36:36.876+08:00  INFO 9580 --- [qwen-managed-agent-server] [           main] o.f.core.internal.command.DbMigrate      : Migrating schema `qwen_managed_agent` to version "23 - managed mcp records"
2026-10-02T09:36:36.902+08:00  INFO 9580 --- [qwen-managed-agent-server] [           main] o.f.core.internal.command.DbMigrate      : Migrating schema `qwen_managed_agent` to version "24 - managed actions"
2026-10-02T09:36:37.003+08:00  INFO 9580 --- [qwen-managed-agent-server] [           main] o.f.core.internal.command.DbMigrate      : Migrating schema `qwen_managed_agent` to version "25 - verified workspace mount"
2026-10-02T09:36:37.108+08:00  INFO 9580 --- [qwen-managed-agent-server] [           main] o.f.core.internal.command.DbMigrate      : Migrating schema `qwen_managed_agent` to version "26 - managed tool result projection"
2026-10-02T09:36:37.232+08:00  INFO 9580 --- [qwen-managed-agent-server] [           main] o.f.core.internal.command.DbMigrate      : Successfully applied 26 migrations to schema `qwen_managed_agent`, now at version v26 (execution time 00:01.223s)
2026-10-02T09:36:37.441+08:00  WARN 9580 --- [qwen-managed-agent-server] [           main] ConfigServletWebServerApplicationContext : Exception encountered during context initialization - cancelling refresh attempt: org.springframework.beans.factory.UnsatisfiedDependencyException: Error creating bean with name 'managedActionController' defined in URL [jar:nested:/Users/wenshao/pr13174-rig/wt/packages/sdk-java/managed-agent-server/target/qwen-managed-agent-server-0.1.0-alpha.jar/!BOOT-INF/classes/!/com/alibaba/qwen/code/managedagent/api/ManagedActionController.class]: Unsatisfied dependency expressed through constructor parameter 0: Error creating bean with name 'managedActionService' defined in URL [jar:nested:/Users/wenshao/pr13174-rig/wt/packages/sdk-java/managed-agent-server/target/qwen-managed-agent-server-0.1.0-alpha.jar/!BOOT-INF/classes/!/com/alibaba/qwen/code/managedagent/service/ManagedActionService.class]: Unsatisfied dependency expressed through constructor parameter 0: Error creating bean with name 'managedAgentService' defined in URL [jar:nested:/Users/wenshao/pr13174-rig/wt/packages/sdk-java/managed-agent-server/target/qwen-managed-agent-server-0.1.0-alpha.jar/!BOOT-INF/classes/!/com/alibaba/qwen/code/managedagent/service/ManagedAgentService.class]: Unsatisfied dependency expressed through constructor parameter 2: Error creating bean with name 'harnessCoordinator' defined in URL [jar:nested:/Users/wenshao/pr13174-rig/wt/packages/sdk-java/managed-agent-server/target/qwen-managed-agent-server-0.1.0-alpha.jar/!BOOT-INF/classes/!/com/alibaba/qwen/code/managedagent/service/HarnessCoordinator.class]: Unsatisfied dependency expressed through constructor parameter 3: Error creating bean with name 'embeddedRuntimeBroker' defined in class path resource [com/alibaba/qwen/code/managedagent/config/RuntimeBrokerConfiguration.class]: Failed to instantiate [com.alibaba.qwen.code.managedagent.service.EmbeddedRuntimeBroker]: Factory method 'embeddedRuntimeBroker' threw exception with message: Trusted Linux host/boot identity is unavailable
2026-10-02T09:36:37.441+08:00  INFO 9580 --- [qwen-managed-agent-server] [           main] com.zaxxer.hikari.HikariDataSource       : HikariPool-1 - Shutdown initiated...
2026-10-02T09:36:37.448+08:00  INFO 9580 --- [qwen-managed-agent-server] [           main] com.zaxxer.hikari.HikariDataSource       : HikariPool-1 - Shutdown completed.
2026-10-02T09:36:37.451+08:00  INFO 9580 --- [qwen-managed-agent-server] [           main] o.apache.catalina.core.StandardService   : Stopping service [Tomcat]
2026-10-02T09:36:37.467+08:00  INFO 9580 --- [qwen-managed-agent-server] [           main] .s.b.a.l.ConditionEvaluationReportLogger : 

Error starting ApplicationContext. To display the condition evaluation report re-run your application with 'debug' enabled.
2026-10-02T09:36:37.490+08:00 ERROR 9580 --- [qwen-managed-agent-server] [           main] o.s.boot.SpringApplication               : Application run failed

org.springframework.beans.factory.UnsatisfiedDependencyException: Error creating bean with name 'managedActionController' defined in URL [jar:nested:/Users/wenshao/pr13174-rig/wt/packages/sdk-java/managed-agent-server/target/qwen-managed-agent-server-0.1.0-alpha.jar/!BOOT-INF/classes/!/com/alibaba/qwen/code/managedagent/api/ManagedActionController.class]: Unsatisfied dependency expressed through constructor parameter 0: Error creating bean with name 'managedActionService' defined in URL [jar:nested:/Users/wenshao/pr13174-rig/wt/packages/sdk-java/managed-agent-server/target/qwen-managed-agent-server-0.1.0-alpha.jar/!BOOT-INF/classes/!/com/alibaba/qwen/code/managedagent/service/ManagedActionService.class]: Unsatisfied dependency expressed through constructor parameter 0: Error creating bean with name 'managedAgentService' defined in URL [jar:nested:/Users/wenshao/pr13174-rig/wt/packages/sdk-java/managed-agent-server/target/qwen-managed-agent-server-0.1.0-alpha.jar/!BOOT-INF/classes/!/com/alibaba/qwen/code/managedagent/service/ManagedAgentService.class]: Unsatisfied dependency expressed through constructor parameter 2: Error creating bean with name 'harnessCoordinator' defined in URL [jar:nested:/Users/wenshao/pr13174-rig/wt/packages/sdk-java/managed-agent-server/target/qwen-managed-agent-server-0.1.0-alpha.jar/!BOOT-INF/classes/!/com/alibaba/qwen/code/managedagent/service/HarnessCoordinator.class]: Unsatisfied dependency expressed through constructor parameter 3: Error creating bean with name 'embeddedRuntimeBroker' defined in class path resource [com/alibaba/qwen/code/managedagent/config/RuntimeBrokerConfiguration.class]: Failed to instantiate [com.alibaba.qwen.code.managedagent.service.EmbeddedRuntimeBroker]: Factory method 'embeddedRuntimeBroker' threw exception with message: Trusted Linux host/boot identity is unavailable
	at org.springframework.beans.factory.support.ConstructorResolver.createArgumentArray(ConstructorResolver.java:804) ~[spring-beans-6.2.19.jar!/:6.2.19]
	at org.springframework.beans.factory.support.ConstructorResolver.autowireConstructor(ConstructorResolver.java:240) ~[spring-beans-6.2.19.jar!/:6.2.19]
	at org.springframework.beans.factory.support.AbstractAutowireCapableBeanFactory.autowireConstructor(AbstractAutowireCapableBeanFactory.java:1393) ~[spring-beans-6.2.19.jar!/:6.2.19]
	at org.springframework.beans.factory.support.AbstractAutowireCapableBeanFactory.createBeanInstance(AbstractAutowireCapableBeanFactory.java:1230) ~[spring-beans-6.2.19.jar!/:6.2.19]
	at org.springframework.beans.factory.support.AbstractAutowireCapableBeanFactory.doCreateBean(AbstractAutowireCapableBeanFactory.java:569) ~[spring-beans-6.2.19.jar!/:6.2.19]
	at org.springframework.beans.factory.support.AbstractAutowireCapableBeanFactory.createBean(AbstractAutowireCapableBeanFactory.java:529) ~[spring-beans-6.2.19.jar!/:6.2.19]
	at org.springframework.beans.factory.support.AbstractBeanFactory.lambda$doGetBean$0(AbstractBeanFactory.java:339) ~[spring-beans-6.2.19.jar!/:6.2.19]
	at org.springframework.beans.factory.support.DefaultSingletonBeanRegistry.getSingleton(DefaultSingletonBeanRegistry.java:373) ~[spring-beans-6.2.19.jar!/:6.2.19]
	at org.springframework.beans.factory.support.AbstractBeanFactory.doGetBean(AbstractBeanFactory.java:337) ~[spring-beans-6.2.19.jar!/:6.2.19]
	at org.springframework.beans.factory.support.AbstractBeanFactory.getBean(AbstractBeanFactory.java:202) ~[spring-beans-6.2.19.jar!/:6.2.19]
	at org.springframework.beans.factory.support.DefaultListableBeanFactory.instantiateSingleton(DefaultListableBeanFactory.java:1235) ~[spring-beans-6.2.19.jar!/:6.2.19]
	at org.springframework.beans.factory.support.DefaultListableBeanFactory.preInstantiateSingleton(DefaultListableBeanFactory.java:1201) ~[spring-beans-6.2.19.jar!/:6.2.19]
	at org.springframework.beans.factory.support.DefaultListableBeanFactory.preInstantiateSingletons(DefaultListableBeanFactory.java:1130) ~[spring-beans-6.2.19.jar!/:6.2.19]
	at org.springframework.context.support.AbstractApplicationContext.finishBeanFactoryInitialization(AbstractApplicationContext.java:991) ~[spring-context-6.2.19.jar!/:6.2.19]
	at org.springframework.context.support.AbstractApplicationContext.refresh(AbstractApplicationContext.java:628) ~[spring-context-6.2.19.jar!/:6.2.19]
	at org.springframework.boot.web.servlet.context.ServletWebServerApplicationContext.refresh(ServletWebServerApplicationContext.java:146) ~[spring-boot-3.5.16.jar!/:3.5.16]
	at org.springframework.boot.SpringApplication.refresh(SpringApplication.java:752) ~[spring-boot-3.5.16.jar!/:3.5.16]
	at org.springframework.boot.SpringApplication.refreshContext(SpringApplication.java:439) ~[spring-boot-3.5.16.jar!/:3.5.16]
	at org.springframework.boot.SpringApplication.run(SpringApplication.java:318) ~[spring-boot-3.5.16.jar!/:3.5.16]
	at org.springframework.boot.SpringApplication.run(SpringApplication.java:1361) ~[spring-boot-3.5.16.jar!/:3.5.16]
	at org.springframework.boot.SpringApplication.run(SpringApplication.java:1350) ~[spring-boot-3.5.16.jar!/:3.5.16]
	at com.alibaba.qwen.code.managedagent.ManagedAgentServerApplication.main(ManagedAgentServerApplication.java:13) ~[!/:0.1.0-alpha]
	at java.base/jdk.internal.reflect.DirectMethodHandleAccessor.invoke(DirectMethodHandleAccessor.java:103) ~[na:na]
	at java.base/java.lang.reflect.Method.invoke(Method.java:580) ~[na:na]
	at org.springframework.boot.loader.launch.Launcher.launch(Launcher.java:106) ~[qwen-managed-agent-server-0.1.0-alpha.jar:0.1.0-alpha]
	at org.springframework.boot.loader.launch.Launcher.launch(Launcher.java:64) ~[qwen-managed-agent-server-0.1.0-alpha.jar:0.1.0-alpha]
	at org.springframework.boot.loader.launch.JarLauncher.main(JarLauncher.java:40) ~[qwen-managed-agent-server-0.1.0-alpha.jar:0.1.0-alpha]
Caused by: org.springframework.beans.factory.UnsatisfiedDependencyException: Error creating bean with name 'managedActionService' defined in URL [jar:nested:/Users/wenshao/pr13174-rig/wt/packages/sdk-java/managed-agent-server/target/qwen-managed-agent-server-0.1.0-alpha.jar/!BOOT-INF/classes/!/com/alibaba/qwen/code/managedagent/service/ManagedActionService.class]: Unsatisfied dependency expressed through constructor parameter 0: Error creating bean with name 'managedAgentService' defined in URL [jar:nested:/Users/wenshao/pr13174-rig/wt/packages/sdk-java/managed-agent-server/target/qwen-managed-agent-server-0.1.0-alpha.jar/!BOOT-INF/classes/!/com/alibaba/qwen/code/managedagent/service/ManagedAgentService.class]: Unsatisfied dependency expressed through constructor parameter 2: Error creating bean with name 'harnessCoordinator' defined in URL [jar:nested:/Users/wenshao/pr13174-rig/wt/packages/sdk-java/managed-agent-server/target/qwen-managed-agent-server-0.1.0-alpha.jar/!BOOT-INF/classes/!/com/alibaba/qwen/code/managedagent/service/HarnessCoordinator.class]: Unsatisfied dependency expressed through constructor parameter 3: Error creating bean with name 'embeddedRuntimeBroker' defined in class path resource [com/alibaba/qwen/code/managedagent/config/RuntimeBrokerConfiguration.class]: Failed to instantiate [com.alibaba.qwen.code.managedagent.service.EmbeddedRuntimeBroker]: Factory method 'embeddedRuntimeBroker' threw exception with message: Trusted Linux host/boot identity is unavailable
	at org.springframework.beans.factory.support.ConstructorResolver.createArgumentArray(ConstructorResolver.java:804) ~[spring-beans-6.2.19.jar!/:6.2.19]
	at org.springframework.beans.factory.support.ConstructorResolver.autowireConstructor(ConstructorResolver.java:240) ~[spring-beans-6.2.19.jar!/:6.2.19]
	at org.springframework.beans.factory.support.AbstractAutowireCapableBeanFactory.autowireConstructor(AbstractAutowireCapableBeanFactory.java:1393) ~[spring-beans-6.2.19.jar!/:6.2.19]
	at org.springframework.beans.factory.support.AbstractAutowireCapableBeanFactory.createBeanInstance(AbstractAutowireCapableBeanFactory.java:1230) ~[spring-beans-6.2.19.jar!/:6.2.19]
	at org.springframework.beans.factory.support.AbstractAutowireCapableBeanFactory.doCreateBean(AbstractAutowireCapableBeanFactory.java:569) ~[spring-beans-6.2.19.jar!/:6.2.19]
	at org.springframework.beans.factory.support.AbstractAutowireCapableBeanFactory.createBean(AbstractAutowireCapableBeanFactory.java:529) ~[spring-beans-6.2.19.jar!/:6.2.19]
	at org.springframework.beans.factory.support.AbstractBeanFactory.lambda$doGetBean$0(AbstractBeanFactory.java:339) ~[spring-beans-6.2.19.jar!/:6.2.19]
	at org.springframework.beans.factory.support.DefaultSingletonBeanRegistry.getSingleton(DefaultSingletonBeanRegistry.java:373) ~[spring-beans-6.2.19.jar!/:6.2.19]
	at org.springframework.beans.factory.support.AbstractBeanFactory.doGetBean(AbstractBeanFactory.java:337) ~[spring-beans-6.2.19.jar!/:6.2.19]
	at org.springframework.beans.factory.support.AbstractBeanFactory.getBean(AbstractBeanFactory.java:202) ~[spring-beans-6.2.19.jar!/:6.2.19]
	at org.springframework.beans.factory.config.DependencyDescriptor.resolveCandidate(DependencyDescriptor.java:254) ~[spring-beans-6.2.19.jar!/:6.2.19]
	at org.springframework.beans.factory.support.DefaultListableBeanFactory.doResolveDependency(DefaultListableBeanFactory.java:1777) ~[spring-beans-6.2.19.jar!/:6.2.19]
	at org.springframework.beans.factory.support.DefaultListableBeanFactory.resolveDependency(DefaultListableBeanFactory.java:1660) ~[spring-beans-6.2.19.jar!/:6.2.19]
	at org.springframework.beans.factory.support.ConstructorResolver.resolveAutowiredArgument(ConstructorResolver.java:913) ~[spring-beans-6.2.19.jar!/:6.2.19]
	at org.springframework.beans.factory.support.ConstructorResolver.createArgumentArray(ConstructorResolver.java:791) ~[spring-beans-6.2.19.jar!/:6.2.19]
	... 26 common frames omitted
Caused by: org.springframework.beans.factory.UnsatisfiedDependencyException: Error creating bean with name 'managedAgentService' defined in URL [jar:nested:/Users/wenshao/pr13174-rig/wt/packages/sdk-java/managed-agent-server/target/qwen-managed-agent-server-0.1.0-alpha.jar/!BOOT-INF/classes/!/com/alibaba/qwen/code/managedagent/service/ManagedAgentService.class]: Unsatisfied dependency expressed through constructor parameter 2: Error creating bean with name 'harnessCoordinator' defined in URL [jar:nested:/Users/wenshao/pr13174-rig/wt/packages/sdk-java/managed-agent-server/target/qwen-managed-agent-server-0.1.0-alpha.jar/!BOOT-INF/classes/!/com/alibaba/qwen/code/managedagent/service/HarnessCoordinator.class]: Unsatisfied dependency expressed through constructor parameter 3: Error creating bean with name 'embeddedRuntimeBroker' defined in class path resource [com/alibaba/qwen/code/managedagent/config/RuntimeBrokerConfiguration.class]: Failed to instantiate [com.alibaba.qwen.code.managedagent.service.EmbeddedRuntimeBroker]: Factory method 'embeddedRuntimeBroker' threw exception with message: Trusted Linux host/boot identity is unavailable
	at org.springframework.beans.factory.support.ConstructorResolver.createArgumentArray(ConstructorResolver.java:804) ~[spring-beans-6.2.19.jar!/:6.2.19]
	at org.springframework.beans.factory.support.ConstructorResolver.autowireConstructor(ConstructorResolver.java:240) ~[spring-beans-6.2.19.jar!/:6.2.19]
	at org.springframework.beans.factory.support.AbstractAutowireCapableBeanFactory.autowireConstructor(AbstractAutowireCapableBeanFactory.java:1393) ~[spring-beans-6.2.19.jar!/:6.2.19]
	at org.springframework.beans.factory.support.AbstractAutowireCapableBeanFactory.createBeanInstance(AbstractAutowireCapableBeanFactory.java:1230) ~[spring-beans-6.2.19.jar!/:6.2.19]
	at org.springframework.beans.factory.support.AbstractAutowireCapableBeanFactory.doCreateBean(AbstractAutowireCapableBeanFactory.java:569) ~[spring-beans-6.2.19.jar!/:6.2.19]
	at org.springframework.beans.factory.support.AbstractAutowireCapableBeanFactory.createBean(AbstractAutowireCapableBeanFactory.java:529) ~[spring-beans-6.2.19.jar!/:6.2.19]
	at org.springframework.beans.factory.support.AbstractBeanFactory.lambda$doGetBean$0(AbstractBeanFactory.java:339) ~[spring-beans-6.2.19.jar!/:6.2.19]
	at org.springframework.beans.factory.support.DefaultSingletonBeanRegistry.getSingleton(DefaultSingletonBeanRegistry.java:373) ~[spring-beans-6.2.19.jar!/:6.2.19]
	at org.springframework.beans.factory.support.AbstractBeanFactory.doGetBean(AbstractBeanFactory.java:337) ~[spring-beans-6.2.19.jar!/:6.2.19]
	at org.springframework.beans.factory.support.AbstractBeanFactory.getBean(AbstractBeanFactory.java:202) ~[spring-beans-6.2.19.jar!/:6.2.19]
	at org.springframework.beans.factory.config.DependencyDescriptor.resolveCandidate(DependencyDescriptor.java:254) ~[spring-beans-6.2.19.jar!/:6.2.19]
	at org.springframework.beans.factory.support.DefaultListableBeanFactory.doResolveDependency(DefaultListableBeanFactory.java:1777) ~[spring-beans-6.2.19.jar!/:6.2.19]
	at org.springframework.beans.factory.support.DefaultListableBeanFactory.resolveDependency(DefaultListableBeanFactory.java:1660) ~[spring-beans-6.2.19.jar!/:6.2.19]
	at org.springframework.beans.factory.support.ConstructorResolver.resolveAutowiredArgument(ConstructorResolver.java:913) ~[spring-beans-6.2.19.jar!/:6.2.19]
	at org.springframework.beans.factory.support.ConstructorResolver.createArgumentArray(ConstructorResolver.java:791) ~[spring-beans-6.2.19.jar!/:6.2.19]
	... 40 common frames omitted
Caused by: org.springframework.beans.factory.UnsatisfiedDependencyException: Error creating bean with name 'harnessCoordinator' defined in URL [jar:nested:/Users/wenshao/pr13174-rig/wt/packages/sdk-java/managed-agent-server/target/qwen-managed-agent-server-0.1.0-alpha.jar/!BOOT-INF/classes/!/com/alibaba/qwen/code/managedagent/service/HarnessCoordinator.class]: Unsatisfied dependency expressed through constructor parameter 3: Error creating bean with name 'embeddedRuntimeBroker' defined in class path resource [com/alibaba/qwen/code/managedagent/config/RuntimeBrokerConfiguration.class]: Failed to instantiate [com.alibaba.qwen.code.managedagent.service.EmbeddedRuntimeBroker]: Factory method 'embeddedRuntimeBroker' threw exception with message: Trusted Linux host/boot identity is unavailable
	at org.springframework.beans.factory.support.ConstructorResolver.createArgumentArray(ConstructorResolver.java:804) ~[spring-beans-6.2.19.jar!/:6.2.19]
	at org.springframework.beans.factory.support.ConstructorResolver.autowireConstructor(ConstructorResolver.java:240) ~[spring-beans-6.2.19.jar!/:6.2.19]
	at org.springframework.beans.factory.support.AbstractAutowireCapableBeanFactory.autowireConstructor(AbstractAutowireCapableBeanFactory.java:1393) ~[spring-beans-6.2.19.jar!/:6.2.19]
	at org.springframework.beans.factory.support.AbstractAutowireCapableBeanFactory.createBeanInstance(AbstractAutowireCapableBeanFactory.java:1230) ~[spring-beans-6.2.19.jar!/:6.2.19]
	at org.springframework.beans.factory.support.AbstractAutowireCapableBeanFactory.doCreateBean(AbstractAutowireCapableBeanFactory.java:569) ~[spring-beans-6.2.19.jar!/:6.2.19]
	at org.springframework.beans.factory.support.AbstractAutowireCapableBeanFactory.createBean(AbstractAutowireCapableBeanFactory.java:529) ~[spring-beans-6.2.19.jar!/:6.2.19]
	at org.springframework.beans.factory.support.AbstractBeanFactory.lambda$doGetBean$0(AbstractBeanFactory.java:339) ~[spring-beans-6.2.19.jar!/:6.2.19]
	at org.springframework.beans.factory.support.DefaultSingletonBeanRegistry.getSingleton(DefaultSingletonBeanRegistry.java:373) ~[spring-beans-6.2.19.jar!/:6.2.19]
	at org.springframework.beans.factory.support.AbstractBeanFactory.doGetBean(AbstractBeanFactory.java:337) ~[spring-beans-6.2.19.jar!/:6.2.19]
	at org.springframework.beans.factory.support.AbstractBeanFactory.getBean(AbstractBeanFactory.java:202) ~[spring-beans-6.2.19.jar!/:6.2.19]
	at org.springframework.beans.factory.config.DependencyDescriptor.resolveCandidate(DependencyDescriptor.java:254) ~[spring-beans-6.2.19.jar!/:6.2.19]
	at org.springframework.beans.factory.support.DefaultListableBeanFactory.doResolveDependency(DefaultListableBeanFactory.java:1777) ~[spring-beans-6.2.19.jar!/:6.2.19]
	at org.springframework.beans.factory.support.DefaultListableBeanFactory.resolveDependency(DefaultListableBeanFactory.java:1660) ~[spring-beans-6.2.19.jar!/:6.2.19]
	at org.springframework.beans.factory.support.ConstructorResolver.resolveAutowiredArgument(ConstructorResolver.java:913) ~[spring-beans-6.2.19.jar!/:6.2.19]
	at org.springframework.beans.factory.support.ConstructorResolver.createArgumentArray(ConstructorResolver.java:791) ~[spring-beans-6.2.19.jar!/:6.2.19]
	... 54 common frames omitted
Caused by: org.springframework.beans.factory.BeanCreationException: Error creating bean with name 'embeddedRuntimeBroker' defined in class path resource [com/alibaba/qwen/code/managedagent/config/RuntimeBrokerConfiguration.class]: Failed to instantiate [com.alibaba.qwen.code.managedagent.service.EmbeddedRuntimeBroker]: Factory method 'embeddedRuntimeBroker' threw exception with message: Trusted Linux host/boot identity is unavailable
	at org.springframework.beans.factory.support.ConstructorResolver.instantiate(ConstructorResolver.java:657) ~[spring-beans-6.2.19.jar!/:6.2.19]
	at org.springframework.beans.factory.support.ConstructorResolver.instantiateUsingFactoryMethod(ConstructorResolver.java:645) ~[spring-beans-6.2.19.jar!/:6.2.19]
	at org.springframework.beans.factory.support.AbstractAutowireCapableBeanFactory.instantiateUsingFactoryMethod(AbstractAutowireCapableBeanFactory.java:1373) ~[spring-beans-6.2.19.jar!/:6.2.19]
	at org.springframework.beans.factory.support.AbstractAutowireCapableBeanFactory.createBeanInstance(AbstractAutowireCapableBeanFactory.java:1203) ~[spring-beans-6.2.19.jar!/:6.2.19]
	at org.springframework.beans.factory.support.AbstractAutowireCapableBeanFactory.doCreateBean(AbstractAutowireCapableBeanFactory.java:569) ~[spring-beans-6.2.19.jar!/:6.2.19]
	at org.springframework.beans.factory.support.AbstractAutowireCapableBeanFactory.createBean(AbstractAutowireCapableBeanFactory.java:529) ~[spring-beans-6.2.19.jar!/:6.2.19]
	at org.springframework.beans.factory.support.AbstractBeanFactory.lambda$doGetBean$0(AbstractBeanFactory.java:339) ~[spring-beans-6.2.19.jar!/:6.2.19]
	at org.springframework.beans.factory.support.DefaultSingletonBeanRegistry.getSingleton(DefaultSingletonBeanRegistry.java:373) ~[spring-beans-6.2.19.jar!/:6.2.19]
	at org.springframework.beans.factory.support.AbstractBeanFactory.doGetBean(AbstractBeanFactory.java:337) ~[spring-beans-6.2.19.jar!/:6.2.19]
	at org.springframework.beans.factory.support.AbstractBeanFactory.getBean(AbstractBeanFactory.java:202) ~[spring-beans-6.2.19.jar!/:6.2.19]
	at org.springframework.beans.factory.config.DependencyDescriptor.resolveCandidate(DependencyDescriptor.java:254) ~[spring-beans-6.2.19.jar!/:6.2.19]
	at org.springframework.beans.factory.support.DefaultListableBeanFactory.doResolveDependency(DefaultListableBeanFactory.java:1777) ~[spring-beans-6.2.19.jar!/:6.2.19]
	at org.springframework.beans.factory.support.DefaultListableBeanFactory.resolveDependency(DefaultListableBeanFactory.java:1660) ~[spring-beans-6.2.19.jar!/:6.2.19]
	at org.springframework.beans.factory.support.ConstructorResolver.resolveAutowiredArgument(ConstructorResolver.java:913) ~[spring-beans-6.2.19.jar!/:6.2.19]
	at org.springframework.beans.factory.support.ConstructorResolver.createArgumentArray(ConstructorResolver.java:791) ~[spring-beans-6.2.19.jar!/:6.2.19]
	... 68 common frames omitted
Caused by: org.springframework.beans.BeanInstantiationException: Failed to instantiate [com.alibaba.qwen.code.managedagent.service.EmbeddedRuntimeBroker]: Factory method 'embeddedRuntimeBroker' threw exception with message: Trusted Linux host/boot identity is unavailable
	at org.springframework.beans.factory.support.SimpleInstantiationStrategy.lambda$instantiate$0(SimpleInstantiationStrategy.java:200) ~[spring-beans-6.2.19.jar!/:6.2.19]
	at org.springframework.beans.factory.support.SimpleInstantiationStrategy.instantiateWithFactoryMethod(SimpleInstantiationStrategy.java:89) ~[spring-beans-6.2.19.jar!/:6.2.19]
	at org.springframework.beans.factory.support.SimpleInstantiationStrategy.instantiate(SimpleInstantiationStrategy.java:169) ~[spring-beans-6.2.19.jar!/:6.2.19]
	at org.springframework.beans.factory.support.ConstructorResolver.instantiate(ConstructorResolver.java:653) ~[spring-beans-6.2.19.jar!/:6.2.19]
	... 82 common frames omitted
Caused by: java.lang.IllegalStateException: Trusted Linux host/boot identity is unavailable
	at com.alibaba.qwen.code.runtimebroker.LocalRuntimeStore$HostIdentity.linux(LocalRuntimeStore.java:55) ~[qwen-managed-runtime-broker-0.1.0-alpha.jar!/:na]
	at com.alibaba.qwen.code.runtimebroker.LocalProcessRuntimeProvisioner.durable(LocalProcessRuntimeProvisioner.java:79) ~[qwen-managed-runtime-broker-0.1.0-alpha.jar!/:na]
	at com.alibaba.qwen.code.managedagent.service.EmbeddedRuntimeBroker.provisioner(EmbeddedRuntimeBroker.java:246) ~[!/:0.1.0-alpha]
	at com.alibaba.qwen.code.managedagent.service.EmbeddedRuntimeBroker.<init>(EmbeddedRuntimeBroker.java:97) ~[!/:0.1.0-alpha]
	at com.alibaba.qwen.code.managedagent.config.RuntimeBrokerConfiguration.embeddedRuntimeBroker(RuntimeBrokerConfiguration.java:79) ~[!/:0.1.0-alpha]
	at com.alibaba.qwen.code.managedagent.config.RuntimeBrokerConfiguration$$SpringCGLIB$$0.CGLIB$embeddedRuntimeBroker$0(<generated>) ~[!/:0.1.0-alpha]
	at com.alibaba.qwen.code.managedagent.config.RuntimeBrokerConfiguration$$SpringCGLIB$$FastClass$$1.invoke(<generated>) ~[!/:0.1.0-alpha]
	at org.springframework.cglib.proxy.MethodProxy.invokeSuper(MethodProxy.java:258) ~[spring-core-6.2.19.jar!/:6.2.19]
	at org.springframework.context.annotation.ConfigurationClassEnhancer$BeanMethodInterceptor.intercept(ConfigurationClassEnhancer.java:400) ~[spring-context-6.2.19.jar!/:6.2.19]
	at com.alibaba.qwen.code.managedagent.config.RuntimeBrokerConfiguration$$SpringCGLIB$$0.embeddedRuntimeBroker(<generated>) ~[!/:0.1.0-alpha]
	at java.base/jdk.internal.reflect.DirectMethodHandleAccessor.invoke(DirectMethodHandleAccessor.java:103) ~[na:na]
	at java.base/java.lang.reflect.Method.invoke(Method.java:580) ~[na:na]
	at org.springframework.beans.factory.support.SimpleInstantiationStrategy.lambda$instantiate$0(SimpleInstantiationStrategy.java:172) ~[spring-beans-6.2.19.jar!/:6.2.19]
	... 85 common frames omitted
Caused by: java.io.IOException: Durable local workers require Linux
	at com.alibaba.qwen.code.runtimebroker.LocalRuntimeStore$HostIdentity.linux(LocalRuntimeStore.java:48) ~[qwen-managed-runtime-broker-0.1.0-alpha.jar!/:na]
	... 97 common frames omitted



--- MySQL error tail ---
2026-10-02T01:36:32.168323Z 0 [System] [MY-015015] [Server] MySQL Server - start.
2026-10-02T01:36:32.315187Z 0 [System] [MY-010116] [Server] /Users/wenshao/Install/mysql-8.4.7-macos15-arm64/bin/mysqld (mysqld 8.4.7) starting as process 9569
2026-10-02T01:36:32.316750Z 0 [Warning] [MY-010159] [Server] Setting lower_case_table_names=2 because file system for /private/var/folders/cn/nhdg71c51tq27p1876r8r9rr0000gn/T/managed-agent-server-e2e-Xvbuxp/mysql-data/ is case insensitive
2026-10-02T01:36:32.319962Z 1 [System] [MY-013576] [InnoDB] InnoDB initialization has started.
2026-10-02T01:36:32.378337Z 1 [System] [MY-013577] [InnoDB] InnoDB initialization has ended.
2026-10-02T01:36:32.514868Z 0 [Warning] [MY-010068] [Server] CA certificate ca.pem is self signed.
2026-10-02T01:36:32.514906Z 0 [System] [MY-013602] [Server] Channel mysql_main configured to support TLS. Encrypted connections are now supported for this channel.
2026-10-02T01:36:32.533441Z 0 [System] [MY-010931] [Server] /Users/wenshao/Install/mysql-8.4.7-macos15-arm64/bin/mysqld: ready for connections. Version: '8.4.7'  socket: '/private/var/folders/cn/nhdg71c51tq27p1876r8r9rr0000gn/T/managed-agent-server-e2e-Xvbuxp/mysql.sock'  port: 49318  MySQL Community Server - GPL.

node:internal/modules/run_main:123
    triggerUncaughtException(
    ^

Error: Spring Managed Agent Server exited early
pleted.
2026-10-02T09:36:35.553+08:00  INFO 9580 --- [qwen-managed-agent-server] [           main] org.flywaydb.core.FlywayExecutor         : Database: jdbc:mysql://127.0.0.1:49318/qwen_managed_agent?useSSL=false&allowPublicKeyRetrieval=true (MySQL 8.4)
2026-10-02T09:36:35.566+08:00  WARN 9580 --- [qwen-managed-agent-server] [           main] o.f.c.internal.database.base.Database    : Flyway upgrade recommended: MySQL 8.4 is newer than this version of Flyway and support has not been tested. The latest supported version of MySQL is 8.1.
2026-10-02T09:36:35.592+08:00  INFO 9580 --- [qwen-managed-agent-server] [           main] o.f.c.i.s.JdbcTableSchemaHistory         : Schema history table `qwen_managed_agent`.`flyway_schema_history` does not exist yet
2026-10-02T09:36:35.595+08:00  INFO 9580 --- [qwen-managed-agent-server] [           main] o.f.core.internal.command.DbValidate     : Successfully validated 26 migrations (execution time 00:00.020s)
2026-10-02T09:36:35.609+08:00  INFO 9580 --- [qwen-managed-agent-server] [           main] o.f.c.i.s.JdbcTableSchemaHistory         : Creating Schema History table `qwen_managed_agent`.`flyway_schema_history` ...
2026-10-02T09:36:35.647+08:00  INFO 9580 --- [qwen-managed-agent-server] [           main] o.f.core.internal.command.DbMigrate      : Current version of schema `qwen_managed_agent`: << Empty Schema >>
2026-10-02T09:36:35.658+08:00  INFO 9580 --- [qwen-managed-agent-server] [           main] o.f.core.internal.command.DbMigrate      : Migrating schema `qwen_managed_agent` to version "1 - managed agent core"
2026-10-02T09:36:35.712+08:00  INFO 9580 --- [qwen-managed-agent-server] [           main] o.f.core.internal.command.DbMigrate      : Migrating schema `qwen_managed_agent` to version "2 - managed agent projection"
2026-10-02T09:36:35.754+08:00  INFO 9580 --- [qwen-managed-agent-server] [           main] o.f.core.internal.command.DbMigrate      : Migrating schema `qwen_managed_agent` to version "3 - runtime broker"
2026-10-02T09:36:35.825+08:00  INFO 9580 --- [qwen-managed-agent-server] [           main] o.f.core.internal.command.DbMigrate      : Migrating schema `qwen_managed_agent` to version "4 - managed session store"
2026-10-02T09:36:35.860+08:00  INFO 9580 --- [qwen-managed-agent-server] [           main] o.f.core.internal.command.DbMigrate      : Migrating schema `qwen_managed_agent` to version "5 - managed session lifecycle"
2026-10-02T09:36:35.917+08:00  INFO 9580 --- [qwen-managed-agent-server] [           main] o.f.core.internal.command.DbMigrate      : Migrating schema `qwen_managed_agent` to version "6 - managed turn retry"
2026-10-02T09:36:35.945+08:00  INFO 9580 --- [qwen-managed-agent-server] [           main] o.f.core.internal.command.DbMigrate      : Migrating schema `qwen_managed_agent` to version "7 - managed workspace binding"
2026-10-02T09:36:36.075+08:00  INFO 9580 --- [qwen-managed-agent-server] [           main] o.f.core.internal.command.DbMigrate      : Migrating schema `qwen_managed_agent` to version "8 - managed workspace registry"
2026-10-02T09:36:36.103+08:00  INFO 9580 --- [qwen-managed-agent-server] [           main] o.f.core.internal.command.DbMigrate      : Migrating schema `qwen_managed_agent` to version "9 - managed workspace creation command"
2026-10-02T09:36:36.150+08:00  INFO 9580 --- [qwen-managed-agent-server] [           main] o.f.core.internal.command.DbMigrate      : Migrating schema `qwen_managed_agent` to version "10 - managed runtime context"
2026-10-02T09:36:36.226+08:00  INFO 9580 --- [qwen-managed-agent-server] [           main] o.f.core.internal.command.DbMigrate      : Migrating schema `qwen_managed_agent` to version "11 - workspace execution"
2026-10-02T09:36:36.275+08:00  INFO 9580 --- [qwen-managed-agent-server] [           main] o.f.core.internal.command.DbMigrate      : Migrating schema `qwen_managed_agent` to version "12 - runtime broker schema alignment"
2026-10-02T09:36:36.390+08:00  INFO 9580 --- [qwen-managed-agent-server] [           main] o.f.core.internal.command.DbMigrate      : Migrating schema `qwen_managed_agent` to version "13 - managed session agent revision"
2026-10-02T09:36:36.419+08:00  INFO 9580 --- [qwen-managed-agent-server] [           main] o.f.core.internal.command.DbMigrate      : Migrating schema `qwen_managed_agent` to version "14 - managed event replay"
2026-10-02T09:36:36.477+08:00  INFO 9580 --- [qwen-managed-agent-server] [           main] o.f.core.internal.command.DbMigrate      : Migrating schema `qwen_managed_agent` to version "15 - managed event identity"
2026-10-02T09:36:36.489+08:00  INFO 9580 --- [qwen-managed-agent-server] [           main] o.f.core.internal.command.DbMigrate      : Migrating schema `qwen_managed_agent` to version "16 - runtime loss evidence"
2026-10-02T09:36:36.545+08:00  INFO 9580 --- [qwen-managed-agent-server] [           main] o.f.core.internal.command.DbMigrate      : Migrating schema `qwen_managed_agent` to version "17 - managed session operation"
2026-10-02T09:36:36.578+08:00  INFO 9580 --- [qwen-managed-agent-server] [           main] o.f.core.internal.command.DbMigrate      : Migrating schema `qwen_managed_agent` to version "18 - managed extension record"
2026-10-02T09:36:36.606+08:00  INFO 9580 --- [qwen-managed-agent-server] [           main] o.f.core.internal.command.DbMigrate      : Migrating schema `qwen_managed_agent` to version "19 - workspace operator recovery"
2026-10-02T09:36:36.626+08:00  INFO 9580 --- [qwen-managed-agent-server] [           main] o.f.core.internal.command.DbMigrate      : Migrating schema `qwen_managed_agent` to version "20 - managed tool publication"
2026-10-02T09:36:36.669+08:00  INFO 9580 --- [qwen-managed-agent-server] [           main] o.f.core.internal.command.DbMigrate      : Migrating schema `qwen_managed_agent` to version "21 - managed tool publication objects"
2026-10-02T09:36:36.860+08:00  INFO 9580 --- [qwen-managed-agent-server] [           main] o.f.core.internal.command.DbMigrate      : Migrating schema `qwen_managed_agent` to version "22 - managed tool publication recovery"
2026-10-02T09:36:36.876+08:00  INFO 9580 --- [qwen-managed-agent-server] [           main] o.f.core.internal.command.DbMigrate      : Migrating schema `qwen_managed_agent` to version "23 - managed mcp records"
2026-10-02T09:36:36.902+08:00  INFO 9580 --- [qwen-managed-agent-server] [           main] o.f.core.internal.command.DbMigrate      : Migrating schema `qwen_managed_agent` to version "24 - managed actions"
2026-10-02T09:36:37.003+08:00  INFO 9580 --- [qwen-managed-agent-server] [           main] o.f.core.internal.command.DbMigrate      : Migrating schema `qwen_managed_agent` to version "25 - verified workspace mount"
2026-10-02T09:36:37.108+08:00  INFO 9580 --- [qwen-managed-agent-server] [           main] o.f.core.internal.command.DbMigrate      : Migrating schema `qwen_managed_agent` to version "26 - managed tool result projection"
2026-10-02T09:36:37.232+08:00  INFO 9580 --- [qwen-managed-agent-server] [           main] o.f.core.internal.command.DbMigrate      : Successfully applied 26 migrations to schema `qwen_managed_agent`, now at version v26 (execution time 00:01.223s)
2026-10-02T09:36:37.441+08:00  WARN 9580 --- [qwen-managed-agent-server] [           main] ConfigServletWebServerApplicationContext : Exception encountered during context initialization - cancelling refresh attempt: org.springframework.beans.factory.UnsatisfiedDependencyException: Error creating bean with name 'managedActionController' defined in URL [jar:nested:/Users/wenshao/pr13174-rig/wt/packages/sdk-java/managed-agent-server/target/qwen-managed-agent-server-0.1.0-alpha.jar/!BOOT-INF/classes/!/com/alibaba/qwen/code/managedagent/api/ManagedActionController.class]: Unsatisfied dependency expressed through constructor parameter 0: Error creating bean with name 'managedActionService' defined in URL [jar:nested:/Users/wenshao/pr13174-rig/wt/packages/sdk-java/managed-agent-server/target/qwen-managed-agent-server-0.1.0-alpha.jar/!BOOT-INF/classes/!/com/alibaba/qwen/code/managedagent/service/ManagedActionService.class]: Unsatisfied dependency expressed through constructor parameter 0: Error creating bean with name 'managedAgentService' defined in URL [jar:nested:/Users/wenshao/pr13174-rig/wt/packages/sdk-java/managed-agent-server/target/qwen-managed-agent-server-0.1.0-alpha.jar/!BOOT-INF/classes/!/com/alibaba/qwen/code/managedagent/service/ManagedAgentService.class]: Unsatisfied dependency expressed through constructor parameter 2: Error creating bean with name 'harnessCoordinator' defined in URL [jar:nested:/Users/wenshao/pr13174-rig/wt/packages/sdk-java/managed-agent-server/target/qwen-managed-agent-server-0.1.0-alpha.jar/!BOOT-INF/classes/!/com/alibaba/qwen/code/managedagent/service/HarnessCoordinator.class]: Unsatisfied dependency expressed through constructor parameter 3: Error creating bean with name 'embeddedRuntimeBroker' defined in class path resource [com/alibaba/qwen/code/managedagent/config/RuntimeBrokerConfiguration.class]: Failed to instantiate [com.alibaba.qwen.code.managedagent.service.EmbeddedRuntimeBroker]: Factory method 'embeddedRuntimeBroker' threw exception with message: Trusted Linux host/boot identity is unavailable
2026-10-02T09:36:37.441+08:00  INFO 9580 --- [qwen-managed-agent-server] [           main] com.zaxxer.hikari.HikariDataSource       : HikariPool-1 - Shutdown initiated...
2026-10-02T09:36:37.448+08:00  INFO 9580 --- [qwen-managed-agent-server] [           main] com.zaxxer.hikari.HikariDataSource       : HikariPool-1 - Shutdown completed.
2026-10-02T09:36:37.451+08:00  INFO 9580 --- [qwen-managed-agent-server] [           main] o.apache.catalina.core.StandardService   : Stopping service [Tomcat]
2026-10-02T09:36:37.467+08:00  INFO 9580 --- [qwen-managed-agent-server] [           main] .s.b.a.l.ConditionEvaluationReportLogger : 

Error starting ApplicationContext. To display the condition evaluation report re-run your application with 'debug' enabled.
2026-10-02T09:36:37.490+08:00 ERROR 9580 --- [qwen-managed-agent-server] [           main] o.s.boot.SpringApplication               : Application run failed

org.springframework.beans.factory.UnsatisfiedDependencyException: Error creating bean with name 'managedActionController' defined in URL [jar:nested:/Users/wenshao/pr13174-rig/wt/packages/sdk-java/managed-agent-server/target/qwen-managed-agent-server-0.1.0-alpha.jar/!BOOT-INF/classes/!/com/alibaba/qwen/code/managedagent/api/ManagedActionController.class]: Unsatisfied dependency expressed through constructor parameter 0: Error creating bean with name 'managedActionService' defined in URL [jar:nested:/Users/wenshao/pr13174-rig/wt/packages/sdk-java/managed-agent-server/target/qwen-managed-agent-server-0.1.0-alpha.jar/!BOOT-INF/classes/!/com/alibaba/qwen/code/managedagent/service/ManagedActionService.class]: Unsatisfied dependency expressed through constructor parameter 0: Error creating bean with name 'managedAgentService' defined in URL [jar:nested:/Users/wenshao/pr13174-rig/wt/packages/sdk-java/managed-agent-server/target/qwen-managed-agent-server-0.1.0-alpha.jar/!BOOT-INF/classes/!/com/alibaba/qwen/code/managedagent/service/ManagedAgentService.class]: Unsatisfied dependency expressed through constructor parameter 2: Error creating bean with name 'harnessCoordinator' defined in URL [jar:nested:/Users/wenshao/pr13174-rig/wt/packages/sdk-java/managed-agent-server/target/qwen-managed-agent-server-0.1.0-alpha.jar/!BOOT-INF/classes/!/com/alibaba/qwen/code/managedagent/service/HarnessCoordinator.class]: Unsatisfied dependency expressed through constructor parameter 3: Error creating bean with name 'embeddedRuntimeBroker' defined in class path resource [com/alibaba/qwen/code/managedagent/config/RuntimeBrokerConfiguration.class]: Failed to instantiate [com.alibaba.qwen.code.managedagent.service.EmbeddedRuntimeBroker]: Factory method 'embeddedRuntimeBroker' threw exception with message: Trusted Linux host/boot identity is unavailable
	at org.springframework.beans.factory.support.ConstructorResolver.createArgumentArray(ConstructorResolver.java:804) ~[spring-beans-6.2.19.jar!/:6.2.19]
	at org.springframework.beans.factory.support.ConstructorResolver.autowireConstructor(ConstructorResolver.java:240) ~[spring-beans-6.2.19.jar!/:6.2.19]
	at org.springframework.beans.factory.support.AbstractAutowireCapableBeanFactory.autowireConstructor(AbstractAutowireCapableBeanFactory.java:1393) ~[spring-beans-6.2.19.jar!/:6.2.19]
	at org.springframework.beans.factory.support.AbstractAutowireCapableBeanFactory.createBeanInstance(AbstractAutowireCapableBeanFactory.java:1230) ~[spring-beans-6.2.19.jar!/:6.2.19]
	at org.springframework.beans.factory.support.AbstractAutowireCapableBeanFactory.doCreateBean(AbstractAutowireCapableBeanFactory.java:569) ~[spring-beans-6.2.19.jar!/:6.2.19]
	at org.springframework.beans.factory.support.AbstractAutowireCapableBeanFactory.createBean(AbstractAutowireCapableBeanFactory.java:529) ~[spring-beans-6.2.19.jar!/:6.2.19]
	at org.springframework.beans.factory.support.AbstractBeanFactory.lambda$doGetBean$0(AbstractBeanFactory.java:339) ~[spring-beans-6.2.19.jar!/:6.2.19]
	at org.springframework.beans.factory.support.DefaultSingletonBeanRegistry.getSingleton(DefaultSingletonBeanRegistry.java:373) ~[spring-beans-6.2.19.jar!/:6.2.19]
	at org.springframework.beans.factory.support.AbstractBeanFactory.doGetBean(AbstractBeanFactory.java:337) ~[spring-beans-6.2.19.jar!/:6.2.19]
	at org.springframework.beans.factory.support.AbstractBeanFactory.getBean(AbstractBeanFactory.java:202) ~[spring-beans-6.2.19.jar!/:6.2.19]
	at org.springframework.beans.factory.support.DefaultListableBeanFactory.instantiateSingleton(DefaultListableBeanFactory.java:1235) ~[spring-beans-6.2.19.jar!/:6.2.19]
	at org.springframework.beans.factory.support.DefaultListableBeanFactory.preInstantiateSingleton(DefaultListableBeanFactory.java:1201) ~[spring-beans-6.2.19.jar!/:6.2.19]
	at org.springframework.beans.factory.support.DefaultListableBeanFactory.preInstantiateSingletons(DefaultListableBeanFactory.java:1130) ~[spring-beans-6.2.19.jar!/:6.2.19]
	at org.springframework.context.support.AbstractApplicationContext.finishBeanFactoryInitialization(AbstractApplicationContext.java:991) ~[spring-context-6.2.19.jar!/:6.2.19]
	at org.springframework.context.support.AbstractApplicationContext.refresh(AbstractApplicationContext.java:628) ~[spring-context-6.2.19.jar!/:6.2.19]
	at org.springframework.boot.web.servlet.context.ServletWebServerApplicationContext.refresh(ServletWebServerApplicationContext.java:146) ~[spring-boot-3.5.16.jar!/:3.5.16]
	at org.springframework.boot.SpringApplication.refresh(SpringApplication.java:752) ~[spring-boot-3.5.16.jar!/:3.5.16]
	at org.springframework.boot.SpringApplication.refreshContext(SpringApplication.java:439) ~[spring-boot-3.5.16.jar!/:3.5.16]
	at org.springframework.boot.SpringApplication.run(SpringApplication.java:318) ~[spring-boot-3.5.16.jar!/:3.5.16]
	at org.springframework.boot.SpringApplication.run(SpringApplication.java:1361) ~[spring-boot-3.5.16.jar!/:3.5.16]
	at org.springframework.boot.SpringApplication.run(SpringApplication.java:1350) ~[spring-boot-3.5.16.jar!/:3.5.16]
	at com.alibaba.qwen.code.managedagent.ManagedAgentServerApplication.main(ManagedAgentServerApplication.java:13) ~[!/:0.1.0-alpha]
	at java.base/jdk.internal.reflect.DirectMethodHandleAccessor.invoke(DirectMethodHandleAccessor.java:103) ~[na:na]
	at java.base/java.lang.reflect.Method.invoke(Method.java:580) ~[na:na]
	at org.springframework.boot.loader.launch.Launcher.launch(Launcher.java:106) ~[qwen-managed-agent-server-0.1.0-alpha.jar:0.1.0-alpha]
	at org.springframework.boot.loader.launch.Launcher.launch(Launcher.java:64) ~[qwen-managed-agent-server-0.1.0-alpha.jar:0.1.0-alpha]
	at org.springframework.boot.loader.launch.JarLauncher.main(JarLauncher.java:40) ~[qwen-managed-agent-server-0.1.0-alpha.jar:0.1.0-alpha]
Caused by: org.springframework.beans.factory.UnsatisfiedDependencyException: Error creating bean with name 'managedActionService' defined in URL [jar:nested:/Users/wenshao/pr13174-rig/wt/packages/sdk-java/managed-agent-server/target/qwen-managed-agent-server-0.1.0-alpha.jar/!BOOT-INF/classes/!/com/alibaba/qwen/code/managedagent/service/ManagedActionService.class]: Unsatisfied dependency expressed through constructor parameter 0: Error creating bean with name 'managedAgentService' defined in URL [jar:nested:/Users/wenshao/pr13174-rig/wt/packages/sdk-java/managed-agent-server/target/qwen-managed-agent-server-0.1.0-alpha.jar/!BOOT-INF/classes/!/com/alibaba/qwen/code/managedagent/service/ManagedAgentService.class]: Unsatisfied dependency expressed through constructor parameter 2: Error creating bean with name 'harnessCoordinator' defined in URL [jar:nested:/Users/wenshao/pr13174-rig/wt/packages/sdk-java/managed-agent-server/target/qwen-managed-agent-server-0.1.0-alpha.jar/!BOOT-INF/classes/!/com/alibaba/qwen/code/managedagent/service/HarnessCoordinator.class]: Unsatisfied dependency expressed through constructor parameter 3: Error creating bean with name 'embeddedRuntimeBroker' defined in class path resource [com/alibaba/qwen/code/managedagent/config/RuntimeBrokerConfiguration.class]: Failed to instantiate [com.alibaba.qwen.code.managedagent.service.EmbeddedRuntimeBroker]: Factory method 'embeddedRuntimeBroker' threw exception with message: Trusted Linux host/boot identity is unavailable
	at org.springframework.beans.factory.support.ConstructorResolver.createArgumentArray(ConstructorResolver.java:804) ~[spring-beans-6.2.19.jar!/:6.2.19]
	at org.springframework.beans.factory.support.ConstructorResolver.autowireConstructor(ConstructorResolver.java:240) ~[spring-beans-6.2.19.jar!/:6.2.19]
	at org.springframework.beans.factory.support.AbstractAutowireCapableBeanFactory.autowireConstructor(AbstractAutowireCapableBeanFactory.java:1393) ~[spring-beans-6.2.19.jar!/:6.2.19]
	at org.springframework.beans.factory.support.AbstractAutowireCapableBeanFactory.createBeanInstance(AbstractAutowireCapableBeanFactory.java:1230) ~[spring-beans-6.2.19.jar!/:6.2.19]
	at org.springframework.beans.factory.support.AbstractAutowireCapableBeanFactory.doCreateBean(AbstractAutowireCapableBeanFactory.java:569) ~[spring-beans-6.2.19.jar!/:6.2.19]
	at org.springframework.beans.factory.support.AbstractAutowireCapableBeanFactory.createBean(AbstractAutowireCapableBeanFactory.java:529) ~[spring-beans-6.2.19.jar!/:6.2.19]
	at org.springframework.beans.factory.support.AbstractBeanFactory.lambda$doGetBean$0(AbstractBeanFactory.java:339) ~[spring-beans-6.2.19.jar!/:6.2.19]
	at org.springframework.beans.factory.support.DefaultSingletonBeanRegistry.getSingleton(DefaultSingletonBeanRegistry.java:373) ~[spring-beans-6.2.19.jar!/:6.2.19]
	at org.springframework.beans.factory.support.AbstractBeanFactory.doGetBean(AbstractBeanFactory.java:337) ~[spring-beans-6.2.19.jar!/:6.2.19]
	at org.springframework.beans.factory.support.AbstractBeanFactory.getBean(AbstractBeanFactory.java:202) ~[spring-beans-6.2.19.jar!/:6.2.19]
	at org.springframework.beans.factory.config.DependencyDescriptor.resolveCandidate(DependencyDescriptor.java:254) ~[spring-beans-6.2.19.jar!/:6.2.19]
	at org.springframework.beans.factory.support.DefaultListableBeanFactory.doResolveDependency(DefaultListableBeanFactory.java:1777) ~[spring-beans-6.2.19.jar!/:6.2.19]
	at org.springframework.beans.factory.support.DefaultListableBeanFactory.resolveDependency(DefaultListableBeanFactory.java:1660) ~[spring-beans-6.2.19.jar!/:6.2.19]
	at org.springframework.beans.factory.support.ConstructorResolver.resolveAutowiredArgument(ConstructorResolver.java:913) ~[spring-beans-6.2.19.jar!/:6.2.19]
	at org.springframework.beans.factory.support.ConstructorResolver.createArgumentArray(ConstructorResolver.java:791) ~[spring-beans-6.2.19.jar!/:6.2.19]
	... 26 common frames omitted
Caused by: org.springframework.beans.factory.UnsatisfiedDependencyException: Error creating bean with name 'managedAgentService' defined in URL [jar:nested:/Users/wenshao/pr13174-rig/wt/packages/sdk-java/managed-agent-server/target/qwen-managed-agent-server-0.1.0-alpha.jar/!BOOT-INF/classes/!/com/alibaba/qwen/code/managedagent/service/ManagedAgentService.class]: Unsatisfied dependency expressed through constructor parameter 2: Error creating bean with name 'harnessCoordinator' defined in URL [jar:nested:/Users/wenshao/pr13174-rig/wt/packages/sdk-java/managed-agent-server/target/qwen-managed-agent-server-0.1.0-alpha.jar/!BOOT-INF/classes/!/com/alibaba/qwen/code/managedagent/service/HarnessCoordinator.class]: Unsatisfied dependency expressed through constructor parameter 3: Error creating bean with name 'embeddedRuntimeBroker' defined in class path resource [com/alibaba/qwen/code/managedagent/config/RuntimeBrokerConfiguration.class]: Failed to instantiate [com.alibaba.qwen.code.managedagent.service.EmbeddedRuntimeBroker]: Factory method 'embeddedRuntimeBroker' threw exception with message: Trusted Linux host/boot identity is unavailable
	at org.springframework.beans.factory.support.ConstructorResolver.createArgumentArray(ConstructorResolver.java:804) ~[spring-beans-6.2.19.jar!/:6.2.19]
	at org.springframework.beans.factory.support.ConstructorResolver.autowireConstructor(ConstructorResolver.java:240) ~[spring-beans-6.2.19.jar!/:6.2.19]
	at org.springframework.beans.factory.support.AbstractAutowireCapableBeanFactory.autowireConstructor(AbstractAutowireCapableBeanFactory.java:1393) ~[spring-beans-6.2.19.jar!/:6.2.19]
	at org.springframework.beans.factory.support.AbstractAutowireCapableBeanFactory.createBeanInstance(AbstractAutowireCapableBeanFactory.java:1230) ~[spring-beans-6.2.19.jar!/:6.2.19]
	at org.springframework.beans.factory.support.AbstractAutowireCapableBeanFactory.doCreateBean(AbstractAutowireCapableBeanFactory.java:569) ~[spring-beans-6.2.19.jar!/:6.2.19]
	at org.springframework.beans.factory.support.AbstractAutowireCapableBeanFactory.createBean(AbstractAutowireCapableBeanFactory.java:529) ~[spring-beans-6.2.19.jar!/:6.2.19]
	at org.springframework.beans.factory.support.AbstractBeanFactory.lambda$doGetBean$0(AbstractBeanFactory.java:339) ~[spring-beans-6.2.19.jar!/:6.2.19]
	at org.springframework.beans.factory.support.DefaultSingletonBeanRegistry.getSingleton(DefaultSingletonBeanRegistry.java:373) ~[spring-beans-6.2.19.jar!/:6.2.19]
	at org.springframework.beans.factory.support.AbstractBeanFactory.doGetBean(AbstractBeanFactory.java:337) ~[spring-beans-6.2.19.jar!/:6.2.19]
	at org.springframework.beans.factory.support.AbstractBeanFactory.getBean(AbstractBeanFactory.java:202) ~[spring-beans-6.2.19.jar!/:6.2.19]
	at org.springframework.beans.factory.config.DependencyDescriptor.resolveCandidate(DependencyDescriptor.java:254) ~[spring-beans-6.2.19.jar!/:6.2.19]
	at org.springframework.beans.factory.support.DefaultListableBeanFactory.doResolveDependency(DefaultListableBeanFactory.java:1777) ~[spring-beans-6.2.19.jar!/:6.2.19]
	at org.springframework.beans.factory.support.DefaultListableBeanFactory.resolveDependency(DefaultListableBeanFactory.java:1660) ~[spring-beans-6.2.19.jar!/:6.2.19]
	at org.springframework.beans.factory.support.ConstructorResolver.resolveAutowiredArgument(ConstructorResolver.java:913) ~[spring-beans-6.2.19.jar!/:6.2.19]
	at org.springframework.beans.factory.support.ConstructorResolver.createArgumentArray(ConstructorResolver.java:791) ~[spring-beans-6.2.19.jar!/:6.2.19]
	... 40 common frames omitted
Caused by: org.springframework.beans.factory.UnsatisfiedDependencyException: Error creating bean with name 'harnessCoordinator' defined in URL [jar:nested:/Users/wenshao/pr13174-rig/wt/packages/sdk-java/managed-agent-server/target/qwen-managed-agent-server-0.1.0-alpha.jar/!BOOT-INF/classes/!/com/alibaba/qwen/code/managedagent/service/HarnessCoordinator.class]: Unsatisfied dependency expressed through constructor parameter 3: Error creating bean with name 'embeddedRuntimeBroker' defined in class path resource [com/alibaba/qwen/code/managedagent/config/RuntimeBrokerConfiguration.class]: Failed to instantiate [com.alibaba.qwen.code.managedagent.service.EmbeddedRuntimeBroker]: Factory method 'embeddedRuntimeBroker' threw exception with message: Trusted Linux host/boot identity is unavailable
	at org.springframework.beans.factory.support.ConstructorResolver.createArgumentArray(ConstructorResolver.java:804) ~[spring-beans-6.2.19.jar!/:6.2.19]
	at org.springframework.beans.factory.support.ConstructorResolver.autowireConstructor(ConstructorResolver.java:240) ~[spring-beans-6.2.19.jar!/:6.2.19]
	at org.springframework.beans.factory.support.AbstractAutowireCapableBeanFactory.autowireConstructor(AbstractAutowireCapableBeanFactory.java:1393) ~[spring-beans-6.2.19.jar!/:6.2.19]
	at org.springframework.beans.factory.support.AbstractAutowireCapableBeanFactory.createBeanInstance(AbstractAutowireCapableBeanFactory.java:1230) ~[spring-beans-6.2.19.jar!/:6.2.19]
	at org.springframework.beans.factory.support.AbstractAutowireCapableBeanFactory.doCreateBean(AbstractAutowireCapableBeanFactory.java:569) ~[spring-beans-6.2.19.jar!/:6.2.19]
	at org.springframework.beans.factory.support.AbstractAutowireCapableBeanFactory.createBean(AbstractAutowireCapableBeanFactory.java:529) ~[spring-beans-6.2.19.jar!/:6.2.19]
	at org.springframework.beans.factory.support.AbstractBeanFactory.lambda$doGetBean$0(AbstractBeanFactory.java:339) ~[spring-beans-6.2.19.jar!/:6.2.19]
	at org.springframework.beans.factory.support.DefaultSingletonBeanRegistry.getSingleton(DefaultSingletonBeanRegistry.java:373) ~[spring-beans-6.2.19.jar!/:6.2.19]
	at org.springframework.beans.factory.support.AbstractBeanFactory.doGetBean(AbstractBeanFactory.java:337) ~[spring-beans-6.2.19.jar!/:6.2.19]
	at org.springframework.beans.factory.support.AbstractBeanFactory.getBean(AbstractBeanFactory.java:202) ~[spring-beans-6.2.19.jar!/:6.2.19]
	at org.springframework.beans.factory.config.DependencyDescriptor.resolveCandidate(DependencyDescriptor.java:254) ~[spring-beans-6.2.19.jar!/:6.2.19]
	at org.springframework.beans.factory.support.DefaultListableBeanFactory.doResolveDependency(DefaultListableBeanFactory.java:1777) ~[spring-beans-6.2.19.jar!/:6.2.19]
	at org.springframework.beans.factory.support.DefaultListableBeanFactory.resolveDependency(DefaultListableBeanFactory.java:1660) ~[spring-beans-6.2.19.jar!/:6.2.19]
	at org.springframework.beans.factory.support.ConstructorResolver.resolveAutowiredArgument(ConstructorResolver.java:913) ~[spring-beans-6.2.19.jar!/:6.2.19]
	at org.springframework.beans.factory.support.ConstructorResolver.createArgumentArray(ConstructorResolver.java:791) ~[spring-beans-6.2.19.jar!/:6.2.19]
	... 54 common frames omitted
Caused by: org.springframework.beans.factory.BeanCreationException: Error creating bean with name 'embeddedRuntimeBroker' defined in class path resource [com/alibaba/qwen/code/managedagent/config/RuntimeBrokerConfiguration.class]: Failed to instantiate [com.alibaba.qwen.code.managedagent.service.EmbeddedRuntimeBroker]: Factory method 'embeddedRuntimeBroker' threw exception with message: Trusted Linux host/boot identity is unavailable
	at org.springframework.beans.factory.support.ConstructorResolver.instantiate(ConstructorResolver.java:657) ~[spring-beans-6.2.19.jar!/:6.2.19]
	at org.springframework.beans.factory.support.ConstructorResolver.instantiateUsingFactoryMethod(ConstructorResolver.java:645) ~[spring-beans-6.2.19.jar!/:6.2.19]
	at org.springframework.beans.factory.support.AbstractAutowireCapableBeanFactory.instantiateUsingFactoryMethod(AbstractAutowireCapableBeanFactory.java:1373) ~[spring-beans-6.2.19.jar!/:6.2.19]
	at org.springframework.beans.factory.support.AbstractAutowireCapableBeanFactory.createBeanInstance(AbstractAutowireCapableBeanFactory.java:1203) ~[spring-beans-6.2.19.jar!/:6.2.19]
	at org.springframework.beans.factory.support.AbstractAutowireCapableBeanFactory.doCreateBean(AbstractAutowireCapableBeanFactory.java:569) ~[spring-beans-6.2.19.jar!/:6.2.19]
	at org.springframework.beans.factory.support.AbstractAutowireCapableBeanFactory.createBean(AbstractAutowireCapableBeanFactory.java:529) ~[spring-beans-6.2.19.jar!/:6.2.19]
	at org.springframework.beans.factory.support.AbstractBeanFactory.lambda$doGetBean$0(AbstractBeanFactory.java:339) ~[spring-beans-6.2.19.jar!/:6.2.19]
	at org.springframework.beans.factory.support.DefaultSingletonBeanRegistry.getSingleton(DefaultSingletonBeanRegistry.java:373) ~[spring-beans-6.2.19.jar!/:6.2.19]
	at org.springframework.beans.factory.support.AbstractBeanFactory.doGetBean(AbstractBeanFactory.java:337) ~[spring-beans-6.2.19.jar!/:6.2.19]
	at org.springframework.beans.factory.support.AbstractBeanFactory.getBean(AbstractBeanFactory.java:202) ~[spring-beans-6.2.19.jar!/:6.2.19]
	at org.springframework.beans.factory.config.DependencyDescriptor.resolveCandidate(DependencyDescriptor.java:254) ~[spring-beans-6.2.19.jar!/:6.2.19]
	at org.springframework.beans.factory.support.DefaultListableBeanFactory.doResolveDependency(DefaultListableBeanFactory.java:1777) ~[spring-beans-6.2.19.jar!/:6.2.19]
	at org.springframework.beans.factory.support.DefaultListableBeanFactory.resolveDependency(DefaultListableBeanFactory.java:1660) ~[spring-beans-6.2.19.jar!/:6.2.19]
	at org.springframework.beans.factory.support.ConstructorResolver.resolveAutowiredArgument(ConstructorResolver.java:913) ~[spring-beans-6.2.19.jar!/:6.2.19]
	at org.springframework.beans.factory.support.ConstructorResolver.createArgumentArray(ConstructorResolver.java:791) ~[spring-beans-6.2.19.jar!/:6.2.19]
	... 68 common frames omitted
Caused by: org.springframework.beans.BeanInstantiationException: Failed to instantiate [com.alibaba.qwen.code.managedagent.service.EmbeddedRuntimeBroker]: Factory method 'embeddedRuntimeBroker' threw exception with message: Trusted Linux host/boot identity is unavailable
	at org.springframework.beans.factory.support.SimpleInstantiationStrategy.lambda$instantiate$0(SimpleInstantiationStrategy.java:200) ~[spring-beans-6.2.19.jar!/:6.2.19]
	at org.springframework.beans.factory.support.SimpleInstantiationStrategy.instantiateWithFactoryMethod(SimpleInstantiationStrategy.java:89) ~[spring-beans-6.2.19.jar!/:6.2.19]
	at org.springframework.beans.factory.support.SimpleInstantiationStrategy.instantiate(SimpleInstantiationStrategy.java:169) ~[spring-beans-6.2.19.jar!/:6.2.19]
	at org.springframework.beans.factory.support.ConstructorResolver.instantiate(ConstructorResolver.java:653) ~[spring-beans-6.2.19.jar!/:6.2.19]
	... 82 common frames omitted
Caused by: java.lang.IllegalStateException: Trusted Linux host/boot identity is unavailable
	at com.alibaba.qwen.code.runtimebroker.LocalRuntimeStore$HostIdentity.linux(LocalRuntimeStore.java:55) ~[qwen-managed-runtime-broker-0.1.0-alpha.jar!/:na]
	at com.alibaba.qwen.code.runtimebroker.LocalProcessRuntimeProvisioner.durable(LocalProcessRuntimeProvisioner.java:79) ~[qwen-managed-runtime-broker-0.1.0-alpha.jar!/:na]
	at com.alibaba.qwen.code.managedagent.service.EmbeddedRuntimeBroker.provisioner(EmbeddedRuntimeBroker.java:246) ~[!/:0.1.0-alpha]
	at com.alibaba.qwen.code.managedagent.service.EmbeddedRuntimeBroker.<init>(EmbeddedRuntimeBroker.java:97) ~[!/:0.1.0-alpha]
	at com.alibaba.qwen.code.managedagent.config.RuntimeBrokerConfiguration.embeddedRuntimeBroker(RuntimeBrokerConfiguration.java:79) ~[!/:0.1.0-alpha]
	at com.alibaba.qwen.code.managedagent.config.RuntimeBrokerConfiguration$$SpringCGLIB$$0.CGLIB$embeddedRuntimeBroker$0(<generated>) ~[!/:0.1.0-alpha]
	at com.alibaba.qwen.code.managedagent.config.RuntimeBrokerConfiguration$$SpringCGLIB$$FastClass$$1.invoke(<generated>) ~[!/:0.1.0-alpha]
	at org.springframework.cglib.proxy.MethodProxy.invokeSuper(MethodProxy.java:258) ~[spring-core-6.2.19.jar!/:6.2.19]
	at org.springframework.context.annotation.ConfigurationClassEnhancer$BeanMethodInterceptor.intercept(ConfigurationClassEnhancer.java:400) ~[spring-context-6.2.19.jar!/:6.2.19]
	at com.alibaba.qwen.code.managedagent.config.RuntimeBrokerConfiguration$$SpringCGLIB$$0.embeddedRuntimeBroker(<generated>) ~[!/:0.1.0-alpha]
	at java.base/jdk.internal.reflect.DirectMethodHandleAccessor.invoke(DirectMethodHandleAccessor.java:103) ~[na:na]
	at java.base/java.lang.reflect.Method.invoke(Method.java:580) ~[na:na]
	at org.springframework.beans.factory.support.SimpleInstantiationStrategy.lambda$instantiate$0(SimpleInstantiationStrategy.java:172) ~[spring-beans-6.2.19.jar!/:6.2.19]
	... 85 common frames omitted
Caused by: java.io.IOException: Durable local workers require Linux
	at com.alibaba.qwen.code.runtimebroker.LocalRuntimeStore$HostIdentity.linux(LocalRuntimeStore.java:48) ~[qwen-managed-runtime-broker-0.1.0-alpha.jar!/:na]
	... 97 common frames omitted


    at waitUntil (/Users/wenshao/pr13174-rig/wt/scripts/run-managed-agent-server-e2e.ts:543:13)
    at async <anonymous> (/Users/wenshao/pr13174-rig/wt/scripts/run-managed-agent-server-e2e.ts:884:3)

Node.js v22.23.2
