1790802966535	1	escaped writer pid	REJECT	false
1790802966588	1	escaped writer pid	REJECT	false
1790802966639	1	escaped writer pid	REJECT	false
1790802966689	1	escaped writer pid	REJECT	false
1790802966739	1	escaped writer pid	ACCEPT	true
1790802966765	1	escaped writer output	REJECT	false
1790802966820	1	escaped writer output	REJECT	false
1790802966870	1	escaped writer output	ACCEPT	true
1790802969476	1	original worker loss after recovery fencing	ACCEPT	Reply[ok=false, value=null, status=503, code=runtime_broker_runtime_lost, retryable=true, message=Runtime is lost; recovery requires complete evidence and cleanup]
1790802969669	1	escaped writer continues after loss; the physical pin must remain	REJECT	57
1790802969724	1	escaped writer continues after loss; the physical pin must remain	ACCEPT	58
1790802974818	1	escaped writer pid	REJECT	false
1790802974871	1	escaped writer pid	REJECT	false
1790802974921	1	escaped writer pid	REJECT	false
1790802974976	1	escaped writer pid	REJECT	false
1790802975026	1	escaped writer pid	REJECT	false
1790802975076	1	escaped writer pid	REJECT	false
1790802975127	1	escaped writer pid	ACCEPT	true
1790802975134	1	escaped writer output	REJECT	false
1790802975184	1	escaped writer output	ACCEPT	true
1790802977518	1	original worker loss after recovery fencing	ACCEPT	Reply[ok=false, value=null, status=503, code=runtime_broker_runtime_lost, retryable=true, message=Runtime is lost; recovery requires complete evidence and cleanup]
1790802977576	1	escaped writer continues after loss; the physical pin must remain	REJECT	48
1790802977632	1	escaped writer continues after loss; the physical pin must remain	ACCEPT	49
1790802982111	1	marker = [start]	REJECT	[]
1790802982164	1	marker = [start]	REJECT	[]
1790802982214	1	marker = [start]	REJECT	[]
1790802982267	1	marker = [start]	ACCEPT	[start]
1790802982372	1	UNKNOWN execution	REJECT	com.alibaba.qwen.code.runtimebroker.ToolExecutionRecord@5f3b9c57
1790802982464	1	UNKNOWN execution	ACCEPT	com.alibaba.qwen.code.runtimebroker.ToolExecutionRecord@2cf23c81
1790802991620	1	marker = [start]	REJECT	[]
1790802991670	1	marker = [start]	REJECT	[]
1790802991724	1	marker = [start]	REJECT	[]
1790802991774	1	marker = [start]	REJECT	[]
1790802991824	1	marker = [start]	ACCEPT	[start]
1790802993742	1	original Runtime loss after recovery fencing	ACCEPT	Reply[ok=false, value=null, status=503, code=runtime_broker_runtime_lost, retryable=true, message=Runtime is lost; recovery requires complete evidence and cleanup]
1790803004016	1	dispatch lease of af3a7dd3-05a5-4cb8-a0c2-2cf1a78db5f9 lapsed	REJECT	com.alibaba.qwen.code.runtimebroker.ToolExecutionRecord@31024624
1790803004121	1	dispatch lease of af3a7dd3-05a5-4cb8-a0c2-2cf1a78db5f9 lapsed	REJECT	com.alibaba.qwen.code.runtimebroker.ToolExecutionRecord@63cd604c
1790803004224	1	dispatch lease of af3a7dd3-05a5-4cb8-a0c2-2cf1a78db5f9 lapsed	REJECT	com.alibaba.qwen.code.runtimebroker.ToolExecutionRecord@6a1d204a
1790803004313	1	dispatch lease of af3a7dd3-05a5-4cb8-a0c2-2cf1a78db5f9 lapsed	REJECT	com.alibaba.qwen.code.runtimebroker.ToolExecutionRecord@6fff253c
1790803004420	1	dispatch lease of af3a7dd3-05a5-4cb8-a0c2-2cf1a78db5f9 lapsed	REJECT	com.alibaba.qwen.code.runtimebroker.ToolExecutionRecord@3954d008
1790803004533	1	dispatch lease of af3a7dd3-05a5-4cb8-a0c2-2cf1a78db5f9 lapsed	REJECT	com.alibaba.qwen.code.runtimebroker.ToolExecutionRecord@72ccd81a
1790803004622	1	dispatch lease of af3a7dd3-05a5-4cb8-a0c2-2cf1a78db5f9 lapsed	REJECT	com.alibaba.qwen.code.runtimebroker.ToolExecutionRecord@493dfb8e
1790803004724	1	dispatch lease of af3a7dd3-05a5-4cb8-a0c2-2cf1a78db5f9 lapsed	REJECT	com.alibaba.qwen.code.runtimebroker.ToolExecutionRecord@9d157ff
1790803004828	1	dispatch lease of af3a7dd3-05a5-4cb8-a0c2-2cf1a78db5f9 lapsed	REJECT	com.alibaba.qwen.code.runtimebroker.ToolExecutionRecord@7c041b41
1790803004924	1	dispatch lease of af3a7dd3-05a5-4cb8-a0c2-2cf1a78db5f9 lapsed	REJECT	com.alibaba.qwen.code.runtimebroker.ToolExecutionRecord@1cb3ec38
1790803005020	1	dispatch lease of af3a7dd3-05a5-4cb8-a0c2-2cf1a78db5f9 lapsed	REJECT	com.alibaba.qwen.code.runtimebroker.ToolExecutionRecord@2cab9998
1790803005103	1	dispatch lease of af3a7dd3-05a5-4cb8-a0c2-2cf1a78db5f9 lapsed	REJECT	com.alibaba.qwen.code.runtimebroker.ToolExecutionRecord@3a1d593e
1790803005229	1	dispatch lease of af3a7dd3-05a5-4cb8-a0c2-2cf1a78db5f9 lapsed	REJECT	com.alibaba.qwen.code.runtimebroker.ToolExecutionRecord@7859e786
1790803005348	1	dispatch lease of af3a7dd3-05a5-4cb8-a0c2-2cf1a78db5f9 lapsed	REJECT	com.alibaba.qwen.code.runtimebroker.ToolExecutionRecord@664a9613
1790803005450	1	dispatch lease of af3a7dd3-05a5-4cb8-a0c2-2cf1a78db5f9 lapsed	REJECT	com.alibaba.qwen.code.runtimebroker.ToolExecutionRecord@7876d598
1790803005552	1	dispatch lease of af3a7dd3-05a5-4cb8-a0c2-2cf1a78db5f9 lapsed	REJECT	com.alibaba.qwen.code.runtimebroker.ToolExecutionRecord@71104a4
1790803005637	1	dispatch lease of af3a7dd3-05a5-4cb8-a0c2-2cf1a78db5f9 lapsed	REJECT	com.alibaba.qwen.code.runtimebroker.ToolExecutionRecord@3c9168dc
1790803005735	1	dispatch lease of af3a7dd3-05a5-4cb8-a0c2-2cf1a78db5f9 lapsed	REJECT	com.alibaba.qwen.code.runtimebroker.ToolExecutionRecord@54361a9
1790803005836	1	dispatch lease of af3a7dd3-05a5-4cb8-a0c2-2cf1a78db5f9 lapsed	REJECT	com.alibaba.qwen.code.runtimebroker.ToolExecutionRecord@37ebc9d8
1790803005915	1	dispatch lease of af3a7dd3-05a5-4cb8-a0c2-2cf1a78db5f9 lapsed	REJECT	com.alibaba.qwen.code.runtimebroker.ToolExecutionRecord@6fa590ba
1790803005999	1	dispatch lease of af3a7dd3-05a5-4cb8-a0c2-2cf1a78db5f9 lapsed	REJECT	com.alibaba.qwen.code.runtimebroker.ToolExecutionRecord@7bf9b098
1790803006125	1	dispatch lease of af3a7dd3-05a5-4cb8-a0c2-2cf1a78db5f9 lapsed	ACCEPT	com.alibaba.qwen.code.runtimebroker.ToolExecutionRecord@1fc0053e
1790803012913	1	marker = [start]	REJECT	[]
1790803012968	1	marker = [start]	REJECT	[]
1790803013018	1	marker = [start]	REJECT	[]
1790803013070	1	marker = [start]	ACCEPT	[start]
1790803014115	1	dispatch lease of fb1e589c-d3ca-419e-bded-a5f160d2db0a lapsed	REJECT	com.alibaba.qwen.code.runtimebroker.ToolExecutionRecord@1bdf8190
1790803014236	1	dispatch lease of fb1e589c-d3ca-419e-bded-a5f160d2db0a lapsed	REJECT	com.alibaba.qwen.code.runtimebroker.ToolExecutionRecord@c65a5ef
1790803014344	1	dispatch lease of fb1e589c-d3ca-419e-bded-a5f160d2db0a lapsed	REJECT	com.alibaba.qwen.code.runtimebroker.ToolExecutionRecord@2fab4aff
1790803014428	1	dispatch lease of fb1e589c-d3ca-419e-bded-a5f160d2db0a lapsed	REJECT	com.alibaba.qwen.code.runtimebroker.ToolExecutionRecord@5cc69cfe
1790803014530	1	dispatch lease of fb1e589c-d3ca-419e-bded-a5f160d2db0a lapsed	REJECT	com.alibaba.qwen.code.runtimebroker.ToolExecutionRecord@7997b197
1790803014628	1	dispatch lease of fb1e589c-d3ca-419e-bded-a5f160d2db0a lapsed	REJECT	com.alibaba.qwen.code.runtimebroker.ToolExecutionRecord@55f3c410
1790803014715	1	dispatch lease of fb1e589c-d3ca-419e-bded-a5f160d2db0a lapsed	REJECT	com.alibaba.qwen.code.runtimebroker.ToolExecutionRecord@4a8ab068
1790803014815	1	dispatch lease of fb1e589c-d3ca-419e-bded-a5f160d2db0a lapsed	REJECT	com.alibaba.qwen.code.runtimebroker.ToolExecutionRecord@6bab2585
1790803014903	1	dispatch lease of fb1e589c-d3ca-419e-bded-a5f160d2db0a lapsed	REJECT	com.alibaba.qwen.code.runtimebroker.ToolExecutionRecord@532a02d9
1790803014992	1	dispatch lease of fb1e589c-d3ca-419e-bded-a5f160d2db0a lapsed	REJECT	com.alibaba.qwen.code.runtimebroker.ToolExecutionRecord@7cbee484
1790803015076	1	dispatch lease of fb1e589c-d3ca-419e-bded-a5f160d2db0a lapsed	REJECT	com.alibaba.qwen.code.runtimebroker.ToolExecutionRecord@4089713
1790803015166	1	dispatch lease of fb1e589c-d3ca-419e-bded-a5f160d2db0a lapsed	REJECT	com.alibaba.qwen.code.runtimebroker.ToolExecutionRecord@b91d8c4
1790803015265	1	dispatch lease of fb1e589c-d3ca-419e-bded-a5f160d2db0a lapsed	REJECT	com.alibaba.qwen.code.runtimebroker.ToolExecutionRecord@4fd4cae3
1790803015353	1	dispatch lease of fb1e589c-d3ca-419e-bded-a5f160d2db0a lapsed	REJECT	com.alibaba.qwen.code.runtimebroker.ToolExecutionRecord@3bde62ff
1790803015464	1	dispatch lease of fb1e589c-d3ca-419e-bded-a5f160d2db0a lapsed	REJECT	com.alibaba.qwen.code.runtimebroker.ToolExecutionRecord@319dead1
1790803015548	1	dispatch lease of fb1e589c-d3ca-419e-bded-a5f160d2db0a lapsed	REJECT	com.alibaba.qwen.code.runtimebroker.ToolExecutionRecord@754777cd
1790803015645	1	dispatch lease of fb1e589c-d3ca-419e-bded-a5f160d2db0a lapsed	REJECT	com.alibaba.qwen.code.runtimebroker.ToolExecutionRecord@4cc76301
1790803015741	1	dispatch lease of fb1e589c-d3ca-419e-bded-a5f160d2db0a lapsed	REJECT	com.alibaba.qwen.code.runtimebroker.ToolExecutionRecord@7de0c6ae
1790803015840	1	dispatch lease of fb1e589c-d3ca-419e-bded-a5f160d2db0a lapsed	REJECT	com.alibaba.qwen.code.runtimebroker.ToolExecutionRecord@7ef2d7a6
1790803015927	1	dispatch lease of fb1e589c-d3ca-419e-bded-a5f160d2db0a lapsed	REJECT	com.alibaba.qwen.code.runtimebroker.ToolExecutionRecord@21526f6c
1790803016029	1	dispatch lease of fb1e589c-d3ca-419e-bded-a5f160d2db0a lapsed	ACCEPT	com.alibaba.qwen.code.runtimebroker.ToolExecutionRecord@5471388b
1790803017702	1	reconciliation from evidence	ACCEPT	ALREADY_SETTLED
1790803026442	1	dispatch lease of e3b0beac-f3d3-4237-b5a1-bf0238f845d4 lapsed	REJECT	com.alibaba.qwen.code.runtimebroker.ToolExecutionRecord@eadb475
1790803026552	1	dispatch lease of e3b0beac-f3d3-4237-b5a1-bf0238f845d4 lapsed	REJECT	com.alibaba.qwen.code.runtimebroker.ToolExecutionRecord@3fc08eec
1790803026652	1	dispatch lease of e3b0beac-f3d3-4237-b5a1-bf0238f845d4 lapsed	REJECT	com.alibaba.qwen.code.runtimebroker.ToolExecutionRecord@25243bc1
1790803026743	1	dispatch lease of e3b0beac-f3d3-4237-b5a1-bf0238f845d4 lapsed	REJECT	com.alibaba.qwen.code.runtimebroker.ToolExecutionRecord@4201a617
1790803026804	1	dispatch lease of e3b0beac-f3d3-4237-b5a1-bf0238f845d4 lapsed	REJECT	com.alibaba.qwen.code.runtimebroker.ToolExecutionRecord@420bc288
1790803026908	1	dispatch lease of e3b0beac-f3d3-4237-b5a1-bf0238f845d4 lapsed	REJECT	com.alibaba.qwen.code.runtimebroker.ToolExecutionRecord@66b72664
1790803027036	1	dispatch lease of e3b0beac-f3d3-4237-b5a1-bf0238f845d4 lapsed	REJECT	com.alibaba.qwen.code.runtimebroker.ToolExecutionRecord@3be8821f
1790803027152	1	dispatch lease of e3b0beac-f3d3-4237-b5a1-bf0238f845d4 lapsed	REJECT	com.alibaba.qwen.code.runtimebroker.ToolExecutionRecord@bae47a0
1790803027236	1	dispatch lease of e3b0beac-f3d3-4237-b5a1-bf0238f845d4 lapsed	REJECT	com.alibaba.qwen.code.runtimebroker.ToolExecutionRecord@1c05a54d
1790803027353	1	dispatch lease of e3b0beac-f3d3-4237-b5a1-bf0238f845d4 lapsed	REJECT	com.alibaba.qwen.code.runtimebroker.ToolExecutionRecord@214894fc
1790803027460	1	dispatch lease of e3b0beac-f3d3-4237-b5a1-bf0238f845d4 lapsed	REJECT	com.alibaba.qwen.code.runtimebroker.ToolExecutionRecord@1c4ee95c
1790803027570	1	dispatch lease of e3b0beac-f3d3-4237-b5a1-bf0238f845d4 lapsed	REJECT	com.alibaba.qwen.code.runtimebroker.ToolExecutionRecord@6548bb7d
1790803027680	1	dispatch lease of e3b0beac-f3d3-4237-b5a1-bf0238f845d4 lapsed	REJECT	com.alibaba.qwen.code.runtimebroker.ToolExecutionRecord@1556f2dd
1790803027782	1	dispatch lease of e3b0beac-f3d3-4237-b5a1-bf0238f845d4 lapsed	REJECT	com.alibaba.qwen.code.runtimebroker.ToolExecutionRecord@49bd54f7
1790803027908	1	dispatch lease of e3b0beac-f3d3-4237-b5a1-bf0238f845d4 lapsed	REJECT	com.alibaba.qwen.code.runtimebroker.ToolExecutionRecord@5a12c728
1790803028020	1	dispatch lease of e3b0beac-f3d3-4237-b5a1-bf0238f845d4 lapsed	ACCEPT	com.alibaba.qwen.code.runtimebroker.ToolExecutionRecord@3d829787
1790803029588	1	reconciliation from evidence	ACCEPT	ALREADY_SETTLED
1790803033545	1	marker = [start]	REJECT	[]
1790803033595	1	marker = [start]	REJECT	[]
1790803033647	1	marker = [start]	REJECT	[]
1790803033697	1	marker = [start]	ACCEPT	[start]
1790803043143	1	marker = [start, end]	ACCEPT	[start, end]
1790803049433	1	startup adoption	ACCEPT	Reply[ok=true, value={"bindingId":"208958c3-e879-4417-9872-a2b30102c4ea","generation":1,"state":"READY"}, status=0, code=null, retryable=false, message=null]
1790803055809	1	startup adoption	ACCEPT	Reply[ok=true, value={"bindingId":"4ad42b46-9ff1-4c54-befc-5db4c42ef77a","generation":1,"state":"READY"}, status=0, code=null, retryable=false, message=null]
1790803060065	1	marker = [start]	REJECT	[]
1790803060115	1	marker = [start]	REJECT	[]
1790803060165	1	marker = [start]	REJECT	[]
1790803060217	1	marker = [start]	ACCEPT	[start]
1790803062084	1	original worker loss after recovery fencing	ACCEPT	Reply[ok=false, value=null, status=503, code=runtime_broker_runtime_lost, retryable=true, message=Runtime is lost; recovery requires complete evidence and cleanup]
1790803066434	1	project/marker = [start]	REJECT	[]
1790803066484	1	project/marker = [start]	REJECT	[]
1790803066535	1	project/marker = [start]	REJECT	[]
1790803066585	1	project/marker = [start]	REJECT	[]
1790803066635	1	project/marker = [start]	ACCEPT	[start]
1790803068513	1	original worker loss after recovery fencing	ACCEPT	Reply[ok=false, value=null, status=503, code=runtime_broker_runtime_lost, retryable=true, message=Runtime is lost; recovery requires complete evidence and cleanup]
1790803089025	1	marker = [start]	REJECT	[]
1790803089076	1	marker = [start]	REJECT	[]
1790803089126	1	marker = [start]	REJECT	[]
1790803089176	1	marker = [start]	ACCEPT	[start]
1790803091573	1	dispatch lease of 670f463f-61a2-4c55-9c30-380e1dd3368b lapsed	REJECT	com.alibaba.qwen.code.runtimebroker.ToolExecutionRecord@632aa1a3
1790803091644	1	dispatch lease of 670f463f-61a2-4c55-9c30-380e1dd3368b lapsed	REJECT	com.alibaba.qwen.code.runtimebroker.ToolExecutionRecord@2899a8db
1790803091738	1	dispatch lease of 670f463f-61a2-4c55-9c30-380e1dd3368b lapsed	REJECT	com.alibaba.qwen.code.runtimebroker.ToolExecutionRecord@76b0ae1b
1790803091820	1	dispatch lease of 670f463f-61a2-4c55-9c30-380e1dd3368b lapsed	REJECT	com.alibaba.qwen.code.runtimebroker.ToolExecutionRecord@12365c88
1790803091924	1	dispatch lease of 670f463f-61a2-4c55-9c30-380e1dd3368b lapsed	REJECT	com.alibaba.qwen.code.runtimebroker.ToolExecutionRecord@77e2a6e2
1790803092028	1	dispatch lease of 670f463f-61a2-4c55-9c30-380e1dd3368b lapsed	REJECT	com.alibaba.qwen.code.runtimebroker.ToolExecutionRecord@6e0d4a8
1790803092139	1	dispatch lease of 670f463f-61a2-4c55-9c30-380e1dd3368b lapsed	REJECT	com.alibaba.qwen.code.runtimebroker.ToolExecutionRecord@5bb3d42d
1790803092252	1	dispatch lease of 670f463f-61a2-4c55-9c30-380e1dd3368b lapsed	REJECT	com.alibaba.qwen.code.runtimebroker.ToolExecutionRecord@b273a59
1790803092339	1	dispatch lease of 670f463f-61a2-4c55-9c30-380e1dd3368b lapsed	REJECT	com.alibaba.qwen.code.runtimebroker.ToolExecutionRecord@29b732a2
1790803092436	1	dispatch lease of 670f463f-61a2-4c55-9c30-380e1dd3368b lapsed	REJECT	com.alibaba.qwen.code.runtimebroker.ToolExecutionRecord@15051a0
1790803092537	1	dispatch lease of 670f463f-61a2-4c55-9c30-380e1dd3368b lapsed	REJECT	com.alibaba.qwen.code.runtimebroker.ToolExecutionRecord@62df0ff3
1790803092648	1	dispatch lease of 670f463f-61a2-4c55-9c30-380e1dd3368b lapsed	REJECT	com.alibaba.qwen.code.runtimebroker.ToolExecutionRecord@26f3d90c
1790803092748	1	dispatch lease of 670f463f-61a2-4c55-9c30-380e1dd3368b lapsed	REJECT	com.alibaba.qwen.code.runtimebroker.ToolExecutionRecord@74518890
1790803092860	1	dispatch lease of 670f463f-61a2-4c55-9c30-380e1dd3368b lapsed	REJECT	com.alibaba.qwen.code.runtimebroker.ToolExecutionRecord@14c053c6
1790803092952	1	dispatch lease of 670f463f-61a2-4c55-9c30-380e1dd3368b lapsed	REJECT	com.alibaba.qwen.code.runtimebroker.ToolExecutionRecord@6134ac4a
1790803093052	1	dispatch lease of 670f463f-61a2-4c55-9c30-380e1dd3368b lapsed	REJECT	com.alibaba.qwen.code.runtimebroker.ToolExecutionRecord@73e132e0
1790803093140	1	dispatch lease of 670f463f-61a2-4c55-9c30-380e1dd3368b lapsed	REJECT	com.alibaba.qwen.code.runtimebroker.ToolExecutionRecord@589b028e
1790803093233	1	dispatch lease of 670f463f-61a2-4c55-9c30-380e1dd3368b lapsed	REJECT	com.alibaba.qwen.code.runtimebroker.ToolExecutionRecord@3b809711
1790803093297	1	dispatch lease of 670f463f-61a2-4c55-9c30-380e1dd3368b lapsed	REJECT	com.alibaba.qwen.code.runtimebroker.ToolExecutionRecord@5c84624f
1790803093379	1	dispatch lease of 670f463f-61a2-4c55-9c30-380e1dd3368b lapsed	REJECT	com.alibaba.qwen.code.runtimebroker.ToolExecutionRecord@55a8dc49
1790803093447	1	dispatch lease of 670f463f-61a2-4c55-9c30-380e1dd3368b lapsed	REJECT	com.alibaba.qwen.code.runtimebroker.ToolExecutionRecord@71ea1fda
1790803093552	1	dispatch lease of 670f463f-61a2-4c55-9c30-380e1dd3368b lapsed	REJECT	com.alibaba.qwen.code.runtimebroker.ToolExecutionRecord@7e11ab3d
1790803093656	1	dispatch lease of 670f463f-61a2-4c55-9c30-380e1dd3368b lapsed	REJECT	com.alibaba.qwen.code.runtimebroker.ToolExecutionRecord@5b43e173
1790803093760	1	dispatch lease of 670f463f-61a2-4c55-9c30-380e1dd3368b lapsed	REJECT	com.alibaba.qwen.code.runtimebroker.ToolExecutionRecord@66f66866
1790803093872	1	dispatch lease of 670f463f-61a2-4c55-9c30-380e1dd3368b lapsed	REJECT	com.alibaba.qwen.code.runtimebroker.ToolExecutionRecord@6594402a
1790803093972	1	dispatch lease of 670f463f-61a2-4c55-9c30-380e1dd3368b lapsed	REJECT	com.alibaba.qwen.code.runtimebroker.ToolExecutionRecord@3e1162e7
1790803094084	1	dispatch lease of 670f463f-61a2-4c55-9c30-380e1dd3368b lapsed	REJECT	com.alibaba.qwen.code.runtimebroker.ToolExecutionRecord@350b3a17
1790803094180	1	dispatch lease of 670f463f-61a2-4c55-9c30-380e1dd3368b lapsed	REJECT	com.alibaba.qwen.code.runtimebroker.ToolExecutionRecord@721eb7df
1790803094272	1	dispatch lease of 670f463f-61a2-4c55-9c30-380e1dd3368b lapsed	REJECT	com.alibaba.qwen.code.runtimebroker.ToolExecutionRecord@5298dead
1790803094384	1	dispatch lease of 670f463f-61a2-4c55-9c30-380e1dd3368b lapsed	REJECT	com.alibaba.qwen.code.runtimebroker.ToolExecutionRecord@4e406694
1790803094480	1	dispatch lease of 670f463f-61a2-4c55-9c30-380e1dd3368b lapsed	REJECT	com.alibaba.qwen.code.runtimebroker.ToolExecutionRecord@4f8caaf3
1790803094586	1	dispatch lease of 670f463f-61a2-4c55-9c30-380e1dd3368b lapsed	REJECT	com.alibaba.qwen.code.runtimebroker.ToolExecutionRecord@6bb7cce7
1790803094660	1	dispatch lease of 670f463f-61a2-4c55-9c30-380e1dd3368b lapsed	REJECT	com.alibaba.qwen.code.runtimebroker.ToolExecutionRecord@328572f0
1790803094723	1	dispatch lease of 670f463f-61a2-4c55-9c30-380e1dd3368b lapsed	REJECT	com.alibaba.qwen.code.runtimebroker.ToolExecutionRecord@64a1923a
1790803094780	1	dispatch lease of 670f463f-61a2-4c55-9c30-380e1dd3368b lapsed	REJECT	com.alibaba.qwen.code.runtimebroker.ToolExecutionRecord@2c0f7678
1790803094876	1	dispatch lease of 670f463f-61a2-4c55-9c30-380e1dd3368b lapsed	REJECT	com.alibaba.qwen.code.runtimebroker.ToolExecutionRecord@23c650a3
1790803094960	1	dispatch lease of 670f463f-61a2-4c55-9c30-380e1dd3368b lapsed	REJECT	com.alibaba.qwen.code.runtimebroker.ToolExecutionRecord@50b1f030
1790803095046	1	dispatch lease of 670f463f-61a2-4c55-9c30-380e1dd3368b lapsed	ACCEPT	com.alibaba.qwen.code.runtimebroker.ToolExecutionRecord@3e681bc
1790803095449	1	cancelled original call	ACCEPT	RESOLVED
1790803099917	1	project/marker = [start]	REJECT	[]
1790803099967	1	project/marker = [start]	REJECT	[]
1790803100018	1	project/marker = [start]	REJECT	[]
1790803100069	1	project/marker = [start]	ACCEPT	[start]
1790803102432	1	dispatch lease of d20ada13-4bdd-40d2-9cfe-437d21323a41 lapsed	REJECT	com.alibaba.qwen.code.runtimebroker.ToolExecutionRecord@53bf7094
1790803102532	1	dispatch lease of d20ada13-4bdd-40d2-9cfe-437d21323a41 lapsed	REJECT	com.alibaba.qwen.code.runtimebroker.ToolExecutionRecord@a68df9
1790803102664	1	dispatch lease of d20ada13-4bdd-40d2-9cfe-437d21323a41 lapsed	REJECT	com.alibaba.qwen.code.runtimebroker.ToolExecutionRecord@2f6bbeb0
1790803102758	1	dispatch lease of d20ada13-4bdd-40d2-9cfe-437d21323a41 lapsed	REJECT	com.alibaba.qwen.code.runtimebroker.ToolExecutionRecord@64711bf2
1790803102858	1	dispatch lease of d20ada13-4bdd-40d2-9cfe-437d21323a41 lapsed	REJECT	com.alibaba.qwen.code.runtimebroker.ToolExecutionRecord@ceb4bd2
1790803102928	1	dispatch lease of d20ada13-4bdd-40d2-9cfe-437d21323a41 lapsed	REJECT	com.alibaba.qwen.code.runtimebroker.ToolExecutionRecord@56bc3fac
1790803103005	1	dispatch lease of d20ada13-4bdd-40d2-9cfe-437d21323a41 lapsed	REJECT	com.alibaba.qwen.code.runtimebroker.ToolExecutionRecord@37ff4054
1790803103084	1	dispatch lease of d20ada13-4bdd-40d2-9cfe-437d21323a41 lapsed	REJECT	com.alibaba.qwen.code.runtimebroker.ToolExecutionRecord@737edcfa
1790803103163	1	dispatch lease of d20ada13-4bdd-40d2-9cfe-437d21323a41 lapsed	REJECT	com.alibaba.qwen.code.runtimebroker.ToolExecutionRecord@36c54a56
1790803103231	1	dispatch lease of d20ada13-4bdd-40d2-9cfe-437d21323a41 lapsed	REJECT	com.alibaba.qwen.code.runtimebroker.ToolExecutionRecord@73386d72
1790803103328	1	dispatch lease of d20ada13-4bdd-40d2-9cfe-437d21323a41 lapsed	REJECT	com.alibaba.qwen.code.runtimebroker.ToolExecutionRecord@584f5497
1790803103402	1	dispatch lease of d20ada13-4bdd-40d2-9cfe-437d21323a41 lapsed	REJECT	com.alibaba.qwen.code.runtimebroker.ToolExecutionRecord@6df20ade
1790803103464	1	dispatch lease of d20ada13-4bdd-40d2-9cfe-437d21323a41 lapsed	REJECT	com.alibaba.qwen.code.runtimebroker.ToolExecutionRecord@341a8659
1790803103536	1	dispatch lease of d20ada13-4bdd-40d2-9cfe-437d21323a41 lapsed	REJECT	com.alibaba.qwen.code.runtimebroker.ToolExecutionRecord@181d7f28
1790803103609	1	dispatch lease of d20ada13-4bdd-40d2-9cfe-437d21323a41 lapsed	REJECT	com.alibaba.qwen.code.runtimebroker.ToolExecutionRecord@cda4919
1790803103692	1	dispatch lease of d20ada13-4bdd-40d2-9cfe-437d21323a41 lapsed	REJECT	com.alibaba.qwen.code.runtimebroker.ToolExecutionRecord@344b8190
1790803103800	1	dispatch lease of d20ada13-4bdd-40d2-9cfe-437d21323a41 lapsed	REJECT	com.alibaba.qwen.code.runtimebroker.ToolExecutionRecord@1929425f
1790803103884	1	dispatch lease of d20ada13-4bdd-40d2-9cfe-437d21323a41 lapsed	REJECT	com.alibaba.qwen.code.runtimebroker.ToolExecutionRecord@757f675c
1790803103980	1	dispatch lease of d20ada13-4bdd-40d2-9cfe-437d21323a41 lapsed	REJECT	com.alibaba.qwen.code.runtimebroker.ToolExecutionRecord@5d10455d
1790803104047	1	dispatch lease of d20ada13-4bdd-40d2-9cfe-437d21323a41 lapsed	REJECT	com.alibaba.qwen.code.runtimebroker.ToolExecutionRecord@55b62629
1790803104144	1	dispatch lease of d20ada13-4bdd-40d2-9cfe-437d21323a41 lapsed	REJECT	com.alibaba.qwen.code.runtimebroker.ToolExecutionRecord@6759f091
1790803104224	1	dispatch lease of d20ada13-4bdd-40d2-9cfe-437d21323a41 lapsed	REJECT	com.alibaba.qwen.code.runtimebroker.ToolExecutionRecord@20921b9b
1790803104314	1	dispatch lease of d20ada13-4bdd-40d2-9cfe-437d21323a41 lapsed	REJECT	com.alibaba.qwen.code.runtimebroker.ToolExecutionRecord@654b72c0
1790803104423	1	dispatch lease of d20ada13-4bdd-40d2-9cfe-437d21323a41 lapsed	REJECT	com.alibaba.qwen.code.runtimebroker.ToolExecutionRecord@15fc442
1790803104497	1	dispatch lease of d20ada13-4bdd-40d2-9cfe-437d21323a41 lapsed	REJECT	com.alibaba.qwen.code.runtimebroker.ToolExecutionRecord@2a3a299
1790803104604	1	dispatch lease of d20ada13-4bdd-40d2-9cfe-437d21323a41 lapsed	REJECT	com.alibaba.qwen.code.runtimebroker.ToolExecutionRecord@31be6b49
1790803104696	1	dispatch lease of d20ada13-4bdd-40d2-9cfe-437d21323a41 lapsed	REJECT	com.alibaba.qwen.code.runtimebroker.ToolExecutionRecord@70d8de
1790803104788	1	dispatch lease of d20ada13-4bdd-40d2-9cfe-437d21323a41 lapsed	REJECT	com.alibaba.qwen.code.runtimebroker.ToolExecutionRecord@46b695ec
1790803104908	1	dispatch lease of d20ada13-4bdd-40d2-9cfe-437d21323a41 lapsed	REJECT	com.alibaba.qwen.code.runtimebroker.ToolExecutionRecord@11ce2e22
1790803104991	1	dispatch lease of d20ada13-4bdd-40d2-9cfe-437d21323a41 lapsed	REJECT	com.alibaba.qwen.code.runtimebroker.ToolExecutionRecord@5aa6202e
1790803105092	1	dispatch lease of d20ada13-4bdd-40d2-9cfe-437d21323a41 lapsed	ACCEPT	com.alibaba.qwen.code.runtimebroker.ToolExecutionRecord@91c4a3f
1790803105649	1	cancelled original call	ACCEPT	RESOLVED
1790803111068	1	dispatch lease of 1923518e-5d23-4bff-bc44-27716c254f28 lapsed	REJECT	com.alibaba.qwen.code.runtimebroker.ToolExecutionRecord@1bdbf9be
1790803111164	1	dispatch lease of 1923518e-5d23-4bff-bc44-27716c254f28 lapsed	REJECT	com.alibaba.qwen.code.runtimebroker.ToolExecutionRecord@78d39a69
1790803111284	1	dispatch lease of 1923518e-5d23-4bff-bc44-27716c254f28 lapsed	REJECT	com.alibaba.qwen.code.runtimebroker.ToolExecutionRecord@71154f21
1790803111384	1	dispatch lease of 1923518e-5d23-4bff-bc44-27716c254f28 lapsed	REJECT	com.alibaba.qwen.code.runtimebroker.ToolExecutionRecord@304a9d7b
1790803111482	1	dispatch lease of 1923518e-5d23-4bff-bc44-27716c254f28 lapsed	REJECT	com.alibaba.qwen.code.runtimebroker.ToolExecutionRecord@606fc505
1790803111553	1	dispatch lease of 1923518e-5d23-4bff-bc44-27716c254f28 lapsed	REJECT	com.alibaba.qwen.code.runtimebroker.ToolExecutionRecord@347bdeef
1790803111612	1	dispatch lease of 1923518e-5d23-4bff-bc44-27716c254f28 lapsed	REJECT	com.alibaba.qwen.code.runtimebroker.ToolExecutionRecord@77e80a5e
1790803111674	1	dispatch lease of 1923518e-5d23-4bff-bc44-27716c254f28 lapsed	REJECT	com.alibaba.qwen.code.runtimebroker.ToolExecutionRecord@7ea4d397
1790803111760	1	dispatch lease of 1923518e-5d23-4bff-bc44-27716c254f28 lapsed	REJECT	com.alibaba.qwen.code.runtimebroker.ToolExecutionRecord@8dfe921
1790803111840	1	dispatch lease of 1923518e-5d23-4bff-bc44-27716c254f28 lapsed	REJECT	com.alibaba.qwen.code.runtimebroker.ToolExecutionRecord@109f5dd8
1790803111964	1	dispatch lease of 1923518e-5d23-4bff-bc44-27716c254f28 lapsed	REJECT	com.alibaba.qwen.code.runtimebroker.ToolExecutionRecord@3dedb4a6
1790803112072	1	dispatch lease of 1923518e-5d23-4bff-bc44-27716c254f28 lapsed	REJECT	com.alibaba.qwen.code.runtimebroker.ToolExecutionRecord@194152cf
1790803112156	1	dispatch lease of 1923518e-5d23-4bff-bc44-27716c254f28 lapsed	REJECT	com.alibaba.qwen.code.runtimebroker.ToolExecutionRecord@1d81e101
1790803112252	1	dispatch lease of 1923518e-5d23-4bff-bc44-27716c254f28 lapsed	REJECT	com.alibaba.qwen.code.runtimebroker.ToolExecutionRecord@22d6cac2
1790803112356	1	dispatch lease of 1923518e-5d23-4bff-bc44-27716c254f28 lapsed	REJECT	com.alibaba.qwen.code.runtimebroker.ToolExecutionRecord@2577d6c8
1790803112460	1	dispatch lease of 1923518e-5d23-4bff-bc44-27716c254f28 lapsed	REJECT	com.alibaba.qwen.code.runtimebroker.ToolExecutionRecord@5f233b26
1790803112560	1	dispatch lease of 1923518e-5d23-4bff-bc44-27716c254f28 lapsed	REJECT	com.alibaba.qwen.code.runtimebroker.ToolExecutionRecord@5e8a459
1790803112652	1	dispatch lease of 1923518e-5d23-4bff-bc44-27716c254f28 lapsed	REJECT	com.alibaba.qwen.code.runtimebroker.ToolExecutionRecord@9ec531
1790803112757	1	dispatch lease of 1923518e-5d23-4bff-bc44-27716c254f28 lapsed	REJECT	com.alibaba.qwen.code.runtimebroker.ToolExecutionRecord@19542407
1790803112860	1	dispatch lease of 1923518e-5d23-4bff-bc44-27716c254f28 lapsed	REJECT	com.alibaba.qwen.code.runtimebroker.ToolExecutionRecord@55caeb35
1790803112964	1	dispatch lease of 1923518e-5d23-4bff-bc44-27716c254f28 lapsed	REJECT	com.alibaba.qwen.code.runtimebroker.ToolExecutionRecord@74a195a4
1790803113057	1	dispatch lease of 1923518e-5d23-4bff-bc44-27716c254f28 lapsed	ACCEPT	com.alibaba.qwen.code.runtimebroker.ToolExecutionRecord@4287d447
1790803119882	1	dispatch lease of 87c725f1-8f2a-45d3-8635-980f98b47780 lapsed	REJECT	com.alibaba.qwen.code.runtimebroker.ToolExecutionRecord@1adb7478
1790803119945	1	dispatch lease of 87c725f1-8f2a-45d3-8635-980f98b47780 lapsed	REJECT	com.alibaba.qwen.code.runtimebroker.ToolExecutionRecord@4604b900
1790803120017	1	dispatch lease of 87c725f1-8f2a-45d3-8635-980f98b47780 lapsed	REJECT	com.alibaba.qwen.code.runtimebroker.ToolExecutionRecord@3961a41a
1790803120140	1	dispatch lease of 87c725f1-8f2a-45d3-8635-980f98b47780 lapsed	REJECT	com.alibaba.qwen.code.runtimebroker.ToolExecutionRecord@d2387c8
1790803120232	1	dispatch lease of 87c725f1-8f2a-45d3-8635-980f98b47780 lapsed	REJECT	com.alibaba.qwen.code.runtimebroker.ToolExecutionRecord@1fd386c3
1790803120328	1	dispatch lease of 87c725f1-8f2a-45d3-8635-980f98b47780 lapsed	REJECT	com.alibaba.qwen.code.runtimebroker.ToolExecutionRecord@100f9bbe
1790803120424	1	dispatch lease of 87c725f1-8f2a-45d3-8635-980f98b47780 lapsed	REJECT	com.alibaba.qwen.code.runtimebroker.ToolExecutionRecord@cd7f1ae
1790803120509	1	dispatch lease of 87c725f1-8f2a-45d3-8635-980f98b47780 lapsed	REJECT	com.alibaba.qwen.code.runtimebroker.ToolExecutionRecord@680362a
1790803120569	1	dispatch lease of 87c725f1-8f2a-45d3-8635-980f98b47780 lapsed	REJECT	com.alibaba.qwen.code.runtimebroker.ToolExecutionRecord@7d0332e1
1790803120672	1	dispatch lease of 87c725f1-8f2a-45d3-8635-980f98b47780 lapsed	REJECT	com.alibaba.qwen.code.runtimebroker.ToolExecutionRecord@377c68c6
1790803120747	1	dispatch lease of 87c725f1-8f2a-45d3-8635-980f98b47780 lapsed	REJECT	com.alibaba.qwen.code.runtimebroker.ToolExecutionRecord@430fa4ef
1790803120802	1	dispatch lease of 87c725f1-8f2a-45d3-8635-980f98b47780 lapsed	REJECT	com.alibaba.qwen.code.runtimebroker.ToolExecutionRecord@654c1a54
1790803120916	1	dispatch lease of 87c725f1-8f2a-45d3-8635-980f98b47780 lapsed	REJECT	com.alibaba.qwen.code.runtimebroker.ToolExecutionRecord@1ce93c18
1790803121001	1	dispatch lease of 87c725f1-8f2a-45d3-8635-980f98b47780 lapsed	REJECT	com.alibaba.qwen.code.runtimebroker.ToolExecutionRecord@46044faa
1790803121085	1	dispatch lease of 87c725f1-8f2a-45d3-8635-980f98b47780 lapsed	REJECT	com.alibaba.qwen.code.runtimebroker.ToolExecutionRecord@19f9d595
1790803121146	1	dispatch lease of 87c725f1-8f2a-45d3-8635-980f98b47780 lapsed	REJECT	com.alibaba.qwen.code.runtimebroker.ToolExecutionRecord@778ca8ef
1790803121235	1	dispatch lease of 87c725f1-8f2a-45d3-8635-980f98b47780 lapsed	REJECT	com.alibaba.qwen.code.runtimebroker.ToolExecutionRecord@261d8190
1790803121310	1	dispatch lease of 87c725f1-8f2a-45d3-8635-980f98b47780 lapsed	REJECT	com.alibaba.qwen.code.runtimebroker.ToolExecutionRecord@907f2b7
1790803121368	1	dispatch lease of 87c725f1-8f2a-45d3-8635-980f98b47780 lapsed	REJECT	com.alibaba.qwen.code.runtimebroker.ToolExecutionRecord@7dc51783
1790803121432	1	dispatch lease of 87c725f1-8f2a-45d3-8635-980f98b47780 lapsed	REJECT	com.alibaba.qwen.code.runtimebroker.ToolExecutionRecord@65e7f52a
1790803121512	1	dispatch lease of 87c725f1-8f2a-45d3-8635-980f98b47780 lapsed	REJECT	com.alibaba.qwen.code.runtimebroker.ToolExecutionRecord@107e5441
1790803121608	1	dispatch lease of 87c725f1-8f2a-45d3-8635-980f98b47780 lapsed	REJECT	com.alibaba.qwen.code.runtimebroker.ToolExecutionRecord@1f14f20c
1790803121715	1	dispatch lease of 87c725f1-8f2a-45d3-8635-980f98b47780 lapsed	REJECT	com.alibaba.qwen.code.runtimebroker.ToolExecutionRecord@6e4ea0bd
1790803121816	1	dispatch lease of 87c725f1-8f2a-45d3-8635-980f98b47780 lapsed	REJECT	com.alibaba.qwen.code.runtimebroker.ToolExecutionRecord@1059754c
1790803121924	1	dispatch lease of 87c725f1-8f2a-45d3-8635-980f98b47780 lapsed	REJECT	com.alibaba.qwen.code.runtimebroker.ToolExecutionRecord@7f4037ed
1790803122032	1	dispatch lease of 87c725f1-8f2a-45d3-8635-980f98b47780 lapsed	ACCEPT	com.alibaba.qwen.code.runtimebroker.ToolExecutionRecord@110844f6
1790803134831	2	escaped writer pid	REJECT	false
1790803134888	2	escaped writer pid	REJECT	false
1790803134938	2	escaped writer pid	REJECT	false
1790803134988	2	escaped writer pid	REJECT	false
1790803135044	2	escaped writer pid	ACCEPT	true
1790803135078	2	escaped writer output	REJECT	false
1790803135132	2	escaped writer output	ACCEPT	true
1790803137675	2	original worker loss after recovery fencing	ACCEPT	Reply[ok=false, value=null, status=503, code=runtime_broker_runtime_lost, retryable=true, message=Runtime is lost; recovery requires complete evidence and cleanup]
1790803137932	2	escaped writer continues after loss; the physical pin must remain	REJECT	56
1790803137982	2	escaped writer continues after loss; the physical pin must remain	ACCEPT	57
1790803142941	2	escaped writer pid	REJECT	false
1790803142991	2	escaped writer pid	REJECT	false
1790803143042	2	escaped writer pid	REJECT	false
1790803143095	2	escaped writer pid	REJECT	false
1790803143145	2	escaped writer pid	REJECT	false
1790803143195	2	escaped writer pid	ACCEPT	true
1790803143212	2	escaped writer output	REJECT	false
1790803143262	2	escaped writer output	REJECT	false
1790803143314	2	escaped writer output	ACCEPT	true
1790803145608	2	original worker loss after recovery fencing	ACCEPT	Reply[ok=false, value=null, status=503, code=runtime_broker_runtime_lost, retryable=true, message=Runtime is lost; recovery requires complete evidence and cleanup]
1790803145703	2	escaped writer continues after loss; the physical pin must remain	REJECT	49
1790803145756	2	escaped writer continues after loss; the physical pin must remain	ACCEPT	50
1790803150539	2	marker = [start]	REJECT	[]
1790803150589	2	marker = [start]	REJECT	[]
1790803150644	2	marker = [start]	REJECT	[]
1790803150696	2	marker = [start]	REJECT	[]
1790803150748	2	marker = [start]	ACCEPT	[start]
1790803150869	2	UNKNOWN execution	REJECT	com.alibaba.qwen.code.runtimebroker.ToolExecutionRecord@2484f433
1790803150961	2	UNKNOWN execution	ACCEPT	com.alibaba.qwen.code.runtimebroker.ToolExecutionRecord@1255b1d1
1790803160346	2	marker = [start]	REJECT	[]
1790803160396	2	marker = [start]	REJECT	[]
1790803160447	2	marker = [start]	REJECT	[]
1790803160497	2	marker = [start]	ACCEPT	[start]
1790803162564	2	original Runtime loss after recovery fencing	ACCEPT	Reply[ok=false, value=null, status=503, code=runtime_broker_runtime_lost, retryable=true, message=Runtime is lost; recovery requires complete evidence and cleanup]
1790803172640	2	dispatch lease of abd735c3-9450-493c-a30f-d2b8f2de7ee6 lapsed	REJECT	com.alibaba.qwen.code.runtimebroker.ToolExecutionRecord@62dae245
1790803172771	2	dispatch lease of abd735c3-9450-493c-a30f-d2b8f2de7ee6 lapsed	REJECT	com.alibaba.qwen.code.runtimebroker.ToolExecutionRecord@6c6357f9
1790803172869	2	dispatch lease of abd735c3-9450-493c-a30f-d2b8f2de7ee6 lapsed	REJECT	com.alibaba.qwen.code.runtimebroker.ToolExecutionRecord@2f94c4db
1790803172969	2	dispatch lease of abd735c3-9450-493c-a30f-d2b8f2de7ee6 lapsed	REJECT	com.alibaba.qwen.code.runtimebroker.ToolExecutionRecord@6d8792db
1790803173077	2	dispatch lease of abd735c3-9450-493c-a30f-d2b8f2de7ee6 lapsed	REJECT	com.alibaba.qwen.code.runtimebroker.ToolExecutionRecord@5d25e6bb
1790803173193	2	dispatch lease of abd735c3-9450-493c-a30f-d2b8f2de7ee6 lapsed	REJECT	com.alibaba.qwen.code.runtimebroker.ToolExecutionRecord@2f162cc0
1790803173272	2	dispatch lease of abd735c3-9450-493c-a30f-d2b8f2de7ee6 lapsed	REJECT	com.alibaba.qwen.code.runtimebroker.ToolExecutionRecord@7f69d591
1790803173380	2	dispatch lease of abd735c3-9450-493c-a30f-d2b8f2de7ee6 lapsed	REJECT	com.alibaba.qwen.code.runtimebroker.ToolExecutionRecord@403132fc
1790803173487	2	dispatch lease of abd735c3-9450-493c-a30f-d2b8f2de7ee6 lapsed	REJECT	com.alibaba.qwen.code.runtimebroker.ToolExecutionRecord@2f7a7219
1790803173613	2	dispatch lease of abd735c3-9450-493c-a30f-d2b8f2de7ee6 lapsed	REJECT	com.alibaba.qwen.code.runtimebroker.ToolExecutionRecord@4a8a60bc
1790803173753	2	dispatch lease of abd735c3-9450-493c-a30f-d2b8f2de7ee6 lapsed	REJECT	com.alibaba.qwen.code.runtimebroker.ToolExecutionRecord@285d851a
1790803173856	2	dispatch lease of abd735c3-9450-493c-a30f-d2b8f2de7ee6 lapsed	REJECT	com.alibaba.qwen.code.runtimebroker.ToolExecutionRecord@5118388b
1790803173967	2	dispatch lease of abd735c3-9450-493c-a30f-d2b8f2de7ee6 lapsed	REJECT	com.alibaba.qwen.code.runtimebroker.ToolExecutionRecord@4a3e3e8b
1790803174073	2	dispatch lease of abd735c3-9450-493c-a30f-d2b8f2de7ee6 lapsed	REJECT	com.alibaba.qwen.code.runtimebroker.ToolExecutionRecord@4985cbcb
1790803174172	2	dispatch lease of abd735c3-9450-493c-a30f-d2b8f2de7ee6 lapsed	REJECT	com.alibaba.qwen.code.runtimebroker.ToolExecutionRecord@332a7fce
1790803174265	2	dispatch lease of abd735c3-9450-493c-a30f-d2b8f2de7ee6 lapsed	REJECT	com.alibaba.qwen.code.runtimebroker.ToolExecutionRecord@32232e55
1790803174356	2	dispatch lease of abd735c3-9450-493c-a30f-d2b8f2de7ee6 lapsed	REJECT	com.alibaba.qwen.code.runtimebroker.ToolExecutionRecord@293bb8a5
1790803174461	2	dispatch lease of abd735c3-9450-493c-a30f-d2b8f2de7ee6 lapsed	REJECT	com.alibaba.qwen.code.runtimebroker.ToolExecutionRecord@6e9319f
1790803174565	2	dispatch lease of abd735c3-9450-493c-a30f-d2b8f2de7ee6 lapsed	REJECT	com.alibaba.qwen.code.runtimebroker.ToolExecutionRecord@389adf1d
1790803174656	2	dispatch lease of abd735c3-9450-493c-a30f-d2b8f2de7ee6 lapsed	REJECT	com.alibaba.qwen.code.runtimebroker.ToolExecutionRecord@290b1b2e
1790803174734	2	dispatch lease of abd735c3-9450-493c-a30f-d2b8f2de7ee6 lapsed	REJECT	com.alibaba.qwen.code.runtimebroker.ToolExecutionRecord@2c177f9e
1790803174823	2	dispatch lease of abd735c3-9450-493c-a30f-d2b8f2de7ee6 lapsed	REJECT	com.alibaba.qwen.code.runtimebroker.ToolExecutionRecord@18e7143f
1790803174921	2	dispatch lease of abd735c3-9450-493c-a30f-d2b8f2de7ee6 lapsed	REJECT	com.alibaba.qwen.code.runtimebroker.ToolExecutionRecord@6fefce9e
1790803175045	2	dispatch lease of abd735c3-9450-493c-a30f-d2b8f2de7ee6 lapsed	ACCEPT	com.alibaba.qwen.code.runtimebroker.ToolExecutionRecord@192f2f27
1790803182162	2	marker = [start]	REJECT	[]
1790803182213	2	marker = [start]	REJECT	[]
1790803182263	2	marker = [start]	REJECT	[]
1790803182313	2	marker = [start]	ACCEPT	[start]
1790803183332	2	dispatch lease of dad771f3-b1c3-4a56-99e4-75eeb0081f24 lapsed	REJECT	com.alibaba.qwen.code.runtimebroker.ToolExecutionRecord@11dee337
1790803183448	2	dispatch lease of dad771f3-b1c3-4a56-99e4-75eeb0081f24 lapsed	REJECT	com.alibaba.qwen.code.runtimebroker.ToolExecutionRecord@11acdc30
1790803183563	2	dispatch lease of dad771f3-b1c3-4a56-99e4-75eeb0081f24 lapsed	REJECT	com.alibaba.qwen.code.runtimebroker.ToolExecutionRecord@1922e6d
1790803183669	2	dispatch lease of dad771f3-b1c3-4a56-99e4-75eeb0081f24 lapsed	REJECT	com.alibaba.qwen.code.runtimebroker.ToolExecutionRecord@74bdc168
1790803183743	2	dispatch lease of dad771f3-b1c3-4a56-99e4-75eeb0081f24 lapsed	REJECT	com.alibaba.qwen.code.runtimebroker.ToolExecutionRecord@611f8234
1790803183820	2	dispatch lease of dad771f3-b1c3-4a56-99e4-75eeb0081f24 lapsed	REJECT	com.alibaba.qwen.code.runtimebroker.ToolExecutionRecord@7f811d00
1790803183929	2	dispatch lease of dad771f3-b1c3-4a56-99e4-75eeb0081f24 lapsed	REJECT	com.alibaba.qwen.code.runtimebroker.ToolExecutionRecord@f19c9d2
1790803184009	2	dispatch lease of dad771f3-b1c3-4a56-99e4-75eeb0081f24 lapsed	REJECT	com.alibaba.qwen.code.runtimebroker.ToolExecutionRecord@4b6166aa
1790803184179	2	dispatch lease of dad771f3-b1c3-4a56-99e4-75eeb0081f24 lapsed	REJECT	com.alibaba.qwen.code.runtimebroker.ToolExecutionRecord@4a067c25
1790803184289	2	dispatch lease of dad771f3-b1c3-4a56-99e4-75eeb0081f24 lapsed	REJECT	com.alibaba.qwen.code.runtimebroker.ToolExecutionRecord@523424b5
1790803184385	2	dispatch lease of dad771f3-b1c3-4a56-99e4-75eeb0081f24 lapsed	REJECT	com.alibaba.qwen.code.runtimebroker.ToolExecutionRecord@791cbf87
1790803184491	2	dispatch lease of dad771f3-b1c3-4a56-99e4-75eeb0081f24 lapsed	REJECT	com.alibaba.qwen.code.runtimebroker.ToolExecutionRecord@2b52c0d6
1790803184593	2	dispatch lease of dad771f3-b1c3-4a56-99e4-75eeb0081f24 lapsed	REJECT	com.alibaba.qwen.code.runtimebroker.ToolExecutionRecord@2f08c4b
1790803184709	2	dispatch lease of dad771f3-b1c3-4a56-99e4-75eeb0081f24 lapsed	REJECT	com.alibaba.qwen.code.runtimebroker.ToolExecutionRecord@a486d78
1790803184813	2	dispatch lease of dad771f3-b1c3-4a56-99e4-75eeb0081f24 lapsed	REJECT	com.alibaba.qwen.code.runtimebroker.ToolExecutionRecord@5dcbb60
1790803184900	2	dispatch lease of dad771f3-b1c3-4a56-99e4-75eeb0081f24 lapsed	REJECT	com.alibaba.qwen.code.runtimebroker.ToolExecutionRecord@49f5c307
1790803185004	2	dispatch lease of dad771f3-b1c3-4a56-99e4-75eeb0081f24 lapsed	REJECT	com.alibaba.qwen.code.runtimebroker.ToolExecutionRecord@66ea1466
1790803185117	2	dispatch lease of dad771f3-b1c3-4a56-99e4-75eeb0081f24 lapsed	REJECT	com.alibaba.qwen.code.runtimebroker.ToolExecutionRecord@66971f6b
1790803185228	2	dispatch lease of dad771f3-b1c3-4a56-99e4-75eeb0081f24 lapsed	REJECT	com.alibaba.qwen.code.runtimebroker.ToolExecutionRecord@142eef62
1790803185329	2	dispatch lease of dad771f3-b1c3-4a56-99e4-75eeb0081f24 lapsed	REJECT	com.alibaba.qwen.code.runtimebroker.ToolExecutionRecord@56e07a08
1790803185420	2	dispatch lease of dad771f3-b1c3-4a56-99e4-75eeb0081f24 lapsed	REJECT	com.alibaba.qwen.code.runtimebroker.ToolExecutionRecord@47289387
1790803185528	2	dispatch lease of dad771f3-b1c3-4a56-99e4-75eeb0081f24 lapsed	REJECT	com.alibaba.qwen.code.runtimebroker.ToolExecutionRecord@f415a95
1790803185624	2	dispatch lease of dad771f3-b1c3-4a56-99e4-75eeb0081f24 lapsed	REJECT	com.alibaba.qwen.code.runtimebroker.ToolExecutionRecord@37eeec90
1790803185724	2	dispatch lease of dad771f3-b1c3-4a56-99e4-75eeb0081f24 lapsed	REJECT	com.alibaba.qwen.code.runtimebroker.ToolExecutionRecord@64da2a7
1790803185844	2	dispatch lease of dad771f3-b1c3-4a56-99e4-75eeb0081f24 lapsed	REJECT	com.alibaba.qwen.code.runtimebroker.ToolExecutionRecord@2c715e84
1790803185918	2	dispatch lease of dad771f3-b1c3-4a56-99e4-75eeb0081f24 lapsed	REJECT	com.alibaba.qwen.code.runtimebroker.ToolExecutionRecord@7caa550
1790803185985	2	dispatch lease of dad771f3-b1c3-4a56-99e4-75eeb0081f24 lapsed	REJECT	com.alibaba.qwen.code.runtimebroker.ToolExecutionRecord@22c86919
1790803186097	2	dispatch lease of dad771f3-b1c3-4a56-99e4-75eeb0081f24 lapsed	ACCEPT	com.alibaba.qwen.code.runtimebroker.ToolExecutionRecord@62417a16
1790803187780	2	reconciliation from evidence	ACCEPT	ALREADY_SETTLED
1790803196830	2	dispatch lease of c8b259d7-e49c-4f20-b5d3-ba3f6c84dbc3 lapsed	REJECT	com.alibaba.qwen.code.runtimebroker.ToolExecutionRecord@e27ba81
1790803196929	2	dispatch lease of c8b259d7-e49c-4f20-b5d3-ba3f6c84dbc3 lapsed	REJECT	com.alibaba.qwen.code.runtimebroker.ToolExecutionRecord@35e52059
1790803197044	2	dispatch lease of c8b259d7-e49c-4f20-b5d3-ba3f6c84dbc3 lapsed	REJECT	com.alibaba.qwen.code.runtimebroker.ToolExecutionRecord@6b5f8707
1790803197123	2	dispatch lease of c8b259d7-e49c-4f20-b5d3-ba3f6c84dbc3 lapsed	REJECT	com.alibaba.qwen.code.runtimebroker.ToolExecutionRecord@79ab3a71
1790803197183	2	dispatch lease of c8b259d7-e49c-4f20-b5d3-ba3f6c84dbc3 lapsed	REJECT	com.alibaba.qwen.code.runtimebroker.ToolExecutionRecord@71652c98
1790803197249	2	dispatch lease of c8b259d7-e49c-4f20-b5d3-ba3f6c84dbc3 lapsed	REJECT	com.alibaba.qwen.code.runtimebroker.ToolExecutionRecord@492fc69e
1790803197324	2	dispatch lease of c8b259d7-e49c-4f20-b5d3-ba3f6c84dbc3 lapsed	REJECT	com.alibaba.qwen.code.runtimebroker.ToolExecutionRecord@d71adc2
1790803197405	2	dispatch lease of c8b259d7-e49c-4f20-b5d3-ba3f6c84dbc3 lapsed	REJECT	com.alibaba.qwen.code.runtimebroker.ToolExecutionRecord@1c65121
1790803197501	2	dispatch lease of c8b259d7-e49c-4f20-b5d3-ba3f6c84dbc3 lapsed	REJECT	com.alibaba.qwen.code.runtimebroker.ToolExecutionRecord@24528a25
1790803197585	2	dispatch lease of c8b259d7-e49c-4f20-b5d3-ba3f6c84dbc3 lapsed	REJECT	com.alibaba.qwen.code.runtimebroker.ToolExecutionRecord@6ac4944a
1790803197670	2	dispatch lease of c8b259d7-e49c-4f20-b5d3-ba3f6c84dbc3 lapsed	REJECT	com.alibaba.qwen.code.runtimebroker.ToolExecutionRecord@704b2127
1790803197776	2	dispatch lease of c8b259d7-e49c-4f20-b5d3-ba3f6c84dbc3 lapsed	REJECT	com.alibaba.qwen.code.runtimebroker.ToolExecutionRecord@7cc9ce8
1790803197865	2	dispatch lease of c8b259d7-e49c-4f20-b5d3-ba3f6c84dbc3 lapsed	REJECT	com.alibaba.qwen.code.runtimebroker.ToolExecutionRecord@4837595f
1790803197988	2	dispatch lease of c8b259d7-e49c-4f20-b5d3-ba3f6c84dbc3 lapsed	REJECT	com.alibaba.qwen.code.runtimebroker.ToolExecutionRecord@6d2260db
1790803198092	2	dispatch lease of c8b259d7-e49c-4f20-b5d3-ba3f6c84dbc3 lapsed	REJECT	com.alibaba.qwen.code.runtimebroker.ToolExecutionRecord@7ee55e70
1790803198196	2	dispatch lease of c8b259d7-e49c-4f20-b5d3-ba3f6c84dbc3 lapsed	REJECT	com.alibaba.qwen.code.runtimebroker.ToolExecutionRecord@46292372
1790803198280	2	dispatch lease of c8b259d7-e49c-4f20-b5d3-ba3f6c84dbc3 lapsed	REJECT	com.alibaba.qwen.code.runtimebroker.ToolExecutionRecord@5c371e13
1790803198384	2	dispatch lease of c8b259d7-e49c-4f20-b5d3-ba3f6c84dbc3 lapsed	REJECT	com.alibaba.qwen.code.runtimebroker.ToolExecutionRecord@5215cd9a
1790803198477	2	dispatch lease of c8b259d7-e49c-4f20-b5d3-ba3f6c84dbc3 lapsed	REJECT	com.alibaba.qwen.code.runtimebroker.ToolExecutionRecord@9257031
1790803198592	2	dispatch lease of c8b259d7-e49c-4f20-b5d3-ba3f6c84dbc3 lapsed	REJECT	com.alibaba.qwen.code.runtimebroker.ToolExecutionRecord@aa5455e
1790803198696	2	dispatch lease of c8b259d7-e49c-4f20-b5d3-ba3f6c84dbc3 lapsed	REJECT	com.alibaba.qwen.code.runtimebroker.ToolExecutionRecord@1db0ec27
1790803198773	2	dispatch lease of c8b259d7-e49c-4f20-b5d3-ba3f6c84dbc3 lapsed	REJECT	com.alibaba.qwen.code.runtimebroker.ToolExecutionRecord@3b4ef7
1790803198860	2	dispatch lease of c8b259d7-e49c-4f20-b5d3-ba3f6c84dbc3 lapsed	REJECT	com.alibaba.qwen.code.runtimebroker.ToolExecutionRecord@1ad777f
1790803198961	2	dispatch lease of c8b259d7-e49c-4f20-b5d3-ba3f6c84dbc3 lapsed	REJECT	com.alibaba.qwen.code.runtimebroker.ToolExecutionRecord@25230246
1790803199024	2	dispatch lease of c8b259d7-e49c-4f20-b5d3-ba3f6c84dbc3 lapsed	ACCEPT	com.alibaba.qwen.code.runtimebroker.ToolExecutionRecord@54f5f647
1790803200484	2	reconciliation from evidence	ACCEPT	ALREADY_SETTLED
1790803204677	2	marker = [start]	REJECT	[]
1790803204728	2	marker = [start]	REJECT	[]
1790803204778	2	marker = [start]	ACCEPT	[start]
1790803214248	2	marker = [start, end]	ACCEPT	[start, end]
1790803219916	2	startup adoption	REJECT	Reply[ok=false, value=null, status=503, code=runtime_provisioning_in_progress, retryable=true, message=another Broker owns Runtime provisioning]
1790803220491	2	startup adoption	ACCEPT	Reply[ok=true, value={"bindingId":"4e46f937-64c6-4a9a-9b84-7195368cbaab","generation":1,"state":"READY"}, status=0, code=null, retryable=false, message=null]
1790803226529	2	startup adoption	REJECT	Reply[ok=false, value=null, status=503, code=runtime_provisioning_in_progress, retryable=true, message=another Broker owns Runtime provisioning]
1790803226685	2	startup adoption	REJECT	Reply[ok=false, value=null, status=503, code=runtime_provisioning_in_progress, retryable=true, message=another Broker owns Runtime provisioning]
1790803226808	2	startup adoption	REJECT	Reply[ok=false, value=null, status=503, code=runtime_provisioning_in_progress, retryable=true, message=another Broker owns Runtime provisioning]
1790803226928	2	startup adoption	REJECT	Reply[ok=false, value=null, status=503, code=runtime_provisioning_in_progress, retryable=true, message=another Broker owns Runtime provisioning]
1790803227388	2	startup adoption	ACCEPT	Reply[ok=true, value={"bindingId":"3487222c-f7a0-4809-aaad-36d4ab5acfc2","generation":1,"state":"READY"}, status=0, code=null, retryable=false, message=null]
1790803232065	2	marker = [start]	REJECT	[]
1790803232120	2	marker = [start]	REJECT	[]
1790803232170	2	marker = [start]	REJECT	[]
1790803232220	2	marker = [start]	ACCEPT	[start]
1790803234182	2	original worker loss after recovery fencing	ACCEPT	Reply[ok=false, value=null, status=503, code=runtime_broker_runtime_lost, retryable=true, message=Runtime is lost; recovery requires complete evidence and cleanup]
1790803238681	2	project/marker = [start]	REJECT	[]
1790803238733	2	project/marker = [start]	REJECT	[]
1790803238783	2	project/marker = [start]	REJECT	[]
1790803238833	2	project/marker = [start]	ACCEPT	[start]
1790803240796	2	original worker loss after recovery fencing	ACCEPT	Reply[ok=false, value=null, status=503, code=runtime_broker_runtime_lost, retryable=true, message=Runtime is lost; recovery requires complete evidence and cleanup]
1790803262866	2	marker = [start]	REJECT	[]
1790803262916	2	marker = [start]	REJECT	[]
1790803262967	2	marker = [start]	REJECT	[]
1790803263020	2	marker = [start]	ACCEPT	[start]
1790803265628	2	dispatch lease of ba608e8d-718e-41c1-80c2-ecdc16a31e45 lapsed	REJECT	com.alibaba.qwen.code.runtimebroker.ToolExecutionRecord@62b3df3a
1790803265732	2	dispatch lease of ba608e8d-718e-41c1-80c2-ecdc16a31e45 lapsed	REJECT	com.alibaba.qwen.code.runtimebroker.ToolExecutionRecord@5fa47fea
1790803265847	2	dispatch lease of ba608e8d-718e-41c1-80c2-ecdc16a31e45 lapsed	REJECT	com.alibaba.qwen.code.runtimebroker.ToolExecutionRecord@28f8e165
1790803265944	2	dispatch lease of ba608e8d-718e-41c1-80c2-ecdc16a31e45 lapsed	REJECT	com.alibaba.qwen.code.runtimebroker.ToolExecutionRecord@22fa55b2
1790803266035	2	dispatch lease of ba608e8d-718e-41c1-80c2-ecdc16a31e45 lapsed	REJECT	com.alibaba.qwen.code.runtimebroker.ToolExecutionRecord@30f4b1a6
1790803266101	2	dispatch lease of ba608e8d-718e-41c1-80c2-ecdc16a31e45 lapsed	REJECT	com.alibaba.qwen.code.runtimebroker.ToolExecutionRecord@79c3f01f
1790803266192	2	dispatch lease of ba608e8d-718e-41c1-80c2-ecdc16a31e45 lapsed	REJECT	com.alibaba.qwen.code.runtimebroker.ToolExecutionRecord@38600b
1790803266296	2	dispatch lease of ba608e8d-718e-41c1-80c2-ecdc16a31e45 lapsed	REJECT	com.alibaba.qwen.code.runtimebroker.ToolExecutionRecord@1ea9f009
1790803266403	2	dispatch lease of ba608e8d-718e-41c1-80c2-ecdc16a31e45 lapsed	REJECT	com.alibaba.qwen.code.runtimebroker.ToolExecutionRecord@553f3b6e
1790803266529	2	dispatch lease of ba608e8d-718e-41c1-80c2-ecdc16a31e45 lapsed	REJECT	com.alibaba.qwen.code.runtimebroker.ToolExecutionRecord@5ab9b447
1790803266624	2	dispatch lease of ba608e8d-718e-41c1-80c2-ecdc16a31e45 lapsed	REJECT	com.alibaba.qwen.code.runtimebroker.ToolExecutionRecord@2b50150
1790803266700	2	dispatch lease of ba608e8d-718e-41c1-80c2-ecdc16a31e45 lapsed	REJECT	com.alibaba.qwen.code.runtimebroker.ToolExecutionRecord@41c62850
1790803266783	2	dispatch lease of ba608e8d-718e-41c1-80c2-ecdc16a31e45 lapsed	REJECT	com.alibaba.qwen.code.runtimebroker.ToolExecutionRecord@678040b3
1790803266857	2	dispatch lease of ba608e8d-718e-41c1-80c2-ecdc16a31e45 lapsed	REJECT	com.alibaba.qwen.code.runtimebroker.ToolExecutionRecord@7d2a6eac
1790803266936	2	dispatch lease of ba608e8d-718e-41c1-80c2-ecdc16a31e45 lapsed	REJECT	com.alibaba.qwen.code.runtimebroker.ToolExecutionRecord@44d70181
1790803267040	2	dispatch lease of ba608e8d-718e-41c1-80c2-ecdc16a31e45 lapsed	REJECT	com.alibaba.qwen.code.runtimebroker.ToolExecutionRecord@742d4e15
1790803267167	2	dispatch lease of ba608e8d-718e-41c1-80c2-ecdc16a31e45 lapsed	REJECT	com.alibaba.qwen.code.runtimebroker.ToolExecutionRecord@4163f1cd
1790803267267	2	dispatch lease of ba608e8d-718e-41c1-80c2-ecdc16a31e45 lapsed	REJECT	com.alibaba.qwen.code.runtimebroker.ToolExecutionRecord@5c09d180
1790803267356	2	dispatch lease of ba608e8d-718e-41c1-80c2-ecdc16a31e45 lapsed	REJECT	com.alibaba.qwen.code.runtimebroker.ToolExecutionRecord@680bddf5
1790803267456	2	dispatch lease of ba608e8d-718e-41c1-80c2-ecdc16a31e45 lapsed	REJECT	com.alibaba.qwen.code.runtimebroker.ToolExecutionRecord@48d7ad8b
1790803267556	2	dispatch lease of ba608e8d-718e-41c1-80c2-ecdc16a31e45 lapsed	REJECT	com.alibaba.qwen.code.runtimebroker.ToolExecutionRecord@53bf7094
1790803267624	2	dispatch lease of ba608e8d-718e-41c1-80c2-ecdc16a31e45 lapsed	REJECT	com.alibaba.qwen.code.runtimebroker.ToolExecutionRecord@a68df9
1790803267696	2	dispatch lease of ba608e8d-718e-41c1-80c2-ecdc16a31e45 lapsed	REJECT	com.alibaba.qwen.code.runtimebroker.ToolExecutionRecord@2f6bbeb0
1790803267805	2	dispatch lease of ba608e8d-718e-41c1-80c2-ecdc16a31e45 lapsed	REJECT	com.alibaba.qwen.code.runtimebroker.ToolExecutionRecord@64711bf2
1790803267863	2	dispatch lease of ba608e8d-718e-41c1-80c2-ecdc16a31e45 lapsed	REJECT	com.alibaba.qwen.code.runtimebroker.ToolExecutionRecord@ceb4bd2
1790803267946	2	dispatch lease of ba608e8d-718e-41c1-80c2-ecdc16a31e45 lapsed	REJECT	com.alibaba.qwen.code.runtimebroker.ToolExecutionRecord@56bc3fac
1790803268016	2	dispatch lease of ba608e8d-718e-41c1-80c2-ecdc16a31e45 lapsed	ACCEPT	com.alibaba.qwen.code.runtimebroker.ToolExecutionRecord@37ff4054
1790803268693	2	cancelled original call	ACCEPT	RESOLVED
1790803273120	2	project/marker = [start]	REJECT	[]
1790803273170	2	project/marker = [start]	REJECT	[]
1790803273220	2	project/marker = [start]	REJECT	[]
1790803273271	2	project/marker = [start]	ACCEPT	[start]
1790803275812	2	dispatch lease of 994702b3-feee-42a4-b49c-ecf50b52348e lapsed	REJECT	com.alibaba.qwen.code.runtimebroker.ToolExecutionRecord@6f330eb9
1790803275911	2	dispatch lease of 994702b3-feee-42a4-b49c-ecf50b52348e lapsed	REJECT	com.alibaba.qwen.code.runtimebroker.ToolExecutionRecord@68ace111
1790803276022	2	dispatch lease of 994702b3-feee-42a4-b49c-ecf50b52348e lapsed	REJECT	com.alibaba.qwen.code.runtimebroker.ToolExecutionRecord@4fbb001b
1790803276113	2	dispatch lease of 994702b3-feee-42a4-b49c-ecf50b52348e lapsed	REJECT	com.alibaba.qwen.code.runtimebroker.ToolExecutionRecord@4943defe
1790803276220	2	dispatch lease of 994702b3-feee-42a4-b49c-ecf50b52348e lapsed	REJECT	com.alibaba.qwen.code.runtimebroker.ToolExecutionRecord@78d50a3c
1790803276312	2	dispatch lease of 994702b3-feee-42a4-b49c-ecf50b52348e lapsed	REJECT	com.alibaba.qwen.code.runtimebroker.ToolExecutionRecord@7f4d9395
1790803276372	2	dispatch lease of 994702b3-feee-42a4-b49c-ecf50b52348e lapsed	REJECT	com.alibaba.qwen.code.runtimebroker.ToolExecutionRecord@6a078481
1790803276439	2	dispatch lease of 994702b3-feee-42a4-b49c-ecf50b52348e lapsed	REJECT	com.alibaba.qwen.code.runtimebroker.ToolExecutionRecord@718607eb
1790803276552	2	dispatch lease of 994702b3-feee-42a4-b49c-ecf50b52348e lapsed	REJECT	com.alibaba.qwen.code.runtimebroker.ToolExecutionRecord@2617f816
1790803276640	2	dispatch lease of 994702b3-feee-42a4-b49c-ecf50b52348e lapsed	REJECT	com.alibaba.qwen.code.runtimebroker.ToolExecutionRecord@535b8c24
1790803276748	2	dispatch lease of 994702b3-feee-42a4-b49c-ecf50b52348e lapsed	REJECT	com.alibaba.qwen.code.runtimebroker.ToolExecutionRecord@a53bb6f
1790803276825	2	dispatch lease of 994702b3-feee-42a4-b49c-ecf50b52348e lapsed	REJECT	com.alibaba.qwen.code.runtimebroker.ToolExecutionRecord@33a053d
1790803276920	2	dispatch lease of 994702b3-feee-42a4-b49c-ecf50b52348e lapsed	REJECT	com.alibaba.qwen.code.runtimebroker.ToolExecutionRecord@867ba60
1790803276981	2	dispatch lease of 994702b3-feee-42a4-b49c-ecf50b52348e lapsed	REJECT	com.alibaba.qwen.code.runtimebroker.ToolExecutionRecord@55b5e331
1790803277062	2	dispatch lease of 994702b3-feee-42a4-b49c-ecf50b52348e lapsed	REJECT	com.alibaba.qwen.code.runtimebroker.ToolExecutionRecord@3f3c7bdb
1790803277132	2	dispatch lease of 994702b3-feee-42a4-b49c-ecf50b52348e lapsed	REJECT	com.alibaba.qwen.code.runtimebroker.ToolExecutionRecord@7da10b5b
1790803277209	2	dispatch lease of 994702b3-feee-42a4-b49c-ecf50b52348e lapsed	REJECT	com.alibaba.qwen.code.runtimebroker.ToolExecutionRecord@2e16b08d
1790803277312	2	dispatch lease of 994702b3-feee-42a4-b49c-ecf50b52348e lapsed	REJECT	com.alibaba.qwen.code.runtimebroker.ToolExecutionRecord@42561fba
1790803277408	2	dispatch lease of 994702b3-feee-42a4-b49c-ecf50b52348e lapsed	REJECT	com.alibaba.qwen.code.runtimebroker.ToolExecutionRecord@408613cc
1790803277529	2	dispatch lease of 994702b3-feee-42a4-b49c-ecf50b52348e lapsed	REJECT	com.alibaba.qwen.code.runtimebroker.ToolExecutionRecord@63a5d002
1790803277628	2	dispatch lease of 994702b3-feee-42a4-b49c-ecf50b52348e lapsed	REJECT	com.alibaba.qwen.code.runtimebroker.ToolExecutionRecord@3af9aa66
1790803277732	2	dispatch lease of 994702b3-feee-42a4-b49c-ecf50b52348e lapsed	REJECT	com.alibaba.qwen.code.runtimebroker.ToolExecutionRecord@62d0ac62
1790803277824	2	dispatch lease of 994702b3-feee-42a4-b49c-ecf50b52348e lapsed	REJECT	com.alibaba.qwen.code.runtimebroker.ToolExecutionRecord@3003697
1790803277943	2	dispatch lease of 994702b3-feee-42a4-b49c-ecf50b52348e lapsed	REJECT	com.alibaba.qwen.code.runtimebroker.ToolExecutionRecord@437ebf59
1790803278049	2	dispatch lease of 994702b3-feee-42a4-b49c-ecf50b52348e lapsed	REJECT	com.alibaba.qwen.code.runtimebroker.ToolExecutionRecord@2d691f3d
1790803278144	2	dispatch lease of 994702b3-feee-42a4-b49c-ecf50b52348e lapsed	REJECT	com.alibaba.qwen.code.runtimebroker.ToolExecutionRecord@1da6ee17
1790803278259	2	dispatch lease of 994702b3-feee-42a4-b49c-ecf50b52348e lapsed	REJECT	com.alibaba.qwen.code.runtimebroker.ToolExecutionRecord@5b69d40d
1790803278344	2	dispatch lease of 994702b3-feee-42a4-b49c-ecf50b52348e lapsed	REJECT	com.alibaba.qwen.code.runtimebroker.ToolExecutionRecord@2516fc68
1790803278444	2	dispatch lease of 994702b3-feee-42a4-b49c-ecf50b52348e lapsed	REJECT	com.alibaba.qwen.code.runtimebroker.ToolExecutionRecord@72889280
1790803278528	2	dispatch lease of 994702b3-feee-42a4-b49c-ecf50b52348e lapsed	REJECT	com.alibaba.qwen.code.runtimebroker.ToolExecutionRecord@2d140a7
1790803278624	2	dispatch lease of 994702b3-feee-42a4-b49c-ecf50b52348e lapsed	REJECT	com.alibaba.qwen.code.runtimebroker.ToolExecutionRecord@7f34a967
1790803278732	2	dispatch lease of 994702b3-feee-42a4-b49c-ecf50b52348e lapsed	REJECT	com.alibaba.qwen.code.runtimebroker.ToolExecutionRecord@240139e1
1790803278800	2	dispatch lease of 994702b3-feee-42a4-b49c-ecf50b52348e lapsed	REJECT	com.alibaba.qwen.code.runtimebroker.ToolExecutionRecord@253c1256
1790803278864	2	dispatch lease of 994702b3-feee-42a4-b49c-ecf50b52348e lapsed	REJECT	com.alibaba.qwen.code.runtimebroker.ToolExecutionRecord@55f45b92
1790803278931	2	dispatch lease of 994702b3-feee-42a4-b49c-ecf50b52348e lapsed	REJECT	com.alibaba.qwen.code.runtimebroker.ToolExecutionRecord@4a325eb9
1790803279011	2	dispatch lease of 994702b3-feee-42a4-b49c-ecf50b52348e lapsed	REJECT	com.alibaba.qwen.code.runtimebroker.ToolExecutionRecord@415e0bcb
1790803279097	2	dispatch lease of 994702b3-feee-42a4-b49c-ecf50b52348e lapsed	ACCEPT	com.alibaba.qwen.code.runtimebroker.ToolExecutionRecord@2c30b71f
1790803279767	2	cancelled original call	ACCEPT	RESOLVED
1790803285285	2	dispatch lease of cc5e83f5-c5fe-49fd-8c3a-8e894b26ce28 lapsed	REJECT	com.alibaba.qwen.code.runtimebroker.ToolExecutionRecord@44f9779c
1790803285365	2	dispatch lease of cc5e83f5-c5fe-49fd-8c3a-8e894b26ce28 lapsed	REJECT	com.alibaba.qwen.code.runtimebroker.ToolExecutionRecord@43d455c9
1790803285442	2	dispatch lease of cc5e83f5-c5fe-49fd-8c3a-8e894b26ce28 lapsed	REJECT	com.alibaba.qwen.code.runtimebroker.ToolExecutionRecord@40147317
1790803285536	2	dispatch lease of cc5e83f5-c5fe-49fd-8c3a-8e894b26ce28 lapsed	REJECT	com.alibaba.qwen.code.runtimebroker.ToolExecutionRecord@6f95cd51
1790803285640	2	dispatch lease of cc5e83f5-c5fe-49fd-8c3a-8e894b26ce28 lapsed	REJECT	com.alibaba.qwen.code.runtimebroker.ToolExecutionRecord@6d868997
1790803285756	2	dispatch lease of cc5e83f5-c5fe-49fd-8c3a-8e894b26ce28 lapsed	REJECT	com.alibaba.qwen.code.runtimebroker.ToolExecutionRecord@76304b46
1790803285827	2	dispatch lease of cc5e83f5-c5fe-49fd-8c3a-8e894b26ce28 lapsed	REJECT	com.alibaba.qwen.code.runtimebroker.ToolExecutionRecord@3af37506
1790803285908	2	dispatch lease of cc5e83f5-c5fe-49fd-8c3a-8e894b26ce28 lapsed	REJECT	com.alibaba.qwen.code.runtimebroker.ToolExecutionRecord@d4602a
1790803285991	2	dispatch lease of cc5e83f5-c5fe-49fd-8c3a-8e894b26ce28 lapsed	REJECT	com.alibaba.qwen.code.runtimebroker.ToolExecutionRecord@15515c51
1790803286060	2	dispatch lease of cc5e83f5-c5fe-49fd-8c3a-8e894b26ce28 lapsed	REJECT	com.alibaba.qwen.code.runtimebroker.ToolExecutionRecord@e044b4a
1790803286152	2	dispatch lease of cc5e83f5-c5fe-49fd-8c3a-8e894b26ce28 lapsed	REJECT	com.alibaba.qwen.code.runtimebroker.ToolExecutionRecord@3ae66c85
1790803286252	2	dispatch lease of cc5e83f5-c5fe-49fd-8c3a-8e894b26ce28 lapsed	REJECT	com.alibaba.qwen.code.runtimebroker.ToolExecutionRecord@73d6d0c
1790803286357	2	dispatch lease of cc5e83f5-c5fe-49fd-8c3a-8e894b26ce28 lapsed	REJECT	com.alibaba.qwen.code.runtimebroker.ToolExecutionRecord@5a4ed68f
1790803286452	2	dispatch lease of cc5e83f5-c5fe-49fd-8c3a-8e894b26ce28 lapsed	REJECT	com.alibaba.qwen.code.runtimebroker.ToolExecutionRecord@3956b302
1790803286560	2	dispatch lease of cc5e83f5-c5fe-49fd-8c3a-8e894b26ce28 lapsed	REJECT	com.alibaba.qwen.code.runtimebroker.ToolExecutionRecord@edf4f36
1790803286635	2	dispatch lease of cc5e83f5-c5fe-49fd-8c3a-8e894b26ce28 lapsed	REJECT	com.alibaba.qwen.code.runtimebroker.ToolExecutionRecord@13e9f2e2
1790803286697	2	dispatch lease of cc5e83f5-c5fe-49fd-8c3a-8e894b26ce28 lapsed	REJECT	com.alibaba.qwen.code.runtimebroker.ToolExecutionRecord@60e949e1
1790803286788	2	dispatch lease of cc5e83f5-c5fe-49fd-8c3a-8e894b26ce28 lapsed	REJECT	com.alibaba.qwen.code.runtimebroker.ToolExecutionRecord@3569edd5
1790803286880	2	dispatch lease of cc5e83f5-c5fe-49fd-8c3a-8e894b26ce28 lapsed	REJECT	com.alibaba.qwen.code.runtimebroker.ToolExecutionRecord@7a356a0d
1790803286987	2	dispatch lease of cc5e83f5-c5fe-49fd-8c3a-8e894b26ce28 lapsed	REJECT	com.alibaba.qwen.code.runtimebroker.ToolExecutionRecord@538cd0f2
1790803287084	2	dispatch lease of cc5e83f5-c5fe-49fd-8c3a-8e894b26ce28 lapsed	ACCEPT	com.alibaba.qwen.code.runtimebroker.ToolExecutionRecord@1761de10
1790803293954	2	dispatch lease of 6fc78b4e-ec3a-4b6c-b2a7-ed15f2709e5f lapsed	REJECT	com.alibaba.qwen.code.runtimebroker.ToolExecutionRecord@7de4a01f
1790803294048	2	dispatch lease of 6fc78b4e-ec3a-4b6c-b2a7-ed15f2709e5f lapsed	REJECT	com.alibaba.qwen.code.runtimebroker.ToolExecutionRecord@208e9ef6
1790803294128	2	dispatch lease of 6fc78b4e-ec3a-4b6c-b2a7-ed15f2709e5f lapsed	REJECT	com.alibaba.qwen.code.runtimebroker.ToolExecutionRecord@34448e6c
1790803294224	2	dispatch lease of 6fc78b4e-ec3a-4b6c-b2a7-ed15f2709e5f lapsed	REJECT	com.alibaba.qwen.code.runtimebroker.ToolExecutionRecord@435ce306
1790803294315	2	dispatch lease of 6fc78b4e-ec3a-4b6c-b2a7-ed15f2709e5f lapsed	REJECT	com.alibaba.qwen.code.runtimebroker.ToolExecutionRecord@4b61d0c6
1790803294432	2	dispatch lease of 6fc78b4e-ec3a-4b6c-b2a7-ed15f2709e5f lapsed	REJECT	com.alibaba.qwen.code.runtimebroker.ToolExecutionRecord@304b9f1a
1790803294554	2	dispatch lease of 6fc78b4e-ec3a-4b6c-b2a7-ed15f2709e5f lapsed	REJECT	com.alibaba.qwen.code.runtimebroker.ToolExecutionRecord@4aeaadc1
1790803294648	2	dispatch lease of 6fc78b4e-ec3a-4b6c-b2a7-ed15f2709e5f lapsed	REJECT	com.alibaba.qwen.code.runtimebroker.ToolExecutionRecord@7daa61f3
1790803294752	2	dispatch lease of 6fc78b4e-ec3a-4b6c-b2a7-ed15f2709e5f lapsed	REJECT	com.alibaba.qwen.code.runtimebroker.ToolExecutionRecord@56f2bbea
1790803294840	2	dispatch lease of 6fc78b4e-ec3a-4b6c-b2a7-ed15f2709e5f lapsed	REJECT	com.alibaba.qwen.code.runtimebroker.ToolExecutionRecord@b0964b2
1790803294944	2	dispatch lease of 6fc78b4e-ec3a-4b6c-b2a7-ed15f2709e5f lapsed	REJECT	com.alibaba.qwen.code.runtimebroker.ToolExecutionRecord@24e8de5c
1790803295014	2	dispatch lease of 6fc78b4e-ec3a-4b6c-b2a7-ed15f2709e5f lapsed	REJECT	com.alibaba.qwen.code.runtimebroker.ToolExecutionRecord@6f89f665
1790803295077	2	dispatch lease of 6fc78b4e-ec3a-4b6c-b2a7-ed15f2709e5f lapsed	REJECT	com.alibaba.qwen.code.runtimebroker.ToolExecutionRecord@1ad926d3
1790803295141	2	dispatch lease of 6fc78b4e-ec3a-4b6c-b2a7-ed15f2709e5f lapsed	REJECT	com.alibaba.qwen.code.runtimebroker.ToolExecutionRecord@5f2afe62
1790803295229	2	dispatch lease of 6fc78b4e-ec3a-4b6c-b2a7-ed15f2709e5f lapsed	REJECT	com.alibaba.qwen.code.runtimebroker.ToolExecutionRecord@60c16548
1790803295295	2	dispatch lease of 6fc78b4e-ec3a-4b6c-b2a7-ed15f2709e5f lapsed	REJECT	com.alibaba.qwen.code.runtimebroker.ToolExecutionRecord@38b972d7
1790803295365	2	dispatch lease of 6fc78b4e-ec3a-4b6c-b2a7-ed15f2709e5f lapsed	REJECT	com.alibaba.qwen.code.runtimebroker.ToolExecutionRecord@288a4658
1790803295428	2	dispatch lease of 6fc78b4e-ec3a-4b6c-b2a7-ed15f2709e5f lapsed	REJECT	com.alibaba.qwen.code.runtimebroker.ToolExecutionRecord@534243e4
1790803295512	2	dispatch lease of 6fc78b4e-ec3a-4b6c-b2a7-ed15f2709e5f lapsed	REJECT	com.alibaba.qwen.code.runtimebroker.ToolExecutionRecord@66d57c1b
1790803295609	2	dispatch lease of 6fc78b4e-ec3a-4b6c-b2a7-ed15f2709e5f lapsed	REJECT	com.alibaba.qwen.code.runtimebroker.ToolExecutionRecord@1e411d81
1790803295712	2	dispatch lease of 6fc78b4e-ec3a-4b6c-b2a7-ed15f2709e5f lapsed	REJECT	com.alibaba.qwen.code.runtimebroker.ToolExecutionRecord@7fcff1b9
1790803295814	2	dispatch lease of 6fc78b4e-ec3a-4b6c-b2a7-ed15f2709e5f lapsed	REJECT	com.alibaba.qwen.code.runtimebroker.ToolExecutionRecord@36074e47
1790803295924	2	dispatch lease of 6fc78b4e-ec3a-4b6c-b2a7-ed15f2709e5f lapsed	REJECT	com.alibaba.qwen.code.runtimebroker.ToolExecutionRecord@66eb985d
1790803296012	2	dispatch lease of 6fc78b4e-ec3a-4b6c-b2a7-ed15f2709e5f lapsed	ACCEPT	com.alibaba.qwen.code.runtimebroker.ToolExecutionRecord@6c8a68c1
1790803654546	3	escaped writer pid	REJECT	false
1790803654598	3	escaped writer pid	REJECT	false
1790803654652	3	escaped writer pid	REJECT	false
1790803654702	3	escaped writer pid	REJECT	false
1790803654752	3	escaped writer pid	REJECT	false
1790803654802	3	escaped writer pid	ACCEPT	true
1790803654821	3	escaped writer output	REJECT	false
1790803654871	3	escaped writer output	REJECT	false
1790803654923	3	escaped writer output	ACCEPT	true
1790803657357	3	original worker loss after recovery fencing	ACCEPT	Reply[ok=false, value=null, status=503, code=runtime_broker_runtime_lost, retryable=true, message=Runtime is lost; recovery requires complete evidence and cleanup]
1790803657556	3	escaped writer continues after loss; the physical pin must remain	REJECT	53
1790803657606	3	escaped writer continues after loss; the physical pin must remain	ACCEPT	54
1790803662594	3	escaped writer pid	REJECT	false
1790803662644	3	escaped writer pid	REJECT	false
1790803662694	3	escaped writer pid	REJECT	false
1790803662745	3	escaped writer pid	REJECT	false
1790803662795	3	escaped writer pid	REJECT	false
1790803662845	3	escaped writer pid	REJECT	false
1790803662895	3	escaped writer pid	ACCEPT	true
1790803662922	3	escaped writer output	REJECT	false
1790803662980	3	escaped writer output	REJECT	false
1790803663030	3	escaped writer output	ACCEPT	true
1790803665492	3	original worker loss after recovery fencing	ACCEPT	Reply[ok=false, value=null, status=503, code=runtime_broker_runtime_lost, retryable=true, message=Runtime is lost; recovery requires complete evidence and cleanup]
1790803665573	3	escaped writer continues after loss; the physical pin must remain	REJECT	51
1790803665628	3	escaped writer continues after loss; the physical pin must remain	ACCEPT	52
1790803670218	3	marker = [start]	REJECT	[]
1790803670269	3	marker = [start]	REJECT	[]
1790803670319	3	marker = [start]	REJECT	[]
1790803670369	3	marker = [start]	ACCEPT	[start]
1790803670483	3	UNKNOWN execution	REJECT	com.alibaba.qwen.code.runtimebroker.ToolExecutionRecord@2cf23c81
1790803670565	3	UNKNOWN execution	ACCEPT	com.alibaba.qwen.code.runtimebroker.ToolExecutionRecord@35fe2125
1790803680002	3	marker = [start]	REJECT	[]
1790803680052	3	marker = [start]	REJECT	[]
1790803680102	3	marker = [start]	REJECT	[]
1790803680153	3	marker = [start]	REJECT	[]
1790803680203	3	marker = [start]	ACCEPT	[start]
1790803682284	3	original Runtime loss after recovery fencing	ACCEPT	Reply[ok=false, value=null, status=503, code=runtime_broker_runtime_lost, retryable=true, message=Runtime is lost; recovery requires complete evidence and cleanup]
1790803692237	3	dispatch lease of 24557f69-5834-4889-8585-1a0460f2eed0 lapsed	REJECT	com.alibaba.qwen.code.runtimebroker.ToolExecutionRecord@32cb636e
1790803692331	3	dispatch lease of 24557f69-5834-4889-8585-1a0460f2eed0 lapsed	REJECT	com.alibaba.qwen.code.runtimebroker.ToolExecutionRecord@3a4e343
1790803692456	3	dispatch lease of 24557f69-5834-4889-8585-1a0460f2eed0 lapsed	REJECT	com.alibaba.qwen.code.runtimebroker.ToolExecutionRecord@4b6579e8
1790803692581	3	dispatch lease of 24557f69-5834-4889-8585-1a0460f2eed0 lapsed	REJECT	com.alibaba.qwen.code.runtimebroker.ToolExecutionRecord@591e58fa
1790803692665	3	dispatch lease of 24557f69-5834-4889-8585-1a0460f2eed0 lapsed	REJECT	com.alibaba.qwen.code.runtimebroker.ToolExecutionRecord@593e824f
1790803692781	3	dispatch lease of 24557f69-5834-4889-8585-1a0460f2eed0 lapsed	REJECT	com.alibaba.qwen.code.runtimebroker.ToolExecutionRecord@64bc21ac
1790803692874	3	dispatch lease of 24557f69-5834-4889-8585-1a0460f2eed0 lapsed	REJECT	com.alibaba.qwen.code.runtimebroker.ToolExecutionRecord@ce5a68e
1790803692970	3	dispatch lease of 24557f69-5834-4889-8585-1a0460f2eed0 lapsed	REJECT	com.alibaba.qwen.code.runtimebroker.ToolExecutionRecord@5df417a7
1790803693069	3	dispatch lease of 24557f69-5834-4889-8585-1a0460f2eed0 lapsed	REJECT	com.alibaba.qwen.code.runtimebroker.ToolExecutionRecord@61078690
1790803693166	3	dispatch lease of 24557f69-5834-4889-8585-1a0460f2eed0 lapsed	REJECT	com.alibaba.qwen.code.runtimebroker.ToolExecutionRecord@71c5b236
1790803693277	3	dispatch lease of 24557f69-5834-4889-8585-1a0460f2eed0 lapsed	REJECT	com.alibaba.qwen.code.runtimebroker.ToolExecutionRecord@669513d8
1790803693371	3	dispatch lease of 24557f69-5834-4889-8585-1a0460f2eed0 lapsed	REJECT	com.alibaba.qwen.code.runtimebroker.ToolExecutionRecord@361c294e
1790803693478	3	dispatch lease of 24557f69-5834-4889-8585-1a0460f2eed0 lapsed	REJECT	com.alibaba.qwen.code.runtimebroker.ToolExecutionRecord@314b8f2d
1790803693585	3	dispatch lease of 24557f69-5834-4889-8585-1a0460f2eed0 lapsed	REJECT	com.alibaba.qwen.code.runtimebroker.ToolExecutionRecord@15a902e7
1790803693692	3	dispatch lease of 24557f69-5834-4889-8585-1a0460f2eed0 lapsed	REJECT	com.alibaba.qwen.code.runtimebroker.ToolExecutionRecord@5af28b27
1790803693805	3	dispatch lease of 24557f69-5834-4889-8585-1a0460f2eed0 lapsed	REJECT	com.alibaba.qwen.code.runtimebroker.ToolExecutionRecord@72f46e16
1790803693925	3	dispatch lease of 24557f69-5834-4889-8585-1a0460f2eed0 lapsed	REJECT	com.alibaba.qwen.code.runtimebroker.ToolExecutionRecord@549621f3
1790803694014	3	dispatch lease of 24557f69-5834-4889-8585-1a0460f2eed0 lapsed	ACCEPT	com.alibaba.qwen.code.runtimebroker.ToolExecutionRecord@5217f3d0
1790803701141	3	marker = [start]	REJECT	[]
1790803701192	3	marker = [start]	REJECT	[]
1790803701242	3	marker = [start]	REJECT	[]
1790803701292	3	marker = [start]	ACCEPT	[start]
1790803702324	3	dispatch lease of 34248354-a81a-4347-901b-031cf9a33eac lapsed	REJECT	com.alibaba.qwen.code.runtimebroker.ToolExecutionRecord@47874b25
1790803702424	3	dispatch lease of 34248354-a81a-4347-901b-031cf9a33eac lapsed	REJECT	com.alibaba.qwen.code.runtimebroker.ToolExecutionRecord@5db4c359
1790803702525	3	dispatch lease of 34248354-a81a-4347-901b-031cf9a33eac lapsed	REJECT	com.alibaba.qwen.code.runtimebroker.ToolExecutionRecord@f9b7332
1790803702597	3	dispatch lease of 34248354-a81a-4347-901b-031cf9a33eac lapsed	REJECT	com.alibaba.qwen.code.runtimebroker.ToolExecutionRecord@4f8969b0
1790803702678	3	dispatch lease of 34248354-a81a-4347-901b-031cf9a33eac lapsed	REJECT	com.alibaba.qwen.code.runtimebroker.ToolExecutionRecord@8a589a2
1790803702761	3	dispatch lease of 34248354-a81a-4347-901b-031cf9a33eac lapsed	REJECT	com.alibaba.qwen.code.runtimebroker.ToolExecutionRecord@b672aa8
1790803702856	3	dispatch lease of 34248354-a81a-4347-901b-031cf9a33eac lapsed	REJECT	com.alibaba.qwen.code.runtimebroker.ToolExecutionRecord@6e46d9f4
1790803702957	3	dispatch lease of 34248354-a81a-4347-901b-031cf9a33eac lapsed	REJECT	com.alibaba.qwen.code.runtimebroker.ToolExecutionRecord@21c64522
1790803703056	3	dispatch lease of 34248354-a81a-4347-901b-031cf9a33eac lapsed	REJECT	com.alibaba.qwen.code.runtimebroker.ToolExecutionRecord@460f76a6
1790803703164	3	dispatch lease of 34248354-a81a-4347-901b-031cf9a33eac lapsed	REJECT	com.alibaba.qwen.code.runtimebroker.ToolExecutionRecord@770d4269
1790803703272	3	dispatch lease of 34248354-a81a-4347-901b-031cf9a33eac lapsed	REJECT	com.alibaba.qwen.code.runtimebroker.ToolExecutionRecord@76a82f33
1790803703372	3	dispatch lease of 34248354-a81a-4347-901b-031cf9a33eac lapsed	REJECT	com.alibaba.qwen.code.runtimebroker.ToolExecutionRecord@644c78d4
1790803703492	3	dispatch lease of 34248354-a81a-4347-901b-031cf9a33eac lapsed	REJECT	com.alibaba.qwen.code.runtimebroker.ToolExecutionRecord@7bb3a9fe
1790803703593	3	dispatch lease of 34248354-a81a-4347-901b-031cf9a33eac lapsed	REJECT	com.alibaba.qwen.code.runtimebroker.ToolExecutionRecord@62923ee6
1790803703711	3	dispatch lease of 34248354-a81a-4347-901b-031cf9a33eac lapsed	REJECT	com.alibaba.qwen.code.runtimebroker.ToolExecutionRecord@7807ac2c
1790803703821	3	dispatch lease of 34248354-a81a-4347-901b-031cf9a33eac lapsed	REJECT	com.alibaba.qwen.code.runtimebroker.ToolExecutionRecord@a77614d
1790803703944	3	dispatch lease of 34248354-a81a-4347-901b-031cf9a33eac lapsed	REJECT	com.alibaba.qwen.code.runtimebroker.ToolExecutionRecord@a1217f9
1790803704045	3	dispatch lease of 34248354-a81a-4347-901b-031cf9a33eac lapsed	REJECT	com.alibaba.qwen.code.runtimebroker.ToolExecutionRecord@2baa8d82
1790803704160	3	dispatch lease of 34248354-a81a-4347-901b-031cf9a33eac lapsed	REJECT	com.alibaba.qwen.code.runtimebroker.ToolExecutionRecord@a7e2d9d
1790803704256	3	dispatch lease of 34248354-a81a-4347-901b-031cf9a33eac lapsed	REJECT	com.alibaba.qwen.code.runtimebroker.ToolExecutionRecord@372ea2bc
1790803704358	3	dispatch lease of 34248354-a81a-4347-901b-031cf9a33eac lapsed	REJECT	com.alibaba.qwen.code.runtimebroker.ToolExecutionRecord@3f19b8b3
1790803704463	3	dispatch lease of 34248354-a81a-4347-901b-031cf9a33eac lapsed	REJECT	com.alibaba.qwen.code.runtimebroker.ToolExecutionRecord@cdc3aae
1790803704576	3	dispatch lease of 34248354-a81a-4347-901b-031cf9a33eac lapsed	REJECT	com.alibaba.qwen.code.runtimebroker.ToolExecutionRecord@4c36250e
1790803704713	3	dispatch lease of 34248354-a81a-4347-901b-031cf9a33eac lapsed	REJECT	com.alibaba.qwen.code.runtimebroker.ToolExecutionRecord@299266e2
1790803704836	3	dispatch lease of 34248354-a81a-4347-901b-031cf9a33eac lapsed	REJECT	com.alibaba.qwen.code.runtimebroker.ToolExecutionRecord@1601e47
1790803704953	3	dispatch lease of 34248354-a81a-4347-901b-031cf9a33eac lapsed	REJECT	com.alibaba.qwen.code.runtimebroker.ToolExecutionRecord@50687efb
1790803705032	3	dispatch lease of 34248354-a81a-4347-901b-031cf9a33eac lapsed	ACCEPT	com.alibaba.qwen.code.runtimebroker.ToolExecutionRecord@4a9cc6cb
1790803706856	3	reconciliation from evidence	ACCEPT	ALREADY_SETTLED
1790803715973	3	dispatch lease of 23ace022-d543-4288-9daa-d3c72081baf9 lapsed	REJECT	com.alibaba.qwen.code.runtimebroker.ToolExecutionRecord@2e6ee0bc
1790803716093	3	dispatch lease of 23ace022-d543-4288-9daa-d3c72081baf9 lapsed	REJECT	com.alibaba.qwen.code.runtimebroker.ToolExecutionRecord@1bb9aa43
1790803716196	3	dispatch lease of 23ace022-d543-4288-9daa-d3c72081baf9 lapsed	REJECT	com.alibaba.qwen.code.runtimebroker.ToolExecutionRecord@308a6984
1790803716304	3	dispatch lease of 23ace022-d543-4288-9daa-d3c72081baf9 lapsed	REJECT	com.alibaba.qwen.code.runtimebroker.ToolExecutionRecord@58cd06cb
1790803716420	3	dispatch lease of 23ace022-d543-4288-9daa-d3c72081baf9 lapsed	REJECT	com.alibaba.qwen.code.runtimebroker.ToolExecutionRecord@3b65e559
1790803716505	3	dispatch lease of 23ace022-d543-4288-9daa-d3c72081baf9 lapsed	REJECT	com.alibaba.qwen.code.runtimebroker.ToolExecutionRecord@85ec632
1790803716613	3	dispatch lease of 23ace022-d543-4288-9daa-d3c72081baf9 lapsed	REJECT	com.alibaba.qwen.code.runtimebroker.ToolExecutionRecord@5fd9b663
1790803716716	3	dispatch lease of 23ace022-d543-4288-9daa-d3c72081baf9 lapsed	REJECT	com.alibaba.qwen.code.runtimebroker.ToolExecutionRecord@e362c57
1790803716804	3	dispatch lease of 23ace022-d543-4288-9daa-d3c72081baf9 lapsed	REJECT	com.alibaba.qwen.code.runtimebroker.ToolExecutionRecord@5aa360ea
1790803716888	3	dispatch lease of 23ace022-d543-4288-9daa-d3c72081baf9 lapsed	REJECT	com.alibaba.qwen.code.runtimebroker.ToolExecutionRecord@54336c81
1790803716988	3	dispatch lease of 23ace022-d543-4288-9daa-d3c72081baf9 lapsed	REJECT	com.alibaba.qwen.code.runtimebroker.ToolExecutionRecord@62577d6
1790803717096	3	dispatch lease of 23ace022-d543-4288-9daa-d3c72081baf9 lapsed	REJECT	com.alibaba.qwen.code.runtimebroker.ToolExecutionRecord@772485dd
1790803717204	3	dispatch lease of 23ace022-d543-4288-9daa-d3c72081baf9 lapsed	REJECT	com.alibaba.qwen.code.runtimebroker.ToolExecutionRecord@6e5bfdfc
1790803717304	3	dispatch lease of 23ace022-d543-4288-9daa-d3c72081baf9 lapsed	REJECT	com.alibaba.qwen.code.runtimebroker.ToolExecutionRecord@51bde877
1790803717420	3	dispatch lease of 23ace022-d543-4288-9daa-d3c72081baf9 lapsed	REJECT	com.alibaba.qwen.code.runtimebroker.ToolExecutionRecord@117632cf
1790803717500	3	dispatch lease of 23ace022-d543-4288-9daa-d3c72081baf9 lapsed	REJECT	com.alibaba.qwen.code.runtimebroker.ToolExecutionRecord@3add81c4
1790803717609	3	dispatch lease of 23ace022-d543-4288-9daa-d3c72081baf9 lapsed	REJECT	com.alibaba.qwen.code.runtimebroker.ToolExecutionRecord@159e366
1790803717711	3	dispatch lease of 23ace022-d543-4288-9daa-d3c72081baf9 lapsed	REJECT	com.alibaba.qwen.code.runtimebroker.ToolExecutionRecord@17ae98d7
1790803717794	3	dispatch lease of 23ace022-d543-4288-9daa-d3c72081baf9 lapsed	REJECT	com.alibaba.qwen.code.runtimebroker.ToolExecutionRecord@5a772895
1790803717857	3	dispatch lease of 23ace022-d543-4288-9daa-d3c72081baf9 lapsed	REJECT	com.alibaba.qwen.code.runtimebroker.ToolExecutionRecord@3ee39da0
1790803717933	3	dispatch lease of 23ace022-d543-4288-9daa-d3c72081baf9 lapsed	REJECT	com.alibaba.qwen.code.runtimebroker.ToolExecutionRecord@2e27d72f
1790803718032	3	dispatch lease of 23ace022-d543-4288-9daa-d3c72081baf9 lapsed	ACCEPT	com.alibaba.qwen.code.runtimebroker.ToolExecutionRecord@2bffa76d
1790803719560	3	reconciliation from evidence	ACCEPT	ALREADY_SETTLED
1790803723908	3	marker = [start]	REJECT	[]
1790803723958	3	marker = [start]	REJECT	[]
1790803724012	3	marker = [start]	REJECT	[]
1790803724062	3	marker = [start]	ACCEPT	[start]
1790803733627	3	marker = [start, end]	ACCEPT	[start, end]
1790803739927	3	startup adoption	ACCEPT	Reply[ok=true, value={"bindingId":"b19274b1-f555-47a5-9a1e-ec2cbbe6b1ef","generation":1,"state":"READY"}, status=0, code=null, retryable=false, message=null]
1790803746441	3	startup adoption	ACCEPT	Reply[ok=true, value={"bindingId":"68f57a84-c139-4f31-918a-607b6b790100","generation":1,"state":"READY"}, status=0, code=null, retryable=false, message=null]
1790803751358	3	marker = [start]	REJECT	[]
1790803751409	3	marker = [start]	REJECT	[]
1790803751459	3	marker = [start]	REJECT	[]
1790803751509	3	marker = [start]	REJECT	[]
1790803751560	3	marker = [start]	ACCEPT	[start]
1790803753568	3	original worker loss after recovery fencing	ACCEPT	Reply[ok=false, value=null, status=503, code=runtime_broker_runtime_lost, retryable=true, message=Runtime is lost; recovery requires complete evidence and cleanup]
1790803758125	3	project/marker = [start]	REJECT	[]
1790803758180	3	project/marker = [start]	REJECT	[]
1790803758230	3	project/marker = [start]	REJECT	[]
1790803758280	3	project/marker = [start]	REJECT	[]
1790803758331	3	project/marker = [start]	ACCEPT	[start]
1790803760149	3	original worker loss after recovery fencing	ACCEPT	Reply[ok=false, value=null, status=503, code=runtime_broker_runtime_lost, retryable=true, message=Runtime is lost; recovery requires complete evidence and cleanup]
1790803781559	3	marker = [start]	REJECT	[]
1790803781612	3	marker = [start]	REJECT	[]
1790803781662	3	marker = [start]	REJECT	[]
1790803781713	3	marker = [start]	REJECT	[]
1790803781764	3	marker = [start]	ACCEPT	[start]
1790803784352	3	dispatch lease of 58466742-6033-4e7e-8e89-9a6058efcd00 lapsed	REJECT	com.alibaba.qwen.code.runtimebroker.ToolExecutionRecord@51671b08
1790803784445	3	dispatch lease of 58466742-6033-4e7e-8e89-9a6058efcd00 lapsed	REJECT	com.alibaba.qwen.code.runtimebroker.ToolExecutionRecord@b09fac1
1790803784532	3	dispatch lease of 58466742-6033-4e7e-8e89-9a6058efcd00 lapsed	REJECT	com.alibaba.qwen.code.runtimebroker.ToolExecutionRecord@62e8f862
1790803784620	3	dispatch lease of 58466742-6033-4e7e-8e89-9a6058efcd00 lapsed	REJECT	com.alibaba.qwen.code.runtimebroker.ToolExecutionRecord@515f4131
1790803784732	3	dispatch lease of 58466742-6033-4e7e-8e89-9a6058efcd00 lapsed	REJECT	com.alibaba.qwen.code.runtimebroker.ToolExecutionRecord@3f3ddbd9
1790803784830	3	dispatch lease of 58466742-6033-4e7e-8e89-9a6058efcd00 lapsed	REJECT	com.alibaba.qwen.code.runtimebroker.ToolExecutionRecord@30865a90
1790803784896	3	dispatch lease of 58466742-6033-4e7e-8e89-9a6058efcd00 lapsed	REJECT	com.alibaba.qwen.code.runtimebroker.ToolExecutionRecord@71b1a49c
1790803784969	3	dispatch lease of 58466742-6033-4e7e-8e89-9a6058efcd00 lapsed	REJECT	com.alibaba.qwen.code.runtimebroker.ToolExecutionRecord@2472c7d8
1790803785056	3	dispatch lease of 58466742-6033-4e7e-8e89-9a6058efcd00 lapsed	REJECT	com.alibaba.qwen.code.runtimebroker.ToolExecutionRecord@9fecdf1
1790803785188	3	dispatch lease of 58466742-6033-4e7e-8e89-9a6058efcd00 lapsed	REJECT	com.alibaba.qwen.code.runtimebroker.ToolExecutionRecord@236ab296
1790803785288	3	dispatch lease of 58466742-6033-4e7e-8e89-9a6058efcd00 lapsed	REJECT	com.alibaba.qwen.code.runtimebroker.ToolExecutionRecord@232024b9
1790803785392	3	dispatch lease of 58466742-6033-4e7e-8e89-9a6058efcd00 lapsed	REJECT	com.alibaba.qwen.code.runtimebroker.ToolExecutionRecord@53cdecf6
1790803785497	3	dispatch lease of 58466742-6033-4e7e-8e89-9a6058efcd00 lapsed	REJECT	com.alibaba.qwen.code.runtimebroker.ToolExecutionRecord@420745d7
1790803785597	3	dispatch lease of 58466742-6033-4e7e-8e89-9a6058efcd00 lapsed	REJECT	com.alibaba.qwen.code.runtimebroker.ToolExecutionRecord@2392212b
1790803785699	3	dispatch lease of 58466742-6033-4e7e-8e89-9a6058efcd00 lapsed	REJECT	com.alibaba.qwen.code.runtimebroker.ToolExecutionRecord@545f80bf
1790803785780	3	dispatch lease of 58466742-6033-4e7e-8e89-9a6058efcd00 lapsed	REJECT	com.alibaba.qwen.code.runtimebroker.ToolExecutionRecord@4d666b41
1790803785872	3	dispatch lease of 58466742-6033-4e7e-8e89-9a6058efcd00 lapsed	REJECT	com.alibaba.qwen.code.runtimebroker.ToolExecutionRecord@405325cf
1790803785988	3	dispatch lease of 58466742-6033-4e7e-8e89-9a6058efcd00 lapsed	REJECT	com.alibaba.qwen.code.runtimebroker.ToolExecutionRecord@6c2f1700
1790803786092	3	dispatch lease of 58466742-6033-4e7e-8e89-9a6058efcd00 lapsed	REJECT	com.alibaba.qwen.code.runtimebroker.ToolExecutionRecord@669d2b1b
1790803786213	3	dispatch lease of 58466742-6033-4e7e-8e89-9a6058efcd00 lapsed	REJECT	com.alibaba.qwen.code.runtimebroker.ToolExecutionRecord@5d52e3ef
1790803786311	3	dispatch lease of 58466742-6033-4e7e-8e89-9a6058efcd00 lapsed	REJECT	com.alibaba.qwen.code.runtimebroker.ToolExecutionRecord@4c7a078
1790803786389	3	dispatch lease of 58466742-6033-4e7e-8e89-9a6058efcd00 lapsed	REJECT	com.alibaba.qwen.code.runtimebroker.ToolExecutionRecord@76f10035
1790803786493	3	dispatch lease of 58466742-6033-4e7e-8e89-9a6058efcd00 lapsed	REJECT	com.alibaba.qwen.code.runtimebroker.ToolExecutionRecord@15b986cd
1790803786580	3	dispatch lease of 58466742-6033-4e7e-8e89-9a6058efcd00 lapsed	REJECT	com.alibaba.qwen.code.runtimebroker.ToolExecutionRecord@6b530eb9
1790803786672	3	dispatch lease of 58466742-6033-4e7e-8e89-9a6058efcd00 lapsed	REJECT	com.alibaba.qwen.code.runtimebroker.ToolExecutionRecord@17f460bb
1790803786752	3	dispatch lease of 58466742-6033-4e7e-8e89-9a6058efcd00 lapsed	REJECT	com.alibaba.qwen.code.runtimebroker.ToolExecutionRecord@18ca3c62
1790803786871	3	dispatch lease of 58466742-6033-4e7e-8e89-9a6058efcd00 lapsed	REJECT	com.alibaba.qwen.code.runtimebroker.ToolExecutionRecord@6aa648b9
1790803786968	3	dispatch lease of 58466742-6033-4e7e-8e89-9a6058efcd00 lapsed	REJECT	com.alibaba.qwen.code.runtimebroker.ToolExecutionRecord@88a8218
1790803787068	3	dispatch lease of 58466742-6033-4e7e-8e89-9a6058efcd00 lapsed	ACCEPT	com.alibaba.qwen.code.runtimebroker.ToolExecutionRecord@5fa05212
1790803787721	3	cancelled original call	ACCEPT	RESOLVED
1790803792125	3	project/marker = [start]	REJECT	[]
1790803792176	3	project/marker = [start]	REJECT	[]
1790803792226	3	project/marker = [start]	REJECT	[]
1790803792276	3	project/marker = [start]	REJECT	[]
1790803792327	3	project/marker = [start]	REJECT	[]
1790803792377	3	project/marker = [start]	ACCEPT	[start]
1790803794729	3	dispatch lease of 67378b67-ecb0-4a10-9a76-ea7eaaeebe3d lapsed	REJECT	com.alibaba.qwen.code.runtimebroker.ToolExecutionRecord@60222fd8
1790803794819	3	dispatch lease of 67378b67-ecb0-4a10-9a76-ea7eaaeebe3d lapsed	REJECT	com.alibaba.qwen.code.runtimebroker.ToolExecutionRecord@710b30ef
1790803794944	3	dispatch lease of 67378b67-ecb0-4a10-9a76-ea7eaaeebe3d lapsed	REJECT	com.alibaba.qwen.code.runtimebroker.ToolExecutionRecord@7cf7aee
1790803795017	3	dispatch lease of 67378b67-ecb0-4a10-9a76-ea7eaaeebe3d lapsed	REJECT	com.alibaba.qwen.code.runtimebroker.ToolExecutionRecord@18151a14
1790803795116	3	dispatch lease of 67378b67-ecb0-4a10-9a76-ea7eaaeebe3d lapsed	REJECT	com.alibaba.qwen.code.runtimebroker.ToolExecutionRecord@3c1e23ff
1790803795212	3	dispatch lease of 67378b67-ecb0-4a10-9a76-ea7eaaeebe3d lapsed	REJECT	com.alibaba.qwen.code.runtimebroker.ToolExecutionRecord@1bf0f6f6
1790803795320	3	dispatch lease of 67378b67-ecb0-4a10-9a76-ea7eaaeebe3d lapsed	REJECT	com.alibaba.qwen.code.runtimebroker.ToolExecutionRecord@2ba45490
1790803795388	3	dispatch lease of 67378b67-ecb0-4a10-9a76-ea7eaaeebe3d lapsed	REJECT	com.alibaba.qwen.code.runtimebroker.ToolExecutionRecord@7af707e0
1790803795460	3	dispatch lease of 67378b67-ecb0-4a10-9a76-ea7eaaeebe3d lapsed	REJECT	com.alibaba.qwen.code.runtimebroker.ToolExecutionRecord@74cf8b28
1790803795540	3	dispatch lease of 67378b67-ecb0-4a10-9a76-ea7eaaeebe3d lapsed	REJECT	com.alibaba.qwen.code.runtimebroker.ToolExecutionRecord@7ba63fe5
1790803795626	3	dispatch lease of 67378b67-ecb0-4a10-9a76-ea7eaaeebe3d lapsed	REJECT	com.alibaba.qwen.code.runtimebroker.ToolExecutionRecord@125c082e
1790803795744	3	dispatch lease of 67378b67-ecb0-4a10-9a76-ea7eaaeebe3d lapsed	REJECT	com.alibaba.qwen.code.runtimebroker.ToolExecutionRecord@1f9d6c7b
1790803795844	3	dispatch lease of 67378b67-ecb0-4a10-9a76-ea7eaaeebe3d lapsed	REJECT	com.alibaba.qwen.code.runtimebroker.ToolExecutionRecord@4010d494
1790803795944	3	dispatch lease of 67378b67-ecb0-4a10-9a76-ea7eaaeebe3d lapsed	REJECT	com.alibaba.qwen.code.runtimebroker.ToolExecutionRecord@5eefa415
1790803796024	3	dispatch lease of 67378b67-ecb0-4a10-9a76-ea7eaaeebe3d lapsed	REJECT	com.alibaba.qwen.code.runtimebroker.ToolExecutionRecord@2fb69ff6
1790803796136	3	dispatch lease of 67378b67-ecb0-4a10-9a76-ea7eaaeebe3d lapsed	REJECT	com.alibaba.qwen.code.runtimebroker.ToolExecutionRecord@2f19f2aa
1790803796228	3	dispatch lease of 67378b67-ecb0-4a10-9a76-ea7eaaeebe3d lapsed	REJECT	com.alibaba.qwen.code.runtimebroker.ToolExecutionRecord@79c5636f
1790803797328	3	dispatch lease of 67378b67-ecb0-4a10-9a76-ea7eaaeebe3d lapsed	REJECT	com.alibaba.qwen.code.runtimebroker.ToolExecutionRecord@27f3b6d6
1790803797432	3	dispatch lease of 67378b67-ecb0-4a10-9a76-ea7eaaeebe3d lapsed	REJECT	com.alibaba.qwen.code.runtimebroker.ToolExecutionRecord@676f0a60
1790803797536	3	dispatch lease of 67378b67-ecb0-4a10-9a76-ea7eaaeebe3d lapsed	REJECT	com.alibaba.qwen.code.runtimebroker.ToolExecutionRecord@4a951911
1790803797645	3	dispatch lease of 67378b67-ecb0-4a10-9a76-ea7eaaeebe3d lapsed	REJECT	com.alibaba.qwen.code.runtimebroker.ToolExecutionRecord@5e63cad
1790803797733	3	dispatch lease of 67378b67-ecb0-4a10-9a76-ea7eaaeebe3d lapsed	REJECT	com.alibaba.qwen.code.runtimebroker.ToolExecutionRecord@14a54ef6
1790803797806	3	dispatch lease of 67378b67-ecb0-4a10-9a76-ea7eaaeebe3d lapsed	REJECT	com.alibaba.qwen.code.runtimebroker.ToolExecutionRecord@5ba745bc
1790803797872	3	dispatch lease of 67378b67-ecb0-4a10-9a76-ea7eaaeebe3d lapsed	REJECT	com.alibaba.qwen.code.runtimebroker.ToolExecutionRecord@6034e75d
1790803797967	3	dispatch lease of 67378b67-ecb0-4a10-9a76-ea7eaaeebe3d lapsed	REJECT	com.alibaba.qwen.code.runtimebroker.ToolExecutionRecord@456abb66
1790803798060	3	dispatch lease of 67378b67-ecb0-4a10-9a76-ea7eaaeebe3d lapsed	ACCEPT	com.alibaba.qwen.code.runtimebroker.ToolExecutionRecord@219f4597
1790803798589	3	cancelled original call	ACCEPT	RESOLVED
1790803803922	3	dispatch lease of f939b4ba-459e-4ea5-9c3d-f77ac2d27eab lapsed	REJECT	com.alibaba.qwen.code.runtimebroker.ToolExecutionRecord@63a5d002
1790803804322	3	dispatch lease of f939b4ba-459e-4ea5-9c3d-f77ac2d27eab lapsed	REJECT	com.alibaba.qwen.code.runtimebroker.ToolExecutionRecord@3af9aa66
1790803804413	3	dispatch lease of f939b4ba-459e-4ea5-9c3d-f77ac2d27eab lapsed	REJECT	com.alibaba.qwen.code.runtimebroker.ToolExecutionRecord@62d0ac62
1790803804523	3	dispatch lease of f939b4ba-459e-4ea5-9c3d-f77ac2d27eab lapsed	REJECT	com.alibaba.qwen.code.runtimebroker.ToolExecutionRecord@3003697
1790803804604	3	dispatch lease of f939b4ba-459e-4ea5-9c3d-f77ac2d27eab lapsed	REJECT	com.alibaba.qwen.code.runtimebroker.ToolExecutionRecord@437ebf59
1790803804684	3	dispatch lease of f939b4ba-459e-4ea5-9c3d-f77ac2d27eab lapsed	REJECT	com.alibaba.qwen.code.runtimebroker.ToolExecutionRecord@2d691f3d
1790803804784	3	dispatch lease of f939b4ba-459e-4ea5-9c3d-f77ac2d27eab lapsed	REJECT	com.alibaba.qwen.code.runtimebroker.ToolExecutionRecord@1da6ee17
1790803804896	3	dispatch lease of f939b4ba-459e-4ea5-9c3d-f77ac2d27eab lapsed	REJECT	com.alibaba.qwen.code.runtimebroker.ToolExecutionRecord@5b69d40d
1790803804990	3	dispatch lease of f939b4ba-459e-4ea5-9c3d-f77ac2d27eab lapsed	REJECT	com.alibaba.qwen.code.runtimebroker.ToolExecutionRecord@2516fc68
1790803805070	3	dispatch lease of f939b4ba-459e-4ea5-9c3d-f77ac2d27eab lapsed	REJECT	com.alibaba.qwen.code.runtimebroker.ToolExecutionRecord@72889280
1790803805132	3	dispatch lease of f939b4ba-459e-4ea5-9c3d-f77ac2d27eab lapsed	REJECT	com.alibaba.qwen.code.runtimebroker.ToolExecutionRecord@2d140a7
1790803805219	3	dispatch lease of f939b4ba-459e-4ea5-9c3d-f77ac2d27eab lapsed	REJECT	com.alibaba.qwen.code.runtimebroker.ToolExecutionRecord@7f34a967
1790803805284	3	dispatch lease of f939b4ba-459e-4ea5-9c3d-f77ac2d27eab lapsed	REJECT	com.alibaba.qwen.code.runtimebroker.ToolExecutionRecord@240139e1
1790803805358	3	dispatch lease of f939b4ba-459e-4ea5-9c3d-f77ac2d27eab lapsed	REJECT	com.alibaba.qwen.code.runtimebroker.ToolExecutionRecord@253c1256
1790803805417	3	dispatch lease of f939b4ba-459e-4ea5-9c3d-f77ac2d27eab lapsed	REJECT	com.alibaba.qwen.code.runtimebroker.ToolExecutionRecord@55f45b92
1790803805489	3	dispatch lease of f939b4ba-459e-4ea5-9c3d-f77ac2d27eab lapsed	REJECT	com.alibaba.qwen.code.runtimebroker.ToolExecutionRecord@4a325eb9
1790803805588	3	dispatch lease of f939b4ba-459e-4ea5-9c3d-f77ac2d27eab lapsed	REJECT	com.alibaba.qwen.code.runtimebroker.ToolExecutionRecord@415e0bcb
1790803805708	3	dispatch lease of f939b4ba-459e-4ea5-9c3d-f77ac2d27eab lapsed	REJECT	com.alibaba.qwen.code.runtimebroker.ToolExecutionRecord@2c30b71f
1790803805912	3	dispatch lease of f939b4ba-459e-4ea5-9c3d-f77ac2d27eab lapsed	REJECT	com.alibaba.qwen.code.runtimebroker.ToolExecutionRecord@bf71cec
1790803806024	3	dispatch lease of f939b4ba-459e-4ea5-9c3d-f77ac2d27eab lapsed	ACCEPT	com.alibaba.qwen.code.runtimebroker.ToolExecutionRecord@1654a892
1790803813112	3	dispatch lease of 8ff2655c-d0e5-4e03-b77f-773490f50951 lapsed	REJECT	com.alibaba.qwen.code.runtimebroker.ToolExecutionRecord@210f0cc1
1790803813216	3	dispatch lease of 8ff2655c-d0e5-4e03-b77f-773490f50951 lapsed	REJECT	com.alibaba.qwen.code.runtimebroker.ToolExecutionRecord@c7a977f
1790803813336	3	dispatch lease of 8ff2655c-d0e5-4e03-b77f-773490f50951 lapsed	REJECT	com.alibaba.qwen.code.runtimebroker.ToolExecutionRecord@2c383e33
1790803813440	3	dispatch lease of 8ff2655c-d0e5-4e03-b77f-773490f50951 lapsed	REJECT	com.alibaba.qwen.code.runtimebroker.ToolExecutionRecord@2fa3be26
1790803813547	3	dispatch lease of 8ff2655c-d0e5-4e03-b77f-773490f50951 lapsed	REJECT	com.alibaba.qwen.code.runtimebroker.ToolExecutionRecord@4e6d7365
1790803813636	3	dispatch lease of 8ff2655c-d0e5-4e03-b77f-773490f50951 lapsed	REJECT	com.alibaba.qwen.code.runtimebroker.ToolExecutionRecord@21ae6e73
1790803813702	3	dispatch lease of 8ff2655c-d0e5-4e03-b77f-773490f50951 lapsed	REJECT	com.alibaba.qwen.code.runtimebroker.ToolExecutionRecord@36a7abe1
1790803813769	3	dispatch lease of 8ff2655c-d0e5-4e03-b77f-773490f50951 lapsed	REJECT	com.alibaba.qwen.code.runtimebroker.ToolExecutionRecord@11a82d0f
1790803813832	3	dispatch lease of 8ff2655c-d0e5-4e03-b77f-773490f50951 lapsed	REJECT	com.alibaba.qwen.code.runtimebroker.ToolExecutionRecord@16943e88
1790803813895	3	dispatch lease of 8ff2655c-d0e5-4e03-b77f-773490f50951 lapsed	REJECT	com.alibaba.qwen.code.runtimebroker.ToolExecutionRecord@e36bb2a
1790803814012	3	dispatch lease of 8ff2655c-d0e5-4e03-b77f-773490f50951 lapsed	REJECT	com.alibaba.qwen.code.runtimebroker.ToolExecutionRecord@367795c7
1790803814112	3	dispatch lease of 8ff2655c-d0e5-4e03-b77f-773490f50951 lapsed	REJECT	com.alibaba.qwen.code.runtimebroker.ToolExecutionRecord@1500e009
1790803814213	3	dispatch lease of 8ff2655c-d0e5-4e03-b77f-773490f50951 lapsed	REJECT	com.alibaba.qwen.code.runtimebroker.ToolExecutionRecord@29d334c
1790803814308	3	dispatch lease of 8ff2655c-d0e5-4e03-b77f-773490f50951 lapsed	REJECT	com.alibaba.qwen.code.runtimebroker.ToolExecutionRecord@673bb956
1790803814404	3	dispatch lease of 8ff2655c-d0e5-4e03-b77f-773490f50951 lapsed	REJECT	com.alibaba.qwen.code.runtimebroker.ToolExecutionRecord@3c4bc9fc
1790803814498	3	dispatch lease of 8ff2655c-d0e5-4e03-b77f-773490f50951 lapsed	REJECT	com.alibaba.qwen.code.runtimebroker.ToolExecutionRecord@1f651cd8
1790803814570	3	dispatch lease of 8ff2655c-d0e5-4e03-b77f-773490f50951 lapsed	REJECT	com.alibaba.qwen.code.runtimebroker.ToolExecutionRecord@c827db
1790803814672	3	dispatch lease of 8ff2655c-d0e5-4e03-b77f-773490f50951 lapsed	REJECT	com.alibaba.qwen.code.runtimebroker.ToolExecutionRecord@238ad8c
1790803814770	3	dispatch lease of 8ff2655c-d0e5-4e03-b77f-773490f50951 lapsed	REJECT	com.alibaba.qwen.code.runtimebroker.ToolExecutionRecord@22df874e
1790803814864	3	dispatch lease of 8ff2655c-d0e5-4e03-b77f-773490f50951 lapsed	REJECT	com.alibaba.qwen.code.runtimebroker.ToolExecutionRecord@42d236fb
1790803814960	3	dispatch lease of 8ff2655c-d0e5-4e03-b77f-773490f50951 lapsed	REJECT	com.alibaba.qwen.code.runtimebroker.ToolExecutionRecord@1532c619
1790803815044	3	dispatch lease of 8ff2655c-d0e5-4e03-b77f-773490f50951 lapsed	ACCEPT	com.alibaba.qwen.code.runtimebroker.ToolExecutionRecord@1a78dacd
1790803827869	4	escaped writer pid	REJECT	false
1790803827922	4	escaped writer pid	REJECT	false
1790803827973	4	escaped writer pid	REJECT	false
1790803828023	4	escaped writer pid	REJECT	false
1790803828074	4	escaped writer pid	ACCEPT	true
1790803828086	4	escaped writer output	REJECT	false
1790803828140	4	escaped writer output	REJECT	false
1790803828190	4	escaped writer output	ACCEPT	true
1790803830663	4	original worker loss after recovery fencing	ACCEPT	Reply[ok=false, value=null, status=503, code=runtime_broker_runtime_lost, retryable=true, message=Runtime is lost; recovery requires complete evidence and cleanup]
1790803830923	4	escaped writer continues after loss; the physical pin must remain	REJECT	55
1790803830973	4	escaped writer continues after loss; the physical pin must remain	ACCEPT	56
1790803835906	4	escaped writer pid	REJECT	false
1790803835956	4	escaped writer pid	REJECT	false
1790803836007	4	escaped writer pid	REJECT	false
1790803836057	4	escaped writer pid	REJECT	false
1790803836107	4	escaped writer pid	REJECT	false
1790803836164	4	escaped writer pid	ACCEPT	true
1790803836184	4	escaped writer output	REJECT	false
1790803836234	4	escaped writer output	REJECT	false
1790803836287	4	escaped writer output	ACCEPT	true
1790803838510	4	original worker loss after recovery fencing	ACCEPT	Reply[ok=false, value=null, status=503, code=runtime_broker_runtime_lost, retryable=true, message=Runtime is lost; recovery requires complete evidence and cleanup]
1790803838585	4	escaped writer continues after loss; the physical pin must remain	REJECT	47
1790803838640	4	escaped writer continues after loss; the physical pin must remain	ACCEPT	48
1790803843391	4	marker = [start]	REJECT	[]
1790803843441	4	marker = [start]	REJECT	[]
1790803843496	4	marker = [start]	REJECT	[]
1790803843546	4	marker = [start]	ACCEPT	[start]
1790803843648	4	UNKNOWN execution	REJECT	com.alibaba.qwen.code.runtimebroker.ToolExecutionRecord@3624da92
1790803843737	4	UNKNOWN execution	ACCEPT	com.alibaba.qwen.code.runtimebroker.ToolExecutionRecord@94f6bfb
1790803853078	4	marker = [start]	REJECT	[]
1790803853129	4	marker = [start]	REJECT	[]
1790803853179	4	marker = [start]	REJECT	[]
1790803853229	4	marker = [start]	ACCEPT	[start]
1790803855193	4	original Runtime loss after recovery fencing	ACCEPT	Reply[ok=false, value=null, status=503, code=runtime_broker_runtime_lost, retryable=true, message=Runtime is lost; recovery requires complete evidence and cleanup]
1790803865282	4	dispatch lease of e4762b6c-c3b0-4e03-804f-313eaee2b017 lapsed	REJECT	com.alibaba.qwen.code.runtimebroker.ToolExecutionRecord@63cd604c
1790803865393	4	dispatch lease of e4762b6c-c3b0-4e03-804f-313eaee2b017 lapsed	REJECT	com.alibaba.qwen.code.runtimebroker.ToolExecutionRecord@6a1d204a
1790803865492	4	dispatch lease of e4762b6c-c3b0-4e03-804f-313eaee2b017 lapsed	REJECT	com.alibaba.qwen.code.runtimebroker.ToolExecutionRecord@6fff253c
1790803865585	4	dispatch lease of e4762b6c-c3b0-4e03-804f-313eaee2b017 lapsed	REJECT	com.alibaba.qwen.code.runtimebroker.ToolExecutionRecord@3954d008
1790803865697	4	dispatch lease of e4762b6c-c3b0-4e03-804f-313eaee2b017 lapsed	REJECT	com.alibaba.qwen.code.runtimebroker.ToolExecutionRecord@72ccd81a
1790803865777	4	dispatch lease of e4762b6c-c3b0-4e03-804f-313eaee2b017 lapsed	REJECT	com.alibaba.qwen.code.runtimebroker.ToolExecutionRecord@493dfb8e
1790803865880	4	dispatch lease of e4762b6c-c3b0-4e03-804f-313eaee2b017 lapsed	REJECT	com.alibaba.qwen.code.runtimebroker.ToolExecutionRecord@9d157ff
1790803865977	4	dispatch lease of e4762b6c-c3b0-4e03-804f-313eaee2b017 lapsed	REJECT	com.alibaba.qwen.code.runtimebroker.ToolExecutionRecord@7c041b41
1790803866070	4	dispatch lease of e4762b6c-c3b0-4e03-804f-313eaee2b017 lapsed	REJECT	com.alibaba.qwen.code.runtimebroker.ToolExecutionRecord@1cb3ec38
1790803866170	4	dispatch lease of e4762b6c-c3b0-4e03-804f-313eaee2b017 lapsed	REJECT	com.alibaba.qwen.code.runtimebroker.ToolExecutionRecord@2cab9998
1790803866281	4	dispatch lease of e4762b6c-c3b0-4e03-804f-313eaee2b017 lapsed	REJECT	com.alibaba.qwen.code.runtimebroker.ToolExecutionRecord@3a1d593e
1790803866409	4	dispatch lease of e4762b6c-c3b0-4e03-804f-313eaee2b017 lapsed	REJECT	com.alibaba.qwen.code.runtimebroker.ToolExecutionRecord@7859e786
1790803866489	4	dispatch lease of e4762b6c-c3b0-4e03-804f-313eaee2b017 lapsed	REJECT	com.alibaba.qwen.code.runtimebroker.ToolExecutionRecord@664a9613
1790803866603	4	dispatch lease of e4762b6c-c3b0-4e03-804f-313eaee2b017 lapsed	REJECT	com.alibaba.qwen.code.runtimebroker.ToolExecutionRecord@7876d598
1790803866725	4	dispatch lease of e4762b6c-c3b0-4e03-804f-313eaee2b017 lapsed	REJECT	com.alibaba.qwen.code.runtimebroker.ToolExecutionRecord@71104a4
1790803866829	4	dispatch lease of e4762b6c-c3b0-4e03-804f-313eaee2b017 lapsed	REJECT	com.alibaba.qwen.code.runtimebroker.ToolExecutionRecord@3c9168dc
1790803866922	4	dispatch lease of e4762b6c-c3b0-4e03-804f-313eaee2b017 lapsed	REJECT	com.alibaba.qwen.code.runtimebroker.ToolExecutionRecord@54361a9
1790803867033	4	dispatch lease of e4762b6c-c3b0-4e03-804f-313eaee2b017 lapsed	REJECT	com.alibaba.qwen.code.runtimebroker.ToolExecutionRecord@37ebc9d8
1790803867148	4	dispatch lease of e4762b6c-c3b0-4e03-804f-313eaee2b017 lapsed	REJECT	com.alibaba.qwen.code.runtimebroker.ToolExecutionRecord@6fa590ba
1790803867253	4	dispatch lease of e4762b6c-c3b0-4e03-804f-313eaee2b017 lapsed	REJECT	com.alibaba.qwen.code.runtimebroker.ToolExecutionRecord@7bf9b098
1790803867334	4	dispatch lease of e4762b6c-c3b0-4e03-804f-313eaee2b017 lapsed	REJECT	com.alibaba.qwen.code.runtimebroker.ToolExecutionRecord@1fc0053e
1790803867430	4	dispatch lease of e4762b6c-c3b0-4e03-804f-313eaee2b017 lapsed	REJECT	com.alibaba.qwen.code.runtimebroker.ToolExecutionRecord@33617539
1790803867537	4	dispatch lease of e4762b6c-c3b0-4e03-804f-313eaee2b017 lapsed	REJECT	com.alibaba.qwen.code.runtimebroker.ToolExecutionRecord@209775a9
1790803867662	4	dispatch lease of e4762b6c-c3b0-4e03-804f-313eaee2b017 lapsed	REJECT	com.alibaba.qwen.code.runtimebroker.ToolExecutionRecord@74cec793
1790803867761	4	dispatch lease of e4762b6c-c3b0-4e03-804f-313eaee2b017 lapsed	REJECT	com.alibaba.qwen.code.runtimebroker.ToolExecutionRecord@1bdf8190
1790803867866	4	dispatch lease of e4762b6c-c3b0-4e03-804f-313eaee2b017 lapsed	REJECT	com.alibaba.qwen.code.runtimebroker.ToolExecutionRecord@c65a5ef
1790803867990	4	dispatch lease of e4762b6c-c3b0-4e03-804f-313eaee2b017 lapsed	REJECT	com.alibaba.qwen.code.runtimebroker.ToolExecutionRecord@2fab4aff
1790803868077	4	dispatch lease of e4762b6c-c3b0-4e03-804f-313eaee2b017 lapsed	ACCEPT	com.alibaba.qwen.code.runtimebroker.ToolExecutionRecord@5cc69cfe
1790803875376	4	marker = [start]	REJECT	[]
1790803875426	4	marker = [start]	REJECT	[]
1790803875476	4	marker = [start]	REJECT	[]
1790803875527	4	marker = [start]	ACCEPT	[start]
1790803876717	4	dispatch lease of 65639215-c91f-4efd-a374-2a25cb50a2fb lapsed	REJECT	com.alibaba.qwen.code.runtimebroker.ToolExecutionRecord@6bab2585
1790803876797	4	dispatch lease of 65639215-c91f-4efd-a374-2a25cb50a2fb lapsed	REJECT	com.alibaba.qwen.code.runtimebroker.ToolExecutionRecord@532a02d9
1790803876913	4	dispatch lease of 65639215-c91f-4efd-a374-2a25cb50a2fb lapsed	REJECT	com.alibaba.qwen.code.runtimebroker.ToolExecutionRecord@7cbee484
1790803877025	4	dispatch lease of 65639215-c91f-4efd-a374-2a25cb50a2fb lapsed	REJECT	com.alibaba.qwen.code.runtimebroker.ToolExecutionRecord@4089713
1790803877129	4	dispatch lease of 65639215-c91f-4efd-a374-2a25cb50a2fb lapsed	REJECT	com.alibaba.qwen.code.runtimebroker.ToolExecutionRecord@b91d8c4
1790803877229	4	dispatch lease of 65639215-c91f-4efd-a374-2a25cb50a2fb lapsed	REJECT	com.alibaba.qwen.code.runtimebroker.ToolExecutionRecord@4fd4cae3
1790803877331	4	dispatch lease of 65639215-c91f-4efd-a374-2a25cb50a2fb lapsed	REJECT	com.alibaba.qwen.code.runtimebroker.ToolExecutionRecord@3bde62ff
1790803877461	4	dispatch lease of 65639215-c91f-4efd-a374-2a25cb50a2fb lapsed	REJECT	com.alibaba.qwen.code.runtimebroker.ToolExecutionRecord@319dead1
1790803877585	4	dispatch lease of 65639215-c91f-4efd-a374-2a25cb50a2fb lapsed	REJECT	com.alibaba.qwen.code.runtimebroker.ToolExecutionRecord@754777cd
1790803877697	4	dispatch lease of 65639215-c91f-4efd-a374-2a25cb50a2fb lapsed	REJECT	com.alibaba.qwen.code.runtimebroker.ToolExecutionRecord@4cc76301
1790803877801	4	dispatch lease of 65639215-c91f-4efd-a374-2a25cb50a2fb lapsed	REJECT	com.alibaba.qwen.code.runtimebroker.ToolExecutionRecord@7de0c6ae
1790803877909	4	dispatch lease of 65639215-c91f-4efd-a374-2a25cb50a2fb lapsed	REJECT	com.alibaba.qwen.code.runtimebroker.ToolExecutionRecord@7ef2d7a6
1790803878025	4	dispatch lease of 65639215-c91f-4efd-a374-2a25cb50a2fb lapsed	REJECT	com.alibaba.qwen.code.runtimebroker.ToolExecutionRecord@21526f6c
1790803878105	4	dispatch lease of 65639215-c91f-4efd-a374-2a25cb50a2fb lapsed	REJECT	com.alibaba.qwen.code.runtimebroker.ToolExecutionRecord@5471388b
1790803878190	4	dispatch lease of 65639215-c91f-4efd-a374-2a25cb50a2fb lapsed	REJECT	com.alibaba.qwen.code.runtimebroker.ToolExecutionRecord@3bffddff
1790803878285	4	dispatch lease of 65639215-c91f-4efd-a374-2a25cb50a2fb lapsed	REJECT	com.alibaba.qwen.code.runtimebroker.ToolExecutionRecord@517bd097
1790803878397	4	dispatch lease of 65639215-c91f-4efd-a374-2a25cb50a2fb lapsed	REJECT	com.alibaba.qwen.code.runtimebroker.ToolExecutionRecord@5990e6c5
1790803878501	4	dispatch lease of 65639215-c91f-4efd-a374-2a25cb50a2fb lapsed	REJECT	com.alibaba.qwen.code.runtimebroker.ToolExecutionRecord@1950e8a6
1790803878597	4	dispatch lease of 65639215-c91f-4efd-a374-2a25cb50a2fb lapsed	REJECT	com.alibaba.qwen.code.runtimebroker.ToolExecutionRecord@114a85c2
1790803878697	4	dispatch lease of 65639215-c91f-4efd-a374-2a25cb50a2fb lapsed	REJECT	com.alibaba.qwen.code.runtimebroker.ToolExecutionRecord@724f138e
1790803878781	4	dispatch lease of 65639215-c91f-4efd-a374-2a25cb50a2fb lapsed	REJECT	com.alibaba.qwen.code.runtimebroker.ToolExecutionRecord@c9413d8
1790803878877	4	dispatch lease of 65639215-c91f-4efd-a374-2a25cb50a2fb lapsed	REJECT	com.alibaba.qwen.code.runtimebroker.ToolExecutionRecord@d78795
1790803878982	4	dispatch lease of 65639215-c91f-4efd-a374-2a25cb50a2fb lapsed	REJECT	com.alibaba.qwen.code.runtimebroker.ToolExecutionRecord@3b9d6699
1790803879085	4	dispatch lease of 65639215-c91f-4efd-a374-2a25cb50a2fb lapsed	ACCEPT	com.alibaba.qwen.code.runtimebroker.ToolExecutionRecord@72b16078
1790803880896	4	reconciliation from evidence	ACCEPT	ALREADY_SETTLED
1790803890134	4	dispatch lease of 48cf6e77-1a19-4d49-a976-cf5c63eea1d0 lapsed	REJECT	com.alibaba.qwen.code.runtimebroker.ToolExecutionRecord@1c4ee95c
1790803890249	4	dispatch lease of 48cf6e77-1a19-4d49-a976-cf5c63eea1d0 lapsed	REJECT	com.alibaba.qwen.code.runtimebroker.ToolExecutionRecord@6548bb7d
1790803890356	4	dispatch lease of 48cf6e77-1a19-4d49-a976-cf5c63eea1d0 lapsed	REJECT	com.alibaba.qwen.code.runtimebroker.ToolExecutionRecord@1556f2dd
1790803890464	4	dispatch lease of 48cf6e77-1a19-4d49-a976-cf5c63eea1d0 lapsed	REJECT	com.alibaba.qwen.code.runtimebroker.ToolExecutionRecord@49bd54f7
1790803890561	4	dispatch lease of 48cf6e77-1a19-4d49-a976-cf5c63eea1d0 lapsed	REJECT	com.alibaba.qwen.code.runtimebroker.ToolExecutionRecord@5a12c728
1790803890680	4	dispatch lease of 48cf6e77-1a19-4d49-a976-cf5c63eea1d0 lapsed	REJECT	com.alibaba.qwen.code.runtimebroker.ToolExecutionRecord@3d829787
1790803890780	4	dispatch lease of 48cf6e77-1a19-4d49-a976-cf5c63eea1d0 lapsed	REJECT	com.alibaba.qwen.code.runtimebroker.ToolExecutionRecord@60b85ba1
1790803890901	4	dispatch lease of 48cf6e77-1a19-4d49-a976-cf5c63eea1d0 lapsed	REJECT	com.alibaba.qwen.code.runtimebroker.ToolExecutionRecord@2fb68ec6
1790803891032	4	dispatch lease of 48cf6e77-1a19-4d49-a976-cf5c63eea1d0 lapsed	REJECT	com.alibaba.qwen.code.runtimebroker.ToolExecutionRecord@1a1d3c1a
1790803891136	4	dispatch lease of 48cf6e77-1a19-4d49-a976-cf5c63eea1d0 lapsed	REJECT	com.alibaba.qwen.code.runtimebroker.ToolExecutionRecord@57dc9128
1790803891228	4	dispatch lease of 48cf6e77-1a19-4d49-a976-cf5c63eea1d0 lapsed	REJECT	com.alibaba.qwen.code.runtimebroker.ToolExecutionRecord@59221b97
1790803891340	4	dispatch lease of 48cf6e77-1a19-4d49-a976-cf5c63eea1d0 lapsed	REJECT	com.alibaba.qwen.code.runtimebroker.ToolExecutionRecord@39fc6b2c
1790803891427	4	dispatch lease of 48cf6e77-1a19-4d49-a976-cf5c63eea1d0 lapsed	REJECT	com.alibaba.qwen.code.runtimebroker.ToolExecutionRecord@5d332969
1790803891553	4	dispatch lease of 48cf6e77-1a19-4d49-a976-cf5c63eea1d0 lapsed	REJECT	com.alibaba.qwen.code.runtimebroker.ToolExecutionRecord@c0b41d6
1790803891644	4	dispatch lease of 48cf6e77-1a19-4d49-a976-cf5c63eea1d0 lapsed	REJECT	com.alibaba.qwen.code.runtimebroker.ToolExecutionRecord@3b718392
1790803891717	4	dispatch lease of 48cf6e77-1a19-4d49-a976-cf5c63eea1d0 lapsed	REJECT	com.alibaba.qwen.code.runtimebroker.ToolExecutionRecord@49bf29c6
1790803891828	4	dispatch lease of 48cf6e77-1a19-4d49-a976-cf5c63eea1d0 lapsed	REJECT	com.alibaba.qwen.code.runtimebroker.ToolExecutionRecord@7668d560
1790803891941	4	dispatch lease of 48cf6e77-1a19-4d49-a976-cf5c63eea1d0 lapsed	REJECT	com.alibaba.qwen.code.runtimebroker.ToolExecutionRecord@6c44052e
1790803892048	4	dispatch lease of 48cf6e77-1a19-4d49-a976-cf5c63eea1d0 lapsed	ACCEPT	com.alibaba.qwen.code.runtimebroker.ToolExecutionRecord@1e34c607
1790803893832	4	reconciliation from evidence	ACCEPT	ALREADY_SETTLED
1790803898026	4	marker = [start]	REJECT	[]
1790803898076	4	marker = [start]	REJECT	[]
1790803898126	4	marker = [start]	REJECT	[]
1790803898177	4	marker = [start]	ACCEPT	[start]
1790803907668	4	marker = [start, end]	ACCEPT	[start, end]
1790803913984	4	startup adoption	ACCEPT	Reply[ok=true, value={"bindingId":"4d167832-95b8-4cd2-8214-aedaad737f41","generation":1,"state":"READY"}, status=0, code=null, retryable=false, message=null]
1790803920695	4	startup adoption	ACCEPT	Reply[ok=true, value={"bindingId":"2cde7f23-6543-435a-8428-d9a939fc105b","generation":1,"state":"READY"}, status=0, code=null, retryable=false, message=null]
1790803924968	4	marker = [start]	REJECT	[]
1790803925018	4	marker = [start]	REJECT	[]
1790803925068	4	marker = [start]	REJECT	[]
1790803925119	4	marker = [start]	ACCEPT	[start]
1790803926821	4	original worker loss after recovery fencing	ACCEPT	Reply[ok=false, value=null, status=503, code=runtime_broker_runtime_lost, retryable=true, message=Runtime is lost; recovery requires complete evidence and cleanup]
1790803931021	4	project/marker = [start]	REJECT	[]
1790803931072	4	project/marker = [start]	REJECT	[]
1790803931122	4	project/marker = [start]	REJECT	[]
1790803931172	4	project/marker = [start]	REJECT	[]
1790803931222	4	project/marker = [start]	ACCEPT	[start]
1790803933212	4	original worker loss after recovery fencing	ACCEPT	Reply[ok=false, value=null, status=503, code=runtime_broker_runtime_lost, retryable=true, message=Runtime is lost; recovery requires complete evidence and cleanup]
1790803954397	4	marker = [start]	REJECT	[]
1790803954447	4	marker = [start]	REJECT	[]
1790803954498	4	marker = [start]	REJECT	[]
1790803954548	4	marker = [start]	ACCEPT	[start]
1790803957116	4	dispatch lease of f481af32-1302-4eff-9697-ff4ed8baaeca lapsed	REJECT	com.alibaba.qwen.code.runtimebroker.ToolExecutionRecord@14c053c6
1790803957232	4	dispatch lease of f481af32-1302-4eff-9697-ff4ed8baaeca lapsed	REJECT	com.alibaba.qwen.code.runtimebroker.ToolExecutionRecord@6134ac4a
1790803957325	4	dispatch lease of f481af32-1302-4eff-9697-ff4ed8baaeca lapsed	REJECT	com.alibaba.qwen.code.runtimebroker.ToolExecutionRecord@73e132e0
1790803957436	4	dispatch lease of f481af32-1302-4eff-9697-ff4ed8baaeca lapsed	REJECT	com.alibaba.qwen.code.runtimebroker.ToolExecutionRecord@589b028e
1790803957540	4	dispatch lease of f481af32-1302-4eff-9697-ff4ed8baaeca lapsed	REJECT	com.alibaba.qwen.code.runtimebroker.ToolExecutionRecord@3b809711
1790803957632	4	dispatch lease of f481af32-1302-4eff-9697-ff4ed8baaeca lapsed	REJECT	com.alibaba.qwen.code.runtimebroker.ToolExecutionRecord@5c84624f
1790803957705	4	dispatch lease of f481af32-1302-4eff-9697-ff4ed8baaeca lapsed	REJECT	com.alibaba.qwen.code.runtimebroker.ToolExecutionRecord@55a8dc49
1790803957796	4	dispatch lease of f481af32-1302-4eff-9697-ff4ed8baaeca lapsed	REJECT	com.alibaba.qwen.code.runtimebroker.ToolExecutionRecord@71ea1fda
1790803957905	4	dispatch lease of f481af32-1302-4eff-9697-ff4ed8baaeca lapsed	REJECT	com.alibaba.qwen.code.runtimebroker.ToolExecutionRecord@7e11ab3d
1790803958003	4	dispatch lease of f481af32-1302-4eff-9697-ff4ed8baaeca lapsed	REJECT	com.alibaba.qwen.code.runtimebroker.ToolExecutionRecord@5b43e173
1790803958097	4	dispatch lease of f481af32-1302-4eff-9697-ff4ed8baaeca lapsed	REJECT	com.alibaba.qwen.code.runtimebroker.ToolExecutionRecord@66f66866
1790803958177	4	dispatch lease of f481af32-1302-4eff-9697-ff4ed8baaeca lapsed	REJECT	com.alibaba.qwen.code.runtimebroker.ToolExecutionRecord@6594402a
1790803958252	4	dispatch lease of f481af32-1302-4eff-9697-ff4ed8baaeca lapsed	REJECT	com.alibaba.qwen.code.runtimebroker.ToolExecutionRecord@3e1162e7
1790803958321	4	dispatch lease of f481af32-1302-4eff-9697-ff4ed8baaeca lapsed	REJECT	com.alibaba.qwen.code.runtimebroker.ToolExecutionRecord@350b3a17
1790803958403	4	dispatch lease of f481af32-1302-4eff-9697-ff4ed8baaeca lapsed	REJECT	com.alibaba.qwen.code.runtimebroker.ToolExecutionRecord@721eb7df
1790803958492	4	dispatch lease of f481af32-1302-4eff-9697-ff4ed8baaeca lapsed	REJECT	com.alibaba.qwen.code.runtimebroker.ToolExecutionRecord@5298dead
1790803958612	4	dispatch lease of f481af32-1302-4eff-9697-ff4ed8baaeca lapsed	REJECT	com.alibaba.qwen.code.runtimebroker.ToolExecutionRecord@4e406694
1790803958697	4	dispatch lease of f481af32-1302-4eff-9697-ff4ed8baaeca lapsed	REJECT	com.alibaba.qwen.code.runtimebroker.ToolExecutionRecord@4f8caaf3
1790803958772	4	dispatch lease of f481af32-1302-4eff-9697-ff4ed8baaeca lapsed	REJECT	com.alibaba.qwen.code.runtimebroker.ToolExecutionRecord@6bb7cce7
1790803958868	4	dispatch lease of f481af32-1302-4eff-9697-ff4ed8baaeca lapsed	REJECT	com.alibaba.qwen.code.runtimebroker.ToolExecutionRecord@328572f0
1790803958980	4	dispatch lease of f481af32-1302-4eff-9697-ff4ed8baaeca lapsed	REJECT	com.alibaba.qwen.code.runtimebroker.ToolExecutionRecord@64a1923a
1790803959068	4	dispatch lease of f481af32-1302-4eff-9697-ff4ed8baaeca lapsed	REJECT	com.alibaba.qwen.code.runtimebroker.ToolExecutionRecord@2c0f7678
1790803959168	4	dispatch lease of f481af32-1302-4eff-9697-ff4ed8baaeca lapsed	REJECT	com.alibaba.qwen.code.runtimebroker.ToolExecutionRecord@23c650a3
1790803959260	4	dispatch lease of f481af32-1302-4eff-9697-ff4ed8baaeca lapsed	REJECT	com.alibaba.qwen.code.runtimebroker.ToolExecutionRecord@50b1f030
1790803959365	4	dispatch lease of f481af32-1302-4eff-9697-ff4ed8baaeca lapsed	REJECT	com.alibaba.qwen.code.runtimebroker.ToolExecutionRecord@3e681bc
1790803959468	4	dispatch lease of f481af32-1302-4eff-9697-ff4ed8baaeca lapsed	REJECT	com.alibaba.qwen.code.runtimebroker.ToolExecutionRecord@5f574cc2
1790803959580	4	dispatch lease of f481af32-1302-4eff-9697-ff4ed8baaeca lapsed	REJECT	com.alibaba.qwen.code.runtimebroker.ToolExecutionRecord@2d83c5a5
1790803959680	4	dispatch lease of f481af32-1302-4eff-9697-ff4ed8baaeca lapsed	REJECT	com.alibaba.qwen.code.runtimebroker.ToolExecutionRecord@60222fd8
1790803959782	4	dispatch lease of f481af32-1302-4eff-9697-ff4ed8baaeca lapsed	REJECT	com.alibaba.qwen.code.runtimebroker.ToolExecutionRecord@710b30ef
1790803959864	4	dispatch lease of f481af32-1302-4eff-9697-ff4ed8baaeca lapsed	REJECT	com.alibaba.qwen.code.runtimebroker.ToolExecutionRecord@7cf7aee
1790803959959	4	dispatch lease of f481af32-1302-4eff-9697-ff4ed8baaeca lapsed	REJECT	com.alibaba.qwen.code.runtimebroker.ToolExecutionRecord@18151a14
1790803960076	4	dispatch lease of f481af32-1302-4eff-9697-ff4ed8baaeca lapsed	ACCEPT	com.alibaba.qwen.code.runtimebroker.ToolExecutionRecord@3c1e23ff
1790803960655	4	cancelled original call	ACCEPT	RESOLVED
1790803965297	4	project/marker = [start]	REJECT	[]
1790803965352	4	project/marker = [start]	REJECT	[]
1790803965402	4	project/marker = [start]	REJECT	[]
1790803965452	4	project/marker = [start]	REJECT	[]
1790803965503	4	project/marker = [start]	ACCEPT	[start]
1790803968056	4	dispatch lease of 2ac5c488-e705-47a7-bee6-793070e0c7f9 lapsed	REJECT	com.alibaba.qwen.code.runtimebroker.ToolExecutionRecord@737edcfa
1790803968141	4	dispatch lease of 2ac5c488-e705-47a7-bee6-793070e0c7f9 lapsed	REJECT	com.alibaba.qwen.code.runtimebroker.ToolExecutionRecord@36c54a56
1790803968240	4	dispatch lease of 2ac5c488-e705-47a7-bee6-793070e0c7f9 lapsed	REJECT	com.alibaba.qwen.code.runtimebroker.ToolExecutionRecord@73386d72
1790803968357	4	dispatch lease of 2ac5c488-e705-47a7-bee6-793070e0c7f9 lapsed	REJECT	com.alibaba.qwen.code.runtimebroker.ToolExecutionRecord@584f5497
1790803968461	4	dispatch lease of 2ac5c488-e705-47a7-bee6-793070e0c7f9 lapsed	REJECT	com.alibaba.qwen.code.runtimebroker.ToolExecutionRecord@6df20ade
1790803968577	4	dispatch lease of 2ac5c488-e705-47a7-bee6-793070e0c7f9 lapsed	REJECT	com.alibaba.qwen.code.runtimebroker.ToolExecutionRecord@341a8659
1790803968673	4	dispatch lease of 2ac5c488-e705-47a7-bee6-793070e0c7f9 lapsed	REJECT	com.alibaba.qwen.code.runtimebroker.ToolExecutionRecord@181d7f28
1790803968797	4	dispatch lease of 2ac5c488-e705-47a7-bee6-793070e0c7f9 lapsed	REJECT	com.alibaba.qwen.code.runtimebroker.ToolExecutionRecord@cda4919
1790803968869	4	dispatch lease of 2ac5c488-e705-47a7-bee6-793070e0c7f9 lapsed	REJECT	com.alibaba.qwen.code.runtimebroker.ToolExecutionRecord@344b8190
1790803968935	4	dispatch lease of 2ac5c488-e705-47a7-bee6-793070e0c7f9 lapsed	REJECT	com.alibaba.qwen.code.runtimebroker.ToolExecutionRecord@1929425f
1790803969016	4	dispatch lease of 2ac5c488-e705-47a7-bee6-793070e0c7f9 lapsed	REJECT	com.alibaba.qwen.code.runtimebroker.ToolExecutionRecord@757f675c
1790803969113	4	dispatch lease of 2ac5c488-e705-47a7-bee6-793070e0c7f9 lapsed	REJECT	com.alibaba.qwen.code.runtimebroker.ToolExecutionRecord@5d10455d
1790803969173	4	dispatch lease of 2ac5c488-e705-47a7-bee6-793070e0c7f9 lapsed	REJECT	com.alibaba.qwen.code.runtimebroker.ToolExecutionRecord@55b62629
1790803969270	4	dispatch lease of 2ac5c488-e705-47a7-bee6-793070e0c7f9 lapsed	REJECT	com.alibaba.qwen.code.runtimebroker.ToolExecutionRecord@6759f091
1790803969352	4	dispatch lease of 2ac5c488-e705-47a7-bee6-793070e0c7f9 lapsed	REJECT	com.alibaba.qwen.code.runtimebroker.ToolExecutionRecord@20921b9b
1790803969426	4	dispatch lease of 2ac5c488-e705-47a7-bee6-793070e0c7f9 lapsed	REJECT	com.alibaba.qwen.code.runtimebroker.ToolExecutionRecord@654b72c0
1790803969504	4	dispatch lease of 2ac5c488-e705-47a7-bee6-793070e0c7f9 lapsed	REJECT	com.alibaba.qwen.code.runtimebroker.ToolExecutionRecord@15fc442
1790803969593	4	dispatch lease of 2ac5c488-e705-47a7-bee6-793070e0c7f9 lapsed	REJECT	com.alibaba.qwen.code.runtimebroker.ToolExecutionRecord@2a3a299
1790803969705	4	dispatch lease of 2ac5c488-e705-47a7-bee6-793070e0c7f9 lapsed	REJECT	com.alibaba.qwen.code.runtimebroker.ToolExecutionRecord@31be6b49
1790803969806	4	dispatch lease of 2ac5c488-e705-47a7-bee6-793070e0c7f9 lapsed	REJECT	com.alibaba.qwen.code.runtimebroker.ToolExecutionRecord@70d8de
1790803969900	4	dispatch lease of 2ac5c488-e705-47a7-bee6-793070e0c7f9 lapsed	REJECT	com.alibaba.qwen.code.runtimebroker.ToolExecutionRecord@46b695ec
1790803969969	4	dispatch lease of 2ac5c488-e705-47a7-bee6-793070e0c7f9 lapsed	REJECT	com.alibaba.qwen.code.runtimebroker.ToolExecutionRecord@11ce2e22
1790803970039	4	dispatch lease of 2ac5c488-e705-47a7-bee6-793070e0c7f9 lapsed	REJECT	com.alibaba.qwen.code.runtimebroker.ToolExecutionRecord@5aa6202e
1790803970147	4	dispatch lease of 2ac5c488-e705-47a7-bee6-793070e0c7f9 lapsed	REJECT	com.alibaba.qwen.code.runtimebroker.ToolExecutionRecord@91c4a3f
1790803970236	4	dispatch lease of 2ac5c488-e705-47a7-bee6-793070e0c7f9 lapsed	REJECT	com.alibaba.qwen.code.runtimebroker.ToolExecutionRecord@6826c41e
1790803970337	4	dispatch lease of 2ac5c488-e705-47a7-bee6-793070e0c7f9 lapsed	REJECT	com.alibaba.qwen.code.runtimebroker.ToolExecutionRecord@1d269ed7
1790803970432	4	dispatch lease of 2ac5c488-e705-47a7-bee6-793070e0c7f9 lapsed	REJECT	com.alibaba.qwen.code.runtimebroker.ToolExecutionRecord@410e94e
1790803970538	4	dispatch lease of 2ac5c488-e705-47a7-bee6-793070e0c7f9 lapsed	REJECT	com.alibaba.qwen.code.runtimebroker.ToolExecutionRecord@1e7f2e0f
1790803970633	4	dispatch lease of 2ac5c488-e705-47a7-bee6-793070e0c7f9 lapsed	REJECT	com.alibaba.qwen.code.runtimebroker.ToolExecutionRecord@3c818ac4
1790803970748	4	dispatch lease of 2ac5c488-e705-47a7-bee6-793070e0c7f9 lapsed	REJECT	com.alibaba.qwen.code.runtimebroker.ToolExecutionRecord@15f193b8
1790803970856	4	dispatch lease of 2ac5c488-e705-47a7-bee6-793070e0c7f9 lapsed	REJECT	com.alibaba.qwen.code.runtimebroker.ToolExecutionRecord@6bfdb014
1790803970948	4	dispatch lease of 2ac5c488-e705-47a7-bee6-793070e0c7f9 lapsed	REJECT	com.alibaba.qwen.code.runtimebroker.ToolExecutionRecord@4aa3d36
1790803971064	4	dispatch lease of 2ac5c488-e705-47a7-bee6-793070e0c7f9 lapsed	ACCEPT	com.alibaba.qwen.code.runtimebroker.ToolExecutionRecord@2aa27288
1790803971481	4	cancelled original call	ACCEPT	ALREADY_SETTLED
1790803977248	4	dispatch lease of 0ae0d0f8-f00c-4700-b3ec-1756d72a0502 lapsed	REJECT	com.alibaba.qwen.code.runtimebroker.ToolExecutionRecord@109f5dd8
1790803977340	4	dispatch lease of 0ae0d0f8-f00c-4700-b3ec-1756d72a0502 lapsed	REJECT	com.alibaba.qwen.code.runtimebroker.ToolExecutionRecord@3dedb4a6
1790803977448	4	dispatch lease of 0ae0d0f8-f00c-4700-b3ec-1756d72a0502 lapsed	REJECT	com.alibaba.qwen.code.runtimebroker.ToolExecutionRecord@194152cf
1790803977540	4	dispatch lease of 0ae0d0f8-f00c-4700-b3ec-1756d72a0502 lapsed	REJECT	com.alibaba.qwen.code.runtimebroker.ToolExecutionRecord@1d81e101
1790803977632	4	dispatch lease of 0ae0d0f8-f00c-4700-b3ec-1756d72a0502 lapsed	REJECT	com.alibaba.qwen.code.runtimebroker.ToolExecutionRecord@22d6cac2
1790803977748	4	dispatch lease of 0ae0d0f8-f00c-4700-b3ec-1756d72a0502 lapsed	REJECT	com.alibaba.qwen.code.runtimebroker.ToolExecutionRecord@2577d6c8
1790803977840	4	dispatch lease of 0ae0d0f8-f00c-4700-b3ec-1756d72a0502 lapsed	REJECT	com.alibaba.qwen.code.runtimebroker.ToolExecutionRecord@5f233b26
1790803977924	4	dispatch lease of 0ae0d0f8-f00c-4700-b3ec-1756d72a0502 lapsed	REJECT	com.alibaba.qwen.code.runtimebroker.ToolExecutionRecord@5e8a459
1790803978036	4	dispatch lease of 0ae0d0f8-f00c-4700-b3ec-1756d72a0502 lapsed	REJECT	com.alibaba.qwen.code.runtimebroker.ToolExecutionRecord@9ec531
1790803978156	4	dispatch lease of 0ae0d0f8-f00c-4700-b3ec-1756d72a0502 lapsed	REJECT	com.alibaba.qwen.code.runtimebroker.ToolExecutionRecord@19542407
1790803978251	4	dispatch lease of 0ae0d0f8-f00c-4700-b3ec-1756d72a0502 lapsed	REJECT	com.alibaba.qwen.code.runtimebroker.ToolExecutionRecord@55caeb35
1790803978375	4	dispatch lease of 0ae0d0f8-f00c-4700-b3ec-1756d72a0502 lapsed	REJECT	com.alibaba.qwen.code.runtimebroker.ToolExecutionRecord@74a195a4
1790803978486	4	dispatch lease of 0ae0d0f8-f00c-4700-b3ec-1756d72a0502 lapsed	REJECT	com.alibaba.qwen.code.runtimebroker.ToolExecutionRecord@4287d447
1790803978586	4	dispatch lease of 0ae0d0f8-f00c-4700-b3ec-1756d72a0502 lapsed	REJECT	com.alibaba.qwen.code.runtimebroker.ToolExecutionRecord@7c0da600
1790803978682	4	dispatch lease of 0ae0d0f8-f00c-4700-b3ec-1756d72a0502 lapsed	REJECT	com.alibaba.qwen.code.runtimebroker.ToolExecutionRecord@47dd778
1790803978797	4	dispatch lease of 0ae0d0f8-f00c-4700-b3ec-1756d72a0502 lapsed	REJECT	com.alibaba.qwen.code.runtimebroker.ToolExecutionRecord@64a896b0
1790803978904	4	dispatch lease of 0ae0d0f8-f00c-4700-b3ec-1756d72a0502 lapsed	REJECT	com.alibaba.qwen.code.runtimebroker.ToolExecutionRecord@1adb7478
1790803978997	4	dispatch lease of 0ae0d0f8-f00c-4700-b3ec-1756d72a0502 lapsed	REJECT	com.alibaba.qwen.code.runtimebroker.ToolExecutionRecord@4604b900
1790803979096	4	dispatch lease of 0ae0d0f8-f00c-4700-b3ec-1756d72a0502 lapsed	ACCEPT	com.alibaba.qwen.code.runtimebroker.ToolExecutionRecord@3961a41a
1790803986368	4	dispatch lease of e6aa01cc-a1ca-4788-b36b-19fc46e6ba2d lapsed	REJECT	com.alibaba.qwen.code.runtimebroker.ToolExecutionRecord@cd7f1ae
1790803986441	4	dispatch lease of e6aa01cc-a1ca-4788-b36b-19fc46e6ba2d lapsed	REJECT	com.alibaba.qwen.code.runtimebroker.ToolExecutionRecord@680362a
1790803986548	4	dispatch lease of e6aa01cc-a1ca-4788-b36b-19fc46e6ba2d lapsed	REJECT	com.alibaba.qwen.code.runtimebroker.ToolExecutionRecord@7d0332e1
1790803986644	4	dispatch lease of e6aa01cc-a1ca-4788-b36b-19fc46e6ba2d lapsed	REJECT	com.alibaba.qwen.code.runtimebroker.ToolExecutionRecord@377c68c6
1790803986740	4	dispatch lease of e6aa01cc-a1ca-4788-b36b-19fc46e6ba2d lapsed	REJECT	com.alibaba.qwen.code.runtimebroker.ToolExecutionRecord@430fa4ef
1790803986856	4	dispatch lease of e6aa01cc-a1ca-4788-b36b-19fc46e6ba2d lapsed	REJECT	com.alibaba.qwen.code.runtimebroker.ToolExecutionRecord@654c1a54
1790803986941	4	dispatch lease of e6aa01cc-a1ca-4788-b36b-19fc46e6ba2d lapsed	REJECT	com.alibaba.qwen.code.runtimebroker.ToolExecutionRecord@1ce93c18
1790803987044	4	dispatch lease of e6aa01cc-a1ca-4788-b36b-19fc46e6ba2d lapsed	REJECT	com.alibaba.qwen.code.runtimebroker.ToolExecutionRecord@46044faa
1790803987153	4	dispatch lease of e6aa01cc-a1ca-4788-b36b-19fc46e6ba2d lapsed	REJECT	com.alibaba.qwen.code.runtimebroker.ToolExecutionRecord@19f9d595
1790803987256	4	dispatch lease of e6aa01cc-a1ca-4788-b36b-19fc46e6ba2d lapsed	REJECT	com.alibaba.qwen.code.runtimebroker.ToolExecutionRecord@778ca8ef
1790803987340	4	dispatch lease of e6aa01cc-a1ca-4788-b36b-19fc46e6ba2d lapsed	REJECT	com.alibaba.qwen.code.runtimebroker.ToolExecutionRecord@261d8190
1790803987456	4	dispatch lease of e6aa01cc-a1ca-4788-b36b-19fc46e6ba2d lapsed	REJECT	com.alibaba.qwen.code.runtimebroker.ToolExecutionRecord@907f2b7
1790803987574	4	dispatch lease of e6aa01cc-a1ca-4788-b36b-19fc46e6ba2d lapsed	REJECT	com.alibaba.qwen.code.runtimebroker.ToolExecutionRecord@7dc51783
1790803987668	4	dispatch lease of e6aa01cc-a1ca-4788-b36b-19fc46e6ba2d lapsed	REJECT	com.alibaba.qwen.code.runtimebroker.ToolExecutionRecord@65e7f52a
1790803987776	4	dispatch lease of e6aa01cc-a1ca-4788-b36b-19fc46e6ba2d lapsed	REJECT	com.alibaba.qwen.code.runtimebroker.ToolExecutionRecord@107e5441
1790803987883	4	dispatch lease of e6aa01cc-a1ca-4788-b36b-19fc46e6ba2d lapsed	REJECT	com.alibaba.qwen.code.runtimebroker.ToolExecutionRecord@1f14f20c
1790803987948	4	dispatch lease of e6aa01cc-a1ca-4788-b36b-19fc46e6ba2d lapsed	REJECT	com.alibaba.qwen.code.runtimebroker.ToolExecutionRecord@6e4ea0bd
1790803988060	4	dispatch lease of e6aa01cc-a1ca-4788-b36b-19fc46e6ba2d lapsed	ACCEPT	com.alibaba.qwen.code.runtimebroker.ToolExecutionRecord@1059754c
1790804349542	5	escaped writer pid	REJECT	false
1790804349604	5	escaped writer pid	REJECT	false
1790804349654	5	escaped writer pid	REJECT	false
1790804349704	5	escaped writer pid	REJECT	false
1790804349760	5	escaped writer pid	REJECT	false
1790804349810	5	escaped writer pid	ACCEPT	true
1790804349839	5	escaped writer output	REJECT	false
1790804349900	5	escaped writer output	ACCEPT	true
1790804352439	5	original worker loss after recovery fencing	ACCEPT	Reply[ok=false, value=null, status=503, code=runtime_broker_runtime_lost, retryable=true, message=Runtime is lost; recovery requires complete evidence and cleanup]
1790804352720	5	escaped writer continues after loss; the physical pin must remain	REJECT	57
1790804352771	5	escaped writer continues after loss; the physical pin must remain	ACCEPT	58
1790804357814	5	escaped writer pid	REJECT	false
1790804357865	5	escaped writer pid	REJECT	false
1790804357915	5	escaped writer pid	REJECT	false
1790804357965	5	escaped writer pid	REJECT	false
1790804358015	5	escaped writer pid	REJECT	false
1790804358066	5	escaped writer pid	REJECT	false
1790804358120	5	escaped writer pid	ACCEPT	true
1790804358142	5	escaped writer output	REJECT	false
1790804358196	5	escaped writer output	REJECT	false
1790804358247	5	escaped writer output	ACCEPT	true
1790804360624	5	original worker loss after recovery fencing	ACCEPT	Reply[ok=false, value=null, status=503, code=runtime_broker_runtime_lost, retryable=true, message=Runtime is lost; recovery requires complete evidence and cleanup]
1790804360700	5	escaped writer continues after loss; the physical pin must remain	REJECT	50
1790804360750	5	escaped writer continues after loss; the physical pin must remain	ACCEPT	51
1790804365236	5	marker = [start]	REJECT	[]
1790804365287	5	marker = [start]	REJECT	[]
1790804365337	5	marker = [start]	REJECT	[]
1790804365387	5	marker = [start]	ACCEPT	[start]
1790804365487	5	UNKNOWN execution	REJECT	com.alibaba.qwen.code.runtimebroker.ToolExecutionRecord@5f3b9c57
1790804365565	5	UNKNOWN execution	ACCEPT	com.alibaba.qwen.code.runtimebroker.ToolExecutionRecord@2cf23c81
1790804374556	5	marker = [start]	REJECT	[]
1790804374606	5	marker = [start]	REJECT	[]
1790804374656	5	marker = [start]	REJECT	[]
1790804374712	5	marker = [start]	ACCEPT	[start]
1790804376763	5	original Runtime loss after recovery fencing	ACCEPT	Reply[ok=false, value=null, status=503, code=runtime_broker_runtime_lost, retryable=true, message=Runtime is lost; recovery requires complete evidence and cleanup]
1790804386813	5	dispatch lease of 62e5d35b-f6bb-4cec-8fef-99d3c307ae00 lapsed	REJECT	com.alibaba.qwen.code.runtimebroker.ToolExecutionRecord@31024624
1790804386924	5	dispatch lease of 62e5d35b-f6bb-4cec-8fef-99d3c307ae00 lapsed	REJECT	com.alibaba.qwen.code.runtimebroker.ToolExecutionRecord@63cd604c
1790804387053	5	dispatch lease of 62e5d35b-f6bb-4cec-8fef-99d3c307ae00 lapsed	REJECT	com.alibaba.qwen.code.runtimebroker.ToolExecutionRecord@6a1d204a
1790804387160	5	dispatch lease of 62e5d35b-f6bb-4cec-8fef-99d3c307ae00 lapsed	REJECT	com.alibaba.qwen.code.runtimebroker.ToolExecutionRecord@6fff253c
1790804387260	5	dispatch lease of 62e5d35b-f6bb-4cec-8fef-99d3c307ae00 lapsed	REJECT	com.alibaba.qwen.code.runtimebroker.ToolExecutionRecord@3954d008
1790804387365	5	dispatch lease of 62e5d35b-f6bb-4cec-8fef-99d3c307ae00 lapsed	REJECT	com.alibaba.qwen.code.runtimebroker.ToolExecutionRecord@72ccd81a
1790804387442	5	dispatch lease of 62e5d35b-f6bb-4cec-8fef-99d3c307ae00 lapsed	REJECT	com.alibaba.qwen.code.runtimebroker.ToolExecutionRecord@493dfb8e
1790804387557	5	dispatch lease of 62e5d35b-f6bb-4cec-8fef-99d3c307ae00 lapsed	REJECT	com.alibaba.qwen.code.runtimebroker.ToolExecutionRecord@9d157ff
1790804387644	5	dispatch lease of 62e5d35b-f6bb-4cec-8fef-99d3c307ae00 lapsed	REJECT	com.alibaba.qwen.code.runtimebroker.ToolExecutionRecord@7c041b41
1790804387723	5	dispatch lease of 62e5d35b-f6bb-4cec-8fef-99d3c307ae00 lapsed	REJECT	com.alibaba.qwen.code.runtimebroker.ToolExecutionRecord@1cb3ec38
1790804387810	5	dispatch lease of 62e5d35b-f6bb-4cec-8fef-99d3c307ae00 lapsed	REJECT	com.alibaba.qwen.code.runtimebroker.ToolExecutionRecord@2cab9998
1790804387957	5	dispatch lease of 62e5d35b-f6bb-4cec-8fef-99d3c307ae00 lapsed	REJECT	com.alibaba.qwen.code.runtimebroker.ToolExecutionRecord@3a1d593e
1790804388061	5	dispatch lease of 62e5d35b-f6bb-4cec-8fef-99d3c307ae00 lapsed	REJECT	com.alibaba.qwen.code.runtimebroker.ToolExecutionRecord@7859e786
1790804388165	5	dispatch lease of 62e5d35b-f6bb-4cec-8fef-99d3c307ae00 lapsed	REJECT	com.alibaba.qwen.code.runtimebroker.ToolExecutionRecord@664a9613
1790804388261	5	dispatch lease of 62e5d35b-f6bb-4cec-8fef-99d3c307ae00 lapsed	REJECT	com.alibaba.qwen.code.runtimebroker.ToolExecutionRecord@7876d598
1790804388364	5	dispatch lease of 62e5d35b-f6bb-4cec-8fef-99d3c307ae00 lapsed	REJECT	com.alibaba.qwen.code.runtimebroker.ToolExecutionRecord@71104a4
1790804388455	5	dispatch lease of 62e5d35b-f6bb-4cec-8fef-99d3c307ae00 lapsed	REJECT	com.alibaba.qwen.code.runtimebroker.ToolExecutionRecord@3c9168dc
1790804388537	5	dispatch lease of 62e5d35b-f6bb-4cec-8fef-99d3c307ae00 lapsed	REJECT	com.alibaba.qwen.code.runtimebroker.ToolExecutionRecord@54361a9
1790804388615	5	dispatch lease of 62e5d35b-f6bb-4cec-8fef-99d3c307ae00 lapsed	REJECT	com.alibaba.qwen.code.runtimebroker.ToolExecutionRecord@37ebc9d8
1790804388712	5	dispatch lease of 62e5d35b-f6bb-4cec-8fef-99d3c307ae00 lapsed	REJECT	com.alibaba.qwen.code.runtimebroker.ToolExecutionRecord@6fa590ba
1790804388806	5	dispatch lease of 62e5d35b-f6bb-4cec-8fef-99d3c307ae00 lapsed	REJECT	com.alibaba.qwen.code.runtimebroker.ToolExecutionRecord@7bf9b098
1790804388927	5	dispatch lease of 62e5d35b-f6bb-4cec-8fef-99d3c307ae00 lapsed	REJECT	com.alibaba.qwen.code.runtimebroker.ToolExecutionRecord@1fc0053e
1790804389035	5	dispatch lease of 62e5d35b-f6bb-4cec-8fef-99d3c307ae00 lapsed	ACCEPT	com.alibaba.qwen.code.runtimebroker.ToolExecutionRecord@33617539
1790804396350	5	marker = [start]	REJECT	[]
1790804396400	5	marker = [start]	REJECT	[]
1790804396451	5	marker = [start]	REJECT	[]
1790804396501	5	marker = [start]	REJECT	[]
1790804396551	5	marker = [start]	ACCEPT	[start]
1790804397765	5	dispatch lease of 0b382f4c-f8c0-4ce4-a286-73f2968185d9 lapsed	REJECT	com.alibaba.qwen.code.runtimebroker.ToolExecutionRecord@c65a5ef
1790804397889	5	dispatch lease of 0b382f4c-f8c0-4ce4-a286-73f2968185d9 lapsed	REJECT	com.alibaba.qwen.code.runtimebroker.ToolExecutionRecord@2fab4aff
1790804397985	5	dispatch lease of 0b382f4c-f8c0-4ce4-a286-73f2968185d9 lapsed	REJECT	com.alibaba.qwen.code.runtimebroker.ToolExecutionRecord@5cc69cfe
1790804398077	5	dispatch lease of 0b382f4c-f8c0-4ce4-a286-73f2968185d9 lapsed	REJECT	com.alibaba.qwen.code.runtimebroker.ToolExecutionRecord@7997b197
1790804398157	5	dispatch lease of 0b382f4c-f8c0-4ce4-a286-73f2968185d9 lapsed	REJECT	com.alibaba.qwen.code.runtimebroker.ToolExecutionRecord@55f3c410
1790804398268	5	dispatch lease of 0b382f4c-f8c0-4ce4-a286-73f2968185d9 lapsed	REJECT	com.alibaba.qwen.code.runtimebroker.ToolExecutionRecord@4a8ab068
1790804398368	5	dispatch lease of 0b382f4c-f8c0-4ce4-a286-73f2968185d9 lapsed	REJECT	com.alibaba.qwen.code.runtimebroker.ToolExecutionRecord@6bab2585
1790804398484	5	dispatch lease of 0b382f4c-f8c0-4ce4-a286-73f2968185d9 lapsed	REJECT	com.alibaba.qwen.code.runtimebroker.ToolExecutionRecord@532a02d9
1790804398576	5	dispatch lease of 0b382f4c-f8c0-4ce4-a286-73f2968185d9 lapsed	REJECT	com.alibaba.qwen.code.runtimebroker.ToolExecutionRecord@7cbee484
1790804398641	5	dispatch lease of 0b382f4c-f8c0-4ce4-a286-73f2968185d9 lapsed	REJECT	com.alibaba.qwen.code.runtimebroker.ToolExecutionRecord@4089713
1790804398716	5	dispatch lease of 0b382f4c-f8c0-4ce4-a286-73f2968185d9 lapsed	REJECT	com.alibaba.qwen.code.runtimebroker.ToolExecutionRecord@b91d8c4
1790804398808	5	dispatch lease of 0b382f4c-f8c0-4ce4-a286-73f2968185d9 lapsed	REJECT	com.alibaba.qwen.code.runtimebroker.ToolExecutionRecord@4fd4cae3
1790804398916	5	dispatch lease of 0b382f4c-f8c0-4ce4-a286-73f2968185d9 lapsed	REJECT	com.alibaba.qwen.code.runtimebroker.ToolExecutionRecord@3bde62ff
1790804399029	5	dispatch lease of 0b382f4c-f8c0-4ce4-a286-73f2968185d9 lapsed	REJECT	com.alibaba.qwen.code.runtimebroker.ToolExecutionRecord@319dead1
1790804399121	5	dispatch lease of 0b382f4c-f8c0-4ce4-a286-73f2968185d9 lapsed	REJECT	com.alibaba.qwen.code.runtimebroker.ToolExecutionRecord@754777cd
1790804399237	5	dispatch lease of 0b382f4c-f8c0-4ce4-a286-73f2968185d9 lapsed	REJECT	com.alibaba.qwen.code.runtimebroker.ToolExecutionRecord@4cc76301
1790804399358	5	dispatch lease of 0b382f4c-f8c0-4ce4-a286-73f2968185d9 lapsed	REJECT	com.alibaba.qwen.code.runtimebroker.ToolExecutionRecord@7de0c6ae
1790804399452	5	dispatch lease of 0b382f4c-f8c0-4ce4-a286-73f2968185d9 lapsed	REJECT	com.alibaba.qwen.code.runtimebroker.ToolExecutionRecord@7ef2d7a6
1790804399542	5	dispatch lease of 0b382f4c-f8c0-4ce4-a286-73f2968185d9 lapsed	REJECT	com.alibaba.qwen.code.runtimebroker.ToolExecutionRecord@21526f6c
1790804399673	5	dispatch lease of 0b382f4c-f8c0-4ce4-a286-73f2968185d9 lapsed	REJECT	com.alibaba.qwen.code.runtimebroker.ToolExecutionRecord@5471388b
1790804399757	5	dispatch lease of 0b382f4c-f8c0-4ce4-a286-73f2968185d9 lapsed	REJECT	com.alibaba.qwen.code.runtimebroker.ToolExecutionRecord@3bffddff
1790804399845	5	dispatch lease of 0b382f4c-f8c0-4ce4-a286-73f2968185d9 lapsed	REJECT	com.alibaba.qwen.code.runtimebroker.ToolExecutionRecord@517bd097
1790804399960	5	dispatch lease of 0b382f4c-f8c0-4ce4-a286-73f2968185d9 lapsed	REJECT	com.alibaba.qwen.code.runtimebroker.ToolExecutionRecord@5990e6c5
1790804400050	5	dispatch lease of 0b382f4c-f8c0-4ce4-a286-73f2968185d9 lapsed	ACCEPT	com.alibaba.qwen.code.runtimebroker.ToolExecutionRecord@1950e8a6
1790804401617	5	reconciliation from evidence	ACCEPT	ALREADY_SETTLED
1790804410391	5	dispatch lease of 2117ace8-aa5c-4e65-a512-e19de0688dca lapsed	REJECT	com.alibaba.qwen.code.runtimebroker.ToolExecutionRecord@420bc288
1790804410516	5	dispatch lease of 2117ace8-aa5c-4e65-a512-e19de0688dca lapsed	REJECT	com.alibaba.qwen.code.runtimebroker.ToolExecutionRecord@66b72664
1790804410597	5	dispatch lease of 2117ace8-aa5c-4e65-a512-e19de0688dca lapsed	REJECT	com.alibaba.qwen.code.runtimebroker.ToolExecutionRecord@3be8821f
1790804410708	5	dispatch lease of 2117ace8-aa5c-4e65-a512-e19de0688dca lapsed	REJECT	com.alibaba.qwen.code.runtimebroker.ToolExecutionRecord@bae47a0
1790804410809	5	dispatch lease of 2117ace8-aa5c-4e65-a512-e19de0688dca lapsed	REJECT	com.alibaba.qwen.code.runtimebroker.ToolExecutionRecord@1c05a54d
1790804410920	5	dispatch lease of 2117ace8-aa5c-4e65-a512-e19de0688dca lapsed	REJECT	com.alibaba.qwen.code.runtimebroker.ToolExecutionRecord@214894fc
1790804411005	5	dispatch lease of 2117ace8-aa5c-4e65-a512-e19de0688dca lapsed	REJECT	com.alibaba.qwen.code.runtimebroker.ToolExecutionRecord@1c4ee95c
1790804411107	5	dispatch lease of 2117ace8-aa5c-4e65-a512-e19de0688dca lapsed	REJECT	com.alibaba.qwen.code.runtimebroker.ToolExecutionRecord@6548bb7d
1790804411220	5	dispatch lease of 2117ace8-aa5c-4e65-a512-e19de0688dca lapsed	REJECT	com.alibaba.qwen.code.runtimebroker.ToolExecutionRecord@1556f2dd
1790804411308	5	dispatch lease of 2117ace8-aa5c-4e65-a512-e19de0688dca lapsed	REJECT	com.alibaba.qwen.code.runtimebroker.ToolExecutionRecord@49bd54f7
1790804411396	5	dispatch lease of 2117ace8-aa5c-4e65-a512-e19de0688dca lapsed	REJECT	com.alibaba.qwen.code.runtimebroker.ToolExecutionRecord@5a12c728
1790804411504	5	dispatch lease of 2117ace8-aa5c-4e65-a512-e19de0688dca lapsed	REJECT	com.alibaba.qwen.code.runtimebroker.ToolExecutionRecord@3d829787
1790804411592	5	dispatch lease of 2117ace8-aa5c-4e65-a512-e19de0688dca lapsed	REJECT	com.alibaba.qwen.code.runtimebroker.ToolExecutionRecord@60b85ba1
1790804411695	5	dispatch lease of 2117ace8-aa5c-4e65-a512-e19de0688dca lapsed	REJECT	com.alibaba.qwen.code.runtimebroker.ToolExecutionRecord@2fb68ec6
1790804411796	5	dispatch lease of 2117ace8-aa5c-4e65-a512-e19de0688dca lapsed	REJECT	com.alibaba.qwen.code.runtimebroker.ToolExecutionRecord@1a1d3c1a
1790804411880	5	dispatch lease of 2117ace8-aa5c-4e65-a512-e19de0688dca lapsed	REJECT	com.alibaba.qwen.code.runtimebroker.ToolExecutionRecord@57dc9128
1790804411980	5	dispatch lease of 2117ace8-aa5c-4e65-a512-e19de0688dca lapsed	REJECT	com.alibaba.qwen.code.runtimebroker.ToolExecutionRecord@59221b97
1790804412069	5	dispatch lease of 2117ace8-aa5c-4e65-a512-e19de0688dca lapsed	ACCEPT	com.alibaba.qwen.code.runtimebroker.ToolExecutionRecord@39fc6b2c
1790804413625	5	reconciliation from evidence	ACCEPT	ALREADY_SETTLED
1790804417581	5	marker = [start]	REJECT	[]
1790804417632	5	marker = [start]	REJECT	[]
1790804417684	5	marker = [start]	REJECT	[]
1790804417734	5	marker = [start]	ACCEPT	[start]
1790804427176	5	marker = [start, end]	ACCEPT	[start, end]
1790804433764	5	startup adoption	ACCEPT	Reply[ok=true, value={"bindingId":"6ee4e999-456a-4864-8c24-88e6347a88f5","generation":1,"state":"READY"}, status=0, code=null, retryable=false, message=null]
1790804439664	5	startup adoption	REJECT	Reply[ok=false, value=null, status=503, code=runtime_provisioning_in_progress, retryable=true, message=another Broker owns Runtime provisioning]
1790804439791	5	startup adoption	REJECT	Reply[ok=false, value=null, status=503, code=runtime_provisioning_in_progress, retryable=true, message=another Broker owns Runtime provisioning]
1790804439933	5	startup adoption	REJECT	Reply[ok=false, value=null, status=503, code=runtime_provisioning_in_progress, retryable=true, message=another Broker owns Runtime provisioning]
1790804440456	5	startup adoption	ACCEPT	Reply[ok=true, value={"bindingId":"1a3d7c2a-5c9f-4e50-b242-a44d5566ee23","generation":1,"state":"READY"}, status=0, code=null, retryable=false, message=null]
1790804444990	5	marker = [start]	REJECT	[]
1790804445040	5	marker = [start]	REJECT	[]
1790804445090	5	marker = [start]	REJECT	[]
1790804445141	5	marker = [start]	ACCEPT	[start]
1790804447251	5	original worker loss after recovery fencing	ACCEPT	Reply[ok=false, value=null, status=503, code=runtime_broker_runtime_lost, retryable=true, message=Runtime is lost; recovery requires complete evidence and cleanup]
1790804451673	5	project/marker = [start]	REJECT	[]
1790804451724	5	project/marker = [start]	REJECT	[]
1790804451774	5	project/marker = [start]	REJECT	[]
1790804451824	5	project/marker = [start]	ACCEPT	[start]
1790804453829	5	original worker loss after recovery fencing	ACCEPT	Reply[ok=false, value=null, status=503, code=runtime_broker_runtime_lost, retryable=true, message=Runtime is lost; recovery requires complete evidence and cleanup]
1790804474957	5	marker = [start]	REJECT	[]
1790804475008	5	marker = [start]	REJECT	[]
1790804475058	5	marker = [start]	REJECT	[]
1790804475108	5	marker = [start]	REJECT	[]
1790804475158	5	marker = [start]	ACCEPT	[start]
1790804477606	5	dispatch lease of 83e708ca-8213-41c8-8be8-6bc8a65733cc lapsed	REJECT	com.alibaba.qwen.code.runtimebroker.ToolExecutionRecord@5bb3d42d
1790804477681	5	dispatch lease of 83e708ca-8213-41c8-8be8-6bc8a65733cc lapsed	REJECT	com.alibaba.qwen.code.runtimebroker.ToolExecutionRecord@b273a59
1790804477748	5	dispatch lease of 83e708ca-8213-41c8-8be8-6bc8a65733cc lapsed	REJECT	com.alibaba.qwen.code.runtimebroker.ToolExecutionRecord@29b732a2
1790804477844	5	dispatch lease of 83e708ca-8213-41c8-8be8-6bc8a65733cc lapsed	REJECT	com.alibaba.qwen.code.runtimebroker.ToolExecutionRecord@15051a0
1790804477936	5	dispatch lease of 83e708ca-8213-41c8-8be8-6bc8a65733cc lapsed	REJECT	com.alibaba.qwen.code.runtimebroker.ToolExecutionRecord@62df0ff3
1790804478014	5	dispatch lease of 83e708ca-8213-41c8-8be8-6bc8a65733cc lapsed	REJECT	com.alibaba.qwen.code.runtimebroker.ToolExecutionRecord@26f3d90c
1790804478116	5	dispatch lease of 83e708ca-8213-41c8-8be8-6bc8a65733cc lapsed	REJECT	com.alibaba.qwen.code.runtimebroker.ToolExecutionRecord@74518890
1790804478220	5	dispatch lease of 83e708ca-8213-41c8-8be8-6bc8a65733cc lapsed	REJECT	com.alibaba.qwen.code.runtimebroker.ToolExecutionRecord@14c053c6
1790804478289	5	dispatch lease of 83e708ca-8213-41c8-8be8-6bc8a65733cc lapsed	REJECT	com.alibaba.qwen.code.runtimebroker.ToolExecutionRecord@6134ac4a
1790804478377	5	dispatch lease of 83e708ca-8213-41c8-8be8-6bc8a65733cc lapsed	REJECT	com.alibaba.qwen.code.runtimebroker.ToolExecutionRecord@73e132e0
1790804478473	5	dispatch lease of 83e708ca-8213-41c8-8be8-6bc8a65733cc lapsed	REJECT	com.alibaba.qwen.code.runtimebroker.ToolExecutionRecord@589b028e
1790804478580	5	dispatch lease of 83e708ca-8213-41c8-8be8-6bc8a65733cc lapsed	REJECT	com.alibaba.qwen.code.runtimebroker.ToolExecutionRecord@3b809711
1790804478680	5	dispatch lease of 83e708ca-8213-41c8-8be8-6bc8a65733cc lapsed	REJECT	com.alibaba.qwen.code.runtimebroker.ToolExecutionRecord@5c84624f
1790804478780	5	dispatch lease of 83e708ca-8213-41c8-8be8-6bc8a65733cc lapsed	REJECT	com.alibaba.qwen.code.runtimebroker.ToolExecutionRecord@55a8dc49
1790804478880	5	dispatch lease of 83e708ca-8213-41c8-8be8-6bc8a65733cc lapsed	REJECT	com.alibaba.qwen.code.runtimebroker.ToolExecutionRecord@71ea1fda
1790804478988	5	dispatch lease of 83e708ca-8213-41c8-8be8-6bc8a65733cc lapsed	REJECT	com.alibaba.qwen.code.runtimebroker.ToolExecutionRecord@7e11ab3d
1790804479084	5	dispatch lease of 83e708ca-8213-41c8-8be8-6bc8a65733cc lapsed	REJECT	com.alibaba.qwen.code.runtimebroker.ToolExecutionRecord@5b43e173
1790804479188	5	dispatch lease of 83e708ca-8213-41c8-8be8-6bc8a65733cc lapsed	REJECT	com.alibaba.qwen.code.runtimebroker.ToolExecutionRecord@66f66866
1790804479280	5	dispatch lease of 83e708ca-8213-41c8-8be8-6bc8a65733cc lapsed	REJECT	com.alibaba.qwen.code.runtimebroker.ToolExecutionRecord@6594402a
1790804479370	5	dispatch lease of 83e708ca-8213-41c8-8be8-6bc8a65733cc lapsed	REJECT	com.alibaba.qwen.code.runtimebroker.ToolExecutionRecord@3e1162e7
1790804479464	5	dispatch lease of 83e708ca-8213-41c8-8be8-6bc8a65733cc lapsed	REJECT	com.alibaba.qwen.code.runtimebroker.ToolExecutionRecord@350b3a17
1790804479560	5	dispatch lease of 83e708ca-8213-41c8-8be8-6bc8a65733cc lapsed	REJECT	com.alibaba.qwen.code.runtimebroker.ToolExecutionRecord@721eb7df
1790804479648	5	dispatch lease of 83e708ca-8213-41c8-8be8-6bc8a65733cc lapsed	REJECT	com.alibaba.qwen.code.runtimebroker.ToolExecutionRecord@5298dead
1790804479732	5	dispatch lease of 83e708ca-8213-41c8-8be8-6bc8a65733cc lapsed	REJECT	com.alibaba.qwen.code.runtimebroker.ToolExecutionRecord@4e406694
1790804479796	5	dispatch lease of 83e708ca-8213-41c8-8be8-6bc8a65733cc lapsed	REJECT	com.alibaba.qwen.code.runtimebroker.ToolExecutionRecord@4f8caaf3
1790804479866	5	dispatch lease of 83e708ca-8213-41c8-8be8-6bc8a65733cc lapsed	REJECT	com.alibaba.qwen.code.runtimebroker.ToolExecutionRecord@6bb7cce7
1790804479980	5	dispatch lease of 83e708ca-8213-41c8-8be8-6bc8a65733cc lapsed	REJECT	com.alibaba.qwen.code.runtimebroker.ToolExecutionRecord@328572f0
1790804480066	5	dispatch lease of 83e708ca-8213-41c8-8be8-6bc8a65733cc lapsed	REJECT	com.alibaba.qwen.code.runtimebroker.ToolExecutionRecord@64a1923a
1790804480164	5	dispatch lease of 83e708ca-8213-41c8-8be8-6bc8a65733cc lapsed	REJECT	com.alibaba.qwen.code.runtimebroker.ToolExecutionRecord@2c0f7678
1790804480264	5	dispatch lease of 83e708ca-8213-41c8-8be8-6bc8a65733cc lapsed	REJECT	com.alibaba.qwen.code.runtimebroker.ToolExecutionRecord@23c650a3
1790804480356	5	dispatch lease of 83e708ca-8213-41c8-8be8-6bc8a65733cc lapsed	REJECT	com.alibaba.qwen.code.runtimebroker.ToolExecutionRecord@50b1f030
1790804480468	5	dispatch lease of 83e708ca-8213-41c8-8be8-6bc8a65733cc lapsed	REJECT	com.alibaba.qwen.code.runtimebroker.ToolExecutionRecord@3e681bc
1790804480580	5	dispatch lease of 83e708ca-8213-41c8-8be8-6bc8a65733cc lapsed	REJECT	com.alibaba.qwen.code.runtimebroker.ToolExecutionRecord@5f574cc2
1790804480676	5	dispatch lease of 83e708ca-8213-41c8-8be8-6bc8a65733cc lapsed	REJECT	com.alibaba.qwen.code.runtimebroker.ToolExecutionRecord@2d83c5a5
1790804480767	5	dispatch lease of 83e708ca-8213-41c8-8be8-6bc8a65733cc lapsed	REJECT	com.alibaba.qwen.code.runtimebroker.ToolExecutionRecord@60222fd8
1790804480860	5	dispatch lease of 83e708ca-8213-41c8-8be8-6bc8a65733cc lapsed	REJECT	com.alibaba.qwen.code.runtimebroker.ToolExecutionRecord@710b30ef
1790804480965	5	dispatch lease of 83e708ca-8213-41c8-8be8-6bc8a65733cc lapsed	REJECT	com.alibaba.qwen.code.runtimebroker.ToolExecutionRecord@7cf7aee
1790804481068	5	dispatch lease of 83e708ca-8213-41c8-8be8-6bc8a65733cc lapsed	ACCEPT	com.alibaba.qwen.code.runtimebroker.ToolExecutionRecord@18151a14
1790804481624	5	cancelled original call	ACCEPT	RESOLVED
1790804485948	5	project/marker = [start]	REJECT	[]
1790804485999	5	project/marker = [start]	REJECT	[]
1790804486049	5	project/marker = [start]	REJECT	[]
1790804486099	5	project/marker = [start]	REJECT	[]
1790804486149	5	project/marker = [start]	ACCEPT	[start]
1790804488360	5	dispatch lease of ed5ad11c-c5ef-4352-87f3-8cbf4061946c lapsed	REJECT	com.alibaba.qwen.code.runtimebroker.ToolExecutionRecord@37ff4054
1790804488461	5	dispatch lease of ed5ad11c-c5ef-4352-87f3-8cbf4061946c lapsed	REJECT	com.alibaba.qwen.code.runtimebroker.ToolExecutionRecord@737edcfa
1790804488556	5	dispatch lease of ed5ad11c-c5ef-4352-87f3-8cbf4061946c lapsed	REJECT	com.alibaba.qwen.code.runtimebroker.ToolExecutionRecord@36c54a56
1790804488664	5	dispatch lease of ed5ad11c-c5ef-4352-87f3-8cbf4061946c lapsed	REJECT	com.alibaba.qwen.code.runtimebroker.ToolExecutionRecord@73386d72
1790804488768	5	dispatch lease of ed5ad11c-c5ef-4352-87f3-8cbf4061946c lapsed	REJECT	com.alibaba.qwen.code.runtimebroker.ToolExecutionRecord@584f5497
1790804488864	5	dispatch lease of ed5ad11c-c5ef-4352-87f3-8cbf4061946c lapsed	REJECT	com.alibaba.qwen.code.runtimebroker.ToolExecutionRecord@6df20ade
1790804488960	5	dispatch lease of ed5ad11c-c5ef-4352-87f3-8cbf4061946c lapsed	REJECT	com.alibaba.qwen.code.runtimebroker.ToolExecutionRecord@341a8659
1790804489040	5	dispatch lease of ed5ad11c-c5ef-4352-87f3-8cbf4061946c lapsed	REJECT	com.alibaba.qwen.code.runtimebroker.ToolExecutionRecord@181d7f28
1790804489137	5	dispatch lease of ed5ad11c-c5ef-4352-87f3-8cbf4061946c lapsed	REJECT	com.alibaba.qwen.code.runtimebroker.ToolExecutionRecord@cda4919
1790804489224	5	dispatch lease of ed5ad11c-c5ef-4352-87f3-8cbf4061946c lapsed	REJECT	com.alibaba.qwen.code.runtimebroker.ToolExecutionRecord@344b8190
1790804489332	5	dispatch lease of ed5ad11c-c5ef-4352-87f3-8cbf4061946c lapsed	REJECT	com.alibaba.qwen.code.runtimebroker.ToolExecutionRecord@1929425f
1790804489424	5	dispatch lease of ed5ad11c-c5ef-4352-87f3-8cbf4061946c lapsed	REJECT	com.alibaba.qwen.code.runtimebroker.ToolExecutionRecord@757f675c
1790804489536	5	dispatch lease of ed5ad11c-c5ef-4352-87f3-8cbf4061946c lapsed	REJECT	com.alibaba.qwen.code.runtimebroker.ToolExecutionRecord@5d10455d
1790804489636	5	dispatch lease of ed5ad11c-c5ef-4352-87f3-8cbf4061946c lapsed	REJECT	com.alibaba.qwen.code.runtimebroker.ToolExecutionRecord@55b62629
1790804489728	5	dispatch lease of ed5ad11c-c5ef-4352-87f3-8cbf4061946c lapsed	REJECT	com.alibaba.qwen.code.runtimebroker.ToolExecutionRecord@6759f091
1790804489852	5	dispatch lease of ed5ad11c-c5ef-4352-87f3-8cbf4061946c lapsed	REJECT	com.alibaba.qwen.code.runtimebroker.ToolExecutionRecord@20921b9b
1790804489936	5	dispatch lease of ed5ad11c-c5ef-4352-87f3-8cbf4061946c lapsed	REJECT	com.alibaba.qwen.code.runtimebroker.ToolExecutionRecord@654b72c0
1790804490024	5	dispatch lease of ed5ad11c-c5ef-4352-87f3-8cbf4061946c lapsed	REJECT	com.alibaba.qwen.code.runtimebroker.ToolExecutionRecord@15fc442
1790804490112	5	dispatch lease of ed5ad11c-c5ef-4352-87f3-8cbf4061946c lapsed	REJECT	com.alibaba.qwen.code.runtimebroker.ToolExecutionRecord@2a3a299
1790804490200	5	dispatch lease of ed5ad11c-c5ef-4352-87f3-8cbf4061946c lapsed	REJECT	com.alibaba.qwen.code.runtimebroker.ToolExecutionRecord@31be6b49
1790804490288	5	dispatch lease of ed5ad11c-c5ef-4352-87f3-8cbf4061946c lapsed	REJECT	com.alibaba.qwen.code.runtimebroker.ToolExecutionRecord@70d8de
1790804490376	5	dispatch lease of ed5ad11c-c5ef-4352-87f3-8cbf4061946c lapsed	REJECT	com.alibaba.qwen.code.runtimebroker.ToolExecutionRecord@46b695ec
1790804490452	5	dispatch lease of ed5ad11c-c5ef-4352-87f3-8cbf4061946c lapsed	REJECT	com.alibaba.qwen.code.runtimebroker.ToolExecutionRecord@11ce2e22
1790804490552	5	dispatch lease of ed5ad11c-c5ef-4352-87f3-8cbf4061946c lapsed	REJECT	com.alibaba.qwen.code.runtimebroker.ToolExecutionRecord@5aa6202e
1790804490648	5	dispatch lease of ed5ad11c-c5ef-4352-87f3-8cbf4061946c lapsed	REJECT	com.alibaba.qwen.code.runtimebroker.ToolExecutionRecord@91c4a3f
1790804490726	5	dispatch lease of ed5ad11c-c5ef-4352-87f3-8cbf4061946c lapsed	REJECT	com.alibaba.qwen.code.runtimebroker.ToolExecutionRecord@6826c41e
1790804490801	5	dispatch lease of ed5ad11c-c5ef-4352-87f3-8cbf4061946c lapsed	REJECT	com.alibaba.qwen.code.runtimebroker.ToolExecutionRecord@1d269ed7
1790804490871	5	dispatch lease of ed5ad11c-c5ef-4352-87f3-8cbf4061946c lapsed	REJECT	com.alibaba.qwen.code.runtimebroker.ToolExecutionRecord@410e94e
1790804490928	5	dispatch lease of ed5ad11c-c5ef-4352-87f3-8cbf4061946c lapsed	REJECT	com.alibaba.qwen.code.runtimebroker.ToolExecutionRecord@1e7f2e0f
1790804491032	5	dispatch lease of ed5ad11c-c5ef-4352-87f3-8cbf4061946c lapsed	ACCEPT	com.alibaba.qwen.code.runtimebroker.ToolExecutionRecord@3c818ac4
1790804491548	5	cancelled original call	ACCEPT	RESOLVED
1790804497028	5	dispatch lease of f3ac84a6-4d5c-4391-9b9d-dc931aa7509e lapsed	REJECT	com.alibaba.qwen.code.runtimebroker.ToolExecutionRecord@347bdeef
1790804497128	5	dispatch lease of f3ac84a6-4d5c-4391-9b9d-dc931aa7509e lapsed	REJECT	com.alibaba.qwen.code.runtimebroker.ToolExecutionRecord@77e80a5e
1790804497240	5	dispatch lease of f3ac84a6-4d5c-4391-9b9d-dc931aa7509e lapsed	REJECT	com.alibaba.qwen.code.runtimebroker.ToolExecutionRecord@7ea4d397
1790804497332	5	dispatch lease of f3ac84a6-4d5c-4391-9b9d-dc931aa7509e lapsed	REJECT	com.alibaba.qwen.code.runtimebroker.ToolExecutionRecord@8dfe921
1790804497432	5	dispatch lease of f3ac84a6-4d5c-4391-9b9d-dc931aa7509e lapsed	REJECT	com.alibaba.qwen.code.runtimebroker.ToolExecutionRecord@109f5dd8
1790804497507	5	dispatch lease of f3ac84a6-4d5c-4391-9b9d-dc931aa7509e lapsed	REJECT	com.alibaba.qwen.code.runtimebroker.ToolExecutionRecord@3dedb4a6
1790804497608	5	dispatch lease of f3ac84a6-4d5c-4391-9b9d-dc931aa7509e lapsed	REJECT	com.alibaba.qwen.code.runtimebroker.ToolExecutionRecord@194152cf
1790804497705	5	dispatch lease of f3ac84a6-4d5c-4391-9b9d-dc931aa7509e lapsed	REJECT	com.alibaba.qwen.code.runtimebroker.ToolExecutionRecord@1d81e101
1790804497796	5	dispatch lease of f3ac84a6-4d5c-4391-9b9d-dc931aa7509e lapsed	REJECT	com.alibaba.qwen.code.runtimebroker.ToolExecutionRecord@22d6cac2
1790804497878	5	dispatch lease of f3ac84a6-4d5c-4391-9b9d-dc931aa7509e lapsed	REJECT	com.alibaba.qwen.code.runtimebroker.ToolExecutionRecord@2577d6c8
1790804497972	5	dispatch lease of f3ac84a6-4d5c-4391-9b9d-dc931aa7509e lapsed	REJECT	com.alibaba.qwen.code.runtimebroker.ToolExecutionRecord@5f233b26
1790804498076	5	dispatch lease of f3ac84a6-4d5c-4391-9b9d-dc931aa7509e lapsed	REJECT	com.alibaba.qwen.code.runtimebroker.ToolExecutionRecord@5e8a459
1790804498156	5	dispatch lease of f3ac84a6-4d5c-4391-9b9d-dc931aa7509e lapsed	REJECT	com.alibaba.qwen.code.runtimebroker.ToolExecutionRecord@9ec531
1790804498250	5	dispatch lease of f3ac84a6-4d5c-4391-9b9d-dc931aa7509e lapsed	REJECT	com.alibaba.qwen.code.runtimebroker.ToolExecutionRecord@19542407
1790804498344	5	dispatch lease of f3ac84a6-4d5c-4391-9b9d-dc931aa7509e lapsed	REJECT	com.alibaba.qwen.code.runtimebroker.ToolExecutionRecord@55caeb35
1790804498440	5	dispatch lease of f3ac84a6-4d5c-4391-9b9d-dc931aa7509e lapsed	REJECT	com.alibaba.qwen.code.runtimebroker.ToolExecutionRecord@74a195a4
1790804498524	5	dispatch lease of f3ac84a6-4d5c-4391-9b9d-dc931aa7509e lapsed	REJECT	com.alibaba.qwen.code.runtimebroker.ToolExecutionRecord@4287d447
1790804498622	5	dispatch lease of f3ac84a6-4d5c-4391-9b9d-dc931aa7509e lapsed	REJECT	com.alibaba.qwen.code.runtimebroker.ToolExecutionRecord@7c0da600
1790804498716	5	dispatch lease of f3ac84a6-4d5c-4391-9b9d-dc931aa7509e lapsed	REJECT	com.alibaba.qwen.code.runtimebroker.ToolExecutionRecord@47dd778
1790804498808	5	dispatch lease of f3ac84a6-4d5c-4391-9b9d-dc931aa7509e lapsed	REJECT	com.alibaba.qwen.code.runtimebroker.ToolExecutionRecord@64a896b0
1790804498916	5	dispatch lease of f3ac84a6-4d5c-4391-9b9d-dc931aa7509e lapsed	REJECT	com.alibaba.qwen.code.runtimebroker.ToolExecutionRecord@1adb7478
1790804499002	5	dispatch lease of f3ac84a6-4d5c-4391-9b9d-dc931aa7509e lapsed	ACCEPT	com.alibaba.qwen.code.runtimebroker.ToolExecutionRecord@4604b900
1790804505944	5	dispatch lease of f4deb294-7bb4-4add-8237-e8eefd76094e lapsed	REJECT	com.alibaba.qwen.code.runtimebroker.ToolExecutionRecord@100f9bbe
1790804506052	5	dispatch lease of f4deb294-7bb4-4add-8237-e8eefd76094e lapsed	REJECT	com.alibaba.qwen.code.runtimebroker.ToolExecutionRecord@cd7f1ae
1790804506136	5	dispatch lease of f4deb294-7bb4-4add-8237-e8eefd76094e lapsed	REJECT	com.alibaba.qwen.code.runtimebroker.ToolExecutionRecord@680362a
1790804506224	5	dispatch lease of f4deb294-7bb4-4add-8237-e8eefd76094e lapsed	REJECT	com.alibaba.qwen.code.runtimebroker.ToolExecutionRecord@7d0332e1
1790804506308	5	dispatch lease of f4deb294-7bb4-4add-8237-e8eefd76094e lapsed	REJECT	com.alibaba.qwen.code.runtimebroker.ToolExecutionRecord@377c68c6
1790804506407	5	dispatch lease of f4deb294-7bb4-4add-8237-e8eefd76094e lapsed	REJECT	com.alibaba.qwen.code.runtimebroker.ToolExecutionRecord@430fa4ef
1790804506504	5	dispatch lease of f4deb294-7bb4-4add-8237-e8eefd76094e lapsed	REJECT	com.alibaba.qwen.code.runtimebroker.ToolExecutionRecord@654c1a54
1790804506592	5	dispatch lease of f4deb294-7bb4-4add-8237-e8eefd76094e lapsed	REJECT	com.alibaba.qwen.code.runtimebroker.ToolExecutionRecord@1ce93c18
1790804506688	5	dispatch lease of f4deb294-7bb4-4add-8237-e8eefd76094e lapsed	REJECT	com.alibaba.qwen.code.runtimebroker.ToolExecutionRecord@46044faa
1790804506768	5	dispatch lease of f4deb294-7bb4-4add-8237-e8eefd76094e lapsed	REJECT	com.alibaba.qwen.code.runtimebroker.ToolExecutionRecord@19f9d595
1790804506876	5	dispatch lease of f4deb294-7bb4-4add-8237-e8eefd76094e lapsed	REJECT	com.alibaba.qwen.code.runtimebroker.ToolExecutionRecord@778ca8ef
1790804506992	5	dispatch lease of f4deb294-7bb4-4add-8237-e8eefd76094e lapsed	REJECT	com.alibaba.qwen.code.runtimebroker.ToolExecutionRecord@261d8190
1790804507080	5	dispatch lease of f4deb294-7bb4-4add-8237-e8eefd76094e lapsed	REJECT	com.alibaba.qwen.code.runtimebroker.ToolExecutionRecord@907f2b7
1790804507140	5	dispatch lease of f4deb294-7bb4-4add-8237-e8eefd76094e lapsed	REJECT	com.alibaba.qwen.code.runtimebroker.ToolExecutionRecord@7dc51783
1790804507196	5	dispatch lease of f4deb294-7bb4-4add-8237-e8eefd76094e lapsed	REJECT	com.alibaba.qwen.code.runtimebroker.ToolExecutionRecord@65e7f52a
1790804507255	5	dispatch lease of f4deb294-7bb4-4add-8237-e8eefd76094e lapsed	REJECT	com.alibaba.qwen.code.runtimebroker.ToolExecutionRecord@107e5441
1790804507336	5	dispatch lease of f4deb294-7bb4-4add-8237-e8eefd76094e lapsed	REJECT	com.alibaba.qwen.code.runtimebroker.ToolExecutionRecord@1f14f20c
1790804507436	5	dispatch lease of f4deb294-7bb4-4add-8237-e8eefd76094e lapsed	REJECT	com.alibaba.qwen.code.runtimebroker.ToolExecutionRecord@6e4ea0bd
1790804507520	5	dispatch lease of f4deb294-7bb4-4add-8237-e8eefd76094e lapsed	REJECT	com.alibaba.qwen.code.runtimebroker.ToolExecutionRecord@1059754c
1790804507609	5	dispatch lease of f4deb294-7bb4-4add-8237-e8eefd76094e lapsed	REJECT	com.alibaba.qwen.code.runtimebroker.ToolExecutionRecord@7f4037ed
1790804507692	5	dispatch lease of f4deb294-7bb4-4add-8237-e8eefd76094e lapsed	REJECT	com.alibaba.qwen.code.runtimebroker.ToolExecutionRecord@110844f6
1790804507777	5	dispatch lease of f4deb294-7bb4-4add-8237-e8eefd76094e lapsed	REJECT	com.alibaba.qwen.code.runtimebroker.ToolExecutionRecord@4925f4f5
1790804507884	5	dispatch lease of f4deb294-7bb4-4add-8237-e8eefd76094e lapsed	REJECT	com.alibaba.qwen.code.runtimebroker.ToolExecutionRecord@39ce27f2
1790804507965	5	dispatch lease of f4deb294-7bb4-4add-8237-e8eefd76094e lapsed	REJECT	com.alibaba.qwen.code.runtimebroker.ToolExecutionRecord@28782602
1790804508080	5	dispatch lease of f4deb294-7bb4-4add-8237-e8eefd76094e lapsed	ACCEPT	com.alibaba.qwen.code.runtimebroker.ToolExecutionRecord@511816c0
