1790802796775	1	escaped writer pid	REJECT	false
1790802796836	1	escaped writer pid	REJECT	false
1790802796888	1	escaped writer pid	REJECT	false
1790802796940	1	escaped writer pid	REJECT	false
1790802796990	1	escaped writer pid	ACCEPT	true
1790802797014	1	escaped writer output	REJECT	false
1790802797065	1	escaped writer output	ACCEPT	true
1790802799659	1	original worker loss after recovery fencing	ACCEPT	Reply[ok=false, value=null, status=503, code=runtime_broker_runtime_lost, retryable=true, message=Runtime is lost; recovery requires complete evidence and cleanup]
1790802799888	1	escaped writer continues after loss; the physical pin must remain	REJECT	56
1790802799938	1	escaped writer continues after loss; the physical pin must remain	ACCEPT	57
1790802805231	1	escaped writer pid	REJECT	false
1790802805281	1	escaped writer pid	REJECT	false
1790802805332	1	escaped writer pid	REJECT	false
1790802805382	1	escaped writer pid	REJECT	false
1790802805432	1	escaped writer pid	ACCEPT	true
1790802805456	1	escaped writer output	REJECT	false
1790802805506	1	escaped writer output	REJECT	false
1790802805559	1	escaped writer output	ACCEPT	true
1790802808095	1	original worker loss after recovery fencing	ACCEPT	Reply[ok=false, value=null, status=503, code=runtime_broker_runtime_lost, retryable=true, message=Runtime is lost; recovery requires complete evidence and cleanup]
1790802808136	1	escaped writer continues after loss; the physical pin must remain	REJECT	52
1790802808186	1	escaped writer continues after loss; the physical pin must remain	ACCEPT	53
1790802812657	1	marker = [start]	REJECT	[]
1790802812712	1	marker = [start]	REJECT	[]
1790802812764	1	marker = [start]	REJECT	[]
1790802812814	1	marker = [start]	ACCEPT	[start]
1790802812905	1	UNKNOWN execution	REJECT	com.alibaba.qwen.code.runtimebroker.ToolExecutionRecord@1255b1d1
1790802812961	1	UNKNOWN execution	REJECT	com.alibaba.qwen.code.runtimebroker.ToolExecutionRecord@7c22d4f
1790802813063	1	UNKNOWN execution	ACCEPT	com.alibaba.qwen.code.runtimebroker.ToolExecutionRecord@47da3952
1790802822276	1	marker = [start]	REJECT	[]
1790802822326	1	marker = [start]	REJECT	[]
1790802822376	1	marker = [start]	REJECT	[]
1790802822427	1	marker = [start]	ACCEPT	[start]
1790802824467	1	original Runtime loss after recovery fencing	ACCEPT	Reply[ok=false, value=null, status=503, code=runtime_broker_runtime_lost, retryable=true, message=Runtime is lost; recovery requires complete evidence and cleanup]
1790802834364	1	dispatch lease of 4cf93771-493c-497c-a57d-8241189d2d9e lapsed	REJECT	com.alibaba.qwen.code.runtimebroker.ToolExecutionRecord@591e58fa
1790802834453	1	dispatch lease of 4cf93771-493c-497c-a57d-8241189d2d9e lapsed	REJECT	com.alibaba.qwen.code.runtimebroker.ToolExecutionRecord@593e824f
1790802834573	1	dispatch lease of 4cf93771-493c-497c-a57d-8241189d2d9e lapsed	REJECT	com.alibaba.qwen.code.runtimebroker.ToolExecutionRecord@64bc21ac
1790802834687	1	dispatch lease of 4cf93771-493c-497c-a57d-8241189d2d9e lapsed	REJECT	com.alibaba.qwen.code.runtimebroker.ToolExecutionRecord@ce5a68e
1790802834785	1	dispatch lease of 4cf93771-493c-497c-a57d-8241189d2d9e lapsed	REJECT	com.alibaba.qwen.code.runtimebroker.ToolExecutionRecord@5df417a7
1790802834916	1	dispatch lease of 4cf93771-493c-497c-a57d-8241189d2d9e lapsed	REJECT	com.alibaba.qwen.code.runtimebroker.ToolExecutionRecord@61078690
1790802835044	1	dispatch lease of 4cf93771-493c-497c-a57d-8241189d2d9e lapsed	REJECT	com.alibaba.qwen.code.runtimebroker.ToolExecutionRecord@71c5b236
1790802835146	1	dispatch lease of 4cf93771-493c-497c-a57d-8241189d2d9e lapsed	REJECT	com.alibaba.qwen.code.runtimebroker.ToolExecutionRecord@669513d8
1790802835252	1	dispatch lease of 4cf93771-493c-497c-a57d-8241189d2d9e lapsed	REJECT	com.alibaba.qwen.code.runtimebroker.ToolExecutionRecord@361c294e
1790802835372	1	dispatch lease of 4cf93771-493c-497c-a57d-8241189d2d9e lapsed	REJECT	com.alibaba.qwen.code.runtimebroker.ToolExecutionRecord@314b8f2d
1790802835473	1	dispatch lease of 4cf93771-493c-497c-a57d-8241189d2d9e lapsed	REJECT	com.alibaba.qwen.code.runtimebroker.ToolExecutionRecord@15a902e7
1790802835561	1	dispatch lease of 4cf93771-493c-497c-a57d-8241189d2d9e lapsed	REJECT	com.alibaba.qwen.code.runtimebroker.ToolExecutionRecord@5af28b27
1790802835700	1	dispatch lease of 4cf93771-493c-497c-a57d-8241189d2d9e lapsed	REJECT	com.alibaba.qwen.code.runtimebroker.ToolExecutionRecord@72f46e16
1790802835797	1	dispatch lease of 4cf93771-493c-497c-a57d-8241189d2d9e lapsed	REJECT	com.alibaba.qwen.code.runtimebroker.ToolExecutionRecord@549621f3
1790802835900	1	dispatch lease of 4cf93771-493c-497c-a57d-8241189d2d9e lapsed	REJECT	com.alibaba.qwen.code.runtimebroker.ToolExecutionRecord@5217f3d0
1790802835981	1	dispatch lease of 4cf93771-493c-497c-a57d-8241189d2d9e lapsed	REJECT	com.alibaba.qwen.code.runtimebroker.ToolExecutionRecord@2416a51
1790802836080	1	dispatch lease of 4cf93771-493c-497c-a57d-8241189d2d9e lapsed	REJECT	com.alibaba.qwen.code.runtimebroker.ToolExecutionRecord@72e34f77
1790802836145	1	dispatch lease of 4cf93771-493c-497c-a57d-8241189d2d9e lapsed	REJECT	com.alibaba.qwen.code.runtimebroker.ToolExecutionRecord@77307458
1790802836210	1	dispatch lease of 4cf93771-493c-497c-a57d-8241189d2d9e lapsed	REJECT	com.alibaba.qwen.code.runtimebroker.ToolExecutionRecord@47874b25
1790802836283	1	dispatch lease of 4cf93771-493c-497c-a57d-8241189d2d9e lapsed	REJECT	com.alibaba.qwen.code.runtimebroker.ToolExecutionRecord@5db4c359
1790802836368	1	dispatch lease of 4cf93771-493c-497c-a57d-8241189d2d9e lapsed	REJECT	com.alibaba.qwen.code.runtimebroker.ToolExecutionRecord@f9b7332
1790802836436	1	dispatch lease of 4cf93771-493c-497c-a57d-8241189d2d9e lapsed	REJECT	com.alibaba.qwen.code.runtimebroker.ToolExecutionRecord@4f8969b0
1790802836517	1	dispatch lease of 4cf93771-493c-497c-a57d-8241189d2d9e lapsed	REJECT	com.alibaba.qwen.code.runtimebroker.ToolExecutionRecord@8a589a2
1790802836608	1	dispatch lease of 4cf93771-493c-497c-a57d-8241189d2d9e lapsed	REJECT	com.alibaba.qwen.code.runtimebroker.ToolExecutionRecord@b672aa8
1790802836693	1	dispatch lease of 4cf93771-493c-497c-a57d-8241189d2d9e lapsed	REJECT	com.alibaba.qwen.code.runtimebroker.ToolExecutionRecord@6e46d9f4
1790802836796	1	dispatch lease of 4cf93771-493c-497c-a57d-8241189d2d9e lapsed	REJECT	com.alibaba.qwen.code.runtimebroker.ToolExecutionRecord@21c64522
1790802836892	1	dispatch lease of 4cf93771-493c-497c-a57d-8241189d2d9e lapsed	REJECT	com.alibaba.qwen.code.runtimebroker.ToolExecutionRecord@460f76a6
1790802837012	1	dispatch lease of 4cf93771-493c-497c-a57d-8241189d2d9e lapsed	REJECT	com.alibaba.qwen.code.runtimebroker.ToolExecutionRecord@770d4269
1790802837116	1	dispatch lease of 4cf93771-493c-497c-a57d-8241189d2d9e lapsed	ACCEPT	com.alibaba.qwen.code.runtimebroker.ToolExecutionRecord@76a82f33
1790802844199	1	marker = [start]	REJECT	[]
1790802844249	1	marker = [start]	REJECT	[]
1790802844299	1	marker = [start]	REJECT	[]
1790802844350	1	marker = [start]	ACCEPT	[start]
1790802845640	1	dispatch lease of 34e9afc9-1af1-42b3-bc66-f94da0d2b93f lapsed	REJECT	com.alibaba.qwen.code.runtimebroker.ToolExecutionRecord@7807ac2c
1790802845732	1	dispatch lease of 34e9afc9-1af1-42b3-bc66-f94da0d2b93f lapsed	REJECT	com.alibaba.qwen.code.runtimebroker.ToolExecutionRecord@a77614d
1790802845829	1	dispatch lease of 34e9afc9-1af1-42b3-bc66-f94da0d2b93f lapsed	REJECT	com.alibaba.qwen.code.runtimebroker.ToolExecutionRecord@a1217f9
1790802845944	1	dispatch lease of 34e9afc9-1af1-42b3-bc66-f94da0d2b93f lapsed	REJECT	com.alibaba.qwen.code.runtimebroker.ToolExecutionRecord@2baa8d82
1790802846040	1	dispatch lease of 34e9afc9-1af1-42b3-bc66-f94da0d2b93f lapsed	REJECT	com.alibaba.qwen.code.runtimebroker.ToolExecutionRecord@a7e2d9d
1790802846148	1	dispatch lease of 34e9afc9-1af1-42b3-bc66-f94da0d2b93f lapsed	REJECT	com.alibaba.qwen.code.runtimebroker.ToolExecutionRecord@372ea2bc
1790802846241	1	dispatch lease of 34e9afc9-1af1-42b3-bc66-f94da0d2b93f lapsed	REJECT	com.alibaba.qwen.code.runtimebroker.ToolExecutionRecord@3f19b8b3
1790802846340	1	dispatch lease of 34e9afc9-1af1-42b3-bc66-f94da0d2b93f lapsed	REJECT	com.alibaba.qwen.code.runtimebroker.ToolExecutionRecord@cdc3aae
1790802846461	1	dispatch lease of 34e9afc9-1af1-42b3-bc66-f94da0d2b93f lapsed	REJECT	com.alibaba.qwen.code.runtimebroker.ToolExecutionRecord@4c36250e
1790802846544	1	dispatch lease of 34e9afc9-1af1-42b3-bc66-f94da0d2b93f lapsed	REJECT	com.alibaba.qwen.code.runtimebroker.ToolExecutionRecord@299266e2
1790802846633	1	dispatch lease of 34e9afc9-1af1-42b3-bc66-f94da0d2b93f lapsed	REJECT	com.alibaba.qwen.code.runtimebroker.ToolExecutionRecord@1601e47
1790802846724	1	dispatch lease of 34e9afc9-1af1-42b3-bc66-f94da0d2b93f lapsed	REJECT	com.alibaba.qwen.code.runtimebroker.ToolExecutionRecord@50687efb
1790802846801	1	dispatch lease of 34e9afc9-1af1-42b3-bc66-f94da0d2b93f lapsed	REJECT	com.alibaba.qwen.code.runtimebroker.ToolExecutionRecord@4a9cc6cb
1790802846921	1	dispatch lease of 34e9afc9-1af1-42b3-bc66-f94da0d2b93f lapsed	REJECT	com.alibaba.qwen.code.runtimebroker.ToolExecutionRecord@35d6ca49
1790802847024	1	dispatch lease of 34e9afc9-1af1-42b3-bc66-f94da0d2b93f lapsed	REJECT	com.alibaba.qwen.code.runtimebroker.ToolExecutionRecord@12cd9150
1790802847100	1	dispatch lease of 34e9afc9-1af1-42b3-bc66-f94da0d2b93f lapsed	REJECT	com.alibaba.qwen.code.runtimebroker.ToolExecutionRecord@cf65451
1790802847216	1	dispatch lease of 34e9afc9-1af1-42b3-bc66-f94da0d2b93f lapsed	REJECT	com.alibaba.qwen.code.runtimebroker.ToolExecutionRecord@32fe9d0a
1790802847304	1	dispatch lease of 34e9afc9-1af1-42b3-bc66-f94da0d2b93f lapsed	REJECT	com.alibaba.qwen.code.runtimebroker.ToolExecutionRecord@46074492
1790802847404	1	dispatch lease of 34e9afc9-1af1-42b3-bc66-f94da0d2b93f lapsed	REJECT	com.alibaba.qwen.code.runtimebroker.ToolExecutionRecord@47428937
1790802847505	1	dispatch lease of 34e9afc9-1af1-42b3-bc66-f94da0d2b93f lapsed	REJECT	com.alibaba.qwen.code.runtimebroker.ToolExecutionRecord@21694e53
1790802847600	1	dispatch lease of 34e9afc9-1af1-42b3-bc66-f94da0d2b93f lapsed	REJECT	com.alibaba.qwen.code.runtimebroker.ToolExecutionRecord@70fab835
1790802847712	1	dispatch lease of 34e9afc9-1af1-42b3-bc66-f94da0d2b93f lapsed	REJECT	com.alibaba.qwen.code.runtimebroker.ToolExecutionRecord@32057e6
1790802847812	1	dispatch lease of 34e9afc9-1af1-42b3-bc66-f94da0d2b93f lapsed	REJECT	com.alibaba.qwen.code.runtimebroker.ToolExecutionRecord@759fad4
1790802847908	1	dispatch lease of 34e9afc9-1af1-42b3-bc66-f94da0d2b93f lapsed	REJECT	com.alibaba.qwen.code.runtimebroker.ToolExecutionRecord@30ed9c6c
1790802848001	1	dispatch lease of 34e9afc9-1af1-42b3-bc66-f94da0d2b93f lapsed	REJECT	com.alibaba.qwen.code.runtimebroker.ToolExecutionRecord@59fc684e
1790802848086	1	dispatch lease of 34e9afc9-1af1-42b3-bc66-f94da0d2b93f lapsed	ACCEPT	com.alibaba.qwen.code.runtimebroker.ToolExecutionRecord@5ae76500
1790802849664	1	reconciliation from evidence	ACCEPT	ALREADY_SETTLED
1790802858552	1	dispatch lease of 1d1ab5f3-b16d-4d61-9049-2c3c17413999 lapsed	REJECT	com.alibaba.qwen.code.runtimebroker.ToolExecutionRecord@51bde877
1790802858664	1	dispatch lease of 1d1ab5f3-b16d-4d61-9049-2c3c17413999 lapsed	REJECT	com.alibaba.qwen.code.runtimebroker.ToolExecutionRecord@117632cf
1790802858756	1	dispatch lease of 1d1ab5f3-b16d-4d61-9049-2c3c17413999 lapsed	REJECT	com.alibaba.qwen.code.runtimebroker.ToolExecutionRecord@3add81c4
1790802858864	1	dispatch lease of 1d1ab5f3-b16d-4d61-9049-2c3c17413999 lapsed	REJECT	com.alibaba.qwen.code.runtimebroker.ToolExecutionRecord@159e366
1790802858972	1	dispatch lease of 1d1ab5f3-b16d-4d61-9049-2c3c17413999 lapsed	REJECT	com.alibaba.qwen.code.runtimebroker.ToolExecutionRecord@17ae98d7
1790802859065	1	dispatch lease of 1d1ab5f3-b16d-4d61-9049-2c3c17413999 lapsed	REJECT	com.alibaba.qwen.code.runtimebroker.ToolExecutionRecord@5a772895
1790802859177	1	dispatch lease of 1d1ab5f3-b16d-4d61-9049-2c3c17413999 lapsed	REJECT	com.alibaba.qwen.code.runtimebroker.ToolExecutionRecord@3ee39da0
1790802859292	1	dispatch lease of 1d1ab5f3-b16d-4d61-9049-2c3c17413999 lapsed	REJECT	com.alibaba.qwen.code.runtimebroker.ToolExecutionRecord@2e27d72f
1790802859392	1	dispatch lease of 1d1ab5f3-b16d-4d61-9049-2c3c17413999 lapsed	REJECT	com.alibaba.qwen.code.runtimebroker.ToolExecutionRecord@2bffa76d
1790802859488	1	dispatch lease of 1d1ab5f3-b16d-4d61-9049-2c3c17413999 lapsed	REJECT	com.alibaba.qwen.code.runtimebroker.ToolExecutionRecord@1f2d2181
1790802859584	1	dispatch lease of 1d1ab5f3-b16d-4d61-9049-2c3c17413999 lapsed	REJECT	com.alibaba.qwen.code.runtimebroker.ToolExecutionRecord@3fcdcf
1790802859692	1	dispatch lease of 1d1ab5f3-b16d-4d61-9049-2c3c17413999 lapsed	REJECT	com.alibaba.qwen.code.runtimebroker.ToolExecutionRecord@126be319
1790802859784	1	dispatch lease of 1d1ab5f3-b16d-4d61-9049-2c3c17413999 lapsed	REJECT	com.alibaba.qwen.code.runtimebroker.ToolExecutionRecord@530a8454
1790802859888	1	dispatch lease of 1d1ab5f3-b16d-4d61-9049-2c3c17413999 lapsed	REJECT	com.alibaba.qwen.code.runtimebroker.ToolExecutionRecord@36b6964d
1790802859989	1	dispatch lease of 1d1ab5f3-b16d-4d61-9049-2c3c17413999 lapsed	REJECT	com.alibaba.qwen.code.runtimebroker.ToolExecutionRecord@75201592
1790802860092	1	dispatch lease of 1d1ab5f3-b16d-4d61-9049-2c3c17413999 lapsed	ACCEPT	com.alibaba.qwen.code.runtimebroker.ToolExecutionRecord@282308c3
1790802861752	1	reconciliation from evidence	ACCEPT	ALREADY_SETTLED
1790802865632	1	marker = [start]	REJECT	[]
1790802865682	1	marker = [start]	REJECT	[]
1790802865732	1	marker = [start]	REJECT	[]
1790802865782	1	marker = [start]	ACCEPT	[start]
1790802875211	1	marker = [start, end]	ACCEPT	[start, end]
1790802881106	1	startup adoption	ACCEPT	Reply[ok=true, value={"bindingId":"aa312a68-4ab2-40ec-bd8e-78703b31f898","generation":1,"state":"READY"}, status=0, code=null, retryable=false, message=null]
1790802887519	1	startup adoption	ACCEPT	Reply[ok=true, value={"bindingId":"dc5d63ef-2bd6-4425-88f2-b531fad4267d","generation":1,"state":"READY"}, status=0, code=null, retryable=false, message=null]
1790802891908	1	marker = [start]	REJECT	[]
1790802891958	1	marker = [start]	REJECT	[]
1790802892012	1	marker = [start]	ACCEPT	[start]
1790802893925	1	original worker loss after recovery fencing	ACCEPT	Reply[ok=false, value=null, status=503, code=runtime_broker_runtime_lost, retryable=true, message=Runtime is lost; recovery requires complete evidence and cleanup]
1790802898060	1	project/marker = [start]	REJECT	[]
1790802898110	1	project/marker = [start]	REJECT	[]
1790802898160	1	project/marker = [start]	REJECT	[]
1790802898211	1	project/marker = [start]	REJECT	[]
1790802898261	1	project/marker = [start]	ACCEPT	[start]
1790802900162	1	original worker loss after recovery fencing	ACCEPT	Reply[ok=false, value=null, status=503, code=runtime_broker_runtime_lost, retryable=true, message=Runtime is lost; recovery requires complete evidence and cleanup]
1790802920646	1	marker = [start]	REJECT	[]
1790802920697	1	marker = [start]	REJECT	[]
1790802920747	1	marker = [start]	REJECT	[]
1790802920797	1	marker = [start]	ACCEPT	[start]
1790802923321	1	dispatch lease of f329937b-df7b-4661-b9ec-948c8b81ac4e lapsed	REJECT	com.alibaba.qwen.code.runtimebroker.ToolExecutionRecord@2472c7d8
1790802923390	1	dispatch lease of f329937b-df7b-4661-b9ec-948c8b81ac4e lapsed	REJECT	com.alibaba.qwen.code.runtimebroker.ToolExecutionRecord@9fecdf1
1790802923492	1	dispatch lease of f329937b-df7b-4661-b9ec-948c8b81ac4e lapsed	REJECT	com.alibaba.qwen.code.runtimebroker.ToolExecutionRecord@236ab296
1790802923592	1	dispatch lease of f329937b-df7b-4661-b9ec-948c8b81ac4e lapsed	REJECT	com.alibaba.qwen.code.runtimebroker.ToolExecutionRecord@232024b9
1790802923704	1	dispatch lease of f329937b-df7b-4661-b9ec-948c8b81ac4e lapsed	REJECT	com.alibaba.qwen.code.runtimebroker.ToolExecutionRecord@53cdecf6
1790802923785	1	dispatch lease of f329937b-df7b-4661-b9ec-948c8b81ac4e lapsed	REJECT	com.alibaba.qwen.code.runtimebroker.ToolExecutionRecord@420745d7
1790802923900	1	dispatch lease of f329937b-df7b-4661-b9ec-948c8b81ac4e lapsed	REJECT	com.alibaba.qwen.code.runtimebroker.ToolExecutionRecord@2392212b
1790802924000	1	dispatch lease of f329937b-df7b-4661-b9ec-948c8b81ac4e lapsed	REJECT	com.alibaba.qwen.code.runtimebroker.ToolExecutionRecord@545f80bf
1790802924088	1	dispatch lease of f329937b-df7b-4661-b9ec-948c8b81ac4e lapsed	REJECT	com.alibaba.qwen.code.runtimebroker.ToolExecutionRecord@4d666b41
1790802924176	1	dispatch lease of f329937b-df7b-4661-b9ec-948c8b81ac4e lapsed	REJECT	com.alibaba.qwen.code.runtimebroker.ToolExecutionRecord@405325cf
1790802924268	1	dispatch lease of f329937b-df7b-4661-b9ec-948c8b81ac4e lapsed	REJECT	com.alibaba.qwen.code.runtimebroker.ToolExecutionRecord@6c2f1700
1790802924360	1	dispatch lease of f329937b-df7b-4661-b9ec-948c8b81ac4e lapsed	REJECT	com.alibaba.qwen.code.runtimebroker.ToolExecutionRecord@669d2b1b
1790802924470	1	dispatch lease of f329937b-df7b-4661-b9ec-948c8b81ac4e lapsed	REJECT	com.alibaba.qwen.code.runtimebroker.ToolExecutionRecord@5d52e3ef
1790802924564	1	dispatch lease of f329937b-df7b-4661-b9ec-948c8b81ac4e lapsed	REJECT	com.alibaba.qwen.code.runtimebroker.ToolExecutionRecord@4c7a078
1790802924672	1	dispatch lease of f329937b-df7b-4661-b9ec-948c8b81ac4e lapsed	REJECT	com.alibaba.qwen.code.runtimebroker.ToolExecutionRecord@76f10035
1790802924792	1	dispatch lease of f329937b-df7b-4661-b9ec-948c8b81ac4e lapsed	REJECT	com.alibaba.qwen.code.runtimebroker.ToolExecutionRecord@15b986cd
1790802924880	1	dispatch lease of f329937b-df7b-4661-b9ec-948c8b81ac4e lapsed	REJECT	com.alibaba.qwen.code.runtimebroker.ToolExecutionRecord@6b530eb9
1790802924968	1	dispatch lease of f329937b-df7b-4661-b9ec-948c8b81ac4e lapsed	REJECT	com.alibaba.qwen.code.runtimebroker.ToolExecutionRecord@17f460bb
1790802925072	1	dispatch lease of f329937b-df7b-4661-b9ec-948c8b81ac4e lapsed	REJECT	com.alibaba.qwen.code.runtimebroker.ToolExecutionRecord@18ca3c62
1790802925170	1	dispatch lease of f329937b-df7b-4661-b9ec-948c8b81ac4e lapsed	REJECT	com.alibaba.qwen.code.runtimebroker.ToolExecutionRecord@6aa648b9
1790802925256	1	dispatch lease of f329937b-df7b-4661-b9ec-948c8b81ac4e lapsed	REJECT	com.alibaba.qwen.code.runtimebroker.ToolExecutionRecord@88a8218
1790802925358	1	dispatch lease of f329937b-df7b-4661-b9ec-948c8b81ac4e lapsed	REJECT	com.alibaba.qwen.code.runtimebroker.ToolExecutionRecord@5fa05212
1790802925468	1	dispatch lease of f329937b-df7b-4661-b9ec-948c8b81ac4e lapsed	REJECT	com.alibaba.qwen.code.runtimebroker.ToolExecutionRecord@23aae55
1790802925556	1	dispatch lease of f329937b-df7b-4661-b9ec-948c8b81ac4e lapsed	REJECT	com.alibaba.qwen.code.runtimebroker.ToolExecutionRecord@7a9c84a5
1790802925652	1	dispatch lease of f329937b-df7b-4661-b9ec-948c8b81ac4e lapsed	REJECT	com.alibaba.qwen.code.runtimebroker.ToolExecutionRecord@7e053511
1790802925756	1	dispatch lease of f329937b-df7b-4661-b9ec-948c8b81ac4e lapsed	REJECT	com.alibaba.qwen.code.runtimebroker.ToolExecutionRecord@26f1249d
1790802925860	1	dispatch lease of f329937b-df7b-4661-b9ec-948c8b81ac4e lapsed	REJECT	com.alibaba.qwen.code.runtimebroker.ToolExecutionRecord@28b576a9
1790802925953	1	dispatch lease of f329937b-df7b-4661-b9ec-948c8b81ac4e lapsed	REJECT	com.alibaba.qwen.code.runtimebroker.ToolExecutionRecord@1b1637e1
1790802926046	1	dispatch lease of f329937b-df7b-4661-b9ec-948c8b81ac4e lapsed	ACCEPT	com.alibaba.qwen.code.runtimebroker.ToolExecutionRecord@169da7f2
1790802926644	1	cancelled original call	ACCEPT	RESOLVED
1790802930883	1	project/marker = [start]	REJECT	[]
1790802930933	1	project/marker = [start]	REJECT	[]
1790802930983	1	project/marker = [start]	REJECT	[]
1790802931033	1	project/marker = [start]	REJECT	[]
1790802931084	1	project/marker = [start]	ACCEPT	[start]
1790802933424	1	dispatch lease of 9b566fdf-c207-4294-98e7-992b6fd630b0 lapsed	REJECT	com.alibaba.qwen.code.runtimebroker.ToolExecutionRecord@7af707e0
1790802933508	1	dispatch lease of 9b566fdf-c207-4294-98e7-992b6fd630b0 lapsed	REJECT	com.alibaba.qwen.code.runtimebroker.ToolExecutionRecord@74cf8b28
1790802933608	1	dispatch lease of 9b566fdf-c207-4294-98e7-992b6fd630b0 lapsed	REJECT	com.alibaba.qwen.code.runtimebroker.ToolExecutionRecord@7ba63fe5
1790802933681	1	dispatch lease of 9b566fdf-c207-4294-98e7-992b6fd630b0 lapsed	REJECT	com.alibaba.qwen.code.runtimebroker.ToolExecutionRecord@125c082e
1790802933760	1	dispatch lease of 9b566fdf-c207-4294-98e7-992b6fd630b0 lapsed	REJECT	com.alibaba.qwen.code.runtimebroker.ToolExecutionRecord@1f9d6c7b
1790802933864	1	dispatch lease of 9b566fdf-c207-4294-98e7-992b6fd630b0 lapsed	REJECT	com.alibaba.qwen.code.runtimebroker.ToolExecutionRecord@4010d494
1790802933964	1	dispatch lease of 9b566fdf-c207-4294-98e7-992b6fd630b0 lapsed	REJECT	com.alibaba.qwen.code.runtimebroker.ToolExecutionRecord@5eefa415
1790802934088	1	dispatch lease of 9b566fdf-c207-4294-98e7-992b6fd630b0 lapsed	REJECT	com.alibaba.qwen.code.runtimebroker.ToolExecutionRecord@2fb69ff6
1790802934212	1	dispatch lease of 9b566fdf-c207-4294-98e7-992b6fd630b0 lapsed	REJECT	com.alibaba.qwen.code.runtimebroker.ToolExecutionRecord@2f19f2aa
1790802934300	1	dispatch lease of 9b566fdf-c207-4294-98e7-992b6fd630b0 lapsed	REJECT	com.alibaba.qwen.code.runtimebroker.ToolExecutionRecord@79c5636f
1790802934380	1	dispatch lease of 9b566fdf-c207-4294-98e7-992b6fd630b0 lapsed	REJECT	com.alibaba.qwen.code.runtimebroker.ToolExecutionRecord@27f3b6d6
1790802934480	1	dispatch lease of 9b566fdf-c207-4294-98e7-992b6fd630b0 lapsed	REJECT	com.alibaba.qwen.code.runtimebroker.ToolExecutionRecord@676f0a60
1790802934549	1	dispatch lease of 9b566fdf-c207-4294-98e7-992b6fd630b0 lapsed	REJECT	com.alibaba.qwen.code.runtimebroker.ToolExecutionRecord@4a951911
1790802934640	1	dispatch lease of 9b566fdf-c207-4294-98e7-992b6fd630b0 lapsed	REJECT	com.alibaba.qwen.code.runtimebroker.ToolExecutionRecord@5e63cad
1790802934752	1	dispatch lease of 9b566fdf-c207-4294-98e7-992b6fd630b0 lapsed	REJECT	com.alibaba.qwen.code.runtimebroker.ToolExecutionRecord@14a54ef6
1790802934856	1	dispatch lease of 9b566fdf-c207-4294-98e7-992b6fd630b0 lapsed	REJECT	com.alibaba.qwen.code.runtimebroker.ToolExecutionRecord@5ba745bc
1790802934954	1	dispatch lease of 9b566fdf-c207-4294-98e7-992b6fd630b0 lapsed	REJECT	com.alibaba.qwen.code.runtimebroker.ToolExecutionRecord@6034e75d
1790802935049	1	dispatch lease of 9b566fdf-c207-4294-98e7-992b6fd630b0 lapsed	REJECT	com.alibaba.qwen.code.runtimebroker.ToolExecutionRecord@456abb66
1790802935138	1	dispatch lease of 9b566fdf-c207-4294-98e7-992b6fd630b0 lapsed	REJECT	com.alibaba.qwen.code.runtimebroker.ToolExecutionRecord@219f4597
1790802935212	1	dispatch lease of 9b566fdf-c207-4294-98e7-992b6fd630b0 lapsed	REJECT	com.alibaba.qwen.code.runtimebroker.ToolExecutionRecord@5b989dc7
1790802935300	1	dispatch lease of 9b566fdf-c207-4294-98e7-992b6fd630b0 lapsed	REJECT	com.alibaba.qwen.code.runtimebroker.ToolExecutionRecord@595f4da5
1790802935376	1	dispatch lease of 9b566fdf-c207-4294-98e7-992b6fd630b0 lapsed	REJECT	com.alibaba.qwen.code.runtimebroker.ToolExecutionRecord@325f7fa9
1790802935460	1	dispatch lease of 9b566fdf-c207-4294-98e7-992b6fd630b0 lapsed	REJECT	com.alibaba.qwen.code.runtimebroker.ToolExecutionRecord@13cda7c9
1790802935524	1	dispatch lease of 9b566fdf-c207-4294-98e7-992b6fd630b0 lapsed	REJECT	com.alibaba.qwen.code.runtimebroker.ToolExecutionRecord@771158fb
1790802935597	1	dispatch lease of 9b566fdf-c207-4294-98e7-992b6fd630b0 lapsed	REJECT	com.alibaba.qwen.code.runtimebroker.ToolExecutionRecord@150d80c4
1790802935688	1	dispatch lease of 9b566fdf-c207-4294-98e7-992b6fd630b0 lapsed	REJECT	com.alibaba.qwen.code.runtimebroker.ToolExecutionRecord@64d43929
1790802935780	1	dispatch lease of 9b566fdf-c207-4294-98e7-992b6fd630b0 lapsed	REJECT	com.alibaba.qwen.code.runtimebroker.ToolExecutionRecord@41c89d2f
1790802935889	1	dispatch lease of 9b566fdf-c207-4294-98e7-992b6fd630b0 lapsed	REJECT	com.alibaba.qwen.code.runtimebroker.ToolExecutionRecord@1bdbf9be
1790802935984	1	dispatch lease of 9b566fdf-c207-4294-98e7-992b6fd630b0 lapsed	REJECT	com.alibaba.qwen.code.runtimebroker.ToolExecutionRecord@78d39a69
1790802936076	1	dispatch lease of 9b566fdf-c207-4294-98e7-992b6fd630b0 lapsed	REJECT	com.alibaba.qwen.code.runtimebroker.ToolExecutionRecord@71154f21
1790802936168	1	dispatch lease of 9b566fdf-c207-4294-98e7-992b6fd630b0 lapsed	REJECT	com.alibaba.qwen.code.runtimebroker.ToolExecutionRecord@304a9d7b
1790802936268	1	dispatch lease of 9b566fdf-c207-4294-98e7-992b6fd630b0 lapsed	REJECT	com.alibaba.qwen.code.runtimebroker.ToolExecutionRecord@606fc505
1790802936356	1	dispatch lease of 9b566fdf-c207-4294-98e7-992b6fd630b0 lapsed	REJECT	com.alibaba.qwen.code.runtimebroker.ToolExecutionRecord@347bdeef
1790802936436	1	dispatch lease of 9b566fdf-c207-4294-98e7-992b6fd630b0 lapsed	REJECT	com.alibaba.qwen.code.runtimebroker.ToolExecutionRecord@77e80a5e
1790802936544	1	dispatch lease of 9b566fdf-c207-4294-98e7-992b6fd630b0 lapsed	REJECT	com.alibaba.qwen.code.runtimebroker.ToolExecutionRecord@7ea4d397
1790802936640	1	dispatch lease of 9b566fdf-c207-4294-98e7-992b6fd630b0 lapsed	REJECT	com.alibaba.qwen.code.runtimebroker.ToolExecutionRecord@8dfe921
1790802936744	1	dispatch lease of 9b566fdf-c207-4294-98e7-992b6fd630b0 lapsed	REJECT	com.alibaba.qwen.code.runtimebroker.ToolExecutionRecord@109f5dd8
1790802936828	1	dispatch lease of 9b566fdf-c207-4294-98e7-992b6fd630b0 lapsed	REJECT	com.alibaba.qwen.code.runtimebroker.ToolExecutionRecord@3dedb4a6
1790802936908	1	dispatch lease of 9b566fdf-c207-4294-98e7-992b6fd630b0 lapsed	REJECT	com.alibaba.qwen.code.runtimebroker.ToolExecutionRecord@194152cf
1790802937028	1	dispatch lease of 9b566fdf-c207-4294-98e7-992b6fd630b0 lapsed	ACCEPT	com.alibaba.qwen.code.runtimebroker.ToolExecutionRecord@1d81e101
1790802937592	1	cancelled original call	ACCEPT	RESOLVED
1790802942908	1	dispatch lease of 9107f2bc-ac3a-4b29-a35d-baffdcde5c55 lapsed	REJECT	com.alibaba.qwen.code.runtimebroker.ToolExecutionRecord@6974a715
1790802943024	1	dispatch lease of 9107f2bc-ac3a-4b29-a35d-baffdcde5c55 lapsed	REJECT	com.alibaba.qwen.code.runtimebroker.ToolExecutionRecord@4c9e9fb8
1790802943140	1	dispatch lease of 9107f2bc-ac3a-4b29-a35d-baffdcde5c55 lapsed	REJECT	com.alibaba.qwen.code.runtimebroker.ToolExecutionRecord@210f0cc1
1790802943205	1	dispatch lease of 9107f2bc-ac3a-4b29-a35d-baffdcde5c55 lapsed	REJECT	com.alibaba.qwen.code.runtimebroker.ToolExecutionRecord@c7a977f
1790802943272	1	dispatch lease of 9107f2bc-ac3a-4b29-a35d-baffdcde5c55 lapsed	REJECT	com.alibaba.qwen.code.runtimebroker.ToolExecutionRecord@2c383e33
1790802943329	1	dispatch lease of 9107f2bc-ac3a-4b29-a35d-baffdcde5c55 lapsed	REJECT	com.alibaba.qwen.code.runtimebroker.ToolExecutionRecord@2fa3be26
1790802943409	1	dispatch lease of 9107f2bc-ac3a-4b29-a35d-baffdcde5c55 lapsed	REJECT	com.alibaba.qwen.code.runtimebroker.ToolExecutionRecord@4e6d7365
1790802943512	1	dispatch lease of 9107f2bc-ac3a-4b29-a35d-baffdcde5c55 lapsed	REJECT	com.alibaba.qwen.code.runtimebroker.ToolExecutionRecord@21ae6e73
1790802943588	1	dispatch lease of 9107f2bc-ac3a-4b29-a35d-baffdcde5c55 lapsed	REJECT	com.alibaba.qwen.code.runtimebroker.ToolExecutionRecord@36a7abe1
1790802943672	1	dispatch lease of 9107f2bc-ac3a-4b29-a35d-baffdcde5c55 lapsed	REJECT	com.alibaba.qwen.code.runtimebroker.ToolExecutionRecord@11a82d0f
1790802943762	1	dispatch lease of 9107f2bc-ac3a-4b29-a35d-baffdcde5c55 lapsed	REJECT	com.alibaba.qwen.code.runtimebroker.ToolExecutionRecord@16943e88
1790802943864	1	dispatch lease of 9107f2bc-ac3a-4b29-a35d-baffdcde5c55 lapsed	REJECT	com.alibaba.qwen.code.runtimebroker.ToolExecutionRecord@e36bb2a
1790802943964	1	dispatch lease of 9107f2bc-ac3a-4b29-a35d-baffdcde5c55 lapsed	REJECT	com.alibaba.qwen.code.runtimebroker.ToolExecutionRecord@367795c7
1790802944050	1	dispatch lease of 9107f2bc-ac3a-4b29-a35d-baffdcde5c55 lapsed	REJECT	com.alibaba.qwen.code.runtimebroker.ToolExecutionRecord@1500e009
1790802944106	1	dispatch lease of 9107f2bc-ac3a-4b29-a35d-baffdcde5c55 lapsed	REJECT	com.alibaba.qwen.code.runtimebroker.ToolExecutionRecord@29d334c
1790802944196	1	dispatch lease of 9107f2bc-ac3a-4b29-a35d-baffdcde5c55 lapsed	REJECT	com.alibaba.qwen.code.runtimebroker.ToolExecutionRecord@673bb956
1790802944296	1	dispatch lease of 9107f2bc-ac3a-4b29-a35d-baffdcde5c55 lapsed	REJECT	com.alibaba.qwen.code.runtimebroker.ToolExecutionRecord@3c4bc9fc
1790802944388	1	dispatch lease of 9107f2bc-ac3a-4b29-a35d-baffdcde5c55 lapsed	REJECT	com.alibaba.qwen.code.runtimebroker.ToolExecutionRecord@1f651cd8
1790802944484	1	dispatch lease of 9107f2bc-ac3a-4b29-a35d-baffdcde5c55 lapsed	REJECT	com.alibaba.qwen.code.runtimebroker.ToolExecutionRecord@c827db
1790802944592	1	dispatch lease of 9107f2bc-ac3a-4b29-a35d-baffdcde5c55 lapsed	REJECT	com.alibaba.qwen.code.runtimebroker.ToolExecutionRecord@238ad8c
1790802944680	1	dispatch lease of 9107f2bc-ac3a-4b29-a35d-baffdcde5c55 lapsed	REJECT	com.alibaba.qwen.code.runtimebroker.ToolExecutionRecord@22df874e
1790802944780	1	dispatch lease of 9107f2bc-ac3a-4b29-a35d-baffdcde5c55 lapsed	REJECT	com.alibaba.qwen.code.runtimebroker.ToolExecutionRecord@42d236fb
1790802944892	1	dispatch lease of 9107f2bc-ac3a-4b29-a35d-baffdcde5c55 lapsed	REJECT	com.alibaba.qwen.code.runtimebroker.ToolExecutionRecord@1532c619
1790802944992	1	dispatch lease of 9107f2bc-ac3a-4b29-a35d-baffdcde5c55 lapsed	REJECT	com.alibaba.qwen.code.runtimebroker.ToolExecutionRecord@1a78dacd
1790802945092	1	dispatch lease of 9107f2bc-ac3a-4b29-a35d-baffdcde5c55 lapsed	ACCEPT	com.alibaba.qwen.code.runtimebroker.ToolExecutionRecord@2bfeb1ef
1790802952036	1	dispatch lease of c71f4047-8153-4a5c-855b-839a7ff50f01 lapsed	REJECT	com.alibaba.qwen.code.runtimebroker.ToolExecutionRecord@6f815e7f
1790802952112	1	dispatch lease of c71f4047-8153-4a5c-855b-839a7ff50f01 lapsed	REJECT	com.alibaba.qwen.code.runtimebroker.ToolExecutionRecord@75699e35
1790802952210	1	dispatch lease of c71f4047-8153-4a5c-855b-839a7ff50f01 lapsed	REJECT	com.alibaba.qwen.code.runtimebroker.ToolExecutionRecord@263558c9
1790802952296	1	dispatch lease of c71f4047-8153-4a5c-855b-839a7ff50f01 lapsed	REJECT	com.alibaba.qwen.code.runtimebroker.ToolExecutionRecord@62315f22
1790802952396	1	dispatch lease of c71f4047-8153-4a5c-855b-839a7ff50f01 lapsed	REJECT	com.alibaba.qwen.code.runtimebroker.ToolExecutionRecord@78f9ed3e
1790802952496	1	dispatch lease of c71f4047-8153-4a5c-855b-839a7ff50f01 lapsed	REJECT	com.alibaba.qwen.code.runtimebroker.ToolExecutionRecord@48e7b3d2
1790802952588	1	dispatch lease of c71f4047-8153-4a5c-855b-839a7ff50f01 lapsed	REJECT	com.alibaba.qwen.code.runtimebroker.ToolExecutionRecord@64040287
1790802952688	1	dispatch lease of c71f4047-8153-4a5c-855b-839a7ff50f01 lapsed	REJECT	com.alibaba.qwen.code.runtimebroker.ToolExecutionRecord@df1cff6
1790802952792	1	dispatch lease of c71f4047-8153-4a5c-855b-839a7ff50f01 lapsed	REJECT	com.alibaba.qwen.code.runtimebroker.ToolExecutionRecord@3a43d133
1790802952884	1	dispatch lease of c71f4047-8153-4a5c-855b-839a7ff50f01 lapsed	REJECT	com.alibaba.qwen.code.runtimebroker.ToolExecutionRecord@c96a4ea
1790802952972	1	dispatch lease of c71f4047-8153-4a5c-855b-839a7ff50f01 lapsed	REJECT	com.alibaba.qwen.code.runtimebroker.ToolExecutionRecord@68105edc
1790802953076	1	dispatch lease of c71f4047-8153-4a5c-855b-839a7ff50f01 lapsed	REJECT	com.alibaba.qwen.code.runtimebroker.ToolExecutionRecord@5339bbad
1790802953180	1	dispatch lease of c71f4047-8153-4a5c-855b-839a7ff50f01 lapsed	REJECT	com.alibaba.qwen.code.runtimebroker.ToolExecutionRecord@5b56b654
1790802953249	1	dispatch lease of c71f4047-8153-4a5c-855b-839a7ff50f01 lapsed	REJECT	com.alibaba.qwen.code.runtimebroker.ToolExecutionRecord@29006752
1790802953352	1	dispatch lease of c71f4047-8153-4a5c-855b-839a7ff50f01 lapsed	REJECT	com.alibaba.qwen.code.runtimebroker.ToolExecutionRecord@27494e46
1790802953448	1	dispatch lease of c71f4047-8153-4a5c-855b-839a7ff50f01 lapsed	REJECT	com.alibaba.qwen.code.runtimebroker.ToolExecutionRecord@53b98ff6
1790802953556	1	dispatch lease of c71f4047-8153-4a5c-855b-839a7ff50f01 lapsed	REJECT	com.alibaba.qwen.code.runtimebroker.ToolExecutionRecord@697446d4
1790802953650	1	dispatch lease of c71f4047-8153-4a5c-855b-839a7ff50f01 lapsed	REJECT	com.alibaba.qwen.code.runtimebroker.ToolExecutionRecord@36453307
1790802953752	1	dispatch lease of c71f4047-8153-4a5c-855b-839a7ff50f01 lapsed	REJECT	com.alibaba.qwen.code.runtimebroker.ToolExecutionRecord@6a9287b1
1790802953856	1	dispatch lease of c71f4047-8153-4a5c-855b-839a7ff50f01 lapsed	REJECT	com.alibaba.qwen.code.runtimebroker.ToolExecutionRecord@56193c7d
1790802953960	1	dispatch lease of c71f4047-8153-4a5c-855b-839a7ff50f01 lapsed	REJECT	com.alibaba.qwen.code.runtimebroker.ToolExecutionRecord@607b2792
1790802954072	1	dispatch lease of c71f4047-8153-4a5c-855b-839a7ff50f01 lapsed	ACCEPT	com.alibaba.qwen.code.runtimebroker.ToolExecutionRecord@81ff872
1790803310337	2	escaped writer pid	REJECT	false
1790803310397	2	escaped writer pid	REJECT	false
1790803310448	2	escaped writer pid	REJECT	false
1790803310502	2	escaped writer pid	REJECT	false
1790803310556	2	escaped writer pid	ACCEPT	true
1790803310574	2	escaped writer output	REJECT	false
1790803310632	2	escaped writer output	ACCEPT	true
1790803313343	2	original worker loss after recovery fencing	ACCEPT	Reply[ok=false, value=null, status=503, code=runtime_broker_runtime_lost, retryable=true, message=Runtime is lost; recovery requires complete evidence and cleanup]
1790803313661	2	escaped writer continues after loss; the physical pin must remain	REJECT	60
1790803313713	2	escaped writer continues after loss; the physical pin must remain	ACCEPT	61
1790803318849	2	escaped writer pid	REJECT	false
1790803318899	2	escaped writer pid	REJECT	false
1790803318949	2	escaped writer pid	REJECT	false
1790803318999	2	escaped writer pid	REJECT	false
1790803319050	2	escaped writer pid	REJECT	false
1790803319104	2	escaped writer pid	REJECT	false
1790803319154	2	escaped writer pid	ACCEPT	true
1790803319205	2	escaped writer output	REJECT	false
1790803319260	2	escaped writer output	REJECT	false
1790803319312	2	escaped writer output	ACCEPT	true
1790803321843	2	original worker loss after recovery fencing	ACCEPT	Reply[ok=false, value=null, status=503, code=runtime_broker_runtime_lost, retryable=true, message=Runtime is lost; recovery requires complete evidence and cleanup]
1790803321933	2	escaped writer continues after loss; the physical pin must remain	REJECT	53
1790803321987	2	escaped writer continues after loss; the physical pin must remain	ACCEPT	54
1790803326667	2	marker = [start]	REJECT	[]
1790803326718	2	marker = [start]	REJECT	[]
1790803326768	2	marker = [start]	ACCEPT	[start]
1790803326868	2	UNKNOWN execution	REJECT	com.alibaba.qwen.code.runtimebroker.ToolExecutionRecord@5f3b9c57
1790803326968	2	UNKNOWN execution	ACCEPT	com.alibaba.qwen.code.runtimebroker.ToolExecutionRecord@2cf23c81
1790803336498	2	marker = [start]	REJECT	[]
1790803336548	2	marker = [start]	REJECT	[]
1790803336598	2	marker = [start]	REJECT	[]
1790803336649	2	marker = [start]	REJECT	[]
1790803336699	2	marker = [start]	ACCEPT	[start]
1790803338799	2	original Runtime loss after recovery fencing	ACCEPT	Reply[ok=false, value=null, status=503, code=runtime_broker_runtime_lost, retryable=true, message=Runtime is lost; recovery requires complete evidence and cleanup]
1790803348725	2	dispatch lease of 1bffd744-f930-4bfc-9ba6-abfefe589ed8 lapsed	REJECT	com.alibaba.qwen.code.runtimebroker.ToolExecutionRecord@31024624
1790803348837	2	dispatch lease of 1bffd744-f930-4bfc-9ba6-abfefe589ed8 lapsed	REJECT	com.alibaba.qwen.code.runtimebroker.ToolExecutionRecord@63cd604c
1790803348937	2	dispatch lease of 1bffd744-f930-4bfc-9ba6-abfefe589ed8 lapsed	REJECT	com.alibaba.qwen.code.runtimebroker.ToolExecutionRecord@6a1d204a
1790803349049	2	dispatch lease of 1bffd744-f930-4bfc-9ba6-abfefe589ed8 lapsed	REJECT	com.alibaba.qwen.code.runtimebroker.ToolExecutionRecord@6fff253c
1790803349177	2	dispatch lease of 1bffd744-f930-4bfc-9ba6-abfefe589ed8 lapsed	REJECT	com.alibaba.qwen.code.runtimebroker.ToolExecutionRecord@3954d008
1790803349334	2	dispatch lease of 1bffd744-f930-4bfc-9ba6-abfefe589ed8 lapsed	REJECT	com.alibaba.qwen.code.runtimebroker.ToolExecutionRecord@72ccd81a
1790803349429	2	dispatch lease of 1bffd744-f930-4bfc-9ba6-abfefe589ed8 lapsed	REJECT	com.alibaba.qwen.code.runtimebroker.ToolExecutionRecord@493dfb8e
1790803349533	2	dispatch lease of 1bffd744-f930-4bfc-9ba6-abfefe589ed8 lapsed	REJECT	com.alibaba.qwen.code.runtimebroker.ToolExecutionRecord@9d157ff
1790803349633	2	dispatch lease of 1bffd744-f930-4bfc-9ba6-abfefe589ed8 lapsed	REJECT	com.alibaba.qwen.code.runtimebroker.ToolExecutionRecord@7c041b41
1790803349753	2	dispatch lease of 1bffd744-f930-4bfc-9ba6-abfefe589ed8 lapsed	REJECT	com.alibaba.qwen.code.runtimebroker.ToolExecutionRecord@1cb3ec38
1790803349885	2	dispatch lease of 1bffd744-f930-4bfc-9ba6-abfefe589ed8 lapsed	REJECT	com.alibaba.qwen.code.runtimebroker.ToolExecutionRecord@2cab9998
1790803349993	2	dispatch lease of 1bffd744-f930-4bfc-9ba6-abfefe589ed8 lapsed	REJECT	com.alibaba.qwen.code.runtimebroker.ToolExecutionRecord@3a1d593e
1790803350101	2	dispatch lease of 1bffd744-f930-4bfc-9ba6-abfefe589ed8 lapsed	REJECT	com.alibaba.qwen.code.runtimebroker.ToolExecutionRecord@7859e786
1790803350209	2	dispatch lease of 1bffd744-f930-4bfc-9ba6-abfefe589ed8 lapsed	REJECT	com.alibaba.qwen.code.runtimebroker.ToolExecutionRecord@664a9613
1790803350357	2	dispatch lease of 1bffd744-f930-4bfc-9ba6-abfefe589ed8 lapsed	REJECT	com.alibaba.qwen.code.runtimebroker.ToolExecutionRecord@7876d598
1790803350453	2	dispatch lease of 1bffd744-f930-4bfc-9ba6-abfefe589ed8 lapsed	REJECT	com.alibaba.qwen.code.runtimebroker.ToolExecutionRecord@71104a4
1790803350565	2	dispatch lease of 1bffd744-f930-4bfc-9ba6-abfefe589ed8 lapsed	REJECT	com.alibaba.qwen.code.runtimebroker.ToolExecutionRecord@3c9168dc
1790803350677	2	dispatch lease of 1bffd744-f930-4bfc-9ba6-abfefe589ed8 lapsed	REJECT	com.alibaba.qwen.code.runtimebroker.ToolExecutionRecord@54361a9
1790803350773	2	dispatch lease of 1bffd744-f930-4bfc-9ba6-abfefe589ed8 lapsed	REJECT	com.alibaba.qwen.code.runtimebroker.ToolExecutionRecord@37ebc9d8
1790803350885	2	dispatch lease of 1bffd744-f930-4bfc-9ba6-abfefe589ed8 lapsed	REJECT	com.alibaba.qwen.code.runtimebroker.ToolExecutionRecord@6fa590ba
1790803351008	2	dispatch lease of 1bffd744-f930-4bfc-9ba6-abfefe589ed8 lapsed	REJECT	com.alibaba.qwen.code.runtimebroker.ToolExecutionRecord@7bf9b098
1790803351105	2	dispatch lease of 1bffd744-f930-4bfc-9ba6-abfefe589ed8 lapsed	ACCEPT	com.alibaba.qwen.code.runtimebroker.ToolExecutionRecord@1fc0053e
1790803358496	2	marker = [start]	REJECT	[]
1790803358546	2	marker = [start]	REJECT	[]
1790803358596	2	marker = [start]	REJECT	[]
1790803358647	2	marker = [start]	ACCEPT	[start]
1790803359776	2	dispatch lease of 00b3c43a-9ae1-4fda-ad4f-b52f696c7a20 lapsed	REJECT	com.alibaba.qwen.code.runtimebroker.ToolExecutionRecord@1bdf8190
1790803359885	2	dispatch lease of 00b3c43a-9ae1-4fda-ad4f-b52f696c7a20 lapsed	REJECT	com.alibaba.qwen.code.runtimebroker.ToolExecutionRecord@c65a5ef
1790803359969	2	dispatch lease of 00b3c43a-9ae1-4fda-ad4f-b52f696c7a20 lapsed	REJECT	com.alibaba.qwen.code.runtimebroker.ToolExecutionRecord@2fab4aff
1790803360089	2	dispatch lease of 00b3c43a-9ae1-4fda-ad4f-b52f696c7a20 lapsed	REJECT	com.alibaba.qwen.code.runtimebroker.ToolExecutionRecord@5cc69cfe
1790803360171	2	dispatch lease of 00b3c43a-9ae1-4fda-ad4f-b52f696c7a20 lapsed	REJECT	com.alibaba.qwen.code.runtimebroker.ToolExecutionRecord@7997b197
1790803360259	2	dispatch lease of 00b3c43a-9ae1-4fda-ad4f-b52f696c7a20 lapsed	REJECT	com.alibaba.qwen.code.runtimebroker.ToolExecutionRecord@55f3c410
1790803360341	2	dispatch lease of 00b3c43a-9ae1-4fda-ad4f-b52f696c7a20 lapsed	REJECT	com.alibaba.qwen.code.runtimebroker.ToolExecutionRecord@4a8ab068
1790803360437	2	dispatch lease of 00b3c43a-9ae1-4fda-ad4f-b52f696c7a20 lapsed	REJECT	com.alibaba.qwen.code.runtimebroker.ToolExecutionRecord@6bab2585
1790803360521	2	dispatch lease of 00b3c43a-9ae1-4fda-ad4f-b52f696c7a20 lapsed	REJECT	com.alibaba.qwen.code.runtimebroker.ToolExecutionRecord@532a02d9
1790803360617	2	dispatch lease of 00b3c43a-9ae1-4fda-ad4f-b52f696c7a20 lapsed	REJECT	com.alibaba.qwen.code.runtimebroker.ToolExecutionRecord@7cbee484
1790803360732	2	dispatch lease of 00b3c43a-9ae1-4fda-ad4f-b52f696c7a20 lapsed	REJECT	com.alibaba.qwen.code.runtimebroker.ToolExecutionRecord@4089713
1790803360836	2	dispatch lease of 00b3c43a-9ae1-4fda-ad4f-b52f696c7a20 lapsed	REJECT	com.alibaba.qwen.code.runtimebroker.ToolExecutionRecord@b91d8c4
1790803360957	2	dispatch lease of 00b3c43a-9ae1-4fda-ad4f-b52f696c7a20 lapsed	REJECT	com.alibaba.qwen.code.runtimebroker.ToolExecutionRecord@4fd4cae3
1790803361092	2	dispatch lease of 00b3c43a-9ae1-4fda-ad4f-b52f696c7a20 lapsed	REJECT	com.alibaba.qwen.code.runtimebroker.ToolExecutionRecord@3bde62ff
1790803361169	2	dispatch lease of 00b3c43a-9ae1-4fda-ad4f-b52f696c7a20 lapsed	REJECT	com.alibaba.qwen.code.runtimebroker.ToolExecutionRecord@319dead1
1790803361287	2	dispatch lease of 00b3c43a-9ae1-4fda-ad4f-b52f696c7a20 lapsed	REJECT	com.alibaba.qwen.code.runtimebroker.ToolExecutionRecord@754777cd
1790803361390	2	dispatch lease of 00b3c43a-9ae1-4fda-ad4f-b52f696c7a20 lapsed	REJECT	com.alibaba.qwen.code.runtimebroker.ToolExecutionRecord@4cc76301
1790803361492	2	dispatch lease of 00b3c43a-9ae1-4fda-ad4f-b52f696c7a20 lapsed	REJECT	com.alibaba.qwen.code.runtimebroker.ToolExecutionRecord@7de0c6ae
1790803361604	2	dispatch lease of 00b3c43a-9ae1-4fda-ad4f-b52f696c7a20 lapsed	REJECT	com.alibaba.qwen.code.runtimebroker.ToolExecutionRecord@7ef2d7a6
1790803361689	2	dispatch lease of 00b3c43a-9ae1-4fda-ad4f-b52f696c7a20 lapsed	REJECT	com.alibaba.qwen.code.runtimebroker.ToolExecutionRecord@21526f6c
1790803361781	2	dispatch lease of 00b3c43a-9ae1-4fda-ad4f-b52f696c7a20 lapsed	REJECT	com.alibaba.qwen.code.runtimebroker.ToolExecutionRecord@5471388b
1790803361892	2	dispatch lease of 00b3c43a-9ae1-4fda-ad4f-b52f696c7a20 lapsed	REJECT	com.alibaba.qwen.code.runtimebroker.ToolExecutionRecord@3bffddff
1790803361997	2	dispatch lease of 00b3c43a-9ae1-4fda-ad4f-b52f696c7a20 lapsed	REJECT	com.alibaba.qwen.code.runtimebroker.ToolExecutionRecord@517bd097
1790803362064	2	dispatch lease of 00b3c43a-9ae1-4fda-ad4f-b52f696c7a20 lapsed	ACCEPT	com.alibaba.qwen.code.runtimebroker.ToolExecutionRecord@5990e6c5
1790803363797	2	reconciliation from evidence	ACCEPT	ALREADY_SETTLED
1790803373032	2	dispatch lease of cdbc89d0-ca8f-45e5-9c2e-fee9835e734e lapsed	REJECT	com.alibaba.qwen.code.runtimebroker.ToolExecutionRecord@4201a617
1790803373137	2	dispatch lease of cdbc89d0-ca8f-45e5-9c2e-fee9835e734e lapsed	REJECT	com.alibaba.qwen.code.runtimebroker.ToolExecutionRecord@420bc288
1790803373265	2	dispatch lease of cdbc89d0-ca8f-45e5-9c2e-fee9835e734e lapsed	REJECT	com.alibaba.qwen.code.runtimebroker.ToolExecutionRecord@66b72664
1790803373369	2	dispatch lease of cdbc89d0-ca8f-45e5-9c2e-fee9835e734e lapsed	REJECT	com.alibaba.qwen.code.runtimebroker.ToolExecutionRecord@3be8821f
1790803373476	2	dispatch lease of cdbc89d0-ca8f-45e5-9c2e-fee9835e734e lapsed	REJECT	com.alibaba.qwen.code.runtimebroker.ToolExecutionRecord@bae47a0
1790803373589	2	dispatch lease of cdbc89d0-ca8f-45e5-9c2e-fee9835e734e lapsed	REJECT	com.alibaba.qwen.code.runtimebroker.ToolExecutionRecord@1c05a54d
1790803373689	2	dispatch lease of cdbc89d0-ca8f-45e5-9c2e-fee9835e734e lapsed	REJECT	com.alibaba.qwen.code.runtimebroker.ToolExecutionRecord@214894fc
1790803373765	2	dispatch lease of cdbc89d0-ca8f-45e5-9c2e-fee9835e734e lapsed	REJECT	com.alibaba.qwen.code.runtimebroker.ToolExecutionRecord@1c4ee95c
1790803373889	2	dispatch lease of cdbc89d0-ca8f-45e5-9c2e-fee9835e734e lapsed	REJECT	com.alibaba.qwen.code.runtimebroker.ToolExecutionRecord@6548bb7d
1790803374001	2	dispatch lease of cdbc89d0-ca8f-45e5-9c2e-fee9835e734e lapsed	REJECT	com.alibaba.qwen.code.runtimebroker.ToolExecutionRecord@1556f2dd
1790803374085	2	dispatch lease of cdbc89d0-ca8f-45e5-9c2e-fee9835e734e lapsed	REJECT	com.alibaba.qwen.code.runtimebroker.ToolExecutionRecord@49bd54f7
1790803374166	2	dispatch lease of cdbc89d0-ca8f-45e5-9c2e-fee9835e734e lapsed	REJECT	com.alibaba.qwen.code.runtimebroker.ToolExecutionRecord@5a12c728
1790803374255	2	dispatch lease of cdbc89d0-ca8f-45e5-9c2e-fee9835e734e lapsed	REJECT	com.alibaba.qwen.code.runtimebroker.ToolExecutionRecord@3d829787
1790803374361	2	dispatch lease of cdbc89d0-ca8f-45e5-9c2e-fee9835e734e lapsed	REJECT	com.alibaba.qwen.code.runtimebroker.ToolExecutionRecord@60b85ba1
1790803374488	2	dispatch lease of cdbc89d0-ca8f-45e5-9c2e-fee9835e734e lapsed	REJECT	com.alibaba.qwen.code.runtimebroker.ToolExecutionRecord@2fb68ec6
1790803374617	2	dispatch lease of cdbc89d0-ca8f-45e5-9c2e-fee9835e734e lapsed	REJECT	com.alibaba.qwen.code.runtimebroker.ToolExecutionRecord@1a1d3c1a
1790803374719	2	dispatch lease of cdbc89d0-ca8f-45e5-9c2e-fee9835e734e lapsed	REJECT	com.alibaba.qwen.code.runtimebroker.ToolExecutionRecord@57dc9128
1790803374840	2	dispatch lease of cdbc89d0-ca8f-45e5-9c2e-fee9835e734e lapsed	REJECT	com.alibaba.qwen.code.runtimebroker.ToolExecutionRecord@59221b97
1790803374955	2	dispatch lease of cdbc89d0-ca8f-45e5-9c2e-fee9835e734e lapsed	REJECT	com.alibaba.qwen.code.runtimebroker.ToolExecutionRecord@39fc6b2c
1790803375057	2	dispatch lease of cdbc89d0-ca8f-45e5-9c2e-fee9835e734e lapsed	ACCEPT	com.alibaba.qwen.code.runtimebroker.ToolExecutionRecord@5d332969
1790803376600	2	reconciliation from evidence	ACCEPT	ALREADY_SETTLED
1790803380682	2	marker = [start]	REJECT	[]
1790803380732	2	marker = [start]	REJECT	[]
1790803380783	2	marker = [start]	REJECT	[]
1790803380833	2	marker = [start]	ACCEPT	[start]
1790803390315	2	marker = [start, end]	ACCEPT	[start, end]
1790803396385	2	startup adoption	ACCEPT	Reply[ok=true, value={"bindingId":"acb78f57-76f3-47a8-9c30-9ce8152c2522","generation":1,"state":"READY"}, status=0, code=null, retryable=false, message=null]
1790803402598	2	startup adoption	REJECT	Reply[ok=false, value=null, status=503, code=runtime_provisioning_in_progress, retryable=true, message=another Broker owns Runtime provisioning]
1790803402717	2	startup adoption	REJECT	Reply[ok=false, value=null, status=503, code=runtime_provisioning_in_progress, retryable=true, message=another Broker owns Runtime provisioning]
1790803402840	2	startup adoption	REJECT	Reply[ok=false, value=null, status=503, code=runtime_provisioning_in_progress, retryable=true, message=another Broker owns Runtime provisioning]
1790803402968	2	startup adoption	REJECT	Reply[ok=false, value=null, status=503, code=runtime_provisioning_in_progress, retryable=true, message=another Broker owns Runtime provisioning]
1790803403460	2	startup adoption	ACCEPT	Reply[ok=true, value={"bindingId":"25369ed9-13b5-4ef2-a4df-1e2dec5c6533","generation":1,"state":"READY"}, status=0, code=null, retryable=false, message=null]
1790803407824	2	marker = [start]	REJECT	[]
1790803407874	2	marker = [start]	REJECT	[]
1790803407928	2	marker = [start]	REJECT	[]
1790803407978	2	marker = [start]	ACCEPT	[start]
1790803409805	2	original worker loss after recovery fencing	ACCEPT	Reply[ok=false, value=null, status=503, code=runtime_broker_runtime_lost, retryable=true, message=Runtime is lost; recovery requires complete evidence and cleanup]
1790803414070	2	project/marker = [start]	REJECT	[]
1790803414120	2	project/marker = [start]	REJECT	[]
1790803414170	2	project/marker = [start]	REJECT	[]
1790803414220	2	project/marker = [start]	REJECT	[]
1790803414271	2	project/marker = [start]	ACCEPT	[start]
1790803416293	2	original worker loss after recovery fencing	ACCEPT	Reply[ok=false, value=null, status=503, code=runtime_broker_runtime_lost, retryable=true, message=Runtime is lost; recovery requires complete evidence and cleanup]
1790803437997	2	marker = [start]	REJECT	[]
1790803438048	2	marker = [start]	REJECT	[]
1790803438098	2	marker = [start]	REJECT	[]
1790803438148	2	marker = [start]	ACCEPT	[start]
1790803440615	2	dispatch lease of 84526fba-75cc-46c7-9dc3-061451ac6e68 lapsed	REJECT	com.alibaba.qwen.code.runtimebroker.ToolExecutionRecord@b273a59
1790803440716	2	dispatch lease of 84526fba-75cc-46c7-9dc3-061451ac6e68 lapsed	REJECT	com.alibaba.qwen.code.runtimebroker.ToolExecutionRecord@29b732a2
1790803440824	2	dispatch lease of 84526fba-75cc-46c7-9dc3-061451ac6e68 lapsed	REJECT	com.alibaba.qwen.code.runtimebroker.ToolExecutionRecord@15051a0
1790803440925	2	dispatch lease of 84526fba-75cc-46c7-9dc3-061451ac6e68 lapsed	REJECT	com.alibaba.qwen.code.runtimebroker.ToolExecutionRecord@62df0ff3
1790803441032	2	dispatch lease of 84526fba-75cc-46c7-9dc3-061451ac6e68 lapsed	REJECT	com.alibaba.qwen.code.runtimebroker.ToolExecutionRecord@26f3d90c
1790803441116	2	dispatch lease of 84526fba-75cc-46c7-9dc3-061451ac6e68 lapsed	REJECT	com.alibaba.qwen.code.runtimebroker.ToolExecutionRecord@74518890
1790803441227	2	dispatch lease of 84526fba-75cc-46c7-9dc3-061451ac6e68 lapsed	REJECT	com.alibaba.qwen.code.runtimebroker.ToolExecutionRecord@14c053c6
1790803441313	2	dispatch lease of 84526fba-75cc-46c7-9dc3-061451ac6e68 lapsed	REJECT	com.alibaba.qwen.code.runtimebroker.ToolExecutionRecord@6134ac4a
1790803441413	2	dispatch lease of 84526fba-75cc-46c7-9dc3-061451ac6e68 lapsed	REJECT	com.alibaba.qwen.code.runtimebroker.ToolExecutionRecord@73e132e0
1790803441513	2	dispatch lease of 84526fba-75cc-46c7-9dc3-061451ac6e68 lapsed	REJECT	com.alibaba.qwen.code.runtimebroker.ToolExecutionRecord@589b028e
1790803441604	2	dispatch lease of 84526fba-75cc-46c7-9dc3-061451ac6e68 lapsed	REJECT	com.alibaba.qwen.code.runtimebroker.ToolExecutionRecord@3b809711
1790803441680	2	dispatch lease of 84526fba-75cc-46c7-9dc3-061451ac6e68 lapsed	REJECT	com.alibaba.qwen.code.runtimebroker.ToolExecutionRecord@5c84624f
1790803441788	2	dispatch lease of 84526fba-75cc-46c7-9dc3-061451ac6e68 lapsed	REJECT	com.alibaba.qwen.code.runtimebroker.ToolExecutionRecord@55a8dc49
1790803441860	2	dispatch lease of 84526fba-75cc-46c7-9dc3-061451ac6e68 lapsed	REJECT	com.alibaba.qwen.code.runtimebroker.ToolExecutionRecord@71ea1fda
1790803441967	2	dispatch lease of 84526fba-75cc-46c7-9dc3-061451ac6e68 lapsed	REJECT	com.alibaba.qwen.code.runtimebroker.ToolExecutionRecord@7e11ab3d
1790803442067	2	dispatch lease of 84526fba-75cc-46c7-9dc3-061451ac6e68 lapsed	REJECT	com.alibaba.qwen.code.runtimebroker.ToolExecutionRecord@5b43e173
1790803442168	2	dispatch lease of 84526fba-75cc-46c7-9dc3-061451ac6e68 lapsed	REJECT	com.alibaba.qwen.code.runtimebroker.ToolExecutionRecord@66f66866
1790803442264	2	dispatch lease of 84526fba-75cc-46c7-9dc3-061451ac6e68 lapsed	REJECT	com.alibaba.qwen.code.runtimebroker.ToolExecutionRecord@6594402a
1790803442368	2	dispatch lease of 84526fba-75cc-46c7-9dc3-061451ac6e68 lapsed	REJECT	com.alibaba.qwen.code.runtimebroker.ToolExecutionRecord@3e1162e7
1790803442476	2	dispatch lease of 84526fba-75cc-46c7-9dc3-061451ac6e68 lapsed	REJECT	com.alibaba.qwen.code.runtimebroker.ToolExecutionRecord@350b3a17
1790803442572	2	dispatch lease of 84526fba-75cc-46c7-9dc3-061451ac6e68 lapsed	REJECT	com.alibaba.qwen.code.runtimebroker.ToolExecutionRecord@721eb7df
1790803442676	2	dispatch lease of 84526fba-75cc-46c7-9dc3-061451ac6e68 lapsed	REJECT	com.alibaba.qwen.code.runtimebroker.ToolExecutionRecord@5298dead
1790803442796	2	dispatch lease of 84526fba-75cc-46c7-9dc3-061451ac6e68 lapsed	REJECT	com.alibaba.qwen.code.runtimebroker.ToolExecutionRecord@4e406694
1790803442892	2	dispatch lease of 84526fba-75cc-46c7-9dc3-061451ac6e68 lapsed	REJECT	com.alibaba.qwen.code.runtimebroker.ToolExecutionRecord@4f8caaf3
1790803442988	2	dispatch lease of 84526fba-75cc-46c7-9dc3-061451ac6e68 lapsed	REJECT	com.alibaba.qwen.code.runtimebroker.ToolExecutionRecord@6bb7cce7
1790803443076	2	dispatch lease of 84526fba-75cc-46c7-9dc3-061451ac6e68 lapsed	REJECT	com.alibaba.qwen.code.runtimebroker.ToolExecutionRecord@328572f0
1790803443172	2	dispatch lease of 84526fba-75cc-46c7-9dc3-061451ac6e68 lapsed	REJECT	com.alibaba.qwen.code.runtimebroker.ToolExecutionRecord@64a1923a
1790803443264	2	dispatch lease of 84526fba-75cc-46c7-9dc3-061451ac6e68 lapsed	REJECT	com.alibaba.qwen.code.runtimebroker.ToolExecutionRecord@2c0f7678
1790803443372	2	dispatch lease of 84526fba-75cc-46c7-9dc3-061451ac6e68 lapsed	REJECT	com.alibaba.qwen.code.runtimebroker.ToolExecutionRecord@23c650a3
1790803443468	2	dispatch lease of 84526fba-75cc-46c7-9dc3-061451ac6e68 lapsed	REJECT	com.alibaba.qwen.code.runtimebroker.ToolExecutionRecord@50b1f030
1790803443576	2	dispatch lease of 84526fba-75cc-46c7-9dc3-061451ac6e68 lapsed	REJECT	com.alibaba.qwen.code.runtimebroker.ToolExecutionRecord@3e681bc
1790803443680	2	dispatch lease of 84526fba-75cc-46c7-9dc3-061451ac6e68 lapsed	REJECT	com.alibaba.qwen.code.runtimebroker.ToolExecutionRecord@5f574cc2
1790803443776	2	dispatch lease of 84526fba-75cc-46c7-9dc3-061451ac6e68 lapsed	REJECT	com.alibaba.qwen.code.runtimebroker.ToolExecutionRecord@2d83c5a5
1790803443856	2	dispatch lease of 84526fba-75cc-46c7-9dc3-061451ac6e68 lapsed	REJECT	com.alibaba.qwen.code.runtimebroker.ToolExecutionRecord@60222fd8
1790803443956	2	dispatch lease of 84526fba-75cc-46c7-9dc3-061451ac6e68 lapsed	REJECT	com.alibaba.qwen.code.runtimebroker.ToolExecutionRecord@710b30ef
1790803444029	2	dispatch lease of 84526fba-75cc-46c7-9dc3-061451ac6e68 lapsed	ACCEPT	com.alibaba.qwen.code.runtimebroker.ToolExecutionRecord@7cf7aee
1790803444536	2	cancelled original call	ACCEPT	RESOLVED
1790803448817	2	project/marker = [start]	REJECT	[]
1790803448868	2	project/marker = [start]	REJECT	[]
1790803448918	2	project/marker = [start]	REJECT	[]
1790803448968	2	project/marker = [start]	REJECT	[]
1790803449018	2	project/marker = [start]	ACCEPT	[start]
1790803451365	2	dispatch lease of 9b69c121-1285-42e5-bdb1-2f8a8b3a3faa lapsed	REJECT	com.alibaba.qwen.code.runtimebroker.ToolExecutionRecord@56bc3fac
1790803451476	2	dispatch lease of 9b69c121-1285-42e5-bdb1-2f8a8b3a3faa lapsed	REJECT	com.alibaba.qwen.code.runtimebroker.ToolExecutionRecord@37ff4054
1790803451576	2	dispatch lease of 9b69c121-1285-42e5-bdb1-2f8a8b3a3faa lapsed	REJECT	com.alibaba.qwen.code.runtimebroker.ToolExecutionRecord@737edcfa
1790803451680	2	dispatch lease of 9b69c121-1285-42e5-bdb1-2f8a8b3a3faa lapsed	REJECT	com.alibaba.qwen.code.runtimebroker.ToolExecutionRecord@36c54a56
1790803451772	2	dispatch lease of 9b69c121-1285-42e5-bdb1-2f8a8b3a3faa lapsed	REJECT	com.alibaba.qwen.code.runtimebroker.ToolExecutionRecord@73386d72
1790803451887	2	dispatch lease of 9b69c121-1285-42e5-bdb1-2f8a8b3a3faa lapsed	REJECT	com.alibaba.qwen.code.runtimebroker.ToolExecutionRecord@584f5497
1790803451994	2	dispatch lease of 9b69c121-1285-42e5-bdb1-2f8a8b3a3faa lapsed	REJECT	com.alibaba.qwen.code.runtimebroker.ToolExecutionRecord@6df20ade
1790803452072	2	dispatch lease of 9b69c121-1285-42e5-bdb1-2f8a8b3a3faa lapsed	REJECT	com.alibaba.qwen.code.runtimebroker.ToolExecutionRecord@341a8659
1790803452184	2	dispatch lease of 9b69c121-1285-42e5-bdb1-2f8a8b3a3faa lapsed	REJECT	com.alibaba.qwen.code.runtimebroker.ToolExecutionRecord@181d7f28
1790803452248	2	dispatch lease of 9b69c121-1285-42e5-bdb1-2f8a8b3a3faa lapsed	REJECT	com.alibaba.qwen.code.runtimebroker.ToolExecutionRecord@cda4919
1790803452346	2	dispatch lease of 9b69c121-1285-42e5-bdb1-2f8a8b3a3faa lapsed	REJECT	com.alibaba.qwen.code.runtimebroker.ToolExecutionRecord@344b8190
1790803452449	2	dispatch lease of 9b69c121-1285-42e5-bdb1-2f8a8b3a3faa lapsed	REJECT	com.alibaba.qwen.code.runtimebroker.ToolExecutionRecord@1929425f
1790803452560	2	dispatch lease of 9b69c121-1285-42e5-bdb1-2f8a8b3a3faa lapsed	REJECT	com.alibaba.qwen.code.runtimebroker.ToolExecutionRecord@757f675c
1790803452665	2	dispatch lease of 9b69c121-1285-42e5-bdb1-2f8a8b3a3faa lapsed	REJECT	com.alibaba.qwen.code.runtimebroker.ToolExecutionRecord@5d10455d
1790803452784	2	dispatch lease of 9b69c121-1285-42e5-bdb1-2f8a8b3a3faa lapsed	REJECT	com.alibaba.qwen.code.runtimebroker.ToolExecutionRecord@55b62629
1790803452888	2	dispatch lease of 9b69c121-1285-42e5-bdb1-2f8a8b3a3faa lapsed	REJECT	com.alibaba.qwen.code.runtimebroker.ToolExecutionRecord@6759f091
1790803452989	2	dispatch lease of 9b69c121-1285-42e5-bdb1-2f8a8b3a3faa lapsed	REJECT	com.alibaba.qwen.code.runtimebroker.ToolExecutionRecord@20921b9b
1790803453084	2	dispatch lease of 9b69c121-1285-42e5-bdb1-2f8a8b3a3faa lapsed	REJECT	com.alibaba.qwen.code.runtimebroker.ToolExecutionRecord@654b72c0
1790803453188	2	dispatch lease of 9b69c121-1285-42e5-bdb1-2f8a8b3a3faa lapsed	REJECT	com.alibaba.qwen.code.runtimebroker.ToolExecutionRecord@15fc442
1790803453276	2	dispatch lease of 9b69c121-1285-42e5-bdb1-2f8a8b3a3faa lapsed	REJECT	com.alibaba.qwen.code.runtimebroker.ToolExecutionRecord@2a3a299
1790803453357	2	dispatch lease of 9b69c121-1285-42e5-bdb1-2f8a8b3a3faa lapsed	REJECT	com.alibaba.qwen.code.runtimebroker.ToolExecutionRecord@31be6b49
1790803453441	2	dispatch lease of 9b69c121-1285-42e5-bdb1-2f8a8b3a3faa lapsed	REJECT	com.alibaba.qwen.code.runtimebroker.ToolExecutionRecord@70d8de
1790803453560	2	dispatch lease of 9b69c121-1285-42e5-bdb1-2f8a8b3a3faa lapsed	REJECT	com.alibaba.qwen.code.runtimebroker.ToolExecutionRecord@46b695ec
1790803453653	2	dispatch lease of 9b69c121-1285-42e5-bdb1-2f8a8b3a3faa lapsed	REJECT	com.alibaba.qwen.code.runtimebroker.ToolExecutionRecord@11ce2e22
1790803453778	2	dispatch lease of 9b69c121-1285-42e5-bdb1-2f8a8b3a3faa lapsed	REJECT	com.alibaba.qwen.code.runtimebroker.ToolExecutionRecord@5aa6202e
1790803453845	2	dispatch lease of 9b69c121-1285-42e5-bdb1-2f8a8b3a3faa lapsed	REJECT	com.alibaba.qwen.code.runtimebroker.ToolExecutionRecord@91c4a3f
1790803453964	2	dispatch lease of 9b69c121-1285-42e5-bdb1-2f8a8b3a3faa lapsed	REJECT	com.alibaba.qwen.code.runtimebroker.ToolExecutionRecord@6826c41e
1790803454040	2	dispatch lease of 9b69c121-1285-42e5-bdb1-2f8a8b3a3faa lapsed	ACCEPT	com.alibaba.qwen.code.runtimebroker.ToolExecutionRecord@1d269ed7
1790803454625	2	cancelled original call	ACCEPT	RESOLVED
1790803459851	2	dispatch lease of 7dfd89a7-d92d-4f2c-bd07-d32a53d21eb2 lapsed	REJECT	com.alibaba.qwen.code.runtimebroker.ToolExecutionRecord@71154f21
1790803459948	2	dispatch lease of 7dfd89a7-d92d-4f2c-bd07-d32a53d21eb2 lapsed	REJECT	com.alibaba.qwen.code.runtimebroker.ToolExecutionRecord@304a9d7b
1790803460044	2	dispatch lease of 7dfd89a7-d92d-4f2c-bd07-d32a53d21eb2 lapsed	REJECT	com.alibaba.qwen.code.runtimebroker.ToolExecutionRecord@606fc505
1790803460154	2	dispatch lease of 7dfd89a7-d92d-4f2c-bd07-d32a53d21eb2 lapsed	REJECT	com.alibaba.qwen.code.runtimebroker.ToolExecutionRecord@347bdeef
1790803460264	2	dispatch lease of 7dfd89a7-d92d-4f2c-bd07-d32a53d21eb2 lapsed	REJECT	com.alibaba.qwen.code.runtimebroker.ToolExecutionRecord@77e80a5e
1790803460330	2	dispatch lease of 7dfd89a7-d92d-4f2c-bd07-d32a53d21eb2 lapsed	REJECT	com.alibaba.qwen.code.runtimebroker.ToolExecutionRecord@7ea4d397
1790803460420	2	dispatch lease of 7dfd89a7-d92d-4f2c-bd07-d32a53d21eb2 lapsed	REJECT	com.alibaba.qwen.code.runtimebroker.ToolExecutionRecord@8dfe921
1790803460512	2	dispatch lease of 7dfd89a7-d92d-4f2c-bd07-d32a53d21eb2 lapsed	REJECT	com.alibaba.qwen.code.runtimebroker.ToolExecutionRecord@109f5dd8
1790803460604	2	dispatch lease of 7dfd89a7-d92d-4f2c-bd07-d32a53d21eb2 lapsed	REJECT	com.alibaba.qwen.code.runtimebroker.ToolExecutionRecord@3dedb4a6
1790803460692	2	dispatch lease of 7dfd89a7-d92d-4f2c-bd07-d32a53d21eb2 lapsed	REJECT	com.alibaba.qwen.code.runtimebroker.ToolExecutionRecord@194152cf
1790803460788	2	dispatch lease of 7dfd89a7-d92d-4f2c-bd07-d32a53d21eb2 lapsed	REJECT	com.alibaba.qwen.code.runtimebroker.ToolExecutionRecord@1d81e101
1790803460868	2	dispatch lease of 7dfd89a7-d92d-4f2c-bd07-d32a53d21eb2 lapsed	REJECT	com.alibaba.qwen.code.runtimebroker.ToolExecutionRecord@22d6cac2
1790803460964	2	dispatch lease of 7dfd89a7-d92d-4f2c-bd07-d32a53d21eb2 lapsed	REJECT	com.alibaba.qwen.code.runtimebroker.ToolExecutionRecord@2577d6c8
1790803461029	2	dispatch lease of 7dfd89a7-d92d-4f2c-bd07-d32a53d21eb2 lapsed	REJECT	com.alibaba.qwen.code.runtimebroker.ToolExecutionRecord@5f233b26
1790803461106	2	dispatch lease of 7dfd89a7-d92d-4f2c-bd07-d32a53d21eb2 lapsed	REJECT	com.alibaba.qwen.code.runtimebroker.ToolExecutionRecord@5e8a459
1790803461185	2	dispatch lease of 7dfd89a7-d92d-4f2c-bd07-d32a53d21eb2 lapsed	REJECT	com.alibaba.qwen.code.runtimebroker.ToolExecutionRecord@9ec531
1790803461292	2	dispatch lease of 7dfd89a7-d92d-4f2c-bd07-d32a53d21eb2 lapsed	REJECT	com.alibaba.qwen.code.runtimebroker.ToolExecutionRecord@19542407
1790803461384	2	dispatch lease of 7dfd89a7-d92d-4f2c-bd07-d32a53d21eb2 lapsed	REJECT	com.alibaba.qwen.code.runtimebroker.ToolExecutionRecord@55caeb35
1790803461480	2	dispatch lease of 7dfd89a7-d92d-4f2c-bd07-d32a53d21eb2 lapsed	REJECT	com.alibaba.qwen.code.runtimebroker.ToolExecutionRecord@74a195a4
1790803461592	2	dispatch lease of 7dfd89a7-d92d-4f2c-bd07-d32a53d21eb2 lapsed	REJECT	com.alibaba.qwen.code.runtimebroker.ToolExecutionRecord@4287d447
1790803461648	2	dispatch lease of 7dfd89a7-d92d-4f2c-bd07-d32a53d21eb2 lapsed	REJECT	com.alibaba.qwen.code.runtimebroker.ToolExecutionRecord@7c0da600
1790803461709	2	dispatch lease of 7dfd89a7-d92d-4f2c-bd07-d32a53d21eb2 lapsed	REJECT	com.alibaba.qwen.code.runtimebroker.ToolExecutionRecord@47dd778
1790803461769	2	dispatch lease of 7dfd89a7-d92d-4f2c-bd07-d32a53d21eb2 lapsed	REJECT	com.alibaba.qwen.code.runtimebroker.ToolExecutionRecord@64a896b0
1790803461829	2	dispatch lease of 7dfd89a7-d92d-4f2c-bd07-d32a53d21eb2 lapsed	REJECT	com.alibaba.qwen.code.runtimebroker.ToolExecutionRecord@1adb7478
1790803461907	2	dispatch lease of 7dfd89a7-d92d-4f2c-bd07-d32a53d21eb2 lapsed	REJECT	com.alibaba.qwen.code.runtimebroker.ToolExecutionRecord@4604b900
1790803462001	2	dispatch lease of 7dfd89a7-d92d-4f2c-bd07-d32a53d21eb2 lapsed	ACCEPT	com.alibaba.qwen.code.runtimebroker.ToolExecutionRecord@3961a41a
1790803469084	2	dispatch lease of 6422e699-4a98-4a0c-8a87-47ca7fbded18 lapsed	REJECT	com.alibaba.qwen.code.runtimebroker.ToolExecutionRecord@cd7f1ae
1790803469176	2	dispatch lease of 6422e699-4a98-4a0c-8a87-47ca7fbded18 lapsed	REJECT	com.alibaba.qwen.code.runtimebroker.ToolExecutionRecord@680362a
1790803469288	2	dispatch lease of 6422e699-4a98-4a0c-8a87-47ca7fbded18 lapsed	REJECT	com.alibaba.qwen.code.runtimebroker.ToolExecutionRecord@7d0332e1
1790803469385	2	dispatch lease of 6422e699-4a98-4a0c-8a87-47ca7fbded18 lapsed	REJECT	com.alibaba.qwen.code.runtimebroker.ToolExecutionRecord@377c68c6
1790803469488	2	dispatch lease of 6422e699-4a98-4a0c-8a87-47ca7fbded18 lapsed	REJECT	com.alibaba.qwen.code.runtimebroker.ToolExecutionRecord@430fa4ef
1790803469584	2	dispatch lease of 6422e699-4a98-4a0c-8a87-47ca7fbded18 lapsed	REJECT	com.alibaba.qwen.code.runtimebroker.ToolExecutionRecord@654c1a54
1790803469680	2	dispatch lease of 6422e699-4a98-4a0c-8a87-47ca7fbded18 lapsed	REJECT	com.alibaba.qwen.code.runtimebroker.ToolExecutionRecord@1ce93c18
1790803469781	2	dispatch lease of 6422e699-4a98-4a0c-8a87-47ca7fbded18 lapsed	REJECT	com.alibaba.qwen.code.runtimebroker.ToolExecutionRecord@46044faa
1790803469892	2	dispatch lease of 6422e699-4a98-4a0c-8a87-47ca7fbded18 lapsed	REJECT	com.alibaba.qwen.code.runtimebroker.ToolExecutionRecord@19f9d595
1790803469988	2	dispatch lease of 6422e699-4a98-4a0c-8a87-47ca7fbded18 lapsed	REJECT	com.alibaba.qwen.code.runtimebroker.ToolExecutionRecord@778ca8ef
1790803470096	2	dispatch lease of 6422e699-4a98-4a0c-8a87-47ca7fbded18 lapsed	REJECT	com.alibaba.qwen.code.runtimebroker.ToolExecutionRecord@261d8190
1790803470208	2	dispatch lease of 6422e699-4a98-4a0c-8a87-47ca7fbded18 lapsed	REJECT	com.alibaba.qwen.code.runtimebroker.ToolExecutionRecord@907f2b7
1790803470300	2	dispatch lease of 6422e699-4a98-4a0c-8a87-47ca7fbded18 lapsed	REJECT	com.alibaba.qwen.code.runtimebroker.ToolExecutionRecord@7dc51783
1790803470392	2	dispatch lease of 6422e699-4a98-4a0c-8a87-47ca7fbded18 lapsed	REJECT	com.alibaba.qwen.code.runtimebroker.ToolExecutionRecord@65e7f52a
1790803470448	2	dispatch lease of 6422e699-4a98-4a0c-8a87-47ca7fbded18 lapsed	REJECT	com.alibaba.qwen.code.runtimebroker.ToolExecutionRecord@107e5441
1790803470504	2	dispatch lease of 6422e699-4a98-4a0c-8a87-47ca7fbded18 lapsed	REJECT	com.alibaba.qwen.code.runtimebroker.ToolExecutionRecord@1f14f20c
1790803470573	2	dispatch lease of 6422e699-4a98-4a0c-8a87-47ca7fbded18 lapsed	REJECT	com.alibaba.qwen.code.runtimebroker.ToolExecutionRecord@6e4ea0bd
1790803470680	2	dispatch lease of 6422e699-4a98-4a0c-8a87-47ca7fbded18 lapsed	REJECT	com.alibaba.qwen.code.runtimebroker.ToolExecutionRecord@1059754c
1790803470796	2	dispatch lease of 6422e699-4a98-4a0c-8a87-47ca7fbded18 lapsed	REJECT	com.alibaba.qwen.code.runtimebroker.ToolExecutionRecord@7f4037ed
1790803470900	2	dispatch lease of 6422e699-4a98-4a0c-8a87-47ca7fbded18 lapsed	REJECT	com.alibaba.qwen.code.runtimebroker.ToolExecutionRecord@110844f6
1790803471004	2	dispatch lease of 6422e699-4a98-4a0c-8a87-47ca7fbded18 lapsed	REJECT	com.alibaba.qwen.code.runtimebroker.ToolExecutionRecord@4925f4f5
1790803471108	2	dispatch lease of 6422e699-4a98-4a0c-8a87-47ca7fbded18 lapsed	ACCEPT	com.alibaba.qwen.code.runtimebroker.ToolExecutionRecord@39ce27f2
1790803484381	3	escaped writer pid	REJECT	false
1790803484446	3	escaped writer pid	REJECT	false
1790803484504	3	escaped writer pid	REJECT	false
1790803484554	3	escaped writer pid	ACCEPT	true
1790803484607	3	escaped writer output	REJECT	false
1790803484668	3	escaped writer output	ACCEPT	true
1790803487399	3	original worker loss after recovery fencing	ACCEPT	Reply[ok=false, value=null, status=503, code=runtime_broker_runtime_lost, retryable=true, message=Runtime is lost; recovery requires complete evidence and cleanup]
1790803487612	3	escaped writer continues after loss; the physical pin must remain	REJECT	59
1790803487663	3	escaped writer continues after loss; the physical pin must remain	ACCEPT	60
1790803492770	3	escaped writer pid	REJECT	false
1790803492820	3	escaped writer pid	REJECT	false
1790803492870	3	escaped writer pid	REJECT	false
1790803492920	3	escaped writer pid	REJECT	false
1790803492970	3	escaped writer pid	REJECT	false
1790803493020	3	escaped writer pid	REJECT	false
1790803493071	3	escaped writer pid	ACCEPT	true
1790803493081	3	escaped writer output	REJECT	false
1790803493135	3	escaped writer output	ACCEPT	true
1790803495604	3	original worker loss after recovery fencing	ACCEPT	Reply[ok=false, value=null, status=503, code=runtime_broker_runtime_lost, retryable=true, message=Runtime is lost; recovery requires complete evidence and cleanup]
1790803495672	3	escaped writer continues after loss; the physical pin must remain	REJECT	51
1790803495726	3	escaped writer continues after loss; the physical pin must remain	ACCEPT	52
1790803500212	3	marker = [start]	REJECT	[]
1790803500263	3	marker = [start]	REJECT	[]
1790803500313	3	marker = [start]	REJECT	[]
1790803500363	3	marker = [start]	ACCEPT	[start]
1790803500469	3	UNKNOWN execution	REJECT	com.alibaba.qwen.code.runtimebroker.ToolExecutionRecord@2cf23c81
1790803500561	3	UNKNOWN execution	ACCEPT	com.alibaba.qwen.code.runtimebroker.ToolExecutionRecord@35fe2125
1790803509328	3	marker = [start]	REJECT	[]
1790803509378	3	marker = [start]	REJECT	[]
1790803509428	3	marker = [start]	REJECT	[]
1790803509479	3	marker = [start]	ACCEPT	[start]
1790803511528	3	original Runtime loss after recovery fencing	ACCEPT	Reply[ok=false, value=null, status=503, code=runtime_broker_runtime_lost, retryable=true, message=Runtime is lost; recovery requires complete evidence and cleanup]
1790803521313	3	dispatch lease of 367f1e01-84db-4b4c-8f97-bab8af67eb6f lapsed	REJECT	com.alibaba.qwen.code.runtimebroker.ToolExecutionRecord@32cb636e
1790803521436	3	dispatch lease of 367f1e01-84db-4b4c-8f97-bab8af67eb6f lapsed	REJECT	com.alibaba.qwen.code.runtimebroker.ToolExecutionRecord@3a4e343
1790803521517	3	dispatch lease of 367f1e01-84db-4b4c-8f97-bab8af67eb6f lapsed	REJECT	com.alibaba.qwen.code.runtimebroker.ToolExecutionRecord@4b6579e8
1790803521629	3	dispatch lease of 367f1e01-84db-4b4c-8f97-bab8af67eb6f lapsed	REJECT	com.alibaba.qwen.code.runtimebroker.ToolExecutionRecord@591e58fa
1790803521716	3	dispatch lease of 367f1e01-84db-4b4c-8f97-bab8af67eb6f lapsed	REJECT	com.alibaba.qwen.code.runtimebroker.ToolExecutionRecord@593e824f
1790803521833	3	dispatch lease of 367f1e01-84db-4b4c-8f97-bab8af67eb6f lapsed	REJECT	com.alibaba.qwen.code.runtimebroker.ToolExecutionRecord@64bc21ac
1790803521978	3	dispatch lease of 367f1e01-84db-4b4c-8f97-bab8af67eb6f lapsed	REJECT	com.alibaba.qwen.code.runtimebroker.ToolExecutionRecord@ce5a68e
1790803522077	3	dispatch lease of 367f1e01-84db-4b4c-8f97-bab8af67eb6f lapsed	REJECT	com.alibaba.qwen.code.runtimebroker.ToolExecutionRecord@5df417a7
1790803522177	3	dispatch lease of 367f1e01-84db-4b4c-8f97-bab8af67eb6f lapsed	REJECT	com.alibaba.qwen.code.runtimebroker.ToolExecutionRecord@61078690
1790803522296	3	dispatch lease of 367f1e01-84db-4b4c-8f97-bab8af67eb6f lapsed	REJECT	com.alibaba.qwen.code.runtimebroker.ToolExecutionRecord@71c5b236
1790803522388	3	dispatch lease of 367f1e01-84db-4b4c-8f97-bab8af67eb6f lapsed	REJECT	com.alibaba.qwen.code.runtimebroker.ToolExecutionRecord@669513d8
1790803522488	3	dispatch lease of 367f1e01-84db-4b4c-8f97-bab8af67eb6f lapsed	REJECT	com.alibaba.qwen.code.runtimebroker.ToolExecutionRecord@361c294e
1790803522568	3	dispatch lease of 367f1e01-84db-4b4c-8f97-bab8af67eb6f lapsed	REJECT	com.alibaba.qwen.code.runtimebroker.ToolExecutionRecord@314b8f2d
1790803522658	3	dispatch lease of 367f1e01-84db-4b4c-8f97-bab8af67eb6f lapsed	REJECT	com.alibaba.qwen.code.runtimebroker.ToolExecutionRecord@15a902e7
1790803522761	3	dispatch lease of 367f1e01-84db-4b4c-8f97-bab8af67eb6f lapsed	REJECT	com.alibaba.qwen.code.runtimebroker.ToolExecutionRecord@5af28b27
1790803522850	3	dispatch lease of 367f1e01-84db-4b4c-8f97-bab8af67eb6f lapsed	REJECT	com.alibaba.qwen.code.runtimebroker.ToolExecutionRecord@72f46e16
1790803522977	3	dispatch lease of 367f1e01-84db-4b4c-8f97-bab8af67eb6f lapsed	REJECT	com.alibaba.qwen.code.runtimebroker.ToolExecutionRecord@549621f3
1790803523054	3	dispatch lease of 367f1e01-84db-4b4c-8f97-bab8af67eb6f lapsed	REJECT	com.alibaba.qwen.code.runtimebroker.ToolExecutionRecord@5217f3d0
1790803523181	3	dispatch lease of 367f1e01-84db-4b4c-8f97-bab8af67eb6f lapsed	REJECT	com.alibaba.qwen.code.runtimebroker.ToolExecutionRecord@2416a51
1790803523259	3	dispatch lease of 367f1e01-84db-4b4c-8f97-bab8af67eb6f lapsed	REJECT	com.alibaba.qwen.code.runtimebroker.ToolExecutionRecord@72e34f77
1790803523364	3	dispatch lease of 367f1e01-84db-4b4c-8f97-bab8af67eb6f lapsed	REJECT	com.alibaba.qwen.code.runtimebroker.ToolExecutionRecord@77307458
1790803523480	3	dispatch lease of 367f1e01-84db-4b4c-8f97-bab8af67eb6f lapsed	REJECT	com.alibaba.qwen.code.runtimebroker.ToolExecutionRecord@47874b25
1790803523585	3	dispatch lease of 367f1e01-84db-4b4c-8f97-bab8af67eb6f lapsed	REJECT	com.alibaba.qwen.code.runtimebroker.ToolExecutionRecord@5db4c359
1790803523677	3	dispatch lease of 367f1e01-84db-4b4c-8f97-bab8af67eb6f lapsed	REJECT	com.alibaba.qwen.code.runtimebroker.ToolExecutionRecord@f9b7332
1790803523768	3	dispatch lease of 367f1e01-84db-4b4c-8f97-bab8af67eb6f lapsed	REJECT	com.alibaba.qwen.code.runtimebroker.ToolExecutionRecord@4f8969b0
1790803523850	3	dispatch lease of 367f1e01-84db-4b4c-8f97-bab8af67eb6f lapsed	REJECT	com.alibaba.qwen.code.runtimebroker.ToolExecutionRecord@8a589a2
1790803523913	3	dispatch lease of 367f1e01-84db-4b4c-8f97-bab8af67eb6f lapsed	REJECT	com.alibaba.qwen.code.runtimebroker.ToolExecutionRecord@b672aa8
1790803523985	3	dispatch lease of 367f1e01-84db-4b4c-8f97-bab8af67eb6f lapsed	REJECT	com.alibaba.qwen.code.runtimebroker.ToolExecutionRecord@6e46d9f4
1790803524053	3	dispatch lease of 367f1e01-84db-4b4c-8f97-bab8af67eb6f lapsed	ACCEPT	com.alibaba.qwen.code.runtimebroker.ToolExecutionRecord@21c64522
1790803530970	3	marker = [start]	REJECT	[]
1790803531020	3	marker = [start]	REJECT	[]
1790803531076	3	marker = [start]	REJECT	[]
1790803531126	3	marker = [start]	ACCEPT	[start]
1790803532167	3	dispatch lease of ed349636-3c8c-433e-8be0-7df8e84238cb lapsed	REJECT	com.alibaba.qwen.code.runtimebroker.ToolExecutionRecord@644c78d4
1790803532279	3	dispatch lease of ed349636-3c8c-433e-8be0-7df8e84238cb lapsed	REJECT	com.alibaba.qwen.code.runtimebroker.ToolExecutionRecord@7bb3a9fe
1790803532396	3	dispatch lease of ed349636-3c8c-433e-8be0-7df8e84238cb lapsed	REJECT	com.alibaba.qwen.code.runtimebroker.ToolExecutionRecord@62923ee6
1790803532503	3	dispatch lease of ed349636-3c8c-433e-8be0-7df8e84238cb lapsed	REJECT	com.alibaba.qwen.code.runtimebroker.ToolExecutionRecord@7807ac2c
1790803532599	3	dispatch lease of ed349636-3c8c-433e-8be0-7df8e84238cb lapsed	REJECT	com.alibaba.qwen.code.runtimebroker.ToolExecutionRecord@a77614d
1790803532676	3	dispatch lease of ed349636-3c8c-433e-8be0-7df8e84238cb lapsed	REJECT	com.alibaba.qwen.code.runtimebroker.ToolExecutionRecord@a1217f9
1790803532760	3	dispatch lease of ed349636-3c8c-433e-8be0-7df8e84238cb lapsed	REJECT	com.alibaba.qwen.code.runtimebroker.ToolExecutionRecord@2baa8d82
1790803532880	3	dispatch lease of ed349636-3c8c-433e-8be0-7df8e84238cb lapsed	REJECT	com.alibaba.qwen.code.runtimebroker.ToolExecutionRecord@a7e2d9d
1790803532984	3	dispatch lease of ed349636-3c8c-433e-8be0-7df8e84238cb lapsed	REJECT	com.alibaba.qwen.code.runtimebroker.ToolExecutionRecord@372ea2bc
1790803533092	3	dispatch lease of ed349636-3c8c-433e-8be0-7df8e84238cb lapsed	REJECT	com.alibaba.qwen.code.runtimebroker.ToolExecutionRecord@3f19b8b3
1790803533203	3	dispatch lease of ed349636-3c8c-433e-8be0-7df8e84238cb lapsed	REJECT	com.alibaba.qwen.code.runtimebroker.ToolExecutionRecord@cdc3aae
1790803533308	3	dispatch lease of ed349636-3c8c-433e-8be0-7df8e84238cb lapsed	REJECT	com.alibaba.qwen.code.runtimebroker.ToolExecutionRecord@4c36250e
1790803533397	3	dispatch lease of ed349636-3c8c-433e-8be0-7df8e84238cb lapsed	REJECT	com.alibaba.qwen.code.runtimebroker.ToolExecutionRecord@299266e2
1790803533500	3	dispatch lease of ed349636-3c8c-433e-8be0-7df8e84238cb lapsed	REJECT	com.alibaba.qwen.code.runtimebroker.ToolExecutionRecord@1601e47
1790803533603	3	dispatch lease of ed349636-3c8c-433e-8be0-7df8e84238cb lapsed	REJECT	com.alibaba.qwen.code.runtimebroker.ToolExecutionRecord@50687efb
1790803533700	3	dispatch lease of ed349636-3c8c-433e-8be0-7df8e84238cb lapsed	REJECT	com.alibaba.qwen.code.runtimebroker.ToolExecutionRecord@4a9cc6cb
1790803533796	3	dispatch lease of ed349636-3c8c-433e-8be0-7df8e84238cb lapsed	REJECT	com.alibaba.qwen.code.runtimebroker.ToolExecutionRecord@35d6ca49
1790803533916	3	dispatch lease of ed349636-3c8c-433e-8be0-7df8e84238cb lapsed	REJECT	com.alibaba.qwen.code.runtimebroker.ToolExecutionRecord@12cd9150
1790803534037	3	dispatch lease of ed349636-3c8c-433e-8be0-7df8e84238cb lapsed	ACCEPT	com.alibaba.qwen.code.runtimebroker.ToolExecutionRecord@cf65451
1790803535434	3	reconciliation from evidence	ACCEPT	ALREADY_SETTLED
1790803544097	3	dispatch lease of 3cb9d2ca-39e9-4698-bb12-64a7d0f2ead0 lapsed	REJECT	com.alibaba.qwen.code.runtimebroker.ToolExecutionRecord@58cd06cb
1790803544180	3	dispatch lease of 3cb9d2ca-39e9-4698-bb12-64a7d0f2ead0 lapsed	REJECT	com.alibaba.qwen.code.runtimebroker.ToolExecutionRecord@3b65e559
1790803544277	3	dispatch lease of 3cb9d2ca-39e9-4698-bb12-64a7d0f2ead0 lapsed	REJECT	com.alibaba.qwen.code.runtimebroker.ToolExecutionRecord@85ec632
1790803544360	3	dispatch lease of 3cb9d2ca-39e9-4698-bb12-64a7d0f2ead0 lapsed	REJECT	com.alibaba.qwen.code.runtimebroker.ToolExecutionRecord@5fd9b663
1790803544456	3	dispatch lease of 3cb9d2ca-39e9-4698-bb12-64a7d0f2ead0 lapsed	REJECT	com.alibaba.qwen.code.runtimebroker.ToolExecutionRecord@e362c57
1790803544558	3	dispatch lease of 3cb9d2ca-39e9-4698-bb12-64a7d0f2ead0 lapsed	REJECT	com.alibaba.qwen.code.runtimebroker.ToolExecutionRecord@5aa360ea
1790803544652	3	dispatch lease of 3cb9d2ca-39e9-4698-bb12-64a7d0f2ead0 lapsed	REJECT	com.alibaba.qwen.code.runtimebroker.ToolExecutionRecord@54336c81
1790803544797	3	dispatch lease of 3cb9d2ca-39e9-4698-bb12-64a7d0f2ead0 lapsed	REJECT	com.alibaba.qwen.code.runtimebroker.ToolExecutionRecord@62577d6
1790803544913	3	dispatch lease of 3cb9d2ca-39e9-4698-bb12-64a7d0f2ead0 lapsed	REJECT	com.alibaba.qwen.code.runtimebroker.ToolExecutionRecord@772485dd
1790803545008	3	dispatch lease of 3cb9d2ca-39e9-4698-bb12-64a7d0f2ead0 lapsed	REJECT	com.alibaba.qwen.code.runtimebroker.ToolExecutionRecord@6e5bfdfc
1790803545124	3	dispatch lease of 3cb9d2ca-39e9-4698-bb12-64a7d0f2ead0 lapsed	REJECT	com.alibaba.qwen.code.runtimebroker.ToolExecutionRecord@51bde877
1790803545202	3	dispatch lease of 3cb9d2ca-39e9-4698-bb12-64a7d0f2ead0 lapsed	REJECT	com.alibaba.qwen.code.runtimebroker.ToolExecutionRecord@117632cf
1790803545336	3	dispatch lease of 3cb9d2ca-39e9-4698-bb12-64a7d0f2ead0 lapsed	REJECT	com.alibaba.qwen.code.runtimebroker.ToolExecutionRecord@3add81c4
1790803545436	3	dispatch lease of 3cb9d2ca-39e9-4698-bb12-64a7d0f2ead0 lapsed	REJECT	com.alibaba.qwen.code.runtimebroker.ToolExecutionRecord@159e366
1790803545559	3	dispatch lease of 3cb9d2ca-39e9-4698-bb12-64a7d0f2ead0 lapsed	REJECT	com.alibaba.qwen.code.runtimebroker.ToolExecutionRecord@17ae98d7
1790803545676	3	dispatch lease of 3cb9d2ca-39e9-4698-bb12-64a7d0f2ead0 lapsed	REJECT	com.alibaba.qwen.code.runtimebroker.ToolExecutionRecord@5a772895
1790803545780	3	dispatch lease of 3cb9d2ca-39e9-4698-bb12-64a7d0f2ead0 lapsed	REJECT	com.alibaba.qwen.code.runtimebroker.ToolExecutionRecord@3ee39da0
1790803545888	3	dispatch lease of 3cb9d2ca-39e9-4698-bb12-64a7d0f2ead0 lapsed	REJECT	com.alibaba.qwen.code.runtimebroker.ToolExecutionRecord@2e27d72f
1790803546024	3	dispatch lease of 3cb9d2ca-39e9-4698-bb12-64a7d0f2ead0 lapsed	REJECT	com.alibaba.qwen.code.runtimebroker.ToolExecutionRecord@2bffa76d
1790803546116	3	dispatch lease of 3cb9d2ca-39e9-4698-bb12-64a7d0f2ead0 lapsed	ACCEPT	com.alibaba.qwen.code.runtimebroker.ToolExecutionRecord@1f2d2181
1790803547746	3	reconciliation from evidence	ACCEPT	ALREADY_SETTLED
1790803551709	3	marker = [start]	REJECT	[]
1790803551760	3	marker = [start]	REJECT	[]
1790803551810	3	marker = [start]	REJECT	[]
1790803551860	3	marker = [start]	ACCEPT	[start]
1790803561367	3	marker = [start, end]	ACCEPT	[start, end]
1790803567450	3	startup adoption	ACCEPT	Reply[ok=true, value={"bindingId":"05326669-6213-4bbe-bc8e-9c178493aff6","generation":1,"state":"READY"}, status=0, code=null, retryable=false, message=null]
1790803573614	3	startup adoption	REJECT	Reply[ok=false, value=null, status=503, code=runtime_provisioning_in_progress, retryable=true, message=another Broker owns Runtime provisioning]
1790803573753	3	startup adoption	REJECT	Reply[ok=false, value=null, status=503, code=runtime_provisioning_in_progress, retryable=true, message=another Broker owns Runtime provisioning]
1790803573879	3	startup adoption	REJECT	Reply[ok=false, value=null, status=503, code=runtime_provisioning_in_progress, retryable=true, message=another Broker owns Runtime provisioning]
1790803573992	3	startup adoption	REJECT	Reply[ok=false, value=null, status=503, code=runtime_provisioning_in_progress, retryable=true, message=another Broker owns Runtime provisioning]
1790803574491	3	startup adoption	ACCEPT	Reply[ok=true, value={"bindingId":"9b4c2e94-1188-420c-ba25-acdc5654adaa","generation":1,"state":"READY"}, status=0, code=null, retryable=false, message=null]
1790803578926	3	marker = [start]	REJECT	[]
1790803578976	3	marker = [start]	REJECT	[]
1790803579026	3	marker = [start]	REJECT	[]
1790803579076	3	marker = [start]	ACCEPT	[start]
1790803581024	3	original worker loss after recovery fencing	ACCEPT	Reply[ok=false, value=null, status=503, code=runtime_broker_runtime_lost, retryable=true, message=Runtime is lost; recovery requires complete evidence and cleanup]
1790803585538	3	project/marker = [start]	REJECT	[]
1790803585589	3	project/marker = [start]	REJECT	[]
1790803585639	3	project/marker = [start]	REJECT	[]
1790803585689	3	project/marker = [start]	ACCEPT	[start]
1790803587629	3	original worker loss after recovery fencing	ACCEPT	Reply[ok=false, value=null, status=503, code=runtime_broker_runtime_lost, retryable=true, message=Runtime is lost; recovery requires complete evidence and cleanup]
1790803608593	3	marker = [start]	REJECT	[]
1790803608644	3	marker = [start]	REJECT	[]
1790803608694	3	marker = [start]	REJECT	[]
1790803608744	3	marker = [start]	REJECT	[]
1790803608795	3	marker = [start]	ACCEPT	[start]
1790803611364	3	dispatch lease of 10d955c1-8e0d-42fb-8a81-37d52ecb1956 lapsed	REJECT	com.alibaba.qwen.code.runtimebroker.ToolExecutionRecord@b09fac1
1790803611455	3	dispatch lease of 10d955c1-8e0d-42fb-8a81-37d52ecb1956 lapsed	REJECT	com.alibaba.qwen.code.runtimebroker.ToolExecutionRecord@62e8f862
1790803611532	3	dispatch lease of 10d955c1-8e0d-42fb-8a81-37d52ecb1956 lapsed	REJECT	com.alibaba.qwen.code.runtimebroker.ToolExecutionRecord@515f4131
1790803611603	3	dispatch lease of 10d955c1-8e0d-42fb-8a81-37d52ecb1956 lapsed	REJECT	com.alibaba.qwen.code.runtimebroker.ToolExecutionRecord@3f3ddbd9
1790803611704	3	dispatch lease of 10d955c1-8e0d-42fb-8a81-37d52ecb1956 lapsed	REJECT	com.alibaba.qwen.code.runtimebroker.ToolExecutionRecord@30865a90
1790803611812	3	dispatch lease of 10d955c1-8e0d-42fb-8a81-37d52ecb1956 lapsed	REJECT	com.alibaba.qwen.code.runtimebroker.ToolExecutionRecord@71b1a49c
1790803611912	3	dispatch lease of 10d955c1-8e0d-42fb-8a81-37d52ecb1956 lapsed	REJECT	com.alibaba.qwen.code.runtimebroker.ToolExecutionRecord@2472c7d8
1790803612028	3	dispatch lease of 10d955c1-8e0d-42fb-8a81-37d52ecb1956 lapsed	REJECT	com.alibaba.qwen.code.runtimebroker.ToolExecutionRecord@9fecdf1
1790803612144	3	dispatch lease of 10d955c1-8e0d-42fb-8a81-37d52ecb1956 lapsed	REJECT	com.alibaba.qwen.code.runtimebroker.ToolExecutionRecord@236ab296
1790803612248	3	dispatch lease of 10d955c1-8e0d-42fb-8a81-37d52ecb1956 lapsed	REJECT	com.alibaba.qwen.code.runtimebroker.ToolExecutionRecord@232024b9
1790803612340	3	dispatch lease of 10d955c1-8e0d-42fb-8a81-37d52ecb1956 lapsed	REJECT	com.alibaba.qwen.code.runtimebroker.ToolExecutionRecord@53cdecf6
1790803612417	3	dispatch lease of 10d955c1-8e0d-42fb-8a81-37d52ecb1956 lapsed	REJECT	com.alibaba.qwen.code.runtimebroker.ToolExecutionRecord@420745d7
1790803612500	3	dispatch lease of 10d955c1-8e0d-42fb-8a81-37d52ecb1956 lapsed	REJECT	com.alibaba.qwen.code.runtimebroker.ToolExecutionRecord@2392212b
1790803612620	3	dispatch lease of 10d955c1-8e0d-42fb-8a81-37d52ecb1956 lapsed	REJECT	com.alibaba.qwen.code.runtimebroker.ToolExecutionRecord@545f80bf
1790803612716	3	dispatch lease of 10d955c1-8e0d-42fb-8a81-37d52ecb1956 lapsed	REJECT	com.alibaba.qwen.code.runtimebroker.ToolExecutionRecord@4d666b41
1790803612828	3	dispatch lease of 10d955c1-8e0d-42fb-8a81-37d52ecb1956 lapsed	REJECT	com.alibaba.qwen.code.runtimebroker.ToolExecutionRecord@405325cf
1790803612936	3	dispatch lease of 10d955c1-8e0d-42fb-8a81-37d52ecb1956 lapsed	REJECT	com.alibaba.qwen.code.runtimebroker.ToolExecutionRecord@6c2f1700
1790803613016	3	dispatch lease of 10d955c1-8e0d-42fb-8a81-37d52ecb1956 lapsed	REJECT	com.alibaba.qwen.code.runtimebroker.ToolExecutionRecord@669d2b1b
1790803613120	3	dispatch lease of 10d955c1-8e0d-42fb-8a81-37d52ecb1956 lapsed	REJECT	com.alibaba.qwen.code.runtimebroker.ToolExecutionRecord@5d52e3ef
1790803613223	3	dispatch lease of 10d955c1-8e0d-42fb-8a81-37d52ecb1956 lapsed	REJECT	com.alibaba.qwen.code.runtimebroker.ToolExecutionRecord@4c7a078
1790803613324	3	dispatch lease of 10d955c1-8e0d-42fb-8a81-37d52ecb1956 lapsed	REJECT	com.alibaba.qwen.code.runtimebroker.ToolExecutionRecord@76f10035
1790803613424	3	dispatch lease of 10d955c1-8e0d-42fb-8a81-37d52ecb1956 lapsed	REJECT	com.alibaba.qwen.code.runtimebroker.ToolExecutionRecord@15b986cd
1790803613488	3	dispatch lease of 10d955c1-8e0d-42fb-8a81-37d52ecb1956 lapsed	REJECT	com.alibaba.qwen.code.runtimebroker.ToolExecutionRecord@6b530eb9
1790803613573	3	dispatch lease of 10d955c1-8e0d-42fb-8a81-37d52ecb1956 lapsed	REJECT	com.alibaba.qwen.code.runtimebroker.ToolExecutionRecord@17f460bb
1790803613680	3	dispatch lease of 10d955c1-8e0d-42fb-8a81-37d52ecb1956 lapsed	REJECT	com.alibaba.qwen.code.runtimebroker.ToolExecutionRecord@18ca3c62
1790803613775	3	dispatch lease of 10d955c1-8e0d-42fb-8a81-37d52ecb1956 lapsed	REJECT	com.alibaba.qwen.code.runtimebroker.ToolExecutionRecord@6aa648b9
1790803613896	3	dispatch lease of 10d955c1-8e0d-42fb-8a81-37d52ecb1956 lapsed	REJECT	com.alibaba.qwen.code.runtimebroker.ToolExecutionRecord@88a8218
1790803613963	3	dispatch lease of 10d955c1-8e0d-42fb-8a81-37d52ecb1956 lapsed	REJECT	com.alibaba.qwen.code.runtimebroker.ToolExecutionRecord@5fa05212
1790803614065	3	dispatch lease of 10d955c1-8e0d-42fb-8a81-37d52ecb1956 lapsed	ACCEPT	com.alibaba.qwen.code.runtimebroker.ToolExecutionRecord@23aae55
1790803614639	3	cancelled original call	ACCEPT	RESOLVED
1790803619036	3	project/marker = [start]	REJECT	[]
1790803619086	3	project/marker = [start]	REJECT	[]
1790803619137	3	project/marker = [start]	REJECT	[]
1790803619187	3	project/marker = [start]	ACCEPT	[start]
1790803621744	3	dispatch lease of c04a0857-5cd7-4a6e-9cea-c1471f0b4ce7 lapsed	REJECT	com.alibaba.qwen.code.runtimebroker.ToolExecutionRecord@710b30ef
1790803621864	3	dispatch lease of c04a0857-5cd7-4a6e-9cea-c1471f0b4ce7 lapsed	REJECT	com.alibaba.qwen.code.runtimebroker.ToolExecutionRecord@7cf7aee
1790803621948	3	dispatch lease of c04a0857-5cd7-4a6e-9cea-c1471f0b4ce7 lapsed	REJECT	com.alibaba.qwen.code.runtimebroker.ToolExecutionRecord@18151a14
1790803622022	3	dispatch lease of c04a0857-5cd7-4a6e-9cea-c1471f0b4ce7 lapsed	REJECT	com.alibaba.qwen.code.runtimebroker.ToolExecutionRecord@3c1e23ff
1790803622116	3	dispatch lease of c04a0857-5cd7-4a6e-9cea-c1471f0b4ce7 lapsed	REJECT	com.alibaba.qwen.code.runtimebroker.ToolExecutionRecord@1bf0f6f6
1790803622220	3	dispatch lease of c04a0857-5cd7-4a6e-9cea-c1471f0b4ce7 lapsed	REJECT	com.alibaba.qwen.code.runtimebroker.ToolExecutionRecord@2ba45490
1790803622330	3	dispatch lease of c04a0857-5cd7-4a6e-9cea-c1471f0b4ce7 lapsed	REJECT	com.alibaba.qwen.code.runtimebroker.ToolExecutionRecord@7af707e0
1790803622444	3	dispatch lease of c04a0857-5cd7-4a6e-9cea-c1471f0b4ce7 lapsed	REJECT	com.alibaba.qwen.code.runtimebroker.ToolExecutionRecord@74cf8b28
1790803622532	3	dispatch lease of c04a0857-5cd7-4a6e-9cea-c1471f0b4ce7 lapsed	REJECT	com.alibaba.qwen.code.runtimebroker.ToolExecutionRecord@7ba63fe5
1790803622607	3	dispatch lease of c04a0857-5cd7-4a6e-9cea-c1471f0b4ce7 lapsed	REJECT	com.alibaba.qwen.code.runtimebroker.ToolExecutionRecord@125c082e
1790803622670	3	dispatch lease of c04a0857-5cd7-4a6e-9cea-c1471f0b4ce7 lapsed	REJECT	com.alibaba.qwen.code.runtimebroker.ToolExecutionRecord@1f9d6c7b
1790803622745	3	dispatch lease of c04a0857-5cd7-4a6e-9cea-c1471f0b4ce7 lapsed	REJECT	com.alibaba.qwen.code.runtimebroker.ToolExecutionRecord@4010d494
1790803622832	3	dispatch lease of c04a0857-5cd7-4a6e-9cea-c1471f0b4ce7 lapsed	REJECT	com.alibaba.qwen.code.runtimebroker.ToolExecutionRecord@5eefa415
1790803622916	3	dispatch lease of c04a0857-5cd7-4a6e-9cea-c1471f0b4ce7 lapsed	REJECT	com.alibaba.qwen.code.runtimebroker.ToolExecutionRecord@2fb69ff6
1790803623008	3	dispatch lease of c04a0857-5cd7-4a6e-9cea-c1471f0b4ce7 lapsed	REJECT	com.alibaba.qwen.code.runtimebroker.ToolExecutionRecord@2f19f2aa
1790803623124	3	dispatch lease of c04a0857-5cd7-4a6e-9cea-c1471f0b4ce7 lapsed	REJECT	com.alibaba.qwen.code.runtimebroker.ToolExecutionRecord@79c5636f
1790803623195	3	dispatch lease of c04a0857-5cd7-4a6e-9cea-c1471f0b4ce7 lapsed	REJECT	com.alibaba.qwen.code.runtimebroker.ToolExecutionRecord@27f3b6d6
1790803623253	3	dispatch lease of c04a0857-5cd7-4a6e-9cea-c1471f0b4ce7 lapsed	REJECT	com.alibaba.qwen.code.runtimebroker.ToolExecutionRecord@676f0a60
1790803623315	3	dispatch lease of c04a0857-5cd7-4a6e-9cea-c1471f0b4ce7 lapsed	REJECT	com.alibaba.qwen.code.runtimebroker.ToolExecutionRecord@4a951911
1790803623388	3	dispatch lease of c04a0857-5cd7-4a6e-9cea-c1471f0b4ce7 lapsed	REJECT	com.alibaba.qwen.code.runtimebroker.ToolExecutionRecord@5e63cad
1790803623471	3	dispatch lease of c04a0857-5cd7-4a6e-9cea-c1471f0b4ce7 lapsed	REJECT	com.alibaba.qwen.code.runtimebroker.ToolExecutionRecord@14a54ef6
1790803623580	3	dispatch lease of c04a0857-5cd7-4a6e-9cea-c1471f0b4ce7 lapsed	REJECT	com.alibaba.qwen.code.runtimebroker.ToolExecutionRecord@5ba745bc
1790803623680	3	dispatch lease of c04a0857-5cd7-4a6e-9cea-c1471f0b4ce7 lapsed	REJECT	com.alibaba.qwen.code.runtimebroker.ToolExecutionRecord@6034e75d
1790803623776	3	dispatch lease of c04a0857-5cd7-4a6e-9cea-c1471f0b4ce7 lapsed	REJECT	com.alibaba.qwen.code.runtimebroker.ToolExecutionRecord@456abb66
1790803623884	3	dispatch lease of c04a0857-5cd7-4a6e-9cea-c1471f0b4ce7 lapsed	REJECT	com.alibaba.qwen.code.runtimebroker.ToolExecutionRecord@219f4597
1790803623972	3	dispatch lease of c04a0857-5cd7-4a6e-9cea-c1471f0b4ce7 lapsed	REJECT	com.alibaba.qwen.code.runtimebroker.ToolExecutionRecord@5b989dc7
1790803624064	3	dispatch lease of c04a0857-5cd7-4a6e-9cea-c1471f0b4ce7 lapsed	REJECT	com.alibaba.qwen.code.runtimebroker.ToolExecutionRecord@595f4da5
1790803624154	3	dispatch lease of c04a0857-5cd7-4a6e-9cea-c1471f0b4ce7 lapsed	REJECT	com.alibaba.qwen.code.runtimebroker.ToolExecutionRecord@325f7fa9
1790803624268	3	dispatch lease of c04a0857-5cd7-4a6e-9cea-c1471f0b4ce7 lapsed	REJECT	com.alibaba.qwen.code.runtimebroker.ToolExecutionRecord@13cda7c9
1790803624369	3	dispatch lease of c04a0857-5cd7-4a6e-9cea-c1471f0b4ce7 lapsed	REJECT	com.alibaba.qwen.code.runtimebroker.ToolExecutionRecord@771158fb
1790803624460	3	dispatch lease of c04a0857-5cd7-4a6e-9cea-c1471f0b4ce7 lapsed	REJECT	com.alibaba.qwen.code.runtimebroker.ToolExecutionRecord@150d80c4
1790803624556	3	dispatch lease of c04a0857-5cd7-4a6e-9cea-c1471f0b4ce7 lapsed	REJECT	com.alibaba.qwen.code.runtimebroker.ToolExecutionRecord@64d43929
1790803624652	3	dispatch lease of c04a0857-5cd7-4a6e-9cea-c1471f0b4ce7 lapsed	REJECT	com.alibaba.qwen.code.runtimebroker.ToolExecutionRecord@41c89d2f
1790803624736	3	dispatch lease of c04a0857-5cd7-4a6e-9cea-c1471f0b4ce7 lapsed	REJECT	com.alibaba.qwen.code.runtimebroker.ToolExecutionRecord@1bdbf9be
1790803624828	3	dispatch lease of c04a0857-5cd7-4a6e-9cea-c1471f0b4ce7 lapsed	REJECT	com.alibaba.qwen.code.runtimebroker.ToolExecutionRecord@78d39a69
1790803624944	3	dispatch lease of c04a0857-5cd7-4a6e-9cea-c1471f0b4ce7 lapsed	REJECT	com.alibaba.qwen.code.runtimebroker.ToolExecutionRecord@71154f21
1790803625044	3	dispatch lease of c04a0857-5cd7-4a6e-9cea-c1471f0b4ce7 lapsed	ACCEPT	com.alibaba.qwen.code.runtimebroker.ToolExecutionRecord@304a9d7b
1790803625695	3	cancelled original call	ACCEPT	RESOLVED
1790803631216	3	dispatch lease of 7c96c32a-370d-48f7-a20a-b36c2224c277 lapsed	REJECT	com.alibaba.qwen.code.runtimebroker.ToolExecutionRecord@240139e1
1790803631324	3	dispatch lease of 7c96c32a-370d-48f7-a20a-b36c2224c277 lapsed	REJECT	com.alibaba.qwen.code.runtimebroker.ToolExecutionRecord@253c1256
1790803631432	3	dispatch lease of 7c96c32a-370d-48f7-a20a-b36c2224c277 lapsed	REJECT	com.alibaba.qwen.code.runtimebroker.ToolExecutionRecord@55f45b92
1790803631544	3	dispatch lease of 7c96c32a-370d-48f7-a20a-b36c2224c277 lapsed	REJECT	com.alibaba.qwen.code.runtimebroker.ToolExecutionRecord@4a325eb9
1790803631616	3	dispatch lease of 7c96c32a-370d-48f7-a20a-b36c2224c277 lapsed	REJECT	com.alibaba.qwen.code.runtimebroker.ToolExecutionRecord@415e0bcb
1790803631708	3	dispatch lease of 7c96c32a-370d-48f7-a20a-b36c2224c277 lapsed	REJECT	com.alibaba.qwen.code.runtimebroker.ToolExecutionRecord@2c30b71f
1790803631804	3	dispatch lease of 7c96c32a-370d-48f7-a20a-b36c2224c277 lapsed	REJECT	com.alibaba.qwen.code.runtimebroker.ToolExecutionRecord@bf71cec
1790803631888	3	dispatch lease of 7c96c32a-370d-48f7-a20a-b36c2224c277 lapsed	REJECT	com.alibaba.qwen.code.runtimebroker.ToolExecutionRecord@1654a892
1790803631976	3	dispatch lease of 7c96c32a-370d-48f7-a20a-b36c2224c277 lapsed	REJECT	com.alibaba.qwen.code.runtimebroker.ToolExecutionRecord@6c000e0c
1790803632068	3	dispatch lease of 7c96c32a-370d-48f7-a20a-b36c2224c277 lapsed	REJECT	com.alibaba.qwen.code.runtimebroker.ToolExecutionRecord@6974a715
1790803632148	3	dispatch lease of 7c96c32a-370d-48f7-a20a-b36c2224c277 lapsed	REJECT	com.alibaba.qwen.code.runtimebroker.ToolExecutionRecord@4c9e9fb8
1790803632232	3	dispatch lease of 7c96c32a-370d-48f7-a20a-b36c2224c277 lapsed	REJECT	com.alibaba.qwen.code.runtimebroker.ToolExecutionRecord@210f0cc1
1790803632332	3	dispatch lease of 7c96c32a-370d-48f7-a20a-b36c2224c277 lapsed	REJECT	com.alibaba.qwen.code.runtimebroker.ToolExecutionRecord@c7a977f
1790803632440	3	dispatch lease of 7c96c32a-370d-48f7-a20a-b36c2224c277 lapsed	REJECT	com.alibaba.qwen.code.runtimebroker.ToolExecutionRecord@2c383e33
1790803632547	3	dispatch lease of 7c96c32a-370d-48f7-a20a-b36c2224c277 lapsed	REJECT	com.alibaba.qwen.code.runtimebroker.ToolExecutionRecord@2fa3be26
1790803632637	3	dispatch lease of 7c96c32a-370d-48f7-a20a-b36c2224c277 lapsed	REJECT	com.alibaba.qwen.code.runtimebroker.ToolExecutionRecord@4e6d7365
1790803632724	3	dispatch lease of 7c96c32a-370d-48f7-a20a-b36c2224c277 lapsed	REJECT	com.alibaba.qwen.code.runtimebroker.ToolExecutionRecord@21ae6e73
1790803632785	3	dispatch lease of 7c96c32a-370d-48f7-a20a-b36c2224c277 lapsed	REJECT	com.alibaba.qwen.code.runtimebroker.ToolExecutionRecord@36a7abe1
1790803632844	3	dispatch lease of 7c96c32a-370d-48f7-a20a-b36c2224c277 lapsed	REJECT	com.alibaba.qwen.code.runtimebroker.ToolExecutionRecord@11a82d0f
1790803632944	3	dispatch lease of 7c96c32a-370d-48f7-a20a-b36c2224c277 lapsed	REJECT	com.alibaba.qwen.code.runtimebroker.ToolExecutionRecord@16943e88
1790803633032	3	dispatch lease of 7c96c32a-370d-48f7-a20a-b36c2224c277 lapsed	ACCEPT	com.alibaba.qwen.code.runtimebroker.ToolExecutionRecord@e36bb2a
1790803640105	3	dispatch lease of e2b426f9-21a4-49e9-bfcb-9a3fa8f5ef54 lapsed	REJECT	com.alibaba.qwen.code.runtimebroker.ToolExecutionRecord@673bb956
1790803640179	3	dispatch lease of e2b426f9-21a4-49e9-bfcb-9a3fa8f5ef54 lapsed	REJECT	com.alibaba.qwen.code.runtimebroker.ToolExecutionRecord@3c4bc9fc
1790803640248	3	dispatch lease of e2b426f9-21a4-49e9-bfcb-9a3fa8f5ef54 lapsed	REJECT	com.alibaba.qwen.code.runtimebroker.ToolExecutionRecord@1f651cd8
1790803640348	3	dispatch lease of e2b426f9-21a4-49e9-bfcb-9a3fa8f5ef54 lapsed	REJECT	com.alibaba.qwen.code.runtimebroker.ToolExecutionRecord@c827db
1790803640448	3	dispatch lease of e2b426f9-21a4-49e9-bfcb-9a3fa8f5ef54 lapsed	REJECT	com.alibaba.qwen.code.runtimebroker.ToolExecutionRecord@238ad8c
1790803640528	3	dispatch lease of e2b426f9-21a4-49e9-bfcb-9a3fa8f5ef54 lapsed	REJECT	com.alibaba.qwen.code.runtimebroker.ToolExecutionRecord@22df874e
1790803640620	3	dispatch lease of e2b426f9-21a4-49e9-bfcb-9a3fa8f5ef54 lapsed	REJECT	com.alibaba.qwen.code.runtimebroker.ToolExecutionRecord@42d236fb
1790803640722	3	dispatch lease of e2b426f9-21a4-49e9-bfcb-9a3fa8f5ef54 lapsed	REJECT	com.alibaba.qwen.code.runtimebroker.ToolExecutionRecord@1532c619
1790803640830	3	dispatch lease of e2b426f9-21a4-49e9-bfcb-9a3fa8f5ef54 lapsed	REJECT	com.alibaba.qwen.code.runtimebroker.ToolExecutionRecord@1a78dacd
1790803640918	3	dispatch lease of e2b426f9-21a4-49e9-bfcb-9a3fa8f5ef54 lapsed	REJECT	com.alibaba.qwen.code.runtimebroker.ToolExecutionRecord@2bfeb1ef
1790803640989	3	dispatch lease of e2b426f9-21a4-49e9-bfcb-9a3fa8f5ef54 lapsed	REJECT	com.alibaba.qwen.code.runtimebroker.ToolExecutionRecord@78b236a0
1790803641080	3	dispatch lease of e2b426f9-21a4-49e9-bfcb-9a3fa8f5ef54 lapsed	REJECT	com.alibaba.qwen.code.runtimebroker.ToolExecutionRecord@60e9df3c
1790803641197	3	dispatch lease of e2b426f9-21a4-49e9-bfcb-9a3fa8f5ef54 lapsed	REJECT	com.alibaba.qwen.code.runtimebroker.ToolExecutionRecord@537b32ef
1790803641280	3	dispatch lease of e2b426f9-21a4-49e9-bfcb-9a3fa8f5ef54 lapsed	REJECT	com.alibaba.qwen.code.runtimebroker.ToolExecutionRecord@6f815e7f
1790803641376	3	dispatch lease of e2b426f9-21a4-49e9-bfcb-9a3fa8f5ef54 lapsed	REJECT	com.alibaba.qwen.code.runtimebroker.ToolExecutionRecord@75699e35
1790803641484	3	dispatch lease of e2b426f9-21a4-49e9-bfcb-9a3fa8f5ef54 lapsed	REJECT	com.alibaba.qwen.code.runtimebroker.ToolExecutionRecord@263558c9
1790803641576	3	dispatch lease of e2b426f9-21a4-49e9-bfcb-9a3fa8f5ef54 lapsed	REJECT	com.alibaba.qwen.code.runtimebroker.ToolExecutionRecord@62315f22
1790803641656	3	dispatch lease of e2b426f9-21a4-49e9-bfcb-9a3fa8f5ef54 lapsed	REJECT	com.alibaba.qwen.code.runtimebroker.ToolExecutionRecord@78f9ed3e
1790803641756	3	dispatch lease of e2b426f9-21a4-49e9-bfcb-9a3fa8f5ef54 lapsed	REJECT	com.alibaba.qwen.code.runtimebroker.ToolExecutionRecord@48e7b3d2
1790803641864	3	dispatch lease of e2b426f9-21a4-49e9-bfcb-9a3fa8f5ef54 lapsed	REJECT	com.alibaba.qwen.code.runtimebroker.ToolExecutionRecord@64040287
1790803641948	3	dispatch lease of e2b426f9-21a4-49e9-bfcb-9a3fa8f5ef54 lapsed	REJECT	com.alibaba.qwen.code.runtimebroker.ToolExecutionRecord@df1cff6
1790803642044	3	dispatch lease of e2b426f9-21a4-49e9-bfcb-9a3fa8f5ef54 lapsed	ACCEPT	com.alibaba.qwen.code.runtimebroker.ToolExecutionRecord@3a43d133
1790804001638	4	escaped writer pid	REJECT	false
1790804001696	4	escaped writer pid	REJECT	false
1790804001746	4	escaped writer pid	REJECT	false
1790804001800	4	escaped writer pid	REJECT	false
1790804001850	4	escaped writer pid	ACCEPT	true
1790804001880	4	escaped writer output	REJECT	false
1790804001930	4	escaped writer output	REJECT	false
1790804001980	4	escaped writer output	ACCEPT	true
1790804004540	4	original worker loss after recovery fencing	ACCEPT	Reply[ok=false, value=null, status=503, code=runtime_broker_runtime_lost, retryable=true, message=Runtime is lost; recovery requires complete evidence and cleanup]
1790804004796	4	escaped writer continues after loss; the physical pin must remain	REJECT	56
1790804004852	4	escaped writer continues after loss; the physical pin must remain	ACCEPT	57
1790804009875	4	escaped writer pid	REJECT	false
1790804009927	4	escaped writer pid	REJECT	false
1790804009977	4	escaped writer pid	REJECT	false
1790804010028	4	escaped writer pid	REJECT	false
1790804010078	4	escaped writer pid	REJECT	false
1790804010128	4	escaped writer pid	REJECT	false
1790804010184	4	escaped writer pid	ACCEPT	true
1790804010196	4	escaped writer output	REJECT	false
1790804010251	4	escaped writer output	ACCEPT	true
1790804012712	4	original worker loss after recovery fencing	ACCEPT	Reply[ok=false, value=null, status=503, code=runtime_broker_runtime_lost, retryable=true, message=Runtime is lost; recovery requires complete evidence and cleanup]
1790804012812	4	escaped writer continues after loss; the physical pin must remain	REJECT	52
1790804012862	4	escaped writer continues after loss; the physical pin must remain	ACCEPT	53
1790804017888	4	marker = [start]	REJECT	[]
1790804017939	4	marker = [start]	REJECT	[]
1790804017989	4	marker = [start]	REJECT	[]
1790804018039	4	marker = [start]	ACCEPT	[start]
1790804018134	4	UNKNOWN execution	REJECT	com.alibaba.qwen.code.runtimebroker.ToolExecutionRecord@2cf23c81
1790804018202	4	UNKNOWN execution	ACCEPT	com.alibaba.qwen.code.runtimebroker.ToolExecutionRecord@35fe2125
1790804027476	4	marker = [start]	REJECT	[]
1790804027526	4	marker = [start]	REJECT	[]
1790804027577	4	marker = [start]	REJECT	[]
1790804027627	4	marker = [start]	ACCEPT	[start]
1790804029720	4	original Runtime loss after recovery fencing	ACCEPT	Reply[ok=false, value=null, status=503, code=runtime_broker_runtime_lost, retryable=true, message=Runtime is lost; recovery requires complete evidence and cleanup]
1790804039572	4	dispatch lease of 8f469c97-863a-436c-a44c-7660fa85eb8d lapsed	REJECT	com.alibaba.qwen.code.runtimebroker.ToolExecutionRecord@32cb636e
1790804039673	4	dispatch lease of 8f469c97-863a-436c-a44c-7660fa85eb8d lapsed	REJECT	com.alibaba.qwen.code.runtimebroker.ToolExecutionRecord@3a4e343
1790804039746	4	dispatch lease of 8f469c97-863a-436c-a44c-7660fa85eb8d lapsed	REJECT	com.alibaba.qwen.code.runtimebroker.ToolExecutionRecord@4b6579e8
1790804039846	4	dispatch lease of 8f469c97-863a-436c-a44c-7660fa85eb8d lapsed	REJECT	com.alibaba.qwen.code.runtimebroker.ToolExecutionRecord@591e58fa
1790804039960	4	dispatch lease of 8f469c97-863a-436c-a44c-7660fa85eb8d lapsed	REJECT	com.alibaba.qwen.code.runtimebroker.ToolExecutionRecord@593e824f
1790804040077	4	dispatch lease of 8f469c97-863a-436c-a44c-7660fa85eb8d lapsed	REJECT	com.alibaba.qwen.code.runtimebroker.ToolExecutionRecord@64bc21ac
1790804040181	4	dispatch lease of 8f469c97-863a-436c-a44c-7660fa85eb8d lapsed	REJECT	com.alibaba.qwen.code.runtimebroker.ToolExecutionRecord@ce5a68e
1790804040281	4	dispatch lease of 8f469c97-863a-436c-a44c-7660fa85eb8d lapsed	REJECT	com.alibaba.qwen.code.runtimebroker.ToolExecutionRecord@5df417a7
1790804040381	4	dispatch lease of 8f469c97-863a-436c-a44c-7660fa85eb8d lapsed	REJECT	com.alibaba.qwen.code.runtimebroker.ToolExecutionRecord@61078690
1790804040497	4	dispatch lease of 8f469c97-863a-436c-a44c-7660fa85eb8d lapsed	REJECT	com.alibaba.qwen.code.runtimebroker.ToolExecutionRecord@71c5b236
1790804040610	4	dispatch lease of 8f469c97-863a-436c-a44c-7660fa85eb8d lapsed	REJECT	com.alibaba.qwen.code.runtimebroker.ToolExecutionRecord@669513d8
1790804040713	4	dispatch lease of 8f469c97-863a-436c-a44c-7660fa85eb8d lapsed	REJECT	com.alibaba.qwen.code.runtimebroker.ToolExecutionRecord@361c294e
1790804040814	4	dispatch lease of 8f469c97-863a-436c-a44c-7660fa85eb8d lapsed	REJECT	com.alibaba.qwen.code.runtimebroker.ToolExecutionRecord@314b8f2d
1790804040925	4	dispatch lease of 8f469c97-863a-436c-a44c-7660fa85eb8d lapsed	REJECT	com.alibaba.qwen.code.runtimebroker.ToolExecutionRecord@15a902e7
1790804041053	4	dispatch lease of 8f469c97-863a-436c-a44c-7660fa85eb8d lapsed	REJECT	com.alibaba.qwen.code.runtimebroker.ToolExecutionRecord@5af28b27
1790804041153	4	dispatch lease of 8f469c97-863a-436c-a44c-7660fa85eb8d lapsed	REJECT	com.alibaba.qwen.code.runtimebroker.ToolExecutionRecord@72f46e16
1790804041296	4	dispatch lease of 8f469c97-863a-436c-a44c-7660fa85eb8d lapsed	REJECT	com.alibaba.qwen.code.runtimebroker.ToolExecutionRecord@549621f3
1790804041390	4	dispatch lease of 8f469c97-863a-436c-a44c-7660fa85eb8d lapsed	REJECT	com.alibaba.qwen.code.runtimebroker.ToolExecutionRecord@5217f3d0
1790804041493	4	dispatch lease of 8f469c97-863a-436c-a44c-7660fa85eb8d lapsed	REJECT	com.alibaba.qwen.code.runtimebroker.ToolExecutionRecord@2416a51
1790804041607	4	dispatch lease of 8f469c97-863a-436c-a44c-7660fa85eb8d lapsed	REJECT	com.alibaba.qwen.code.runtimebroker.ToolExecutionRecord@72e34f77
1790804041709	4	dispatch lease of 8f469c97-863a-436c-a44c-7660fa85eb8d lapsed	REJECT	com.alibaba.qwen.code.runtimebroker.ToolExecutionRecord@77307458
1790804041830	4	dispatch lease of 8f469c97-863a-436c-a44c-7660fa85eb8d lapsed	REJECT	com.alibaba.qwen.code.runtimebroker.ToolExecutionRecord@47874b25
1790804041961	4	dispatch lease of 8f469c97-863a-436c-a44c-7660fa85eb8d lapsed	REJECT	com.alibaba.qwen.code.runtimebroker.ToolExecutionRecord@5db4c359
1790804042057	4	dispatch lease of 8f469c97-863a-436c-a44c-7660fa85eb8d lapsed	ACCEPT	com.alibaba.qwen.code.runtimebroker.ToolExecutionRecord@f9b7332
1790804049178	4	marker = [start]	REJECT	[]
1790804049228	4	marker = [start]	REJECT	[]
1790804049279	4	marker = [start]	REJECT	[]
1790804049331	4	marker = [start]	ACCEPT	[start]
1790804050453	4	dispatch lease of e85c18d9-dde7-4a2c-bbcb-4f49b82dddc6 lapsed	REJECT	com.alibaba.qwen.code.runtimebroker.ToolExecutionRecord@6e46d9f4
1790804050549	4	dispatch lease of e85c18d9-dde7-4a2c-bbcb-4f49b82dddc6 lapsed	REJECT	com.alibaba.qwen.code.runtimebroker.ToolExecutionRecord@21c64522
1790804050655	4	dispatch lease of e85c18d9-dde7-4a2c-bbcb-4f49b82dddc6 lapsed	REJECT	com.alibaba.qwen.code.runtimebroker.ToolExecutionRecord@460f76a6
1790804050744	4	dispatch lease of e85c18d9-dde7-4a2c-bbcb-4f49b82dddc6 lapsed	REJECT	com.alibaba.qwen.code.runtimebroker.ToolExecutionRecord@770d4269
1790804050815	4	dispatch lease of e85c18d9-dde7-4a2c-bbcb-4f49b82dddc6 lapsed	REJECT	com.alibaba.qwen.code.runtimebroker.ToolExecutionRecord@76a82f33
1790804050937	4	dispatch lease of e85c18d9-dde7-4a2c-bbcb-4f49b82dddc6 lapsed	REJECT	com.alibaba.qwen.code.runtimebroker.ToolExecutionRecord@644c78d4
1790804051037	4	dispatch lease of e85c18d9-dde7-4a2c-bbcb-4f49b82dddc6 lapsed	REJECT	com.alibaba.qwen.code.runtimebroker.ToolExecutionRecord@7bb3a9fe
1790804051133	4	dispatch lease of e85c18d9-dde7-4a2c-bbcb-4f49b82dddc6 lapsed	REJECT	com.alibaba.qwen.code.runtimebroker.ToolExecutionRecord@62923ee6
1790804051248	4	dispatch lease of e85c18d9-dde7-4a2c-bbcb-4f49b82dddc6 lapsed	REJECT	com.alibaba.qwen.code.runtimebroker.ToolExecutionRecord@7807ac2c
1790804051372	4	dispatch lease of e85c18d9-dde7-4a2c-bbcb-4f49b82dddc6 lapsed	REJECT	com.alibaba.qwen.code.runtimebroker.ToolExecutionRecord@a77614d
1790804051448	4	dispatch lease of e85c18d9-dde7-4a2c-bbcb-4f49b82dddc6 lapsed	REJECT	com.alibaba.qwen.code.runtimebroker.ToolExecutionRecord@a1217f9
1790804051544	4	dispatch lease of e85c18d9-dde7-4a2c-bbcb-4f49b82dddc6 lapsed	REJECT	com.alibaba.qwen.code.runtimebroker.ToolExecutionRecord@2baa8d82
1790804051656	4	dispatch lease of e85c18d9-dde7-4a2c-bbcb-4f49b82dddc6 lapsed	REJECT	com.alibaba.qwen.code.runtimebroker.ToolExecutionRecord@a7e2d9d
1790804051764	4	dispatch lease of e85c18d9-dde7-4a2c-bbcb-4f49b82dddc6 lapsed	REJECT	com.alibaba.qwen.code.runtimebroker.ToolExecutionRecord@372ea2bc
1790804051838	4	dispatch lease of e85c18d9-dde7-4a2c-bbcb-4f49b82dddc6 lapsed	REJECT	com.alibaba.qwen.code.runtimebroker.ToolExecutionRecord@3f19b8b3
1790804051936	4	dispatch lease of e85c18d9-dde7-4a2c-bbcb-4f49b82dddc6 lapsed	REJECT	com.alibaba.qwen.code.runtimebroker.ToolExecutionRecord@cdc3aae
1790804052034	4	dispatch lease of e85c18d9-dde7-4a2c-bbcb-4f49b82dddc6 lapsed	REJECT	com.alibaba.qwen.code.runtimebroker.ToolExecutionRecord@4c36250e
1790804052136	4	dispatch lease of e85c18d9-dde7-4a2c-bbcb-4f49b82dddc6 lapsed	REJECT	com.alibaba.qwen.code.runtimebroker.ToolExecutionRecord@299266e2
1790804052236	4	dispatch lease of e85c18d9-dde7-4a2c-bbcb-4f49b82dddc6 lapsed	REJECT	com.alibaba.qwen.code.runtimebroker.ToolExecutionRecord@1601e47
1790804052353	4	dispatch lease of e85c18d9-dde7-4a2c-bbcb-4f49b82dddc6 lapsed	REJECT	com.alibaba.qwen.code.runtimebroker.ToolExecutionRecord@50687efb
1790804052462	4	dispatch lease of e85c18d9-dde7-4a2c-bbcb-4f49b82dddc6 lapsed	REJECT	com.alibaba.qwen.code.runtimebroker.ToolExecutionRecord@4a9cc6cb
1790804052536	4	dispatch lease of e85c18d9-dde7-4a2c-bbcb-4f49b82dddc6 lapsed	REJECT	com.alibaba.qwen.code.runtimebroker.ToolExecutionRecord@35d6ca49
1790804052646	4	dispatch lease of e85c18d9-dde7-4a2c-bbcb-4f49b82dddc6 lapsed	REJECT	com.alibaba.qwen.code.runtimebroker.ToolExecutionRecord@12cd9150
1790804052737	4	dispatch lease of e85c18d9-dde7-4a2c-bbcb-4f49b82dddc6 lapsed	REJECT	com.alibaba.qwen.code.runtimebroker.ToolExecutionRecord@cf65451
1790804052817	4	dispatch lease of e85c18d9-dde7-4a2c-bbcb-4f49b82dddc6 lapsed	REJECT	com.alibaba.qwen.code.runtimebroker.ToolExecutionRecord@32fe9d0a
1790804052910	4	dispatch lease of e85c18d9-dde7-4a2c-bbcb-4f49b82dddc6 lapsed	REJECT	com.alibaba.qwen.code.runtimebroker.ToolExecutionRecord@46074492
1790804052986	4	dispatch lease of e85c18d9-dde7-4a2c-bbcb-4f49b82dddc6 lapsed	REJECT	com.alibaba.qwen.code.runtimebroker.ToolExecutionRecord@47428937
1790804053071	4	dispatch lease of e85c18d9-dde7-4a2c-bbcb-4f49b82dddc6 lapsed	ACCEPT	com.alibaba.qwen.code.runtimebroker.ToolExecutionRecord@21694e53
1790804054586	4	reconciliation from evidence	ACCEPT	ALREADY_SETTLED
1790804063628	4	dispatch lease of 1f0cc927-66a8-468b-b19f-77adc6310918 lapsed	REJECT	com.alibaba.qwen.code.runtimebroker.ToolExecutionRecord@e362c57
1790804063717	4	dispatch lease of 1f0cc927-66a8-468b-b19f-77adc6310918 lapsed	REJECT	com.alibaba.qwen.code.runtimebroker.ToolExecutionRecord@5aa360ea
1790804063809	4	dispatch lease of 1f0cc927-66a8-468b-b19f-77adc6310918 lapsed	REJECT	com.alibaba.qwen.code.runtimebroker.ToolExecutionRecord@54336c81
1790804063934	4	dispatch lease of 1f0cc927-66a8-468b-b19f-77adc6310918 lapsed	REJECT	com.alibaba.qwen.code.runtimebroker.ToolExecutionRecord@62577d6
1790804064043	4	dispatch lease of 1f0cc927-66a8-468b-b19f-77adc6310918 lapsed	REJECT	com.alibaba.qwen.code.runtimebroker.ToolExecutionRecord@772485dd
1790804064151	4	dispatch lease of 1f0cc927-66a8-468b-b19f-77adc6310918 lapsed	REJECT	com.alibaba.qwen.code.runtimebroker.ToolExecutionRecord@6e5bfdfc
1790804064264	4	dispatch lease of 1f0cc927-66a8-468b-b19f-77adc6310918 lapsed	REJECT	com.alibaba.qwen.code.runtimebroker.ToolExecutionRecord@51bde877
1790804064364	4	dispatch lease of 1f0cc927-66a8-468b-b19f-77adc6310918 lapsed	REJECT	com.alibaba.qwen.code.runtimebroker.ToolExecutionRecord@117632cf
1790804064472	4	dispatch lease of 1f0cc927-66a8-468b-b19f-77adc6310918 lapsed	REJECT	com.alibaba.qwen.code.runtimebroker.ToolExecutionRecord@3add81c4
1790804064561	4	dispatch lease of 1f0cc927-66a8-468b-b19f-77adc6310918 lapsed	REJECT	com.alibaba.qwen.code.runtimebroker.ToolExecutionRecord@159e366
1790804064660	4	dispatch lease of 1f0cc927-66a8-468b-b19f-77adc6310918 lapsed	REJECT	com.alibaba.qwen.code.runtimebroker.ToolExecutionRecord@17ae98d7
1790804064777	4	dispatch lease of 1f0cc927-66a8-468b-b19f-77adc6310918 lapsed	REJECT	com.alibaba.qwen.code.runtimebroker.ToolExecutionRecord@5a772895
1790804064896	4	dispatch lease of 1f0cc927-66a8-468b-b19f-77adc6310918 lapsed	REJECT	com.alibaba.qwen.code.runtimebroker.ToolExecutionRecord@3ee39da0
1790804065012	4	dispatch lease of 1f0cc927-66a8-468b-b19f-77adc6310918 lapsed	REJECT	com.alibaba.qwen.code.runtimebroker.ToolExecutionRecord@2e27d72f
1790804065094	4	dispatch lease of 1f0cc927-66a8-468b-b19f-77adc6310918 lapsed	REJECT	com.alibaba.qwen.code.runtimebroker.ToolExecutionRecord@2bffa76d
1790804065191	4	dispatch lease of 1f0cc927-66a8-468b-b19f-77adc6310918 lapsed	REJECT	com.alibaba.qwen.code.runtimebroker.ToolExecutionRecord@1f2d2181
1790804065296	4	dispatch lease of 1f0cc927-66a8-468b-b19f-77adc6310918 lapsed	REJECT	com.alibaba.qwen.code.runtimebroker.ToolExecutionRecord@3fcdcf
1790804065414	4	dispatch lease of 1f0cc927-66a8-468b-b19f-77adc6310918 lapsed	REJECT	com.alibaba.qwen.code.runtimebroker.ToolExecutionRecord@126be319
1790804065496	4	dispatch lease of 1f0cc927-66a8-468b-b19f-77adc6310918 lapsed	REJECT	com.alibaba.qwen.code.runtimebroker.ToolExecutionRecord@530a8454
1790804065613	4	dispatch lease of 1f0cc927-66a8-468b-b19f-77adc6310918 lapsed	REJECT	com.alibaba.qwen.code.runtimebroker.ToolExecutionRecord@36b6964d
1790804065696	4	dispatch lease of 1f0cc927-66a8-468b-b19f-77adc6310918 lapsed	REJECT	com.alibaba.qwen.code.runtimebroker.ToolExecutionRecord@75201592
1790804065774	4	dispatch lease of 1f0cc927-66a8-468b-b19f-77adc6310918 lapsed	REJECT	com.alibaba.qwen.code.runtimebroker.ToolExecutionRecord@282308c3
1790804065880	4	dispatch lease of 1f0cc927-66a8-468b-b19f-77adc6310918 lapsed	REJECT	com.alibaba.qwen.code.runtimebroker.ToolExecutionRecord@3d9fc57a
1790804065981	4	dispatch lease of 1f0cc927-66a8-468b-b19f-77adc6310918 lapsed	REJECT	com.alibaba.qwen.code.runtimebroker.ToolExecutionRecord@1af05b03
1790804066062	4	dispatch lease of 1f0cc927-66a8-468b-b19f-77adc6310918 lapsed	ACCEPT	com.alibaba.qwen.code.runtimebroker.ToolExecutionRecord@5bbbdd4b
1790804067705	4	reconciliation from evidence	ACCEPT	ALREADY_SETTLED
1790804071792	4	marker = [start]	REJECT	[]
1790804071842	4	marker = [start]	REJECT	[]
1790804071892	4	marker = [start]	REJECT	[]
1790804071943	4	marker = [start]	ACCEPT	[start]
1790804081300	4	marker = [start, end]	ACCEPT	[start, end]
1790804086888	4	startup adoption	REJECT	Reply[ok=false, value=null, status=503, code=runtime_provisioning_in_progress, retryable=true, message=another Broker owns Runtime provisioning]
1790804087436	4	startup adoption	ACCEPT	Reply[ok=true, value={"bindingId":"6d57a6ef-b584-41a2-8ac9-4657891a6c11","generation":1,"state":"READY"}, status=0, code=null, retryable=false, message=null]
1790804093581	4	startup adoption	REJECT	Reply[ok=false, value=null, status=503, code=runtime_provisioning_in_progress, retryable=true, message=another Broker owns Runtime provisioning]
1790804093722	4	startup adoption	REJECT	Reply[ok=false, value=null, status=503, code=runtime_provisioning_in_progress, retryable=true, message=another Broker owns Runtime provisioning]
1790804093857	4	startup adoption	REJECT	Reply[ok=false, value=null, status=503, code=runtime_provisioning_in_progress, retryable=true, message=another Broker owns Runtime provisioning]
1790804093988	4	startup adoption	REJECT	Reply[ok=false, value=null, status=503, code=runtime_provisioning_in_progress, retryable=true, message=another Broker owns Runtime provisioning]
1790804094551	4	startup adoption	ACCEPT	Reply[ok=true, value={"bindingId":"a21b3bd2-b891-495a-93f5-bff0b03fbf2d","generation":1,"state":"READY"}, status=0, code=null, retryable=false, message=null]
1790804099381	4	marker = [start]	REJECT	[]
1790804099432	4	marker = [start]	REJECT	[]
1790804099482	4	marker = [start]	REJECT	[]
1790804099536	4	marker = [start]	ACCEPT	[start]
1790804101578	4	original worker loss after recovery fencing	ACCEPT	Reply[ok=false, value=null, status=503, code=runtime_broker_runtime_lost, retryable=true, message=Runtime is lost; recovery requires complete evidence and cleanup]
1790804106163	4	project/marker = [start]	REJECT	[]
1790804106215	4	project/marker = [start]	REJECT	[]
1790804106266	4	project/marker = [start]	REJECT	[]
1790804106316	4	project/marker = [start]	REJECT	[]
1790804106367	4	project/marker = [start]	ACCEPT	[start]
1790804108407	4	original worker loss after recovery fencing	ACCEPT	Reply[ok=false, value=null, status=503, code=runtime_broker_runtime_lost, retryable=true, message=Runtime is lost; recovery requires complete evidence and cleanup]
1790804129589	4	marker = [start]	REJECT	[]
1790804129640	4	marker = [start]	REJECT	[]
1790804129690	4	marker = [start]	REJECT	[]
1790804129740	4	marker = [start]	ACCEPT	[start]
1790804132169	4	dispatch lease of 040ae98e-59d8-42ba-a0f0-0ea021b13b9b lapsed	REJECT	com.alibaba.qwen.code.runtimebroker.ToolExecutionRecord@232024b9
1790804132268	4	dispatch lease of 040ae98e-59d8-42ba-a0f0-0ea021b13b9b lapsed	REJECT	com.alibaba.qwen.code.runtimebroker.ToolExecutionRecord@53cdecf6
1790804132364	4	dispatch lease of 040ae98e-59d8-42ba-a0f0-0ea021b13b9b lapsed	REJECT	com.alibaba.qwen.code.runtimebroker.ToolExecutionRecord@420745d7
1790804132456	4	dispatch lease of 040ae98e-59d8-42ba-a0f0-0ea021b13b9b lapsed	REJECT	com.alibaba.qwen.code.runtimebroker.ToolExecutionRecord@2392212b
1790804132560	4	dispatch lease of 040ae98e-59d8-42ba-a0f0-0ea021b13b9b lapsed	REJECT	com.alibaba.qwen.code.runtimebroker.ToolExecutionRecord@545f80bf
1790804132660	4	dispatch lease of 040ae98e-59d8-42ba-a0f0-0ea021b13b9b lapsed	REJECT	com.alibaba.qwen.code.runtimebroker.ToolExecutionRecord@4d666b41
1790804132780	4	dispatch lease of 040ae98e-59d8-42ba-a0f0-0ea021b13b9b lapsed	REJECT	com.alibaba.qwen.code.runtimebroker.ToolExecutionRecord@405325cf
1790804132877	4	dispatch lease of 040ae98e-59d8-42ba-a0f0-0ea021b13b9b lapsed	REJECT	com.alibaba.qwen.code.runtimebroker.ToolExecutionRecord@6c2f1700
1790804132972	4	dispatch lease of 040ae98e-59d8-42ba-a0f0-0ea021b13b9b lapsed	REJECT	com.alibaba.qwen.code.runtimebroker.ToolExecutionRecord@669d2b1b
1790804133065	4	dispatch lease of 040ae98e-59d8-42ba-a0f0-0ea021b13b9b lapsed	REJECT	com.alibaba.qwen.code.runtimebroker.ToolExecutionRecord@5d52e3ef
1790804133192	4	dispatch lease of 040ae98e-59d8-42ba-a0f0-0ea021b13b9b lapsed	REJECT	com.alibaba.qwen.code.runtimebroker.ToolExecutionRecord@4c7a078
1790804133292	4	dispatch lease of 040ae98e-59d8-42ba-a0f0-0ea021b13b9b lapsed	REJECT	com.alibaba.qwen.code.runtimebroker.ToolExecutionRecord@76f10035
1790804133400	4	dispatch lease of 040ae98e-59d8-42ba-a0f0-0ea021b13b9b lapsed	REJECT	com.alibaba.qwen.code.runtimebroker.ToolExecutionRecord@15b986cd
1790804133516	4	dispatch lease of 040ae98e-59d8-42ba-a0f0-0ea021b13b9b lapsed	REJECT	com.alibaba.qwen.code.runtimebroker.ToolExecutionRecord@6b530eb9
1790804133628	4	dispatch lease of 040ae98e-59d8-42ba-a0f0-0ea021b13b9b lapsed	REJECT	com.alibaba.qwen.code.runtimebroker.ToolExecutionRecord@17f460bb
1790804133724	4	dispatch lease of 040ae98e-59d8-42ba-a0f0-0ea021b13b9b lapsed	REJECT	com.alibaba.qwen.code.runtimebroker.ToolExecutionRecord@18ca3c62
1790804133837	4	dispatch lease of 040ae98e-59d8-42ba-a0f0-0ea021b13b9b lapsed	REJECT	com.alibaba.qwen.code.runtimebroker.ToolExecutionRecord@6aa648b9
1790804133921	4	dispatch lease of 040ae98e-59d8-42ba-a0f0-0ea021b13b9b lapsed	REJECT	com.alibaba.qwen.code.runtimebroker.ToolExecutionRecord@88a8218
1790804134008	4	dispatch lease of 040ae98e-59d8-42ba-a0f0-0ea021b13b9b lapsed	REJECT	com.alibaba.qwen.code.runtimebroker.ToolExecutionRecord@5fa05212
1790804134066	4	dispatch lease of 040ae98e-59d8-42ba-a0f0-0ea021b13b9b lapsed	REJECT	com.alibaba.qwen.code.runtimebroker.ToolExecutionRecord@23aae55
1790804134128	4	dispatch lease of 040ae98e-59d8-42ba-a0f0-0ea021b13b9b lapsed	REJECT	com.alibaba.qwen.code.runtimebroker.ToolExecutionRecord@7a9c84a5
1790804134229	4	dispatch lease of 040ae98e-59d8-42ba-a0f0-0ea021b13b9b lapsed	REJECT	com.alibaba.qwen.code.runtimebroker.ToolExecutionRecord@7e053511
1790804134333	4	dispatch lease of 040ae98e-59d8-42ba-a0f0-0ea021b13b9b lapsed	REJECT	com.alibaba.qwen.code.runtimebroker.ToolExecutionRecord@26f1249d
1790804134425	4	dispatch lease of 040ae98e-59d8-42ba-a0f0-0ea021b13b9b lapsed	REJECT	com.alibaba.qwen.code.runtimebroker.ToolExecutionRecord@28b576a9
1790804134512	4	dispatch lease of 040ae98e-59d8-42ba-a0f0-0ea021b13b9b lapsed	REJECT	com.alibaba.qwen.code.runtimebroker.ToolExecutionRecord@1b1637e1
1790804134596	4	dispatch lease of 040ae98e-59d8-42ba-a0f0-0ea021b13b9b lapsed	REJECT	com.alibaba.qwen.code.runtimebroker.ToolExecutionRecord@169da7f2
1790804134662	4	dispatch lease of 040ae98e-59d8-42ba-a0f0-0ea021b13b9b lapsed	REJECT	com.alibaba.qwen.code.runtimebroker.ToolExecutionRecord@60297f36
1790804134745	4	dispatch lease of 040ae98e-59d8-42ba-a0f0-0ea021b13b9b lapsed	REJECT	com.alibaba.qwen.code.runtimebroker.ToolExecutionRecord@df4b72
1790804134844	4	dispatch lease of 040ae98e-59d8-42ba-a0f0-0ea021b13b9b lapsed	REJECT	com.alibaba.qwen.code.runtimebroker.ToolExecutionRecord@894858
1790804134948	4	dispatch lease of 040ae98e-59d8-42ba-a0f0-0ea021b13b9b lapsed	REJECT	com.alibaba.qwen.code.runtimebroker.ToolExecutionRecord@3ecedf21
1790804135052	4	dispatch lease of 040ae98e-59d8-42ba-a0f0-0ea021b13b9b lapsed	ACCEPT	com.alibaba.qwen.code.runtimebroker.ToolExecutionRecord@3359c978
1790804135536	4	cancelled original call	ACCEPT	RESOLVED
1790804139610	4	project/marker = [start]	REJECT	[]
1790804139660	4	project/marker = [start]	REJECT	[]
1790804139710	4	project/marker = [start]	REJECT	[]
1790804139761	4	project/marker = [start]	REJECT	[]
1790804139811	4	project/marker = [start]	ACCEPT	[start]
1790804142392	4	dispatch lease of a7f74944-2429-40ff-ad9b-361cd9e83d05 lapsed	REJECT	com.alibaba.qwen.code.runtimebroker.ToolExecutionRecord@4010d494
1790804142484	4	dispatch lease of a7f74944-2429-40ff-ad9b-361cd9e83d05 lapsed	REJECT	com.alibaba.qwen.code.runtimebroker.ToolExecutionRecord@5eefa415
1790804142588	4	dispatch lease of a7f74944-2429-40ff-ad9b-361cd9e83d05 lapsed	REJECT	com.alibaba.qwen.code.runtimebroker.ToolExecutionRecord@2fb69ff6
1790804142688	4	dispatch lease of a7f74944-2429-40ff-ad9b-361cd9e83d05 lapsed	REJECT	com.alibaba.qwen.code.runtimebroker.ToolExecutionRecord@2f19f2aa
1790804142774	4	dispatch lease of a7f74944-2429-40ff-ad9b-361cd9e83d05 lapsed	REJECT	com.alibaba.qwen.code.runtimebroker.ToolExecutionRecord@79c5636f
1790804142833	4	dispatch lease of a7f74944-2429-40ff-ad9b-361cd9e83d05 lapsed	REJECT	com.alibaba.qwen.code.runtimebroker.ToolExecutionRecord@27f3b6d6
1790804142920	4	dispatch lease of a7f74944-2429-40ff-ad9b-361cd9e83d05 lapsed	REJECT	com.alibaba.qwen.code.runtimebroker.ToolExecutionRecord@676f0a60
1790804143028	4	dispatch lease of a7f74944-2429-40ff-ad9b-361cd9e83d05 lapsed	REJECT	com.alibaba.qwen.code.runtimebroker.ToolExecutionRecord@4a951911
1790804143144	4	dispatch lease of a7f74944-2429-40ff-ad9b-361cd9e83d05 lapsed	REJECT	com.alibaba.qwen.code.runtimebroker.ToolExecutionRecord@5e63cad
1790804143208	4	dispatch lease of a7f74944-2429-40ff-ad9b-361cd9e83d05 lapsed	REJECT	com.alibaba.qwen.code.runtimebroker.ToolExecutionRecord@14a54ef6
1790804143281	4	dispatch lease of a7f74944-2429-40ff-ad9b-361cd9e83d05 lapsed	REJECT	com.alibaba.qwen.code.runtimebroker.ToolExecutionRecord@5ba745bc
1790804143376	4	dispatch lease of a7f74944-2429-40ff-ad9b-361cd9e83d05 lapsed	REJECT	com.alibaba.qwen.code.runtimebroker.ToolExecutionRecord@6034e75d
1790804143460	4	dispatch lease of a7f74944-2429-40ff-ad9b-361cd9e83d05 lapsed	REJECT	com.alibaba.qwen.code.runtimebroker.ToolExecutionRecord@456abb66
1790804143560	4	dispatch lease of a7f74944-2429-40ff-ad9b-361cd9e83d05 lapsed	REJECT	com.alibaba.qwen.code.runtimebroker.ToolExecutionRecord@219f4597
1790804143645	4	dispatch lease of a7f74944-2429-40ff-ad9b-361cd9e83d05 lapsed	REJECT	com.alibaba.qwen.code.runtimebroker.ToolExecutionRecord@5b989dc7
1790804143769	4	dispatch lease of a7f74944-2429-40ff-ad9b-361cd9e83d05 lapsed	REJECT	com.alibaba.qwen.code.runtimebroker.ToolExecutionRecord@595f4da5
1790804143860	4	dispatch lease of a7f74944-2429-40ff-ad9b-361cd9e83d05 lapsed	REJECT	com.alibaba.qwen.code.runtimebroker.ToolExecutionRecord@325f7fa9
1790804143965	4	dispatch lease of a7f74944-2429-40ff-ad9b-361cd9e83d05 lapsed	REJECT	com.alibaba.qwen.code.runtimebroker.ToolExecutionRecord@13cda7c9
1790804144051	4	dispatch lease of a7f74944-2429-40ff-ad9b-361cd9e83d05 lapsed	REJECT	com.alibaba.qwen.code.runtimebroker.ToolExecutionRecord@771158fb
1790804144151	4	dispatch lease of a7f74944-2429-40ff-ad9b-361cd9e83d05 lapsed	REJECT	com.alibaba.qwen.code.runtimebroker.ToolExecutionRecord@150d80c4
1790804144248	4	dispatch lease of a7f74944-2429-40ff-ad9b-361cd9e83d05 lapsed	REJECT	com.alibaba.qwen.code.runtimebroker.ToolExecutionRecord@64d43929
1790804144340	4	dispatch lease of a7f74944-2429-40ff-ad9b-361cd9e83d05 lapsed	REJECT	com.alibaba.qwen.code.runtimebroker.ToolExecutionRecord@41c89d2f
1790804144451	4	dispatch lease of a7f74944-2429-40ff-ad9b-361cd9e83d05 lapsed	REJECT	com.alibaba.qwen.code.runtimebroker.ToolExecutionRecord@1bdbf9be
1790804144552	4	dispatch lease of a7f74944-2429-40ff-ad9b-361cd9e83d05 lapsed	REJECT	com.alibaba.qwen.code.runtimebroker.ToolExecutionRecord@78d39a69
1790804144644	4	dispatch lease of a7f74944-2429-40ff-ad9b-361cd9e83d05 lapsed	REJECT	com.alibaba.qwen.code.runtimebroker.ToolExecutionRecord@71154f21
1790804144750	4	dispatch lease of a7f74944-2429-40ff-ad9b-361cd9e83d05 lapsed	REJECT	com.alibaba.qwen.code.runtimebroker.ToolExecutionRecord@304a9d7b
1790804144852	4	dispatch lease of a7f74944-2429-40ff-ad9b-361cd9e83d05 lapsed	REJECT	com.alibaba.qwen.code.runtimebroker.ToolExecutionRecord@606fc505
1790804144936	4	dispatch lease of a7f74944-2429-40ff-ad9b-361cd9e83d05 lapsed	REJECT	com.alibaba.qwen.code.runtimebroker.ToolExecutionRecord@347bdeef
1790804145032	4	dispatch lease of a7f74944-2429-40ff-ad9b-361cd9e83d05 lapsed	ACCEPT	com.alibaba.qwen.code.runtimebroker.ToolExecutionRecord@77e80a5e
1790804145585	4	cancelled original call	ACCEPT	RESOLVED
1790804151092	4	dispatch lease of 4e6c7ff2-4b0e-4758-aede-4c2d24ec7f22 lapsed	REJECT	com.alibaba.qwen.code.runtimebroker.ToolExecutionRecord@4a325eb9
1790804151188	4	dispatch lease of 4e6c7ff2-4b0e-4758-aede-4c2d24ec7f22 lapsed	REJECT	com.alibaba.qwen.code.runtimebroker.ToolExecutionRecord@415e0bcb
1790804151259	4	dispatch lease of 4e6c7ff2-4b0e-4758-aede-4c2d24ec7f22 lapsed	REJECT	com.alibaba.qwen.code.runtimebroker.ToolExecutionRecord@2c30b71f
1790804151332	4	dispatch lease of 4e6c7ff2-4b0e-4758-aede-4c2d24ec7f22 lapsed	REJECT	com.alibaba.qwen.code.runtimebroker.ToolExecutionRecord@bf71cec
1790804151404	4	dispatch lease of 4e6c7ff2-4b0e-4758-aede-4c2d24ec7f22 lapsed	REJECT	com.alibaba.qwen.code.runtimebroker.ToolExecutionRecord@1654a892
1790804151496	4	dispatch lease of 4e6c7ff2-4b0e-4758-aede-4c2d24ec7f22 lapsed	REJECT	com.alibaba.qwen.code.runtimebroker.ToolExecutionRecord@6c000e0c
1790804151588	4	dispatch lease of 4e6c7ff2-4b0e-4758-aede-4c2d24ec7f22 lapsed	REJECT	com.alibaba.qwen.code.runtimebroker.ToolExecutionRecord@6974a715
1790804151688	4	dispatch lease of 4e6c7ff2-4b0e-4758-aede-4c2d24ec7f22 lapsed	REJECT	com.alibaba.qwen.code.runtimebroker.ToolExecutionRecord@4c9e9fb8
1790804151796	4	dispatch lease of 4e6c7ff2-4b0e-4758-aede-4c2d24ec7f22 lapsed	REJECT	com.alibaba.qwen.code.runtimebroker.ToolExecutionRecord@210f0cc1
1790804151884	4	dispatch lease of 4e6c7ff2-4b0e-4758-aede-4c2d24ec7f22 lapsed	REJECT	com.alibaba.qwen.code.runtimebroker.ToolExecutionRecord@c7a977f
1790804151976	4	dispatch lease of 4e6c7ff2-4b0e-4758-aede-4c2d24ec7f22 lapsed	REJECT	com.alibaba.qwen.code.runtimebroker.ToolExecutionRecord@2c383e33
1790804152071	4	dispatch lease of 4e6c7ff2-4b0e-4758-aede-4c2d24ec7f22 lapsed	REJECT	com.alibaba.qwen.code.runtimebroker.ToolExecutionRecord@2fa3be26
1790804152192	4	dispatch lease of 4e6c7ff2-4b0e-4758-aede-4c2d24ec7f22 lapsed	REJECT	com.alibaba.qwen.code.runtimebroker.ToolExecutionRecord@4e6d7365
1790804152285	4	dispatch lease of 4e6c7ff2-4b0e-4758-aede-4c2d24ec7f22 lapsed	REJECT	com.alibaba.qwen.code.runtimebroker.ToolExecutionRecord@21ae6e73
1790804152384	4	dispatch lease of 4e6c7ff2-4b0e-4758-aede-4c2d24ec7f22 lapsed	REJECT	com.alibaba.qwen.code.runtimebroker.ToolExecutionRecord@36a7abe1
1790804152476	4	dispatch lease of 4e6c7ff2-4b0e-4758-aede-4c2d24ec7f22 lapsed	REJECT	com.alibaba.qwen.code.runtimebroker.ToolExecutionRecord@11a82d0f
1790804152572	4	dispatch lease of 4e6c7ff2-4b0e-4758-aede-4c2d24ec7f22 lapsed	REJECT	com.alibaba.qwen.code.runtimebroker.ToolExecutionRecord@16943e88
1790804152629	4	dispatch lease of 4e6c7ff2-4b0e-4758-aede-4c2d24ec7f22 lapsed	REJECT	com.alibaba.qwen.code.runtimebroker.ToolExecutionRecord@e36bb2a
1790804152703	4	dispatch lease of 4e6c7ff2-4b0e-4758-aede-4c2d24ec7f22 lapsed	REJECT	com.alibaba.qwen.code.runtimebroker.ToolExecutionRecord@367795c7
1790804152774	4	dispatch lease of 4e6c7ff2-4b0e-4758-aede-4c2d24ec7f22 lapsed	REJECT	com.alibaba.qwen.code.runtimebroker.ToolExecutionRecord@1500e009
1790804152860	4	dispatch lease of 4e6c7ff2-4b0e-4758-aede-4c2d24ec7f22 lapsed	REJECT	com.alibaba.qwen.code.runtimebroker.ToolExecutionRecord@29d334c
1790804152964	4	dispatch lease of 4e6c7ff2-4b0e-4758-aede-4c2d24ec7f22 lapsed	REJECT	com.alibaba.qwen.code.runtimebroker.ToolExecutionRecord@673bb956
1790804153055	4	dispatch lease of 4e6c7ff2-4b0e-4758-aede-4c2d24ec7f22 lapsed	ACCEPT	com.alibaba.qwen.code.runtimebroker.ToolExecutionRecord@3c4bc9fc
1790804159900	4	dispatch lease of 2e64ba49-dc69-4861-8cd8-80253368846e lapsed	REJECT	com.alibaba.qwen.code.runtimebroker.ToolExecutionRecord@22df874e
1790804159996	4	dispatch lease of 2e64ba49-dc69-4861-8cd8-80253368846e lapsed	REJECT	com.alibaba.qwen.code.runtimebroker.ToolExecutionRecord@42d236fb
1790804160088	4	dispatch lease of 2e64ba49-dc69-4861-8cd8-80253368846e lapsed	REJECT	com.alibaba.qwen.code.runtimebroker.ToolExecutionRecord@1532c619
1790804160188	4	dispatch lease of 2e64ba49-dc69-4861-8cd8-80253368846e lapsed	REJECT	com.alibaba.qwen.code.runtimebroker.ToolExecutionRecord@1a78dacd
1790804160288	4	dispatch lease of 2e64ba49-dc69-4861-8cd8-80253368846e lapsed	REJECT	com.alibaba.qwen.code.runtimebroker.ToolExecutionRecord@2bfeb1ef
1790804160384	4	dispatch lease of 2e64ba49-dc69-4861-8cd8-80253368846e lapsed	REJECT	com.alibaba.qwen.code.runtimebroker.ToolExecutionRecord@78b236a0
1790804160460	4	dispatch lease of 2e64ba49-dc69-4861-8cd8-80253368846e lapsed	REJECT	com.alibaba.qwen.code.runtimebroker.ToolExecutionRecord@60e9df3c
1790804160548	4	dispatch lease of 2e64ba49-dc69-4861-8cd8-80253368846e lapsed	REJECT	com.alibaba.qwen.code.runtimebroker.ToolExecutionRecord@537b32ef
1790804160632	4	dispatch lease of 2e64ba49-dc69-4861-8cd8-80253368846e lapsed	REJECT	com.alibaba.qwen.code.runtimebroker.ToolExecutionRecord@6f815e7f
1790804160728	4	dispatch lease of 2e64ba49-dc69-4861-8cd8-80253368846e lapsed	REJECT	com.alibaba.qwen.code.runtimebroker.ToolExecutionRecord@75699e35
1790804160820	4	dispatch lease of 2e64ba49-dc69-4861-8cd8-80253368846e lapsed	REJECT	com.alibaba.qwen.code.runtimebroker.ToolExecutionRecord@263558c9
1790804160912	4	dispatch lease of 2e64ba49-dc69-4861-8cd8-80253368846e lapsed	REJECT	com.alibaba.qwen.code.runtimebroker.ToolExecutionRecord@62315f22
1790804160999	4	dispatch lease of 2e64ba49-dc69-4861-8cd8-80253368846e lapsed	REJECT	com.alibaba.qwen.code.runtimebroker.ToolExecutionRecord@78f9ed3e
1790804161059	4	dispatch lease of 2e64ba49-dc69-4861-8cd8-80253368846e lapsed	REJECT	com.alibaba.qwen.code.runtimebroker.ToolExecutionRecord@48e7b3d2
1790804161126	4	dispatch lease of 2e64ba49-dc69-4861-8cd8-80253368846e lapsed	REJECT	com.alibaba.qwen.code.runtimebroker.ToolExecutionRecord@64040287
1790804161244	4	dispatch lease of 2e64ba49-dc69-4861-8cd8-80253368846e lapsed	REJECT	com.alibaba.qwen.code.runtimebroker.ToolExecutionRecord@df1cff6
1790804161329	4	dispatch lease of 2e64ba49-dc69-4861-8cd8-80253368846e lapsed	REJECT	com.alibaba.qwen.code.runtimebroker.ToolExecutionRecord@3a43d133
1790804161432	4	dispatch lease of 2e64ba49-dc69-4861-8cd8-80253368846e lapsed	REJECT	com.alibaba.qwen.code.runtimebroker.ToolExecutionRecord@c96a4ea
1790804161536	4	dispatch lease of 2e64ba49-dc69-4861-8cd8-80253368846e lapsed	REJECT	com.alibaba.qwen.code.runtimebroker.ToolExecutionRecord@68105edc
1790804161612	4	dispatch lease of 2e64ba49-dc69-4861-8cd8-80253368846e lapsed	REJECT	com.alibaba.qwen.code.runtimebroker.ToolExecutionRecord@5339bbad
1790804161699	4	dispatch lease of 2e64ba49-dc69-4861-8cd8-80253368846e lapsed	REJECT	com.alibaba.qwen.code.runtimebroker.ToolExecutionRecord@5b56b654
1790804161796	4	dispatch lease of 2e64ba49-dc69-4861-8cd8-80253368846e lapsed	REJECT	com.alibaba.qwen.code.runtimebroker.ToolExecutionRecord@29006752
1790804161857	4	dispatch lease of 2e64ba49-dc69-4861-8cd8-80253368846e lapsed	REJECT	com.alibaba.qwen.code.runtimebroker.ToolExecutionRecord@27494e46
1790804161932	4	dispatch lease of 2e64ba49-dc69-4861-8cd8-80253368846e lapsed	REJECT	com.alibaba.qwen.code.runtimebroker.ToolExecutionRecord@53b98ff6
1790804162024	4	dispatch lease of 2e64ba49-dc69-4861-8cd8-80253368846e lapsed	ACCEPT	com.alibaba.qwen.code.runtimebroker.ToolExecutionRecord@697446d4
1790804175029	5	escaped writer pid	REJECT	false
1790804175096	5	escaped writer pid	REJECT	false
1790804175146	5	escaped writer pid	REJECT	false
1790804175196	5	escaped writer pid	ACCEPT	true
1790804175240	5	escaped writer output	REJECT	false
1790804175296	5	escaped writer output	ACCEPT	true
1790804178015	5	original worker loss after recovery fencing	ACCEPT	Reply[ok=false, value=null, status=503, code=runtime_broker_runtime_lost, retryable=true, message=Runtime is lost; recovery requires complete evidence and cleanup]
1790804178268	5	escaped writer continues after loss; the physical pin must remain	REJECT	60
1790804178319	5	escaped writer continues after loss; the physical pin must remain	ACCEPT	61
1790804183502	5	escaped writer pid	REJECT	false
1790804183555	5	escaped writer pid	REJECT	false
1790804183605	5	escaped writer pid	REJECT	false
1790804183655	5	escaped writer pid	REJECT	false
1790804183706	5	escaped writer pid	ACCEPT	true
1790804183730	5	escaped writer output	REJECT	false
1790804183783	5	escaped writer output	ACCEPT	true
1790804186352	5	original worker loss after recovery fencing	ACCEPT	Reply[ok=false, value=null, status=503, code=runtime_broker_runtime_lost, retryable=true, message=Runtime is lost; recovery requires complete evidence and cleanup]
1790804186434	5	escaped writer continues after loss; the physical pin must remain	REJECT	53
1790804186484	5	escaped writer continues after loss; the physical pin must remain	ACCEPT	54
1790804191037	5	marker = [start]	REJECT	[]
1790804191087	5	marker = [start]	REJECT	[]
1790804191137	5	marker = [start]	REJECT	[]
1790804191192	5	marker = [start]	ACCEPT	[start]
1790804191313	5	UNKNOWN execution	REJECT	com.alibaba.qwen.code.runtimebroker.ToolExecutionRecord@5f3b9c57
1790804191405	5	UNKNOWN execution	ACCEPT	com.alibaba.qwen.code.runtimebroker.ToolExecutionRecord@2cf23c81
1790804200728	5	marker = [start]	REJECT	[]
1790804200778	5	marker = [start]	REJECT	[]
1790804200828	5	marker = [start]	REJECT	[]
1790804200879	5	marker = [start]	ACCEPT	[start]
1790804203156	5	original Runtime loss after recovery fencing	ACCEPT	Reply[ok=false, value=null, status=503, code=runtime_broker_runtime_lost, retryable=true, message=Runtime is lost; recovery requires complete evidence and cleanup]
1790804213240	5	dispatch lease of ac086b83-aa7e-4e4c-bf38-0d7b19ae108c lapsed	REJECT	com.alibaba.qwen.code.runtimebroker.ToolExecutionRecord@31024624
1790804213344	5	dispatch lease of ac086b83-aa7e-4e4c-bf38-0d7b19ae108c lapsed	REJECT	com.alibaba.qwen.code.runtimebroker.ToolExecutionRecord@63cd604c
1790804213446	5	dispatch lease of ac086b83-aa7e-4e4c-bf38-0d7b19ae108c lapsed	REJECT	com.alibaba.qwen.code.runtimebroker.ToolExecutionRecord@6a1d204a
1790804213573	5	dispatch lease of ac086b83-aa7e-4e4c-bf38-0d7b19ae108c lapsed	REJECT	com.alibaba.qwen.code.runtimebroker.ToolExecutionRecord@6fff253c
1790804213663	5	dispatch lease of ac086b83-aa7e-4e4c-bf38-0d7b19ae108c lapsed	REJECT	com.alibaba.qwen.code.runtimebroker.ToolExecutionRecord@3954d008
1790804213792	5	dispatch lease of ac086b83-aa7e-4e4c-bf38-0d7b19ae108c lapsed	REJECT	com.alibaba.qwen.code.runtimebroker.ToolExecutionRecord@72ccd81a
1790804213913	5	dispatch lease of ac086b83-aa7e-4e4c-bf38-0d7b19ae108c lapsed	REJECT	com.alibaba.qwen.code.runtimebroker.ToolExecutionRecord@493dfb8e
1790804214029	5	dispatch lease of ac086b83-aa7e-4e4c-bf38-0d7b19ae108c lapsed	REJECT	com.alibaba.qwen.code.runtimebroker.ToolExecutionRecord@9d157ff
1790804214145	5	dispatch lease of ac086b83-aa7e-4e4c-bf38-0d7b19ae108c lapsed	REJECT	com.alibaba.qwen.code.runtimebroker.ToolExecutionRecord@7c041b41
1790804214237	5	dispatch lease of ac086b83-aa7e-4e4c-bf38-0d7b19ae108c lapsed	REJECT	com.alibaba.qwen.code.runtimebroker.ToolExecutionRecord@1cb3ec38
1790804214346	5	dispatch lease of ac086b83-aa7e-4e4c-bf38-0d7b19ae108c lapsed	REJECT	com.alibaba.qwen.code.runtimebroker.ToolExecutionRecord@2cab9998
1790804214445	5	dispatch lease of ac086b83-aa7e-4e4c-bf38-0d7b19ae108c lapsed	REJECT	com.alibaba.qwen.code.runtimebroker.ToolExecutionRecord@3a1d593e
1790804214557	5	dispatch lease of ac086b83-aa7e-4e4c-bf38-0d7b19ae108c lapsed	REJECT	com.alibaba.qwen.code.runtimebroker.ToolExecutionRecord@7859e786
1790804214657	5	dispatch lease of ac086b83-aa7e-4e4c-bf38-0d7b19ae108c lapsed	REJECT	com.alibaba.qwen.code.runtimebroker.ToolExecutionRecord@664a9613
1790804214757	5	dispatch lease of ac086b83-aa7e-4e4c-bf38-0d7b19ae108c lapsed	REJECT	com.alibaba.qwen.code.runtimebroker.ToolExecutionRecord@7876d598
1790804214877	5	dispatch lease of ac086b83-aa7e-4e4c-bf38-0d7b19ae108c lapsed	REJECT	com.alibaba.qwen.code.runtimebroker.ToolExecutionRecord@71104a4
1790804214985	5	dispatch lease of ac086b83-aa7e-4e4c-bf38-0d7b19ae108c lapsed	REJECT	com.alibaba.qwen.code.runtimebroker.ToolExecutionRecord@3c9168dc
1790804215095	5	dispatch lease of ac086b83-aa7e-4e4c-bf38-0d7b19ae108c lapsed	ACCEPT	com.alibaba.qwen.code.runtimebroker.ToolExecutionRecord@54361a9
1790804222278	5	marker = [start]	REJECT	[]
1790804222332	5	marker = [start]	REJECT	[]
1790804222382	5	marker = [start]	ACCEPT	[start]
1790804223509	5	dispatch lease of 6208f33c-a22c-4f04-bb7e-f4908cc84a1e lapsed	REJECT	com.alibaba.qwen.code.runtimebroker.ToolExecutionRecord@1fc0053e
1790804223605	5	dispatch lease of 6208f33c-a22c-4f04-bb7e-f4908cc84a1e lapsed	REJECT	com.alibaba.qwen.code.runtimebroker.ToolExecutionRecord@33617539
1790804223709	5	dispatch lease of 6208f33c-a22c-4f04-bb7e-f4908cc84a1e lapsed	REJECT	com.alibaba.qwen.code.runtimebroker.ToolExecutionRecord@209775a9
1790804223808	5	dispatch lease of 6208f33c-a22c-4f04-bb7e-f4908cc84a1e lapsed	REJECT	com.alibaba.qwen.code.runtimebroker.ToolExecutionRecord@74cec793
1790804223892	5	dispatch lease of 6208f33c-a22c-4f04-bb7e-f4908cc84a1e lapsed	REJECT	com.alibaba.qwen.code.runtimebroker.ToolExecutionRecord@1bdf8190
1790804224008	5	dispatch lease of 6208f33c-a22c-4f04-bb7e-f4908cc84a1e lapsed	REJECT	com.alibaba.qwen.code.runtimebroker.ToolExecutionRecord@c65a5ef
1790804224120	5	dispatch lease of 6208f33c-a22c-4f04-bb7e-f4908cc84a1e lapsed	REJECT	com.alibaba.qwen.code.runtimebroker.ToolExecutionRecord@2fab4aff
1790804224221	5	dispatch lease of 6208f33c-a22c-4f04-bb7e-f4908cc84a1e lapsed	REJECT	com.alibaba.qwen.code.runtimebroker.ToolExecutionRecord@5cc69cfe
1790804224297	5	dispatch lease of 6208f33c-a22c-4f04-bb7e-f4908cc84a1e lapsed	REJECT	com.alibaba.qwen.code.runtimebroker.ToolExecutionRecord@7997b197
1790804224404	5	dispatch lease of 6208f33c-a22c-4f04-bb7e-f4908cc84a1e lapsed	REJECT	com.alibaba.qwen.code.runtimebroker.ToolExecutionRecord@55f3c410
1790804224492	5	dispatch lease of 6208f33c-a22c-4f04-bb7e-f4908cc84a1e lapsed	REJECT	com.alibaba.qwen.code.runtimebroker.ToolExecutionRecord@4a8ab068
1790804224596	5	dispatch lease of 6208f33c-a22c-4f04-bb7e-f4908cc84a1e lapsed	REJECT	com.alibaba.qwen.code.runtimebroker.ToolExecutionRecord@6bab2585
1790804224705	5	dispatch lease of 6208f33c-a22c-4f04-bb7e-f4908cc84a1e lapsed	REJECT	com.alibaba.qwen.code.runtimebroker.ToolExecutionRecord@532a02d9
1790804224809	5	dispatch lease of 6208f33c-a22c-4f04-bb7e-f4908cc84a1e lapsed	REJECT	com.alibaba.qwen.code.runtimebroker.ToolExecutionRecord@7cbee484
1790804224925	5	dispatch lease of 6208f33c-a22c-4f04-bb7e-f4908cc84a1e lapsed	REJECT	com.alibaba.qwen.code.runtimebroker.ToolExecutionRecord@4089713
1790804225037	5	dispatch lease of 6208f33c-a22c-4f04-bb7e-f4908cc84a1e lapsed	REJECT	com.alibaba.qwen.code.runtimebroker.ToolExecutionRecord@b91d8c4
1790804225144	5	dispatch lease of 6208f33c-a22c-4f04-bb7e-f4908cc84a1e lapsed	REJECT	com.alibaba.qwen.code.runtimebroker.ToolExecutionRecord@4fd4cae3
1790804225246	5	dispatch lease of 6208f33c-a22c-4f04-bb7e-f4908cc84a1e lapsed	REJECT	com.alibaba.qwen.code.runtimebroker.ToolExecutionRecord@3bde62ff
1790804225372	5	dispatch lease of 6208f33c-a22c-4f04-bb7e-f4908cc84a1e lapsed	REJECT	com.alibaba.qwen.code.runtimebroker.ToolExecutionRecord@319dead1
1790804225487	5	dispatch lease of 6208f33c-a22c-4f04-bb7e-f4908cc84a1e lapsed	REJECT	com.alibaba.qwen.code.runtimebroker.ToolExecutionRecord@754777cd
1790804225576	5	dispatch lease of 6208f33c-a22c-4f04-bb7e-f4908cc84a1e lapsed	REJECT	com.alibaba.qwen.code.runtimebroker.ToolExecutionRecord@4cc76301
1790804225668	5	dispatch lease of 6208f33c-a22c-4f04-bb7e-f4908cc84a1e lapsed	REJECT	com.alibaba.qwen.code.runtimebroker.ToolExecutionRecord@7de0c6ae
1790804225765	5	dispatch lease of 6208f33c-a22c-4f04-bb7e-f4908cc84a1e lapsed	REJECT	com.alibaba.qwen.code.runtimebroker.ToolExecutionRecord@7ef2d7a6
1790804225888	5	dispatch lease of 6208f33c-a22c-4f04-bb7e-f4908cc84a1e lapsed	REJECT	com.alibaba.qwen.code.runtimebroker.ToolExecutionRecord@21526f6c
1790804225997	5	dispatch lease of 6208f33c-a22c-4f04-bb7e-f4908cc84a1e lapsed	REJECT	com.alibaba.qwen.code.runtimebroker.ToolExecutionRecord@5471388b
1790804226081	5	dispatch lease of 6208f33c-a22c-4f04-bb7e-f4908cc84a1e lapsed	ACCEPT	com.alibaba.qwen.code.runtimebroker.ToolExecutionRecord@3bffddff
1790804227664	5	reconciliation from evidence	ACCEPT	ALREADY_SETTLED
1790804236568	5	dispatch lease of b05e66be-4293-42bc-ab21-b933818145e0 lapsed	REJECT	com.alibaba.qwen.code.runtimebroker.ToolExecutionRecord@3fc08eec
1790804236668	5	dispatch lease of b05e66be-4293-42bc-ab21-b933818145e0 lapsed	REJECT	com.alibaba.qwen.code.runtimebroker.ToolExecutionRecord@25243bc1
1790804236796	5	dispatch lease of b05e66be-4293-42bc-ab21-b933818145e0 lapsed	REJECT	com.alibaba.qwen.code.runtimebroker.ToolExecutionRecord@4201a617
1790804236916	5	dispatch lease of b05e66be-4293-42bc-ab21-b933818145e0 lapsed	REJECT	com.alibaba.qwen.code.runtimebroker.ToolExecutionRecord@420bc288
1790804237021	5	dispatch lease of b05e66be-4293-42bc-ab21-b933818145e0 lapsed	REJECT	com.alibaba.qwen.code.runtimebroker.ToolExecutionRecord@66b72664
1790804237126	5	dispatch lease of b05e66be-4293-42bc-ab21-b933818145e0 lapsed	REJECT	com.alibaba.qwen.code.runtimebroker.ToolExecutionRecord@3be8821f
1790804237227	5	dispatch lease of b05e66be-4293-42bc-ab21-b933818145e0 lapsed	REJECT	com.alibaba.qwen.code.runtimebroker.ToolExecutionRecord@bae47a0
1790804237308	5	dispatch lease of b05e66be-4293-42bc-ab21-b933818145e0 lapsed	REJECT	com.alibaba.qwen.code.runtimebroker.ToolExecutionRecord@1c05a54d
1790804237429	5	dispatch lease of b05e66be-4293-42bc-ab21-b933818145e0 lapsed	REJECT	com.alibaba.qwen.code.runtimebroker.ToolExecutionRecord@214894fc
1790804237517	5	dispatch lease of b05e66be-4293-42bc-ab21-b933818145e0 lapsed	REJECT	com.alibaba.qwen.code.runtimebroker.ToolExecutionRecord@1c4ee95c
1790804237605	5	dispatch lease of b05e66be-4293-42bc-ab21-b933818145e0 lapsed	REJECT	com.alibaba.qwen.code.runtimebroker.ToolExecutionRecord@6548bb7d
1790804237724	5	dispatch lease of b05e66be-4293-42bc-ab21-b933818145e0 lapsed	REJECT	com.alibaba.qwen.code.runtimebroker.ToolExecutionRecord@1556f2dd
1790804237805	5	dispatch lease of b05e66be-4293-42bc-ab21-b933818145e0 lapsed	REJECT	com.alibaba.qwen.code.runtimebroker.ToolExecutionRecord@49bd54f7
1790804237901	5	dispatch lease of b05e66be-4293-42bc-ab21-b933818145e0 lapsed	REJECT	com.alibaba.qwen.code.runtimebroker.ToolExecutionRecord@5a12c728
1790804238006	5	dispatch lease of b05e66be-4293-42bc-ab21-b933818145e0 lapsed	REJECT	com.alibaba.qwen.code.runtimebroker.ToolExecutionRecord@3d829787
1790804238096	5	dispatch lease of b05e66be-4293-42bc-ab21-b933818145e0 lapsed	ACCEPT	com.alibaba.qwen.code.runtimebroker.ToolExecutionRecord@60b85ba1
1790804239439	5	reconciliation from evidence	ACCEPT	ALREADY_SETTLED
1790804243665	5	marker = [start]	REJECT	[]
1790804243716	5	marker = [start]	REJECT	[]
1790804243772	5	marker = [start]	ACCEPT	[start]
1790804253245	5	marker = [start, end]	ACCEPT	[start, end]
1790804259764	5	startup adoption	ACCEPT	Reply[ok=true, value={"bindingId":"b3133596-b97a-4d99-9a28-26f45f320ba3","generation":1,"state":"READY"}, status=0, code=null, retryable=false, message=null]
1790804266540	5	startup adoption	ACCEPT	Reply[ok=true, value={"bindingId":"d0b3e547-55f8-4a82-91f7-b6c653185982","generation":1,"state":"READY"}, status=0, code=null, retryable=false, message=null]
1790804271243	5	marker = [start]	REJECT	[]
1790804271293	5	marker = [start]	REJECT	[]
1790804271344	5	marker = [start]	REJECT	[]
1790804271394	5	marker = [start]	ACCEPT	[start]
1790804273320	5	original worker loss after recovery fencing	ACCEPT	Reply[ok=false, value=null, status=503, code=runtime_broker_runtime_lost, retryable=true, message=Runtime is lost; recovery requires complete evidence and cleanup]
1790804277962	5	project/marker = [start]	REJECT	[]
1790804278012	5	project/marker = [start]	REJECT	[]
1790804278063	5	project/marker = [start]	REJECT	[]
1790804278113	5	project/marker = [start]	ACCEPT	[start]
1790804279889	5	original worker loss after recovery fencing	ACCEPT	Reply[ok=false, value=null, status=503, code=runtime_broker_runtime_lost, retryable=true, message=Runtime is lost; recovery requires complete evidence and cleanup]
1790804301730	5	marker = [start]	REJECT	[]
1790804301780	5	marker = [start]	REJECT	[]
1790804301831	5	marker = [start]	REJECT	[]
1790804301881	5	marker = [start]	ACCEPT	[start]
1790804304239	5	dispatch lease of 52f55020-06b8-45c5-b1c6-21f4a6ecaf52 lapsed	REJECT	com.alibaba.qwen.code.runtimebroker.ToolExecutionRecord@2899a8db
1790804304356	5	dispatch lease of 52f55020-06b8-45c5-b1c6-21f4a6ecaf52 lapsed	REJECT	com.alibaba.qwen.code.runtimebroker.ToolExecutionRecord@76b0ae1b
1790804304465	5	dispatch lease of 52f55020-06b8-45c5-b1c6-21f4a6ecaf52 lapsed	REJECT	com.alibaba.qwen.code.runtimebroker.ToolExecutionRecord@12365c88
1790804304549	5	dispatch lease of 52f55020-06b8-45c5-b1c6-21f4a6ecaf52 lapsed	REJECT	com.alibaba.qwen.code.runtimebroker.ToolExecutionRecord@77e2a6e2
1790804304645	5	dispatch lease of 52f55020-06b8-45c5-b1c6-21f4a6ecaf52 lapsed	REJECT	com.alibaba.qwen.code.runtimebroker.ToolExecutionRecord@6e0d4a8
1790804304757	5	dispatch lease of 52f55020-06b8-45c5-b1c6-21f4a6ecaf52 lapsed	REJECT	com.alibaba.qwen.code.runtimebroker.ToolExecutionRecord@5bb3d42d
1790804304864	5	dispatch lease of 52f55020-06b8-45c5-b1c6-21f4a6ecaf52 lapsed	REJECT	com.alibaba.qwen.code.runtimebroker.ToolExecutionRecord@b273a59
1790804304968	5	dispatch lease of 52f55020-06b8-45c5-b1c6-21f4a6ecaf52 lapsed	REJECT	com.alibaba.qwen.code.runtimebroker.ToolExecutionRecord@29b732a2
1790804305076	5	dispatch lease of 52f55020-06b8-45c5-b1c6-21f4a6ecaf52 lapsed	REJECT	com.alibaba.qwen.code.runtimebroker.ToolExecutionRecord@15051a0
1790804305173	5	dispatch lease of 52f55020-06b8-45c5-b1c6-21f4a6ecaf52 lapsed	REJECT	com.alibaba.qwen.code.runtimebroker.ToolExecutionRecord@62df0ff3
1790804305264	5	dispatch lease of 52f55020-06b8-45c5-b1c6-21f4a6ecaf52 lapsed	REJECT	com.alibaba.qwen.code.runtimebroker.ToolExecutionRecord@26f3d90c
1790804305368	5	dispatch lease of 52f55020-06b8-45c5-b1c6-21f4a6ecaf52 lapsed	REJECT	com.alibaba.qwen.code.runtimebroker.ToolExecutionRecord@74518890
1790804305465	5	dispatch lease of 52f55020-06b8-45c5-b1c6-21f4a6ecaf52 lapsed	REJECT	com.alibaba.qwen.code.runtimebroker.ToolExecutionRecord@14c053c6
1790804305568	5	dispatch lease of 52f55020-06b8-45c5-b1c6-21f4a6ecaf52 lapsed	REJECT	com.alibaba.qwen.code.runtimebroker.ToolExecutionRecord@6134ac4a
1790804305653	5	dispatch lease of 52f55020-06b8-45c5-b1c6-21f4a6ecaf52 lapsed	REJECT	com.alibaba.qwen.code.runtimebroker.ToolExecutionRecord@73e132e0
1790804305756	5	dispatch lease of 52f55020-06b8-45c5-b1c6-21f4a6ecaf52 lapsed	REJECT	com.alibaba.qwen.code.runtimebroker.ToolExecutionRecord@589b028e
1790804305861	5	dispatch lease of 52f55020-06b8-45c5-b1c6-21f4a6ecaf52 lapsed	REJECT	com.alibaba.qwen.code.runtimebroker.ToolExecutionRecord@3b809711
1790804305972	5	dispatch lease of 52f55020-06b8-45c5-b1c6-21f4a6ecaf52 lapsed	REJECT	com.alibaba.qwen.code.runtimebroker.ToolExecutionRecord@5c84624f
1790804306064	5	dispatch lease of 52f55020-06b8-45c5-b1c6-21f4a6ecaf52 lapsed	REJECT	com.alibaba.qwen.code.runtimebroker.ToolExecutionRecord@55a8dc49
1790804306164	5	dispatch lease of 52f55020-06b8-45c5-b1c6-21f4a6ecaf52 lapsed	REJECT	com.alibaba.qwen.code.runtimebroker.ToolExecutionRecord@71ea1fda
1790804306257	5	dispatch lease of 52f55020-06b8-45c5-b1c6-21f4a6ecaf52 lapsed	REJECT	com.alibaba.qwen.code.runtimebroker.ToolExecutionRecord@7e11ab3d
1790804306348	5	dispatch lease of 52f55020-06b8-45c5-b1c6-21f4a6ecaf52 lapsed	REJECT	com.alibaba.qwen.code.runtimebroker.ToolExecutionRecord@5b43e173
1790804306452	5	dispatch lease of 52f55020-06b8-45c5-b1c6-21f4a6ecaf52 lapsed	REJECT	com.alibaba.qwen.code.runtimebroker.ToolExecutionRecord@66f66866
1790804306537	5	dispatch lease of 52f55020-06b8-45c5-b1c6-21f4a6ecaf52 lapsed	REJECT	com.alibaba.qwen.code.runtimebroker.ToolExecutionRecord@6594402a
1790804306620	5	dispatch lease of 52f55020-06b8-45c5-b1c6-21f4a6ecaf52 lapsed	REJECT	com.alibaba.qwen.code.runtimebroker.ToolExecutionRecord@3e1162e7
1790804306720	5	dispatch lease of 52f55020-06b8-45c5-b1c6-21f4a6ecaf52 lapsed	REJECT	com.alibaba.qwen.code.runtimebroker.ToolExecutionRecord@350b3a17
1790804306820	5	dispatch lease of 52f55020-06b8-45c5-b1c6-21f4a6ecaf52 lapsed	REJECT	com.alibaba.qwen.code.runtimebroker.ToolExecutionRecord@721eb7df
1790804306908	5	dispatch lease of 52f55020-06b8-45c5-b1c6-21f4a6ecaf52 lapsed	REJECT	com.alibaba.qwen.code.runtimebroker.ToolExecutionRecord@5298dead
1790804307013	5	dispatch lease of 52f55020-06b8-45c5-b1c6-21f4a6ecaf52 lapsed	REJECT	com.alibaba.qwen.code.runtimebroker.ToolExecutionRecord@4e406694
1790804307108	5	dispatch lease of 52f55020-06b8-45c5-b1c6-21f4a6ecaf52 lapsed	ACCEPT	com.alibaba.qwen.code.runtimebroker.ToolExecutionRecord@4f8caaf3
1790804307720	5	cancelled original call	ACCEPT	RESOLVED
1790804312313	5	project/marker = [start]	REJECT	[]
1790804312363	5	project/marker = [start]	REJECT	[]
1790804312414	5	project/marker = [start]	REJECT	[]
1790804312464	5	project/marker = [start]	ACCEPT	[start]
1790804315243	5	dispatch lease of 0dbc5fd0-9e06-459f-bea6-a32a4f0daac3 lapsed	REJECT	com.alibaba.qwen.code.runtimebroker.ToolExecutionRecord@7d2a6eac
1790804315324	5	dispatch lease of 0dbc5fd0-9e06-459f-bea6-a32a4f0daac3 lapsed	REJECT	com.alibaba.qwen.code.runtimebroker.ToolExecutionRecord@44d70181
1790804315403	5	dispatch lease of 0dbc5fd0-9e06-459f-bea6-a32a4f0daac3 lapsed	REJECT	com.alibaba.qwen.code.runtimebroker.ToolExecutionRecord@742d4e15
1790804315504	5	dispatch lease of 0dbc5fd0-9e06-459f-bea6-a32a4f0daac3 lapsed	REJECT	com.alibaba.qwen.code.runtimebroker.ToolExecutionRecord@4163f1cd
1790804315608	5	dispatch lease of 0dbc5fd0-9e06-459f-bea6-a32a4f0daac3 lapsed	REJECT	com.alibaba.qwen.code.runtimebroker.ToolExecutionRecord@5c09d180
1790804315720	5	dispatch lease of 0dbc5fd0-9e06-459f-bea6-a32a4f0daac3 lapsed	REJECT	com.alibaba.qwen.code.runtimebroker.ToolExecutionRecord@680bddf5
1790804315816	5	dispatch lease of 0dbc5fd0-9e06-459f-bea6-a32a4f0daac3 lapsed	REJECT	com.alibaba.qwen.code.runtimebroker.ToolExecutionRecord@48d7ad8b
1790804315908	5	dispatch lease of 0dbc5fd0-9e06-459f-bea6-a32a4f0daac3 lapsed	REJECT	com.alibaba.qwen.code.runtimebroker.ToolExecutionRecord@53bf7094
1790804315996	5	dispatch lease of 0dbc5fd0-9e06-459f-bea6-a32a4f0daac3 lapsed	REJECT	com.alibaba.qwen.code.runtimebroker.ToolExecutionRecord@a68df9
1790804316097	5	dispatch lease of 0dbc5fd0-9e06-459f-bea6-a32a4f0daac3 lapsed	REJECT	com.alibaba.qwen.code.runtimebroker.ToolExecutionRecord@2f6bbeb0
1790804316180	5	dispatch lease of 0dbc5fd0-9e06-459f-bea6-a32a4f0daac3 lapsed	REJECT	com.alibaba.qwen.code.runtimebroker.ToolExecutionRecord@64711bf2
1790804316292	5	dispatch lease of 0dbc5fd0-9e06-459f-bea6-a32a4f0daac3 lapsed	REJECT	com.alibaba.qwen.code.runtimebroker.ToolExecutionRecord@ceb4bd2
1790804316388	5	dispatch lease of 0dbc5fd0-9e06-459f-bea6-a32a4f0daac3 lapsed	REJECT	com.alibaba.qwen.code.runtimebroker.ToolExecutionRecord@56bc3fac
1790804316488	5	dispatch lease of 0dbc5fd0-9e06-459f-bea6-a32a4f0daac3 lapsed	REJECT	com.alibaba.qwen.code.runtimebroker.ToolExecutionRecord@37ff4054
1790804316588	5	dispatch lease of 0dbc5fd0-9e06-459f-bea6-a32a4f0daac3 lapsed	REJECT	com.alibaba.qwen.code.runtimebroker.ToolExecutionRecord@737edcfa
1790804316696	5	dispatch lease of 0dbc5fd0-9e06-459f-bea6-a32a4f0daac3 lapsed	REJECT	com.alibaba.qwen.code.runtimebroker.ToolExecutionRecord@36c54a56
1790804316780	5	dispatch lease of 0dbc5fd0-9e06-459f-bea6-a32a4f0daac3 lapsed	REJECT	com.alibaba.qwen.code.runtimebroker.ToolExecutionRecord@73386d72
1790804316880	5	dispatch lease of 0dbc5fd0-9e06-459f-bea6-a32a4f0daac3 lapsed	REJECT	com.alibaba.qwen.code.runtimebroker.ToolExecutionRecord@584f5497
1790804316984	5	dispatch lease of 0dbc5fd0-9e06-459f-bea6-a32a4f0daac3 lapsed	REJECT	com.alibaba.qwen.code.runtimebroker.ToolExecutionRecord@6df20ade
1790804317076	5	dispatch lease of 0dbc5fd0-9e06-459f-bea6-a32a4f0daac3 lapsed	REJECT	com.alibaba.qwen.code.runtimebroker.ToolExecutionRecord@341a8659
1790804317167	5	dispatch lease of 0dbc5fd0-9e06-459f-bea6-a32a4f0daac3 lapsed	REJECT	com.alibaba.qwen.code.runtimebroker.ToolExecutionRecord@181d7f28
1790804317256	5	dispatch lease of 0dbc5fd0-9e06-459f-bea6-a32a4f0daac3 lapsed	REJECT	com.alibaba.qwen.code.runtimebroker.ToolExecutionRecord@cda4919
1790804317369	5	dispatch lease of 0dbc5fd0-9e06-459f-bea6-a32a4f0daac3 lapsed	REJECT	com.alibaba.qwen.code.runtimebroker.ToolExecutionRecord@344b8190
1790804317469	5	dispatch lease of 0dbc5fd0-9e06-459f-bea6-a32a4f0daac3 lapsed	REJECT	com.alibaba.qwen.code.runtimebroker.ToolExecutionRecord@1929425f
1790804317577	5	dispatch lease of 0dbc5fd0-9e06-459f-bea6-a32a4f0daac3 lapsed	REJECT	com.alibaba.qwen.code.runtimebroker.ToolExecutionRecord@757f675c
1790804317664	5	dispatch lease of 0dbc5fd0-9e06-459f-bea6-a32a4f0daac3 lapsed	REJECT	com.alibaba.qwen.code.runtimebroker.ToolExecutionRecord@5d10455d
1790804317753	5	dispatch lease of 0dbc5fd0-9e06-459f-bea6-a32a4f0daac3 lapsed	REJECT	com.alibaba.qwen.code.runtimebroker.ToolExecutionRecord@55b62629
1790804317840	5	dispatch lease of 0dbc5fd0-9e06-459f-bea6-a32a4f0daac3 lapsed	REJECT	com.alibaba.qwen.code.runtimebroker.ToolExecutionRecord@6759f091
1790804317931	5	dispatch lease of 0dbc5fd0-9e06-459f-bea6-a32a4f0daac3 lapsed	REJECT	com.alibaba.qwen.code.runtimebroker.ToolExecutionRecord@20921b9b
1790804318048	5	dispatch lease of 0dbc5fd0-9e06-459f-bea6-a32a4f0daac3 lapsed	REJECT	com.alibaba.qwen.code.runtimebroker.ToolExecutionRecord@654b72c0
1790804318156	5	dispatch lease of 0dbc5fd0-9e06-459f-bea6-a32a4f0daac3 lapsed	REJECT	com.alibaba.qwen.code.runtimebroker.ToolExecutionRecord@15fc442
1790804318264	5	dispatch lease of 0dbc5fd0-9e06-459f-bea6-a32a4f0daac3 lapsed	REJECT	com.alibaba.qwen.code.runtimebroker.ToolExecutionRecord@2a3a299
1790804318364	5	dispatch lease of 0dbc5fd0-9e06-459f-bea6-a32a4f0daac3 lapsed	REJECT	com.alibaba.qwen.code.runtimebroker.ToolExecutionRecord@31be6b49
1790804318448	5	dispatch lease of 0dbc5fd0-9e06-459f-bea6-a32a4f0daac3 lapsed	REJECT	com.alibaba.qwen.code.runtimebroker.ToolExecutionRecord@70d8de
1790804318547	5	dispatch lease of 0dbc5fd0-9e06-459f-bea6-a32a4f0daac3 lapsed	REJECT	com.alibaba.qwen.code.runtimebroker.ToolExecutionRecord@46b695ec
1790804318628	5	dispatch lease of 0dbc5fd0-9e06-459f-bea6-a32a4f0daac3 lapsed	REJECT	com.alibaba.qwen.code.runtimebroker.ToolExecutionRecord@11ce2e22
1790804318735	5	dispatch lease of 0dbc5fd0-9e06-459f-bea6-a32a4f0daac3 lapsed	REJECT	com.alibaba.qwen.code.runtimebroker.ToolExecutionRecord@5aa6202e
1790804318816	5	dispatch lease of 0dbc5fd0-9e06-459f-bea6-a32a4f0daac3 lapsed	REJECT	com.alibaba.qwen.code.runtimebroker.ToolExecutionRecord@91c4a3f
1790804318904	5	dispatch lease of 0dbc5fd0-9e06-459f-bea6-a32a4f0daac3 lapsed	REJECT	com.alibaba.qwen.code.runtimebroker.ToolExecutionRecord@6826c41e
1790804319016	5	dispatch lease of 0dbc5fd0-9e06-459f-bea6-a32a4f0daac3 lapsed	REJECT	com.alibaba.qwen.code.runtimebroker.ToolExecutionRecord@1d269ed7
1790804319100	5	dispatch lease of 0dbc5fd0-9e06-459f-bea6-a32a4f0daac3 lapsed	ACCEPT	com.alibaba.qwen.code.runtimebroker.ToolExecutionRecord@410e94e
1790804319609	5	cancelled original call	ACCEPT	RESOLVED
1790804325105	5	dispatch lease of aa90ffdd-ca47-4a97-8a1a-dc4961fe86bd lapsed	REJECT	com.alibaba.qwen.code.runtimebroker.ToolExecutionRecord@304a9d7b
1790804325185	5	dispatch lease of aa90ffdd-ca47-4a97-8a1a-dc4961fe86bd lapsed	REJECT	com.alibaba.qwen.code.runtimebroker.ToolExecutionRecord@606fc505
1790804325278	5	dispatch lease of aa90ffdd-ca47-4a97-8a1a-dc4961fe86bd lapsed	REJECT	com.alibaba.qwen.code.runtimebroker.ToolExecutionRecord@347bdeef
1790804325356	5	dispatch lease of aa90ffdd-ca47-4a97-8a1a-dc4961fe86bd lapsed	REJECT	com.alibaba.qwen.code.runtimebroker.ToolExecutionRecord@77e80a5e
1790804325428	5	dispatch lease of aa90ffdd-ca47-4a97-8a1a-dc4961fe86bd lapsed	REJECT	com.alibaba.qwen.code.runtimebroker.ToolExecutionRecord@7ea4d397
1790804325512	5	dispatch lease of aa90ffdd-ca47-4a97-8a1a-dc4961fe86bd lapsed	REJECT	com.alibaba.qwen.code.runtimebroker.ToolExecutionRecord@8dfe921
1790804325606	5	dispatch lease of aa90ffdd-ca47-4a97-8a1a-dc4961fe86bd lapsed	REJECT	com.alibaba.qwen.code.runtimebroker.ToolExecutionRecord@109f5dd8
1790804325684	5	dispatch lease of aa90ffdd-ca47-4a97-8a1a-dc4961fe86bd lapsed	REJECT	com.alibaba.qwen.code.runtimebroker.ToolExecutionRecord@3dedb4a6
1790804325756	5	dispatch lease of aa90ffdd-ca47-4a97-8a1a-dc4961fe86bd lapsed	REJECT	com.alibaba.qwen.code.runtimebroker.ToolExecutionRecord@194152cf
1790804325852	5	dispatch lease of aa90ffdd-ca47-4a97-8a1a-dc4961fe86bd lapsed	REJECT	com.alibaba.qwen.code.runtimebroker.ToolExecutionRecord@1d81e101
1790804325952	5	dispatch lease of aa90ffdd-ca47-4a97-8a1a-dc4961fe86bd lapsed	REJECT	com.alibaba.qwen.code.runtimebroker.ToolExecutionRecord@22d6cac2
1790804326076	5	dispatch lease of aa90ffdd-ca47-4a97-8a1a-dc4961fe86bd lapsed	REJECT	com.alibaba.qwen.code.runtimebroker.ToolExecutionRecord@2577d6c8
1790804326160	5	dispatch lease of aa90ffdd-ca47-4a97-8a1a-dc4961fe86bd lapsed	REJECT	com.alibaba.qwen.code.runtimebroker.ToolExecutionRecord@5f233b26
1790804326247	5	dispatch lease of aa90ffdd-ca47-4a97-8a1a-dc4961fe86bd lapsed	REJECT	com.alibaba.qwen.code.runtimebroker.ToolExecutionRecord@5e8a459
1790804326336	5	dispatch lease of aa90ffdd-ca47-4a97-8a1a-dc4961fe86bd lapsed	REJECT	com.alibaba.qwen.code.runtimebroker.ToolExecutionRecord@9ec531
1790804326426	5	dispatch lease of aa90ffdd-ca47-4a97-8a1a-dc4961fe86bd lapsed	REJECT	com.alibaba.qwen.code.runtimebroker.ToolExecutionRecord@19542407
1790804326520	5	dispatch lease of aa90ffdd-ca47-4a97-8a1a-dc4961fe86bd lapsed	REJECT	com.alibaba.qwen.code.runtimebroker.ToolExecutionRecord@55caeb35
1790804326610	5	dispatch lease of aa90ffdd-ca47-4a97-8a1a-dc4961fe86bd lapsed	REJECT	com.alibaba.qwen.code.runtimebroker.ToolExecutionRecord@74a195a4
1790804326679	5	dispatch lease of aa90ffdd-ca47-4a97-8a1a-dc4961fe86bd lapsed	REJECT	com.alibaba.qwen.code.runtimebroker.ToolExecutionRecord@4287d447
1790804326768	5	dispatch lease of aa90ffdd-ca47-4a97-8a1a-dc4961fe86bd lapsed	REJECT	com.alibaba.qwen.code.runtimebroker.ToolExecutionRecord@7c0da600
1790804326856	5	dispatch lease of aa90ffdd-ca47-4a97-8a1a-dc4961fe86bd lapsed	REJECT	com.alibaba.qwen.code.runtimebroker.ToolExecutionRecord@47dd778
1790804326916	5	dispatch lease of aa90ffdd-ca47-4a97-8a1a-dc4961fe86bd lapsed	REJECT	com.alibaba.qwen.code.runtimebroker.ToolExecutionRecord@64a896b0
1790804326988	5	dispatch lease of aa90ffdd-ca47-4a97-8a1a-dc4961fe86bd lapsed	REJECT	com.alibaba.qwen.code.runtimebroker.ToolExecutionRecord@1adb7478
1790804327084	5	dispatch lease of aa90ffdd-ca47-4a97-8a1a-dc4961fe86bd lapsed	ACCEPT	com.alibaba.qwen.code.runtimebroker.ToolExecutionRecord@4604b900
1790804334207	5	dispatch lease of 2dec6633-af18-47f6-bfd5-5f65f56c89f6 lapsed	REJECT	com.alibaba.qwen.code.runtimebroker.ToolExecutionRecord@100f9bbe
1790804334288	5	dispatch lease of 2dec6633-af18-47f6-bfd5-5f65f56c89f6 lapsed	REJECT	com.alibaba.qwen.code.runtimebroker.ToolExecutionRecord@cd7f1ae
1790804334360	5	dispatch lease of 2dec6633-af18-47f6-bfd5-5f65f56c89f6 lapsed	REJECT	com.alibaba.qwen.code.runtimebroker.ToolExecutionRecord@680362a
1790804334424	5	dispatch lease of 2dec6633-af18-47f6-bfd5-5f65f56c89f6 lapsed	REJECT	com.alibaba.qwen.code.runtimebroker.ToolExecutionRecord@7d0332e1
1790804334504	5	dispatch lease of 2dec6633-af18-47f6-bfd5-5f65f56c89f6 lapsed	REJECT	com.alibaba.qwen.code.runtimebroker.ToolExecutionRecord@377c68c6
1790804334593	5	dispatch lease of 2dec6633-af18-47f6-bfd5-5f65f56c89f6 lapsed	REJECT	com.alibaba.qwen.code.runtimebroker.ToolExecutionRecord@430fa4ef
1790804334704	5	dispatch lease of 2dec6633-af18-47f6-bfd5-5f65f56c89f6 lapsed	REJECT	com.alibaba.qwen.code.runtimebroker.ToolExecutionRecord@654c1a54
1790804334793	5	dispatch lease of 2dec6633-af18-47f6-bfd5-5f65f56c89f6 lapsed	REJECT	com.alibaba.qwen.code.runtimebroker.ToolExecutionRecord@1ce93c18
1790804334893	5	dispatch lease of 2dec6633-af18-47f6-bfd5-5f65f56c89f6 lapsed	REJECT	com.alibaba.qwen.code.runtimebroker.ToolExecutionRecord@46044faa
1790804334992	5	dispatch lease of 2dec6633-af18-47f6-bfd5-5f65f56c89f6 lapsed	REJECT	com.alibaba.qwen.code.runtimebroker.ToolExecutionRecord@19f9d595
1790804335080	5	dispatch lease of 2dec6633-af18-47f6-bfd5-5f65f56c89f6 lapsed	REJECT	com.alibaba.qwen.code.runtimebroker.ToolExecutionRecord@778ca8ef
1790804335168	5	dispatch lease of 2dec6633-af18-47f6-bfd5-5f65f56c89f6 lapsed	REJECT	com.alibaba.qwen.code.runtimebroker.ToolExecutionRecord@261d8190
1790804335280	5	dispatch lease of 2dec6633-af18-47f6-bfd5-5f65f56c89f6 lapsed	REJECT	com.alibaba.qwen.code.runtimebroker.ToolExecutionRecord@907f2b7
1790804335354	5	dispatch lease of 2dec6633-af18-47f6-bfd5-5f65f56c89f6 lapsed	REJECT	com.alibaba.qwen.code.runtimebroker.ToolExecutionRecord@7dc51783
1790804335448	5	dispatch lease of 2dec6633-af18-47f6-bfd5-5f65f56c89f6 lapsed	REJECT	com.alibaba.qwen.code.runtimebroker.ToolExecutionRecord@65e7f52a
1790804335572	5	dispatch lease of 2dec6633-af18-47f6-bfd5-5f65f56c89f6 lapsed	REJECT	com.alibaba.qwen.code.runtimebroker.ToolExecutionRecord@107e5441
1790804335676	5	dispatch lease of 2dec6633-af18-47f6-bfd5-5f65f56c89f6 lapsed	REJECT	com.alibaba.qwen.code.runtimebroker.ToolExecutionRecord@1f14f20c
1790804335764	5	dispatch lease of 2dec6633-af18-47f6-bfd5-5f65f56c89f6 lapsed	REJECT	com.alibaba.qwen.code.runtimebroker.ToolExecutionRecord@6e4ea0bd
1790804335821	5	dispatch lease of 2dec6633-af18-47f6-bfd5-5f65f56c89f6 lapsed	REJECT	com.alibaba.qwen.code.runtimebroker.ToolExecutionRecord@1059754c
1790804335924	5	dispatch lease of 2dec6633-af18-47f6-bfd5-5f65f56c89f6 lapsed	REJECT	com.alibaba.qwen.code.runtimebroker.ToolExecutionRecord@7f4037ed
1790804336032	5	dispatch lease of 2dec6633-af18-47f6-bfd5-5f65f56c89f6 lapsed	ACCEPT	com.alibaba.qwen.code.runtimebroker.ToolExecutionRecord@110844f6
