
> @qwen-code/acp-bridge@0.24.2 test
> vitest run --maxWorkers=2 --minWorkers=1


 RUN  v3.2.7 /Users/wenshao/git/qwen-12250-r4/packages/acp-bridge

[artifacts] session=s1-write-file-persist-fail action=vanish_forget_failed artifactIds=["a8113c2a8de6b644"] reason="disk full"
[artifacts] session=s1-write-file-persist-fail action=vanish_forget_failed artifactIds=["a8113c2a8de6b644"] reason="disk full"
[artifacts] session=s1-get-scoped-forget action=vanish_forget_failed artifactIds=["95bc9708e83cf880","b5b7854fc8aea8a5"] reason="disk full"
[artifacts] session=s1-client-upsert-owner action=upsert_denied artifactId=c2d4ffe4020f3640 owner=client-a requester=client-b
[artifacts] session=s1-client-upsert-owner-batch action=upsert_denied artifactId=7b3e8a786f927b8a owner=client-a requester=client-b
[artifacts] session=s1-client-id-durable action=remove_denied artifactId=f12e2d7d92dcc265 owner=client-a requester=client-b
[artifacts] session=s-dir-leftover action=status_refresh_failed artifactId=746784abc79360a6 reason="path is not a regular file"
qwen serve: session reaper started (interval 60000ms, idle threshold 1800000ms)
qwen serve: session reaper started (interval 60000ms, idle threshold 1800000ms)
qwen serve: session reaper started (interval 60000ms, idle threshold 1800000ms)
qwen serve: session reaper started (interval 60000ms, idle threshold 1800000ms)
qwen serve: session reaper started (interval 60000ms, idle threshold 1800000ms)
qwen serve: session reaper started (interval 60000ms, idle threshold 1800000ms)
qwen serve: session sess:/work/a cwd changed: /work/a -> /work/b
qwen serve: session reaper started (interval 60000ms, idle threshold 1800000ms)
qwen serve: session sess:/work/a cwd changed: /work/a -> /work/b
qwen serve: session reaper started (interval 60000ms, idle threshold 1800000ms)
[artifacts] session=s11-ephemeral-replacement-failure action=upsert_rollback warning="artifact durable removal not persisted; live changes rolled back" artifactIds=["2dfaa9c7bc96dc41"] error="disk full"
qwen serve: session sess:/work/a cwd changed: /work/a -> /work/b
qwen serve: session reaper started (interval 10ms, idle threshold 10ms)
[artifacts] session=s11-restored-client-tombstone action=tombstone_replay_suppressed artifactId=ffe5414ad32cdb7f
qwen serve: reaping idle session "sess:/work/a" (idle for 0s, threshold 0s)
qwen serve: closing session "sess:/work/a" (reason: idle_timeout)
qwen serve: channel exited (code=none, signal=none, transport=ok, 0 session(s) torn down)
[artifacts] session=s11-downgraded-tombstone action=persist_failed sequence=2 artifactIds=["9f693a0b913c7284"] reason="disk full"
[artifacts] session=s11-downgraded-eviction-tombstone action=persist_failed sequence=2 artifactIds=["d5abd84cb8e3bc00"] reason="disk full"
qwen serve: session reaper started (interval 60000ms, idle threshold 1800000ms)
qwen serve: session reaper started (interval 60000ms, idle threshold 1800000ms)
qwen serve: closing session "sess:/work/a" (reason: last_client_detached)
qwen serve: channel exited (code=none, signal=none, transport=ok, 0 session(s) torn down)
qwen serve: session reaper started (interval 60000ms, idle threshold 1800000ms)
qwen serve: session reaper started (interval 10ms, idle threshold 10ms)
qwen serve: closing session "sess:/work/a" (reason: client_close)
qwen serve: channel exited (code=none, signal=none, transport=ok, 0 session(s) torn down)
qwen serve: completing deferred kill of session "sess:/work/a" (last_client_detached)
qwen serve: channel exited (code=none, signal=none, transport=ok, 0 session(s) torn down)
qwen serve: session reaper started (interval 10ms, idle threshold 10ms)
qwen serve: reaping idle session "sess:/work/a" (idle for 0s, threshold 0s)
qwen serve: completing deferred kill of session "sess:/work/a" (child_idle)
qwen serve: channel exited (code=none, signal=none, transport=ok, 0 session(s) torn down)
qwen serve: closing session "sess:/work/a" (reason: client_close)
[artifacts] session=owner action=persist_failed sequence=2 artifactIds=["364d6a031a58d8cd"] reason="disk full"
qwen serve: channel exited (code=none, signal=none, transport=ok, 0 session(s) torn down)
qwen serve: killSession ACP session close notification failed for session "sess:/work/a": Session close is already in progress
qwen serve: channel exited (code=none, signal=none, transport=ok, 0 session(s) torn down)
qwen serve: session reaper started (interval 60000ms, idle threshold 1800000ms)
qwen serve: session reaper started (interval 60000ms, idle threshold 1800000ms)
qwen serve: closing session "sess:/work/a" (reason: client_close)
qwen serve: channel exited (code=none, signal=none, transport=ok, 0 session(s) torn down)
qwen serve: session reaper started (interval 60000ms, idle threshold 1800000ms)
qwen serve: session reaper started (interval 60000ms, idle threshold 1800000ms)
qwen serve: closing session "sess:/work/a" (reason: last_client_detached)
qwen serve: channel exited (code=none, signal=none, transport=ok, 0 session(s) torn down)
[artifacts] session=owner action=upsert_rollback warning="artifact durable removal not persisted; live changes rolled back" artifactIds=["c50f5dd55da39f29"] error="disk full"
[artifacts] session=owner action=persist_failed sequence=2 artifactIds=["0c644a1724a2a237"] reason="disk full"
qwen serve: session reaper started (interval 1000ms, idle threshold 1ms)
[artifacts] session=owner action=persist_failed sequence=2 artifactIds=["559582c7a51d1c68"] reason="disk full"
qwen serve: close-if-unheld for session "sess:/work/a" did not resolve (Session close timed out after 8000ms); leaving it in place for the next snapshot to settle
qwen serve: session reaper started (interval 60000ms, idle threshold 1800000ms)
qwen serve: close-if-unheld for session "sess:/work/a" did not resolve (AcpSessionBridge qwen/control/session/close timed out after 10000ms); leaving it in place for the next snapshot to settle
qwen serve: close-if-unheld for session "sess:/work/a" did not resolve (AcpSessionBridge qwen/control/session/close timed out after 10000ms); leaving it in place and deferring the next probe by 60000ms after 2 consecutive failures
qwen serve: session/load timed out after 20ms for "wedged-restore" on channel 711d1293-8212-4344-8594-b9c95525b485; decision=fence_shared
qwen serve: abandoned session/load for "wedged-restore" has not settled 20ms after its deadline; refusing fresh sessions on channel 711d1293-8212-4344-8594-b9c95525b485 until it settles or drains
qwen serve: closing session "sess:/work/a" (reason: last_client_detached)
qwen serve: closeSession ACP session close notification failed for session "sess:/work/a": AcpSessionBridge closeSession timed out after 10000ms
qwen serve: channel exited (code=none, signal=none, transport=ok, 1 session(s) torn down)
qwen serve: deferred close (child_idle) failed for "sess:/work/a": BridgeTimeoutError: AcpSessionBridge closeSession timed out after 10000ms
    at /Users/wenshao/git/qwen-12250-r4/packages/acp-bridge/src/with-timeout.ts:45:37
    at callTimer (file:///Users/wenshao/git/qwen-12250-r4/node_modules/vitest/dist/chunks/vi.bdSIJ99Y.js:2211:25)
    at doTickInner (file:///Users/wenshao/git/qwen-12250-r4/node_modules/vitest/dist/chunks/vi.bdSIJ99Y.js:2814:30)
    at doTick (file:///Users/wenshao/git/qwen-12250-r4/node_modules/vitest/dist/chunks/vi.bdSIJ99Y.js:2895:21)
    at Immediate.<anonymous> (file:///Users/wenshao/git/qwen-12250-r4/node_modules/vitest/dist/chunks/vi.bdSIJ99Y.js:2915:30)
    at processImmediate (node:internal/timers:484:21)
qwen serve: close-if-unheld for session "sess:/work/a" did not resolve (AcpSessionBridge qwen/control/session/close timed out after 10000ms); leaving it in place for the next snapshot to settle
[artifacts] session=owner action=persist_failed sequence=2 artifactIds=["4c7a246e4aed0743"] reason="disk full"
qwen serve: close-if-unheld for session "sess:/work/a" did not resolve (AcpSessionBridge qwen/control/session/close timed out after 10000ms); leaving it in place for the next snapshot to settle
qwen serve: closing session "sess:/work/a" (reason: last_client_detached)
qwen serve: channel exited (code=none, signal=none, transport=ok, 0 session(s) torn down)
qwen serve: closing session "sess:/work/a" (reason: last_client_detached)
qwen serve: channel exited (code=none, signal=none, transport=ok, 0 session(s) torn down)
qwen serve: closing session "sess:/work/a" (reason: last_client_detached)
qwen serve: channel exited (code=none, signal=none, transport=ok, 0 session(s) torn down)
qwen serve: closing session "sess:/work/a" (reason: last_client_detached)
qwen serve: channel exited (code=none, signal=none, transport=ok, 0 session(s) torn down)
qwen serve: closing session "sess:/work/a" (reason: last_client_detached)
qwen serve: channel exited (code=none, signal=none, transport=ok, 0 session(s) torn down)
qwen serve: session reaper started (interval 20ms, idle threshold 20ms)
[artifacts] session=owner action=persist_failed sequence=2 artifactIds=["df3ecd32c22fa56f"] reason="disk full"
qwen serve: reaping idle session "sess:/work/a" (idle for 0s, threshold 0s)
qwen serve: session reaper started (interval 60000ms, idle threshold 1800000ms)
qwen serve: idle timeout (1ms) expired, killing channel
qwen serve: channel exited (code=none, signal=none, transport=ok, 0 session(s) torn down)
[artifacts] session=owner action=persist_failed sequence=2 artifactIds=["baa32582f98e5186"] reason="disk full"
qwen serve: session reaper started (interval 60000ms, idle threshold 1800000ms)
qwen serve: channel exited (code=none, signal=none, transport=ok, 0 session(s) torn down)
qwen serve: session reaper started (interval 60000ms, idle threshold 1800000ms)
qwen serve: channel exited (code=none, signal=none, transport=ok, 0 session(s) torn down)
qwen serve: session reaper started (interval 60000ms, idle threshold 1800000ms)
qwen serve: session reaper started (interval 60000ms, idle threshold 1800000ms)
qwen serve: session reaper started (interval 60000ms, idle threshold 1800000ms)
qwen serve: session reaper started (interval 60000ms, idle threshold 1800000ms)
qwen serve: channel exited (code=none, signal=none, transport=ok, 0 session(s) torn down)
qwen serve: session reaper started (interval 60000ms, idle threshold 1800000ms)
qwen serve: channel exited (code=none, signal=none, transport=ok, 0 session(s) torn down)
qwen serve: session reaper started (interval 60000ms, idle threshold 1800000ms)
qwen serve: session reaper started (interval 60000ms, idle threshold 1800000ms)
qwen serve: session reaper started (interval 60000ms, idle threshold 1800000ms)
qwen serve: session reaper started (interval 60000ms, idle threshold 1800000ms)
qwen serve: workspace control timeout; deferring channel retirement until 1 active session(s) drain
qwen serve: closing session "sess:/work/a" (reason: client_close)
qwen serve: channel exited (code=none, signal=none, transport=ok, 0 session(s) torn down)
qwen serve: session reaper started (interval 60000ms, idle threshold 1800000ms)
qwen serve: channel exited (code=none, signal=none, transport=ok, 0 session(s) torn down)
qwen serve: channel exited (code=none, signal=none, transport=ok, 0 session(s) torn down)
qwen serve: session reaper started (interval 60000ms, idle threshold 1800000ms)
qwen serve: channel exited (code=none, signal=none, transport=ok, 0 session(s) torn down)
qwen serve: channel exited (code=none, signal=none, transport=ok, 0 session(s) torn down)
qwen serve: session reaper started (interval 60000ms, idle threshold 1800000ms)
qwen serve: channel exited (code=none, signal=none, transport=ok, 0 session(s) torn down)
qwen serve: channel exited (code=none, signal=none, transport=ok, 0 session(s) torn down)
qwen serve: session reaper started (interval 60000ms, idle threshold 1800000ms)
qwen serve: channel exited (code=none, signal=none, transport=ok, 0 session(s) torn down)
qwen serve: session reaper started (interval 60000ms, idle threshold 1800000ms)
qwen serve: channel exited (code=none, signal=none, transport=ok, 0 session(s) torn down)
qwen serve: session reaper started (interval 60000ms, idle threshold 1800000ms)
qwen serve: closing session "sess:/work/a" (reason: client_close)
qwen serve: channel exited (code=none, signal=none, transport=ok, 0 session(s) torn down)
qwen serve: session reaper started (interval 60000ms, idle threshold 1800000ms)
qwen serve: session sess:/work/a cwd changed: /work/a -> /work/a/conversation-managed
qwen serve: session reaper started (interval 60000ms, idle threshold 1800000ms)
qwen serve: session reaper started (interval 60000ms, idle threshold 1800000ms)
qwen serve: session reaper started (interval 60000ms, idle threshold 1800000ms)
qwen serve: session 22222222-2222-4222-8222-222222222222 cwd changed: /work/a -> /work/a/conversation-standalone
qwen serve: session 22222222-2222-4222-8222-222222222222 cwd changed: /work/a/conversation-standalone -> /work/a/conversation-standalone
qwen serve: session reaper started (interval 60000ms, idle threshold 1800000ms)
qwen serve: session reaper started (interval 60000ms, idle threshold 1800000ms)
qwen serve: closing session "sess:/work/a" (reason: client_close)
qwen serve: channel exited (code=none, signal=none, transport=ok, 0 session(s) torn down)
qwen serve: session reaper started (interval 60000ms, idle threshold 1800000ms)
qwen serve: session lifecycle callback failed: lifecycle sink failed
qwen serve: closing session "sess:/work/a" (reason: client_close)
qwen serve: session lifecycle callback failed: lifecycle sink failed
qwen serve: channel exited (code=none, signal=none, transport=ok, 0 session(s) torn down)
qwen serve: session reaper started (interval 60000ms, idle threshold 1800000ms)
qwen serve: session reaper started (interval 60000ms, idle threshold 1800000ms)
qwen serve: session reaper started (interval 60000ms, idle threshold 1800000ms)
qwen serve: session reaper started (interval 60000ms, idle threshold 1800000ms)
qwen serve: session reaper started (interval 60000ms, idle threshold 1800000ms)
qwen serve: session reaper started (interval 60000ms, idle threshold 1800000ms)
qwen serve: session reaper started (interval 60000ms, idle threshold 1800000ms)
qwen serve: session reaper started (interval 60000ms, idle threshold 1800000ms)
qwen serve: session reaper started (interval 60000ms, idle threshold 1800000ms)
[artifacts] session=sess:/work/a action=remove_denied artifactId=ea192b281419fff5 owner=client_c85e8bf5-4f1b-4de9-8c2f-b4c881b944b1 requester=client_7c18ca45-a996-4ecb-af31-d44f541009d9
[artifacts] session=sess:/work/a action=remove_denied artifactId=ea192b281419fff5 owner=client_c85e8bf5-4f1b-4de9-8c2f-b4c881b944b1 requester=<anonymous>
qwen serve: session reaper started (interval 60000ms, idle threshold 1800000ms)
qwen serve: session reaper started (interval 60000ms, idle threshold 1800000ms)
qwen serve: session reaper started (interval 60000ms, idle threshold 1800000ms)
qwen serve: session reaper started (interval 60000ms, idle threshold 1800000ms)
qwen serve: session reaper started (interval 60000ms, idle threshold 1800000ms)
qwen serve: session reaper started (interval 60000ms, idle threshold 1800000ms)
qwen serve: session reaper started (interval 60000ms, idle threshold 1800000ms)
qwen serve: session reaper started (interval 60000ms, idle threshold 1800000ms)
qwen serve: session reaper started (interval 60000ms, idle threshold 1800000ms)
qwen serve: channel exited (code=none, signal=none, transport=ok, 0 session(s) torn down)
qwen serve: session reaper started (interval 60000ms, idle threshold 1800000ms)
qwen serve: session reaper started (interval 60000ms, idle threshold 1800000ms)
qwen serve: session reaper started (interval 60000ms, idle threshold 1800000ms)
qwen serve: session reaper started (interval 60000ms, idle threshold 1800000ms)
qwen serve: session reaper started (interval 60000ms, idle threshold 1800000ms)
qwen serve: session reaper started (interval 60000ms, idle threshold 1800000ms)
qwen serve: session reaper started (interval 60000ms, idle threshold 1800000ms)
qwen serve: channel exited (code=none, signal=none, transport=ok, 0 session(s) torn down)
qwen serve: session reaper started (interval 60000ms, idle threshold 1800000ms)
qwen serve: channel exited (code=none, signal=none, transport=ok, 0 session(s) torn down)
qwen serve: session reaper started (interval 60000ms, idle threshold 1800000ms)
qwen serve: channel exited (code=none, signal=none, transport=ok, 0 session(s) torn down)
qwen serve: session reaper started (interval 60000ms, idle threshold 1800000ms)
qwen serve: channel exited (code=none, signal=none, transport=ok, 0 session(s) torn down)
qwen serve: session reaper started (interval 60000ms, idle threshold 1800000ms)
qwen serve: channel exited (code=none, signal=none, transport=ok, 0 session(s) torn down)
qwen serve: session reaper started (interval 60000ms, idle threshold 1800000ms)
qwen serve: channel exited (code=none, signal=none, transport=ok, 0 session(s) torn down)
qwen serve: session reaper started (interval 60000ms, idle threshold 1800000ms)
qwen serve: channel exited (code=none, signal=none, transport=ok, 0 session(s) torn down)
qwen serve: session reaper started (interval 60000ms, idle threshold 1800000ms)
qwen serve: channel exited (code=none, signal=none, transport=ok, 0 session(s) torn down)
qwen serve: session reaper started (interval 60000ms, idle threshold 1800000ms)
qwen serve: channel exited (code=none, signal=none, transport=ok, 0 session(s) torn down)
qwen serve: session reaper started (interval 60000ms, idle threshold 1800000ms)
qwen serve: channel exited (code=none, signal=none, transport=ok, 0 session(s) torn down)
qwen serve: session reaper started (interval 60000ms, idle threshold 1800000ms)
qwen serve: channel exited (code=none, signal=none, transport=ok, 0 session(s) torn down)
qwen serve: session reaper started (interval 60000ms, idle threshold 1800000ms)
qwen serve: channel exited (code=1, signal=none, transport=ok, 0 session(s) torn down)
qwen serve: session reaper started (interval 60000ms, idle threshold 1800000ms)
qwen serve: channel exited (code=none, signal=none, transport=ok, 0 session(s) torn down)
qwen serve: session reaper started (interval 60000ms, idle threshold 1800000ms)
qwen serve: channel exited (code=none, signal=none, transport=ok, 0 session(s) torn down)
qwen serve: session reaper started (interval 60000ms, idle threshold 1800000ms)
qwen serve: channel exited (code=none, signal=none, transport=ok, 0 session(s) torn down)
qwen serve: session reaper started (interval 60000ms, idle threshold 1800000ms)
[artifacts] session=owner action=persist_failed sequence=2 artifactIds=["0035cecd46e71893"] reason="disk full"
[artifacts] session=owner action=dropped reason="max artifacts exceeded" artifactId=0035cecd46e71893
qwen serve: channel exited (code=none, signal=none, transport=ok, 0 session(s) torn down)
qwen serve: session reaper started (interval 60000ms, idle threshold 1800000ms)
qwen serve: session reaper started (interval 60000ms, idle threshold 1800000ms)
[demux] session=sess:/work/a type=client_mcp_message action=forwarded_without_session reason=session_registration_pending
qwen serve: session reaper started (interval 60000ms, idle threshold 1800000ms)
qwen serve: session reaper started (interval 60000ms, idle threshold 1800000ms)
qwen serve: session reaper started (interval 60000ms, idle threshold 1800000ms)
 ✓ src/sessionArtifacts.test.ts (178 tests) 2022ms
qwen serve: session reaper started (interval 60000ms, idle threshold 1800000ms)
qwen serve: session reaper started (interval 60000ms, idle threshold 1800000ms)
sendPrompt: forward failed for session sess:/work/a: agent channel closed mid-request (session sess:/work/a)
sendPrompt: forward failed for session sess:/work/a#2: agent channel closed mid-request (session sess:/work/a#2)
qwen serve: session reaper started (interval 60000ms, idle threshold 1800000ms)
qwen serve: session reaper started (interval 60000ms, idle threshold 1800000ms)
qwen serve: session reaper started (interval 60000ms, idle threshold 1800000ms)
qwen serve: workspace control timeout; deferring channel retirement until 1 active session(s) drain
qwen serve: workspace control timeout; deferring channel retirement until 1 active session(s) drain
qwen serve: closing session "sess:/work/a" (reason: client_close)
qwen serve: channel exited (code=none, signal=none, transport=ok, 0 session(s) torn down)
qwen serve: session reaper started (interval 60000ms, idle threshold 1800000ms)
qwen serve: session reaper started (interval 60000ms, idle threshold 1800000ms)
qwen serve: channel exited (code=none, signal=none, transport=ok, 0 session(s) torn down)
qwen serve: session reaper started (interval 60000ms, idle threshold 1800000ms)
qwen serve: session reaper started (interval 60000ms, idle threshold 1800000ms)
qwen serve: session reaper started (interval 60000ms, idle threshold 1800000ms)
qwen serve: session reaper started (interval 60000ms, idle threshold 1800000ms)
qwen serve: session reaper started (interval 60000ms, idle threshold 1800000ms)
qwen serve: session reaper started (interval 60000ms, idle threshold 1800000ms)
qwen serve: session reaper started (interval 60000ms, idle threshold 1800000ms)
qwen serve: session reaper started (interval 60000ms, idle threshold 1800000ms)
qwen serve: session reaper started (interval 60000ms, idle threshold 1800000ms)
qwen serve: session reaper started (interval 60000ms, idle threshold 1800000ms)
qwen serve: session reaper started (interval 60000ms, idle threshold 1800000ms)
qwen serve: session reaper started (interval 60000ms, idle threshold 1800000ms)
qwen serve: compaction degraded for session="sess:/work/a"; replay snapshot may lag behind live events: compaction test failure
qwen serve: session reaper started (interval 60000ms, idle threshold 1800000ms)
[artifacts] session=persisted-artifacts action=restore_warning warning="skipped corrupt artifact record"
qwen serve: session reaper started (interval 60000ms, idle threshold 1800000ms)
[artifacts] session=persisted-artifact-normalize action=restore_warning warning="skipped artifact without id/title"
[artifacts] session=persisted-artifact-normalize action=restore_warning warning="kept warning"
qwen serve: session reaper started (interval 60000ms, idle threshold 1800000ms)
qwen serve: session reaper started (interval 60000ms, idle threshold 1800000ms)
[artifacts] session=sess:/work/a action=rewind_restore_warning warning="artifact snapshot rebuild unavailable during rewind: artifact journal read failed"
qwen serve: session reaper started (interval 60000ms, idle threshold 1800000ms)
qwen serve: session reaper started (interval 60000ms, idle threshold 1800000ms)
qwen serve: session reaper started (interval 60000ms, idle threshold 1800000ms)
[artifacts] session=sess:/work/a action=snapshot_failed reason="[object Object]"
[artifacts] session=sess:/work/a action=rewind_snapshot_warning warning="artifact snapshot not persisted"
qwen serve: session reaper started (interval 60000ms, idle threshold 1800000ms)
qwen serve: session reaper started (interval 60000ms, idle threshold 1800000ms)
qwen serve: session reaper started (interval 60000ms, idle threshold 1800000ms)
qwen serve: session reaper started (interval 60000ms, idle threshold 1800000ms)
qwen serve: session reaper started (interval 60000ms, idle threshold 1800000ms)
qwen serve: session reaper started (interval 60000ms, idle threshold 1800000ms)
qwen serve: session reaper started (interval 60000ms, idle threshold 1800000ms)
qwen serve: session reaper started (interval 60000ms, idle threshold 1800000ms)
qwen serve: session reaper started (interval 60000ms, idle threshold 1800000ms)
[reconcile] session=sess:/work/a target=model action=skipped reason=roundtrip_failed
qwen serve: session reaper started (interval 60000ms, idle threshold 1800000ms)
qwen serve: session reaper started (interval 60000ms, idle threshold 1800000ms)
qwen serve: updated session metadata "sess:/work/a" displayName=set
qwen serve: session reaper started (interval 60000ms, idle threshold 1800000ms)
qwen serve: session sess:/work/a cwd changed: /work/a -> /work/b
qwen serve: session reaper started (interval 60000ms, idle threshold 1800000ms)
qwen serve: session reaper started (interval 60000ms, idle threshold 1800000ms)
qwen serve: session reaper started (interval 60000ms, idle threshold 1800000ms)
qwen serve: session reaper started (interval 60000ms, idle threshold 1800000ms)
qwen serve: session reaper started (interval 60000ms, idle threshold 1800000ms)
qwen serve: session reaper started (interval 60000ms, idle threshold 1800000ms)
qwen serve: session reaper started (interval 60000ms, idle threshold 1800000ms)
qwen serve: session reaper started (interval 60000ms, idle threshold 1800000ms)
qwen serve: session reaper started (interval 60000ms, idle threshold 1800000ms)
qwen serve: session reaper started (interval 60000ms, idle threshold 1800000ms)
qwen serve: session reaper started (interval 60000ms, idle threshold 1800000ms)
qwen serve: session reaper started (interval 60000ms, idle threshold 1800000ms)
qwen serve: session reaper started (interval 60000ms, idle threshold 1800000ms)
qwen serve: session reaper started (interval 60000ms, idle threshold 1800000ms)
qwen serve: session reaper started (interval 60000ms, idle threshold 1800000ms)
qwen serve: session reaper started (interval 60000ms, idle threshold 1800000ms)
qwen serve: session reaper started (interval 60000ms, idle threshold 1800000ms)
qwen serve: session reaper started (interval 60000ms, idle threshold 1800000ms)
qwen serve: session reaper started (interval 60000ms, idle threshold 1800000ms)
qwen serve: session reaper started (interval 60000ms, idle threshold 1800000ms)
qwen serve: session reaper started (interval 60000ms, idle threshold 1800000ms)
qwen serve: session reaper started (interval 60000ms, idle threshold 1800000ms)
qwen serve: session reaper started (interval 60000ms, idle threshold 1800000ms)
qwen serve: session reaper started (interval 60000ms, idle threshold 1800000ms)
qwen serve: session reaper started (interval 60000ms, idle threshold 1800000ms)
qwen serve: session reaper started (interval 60000ms, idle threshold 1800000ms)
qwen serve: session reaper started (interval 60000ms, idle threshold 1800000ms)
qwen serve: session reaper started (interval 60000ms, idle threshold 1800000ms)
qwen serve: session reaper started (interval 60000ms, idle threshold 1800000ms)
qwen serve: session reaper started (interval 60000ms, idle threshold 1800000ms)
qwen serve: session reaper started (interval 60000ms, idle threshold 1800000ms)
broadcastPromptCancelledOnce: suppressed duplicate cancel for session sess:/work/a prompt=prompt-first
sendPrompt: prompt prompt-queued exceeded 120ms deadline for session sess:/work/a; agent may still be executing
[pending-prompt] cancel forward failed after removePendingPrompt session=sess:/work/a: agent channel closed mid-request (session sess:/work/a)
qwen serve: session reaper started (interval 60000ms, idle threshold 1800000ms)
broadcastPromptCancelledOnce: suppressed duplicate cancel for session sess:/work/a prompt=prompt-first
[pending-prompt] session=sess:/work/a removing promptId=prompt-queued state=queued
[pending-prompt] cancel forward failed after removePendingPrompt session=sess:/work/a: agent channel closed mid-request (session sess:/work/a)
qwen serve: session reaper started (interval 60000ms, idle threshold 1800000ms)
broadcastPromptCancelledOnce: suppressed duplicate cancel for session sess:/work/a prompt=prompt-first
[pending-prompt] session=sess:/work/a removing promptId=prompt-queued state=queued
[pending-prompt] cancel forward failed after removePendingPrompt session=sess:/work/a: agent channel closed mid-request (session sess:/work/a)
qwen serve: session reaper started (interval 60000ms, idle threshold 1800000ms)
qwen serve: session reaper started (interval 60000ms, idle threshold 1800000ms)
qwen serve: session reaper started (interval 60000ms, idle threshold 1800000ms)
qwen serve: session reaper started (interval 60000ms, idle threshold 1800000ms)
qwen serve: session reaper started (interval 60000ms, idle threshold 1800000ms)
qwen serve: session reaper started (interval 60000ms, idle threshold 1800000ms)
qwen serve: session reaper started (interval 60000ms, idle threshold 1800000ms)
qwen serve: session reaper started (interval 60000ms, idle threshold 1800000ms)
qwen serve: session reaper started (interval 60000ms, idle threshold 1800000ms)
qwen serve: closing session "persisted-live-refresh-closing" (reason: client_close) by client "client_49df4afc-f56b-43ba-83b8-e81efbcf944e"
qwen serve: closeSession ACP session close notification failed for session "persisted-live-refresh-closing": agent channel closed mid-request (session persisted-live-refresh-closing)
qwen serve: channel exited (code=none, signal=none, transport=ndjson_queue_limit_exceeded, transport_detail=unknown:required=?:available=?:cap=?, 1 session(s) torn down)
qwen serve: session reaper started (interval 60000ms, idle threshold 1800000ms)
qwen serve: session reaper started (interval 60000ms, idle threshold 1800000ms)
qwen serve: session reaper started (interval 60000ms, idle threshold 1800000ms)
[demux] session=session-owned-by-new-channel type=session_recording_degraded action=dropped reason=session_not_owned
qwen serve: session reaper started (interval 60000ms, idle threshold 1800000ms)
qwen serve: session reaper started (interval 60000ms, idle threshold 1800000ms)
[demux] session=sess:mode type=current_mode_update action=promoted mode=plan
[demux] session=sess:mode type=current_mode_update action=promoted mode=auto-edit
[artifacts] session=sess:forged-artifacts action=dropped reason="url must use http or https"
[artifacts] session=sess:deferred-artifact-retry action=deferred reason=workspace_not_bound
[artifacts] session=sess:deferred-artifact-retry action=deferred reason=workspace_not_bound
[artifacts] session=sess:deferred-artifact-retry action=dropped reason={"name":"Error","message":"transient artifact failure","stack":"Error: transient artifact failure\n    at /Users/wenshao/git/qwen-12250-r4/packages/acp-bridge/src/bridgeClient.test.ts:3156:30\n    at file:///Users/wenshao/git/qwen-12250-r4/node_modules/@vitest/runner/dist/chunk-hooks.js:155:11\n    at file:///Users/wenshao/git/qwen-12250-r4/node_modules/@vitest/runner/dist/chunk-hooks.js:752:26"}
[artifacts] session=sess:deferred-artifact-prepare action=deferred reason=workspace_prepare_failed
[artifacts] session=sess:deferred-artifact-cap action=deferred reason=workspace_not_bound
[artifacts] session=sess:deferred-artifact-cap action=deferred reason=workspace_not_bound
[artifacts] session=sess:deferred-artifact-cap action=deferred_truncated reason=workspace_not_bound
[artifacts] session=sess:deferred-artifact-cap action=deferred reason=workspace_not_bound
qwen serve: session reaper started (interval 60000ms, idle threshold 1800000ms)
qwen serve: failed to snapshot pending interaction 7be4c1c1-dd1f-48d0-81dc-4ddb57731cd3: Cannot read properties of null (reading '_meta')
[mid-turn] session=sess:drain drained=1 echoed=1 injected into running turn
[mid-turn] session=sess:drain drained=1 echoed=1 injected into running turn
[mid-turn] session=sess:drain drained=1 echoed=1 injected into running turn
[mid-turn] session=sess:drain drained=4 echoed=3 injected into running turn
[mid-turn] session=sess:media drained=2 echoed=2 injected into running turn
[mid-turn] session=sess:media-reference drained=1 echoed=1 injected into running turn
[mid-turn] session=sess:shared-media drained=4 echoed=4 injected into running turn
[mid-turn] session=sess:slow-media drained=1 echoed=1 injected into running turn
[mid-turn] session="sess:expired" degraded attachment for message "mid-expired": "Unknown or unavailable session attachment: expired"
[mid-turn] session=sess:expired drained=2 echoed=2 injected into running turn
qwen serve: session reaper started (interval 60000ms, idle threshold 1800000ms)
[mid-turn] session=sess:large-drain drained=1 echoed=1 injected into running turn
[mid-turn] session="sess:emfile" drain failed, requeued 2 message(s): "too many open files"
[mid-turn] session=sess:emfile drained=2 echoed=2 injected into running turn
[mid-turn] session="sess:mixed" degraded attachment for message "mid-mixed": "Unknown or unavailable session attachment: image (1).png"
[mid-turn] session=sess:mixed drained=1 echoed=1 injected into running turn
[mid-turn] session=sess:multi drained=3 echoed=3 injected into running turn
[mid-turn] session=sess:ring drained=3 echoed=3 injected into running turn
 ✓ src/bridgeClient.test.ts (149 tests) 163ms
qwen serve: session reaper started (interval 60000ms, idle threshold 1800000ms)
qwen serve: session reaper started (interval 60000ms, idle threshold 1800000ms)
qwen serve: channel exited (code=none, signal=none, transport=ok, 0 session(s) torn down)
 ✓ src/compactionEngine.test.ts (132 tests) 31ms
qwen serve: session reaper started (interval 60000ms, idle threshold 1800000ms)
qwen serve: session reaper started (interval 60000ms, idle threshold 1800000ms)
qwen serve: closing session "sess:/work/a" (reason: client_close)
qwen serve: session reaper started (interval 60000ms, idle threshold 1800000ms)
qwen serve: session reaper started (interval 60000ms, idle threshold 1800000ms)
qwen serve: session reaper started (interval 60000ms, idle threshold 1800000ms)
qwen serve: session reaper started (interval 60000ms, idle threshold 1800000ms)
 ✓ src/transcript-replay.test.ts (113 tests) 24ms
qwen serve: session reaper started (interval 60000ms, idle threshold 1800000ms)
qwen serve: session reaper started (interval 60000ms, idle threshold 1800000ms)
qwen serve: session reaper started (interval 60000ms, idle threshold 1800000ms)
qwen serve: session reaper started (interval 60000ms, idle threshold 1800000ms)
qwen serve: session reaper started (interval 60000ms, idle threshold 1800000ms)
qwen serve: channel exited (code=none, signal=none, transport=ok, 0 session(s) torn down)
qwen serve: session reaper started (interval 60000ms, idle threshold 1800000ms)
qwen serve: channel exited (code=none, signal=none, transport=ok, 0 session(s) torn down)
qwen serve: session reaper started (interval 60000ms, idle threshold 1800000ms)
qwen serve: channel exited (code=none, signal=none, transport=ok, 0 session(s) torn down)
qwen serve: session reaper started (interval 60000ms, idle threshold 1800000ms)
qwen serve: session reaper started (interval 60000ms, idle threshold 1800000ms)
qwen serve: session reaper started (interval 60000ms, idle threshold 1800000ms)
qwen serve: session reaper started (interval 60000ms, idle threshold 1800000ms)
qwen serve: session reaper started (interval 60000ms, idle threshold 1800000ms)
qwen serve: session reaper started (interval 60000ms, idle threshold 1800000ms)
qwen serve: session reaper started (interval 60000ms, idle threshold 1800000ms)
qwen serve: session reaper started (interval 60000ms, idle threshold 1800000ms)
qwen serve: session reaper started (interval 60000ms, idle threshold 1800000ms)
qwen serve: session reaper started (interval 60000ms, idle threshold 1800000ms)
qwen serve: session reaper started (interval 60000ms, idle threshold 1800000ms)
qwen serve: session reaper started (interval 60000ms, idle threshold 1800000ms)
qwen serve: session reaper started (interval 60000ms, idle threshold 1800000ms)
qwen serve: session reaper started (interval 60000ms, idle threshold 1800000ms)
qwen serve: session reaper started (interval 60000ms, idle threshold 1800000ms)
qwen serve: session reaper started (interval 60000ms, idle threshold 1800000ms)
qwen serve: session reaper started (interval 60000ms, idle threshold 1800000ms)
qwen serve: channel exited (code=none, signal=none, transport=ok, 0 session(s) torn down)
qwen serve: session reaper started (interval 60000ms, idle threshold 1800000ms)
qwen serve: channel exited (code=none, signal=none, transport=ok, 0 session(s) torn down)
qwen serve: session reaper started (interval 60000ms, idle threshold 1800000ms)
qwen serve: session reaper started (interval 60000ms, idle threshold 1800000ms)
qwen serve: session reaper started (interval 60000ms, idle threshold 1800000ms)
qwen serve: session reaper started (interval 60000ms, idle threshold 1800000ms)
qwen serve: session reaper started (interval 60000ms, idle threshold 1800000ms)
qwen serve: session reaper started (interval 60000ms, idle threshold 1800000ms)
qwen serve: session reaper started (interval 60000ms, idle threshold 1800000ms)
qwen serve: session reaper started (interval 60000ms, idle threshold 1800000ms)
qwen serve: session reaper started (interval 60000ms, idle threshold 1800000ms)
qwen serve: channel exited (code=none, signal=SIGKILL, transport=ok, 1 session(s) torn down)
qwen serve: session reaper started (interval 60000ms, idle threshold 1800000ms)
qwen serve: session reaper started (interval 60000ms, idle threshold 1800000ms)
qwen serve: session reaper started (interval 60000ms, idle threshold 1800000ms)
qwen serve: session reaper started (interval 60000ms, idle threshold 1800000ms)
qwen serve: channel exited (code=none, signal=none, transport=ok, 0 session(s) torn down)
qwen serve: session reaper started (interval 60000ms, idle threshold 1800000ms)
qwen serve: closing session "sess:/work/a" (reason: client_close)
qwen serve: session reaper started (interval 60000ms, idle threshold 1800000ms)
qwen serve: session reaper started (interval 60000ms, idle threshold 1800000ms)
qwen serve: idle timeout (5000ms) expired, killing channel
qwen serve: channel exited (code=none, signal=none, transport=ok, 0 session(s) torn down)
qwen serve: session reaper started (interval 60000ms, idle threshold 1800000ms)
qwen serve: session reaper started (interval 60000ms, idle threshold 1800000ms)
qwen serve: session reaper started (interval 60000ms, idle threshold 1800000ms)
qwen serve: session reaper started (interval 60000ms, idle threshold 1800000ms)
qwen serve: channel exited (code=none, signal=none, transport=ok, 1 session(s) torn down)
qwen serve: session reaper started (interval 60000ms, idle threshold 1800000ms)
qwen serve: session reaper started (interval 60000ms, idle threshold 1800000ms)
qwen serve: session/load timed out after 20ms for "restore-timeout-empty" on channel 06a7ae25-f65f-4d40-b456-61218af47537; decision=kill_empty
qwen serve: channel exited (code=none, signal=none, transport=ok, 0 session(s) torn down)
qwen serve: session reaper started (interval 60000ms, idle threshold 1800000ms)
qwen serve: session reaper started (interval 60000ms, idle threshold 1800000ms)
qwen serve: session reaper started (interval 60000ms, idle threshold 1800000ms)
qwen serve: channel exited (code=1, signal=none, transport=ok, 0 session(s) torn down)
qwen serve: session reaper started (interval 60000ms, idle threshold 1800000ms)
qwen serve: session/load timed out after 20ms for "restore-timeout-workspace-control" on channel 2bc31af2-3f39-4f0b-8b7e-36fcee5d7b24; decision=fence_shared
qwen serve: channel exited (code=none, signal=none, transport=ok, 0 session(s) torn down)
qwen serve: session reaper started (interval 60000ms, idle threshold 1800000ms)
qwen serve: session/load timed out after 20ms for "restore-timeout-shared" on channel bc19366b-dbb3-4f40-b2cc-9dbc1f61d488; decision=fence_shared
qwen serve: session reaper started (interval 60000ms, idle threshold 1800000ms)
qwen serve: session/load timed out after 20ms for "wedged" on channel fc027da5-8714-4609-8a83-91fb4b9d8d22; decision=fence_shared
qwen serve: abandoned session/load for "wedged" has not settled 20ms after its deadline; refusing fresh sessions on channel fc027da5-8714-4609-8a83-91fb4b9d8d22 until it settles or drains
qwen serve: closing session "sess:/work/a" (reason: last_client_detached)
qwen serve: closeSession ACP session close notification failed for session "sess:/work/a": AcpSessionBridge closeSession timed out after 10000ms
qwen serve: channel exited (code=none, signal=none, transport=ok, 1 session(s) torn down)
qwen serve: deferred close (last_client_detached) failed for "sess:/work/a": BridgeTimeoutError: AcpSessionBridge closeSession timed out after 10000ms
    at /Users/wenshao/git/qwen-12250-r4/packages/acp-bridge/src/with-timeout.ts:45:37
    at callTimer (file:///Users/wenshao/git/qwen-12250-r4/node_modules/vitest/dist/chunks/vi.bdSIJ99Y.js:2211:25)
    at doTickInner (file:///Users/wenshao/git/qwen-12250-r4/node_modules/vitest/dist/chunks/vi.bdSIJ99Y.js:2814:30)
    at doTick (file:///Users/wenshao/git/qwen-12250-r4/node_modules/vitest/dist/chunks/vi.bdSIJ99Y.js:2895:21)
    at Immediate.<anonymous> (file:///Users/wenshao/git/qwen-12250-r4/node_modules/vitest/dist/chunks/vi.bdSIJ99Y.js:2915:30)
    at processImmediate (node:internal/timers:484:21)
qwen serve: session reaper started (interval 60000ms, idle threshold 1800000ms)
qwen serve: session/load timed out after 20ms for "contested" on channel eb377d60-cccc-4749-8d56-e86a55191116; decision=fence_shared
qwen serve: session reaper started (interval 60000ms, idle threshold 1800000ms)
qwen serve: session reaper started (interval 60000ms, idle threshold 1800000ms)
qwen serve: session/load timed out after 20ms for "settled-retry" on channel ce63024b-5687-4da5-b332-93423904d9bb; decision=fence_shared
qwen serve: session reaper started (interval 60000ms, idle threshold 1800000ms)
qwen serve: session/load timed out after 20ms for "not-reclaimed" on channel 14c7ed83-53d6-4f21-89df-aefbd00769e8; decision=fence_shared
qwen serve: session reaper started (interval 60000ms, idle threshold 1800000ms)
qwen serve: session/load timed out after 20ms for "reclaimed" on channel 1dbe97e0-e8fc-4f0d-90d9-1ab11934c0a9; decision=fence_shared
qwen serve: skipping abandoned session/load cleanup for "reclaimed": the id is now owned by a live session
qwen serve: session reaper started (interval 60000ms, idle threshold 1800000ms)
qwen serve: session/load timed out after 20ms for "never-settles" on channel 377fbecd-df46-45a3-b8a3-b7e4e48295bc; decision=fence_shared
qwen serve: closing session "sess:/work/a#2" (reason: client_close)
qwen serve: abandoned session/load for "never-settles" has not settled 20ms after its deadline; refusing fresh sessions on channel 377fbecd-df46-45a3-b8a3-b7e4e48295bc until it settles or drains
qwen serve: closing session "sess:/work/a" (reason: client_close)
qwen serve: channel exited (code=none, signal=none, transport=ok, 0 session(s) torn down)
qwen serve: session reaper started (interval 60000ms, idle threshold 1800000ms)
qwen serve: session/load timed out after 20ms for "overdue-a" on channel 9b1cf56c-0db1-499d-8c24-7f833665c7cc; decision=fence_shared
qwen serve: session/load timed out after 20ms for "within-grace-b" on channel 9b1cf56c-0db1-499d-8c24-7f833665c7cc; decision=fence_shared
qwen serve: abandoned session/load for "overdue-a" has not settled 20ms after its deadline; refusing fresh sessions on channel 9b1cf56c-0db1-499d-8c24-7f833665c7cc until it settles or drains
qwen serve: abandoned session/load for "within-grace-b" has not settled 20ms after its deadline; refusing fresh sessions on channel 9b1cf56c-0db1-499d-8c24-7f833665c7cc until it settles or drains
qwen serve: session reaper started (interval 60000ms, idle threshold 1800000ms)
qwen serve: session/load timed out after 20ms for "recovers" on channel fff6fa13-cdc6-47e9-b062-59331aa1028e; decision=fence_shared
qwen serve: closing session "sess:/work/a" (reason: client_close)
qwen serve: idle timeout (60000ms) expired, killing channel
qwen serve: channel exited (code=none, signal=none, transport=ok, 0 session(s) torn down)
qwen serve: session reaper started (interval 60000ms, idle threshold 1800000ms)
qwen serve: session/load timed out after 20ms for "still-hung" on channel d4b9463a-5a44-45f0-b534-a488e748bc61; decision=fence_shared
qwen serve: closing session "sess:/work/a" (reason: client_close)
qwen serve: channel exited (code=none, signal=none, transport=ok, 0 session(s) torn down)
qwen serve: session reaper started (interval 60000ms, idle threshold 1800000ms)
qwen serve: session/load timed out after 90000ms for "restore-hint" on channel 9a2a937e-a93e-49c9-8d3b-2eabe9fce738; decision=fence_shared
qwen serve: session reaper started (interval 60000ms, idle threshold 1800000ms)
qwen serve: session/load timed out after 20ms for "restore-late-failure" on channel 5ac2773d-fbfc-4d96-9317-d73954058a71; decision=fence_shared
qwen serve: session reaper started (interval 60000ms, idle threshold 1800000ms)
qwen serve: session/load timed out after 20ms for "restore-abandoned-id" on channel 5e1366da-8475-49e4-8312-e453fc9cc81d; decision=fence_shared
qwen serve: quarantining ACP channel after timed-out session/load cleanup failed for "restore-abandoned-id": ACP child refused abandoned restore cleanup
qwen serve: session reaper started (interval 60000ms, idle threshold 1800000ms)
qwen serve: session reaper started (interval 60000ms, idle threshold 1800000ms)
qwen serve: session/load timed out after 1000ms for "restore-first" on channel 054e027d-4994-4ed5-8e13-a0ff173c1fb2; decision=fence_shared
qwen serve: session reaper started (interval 60000ms, idle threshold 1800000ms)
qwen serve: session/load timed out after 20ms for "restore-timeout-pending-spawn" on channel 436ace1e-ac51-4151-9c09-5231c768aea2; decision=fence_shared
qwen serve: quarantining ACP channel after timed-out session/load cleanup failed for "restore-timeout-pending-spawn": ACP child refused abandoned restore cleanup
qwen serve: session reaper started (interval 60000ms, idle threshold 1800000ms)
qwen serve: session/load timed out after 20ms for "restore-close-refused" on channel 5ecc50cd-4a53-4158-bc73-e5b75f8a4daa; decision=fence_shared
qwen serve: quarantining ACP channel after timed-out session/load cleanup failed for "restore-close-refused": ACP child refused abandoned restore cleanup
qwen serve: session reaper started (interval 60000ms, idle threshold 1800000ms)
qwen serve: session/load timed out after 20ms for "restore-cleanup-fails" on channel 74d03717-aeb7-4bcf-ac24-fec87d86090f; decision=fence_shared
qwen serve: quarantining ACP channel after timed-out session/load cleanup failed for "restore-cleanup-fails": late close failed
qwen serve: closing session "sess:/work/a" (reason: last_client_detached)
qwen serve: channel exited (code=none, signal=none, transport=ok, 0 session(s) torn down)
qwen serve: session reaper started (interval 60000ms, idle threshold 1800000ms)
qwen serve: session/load timed out after 20ms for "restore-hangs-through-timeout" on channel 86945260-ef15-4722-949a-dad69bbf506c; decision=fence_shared
qwen serve: session reaper started (interval 60000ms, idle threshold 1800000ms)
qwen serve: session reaper started (interval 60000ms, idle threshold 1800000ms)
qwen serve: session reaper started (interval 60000ms, idle threshold 1800000ms)
qwen serve: session reaper started (interval 60000ms, idle threshold 1800000ms)
qwen serve: session reaper started (interval 60000ms, idle threshold 1800000ms)
qwen serve: session reaper started (interval 60000ms, idle threshold 1800000ms)
qwen serve: session reaper started (interval 60000ms, idle threshold 1800000ms)
qwen serve: session reaper started (interval 60000ms, idle threshold 1800000ms)
qwen serve: session reaper started (interval 60000ms, idle threshold 1800000ms)
qwen serve: session reaper started (interval 60000ms, idle threshold 1800000ms)
qwen serve: session reaper started (interval 60000ms, idle threshold 1800000ms)
qwen serve: session reaper started (interval 60000ms, idle threshold 1800000ms)
qwen serve: session reaper started (interval 60000ms, idle threshold 1800000ms)
qwen serve: channel exited (code=none, signal=none, transport=ok, 0 session(s) torn down)
qwen serve: session reaper started (interval 60000ms, idle threshold 1800000ms)
qwen serve: channel exited (code=none, signal=none, transport=ok, 0 session(s) torn down)
qwen serve: session reaper started (interval 60000ms, idle threshold 1800000ms)
qwen serve: session reaper started (interval 60000ms, idle threshold 1800000ms)
qwen serve: session reaper started (interval 60000ms, idle threshold 1800000ms)
qwen serve: channel kill failed (killSession "c0:/work/a"): Error: first channel was not reaped
qwen serve: session reaper started (interval 60000ms, idle threshold 1800000ms)
qwen serve: session reaper started (interval 60000ms, idle threshold 1800000ms)
qwen serve: session reaper started (interval 60000ms, idle threshold 1800000ms)
qwen serve: session reaper started (interval 60000ms, idle threshold 1800000ms)
qwen serve: session reaper started (interval 60000ms, idle threshold 1800000ms)
qwen serve: channel liveness failed (acp_channel_liveness_timeout); killing channel
qwen serve: channel exited (code=none, signal=none, transport=acp_channel_liveness_timeout, 2 session(s) torn down)
qwen serve: session reaper started (interval 60000ms, idle threshold 1800000ms)
sendPrompt: forward failed for session transport-0:/work/a: agent channel closed mid-request (session transport-0:/work/a)
qwen serve: channel exited (code=none, signal=SIGTERM, transport=ndjson_frame_too_large, 1 session(s) torn down)
qwen serve: channel exited (code=none, signal=SIGTERM, transport=ndjson_queue_limit_exceeded, transport_detail=unknown:required=0:available=?:cap=1, 1 session(s) torn down)
qwen serve: session reaper started (interval 60000ms, idle threshold 1800000ms)
qwen serve: session reaper started (interval 60000ms, idle threshold 1800000ms)
qwen serve: channel exited (code=none, signal=none, transport=ndjson_frame_too_large, 0 session(s) torn down)
qwen serve: session reaper started (interval 60000ms, idle threshold 1800000ms)
qwen serve: channel exited (code=none, signal=SIGTERM, transport=ndjson_incomplete_frame, 0 session(s) torn down)
qwen serve: session reaper started (interval 60000ms, idle threshold 1800000ms)
qwen serve: channel exited (code=none, signal=none, transport=ndjson_queue_limit_exceeded, transport_detail=unknown:required=?:available=?:cap=?, 0 session(s) torn down)
qwen serve: session reaper started (interval 60000ms, idle threshold 1800000ms)
qwen serve: session reaper started (interval 60000ms, idle threshold 1800000ms)
qwen serve: channel exited (code=none, signal=none, transport=ok, 0 session(s) torn down)
qwen serve: session reaper started (interval 60000ms, idle threshold 1800000ms)
qwen serve: newSession timed out after 20ms on channel 606119cf-9c2c-4197-be03-557c92e2a49e; decision=fence_shared
qwen serve: session reaper started (interval 60000ms, idle threshold 1800000ms)
qwen serve: newSession timed out after 20ms on channel d94d0574-b17b-4ceb-8338-4d6719d99dca; decision=kill_empty
qwen serve: channel exited (code=none, signal=none, transport=ok, 0 session(s) torn down)
qwen serve: session reaper started (interval 60000ms, idle threshold 1800000ms)
qwen serve: newSession timed out after 20ms on channel ca9c89b1-d58a-4516-a851-48b5ad8afe1d; decision=kill_empty
qwen serve: channel exited (code=none, signal=none, transport=ok, 0 session(s) torn down)
qwen serve: session reaper started (interval 60000ms, idle threshold 1800000ms)
qwen serve: newSession timed out after 20ms on channel 2b5b973b-da28-4a76-adf4-f368eeea1693; decision=fence_shared
qwen serve: session reaper started (interval 60000ms, idle threshold 1800000ms)
qwen serve: newSession timed out after 20ms for "requested-late" on channel fbdf2ffd-9804-4232-af99-bad26a9e9f03; decision=fence_shared
qwen serve: session reaper started (interval 60000ms, idle threshold 1800000ms)
qwen serve: newSession timed out after 20ms on channel 2f0da761-6c34-49a7-ad31-dd1e1e376608; decision=fence_shared
qwen serve: abandoned newSession has not settled 20ms after its deadline; refusing fresh sessions on channel 2f0da761-6c34-49a7-ad31-dd1e1e376608 until it settles or drains
qwen serve: skipping abandoned newSession cleanup for "restoring": the id is owned by a live session
qwen serve: session reaper started (interval 60000ms, idle threshold 1800000ms)
qwen serve: newSession timed out after 20ms on channel 41cf65fa-d155-4333-ab49-a89797f94455; decision=fence_shared
qwen serve: skipping abandoned newSession cleanup for "requested-in-flight": the id is owned by a live session
qwen serve: session reaper started (interval 60000ms, idle threshold 1800000ms)
qwen serve: newSession timed out after 1000ms on channel e01efc53-0b06-4c48-8fd4-c71c6963e333; decision=fence_shared
qwen serve: session reaper started (interval 60000ms, idle threshold 1800000ms)
qwen serve: newSession timed out after 20000ms on channel 93a80770-4e37-4151-abf7-44ae3df67119; decision=fence_shared
qwen serve: quarantining ACP channel after timed-out newSession cleanup failed for "hidden-late": ACP child refused abandoned newSession cleanup
qwen serve: closing session "visible-1" (reason: last_client_detached)
qwen serve: closeSession ACP session close notification failed for session "visible-1": AcpSessionBridge closeSession timed out after 10000ms
qwen serve: channel exited (code=none, signal=none, transport=ok, 1 session(s) torn down)
qwen serve: deferred close (last_client_detached) failed for "visible-1": BridgeTimeoutError: AcpSessionBridge closeSession timed out after 10000ms
    at /Users/wenshao/git/qwen-12250-r4/packages/acp-bridge/src/with-timeout.ts:45:37
    at callTimer (file:///Users/wenshao/git/qwen-12250-r4/node_modules/vitest/dist/chunks/vi.bdSIJ99Y.js:2211:25)
    at doTickInner (file:///Users/wenshao/git/qwen-12250-r4/node_modules/vitest/dist/chunks/vi.bdSIJ99Y.js:2814:30)
    at doTick (file:///Users/wenshao/git/qwen-12250-r4/node_modules/vitest/dist/chunks/vi.bdSIJ99Y.js:2895:21)
    at Immediate.<anonymous> (file:///Users/wenshao/git/qwen-12250-r4/node_modules/vitest/dist/chunks/vi.bdSIJ99Y.js:2915:30)
    at processImmediate (node:internal/timers:484:21)
qwen serve: session reaper started (interval 60000ms, idle threshold 1800000ms)
qwen serve: newSession timed out after 20ms on channel df2a28d4-bd1a-4ff2-b9e0-a64d1a8b9094; decision=fence_shared
qwen serve: abandoned newSession has not settled 20ms after its deadline; refusing fresh sessions on channel df2a28d4-bd1a-4ff2-b9e0-a64d1a8b9094 until it settles or drains
qwen serve: closing session "visible-1" (reason: last_client_detached)
qwen serve: closeSession ACP session close notification failed for session "visible-1": AcpSessionBridge closeSession timed out after 10000ms
qwen serve: channel exited (code=none, signal=none, transport=ok, 1 session(s) torn down)
qwen serve: deferred close (last_client_detached) failed for "visible-1": BridgeTimeoutError: AcpSessionBridge closeSession timed out after 10000ms
    at /Users/wenshao/git/qwen-12250-r4/packages/acp-bridge/src/with-timeout.ts:45:37
    at callTimer (file:///Users/wenshao/git/qwen-12250-r4/node_modules/vitest/dist/chunks/vi.bdSIJ99Y.js:2211:25)
    at doTickInner (file:///Users/wenshao/git/qwen-12250-r4/node_modules/vitest/dist/chunks/vi.bdSIJ99Y.js:2814:30)
    at doTick (file:///Users/wenshao/git/qwen-12250-r4/node_modules/vitest/dist/chunks/vi.bdSIJ99Y.js:2895:21)
    at Immediate.<anonymous> (file:///Users/wenshao/git/qwen-12250-r4/node_modules/vitest/dist/chunks/vi.bdSIJ99Y.js:2915:30)
    at processImmediate (node:internal/timers:484:21)
qwen serve: session reaper started (interval 60000ms, idle threshold 1800000ms)
qwen serve: newSession timed out after 20ms on channel 822bc94f-bc42-4dc2-8320-fe5973ca9e40; decision=fence_shared
qwen serve: abandoned newSession has not settled 20ms after its deadline; refusing fresh sessions on channel 822bc94f-bc42-4dc2-8320-fe5973ca9e40 until it settles or drains
qwen serve: session reaper started (interval 60000ms, idle threshold 1800000ms)
qwen serve: newSession timed out after 20ms on channel 7a0247ab-38af-4590-89c4-f23661cd518c; decision=fence_shared
qwen serve: newSession timed out after 20ms on channel 7a0247ab-38af-4590-89c4-f23661cd518c; decision=fence_shared
qwen serve: abandoned newSession has not settled 20ms after its deadline; refusing fresh sessions on channel 7a0247ab-38af-4590-89c4-f23661cd518c until it settles or drains
qwen serve: session reaper started (interval 60000ms, idle threshold 1800000ms)
qwen serve: newSession timed out after 20ms on channel 66f7b78a-f91f-4bba-b2d8-e71ca5741b61; decision=fence_shared
qwen serve: session reaper started (interval 60000ms, idle threshold 1800000ms)
qwen serve: newSession timed out after 20ms on channel c61b51fd-98b1-47a3-8460-b6feb5754875; decision=fence_shared
qwen serve: session reaper started (interval 60000ms, idle threshold 1800000ms)
qwen serve: session reaper started (interval 60000ms, idle threshold 1800000ms)
qwen serve: session reaper started (interval 60000ms, idle threshold 1800000ms)
qwen serve: session reaper started (interval 60000ms, idle threshold 1800000ms)
qwen serve: session reaper started (interval 60000ms, idle threshold 1800000ms)
qwen serve: session reaper started (interval 60000ms, idle threshold 1800000ms)
qwen serve: session reaper started (interval 60000ms, idle threshold 1800000ms)
qwen serve: session reaper started (interval 60000ms, idle threshold 1800000ms)
qwen serve: session reaper started (interval 60000ms, idle threshold 1800000ms)
sendPrompt: forward failed for session persisted-auq: agent channel closed mid-request (session persisted-auq)
broadcastPromptCancelledOnce: suppressed duplicate cancel for session persisted-auq prompt=4429f53c-764d-4a58-a507-96d5d546317b
qwen serve: session reaper started (interval 60000ms, idle threshold 1800000ms)
sendPrompt: forward failed for session persisted-auq-deferred: agent channel closed mid-request (session persisted-auq-deferred)
broadcastPromptCancelledOnce: suppressed duplicate cancel for session persisted-auq-deferred prompt=dfcbe35c-8499-42b6-8a44-6d8290facdd4
qwen serve: session reaper started (interval 60000ms, idle threshold 1800000ms)
qwen serve: session reaper started (interval 60000ms, idle threshold 1800000ms)
sendPrompt: forward failed for session persisted-auq-resume-deferred: agent channel closed mid-request (session persisted-auq-resume-deferred)
broadcastPromptCancelledOnce: suppressed duplicate cancel for session persisted-auq-resume-deferred prompt=8e749cb4-b353-4520-98a2-649f8055c655
qwen serve: session reaper started (interval 60000ms, idle threshold 1800000ms)
qwen serve: session reaper started (interval 60000ms, idle threshold 1800000ms)
qwen serve: session reaper started (interval 60000ms, idle threshold 1800000ms)
qwen serve: session reaper started (interval 60000ms, idle threshold 1800000ms)
qwen serve: session reaper started (interval 60000ms, idle threshold 1800000ms)
qwen serve: session reaper started (interval 60000ms, idle threshold 1800000ms)
qwen serve: session reaper started (interval 60000ms, idle threshold 1800000ms)
qwen serve: session reaper started (interval 60000ms, idle threshold 1800000ms)
qwen serve: session reaper started (interval 60000ms, idle threshold 1800000ms)
qwen serve: closing session "sess:/work/a" (reason: client_close)
qwen serve: channel exited (code=none, signal=none, transport=ok, 0 session(s) torn down)
qwen serve: closing session "sess:/work/a" (reason: last_client_detached)
qwen serve: channel exited (code=none, signal=none, transport=ok, 0 session(s) torn down)
qwen serve: session reaper started (interval 60000ms, idle threshold 1800000ms)
qwen serve: session reaper started (interval 60000ms, idle threshold 1800000ms)
sendPrompt: forward failed for session sess:/work/a: continuation turn blew up
qwen serve: session reaper started (interval 60000ms, idle threshold 1800000ms)
qwen serve: session reaper started (interval 60000ms, idle threshold 1800000ms)
qwen serve: session reaper started (interval 60000ms, idle threshold 1800000ms)
qwen serve: session reaper started (interval 60000ms, idle threshold 1800000ms)
qwen serve: session reaper started (interval 60000ms, idle threshold 1800000ms)
qwen serve: session reaper started (interval 60000ms, idle threshold 1800000ms)
sendPrompt: forward failed for session sess:/work/a: temporary failure
qwen serve: session reaper started (interval 60000ms, idle threshold 1800000ms)
sendPrompt: forward failed for session sess:/work/a: terminated
qwen serve: session reaper started (interval 60000ms, idle threshold 1800000ms)
qwen serve: session reaper started (interval 60000ms, idle threshold 1800000ms)
qwen serve: session reaper started (interval 60000ms, idle threshold 1800000ms)
qwen serve: session reaper started (interval 60000ms, idle threshold 1800000ms)
qwen serve: EventBus slow_client_warning {"queueSize":192,"maxQueued":256,"lastEventId":193,"queuedBytes":70142,"maxQueuedBytes":2097152,"threshold":"frames"}
qwen serve: session reaper started (interval 60000ms, idle threshold 1800000ms)
qwen serve: EventBus slow_client_warning {"queueSize":192,"maxQueued":256,"lastEventId":193,"queuedBytes":70142,"maxQueuedBytes":2097152,"threshold":"frames"}
qwen serve: session reaper started (interval 60000ms, idle threshold 1800000ms)
qwen serve: session reaper started (interval 60000ms, idle threshold 1800000ms)
qwen serve: session reaper started (interval 60000ms, idle threshold 1800000ms)
sendPrompt: forward failed for session sess:/work/a: Internal error
qwen serve: session reaper started (interval 60000ms, idle threshold 1800000ms)
qwen serve: session reaper started (interval 60000ms, idle threshold 1800000ms)
qwen serve: session reaper started (interval 60000ms, idle threshold 1800000ms)
qwen serve: session reaper started (interval 60000ms, idle threshold 1800000ms)
qwen serve: session reaper started (interval 60000ms, idle threshold 1800000ms)
qwen serve: session reaper started (interval 60000ms, idle threshold 1800000ms)
qwen serve: session reaper started (interval 60000ms, idle threshold 1800000ms)
qwen serve: session reaper started (interval 60000ms, idle threshold 1800000ms)
qwen serve: closing session "sess:/work/a" (reason: last_client_detached)
qwen serve: channel exited (code=none, signal=none, transport=ok, 0 session(s) torn down)
qwen serve: session reaper started (interval 60000ms, idle threshold 1800000ms)
qwen serve: closing session "sess:/work/a" (reason: client_close)
qwen serve: channel exited (code=none, signal=none, transport=ok, 0 session(s) torn down)
qwen serve: session reaper started (interval 60000ms, idle threshold 1800000ms)
 ✓ src/sessionAttachments.test.ts (82 tests) 1359ms
qwen serve: killSession ACP session close notification failed for session "sess:/work/a": AcpSessionBridge killSession timed out after 20ms
qwen serve: channel exited (code=none, signal=none, transport=ok, 1 session(s) torn down)
qwen serve: session reaper started (interval 60000ms, idle threshold 1800000ms)
qwen serve: session reaper started (interval 60000ms, idle threshold 1800000ms)
broadcastPromptCancelledOnce: suppressed duplicate cancel for session sess:/work/a prompt=none
qwen serve: session reaper started (interval 60000ms, idle threshold 1800000ms)
qwen serve: session reaper started (interval 60000ms, idle threshold 1800000ms)
qwen serve: session reaper started (interval 60000ms, idle threshold 1800000ms)
broadcastPromptCancelledOnce: suppressed duplicate cancel for session sess:/work/a prompt=83f4c487-b4cd-4a35-a1c6-1d05fc4817f0
qwen serve: session reaper started (interval 60000ms, idle threshold 1800000ms)
broadcastPromptCancelledOnce: suppressed duplicate cancel for session sess:/work/a prompt=2c597862-d366-47df-8ba8-d21d0018bcc6
broadcastPromptCancelledOnce: suppressed duplicate cancel for session sess:/work/a prompt=5f43ca11-8153-43c9-973d-39548f2da451
qwen serve: session reaper started (interval 60000ms, idle threshold 1800000ms)
sendPrompt: forward failed for session sess:/work/a: forward boom
qwen serve: session reaper started (interval 60000ms, idle threshold 1800000ms)
qwen serve: closing session "sess:/work/a" (reason: client_close) by client "client_8f796483-0c3f-45cc-9240-c8451bf09b09"
qwen serve: channel exited (code=none, signal=none, transport=ok, 0 session(s) torn down)
qwen serve: session reaper started (interval 60000ms, idle threshold 1800000ms)
qwen serve: updated session metadata "sess:/work/a" displayName=set by client "client_d88d487d-0632-4ad1-bb68-76b3d532cdb8"
qwen serve: session reaper started (interval 60000ms, idle threshold 1800000ms)
qwen serve: session reaper started (interval 60000ms, idle threshold 1800000ms)
qwen serve: session reaper started (interval 60000ms, idle threshold 1800000ms)
qwen serve: session reaper started (interval 60000ms, idle threshold 1800000ms)
qwen serve: session reaper started (interval 60000ms, idle threshold 1800000ms)
qwen serve: session reaper started (interval 60000ms, idle threshold 1800000ms)
 ✓ src/eventBus.test.ts (60 tests) 68ms
qwen serve: session reaper started (interval 60000ms, idle threshold 1800000ms)
sendPrompt: forward failed for session sess:/work/a: first prompt failed
qwen serve: session reaper started (interval 60000ms, idle threshold 1800000ms)
[pending-prompt] session=sess:/work/a removing promptId=ab7322ab-11d1-4d40-8334-a188ba333db0 state=queued
qwen serve: session reaper started (interval 60000ms, idle threshold 1800000ms)
qwen serve: session reaper started (interval 60000ms, idle threshold 1800000ms)
qwen serve: session reaper started (interval 60000ms, idle threshold 1800000ms)
qwen serve: session reaper started (interval 60000ms, idle threshold 1800000ms)
qwen serve: session reaper started (interval 60000ms, idle threshold 1800000ms)
qwen serve: closing session "sess:/work/a" (reason: client_close)
qwen serve: channel exited (code=none, signal=none, transport=ok, 0 session(s) torn down)
qwen serve: session reaper started (interval 60000ms, idle threshold 1800000ms)
qwen serve: closing session "sess:/work/a" (reason: client_close)
qwen serve: channel exited (code=none, signal=none, transport=ok, 0 session(s) torn down)
qwen serve: session reaper started (interval 60000ms, idle threshold 1800000ms)
qwen serve: session reaper started (interval 60000ms, idle threshold 1800000ms)
qwen serve: session reaper started (interval 60000ms, idle threshold 1800000ms)
qwen serve: session reaper started (interval 60000ms, idle threshold 1800000ms)
qwen serve: session reaper started (interval 60000ms, idle threshold 1800000ms)
qwen serve: session reaper started (interval 60000ms, idle threshold 1800000ms)
qwen serve: session reaper started (interval 60000ms, idle threshold 1800000ms)
qwen serve: channel exited (code=1, signal=none, transport=ok, 1 session(s) torn down)
qwen serve: session reaper started (interval 60000ms, idle threshold 1800000ms)
qwen serve: channel exited (code=1, signal=none, transport=ok, 1 session(s) torn down)
qwen serve: session reaper started (interval 60000ms, idle threshold 1800000ms)
qwen serve: session reaper started (interval 60000ms, idle threshold 1800000ms)
qwen serve: session reaper started (interval 60000ms, idle threshold 1800000ms)
qwen serve: session reaper started (interval 60000ms, idle threshold 1800000ms)
qwen serve: killSession ACP session close notification failed for session "s0:/work/a": agent refuses close (overlap test)
qwen serve: session reaper started (interval 60000ms, idle threshold 1800000ms)
qwen serve: session reaper started (interval 60000ms, idle threshold 1800000ms)
qwen serve: session reaper started (interval 60000ms, idle threshold 1800000ms)
sendPrompt: forward failed for session sess:/work/a: first prompt boom
qwen serve: session reaper started (interval 60000ms, idle threshold 1800000ms)
qwen serve: session reaper started (interval 60000ms, idle threshold 1800000ms)
qwen serve: session reaper started (interval 60000ms, idle threshold 1800000ms)
qwen serve: session reaper started (interval 60000ms, idle threshold 1800000ms)
qwen serve: session reaper started (interval 60000ms, idle threshold 1800000ms)
qwen serve: session reaper started (interval 60000ms, idle threshold 1800000ms)
qwen serve: session reaper started (interval 60000ms, idle threshold 1800000ms)
qwen serve: session reaper started (interval 60000ms, idle threshold 1800000ms)
qwen serve: session reaper started (interval 60000ms, idle threshold 1800000ms)
qwen serve: session reaper started (interval 60000ms, idle threshold 1800000ms)
qwen serve: session reaper started (interval 60000ms, idle threshold 1800000ms)
qwen serve: session reaper started (interval 60000ms, idle threshold 1800000ms)
qwen serve: session reaper started (interval 60000ms, idle threshold 1800000ms)
qwen serve: session reaper started (interval 60000ms, idle threshold 1800000ms)
qwen serve: session reaper started (interval 60000ms, idle threshold 1800000ms)
qwen serve: session reaper started (interval 60000ms, idle threshold 1800000ms)
qwen serve: session reaper started (interval 60000ms, idle threshold 1800000ms)
[pending-prompt] session=sess:/work/a removing promptId=removed-after-promotion state=queued
qwen serve: session reaper started (interval 60000ms, idle threshold 1800000ms)
qwen serve: session reaper started (interval 60000ms, idle threshold 1800000ms)
[pending-prompt] session=sess:/work/a removing promptId=media-delete-queued state=queued
qwen serve: session reaper started (interval 60000ms, idle threshold 1800000ms)
qwen serve: session reaper started (interval 60000ms, idle threshold 1800000ms)
 ✓ src/spawnChannel.test.ts (59 tests) 173ms
[pending-prompt] session=sess:/work/a removing promptId=c147ddba-a373-4b52-90b8-37cb0ba6bf62 state=running
sendPrompt: forward failed for session sess:/work/a: cancelled
broadcastPromptCancelledOnce: suppressed duplicate cancel for session sess:/work/a prompt=c147ddba-a373-4b52-90b8-37cb0ba6bf62
qwen serve: session reaper started (interval 60000ms, idle threshold 1800000ms)
[pending-prompt] session=sess:/work/a removing promptId=240bb675-c95c-4250-9a0e-da55670d16f3 state=running
qwen serve: session reaper started (interval 60000ms, idle threshold 1800000ms)
qwen serve: session reaper started (interval 60000ms, idle threshold 1800000ms)
qwen serve: session reaper started (interval 60000ms, idle threshold 1800000ms)
qwen serve: session reaper started (interval 60000ms, idle threshold 1800000ms)
qwen serve: session reaper started (interval 60000ms, idle threshold 1800000ms)
qwen serve: session reaper started (interval 60000ms, idle threshold 1800000ms)
qwen serve: session reaper started (interval 60000ms, idle threshold 1800000ms)
qwen serve: session reaper started (interval 60000ms, idle threshold 1800000ms)
qwen serve: session reaper started (interval 60000ms, idle threshold 1800000ms)
qwen serve: session reaper started (interval 60000ms, idle threshold 1800000ms)
qwen serve: session reaper started (interval 60000ms, idle threshold 1800000ms)
qwen serve: session reaper started (interval 60000ms, idle threshold 1800000ms)
qwen serve: session reaper started (interval 60000ms, idle threshold 1800000ms)
qwen serve: session reaper started (interval 60000ms, idle threshold 1800000ms)
qwen serve: session reaper started (interval 60000ms, idle threshold 1800000ms)
qwen serve: session reaper started (interval 60000ms, idle threshold 1800000ms)
permissionMediator: consensus request req-1 for session sess-1 requires unanimity (votersAtIssue.size=2, default quorum=floor(M/2)+1=2); split votes will only resolve via voter cancellation, session cancellation, or permissionTimeoutMs (5000ms). This breadcrumb fires once per mediator lifetime; subsequent unanimity-required requests are silent.
qwen serve: permission req-1 (session sess-1) timed out after 5000ms
qwen serve: permission req-1 (session sess-1): vote rejected (designated_mismatch (voter is not the prompt originator)) by client "client_B"
qwen serve: permission req-1 (session sess-1): vote rejected (designated_mismatch (voter not in consensus votersAtIssue snapshot)) by client <anonymous>
permissionMediator: consensus request req-1 for session sess-1 requires unanimity (votersAtIssue.size=2, default quorum=floor(M/2)+1=2); split votes will only resolve via voter cancellation, session cancellation, or permissionTimeoutMs (5000ms). This breadcrumb fires once per mediator lifetime; subsequent unanimity-required requests are silent.
qwen serve: permission req-1 (session sess-1): vote rejected (designated_mismatch (voter not in consensus votersAtIssue snapshot)) by client "client_late_join"
qwen serve: permission req-1 (session sess-1) timed out after 5000ms
permissionMediator: consensusQuorum override 100 capped to 3 (votersAtIssue.size=3) for request req-1 session sess-1
qwen serve: permission req-1 (session sess-1): vote rejected (remote_not_allowed (local-only policy; vote not from loopback)) by client "client_A"
permissionMediator: emit failed for session="sess-1" type="permission_resolved": Error: bus closed during shutdown
permissionMediator: emit failed for session="sess-1" type="permission_already_resolved": Error: bus closed during shutdown
permissionMediator: audit publisher threw: Error: audit ring full
permissionMediator: audit publisher threw: Error: audit ring full
permissionMediator: audit publisher threw: Error: audit publisher transient error
permissionMediator: audit publisher threw: Error: audit publisher transient error
qwen serve: permission req-1 (session sess-1) timed out after 5000ms
permissionMediator: audit publisher threw: Error: audit publisher transient error
 ✓ src/permissionMediator.test.ts (42 tests) 19ms
qwen serve: session reaper started (interval 60000ms, idle threshold 1800000ms)
qwen serve: session reaper started (interval 60000ms, idle threshold 1800000ms)
qwen serve: session reaper started (interval 60000ms, idle threshold 1800000ms)
qwen serve: session reaper started (interval 60000ms, idle threshold 1800000ms)
qwen serve: session reaper started (interval 60000ms, idle threshold 1800000ms)
[pending-prompt] session=sess:/work/a removing promptId=prompt-running-remove state=running
qwen serve: session reaper started (interval 60000ms, idle threshold 1800000ms)
[pending-prompt] session=sess:/work/a removing promptId=prompt-queued-remove state=queued
qwen serve: session reaper started (interval 60000ms, idle threshold 1800000ms)
qwen serve: session reaper started (interval 60000ms, idle threshold 1800000ms)
sendPrompt: prompt prompt-deadline-settled exceeded 50ms deadline for session sess:/work/a; agent may still be executing
qwen serve: session reaper started (interval 60000ms, idle threshold 1800000ms)
sendPrompt: prompt prompt-deadline-pending exceeded 50ms deadline for session sess:/work/a; agent may still be executing
qwen serve: session reaper started (interval 60000ms, idle threshold 1800000ms)
sendPrompt: prompt prompt-both-error exceeded 50ms deadline for session sess:/work/a; agent may still be executing
qwen serve: session reaper started (interval 60000ms, idle threshold 1800000ms)
sendPrompt: prompt prompt-supersede-display exceeded 50ms deadline for session sess:/work/a; agent may still be executing
qwen serve: session reaper started (interval 60000ms, idle threshold 1800000ms)
qwen serve: session reaper started (interval 60000ms, idle threshold 1800000ms)
qwen serve: session reaper started (interval 60000ms, idle threshold 1800000ms)
qwen serve: session reaper started (interval 60000ms, idle threshold 1800000ms)
qwen serve: session reaper started (interval 60000ms, idle threshold 1800000ms)
[pending-prompt] session=sess:/work/a removing promptId=prompt-b state=queued
qwen serve: session reaper started (interval 60000ms, idle threshold 1800000ms)
sendPrompt: prompt prompt-wedged exceeded 50ms deadline for session sess:/work/a; agent may still be executing
qwen serve: session reaper started (interval 60000ms, idle threshold 1800000ms)
qwen serve: session reaper started (interval 60000ms, idle threshold 1800000ms)
sendPrompt: prompt prompt-queued-deadline exceeded 50ms deadline for session sess:/work/a; agent may still be executing
sendPrompt: forward failed for session sess:/work/a: agent channel closed mid-request (session sess:/work/a)
broadcastPromptCancelledOnce: suppressed duplicate cancel for session sess:/work/a prompt=prompt-head
qwen serve: session reaper started (interval 60000ms, idle threshold 1800000ms)
qwen serve: closing session "sess:/work/a" (reason: last_client_detached)
qwen serve: channel exited (code=none, signal=none, transport=ok, 0 session(s) torn down)
qwen serve: session reaper started (interval 60000ms, idle threshold 1800000ms)
qwen serve: closing session "sess:/work/a" (reason: client_close)
qwen serve: channel exited (code=none, signal=none, transport=ok, 0 session(s) torn down)
sendPrompt: forward failed for session sess:/work/a: agent channel closed mid-request (session sess:/work/a)
broadcastPromptCancelledOnce: suppressed duplicate cancel for session sess:/work/a prompt=prompt-a
qwen serve: session reaper started (interval 60000ms, idle threshold 1800000ms)
[pending-prompt] session=sess:/work/a removing promptId=prompt-removed-running state=running
qwen serve: closing session "sess:/work/a" (reason: client_close)
qwen serve: channel exited (code=none, signal=none, transport=ok, 0 session(s) torn down)
sendPrompt: forward failed for session sess:/work/a: agent channel closed mid-request (session sess:/work/a)
broadcastPromptCancelledOnce: suppressed duplicate cancel for session sess:/work/a prompt=prompt-removed-running
qwen serve: session reaper started (interval 60000ms, idle threshold 1800000ms)
[pending-prompt] session=sess:/work/a removing promptId=prompt-promoted state=running
 ✓ src/ndJsonStream.test.ts (41 tests) 955ms
   ✓ ndJsonStream > cancel while backpressured wakes the pump without a transport error  452ms
qwen serve: session reaper started (interval 60000ms, idle threshold 1800000ms)
qwen serve: channel exited (code=none, signal=none, transport=ok, 0 session(s) torn down)
sendPrompt: forward failed for session sess:/work/a: agent channel closed mid-request (session sess:/work/a)
broadcastPromptCancelledOnce: suppressed duplicate cancel for session sess:/work/a prompt=prompt-a
qwen serve: session reaper started (interval 60000ms, idle threshold 1800000ms)
broadcastPromptCancelledOnce: suppressed duplicate cancel for session sess:/work/a prompt=prompt-a
[pending-prompt] session=sess:/work/a removing promptId=prompt-b state=queued
sendPrompt: prompt prompt-a exceeded 60ms deadline for session sess:/work/a; agent may still be executing
 ✓ src/process-registry.test.ts (37 tests) 34ms
qwen serve: session reaper started (interval 60000ms, idle threshold 1800000ms)
qwen serve: channel exited (code=1, signal=none, transport=ok, 1 session(s) torn down)
sendPrompt: forward failed for session sess:/work/a: agent channel closed mid-request (session sess:/work/a)
broadcastPromptCancelledOnce: suppressed duplicate cancel for session sess:/work/a prompt=prompt-a
[pending-prompt] cancel forward failed after removePendingPrompt session=sess:/work/a: agent channel closed mid-request (session sess:/work/a)
qwen serve: session reaper started (interval 60000ms, idle threshold 1800000ms)
qwen serve: session reaper started (interval 60000ms, idle threshold 1800000ms)
qwen serve: session reaper started (interval 60000ms, idle threshold 1800000ms)
qwen serve: session reaper started (interval 60000ms, idle threshold 1800000ms)
[pending-prompt] session=sess:/work/a removing promptId=prompt-b state=queued
qwen serve: session reaper started (interval 60000ms, idle threshold 1800000ms)
broadcastPromptCancelledOnce: suppressed duplicate cancel for session sess:/work/a prompt=prompt-a
qwen serve: session reaper started (interval 60000ms, idle threshold 1800000ms)
sendPrompt: forward failed for session sess:/work/a: agent blew up
qwen serve: session reaper started (interval 60000ms, idle threshold 1800000ms)
sendPrompt: prompt prompt-a exceeded 30ms deadline for session sess:/work/a; agent may still be executing
qwen serve: session reaper started (interval 60000ms, idle threshold 1800000ms)
qwen serve: session reaper started (interval 60000ms, idle threshold 1800000ms)
qwen serve: session reaper started (interval 60000ms, idle threshold 1800000ms)
qwen serve: session reaper started (interval 60000ms, idle threshold 1800000ms)
broadcastPromptCancelledOnce: suppressed duplicate cancel for session sess:/work/a prompt=prompt-child-admission
qwen serve: session reaper started (interval 60000ms, idle threshold 1800000ms)
broadcastPromptCancelledOnce: suppressed duplicate cancel for session sess:/work/a prompt=prompt-first
qwen serve: session reaper started (interval 60000ms, idle threshold 1800000ms)
broadcastPromptCancelledOnce: suppressed duplicate cancel for session sess:/work/a prompt=prompt-first
qwen serve: channel exited (code=1, signal=none, transport=ok, 1 session(s) torn down)
sendPrompt: forward failed for session sess:/work/a: agent channel closed mid-request (session sess:/work/a)
broadcastPromptCancelledOnce: suppressed duplicate cancel for session sess:/work/a prompt=prompt-first
[pending-prompt] cancel forward failed after removePendingPrompt session=sess:/work/a: agent channel closed mid-request (session sess:/work/a)
qwen serve: session reaper started (interval 60000ms, idle threshold 1800000ms)
broadcastPromptCancelledOnce: suppressed duplicate cancel for session sess:/work/a prompt=prompt-standard-cancel
qwen serve: session reaper started (interval 60000ms, idle threshold 1800000ms)
qwen serve: session reaper started (interval 60000ms, idle threshold 1800000ms)
qwen serve: session reaper started (interval 60000ms, idle threshold 1800000ms)
qwen serve: session reaper started (interval 60000ms, idle threshold 1800000ms)
qwen serve: session reaper started (interval 60000ms, idle threshold 1800000ms)
qwen serve: session reaper started (interval 60000ms, idle threshold 1800000ms)
qwen serve: session reaper started (interval 60000ms, idle threshold 1800000ms)
qwen serve: session reaper started (interval 60000ms, idle threshold 1800000ms)
qwen serve: session reaper started (interval 60000ms, idle threshold 1800000ms)
qwen serve: session reaper started (interval 60000ms, idle threshold 1800000ms)
qwen serve: session reaper started (interval 60000ms, idle threshold 1800000ms)
qwen serve: session reaper started (interval 60000ms, idle threshold 1800000ms)
qwen serve: session reaper started (interval 60000ms, idle threshold 1800000ms)
qwen serve: session reaper started (interval 60000ms, idle threshold 1800000ms)
qwen serve: session reaper started (interval 60000ms, idle threshold 1800000ms)
qwen serve: session reaper started (interval 60000ms, idle threshold 1800000ms)
qwen serve: session reaper started (interval 60000ms, idle threshold 1800000ms)
qwen serve: session reaper started (interval 60000ms, idle threshold 1800000ms)
qwen serve: session reaper started (interval 60000ms, idle threshold 1800000ms)
qwen serve: session reaper started (interval 60000ms, idle threshold 1800000ms)
qwen serve: session reaper started (interval 60000ms, idle threshold 1800000ms)
qwen serve: session reaper started (interval 60000ms, idle threshold 1800000ms)
qwen serve: session reaper started (interval 60000ms, idle threshold 1800000ms)
qwen serve: session reaper started (interval 60000ms, idle threshold 1800000ms)
qwen serve: session reaper started (interval 60000ms, idle threshold 1800000ms)
qwen serve: legacy permission vote "does-not-exist" has no live session (peek returned undefined); returning 404.
qwen serve: session reaper started (interval 60000ms, idle threshold 1800000ms)
qwen serve: legacy permission vote "does-not-exist" has no live session (peek returned undefined); returning 404.
qwen serve: legacy permission vote "does-not-exist" has no live session (peek returned undefined); returning 404.
qwen serve: legacy permission vote "does-not-exist" has no live session (peek returned undefined); returning 404.
qwen serve: session reaper started (interval 60000ms, idle threshold 1800000ms)
qwen serve: session reaper started (interval 60000ms, idle threshold 1800000ms)
qwen serve: session reaper started (interval 60000ms, idle threshold 1800000ms)
qwen serve: session reaper started (interval 60000ms, idle threshold 1800000ms)
qwen serve: session reaper started (interval 60000ms, idle threshold 1800000ms)
qwen serve: session reaper started (interval 60000ms, idle threshold 1800000ms)
qwen serve: session reaper started (interval 60000ms, idle threshold 1800000ms)
[reconcile] session=sess:/work/a target=model action=skipped reason=roundtrip_failed
qwen serve: session reaper started (interval 60000ms, idle threshold 1800000ms)
[reconcile] session=sess:/work/a target=model action=skipped reason=roundtrip_failed
qwen serve: session reaper started (interval 60000ms, idle threshold 1800000ms)
qwen serve: channel exited (code=none, signal=none, transport=ok, 1 session(s) torn down)
qwen serve: session reaper started (interval 60000ms, idle threshold 1800000ms)
qwen serve: session reaper started (interval 60000ms, idle threshold 1800000ms)
[reconcile] session=sess:/work/a target=model action=skipped reason=roundtrip_failed
qwen serve: session reaper started (interval 60000ms, idle threshold 1800000ms)
[reconcile] session=sess:/work/a target=model action=skipped reason=roundtrip_failed
qwen serve: session reaper started (interval 60000ms, idle threshold 1800000ms)
qwen serve: session reaper started (interval 60000ms, idle threshold 1800000ms)
qwen serve: session reaper started (interval 60000ms, idle threshold 1800000ms)
qwen serve: session reaper started (interval 60000ms, idle threshold 1800000ms)
qwen serve: channel exited (code=none, signal=none, transport=ok, 1 session(s) torn down)
sendPrompt: forward failed for session stuck:/work/a: agent channel closed mid-request (session stuck:/work/a)
broadcastPromptCancelledOnce: suppressed duplicate cancel for session stuck:/work/a prompt=717457bf-a53a-4755-a82f-2ff7bcd194fe
[pending-prompt] cancel forward failed after removePendingPrompt session=stuck:/work/a: agent channel closed mid-request (session stuck:/work/a)
qwen serve: session reaper started (interval 60000ms, idle threshold 1800000ms)
qwen serve: session reaper started (interval 60000ms, idle threshold 1800000ms)
qwen serve: session reaper started (interval 60000ms, idle threshold 1800000ms)
qwen serve: session reaper started (interval 60000ms, idle threshold 1800000ms)
qwen serve: session reaper started (interval 60000ms, idle threshold 1800000ms)
qwen serve: session reaper started (interval 60000ms, idle threshold 1800000ms)
qwen serve: channel exited (code=none, signal=none, transport=ok, 0 session(s) torn down)
qwen serve: session reaper started (interval 60000ms, idle threshold 1800000ms)
qwen serve: session reaper started (interval 60000ms, idle threshold 1800000ms)
qwen serve: session reaper started (interval 60000ms, idle threshold 1800000ms)
qwen serve: session reaper started (interval 60000ms, idle threshold 1800000ms)
qwen serve: session reaper started (interval 60000ms, idle threshold 1800000ms)
qwen serve: session reaper started (interval 60000ms, idle threshold 1800000ms)
qwen serve: session reaper started (interval 60000ms, idle threshold 1800000ms)
qwen serve: session reaper started (interval 60000ms, idle threshold 1800000ms)
qwen serve: session reaper started (interval 60000ms, idle threshold 1800000ms)
qwen serve: session reaper started (interval 60000ms, idle threshold 1800000ms)
qwen serve: session reaper started (interval 60000ms, idle threshold 1800000ms)
qwen serve: session reaper started (interval 60000ms, idle threshold 1800000ms)
qwen serve: session reaper started (interval 60000ms, idle threshold 1800000ms)
qwen serve: session reaper started (interval 60000ms, idle threshold 1800000ms)
qwen serve: session reaper started (interval 60000ms, idle threshold 1800000ms)
qwen serve: closing session "sess:/work/a" (reason: client_close)
qwen serve: channel exited (code=none, signal=none, transport=ok, 0 session(s) torn down)
qwen serve: session reaper started (interval 60000ms, idle threshold 1800000ms)
qwen serve: session lifecycle callback failed: host listener boom
qwen serve: closing session "sess:/work/a" (reason: client_close)
qwen serve: session lifecycle callback failed: host listener boom
qwen serve: channel exited (code=none, signal=none, transport=ok, 0 session(s) torn down)
qwen serve: session reaper started (interval 60000ms, idle threshold 1800000ms)
qwen serve: updated session metadata "sess:/work/a" displayName=set
qwen serve: session reaper started (interval 60000ms, idle threshold 1800000ms)
qwen serve: session reaper started (interval 60000ms, idle threshold 1800000ms)
qwen serve: session reaper started (interval 60000ms, idle threshold 1800000ms)
qwen serve: session reaper started (interval 60000ms, idle threshold 1800000ms)
qwen serve: branchSession load failed for branch-restore-fails; closing partial live state while preserving the committed session...
qwen serve: session reaper started (interval 60000ms, idle threshold 1800000ms)
qwen serve: session reaper started (interval 60000ms, idle threshold 1800000ms)
qwen serve: session reaper started (interval 60000ms, idle threshold 1800000ms)
qwen serve: session reaper started (interval 60000ms, idle threshold 1800000ms)
qwen serve: session reaper started (interval 60000ms, idle threshold 1800000ms)
qwen serve: session reaper started (interval 60000ms, idle threshold 1800000ms)
qwen serve: session reaper started (interval 60000ms, idle threshold 1800000ms)
qwen serve: session reaper started (interval 60000ms, idle threshold 1800000ms)
qwen serve: session reaper started (interval 60000ms, idle threshold 1800000ms)
qwen serve: session reaper started (interval 60000ms, idle threshold 1800000ms)
qwen serve: session reaper started (interval 60000ms, idle threshold 1800000ms)
qwen serve: session reaper started (interval 60000ms, idle threshold 1800000ms)
qwen serve: session reaper started (interval 60000ms, idle threshold 1800000ms)
qwen serve: session reaper started (interval 60000ms, idle threshold 1800000ms)
qwen serve: session reaper started (interval 60000ms, idle threshold 1800000ms)
qwen serve: session reaper started (interval 60000ms, idle threshold 1800000ms)
qwen serve: session reaper started (interval 60000ms, idle threshold 1800000ms)
qwen serve: session reaper started (interval 60000ms, idle threshold 1800000ms)
qwen serve: session reaper started (interval 60000ms, idle threshold 1800000ms)
qwen serve: session reaper started (interval 60000ms, idle threshold 1800000ms)
qwen serve: channel exited (code=none, signal=none, transport=ok, 0 session(s) torn down)
qwen serve: session reaper started (interval 60000ms, idle threshold 1800000ms)
qwen serve: session reaper started (interval 60000ms, idle threshold 1800000ms)
qwen serve: session reaper started (interval 60000ms, idle threshold 1800000ms)
qwen serve: session reaper started (interval 60000ms, idle threshold 1800000ms)
qwen serve: session reaper started (interval 60000ms, idle threshold 1800000ms)
qwen serve: branchSession load failed for side-admission; closing partial live state while preserving the committed session...
qwen serve: session reaper started (interval 60000ms, idle threshold 1800000ms)
qwen serve: session reaper started (interval 60000ms, idle threshold 1800000ms)
qwen serve: session reaper started (interval 60000ms, idle threshold 1800000ms)
qwen serve: session reaper started (interval 60000ms, idle threshold 1800000ms)
qwen serve: session reaper started (interval 60000ms, idle threshold 1800000ms)
sendPrompt: forward failed for session sess:/work/a: agent channel closed mid-request (session sess:/work/a)
broadcastPromptCancelledOnce: suppressed duplicate cancel for session sess:/work/a prompt=b486edda-abb1-48d4-8ba9-c2c96ffd8cb8
qwen serve: session reaper started (interval 60000ms, idle threshold 1800000ms)
qwen serve: session reaper started (interval 60000ms, idle threshold 1800000ms)
qwen serve: session reaper started (interval 60000ms, idle threshold 1800000ms)
qwen serve: session reaper started (interval 60000ms, idle threshold 1800000ms)
qwen serve: session reaper started (interval 60000ms, idle threshold 1800000ms)
qwen serve: session reaper started (interval 60000ms, idle threshold 1800000ms)
qwen serve: closing session "sess:/work/a" (reason: last_client_detached)
qwen serve: channel exited (code=none, signal=none, transport=ok, 0 session(s) torn down)
qwen serve: session reaper started (interval 60000ms, idle threshold 1800000ms)
qwen serve: closing session "sess:/work/a" (reason: last_client_detached)
qwen serve: channel exited (code=none, signal=none, transport=ok, 0 session(s) torn down)
qwen serve: session reaper started (interval 60000ms, idle threshold 1800000ms)
qwen serve: session reaper started (interval 60000ms, idle threshold 1800000ms)
 ✓ src/bridge-worktree-reset.test.ts (12 tests) 90ms
qwen serve: session reaper started (interval 60000ms, idle threshold 1800000ms)
qwen serve: session reaper started (interval 60000ms, idle threshold 1800000ms)
qwen serve: session reaper started (interval 60000ms, idle threshold 1800000ms)
qwen serve: session reaper started (interval 60000ms, idle threshold 1800000ms)
qwen serve: channel exited (code=none, signal=none, transport=ok, 1 session(s) torn down)
qwen serve: source metadata for sess:/work/a during session restore was not persisted (agent channel closed mid-request (session sess:/work/a)) — the source is live-only until restart (reported to the caller via sourcePersisted=false)
qwen serve: session reaper started (interval 60000ms, idle threshold 1800000ms)
qwen serve: channel exited (code=none, signal=none, transport=ok, 1 session(s) torn down)
qwen serve: source metadata for restore-source-channel-exit during session restore was not persisted (agent channel closed mid-request (session restore-source-channel-exit)) — the source is live-only until restart (reported to the caller via sourcePersisted=false)
qwen serve: session reaper started (interval 60000ms, idle threshold 1800000ms)
qwen serve: session reaper started (interval 60000ms, idle threshold 1800000ms)
qwen serve: session reaper started (interval 60000ms, idle threshold 1800000ms)
qwen serve: source metadata for restore-source-failed during session restore was not persisted ([object Object]) — the source is live-only until restart (reported to the caller via sourcePersisted=false)
qwen serve: session reaper started (interval 60000ms, idle threshold 1800000ms)
qwen serve: session reaper started (interval 60000ms, idle threshold 1800000ms)
qwen serve: session reaper started (interval 60000ms, idle threshold 1800000ms)
qwen serve: parentSessionId for sess:/work/a was not persisted (unknown) — the parent link is live-only until restart (reported to the caller via parentSessionPersisted=false)
qwen serve: session reaper started (interval 60000ms, idle threshold 1800000ms)
qwen serve: session reaper started (interval 60000ms, idle threshold 1800000ms)
qwen serve: parentSessionId for sess:/work/a was not persisted (unknown) — the parent link is live-only until restart (reported to the caller via parentSessionPersisted=false)
qwen serve: session reaper started (interval 60000ms, idle threshold 1800000ms)
qwen serve: session reaper started (interval 60000ms, idle threshold 1800000ms)
qwen serve: parentSessionId for sess:/work/a was not persisted (unknown) — the parent link is live-only until restart (reported to the caller via parentSessionPersisted=false)
qwen serve: session reaper started (interval 60000ms, idle threshold 1800000ms)
qwen serve: parentSessionId for sess:/work/a was not persisted ([object Object]) — the parent link is live-only until restart (reported to the caller via parentSessionPersisted=false)
qwen serve: session reaper started (interval 60000ms, idle threshold 1800000ms)
qwen serve: session reaper started (interval 60000ms, idle threshold 1800000ms)
qwen serve: parentSessionId for sess:/work/a was not persisted (unknown) — the parent link is live-only until restart (reported to the caller via parentSessionPersisted=false)
qwen serve: session reaper started (interval 60000ms, idle threshold 1800000ms)
qwen serve: parentSessionId for sess:/work/a was not persisted ([object Object]) — the parent link is live-only until restart (reported to the caller via parentSessionPersisted=false)
qwen serve: session reaper started (interval 60000ms, idle threshold 1800000ms)
qwen serve: session reaper started (interval 60000ms, idle threshold 1800000ms)
qwen serve: parentSessionId for sess:/work/a was not persisted (AcpSessionBridge sessionParent timed out after 50ms) — the parent link is live-only until restart (reported to the caller via parentSessionPersisted=false)
qwen serve: session reaper started (interval 60000ms, idle threshold 1800000ms)
qwen serve: session reaper started (interval 60000ms, idle threshold 1800000ms)
qwen serve: session reaper started (interval 60000ms, idle threshold 1800000ms)
qwen serve: session reaper started (interval 60000ms, idle threshold 1800000ms)
qwen serve: session reaper started (interval 60000ms, idle threshold 1800000ms)
qwen serve: session reaper started (interval 60000ms, idle threshold 1800000ms)
qwen serve: session reaper started (interval 60000ms, idle threshold 1800000ms)
qwen serve: session reaper started (interval 60000ms, idle threshold 1800000ms)
qwen serve: session reaper started (interval 60000ms, idle threshold 1800000ms)
qwen serve: session reaper started (interval 60000ms, idle threshold 1800000ms)
qwen serve: session reaper started (interval 60000ms, idle threshold 1800000ms)
qwen serve: session reaper started (interval 60000ms, idle threshold 1800000ms)
qwen serve: session reaper started (interval 60000ms, idle threshold 1800000ms)
qwen serve: session sess:/work/a cwd changed: /work/a -> /work/a
qwen serve: session sess:/work/a#2 cwd changed: /work/a -> /work/b
qwen serve: session reaper started (interval 60000ms, idle threshold 1800000ms)
qwen serve: session sess:/work/a cwd changed: /work/a -> /work/b
qwen serve: session reaper started (interval 60000ms, idle threshold 1800000ms)
qwen serve: session reaper started (interval 60000ms, idle threshold 1800000ms)
qwen serve: session sess:/work/a cwd changed: /work/a -> /work/b
qwen serve: session reaper started (interval 60000ms, idle threshold 1800000ms)
[reconcile] session=sess:/work/a target=approvalMode action=corrected cached=plan actual=plan
[demux] session=sess:/work/a type=current_mode_update action=promoted mode=plan
qwen serve: session reaper started (interval 60000ms, idle threshold 1800000ms)
qwen serve: session reaper started (interval 60000ms, idle threshold 1800000ms)
qwen serve: session reaper started (interval 60000ms, idle threshold 1800000ms)
[reconcile] session=sess:/work/a target=approvalMode action=skipped reason=roundtrip_failed
qwen serve: closing session "sess:/work/a" (reason: approval_mode_initialization_failed)
qwen serve: session reaper started (interval 60000ms, idle threshold 1800000ms)
[reconcile] session=sess:/work/a target=approvalMode action=skipped reason=roundtrip_failed
qwen serve: closing session "sess:/work/a" (reason: approval_mode_initialization_failed)
qwen serve: session reaper started (interval 60000ms, idle threshold 1800000ms)
[reconcile] session=sess:/work/a target=approvalMode action=skipped reason=roundtrip_failed
qwen serve: closing session "sess:/work/a" (reason: last_client_detached)
qwen serve: session reaper started (interval 1ms, idle threshold 1ms)
qwen serve: reaping idle session "sess:/work/a" (idle for 0s, threshold 0s)
qwen serve: session reaper started (interval 60000ms, idle threshold 1800000ms)
[reconcile] session=restore-with-mode target=approvalMode action=skipped reason=roundtrip_failed
qwen serve: session reaper started (interval 60000ms, idle threshold 1800000ms)
[reconcile] session=sess:/work/a target=approvalMode action=skipped reason=roundtrip_failed
qwen serve: completing deferred kill of session "sess:/work/a" (attach_rollback)
qwen serve: session reaper started (interval 60000ms, idle threshold 1800000ms)
qwen serve: session reaper started (interval 60000ms, idle threshold 1800000ms)
qwen serve: session reaper started (interval 60000ms, idle threshold 1800000ms)
qwen serve: session reaper started (interval 60000ms, idle threshold 1800000ms)
qwen serve: session reaper started (interval 60000ms, idle threshold 1800000ms)
[reconcile] session=sess:/work/a target=approvalMode action=skipped reason=roundtrip_failed
qwen serve: session reaper started (interval 60000ms, idle threshold 1800000ms)
qwen serve: session reaper started (interval 60000ms, idle threshold 1800000ms)
qwen serve: session reaper started (interval 60000ms, idle threshold 1800000ms)
qwen serve: session reaper started (interval 60000ms, idle threshold 1800000ms)
qwen serve: session reaper started (interval 60000ms, idle threshold 1800000ms)
qwen serve: session reaper started (interval 60000ms, idle threshold 1800000ms)
qwen serve: session reaper started (interval 60000ms, idle threshold 1800000ms)
qwen serve: session reaper started (interval 60000ms, idle threshold 1800000ms)
qwen serve: session reaper started (interval 60000ms, idle threshold 1800000ms)
qwen serve: session reaper started (interval 60000ms, idle threshold 1800000ms)
qwen serve: session reaper started (interval 60000ms, idle threshold 1800000ms)
qwen serve: session reaper started (interval 60000ms, idle threshold 1800000ms)
qwen serve: session reaper started (interval 60000ms, idle threshold 1800000ms)
qwen serve: session reaper started (interval 60000ms, idle threshold 1800000ms)
qwen serve: session reaper started (interval 60000ms, idle threshold 1800000ms)
qwen serve: session reaper started (interval 60000ms, idle threshold 1800000ms)
qwen serve: session reaper started (interval 60000ms, idle threshold 1800000ms)
qwen serve: session reaper started (interval 60000ms, idle threshold 1800000ms)
qwen serve: session reaper started (interval 60000ms, idle threshold 1800000ms)
qwen serve: session reaper started (interval 60000ms, idle threshold 1800000ms)
qwen serve: session reaper started (interval 60000ms, idle threshold 1800000ms)
qwen serve: session reaper started (interval 60000ms, idle threshold 1800000ms)
qwen serve: session reaper started (interval 60000ms, idle threshold 1800000ms)
qwen serve: session reaper started (interval 60000ms, idle threshold 1800000ms)
qwen serve: session reaper started (interval 60000ms, idle threshold 1800000ms)
qwen serve: session reaper started (interval 60000ms, idle threshold 1800000ms)
qwen serve: session reaper started (interval 60000ms, idle threshold 1800000ms)
qwen serve: closing session "sess:/work/a" (reason: client_close)
qwen serve: dropping early extNotification for tombstoned session "sess:/work/a" (post-close stale event)
qwen serve: session reaper started (interval 60000ms, idle threshold 1800000ms)
qwen serve: closing session "sess:/work/a" (reason: client_close)
qwen serve: WARNING aliveChannels.size=3 (expected 1, max 2 during killSession-then-spawnOrAttach overlap) — possible channel leak; check that prior channels' channel.exited fired and the handler ran cleanup.
qwen serve: session reaper started (interval 60000ms, idle threshold 1800000ms)
[demux] session=sess:/work/a type=current_model_update action=promoted model=qwen-max
qwen serve: session reaper started (interval 60000ms, idle threshold 1800000ms)
[demux] session=sess:/work/a type=current_model_update action=suppressed reason=bridge_roundtrip_in_flight
qwen serve: session reaper started (interval 60000ms, idle threshold 1800000ms)
qwen serve: session reaper started (interval 60000ms, idle threshold 1800000ms)
[demux] session=nonexistent-session type=current_model_update action=dropped reason=no_entry
qwen serve: session reaper started (interval 60000ms, idle threshold 1800000ms)
[demux] session=sess:/work/a type=current_model_update action=promoted model=qwen-max
qwen serve: session reaper started (interval 60000ms, idle threshold 1800000ms)
qwen serve: session reaper started (interval 60000ms, idle threshold 1800000ms)
[demux] session=sess:/work/a type=prompt_suggestion action=dropped reason=malformed
[demux] session=sess:/work/a type=prompt_suggestion action=dropped reason=malformed
[demux] session=<missing> type=prompt_suggestion action=dropped reason=malformed
[demux] session=sess:/work/a type=prompt_suggestion action=dropped reason=malformed
qwen serve: session reaper started (interval 60000ms, idle threshold 1800000ms)
qwen serve: closing session "sess:/work/a" (reason: client_close)
qwen serve: session reaper started (interval 60000ms, idle threshold 1800000ms)
qwen serve: session reaper started (interval 60000ms, idle threshold 1800000ms)
qwen serve: session reaper started (interval 60000ms, idle threshold 1800000ms)
qwen serve: session reaper started (interval 60000ms, idle threshold 1800000ms)
qwen serve: session reaper started (interval 60000ms, idle threshold 1800000ms)
qwen serve: session reaper started (interval 60000ms, idle threshold 1800000ms)
[demux] session=sess:/work/a type=session_recording_degraded action=dropped reason=malformed
[demux] session= type=session_recording_degraded action=dropped reason=malformed
[demux] session=sess:/work/a type=session_recording_degraded action=dropped reason=malformed
qwen serve: session reaper started (interval 60000ms, idle threshold 1800000ms)
qwen serve: session reaper started (interval 60000ms, idle threshold 1800000ms)
qwen serve: session reaper started (interval 60000ms, idle threshold 1800000ms)
qwen serve: session reaper started (interval 60000ms, idle threshold 1800000ms)
qwen serve: session reaper started (interval 60000ms, idle threshold 1800000ms)
qwen serve: session reaper started (interval 60000ms, idle threshold 1800000ms)
qwen serve: session reaper started (interval 60000ms, idle threshold 1800000ms)
qwen serve: session reaper started (interval 60000ms, idle threshold 1800000ms)
qwen serve: completing deferred kill of session "sess:/work/a" (last_client_detached)
qwen serve: channel exited (code=none, signal=none, transport=ok, 0 session(s) torn down)
qwen serve: session reaper started (interval 60000ms, idle threshold 1800000ms)
qwen serve: session reaper started (interval 60000ms, idle threshold 1800000ms)
qwen serve: session reaper started (interval 60000ms, idle threshold 1800000ms)
qwen serve: session reaper started (interval 60000ms, idle threshold 1800000ms)
qwen serve: completing deferred kill of session "sess:/work/a" (last_client_detached)
qwen serve: channel exited (code=none, signal=none, transport=ok, 0 session(s) torn down)
qwen serve: session reaper started (interval 60000ms, idle threshold 1800000ms)
qwen serve: completing deferred kill of session "sess:/work/a" (last_client_detached)
qwen serve: channel exited (code=none, signal=none, transport=ok, 0 session(s) torn down)
qwen serve: session reaper started (interval 60000ms, idle threshold 1800000ms)
qwen serve: completing deferred kill of session "sess:/work/a" (last_client_detached)
qwen serve: channel exited (code=none, signal=none, transport=ok, 0 session(s) torn down)
qwen serve: session reaper started (interval 60000ms, idle threshold 1800000ms)
qwen serve: session reaper started (interval 60000ms, idle threshold 1800000ms)
qwen serve: channel exited (code=none, signal=none, transport=ok, 0 session(s) torn down)
qwen serve: session reaper started (interval 60000ms, idle threshold 1800000ms)
qwen serve: session reaper started (interval 60000ms, idle threshold 1800000ms)
qwen serve: session reaper started (interval 60000ms, idle threshold 1800000ms)
qwen serve: session reaper started (interval 60000ms, idle threshold 1800000ms)
qwen serve: session reaper started (interval 60000ms, idle threshold 1800000ms)
qwen serve: session reaper started (interval 60000ms, idle threshold 1800000ms)
qwen serve: session reaper started (interval 60000ms, idle threshold 1800000ms)
qwen serve: session reaper started (interval 60000ms, idle threshold 1800000ms)
qwen serve: session reaper started (interval 60000ms, idle threshold 1800000ms)
qwen serve: session reaper started (interval 60000ms, idle threshold 1800000ms)
qwen serve: session reaper started (interval 60000ms, idle threshold 1800000ms)
qwen serve: session reaper started (interval 60000ms, idle threshold 1800000ms)
qwen serve: session reaper started (interval 60000ms, idle threshold 1800000ms)
qwen serve: session reaper started (interval 60000ms, idle threshold 1800000ms)
[mid-turn] session="sess:/work/a" rejected id "mid": text, content or mode mismatch
qwen serve: branchSession load failed for branch-transport-failure; closing partial live state while preserving the committed session...
qwen serve: session reaper started (interval 60000ms, idle threshold 1800000ms)
qwen serve: channel exited (code=none, signal=none, transport=ok, 0 session(s) torn down)
qwen serve: session reaper started (interval 60000ms, idle threshold 1800000ms)
qwen serve: channel exited (code=none, signal=none, transport=ok, 3 session(s) torn down)
qwen serve: session reaper started (interval 60000ms, idle threshold 1800000ms)
qwen serve: closing session "sess:/work/a" (reason: client_close)
qwen serve: channel exited (code=none, signal=none, transport=ok, 0 session(s) torn down)
qwen serve: session reaper started (interval 60000ms, idle threshold 1800000ms)
qwen serve: session reaper started (interval 60000ms, idle threshold 1800000ms)
qwen serve: session reaper started (interval 60000ms, idle threshold 1800000ms)
qwen serve: closing session "sess:/work/a" (reason: client_close)
qwen serve: closeSession ACP session close notification failed for session "sess:/work/a": flush failed
qwen serve: closing session "sess:/work/a" (reason: client_close)
qwen serve: channel exited (code=none, signal=none, transport=ok, 0 session(s) torn down)
qwen serve: session reaper started (interval 60000ms, idle threshold 1800000ms)
qwen serve: closing session "sess:/work/a" (reason: client_close)
qwen serve: session reaper started (interval 60000ms, idle threshold 1800000ms)
qwen serve: closing session "sess:/work/a" (reason: client_close)
[mid-turn] session="sess:/work/a" rejected promoted id "mid": text, content or mode mismatch
qwen serve: channel exited (code=none, signal=none, transport=ok, 0 session(s) torn down)
qwen serve: session reaper started (interval 60000ms, idle threshold 1800000ms)
qwen serve: session reaper started (interval 60000ms, idle threshold 1800000ms)
qwen serve: session reaper started (interval 60000ms, idle threshold 1800000ms)
qwen serve: closing session "sess:/work/a" (reason: client_close)
qwen serve: channel exited (code=none, signal=none, transport=ok, 1 session(s) torn down)
qwen serve: closeSession ACP session close notification failed for session "sess:/work/a": agent channel closed mid-request (session sess:/work/a)
qwen serve: session reaper started (interval 60000ms, idle threshold 1800000ms)
qwen serve: closing session "sess:/work/a" (reason: client_close)
[mid-turn] session="sess:/work/a" rejected id "mid": text, content or mode mismatch
[mid-turn] session="sess:/work/a" rejected id "mid": text, content or mode mismatch
[mid-turn] session="sess:/work/a" rejected promoted id "mid": text, content or mode mismatch
qwen serve: session reaper started (interval 60000ms, idle threshold 1800000ms)
qwen serve: closing session "sess:/work/a" (reason: client_close)
qwen serve: channel exited (code=none, signal=none, transport=ok, 0 session(s) torn down)
qwen serve: session reaper started (interval 60000ms, idle threshold 1800000ms)
qwen serve: channel exited (code=none, signal=none, transport=ok, 0 session(s) torn down)
qwen serve: session reaper started (interval 60000ms, idle threshold 1800000ms)
qwen serve: updated session metadata "sess:/work/a" displayName=set
qwen serve: closing session "sess:/work/a" (reason: client_close)
qwen serve: channel exited (code=none, signal=none, transport=ok, 0 session(s) torn down)
qwen serve: session reaper started (interval 60000ms, idle threshold 1800000ms)
qwen serve: updated session metadata "sess:/work/a" displayName=set
qwen serve: session reaper started (interval 60000ms, idle threshold 1800000ms)
qwen serve: closing session "sess:/work/a" (reason: client_close)
qwen serve: channel exited (code=none, signal=none, transport=ok, 0 session(s) torn down)
qwen serve: session reaper started (interval 60000ms, idle threshold 1800000ms)
qwen serve: updated session metadata "sess:/work/a" displayName=set
qwen serve: closing session "sess:/work/a" (reason: client_close)
qwen serve: channel exited (code=none, signal=none, transport=ok, 0 session(s) torn down)
qwen serve: session reaper started (interval 60000ms, idle threshold 1800000ms)
qwen serve: closing session "sess:/work/a" (reason: client_close)
qwen serve: channel exited (code=none, signal=none, transport=ok, 0 session(s) torn down)
qwen serve: session reaper started (interval 60000ms, idle threshold 1800000ms)
qwen serve: updated session metadata "sess:/work/a" pr=9517 bound (https://github.com/o/r/pull/9517)
qwen serve: closing session "sess:/work/a" (reason: client_close)
qwen serve: channel exited (code=none, signal=none, transport=ok, 0 session(s) torn down)
qwen serve: session reaper started (interval 60000ms, idle threshold 1800000ms)
qwen serve: updated session metadata "sess:/work/a" pr=9517 bound (https://github.com/o/r/pull/9517)
qwen serve: closing session "sess:/work/a" (reason: client_close)
qwen serve: channel exited (code=none, signal=none, transport=ok, 0 session(s) torn down)
qwen serve: session reaper started (interval 60000ms, idle threshold 1800000ms)
qwen serve: updated session metadata "sess:/work/a" pr=9517 bound (https://github.com/o/r/pull/9517)
qwen serve: closing session "sess:/work/a" (reason: client_close)
qwen serve: channel exited (code=none, signal=none, transport=ok, 0 session(s) torn down)
qwen serve: session reaper started (interval 60000ms, idle threshold 1800000ms)
qwen serve: updated session metadata "sess:/work/a" pr=1 bound (https://github.com/o/r/pull/1)
qwen serve: closing session "sess:/work/a" (reason: client_close)
qwen serve: channel exited (code=none, signal=none, transport=ok, 0 session(s) torn down)
qwen serve: session reaper started (interval 60000ms, idle threshold 1800000ms)
qwen serve: updated session metadata "sess:/work/a" pr=9500 bound (https://github.com/o/r/pull/9500)
qwen serve: updated session metadata "sess:/work/a" pr=9517 bound (https://github.com/o/r/pull/9517)
qwen serve: updated session metadata "sess:/work/a" pr=9500 bound (https://github.com/o/r/pull/9500?v=2)
qwen serve: closing session "sess:/work/a" (reason: client_close)
qwen serve: channel exited (code=none, signal=none, transport=ok, 0 session(s) torn down)
qwen serve: session reaper started (interval 60000ms, idle threshold 1800000ms)
qwen serve: updated session metadata "sess:/work/a" pr=9517 bound (https://github.com/o/r/pull/9517)
qwen serve: closing session "sess:/work/a" (reason: client_close)
qwen serve: channel exited (code=none, signal=none, transport=ok, 0 session(s) torn down)
qwen serve: session reaper started (interval 60000ms, idle threshold 1800000ms)
qwen serve: updated session metadata "sess:/work/a" pr=9517 bound (https://github.com/o/r/pull/9517)
qwen serve: updated session metadata "sess:/work/a" pr=9517 bound (https://github.com/o/r/pull/9517)
qwen serve: closing session "sess:/work/a" (reason: client_close)
qwen serve: channel exited (code=none, signal=none, transport=ok, 0 session(s) torn down)
qwen serve: session reaper started (interval 60000ms, idle threshold 1800000ms)
qwen serve: updated session metadata "sess:/work/a" pr=9517 bound (https://github.com/o/r/pull/9517)
qwen serve: updated session metadata "sess:/work/a" pr=9517 bound (https://github.com/o/r/pull/9517?v=2)
qwen serve: closing session "sess:/work/a" (reason: client_close)
qwen serve: channel exited (code=none, signal=none, transport=ok, 0 session(s) torn down)
qwen serve: session reaper started (interval 60000ms, idle threshold 1800000ms)
qwen serve: updated session metadata "sess:/work/a" pr=9517 bound (https://github.com/repo-a/o/pull/9517)
qwen serve: updated session metadata "sess:/work/a" pr=9517 bound (https://github.com/repo-b/o/pull/9517)
qwen serve: closing session "sess:/work/a" (reason: client_close)
qwen serve: channel exited (code=none, signal=none, transport=ok, 0 session(s) torn down)
qwen serve: session reaper started (interval 60000ms, idle threshold 1800000ms)
qwen serve: closing session "sess:/work/a" (reason: client_close)
qwen serve: channel exited (code=none, signal=none, transport=ok, 0 session(s) torn down)
qwen serve: session reaper started (interval 60000ms, idle threshold 1800000ms)
qwen serve: closing session "sess:/work/a" (reason: client_close)
qwen serve: channel exited (code=none, signal=none, transport=ok, 0 session(s) torn down)
qwen serve: session reaper started (interval 60000ms, idle threshold 1800000ms)
qwen serve: updated session metadata "sess:/work/a" pr=9500 bound (https://github.com/o/r/pull/9500)
qwen serve: closing session "sess:/work/a" (reason: client_close)
qwen serve: channel exited (code=none, signal=none, transport=ok, 0 session(s) torn down)
qwen serve: session reaper started (interval 60000ms, idle threshold 1800000ms)
qwen serve: updated session metadata "sess:/work/a" pr=9500 bound (https://github.com/o/r/pull/9500)
qwen serve: updated session metadata "sess:/work/a" pr=9501 bound (https://github.com/o/r/pull/9501)
qwen serve: closing session "sess:/work/a" (reason: client_close)
qwen serve: channel exited (code=none, signal=none, transport=ok, 0 session(s) torn down)
qwen serve: session reaper started (interval 60000ms, idle threshold 1800000ms)
qwen serve: updated session metadata "sess:/work/a" pr=9517 bound (https://github.com/o/r/pull/9517)
qwen serve: closing session "sess:/work/a" (reason: client_close)
qwen serve: channel exited (code=none, signal=none, transport=ok, 0 session(s) torn down)
qwen serve: session reaper started (interval 60000ms, idle threshold 1800000ms)
qwen serve: updated session metadata "sess:/work/a" pr=9517 bound (https://github.com/o/r/pull/9517)
qwen serve: updated session metadata "sess:/work/a" pr=9517 bound (https://github.com/o/r/pull/9517)
qwen serve: closing session "sess:/work/a" (reason: client_close)
qwen serve: channel exited (code=none, signal=none, transport=ok, 0 session(s) torn down)
qwen serve: session reaper started (interval 60000ms, idle threshold 1800000ms)
qwen serve: updated session metadata "sess:/work/a" pr=5 bound (https://github.com/repo-a/r/pull/5)
qwen serve: updated session metadata "sess:/work/a" pr=5 bound (https://github.com/repo-b/r/pull/5)
qwen serve: closing session "sess:/work/a" (reason: client_close)
qwen serve: channel exited (code=none, signal=none, transport=ok, 0 session(s) torn down)
qwen serve: session reaper started (interval 60000ms, idle threshold 1800000ms)
qwen serve: updated session metadata "sess:/work/a" pr=9500 bound (https://github.com/o/r/pull/9500)
qwen serve: updated session metadata "sess:/work/a" pr=9517 bound (https://github.com/o/r/pull/9517)
qwen serve: updated session metadata "sess:/work/a" pr=9500 bound (https://github.com/o/r/pull/9500)
qwen serve: closing session "sess:/work/a" (reason: client_close)
qwen serve: channel exited (code=none, signal=none, transport=ok, 0 session(s) torn down)
qwen serve: session reaper started (interval 60000ms, idle threshold 1800000ms)
qwen serve: updated session metadata "sess:/work/a" displayName=set
qwen serve: updated session metadata "sess:/work/a" pr=9517 bound (https://github.com/o/r/pull/9517)
qwen serve: closing session "sess:/work/a" (reason: client_close)
qwen serve: channel exited (code=none, signal=none, transport=ok, 0 session(s) torn down)
qwen serve: session reaper started (interval 60000ms, idle threshold 1800000ms)
qwen serve: updated session metadata "sess:/work/a" pr=1 bound (https://github.com/o/r/pull/1)
qwen serve: updated session metadata "sess:/work/a" pr=2 bound (https://github.com/o/r/pull/2)
qwen serve: updated session metadata "sess:/work/a" pr=3 bound (https://github.com/o/r/pull/3)
qwen serve: updated session metadata "sess:/work/a" pr=4 bound (https://github.com/o/r/pull/4)
qwen serve: updated session metadata "sess:/work/a" pr=5 bound (https://github.com/o/r/pull/5)
qwen serve: updated session metadata "sess:/work/a" pr=6 bound (https://github.com/o/r/pull/6)
qwen serve: updated session metadata "sess:/work/a" pr=7 bound (https://github.com/o/r/pull/7)
qwen serve: updated session metadata "sess:/work/a" pr=8 bound (https://github.com/o/r/pull/8)
qwen serve: updated session metadata "sess:/work/a" pr=9 bound (https://github.com/o/r/pull/9)
qwen serve: updated session metadata "sess:/work/a" pr=10 bound (https://github.com/o/r/pull/10)
qwen serve: updated session metadata "sess:/work/a" pr=11 bound (https://github.com/o/r/pull/11)
qwen serve: updated session metadata "sess:/work/a" pr=12 bound (https://github.com/o/r/pull/12)
qwen serve: closing session "sess:/work/a" (reason: client_close)
qwen serve: channel exited (code=none, signal=none, transport=ok, 0 session(s) torn down)
qwen serve: session reaper started (interval 60000ms, idle threshold 1800000ms)
qwen serve: updated session metadata "sess:/work/a" pr=11 bound (https://github.com/o/r/pull/11)
qwen serve: closing session "sess:/work/a" (reason: client_close)
qwen serve: channel exited (code=none, signal=none, transport=ok, 0 session(s) torn down)
qwen serve: session reaper started (interval 60000ms, idle threshold 1800000ms)
qwen serve: closing session "sess:/work/a" (reason: client_close)
qwen serve: channel exited (code=none, signal=none, transport=ok, 0 session(s) torn down)
qwen serve: session reaper started (interval 60000ms, idle threshold 1800000ms)
qwen serve: closing session "sess:/work/a" (reason: client_close)
qwen serve: channel exited (code=none, signal=none, transport=ok, 0 session(s) torn down)
qwen serve: session reaper started (interval 60000ms, idle threshold 1800000ms)
qwen serve: closing session "sess:/work/a" (reason: client_close)
qwen serve: channel exited (code=none, signal=none, transport=ok, 0 session(s) torn down)
qwen serve: session reaper started (interval 60000ms, idle threshold 1800000ms)
qwen serve: closing session "sess:/work/a" (reason: client_close)
qwen serve: channel exited (code=none, signal=none, transport=ok, 0 session(s) torn down)
qwen serve: session reaper started (interval 60000ms, idle threshold 1800000ms)
qwen serve: closing session "sess:/work/a" (reason: client_close)
qwen serve: channel exited (code=none, signal=none, transport=ok, 0 session(s) torn down)
qwen serve: session reaper started (interval 60000ms, idle threshold 1800000ms)
qwen serve: closing session "sess:/work/a" (reason: client_close)
qwen serve: channel exited (code=none, signal=none, transport=ok, 0 session(s) torn down)
qwen serve: session reaper started (interval 60000ms, idle threshold 1800000ms)
qwen serve: closing session "sess:/work/a" (reason: client_close)
qwen serve: channel exited (code=none, signal=none, transport=ok, 0 session(s) torn down)
qwen serve: session reaper started (interval 60000ms, idle threshold 1800000ms)
qwen serve: closing session "sess:/work/a" (reason: client_close)
qwen serve: channel exited (code=none, signal=none, transport=ok, 0 session(s) torn down)
qwen serve: session reaper started (interval 60000ms, idle threshold 1800000ms)
qwen serve: closing session "sess:/work/a" (reason: client_close)
qwen serve: channel exited (code=none, signal=none, transport=ok, 0 session(s) torn down)
qwen serve: session reaper started (interval 60000ms, idle threshold 1800000ms)
qwen serve: session reaper started (interval 60000ms, idle threshold 1800000ms)
sendPrompt: forward failed for session sess:/work/a: model unavailable
qwen serve: session reaper started (interval 60000ms, idle threshold 1800000ms)
qwen serve: session reaper started (interval 60000ms, idle threshold 1800000ms)
qwen serve: session reaper started (interval 60000ms, idle threshold 1800000ms)
qwen serve: session reaper started (interval 60000ms, idle threshold 1800000ms)
qwen serve: session reaper started (interval 60000ms, idle threshold 1800000ms)
qwen serve: session reaper started (interval 60000ms, idle threshold 1800000ms)
qwen serve: session reaper started (interval 60000ms, idle threshold 1800000ms)
qwen serve: session reaper started (interval 60000ms, idle threshold 1800000ms)
qwen serve: session reaper started (interval 60000ms, idle threshold 1800000ms)
qwen serve debug: rejected permission vote "42fefc10-8c90-4a4f-acd6-dc8270a1a7e9" for session "sess:/work/a#2"; request belongs to session "sess:/work/a".
qwen serve: session reaper started (interval 60000ms, idle threshold 1800000ms)
qwen serve: session reaper started (interval 60000ms, idle threshold 1800000ms)
qwen serve: session reaper started (interval 60000ms, idle threshold 1800000ms)
qwen serve: session reaper started (interval 60000ms, idle threshold 1800000ms)
qwen serve: session reaper started (interval 60000ms, idle threshold 1800000ms)
qwen serve: session reaper started (interval 60000ms, idle threshold 1800000ms)
qwen serve: session reaper started (interval 60000ms, idle threshold 1800000ms)
[demux] session=sess:/work/a type=current_mode_update action=promoted mode=auto-edit
qwen serve: session reaper started (interval 60000ms, idle threshold 1800000ms)
[demux] session=sess:/work/a type=current_mode_update action=suppressed reason=bridge_roundtrip_in_flight
qwen serve: session reaper started (interval 60000ms, idle threshold 1800000ms)
qwen serve: session reaper started (interval 60000ms, idle threshold 1800000ms)
[demux] session=sess:/work/a type=current_model_update action=promoted model=qwen-max
qwen serve: session reaper started (interval 60000ms, idle threshold 1800000ms)
[demux] session=sess:/work/a type=current_mode_update action=dropped reason=unknown_mode mode=totally-bogus
[mid-turn] session=sess:/work/a drained=1 echoed=1 injected into running turn
[demux] session=sess:/work/a type=current_model_update action=promoted model=qwen-max
qwen serve: session reaper started (interval 60000ms, idle threshold 1800000ms)
[demux] session=sess:/work/a type=current_mode_update action=promoted mode=auto-edit
qwen serve: session reaper started (interval 60000ms, idle threshold 1800000ms)
[demux] session=sess:/work/a type=current_mode_update action=promoted mode=auto-edit legacy_frame=skipped
qwen serve: session reaper started (interval 60000ms, idle threshold 1800000ms)
[demux] session=sess:/work/a type=current_model_update action=promoted model=qwen-max
qwen serve: session reaper started (interval 60000ms, idle threshold 1800000ms)
[demux] session=sess:/work/a type=current_model_update action=promoted model=qwen-turbo
qwen serve: session reaper started (interval 60000ms, idle threshold 1800000ms)
qwen serve: session reaper started (interval 60000ms, idle threshold 1800000ms)
[demux] session=sess:/work/a type=current_mode_update action=promoted mode=auto-edit
qwen serve: session reaper started (interval 60000ms, idle threshold 1800000ms)
[demux] session=sess:/work/a type=current_model_update action=promoted model=qwen-turbo
sendPrompt: forward failed for session sess:/work/a: provider failed
qwen serve: session reaper started (interval 60000ms, idle threshold 1800000ms)
qwen serve: session reaper started (interval 60000ms, idle threshold 1800000ms)
[demux] session=sess:/work/a type=current_model_update action=promoted model=qwen-turbo
qwen serve: session reaper started (interval 60000ms, idle threshold 1800000ms)
qwen serve: session reaper started (interval 60000ms, idle threshold 1800000ms)
[reconcile] session=sess:/work/a target=model action=corrected cached=qwen-max actual=qwen-turbo
qwen serve: session reaper started (interval 60000ms, idle threshold 1800000ms)
qwen serve: session reaper started (interval 60000ms, idle threshold 1800000ms)
[reconcile] session=sess:/work/a target=model action=failed error=[object Object]
qwen serve: session reaper started (interval 60000ms, idle threshold 1800000ms)
[reconcile] session=sess:/work/a target=model action=skipped reason=roundtrip_failed
[demux] session=sess:/work/a type=current_model_update action=dropped reason=no_entry
qwen serve: session reaper started (interval 60000ms, idle threshold 1800000ms)
[reconcile] session=sess:/work/a target=model action=skipped reason=generation_changed genBefore=1 genAfter=2
[reconcile] session=sess:/work/a target=model action=corrected cached=qwen-plus actual=qwen-turbo
qwen serve: session reaper started (interval 60000ms, idle threshold 1800000ms)
[reconcile] session=sess:/work/a target=approvalMode action=corrected cached=yolo actual=plan
qwen serve: session reaper started (interval 60000ms, idle threshold 1800000ms)
[reconcile] session=sess:/work/a target=approvalMode action=skipped reason=roundtrip_failed
broadcastPromptCancelledOnce: suppressed duplicate cancel for session sess:/work/a prompt=5fa92070-4657-46eb-af38-5408159a2953
qwen serve: session reaper started (interval 60000ms, idle threshold 1800000ms)
qwen serve: session reaper started (interval 60000ms, idle threshold 1800000ms)
[reconcile] session=sess:/work/a target=approvalMode action=dropped reason=unknown_mode mode=super-yolo
qwen serve: session reaper started (interval 60000ms, idle threshold 1800000ms)
qwen serve: session reaper started (interval 60000ms, idle threshold 1800000ms)
qwen serve: session reaper started (interval 60000ms, idle threshold 1800000ms)
qwen serve: closing session "sess:/work/a" (reason: client_close)
qwen serve: channel exited (code=none, signal=none, transport=ok, 0 session(s) torn down)
qwen serve: session reaper started (interval 60000ms, idle threshold 1800000ms)
qwen serve: closing session "sess:/work/a" (reason: client_close)
qwen serve: closing session "sess:/work/a#2" (reason: client_close)
qwen serve: session reaper started (interval 60000ms, idle threshold 1800000ms)
qwen serve: closing session "sess:/work/a" (reason: client_close)
qwen serve: idle timeout (5000ms) expired, killing channel
qwen serve: channel exited (code=none, signal=none, transport=ok, 0 session(s) torn down)
qwen serve: session reaper started (interval 60000ms, idle threshold 1800000ms)
qwen serve: closing session "sess:/work/a" (reason: client_close)
qwen serve: closing session "sess:/work/a#2" (reason: client_close)
qwen serve: session reaper started (interval 60000ms, idle threshold 1800000ms)
qwen serve: session reaper started (interval 60000ms, idle threshold 1800000ms)
qwen serve: session reaper started (interval 60000ms, idle threshold 1800000ms)
qwen serve: channel exited (code=1, signal=none, transport=ok, 0 session(s) torn down)
qwen serve: session reaper started (interval 60000ms, idle threshold 1800000ms)
qwen serve: session reaper started (interval 60000ms, idle threshold 1800000ms)
qwen serve: session reaper started (interval 60000ms, idle threshold 1800000ms)
qwen serve: session reaper started (interval 60000ms, idle threshold 1800000ms)
qwen serve: session reaper started (interval 60000ms, idle threshold 1800000ms)
 ✓ src/bridge-summary.test.ts (13 tests) 1127ms
qwen serve: channel exited (code=none, signal=none, transport=ok, 0 session(s) torn down)
qwen serve: session reaper started (interval 60000ms, idle threshold 1800000ms)
qwen serve: channel exited (code=none, signal=none, transport=ok, 0 session(s) torn down)
qwen serve: session reaper started (interval 60000ms, idle threshold 1800000ms)
[reconcile] session=sess:/work/a target=approvalMode action=skipped reason=roundtrip_failed
qwen serve: closing session "sess:/work/a" (reason: approval_mode_initialization_failed)
qwen serve: channel exited (code=none, signal=none, transport=ok, 0 session(s) torn down)
qwen serve: session reaper started (interval 60000ms, idle threshold 1800000ms)
qwen serve: channel exited (code=none, signal=none, transport=ok, 0 session(s) torn down)
qwen serve: session reaper started (interval 60000ms, idle threshold 1800000ms)
qwen serve: channel exited (code=none, signal=none, transport=ok, 0 session(s) torn down)
qwen serve: session reaper started (interval 60000ms, idle threshold 1800000ms)
qwen serve: session reaper started (interval 60000ms, idle threshold 1800000ms)
qwen serve: channel exited (code=none, signal=none, transport=ok, 0 session(s) torn down)
qwen serve: session reaper started (interval 60000ms, idle threshold 1800000ms)
 ✓ src/daemon-memory-budget.test.ts (53 tests) 7ms
qwen serve: channel exited (code=none, signal=none, transport=ok, 0 session(s) torn down)
qwen serve: session reaper started (interval 60000ms, idle threshold 1800000ms)
qwen serve: channel exited (code=none, signal=none, transport=ok, 0 session(s) torn down)
qwen serve: session reaper started (interval 60000ms, idle threshold 1800000ms)
qwen serve: workspace MCP detail timeout for aone; deferring channel retirement until 1 active session(s) drain
qwen serve: workspace MCP detail timeout for aone; deferring channel retirement until 1 active session(s) drain
qwen serve: closing session "sess:/work/a" (reason: client_close)
qwen serve: channel exited (code=none, signal=none, transport=ok, 0 session(s) torn down)
qwen serve: session reaper started (interval 60000ms, idle threshold 1800000ms)
qwen serve: workspace control timeout; deferring channel retirement until 1 active session(s) drain
qwen serve: closing session "sess:/work/a" (reason: client_close)
qwen serve: channel exited (code=none, signal=none, transport=ok, 0 session(s) torn down)
qwen serve: session reaper started (interval 60000ms, idle threshold 1800000ms)
qwen serve: newSession timed out after 50ms on channel f48787ca-bb7e-4f63-a553-04e17a405fb6; decision=fence_shared
qwen serve: session reaper started (interval 60000ms, idle threshold 1800000ms)
qwen serve: channel exited (code=none, signal=none, transport=ok, 0 session(s) torn down)
qwen serve: session reaper started (interval 60000ms, idle threshold 1800000ms)
qwen serve: channel exited (code=none, signal=none, transport=ok, 0 session(s) torn down)
qwen serve: session reaper started (interval 60000ms, idle threshold 1800000ms)
qwen serve: workspace MCP discovery timeout; deferring channel retirement until 1 active session(s) drain
qwen serve: closing session "sess:/work/a" (reason: client_close)
qwen serve: channel exited (code=none, signal=none, transport=ok, 0 session(s) torn down)
qwen serve: session reaper started (interval 60000ms, idle threshold 1800000ms)
qwen serve: workspace MCP authentication timeout for aone; deferring channel retirement until 1 active session(s) drain
qwen serve: closing session "sess:/work/a" (reason: client_close)
qwen serve: channel exited (code=none, signal=none, transport=ok, 0 session(s) torn down)
qwen serve: session reaper started (interval 60000ms, idle threshold 1800000ms)
qwen serve: closing session "sess:/work/a" (reason: client_close)
qwen serve: channel exited (code=none, signal=none, transport=ok, 0 session(s) torn down)
qwen serve: session reaper started (interval 60000ms, idle threshold 1800000ms)
qwen serve: session reaper started (interval 60000ms, idle threshold 1800000ms)
qwen serve: idle timeout (10000ms) expired, killing channel
qwen serve: channel exited (code=none, signal=none, transport=ok, 0 session(s) torn down)
qwen serve: session reaper started (interval 60000ms, idle threshold 1800000ms)
qwen serve: idle timeout (600000ms) expired, killing channel
qwen serve: channel exited (code=none, signal=none, transport=ok, 0 session(s) torn down)
qwen serve: session reaper started (interval 60000ms, idle threshold 1800000ms)
qwen serve: idle timeout (600000ms) expired, killing channel
qwen serve: channel exited (code=none, signal=none, transport=ok, 0 session(s) torn down)
qwen serve: session reaper started (interval 60000ms, idle threshold 1800000ms)
qwen serve: idle timeout (600000ms) expired, killing channel
qwen serve: channel exited (code=none, signal=none, transport=ok, 0 session(s) torn down)
qwen serve: session reaper started (interval 60000ms, idle threshold 1800000ms)
qwen serve: idle timeout (2147483647ms) expired, killing channel
qwen serve: channel exited (code=none, signal=none, transport=ok, 0 session(s) torn down)
qwen serve: session reaper started (interval 60000ms, idle threshold 1800000ms)
qwen serve: session reaper started (interval 60000ms, idle threshold 1800000ms)
qwen serve: session reaper started (interval 60000ms, idle threshold 1800000ms)
qwen serve: closing session "sess:/work/a" (reason: client_close)
qwen serve: channel exited (code=none, signal=none, transport=ok, 0 session(s) torn down)
qwen serve: session reaper started (interval 60000ms, idle threshold 1800000ms)
qwen serve: session reaper started (interval 60000ms, idle threshold 1800000ms)
qwen serve: closing session "sess:/work/a" (reason: client_close)
qwen serve: idle timeout (5000ms) expired, killing channel
qwen serve: channel exited (code=none, signal=none, transport=ok, 0 session(s) torn down)
qwen serve: session reaper started (interval 1000ms, idle threshold 5000ms)
qwen serve: reaping idle session "sess:/work/a" (idle for 5s, threshold 5s)
qwen serve: closing session "sess:/work/a" (reason: idle_timeout)
qwen serve: channel exited (code=none, signal=none, transport=ok, 0 session(s) torn down)
qwen serve: session reaper started (interval 1000ms, idle threshold 2000ms)
sendPrompt: forward failed for session sess:/work/a: agent channel closed mid-request (session sess:/work/a)
broadcastPromptCancelledOnce: suppressed duplicate cancel for session sess:/work/a prompt=d6da033f-dafa-470f-90c4-d626b6694e6a
qwen serve: session reaper started (interval 1000ms, idle threshold 2000ms)
qwen serve: reaping idle session "sess:/work/a" (idle for 6s, threshold 2s)
qwen serve: closing session "sess:/work/a" (reason: idle_timeout)
qwen serve: channel exited (code=none, signal=none, transport=ok, 0 session(s) torn down)
qwen serve: session reaper started (interval 1000ms, idle threshold 2000ms)
sendPrompt: forward failed for session sess:/work/a: agent channel closed mid-request (session sess:/work/a)
broadcastPromptCancelledOnce: suppressed duplicate cancel for session sess:/work/a prompt=627da763-fcff-4241-af38-99b6b841fba5
qwen serve: session reaper started (interval 1000ms, idle threshold 0ms)
qwen serve: session reaper started (interval 60000ms, idle threshold 1800000ms)
qwen serve: closing session "sess:/work/a" (reason: idle_timeout)
qwen serve: channel exited (code=none, signal=none, transport=ok, 0 session(s) torn down)
qwen serve: session reaper started (interval 60000ms, idle threshold 1800000ms)
qwen serve: closing session "sess:/work/a" (reason: client_close)
qwen serve: channel exited (code=none, signal=none, transport=ok, 0 session(s) torn down)
qwen serve: session reaper started (interval 60000ms, idle threshold 1800000ms)
qwen serve: closing session "sess:/work/a" (reason: client_close)
qwen serve: channel exited (code=none, signal=none, transport=ok, 0 session(s) torn down)
qwen serve: session reaper started (interval 60000ms, idle threshold 1800000ms)
qwen serve: closing session "sess:/work/a" (reason: client_close)
qwen serve: channel exited (code=none, signal=none, transport=ok, 0 session(s) torn down)
qwen serve: session reaper started (interval 1000ms, idle threshold 3000ms)
qwen serve: reaping idle session "sess:/work/a" (idle for 3s, threshold 3s)
qwen serve: reaping idle session "sess:/work/a#2" (idle for 3s, threshold 3s)
qwen serve: reaping idle session "sess:/work/a#3" (idle for 3s, threshold 3s)
qwen serve: closing session "sess:/work/a" (reason: idle_timeout)
qwen serve: closing session "sess:/work/a#2" (reason: idle_timeout)
qwen serve: closing session "sess:/work/a#3" (reason: idle_timeout)
qwen serve: channel exited (code=none, signal=none, transport=ok, 0 session(s) torn down)
qwen serve: session reaper started (interval 1000ms, idle threshold 5000ms)
qwen serve: reaping idle session "sess:/work/a" (idle for 5s, threshold 5s)
qwen serve: closing session "sess:/work/a" (reason: idle_timeout)
qwen serve: channel exited (code=none, signal=none, transport=ok, 0 session(s) torn down)
qwen serve: session reaper started (interval 1000ms, idle threshold 2000ms)
qwen serve: session reaper started (interval 1000ms, idle threshold 3000ms)
qwen serve: closing session "sess:/work/a" (reason: last_client_detached)
qwen serve: idle timeout (2000ms) expired, killing channel
qwen serve: channel exited (code=none, signal=none, transport=ok, 0 session(s) torn down)
qwen serve: closing session "sess:/work/a" (reason: last_client_detached)
qwen serve: channel exited (code=none, signal=none, transport=ok, 0 session(s) torn down)
qwen serve: closing session "sess:/work/a" (reason: last_client_detached)
qwen serve: channel exited (code=none, signal=none, transport=ok, 0 session(s) torn down)
qwen serve: closing session "sess:/work/a" (reason: last_client_detached)
qwen serve: channel exited (code=none, signal=none, transport=ok, 0 session(s) torn down)
qwen serve: session reaper started (interval 60000ms, idle threshold 1800000ms)
qwen serve: session reaper started (interval 60000ms, idle threshold 1800000ms)
qwen serve: session reaper started (interval 60000ms, idle threshold 1800000ms)
qwen serve: session reaper started (interval 60000ms, idle threshold 1800000ms)
qwen serve: session reaper started (interval 60000ms, idle threshold 1800000ms)
qwen serve: session reaper started (interval 60000ms, idle threshold 1800000ms)
qwen serve: session reaper started (interval 60000ms, idle threshold 1800000ms)
qwen serve: closing session "sess:/work/a" (reason: client_close)
sendPrompt: forward failed for session sess:/work/a: cancelled
broadcastPromptCancelledOnce: suppressed duplicate cancel for session sess:/work/a prompt=1cfbb20c-0f19-4abc-9dc9-90853bcedf8b
qwen serve: channel exited (code=none, signal=none, transport=ok, 0 session(s) torn down)
qwen serve: session reaper started (interval 60000ms, idle threshold 1800000ms)
qwen serve: closing session "sess:/work/a" (reason: client_close)
qwen serve: channel exited (code=none, signal=none, transport=ok, 0 session(s) torn down)
qwen serve: session reaper started (interval 60000ms, idle threshold 1800000ms)
qwen serve: session reaper started (interval 60000ms, idle threshold 1800000ms)
qwen serve: closing session "sess:/work/a" (reason: client_close)
qwen serve: channel exited (code=none, signal=none, transport=ok, 0 session(s) torn down)
qwen serve: channel exited (code=none, signal=none, transport=ok, 0 session(s) torn down)
sendPrompt: forward failed for session sess:/work/a: agent channel closed mid-request (session sess:/work/a)
broadcastPromptCancelledOnce: suppressed duplicate cancel for session sess:/work/a prompt=268ccbe7-6305-4c1f-8478-df441a3f7981
qwen serve: session reaper started (interval 60000ms, idle threshold 1800000ms)
qwen serve: session reaper started (interval 60000ms, idle threshold 1800000ms)
qwen serve: closing session "sess:/work/a" (reason: client_close)
qwen serve: closeSession ACP session close notification failed for session "sess:/work/a": flush refused
qwen serve: closing session "sess:/work/a" (reason: client_close)
qwen serve: channel exited (code=none, signal=none, transport=ok, 0 session(s) torn down)
qwen serve: session reaper started (interval 60000ms, idle threshold 1800000ms)
qwen serve: closing session "sess:/work/a" (reason: client_close)
qwen serve: session reaper started (interval 60000ms, idle threshold 1800000ms)
qwen serve: session reaper started (interval 60000ms, idle threshold 1800000ms)
qwen serve: closing session "sess:/work/a" (reason: client_close)
qwen serve: session reaper started (interval 60000ms, idle threshold 1800000ms)
qwen serve: closing session "sess:/work/a" (reason: client_close)
qwen serve: closeSession ACP session close notification failed for session "sess:/work/a": AcpSessionBridge closeSession timed out after 50ms
qwen serve: channel exited (code=none, signal=none, transport=ok, 1 session(s) torn down)
qwen serve: session reaper started (interval 60000ms, idle threshold 1800000ms)
qwen serve: closing session "sess:/work/a" (reason: client_close)
qwen serve: channel exited (code=none, signal=none, transport=ok, 0 session(s) torn down)
qwen serve: session reaper started (interval 60000ms, idle threshold 1800000ms)
qwen serve: closing session "sess:/work/a" (reason: client_close)
qwen serve: channel exited (code=none, signal=none, transport=ok, 0 session(s) torn down)
qwen serve: session reaper started (interval 60000ms, idle threshold 1800000ms)
qwen serve: closing session "sess:/work/a" (reason: client_close)
qwen serve: channel exited (code=none, signal=none, transport=ok, 1 session(s) torn down)
sendPrompt: forward failed for session sess:/work/a: agent channel closed mid-request (session sess:/work/a)
broadcastPromptCancelledOnce: suppressed duplicate cancel for session sess:/work/a prompt=afa0a745-2779-4633-bd79-c73b9b977bf8
[pending-prompt] cancel forward failed after removePendingPrompt session=sess:/work/a: agent channel closed mid-request (session sess:/work/a)
qwen serve: channel exited (code=none, signal=none, transport=ok, 0 session(s) torn down)
qwen serve: session reaper started (interval 60000ms, idle threshold 1800000ms)
qwen serve: closing session "sess:/work/a" (reason: client_close)
qwen serve: session reaper started (interval 60000ms, idle threshold 1800000ms)
qwen serve: closeSession ACP session close notification failed for session "sess:/work/a": flush refused
qwen serve: completing deferred kill of session "sess:/work/a" (last_client_detached)
qwen serve: session reaper started (interval 60000ms, idle threshold 1800000ms)
qwen serve: closing session "sess:/work/a" (reason: client_close)
qwen serve: channel exited (code=none, signal=none, transport=ok, 1 session(s) torn down)
sendPrompt: forward failed for session sess:/work/a: agent channel closed mid-request (session sess:/work/a)
broadcastPromptCancelledOnce: suppressed duplicate cancel for session sess:/work/a prompt=db8c6cd4-aced-4b6d-ab57-a527b82bf49d
[pending-prompt] cancel forward failed after removePendingPrompt session=sess:/work/a: agent channel closed mid-request (session sess:/work/a)
qwen serve: session reaper started (interval 60000ms, idle threshold 1800000ms)
qwen serve: closing session "sess:/work/a" (reason: last_client_detached)
qwen serve: channel exited (code=none, signal=none, transport=ok, 0 session(s) torn down)
qwen serve: closeSession ACP session close notification failed for session "sess:/work/a": flush refused
qwen serve: completing deferred kill of session "sess:/work/a" (last_client_detached)
 ✓ src/runtime-stop.test.ts (13 tests) 245ms
qwen serve: session reaper started (interval 60000ms, idle threshold 1800000ms)
qwen serve: session reaper started (interval 60000ms, idle threshold 1800000ms)
qwen serve: session reaper started (interval 60000ms, idle threshold 1800000ms)
qwen serve: session reaper started (interval 60000ms, idle threshold 1800000ms)
qwen serve: session reaper started (interval 60000ms, idle threshold 1800000ms)
qwen serve: closing session "sess:/work/a" (reason: client_close)
[mid-turn] session="sess:/work/a" rejected: session closing
qwen serve: channel exited (code=none, signal=none, transport=ok, 0 session(s) torn down)
qwen serve: session reaper started (interval 60000ms, idle threshold 1800000ms)
qwen serve: closing session "sess:/work/a" (reason: client_close)
qwen serve: channel exited (code=none, signal=none, transport=ok, 0 session(s) torn down)
qwen serve: session reaper started (interval 60000ms, idle threshold 1800000ms)
qwen serve: session reaper started (interval 60000ms, idle threshold 1800000ms)
qwen serve: session reaper started (interval 60000ms, idle threshold 1800000ms)
qwen serve: session reaper started (interval 60000ms, idle threshold 1800000ms)
[mid-turn] session=sess:/work/a rejected: empty
qwen serve: session reaper started (interval 60000ms, idle threshold 1800000ms)
qwen serve: session reaper started (interval 60000ms, idle threshold 1800000ms)
[mid-turn] session="sess:/work/a" remove missed messageId="3784803d-eb21-4258-b3eb-f9d2af9b960b" (already drained or completed)
qwen serve: session reaper started (interval 60000ms, idle threshold 1800000ms)
qwen serve: session reaper started (interval 60000ms, idle threshold 1800000ms)
qwen serve: session reaper started (interval 60000ms, idle threshold 1800000ms)
qwen serve: session reaper started (interval 60000ms, idle threshold 1800000ms)
qwen serve: session reaper started (interval 60000ms, idle threshold 1800000ms)
[mid-turn] session="sess:/work/a" remove missed messageId="81d9ea7a-3178-41b3-ba6c-bcb4e12b15bd" (already drained or completed)
qwen serve: session reaper started (interval 60000ms, idle threshold 1800000ms)
[mid-turn] session=sess:/work/a drained=2 echoed=2 injected into running turn
qwen serve: session reaper started (interval 60000ms, idle threshold 1800000ms)
[mid-turn] session=sess:/work/a rejected: empty
[mid-turn] session="sess:/work/a" rejected id "media-1": text, content or mode mismatch
[mid-turn] session=sess:/work/a drained=2 echoed=2 injected into running turn
qwen serve: session reaper started (interval 60000ms, idle threshold 1800000ms)
qwen serve: session reaper started (interval 60000ms, idle threshold 1800000ms)
qwen serve: channel exited (code=none, signal=none, transport=ok, 0 session(s) torn down)
qwen serve: channel kill failed (killSession "s0:/work/a"): BridgeTimeoutError: AcpSessionBridge killSession "s0:/work/a" teardown timed out after 10000ms
qwen serve: session reaper started (interval 60000ms, idle threshold 1800000ms)
qwen serve: session reaper started (interval 60000ms, idle threshold 1800000ms)
qwen serve: channel kill failed (killSession "sess:/work/a"): BridgeTimeoutError: AcpSessionBridge killSession "sess:/work/a" teardown timed out after 10000ms
qwen serve: session reaper started (interval 60000ms, idle threshold 1800000ms)
qwen serve: session reaper started (interval 60000ms, idle threshold 1800000ms)
qwen serve: channel kill failed (empty newSession failure): BridgeTimeoutError: AcpSessionBridge empty newSession failure teardown timed out after 10000ms
qwen serve: session reaper started (interval 60000ms, idle threshold 1800000ms)
qwen serve: session reaper started (interval 60000ms, idle threshold 1800000ms)
qwen serve: session reaper started (interval 60000ms, idle threshold 1800000ms)
qwen serve: session reaper started (interval 60000ms, idle threshold 1800000ms)
qwen serve: session reaper started (interval 60000ms, idle threshold 1800000ms)
qwen serve: session reaper started (interval 60000ms, idle threshold 1800000ms)
qwen serve: session reaper started (interval 60000ms, idle threshold 1800000ms)
qwen serve: session reaper started (interval 60000ms, idle threshold 1800000ms)
qwen serve: closing session "sess:/work/a" (reason: client_close) by client "client_afee272f-c98e-4c36-af43-a4fd10eb6c5f"
qwen serve: channel exited (code=none, signal=none, transport=ok, 0 session(s) torn down)
qwen serve: session reaper started (interval 60000ms, idle threshold 1800000ms)
qwen serve: session reaper started (interval 60000ms, idle threshold 1800000ms)
qwen serve: session reaper started (interval 60000ms, idle threshold 1800000ms)
qwen serve: session reaper started (interval 60000ms, idle threshold 1800000ms)
 ✓ src/session-sources.test.ts (13 tests) 67ms
qwen serve: session reaper started (interval 60000ms, idle threshold 1800000ms)
qwen serve: channel kill failed (killSession "c0:/work/a"): BridgeTimeoutError: AcpSessionBridge killSession "c0:/work/a" teardown timed out after 10000ms
 ✓ src/prompt-ledger.test.ts (16 tests) 37ms
qwen serve: session reaper started (interval 60000ms, idle threshold 1800000ms)
qwen serve: session reaper started (interval 60000ms, idle threshold 1800000ms)
qwen serve: closing session "sess:/work/a" (reason: last_client_detached)
qwen serve: channel exited (code=none, signal=none, transport=ok, 0 session(s) torn down)
qwen serve: session reaper started (interval 60000ms, idle threshold 1800000ms)
qwen serve: session reaper started (interval 60000ms, idle threshold 1800000ms)
qwen serve: closing session "sess:/work/a" (reason: last_client_detached)
qwen serve: channel exited (code=none, signal=none, transport=ok, 0 session(s) torn down)
qwen serve: session reaper started (interval 60000ms, idle threshold 1800000ms)
[pending-prompt] session=sess:/work/a removing promptId=promoted-delete state=running
sendPrompt: forward failed for session sess:/work/a: agent channel closed mid-request (session sess:/work/a)
broadcastPromptCancelledOnce: suppressed duplicate cancel for session sess:/work/a prompt=promoted-delete
[mid-turn] session="sess:/work/a" failed to run promoted message "promoted-delete": "agent channel closed mid-request (session sess:/work/a)"
[pending-prompt] cancel forward failed after removePendingPrompt session=sess:/work/a: agent channel closed mid-request (session sess:/work/a)
qwen serve: session reaper started (interval 60000ms, idle threshold 1800000ms)
[mid-turn] session="sess:/work/a" remove missed messageId="ordinary-pending" (already drained or completed)
qwen serve: session reaper started (interval 60000ms, idle threshold 1800000ms)
[mid-turn] session=sess:/work/a drained=1 echoed=1 injected into running turn
qwen serve: session reaper started (interval 60000ms, idle threshold 1800000ms)
 ✓ src/logRedaction.test.ts (39 tests) 6ms
qwen serve: session reaper started (interval 60000ms, idle threshold 1800000ms)
qwen serve: session reaper started (interval 60000ms, idle threshold 1800000ms)
[mid-turn] session=sess:/work/a drained=1 echoed=1 injected into running turn
[mid-turn] session="sess:/work/a" remove missed messageId="public-mid-turn" (already drained or completed)
qwen serve: session reaper started (interval 60000ms, idle threshold 1800000ms)
[mid-turn] session=sess:/work/a rejected: queue full (depth 20 >= 20)
[mid-turn] session=sess:/work/a rejected: queue full (depth 20 >= 20)
qwen serve: session reaper started (interval 60000ms, idle threshold 1800000ms)
[mid-turn] session="sess:/work/a" rejected id "client-mid-1": text, content or mode mismatch
[mid-turn] session="sess:/work/a" failed to run promoted message "client-mid-1": "Prompt aborted"
qwen serve: session reaper started (interval 60000ms, idle threshold 1800000ms)
[mid-turn] session=sess:/work/a drained=1 echoed=1 injected into running turn
qwen serve: session reaper started (interval 60000ms, idle threshold 1800000ms)
[mid-turn] session=sess:/work/a drained=2 echoed=2 injected into running turn
qwen serve: session reaper started (interval 60000ms, idle threshold 1800000ms)
[mid-turn] session="sess:/work/a" failed to run promoted message "media-snap": "Prompt aborted"
qwen serve: session reaper started (interval 60000ms, idle threshold 1800000ms)
[mid-turn] session=sess:/work/a rejected: queued inline attachments exceed the 104857600-byte session budget
[mid-turn] session="sess:/work/a" failed to run promoted message "inline-1": "Prompt aborted"
qwen serve: session reaper started (interval 60000ms, idle threshold 1800000ms)
sendPrompt: forward failed for session sess:/work/a: agent channel closed mid-request (session sess:/work/a)
broadcastPromptCancelledOnce: suppressed duplicate cancel for session sess:/work/a prompt=62c150a5-d76e-4ca6-a3e1-522a7ca522a7
qwen serve: session reaper started (interval 60000ms, idle threshold 1800000ms)
[mid-turn] session=sess:/work/a drained=1 echoed=1 injected into running turn
qwen serve: session reaper started (interval 60000ms, idle threshold 1800000ms)
qwen serve: session reaper started (interval 60000ms, idle threshold 1800000ms)
qwen serve: session reaper started (interval 60000ms, idle threshold 1800000ms)
qwen serve: session reaper started (interval 60000ms, idle threshold 1800000ms)
qwen serve: session reaper started (interval 60000ms, idle threshold 1800000ms)
qwen serve: session reaper started (interval 60000ms, idle threshold 1800000ms)
qwen serve: session reaper started (interval 60000ms, idle threshold 1800000ms)
qwen serve: session reaper started (interval 60000ms, idle threshold 1800000ms)
qwen serve: session reaper started (interval 60000ms, idle threshold 1800000ms)
qwen serve: session reaper started (interval 60000ms, idle threshold 1800000ms)
qwen serve: session reaper started (interval 60000ms, idle threshold 1800000ms)
qwen serve: session reaper started (interval 60000ms, idle threshold 1800000ms)
qwen serve: session reaper started (interval 60000ms, idle threshold 1800000ms)
qwen serve: prompt ledger append failed for session=sess:/work/a promptId=7b565446-02d5-405e-8474-0fe381a7095b: disk full
qwen serve: prompt ledger append failed for session=sess:/work/a promptId=7b565446-02d5-405e-8474-0fe381a7095b: disk full
qwen serve: session reaper started (interval 60000ms, idle threshold 1800000ms)
 ✓ src/bridge-prompt-ledger.test.ts (8 tests) 26ms
[mid-turn] session="sess:/work/a" rejected: session closing
qwen serve: closing session "sess:/work/a" (reason: last_client_detached)
qwen serve: channel exited (code=none, signal=none, transport=ok, 0 session(s) torn down)
qwen serve: session reaper started (interval 60000ms, idle threshold 1800000ms)
qwen serve: session reaper started (interval 60000ms, idle threshold 1800000ms)
[mid-turn] session="sess:/work/a" rejected id "steer-idle": session idle
qwen serve: session reaper started (interval 60000ms, idle threshold 1800000ms)
[mid-turn] session="sess:/work/a" rejected id "public-idle": session idle
qwen serve: session reaper started (interval 60000ms, idle threshold 1800000ms)
qwen serve: session reaper started (interval 60000ms, idle threshold 1800000ms)
[mid-turn] session="sess:/work/a" failed to run promoted message "84fe374f-ead4-4b38-a998-b85574f6e708": "Prompt aborted"
[mid-turn] session="sess:/work/a" failed to run promoted message "ui-visible": "Prompt aborted"
qwen serve: session reaper started (interval 60000ms, idle threshold 1800000ms)
qwen serve: session reaper started (interval 60000ms, idle threshold 1800000ms)
qwen serve: session reaper started (interval 60000ms, idle threshold 1800000ms)
qwen serve: session reaper started (interval 60000ms, idle threshold 1800000ms)
qwen serve: session reaper started (interval 60000ms, idle threshold 1800000ms)
qwen serve: session reaper started (interval 60000ms, idle threshold 1800000ms)
qwen serve: closing session "sess:/work/a" (reason: last_client_detached)
qwen serve: channel exited (code=none, signal=none, transport=ok, 0 session(s) torn down)
qwen serve: session reaper started (interval 60000ms, idle threshold 1800000ms)
qwen serve: session reaper started (interval 60000ms, idle threshold 1800000ms)
qwen serve: closing session "sess:/work/a" (reason: last_client_detached)
qwen serve: channel exited (code=none, signal=none, transport=ok, 0 session(s) torn down)
qwen serve: session reaper started (interval 60000ms, idle threshold 1800000ms)
qwen serve: closing session "sess:/work/a" (reason: last_client_detached)
qwen serve: channel exited (code=none, signal=none, transport=ok, 0 session(s) torn down)
qwen serve: session reaper started (interval 60000ms, idle threshold 1800000ms)
qwen serve: closing session "sess:/work/a" (reason: last_client_detached)
qwen serve: channel exited (code=none, signal=none, transport=ok, 0 session(s) torn down)
qwen serve: session reaper started (interval 60000ms, idle threshold 1800000ms)
qwen serve: closing session "sess:/work/a" (reason: last_client_detached)
qwen serve: channel exited (code=none, signal=none, transport=ok, 0 session(s) torn down)
qwen serve: session reaper started (interval 60000ms, idle threshold 1800000ms)
qwen serve: killSession ACP session close notification failed for session "sess:/work/a": "Method not found": qwen/control/session/close
qwen serve: session reaper started (interval 60000ms, idle threshold 1800000ms)
qwen serve: session reaper started (interval 60000ms, idle threshold 1800000ms)
qwen serve: session reaper started (interval 60000ms, idle threshold 1800000ms)
[mid-turn] session=sess:/work/a drained=1 echoed=1 injected into running turn
qwen serve: session reaper started (interval 60000ms, idle threshold 1800000ms)
[mid-turn] session="sess:/work/a" rejected id "queue-only-1": session idle
qwen serve: session reaper started (interval 60000ms, idle threshold 1800000ms)
sendPrompt: prompt user-1 exceeded 50ms deadline for session sess:/work/a; agent may still be executing
qwen serve: session reaper started (interval 60000ms, idle threshold 1800000ms)
 ✓ src/status.test.ts (18 tests) 4ms
qwen serve: session reaper started (interval 60000ms, idle threshold 1800000ms)
qwen serve: session reaper started (interval 60000ms, idle threshold 1800000ms)
qwen serve: session reaper started (interval 60000ms, idle threshold 1800000ms)
qwen serve: session reaper started (interval 60000ms, idle threshold 1800000ms)
qwen serve: session reaper started (interval 60000ms, idle threshold 1800000ms)
qwen serve: session reaper started (interval 60000ms, idle threshold 1800000ms)
qwen serve: session reaper started (interval 60000ms, idle threshold 1800000ms)
qwen serve: session reaper started (interval 60000ms, idle threshold 1800000ms)
qwen serve: session reaper started (interval 60000ms, idle threshold 1800000ms)
qwen serve: session reaper started (interval 60000ms, idle threshold 1800000ms)
sendPrompt: forward failed for session sess:/work/a: model unavailable
qwen serve: session reaper started (interval 60000ms, idle threshold 1800000ms)
 ✓ src/child-heap-policy.test.ts (17 tests) 5ms
qwen serve: session reaper started (interval 60000ms, idle threshold 1800000ms)
broadcastPromptCancelledOnce: suppressed duplicate cancel for session sess:/work/a prompt=previous-rpc
qwen serve: session reaper started (interval 60000ms, idle threshold 1800000ms)
qwen serve: session reaper started (interval 60000ms, idle threshold 1800000ms)
 ✓ src/channel-liveness.test.ts (9 tests) 10ms
broadcastPromptCancelledOnce: suppressed duplicate cancel for session sess:/work/a prompt=new-rpc
 ✓ src/bridge.test.ts (969 tests) 18456ms
   ✓ preheat > clamps explicit keep-alive to the setTimeout maximum  540ms
   ✓ createAcpSessionBridge — mid-turn message queue (enqueueMidTurnMessage) > bounds the promoted ring across many idle promotions  569ms
qwen serve: session reaper started (interval 60000ms, idle threshold 1800000ms)
qwen serve: channel exited (code=none, signal=none, transport=ok, 0 session(s) torn down)
qwen serve: session reaper started (interval 60000ms, idle threshold 1800000ms)
qwen serve: channel exited (code=none, signal=none, transport=ok, 0 session(s) torn down)
qwen serve: idle timeout (1000ms) expired, killing channel
qwen serve: channel exited (code=none, signal=none, transport=ok, 0 session(s) torn down)
qwen serve: session reaper started (interval 60000ms, idle threshold 1800000ms)
qwen serve: channel exited (code=none, signal=none, transport=ok, 2 session(s) torn down)
qwen serve: session reaper started (interval 60000ms, idle threshold 1800000ms)
 ✓ src/channel-harness.test.ts (4 tests) 35ms
 ✓ src/inMemoryChannel.test.ts (8 tests) 116ms
 ✓ src/journalGrowthPolicy.test.ts (11 tests) 3ms
a2ui: dropping command with unrecognized shape (version,noop)
 ✓ src/a2uiExtraction.test.ts (14 tests) 12ms
 ✓ src/workspacePaths.test.ts (10 tests) 14ms
 ✓ src/replay-summary.test.ts (6 tests) 4ms
qwen serve: session reaper started (interval 60000ms, idle threshold 1800000ms)
qwen serve: reclaiming idle ACP channel 58f9e27b-b292-4597-9b0b-e74ea08b5ecb
qwen serve: channel exited (code=none, signal=none, transport=ok, 0 session(s) torn down)
qwen serve: session reaper started (interval 60000ms, idle threshold 1800000ms)
qwen serve: session reaper started (interval 60000ms, idle threshold 1800000ms)
qwen serve: session reaper started (interval 60000ms, idle threshold 1800000ms)
qwen serve: session reaper started (interval 60000ms, idle threshold 1800000ms)
qwen serve: session reaper started (interval 60000ms, idle threshold 1800000ms)
qwen serve: reclaiming idle ACP channel e56eeae4-9bcf-4881-a6ee-530579ee842d
qwen serve: channel exited (code=none, signal=none, transport=ok, 0 session(s) torn down)
 ✓ src/idle-channel-reclamation.test.ts (6 tests) 25ms
qwen serve: session reaper started (interval 60000ms, idle threshold 1800000ms)
qwen serve: session reaper started (interval 60000ms, idle threshold 1800000ms)
qwen serve: session reaper started (interval 60000ms, idle threshold 1800000ms)
 ✓ src/bridge-workflow-action.test.ts (6 tests) 71ms
qwen serve: session reaper started (interval 60000ms, idle threshold 1800000ms)
qwen serve: session reaper started (interval 60000ms, idle threshold 1800000ms)
qwen serve: session reaper started (interval 60000ms, idle threshold 1800000ms)
qwen serve: channel exited (code=none, signal=none, transport=ok, 0 session(s) torn down)
 ✓ src/channel-lifecycle.test.ts (3 tests) 93ms
 ✓ src/process-registry.process.test.ts (3 tests) 5494ms
   ✓ ProcessRegistry real process trees > reaps ordinary and detached descendants after graceful escalation  5132ms
qwen serve: session reaper started (interval 60000ms, idle threshold 1800000ms)
qwen serve: session reaper started (interval 60000ms, idle threshold 1800000ms)
qwen serve: session reaper started (interval 60000ms, idle threshold 1800000ms)
qwen serve: session reaper started (interval 60000ms, idle threshold 1800000ms)
sendPrompt: forward failed for session sess:/work/a: agent channel closed mid-request (session sess:/work/a)
 ✓ src/channel-transport.test.ts (4 tests) 26ms
qwen serve: session reaper started (interval 60000ms, idle threshold 1800000ms)
qwen serve: channel exited (code=none, signal=none, transport=ok, 0 session(s) torn down)
qwen serve: session reaper started (interval 60000ms, idle threshold 1800000ms)
qwen serve: session reaper started (interval 60000ms, idle threshold 1800000ms)
 ✓ src/channel-startup.test.ts (3 tests) 21ms
 ✓ src/daemon-memory-budget-parity-fraction.test.ts (12 tests) 101ms
 ✓ src/channel-startup-profile.test.ts (4 tests) 3ms
 ✓ src/session-restore-timeout.test.ts (23 tests) 4ms
qwen serve: session reaper started (interval 60000ms, idle threshold 1800000ms)
qwen serve: session reaper started (interval 60000ms, idle threshold 1800000ms)
qwen serve: session reaper started (interval 60000ms, idle threshold 1800000ms)
 ✓ src/channel-handshake.test.ts (3 tests) 20ms
 ✓ src/replayWindowLimits.test.ts (27 tests) 4ms
qwen serve: session reaper started (interval 60000ms, idle threshold 1800000ms)
qwen serve: session reaper started (interval 60000ms, idle threshold 1800000ms)
qwen serve: session reaper started (interval 60000ms, idle threshold 1800000ms)
qwen serve: session reaper started (interval 60000ms, idle threshold 1800000ms)
qwen serve: session reaper started (interval 60000ms, idle threshold 1800000ms)
 ✓ src/child-env-forwarding.test.ts (8 tests) 6ms
 ✓ src/json-string-bytes.test.ts (5 tests) 41ms
 ✓ src/workspacePaths.sandbox.test.ts (2 tests) 2ms
 ✓ src/generation-stream.test.ts (4 tests) 3ms
 ✓ src/session-source.test.ts (10 tests) 3ms
qwen serve: session reaper started (interval 60000ms, idle threshold 1800000ms)
qwen serve: session reaper started (interval 60000ms, idle threshold 1800000ms)
 ✓ src/bridge.sandbox.test.ts (2 tests) 15ms
 ✓ src/background-turn-kind.test.ts (6 tests) 2ms
qwen serve: session reaper started (interval 60000ms, idle threshold 1800000ms)
qwen serve: session reaper started (interval 60000ms, idle threshold 1800000ms)
 ✓ src/bridge-file-capabilities.test.ts (2 tests) 14ms
 ✓ src/channel-control-timeouts.test.ts (2 tests) 1ms

 Test Files  48 passed (48)
      Tests  2261 passed (2261)
   Start at  22:10:18
   Duration  39.38s (transform 3.91s, setup 0ms, collect 39.54s, tests 31.06s, environment 4ms, prepare 1.84s)

