[INFO] Scanning for projects...
[INFO] 
[INFO] ---------------< com.alibaba:qwen-managed-agent-server >----------------
[INFO] Building Qwen Managed Agent Server 0.1.0-alpha
[INFO]   from pom.xml
[INFO] --------------------------------[ jar ]---------------------------------
[INFO] 
[INFO] --- resources:3.3.1:resources (default-resources) @ qwen-managed-agent-server ---
[INFO] Copying 29 resources from src/main/resources to target/classes
[INFO] Copying 1 resource from ../../core/src/managed-runtime/contracts to target/classes/contracts
[INFO] 
[INFO] --- compiler:3.14.1:compile (default-compile) @ qwen-managed-agent-server ---
[INFO] Recompiling the module because of changed source code.
[INFO] Compiling 87 source files with javac [debug parameters release 21] to target/classes
[INFO] 
[INFO] --- resources:3.3.1:testResources (default-testResources) @ qwen-managed-agent-server ---
[INFO] Copying 1 resource from src/test/resources to target/test-classes
[INFO] 
[INFO] --- compiler:3.14.1:testCompile (default-testCompile) @ qwen-managed-agent-server ---
[INFO] Recompiling the module because of changed dependency.
[INFO] Compiling 80 source files with javac [debug parameters release 21] to target/test-classes
[INFO] /u-m3c/packages/sdk-java/managed-agent-server/src/test/java/com/alibaba/qwen/code/managedagent/ManagedHookRecordContractTest.java: Some input files use or override a deprecated API.
[INFO] /u-m3c/packages/sdk-java/managed-agent-server/src/test/java/com/alibaba/qwen/code/managedagent/ManagedHookRecordContractTest.java: Recompile with -Xlint:deprecation for details.
[INFO] /u-m3c/packages/sdk-java/managed-agent-server/src/test/java/com/alibaba/qwen/code/managedagent/service/HarnessCoordinatorTest.java: /u-m3c/packages/sdk-java/managed-agent-server/src/test/java/com/alibaba/qwen/code/managedagent/service/HarnessCoordinatorTest.java uses unchecked or unsafe operations.
[INFO] /u-m3c/packages/sdk-java/managed-agent-server/src/test/java/com/alibaba/qwen/code/managedagent/service/HarnessCoordinatorTest.java: Recompile with -Xlint:unchecked for details.
[INFO] 
[INFO] --- surefire:3.5.6:test (default-test) @ qwen-managed-agent-server ---
[INFO] Using auto detected provider org.apache.maven.surefire.junitplatform.JUnitPlatformProvider
[INFO] 
[INFO] -------------------------------------------------------
[INFO]  T E S T S
[INFO] -------------------------------------------------------
[INFO] Running com.alibaba.qwen.code.managedagent.ManagedHookCatalogContractTest
[INFO] Tests run: 1, Failures: 0, Errors: 0, Skipped: 0, Time elapsed: 0.406 s -- in com.alibaba.qwen.code.managedagent.ManagedHookCatalogContractTest
[INFO] Running com.alibaba.qwen.code.managedagent.ManagedHookRecordContractTest
[INFO] Tests run: 2, Failures: 0, Errors: 0, Skipped: 0, Time elapsed: 0.096 s -- in com.alibaba.qwen.code.managedagent.ManagedHookRecordContractTest
[INFO] Running com.alibaba.qwen.code.managedagent.ManagedAgentApiContractTest
Standard Commons Logging discovery in action with spring-jcl: please remove commons-logging.jar from classpath in order to avoid potential conflicts
01:23:39.824 [main] INFO org.springframework.test.context.support.AnnotationConfigContextLoaderUtils -- Could not detect default configuration classes for test class [com.alibaba.qwen.code.managedagent.ManagedAgentApiContractTest]: ManagedAgentApiContractTest does not declare any static, non-private, non-final, nested classes annotated with @Configuration.
01:23:39.985 [main] INFO org.springframework.boot.test.context.SpringBootTestContextBootstrapper -- Found @SpringBootConfiguration com.alibaba.qwen.code.managedagent.ManagedAgentServerApplication for test class com.alibaba.qwen.code.managedagent.ManagedAgentApiContractTest

  .   ____          _            __ _ _
 /\\ / ___'_ __ _ _(_)_ __  __ _ \ \ \ \
( ( )\___ | '_ | '_| | '_ \/ _` | \ \ \ \
 \\/  ___)| |_)| | | | | || (_| |  ) ) ) )
  '  |____| .__|_| |_|_| |_\__, | / / / /
 =========|_|==============|___/=/_/_/_/

 :: Spring Boot ::               (v3.5.16)

2026-10-02T01:23:40.331Z  INFO 479 --- [qwen-managed-agent-server] [           main] c.a.q.c.m.ManagedAgentApiContractTest    : Starting ManagedAgentApiContractTest using Java 21.0.9 with PID 479 (started by root in /u-m3c/packages/sdk-java/managed-agent-server)
2026-10-02T01:23:40.334Z  INFO 479 --- [qwen-managed-agent-server] [           main] c.a.q.c.m.ManagedAgentApiContractTest    : No active profile set, falling back to 1 default profile: "default"
2026-10-02T01:23:41.520Z  INFO 479 --- [qwen-managed-agent-server] [           main] com.zaxxer.hikari.HikariDataSource       : HikariPool-1 - Starting...
2026-10-02T01:23:41.637Z  INFO 479 --- [qwen-managed-agent-server] [           main] com.zaxxer.hikari.pool.HikariPool        : HikariPool-1 - Added connection conn0: url=jdbc:h2:mem:managed-agent-contract user=SA
2026-10-02T01:23:41.638Z  INFO 479 --- [qwen-managed-agent-server] [           main] com.zaxxer.hikari.HikariDataSource       : HikariPool-1 - Start completed.
2026-10-02T01:23:41.669Z  INFO 479 --- [qwen-managed-agent-server] [           main] org.flywaydb.core.FlywayExecutor         : Database: jdbc:h2:mem:managed-agent-contract (H2 2.3)
2026-10-02T01:23:41.699Z  INFO 479 --- [qwen-managed-agent-server] [           main] o.f.c.i.s.JdbcTableSchemaHistory         : Schema history table "public"."flyway_schema_history" does not exist yet
2026-10-02T01:23:41.702Z  INFO 479 --- [qwen-managed-agent-server] [           main] o.f.core.internal.command.DbValidate     : Successfully validated 28 migrations (execution time 00:00.018s)
2026-10-02T01:23:41.707Z  INFO 479 --- [qwen-managed-agent-server] [           main] o.f.c.i.s.JdbcTableSchemaHistory         : Creating Schema History table "public"."flyway_schema_history" ...
2026-10-02T01:23:41.747Z  INFO 479 --- [qwen-managed-agent-server] [           main] o.f.core.internal.command.DbMigrate      : Current version of schema "public": << Empty Schema >>
2026-10-02T01:23:41.760Z  INFO 479 --- [qwen-managed-agent-server] [           main] o.f.core.internal.command.DbMigrate      : Migrating schema "public" to version "1 - managed agent core"
2026-10-02T01:23:41.780Z  INFO 479 --- [qwen-managed-agent-server] [           main] o.f.core.internal.command.DbMigrate      : Migrating schema "public" to version "2 - managed agent projection"
2026-10-02T01:23:41.794Z  INFO 479 --- [qwen-managed-agent-server] [           main] o.f.core.internal.command.DbMigrate      : Migrating schema "public" to version "3 - runtime broker"
2026-10-02T01:23:41.803Z  INFO 479 --- [qwen-managed-agent-server] [           main] o.f.core.internal.command.DbMigrate      : Migrating schema "public" to version "4 - managed session store"
2026-10-02T01:23:41.811Z  INFO 479 --- [qwen-managed-agent-server] [           main] o.f.core.internal.command.DbMigrate      : Migrating schema "public" to version "5 - managed session lifecycle"
2026-10-02T01:23:41.830Z  INFO 479 --- [qwen-managed-agent-server] [           main] o.f.core.internal.command.DbMigrate      : Migrating schema "public" to version "6 - managed turn retry"
2026-10-02T01:23:41.838Z  INFO 479 --- [qwen-managed-agent-server] [           main] o.f.core.internal.command.DbMigrate      : Migrating schema "public" to version "7 - managed workspace binding"
2026-10-02T01:23:41.866Z  INFO 479 --- [qwen-managed-agent-server] [           main] o.f.core.internal.command.DbMigrate      : Migrating schema "public" to version "8 - managed workspace registry"
2026-10-02T01:23:41.872Z  INFO 479 --- [qwen-managed-agent-server] [           main] o.f.core.internal.command.DbMigrate      : Migrating schema "public" to version "9 - managed workspace creation command"
2026-10-02T01:23:41.879Z  INFO 479 --- [qwen-managed-agent-server] [           main] o.f.core.internal.command.DbMigrate      : Migrating schema "public" to version "10 - managed runtime context"
2026-10-02T01:23:41.885Z  INFO 479 --- [qwen-managed-agent-server] [           main] o.f.core.internal.command.DbMigrate      : Migrating schema "public" to version "11 - workspace execution"
2026-10-02T01:23:41.890Z  INFO 479 --- [qwen-managed-agent-server] [           main] o.f.core.internal.command.DbMigrate      : Migrating schema "public" to version "12 - runtime broker schema alignment"
2026-10-02T01:23:41.901Z  INFO 479 --- [qwen-managed-agent-server] [           main] o.f.core.internal.command.DbMigrate      : Migrating schema "public" to version "13 - managed session agent revision"
2026-10-02T01:23:41.907Z  INFO 479 --- [qwen-managed-agent-server] [           main] o.f.core.internal.command.DbMigrate      : Migrating schema "public" to version "14 - managed event replay"
2026-10-02T01:23:41.917Z  INFO 479 --- [qwen-managed-agent-server] [           main] o.f.core.internal.command.DbMigrate      : Migrating schema "public" to version "15 - managed event identity"
2026-10-02T01:23:41.925Z  INFO 479 --- [qwen-managed-agent-server] [           main] o.f.core.internal.command.DbMigrate      : Migrating schema "public" to version "16 - runtime loss evidence"
2026-10-02T01:23:41.940Z  INFO 479 --- [qwen-managed-agent-server] [           main] o.f.core.internal.command.DbMigrate      : Migrating schema "public" to version "17 - managed session operation"
2026-10-02T01:23:41.947Z  INFO 479 --- [qwen-managed-agent-server] [           main] o.f.core.internal.command.DbMigrate      : Migrating schema "public" to version "18 - managed extension record"
2026-10-02T01:23:41.950Z  INFO 479 --- [qwen-managed-agent-server] [           main] o.f.core.internal.command.DbMigrate      : Migrating schema "public" to version "19 - workspace operator recovery"
2026-10-02T01:23:41.955Z  INFO 479 --- [qwen-managed-agent-server] [           main] o.f.core.internal.command.DbMigrate      : Migrating schema "public" to version "20 - managed tool publication"
2026-10-02T01:23:41.959Z  INFO 479 --- [qwen-managed-agent-server] [           main] o.f.core.internal.command.DbMigrate      : Migrating schema "public" to version "21 - managed tool publication objects"
2026-10-02T01:23:41.989Z  INFO 479 --- [qwen-managed-agent-server] [           main] o.f.core.internal.command.DbMigrate      : Migrating schema "public" to version "22 - managed tool publication recovery"
2026-10-02T01:23:41.992Z  INFO 479 --- [qwen-managed-agent-server] [           main] o.f.core.internal.command.DbMigrate      : Migrating schema "public" to version "23 - managed mcp records"
2026-10-02T01:23:41.994Z  INFO 479 --- [qwen-managed-agent-server] [           main] o.f.core.internal.command.DbMigrate      : Migrating schema "public" to version "24 - managed actions"
2026-10-02T01:23:42.011Z  INFO 479 --- [qwen-managed-agent-server] [           main] o.f.core.internal.command.DbMigrate      : Migrating schema "public" to version "25 - verified workspace mount"
2026-10-02T01:23:42.026Z  INFO 479 --- [qwen-managed-agent-server] [           main] o.f.core.internal.command.DbMigrate      : Migrating schema "public" to version "26 - managed tool result projection"
2026-10-02T01:23:42.034Z  INFO 479 --- [qwen-managed-agent-server] [           main] o.f.core.internal.command.DbMigrate      : Migrating schema "public" to version "27 - managed hook records"
2026-10-02T01:23:42.041Z  INFO 479 --- [qwen-managed-agent-server] [           main] o.f.core.internal.command.DbMigrate      : Migrating schema "public" to version "28 - workspace recovery bundle"
2026-10-02T01:23:42.053Z  INFO 479 --- [qwen-managed-agent-server] [           main] o.f.core.internal.command.DbMigrate      : Successfully applied 28 migrations to schema "public", now at version v28 (execution time 00:00.187s)
2026-10-02T01:23:43.068Z  INFO 479 --- [qwen-managed-agent-server] [           main] o.s.b.t.m.w.SpringBootMockServletContext : Initializing Spring TestDispatcherServlet ''
2026-10-02T01:23:43.068Z  INFO 479 --- [qwen-managed-agent-server] [           main] o.s.t.web.servlet.TestDispatcherServlet  : Initializing Servlet ''
2026-10-02T01:23:43.076Z  INFO 479 --- [qwen-managed-agent-server] [           main] o.s.b.a.e.web.EndpointLinksResolver      : Exposing 2 endpoints beneath base path '/actuator'
2026-10-02T01:23:43.083Z  INFO 479 --- [qwen-managed-agent-server] [           main] o.s.t.web.servlet.TestDispatcherServlet  : Completed initialization in 15 ms
2026-10-02T01:23:43.142Z  INFO 479 --- [qwen-managed-agent-server] [           main] c.a.q.c.m.ManagedAgentApiContractTest    : Started ManagedAgentApiContractTest in 3.056 seconds (process running for 4.697)
Mockito is currently self-attaching to enable the inline-mock-maker. This will no longer work in future releases of the JDK. Please add Mockito as an agent to your build as described in Mockito's documentation: https://javadoc.io/doc/org.mockito/mockito-core/latest/org.mockito/org/mockito/Mockito.html#0.3
OpenJDK 64-Bit Server VM warning: Sharing is only supported for boot loader classes because bootstrap classpath has been appended
WARNING: A Java agent has been loaded dynamically (/m2/net/bytebuddy/byte-buddy-agent/1.17.8/byte-buddy-agent-1.17.8.jar)
WARNING: If a serviceability tool is in use, please run with -XX:+EnableDynamicAgentLoading to hide this warning
WARNING: If a serviceability tool is not in use, please run with -Djdk.instrument.traceUsage for more information
WARNING: Dynamic loading of agents will be disallowed by default in a future release
2026-10-02T01:23:44.398Z  INFO 479 --- [qwen-managed-agent-server] [           main] [13509494-e6a3-40b4-aaee-6a6e1f30783d] c.a.q.c.m.s.ManagedArtifactService       : artifact_read tenant=tenant-contract-0cb0d9a6-ab3c-4bcf-979c-3e0fb34f5b0c actor=null session=0285f71a-c837-464e-9bf4-686335626913 artifact=artifact_missing outcome=denied bytes=0
2026-10-02T01:23:44.959Z  WARN 479 --- [qwen-managed-agent-server] [     virtual-58] c.a.q.c.m.s.SessionLifecycleCoordinator  : Managed Session operation will retry tenant=tenant-contract-0cb0d9a6-ab3c-4bcf-979c-3e0fb34f5b0c session=0285f71a-c837-464e-9bf4-686335626913 operation=op_a018c0e60bbe4f80a4d8e004a2ff04dd retry=1 delayMs=1000 failure=IllegalStateException fixture close failure
[INFO] Tests run: 6, Failures: 0, Errors: 0, Skipped: 0, Time elapsed: 8.666 s -- in com.alibaba.qwen.code.managedagent.ManagedAgentApiContractTest
[INFO] Running com.alibaba.qwen.code.managedagent.ToolPublicationStoreTest
2026-10-02T01:23:48.365Z  INFO 479 --- [qwen-managed-agent-server] [           main] org.flywaydb.core.FlywayExecutor         : Database: jdbc:h2:mem:publication-2a2cee89-60c4-46ab-96ae-b505068c4c65 (H2 2.3)
2026-10-02T01:23:48.370Z  INFO 479 --- [qwen-managed-agent-server] [           main] o.f.c.i.s.JdbcTableSchemaHistory         : Schema history table "public"."flyway_schema_history" does not exist yet
2026-10-02T01:23:48.371Z  INFO 479 --- [qwen-managed-agent-server] [           main] o.f.core.internal.command.DbValidate     : Successfully validated 28 migrations (execution time 00:00.004s)
2026-10-02T01:23:48.371Z  INFO 479 --- [qwen-managed-agent-server] [           main] o.f.c.i.s.JdbcTableSchemaHistory         : Creating Schema History table "public"."flyway_schema_history" ...
2026-10-02T01:23:48.374Z  INFO 479 --- [qwen-managed-agent-server] [           main] o.f.core.internal.command.DbMigrate      : Current version of schema "public": << Empty Schema >>
2026-10-02T01:23:48.375Z  INFO 479 --- [qwen-managed-agent-server] [           main] o.f.core.internal.command.DbMigrate      : Migrating schema "public" to version "1 - managed agent core"
2026-10-02T01:23:48.379Z  INFO 479 --- [qwen-managed-agent-server] [           main] o.f.core.internal.command.DbMigrate      : Migrating schema "public" to version "2 - managed agent projection"
2026-10-02T01:23:48.385Z  INFO 479 --- [qwen-managed-agent-server] [           main] o.f.core.internal.command.DbMigrate      : Migrating schema "public" to version "3 - runtime broker"
2026-10-02T01:23:48.388Z  INFO 479 --- [qwen-managed-agent-server] [           main] o.f.core.internal.command.DbMigrate      : Migrating schema "public" to version "4 - managed session store"
2026-10-02T01:23:48.391Z  INFO 479 --- [qwen-managed-agent-server] [           main] o.f.core.internal.command.DbMigrate      : Migrating schema "public" to version "5 - managed session lifecycle"
2026-10-02T01:23:48.395Z  INFO 479 --- [qwen-managed-agent-server] [           main] o.f.core.internal.command.DbMigrate      : Migrating schema "public" to version "6 - managed turn retry"
2026-10-02T01:23:48.400Z  INFO 479 --- [qwen-managed-agent-server] [           main] o.f.core.internal.command.DbMigrate      : Migrating schema "public" to version "7 - managed workspace binding"
2026-10-02T01:23:48.411Z  INFO 479 --- [qwen-managed-agent-server] [           main] o.f.core.internal.command.DbMigrate      : Migrating schema "public" to version "8 - managed workspace registry"
2026-10-02T01:23:48.415Z  INFO 479 --- [qwen-managed-agent-server] [           main] o.f.core.internal.command.DbMigrate      : Migrating schema "public" to version "9 - managed workspace creation command"
2026-10-02T01:23:48.417Z  INFO 479 --- [qwen-managed-agent-server] [           main] o.f.core.internal.command.DbMigrate      : Migrating schema "public" to version "10 - managed runtime context"
2026-10-02T01:23:48.427Z  INFO 479 --- [qwen-managed-agent-server] [           main] o.f.core.internal.command.DbMigrate      : Migrating schema "public" to version "11 - workspace execution"
2026-10-02T01:23:48.429Z  INFO 479 --- [qwen-managed-agent-server] [           main] o.f.core.internal.command.DbMigrate      : Migrating schema "public" to version "12 - runtime broker schema alignment"
2026-10-02T01:23:48.435Z  INFO 479 --- [qwen-managed-agent-server] [           main] o.f.core.internal.command.DbMigrate      : Migrating schema "public" to version "13 - managed session agent revision"
2026-10-02T01:23:48.439Z  INFO 479 --- [qwen-managed-agent-server] [           main] o.f.core.internal.command.DbMigrate      : Migrating schema "public" to version "14 - managed event replay"
2026-10-02T01:23:48.444Z  INFO 479 --- [qwen-managed-agent-server] [           main] o.f.core.internal.command.DbMigrate      : Migrating schema "public" to version "15 - managed event identity"
2026-10-02T01:23:48.446Z  INFO 479 --- [qwen-managed-agent-server] [           main] o.f.core.internal.command.DbMigrate      : Migrating schema "public" to version "16 - runtime loss evidence"
2026-10-02T01:23:48.451Z  INFO 479 --- [qwen-managed-agent-server] [           main] o.f.core.internal.command.DbMigrate      : Migrating schema "public" to version "17 - managed session operation"
2026-10-02T01:23:48.454Z  INFO 479 --- [qwen-managed-agent-server] [           main] o.f.core.internal.command.DbMigrate      : Migrating schema "public" to version "18 - managed extension record"
2026-10-02T01:23:48.456Z  INFO 479 --- [qwen-managed-agent-server] [           main] o.f.core.internal.command.DbMigrate      : Migrating schema "public" to version "19 - workspace operator recovery"
2026-10-02T01:23:48.458Z  INFO 479 --- [qwen-managed-agent-server] [           main] o.f.core.internal.command.DbMigrate      : Migrating schema "public" to version "20 - managed tool publication"
2026-10-02T01:23:48.461Z  INFO 479 --- [qwen-managed-agent-server] [           main] o.f.core.internal.command.DbMigrate      : Migrating schema "public" to version "21 - managed tool publication objects"
2026-10-02T01:23:48.475Z  INFO 479 --- [qwen-managed-agent-server] [           main] o.f.core.internal.command.DbMigrate      : Migrating schema "public" to version "22 - managed tool publication recovery"
2026-10-02T01:23:48.477Z  INFO 479 --- [qwen-managed-agent-server] [           main] o.f.core.internal.command.DbMigrate      : Migrating schema "public" to version "23 - managed mcp records"
2026-10-02T01:23:48.478Z  INFO 479 --- [qwen-managed-agent-server] [           main] o.f.core.internal.command.DbMigrate      : Migrating schema "public" to version "24 - managed actions"
2026-10-02T01:23:48.486Z  INFO 479 --- [qwen-managed-agent-server] [           main] o.f.core.internal.command.DbMigrate      : Migrating schema "public" to version "25 - verified workspace mount"
2026-10-02T01:23:48.493Z  INFO 479 --- [qwen-managed-agent-server] [           main] o.f.core.internal.command.DbMigrate      : Migrating schema "public" to version "26 - managed tool result projection"
2026-10-02T01:23:48.496Z  INFO 479 --- [qwen-managed-agent-server] [           main] o.f.core.internal.command.DbMigrate      : Migrating schema "public" to version "27 - managed hook records"
2026-10-02T01:23:48.498Z  INFO 479 --- [qwen-managed-agent-server] [           main] o.f.core.internal.command.DbMigrate      : Migrating schema "public" to version "28 - workspace recovery bundle"
2026-10-02T01:23:48.500Z  INFO 479 --- [qwen-managed-agent-server] [           main] o.f.core.internal.command.DbMigrate      : Successfully applied 28 migrations to schema "public", now at version v28 (execution time 00:00.071s)
2026-10-02T01:23:48.962Z  INFO 479 --- [qwen-managed-agent-server] [           main] org.flywaydb.core.FlywayExecutor         : Database: jdbc:h2:mem:publication-a97ce496-7470-4752-a47f-3edd2e1f1602 (H2 2.3)
2026-10-02T01:23:48.978Z  INFO 479 --- [qwen-managed-agent-server] [           main] o.f.c.i.s.JdbcTableSchemaHistory         : Schema history table "public"."flyway_schema_history" does not exist yet
2026-10-02T01:23:48.979Z  INFO 479 --- [qwen-managed-agent-server] [           main] o.f.core.internal.command.DbValidate     : Successfully validated 28 migrations (execution time 00:00.013s)
2026-10-02T01:23:48.980Z  INFO 479 --- [qwen-managed-agent-server] [           main] o.f.c.i.s.JdbcTableSchemaHistory         : Creating Schema History table "public"."flyway_schema_history" ...
2026-10-02T01:23:48.985Z  INFO 479 --- [qwen-managed-agent-server] [           main] o.f.core.internal.command.DbMigrate      : Current version of schema "public": << Empty Schema >>
2026-10-02T01:23:48.990Z  INFO 479 --- [qwen-managed-agent-server] [           main] o.f.core.internal.command.DbMigrate      : Migrating schema "public" to version "1 - managed agent core"
2026-10-02T01:23:48.999Z  INFO 479 --- [qwen-managed-agent-server] [           main] o.f.core.internal.command.DbMigrate      : Migrating schema "public" to version "2 - managed agent projection"
2026-10-02T01:23:49.008Z  INFO 479 --- [qwen-managed-agent-server] [           main] o.f.core.internal.command.DbMigrate      : Migrating schema "public" to version "3 - runtime broker"
2026-10-02T01:23:49.017Z  INFO 479 --- [qwen-managed-agent-server] [           main] o.f.core.internal.command.DbMigrate      : Migrating schema "public" to version "4 - managed session store"
2026-10-02T01:23:49.022Z  INFO 479 --- [qwen-managed-agent-server] [           main] o.f.core.internal.command.DbMigrate      : Migrating schema "public" to version "5 - managed session lifecycle"
2026-10-02T01:23:49.031Z  INFO 479 --- [qwen-managed-agent-server] [           main] o.f.core.internal.command.DbMigrate      : Migrating schema "public" to version "6 - managed turn retry"
2026-10-02T01:23:49.038Z  INFO 479 --- [qwen-managed-agent-server] [           main] o.f.core.internal.command.DbMigrate      : Migrating schema "public" to version "7 - managed workspace binding"
2026-10-02T01:23:49.061Z  INFO 479 --- [qwen-managed-agent-server] [           main] o.f.core.internal.command.DbMigrate      : Migrating schema "public" to version "8 - managed workspace registry"
2026-10-02T01:23:49.069Z  INFO 479 --- [qwen-managed-agent-server] [           main] o.f.core.internal.command.DbMigrate      : Migrating schema "public" to version "9 - managed workspace creation command"
2026-10-02T01:23:49.075Z  INFO 479 --- [qwen-managed-agent-server] [           main] o.f.core.internal.command.DbMigrate      : Migrating schema "public" to version "10 - managed runtime context"
2026-10-02T01:23:49.082Z  INFO 479 --- [qwen-managed-agent-server] [           main] o.f.core.internal.command.DbMigrate      : Migrating schema "public" to version "11 - workspace execution"
2026-10-02T01:23:49.086Z  INFO 479 --- [qwen-managed-agent-server] [           main] o.f.core.internal.command.DbMigrate      : Migrating schema "public" to version "12 - runtime broker schema alignment"
2026-10-02T01:23:49.095Z  INFO 479 --- [qwen-managed-agent-server] [           main] o.f.core.internal.command.DbMigrate      : Migrating schema "public" to version "13 - managed session agent revision"
2026-10-02T01:23:49.101Z  INFO 479 --- [qwen-managed-agent-server] [           main] o.f.core.internal.command.DbMigrate      : Migrating schema "public" to version "14 - managed event replay"
2026-10-02T01:23:49.115Z  INFO 479 --- [qwen-managed-agent-server] [           main] o.f.core.internal.command.DbMigrate      : Migrating schema "public" to version "15 - managed event identity"
2026-10-02T01:23:49.118Z  INFO 479 --- [qwen-managed-agent-server] [           main] o.f.core.internal.command.DbMigrate      : Migrating schema "public" to version "16 - runtime loss evidence"
2026-10-02T01:23:49.129Z  INFO 479 --- [qwen-managed-agent-server] [           main] o.f.core.internal.command.DbMigrate      : Migrating schema "public" to version "17 - managed session operation"
2026-10-02T01:23:49.134Z  INFO 479 --- [qwen-managed-agent-server] [           main] o.f.core.internal.command.DbMigrate      : Migrating schema "public" to version "18 - managed extension record"
2026-10-02T01:23:49.137Z  INFO 479 --- [qwen-managed-agent-server] [           main] o.f.core.internal.command.DbMigrate      : Migrating schema "public" to version "19 - workspace operator recovery"
2026-10-02T01:23:49.140Z  INFO 479 --- [qwen-managed-agent-server] [           main] o.f.core.internal.command.DbMigrate      : Migrating schema "public" to version "20 - managed tool publication"
2026-10-02T01:23:49.145Z  INFO 479 --- [qwen-managed-agent-server] [           main] o.f.core.internal.command.DbMigrate      : Migrating schema "public" to version "21 - managed tool publication objects"
2026-10-02T01:23:49.173Z  INFO 479 --- [qwen-managed-agent-server] [           main] o.f.core.internal.command.DbMigrate      : Migrating schema "public" to version "22 - managed tool publication recovery"
2026-10-02T01:23:49.176Z  INFO 479 --- [qwen-managed-agent-server] [           main] o.f.core.internal.command.DbMigrate      : Migrating schema "public" to version "23 - managed mcp records"
2026-10-02T01:23:49.178Z  INFO 479 --- [qwen-managed-agent-server] [           main] o.f.core.internal.command.DbMigrate      : Migrating schema "public" to version "24 - managed actions"
2026-10-02T01:23:49.189Z  INFO 479 --- [qwen-managed-agent-server] [           main] o.f.core.internal.command.DbMigrate      : Migrating schema "public" to version "25 - verified workspace mount"
2026-10-02T01:23:49.199Z  INFO 479 --- [qwen-managed-agent-server] [           main] o.f.core.internal.command.DbMigrate      : Migrating schema "public" to version "26 - managed tool result projection"
2026-10-02T01:23:49.205Z  INFO 479 --- [qwen-managed-agent-server] [           main] o.f.core.internal.command.DbMigrate      : Migrating schema "public" to version "27 - managed hook records"
2026-10-02T01:23:49.209Z  INFO 479 --- [qwen-managed-agent-server] [           main] o.f.core.internal.command.DbMigrate      : Migrating schema "public" to version "28 - workspace recovery bundle"
2026-10-02T01:23:49.211Z  INFO 479 --- [qwen-managed-agent-server] [           main] o.f.core.internal.command.DbMigrate      : Successfully applied 28 migrations to schema "public", now at version v28 (execution time 00:00.134s)
2026-10-02T01:23:49.274Z  WARN 479 --- [qwen-managed-agent-server] [           main] c.a.q.c.m.s.ManagedToolResultProjector   : Managed tool result projection failed result=result_2cfafc7d888110d51e955a9816b826fe3fd617141bbf38748bf6116b0efc5d69 code=public_turn_mapping_missing cause=NoSuchElementException
2026-10-02T01:23:49.292Z  INFO 479 --- [qwen-managed-agent-server] [           main] org.flywaydb.core.FlywayExecutor         : Database: jdbc:h2:mem:publication-5ece349e-cb7b-48a9-9389-38f3acdf72ea (H2 2.3)
2026-10-02T01:23:49.300Z  INFO 479 --- [qwen-managed-agent-server] [           main] o.f.c.i.s.JdbcTableSchemaHistory         : Schema history table "public"."flyway_schema_history" does not exist yet
2026-10-02T01:23:49.301Z  INFO 479 --- [qwen-managed-agent-server] [           main] o.f.core.internal.command.DbValidate     : Successfully validated 28 migrations (execution time 00:00.007s)
2026-10-02T01:23:49.302Z  INFO 479 --- [qwen-managed-agent-server] [           main] o.f.c.i.s.JdbcTableSchemaHistory         : Creating Schema History table "public"."flyway_schema_history" ...
2026-10-02T01:23:49.304Z  INFO 479 --- [qwen-managed-agent-server] [           main] o.f.core.internal.command.DbMigrate      : Current version of schema "public": << Empty Schema >>
2026-10-02T01:23:49.306Z  INFO 479 --- [qwen-managed-agent-server] [           main] o.f.core.internal.command.DbMigrate      : Migrating schema "public" to version "1 - managed agent core"
2026-10-02T01:23:49.310Z  INFO 479 --- [qwen-managed-agent-server] [           main] o.f.core.internal.command.DbMigrate      : Migrating schema "public" to version "2 - managed agent projection"
2026-10-02T01:23:49.315Z  INFO 479 --- [qwen-managed-agent-server] [           main] o.f.core.internal.command.DbMigrate      : Migrating schema "public" to version "3 - runtime broker"
2026-10-02T01:23:49.318Z  INFO 479 --- [qwen-managed-agent-server] [           main] o.f.core.internal.command.DbMigrate      : Migrating schema "public" to version "4 - managed session store"
2026-10-02T01:23:49.320Z  INFO 479 --- [qwen-managed-agent-server] [           main] o.f.core.internal.command.DbMigrate      : Migrating schema "public" to version "5 - managed session lifecycle"
2026-10-02T01:23:49.325Z  INFO 479 --- [qwen-managed-agent-server] [           main] o.f.core.internal.command.DbMigrate      : Migrating schema "public" to version "6 - managed turn retry"
2026-10-02T01:23:49.329Z  INFO 479 --- [qwen-managed-agent-server] [           main] o.f.core.internal.command.DbMigrate      : Migrating schema "public" to version "7 - managed workspace binding"
2026-10-02T01:23:49.340Z  INFO 479 --- [qwen-managed-agent-server] [           main] o.f.core.internal.command.DbMigrate      : Migrating schema "public" to version "8 - managed workspace registry"
2026-10-02T01:23:49.343Z  INFO 479 --- [qwen-managed-agent-server] [           main] o.f.core.internal.command.DbMigrate      : Migrating schema "public" to version "9 - managed workspace creation command"
2026-10-02T01:23:49.346Z  INFO 479 --- [qwen-managed-agent-server] [           main] o.f.core.internal.command.DbMigrate      : Migrating schema "public" to version "10 - managed runtime context"
2026-10-02T01:23:49.349Z  INFO 479 --- [qwen-managed-agent-server] [           main] o.f.core.internal.command.DbMigrate      : Migrating schema "public" to version "11 - workspace execution"
2026-10-02T01:23:49.352Z  INFO 479 --- [qwen-managed-agent-server] [           main] o.f.core.internal.command.DbMigrate      : Migrating schema "public" to version "12 - runtime broker schema alignment"
2026-10-02T01:23:49.357Z  INFO 479 --- [qwen-managed-agent-server] [           main] o.f.core.internal.command.DbMigrate      : Migrating schema "public" to version "13 - managed session agent revision"
2026-10-02T01:23:49.360Z  INFO 479 --- [qwen-managed-agent-server] [           main] o.f.core.internal.command.DbMigrate      : Migrating schema "public" to version "14 - managed event replay"
2026-10-02T01:23:49.366Z  INFO 479 --- [qwen-managed-agent-server] [           main] o.f.core.internal.command.DbMigrate      : Migrating schema "public" to version "15 - managed event identity"
2026-10-02T01:23:49.368Z  INFO 479 --- [qwen-managed-agent-server] [           main] o.f.core.internal.command.DbMigrate      : Migrating schema "public" to version "16 - runtime loss evidence"
2026-10-02T01:23:49.374Z  INFO 479 --- [qwen-managed-agent-server] [           main] o.f.core.internal.command.DbMigrate      : Migrating schema "public" to version "17 - managed session operation"
2026-10-02T01:23:49.378Z  INFO 479 --- [qwen-managed-agent-server] [           main] o.f.core.internal.command.DbMigrate      : Migrating schema "public" to version "18 - managed extension record"
2026-10-02T01:23:49.380Z  INFO 479 --- [qwen-managed-agent-server] [           main] o.f.core.internal.command.DbMigrate      : Migrating schema "public" to version "19 - workspace operator recovery"
2026-10-02T01:23:49.387Z  INFO 479 --- [qwen-managed-agent-server] [           main] o.f.core.internal.command.DbMigrate      : Migrating schema "public" to version "20 - managed tool publication"
2026-10-02T01:23:49.390Z  INFO 479 --- [qwen-managed-agent-server] [           main] o.f.core.internal.command.DbMigrate      : Migrating schema "public" to version "21 - managed tool publication objects"
2026-10-02T01:23:49.403Z  INFO 479 --- [qwen-managed-agent-server] [           main] o.f.core.internal.command.DbMigrate      : Migrating schema "public" to version "22 - managed tool publication recovery"
2026-10-02T01:23:49.406Z  INFO 479 --- [qwen-managed-agent-server] [           main] o.f.core.internal.command.DbMigrate      : Migrating schema "public" to version "23 - managed mcp records"
2026-10-02T01:23:49.408Z  INFO 479 --- [qwen-managed-agent-server] [           main] o.f.core.internal.command.DbMigrate      : Migrating schema "public" to version "24 - managed actions"
2026-10-02T01:23:49.415Z  INFO 479 --- [qwen-managed-agent-server] [           main] o.f.core.internal.command.DbMigrate      : Migrating schema "public" to version "25 - verified workspace mount"
2026-10-02T01:23:49.421Z  INFO 479 --- [qwen-managed-agent-server] [           main] o.f.core.internal.command.DbMigrate      : Migrating schema "public" to version "26 - managed tool result projection"
2026-10-02T01:23:49.425Z  INFO 479 --- [qwen-managed-agent-server] [           main] o.f.core.internal.command.DbMigrate      : Migrating schema "public" to version "27 - managed hook records"
2026-10-02T01:23:49.428Z  INFO 479 --- [qwen-managed-agent-server] [           main] o.f.core.internal.command.DbMigrate      : Migrating schema "public" to version "28 - workspace recovery bundle"
2026-10-02T01:23:49.430Z  INFO 479 --- [qwen-managed-agent-server] [           main] o.f.core.internal.command.DbMigrate      : Successfully applied 28 migrations to schema "public", now at version v28 (execution time 00:00.059s)
2026-10-02T01:23:49.467Z  INFO 479 --- [qwen-managed-agent-server] [           main] org.flywaydb.core.FlywayExecutor         : Database: jdbc:h2:mem:publication-171a165c-5dd1-4442-b26c-79cc642727cc (H2 2.3)
2026-10-02T01:23:49.474Z  INFO 479 --- [qwen-managed-agent-server] [           main] o.f.c.i.s.JdbcTableSchemaHistory         : Schema history table "public"."flyway_schema_history" does not exist yet
2026-10-02T01:23:49.474Z  INFO 479 --- [qwen-managed-agent-server] [           main] o.f.core.internal.command.DbValidate     : Successfully validated 28 migrations (execution time 00:00.005s)
2026-10-02T01:23:49.475Z  INFO 479 --- [qwen-managed-agent-server] [           main] o.f.c.i.s.JdbcTableSchemaHistory         : Creating Schema History table "public"."flyway_schema_history" ...
2026-10-02T01:23:49.476Z  INFO 479 --- [qwen-managed-agent-server] [           main] o.f.core.internal.command.DbMigrate      : Current version of schema "public": << Empty Schema >>
2026-10-02T01:23:49.478Z  INFO 479 --- [qwen-managed-agent-server] [           main] o.f.core.internal.command.DbMigrate      : Migrating schema "public" to version "1 - managed agent core"
2026-10-02T01:23:49.481Z  INFO 479 --- [qwen-managed-agent-server] [           main] o.f.core.internal.command.DbMigrate      : Migrating schema "public" to version "2 - managed agent projection"
2026-10-02T01:23:49.485Z  INFO 479 --- [qwen-managed-agent-server] [           main] o.f.core.internal.command.DbMigrate      : Migrating schema "public" to version "3 - runtime broker"
2026-10-02T01:23:49.488Z  INFO 479 --- [qwen-managed-agent-server] [           main] o.f.core.internal.command.DbMigrate      : Migrating schema "public" to version "4 - managed session store"
2026-10-02T01:23:49.491Z  INFO 479 --- [qwen-managed-agent-server] [           main] o.f.core.internal.command.DbMigrate      : Migrating schema "public" to version "5 - managed session lifecycle"
2026-10-02T01:23:49.495Z  INFO 479 --- [qwen-managed-agent-server] [           main] o.f.core.internal.command.DbMigrate      : Migrating schema "public" to version "6 - managed turn retry"
2026-10-02T01:23:49.499Z  INFO 479 --- [qwen-managed-agent-server] [           main] o.f.core.internal.command.DbMigrate      : Migrating schema "public" to version "7 - managed workspace binding"
2026-10-02T01:23:49.508Z  INFO 479 --- [qwen-managed-agent-server] [           main] o.f.core.internal.command.DbMigrate      : Migrating schema "public" to version "8 - managed workspace registry"
2026-10-02T01:23:49.510Z  INFO 479 --- [qwen-managed-agent-server] [           main] o.f.core.internal.command.DbMigrate      : Migrating schema "public" to version "9 - managed workspace creation command"
2026-10-02T01:23:49.513Z  INFO 479 --- [qwen-managed-agent-server] [           main] o.f.core.internal.command.DbMigrate      : Migrating schema "public" to version "10 - managed runtime context"
2026-10-02T01:23:49.517Z  INFO 479 --- [qwen-managed-agent-server] [           main] o.f.core.internal.command.DbMigrate      : Migrating schema "public" to version "11 - workspace execution"
2026-10-02T01:23:49.519Z  INFO 479 --- [qwen-managed-agent-server] [           main] o.f.core.internal.command.DbMigrate      : Migrating schema "public" to version "12 - runtime broker schema alignment"
2026-10-02T01:23:49.522Z  INFO 479 --- [qwen-managed-agent-server] [           main] o.f.core.internal.command.DbMigrate      : Migrating schema "public" to version "13 - managed session agent revision"
2026-10-02T01:23:49.526Z  INFO 479 --- [qwen-managed-agent-server] [           main] o.f.core.internal.command.DbMigrate      : Migrating schema "public" to version "14 - managed event replay"
2026-10-02T01:23:49.532Z  INFO 479 --- [qwen-managed-agent-server] [           main] o.f.core.internal.command.DbMigrate      : Migrating schema "public" to version "15 - managed event identity"
2026-10-02T01:23:49.533Z  INFO 479 --- [qwen-managed-agent-server] [           main] o.f.core.internal.command.DbMigrate      : Migrating schema "public" to version "16 - runtime loss evidence"
2026-10-02T01:23:49.542Z  INFO 479 --- [qwen-managed-agent-server] [           main] o.f.core.internal.command.DbMigrate      : Migrating schema "public" to version "17 - managed session operation"
2026-10-02T01:23:49.545Z  INFO 479 --- [qwen-managed-agent-server] [           main] o.f.core.internal.command.DbMigrate      : Migrating schema "public" to version "18 - managed extension record"
2026-10-02T01:23:49.547Z  INFO 479 --- [qwen-managed-agent-server] [           main] o.f.core.internal.command.DbMigrate      : Migrating schema "public" to version "19 - workspace operator recovery"
2026-10-02T01:23:49.550Z  INFO 479 --- [qwen-managed-agent-server] [           main] o.f.core.internal.command.DbMigrate      : Migrating schema "public" to version "20 - managed tool publication"
2026-10-02T01:23:49.553Z  INFO 479 --- [qwen-managed-agent-server] [           main] o.f.core.internal.command.DbMigrate      : Migrating schema "public" to version "21 - managed tool publication objects"
2026-10-02T01:23:49.566Z  INFO 479 --- [qwen-managed-agent-server] [           main] o.f.core.internal.command.DbMigrate      : Migrating schema "public" to version "22 - managed tool publication recovery"
2026-10-02T01:23:49.568Z  INFO 479 --- [qwen-managed-agent-server] [           main] o.f.core.internal.command.DbMigrate      : Migrating schema "public" to version "23 - managed mcp records"
2026-10-02T01:23:49.570Z  INFO 479 --- [qwen-managed-agent-server] [           main] o.f.core.internal.command.DbMigrate      : Migrating schema "public" to version "24 - managed actions"
2026-10-02T01:23:49.576Z  INFO 479 --- [qwen-managed-agent-server] [           main] o.f.core.internal.command.DbMigrate      : Migrating schema "public" to version "25 - verified workspace mount"
2026-10-02T01:23:49.582Z  INFO 479 --- [qwen-managed-agent-server] [           main] o.f.core.internal.command.DbMigrate      : Migrating schema "public" to version "26 - managed tool result projection"
2026-10-02T01:23:49.585Z  INFO 479 --- [qwen-managed-agent-server] [           main] o.f.core.internal.command.DbMigrate      : Migrating schema "public" to version "27 - managed hook records"
2026-10-02T01:23:49.588Z  INFO 479 --- [qwen-managed-agent-server] [           main] o.f.core.internal.command.DbMigrate      : Migrating schema "public" to version "28 - workspace recovery bundle"
2026-10-02T01:23:49.590Z  INFO 479 --- [qwen-managed-agent-server] [           main] o.f.core.internal.command.DbMigrate      : Successfully applied 28 migrations to schema "public", now at version v28 (execution time 00:00.054s)
2026-10-02T01:23:49.617Z  INFO 479 --- [qwen-managed-agent-server] [           main] org.flywaydb.core.FlywayExecutor         : Database: jdbc:h2:mem:publication-eb646b60-68fb-4e5c-af32-e6a780932a3e (H2 2.3)
2026-10-02T01:23:49.623Z  INFO 479 --- [qwen-managed-agent-server] [           main] o.f.c.i.s.JdbcTableSchemaHistory         : Schema history table "public"."flyway_schema_history" does not exist yet
2026-10-02T01:23:49.624Z  INFO 479 --- [qwen-managed-agent-server] [           main] o.f.core.internal.command.DbValidate     : Successfully validated 28 migrations (execution time 00:00.005s)
2026-10-02T01:23:49.624Z  INFO 479 --- [qwen-managed-agent-server] [           main] o.f.c.i.s.JdbcTableSchemaHistory         : Creating Schema History table "public"."flyway_schema_history" ...
2026-10-02T01:23:49.625Z  INFO 479 --- [qwen-managed-agent-server] [           main] o.f.core.internal.command.DbMigrate      : Current version of schema "public": << Empty Schema >>
2026-10-02T01:23:49.627Z  INFO 479 --- [qwen-managed-agent-server] [           main] o.f.core.internal.command.DbMigrate      : Migrating schema "public" to version "1 - managed agent core"
2026-10-02T01:23:49.630Z  INFO 479 --- [qwen-managed-agent-server] [           main] o.f.core.internal.command.DbMigrate      : Migrating schema "public" to version "2 - managed agent projection"
2026-10-02T01:23:49.634Z  INFO 479 --- [qwen-managed-agent-server] [           main] o.f.core.internal.command.DbMigrate      : Migrating schema "public" to version "3 - runtime broker"
2026-10-02T01:23:49.638Z  INFO 479 --- [qwen-managed-agent-server] [           main] o.f.core.internal.command.DbMigrate      : Migrating schema "public" to version "4 - managed session store"
2026-10-02T01:23:49.640Z  INFO 479 --- [qwen-managed-agent-server] [           main] o.f.core.internal.command.DbMigrate      : Migrating schema "public" to version "5 - managed session lifecycle"
2026-10-02T01:23:49.643Z  INFO 479 --- [qwen-managed-agent-server] [           main] o.f.core.internal.command.DbMigrate      : Migrating schema "public" to version "6 - managed turn retry"
2026-10-02T01:23:49.647Z  INFO 479 --- [qwen-managed-agent-server] [           main] o.f.core.internal.command.DbMigrate      : Migrating schema "public" to version "7 - managed workspace binding"
2026-10-02T01:23:49.655Z  INFO 479 --- [qwen-managed-agent-server] [           main] o.f.core.internal.command.DbMigrate      : Migrating schema "public" to version "8 - managed workspace registry"
2026-10-02T01:23:49.658Z  INFO 479 --- [qwen-managed-agent-server] [           main] o.f.core.internal.command.DbMigrate      : Migrating schema "public" to version "9 - managed workspace creation command"
2026-10-02T01:23:49.659Z  INFO 479 --- [qwen-managed-agent-server] [           main] o.f.core.internal.command.DbMigrate      : Migrating schema "public" to version "10 - managed runtime context"
2026-10-02T01:23:49.662Z  INFO 479 --- [qwen-managed-agent-server] [           main] o.f.core.internal.command.DbMigrate      : Migrating schema "public" to version "11 - workspace execution"
2026-10-02T01:23:49.664Z  INFO 479 --- [qwen-managed-agent-server] [           main] o.f.core.internal.command.DbMigrate      : Migrating schema "public" to version "12 - runtime broker schema alignment"
2026-10-02T01:23:49.669Z  INFO 479 --- [qwen-managed-agent-server] [           main] o.f.core.internal.command.DbMigrate      : Migrating schema "public" to version "13 - managed session agent revision"
2026-10-02T01:23:49.671Z  INFO 479 --- [qwen-managed-agent-server] [           main] o.f.core.internal.command.DbMigrate      : Migrating schema "public" to version "14 - managed event replay"
2026-10-02T01:23:49.678Z  INFO 479 --- [qwen-managed-agent-server] [           main] o.f.core.internal.command.DbMigrate      : Migrating schema "public" to version "15 - managed event identity"
2026-10-02T01:23:49.680Z  INFO 479 --- [qwen-managed-agent-server] [           main] o.f.core.internal.command.DbMigrate      : Migrating schema "public" to version "16 - runtime loss evidence"
2026-10-02T01:23:49.690Z  INFO 479 --- [qwen-managed-agent-server] [           main] o.f.core.internal.command.DbMigrate      : Migrating schema "public" to version "17 - managed session operation"
2026-10-02T01:23:49.692Z  INFO 479 --- [qwen-managed-agent-server] [           main] o.f.core.internal.command.DbMigrate      : Migrating schema "public" to version "18 - managed extension record"
2026-10-02T01:23:49.694Z  INFO 479 --- [qwen-managed-agent-server] [           main] o.f.core.internal.command.DbMigrate      : Migrating schema "public" to version "19 - workspace operator recovery"
2026-10-02T01:23:49.695Z  INFO 479 --- [qwen-managed-agent-server] [           main] o.f.core.internal.command.DbMigrate      : Migrating schema "public" to version "20 - managed tool publication"
2026-10-02T01:23:49.698Z  INFO 479 --- [qwen-managed-agent-server] [           main] o.f.core.internal.command.DbMigrate      : Migrating schema "public" to version "21 - managed tool publication objects"
2026-10-02T01:23:49.710Z  INFO 479 --- [qwen-managed-agent-server] [           main] o.f.core.internal.command.DbMigrate      : Migrating schema "public" to version "22 - managed tool publication recovery"
2026-10-02T01:23:49.712Z  INFO 479 --- [qwen-managed-agent-server] [           main] o.f.core.internal.command.DbMigrate      : Migrating schema "public" to version "23 - managed mcp records"
2026-10-02T01:23:49.714Z  INFO 479 --- [qwen-managed-agent-server] [           main] o.f.core.internal.command.DbMigrate      : Migrating schema "public" to version "24 - managed actions"
2026-10-02T01:23:49.720Z  INFO 479 --- [qwen-managed-agent-server] [           main] o.f.core.internal.command.DbMigrate      : Migrating schema "public" to version "25 - verified workspace mount"
2026-10-02T01:23:49.726Z  INFO 479 --- [qwen-managed-agent-server] [           main] o.f.core.internal.command.DbMigrate      : Migrating schema "public" to version "26 - managed tool result projection"
2026-10-02T01:23:49.729Z  INFO 479 --- [qwen-managed-agent-server] [           main] o.f.core.internal.command.DbMigrate      : Migrating schema "public" to version "27 - managed hook records"
2026-10-02T01:23:49.731Z  INFO 479 --- [qwen-managed-agent-server] [           main] o.f.core.internal.command.DbMigrate      : Migrating schema "public" to version "28 - workspace recovery bundle"
2026-10-02T01:23:49.733Z  INFO 479 --- [qwen-managed-agent-server] [           main] o.f.core.internal.command.DbMigrate      : Successfully applied 28 migrations to schema "public", now at version v28 (execution time 00:00.051s)
2026-10-02T01:23:50.143Z  INFO 479 --- [qwen-managed-agent-server] [           main] org.flywaydb.core.FlywayExecutor         : Database: jdbc:h2:mem:publication-15becab1-9fa2-42f1-860f-f22f15274792 (H2 2.3)
2026-10-02T01:23:50.148Z  INFO 479 --- [qwen-managed-agent-server] [           main] o.f.c.i.s.JdbcTableSchemaHistory         : Schema history table "public"."flyway_schema_history" does not exist yet
2026-10-02T01:23:50.148Z  INFO 479 --- [qwen-managed-agent-server] [           main] o.f.core.internal.command.DbValidate     : Successfully validated 28 migrations (execution time 00:00.004s)
2026-10-02T01:23:50.149Z  INFO 479 --- [qwen-managed-agent-server] [           main] o.f.c.i.s.JdbcTableSchemaHistory         : Creating Schema History table "public"."flyway_schema_history" ...
2026-10-02T01:23:50.152Z  INFO 479 --- [qwen-managed-agent-server] [           main] o.f.core.internal.command.DbMigrate      : Current version of schema "public": << Empty Schema >>
2026-10-02T01:23:50.153Z  INFO 479 --- [qwen-managed-agent-server] [           main] o.f.core.internal.command.DbMigrate      : Migrating schema "public" to version "1 - managed agent core"
2026-10-02T01:23:50.157Z  INFO 479 --- [qwen-managed-agent-server] [           main] o.f.core.internal.command.DbMigrate      : Migrating schema "public" to version "2 - managed agent projection"
2026-10-02T01:23:50.160Z  INFO 479 --- [qwen-managed-agent-server] [           main] o.f.core.internal.command.DbMigrate      : Migrating schema "public" to version "3 - runtime broker"
2026-10-02T01:23:50.163Z  INFO 479 --- [qwen-managed-agent-server] [           main] o.f.core.internal.command.DbMigrate      : Migrating schema "public" to version "4 - managed session store"
2026-10-02T01:23:50.165Z  INFO 479 --- [qwen-managed-agent-server] [           main] o.f.core.internal.command.DbMigrate      : Migrating schema "public" to version "5 - managed session lifecycle"
2026-10-02T01:23:50.170Z  INFO 479 --- [qwen-managed-agent-server] [           main] o.f.core.internal.command.DbMigrate      : Migrating schema "public" to version "6 - managed turn retry"
2026-10-02T01:23:50.172Z  INFO 479 --- [qwen-managed-agent-server] [           main] o.f.core.internal.command.DbMigrate      : Migrating schema "public" to version "7 - managed workspace binding"
2026-10-02T01:23:50.186Z  INFO 479 --- [qwen-managed-agent-server] [           main] o.f.core.internal.command.DbMigrate      : Migrating schema "public" to version "8 - managed workspace registry"
2026-10-02T01:23:50.188Z  INFO 479 --- [qwen-managed-agent-server] [           main] o.f.core.internal.command.DbMigrate      : Migrating schema "public" to version "9 - managed workspace creation command"
2026-10-02T01:23:50.189Z  INFO 479 --- [qwen-managed-agent-server] [           main] o.f.core.internal.command.DbMigrate      : Migrating schema "public" to version "10 - managed runtime context"
2026-10-02T01:23:50.192Z  INFO 479 --- [qwen-managed-agent-server] [           main] o.f.core.internal.command.DbMigrate      : Migrating schema "public" to version "11 - workspace execution"
2026-10-02T01:23:50.194Z  INFO 479 --- [qwen-managed-agent-server] [           main] o.f.core.internal.command.DbMigrate      : Migrating schema "public" to version "12 - runtime broker schema alignment"
2026-10-02T01:23:50.198Z  INFO 479 --- [qwen-managed-agent-server] [           main] o.f.core.internal.command.DbMigrate      : Migrating schema "public" to version "13 - managed session agent revision"
2026-10-02T01:23:50.201Z  INFO 479 --- [qwen-managed-agent-server] [           main] o.f.core.internal.command.DbMigrate      : Migrating schema "public" to version "14 - managed event replay"
2026-10-02T01:23:50.207Z  INFO 479 --- [qwen-managed-agent-server] [           main] o.f.core.internal.command.DbMigrate      : Migrating schema "public" to version "15 - managed event identity"
2026-10-02T01:23:50.209Z  INFO 479 --- [qwen-managed-agent-server] [           main] o.f.core.internal.command.DbMigrate      : Migrating schema "public" to version "16 - runtime loss evidence"
2026-10-02T01:23:50.214Z  INFO 479 --- [qwen-managed-agent-server] [           main] o.f.core.internal.command.DbMigrate      : Migrating schema "public" to version "17 - managed session operation"
2026-10-02T01:23:50.216Z  INFO 479 --- [qwen-managed-agent-server] [           main] o.f.core.internal.command.DbMigrate      : Migrating schema "public" to version "18 - managed extension record"
2026-10-02T01:23:50.217Z  INFO 479 --- [qwen-managed-agent-server] [           main] o.f.core.internal.command.DbMigrate      : Migrating schema "public" to version "19 - workspace operator recovery"
2026-10-02T01:23:50.219Z  INFO 479 --- [qwen-managed-agent-server] [           main] o.f.core.internal.command.DbMigrate      : Migrating schema "public" to version "20 - managed tool publication"
2026-10-02T01:23:50.221Z  INFO 479 --- [qwen-managed-agent-server] [           main] o.f.core.internal.command.DbMigrate      : Migrating schema "public" to version "21 - managed tool publication objects"
2026-10-02T01:23:50.233Z  INFO 479 --- [qwen-managed-agent-server] [           main] o.f.core.internal.command.DbMigrate      : Migrating schema "public" to version "22 - managed tool publication recovery"
2026-10-02T01:23:50.234Z  INFO 479 --- [qwen-managed-agent-server] [           main] o.f.core.internal.command.DbMigrate      : Migrating schema "public" to version "23 - managed mcp records"
2026-10-02T01:23:50.235Z  INFO 479 --- [qwen-managed-agent-server] [           main] o.f.core.internal.command.DbMigrate      : Migrating schema "public" to version "24 - managed actions"
2026-10-02T01:23:50.241Z  INFO 479 --- [qwen-managed-agent-server] [           main] o.f.core.internal.command.DbMigrate      : Migrating schema "public" to version "25 - verified workspace mount"
2026-10-02T01:23:50.246Z  INFO 479 --- [qwen-managed-agent-server] [           main] o.f.core.internal.command.DbMigrate      : Migrating schema "public" to version "26 - managed tool result projection"
2026-10-02T01:23:50.250Z  INFO 479 --- [qwen-managed-agent-server] [           main] o.f.core.internal.command.DbMigrate      : Migrating schema "public" to version "27 - managed hook records"
2026-10-02T01:23:50.253Z  INFO 479 --- [qwen-managed-agent-server] [           main] o.f.core.internal.command.DbMigrate      : Migrating schema "public" to version "28 - workspace recovery bundle"
2026-10-02T01:23:50.257Z  INFO 479 --- [qwen-managed-agent-server] [           main] o.f.core.internal.command.DbMigrate      : Successfully applied 28 migrations to schema "public", now at version v28 (execution time 00:00.056s)
2026-10-02T01:23:50.316Z  INFO 479 --- [qwen-managed-agent-server] [           main] org.flywaydb.core.FlywayExecutor         : Database: jdbc:h2:mem:publication-6463ae69-9100-4d18-a193-52b9e32e92b1 (H2 2.3)
2026-10-02T01:23:50.321Z  INFO 479 --- [qwen-managed-agent-server] [           main] o.f.c.i.s.JdbcTableSchemaHistory         : Schema history table "public"."flyway_schema_history" does not exist yet
2026-10-02T01:23:50.321Z  INFO 479 --- [qwen-managed-agent-server] [           main] o.f.core.internal.command.DbValidate     : Successfully validated 28 migrations (execution time 00:00.003s)
2026-10-02T01:23:50.322Z  INFO 479 --- [qwen-managed-agent-server] [           main] o.f.c.i.s.JdbcTableSchemaHistory         : Creating Schema History table "public"."flyway_schema_history" ...
2026-10-02T01:23:50.323Z  INFO 479 --- [qwen-managed-agent-server] [           main] o.f.core.internal.command.DbMigrate      : Current version of schema "public": << Empty Schema >>
2026-10-02T01:23:50.324Z  INFO 479 --- [qwen-managed-agent-server] [           main] o.f.core.internal.command.DbMigrate      : Migrating schema "public" to version "1 - managed agent core"
2026-10-02T01:23:50.329Z  INFO 479 --- [qwen-managed-agent-server] [           main] o.f.core.internal.command.DbMigrate      : Migrating schema "public" to version "2 - managed agent projection"
2026-10-02T01:23:50.334Z  INFO 479 --- [qwen-managed-agent-server] [           main] o.f.core.internal.command.DbMigrate      : Migrating schema "public" to version "3 - runtime broker"
2026-10-02T01:23:50.337Z  INFO 479 --- [qwen-managed-agent-server] [           main] o.f.core.internal.command.DbMigrate      : Migrating schema "public" to version "4 - managed session store"
2026-10-02T01:23:50.339Z  INFO 479 --- [qwen-managed-agent-server] [           main] o.f.core.internal.command.DbMigrate      : Migrating schema "public" to version "5 - managed session lifecycle"
2026-10-02T01:23:50.342Z  INFO 479 --- [qwen-managed-agent-server] [           main] o.f.core.internal.command.DbMigrate      : Migrating schema "public" to version "6 - managed turn retry"
2026-10-02T01:23:50.345Z  INFO 479 --- [qwen-managed-agent-server] [           main] o.f.core.internal.command.DbMigrate      : Migrating schema "public" to version "7 - managed workspace binding"
2026-10-02T01:23:50.354Z  INFO 479 --- [qwen-managed-agent-server] [           main] o.f.core.internal.command.DbMigrate      : Migrating schema "public" to version "8 - managed workspace registry"
2026-10-02T01:23:50.356Z  INFO 479 --- [qwen-managed-agent-server] [           main] o.f.core.internal.command.DbMigrate      : Migrating schema "public" to version "9 - managed workspace creation command"
2026-10-02T01:23:50.357Z  INFO 479 --- [qwen-managed-agent-server] [           main] o.f.core.internal.command.DbMigrate      : Migrating schema "public" to version "10 - managed runtime context"
2026-10-02T01:23:50.360Z  INFO 479 --- [qwen-managed-agent-server] [           main] o.f.core.internal.command.DbMigrate      : Migrating schema "public" to version "11 - workspace execution"
2026-10-02T01:23:50.361Z  INFO 479 --- [qwen-managed-agent-server] [           main] o.f.core.internal.command.DbMigrate      : Migrating schema "public" to version "12 - runtime broker schema alignment"
2026-10-02T01:23:50.364Z  INFO 479 --- [qwen-managed-agent-server] [           main] o.f.core.internal.command.DbMigrate      : Migrating schema "public" to version "13 - managed session agent revision"
2026-10-02T01:23:50.366Z  INFO 479 --- [qwen-managed-agent-server] [           main] o.f.core.internal.command.DbMigrate      : Migrating schema "public" to version "14 - managed event replay"
2026-10-02T01:23:50.369Z  INFO 479 --- [qwen-managed-agent-server] [           main] o.f.core.internal.command.DbMigrate      : Migrating schema "public" to version "15 - managed event identity"
2026-10-02T01:23:50.371Z  INFO 479 --- [qwen-managed-agent-server] [           main] o.f.core.internal.command.DbMigrate      : Migrating schema "public" to version "16 - runtime loss evidence"
2026-10-02T01:23:50.375Z  INFO 479 --- [qwen-managed-agent-server] [           main] o.f.core.internal.command.DbMigrate      : Migrating schema "public" to version "17 - managed session operation"
2026-10-02T01:23:50.377Z  INFO 479 --- [qwen-managed-agent-server] [           main] o.f.core.internal.command.DbMigrate      : Migrating schema "public" to version "18 - managed extension record"
2026-10-02T01:23:50.378Z  INFO 479 --- [qwen-managed-agent-server] [           main] o.f.core.internal.command.DbMigrate      : Migrating schema "public" to version "19 - workspace operator recovery"
2026-10-02T01:23:50.381Z  INFO 479 --- [qwen-managed-agent-server] [           main] o.f.core.internal.command.DbMigrate      : Migrating schema "public" to version "20 - managed tool publication"
2026-10-02T01:23:50.384Z  INFO 479 --- [qwen-managed-agent-server] [           main] o.f.core.internal.command.DbMigrate      : Migrating schema "public" to version "21 - managed tool publication objects"
2026-10-02T01:23:50.393Z  INFO 479 --- [qwen-managed-agent-server] [           main] o.f.core.internal.command.DbMigrate      : Migrating schema "public" to version "22 - managed tool publication recovery"
2026-10-02T01:23:50.395Z  INFO 479 --- [qwen-managed-agent-server] [           main] o.f.core.internal.command.DbMigrate      : Migrating schema "public" to version "23 - managed mcp records"
2026-10-02T01:23:50.396Z  INFO 479 --- [qwen-managed-agent-server] [           main] o.f.core.internal.command.DbMigrate      : Migrating schema "public" to version "24 - managed actions"
2026-10-02T01:23:50.401Z  INFO 479 --- [qwen-managed-agent-server] [           main] o.f.core.internal.command.DbMigrate      : Migrating schema "public" to version "25 - verified workspace mount"
2026-10-02T01:23:50.405Z  INFO 479 --- [qwen-managed-agent-server] [           main] o.f.core.internal.command.DbMigrate      : Migrating schema "public" to version "26 - managed tool result projection"
2026-10-02T01:23:50.408Z  INFO 479 --- [qwen-managed-agent-server] [           main] o.f.core.internal.command.DbMigrate      : Migrating schema "public" to version "27 - managed hook records"
2026-10-02T01:23:50.410Z  INFO 479 --- [qwen-managed-agent-server] [           main] o.f.core.internal.command.DbMigrate      : Migrating schema "public" to version "28 - workspace recovery bundle"
2026-10-02T01:23:50.412Z  INFO 479 --- [qwen-managed-agent-server] [           main] o.f.core.internal.command.DbMigrate      : Successfully applied 28 migrations to schema "public", now at version v28 (execution time 00:00.043s)
2026-10-02T01:23:50.695Z  INFO 479 --- [qwen-managed-agent-server] [           main] org.flywaydb.core.FlywayExecutor         : Database: jdbc:h2:mem:publication-5f4e7dd3-16bd-4285-abc7-f57651fca209 (H2 2.3)
2026-10-02T01:23:50.700Z  INFO 479 --- [qwen-managed-agent-server] [           main] o.f.c.i.s.JdbcTableSchemaHistory         : Schema history table "public"."flyway_schema_history" does not exist yet
2026-10-02T01:23:50.700Z  INFO 479 --- [qwen-managed-agent-server] [           main] o.f.core.internal.command.DbValidate     : Successfully validated 28 migrations (execution time 00:00.003s)
2026-10-02T01:23:50.701Z  INFO 479 --- [qwen-managed-agent-server] [           main] o.f.c.i.s.JdbcTableSchemaHistory         : Creating Schema History table "public"."flyway_schema_history" ...
2026-10-02T01:23:50.706Z  INFO 479 --- [qwen-managed-agent-server] [           main] o.f.core.internal.command.DbMigrate      : Current version of schema "public": << Empty Schema >>
2026-10-02T01:23:50.707Z  INFO 479 --- [qwen-managed-agent-server] [           main] o.f.core.internal.command.DbMigrate      : Migrating schema "public" to version "1 - managed agent core"
2026-10-02T01:23:50.710Z  INFO 479 --- [qwen-managed-agent-server] [           main] o.f.core.internal.command.DbMigrate      : Migrating schema "public" to version "2 - managed agent projection"
2026-10-02T01:23:50.713Z  INFO 479 --- [qwen-managed-agent-server] [           main] o.f.core.internal.command.DbMigrate      : Migrating schema "public" to version "3 - runtime broker"
2026-10-02T01:23:50.715Z  INFO 479 --- [qwen-managed-agent-server] [           main] o.f.core.internal.command.DbMigrate      : Migrating schema "public" to version "4 - managed session store"
2026-10-02T01:23:50.717Z  INFO 479 --- [qwen-managed-agent-server] [           main] o.f.core.internal.command.DbMigrate      : Migrating schema "public" to version "5 - managed session lifecycle"
2026-10-02T01:23:50.720Z  INFO 479 --- [qwen-managed-agent-server] [           main] o.f.core.internal.command.DbMigrate      : Migrating schema "public" to version "6 - managed turn retry"
2026-10-02T01:23:50.723Z  INFO 479 --- [qwen-managed-agent-server] [           main] o.f.core.internal.command.DbMigrate      : Migrating schema "public" to version "7 - managed workspace binding"
2026-10-02T01:23:50.730Z  INFO 479 --- [qwen-managed-agent-server] [           main] o.f.core.internal.command.DbMigrate      : Migrating schema "public" to version "8 - managed workspace registry"
2026-10-02T01:23:50.732Z  INFO 479 --- [qwen-managed-agent-server] [           main] o.f.core.internal.command.DbMigrate      : Migrating schema "public" to version "9 - managed workspace creation command"
2026-10-02T01:23:50.733Z  INFO 479 --- [qwen-managed-agent-server] [           main] o.f.core.internal.command.DbMigrate      : Migrating schema "public" to version "10 - managed runtime context"
2026-10-02T01:23:50.735Z  INFO 479 --- [qwen-managed-agent-server] [           main] o.f.core.internal.command.DbMigrate      : Migrating schema "public" to version "11 - workspace execution"
2026-10-02T01:23:50.736Z  INFO 479 --- [qwen-managed-agent-server] [           main] o.f.core.internal.command.DbMigrate      : Migrating schema "public" to version "12 - runtime broker schema alignment"
2026-10-02T01:23:50.739Z  INFO 479 --- [qwen-managed-agent-server] [           main] o.f.core.internal.command.DbMigrate      : Migrating schema "public" to version "13 - managed session agent revision"
2026-10-02T01:23:50.741Z  INFO 479 --- [qwen-managed-agent-server] [           main] o.f.core.internal.command.DbMigrate      : Migrating schema "public" to version "14 - managed event replay"
2026-10-02T01:23:50.745Z  INFO 479 --- [qwen-managed-agent-server] [           main] o.f.core.internal.command.DbMigrate      : Migrating schema "public" to version "15 - managed event identity"
2026-10-02T01:23:50.746Z  INFO 479 --- [qwen-managed-agent-server] [           main] o.f.core.internal.command.DbMigrate      : Migrating schema "public" to version "16 - runtime loss evidence"
2026-10-02T01:23:50.749Z  INFO 479 --- [qwen-managed-agent-server] [           main] o.f.core.internal.command.DbMigrate      : Migrating schema "public" to version "17 - managed session operation"
2026-10-02T01:23:50.755Z  INFO 479 --- [qwen-managed-agent-server] [           main] o.f.core.internal.command.DbMigrate      : Migrating schema "public" to version "18 - managed extension record"
2026-10-02T01:23:50.756Z  INFO 479 --- [qwen-managed-agent-server] [           main] o.f.core.internal.command.DbMigrate      : Migrating schema "public" to version "19 - workspace operator recovery"
2026-10-02T01:23:50.758Z  INFO 479 --- [qwen-managed-agent-server] [           main] o.f.core.internal.command.DbMigrate      : Migrating schema "public" to version "20 - managed tool publication"
2026-10-02T01:23:50.759Z  INFO 479 --- [qwen-managed-agent-server] [           main] o.f.core.internal.command.DbMigrate      : Migrating schema "public" to version "21 - managed tool publication objects"
2026-10-02T01:23:50.768Z  INFO 479 --- [qwen-managed-agent-server] [           main] o.f.core.internal.command.DbMigrate      : Migrating schema "public" to version "22 - managed tool publication recovery"
2026-10-02T01:23:50.770Z  INFO 479 --- [qwen-managed-agent-server] [           main] o.f.core.internal.command.DbMigrate      : Migrating schema "public" to version "23 - managed mcp records"
2026-10-02T01:23:50.773Z  INFO 479 --- [qwen-managed-agent-server] [           main] o.f.core.internal.command.DbMigrate      : Migrating schema "public" to version "24 - managed actions"
2026-10-02T01:23:50.778Z  INFO 479 --- [qwen-managed-agent-server] [           main] o.f.core.internal.command.DbMigrate      : Migrating schema "public" to version "25 - verified workspace mount"
2026-10-02T01:23:50.782Z  INFO 479 --- [qwen-managed-agent-server] [           main] o.f.core.internal.command.DbMigrate      : Migrating schema "public" to version "26 - managed tool result projection"
2026-10-02T01:23:50.785Z  INFO 479 --- [qwen-managed-agent-server] [           main] o.f.core.internal.command.DbMigrate      : Migrating schema "public" to version "27 - managed hook records"
2026-10-02T01:23:50.790Z  INFO 479 --- [qwen-managed-agent-server] [           main] o.f.core.internal.command.DbMigrate      : Migrating schema "public" to version "28 - workspace recovery bundle"
2026-10-02T01:23:50.797Z  INFO 479 --- [qwen-managed-agent-server] [           main] o.f.core.internal.command.DbMigrate      : Successfully applied 28 migrations to schema "public", now at version v28 (execution time 00:00.047s)
2026-10-02T01:23:51.708Z  INFO 479 --- [qwen-managed-agent-server] [           main] org.flywaydb.core.FlywayExecutor         : Database: jdbc:h2:mem:publication-c2f87713-4fad-41e3-bd16-5a3a796dccd1 (H2 2.3)
2026-10-02T01:23:51.714Z  INFO 479 --- [qwen-managed-agent-server] [           main] o.f.c.i.s.JdbcTableSchemaHistory         : Schema history table "public"."flyway_schema_history" does not exist yet
2026-10-02T01:23:51.714Z  INFO 479 --- [qwen-managed-agent-server] [           main] o.f.core.internal.command.DbValidate     : Successfully validated 28 migrations (execution time 00:00.005s)
2026-10-02T01:23:51.715Z  INFO 479 --- [qwen-managed-agent-server] [           main] o.f.c.i.s.JdbcTableSchemaHistory         : Creating Schema History table "public"."flyway_schema_history" ...
2026-10-02T01:23:51.716Z  INFO 479 --- [qwen-managed-agent-server] [           main] o.f.core.internal.command.DbMigrate      : Current version of schema "public": << Empty Schema >>
2026-10-02T01:23:51.717Z  INFO 479 --- [qwen-managed-agent-server] [           main] o.f.core.internal.command.DbMigrate      : Migrating schema "public" to version "1 - managed agent core"
2026-10-02T01:23:51.719Z  INFO 479 --- [qwen-managed-agent-server] [           main] o.f.core.internal.command.DbMigrate      : Migrating schema "public" to version "2 - managed agent projection"
2026-10-02T01:23:51.722Z  INFO 479 --- [qwen-managed-agent-server] [           main] o.f.core.internal.command.DbMigrate      : Migrating schema "public" to version "3 - runtime broker"
2026-10-02T01:23:51.725Z  INFO 479 --- [qwen-managed-agent-server] [           main] o.f.core.internal.command.DbMigrate      : Migrating schema "public" to version "4 - managed session store"
2026-10-02T01:23:51.726Z  INFO 479 --- [qwen-managed-agent-server] [           main] o.f.core.internal.command.DbMigrate      : Migrating schema "public" to version "5 - managed session lifecycle"
2026-10-02T01:23:51.729Z  INFO 479 --- [qwen-managed-agent-server] [           main] o.f.core.internal.command.DbMigrate      : Migrating schema "public" to version "6 - managed turn retry"
2026-10-02T01:23:51.731Z  INFO 479 --- [qwen-managed-agent-server] [           main] o.f.core.internal.command.DbMigrate      : Migrating schema "public" to version "7 - managed workspace binding"
2026-10-02T01:23:51.737Z  INFO 479 --- [qwen-managed-agent-server] [           main] o.f.core.internal.command.DbMigrate      : Migrating schema "public" to version "8 - managed workspace registry"
2026-10-02T01:23:51.740Z  INFO 479 --- [qwen-managed-agent-server] [           main] o.f.core.internal.command.DbMigrate      : Migrating schema "public" to version "9 - managed workspace creation command"
2026-10-02T01:23:51.741Z  INFO 479 --- [qwen-managed-agent-server] [           main] o.f.core.internal.command.DbMigrate      : Migrating schema "public" to version "10 - managed runtime context"
2026-10-02T01:23:51.744Z  INFO 479 --- [qwen-managed-agent-server] [           main] o.f.core.internal.command.DbMigrate      : Migrating schema "public" to version "11 - workspace execution"
2026-10-02T01:23:51.746Z  INFO 479 --- [qwen-managed-agent-server] [           main] o.f.core.internal.command.DbMigrate      : Migrating schema "public" to version "12 - runtime broker schema alignment"
2026-10-02T01:23:51.748Z  INFO 479 --- [qwen-managed-agent-server] [           main] o.f.core.internal.command.DbMigrate      : Migrating schema "public" to version "13 - managed session agent revision"
2026-10-02T01:23:51.751Z  INFO 479 --- [qwen-managed-agent-server] [           main] o.f.core.internal.command.DbMigrate      : Migrating schema "public" to version "14 - managed event replay"
2026-10-02T01:23:51.755Z  INFO 479 --- [qwen-managed-agent-server] [           main] o.f.core.internal.command.DbMigrate      : Migrating schema "public" to version "15 - managed event identity"
2026-10-02T01:23:51.756Z  INFO 479 --- [qwen-managed-agent-server] [           main] o.f.core.internal.command.DbMigrate      : Migrating schema "public" to version "16 - runtime loss evidence"
2026-10-02T01:23:51.759Z  INFO 479 --- [qwen-managed-agent-server] [           main] o.f.core.internal.command.DbMigrate      : Migrating schema "public" to version "17 - managed session operation"
2026-10-02T01:23:51.761Z  INFO 479 --- [qwen-managed-agent-server] [           main] o.f.core.internal.command.DbMigrate      : Migrating schema "public" to version "18 - managed extension record"
2026-10-02T01:23:51.766Z  INFO 479 --- [qwen-managed-agent-server] [           main] o.f.core.internal.command.DbMigrate      : Migrating schema "public" to version "19 - workspace operator recovery"
2026-10-02T01:23:51.768Z  INFO 479 --- [qwen-managed-agent-server] [           main] o.f.core.internal.command.DbMigrate      : Migrating schema "public" to version "20 - managed tool publication"
2026-10-02T01:23:51.771Z  INFO 479 --- [qwen-managed-agent-server] [           main] o.f.core.internal.command.DbMigrate      : Migrating schema "public" to version "21 - managed tool publication objects"
2026-10-02T01:23:51.780Z  INFO 479 --- [qwen-managed-agent-server] [           main] o.f.core.internal.command.DbMigrate      : Migrating schema "public" to version "22 - managed tool publication recovery"
2026-10-02T01:23:51.781Z  INFO 479 --- [qwen-managed-agent-server] [           main] o.f.core.internal.command.DbMigrate      : Migrating schema "public" to version "23 - managed mcp records"
2026-10-02T01:23:51.782Z  INFO 479 --- [qwen-managed-agent-server] [           main] o.f.core.internal.command.DbMigrate      : Migrating schema "public" to version "24 - managed actions"
2026-10-02T01:23:51.786Z  INFO 479 --- [qwen-managed-agent-server] [           main] o.f.core.internal.command.DbMigrate      : Migrating schema "public" to version "25 - verified workspace mount"
2026-10-02T01:23:51.790Z  INFO 479 --- [qwen-managed-agent-server] [           main] o.f.core.internal.command.DbMigrate      : Migrating schema "public" to version "26 - managed tool result projection"
2026-10-02T01:23:51.792Z  INFO 479 --- [qwen-managed-agent-server] [           main] o.f.core.internal.command.DbMigrate      : Migrating schema "public" to version "27 - managed hook records"
2026-10-02T01:23:51.794Z  INFO 479 --- [qwen-managed-agent-server] [           main] o.f.core.internal.command.DbMigrate      : Migrating schema "public" to version "28 - workspace recovery bundle"
2026-10-02T01:23:51.795Z  INFO 479 --- [qwen-managed-agent-server] [           main] o.f.core.internal.command.DbMigrate      : Successfully applied 28 migrations to schema "public", now at version v28 (execution time 00:00.036s)
2026-10-02T01:23:52.303Z  INFO 479 --- [qwen-managed-agent-server] [           main] org.flywaydb.core.FlywayExecutor         : Database: jdbc:h2:mem:publication-9e10d79d-edcc-4f48-a423-1842edefe89f (H2 2.3)
2026-10-02T01:23:52.307Z  INFO 479 --- [qwen-managed-agent-server] [           main] o.f.c.i.s.JdbcTableSchemaHistory         : Schema history table "public"."flyway_schema_history" does not exist yet
2026-10-02T01:23:52.307Z  INFO 479 --- [qwen-managed-agent-server] [           main] o.f.core.internal.command.DbValidate     : Successfully validated 28 migrations (execution time 00:00.002s)
2026-10-02T01:23:52.308Z  INFO 479 --- [qwen-managed-agent-server] [           main] o.f.c.i.s.JdbcTableSchemaHistory         : Creating Schema History table "public"."flyway_schema_history" ...
2026-10-02T01:23:52.311Z  INFO 479 --- [qwen-managed-agent-server] [           main] o.f.core.internal.command.DbMigrate      : Current version of schema "public": << Empty Schema >>
2026-10-02T01:23:52.313Z  INFO 479 --- [qwen-managed-agent-server] [           main] o.f.core.internal.command.DbMigrate      : Migrating schema "public" to version "1 - managed agent core"
2026-10-02T01:23:52.315Z  INFO 479 --- [qwen-managed-agent-server] [           main] o.f.core.internal.command.DbMigrate      : Migrating schema "public" to version "2 - managed agent projection"
2026-10-02T01:23:52.318Z  INFO 479 --- [qwen-managed-agent-server] [           main] o.f.core.internal.command.DbMigrate      : Migrating schema "public" to version "3 - runtime broker"
2026-10-02T01:23:52.320Z  INFO 479 --- [qwen-managed-agent-server] [           main] o.f.core.internal.command.DbMigrate      : Migrating schema "public" to version "4 - managed session store"
2026-10-02T01:23:52.321Z  INFO 479 --- [qwen-managed-agent-server] [           main] o.f.core.internal.command.DbMigrate      : Migrating schema "public" to version "5 - managed session lifecycle"
2026-10-02T01:23:52.327Z  INFO 479 --- [qwen-managed-agent-server] [           main] o.f.core.internal.command.DbMigrate      : Migrating schema "public" to version "6 - managed turn retry"
2026-10-02T01:23:52.329Z  INFO 479 --- [qwen-managed-agent-server] [           main] o.f.core.internal.command.DbMigrate      : Migrating schema "public" to version "7 - managed workspace binding"
2026-10-02T01:23:52.335Z  INFO 479 --- [qwen-managed-agent-server] [           main] o.f.core.internal.command.DbMigrate      : Migrating schema "public" to version "8 - managed workspace registry"
2026-10-02T01:23:52.336Z  INFO 479 --- [qwen-managed-agent-server] [           main] o.f.core.internal.command.DbMigrate      : Migrating schema "public" to version "9 - managed workspace creation command"
2026-10-02T01:23:52.337Z  INFO 479 --- [qwen-managed-agent-server] [           main] o.f.core.internal.command.DbMigrate      : Migrating schema "public" to version "10 - managed runtime context"
2026-10-02T01:23:52.339Z  INFO 479 --- [qwen-managed-agent-server] [           main] o.f.core.internal.command.DbMigrate      : Migrating schema "public" to version "11 - workspace execution"
2026-10-02T01:23:52.350Z  INFO 479 --- [qwen-managed-agent-server] [           main] o.f.core.internal.command.DbMigrate      : Migrating schema "public" to version "12 - runtime broker schema alignment"
2026-10-02T01:23:52.354Z  INFO 479 --- [qwen-managed-agent-server] [           main] o.f.core.internal.command.DbMigrate      : Migrating schema "public" to version "13 - managed session agent revision"
2026-10-02T01:23:52.356Z  INFO 479 --- [qwen-managed-agent-server] [           main] o.f.core.internal.command.DbMigrate      : Migrating schema "public" to version "14 - managed event replay"
2026-10-02T01:23:52.359Z  INFO 479 --- [qwen-managed-agent-server] [           main] o.f.core.internal.command.DbMigrate      : Migrating schema "public" to version "15 - managed event identity"
2026-10-02T01:23:52.360Z  INFO 479 --- [qwen-managed-agent-server] [           main] o.f.core.internal.command.DbMigrate      : Migrating schema "public" to version "16 - runtime loss evidence"
2026-10-02T01:23:52.364Z  INFO 479 --- [qwen-managed-agent-server] [           main] o.f.core.internal.command.DbMigrate      : Migrating schema "public" to version "17 - managed session operation"
2026-10-02T01:23:52.369Z  INFO 479 --- [qwen-managed-agent-server] [           main] o.f.core.internal.command.DbMigrate      : Migrating schema "public" to version "18 - managed extension record"
2026-10-02T01:23:52.371Z  INFO 479 --- [qwen-managed-agent-server] [           main] o.f.core.internal.command.DbMigrate      : Migrating schema "public" to version "19 - workspace operator recovery"
2026-10-02T01:23:52.372Z  INFO 479 --- [qwen-managed-agent-server] [           main] o.f.core.internal.command.DbMigrate      : Migrating schema "public" to version "20 - managed tool publication"
2026-10-02T01:23:52.373Z  INFO 479 --- [qwen-managed-agent-server] [           main] o.f.core.internal.command.DbMigrate      : Migrating schema "public" to version "21 - managed tool publication objects"
2026-10-02T01:23:52.384Z  INFO 479 --- [qwen-managed-agent-server] [           main] o.f.core.internal.command.DbMigrate      : Migrating schema "public" to version "22 - managed tool publication recovery"
2026-10-02T01:23:52.385Z  INFO 479 --- [qwen-managed-agent-server] [           main] o.f.core.internal.command.DbMigrate      : Migrating schema "public" to version "23 - managed mcp records"
2026-10-02T01:23:52.386Z  INFO 479 --- [qwen-managed-agent-server] [           main] o.f.core.internal.command.DbMigrate      : Migrating schema "public" to version "24 - managed actions"
2026-10-02T01:23:52.390Z  INFO 479 --- [qwen-managed-agent-server] [           main] o.f.core.internal.command.DbMigrate      : Migrating schema "public" to version "25 - verified workspace mount"
2026-10-02T01:23:52.394Z  INFO 479 --- [qwen-managed-agent-server] [           main] o.f.core.internal.command.DbMigrate      : Migrating schema "public" to version "26 - managed tool result projection"
2026-10-02T01:23:52.396Z  INFO 479 --- [qwen-managed-agent-server] [           main] o.f.core.internal.command.DbMigrate      : Migrating schema "public" to version "27 - managed hook records"
2026-10-02T01:23:52.397Z  INFO 479 --- [qwen-managed-agent-server] [           main] o.f.core.internal.command.DbMigrate      : Migrating schema "public" to version "28 - workspace recovery bundle"
2026-10-02T01:23:52.399Z  INFO 479 --- [qwen-managed-agent-server] [           main] o.f.core.internal.command.DbMigrate      : Successfully applied 28 migrations to schema "public", now at version v28 (execution time 00:00.040s)
2026-10-02T01:23:52.508Z  INFO 479 --- [qwen-managed-agent-server] [           main] org.flywaydb.core.FlywayExecutor         : Database: jdbc:h2:mem:publication-2516fd94-f746-478c-a7fc-a5434fb5765f (H2 2.3)
2026-10-02T01:23:52.512Z  INFO 479 --- [qwen-managed-agent-server] [           main] o.f.c.i.s.JdbcTableSchemaHistory         : Schema history table "public"."flyway_schema_history" does not exist yet
2026-10-02T01:23:52.512Z  INFO 479 --- [qwen-managed-agent-server] [           main] o.f.core.internal.command.DbValidate     : Successfully validated 28 migrations (execution time 00:00.002s)
2026-10-02T01:23:52.512Z  INFO 479 --- [qwen-managed-agent-server] [           main] o.f.c.i.s.JdbcTableSchemaHistory         : Creating Schema History table "public"."flyway_schema_history" ...
2026-10-02T01:23:52.513Z  INFO 479 --- [qwen-managed-agent-server] [           main] o.f.core.internal.command.DbMigrate      : Current version of schema "public": << Empty Schema >>
2026-10-02T01:23:52.514Z  INFO 479 --- [qwen-managed-agent-server] [           main] o.f.core.internal.command.DbMigrate      : Migrating schema "public" to version "1 - managed agent core"
2026-10-02T01:23:52.516Z  INFO 479 --- [qwen-managed-agent-server] [           main] o.f.core.internal.command.DbMigrate      : Migrating schema "public" to version "2 - managed agent projection"
2026-10-02T01:23:52.529Z  INFO 479 --- [qwen-managed-agent-server] [           main] o.f.core.internal.command.DbMigrate      : Migrating schema "public" to version "3 - runtime broker"
2026-10-02T01:23:52.533Z  INFO 479 --- [qwen-managed-agent-server] [           main] o.f.core.internal.command.DbMigrate      : Migrating schema "public" to version "4 - managed session store"
2026-10-02T01:23:52.534Z  INFO 479 --- [qwen-managed-agent-server] [           main] o.f.core.internal.command.DbMigrate      : Migrating schema "public" to version "5 - managed session lifecycle"
2026-10-02T01:23:52.536Z  INFO 479 --- [qwen-managed-agent-server] [           main] o.f.core.internal.command.DbMigrate      : Migrating schema "public" to version "6 - managed turn retry"
2026-10-02T01:23:52.538Z  INFO 479 --- [qwen-managed-agent-server] [           main] o.f.core.internal.command.DbMigrate      : Migrating schema "public" to version "7 - managed workspace binding"
2026-10-02T01:23:52.543Z  INFO 479 --- [qwen-managed-agent-server] [           main] o.f.core.internal.command.DbMigrate      : Migrating schema "public" to version "8 - managed workspace registry"
2026-10-02T01:23:52.547Z  INFO 479 --- [qwen-managed-agent-server] [           main] o.f.core.internal.command.DbMigrate      : Migrating schema "public" to version "9 - managed workspace creation command"
2026-10-02T01:23:52.560Z  INFO 479 --- [qwen-managed-agent-server] [           main] o.f.core.internal.command.DbMigrate      : Migrating schema "public" to version "10 - managed runtime context"
2026-10-02T01:23:52.569Z  INFO 479 --- [qwen-managed-agent-server] [           main] o.f.core.internal.command.DbMigrate      : Migrating schema "public" to version "11 - workspace execution"
2026-10-02T01:23:52.571Z  INFO 479 --- [qwen-managed-agent-server] [           main] o.f.core.internal.command.DbMigrate      : Migrating schema "public" to version "12 - runtime broker schema alignment"
2026-10-02T01:23:52.582Z  INFO 479 --- [qwen-managed-agent-server] [           main] o.f.core.internal.command.DbMigrate      : Migrating schema "public" to version "13 - managed session agent revision"
2026-10-02T01:23:52.597Z  INFO 479 --- [qwen-managed-agent-server] [           main] o.f.core.internal.command.DbMigrate      : Migrating schema "public" to version "14 - managed event replay"
2026-10-02T01:23:52.607Z  INFO 479 --- [qwen-managed-agent-server] [           main] o.f.core.internal.command.DbMigrate      : Migrating schema "public" to version "15 - managed event identity"
2026-10-02T01:23:52.609Z  INFO 479 --- [qwen-managed-agent-server] [           main] o.f.core.internal.command.DbMigrate      : Migrating schema "public" to version "16 - runtime loss evidence"
2026-10-02T01:23:52.614Z  INFO 479 --- [qwen-managed-agent-server] [           main] o.f.core.internal.command.DbMigrate      : Migrating schema "public" to version "17 - managed session operation"
2026-10-02T01:23:52.616Z  INFO 479 --- [qwen-managed-agent-server] [           main] o.f.core.internal.command.DbMigrate      : Migrating schema "public" to version "18 - managed extension record"
2026-10-02T01:23:52.617Z  INFO 479 --- [qwen-managed-agent-server] [           main] o.f.core.internal.command.DbMigrate      : Migrating schema "public" to version "19 - workspace operator recovery"
2026-10-02T01:23:52.618Z  INFO 479 --- [qwen-managed-agent-server] [           main] o.f.core.internal.command.DbMigrate      : Migrating schema "public" to version "20 - managed tool publication"
2026-10-02T01:23:52.619Z  INFO 479 --- [qwen-managed-agent-server] [           main] o.f.core.internal.command.DbMigrate      : Migrating schema "public" to version "21 - managed tool publication objects"
2026-10-02T01:23:52.627Z  INFO 479 --- [qwen-managed-agent-server] [           main] o.f.core.internal.command.DbMigrate      : Migrating schema "public" to version "22 - managed tool publication recovery"
2026-10-02T01:23:52.628Z  INFO 479 --- [qwen-managed-agent-server] [           main] o.f.core.internal.command.DbMigrate      : Migrating schema "public" to version "23 - managed mcp records"
2026-10-02T01:23:52.629Z  INFO 479 --- [qwen-managed-agent-server] [           main] o.f.core.internal.command.DbMigrate      : Migrating schema "public" to version "24 - managed actions"
2026-10-02T01:23:52.633Z  INFO 479 --- [qwen-managed-agent-server] [           main] o.f.core.internal.command.DbMigrate      : Migrating schema "public" to version "25 - verified workspace mount"
2026-10-02T01:23:52.636Z  INFO 479 --- [qwen-managed-agent-server] [           main] o.f.core.internal.command.DbMigrate      : Migrating schema "public" to version "26 - managed tool result projection"
2026-10-02T01:23:52.638Z  INFO 479 --- [qwen-managed-agent-server] [           main] o.f.core.internal.command.DbMigrate      : Migrating schema "public" to version "27 - managed hook records"
2026-10-02T01:23:52.640Z  INFO 479 --- [qwen-managed-agent-server] [           main] o.f.core.internal.command.DbMigrate      : Migrating schema "public" to version "28 - workspace recovery bundle"
2026-10-02T01:23:52.641Z  INFO 479 --- [qwen-managed-agent-server] [           main] o.f.core.internal.command.DbMigrate      : Successfully applied 28 migrations to schema "public", now at version v28 (execution time 00:00.077s)
2026-10-02T01:23:52.783Z  INFO 479 --- [qwen-managed-agent-server] [           main] org.flywaydb.core.FlywayExecutor         : Database: jdbc:h2:mem:publication-1d124f33-bf81-45f0-ac79-b3fd3d5d7412 (H2 2.3)
2026-10-02T01:23:52.793Z  INFO 479 --- [qwen-managed-agent-server] [           main] o.f.c.i.s.JdbcTableSchemaHistory         : Schema history table "public"."flyway_schema_history" does not exist yet
2026-10-02T01:23:52.793Z  INFO 479 --- [qwen-managed-agent-server] [           main] o.f.core.internal.command.DbValidate     : Successfully validated 28 migrations (execution time 00:00.008s)
2026-10-02T01:23:52.794Z  INFO 479 --- [qwen-managed-agent-server] [           main] o.f.c.i.s.JdbcTableSchemaHistory         : Creating Schema History table "public"."flyway_schema_history" ...
2026-10-02T01:23:52.795Z  INFO 479 --- [qwen-managed-agent-server] [           main] o.f.core.internal.command.DbMigrate      : Current version of schema "public": << Empty Schema >>
2026-10-02T01:23:52.796Z  INFO 479 --- [qwen-managed-agent-server] [           main] o.f.core.internal.command.DbMigrate      : Migrating schema "public" to version "1 - managed agent core"
2026-10-02T01:23:52.798Z  INFO 479 --- [qwen-managed-agent-server] [           main] o.f.core.internal.command.DbMigrate      : Migrating schema "public" to version "2 - managed agent projection"
2026-10-02T01:23:52.801Z  INFO 479 --- [qwen-managed-agent-server] [           main] o.f.core.internal.command.DbMigrate      : Migrating schema "public" to version "3 - runtime broker"
2026-10-02T01:23:52.803Z  INFO 479 --- [qwen-managed-agent-server] [           main] o.f.core.internal.command.DbMigrate      : Migrating schema "public" to version "4 - managed session store"
2026-10-02T01:23:52.804Z  INFO 479 --- [qwen-managed-agent-server] [           main] o.f.core.internal.command.DbMigrate      : Migrating schema "public" to version "5 - managed session lifecycle"
2026-10-02T01:23:52.808Z  INFO 479 --- [qwen-managed-agent-server] [           main] o.f.core.internal.command.DbMigrate      : Migrating schema "public" to version "6 - managed turn retry"
2026-10-02T01:23:52.810Z  INFO 479 --- [qwen-managed-agent-server] [           main] o.f.core.internal.command.DbMigrate      : Migrating schema "public" to version "7 - managed workspace binding"
2026-10-02T01:23:52.822Z  INFO 479 --- [qwen-managed-agent-server] [           main] o.f.core.internal.command.DbMigrate      : Migrating schema "public" to version "8 - managed workspace registry"
2026-10-02T01:23:52.824Z  INFO 479 --- [qwen-managed-agent-server] [           main] o.f.core.internal.command.DbMigrate      : Migrating schema "public" to version "9 - managed workspace creation command"
2026-10-02T01:23:52.826Z  INFO 479 --- [qwen-managed-agent-server] [           main] o.f.core.internal.command.DbMigrate      : Migrating schema "public" to version "10 - managed runtime context"
2026-10-02T01:23:52.828Z  INFO 479 --- [qwen-managed-agent-server] [           main] o.f.core.internal.command.DbMigrate      : Migrating schema "public" to version "11 - workspace execution"
2026-10-02T01:23:52.830Z  INFO 479 --- [qwen-managed-agent-server] [           main] o.f.core.internal.command.DbMigrate      : Migrating schema "public" to version "12 - runtime broker schema alignment"
2026-10-02T01:23:52.832Z  INFO 479 --- [qwen-managed-agent-server] [           main] o.f.core.internal.command.DbMigrate      : Migrating schema "public" to version "13 - managed session agent revision"
2026-10-02T01:23:52.834Z  INFO 479 --- [qwen-managed-agent-server] [           main] o.f.core.internal.command.DbMigrate      : Migrating schema "public" to version "14 - managed event replay"
2026-10-02T01:23:52.837Z  INFO 479 --- [qwen-managed-agent-server] [           main] o.f.core.internal.command.DbMigrate      : Migrating schema "public" to version "15 - managed event identity"
2026-10-02T01:23:52.838Z  INFO 479 --- [qwen-managed-agent-server] [           main] o.f.core.internal.command.DbMigrate      : Migrating schema "public" to version "16 - runtime loss evidence"
2026-10-02T01:23:52.841Z  INFO 479 --- [qwen-managed-agent-server] [           main] o.f.core.internal.command.DbMigrate      : Migrating schema "public" to version "17 - managed session operation"
2026-10-02T01:23:52.843Z  INFO 479 --- [qwen-managed-agent-server] [           main] o.f.core.internal.command.DbMigrate      : Migrating schema "public" to version "18 - managed extension record"
2026-10-02T01:23:52.844Z  INFO 479 --- [qwen-managed-agent-server] [           main] o.f.core.internal.command.DbMigrate      : Migrating schema "public" to version "19 - workspace operator recovery"
2026-10-02T01:23:52.845Z  INFO 479 --- [qwen-managed-agent-server] [           main] o.f.core.internal.command.DbMigrate      : Migrating schema "public" to version "20 - managed tool publication"
2026-10-02T01:23:52.846Z  INFO 479 --- [qwen-managed-agent-server] [           main] o.f.core.internal.command.DbMigrate      : Migrating schema "public" to version "21 - managed tool publication objects"
2026-10-02T01:23:52.853Z  INFO 479 --- [qwen-managed-agent-server] [           main] o.f.core.internal.command.DbMigrate      : Migrating schema "public" to version "22 - managed tool publication recovery"
2026-10-02T01:23:52.855Z  INFO 479 --- [qwen-managed-agent-server] [           main] o.f.core.internal.command.DbMigrate      : Migrating schema "public" to version "23 - managed mcp records"
2026-10-02T01:23:52.856Z  INFO 479 --- [qwen-managed-agent-server] [           main] o.f.core.internal.command.DbMigrate      : Migrating schema "public" to version "24 - managed actions"
2026-10-02T01:23:52.859Z  INFO 479 --- [qwen-managed-agent-server] [           main] o.f.core.internal.command.DbMigrate      : Migrating schema "public" to version "25 - verified workspace mount"
2026-10-02T01:23:52.863Z  INFO 479 --- [qwen-managed-agent-server] [           main] o.f.core.internal.command.DbMigrate      : Migrating schema "public" to version "26 - managed tool result projection"
2026-10-02T01:23:52.865Z  INFO 479 --- [qwen-managed-agent-server] [           main] o.f.core.internal.command.DbMigrate      : Migrating schema "public" to version "27 - managed hook records"
2026-10-02T01:23:52.866Z  INFO 479 --- [qwen-managed-agent-server] [           main] o.f.core.internal.command.DbMigrate      : Migrating schema "public" to version "28 - workspace recovery bundle"
2026-10-02T01:23:52.867Z  INFO 479 --- [qwen-managed-agent-server] [           main] o.f.core.internal.command.DbMigrate      : Successfully applied 28 migrations to schema "public", now at version v28 (execution time 00:00.034s)
2026-10-02T01:23:52.976Z  INFO 479 --- [qwen-managed-agent-server] [           main] org.flywaydb.core.FlywayExecutor         : Database: jdbc:h2:mem:publication-2f32242c-aa1e-41f4-bc80-4663a42bfd82 (H2 2.3)
2026-10-02T01:23:52.980Z  INFO 479 --- [qwen-managed-agent-server] [           main] o.f.c.i.s.JdbcTableSchemaHistory         : Schema history table "public"."flyway_schema_history" does not exist yet
2026-10-02T01:23:52.980Z  INFO 479 --- [qwen-managed-agent-server] [           main] o.f.core.internal.command.DbValidate     : Successfully validated 28 migrations (execution time 00:00.002s)
2026-10-02T01:23:52.980Z  INFO 479 --- [qwen-managed-agent-server] [           main] o.f.c.i.s.JdbcTableSchemaHistory         : Creating Schema History table "public"."flyway_schema_history" ...
2026-10-02T01:23:52.981Z  INFO 479 --- [qwen-managed-agent-server] [           main] o.f.core.internal.command.DbMigrate      : Current version of schema "public": << Empty Schema >>
2026-10-02T01:23:52.982Z  INFO 479 --- [qwen-managed-agent-server] [           main] o.f.core.internal.command.DbMigrate      : Migrating schema "public" to version "1 - managed agent core"
2026-10-02T01:23:52.984Z  INFO 479 --- [qwen-managed-agent-server] [           main] o.f.core.internal.command.DbMigrate      : Migrating schema "public" to version "2 - managed agent projection"
2026-10-02T01:23:52.986Z  INFO 479 --- [qwen-managed-agent-server] [           main] o.f.core.internal.command.DbMigrate      : Migrating schema "public" to version "3 - runtime broker"
2026-10-02T01:23:52.988Z  INFO 479 --- [qwen-managed-agent-server] [           main] o.f.core.internal.command.DbMigrate      : Migrating schema "public" to version "4 - managed session store"
2026-10-02T01:23:52.989Z  INFO 479 --- [qwen-managed-agent-server] [           main] o.f.core.internal.command.DbMigrate      : Migrating schema "public" to version "5 - managed session lifecycle"
2026-10-02T01:23:52.991Z  INFO 479 --- [qwen-managed-agent-server] [           main] o.f.core.internal.command.DbMigrate      : Migrating schema "public" to version "6 - managed turn retry"
2026-10-02T01:23:52.994Z  INFO 479 --- [qwen-managed-agent-server] [           main] o.f.core.internal.command.DbMigrate      : Migrating schema "public" to version "7 - managed workspace binding"
2026-10-02T01:23:52.999Z  INFO 479 --- [qwen-managed-agent-server] [           main] o.f.core.internal.command.DbMigrate      : Migrating schema "public" to version "8 - managed workspace registry"
2026-10-02T01:23:53.000Z  INFO 479 --- [qwen-managed-agent-server] [           main] o.f.core.internal.command.DbMigrate      : Migrating schema "public" to version "9 - managed workspace creation command"
2026-10-02T01:23:53.001Z  INFO 479 --- [qwen-managed-agent-server] [           main] o.f.core.internal.command.DbMigrate      : Migrating schema "public" to version "10 - managed runtime context"
2026-10-02T01:23:53.003Z  INFO 479 --- [qwen-managed-agent-server] [           main] o.f.core.internal.command.DbMigrate      : Migrating schema "public" to version "11 - workspace execution"
2026-10-02T01:23:53.004Z  INFO 479 --- [qwen-managed-agent-server] [           main] o.f.core.internal.command.DbMigrate      : Migrating schema "public" to version "12 - runtime broker schema alignment"
2026-10-02T01:23:53.006Z  INFO 479 --- [qwen-managed-agent-server] [           main] o.f.core.internal.command.DbMigrate      : Migrating schema "public" to version "13 - managed session agent revision"
2026-10-02T01:23:53.016Z  INFO 479 --- [qwen-managed-agent-server] [           main] o.f.core.internal.command.DbMigrate      : Migrating schema "public" to version "14 - managed event replay"
2026-10-02T01:23:53.019Z  INFO 479 --- [qwen-managed-agent-server] [           main] o.f.core.internal.command.DbMigrate      : Migrating schema "public" to version "15 - managed event identity"
2026-10-02T01:23:53.020Z  INFO 479 --- [qwen-managed-agent-server] [           main] o.f.core.internal.command.DbMigrate      : Migrating schema "public" to version "16 - runtime loss evidence"
2026-10-02T01:23:53.023Z  INFO 479 --- [qwen-managed-agent-server] [           main] o.f.core.internal.command.DbMigrate      : Migrating schema "public" to version "17 - managed session operation"
2026-10-02T01:23:53.025Z  INFO 479 --- [qwen-managed-agent-server] [           main] o.f.core.internal.command.DbMigrate      : Migrating schema "public" to version "18 - managed extension record"
2026-10-02T01:23:53.026Z  INFO 479 --- [qwen-managed-agent-server] [           main] o.f.core.internal.command.DbMigrate      : Migrating schema "public" to version "19 - workspace operator recovery"
2026-10-02T01:23:53.027Z  INFO 479 --- [qwen-managed-agent-server] [           main] o.f.core.internal.command.DbMigrate      : Migrating schema "public" to version "20 - managed tool publication"
2026-10-02T01:23:53.028Z  INFO 479 --- [qwen-managed-agent-server] [           main] o.f.core.internal.command.DbMigrate      : Migrating schema "public" to version "21 - managed tool publication objects"
2026-10-02T01:23:53.036Z  INFO 479 --- [qwen-managed-agent-server] [           main] o.f.core.internal.command.DbMigrate      : Migrating schema "public" to version "22 - managed tool publication recovery"
2026-10-02T01:23:53.037Z  INFO 479 --- [qwen-managed-agent-server] [           main] o.f.core.internal.command.DbMigrate      : Migrating schema "public" to version "23 - managed mcp records"
2026-10-02T01:23:53.038Z  INFO 479 --- [qwen-managed-agent-server] [           main] o.f.core.internal.command.DbMigrate      : Migrating schema "public" to version "24 - managed actions"
2026-10-02T01:23:53.042Z  INFO 479 --- [qwen-managed-agent-server] [           main] o.f.core.internal.command.DbMigrate      : Migrating schema "public" to version "25 - verified workspace mount"
2026-10-02T01:23:53.046Z  INFO 479 --- [qwen-managed-agent-server] [           main] o.f.core.internal.command.DbMigrate      : Migrating schema "public" to version "26 - managed tool result projection"
2026-10-02T01:23:53.048Z  INFO 479 --- [qwen-managed-agent-server] [           main] o.f.core.internal.command.DbMigrate      : Migrating schema "public" to version "27 - managed hook records"
2026-10-02T01:23:53.050Z  INFO 479 --- [qwen-managed-agent-server] [           main] o.f.core.internal.command.DbMigrate      : Migrating schema "public" to version "28 - workspace recovery bundle"
2026-10-02T01:23:53.051Z  INFO 479 --- [qwen-managed-agent-server] [           main] o.f.core.internal.command.DbMigrate      : Successfully applied 28 migrations to schema "public", now at version v28 (execution time 00:00.029s)
2026-10-02T01:23:53.147Z  INFO 479 --- [qwen-managed-agent-server] [           main] org.flywaydb.core.FlywayExecutor         : Database: jdbc:h2:mem:publication-00efa973-50e4-4a8e-8762-175696de650b (H2 2.3)
2026-10-02T01:23:53.150Z  INFO 479 --- [qwen-managed-agent-server] [           main] o.f.c.i.s.JdbcTableSchemaHistory         : Schema history table "public"."flyway_schema_history" does not exist yet
2026-10-02T01:23:53.151Z  INFO 479 --- [qwen-managed-agent-server] [           main] o.f.core.internal.command.DbValidate     : Successfully validated 28 migrations (execution time 00:00.002s)
2026-10-02T01:23:53.151Z  INFO 479 --- [qwen-managed-agent-server] [           main] o.f.c.i.s.JdbcTableSchemaHistory         : Creating Schema History table "public"."flyway_schema_history" ...
2026-10-02T01:23:53.152Z  INFO 479 --- [qwen-managed-agent-server] [           main] o.f.core.internal.command.DbMigrate      : Current version of schema "public": << Empty Schema >>
2026-10-02T01:23:53.153Z  INFO 479 --- [qwen-managed-agent-server] [           main] o.f.core.internal.command.DbMigrate      : Migrating schema "public" to version "1 - managed agent core"
2026-10-02T01:23:53.155Z  INFO 479 --- [qwen-managed-agent-server] [           main] o.f.core.internal.command.DbMigrate      : Migrating schema "public" to version "2 - managed agent projection"
2026-10-02T01:23:53.157Z  INFO 479 --- [qwen-managed-agent-server] [           main] o.f.core.internal.command.DbMigrate      : Migrating schema "public" to version "3 - runtime broker"
2026-10-02T01:23:53.159Z  INFO 479 --- [qwen-managed-agent-server] [           main] o.f.core.internal.command.DbMigrate      : Migrating schema "public" to version "4 - managed session store"
2026-10-02T01:23:53.160Z  INFO 479 --- [qwen-managed-agent-server] [           main] o.f.core.internal.command.DbMigrate      : Migrating schema "public" to version "5 - managed session lifecycle"
2026-10-02T01:23:53.162Z  INFO 479 --- [qwen-managed-agent-server] [           main] o.f.core.internal.command.DbMigrate      : Migrating schema "public" to version "6 - managed turn retry"
2026-10-02T01:23:53.166Z  INFO 479 --- [qwen-managed-agent-server] [           main] o.f.core.internal.command.DbMigrate      : Migrating schema "public" to version "7 - managed workspace binding"
2026-10-02T01:23:53.171Z  INFO 479 --- [qwen-managed-agent-server] [           main] o.f.core.internal.command.DbMigrate      : Migrating schema "public" to version "8 - managed workspace registry"
2026-10-02T01:23:53.173Z  INFO 479 --- [qwen-managed-agent-server] [           main] o.f.core.internal.command.DbMigrate      : Migrating schema "public" to version "9 - managed workspace creation command"
2026-10-02T01:23:53.174Z  INFO 479 --- [qwen-managed-agent-server] [           main] o.f.core.internal.command.DbMigrate      : Migrating schema "public" to version "10 - managed runtime context"
2026-10-02T01:23:53.176Z  INFO 479 --- [qwen-managed-agent-server] [           main] o.f.core.internal.command.DbMigrate      : Migrating schema "public" to version "11 - workspace execution"
2026-10-02T01:23:53.177Z  INFO 479 --- [qwen-managed-agent-server] [           main] o.f.core.internal.command.DbMigrate      : Migrating schema "public" to version "12 - runtime broker schema alignment"
2026-10-02T01:23:53.180Z  INFO 479 --- [qwen-managed-agent-server] [           main] o.f.core.internal.command.DbMigrate      : Migrating schema "public" to version "13 - managed session agent revision"
2026-10-02T01:23:53.182Z  INFO 479 --- [qwen-managed-agent-server] [           main] o.f.core.internal.command.DbMigrate      : Migrating schema "public" to version "14 - managed event replay"
2026-10-02T01:23:53.185Z  INFO 479 --- [qwen-managed-agent-server] [           main] o.f.core.internal.command.DbMigrate      : Migrating schema "public" to version "15 - managed event identity"
2026-10-02T01:23:53.186Z  INFO 479 --- [qwen-managed-agent-server] [           main] o.f.core.internal.command.DbMigrate      : Migrating schema "public" to version "16 - runtime loss evidence"
2026-10-02T01:23:53.201Z  INFO 479 --- [qwen-managed-agent-server] [           main] o.f.core.internal.command.DbMigrate      : Migrating schema "public" to version "17 - managed session operation"
2026-10-02T01:23:53.203Z  INFO 479 --- [qwen-managed-agent-server] [           main] o.f.core.internal.command.DbMigrate      : Migrating schema "public" to version "18 - managed extension record"
2026-10-02T01:23:53.204Z  INFO 479 --- [qwen-managed-agent-server] [           main] o.f.core.internal.command.DbMigrate      : Migrating schema "public" to version "19 - workspace operator recovery"
2026-10-02T01:23:53.205Z  INFO 479 --- [qwen-managed-agent-server] [           main] o.f.core.internal.command.DbMigrate      : Migrating schema "public" to version "20 - managed tool publication"
2026-10-02T01:23:53.206Z  INFO 479 --- [qwen-managed-agent-server] [           main] o.f.core.internal.command.DbMigrate      : Migrating schema "public" to version "21 - managed tool publication objects"
2026-10-02T01:23:53.214Z  INFO 479 --- [qwen-managed-agent-server] [           main] o.f.core.internal.command.DbMigrate      : Migrating schema "public" to version "22 - managed tool publication recovery"
2026-10-02T01:23:53.215Z  INFO 479 --- [qwen-managed-agent-server] [           main] o.f.core.internal.command.DbMigrate      : Migrating schema "public" to version "23 - managed mcp records"
2026-10-02T01:23:53.216Z  INFO 479 --- [qwen-managed-agent-server] [           main] o.f.core.internal.command.DbMigrate      : Migrating schema "public" to version "24 - managed actions"
2026-10-02T01:23:53.225Z  INFO 479 --- [qwen-managed-agent-server] [           main] o.f.core.internal.command.DbMigrate      : Migrating schema "public" to version "25 - verified workspace mount"
2026-10-02T01:23:53.228Z  INFO 479 --- [qwen-managed-agent-server] [           main] o.f.core.internal.command.DbMigrate      : Migrating schema "public" to version "26 - managed tool result projection"
2026-10-02T01:23:53.230Z  INFO 479 --- [qwen-managed-agent-server] [           main] o.f.core.internal.command.DbMigrate      : Migrating schema "public" to version "27 - managed hook records"
2026-10-02T01:23:53.231Z  INFO 479 --- [qwen-managed-agent-server] [           main] o.f.core.internal.command.DbMigrate      : Migrating schema "public" to version "28 - workspace recovery bundle"
2026-10-02T01:23:53.233Z  INFO 479 --- [qwen-managed-agent-server] [           main] o.f.core.internal.command.DbMigrate      : Successfully applied 28 migrations to schema "public", now at version v28 (execution time 00:00.042s)
2026-10-02T01:23:53.346Z  INFO 479 --- [qwen-managed-agent-server] [           main] org.flywaydb.core.FlywayExecutor         : Database: jdbc:h2:mem:publication-c27d9f94-2c2f-4b85-929f-7906425fc870 (H2 2.3)
2026-10-02T01:23:53.349Z  INFO 479 --- [qwen-managed-agent-server] [           main] o.f.c.i.s.JdbcTableSchemaHistory         : Schema history table "public"."flyway_schema_history" does not exist yet
2026-10-02T01:23:53.349Z  INFO 479 --- [qwen-managed-agent-server] [           main] o.f.core.internal.command.DbValidate     : Successfully validated 28 migrations (execution time 00:00.002s)
2026-10-02T01:23:53.349Z  INFO 479 --- [qwen-managed-agent-server] [           main] o.f.c.i.s.JdbcTableSchemaHistory         : Creating Schema History table "public"."flyway_schema_history" ...
2026-10-02T01:23:53.351Z  INFO 479 --- [qwen-managed-agent-server] [           main] o.f.core.internal.command.DbMigrate      : Current version of schema "public": << Empty Schema >>
2026-10-02T01:23:53.351Z  INFO 479 --- [qwen-managed-agent-server] [           main] o.f.core.internal.command.DbMigrate      : Migrating schema "public" to version "1 - managed agent core"
2026-10-02T01:23:53.353Z  INFO 479 --- [qwen-managed-agent-server] [           main] o.f.core.internal.command.DbMigrate      : Migrating schema "public" to version "2 - managed agent projection"
2026-10-02T01:23:53.355Z  INFO 479 --- [qwen-managed-agent-server] [           main] o.f.core.internal.command.DbMigrate      : Migrating schema "public" to version "3 - runtime broker"
2026-10-02T01:23:53.357Z  INFO 479 --- [qwen-managed-agent-server] [           main] o.f.core.internal.command.DbMigrate      : Migrating schema "public" to version "4 - managed session store"
2026-10-02T01:23:53.358Z  INFO 479 --- [qwen-managed-agent-server] [           main] o.f.core.internal.command.DbMigrate      : Migrating schema "public" to version "5 - managed session lifecycle"
2026-10-02T01:23:53.360Z  INFO 479 --- [qwen-managed-agent-server] [           main] o.f.core.internal.command.DbMigrate      : Migrating schema "public" to version "6 - managed turn retry"
2026-10-02T01:23:53.361Z  INFO 479 --- [qwen-managed-agent-server] [           main] o.f.core.internal.command.DbMigrate      : Migrating schema "public" to version "7 - managed workspace binding"
2026-10-02T01:23:53.366Z  INFO 479 --- [qwen-managed-agent-server] [           main] o.f.core.internal.command.DbMigrate      : Migrating schema "public" to version "8 - managed workspace registry"
2026-10-02T01:23:53.368Z  INFO 479 --- [qwen-managed-agent-server] [           main] o.f.core.internal.command.DbMigrate      : Migrating schema "public" to version "9 - managed workspace creation command"
2026-10-02T01:23:53.369Z  INFO 479 --- [qwen-managed-agent-server] [           main] o.f.core.internal.command.DbMigrate      : Migrating schema "public" to version "10 - managed runtime context"
2026-10-02T01:23:53.370Z  INFO 479 --- [qwen-managed-agent-server] [           main] o.f.core.internal.command.DbMigrate      : Migrating schema "public" to version "11 - workspace execution"
2026-10-02T01:23:53.371Z  INFO 479 --- [qwen-managed-agent-server] [           main] o.f.core.internal.command.DbMigrate      : Migrating schema "public" to version "12 - runtime broker schema alignment"
2026-10-02T01:23:53.373Z  INFO 479 --- [qwen-managed-agent-server] [           main] o.f.core.internal.command.DbMigrate      : Migrating schema "public" to version "13 - managed session agent revision"
2026-10-02T01:23:53.375Z  INFO 479 --- [qwen-managed-agent-server] [           main] o.f.core.internal.command.DbMigrate      : Migrating schema "public" to version "14 - managed event replay"
2026-10-02T01:23:53.382Z  INFO 479 --- [qwen-managed-agent-server] [           main] o.f.core.internal.command.DbMigrate      : Migrating schema "public" to version "15 - managed event identity"
2026-10-02T01:23:53.385Z  INFO 479 --- [qwen-managed-agent-server] [           main] o.f.core.internal.command.DbMigrate      : Migrating schema "public" to version "16 - runtime loss evidence"
2026-10-02T01:23:53.391Z  INFO 479 --- [qwen-managed-agent-server] [           main] o.f.core.internal.command.DbMigrate      : Migrating schema "public" to version "17 - managed session operation"
2026-10-02T01:23:53.393Z  INFO 479 --- [qwen-managed-agent-server] [           main] o.f.core.internal.command.DbMigrate      : Migrating schema "public" to version "18 - managed extension record"
2026-10-02T01:23:53.394Z  INFO 479 --- [qwen-managed-agent-server] [           main] o.f.core.internal.command.DbMigrate      : Migrating schema "public" to version "19 - workspace operator recovery"
2026-10-02T01:23:53.396Z  INFO 479 --- [qwen-managed-agent-server] [           main] o.f.core.internal.command.DbMigrate      : Migrating schema "public" to version "20 - managed tool publication"
2026-10-02T01:23:53.397Z  INFO 479 --- [qwen-managed-agent-server] [           main] o.f.core.internal.command.DbMigrate      : Migrating schema "public" to version "21 - managed tool publication objects"
2026-10-02T01:23:53.405Z  INFO 479 --- [qwen-managed-agent-server] [           main] o.f.core.internal.command.DbMigrate      : Migrating schema "public" to version "22 - managed tool publication recovery"
2026-10-02T01:23:53.406Z  INFO 479 --- [qwen-managed-agent-server] [           main] o.f.core.internal.command.DbMigrate      : Migrating schema "public" to version "23 - managed mcp records"
2026-10-02T01:23:53.407Z  INFO 479 --- [qwen-managed-agent-server] [           main] o.f.core.internal.command.DbMigrate      : Migrating schema "public" to version "24 - managed actions"
2026-10-02T01:23:53.411Z  INFO 479 --- [qwen-managed-agent-server] [           main] o.f.core.internal.command.DbMigrate      : Migrating schema "public" to version "25 - verified workspace mount"
2026-10-02T01:23:53.415Z  INFO 479 --- [qwen-managed-agent-server] [           main] o.f.core.internal.command.DbMigrate      : Migrating schema "public" to version "26 - managed tool result projection"
2026-10-02T01:23:53.417Z  INFO 479 --- [qwen-managed-agent-server] [           main] o.f.core.internal.command.DbMigrate      : Migrating schema "public" to version "27 - managed hook records"
2026-10-02T01:23:53.418Z  INFO 479 --- [qwen-managed-agent-server] [           main] o.f.core.internal.command.DbMigrate      : Migrating schema "public" to version "28 - workspace recovery bundle"
2026-10-02T01:23:53.419Z  INFO 479 --- [qwen-managed-agent-server] [           main] o.f.core.internal.command.DbMigrate      : Successfully applied 28 migrations to schema "public", now at version v28 (execution time 00:00.027s)
2026-10-02T01:23:53.522Z  INFO 479 --- [qwen-managed-agent-server] [           main] org.flywaydb.core.FlywayExecutor         : Database: jdbc:h2:mem:publication-5d1cf851-5f71-40a4-95cb-69c9971ed543 (H2 2.3)
2026-10-02T01:23:53.525Z  INFO 479 --- [qwen-managed-agent-server] [           main] o.f.c.i.s.JdbcTableSchemaHistory         : Schema history table "public"."flyway_schema_history" does not exist yet
2026-10-02T01:23:53.526Z  INFO 479 --- [qwen-managed-agent-server] [           main] o.f.core.internal.command.DbValidate     : Successfully validated 28 migrations (execution time 00:00.002s)
2026-10-02T01:23:53.526Z  INFO 479 --- [qwen-managed-agent-server] [           main] o.f.c.i.s.JdbcTableSchemaHistory         : Creating Schema History table "public"."flyway_schema_history" ...
2026-10-02T01:23:53.527Z  INFO 479 --- [qwen-managed-agent-server] [           main] o.f.core.internal.command.DbMigrate      : Current version of schema "public": << Empty Schema >>
2026-10-02T01:23:53.527Z  INFO 479 --- [qwen-managed-agent-server] [           main] o.f.core.internal.command.DbMigrate      : Migrating schema "public" to version "1 - managed agent core"
2026-10-02T01:23:53.530Z  INFO 479 --- [qwen-managed-agent-server] [           main] o.f.core.internal.command.DbMigrate      : Migrating schema "public" to version "2 - managed agent projection"
2026-10-02T01:23:53.532Z  INFO 479 --- [qwen-managed-agent-server] [           main] o.f.core.internal.command.DbMigrate      : Migrating schema "public" to version "3 - runtime broker"
2026-10-02T01:23:53.534Z  INFO 479 --- [qwen-managed-agent-server] [           main] o.f.core.internal.command.DbMigrate      : Migrating schema "public" to version "4 - managed session store"
2026-10-02T01:23:53.535Z  INFO 479 --- [qwen-managed-agent-server] [           main] o.f.core.internal.command.DbMigrate      : Migrating schema "public" to version "5 - managed session lifecycle"
2026-10-02T01:23:53.537Z  INFO 479 --- [qwen-managed-agent-server] [           main] o.f.core.internal.command.DbMigrate      : Migrating schema "public" to version "6 - managed turn retry"
2026-10-02T01:23:53.539Z  INFO 479 --- [qwen-managed-agent-server] [           main] o.f.core.internal.command.DbMigrate      : Migrating schema "public" to version "7 - managed workspace binding"
2026-10-02T01:23:53.544Z  INFO 479 --- [qwen-managed-agent-server] [           main] o.f.core.internal.command.DbMigrate      : Migrating schema "public" to version "8 - managed workspace registry"
2026-10-02T01:23:53.546Z  INFO 479 --- [qwen-managed-agent-server] [           main] o.f.core.internal.command.DbMigrate      : Migrating schema "public" to version "9 - managed workspace creation command"
2026-10-02T01:23:53.547Z  INFO 479 --- [qwen-managed-agent-server] [           main] o.f.core.internal.command.DbMigrate      : Migrating schema "public" to version "10 - managed runtime context"
2026-10-02T01:23:53.549Z  INFO 479 --- [qwen-managed-agent-server] [           main] o.f.core.internal.command.DbMigrate      : Migrating schema "public" to version "11 - workspace execution"
2026-10-02T01:23:53.550Z  INFO 479 --- [qwen-managed-agent-server] [           main] o.f.core.internal.command.DbMigrate      : Migrating schema "public" to version "12 - runtime broker schema alignment"
2026-10-02T01:23:53.553Z  INFO 479 --- [qwen-managed-agent-server] [           main] o.f.core.internal.command.DbMigrate      : Migrating schema "public" to version "13 - managed session agent revision"
2026-10-02T01:23:53.554Z  INFO 479 --- [qwen-managed-agent-server] [           main] o.f.core.internal.command.DbMigrate      : Migrating schema "public" to version "14 - managed event replay"
2026-10-02T01:23:53.557Z  INFO 479 --- [qwen-managed-agent-server] [           main] o.f.core.internal.command.DbMigrate      : Migrating schema "public" to version "15 - managed event identity"
2026-10-02T01:23:53.558Z  INFO 479 --- [qwen-managed-agent-server] [           main] o.f.core.internal.command.DbMigrate      : Migrating schema "public" to version "16 - runtime loss evidence"
2026-10-02T01:23:53.561Z  INFO 479 --- [qwen-managed-agent-server] [           main] o.f.core.internal.command.DbMigrate      : Migrating schema "public" to version "17 - managed session operation"
2026-10-02T01:23:53.562Z  INFO 479 --- [qwen-managed-agent-server] [           main] o.f.core.internal.command.DbMigrate      : Migrating schema "public" to version "18 - managed extension record"
2026-10-02T01:23:53.563Z  INFO 479 --- [qwen-managed-agent-server] [           main] o.f.core.internal.command.DbMigrate      : Migrating schema "public" to version "19 - workspace operator recovery"
2026-10-02T01:23:53.564Z  INFO 479 --- [qwen-managed-agent-server] [           main] o.f.core.internal.command.DbMigrate      : Migrating schema "public" to version "20 - managed tool publication"
2026-10-02T01:23:53.565Z  INFO 479 --- [qwen-managed-agent-server] [           main] o.f.core.internal.command.DbMigrate      : Migrating schema "public" to version "21 - managed tool publication objects"
2026-10-02T01:23:53.574Z  INFO 479 --- [qwen-managed-agent-server] [           main] o.f.core.internal.command.DbMigrate      : Migrating schema "public" to version "22 - managed tool publication recovery"
2026-10-02T01:23:53.575Z  INFO 479 --- [qwen-managed-agent-server] [           main] o.f.core.internal.command.DbMigrate      : Migrating schema "public" to version "23 - managed mcp records"
2026-10-02T01:23:53.576Z  INFO 479 --- [qwen-managed-agent-server] [           main] o.f.core.internal.command.DbMigrate      : Migrating schema "public" to version "24 - managed actions"
2026-10-02T01:23:53.580Z  INFO 479 --- [qwen-managed-agent-server] [           main] o.f.core.internal.command.DbMigrate      : Migrating schema "public" to version "25 - verified workspace mount"
2026-10-02T01:23:53.583Z  INFO 479 --- [qwen-managed-agent-server] [           main] o.f.core.internal.command.DbMigrate      : Migrating schema "public" to version "26 - managed tool result projection"
2026-10-02T01:23:53.587Z  INFO 479 --- [qwen-managed-agent-server] [           main] o.f.core.internal.command.DbMigrate      : Migrating schema "public" to version "27 - managed hook records"
2026-10-02T01:23:53.588Z  INFO 479 --- [qwen-managed-agent-server] [           main] o.f.core.internal.command.DbMigrate      : Migrating schema "public" to version "28 - workspace recovery bundle"
2026-10-02T01:23:53.590Z  INFO 479 --- [qwen-managed-agent-server] [           main] o.f.core.internal.command.DbMigrate      : Successfully applied 28 migrations to schema "public", now at version v28 (execution time 00:00.025s)
2026-10-02T01:23:53.631Z  INFO 479 --- [qwen-managed-agent-server] [           main] org.flywaydb.core.FlywayExecutor         : Database: jdbc:h2:mem:publication-907f0c29-eaee-412e-abcf-700fcfa1003e (H2 2.3)
2026-10-02T01:23:53.635Z  INFO 479 --- [qwen-managed-agent-server] [           main] o.f.c.i.s.JdbcTableSchemaHistory         : Schema history table "public"."flyway_schema_history" does not exist yet
2026-10-02T01:23:53.636Z  INFO 479 --- [qwen-managed-agent-server] [           main] o.f.core.internal.command.DbValidate     : Successfully validated 28 migrations (execution time 00:00.004s)
2026-10-02T01:23:53.636Z  INFO 479 --- [qwen-managed-agent-server] [           main] o.f.c.i.s.JdbcTableSchemaHistory         : Creating Schema History table "public"."flyway_schema_history" ...
2026-10-02T01:23:53.637Z  INFO 479 --- [qwen-managed-agent-server] [           main] o.f.core.internal.command.DbMigrate      : Current version of schema "public": << Empty Schema >>
2026-10-02T01:23:53.638Z  INFO 479 --- [qwen-managed-agent-server] [           main] o.f.core.internal.command.DbMigrate      : Migrating schema "public" to version "1 - managed agent core"
2026-10-02T01:23:53.644Z  INFO 479 --- [qwen-managed-agent-server] [           main] o.f.core.internal.command.DbMigrate      : Migrating schema "public" to version "2 - managed agent projection"
2026-10-02T01:23:53.648Z  INFO 479 --- [qwen-managed-agent-server] [           main] o.f.core.internal.command.DbMigrate      : Migrating schema "public" to version "3 - runtime broker"
2026-10-02T01:23:53.650Z  INFO 479 --- [qwen-managed-agent-server] [           main] o.f.core.internal.command.DbMigrate      : Migrating schema "public" to version "4 - managed session store"
2026-10-02T01:23:53.651Z  INFO 479 --- [qwen-managed-agent-server] [           main] o.f.core.internal.command.DbMigrate      : Migrating schema "public" to version "5 - managed session lifecycle"
2026-10-02T01:23:53.653Z  INFO 479 --- [qwen-managed-agent-server] [           main] o.f.core.internal.command.DbMigrate      : Migrating schema "public" to version "6 - managed turn retry"
2026-10-02T01:23:53.655Z  INFO 479 --- [qwen-managed-agent-server] [           main] o.f.core.internal.command.DbMigrate      : Migrating schema "public" to version "7 - managed workspace binding"
2026-10-02T01:23:53.661Z  INFO 479 --- [qwen-managed-agent-server] [           main] o.f.core.internal.command.DbMigrate      : Migrating schema "public" to version "8 - managed workspace registry"
2026-10-02T01:23:53.662Z  INFO 479 --- [qwen-managed-agent-server] [           main] o.f.core.internal.command.DbMigrate      : Migrating schema "public" to version "9 - managed workspace creation command"
2026-10-02T01:23:53.663Z  INFO 479 --- [qwen-managed-agent-server] [           main] o.f.core.internal.command.DbMigrate      : Migrating schema "public" to version "10 - managed runtime context"
2026-10-02T01:23:53.665Z  INFO 479 --- [qwen-managed-agent-server] [           main] o.f.core.internal.command.DbMigrate      : Migrating schema "public" to version "11 - workspace execution"
2026-10-02T01:23:53.666Z  INFO 479 --- [qwen-managed-agent-server] [           main] o.f.core.internal.command.DbMigrate      : Migrating schema "public" to version "12 - runtime broker schema alignment"
2026-10-02T01:23:53.668Z  INFO 479 --- [qwen-managed-agent-server] [           main] o.f.core.internal.command.DbMigrate      : Migrating schema "public" to version "13 - managed session agent revision"
2026-10-02T01:23:53.670Z  INFO 479 --- [qwen-managed-agent-server] [           main] o.f.core.internal.command.DbMigrate      : Migrating schema "public" to version "14 - managed event replay"
2026-10-02T01:23:53.673Z  INFO 479 --- [qwen-managed-agent-server] [           main] o.f.core.internal.command.DbMigrate      : Migrating schema "public" to version "15 - managed event identity"
2026-10-02T01:23:53.674Z  INFO 479 --- [qwen-managed-agent-server] [           main] o.f.core.internal.command.DbMigrate      : Migrating schema "public" to version "16 - runtime loss evidence"
2026-10-02T01:23:53.676Z  INFO 479 --- [qwen-managed-agent-server] [           main] o.f.core.internal.command.DbMigrate      : Migrating schema "public" to version "17 - managed session operation"
2026-10-02T01:23:53.678Z  INFO 479 --- [qwen-managed-agent-server] [           main] o.f.core.internal.command.DbMigrate      : Migrating schema "public" to version "18 - managed extension record"
2026-10-02T01:23:53.679Z  INFO 479 --- [qwen-managed-agent-server] [           main] o.f.core.internal.command.DbMigrate      : Migrating schema "public" to version "19 - workspace operator recovery"
2026-10-02T01:23:53.680Z  INFO 479 --- [qwen-managed-agent-server] [           main] o.f.core.internal.command.DbMigrate      : Migrating schema "public" to version "20 - managed tool publication"
2026-10-02T01:23:53.681Z  INFO 479 --- [qwen-managed-agent-server] [           main] o.f.core.internal.command.DbMigrate      : Migrating schema "public" to version "21 - managed tool publication objects"
2026-10-02T01:23:53.687Z  INFO 479 --- [qwen-managed-agent-server] [           main] o.f.core.internal.command.DbMigrate      : Migrating schema "public" to version "22 - managed tool publication recovery"
2026-10-02T01:23:53.688Z  INFO 479 --- [qwen-managed-agent-server] [           main] o.f.core.internal.command.DbMigrate      : Migrating schema "public" to version "23 - managed mcp records"
2026-10-02T01:23:53.689Z  INFO 479 --- [qwen-managed-agent-server] [           main] o.f.core.internal.command.DbMigrate      : Migrating schema "public" to version "24 - managed actions"
2026-10-02T01:23:53.693Z  INFO 479 --- [qwen-managed-agent-server] [           main] o.f.core.internal.command.DbMigrate      : Migrating schema "public" to version "25 - verified workspace mount"
2026-10-02T01:23:53.696Z  INFO 479 --- [qwen-managed-agent-server] [           main] o.f.core.internal.command.DbMigrate      : Migrating schema "public" to version "26 - managed tool result projection"
2026-10-02T01:23:53.698Z  INFO 479 --- [qwen-managed-agent-server] [           main] o.f.core.internal.command.DbMigrate      : Migrating schema "public" to version "27 - managed hook records"
2026-10-02T01:23:53.700Z  INFO 479 --- [qwen-managed-agent-server] [           main] o.f.core.internal.command.DbMigrate      : Migrating schema "public" to version "28 - workspace recovery bundle"
2026-10-02T01:23:53.701Z  INFO 479 --- [qwen-managed-agent-server] [           main] o.f.core.internal.command.DbMigrate      : Successfully applied 28 migrations to schema "public", now at version v28 (execution time 00:00.022s)
2026-10-02T01:23:53.919Z  INFO 479 --- [qwen-managed-agent-server] [           main] org.flywaydb.core.FlywayExecutor         : Database: jdbc:h2:mem:publication-bb92f34a-9da5-49a2-a426-16b54fd5dde3 (H2 2.3)
2026-10-02T01:23:53.923Z  INFO 479 --- [qwen-managed-agent-server] [           main] o.f.c.i.s.JdbcTableSchemaHistory         : Schema history table "public"."flyway_schema_history" does not exist yet
2026-10-02T01:23:53.923Z  INFO 479 --- [qwen-managed-agent-server] [           main] o.f.core.internal.command.DbValidate     : Successfully validated 28 migrations (execution time 00:00.003s)
2026-10-02T01:23:53.925Z  INFO 479 --- [qwen-managed-agent-server] [           main] o.f.c.i.s.JdbcTableSchemaHistory         : Creating Schema History table "public"."flyway_schema_history" ...
2026-10-02T01:23:53.926Z  INFO 479 --- [qwen-managed-agent-server] [           main] o.f.core.internal.command.DbMigrate      : Current version of schema "public": << Empty Schema >>
2026-10-02T01:23:53.927Z  INFO 479 --- [qwen-managed-agent-server] [           main] o.f.core.internal.command.DbMigrate      : Migrating schema "public" to version "1 - managed agent core"
2026-10-02T01:23:53.932Z  INFO 479 --- [qwen-managed-agent-server] [           main] o.f.core.internal.command.DbMigrate      : Migrating schema "public" to version "2 - managed agent projection"
2026-10-02T01:23:53.935Z  INFO 479 --- [qwen-managed-agent-server] [           main] o.f.core.internal.command.DbMigrate      : Migrating schema "public" to version "3 - runtime broker"
2026-10-02T01:23:53.936Z  INFO 479 --- [qwen-managed-agent-server] [           main] o.f.core.internal.command.DbMigrate      : Migrating schema "public" to version "4 - managed session store"
2026-10-02T01:23:53.938Z  INFO 479 --- [qwen-managed-agent-server] [           main] o.f.core.internal.command.DbMigrate      : Migrating schema "public" to version "5 - managed session lifecycle"
2026-10-02T01:23:53.940Z  INFO 479 --- [qwen-managed-agent-server] [           main] o.f.core.internal.command.DbMigrate      : Migrating schema "public" to version "6 - managed turn retry"
2026-10-02T01:23:53.941Z  INFO 479 --- [qwen-managed-agent-server] [           main] o.f.core.internal.command.DbMigrate      : Migrating schema "public" to version "7 - managed workspace binding"
2026-10-02T01:23:53.946Z  INFO 479 --- [qwen-managed-agent-server] [           main] o.f.core.internal.command.DbMigrate      : Migrating schema "public" to version "8 - managed workspace registry"
2026-10-02T01:23:53.948Z  INFO 479 --- [qwen-managed-agent-server] [           main] o.f.core.internal.command.DbMigrate      : Migrating schema "public" to version "9 - managed workspace creation command"
2026-10-02T01:23:53.949Z  INFO 479 --- [qwen-managed-agent-server] [           main] o.f.core.internal.command.DbMigrate      : Migrating schema "public" to version "10 - managed runtime context"
2026-10-02T01:23:53.951Z  INFO 479 --- [qwen-managed-agent-server] [           main] o.f.core.internal.command.DbMigrate      : Migrating schema "public" to version "11 - workspace execution"
2026-10-02T01:23:53.953Z  INFO 479 --- [qwen-managed-agent-server] [           main] o.f.core.internal.command.DbMigrate      : Migrating schema "public" to version "12 - runtime broker schema alignment"
2026-10-02T01:23:53.956Z  INFO 479 --- [qwen-managed-agent-server] [           main] o.f.core.internal.command.DbMigrate      : Migrating schema "public" to version "13 - managed session agent revision"
2026-10-02T01:23:53.958Z  INFO 479 --- [qwen-managed-agent-server] [           main] o.f.core.internal.command.DbMigrate      : Migrating schema "public" to version "14 - managed event replay"
2026-10-02T01:23:53.961Z  INFO 479 --- [qwen-managed-agent-server] [           main] o.f.core.internal.command.DbMigrate      : Migrating schema "public" to version "15 - managed event identity"
2026-10-02T01:23:53.962Z  INFO 479 --- [qwen-managed-agent-server] [           main] o.f.core.internal.command.DbMigrate      : Migrating schema "public" to version "16 - runtime loss evidence"
2026-10-02T01:23:53.964Z  INFO 479 --- [qwen-managed-agent-server] [           main] o.f.core.internal.command.DbMigrate      : Migrating schema "public" to version "17 - managed session operation"
2026-10-02T01:23:53.966Z  INFO 479 --- [qwen-managed-agent-server] [           main] o.f.core.internal.command.DbMigrate      : Migrating schema "public" to version "18 - managed extension record"
2026-10-02T01:23:53.967Z  INFO 479 --- [qwen-managed-agent-server] [           main] o.f.core.internal.command.DbMigrate      : Migrating schema "public" to version "19 - workspace operator recovery"
2026-10-02T01:23:53.967Z  INFO 479 --- [qwen-managed-agent-server] [           main] o.f.core.internal.command.DbMigrate      : Migrating schema "public" to version "20 - managed tool publication"
2026-10-02T01:23:53.968Z  INFO 479 --- [qwen-managed-agent-server] [           main] o.f.core.internal.command.DbMigrate      : Migrating schema "public" to version "21 - managed tool publication objects"
2026-10-02T01:23:53.978Z  INFO 479 --- [qwen-managed-agent-server] [           main] o.f.core.internal.command.DbMigrate      : Migrating schema "public" to version "22 - managed tool publication recovery"
2026-10-02T01:23:53.979Z  INFO 479 --- [qwen-managed-agent-server] [           main] o.f.core.internal.command.DbMigrate      : Migrating schema "public" to version "23 - managed mcp records"
2026-10-02T01:23:53.980Z  INFO 479 --- [qwen-managed-agent-server] [           main] o.f.core.internal.command.DbMigrate      : Migrating schema "public" to version "24 - managed actions"
2026-10-02T01:23:53.983Z  INFO 479 --- [qwen-managed-agent-server] [           main] o.f.core.internal.command.DbMigrate      : Migrating schema "public" to version "25 - verified workspace mount"
2026-10-02T01:23:53.986Z  INFO 479 --- [qwen-managed-agent-server] [           main] o.f.core.internal.command.DbMigrate      : Migrating schema "public" to version "26 - managed tool result projection"
2026-10-02T01:23:53.988Z  INFO 479 --- [qwen-managed-agent-server] [           main] o.f.core.internal.command.DbMigrate      : Migrating schema "public" to version "27 - managed hook records"
2026-10-02T01:23:53.989Z  INFO 479 --- [qwen-managed-agent-server] [           main] o.f.core.internal.command.DbMigrate      : Migrating schema "public" to version "28 - workspace recovery bundle"
2026-10-02T01:23:53.991Z  INFO 479 --- [qwen-managed-agent-server] [           main] o.f.core.internal.command.DbMigrate      : Successfully applied 28 migrations to schema "public", now at version v28 (execution time 00:00.025s)
2026-10-02T01:23:54.044Z  INFO 479 --- [qwen-managed-agent-server] [           main] org.flywaydb.core.FlywayExecutor         : Database: jdbc:h2:mem:publication-dd01ec88-1ed2-4f18-84a7-407e7ef43f17 (H2 2.3)
2026-10-02T01:23:54.049Z  INFO 479 --- [qwen-managed-agent-server] [           main] o.f.c.i.s.JdbcTableSchemaHistory         : Schema history table "public"."flyway_schema_history" does not exist yet
2026-10-02T01:23:54.049Z  INFO 479 --- [qwen-managed-agent-server] [           main] o.f.core.internal.command.DbValidate     : Successfully validated 28 migrations (execution time 00:00.002s)
2026-10-02T01:23:54.050Z  INFO 479 --- [qwen-managed-agent-server] [           main] o.f.c.i.s.JdbcTableSchemaHistory         : Creating Schema History table "public"."flyway_schema_history" ...
2026-10-02T01:23:54.052Z  INFO 479 --- [qwen-managed-agent-server] [           main] o.f.core.internal.command.DbMigrate      : Current version of schema "public": << Empty Schema >>
2026-10-02T01:23:54.052Z  INFO 479 --- [qwen-managed-agent-server] [           main] o.f.core.internal.command.DbMigrate      : Migrating schema "public" to version "1 - managed agent core"
2026-10-02T01:23:54.054Z  INFO 479 --- [qwen-managed-agent-server] [           main] o.f.core.internal.command.DbMigrate      : Migrating schema "public" to version "2 - managed agent projection"
2026-10-02T01:23:54.056Z  INFO 479 --- [qwen-managed-agent-server] [           main] o.f.core.internal.command.DbMigrate      : Migrating schema "public" to version "3 - runtime broker"
2026-10-02T01:23:54.058Z  INFO 479 --- [qwen-managed-agent-server] [           main] o.f.core.internal.command.DbMigrate      : Migrating schema "public" to version "4 - managed session store"
2026-10-02T01:23:54.059Z  INFO 479 --- [qwen-managed-agent-server] [           main] o.f.core.internal.command.DbMigrate      : Migrating schema "public" to version "5 - managed session lifecycle"
2026-10-02T01:23:54.061Z  INFO 479 --- [qwen-managed-agent-server] [           main] o.f.core.internal.command.DbMigrate      : Migrating schema "public" to version "6 - managed turn retry"
2026-10-02T01:23:54.062Z  INFO 479 --- [qwen-managed-agent-server] [           main] o.f.core.internal.command.DbMigrate      : Migrating schema "public" to version "7 - managed workspace binding"
2026-10-02T01:23:54.092Z  INFO 479 --- [qwen-managed-agent-server] [           main] o.f.core.internal.command.DbMigrate      : Migrating schema "public" to version "8 - managed workspace registry"
2026-10-02T01:23:54.093Z  INFO 479 --- [qwen-managed-agent-server] [           main] o.f.core.internal.command.DbMigrate      : Migrating schema "public" to version "9 - managed workspace creation command"
2026-10-02T01:23:54.094Z  INFO 479 --- [qwen-managed-agent-server] [           main] o.f.core.internal.command.DbMigrate      : Migrating schema "public" to version "10 - managed runtime context"
2026-10-02T01:23:54.095Z  INFO 479 --- [qwen-managed-agent-server] [           main] o.f.core.internal.command.DbMigrate      : Migrating schema "public" to version "11 - workspace execution"
2026-10-02T01:23:54.096Z  INFO 479 --- [qwen-managed-agent-server] [           main] o.f.core.internal.command.DbMigrate      : Migrating schema "public" to version "12 - runtime broker schema alignment"
2026-10-02T01:23:54.098Z  INFO 479 --- [qwen-managed-agent-server] [           main] o.f.core.internal.command.DbMigrate      : Migrating schema "public" to version "13 - managed session agent revision"
2026-10-02T01:23:54.100Z  INFO 479 --- [qwen-managed-agent-server] [           main] o.f.core.internal.command.DbMigrate      : Migrating schema "public" to version "14 - managed event replay"
2026-10-02T01:23:54.102Z  INFO 479 --- [qwen-managed-agent-server] [           main] o.f.core.internal.command.DbMigrate      : Migrating schema "public" to version "15 - managed event identity"
2026-10-02T01:23:54.103Z  INFO 479 --- [qwen-managed-agent-server] [           main] o.f.core.internal.command.DbMigrate      : Migrating schema "public" to version "16 - runtime loss evidence"
2026-10-02T01:23:54.106Z  INFO 479 --- [qwen-managed-agent-server] [           main] o.f.core.internal.command.DbMigrate      : Migrating schema "public" to version "17 - managed session operation"
2026-10-02T01:23:54.107Z  INFO 479 --- [qwen-managed-agent-server] [           main] o.f.core.internal.command.DbMigrate      : Migrating schema "public" to version "18 - managed extension record"
2026-10-02T01:23:54.108Z  INFO 479 --- [qwen-managed-agent-server] [           main] o.f.core.internal.command.DbMigrate      : Migrating schema "public" to version "19 - workspace operator recovery"
2026-10-02T01:23:54.109Z  INFO 479 --- [qwen-managed-agent-server] [           main] o.f.core.internal.command.DbMigrate      : Migrating schema "public" to version "20 - managed tool publication"
2026-10-02T01:23:54.110Z  INFO 479 --- [qwen-managed-agent-server] [           main] o.f.core.internal.command.DbMigrate      : Migrating schema "public" to version "21 - managed tool publication objects"
2026-10-02T01:23:54.116Z  INFO 479 --- [qwen-managed-agent-server] [           main] o.f.core.internal.command.DbMigrate      : Migrating schema "public" to version "22 - managed tool publication recovery"
2026-10-02T01:23:54.117Z  INFO 479 --- [qwen-managed-agent-server] [           main] o.f.core.internal.command.DbMigrate      : Migrating schema "public" to version "23 - managed mcp records"
2026-10-02T01:23:54.118Z  INFO 479 --- [qwen-managed-agent-server] [           main] o.f.core.internal.command.DbMigrate      : Migrating schema "public" to version "24 - managed actions"
2026-10-02T01:23:54.122Z  INFO 479 --- [qwen-managed-agent-server] [           main] o.f.core.internal.command.DbMigrate      : Migrating schema "public" to version "25 - verified workspace mount"
2026-10-02T01:23:54.125Z  INFO 479 --- [qwen-managed-agent-server] [           main] o.f.core.internal.command.DbMigrate      : Migrating schema "public" to version "26 - managed tool result projection"
2026-10-02T01:23:54.126Z  INFO 479 --- [qwen-managed-agent-server] [           main] o.f.core.internal.command.DbMigrate      : Migrating schema "public" to version "27 - managed hook records"
2026-10-02T01:23:54.127Z  INFO 479 --- [qwen-managed-agent-server] [           main] o.f.core.internal.command.DbMigrate      : Migrating schema "public" to version "28 - workspace recovery bundle"
2026-10-02T01:23:54.128Z  INFO 479 --- [qwen-managed-agent-server] [           main] o.f.core.internal.command.DbMigrate      : Successfully applied 28 migrations to schema "public", now at version v28 (execution time 00:00.043s)
2026-10-02T01:23:54.161Z  INFO 479 --- [qwen-managed-agent-server] [           main] org.flywaydb.core.FlywayExecutor         : Database: jdbc:h2:mem:publication-704a6d8c-371d-41ef-b0ba-3961edf69a9f (H2 2.3)
2026-10-02T01:23:54.164Z  INFO 479 --- [qwen-managed-agent-server] [           main] o.f.c.i.s.JdbcTableSchemaHistory         : Schema history table "public"."flyway_schema_history" does not exist yet
2026-10-02T01:23:54.164Z  INFO 479 --- [qwen-managed-agent-server] [           main] o.f.core.internal.command.DbValidate     : Successfully validated 28 migrations (execution time 00:00.002s)
2026-10-02T01:23:54.165Z  INFO 479 --- [qwen-managed-agent-server] [           main] o.f.c.i.s.JdbcTableSchemaHistory         : Creating Schema History table "public"."flyway_schema_history" ...
2026-10-02T01:23:54.165Z  INFO 479 --- [qwen-managed-agent-server] [           main] o.f.core.internal.command.DbMigrate      : Current version of schema "public": << Empty Schema >>
2026-10-02T01:23:54.166Z  INFO 479 --- [qwen-managed-agent-server] [           main] o.f.core.internal.command.DbMigrate      : Migrating schema "public" to version "1 - managed agent core"
2026-10-02T01:23:54.169Z  INFO 479 --- [qwen-managed-agent-server] [           main] o.f.core.internal.command.DbMigrate      : Migrating schema "public" to version "2 - managed agent projection"
2026-10-02T01:23:54.171Z  INFO 479 --- [qwen-managed-agent-server] [           main] o.f.core.internal.command.DbMigrate      : Migrating schema "public" to version "3 - runtime broker"
2026-10-02T01:23:54.172Z  INFO 479 --- [qwen-managed-agent-server] [           main] o.f.core.internal.command.DbMigrate      : Migrating schema "public" to version "4 - managed session store"
2026-10-02T01:23:54.174Z  INFO 479 --- [qwen-managed-agent-server] [           main] o.f.core.internal.command.DbMigrate      : Migrating schema "public" to version "5 - managed session lifecycle"
2026-10-02T01:23:54.175Z  INFO 479 --- [qwen-managed-agent-server] [           main] o.f.core.internal.command.DbMigrate      : Migrating schema "public" to version "6 - managed turn retry"
2026-10-02T01:23:54.177Z  INFO 479 --- [qwen-managed-agent-server] [           main] o.f.core.internal.command.DbMigrate      : Migrating schema "public" to version "7 - managed workspace binding"
2026-10-02T01:23:54.182Z  INFO 479 --- [qwen-managed-agent-server] [           main] o.f.core.internal.command.DbMigrate      : Migrating schema "public" to version "8 - managed workspace registry"
2026-10-02T01:23:54.183Z  INFO 479 --- [qwen-managed-agent-server] [           main] o.f.core.internal.command.DbMigrate      : Migrating schema "public" to version "9 - managed workspace creation command"
2026-10-02T01:23:54.184Z  INFO 479 --- [qwen-managed-agent-server] [           main] o.f.core.internal.command.DbMigrate      : Migrating schema "public" to version "10 - managed runtime context"
2026-10-02T01:23:54.186Z  INFO 479 --- [qwen-managed-agent-server] [           main] o.f.core.internal.command.DbMigrate      : Migrating schema "public" to version "11 - workspace execution"
2026-10-02T01:23:54.187Z  INFO 479 --- [qwen-managed-agent-server] [           main] o.f.core.internal.command.DbMigrate      : Migrating schema "public" to version "12 - runtime broker schema alignment"
2026-10-02T01:23:54.189Z  INFO 479 --- [qwen-managed-agent-server] [           main] o.f.core.internal.command.DbMigrate      : Migrating schema "public" to version "13 - managed session agent revision"
2026-10-02T01:23:54.190Z  INFO 479 --- [qwen-managed-agent-server] [           main] o.f.core.internal.command.DbMigrate      : Migrating schema "public" to version "14 - managed event replay"
2026-10-02T01:23:54.193Z  INFO 479 --- [qwen-managed-agent-server] [           main] o.f.core.internal.command.DbMigrate      : Migrating schema "public" to version "15 - managed event identity"
2026-10-02T01:23:54.194Z  INFO 479 --- [qwen-managed-agent-server] [           main] o.f.core.internal.command.DbMigrate      : Migrating schema "public" to version "16 - runtime loss evidence"
2026-10-02T01:23:54.196Z  INFO 479 --- [qwen-managed-agent-server] [           main] o.f.core.internal.command.DbMigrate      : Migrating schema "public" to version "17 - managed session operation"
2026-10-02T01:23:54.198Z  INFO 479 --- [qwen-managed-agent-server] [           main] o.f.core.internal.command.DbMigrate      : Migrating schema "public" to version "18 - managed extension record"
2026-10-02T01:23:54.199Z  INFO 479 --- [qwen-managed-agent-server] [           main] o.f.core.internal.command.DbMigrate      : Migrating schema "public" to version "19 - workspace operator recovery"
2026-10-02T01:23:54.200Z  INFO 479 --- [qwen-managed-agent-server] [           main] o.f.core.internal.command.DbMigrate      : Migrating schema "public" to version "20 - managed tool publication"
2026-10-02T01:23:54.201Z  INFO 479 --- [qwen-managed-agent-server] [           main] o.f.core.internal.command.DbMigrate      : Migrating schema "public" to version "21 - managed tool publication objects"
2026-10-02T01:23:54.207Z  INFO 479 --- [qwen-managed-agent-server] [           main] o.f.core.internal.command.DbMigrate      : Migrating schema "public" to version "22 - managed tool publication recovery"
2026-10-02T01:23:54.208Z  INFO 479 --- [qwen-managed-agent-server] [           main] o.f.core.internal.command.DbMigrate      : Migrating schema "public" to version "23 - managed mcp records"
2026-10-02T01:23:54.209Z  INFO 479 --- [qwen-managed-agent-server] [           main] o.f.core.internal.command.DbMigrate      : Migrating schema "public" to version "24 - managed actions"
2026-10-02T01:23:54.213Z  INFO 479 --- [qwen-managed-agent-server] [           main] o.f.core.internal.command.DbMigrate      : Migrating schema "public" to version "25 - verified workspace mount"
2026-10-02T01:23:54.216Z  INFO 479 --- [qwen-managed-agent-server] [           main] o.f.core.internal.command.DbMigrate      : Migrating schema "public" to version "26 - managed tool result projection"
2026-10-02T01:23:54.218Z  INFO 479 --- [qwen-managed-agent-server] [           main] o.f.core.internal.command.DbMigrate      : Migrating schema "public" to version "27 - managed hook records"
2026-10-02T01:23:54.219Z  INFO 479 --- [qwen-managed-agent-server] [           main] o.f.core.internal.command.DbMigrate      : Migrating schema "public" to version "28 - workspace recovery bundle"
2026-10-02T01:23:54.220Z  INFO 479 --- [qwen-managed-agent-server] [           main] o.f.core.internal.command.DbMigrate      : Successfully applied 28 migrations to schema "public", now at version v28 (execution time 00:00.020s)
2026-10-02T01:23:54.257Z  INFO 479 --- [qwen-managed-agent-server] [           main] org.flywaydb.core.FlywayExecutor         : Database: jdbc:h2:mem:publication-4f518dce-6300-43a2-b4f7-1f0b63f58bb2 (H2 2.3)
2026-10-02T01:23:54.263Z  INFO 479 --- [qwen-managed-agent-server] [           main] o.f.c.i.s.JdbcTableSchemaHistory         : Schema history table "public"."flyway_schema_history" does not exist yet
2026-10-02T01:23:54.263Z  INFO 479 --- [qwen-managed-agent-server] [           main] o.f.core.internal.command.DbValidate     : Successfully validated 28 migrations (execution time 00:00.003s)
2026-10-02T01:23:54.263Z  INFO 479 --- [qwen-managed-agent-server] [           main] o.f.c.i.s.JdbcTableSchemaHistory         : Creating Schema History table "public"."flyway_schema_history" ...
2026-10-02T01:23:54.264Z  INFO 479 --- [qwen-managed-agent-server] [           main] o.f.core.internal.command.DbMigrate      : Current version of schema "public": << Empty Schema >>
2026-10-02T01:23:54.265Z  INFO 479 --- [qwen-managed-agent-server] [           main] o.f.core.internal.command.DbMigrate      : Migrating schema "public" to version "1 - managed agent core"
2026-10-02T01:23:54.268Z  INFO 479 --- [qwen-managed-agent-server] [           main] o.f.core.internal.command.DbMigrate      : Migrating schema "public" to version "2 - managed agent projection"
2026-10-02T01:23:54.271Z  INFO 479 --- [qwen-managed-agent-server] [           main] o.f.core.internal.command.DbMigrate      : Migrating schema "public" to version "3 - runtime broker"
2026-10-02T01:23:54.273Z  INFO 479 --- [qwen-managed-agent-server] [           main] o.f.core.internal.command.DbMigrate      : Migrating schema "public" to version "4 - managed session store"
2026-10-02T01:23:54.273Z  INFO 479 --- [qwen-managed-agent-server] [           main] o.f.core.internal.command.DbMigrate      : Migrating schema "public" to version "5 - managed session lifecycle"
2026-10-02T01:23:54.275Z  INFO 479 --- [qwen-managed-agent-server] [           main] o.f.core.internal.command.DbMigrate      : Migrating schema "public" to version "6 - managed turn retry"
2026-10-02T01:23:54.277Z  INFO 479 --- [qwen-managed-agent-server] [           main] o.f.core.internal.command.DbMigrate      : Migrating schema "public" to version "7 - managed workspace binding"
2026-10-02T01:23:54.283Z  INFO 479 --- [qwen-managed-agent-server] [           main] o.f.core.internal.command.DbMigrate      : Migrating schema "public" to version "8 - managed workspace registry"
2026-10-02T01:23:54.285Z  INFO 479 --- [qwen-managed-agent-server] [           main] o.f.core.internal.command.DbMigrate      : Migrating schema "public" to version "9 - managed workspace creation command"
2026-10-02T01:23:54.286Z  INFO 479 --- [qwen-managed-agent-server] [           main] o.f.core.internal.command.DbMigrate      : Migrating schema "public" to version "10 - managed runtime context"
2026-10-02T01:23:54.288Z  INFO 479 --- [qwen-managed-agent-server] [           main] o.f.core.internal.command.DbMigrate      : Migrating schema "public" to version "11 - workspace execution"
2026-10-02T01:23:54.289Z  INFO 479 --- [qwen-managed-agent-server] [           main] o.f.core.internal.command.DbMigrate      : Migrating schema "public" to version "12 - runtime broker schema alignment"
2026-10-02T01:23:54.291Z  INFO 479 --- [qwen-managed-agent-server] [           main] o.f.core.internal.command.DbMigrate      : Migrating schema "public" to version "13 - managed session agent revision"
2026-10-02T01:23:54.293Z  INFO 479 --- [qwen-managed-agent-server] [           main] o.f.core.internal.command.DbMigrate      : Migrating schema "public" to version "14 - managed event replay"
2026-10-02T01:23:54.295Z  INFO 479 --- [qwen-managed-agent-server] [           main] o.f.core.internal.command.DbMigrate      : Migrating schema "public" to version "15 - managed event identity"
2026-10-02T01:23:54.296Z  INFO 479 --- [qwen-managed-agent-server] [           main] o.f.core.internal.command.DbMigrate      : Migrating schema "public" to version "16 - runtime loss evidence"
2026-10-02T01:23:54.299Z  INFO 479 --- [qwen-managed-agent-server] [           main] o.f.core.internal.command.DbMigrate      : Migrating schema "public" to version "17 - managed session operation"
2026-10-02T01:23:54.300Z  INFO 479 --- [qwen-managed-agent-server] [           main] o.f.core.internal.command.DbMigrate      : Migrating schema "public" to version "18 - managed extension record"
2026-10-02T01:23:54.302Z  INFO 479 --- [qwen-managed-agent-server] [           main] o.f.core.internal.command.DbMigrate      : Migrating schema "public" to version "19 - workspace operator recovery"
2026-10-02T01:23:54.304Z  INFO 479 --- [qwen-managed-agent-server] [           main] o.f.core.internal.command.DbMigrate      : Migrating schema "public" to version "20 - managed tool publication"
2026-10-02T01:23:54.305Z  INFO 479 --- [qwen-managed-agent-server] [           main] o.f.core.internal.command.DbMigrate      : Migrating schema "public" to version "21 - managed tool publication objects"
2026-10-02T01:23:54.311Z  INFO 479 --- [qwen-managed-agent-server] [           main] o.f.core.internal.command.DbMigrate      : Migrating schema "public" to version "22 - managed tool publication recovery"
2026-10-02T01:23:54.312Z  INFO 479 --- [qwen-managed-agent-server] [           main] o.f.core.internal.command.DbMigrate      : Migrating schema "public" to version "23 - managed mcp records"
2026-10-02T01:23:54.313Z  INFO 479 --- [qwen-managed-agent-server] [           main] o.f.core.internal.command.DbMigrate      : Migrating schema "public" to version "24 - managed actions"
2026-10-02T01:23:54.317Z  INFO 479 --- [qwen-managed-agent-server] [           main] o.f.core.internal.command.DbMigrate      : Migrating schema "public" to version "25 - verified workspace mount"
2026-10-02T01:23:54.320Z  INFO 479 --- [qwen-managed-agent-server] [           main] o.f.core.internal.command.DbMigrate      : Migrating schema "public" to version "26 - managed tool result projection"
2026-10-02T01:23:54.322Z  INFO 479 --- [qwen-managed-agent-server] [           main] o.f.core.internal.command.DbMigrate      : Migrating schema "public" to version "27 - managed hook records"
2026-10-02T01:23:54.323Z  INFO 479 --- [qwen-managed-agent-server] [           main] o.f.core.internal.command.DbMigrate      : Migrating schema "public" to version "28 - workspace recovery bundle"
2026-10-02T01:23:54.324Z  INFO 479 --- [qwen-managed-agent-server] [           main] o.f.core.internal.command.DbMigrate      : Successfully applied 28 migrations to schema "public", now at version v28 (execution time 00:00.023s)
2026-10-02T01:23:54.355Z  INFO 479 --- [qwen-managed-agent-server] [           main] org.flywaydb.core.FlywayExecutor         : Database: jdbc:h2:mem:publication-6d77d8fe-33be-435b-aa9c-0123a11a810a (H2 2.3)
2026-10-02T01:23:54.359Z  INFO 479 --- [qwen-managed-agent-server] [           main] o.f.c.i.s.JdbcTableSchemaHistory         : Schema history table "public"."flyway_schema_history" does not exist yet
2026-10-02T01:23:54.359Z  INFO 479 --- [qwen-managed-agent-server] [           main] o.f.core.internal.command.DbValidate     : Successfully validated 28 migrations (execution time 00:00.002s)
2026-10-02T01:23:54.359Z  INFO 479 --- [qwen-managed-agent-server] [           main] o.f.c.i.s.JdbcTableSchemaHistory         : Creating Schema History table "public"."flyway_schema_history" ...
2026-10-02T01:23:54.360Z  INFO 479 --- [qwen-managed-agent-server] [           main] o.f.core.internal.command.DbMigrate      : Current version of schema "public": << Empty Schema >>
2026-10-02T01:23:54.361Z  INFO 479 --- [qwen-managed-agent-server] [           main] o.f.core.internal.command.DbMigrate      : Migrating schema "public" to version "1 - managed agent core"
2026-10-02T01:23:54.364Z  INFO 479 --- [qwen-managed-agent-server] [           main] o.f.core.internal.command.DbMigrate      : Migrating schema "public" to version "2 - managed agent projection"
2026-10-02T01:23:54.370Z  INFO 479 --- [qwen-managed-agent-server] [           main] o.f.core.internal.command.DbMigrate      : Migrating schema "public" to version "3 - runtime broker"
2026-10-02T01:23:54.372Z  INFO 479 --- [qwen-managed-agent-server] [           main] o.f.core.internal.command.DbMigrate      : Migrating schema "public" to version "4 - managed session store"
2026-10-02T01:23:54.373Z  INFO 479 --- [qwen-managed-agent-server] [           main] o.f.core.internal.command.DbMigrate      : Migrating schema "public" to version "5 - managed session lifecycle"
2026-10-02T01:23:54.375Z  INFO 479 --- [qwen-managed-agent-server] [           main] o.f.core.internal.command.DbMigrate      : Migrating schema "public" to version "6 - managed turn retry"
2026-10-02T01:23:54.376Z  INFO 479 --- [qwen-managed-agent-server] [           main] o.f.core.internal.command.DbMigrate      : Migrating schema "public" to version "7 - managed workspace binding"
2026-10-02T01:23:54.385Z  INFO 479 --- [qwen-managed-agent-server] [           main] o.f.core.internal.command.DbMigrate      : Migrating schema "public" to version "8 - managed workspace registry"
2026-10-02T01:23:54.387Z  INFO 479 --- [qwen-managed-agent-server] [           main] o.f.core.internal.command.DbMigrate      : Migrating schema "public" to version "9 - managed workspace creation command"
2026-10-02T01:23:54.388Z  INFO 479 --- [qwen-managed-agent-server] [           main] o.f.core.internal.command.DbMigrate      : Migrating schema "public" to version "10 - managed runtime context"
2026-10-02T01:23:54.390Z  INFO 479 --- [qwen-managed-agent-server] [           main] o.f.core.internal.command.DbMigrate      : Migrating schema "public" to version "11 - workspace execution"
2026-10-02T01:23:54.391Z  INFO 479 --- [qwen-managed-agent-server] [           main] o.f.core.internal.command.DbMigrate      : Migrating schema "public" to version "12 - runtime broker schema alignment"
2026-10-02T01:23:54.393Z  INFO 479 --- [qwen-managed-agent-server] [           main] o.f.core.internal.command.DbMigrate      : Migrating schema "public" to version "13 - managed session agent revision"
2026-10-02T01:23:54.395Z  INFO 479 --- [qwen-managed-agent-server] [           main] o.f.core.internal.command.DbMigrate      : Migrating schema "public" to version "14 - managed event replay"
2026-10-02T01:23:54.398Z  INFO 479 --- [qwen-managed-agent-server] [           main] o.f.core.internal.command.DbMigrate      : Migrating schema "public" to version "15 - managed event identity"
2026-10-02T01:23:54.399Z  INFO 479 --- [qwen-managed-agent-server] [           main] o.f.core.internal.command.DbMigrate      : Migrating schema "public" to version "16 - runtime loss evidence"
2026-10-02T01:23:54.402Z  INFO 479 --- [qwen-managed-agent-server] [           main] o.f.core.internal.command.DbMigrate      : Migrating schema "public" to version "17 - managed session operation"
2026-10-02T01:23:54.404Z  INFO 479 --- [qwen-managed-agent-server] [           main] o.f.core.internal.command.DbMigrate      : Migrating schema "public" to version "18 - managed extension record"
2026-10-02T01:23:54.405Z  INFO 479 --- [qwen-managed-agent-server] [           main] o.f.core.internal.command.DbMigrate      : Migrating schema "public" to version "19 - workspace operator recovery"
2026-10-02T01:23:54.406Z  INFO 479 --- [qwen-managed-agent-server] [           main] o.f.core.internal.command.DbMigrate      : Migrating schema "public" to version "20 - managed tool publication"
2026-10-02T01:23:54.408Z  INFO 479 --- [qwen-managed-agent-server] [           main] o.f.core.internal.command.DbMigrate      : Migrating schema "public" to version "21 - managed tool publication objects"
2026-10-02T01:23:54.421Z  INFO 479 --- [qwen-managed-agent-server] [           main] o.f.core.internal.command.DbMigrate      : Migrating schema "public" to version "22 - managed tool publication recovery"
2026-10-02T01:23:54.422Z  INFO 479 --- [qwen-managed-agent-server] [           main] o.f.core.internal.command.DbMigrate      : Migrating schema "public" to version "23 - managed mcp records"
2026-10-02T01:23:54.422Z  INFO 479 --- [qwen-managed-agent-server] [           main] o.f.core.internal.command.DbMigrate      : Migrating schema "public" to version "24 - managed actions"
2026-10-02T01:23:54.426Z  INFO 479 --- [qwen-managed-agent-server] [           main] o.f.core.internal.command.DbMigrate      : Migrating schema "public" to version "25 - verified workspace mount"
2026-10-02T01:23:54.428Z  INFO 479 --- [qwen-managed-agent-server] [           main] o.f.core.internal.command.DbMigrate      : Migrating schema "public" to version "26 - managed tool result projection"
2026-10-02T01:23:54.430Z  INFO 479 --- [qwen-managed-agent-server] [           main] o.f.core.internal.command.DbMigrate      : Migrating schema "public" to version "27 - managed hook records"
2026-10-02T01:23:54.431Z  INFO 479 --- [qwen-managed-agent-server] [           main] o.f.core.internal.command.DbMigrate      : Migrating schema "public" to version "28 - workspace recovery bundle"
2026-10-02T01:23:54.451Z  INFO 479 --- [qwen-managed-agent-server] [           main] o.f.core.internal.command.DbMigrate      : Successfully applied 28 migrations to schema "public", now at version v28 (execution time 00:00.053s)
2026-10-02T01:23:54.467Z  INFO 479 --- [qwen-managed-agent-server] [           main] org.flywaydb.core.FlywayExecutor         : Database: jdbc:h2:mem:publication-b5c46b5f-ce2f-48de-8349-f1b76df24052 (H2 2.3)
2026-10-02T01:23:54.470Z  INFO 479 --- [qwen-managed-agent-server] [           main] o.f.c.i.s.JdbcTableSchemaHistory         : Schema history table "public"."flyway_schema_history" does not exist yet
2026-10-02T01:23:54.470Z  INFO 479 --- [qwen-managed-agent-server] [           main] o.f.core.internal.command.DbValidate     : Successfully validated 28 migrations (execution time 00:00.002s)
2026-10-02T01:23:54.470Z  INFO 479 --- [qwen-managed-agent-server] [           main] o.f.c.i.s.JdbcTableSchemaHistory         : Creating Schema History table "public"."flyway_schema_history" ...
2026-10-02T01:23:54.471Z  INFO 479 --- [qwen-managed-agent-server] [           main] o.f.core.internal.command.DbMigrate      : Current version of schema "public": << Empty Schema >>
2026-10-02T01:23:54.472Z  INFO 479 --- [qwen-managed-agent-server] [           main] o.f.core.internal.command.DbMigrate      : Migrating schema "public" to version "1 - managed agent core"
2026-10-02T01:23:54.473Z  INFO 479 --- [qwen-managed-agent-server] [           main] o.f.core.internal.command.DbMigrate      : Migrating schema "public" to version "2 - managed agent projection"
2026-10-02T01:23:54.475Z  INFO 479 --- [qwen-managed-agent-server] [           main] o.f.core.internal.command.DbMigrate      : Migrating schema "public" to version "3 - runtime broker"
2026-10-02T01:23:54.477Z  INFO 479 --- [qwen-managed-agent-server] [           main] o.f.core.internal.command.DbMigrate      : Migrating schema "public" to version "4 - managed session store"
2026-10-02T01:23:54.478Z  INFO 479 --- [qwen-managed-agent-server] [           main] o.f.core.internal.command.DbMigrate      : Migrating schema "public" to version "5 - managed session lifecycle"
2026-10-02T01:23:54.480Z  INFO 479 --- [qwen-managed-agent-server] [           main] o.f.core.internal.command.DbMigrate      : Migrating schema "public" to version "6 - managed turn retry"
2026-10-02T01:23:54.481Z  INFO 479 --- [qwen-managed-agent-server] [           main] o.f.core.internal.command.DbMigrate      : Migrating schema "public" to version "7 - managed workspace binding"
2026-10-02T01:23:54.487Z  INFO 479 --- [qwen-managed-agent-server] [           main] o.f.core.internal.command.DbMigrate      : Migrating schema "public" to version "8 - managed workspace registry"
2026-10-02T01:23:54.495Z  INFO 479 --- [qwen-managed-agent-server] [           main] o.f.core.internal.command.DbMigrate      : Migrating schema "public" to version "9 - managed workspace creation command"
2026-10-02T01:23:54.496Z  INFO 479 --- [qwen-managed-agent-server] [           main] o.f.core.internal.command.DbMigrate      : Migrating schema "public" to version "10 - managed runtime context"
2026-10-02T01:23:54.498Z  INFO 479 --- [qwen-managed-agent-server] [           main] o.f.core.internal.command.DbMigrate      : Migrating schema "public" to version "11 - workspace execution"
2026-10-02T01:23:54.499Z  INFO 479 --- [qwen-managed-agent-server] [           main] o.f.core.internal.command.DbMigrate      : Migrating schema "public" to version "12 - runtime broker schema alignment"
2026-10-02T01:23:54.501Z  INFO 479 --- [qwen-managed-agent-server] [           main] o.f.core.internal.command.DbMigrate      : Migrating schema "public" to version "13 - managed session agent revision"
2026-10-02T01:23:54.503Z  INFO 479 --- [qwen-managed-agent-server] [           main] o.f.core.internal.command.DbMigrate      : Migrating schema "public" to version "14 - managed event replay"
2026-10-02T01:23:54.505Z  INFO 479 --- [qwen-managed-agent-server] [           main] o.f.core.internal.command.DbMigrate      : Migrating schema "public" to version "15 - managed event identity"
2026-10-02T01:23:54.506Z  INFO 479 --- [qwen-managed-agent-server] [           main] o.f.core.internal.command.DbMigrate      : Migrating schema "public" to version "16 - runtime loss evidence"
2026-10-02T01:23:54.509Z  INFO 479 --- [qwen-managed-agent-server] [           main] o.f.core.internal.command.DbMigrate      : Migrating schema "public" to version "17 - managed session operation"
2026-10-02T01:23:54.510Z  INFO 479 --- [qwen-managed-agent-server] [           main] o.f.core.internal.command.DbMigrate      : Migrating schema "public" to version "18 - managed extension record"
2026-10-02T01:23:54.511Z  INFO 479 --- [qwen-managed-agent-server] [           main] o.f.core.internal.command.DbMigrate      : Migrating schema "public" to version "19 - workspace operator recovery"
2026-10-02T01:23:54.512Z  INFO 479 --- [qwen-managed-agent-server] [           main] o.f.core.internal.command.DbMigrate      : Migrating schema "public" to version "20 - managed tool publication"
2026-10-02T01:23:54.513Z  INFO 479 --- [qwen-managed-agent-server] [           main] o.f.core.internal.command.DbMigrate      : Migrating schema "public" to version "21 - managed tool publication objects"
2026-10-02T01:23:54.519Z  INFO 479 --- [qwen-managed-agent-server] [           main] o.f.core.internal.command.DbMigrate      : Migrating schema "public" to version "22 - managed tool publication recovery"
2026-10-02T01:23:54.525Z  INFO 479 --- [qwen-managed-agent-server] [           main] o.f.core.internal.command.DbMigrate      : Migrating schema "public" to version "23 - managed mcp records"
2026-10-02T01:23:54.533Z  INFO 479 --- [qwen-managed-agent-server] [           main] o.f.core.internal.command.DbMigrate      : Migrating schema "public" to version "24 - managed actions"
2026-10-02T01:23:54.538Z  INFO 479 --- [qwen-managed-agent-server] [           main] o.f.core.internal.command.DbMigrate      : Migrating schema "public" to version "25 - verified workspace mount"
2026-10-02T01:23:54.542Z  INFO 479 --- [qwen-managed-agent-server] [           main] o.f.core.internal.command.DbMigrate      : Migrating schema "public" to version "26 - managed tool result projection"
2026-10-02T01:23:54.545Z  INFO 479 --- [qwen-managed-agent-server] [           main] o.f.core.internal.command.DbMigrate      : Migrating schema "public" to version "27 - managed hook records"
2026-10-02T01:23:54.546Z  INFO 479 --- [qwen-managed-agent-server] [           main] o.f.core.internal.command.DbMigrate      : Migrating schema "public" to version "28 - workspace recovery bundle"
2026-10-02T01:23:54.547Z  INFO 479 --- [qwen-managed-agent-server] [           main] o.f.core.internal.command.DbMigrate      : Successfully applied 28 migrations to schema "public", now at version v28 (execution time 00:00.026s)
2026-10-02T01:23:54.653Z  INFO 479 --- [qwen-managed-agent-server] [           main] org.flywaydb.core.FlywayExecutor         : Database: jdbc:h2:mem:publication-a7b20d98-dd54-436c-9e7a-75639536a338 (H2 2.3)
2026-10-02T01:23:54.657Z  INFO 479 --- [qwen-managed-agent-server] [           main] o.f.c.i.s.JdbcTableSchemaHistory         : Schema history table "public"."flyway_schema_history" does not exist yet
2026-10-02T01:23:54.657Z  INFO 479 --- [qwen-managed-agent-server] [           main] o.f.core.internal.command.DbValidate     : Successfully validated 28 migrations (execution time 00:00.002s)
2026-10-02T01:23:54.657Z  INFO 479 --- [qwen-managed-agent-server] [           main] o.f.c.i.s.JdbcTableSchemaHistory         : Creating Schema History table "public"."flyway_schema_history" ...
2026-10-02T01:23:54.659Z  INFO 479 --- [qwen-managed-agent-server] [           main] o.f.core.internal.command.DbMigrate      : Current version of schema "public": << Empty Schema >>
2026-10-02T01:23:54.659Z  INFO 479 --- [qwen-managed-agent-server] [           main] o.f.core.internal.command.DbMigrate      : Migrating schema "public" to version "1 - managed agent core"
2026-10-02T01:23:54.661Z  INFO 479 --- [qwen-managed-agent-server] [           main] o.f.core.internal.command.DbMigrate      : Migrating schema "public" to version "2 - managed agent projection"
2026-10-02T01:23:54.663Z  INFO 479 --- [qwen-managed-agent-server] [           main] o.f.core.internal.command.DbMigrate      : Migrating schema "public" to version "3 - runtime broker"
2026-10-02T01:23:54.665Z  INFO 479 --- [qwen-managed-agent-server] [           main] o.f.core.internal.command.DbMigrate      : Migrating schema "public" to version "4 - managed session store"
2026-10-02T01:23:54.666Z  INFO 479 --- [qwen-managed-agent-server] [           main] o.f.core.internal.command.DbMigrate      : Migrating schema "public" to version "5 - managed session lifecycle"
2026-10-02T01:23:54.668Z  INFO 479 --- [qwen-managed-agent-server] [           main] o.f.core.internal.command.DbMigrate      : Migrating schema "public" to version "6 - managed turn retry"
2026-10-02T01:23:54.670Z  INFO 479 --- [qwen-managed-agent-server] [           main] o.f.core.internal.command.DbMigrate      : Migrating schema "public" to version "7 - managed workspace binding"
2026-10-02T01:23:54.675Z  INFO 479 --- [qwen-managed-agent-server] [           main] o.f.core.internal.command.DbMigrate      : Migrating schema "public" to version "8 - managed workspace registry"
2026-10-02T01:23:54.676Z  INFO 479 --- [qwen-managed-agent-server] [           main] o.f.core.internal.command.DbMigrate      : Migrating schema "public" to version "9 - managed workspace creation command"
2026-10-02T01:23:54.678Z  INFO 479 --- [qwen-managed-agent-server] [           main] o.f.core.internal.command.DbMigrate      : Migrating schema "public" to version "10 - managed runtime context"
2026-10-02T01:23:54.687Z  INFO 479 --- [qwen-managed-agent-server] [           main] o.f.core.internal.command.DbMigrate      : Migrating schema "public" to version "11 - workspace execution"
2026-10-02T01:23:54.689Z  INFO 479 --- [qwen-managed-agent-server] [           main] o.f.core.internal.command.DbMigrate      : Migrating schema "public" to version "12 - runtime broker schema alignment"
2026-10-02T01:23:54.691Z  INFO 479 --- [qwen-managed-agent-server] [           main] o.f.core.internal.command.DbMigrate      : Migrating schema "public" to version "13 - managed session agent revision"
2026-10-02T01:23:54.693Z  INFO 479 --- [qwen-managed-agent-server] [           main] o.f.core.internal.command.DbMigrate      : Migrating schema "public" to version "14 - managed event replay"
2026-10-02T01:23:54.696Z  INFO 479 --- [qwen-managed-agent-server] [           main] o.f.core.internal.command.DbMigrate      : Migrating schema "public" to version "15 - managed event identity"
2026-10-02T01:23:54.697Z  INFO 479 --- [qwen-managed-agent-server] [           main] o.f.core.internal.command.DbMigrate      : Migrating schema "public" to version "16 - runtime loss evidence"
2026-10-02T01:23:54.699Z  INFO 479 --- [qwen-managed-agent-server] [           main] o.f.core.internal.command.DbMigrate      : Migrating schema "public" to version "17 - managed session operation"
2026-10-02T01:23:54.701Z  INFO 479 --- [qwen-managed-agent-server] [           main] o.f.core.internal.command.DbMigrate      : Migrating schema "public" to version "18 - managed extension record"
2026-10-02T01:23:54.701Z  INFO 479 --- [qwen-managed-agent-server] [           main] o.f.core.internal.command.DbMigrate      : Migrating schema "public" to version "19 - workspace operator recovery"
2026-10-02T01:23:54.702Z  INFO 479 --- [qwen-managed-agent-server] [           main] o.f.core.internal.command.DbMigrate      : Migrating schema "public" to version "20 - managed tool publication"
2026-10-02T01:23:54.703Z  INFO 479 --- [qwen-managed-agent-server] [           main] o.f.core.internal.command.DbMigrate      : Migrating schema "public" to version "21 - managed tool publication objects"
2026-10-02T01:23:54.709Z  INFO 479 --- [qwen-managed-agent-server] [           main] o.f.core.internal.command.DbMigrate      : Migrating schema "public" to version "22 - managed tool publication recovery"
2026-10-02T01:23:54.710Z  INFO 479 --- [qwen-managed-agent-server] [           main] o.f.core.internal.command.DbMigrate      : Migrating schema "public" to version "23 - managed mcp records"
2026-10-02T01:23:54.711Z  INFO 479 --- [qwen-managed-agent-server] [           main] o.f.core.internal.command.DbMigrate      : Migrating schema "public" to version "24 - managed actions"
2026-10-02T01:23:54.714Z  INFO 479 --- [qwen-managed-agent-server] [           main] o.f.core.internal.command.DbMigrate      : Migrating schema "public" to version "25 - verified workspace mount"
2026-10-02T01:23:54.719Z  INFO 479 --- [qwen-managed-agent-server] [           main] o.f.core.internal.command.DbMigrate      : Migrating schema "public" to version "26 - managed tool result projection"
2026-10-02T01:23:54.721Z  INFO 479 --- [qwen-managed-agent-server] [           main] o.f.core.internal.command.DbMigrate      : Migrating schema "public" to version "27 - managed hook records"
2026-10-02T01:23:54.723Z  INFO 479 --- [qwen-managed-agent-server] [           main] o.f.core.internal.command.DbMigrate      : Migrating schema "public" to version "28 - workspace recovery bundle"
2026-10-02T01:23:54.724Z  INFO 479 --- [qwen-managed-agent-server] [           main] o.f.core.internal.command.DbMigrate      : Successfully applied 28 migrations to schema "public", now at version v28 (execution time 00:00.028s)
2026-10-02T01:23:54.742Z  INFO 479 --- [qwen-managed-agent-server] [           main] org.flywaydb.core.FlywayExecutor         : Database: jdbc:h2:mem:publication-5adedbc8-f7d5-4e69-895f-5aff0fccbc03 (H2 2.3)
2026-10-02T01:23:54.745Z  INFO 479 --- [qwen-managed-agent-server] [           main] o.f.c.i.s.JdbcTableSchemaHistory         : Schema history table "public"."flyway_schema_history" does not exist yet
2026-10-02T01:23:54.745Z  INFO 479 --- [qwen-managed-agent-server] [           main] o.f.core.internal.command.DbValidate     : Successfully validated 28 migrations (execution time 00:00.002s)
2026-10-02T01:23:54.746Z  INFO 479 --- [qwen-managed-agent-server] [           main] o.f.c.i.s.JdbcTableSchemaHistory         : Creating Schema History table "public"."flyway_schema_history" ...
2026-10-02T01:23:54.746Z  INFO 479 --- [qwen-managed-agent-server] [           main] o.f.core.internal.command.DbMigrate      : Current version of schema "public": << Empty Schema >>
2026-10-02T01:23:54.747Z  INFO 479 --- [qwen-managed-agent-server] [           main] o.f.core.internal.command.DbMigrate      : Migrating schema "public" to version "1 - managed agent core"
2026-10-02T01:23:54.749Z  INFO 479 --- [qwen-managed-agent-server] [           main] o.f.core.internal.command.DbMigrate      : Migrating schema "public" to version "2 - managed agent projection"
2026-10-02T01:23:54.751Z  INFO 479 --- [qwen-managed-agent-server] [           main] o.f.core.internal.command.DbMigrate      : Migrating schema "public" to version "3 - runtime broker"
2026-10-02T01:23:54.752Z  INFO 479 --- [qwen-managed-agent-server] [           main] o.f.core.internal.command.DbMigrate      : Migrating schema "public" to version "4 - managed session store"
2026-10-02T01:23:54.753Z  INFO 479 --- [qwen-managed-agent-server] [           main] o.f.core.internal.command.DbMigrate      : Migrating schema "public" to version "5 - managed session lifecycle"
2026-10-02T01:23:54.755Z  INFO 479 --- [qwen-managed-agent-server] [           main] o.f.core.internal.command.DbMigrate      : Migrating schema "public" to version "6 - managed turn retry"
2026-10-02T01:23:54.757Z  INFO 479 --- [qwen-managed-agent-server] [           main] o.f.core.internal.command.DbMigrate      : Migrating schema "public" to version "7 - managed workspace binding"
2026-10-02T01:23:54.761Z  INFO 479 --- [qwen-managed-agent-server] [           main] o.f.core.internal.command.DbMigrate      : Migrating schema "public" to version "8 - managed workspace registry"
2026-10-02T01:23:54.762Z  INFO 479 --- [qwen-managed-agent-server] [           main] o.f.core.internal.command.DbMigrate      : Migrating schema "public" to version "9 - managed workspace creation command"
2026-10-02T01:23:54.763Z  INFO 479 --- [qwen-managed-agent-server] [           main] o.f.core.internal.command.DbMigrate      : Migrating schema "public" to version "10 - managed runtime context"
2026-10-02T01:23:54.764Z  INFO 479 --- [qwen-managed-agent-server] [           main] o.f.core.internal.command.DbMigrate      : Migrating schema "public" to version "11 - workspace execution"
2026-10-02T01:23:54.766Z  INFO 479 --- [qwen-managed-agent-server] [           main] o.f.core.internal.command.DbMigrate      : Migrating schema "public" to version "12 - runtime broker schema alignment"
2026-10-02T01:23:54.768Z  INFO 479 --- [qwen-managed-agent-server] [           main] o.f.core.internal.command.DbMigrate      : Migrating schema "public" to version "13 - managed session agent revision"
2026-10-02T01:23:54.770Z  INFO 479 --- [qwen-managed-agent-server] [           main] o.f.core.internal.command.DbMigrate      : Migrating schema "public" to version "14 - managed event replay"
2026-10-02T01:23:54.772Z  INFO 479 --- [qwen-managed-agent-server] [           main] o.f.core.internal.command.DbMigrate      : Migrating schema "public" to version "15 - managed event identity"
2026-10-02T01:23:54.773Z  INFO 479 --- [qwen-managed-agent-server] [           main] o.f.core.internal.command.DbMigrate      : Migrating schema "public" to version "16 - runtime loss evidence"
2026-10-02T01:23:54.775Z  INFO 479 --- [qwen-managed-agent-server] [           main] o.f.core.internal.command.DbMigrate      : Migrating schema "public" to version "17 - managed session operation"
2026-10-02T01:23:54.776Z  INFO 479 --- [qwen-managed-agent-server] [           main] o.f.core.internal.command.DbMigrate      : Migrating schema "public" to version "18 - managed extension record"
2026-10-02T01:23:54.777Z  INFO 479 --- [qwen-managed-agent-server] [           main] o.f.core.internal.command.DbMigrate      : Migrating schema "public" to version "19 - workspace operator recovery"
2026-10-02T01:23:54.778Z  INFO 479 --- [qwen-managed-agent-server] [           main] o.f.core.internal.command.DbMigrate      : Migrating schema "public" to version "20 - managed tool publication"
2026-10-02T01:23:54.779Z  INFO 479 --- [qwen-managed-agent-server] [           main] o.f.core.internal.command.DbMigrate      : Migrating schema "public" to version "21 - managed tool publication objects"
2026-10-02T01:23:54.785Z  INFO 479 --- [qwen-managed-agent-server] [           main] o.f.core.internal.command.DbMigrate      : Migrating schema "public" to version "22 - managed tool publication recovery"
2026-10-02T01:23:54.786Z  INFO 479 --- [qwen-managed-agent-server] [           main] o.f.core.internal.command.DbMigrate      : Migrating schema "public" to version "23 - managed mcp records"
2026-10-02T01:23:54.787Z  INFO 479 --- [qwen-managed-agent-server] [           main] o.f.core.internal.command.DbMigrate      : Migrating schema "public" to version "24 - managed actions"
2026-10-02T01:23:54.790Z  INFO 479 --- [qwen-managed-agent-server] [           main] o.f.core.internal.command.DbMigrate      : Migrating schema "public" to version "25 - verified workspace mount"
2026-10-02T01:23:54.793Z  INFO 479 --- [qwen-managed-agent-server] [           main] o.f.core.internal.command.DbMigrate      : Migrating schema "public" to version "26 - managed tool result projection"
2026-10-02T01:23:54.795Z  INFO 479 --- [qwen-managed-agent-server] [           main] o.f.core.internal.command.DbMigrate      : Migrating schema "public" to version "27 - managed hook records"
2026-10-02T01:23:54.796Z  INFO 479 --- [qwen-managed-agent-server] [           main] o.f.core.internal.command.DbMigrate      : Migrating schema "public" to version "28 - workspace recovery bundle"
2026-10-02T01:23:54.798Z  INFO 479 --- [qwen-managed-agent-server] [           main] o.f.core.internal.command.DbMigrate      : Successfully applied 28 migrations to schema "public", now at version v28 (execution time 00:00.019s)
2026-10-02T01:23:54.822Z  INFO 479 --- [qwen-managed-agent-server] [           main] org.flywaydb.core.FlywayExecutor         : Database: jdbc:h2:mem:publication-735dac7a-d158-4556-aef7-9e79c214c574 (H2 2.3)
2026-10-02T01:23:54.825Z  INFO 479 --- [qwen-managed-agent-server] [           main] o.f.c.i.s.JdbcTableSchemaHistory         : Schema history table "public"."flyway_schema_history" does not exist yet
2026-10-02T01:23:54.825Z  INFO 479 --- [qwen-managed-agent-server] [           main] o.f.core.internal.command.DbValidate     : Successfully validated 28 migrations (execution time 00:00.002s)
2026-10-02T01:23:54.825Z  INFO 479 --- [qwen-managed-agent-server] [           main] o.f.c.i.s.JdbcTableSchemaHistory         : Creating Schema History table "public"."flyway_schema_history" ...
2026-10-02T01:23:54.826Z  INFO 479 --- [qwen-managed-agent-server] [           main] o.f.core.internal.command.DbMigrate      : Current version of schema "public": << Empty Schema >>
2026-10-02T01:23:54.827Z  INFO 479 --- [qwen-managed-agent-server] [           main] o.f.core.internal.command.DbMigrate      : Migrating schema "public" to version "1 - managed agent core"
2026-10-02T01:23:54.828Z  INFO 479 --- [qwen-managed-agent-server] [           main] o.f.core.internal.command.DbMigrate      : Migrating schema "public" to version "2 - managed agent projection"
2026-10-02T01:23:54.830Z  INFO 479 --- [qwen-managed-agent-server] [           main] o.f.core.internal.command.DbMigrate      : Migrating schema "public" to version "3 - runtime broker"
2026-10-02T01:23:54.831Z  INFO 479 --- [qwen-managed-agent-server] [           main] o.f.core.internal.command.DbMigrate      : Migrating schema "public" to version "4 - managed session store"
2026-10-02T01:23:54.832Z  INFO 479 --- [qwen-managed-agent-server] [           main] o.f.core.internal.command.DbMigrate      : Migrating schema "public" to version "5 - managed session lifecycle"
2026-10-02T01:23:54.834Z  INFO 479 --- [qwen-managed-agent-server] [           main] o.f.core.internal.command.DbMigrate      : Migrating schema "public" to version "6 - managed turn retry"
2026-10-02T01:23:54.836Z  INFO 479 --- [qwen-managed-agent-server] [           main] o.f.core.internal.command.DbMigrate      : Migrating schema "public" to version "7 - managed workspace binding"
2026-10-02T01:23:54.842Z  INFO 479 --- [qwen-managed-agent-server] [           main] o.f.core.internal.command.DbMigrate      : Migrating schema "public" to version "8 - managed workspace registry"
2026-10-02T01:23:54.843Z  INFO 479 --- [qwen-managed-agent-server] [           main] o.f.core.internal.command.DbMigrate      : Migrating schema "public" to version "9 - managed workspace creation command"
2026-10-02T01:23:54.843Z  INFO 479 --- [qwen-managed-agent-server] [           main] o.f.core.internal.command.DbMigrate      : Migrating schema "public" to version "10 - managed runtime context"
2026-10-02T01:23:54.845Z  INFO 479 --- [qwen-managed-agent-server] [           main] o.f.core.internal.command.DbMigrate      : Migrating schema "public" to version "11 - workspace execution"
2026-10-02T01:23:54.846Z  INFO 479 --- [qwen-managed-agent-server] [           main] o.f.core.internal.command.DbMigrate      : Migrating schema "public" to version "12 - runtime broker schema alignment"
2026-10-02T01:23:54.848Z  INFO 479 --- [qwen-managed-agent-server] [           main] o.f.core.internal.command.DbMigrate      : Migrating schema "public" to version "13 - managed session agent revision"
2026-10-02T01:23:54.849Z  INFO 479 --- [qwen-managed-agent-server] [           main] o.f.core.internal.command.DbMigrate      : Migrating schema "public" to version "14 - managed event replay"
2026-10-02T01:23:54.852Z  INFO 479 --- [qwen-managed-agent-server] [           main] o.f.core.internal.command.DbMigrate      : Migrating schema "public" to version "15 - managed event identity"
2026-10-02T01:23:54.853Z  INFO 479 --- [qwen-managed-agent-server] [           main] o.f.core.internal.command.DbMigrate      : Migrating schema "public" to version "16 - runtime loss evidence"
2026-10-02T01:23:54.857Z  INFO 479 --- [qwen-managed-agent-server] [           main] o.f.core.internal.command.DbMigrate      : Migrating schema "public" to version "17 - managed session operation"
2026-10-02T01:23:54.858Z  INFO 479 --- [qwen-managed-agent-server] [           main] o.f.core.internal.command.DbMigrate      : Migrating schema "public" to version "18 - managed extension record"
2026-10-02T01:23:54.859Z  INFO 479 --- [qwen-managed-agent-server] [           main] o.f.core.internal.command.DbMigrate      : Migrating schema "public" to version "19 - workspace operator recovery"
2026-10-02T01:23:54.860Z  INFO 479 --- [qwen-managed-agent-server] [           main] o.f.core.internal.command.DbMigrate      : Migrating schema "public" to version "20 - managed tool publication"
2026-10-02T01:23:54.861Z  INFO 479 --- [qwen-managed-agent-server] [           main] o.f.core.internal.command.DbMigrate      : Migrating schema "public" to version "21 - managed tool publication objects"
2026-10-02T01:23:54.867Z  INFO 479 --- [qwen-managed-agent-server] [           main] o.f.core.internal.command.DbMigrate      : Migrating schema "public" to version "22 - managed tool publication recovery"
2026-10-02T01:23:54.868Z  INFO 479 --- [qwen-managed-agent-server] [           main] o.f.core.internal.command.DbMigrate      : Migrating schema "public" to version "23 - managed mcp records"
2026-10-02T01:23:54.869Z  INFO 479 --- [qwen-managed-agent-server] [           main] o.f.core.internal.command.DbMigrate      : Migrating schema "public" to version "24 - managed actions"
2026-10-02T01:23:54.872Z  INFO 479 --- [qwen-managed-agent-server] [           main] o.f.core.internal.command.DbMigrate      : Migrating schema "public" to version "25 - verified workspace mount"
2026-10-02T01:23:54.875Z  INFO 479 --- [qwen-managed-agent-server] [           main] o.f.core.internal.command.DbMigrate      : Migrating schema "public" to version "26 - managed tool result projection"
2026-10-02T01:23:54.877Z  INFO 479 --- [qwen-managed-agent-server] [           main] o.f.core.internal.command.DbMigrate      : Migrating schema "public" to version "27 - managed hook records"
2026-10-02T01:23:54.878Z  INFO 479 --- [qwen-managed-agent-server] [           main] o.f.core.internal.command.DbMigrate      : Migrating schema "public" to version "28 - workspace recovery bundle"
2026-10-02T01:23:54.879Z  INFO 479 --- [qwen-managed-agent-server] [           main] o.f.core.internal.command.DbMigrate      : Successfully applied 28 migrations to schema "public", now at version v28 (execution time 00:00.019s)
2026-10-02T01:23:54.886Z  INFO 479 --- [qwen-managed-agent-server] [           main] org.flywaydb.core.FlywayExecutor         : Database: jdbc:h2:mem:publication-e9c0eec2-bdb3-433f-87b2-ebe63c995ae3 (H2 2.3)
2026-10-02T01:23:54.900Z  INFO 479 --- [qwen-managed-agent-server] [           main] o.f.c.i.s.JdbcTableSchemaHistory         : Schema history table "public"."flyway_schema_history" does not exist yet
2026-10-02T01:23:54.900Z  INFO 479 --- [qwen-managed-agent-server] [           main] o.f.core.internal.command.DbValidate     : Successfully validated 28 migrations (execution time 00:00.013s)
2026-10-02T01:23:54.901Z  INFO 479 --- [qwen-managed-agent-server] [           main] o.f.c.i.s.JdbcTableSchemaHistory         : Creating Schema History table "public"."flyway_schema_history" ...
2026-10-02T01:23:54.902Z  INFO 479 --- [qwen-managed-agent-server] [           main] o.f.core.internal.command.DbMigrate      : Current version of schema "public": << Empty Schema >>
2026-10-02T01:23:54.902Z  INFO 479 --- [qwen-managed-agent-server] [           main] o.f.core.internal.command.DbMigrate      : Migrating schema "public" to version "1 - managed agent core"
2026-10-02T01:23:54.904Z  INFO 479 --- [qwen-managed-agent-server] [           main] o.f.core.internal.command.DbMigrate      : Migrating schema "public" to version "2 - managed agent projection"
2026-10-02T01:23:54.906Z  INFO 479 --- [qwen-managed-agent-server] [           main] o.f.core.internal.command.DbMigrate      : Migrating schema "public" to version "3 - runtime broker"
2026-10-02T01:23:54.907Z  INFO 479 --- [qwen-managed-agent-server] [           main] o.f.core.internal.command.DbMigrate      : Migrating schema "public" to version "4 - managed session store"
2026-10-02T01:23:54.908Z  INFO 479 --- [qwen-managed-agent-server] [           main] o.f.core.internal.command.DbMigrate      : Migrating schema "public" to version "5 - managed session lifecycle"
2026-10-02T01:23:54.909Z  INFO 479 --- [qwen-managed-agent-server] [           main] o.f.core.internal.command.DbMigrate      : Migrating schema "public" to version "6 - managed turn retry"
2026-10-02T01:23:54.911Z  INFO 479 --- [qwen-managed-agent-server] [           main] o.f.core.internal.command.DbMigrate      : Migrating schema "public" to version "7 - managed workspace binding"
2026-10-02T01:23:54.915Z  INFO 479 --- [qwen-managed-agent-server] [           main] o.f.core.internal.command.DbMigrate      : Migrating schema "public" to version "8 - managed workspace registry"
2026-10-02T01:23:54.917Z  INFO 479 --- [qwen-managed-agent-server] [           main] o.f.core.internal.command.DbMigrate      : Migrating schema "public" to version "9 - managed workspace creation command"
2026-10-02T01:23:54.917Z  INFO 479 --- [qwen-managed-agent-server] [           main] o.f.core.internal.command.DbMigrate      : Migrating schema "public" to version "10 - managed runtime context"
2026-10-02T01:23:54.918Z  INFO 479 --- [qwen-managed-agent-server] [           main] o.f.core.internal.command.DbMigrate      : Migrating schema "public" to version "11 - workspace execution"
2026-10-02T01:23:54.919Z  INFO 479 --- [qwen-managed-agent-server] [           main] o.f.core.internal.command.DbMigrate      : Migrating schema "public" to version "12 - runtime broker schema alignment"
2026-10-02T01:23:54.921Z  INFO 479 --- [qwen-managed-agent-server] [           main] o.f.core.internal.command.DbMigrate      : Migrating schema "public" to version "13 - managed session agent revision"
2026-10-02T01:23:54.923Z  INFO 479 --- [qwen-managed-agent-server] [           main] o.f.core.internal.command.DbMigrate      : Migrating schema "public" to version "14 - managed event replay"
2026-10-02T01:23:54.925Z  INFO 479 --- [qwen-managed-agent-server] [           main] o.f.core.internal.command.DbMigrate      : Migrating schema "public" to version "15 - managed event identity"
2026-10-02T01:23:54.926Z  INFO 479 --- [qwen-managed-agent-server] [           main] o.f.core.internal.command.DbMigrate      : Migrating schema "public" to version "16 - runtime loss evidence"
2026-10-02T01:23:54.929Z  INFO 479 --- [qwen-managed-agent-server] [           main] o.f.core.internal.command.DbMigrate      : Migrating schema "public" to version "17 - managed session operation"
2026-10-02T01:23:54.930Z  INFO 479 --- [qwen-managed-agent-server] [           main] o.f.core.internal.command.DbMigrate      : Migrating schema "public" to version "18 - managed extension record"
2026-10-02T01:23:54.931Z  INFO 479 --- [qwen-managed-agent-server] [           main] o.f.core.internal.command.DbMigrate      : Migrating schema "public" to version "19 - workspace operator recovery"
2026-10-02T01:23:54.932Z  INFO 479 --- [qwen-managed-agent-server] [           main] o.f.core.internal.command.DbMigrate      : Migrating schema "public" to version "20 - managed tool publication"
2026-10-02T01:23:54.933Z  INFO 479 --- [qwen-managed-agent-server] [           main] o.f.core.internal.command.DbMigrate      : Migrating schema "public" to version "21 - managed tool publication objects"
2026-10-02T01:23:54.939Z  INFO 479 --- [qwen-managed-agent-server] [           main] o.f.core.internal.command.DbMigrate      : Migrating schema "public" to version "22 - managed tool publication recovery"
2026-10-02T01:23:54.940Z  INFO 479 --- [qwen-managed-agent-server] [           main] o.f.core.internal.command.DbMigrate      : Migrating schema "public" to version "23 - managed mcp records"
2026-10-02T01:23:54.940Z  INFO 479 --- [qwen-managed-agent-server] [           main] o.f.core.internal.command.DbMigrate      : Migrating schema "public" to version "24 - managed actions"
2026-10-02T01:23:54.944Z  INFO 479 --- [qwen-managed-agent-server] [           main] o.f.core.internal.command.DbMigrate      : Migrating schema "public" to version "25 - verified workspace mount"
2026-10-02T01:23:54.947Z  INFO 479 --- [qwen-managed-agent-server] [           main] o.f.core.internal.command.DbMigrate      : Migrating schema "public" to version "26 - managed tool result projection"
2026-10-02T01:23:54.949Z  INFO 479 --- [qwen-managed-agent-server] [           main] o.f.core.internal.command.DbMigrate      : Migrating schema "public" to version "27 - managed hook records"
2026-10-02T01:23:54.950Z  INFO 479 --- [qwen-managed-agent-server] [           main] o.f.core.internal.command.DbMigrate      : Migrating schema "public" to version "28 - workspace recovery bundle"
2026-10-02T01:23:54.951Z  INFO 479 --- [qwen-managed-agent-server] [           main] o.f.core.internal.command.DbMigrate      : Successfully applied 28 migrations to schema "public", now at version v28 (execution time 00:00.018s)
2026-10-02T01:23:55.001Z  INFO 479 --- [qwen-managed-agent-server] [           main] org.flywaydb.core.FlywayExecutor         : Database: jdbc:h2:mem:publication-326dbdca-b9f1-4a33-a450-5f73aef1b682 (H2 2.3)
2026-10-02T01:23:55.004Z  INFO 479 --- [qwen-managed-agent-server] [           main] o.f.c.i.s.JdbcTableSchemaHistory         : Schema history table "public"."flyway_schema_history" does not exist yet
2026-10-02T01:23:55.004Z  INFO 479 --- [qwen-managed-agent-server] [           main] o.f.core.internal.command.DbValidate     : Successfully validated 28 migrations (execution time 00:00.002s)
2026-10-02T01:23:55.005Z  INFO 479 --- [qwen-managed-agent-server] [           main] o.f.c.i.s.JdbcTableSchemaHistory         : Creating Schema History table "public"."flyway_schema_history" ...
2026-10-02T01:23:55.006Z  INFO 479 --- [qwen-managed-agent-server] [           main] o.f.core.internal.command.DbMigrate      : Current version of schema "public": << Empty Schema >>
2026-10-02T01:23:55.006Z  INFO 479 --- [qwen-managed-agent-server] [           main] o.f.core.internal.command.DbMigrate      : Migrating schema "public" to version "1 - managed agent core"
2026-10-02T01:23:55.008Z  INFO 479 --- [qwen-managed-agent-server] [           main] o.f.core.internal.command.DbMigrate      : Migrating schema "public" to version "2 - managed agent projection"
2026-10-02T01:23:55.009Z  INFO 479 --- [qwen-managed-agent-server] [           main] o.f.core.internal.command.DbMigrate      : Migrating schema "public" to version "3 - runtime broker"
2026-10-02T01:23:55.011Z  INFO 479 --- [qwen-managed-agent-server] [           main] o.f.core.internal.command.DbMigrate      : Migrating schema "public" to version "4 - managed session store"
2026-10-02T01:23:55.013Z  INFO 479 --- [qwen-managed-agent-server] [           main] o.f.core.internal.command.DbMigrate      : Migrating schema "public" to version "5 - managed session lifecycle"
2026-10-02T01:23:55.015Z  INFO 479 --- [qwen-managed-agent-server] [           main] o.f.core.internal.command.DbMigrate      : Migrating schema "public" to version "6 - managed turn retry"
2026-10-02T01:23:55.016Z  INFO 479 --- [qwen-managed-agent-server] [           main] o.f.core.internal.command.DbMigrate      : Migrating schema "public" to version "7 - managed workspace binding"
2026-10-02T01:23:55.020Z  INFO 479 --- [qwen-managed-agent-server] [           main] o.f.core.internal.command.DbMigrate      : Migrating schema "public" to version "8 - managed workspace registry"
2026-10-02T01:23:55.022Z  INFO 479 --- [qwen-managed-agent-server] [           main] o.f.core.internal.command.DbMigrate      : Migrating schema "public" to version "9 - managed workspace creation command"
2026-10-02T01:23:55.022Z  INFO 479 --- [qwen-managed-agent-server] [           main] o.f.core.internal.command.DbMigrate      : Migrating schema "public" to version "10 - managed runtime context"
2026-10-02T01:23:55.023Z  INFO 479 --- [qwen-managed-agent-server] [           main] o.f.core.internal.command.DbMigrate      : Migrating schema "public" to version "11 - workspace execution"
2026-10-02T01:23:55.024Z  INFO 479 --- [qwen-managed-agent-server] [           main] o.f.core.internal.command.DbMigrate      : Migrating schema "public" to version "12 - runtime broker schema alignment"
2026-10-02T01:23:55.026Z  INFO 479 --- [qwen-managed-agent-server] [           main] o.f.core.internal.command.DbMigrate      : Migrating schema "public" to version "13 - managed session agent revision"
2026-10-02T01:23:55.027Z  INFO 479 --- [qwen-managed-agent-server] [           main] o.f.core.internal.command.DbMigrate      : Migrating schema "public" to version "14 - managed event replay"
2026-10-02T01:23:55.030Z  INFO 479 --- [qwen-managed-agent-server] [           main] o.f.core.internal.command.DbMigrate      : Migrating schema "public" to version "15 - managed event identity"
2026-10-02T01:23:55.031Z  INFO 479 --- [qwen-managed-agent-server] [           main] o.f.core.internal.command.DbMigrate      : Migrating schema "public" to version "16 - runtime loss evidence"
2026-10-02T01:23:55.033Z  INFO 479 --- [qwen-managed-agent-server] [           main] o.f.core.internal.command.DbMigrate      : Migrating schema "public" to version "17 - managed session operation"
2026-10-02T01:23:55.035Z  INFO 479 --- [qwen-managed-agent-server] [           main] o.f.core.internal.command.DbMigrate      : Migrating schema "public" to version "18 - managed extension record"
2026-10-02T01:23:55.035Z  INFO 479 --- [qwen-managed-agent-server] [           main] o.f.core.internal.command.DbMigrate      : Migrating schema "public" to version "19 - workspace operator recovery"
2026-10-02T01:23:55.037Z  INFO 479 --- [qwen-managed-agent-server] [           main] o.f.core.internal.command.DbMigrate      : Migrating schema "public" to version "20 - managed tool publication"
2026-10-02T01:23:55.038Z  INFO 479 --- [qwen-managed-agent-server] [           main] o.f.core.internal.command.DbMigrate      : Migrating schema "public" to version "21 - managed tool publication objects"
2026-10-02T01:23:55.044Z  INFO 479 --- [qwen-managed-agent-server] [           main] o.f.core.internal.command.DbMigrate      : Migrating schema "public" to version "22 - managed tool publication recovery"
2026-10-02T01:23:55.046Z  INFO 479 --- [qwen-managed-agent-server] [           main] o.f.core.internal.command.DbMigrate      : Migrating schema "public" to version "23 - managed mcp records"
2026-10-02T01:23:55.047Z  INFO 479 --- [qwen-managed-agent-server] [           main] o.f.core.internal.command.DbMigrate      : Migrating schema "public" to version "24 - managed actions"
2026-10-02T01:23:55.051Z  INFO 479 --- [qwen-managed-agent-server] [           main] o.f.core.internal.command.DbMigrate      : Migrating schema "public" to version "25 - verified workspace mount"
2026-10-02T01:23:55.053Z  INFO 479 --- [qwen-managed-agent-server] [           main] o.f.core.internal.command.DbMigrate      : Migrating schema "public" to version "26 - managed tool result projection"
2026-10-02T01:23:55.055Z  INFO 479 --- [qwen-managed-agent-server] [           main] o.f.core.internal.command.DbMigrate      : Migrating schema "public" to version "27 - managed hook records"
2026-10-02T01:23:55.056Z  INFO 479 --- [qwen-managed-agent-server] [           main] o.f.core.internal.command.DbMigrate      : Migrating schema "public" to version "28 - workspace recovery bundle"
2026-10-02T01:23:55.057Z  INFO 479 --- [qwen-managed-agent-server] [           main] o.f.core.internal.command.DbMigrate      : Successfully applied 28 migrations to schema "public", now at version v28 (execution time 00:00.018s)
2026-10-02T01:23:55.073Z  INFO 479 --- [qwen-managed-agent-server] [           main] org.flywaydb.core.FlywayExecutor         : Database: jdbc:h2:mem:publication-2c181dfc-d128-4efe-9da8-1e790986c605 (H2 2.3)
2026-10-02T01:23:55.076Z  INFO 479 --- [qwen-managed-agent-server] [           main] o.f.c.i.s.JdbcTableSchemaHistory         : Schema history table "public"."flyway_schema_history" does not exist yet
2026-10-02T01:23:55.076Z  INFO 479 --- [qwen-managed-agent-server] [           main] o.f.core.internal.command.DbValidate     : Successfully validated 28 migrations (execution time 00:00.002s)
2026-10-02T01:23:55.076Z  INFO 479 --- [qwen-managed-agent-server] [           main] o.f.c.i.s.JdbcTableSchemaHistory         : Creating Schema History table "public"."flyway_schema_history" ...
2026-10-02T01:23:55.077Z  INFO 479 --- [qwen-managed-agent-server] [           main] o.f.core.internal.command.DbMigrate      : Current version of schema "public": << Empty Schema >>
2026-10-02T01:23:55.078Z  INFO 479 --- [qwen-managed-agent-server] [           main] o.f.core.internal.command.DbMigrate      : Migrating schema "public" to version "1 - managed agent core"
2026-10-02T01:23:55.079Z  INFO 479 --- [qwen-managed-agent-server] [           main] o.f.core.internal.command.DbMigrate      : Migrating schema "public" to version "2 - managed agent projection"
2026-10-02T01:23:55.081Z  INFO 479 --- [qwen-managed-agent-server] [           main] o.f.core.internal.command.DbMigrate      : Migrating schema "public" to version "3 - runtime broker"
2026-10-02T01:23:55.082Z  INFO 479 --- [qwen-managed-agent-server] [           main] o.f.core.internal.command.DbMigrate      : Migrating schema "public" to version "4 - managed session store"
2026-10-02T01:23:55.084Z  INFO 479 --- [qwen-managed-agent-server] [           main] o.f.core.internal.command.DbMigrate      : Migrating schema "public" to version "5 - managed session lifecycle"
2026-10-02T01:23:55.086Z  INFO 479 --- [qwen-managed-agent-server] [           main] o.f.core.internal.command.DbMigrate      : Migrating schema "public" to version "6 - managed turn retry"
2026-10-02T01:23:55.088Z  INFO 479 --- [qwen-managed-agent-server] [           main] o.f.core.internal.command.DbMigrate      : Migrating schema "public" to version "7 - managed workspace binding"
2026-10-02T01:23:55.092Z  INFO 479 --- [qwen-managed-agent-server] [           main] o.f.core.internal.command.DbMigrate      : Migrating schema "public" to version "8 - managed workspace registry"
2026-10-02T01:23:55.093Z  INFO 479 --- [qwen-managed-agent-server] [           main] o.f.core.internal.command.DbMigrate      : Migrating schema "public" to version "9 - managed workspace creation command"
2026-10-02T01:23:55.094Z  INFO 479 --- [qwen-managed-agent-server] [           main] o.f.core.internal.command.DbMigrate      : Migrating schema "public" to version "10 - managed runtime context"
2026-10-02T01:23:55.096Z  INFO 479 --- [qwen-managed-agent-server] [           main] o.f.core.internal.command.DbMigrate      : Migrating schema "public" to version "11 - workspace execution"
2026-10-02T01:23:55.096Z  INFO 479 --- [qwen-managed-agent-server] [           main] o.f.core.internal.command.DbMigrate      : Migrating schema "public" to version "12 - runtime broker schema alignment"
2026-10-02T01:23:55.098Z  INFO 479 --- [qwen-managed-agent-server] [           main] o.f.core.internal.command.DbMigrate      : Migrating schema "public" to version "13 - managed session agent revision"
2026-10-02T01:23:55.100Z  INFO 479 --- [qwen-managed-agent-server] [           main] o.f.core.internal.command.DbMigrate      : Migrating schema "public" to version "14 - managed event replay"
2026-10-02T01:23:55.102Z  INFO 479 --- [qwen-managed-agent-server] [           main] o.f.core.internal.command.DbMigrate      : Migrating schema "public" to version "15 - managed event identity"
2026-10-02T01:23:55.103Z  INFO 479 --- [qwen-managed-agent-server] [           main] o.f.core.internal.command.DbMigrate      : Migrating schema "public" to version "16 - runtime loss evidence"
2026-10-02T01:23:55.112Z  INFO 479 --- [qwen-managed-agent-server] [           main] o.f.core.internal.command.DbMigrate      : Migrating schema "public" to version "17 - managed session operation"
2026-10-02T01:23:55.115Z  INFO 479 --- [qwen-managed-agent-server] [           main] o.f.core.internal.command.DbMigrate      : Migrating schema "public" to version "18 - managed extension record"
2026-10-02T01:23:55.116Z  INFO 479 --- [qwen-managed-agent-server] [           main] o.f.core.internal.command.DbMigrate      : Migrating schema "public" to version "19 - workspace operator recovery"
2026-10-02T01:23:55.118Z  INFO 479 --- [qwen-managed-agent-server] [           main] o.f.core.internal.command.DbMigrate      : Migrating schema "public" to version "20 - managed tool publication"
2026-10-02T01:23:55.119Z  INFO 479 --- [qwen-managed-agent-server] [           main] o.f.core.internal.command.DbMigrate      : Migrating schema "public" to version "21 - managed tool publication objects"
2026-10-02T01:23:55.132Z  INFO 479 --- [qwen-managed-agent-server] [           main] o.f.core.internal.command.DbMigrate      : Migrating schema "public" to version "22 - managed tool publication recovery"
2026-10-02T01:23:55.133Z  INFO 479 --- [qwen-managed-agent-server] [           main] o.f.core.internal.command.DbMigrate      : Migrating schema "public" to version "23 - managed mcp records"
2026-10-02T01:23:55.134Z  INFO 479 --- [qwen-managed-agent-server] [           main] o.f.core.internal.command.DbMigrate      : Migrating schema "public" to version "24 - managed actions"
2026-10-02T01:23:55.138Z  INFO 479 --- [qwen-managed-agent-server] [           main] o.f.core.internal.command.DbMigrate      : Migrating schema "public" to version "25 - verified workspace mount"
2026-10-02T01:23:55.141Z  INFO 479 --- [qwen-managed-agent-server] [           main] o.f.core.internal.command.DbMigrate      : Migrating schema "public" to version "26 - managed tool result projection"
2026-10-02T01:23:55.143Z  INFO 479 --- [qwen-managed-agent-server] [           main] o.f.core.internal.command.DbMigrate      : Migrating schema "public" to version "27 - managed hook records"
2026-10-02T01:23:55.144Z  INFO 479 --- [qwen-managed-agent-server] [           main] o.f.core.internal.command.DbMigrate      : Migrating schema "public" to version "28 - workspace recovery bundle"
2026-10-02T01:23:55.145Z  INFO 479 --- [qwen-managed-agent-server] [           main] o.f.core.internal.command.DbMigrate      : Successfully applied 28 migrations to schema "public", now at version v28 (execution time 00:00.033s)
2026-10-02T01:23:55.155Z  INFO 479 --- [qwen-managed-agent-server] [           main] org.flywaydb.core.FlywayExecutor         : Database: jdbc:h2:mem:publication-1a8a97a3-54c1-43fc-b486-71940ac8a233 (H2 2.3)
2026-10-02T01:23:55.158Z  INFO 479 --- [qwen-managed-agent-server] [           main] o.f.c.i.s.JdbcTableSchemaHistory         : Schema history table "public"."flyway_schema_history" does not exist yet
2026-10-02T01:23:55.159Z  INFO 479 --- [qwen-managed-agent-server] [           main] o.f.core.internal.command.DbValidate     : Successfully validated 28 migrations (execution time 00:00.002s)
2026-10-02T01:23:55.159Z  INFO 479 --- [qwen-managed-agent-server] [           main] o.f.c.i.s.JdbcTableSchemaHistory         : Creating Schema History table "public"."flyway_schema_history" ...
2026-10-02T01:23:55.160Z  INFO 479 --- [qwen-managed-agent-server] [           main] o.f.core.internal.command.DbMigrate      : Current version of schema "public": << Empty Schema >>
2026-10-02T01:23:55.160Z  INFO 479 --- [qwen-managed-agent-server] [           main] o.f.core.internal.command.DbMigrate      : Migrating schema "public" to version "1 - managed agent core"
2026-10-02T01:23:55.162Z  INFO 479 --- [qwen-managed-agent-server] [           main] o.f.core.internal.command.DbMigrate      : Migrating schema "public" to version "2 - managed agent projection"
2026-10-02T01:23:55.165Z  INFO 479 --- [qwen-managed-agent-server] [           main] o.f.core.internal.command.DbMigrate      : Migrating schema "public" to version "3 - runtime broker"
2026-10-02T01:23:55.167Z  INFO 479 --- [qwen-managed-agent-server] [           main] o.f.core.internal.command.DbMigrate      : Migrating schema "public" to version "4 - managed session store"
2026-10-02T01:23:55.169Z  INFO 479 --- [qwen-managed-agent-server] [           main] o.f.core.internal.command.DbMigrate      : Migrating schema "public" to version "5 - managed session lifecycle"
2026-10-02T01:23:55.172Z  INFO 479 --- [qwen-managed-agent-server] [           main] o.f.core.internal.command.DbMigrate      : Migrating schema "public" to version "6 - managed turn retry"
2026-10-02T01:23:55.173Z  INFO 479 --- [qwen-managed-agent-server] [           main] o.f.core.internal.command.DbMigrate      : Migrating schema "public" to version "7 - managed workspace binding"
2026-10-02T01:23:55.179Z  INFO 479 --- [qwen-managed-agent-server] [           main] o.f.core.internal.command.DbMigrate      : Migrating schema "public" to version "8 - managed workspace registry"
2026-10-02T01:23:55.180Z  INFO 479 --- [qwen-managed-agent-server] [           main] o.f.core.internal.command.DbMigrate      : Migrating schema "public" to version "9 - managed workspace creation command"
2026-10-02T01:23:55.181Z  INFO 479 --- [qwen-managed-agent-server] [           main] o.f.core.internal.command.DbMigrate      : Migrating schema "public" to version "10 - managed runtime context"
2026-10-02T01:23:55.182Z  INFO 479 --- [qwen-managed-agent-server] [           main] o.f.core.internal.command.DbMigrate      : Migrating schema "public" to version "11 - workspace execution"
2026-10-02T01:23:55.183Z  INFO 479 --- [qwen-managed-agent-server] [           main] o.f.core.internal.command.DbMigrate      : Migrating schema "public" to version "12 - runtime broker schema alignment"
2026-10-02T01:23:55.185Z  INFO 479 --- [qwen-managed-agent-server] [           main] o.f.core.internal.command.DbMigrate      : Migrating schema "public" to version "13 - managed session agent revision"
2026-10-02T01:23:55.187Z  INFO 479 --- [qwen-managed-agent-server] [           main] o.f.core.internal.command.DbMigrate      : Migrating schema "public" to version "14 - managed event replay"
2026-10-02T01:23:55.190Z  INFO 479 --- [qwen-managed-agent-server] [           main] o.f.core.internal.command.DbMigrate      : Migrating schema "public" to version "15 - managed event identity"
2026-10-02T01:23:55.191Z  INFO 479 --- [qwen-managed-agent-server] [           main] o.f.core.internal.command.DbMigrate      : Migrating schema "public" to version "16 - runtime loss evidence"
2026-10-02T01:23:55.195Z  INFO 479 --- [qwen-managed-agent-server] [           main] o.f.core.internal.command.DbMigrate      : Migrating schema "public" to version "17 - managed session operation"
2026-10-02T01:23:55.197Z  INFO 479 --- [qwen-managed-agent-server] [           main] o.f.core.internal.command.DbMigrate      : Migrating schema "public" to version "18 - managed extension record"
2026-10-02T01:23:55.197Z  INFO 479 --- [qwen-managed-agent-server] [           main] o.f.core.internal.command.DbMigrate      : Migrating schema "public" to version "19 - workspace operator recovery"
2026-10-02T01:23:55.198Z  INFO 479 --- [qwen-managed-agent-server] [           main] o.f.core.internal.command.DbMigrate      : Migrating schema "public" to version "20 - managed tool publication"
2026-10-02T01:23:55.199Z  INFO 479 --- [qwen-managed-agent-server] [           main] o.f.core.internal.command.DbMigrate      : Migrating schema "public" to version "21 - managed tool publication objects"
2026-10-02T01:23:55.208Z  INFO 479 --- [qwen-managed-agent-server] [           main] o.f.core.internal.command.DbMigrate      : Migrating schema "public" to version "22 - managed tool publication recovery"
2026-10-02T01:23:55.209Z  INFO 479 --- [qwen-managed-agent-server] [           main] o.f.core.internal.command.DbMigrate      : Migrating schema "public" to version "23 - managed mcp records"
2026-10-02T01:23:55.210Z  INFO 479 --- [qwen-managed-agent-server] [           main] o.f.core.internal.command.DbMigrate      : Migrating schema "public" to version "24 - managed actions"
2026-10-02T01:23:55.220Z  INFO 479 --- [qwen-managed-agent-server] [           main] o.f.core.internal.command.DbMigrate      : Migrating schema "public" to version "25 - verified workspace mount"
2026-10-02T01:23:55.223Z  INFO 479 --- [qwen-managed-agent-server] [           main] o.f.core.internal.command.DbMigrate      : Migrating schema "public" to version "26 - managed tool result projection"
2026-10-02T01:23:55.225Z  INFO 479 --- [qwen-managed-agent-server] [           main] o.f.core.internal.command.DbMigrate      : Migrating schema "public" to version "27 - managed hook records"
2026-10-02T01:23:55.226Z  INFO 479 --- [qwen-managed-agent-server] [           main] o.f.core.internal.command.DbMigrate      : Migrating schema "public" to version "28 - workspace recovery bundle"
2026-10-02T01:23:55.227Z  INFO 479 --- [qwen-managed-agent-server] [           main] o.f.core.internal.command.DbMigrate      : Successfully applied 28 migrations to schema "public", now at version v28 (execution time 00:00.030s)
2026-10-02T01:23:55.376Z  INFO 479 --- [qwen-managed-agent-server] [           main] org.flywaydb.core.FlywayExecutor         : Database: jdbc:h2:mem:publication-3ac689da-be69-4f9b-91f3-2ac98ab2703b (H2 2.3)
2026-10-02T01:23:55.380Z  INFO 479 --- [qwen-managed-agent-server] [           main] o.f.c.i.s.JdbcTableSchemaHistory         : Schema history table "public"."flyway_schema_history" does not exist yet
2026-10-02T01:23:55.380Z  INFO 479 --- [qwen-managed-agent-server] [           main] o.f.core.internal.command.DbValidate     : Successfully validated 28 migrations (execution time 00:00.003s)
2026-10-02T01:23:55.381Z  INFO 479 --- [qwen-managed-agent-server] [           main] o.f.c.i.s.JdbcTableSchemaHistory         : Creating Schema History table "public"."flyway_schema_history" ...
2026-10-02T01:23:55.381Z  INFO 479 --- [qwen-managed-agent-server] [           main] o.f.core.internal.command.DbMigrate      : Current version of schema "public": << Empty Schema >>
2026-10-02T01:23:55.382Z  INFO 479 --- [qwen-managed-agent-server] [           main] o.f.core.internal.command.DbMigrate      : Migrating schema "public" to version "1 - managed agent core"
2026-10-02T01:23:55.384Z  INFO 479 --- [qwen-managed-agent-server] [           main] o.f.core.internal.command.DbMigrate      : Migrating schema "public" to version "2 - managed agent projection"
2026-10-02T01:23:55.385Z  INFO 479 --- [qwen-managed-agent-server] [           main] o.f.core.internal.command.DbMigrate      : Migrating schema "public" to version "3 - runtime broker"
2026-10-02T01:23:55.387Z  INFO 479 --- [qwen-managed-agent-server] [           main] o.f.core.internal.command.DbMigrate      : Migrating schema "public" to version "4 - managed session store"
2026-10-02T01:23:55.388Z  INFO 479 --- [qwen-managed-agent-server] [           main] o.f.core.internal.command.DbMigrate      : Migrating schema "public" to version "5 - managed session lifecycle"
2026-10-02T01:23:55.389Z  INFO 479 --- [qwen-managed-agent-server] [           main] o.f.core.internal.command.DbMigrate      : Migrating schema "public" to version "6 - managed turn retry"
2026-10-02T01:23:55.391Z  INFO 479 --- [qwen-managed-agent-server] [           main] o.f.core.internal.command.DbMigrate      : Migrating schema "public" to version "7 - managed workspace binding"
2026-10-02T01:23:55.396Z  INFO 479 --- [qwen-managed-agent-server] [           main] o.f.core.internal.command.DbMigrate      : Migrating schema "public" to version "8 - managed workspace registry"
2026-10-02T01:23:55.397Z  INFO 479 --- [qwen-managed-agent-server] [           main] o.f.core.internal.command.DbMigrate      : Migrating schema "public" to version "9 - managed workspace creation command"
2026-10-02T01:23:55.398Z  INFO 479 --- [qwen-managed-agent-server] [           main] o.f.core.internal.command.DbMigrate      : Migrating schema "public" to version "10 - managed runtime context"
2026-10-02T01:23:55.399Z  INFO 479 --- [qwen-managed-agent-server] [           main] o.f.core.internal.command.DbMigrate      : Migrating schema "public" to version "11 - workspace execution"
2026-10-02T01:23:55.400Z  INFO 479 --- [qwen-managed-agent-server] [           main] o.f.core.internal.command.DbMigrate      : Migrating schema "public" to version "12 - runtime broker schema alignment"
2026-10-02T01:23:55.402Z  INFO 479 --- [qwen-managed-agent-server] [           main] o.f.core.internal.command.DbMigrate      : Migrating schema "public" to version "13 - managed session agent revision"
2026-10-02T01:23:55.403Z  INFO 479 --- [qwen-managed-agent-server] [           main] o.f.core.internal.command.DbMigrate      : Migrating schema "public" to version "14 - managed event replay"
2026-10-02T01:23:55.406Z  INFO 479 --- [qwen-managed-agent-server] [           main] o.f.core.internal.command.DbMigrate      : Migrating schema "public" to version "15 - managed event identity"
2026-10-02T01:23:55.406Z  INFO 479 --- [qwen-managed-agent-server] [           main] o.f.core.internal.command.DbMigrate      : Migrating schema "public" to version "16 - runtime loss evidence"
2026-10-02T01:23:55.408Z  INFO 479 --- [qwen-managed-agent-server] [           main] o.f.core.internal.command.DbMigrate      : Migrating schema "public" to version "17 - managed session operation"
2026-10-02T01:23:55.410Z  INFO 479 --- [qwen-managed-agent-server] [           main] o.f.core.internal.command.DbMigrate      : Migrating schema "public" to version "18 - managed extension record"
2026-10-02T01:23:55.410Z  INFO 479 --- [qwen-managed-agent-server] [           main] o.f.core.internal.command.DbMigrate      : Migrating schema "public" to version "19 - workspace operator recovery"
2026-10-02T01:23:55.411Z  INFO 479 --- [qwen-managed-agent-server] [           main] o.f.core.internal.command.DbMigrate      : Migrating schema "public" to version "20 - managed tool publication"
2026-10-02T01:23:55.412Z  INFO 479 --- [qwen-managed-agent-server] [           main] o.f.core.internal.command.DbMigrate      : Migrating schema "public" to version "21 - managed tool publication objects"
2026-10-02T01:23:55.419Z  INFO 479 --- [qwen-managed-agent-server] [           main] o.f.core.internal.command.DbMigrate      : Migrating schema "public" to version "22 - managed tool publication recovery"
2026-10-02T01:23:55.420Z  INFO 479 --- [qwen-managed-agent-server] [           main] o.f.core.internal.command.DbMigrate      : Migrating schema "public" to version "23 - managed mcp records"
2026-10-02T01:23:55.421Z  INFO 479 --- [qwen-managed-agent-server] [           main] o.f.core.internal.command.DbMigrate      : Migrating schema "public" to version "24 - managed actions"
2026-10-02T01:23:55.425Z  INFO 479 --- [qwen-managed-agent-server] [           main] o.f.core.internal.command.DbMigrate      : Migrating schema "public" to version "25 - verified workspace mount"
2026-10-02T01:23:55.429Z  INFO 479 --- [qwen-managed-agent-server] [           main] o.f.core.internal.command.DbMigrate      : Migrating schema "public" to version "26 - managed tool result projection"
2026-10-02T01:23:55.431Z  INFO 479 --- [qwen-managed-agent-server] [           main] o.f.core.internal.command.DbMigrate      : Migrating schema "public" to version "27 - managed hook records"
2026-10-02T01:23:55.432Z  INFO 479 --- [qwen-managed-agent-server] [           main] o.f.core.internal.command.DbMigrate      : Migrating schema "public" to version "28 - workspace recovery bundle"
2026-10-02T01:23:55.433Z  INFO 479 --- [qwen-managed-agent-server] [           main] o.f.core.internal.command.DbMigrate      : Successfully applied 28 migrations to schema "public", now at version v28 (execution time 00:00.020s)
2026-10-02T01:23:55.441Z  INFO 479 --- [qwen-managed-agent-server] [           main] org.flywaydb.core.FlywayExecutor         : Database: jdbc:h2:mem:publication-540fc584-4c77-4a73-b8e6-c0f36de53bd6 (H2 2.3)
2026-10-02T01:23:55.444Z  INFO 479 --- [qwen-managed-agent-server] [           main] o.f.c.i.s.JdbcTableSchemaHistory         : Schema history table "public"."flyway_schema_history" does not exist yet
2026-10-02T01:23:55.445Z  INFO 479 --- [qwen-managed-agent-server] [           main] o.f.core.internal.command.DbValidate     : Successfully validated 28 migrations (execution time 00:00.002s)
2026-10-02T01:23:55.445Z  INFO 479 --- [qwen-managed-agent-server] [           main] o.f.c.i.s.JdbcTableSchemaHistory         : Creating Schema History table "public"."flyway_schema_history" ...
2026-10-02T01:23:55.446Z  INFO 479 --- [qwen-managed-agent-server] [           main] o.f.core.internal.command.DbMigrate      : Current version of schema "public": << Empty Schema >>
2026-10-02T01:23:55.446Z  INFO 479 --- [qwen-managed-agent-server] [           main] o.f.core.internal.command.DbMigrate      : Migrating schema "public" to version "1 - managed agent core"
2026-10-02T01:23:55.448Z  INFO 479 --- [qwen-managed-agent-server] [           main] o.f.core.internal.command.DbMigrate      : Migrating schema "public" to version "2 - managed agent projection"
2026-10-02T01:23:55.450Z  INFO 479 --- [qwen-managed-agent-server] [           main] o.f.core.internal.command.DbMigrate      : Migrating schema "public" to version "3 - runtime broker"
2026-10-02T01:23:55.451Z  INFO 479 --- [qwen-managed-agent-server] [           main] o.f.core.internal.command.DbMigrate      : Migrating schema "public" to version "4 - managed session store"
2026-10-02T01:23:55.453Z  INFO 479 --- [qwen-managed-agent-server] [           main] o.f.core.internal.command.DbMigrate      : Migrating schema "public" to version "5 - managed session lifecycle"
2026-10-02T01:23:55.456Z  INFO 479 --- [qwen-managed-agent-server] [           main] o.f.core.internal.command.DbMigrate      : Migrating schema "public" to version "6 - managed turn retry"
2026-10-02T01:23:55.457Z  INFO 479 --- [qwen-managed-agent-server] [           main] o.f.core.internal.command.DbMigrate      : Migrating schema "public" to version "7 - managed workspace binding"
2026-10-02T01:23:55.461Z  INFO 479 --- [qwen-managed-agent-server] [           main] o.f.core.internal.command.DbMigrate      : Migrating schema "public" to version "8 - managed workspace registry"
2026-10-02T01:23:55.463Z  INFO 479 --- [qwen-managed-agent-server] [           main] o.f.core.internal.command.DbMigrate      : Migrating schema "public" to version "9 - managed workspace creation command"
2026-10-02T01:23:55.464Z  INFO 479 --- [qwen-managed-agent-server] [           main] o.f.core.internal.command.DbMigrate      : Migrating schema "public" to version "10 - managed runtime context"
2026-10-02T01:23:55.466Z  INFO 479 --- [qwen-managed-agent-server] [           main] o.f.core.internal.command.DbMigrate      : Migrating schema "public" to version "11 - workspace execution"
2026-10-02T01:23:55.467Z  INFO 479 --- [qwen-managed-agent-server] [           main] o.f.core.internal.command.DbMigrate      : Migrating schema "public" to version "12 - runtime broker schema alignment"
2026-10-02T01:23:55.469Z  INFO 479 --- [qwen-managed-agent-server] [           main] o.f.core.internal.command.DbMigrate      : Migrating schema "public" to version "13 - managed session agent revision"
2026-10-02T01:23:55.470Z  INFO 479 --- [qwen-managed-agent-server] [           main] o.f.core.internal.command.DbMigrate      : Migrating schema "public" to version "14 - managed event replay"
2026-10-02T01:23:55.473Z  INFO 479 --- [qwen-managed-agent-server] [           main] o.f.core.internal.command.DbMigrate      : Migrating schema "public" to version "15 - managed event identity"
2026-10-02T01:23:55.474Z  INFO 479 --- [qwen-managed-agent-server] [           main] o.f.core.internal.command.DbMigrate      : Migrating schema "public" to version "16 - runtime loss evidence"
2026-10-02T01:23:55.477Z  INFO 479 --- [qwen-managed-agent-server] [           main] o.f.core.internal.command.DbMigrate      : Migrating schema "public" to version "17 - managed session operation"
2026-10-02T01:23:55.478Z  INFO 479 --- [qwen-managed-agent-server] [           main] o.f.core.internal.command.DbMigrate      : Migrating schema "public" to version "18 - managed extension record"
2026-10-02T01:23:55.479Z  INFO 479 --- [qwen-managed-agent-server] [           main] o.f.core.internal.command.DbMigrate      : Migrating schema "public" to version "19 - workspace operator recovery"
2026-10-02T01:23:55.480Z  INFO 479 --- [qwen-managed-agent-server] [           main] o.f.core.internal.command.DbMigrate      : Migrating schema "public" to version "20 - managed tool publication"
2026-10-02T01:23:55.481Z  INFO 479 --- [qwen-managed-agent-server] [           main] o.f.core.internal.command.DbMigrate      : Migrating schema "public" to version "21 - managed tool publication objects"
2026-10-02T01:23:55.486Z  INFO 479 --- [qwen-managed-agent-server] [           main] o.f.core.internal.command.DbMigrate      : Migrating schema "public" to version "22 - managed tool publication recovery"
2026-10-02T01:23:55.487Z  INFO 479 --- [qwen-managed-agent-server] [           main] o.f.core.internal.command.DbMigrate      : Migrating schema "public" to version "23 - managed mcp records"
2026-10-02T01:23:55.488Z  INFO 479 --- [qwen-managed-agent-server] [           main] o.f.core.internal.command.DbMigrate      : Migrating schema "public" to version "24 - managed actions"
2026-10-02T01:23:55.492Z  INFO 479 --- [qwen-managed-agent-server] [           main] o.f.core.internal.command.DbMigrate      : Migrating schema "public" to version "25 - verified workspace mount"
2026-10-02T01:23:55.495Z  INFO 479 --- [qwen-managed-agent-server] [           main] o.f.core.internal.command.DbMigrate      : Migrating schema "public" to version "26 - managed tool result projection"
2026-10-02T01:23:55.498Z  INFO 479 --- [qwen-managed-agent-server] [           main] o.f.core.internal.command.DbMigrate      : Migrating schema "public" to version "27 - managed hook records"
2026-10-02T01:23:55.499Z  INFO 479 --- [qwen-managed-agent-server] [           main] o.f.core.internal.command.DbMigrate      : Migrating schema "public" to version "28 - workspace recovery bundle"
2026-10-02T01:23:55.500Z  INFO 479 --- [qwen-managed-agent-server] [           main] o.f.core.internal.command.DbMigrate      : Successfully applied 28 migrations to schema "public", now at version v28 (execution time 00:00.020s)
2026-10-02T01:23:55.640Z  INFO 479 --- [qwen-managed-agent-server] [           main] org.flywaydb.core.FlywayExecutor         : Database: jdbc:h2:mem:publication-fd4af2d1-18e2-4fd8-9d3b-9280511639af (H2 2.3)
2026-10-02T01:23:55.644Z  INFO 479 --- [qwen-managed-agent-server] [           main] o.f.c.i.s.JdbcTableSchemaHistory         : Schema history table "public"."flyway_schema_history" does not exist yet
2026-10-02T01:23:55.644Z  INFO 479 --- [qwen-managed-agent-server] [           main] o.f.core.internal.command.DbValidate     : Successfully validated 28 migrations (execution time 00:00.002s)
2026-10-02T01:23:55.644Z  INFO 479 --- [qwen-managed-agent-server] [           main] o.f.c.i.s.JdbcTableSchemaHistory         : Creating Schema History table "public"."flyway_schema_history" ...
2026-10-02T01:23:55.646Z  INFO 479 --- [qwen-managed-agent-server] [           main] o.f.core.internal.command.DbMigrate      : Current version of schema "public": << Empty Schema >>
2026-10-02T01:23:55.647Z  INFO 479 --- [qwen-managed-agent-server] [           main] o.f.core.internal.command.DbMigrate      : Migrating schema "public" to version "1 - managed agent core"
2026-10-02T01:23:55.649Z  INFO 479 --- [qwen-managed-agent-server] [           main] o.f.core.internal.command.DbMigrate      : Migrating schema "public" to version "2 - managed agent projection"
2026-10-02T01:23:55.651Z  INFO 479 --- [qwen-managed-agent-server] [           main] o.f.core.internal.command.DbMigrate      : Migrating schema "public" to version "3 - runtime broker"
2026-10-02T01:23:55.652Z  INFO 479 --- [qwen-managed-agent-server] [           main] o.f.core.internal.command.DbMigrate      : Migrating schema "public" to version "4 - managed session store"
2026-10-02T01:23:55.655Z  INFO 479 --- [qwen-managed-agent-server] [           main] o.f.core.internal.command.DbMigrate      : Migrating schema "public" to version "5 - managed session lifecycle"
2026-10-02T01:23:55.657Z  INFO 479 --- [qwen-managed-agent-server] [           main] o.f.core.internal.command.DbMigrate      : Migrating schema "public" to version "6 - managed turn retry"
2026-10-02T01:23:55.658Z  INFO 479 --- [qwen-managed-agent-server] [           main] o.f.core.internal.command.DbMigrate      : Migrating schema "public" to version "7 - managed workspace binding"
2026-10-02T01:23:55.663Z  INFO 479 --- [qwen-managed-agent-server] [           main] o.f.core.internal.command.DbMigrate      : Migrating schema "public" to version "8 - managed workspace registry"
2026-10-02T01:23:55.664Z  INFO 479 --- [qwen-managed-agent-server] [           main] o.f.core.internal.command.DbMigrate      : Migrating schema "public" to version "9 - managed workspace creation command"
2026-10-02T01:23:55.665Z  INFO 479 --- [qwen-managed-agent-server] [           main] o.f.core.internal.command.DbMigrate      : Migrating schema "public" to version "10 - managed runtime context"
2026-10-02T01:23:55.667Z  INFO 479 --- [qwen-managed-agent-server] [           main] o.f.core.internal.command.DbMigrate      : Migrating schema "public" to version "11 - workspace execution"
2026-10-02T01:23:55.668Z  INFO 479 --- [qwen-managed-agent-server] [           main] o.f.core.internal.command.DbMigrate      : Migrating schema "public" to version "12 - runtime broker schema alignment"
2026-10-02T01:23:55.670Z  INFO 479 --- [qwen-managed-agent-server] [           main] o.f.core.internal.command.DbMigrate      : Migrating schema "public" to version "13 - managed session agent revision"
2026-10-02T01:23:55.671Z  INFO 479 --- [qwen-managed-agent-server] [           main] o.f.core.internal.command.DbMigrate      : Migrating schema "public" to version "14 - managed event replay"
2026-10-02T01:23:55.674Z  INFO 479 --- [qwen-managed-agent-server] [           main] o.f.core.internal.command.DbMigrate      : Migrating schema "public" to version "15 - managed event identity"
2026-10-02T01:23:55.674Z  INFO 479 --- [qwen-managed-agent-server] [           main] o.f.core.internal.command.DbMigrate      : Migrating schema "public" to version "16 - runtime loss evidence"
2026-10-02T01:23:55.677Z  INFO 479 --- [qwen-managed-agent-server] [           main] o.f.core.internal.command.DbMigrate      : Migrating schema "public" to version "17 - managed session operation"
2026-10-02T01:23:55.678Z  INFO 479 --- [qwen-managed-agent-server] [           main] o.f.core.internal.command.DbMigrate      : Migrating schema "public" to version "18 - managed extension record"
2026-10-02T01:23:55.679Z  INFO 479 --- [qwen-managed-agent-server] [           main] o.f.core.internal.command.DbMigrate      : Migrating schema "public" to version "19 - workspace operator recovery"
2026-10-02T01:23:55.679Z  INFO 479 --- [qwen-managed-agent-server] [           main] o.f.core.internal.command.DbMigrate      : Migrating schema "public" to version "20 - managed tool publication"
2026-10-02T01:23:55.680Z  INFO 479 --- [qwen-managed-agent-server] [           main] o.f.core.internal.command.DbMigrate      : Migrating schema "public" to version "21 - managed tool publication objects"
2026-10-02T01:23:55.701Z  INFO 479 --- [qwen-managed-agent-server] [           main] o.f.core.internal.command.DbMigrate      : Migrating schema "public" to version "22 - managed tool publication recovery"
2026-10-02T01:23:55.703Z  INFO 479 --- [qwen-managed-agent-server] [           main] o.f.core.internal.command.DbMigrate      : Migrating schema "public" to version "23 - managed mcp records"
2026-10-02T01:23:55.706Z  INFO 479 --- [qwen-managed-agent-server] [           main] o.f.core.internal.command.DbMigrate      : Migrating schema "public" to version "24 - managed actions"
2026-10-02T01:23:55.710Z  INFO 479 --- [qwen-managed-agent-server] [           main] o.f.core.internal.command.DbMigrate      : Migrating schema "public" to version "25 - verified workspace mount"
2026-10-02T01:23:55.713Z  INFO 479 --- [qwen-managed-agent-server] [           main] o.f.core.internal.command.DbMigrate      : Migrating schema "public" to version "26 - managed tool result projection"
2026-10-02T01:23:55.714Z  INFO 479 --- [qwen-managed-agent-server] [           main] o.f.core.internal.command.DbMigrate      : Migrating schema "public" to version "27 - managed hook records"
2026-10-02T01:23:55.716Z  INFO 479 --- [qwen-managed-agent-server] [           main] o.f.core.internal.command.DbMigrate      : Migrating schema "public" to version "28 - workspace recovery bundle"
2026-10-02T01:23:55.716Z  INFO 479 --- [qwen-managed-agent-server] [           main] o.f.core.internal.command.DbMigrate      : Successfully applied 28 migrations to schema "public", now at version v28 (execution time 00:00.028s)
2026-10-02T01:23:55.732Z  INFO 479 --- [qwen-managed-agent-server] [           main] org.flywaydb.core.FlywayExecutor         : Database: jdbc:h2:mem:publication-58b6db0c-71d7-476f-97a1-a057415b5813 (H2 2.3)
2026-10-02T01:23:55.735Z  INFO 479 --- [qwen-managed-agent-server] [           main] o.f.c.i.s.JdbcTableSchemaHistory         : Schema history table "public"."flyway_schema_history" does not exist yet
2026-10-02T01:23:55.735Z  INFO 479 --- [qwen-managed-agent-server] [           main] o.f.core.internal.command.DbValidate     : Successfully validated 28 migrations (execution time 00:00.002s)
2026-10-02T01:23:55.735Z  INFO 479 --- [qwen-managed-agent-server] [           main] o.f.c.i.s.JdbcTableSchemaHistory         : Creating Schema History table "public"."flyway_schema_history" ...
2026-10-02T01:23:55.736Z  INFO 479 --- [qwen-managed-agent-server] [           main] o.f.core.internal.command.DbMigrate      : Current version of schema "public": << Empty Schema >>
2026-10-02T01:23:55.737Z  INFO 479 --- [qwen-managed-agent-server] [           main] o.f.core.internal.command.DbMigrate      : Migrating schema "public" to version "1 - managed agent core"
2026-10-02T01:23:55.738Z  INFO 479 --- [qwen-managed-agent-server] [           main] o.f.core.internal.command.DbMigrate      : Migrating schema "public" to version "2 - managed agent projection"
2026-10-02T01:23:55.740Z  INFO 479 --- [qwen-managed-agent-server] [           main] o.f.core.internal.command.DbMigrate      : Migrating schema "public" to version "3 - runtime broker"
2026-10-02T01:23:55.741Z  INFO 479 --- [qwen-managed-agent-server] [           main] o.f.core.internal.command.DbMigrate      : Migrating schema "public" to version "4 - managed session store"
2026-10-02T01:23:55.742Z  INFO 479 --- [qwen-managed-agent-server] [           main] o.f.core.internal.command.DbMigrate      : Migrating schema "public" to version "5 - managed session lifecycle"
2026-10-02T01:23:55.744Z  INFO 479 --- [qwen-managed-agent-server] [           main] o.f.core.internal.command.DbMigrate      : Migrating schema "public" to version "6 - managed turn retry"
2026-10-02T01:23:55.745Z  INFO 479 --- [qwen-managed-agent-server] [           main] o.f.core.internal.command.DbMigrate      : Migrating schema "public" to version "7 - managed workspace binding"
2026-10-02T01:23:55.749Z  INFO 479 --- [qwen-managed-agent-server] [           main] o.f.core.internal.command.DbMigrate      : Migrating schema "public" to version "8 - managed workspace registry"
2026-10-02T01:23:55.750Z  INFO 479 --- [qwen-managed-agent-server] [           main] o.f.core.internal.command.DbMigrate      : Migrating schema "public" to version "9 - managed workspace creation command"
2026-10-02T01:23:55.751Z  INFO 479 --- [qwen-managed-agent-server] [           main] o.f.core.internal.command.DbMigrate      : Migrating schema "public" to version "10 - managed runtime context"
2026-10-02T01:23:55.756Z  INFO 479 --- [qwen-managed-agent-server] [           main] o.f.core.internal.command.DbMigrate      : Migrating schema "public" to version "11 - workspace execution"
2026-10-02T01:23:55.757Z  INFO 479 --- [qwen-managed-agent-server] [           main] o.f.core.internal.command.DbMigrate      : Migrating schema "public" to version "12 - runtime broker schema alignment"
2026-10-02T01:23:55.758Z  INFO 479 --- [qwen-managed-agent-server] [           main] o.f.core.internal.command.DbMigrate      : Migrating schema "public" to version "13 - managed session agent revision"
2026-10-02T01:23:55.760Z  INFO 479 --- [qwen-managed-agent-server] [           main] o.f.core.internal.command.DbMigrate      : Migrating schema "public" to version "14 - managed event replay"
2026-10-02T01:23:55.762Z  INFO 479 --- [qwen-managed-agent-server] [           main] o.f.core.internal.command.DbMigrate      : Migrating schema "public" to version "15 - managed event identity"
2026-10-02T01:23:55.763Z  INFO 479 --- [qwen-managed-agent-server] [           main] o.f.core.internal.command.DbMigrate      : Migrating schema "public" to version "16 - runtime loss evidence"
2026-10-02T01:23:55.765Z  INFO 479 --- [qwen-managed-agent-server] [           main] o.f.core.internal.command.DbMigrate      : Migrating schema "public" to version "17 - managed session operation"
2026-10-02T01:23:55.766Z  INFO 479 --- [qwen-managed-agent-server] [           main] o.f.core.internal.command.DbMigrate      : Migrating schema "public" to version "18 - managed extension record"
2026-10-02T01:23:55.767Z  INFO 479 --- [qwen-managed-agent-server] [           main] o.f.core.internal.command.DbMigrate      : Migrating schema "public" to version "19 - workspace operator recovery"
2026-10-02T01:23:55.768Z  INFO 479 --- [qwen-managed-agent-server] [           main] o.f.core.internal.command.DbMigrate      : Migrating schema "public" to version "20 - managed tool publication"
2026-10-02T01:23:55.769Z  INFO 479 --- [qwen-managed-agent-server] [           main] o.f.core.internal.command.DbMigrate      : Migrating schema "public" to version "21 - managed tool publication objects"
2026-10-02T01:23:55.775Z  INFO 479 --- [qwen-managed-agent-server] [           main] o.f.core.internal.command.DbMigrate      : Migrating schema "public" to version "22 - managed tool publication recovery"
2026-10-02T01:23:55.775Z  INFO 479 --- [qwen-managed-agent-server] [           main] o.f.core.internal.command.DbMigrate      : Migrating schema "public" to version "23 - managed mcp records"
2026-10-02T01:23:55.776Z  INFO 479 --- [qwen-managed-agent-server] [           main] o.f.core.internal.command.DbMigrate      : Migrating schema "public" to version "24 - managed actions"
2026-10-02T01:23:55.779Z  INFO 479 --- [qwen-managed-agent-server] [           main] o.f.core.internal.command.DbMigrate      : Migrating schema "public" to version "25 - verified workspace mount"
2026-10-02T01:23:55.782Z  INFO 479 --- [qwen-managed-agent-server] [           main] o.f.core.internal.command.DbMigrate      : Migrating schema "public" to version "26 - managed tool result projection"
2026-10-02T01:23:55.783Z  INFO 479 --- [qwen-managed-agent-server] [           main] o.f.core.internal.command.DbMigrate      : Migrating schema "public" to version "27 - managed hook records"
2026-10-02T01:23:55.785Z  INFO 479 --- [qwen-managed-agent-server] [           main] o.f.core.internal.command.DbMigrate      : Migrating schema "public" to version "28 - workspace recovery bundle"
2026-10-02T01:23:55.785Z  INFO 479 --- [qwen-managed-agent-server] [           main] o.f.core.internal.command.DbMigrate      : Successfully applied 28 migrations to schema "public", now at version v28 (execution time 00:00.018s)
2026-10-02T01:23:55.793Z  INFO 479 --- [qwen-managed-agent-server] [           main] org.flywaydb.core.FlywayExecutor         : Database: jdbc:h2:mem:publication-9a3930a5-589a-4650-888e-e5b27dbffe15 (H2 2.3)
2026-10-02T01:23:55.797Z  INFO 479 --- [qwen-managed-agent-server] [           main] o.f.c.i.s.JdbcTableSchemaHistory         : Schema history table "public"."flyway_schema_history" does not exist yet
2026-10-02T01:23:55.797Z  INFO 479 --- [qwen-managed-agent-server] [           main] o.f.core.internal.command.DbValidate     : Successfully validated 28 migrations (execution time 00:00.002s)
2026-10-02T01:23:55.797Z  INFO 479 --- [qwen-managed-agent-server] [           main] o.f.c.i.s.JdbcTableSchemaHistory         : Creating Schema History table "public"."flyway_schema_history" ...
2026-10-02T01:23:55.798Z  INFO 479 --- [qwen-managed-agent-server] [           main] o.f.core.internal.command.DbMigrate      : Current version of schema "public": << Empty Schema >>
2026-10-02T01:23:55.799Z  INFO 479 --- [qwen-managed-agent-server] [           main] o.f.core.internal.command.DbMigrate      : Migrating schema "public" to version "1 - managed agent core"
2026-10-02T01:23:55.801Z  INFO 479 --- [qwen-managed-agent-server] [           main] o.f.core.internal.command.DbMigrate      : Migrating schema "public" to version "2 - managed agent projection"
2026-10-02T01:23:55.803Z  INFO 479 --- [qwen-managed-agent-server] [           main] o.f.core.internal.command.DbMigrate      : Migrating schema "public" to version "3 - runtime broker"
2026-10-02T01:23:55.804Z  INFO 479 --- [qwen-managed-agent-server] [           main] o.f.core.internal.command.DbMigrate      : Migrating schema "public" to version "4 - managed session store"
2026-10-02T01:23:55.805Z  INFO 479 --- [qwen-managed-agent-server] [           main] o.f.core.internal.command.DbMigrate      : Migrating schema "public" to version "5 - managed session lifecycle"
2026-10-02T01:23:55.807Z  INFO 479 --- [qwen-managed-agent-server] [           main] o.f.core.internal.command.DbMigrate      : Migrating schema "public" to version "6 - managed turn retry"
2026-10-02T01:23:55.808Z  INFO 479 --- [qwen-managed-agent-server] [           main] o.f.core.internal.command.DbMigrate      : Migrating schema "public" to version "7 - managed workspace binding"
2026-10-02T01:23:55.813Z  INFO 479 --- [qwen-managed-agent-server] [           main] o.f.core.internal.command.DbMigrate      : Migrating schema "public" to version "8 - managed workspace registry"
2026-10-02T01:23:55.814Z  INFO 479 --- [qwen-managed-agent-server] [           main] o.f.core.internal.command.DbMigrate      : Migrating schema "public" to version "9 - managed workspace creation command"
2026-10-02T01:23:55.815Z  INFO 479 --- [qwen-managed-agent-server] [           main] o.f.core.internal.command.DbMigrate      : Migrating schema "public" to version "10 - managed runtime context"
2026-10-02T01:23:55.816Z  INFO 479 --- [qwen-managed-agent-server] [           main] o.f.core.internal.command.DbMigrate      : Migrating schema "public" to version "11 - workspace execution"
2026-10-02T01:23:55.817Z  INFO 479 --- [qwen-managed-agent-server] [           main] o.f.core.internal.command.DbMigrate      : Migrating schema "public" to version "12 - runtime broker schema alignment"
2026-10-02T01:23:55.819Z  INFO 479 --- [qwen-managed-agent-server] [           main] o.f.core.internal.command.DbMigrate      : Migrating schema "public" to version "13 - managed session agent revision"
2026-10-02T01:23:55.820Z  INFO 479 --- [qwen-managed-agent-server] [           main] o.f.core.internal.command.DbMigrate      : Migrating schema "public" to version "14 - managed event replay"
2026-10-02T01:23:55.823Z  INFO 479 --- [qwen-managed-agent-server] [           main] o.f.core.internal.command.DbMigrate      : Migrating schema "public" to version "15 - managed event identity"
2026-10-02T01:23:55.823Z  INFO 479 --- [qwen-managed-agent-server] [           main] o.f.core.internal.command.DbMigrate      : Migrating schema "public" to version "16 - runtime loss evidence"
2026-10-02T01:23:55.826Z  INFO 479 --- [qwen-managed-agent-server] [           main] o.f.core.internal.command.DbMigrate      : Migrating schema "public" to version "17 - managed session operation"
2026-10-02T01:23:55.827Z  INFO 479 --- [qwen-managed-agent-server] [           main] o.f.core.internal.command.DbMigrate      : Migrating schema "public" to version "18 - managed extension record"
2026-10-02T01:23:55.828Z  INFO 479 --- [qwen-managed-agent-server] [           main] o.f.core.internal.command.DbMigrate      : Migrating schema "public" to version "19 - workspace operator recovery"
2026-10-02T01:23:55.829Z  INFO 479 --- [qwen-managed-agent-server] [           main] o.f.core.internal.command.DbMigrate      : Migrating schema "public" to version "20 - managed tool publication"
2026-10-02T01:23:55.830Z  INFO 479 --- [qwen-managed-agent-server] [           main] o.f.core.internal.command.DbMigrate      : Migrating schema "public" to version "21 - managed tool publication objects"
2026-10-02T01:23:55.837Z  INFO 479 --- [qwen-managed-agent-server] [           main] o.f.core.internal.command.DbMigrate      : Migrating schema "public" to version "22 - managed tool publication recovery"
2026-10-02T01:23:55.839Z  INFO 479 --- [qwen-managed-agent-server] [           main] o.f.core.internal.command.DbMigrate      : Migrating schema "public" to version "23 - managed mcp records"
2026-10-02T01:23:55.840Z  INFO 479 --- [qwen-managed-agent-server] [           main] o.f.core.internal.command.DbMigrate      : Migrating schema "public" to version "24 - managed actions"
2026-10-02T01:23:55.844Z  INFO 479 --- [qwen-managed-agent-server] [           main] o.f.core.internal.command.DbMigrate      : Migrating schema "public" to version "25 - verified workspace mount"
2026-10-02T01:23:55.847Z  INFO 479 --- [qwen-managed-agent-server] [           main] o.f.core.internal.command.DbMigrate      : Migrating schema "public" to version "26 - managed tool result projection"
2026-10-02T01:23:55.849Z  INFO 479 --- [qwen-managed-agent-server] [           main] o.f.core.internal.command.DbMigrate      : Migrating schema "public" to version "27 - managed hook records"
2026-10-02T01:23:55.850Z  INFO 479 --- [qwen-managed-agent-server] [           main] o.f.core.internal.command.DbMigrate      : Migrating schema "public" to version "28 - workspace recovery bundle"
2026-10-02T01:23:55.851Z  INFO 479 --- [qwen-managed-agent-server] [           main] o.f.core.internal.command.DbMigrate      : Successfully applied 28 migrations to schema "public", now at version v28 (execution time 00:00.020s)
2026-10-02T01:23:56.030Z  WARN 479 --- [qwen-managed-agent-server] [           main] c.a.q.c.m.s.ManagedToolResultProjector   : Managed tool result projection failed result=result_2cfafc7d888110d51e955a9816b826fe3fd617141bbf38748bf6116b0efc5d69 code=tool_result_source_unavailable cause=IllegalStateException
2026-10-02T01:23:56.040Z  INFO 479 --- [qwen-managed-agent-server] [           main] org.flywaydb.core.FlywayExecutor         : Database: jdbc:h2:mem:publication-7f6a7624-fd53-4e26-9c6b-bf459cea67a2 (H2 2.3)
2026-10-02T01:23:56.042Z  INFO 479 --- [qwen-managed-agent-server] [           main] o.f.c.i.s.JdbcTableSchemaHistory         : Schema history table "public"."flyway_schema_history" does not exist yet
2026-10-02T01:23:56.042Z  INFO 479 --- [qwen-managed-agent-server] [           main] o.f.core.internal.command.DbValidate     : Successfully validated 28 migrations (execution time 00:00.002s)
2026-10-02T01:23:56.043Z  INFO 479 --- [qwen-managed-agent-server] [           main] o.f.c.i.s.JdbcTableSchemaHistory         : Creating Schema History table "public"."flyway_schema_history" ...
2026-10-02T01:23:56.043Z  INFO 479 --- [qwen-managed-agent-server] [           main] o.f.core.internal.command.DbMigrate      : Current version of schema "public": << Empty Schema >>
2026-10-02T01:23:56.044Z  INFO 479 --- [qwen-managed-agent-server] [           main] o.f.core.internal.command.DbMigrate      : Migrating schema "public" to version "1 - managed agent core"
2026-10-02T01:23:56.049Z  INFO 479 --- [qwen-managed-agent-server] [           main] o.f.core.internal.command.DbMigrate      : Migrating schema "public" to version "2 - managed agent projection"
2026-10-02T01:23:56.051Z  INFO 479 --- [qwen-managed-agent-server] [           main] o.f.core.internal.command.DbMigrate      : Migrating schema "public" to version "3 - runtime broker"
2026-10-02T01:23:56.052Z  INFO 479 --- [qwen-managed-agent-server] [           main] o.f.core.internal.command.DbMigrate      : Migrating schema "public" to version "4 - managed session store"
2026-10-02T01:23:56.053Z  INFO 479 --- [qwen-managed-agent-server] [           main] o.f.core.internal.command.DbMigrate      : Migrating schema "public" to version "5 - managed session lifecycle"
2026-10-02T01:23:56.055Z  INFO 479 --- [qwen-managed-agent-server] [           main] o.f.core.internal.command.DbMigrate      : Migrating schema "public" to version "6 - managed turn retry"
2026-10-02T01:23:56.056Z  INFO 479 --- [qwen-managed-agent-server] [           main] o.f.core.internal.command.DbMigrate      : Migrating schema "public" to version "7 - managed workspace binding"
2026-10-02T01:23:56.061Z  INFO 479 --- [qwen-managed-agent-server] [           main] o.f.core.internal.command.DbMigrate      : Migrating schema "public" to version "8 - managed workspace registry"
2026-10-02T01:23:56.062Z  INFO 479 --- [qwen-managed-agent-server] [           main] o.f.core.internal.command.DbMigrate      : Migrating schema "public" to version "9 - managed workspace creation command"
2026-10-02T01:23:56.063Z  INFO 479 --- [qwen-managed-agent-server] [           main] o.f.core.internal.command.DbMigrate      : Migrating schema "public" to version "10 - managed runtime context"
2026-10-02T01:23:56.064Z  INFO 479 --- [qwen-managed-agent-server] [           main] o.f.core.internal.command.DbMigrate      : Migrating schema "public" to version "11 - workspace execution"
2026-10-02T01:23:56.065Z  INFO 479 --- [qwen-managed-agent-server] [           main] o.f.core.internal.command.DbMigrate      : Migrating schema "public" to version "12 - runtime broker schema alignment"
2026-10-02T01:23:56.068Z  INFO 479 --- [qwen-managed-agent-server] [           main] o.f.core.internal.command.DbMigrate      : Migrating schema "public" to version "13 - managed session agent revision"
2026-10-02T01:23:56.070Z  INFO 479 --- [qwen-managed-agent-server] [           main] o.f.core.internal.command.DbMigrate      : Migrating schema "public" to version "14 - managed event replay"
2026-10-02T01:23:56.073Z  INFO 479 --- [qwen-managed-agent-server] [           main] o.f.core.internal.command.DbMigrate      : Migrating schema "public" to version "15 - managed event identity"
2026-10-02T01:23:56.073Z  INFO 479 --- [qwen-managed-agent-server] [           main] o.f.core.internal.command.DbMigrate      : Migrating schema "public" to version "16 - runtime loss evidence"
2026-10-02T01:23:56.076Z  INFO 479 --- [qwen-managed-agent-server] [           main] o.f.core.internal.command.DbMigrate      : Migrating schema "public" to version "17 - managed session operation"
2026-10-02T01:23:56.077Z  INFO 479 --- [qwen-managed-agent-server] [           main] o.f.core.internal.command.DbMigrate      : Migrating schema "public" to version "18 - managed extension record"
2026-10-02T01:23:56.078Z  INFO 479 --- [qwen-managed-agent-server] [           main] o.f.core.internal.command.DbMigrate      : Migrating schema "public" to version "19 - workspace operator recovery"
2026-10-02T01:23:56.079Z  INFO 479 --- [qwen-managed-agent-server] [           main] o.f.core.internal.command.DbMigrate      : Migrating schema "public" to version "20 - managed tool publication"
2026-10-02T01:23:56.080Z  INFO 479 --- [qwen-managed-agent-server] [           main] o.f.core.internal.command.DbMigrate      : Migrating schema "public" to version "21 - managed tool publication objects"
2026-10-02T01:23:56.085Z  INFO 479 --- [qwen-managed-agent-server] [           main] o.f.core.internal.command.DbMigrate      : Migrating schema "public" to version "22 - managed tool publication recovery"
2026-10-02T01:23:56.086Z  INFO 479 --- [qwen-managed-agent-server] [           main] o.f.core.internal.command.DbMigrate      : Migrating schema "public" to version "23 - managed mcp records"
2026-10-02T01:23:56.086Z  INFO 479 --- [qwen-managed-agent-server] [           main] o.f.core.internal.command.DbMigrate      : Migrating schema "public" to version "24 - managed actions"
2026-10-02T01:23:56.089Z  INFO 479 --- [qwen-managed-agent-server] [           main] o.f.core.internal.command.DbMigrate      : Migrating schema "public" to version "25 - verified workspace mount"
2026-10-02T01:23:56.092Z  INFO 479 --- [qwen-managed-agent-server] [           main] o.f.core.internal.command.DbMigrate      : Migrating schema "public" to version "26 - managed tool result projection"
2026-10-02T01:23:56.093Z  INFO 479 --- [qwen-managed-agent-server] [           main] o.f.core.internal.command.DbMigrate      : Migrating schema "public" to version "27 - managed hook records"
2026-10-02T01:23:56.095Z  INFO 479 --- [qwen-managed-agent-server] [           main] o.f.core.internal.command.DbMigrate      : Migrating schema "public" to version "28 - workspace recovery bundle"
2026-10-02T01:23:56.095Z  INFO 479 --- [qwen-managed-agent-server] [           main] o.f.core.internal.command.DbMigrate      : Successfully applied 28 migrations to schema "public", now at version v28 (execution time 00:00.020s)
2026-10-02T01:23:56.110Z  INFO 479 --- [qwen-managed-agent-server] [           main] org.flywaydb.core.FlywayExecutor         : Database: jdbc:h2:mem:publication-ace672f7-9d76-4a0f-aa4f-b338d18d3615 (H2 2.3)
2026-10-02T01:23:56.114Z  INFO 479 --- [qwen-managed-agent-server] [           main] o.f.c.i.s.JdbcTableSchemaHistory         : Schema history table "public"."flyway_schema_history" does not exist yet
2026-10-02T01:23:56.114Z  INFO 479 --- [qwen-managed-agent-server] [           main] o.f.core.internal.command.DbValidate     : Successfully validated 28 migrations (execution time 00:00.003s)
2026-10-02T01:23:56.116Z  INFO 479 --- [qwen-managed-agent-server] [           main] o.f.c.i.s.JdbcTableSchemaHistory         : Creating Schema History table "public"."flyway_schema_history" ...
2026-10-02T01:23:56.117Z  INFO 479 --- [qwen-managed-agent-server] [           main] o.f.core.internal.command.DbMigrate      : Current version of schema "public": << Empty Schema >>
2026-10-02T01:23:56.117Z  INFO 479 --- [qwen-managed-agent-server] [           main] o.f.core.internal.command.DbMigrate      : Migrating schema "public" to version "1 - managed agent core"
2026-10-02T01:23:56.119Z  INFO 479 --- [qwen-managed-agent-server] [           main] o.f.core.internal.command.DbMigrate      : Migrating schema "public" to version "2 - managed agent projection"
2026-10-02T01:23:56.121Z  INFO 479 --- [qwen-managed-agent-server] [           main] o.f.core.internal.command.DbMigrate      : Migrating schema "public" to version "3 - runtime broker"
2026-10-02T01:23:56.122Z  INFO 479 --- [qwen-managed-agent-server] [           main] o.f.core.internal.command.DbMigrate      : Migrating schema "public" to version "4 - managed session store"
2026-10-02T01:23:56.123Z  INFO 479 --- [qwen-managed-agent-server] [           main] o.f.core.internal.command.DbMigrate      : Migrating schema "public" to version "5 - managed session lifecycle"
2026-10-02T01:23:56.124Z  INFO 479 --- [qwen-managed-agent-server] [           main] o.f.core.internal.command.DbMigrate      : Migrating schema "public" to version "6 - managed turn retry"
2026-10-02T01:23:56.126Z  INFO 479 --- [qwen-managed-agent-server] [           main] o.f.core.internal.command.DbMigrate      : Migrating schema "public" to version "7 - managed workspace binding"
2026-10-02T01:23:56.130Z  INFO 479 --- [qwen-managed-agent-server] [           main] o.f.core.internal.command.DbMigrate      : Migrating schema "public" to version "8 - managed workspace registry"
2026-10-02T01:23:56.131Z  INFO 479 --- [qwen-managed-agent-server] [           main] o.f.core.internal.command.DbMigrate      : Migrating schema "public" to version "9 - managed workspace creation command"
2026-10-02T01:23:56.132Z  INFO 479 --- [qwen-managed-agent-server] [           main] o.f.core.internal.command.DbMigrate      : Migrating schema "public" to version "10 - managed runtime context"
2026-10-02T01:23:56.133Z  INFO 479 --- [qwen-managed-agent-server] [           main] o.f.core.internal.command.DbMigrate      : Migrating schema "public" to version "11 - workspace execution"
2026-10-02T01:23:56.134Z  INFO 479 --- [qwen-managed-agent-server] [           main] o.f.core.internal.command.DbMigrate      : Migrating schema "public" to version "12 - runtime broker schema alignment"
2026-10-02T01:23:56.136Z  INFO 479 --- [qwen-managed-agent-server] [           main] o.f.core.internal.command.DbMigrate      : Migrating schema "public" to version "13 - managed session agent revision"
2026-10-02T01:23:56.137Z  INFO 479 --- [qwen-managed-agent-server] [           main] o.f.core.internal.command.DbMigrate      : Migrating schema "public" to version "14 - managed event replay"
2026-10-02T01:23:56.139Z  INFO 479 --- [qwen-managed-agent-server] [           main] o.f.core.internal.command.DbMigrate      : Migrating schema "public" to version "15 - managed event identity"
2026-10-02T01:23:56.140Z  INFO 479 --- [qwen-managed-agent-server] [           main] o.f.core.internal.command.DbMigrate      : Migrating schema "public" to version "16 - runtime loss evidence"
2026-10-02T01:23:56.143Z  INFO 479 --- [qwen-managed-agent-server] [           main] o.f.core.internal.command.DbMigrate      : Migrating schema "public" to version "17 - managed session operation"
2026-10-02T01:23:56.144Z  INFO 479 --- [qwen-managed-agent-server] [           main] o.f.core.internal.command.DbMigrate      : Migrating schema "public" to version "18 - managed extension record"
2026-10-02T01:23:56.145Z  INFO 479 --- [qwen-managed-agent-server] [           main] o.f.core.internal.command.DbMigrate      : Migrating schema "public" to version "19 - workspace operator recovery"
2026-10-02T01:23:56.146Z  INFO 479 --- [qwen-managed-agent-server] [           main] o.f.core.internal.command.DbMigrate      : Migrating schema "public" to version "20 - managed tool publication"
2026-10-02T01:23:56.147Z  INFO 479 --- [qwen-managed-agent-server] [           main] o.f.core.internal.command.DbMigrate      : Migrating schema "public" to version "21 - managed tool publication objects"
2026-10-02T01:23:56.153Z  INFO 479 --- [qwen-managed-agent-server] [           main] o.f.core.internal.command.DbMigrate      : Migrating schema "public" to version "22 - managed tool publication recovery"
2026-10-02T01:23:56.154Z  INFO 479 --- [qwen-managed-agent-server] [           main] o.f.core.internal.command.DbMigrate      : Migrating schema "public" to version "23 - managed mcp records"
2026-10-02T01:23:56.155Z  INFO 479 --- [qwen-managed-agent-server] [           main] o.f.core.internal.command.DbMigrate      : Migrating schema "public" to version "24 - managed actions"
2026-10-02T01:23:56.158Z  INFO 479 --- [qwen-managed-agent-server] [           main] o.f.core.internal.command.DbMigrate      : Migrating schema "public" to version "25 - verified workspace mount"
2026-10-02T01:23:56.160Z  INFO 479 --- [qwen-managed-agent-server] [           main] o.f.core.internal.command.DbMigrate      : Migrating schema "public" to version "26 - managed tool result projection"
2026-10-02T01:23:56.165Z  INFO 479 --- [qwen-managed-agent-server] [           main] o.f.core.internal.command.DbMigrate      : Migrating schema "public" to version "27 - managed hook records"
2026-10-02T01:23:56.167Z  INFO 479 --- [qwen-managed-agent-server] [           main] o.f.core.internal.command.DbMigrate      : Migrating schema "public" to version "28 - workspace recovery bundle"
2026-10-02T01:23:56.172Z  INFO 479 --- [qwen-managed-agent-server] [           main] o.f.core.internal.command.DbMigrate      : Successfully applied 28 migrations to schema "public", now at version v28 (execution time 00:00.016s)
2026-10-02T01:24:00.226Z  INFO 479 --- [qwen-managed-agent-server] [           main] org.flywaydb.core.FlywayExecutor         : Database: jdbc:h2:mem:publication-d1a52287-7cd5-44d8-a64e-a06c69d5e3d5 (H2 2.3)
2026-10-02T01:24:00.230Z  INFO 479 --- [qwen-managed-agent-server] [           main] o.f.c.i.s.JdbcTableSchemaHistory         : Schema history table "public"."flyway_schema_history" does not exist yet
2026-10-02T01:24:00.230Z  INFO 479 --- [qwen-managed-agent-server] [           main] o.f.core.internal.command.DbValidate     : Successfully validated 28 migrations (execution time 00:00.002s)
2026-10-02T01:24:00.231Z  INFO 479 --- [qwen-managed-agent-server] [           main] o.f.c.i.s.JdbcTableSchemaHistory         : Creating Schema History table "public"."flyway_schema_history" ...
2026-10-02T01:24:00.233Z  INFO 479 --- [qwen-managed-agent-server] [           main] o.f.core.internal.command.DbMigrate      : Current version of schema "public": << Empty Schema >>
2026-10-02T01:24:00.234Z  INFO 479 --- [qwen-managed-agent-server] [           main] o.f.core.internal.command.DbMigrate      : Migrating schema "public" to version "1 - managed agent core"
2026-10-02T01:24:00.236Z  INFO 479 --- [qwen-managed-agent-server] [           main] o.f.core.internal.command.DbMigrate      : Migrating schema "public" to version "2 - managed agent projection"
2026-10-02T01:24:00.237Z  INFO 479 --- [qwen-managed-agent-server] [           main] o.f.core.internal.command.DbMigrate      : Migrating schema "public" to version "3 - runtime broker"
2026-10-02T01:24:00.239Z  INFO 479 --- [qwen-managed-agent-server] [           main] o.f.core.internal.command.DbMigrate      : Migrating schema "public" to version "4 - managed session store"
2026-10-02T01:24:00.240Z  INFO 479 --- [qwen-managed-agent-server] [           main] o.f.core.internal.command.DbMigrate      : Migrating schema "public" to version "5 - managed session lifecycle"
2026-10-02T01:24:00.241Z  INFO 479 --- [qwen-managed-agent-server] [           main] o.f.core.internal.command.DbMigrate      : Migrating schema "public" to version "6 - managed turn retry"
2026-10-02T01:24:00.243Z  INFO 479 --- [qwen-managed-agent-server] [           main] o.f.core.internal.command.DbMigrate      : Migrating schema "public" to version "7 - managed workspace binding"
2026-10-02T01:24:00.259Z  INFO 479 --- [qwen-managed-agent-server] [           main] o.f.core.internal.command.DbMigrate      : Migrating schema "public" to version "8 - managed workspace registry"
2026-10-02T01:24:00.261Z  INFO 479 --- [qwen-managed-agent-server] [           main] o.f.core.internal.command.DbMigrate      : Migrating schema "public" to version "9 - managed workspace creation command"
2026-10-02T01:24:00.262Z  INFO 479 --- [qwen-managed-agent-server] [           main] o.f.core.internal.command.DbMigrate      : Migrating schema "public" to version "10 - managed runtime context"
2026-10-02T01:24:00.264Z  INFO 479 --- [qwen-managed-agent-server] [           main] o.f.core.internal.command.DbMigrate      : Migrating schema "public" to version "11 - workspace execution"
2026-10-02T01:24:00.265Z  INFO 479 --- [qwen-managed-agent-server] [           main] o.f.core.internal.command.DbMigrate      : Migrating schema "public" to version "12 - runtime broker schema alignment"
2026-10-02T01:24:00.268Z  INFO 479 --- [qwen-managed-agent-server] [           main] o.f.core.internal.command.DbMigrate      : Migrating schema "public" to version "13 - managed session agent revision"
2026-10-02T01:24:00.269Z  INFO 479 --- [qwen-managed-agent-server] [           main] o.f.core.internal.command.DbMigrate      : Migrating schema "public" to version "14 - managed event replay"
2026-10-02T01:24:00.272Z  INFO 479 --- [qwen-managed-agent-server] [           main] o.f.core.internal.command.DbMigrate      : Migrating schema "public" to version "15 - managed event identity"
2026-10-02T01:24:00.273Z  INFO 479 --- [qwen-managed-agent-server] [           main] o.f.core.internal.command.DbMigrate      : Migrating schema "public" to version "16 - runtime loss evidence"
2026-10-02T01:24:00.276Z  INFO 479 --- [qwen-managed-agent-server] [           main] o.f.core.internal.command.DbMigrate      : Migrating schema "public" to version "17 - managed session operation"
2026-10-02T01:24:00.277Z  INFO 479 --- [qwen-managed-agent-server] [           main] o.f.core.internal.command.DbMigrate      : Migrating schema "public" to version "18 - managed extension record"
2026-10-02T01:24:00.278Z  INFO 479 --- [qwen-managed-agent-server] [           main] o.f.core.internal.command.DbMigrate      : Migrating schema "public" to version "19 - workspace operator recovery"
2026-10-02T01:24:00.279Z  INFO 479 --- [qwen-managed-agent-server] [           main] o.f.core.internal.command.DbMigrate      : Migrating schema "public" to version "20 - managed tool publication"
2026-10-02T01:24:00.280Z  INFO 479 --- [qwen-managed-agent-server] [           main] o.f.core.internal.command.DbMigrate      : Migrating schema "public" to version "21 - managed tool publication objects"
2026-10-02T01:24:00.288Z  INFO 479 --- [qwen-managed-agent-server] [           main] o.f.core.internal.command.DbMigrate      : Migrating schema "public" to version "22 - managed tool publication recovery"
2026-10-02T01:24:00.289Z  INFO 479 --- [qwen-managed-agent-server] [           main] o.f.core.internal.command.DbMigrate      : Migrating schema "public" to version "23 - managed mcp records"
2026-10-02T01:24:00.290Z  INFO 479 --- [qwen-managed-agent-server] [           main] o.f.core.internal.command.DbMigrate      : Migrating schema "public" to version "24 - managed actions"
2026-10-02T01:24:00.294Z  INFO 479 --- [qwen-managed-agent-server] [           main] o.f.core.internal.command.DbMigrate      : Migrating schema "public" to version "25 - verified workspace mount"
2026-10-02T01:24:00.297Z  INFO 479 --- [qwen-managed-agent-server] [           main] o.f.core.internal.command.DbMigrate      : Migrating schema "public" to version "26 - managed tool result projection"
2026-10-02T01:24:00.299Z  INFO 479 --- [qwen-managed-agent-server] [           main] o.f.core.internal.command.DbMigrate      : Migrating schema "public" to version "27 - managed hook records"
2026-10-02T01:24:00.300Z  INFO 479 --- [qwen-managed-agent-server] [           main] o.f.core.internal.command.DbMigrate      : Migrating schema "public" to version "28 - workspace recovery bundle"
2026-10-02T01:24:00.301Z  INFO 479 --- [qwen-managed-agent-server] [           main] o.f.core.internal.command.DbMigrate      : Successfully applied 28 migrations to schema "public", now at version v28 (execution time 00:00.022s)
2026-10-02T01:24:00.317Z  INFO 479 --- [qwen-managed-agent-server] [           main] org.flywaydb.core.FlywayExecutor         : Database: jdbc:h2:mem:publication-2a0ebb16-49b1-45f9-857f-554dd9663b45 (H2 2.3)
2026-10-02T01:24:00.320Z  INFO 479 --- [qwen-managed-agent-server] [           main] o.f.c.i.s.JdbcTableSchemaHistory         : Schema history table "public"."flyway_schema_history" does not exist yet
2026-10-02T01:24:00.320Z  INFO 479 --- [qwen-managed-agent-server] [           main] o.f.core.internal.command.DbValidate     : Successfully validated 28 migrations (execution time 00:00.002s)
2026-10-02T01:24:00.321Z  INFO 479 --- [qwen-managed-agent-server] [           main] o.f.c.i.s.JdbcTableSchemaHistory         : Creating Schema History table "public"."flyway_schema_history" ...
2026-10-02T01:24:00.322Z  INFO 479 --- [qwen-managed-agent-server] [           main] o.f.core.internal.command.DbMigrate      : Current version of schema "public": << Empty Schema >>
2026-10-02T01:24:00.322Z  INFO 479 --- [qwen-managed-agent-server] [           main] o.f.core.internal.command.DbMigrate      : Migrating schema "public" to version "1 - managed agent core"
2026-10-02T01:24:00.324Z  INFO 479 --- [qwen-managed-agent-server] [           main] o.f.core.internal.command.DbMigrate      : Migrating schema "public" to version "2 - managed agent projection"
2026-10-02T01:24:00.326Z  INFO 479 --- [qwen-managed-agent-server] [           main] o.f.core.internal.command.DbMigrate      : Migrating schema "public" to version "3 - runtime broker"
2026-10-02T01:24:00.327Z  INFO 479 --- [qwen-managed-agent-server] [           main] o.f.core.internal.command.DbMigrate      : Migrating schema "public" to version "4 - managed session store"
2026-10-02T01:24:00.328Z  INFO 479 --- [qwen-managed-agent-server] [           main] o.f.core.internal.command.DbMigrate      : Migrating schema "public" to version "5 - managed session lifecycle"
2026-10-02T01:24:00.330Z  INFO 479 --- [qwen-managed-agent-server] [           main] o.f.core.internal.command.DbMigrate      : Migrating schema "public" to version "6 - managed turn retry"
2026-10-02T01:24:00.332Z  INFO 479 --- [qwen-managed-agent-server] [           main] o.f.core.internal.command.DbMigrate      : Migrating schema "public" to version "7 - managed workspace binding"
2026-10-02T01:24:00.337Z  INFO 479 --- [qwen-managed-agent-server] [           main] o.f.core.internal.command.DbMigrate      : Migrating schema "public" to version "8 - managed workspace registry"
2026-10-02T01:24:00.338Z  INFO 479 --- [qwen-managed-agent-server] [           main] o.f.core.internal.command.DbMigrate      : Migrating schema "public" to version "9 - managed workspace creation command"
2026-10-02T01:24:00.340Z  INFO 479 --- [qwen-managed-agent-server] [           main] o.f.core.internal.command.DbMigrate      : Migrating schema "public" to version "10 - managed runtime context"
2026-10-02T01:24:00.341Z  INFO 479 --- [qwen-managed-agent-server] [           main] o.f.core.internal.command.DbMigrate      : Migrating schema "public" to version "11 - workspace execution"
2026-10-02T01:24:00.342Z  INFO 479 --- [qwen-managed-agent-server] [           main] o.f.core.internal.command.DbMigrate      : Migrating schema "public" to version "12 - runtime broker schema alignment"
2026-10-02T01:24:00.344Z  INFO 479 --- [qwen-managed-agent-server] [           main] o.f.core.internal.command.DbMigrate      : Migrating schema "public" to version "13 - managed session agent revision"
2026-10-02T01:24:00.346Z  INFO 479 --- [qwen-managed-agent-server] [           main] o.f.core.internal.command.DbMigrate      : Migrating schema "public" to version "14 - managed event replay"
2026-10-02T01:24:00.349Z  INFO 479 --- [qwen-managed-agent-server] [           main] o.f.core.internal.command.DbMigrate      : Migrating schema "public" to version "15 - managed event identity"
2026-10-02T01:24:00.350Z  INFO 479 --- [qwen-managed-agent-server] [           main] o.f.core.internal.command.DbMigrate      : Migrating schema "public" to version "16 - runtime loss evidence"
2026-10-02T01:24:00.352Z  INFO 479 --- [qwen-managed-agent-server] [           main] o.f.core.internal.command.DbMigrate      : Migrating schema "public" to version "17 - managed session operation"
2026-10-02T01:24:00.354Z  INFO 479 --- [qwen-managed-agent-server] [           main] o.f.core.internal.command.DbMigrate      : Migrating schema "public" to version "18 - managed extension record"
2026-10-02T01:24:00.355Z  INFO 479 --- [qwen-managed-agent-server] [           main] o.f.core.internal.command.DbMigrate      : Migrating schema "public" to version "19 - workspace operator recovery"
2026-10-02T01:24:00.355Z  INFO 479 --- [qwen-managed-agent-server] [           main] o.f.core.internal.command.DbMigrate      : Migrating schema "public" to version "20 - managed tool publication"
2026-10-02T01:24:00.357Z  INFO 479 --- [qwen-managed-agent-server] [           main] o.f.core.internal.command.DbMigrate      : Migrating schema "public" to version "21 - managed tool publication objects"
2026-10-02T01:24:00.363Z  INFO 479 --- [qwen-managed-agent-server] [           main] o.f.core.internal.command.DbMigrate      : Migrating schema "public" to version "22 - managed tool publication recovery"
2026-10-02T01:24:00.364Z  INFO 479 --- [qwen-managed-agent-server] [           main] o.f.core.internal.command.DbMigrate      : Migrating schema "public" to version "23 - managed mcp records"
2026-10-02T01:24:00.365Z  INFO 479 --- [qwen-managed-agent-server] [           main] o.f.core.internal.command.DbMigrate      : Migrating schema "public" to version "24 - managed actions"
2026-10-02T01:24:00.369Z  INFO 479 --- [qwen-managed-agent-server] [           main] o.f.core.internal.command.DbMigrate      : Migrating schema "public" to version "25 - verified workspace mount"
2026-10-02T01:24:00.372Z  INFO 479 --- [qwen-managed-agent-server] [           main] o.f.core.internal.command.DbMigrate      : Migrating schema "public" to version "26 - managed tool result projection"
2026-10-02T01:24:00.374Z  INFO 479 --- [qwen-managed-agent-server] [           main] o.f.core.internal.command.DbMigrate      : Migrating schema "public" to version "27 - managed hook records"
2026-10-02T01:24:00.375Z  INFO 479 --- [qwen-managed-agent-server] [           main] o.f.core.internal.command.DbMigrate      : Migrating schema "public" to version "28 - workspace recovery bundle"
2026-10-02T01:24:00.376Z  INFO 479 --- [qwen-managed-agent-server] [           main] o.f.core.internal.command.DbMigrate      : Successfully applied 28 migrations to schema "public", now at version v28 (execution time 00:00.022s)
2026-10-02T01:24:07.804Z  INFO 479 --- [qwen-managed-agent-server] [           main] org.flywaydb.core.FlywayExecutor         : Database: jdbc:h2:mem:publication-0dbad62f-cd47-4563-96ab-7912da192500 (H2 2.3)
2026-10-02T01:24:07.811Z  INFO 479 --- [qwen-managed-agent-server] [           main] o.f.c.i.s.JdbcTableSchemaHistory         : Schema history table "public"."flyway_schema_history" does not exist yet
2026-10-02T01:24:07.811Z  INFO 479 --- [qwen-managed-agent-server] [           main] o.f.core.internal.command.DbValidate     : Successfully validated 28 migrations (execution time 00:00.006s)
2026-10-02T01:24:07.812Z  INFO 479 --- [qwen-managed-agent-server] [           main] o.f.c.i.s.JdbcTableSchemaHistory         : Creating Schema History table "public"."flyway_schema_history" ...
2026-10-02T01:24:07.813Z  INFO 479 --- [qwen-managed-agent-server] [           main] o.f.core.internal.command.DbMigrate      : Current version of schema "public": << Empty Schema >>
2026-10-02T01:24:07.814Z  INFO 479 --- [qwen-managed-agent-server] [           main] o.f.core.internal.command.DbMigrate      : Migrating schema "public" to version "1 - managed agent core"
2026-10-02T01:24:07.816Z  INFO 479 --- [qwen-managed-agent-server] [           main] o.f.core.internal.command.DbMigrate      : Migrating schema "public" to version "2 - managed agent projection"
2026-10-02T01:24:07.820Z  INFO 479 --- [qwen-managed-agent-server] [           main] o.f.core.internal.command.DbMigrate      : Migrating schema "public" to version "3 - runtime broker"
2026-10-02T01:24:07.822Z  INFO 479 --- [qwen-managed-agent-server] [           main] o.f.core.internal.command.DbMigrate      : Migrating schema "public" to version "4 - managed session store"
2026-10-02T01:24:07.824Z  INFO 479 --- [qwen-managed-agent-server] [           main] o.f.core.internal.command.DbMigrate      : Migrating schema "public" to version "5 - managed session lifecycle"
2026-10-02T01:24:07.831Z  INFO 479 --- [qwen-managed-agent-server] [           main] o.f.core.internal.command.DbMigrate      : Migrating schema "public" to version "6 - managed turn retry"
2026-10-02T01:24:07.833Z  INFO 479 --- [qwen-managed-agent-server] [           main] o.f.core.internal.command.DbMigrate      : Migrating schema "public" to version "7 - managed workspace binding"
2026-10-02T01:24:07.847Z  INFO 479 --- [qwen-managed-agent-server] [           main] o.f.core.internal.command.DbMigrate      : Migrating schema "public" to version "8 - managed workspace registry"
2026-10-02T01:24:07.848Z  INFO 479 --- [qwen-managed-agent-server] [           main] o.f.core.internal.command.DbMigrate      : Migrating schema "public" to version "9 - managed workspace creation command"
2026-10-02T01:24:07.849Z  INFO 479 --- [qwen-managed-agent-server] [           main] o.f.core.internal.command.DbMigrate      : Migrating schema "public" to version "10 - managed runtime context"
2026-10-02T01:24:07.853Z  INFO 479 --- [qwen-managed-agent-server] [           main] o.f.core.internal.command.DbMigrate      : Migrating schema "public" to version "11 - workspace execution"
2026-10-02T01:24:07.854Z  INFO 479 --- [qwen-managed-agent-server] [           main] o.f.core.internal.command.DbMigrate      : Migrating schema "public" to version "12 - runtime broker schema alignment"
2026-10-02T01:24:07.857Z  INFO 479 --- [qwen-managed-agent-server] [           main] o.f.core.internal.command.DbMigrate      : Migrating schema "public" to version "13 - managed session agent revision"
2026-10-02T01:24:07.860Z  INFO 479 --- [qwen-managed-agent-server] [           main] o.f.core.internal.command.DbMigrate      : Migrating schema "public" to version "14 - managed event replay"
2026-10-02T01:24:07.863Z  INFO 479 --- [qwen-managed-agent-server] [           main] o.f.core.internal.command.DbMigrate      : Migrating schema "public" to version "15 - managed event identity"
2026-10-02T01:24:07.864Z  INFO 479 --- [qwen-managed-agent-server] [           main] o.f.core.internal.command.DbMigrate      : Migrating schema "public" to version "16 - runtime loss evidence"
2026-10-02T01:24:07.869Z  INFO 479 --- [qwen-managed-agent-server] [           main] o.f.core.internal.command.DbMigrate      : Migrating schema "public" to version "17 - managed session operation"
2026-10-02T01:24:07.870Z  INFO 479 --- [qwen-managed-agent-server] [           main] o.f.core.internal.command.DbMigrate      : Migrating schema "public" to version "18 - managed extension record"
2026-10-02T01:24:07.872Z  INFO 479 --- [qwen-managed-agent-server] [           main] o.f.core.internal.command.DbMigrate      : Migrating schema "public" to version "19 - workspace operator recovery"
2026-10-02T01:24:07.874Z  INFO 479 --- [qwen-managed-agent-server] [           main] o.f.core.internal.command.DbMigrate      : Migrating schema "public" to version "20 - managed tool publication"
2026-10-02T01:24:07.875Z  INFO 479 --- [qwen-managed-agent-server] [           main] o.f.core.internal.command.DbMigrate      : Migrating schema "public" to version "21 - managed tool publication objects"
2026-10-02T01:24:07.888Z  INFO 479 --- [qwen-managed-agent-server] [           main] o.f.core.internal.command.DbMigrate      : Migrating schema "public" to version "22 - managed tool publication recovery"
2026-10-02T01:24:07.889Z  INFO 479 --- [qwen-managed-agent-server] [           main] o.f.core.internal.command.DbMigrate      : Migrating schema "public" to version "23 - managed mcp records"
2026-10-02T01:24:07.890Z  INFO 479 --- [qwen-managed-agent-server] [           main] o.f.core.internal.command.DbMigrate      : Migrating schema "public" to version "24 - managed actions"
2026-10-02T01:24:07.895Z  INFO 479 --- [qwen-managed-agent-server] [           main] o.f.core.internal.command.DbMigrate      : Migrating schema "public" to version "25 - verified workspace mount"
2026-10-02T01:24:07.898Z  INFO 479 --- [qwen-managed-agent-server] [           main] o.f.core.internal.command.DbMigrate      : Migrating schema "public" to version "26 - managed tool result projection"
2026-10-02T01:24:07.901Z  INFO 479 --- [qwen-managed-agent-server] [           main] o.f.core.internal.command.DbMigrate      : Migrating schema "public" to version "27 - managed hook records"
2026-10-02T01:24:07.904Z  INFO 479 --- [qwen-managed-agent-server] [           main] o.f.core.internal.command.DbMigrate      : Migrating schema "public" to version "28 - workspace recovery bundle"
2026-10-02T01:24:07.906Z  INFO 479 --- [qwen-managed-agent-server] [           main] o.f.core.internal.command.DbMigrate      : Successfully applied 28 migrations to schema "public", now at version v28 (execution time 00:00.046s)
2026-10-02T01:24:07.939Z  INFO 479 --- [qwen-managed-agent-server] [           main] org.flywaydb.core.FlywayExecutor         : Database: jdbc:h2:mem:publication-5a7096e2-a963-4b5c-a941-3bec569556c3 (H2 2.3)
2026-10-02T01:24:07.943Z  INFO 479 --- [qwen-managed-agent-server] [           main] o.f.c.i.s.JdbcTableSchemaHistory         : Schema history table "public"."flyway_schema_history" does not exist yet
2026-10-02T01:24:07.943Z  INFO 479 --- [qwen-managed-agent-server] [           main] o.f.core.internal.command.DbValidate     : Successfully validated 28 migrations (execution time 00:00.003s)
2026-10-02T01:24:07.944Z  INFO 479 --- [qwen-managed-agent-server] [           main] o.f.c.i.s.JdbcTableSchemaHistory         : Creating Schema History table "public"."flyway_schema_history" ...
2026-10-02T01:24:07.945Z  INFO 479 --- [qwen-managed-agent-server] [           main] o.f.core.internal.command.DbMigrate      : Current version of schema "public": << Empty Schema >>
2026-10-02T01:24:07.947Z  INFO 479 --- [qwen-managed-agent-server] [           main] o.f.core.internal.command.DbMigrate      : Migrating schema "public" to version "1 - managed agent core"
2026-10-02T01:24:07.948Z  INFO 479 --- [qwen-managed-agent-server] [           main] o.f.core.internal.command.DbMigrate      : Migrating schema "public" to version "2 - managed agent projection"
2026-10-02T01:24:07.952Z  INFO 479 --- [qwen-managed-agent-server] [           main] o.f.core.internal.command.DbMigrate      : Migrating schema "public" to version "3 - runtime broker"
2026-10-02T01:24:07.954Z  INFO 479 --- [qwen-managed-agent-server] [           main] o.f.core.internal.command.DbMigrate      : Migrating schema "public" to version "4 - managed session store"
2026-10-02T01:24:07.955Z  INFO 479 --- [qwen-managed-agent-server] [           main] o.f.core.internal.command.DbMigrate      : Migrating schema "public" to version "5 - managed session lifecycle"
2026-10-02T01:24:07.960Z  INFO 479 --- [qwen-managed-agent-server] [           main] o.f.core.internal.command.DbMigrate      : Migrating schema "public" to version "6 - managed turn retry"
2026-10-02T01:24:07.964Z  INFO 479 --- [qwen-managed-agent-server] [           main] o.f.core.internal.command.DbMigrate      : Migrating schema "public" to version "7 - managed workspace binding"
2026-10-02T01:24:07.971Z  INFO 479 --- [qwen-managed-agent-server] [           main] o.f.core.internal.command.DbMigrate      : Migrating schema "public" to version "8 - managed workspace registry"
2026-10-02T01:24:07.974Z  INFO 479 --- [qwen-managed-agent-server] [           main] o.f.core.internal.command.DbMigrate      : Migrating schema "public" to version "9 - managed workspace creation command"
2026-10-02T01:24:07.975Z  INFO 479 --- [qwen-managed-agent-server] [           main] o.f.core.internal.command.DbMigrate      : Migrating schema "public" to version "10 - managed runtime context"
2026-10-02T01:24:07.978Z  INFO 479 --- [qwen-managed-agent-server] [           main] o.f.core.internal.command.DbMigrate      : Migrating schema "public" to version "11 - workspace execution"
2026-10-02T01:24:07.980Z  INFO 479 --- [qwen-managed-agent-server] [           main] o.f.core.internal.command.DbMigrate      : Migrating schema "public" to version "12 - runtime broker schema alignment"
2026-10-02T01:24:07.983Z  INFO 479 --- [qwen-managed-agent-server] [           main] o.f.core.internal.command.DbMigrate      : Migrating schema "public" to version "13 - managed session agent revision"
2026-10-02T01:24:07.985Z  INFO 479 --- [qwen-managed-agent-server] [           main] o.f.core.internal.command.DbMigrate      : Migrating schema "public" to version "14 - managed event replay"
2026-10-02T01:24:07.988Z  INFO 479 --- [qwen-managed-agent-server] [           main] o.f.core.internal.command.DbMigrate      : Migrating schema "public" to version "15 - managed event identity"
2026-10-02T01:24:07.989Z  INFO 479 --- [qwen-managed-agent-server] [           main] o.f.core.internal.command.DbMigrate      : Migrating schema "public" to version "16 - runtime loss evidence"
2026-10-02T01:24:07.995Z  INFO 479 --- [qwen-managed-agent-server] [           main] o.f.core.internal.command.DbMigrate      : Migrating schema "public" to version "17 - managed session operation"
2026-10-02T01:24:07.996Z  INFO 479 --- [qwen-managed-agent-server] [           main] o.f.core.internal.command.DbMigrate      : Migrating schema "public" to version "18 - managed extension record"
2026-10-02T01:24:07.997Z  INFO 479 --- [qwen-managed-agent-server] [           main] o.f.core.internal.command.DbMigrate      : Migrating schema "public" to version "19 - workspace operator recovery"
2026-10-02T01:24:07.998Z  INFO 479 --- [qwen-managed-agent-server] [           main] o.f.core.internal.command.DbMigrate      : Migrating schema "public" to version "20 - managed tool publication"
2026-10-02T01:24:07.999Z  INFO 479 --- [qwen-managed-agent-server] [           main] o.f.core.internal.command.DbMigrate      : Migrating schema "public" to version "21 - managed tool publication objects"
2026-10-02T01:24:08.005Z  INFO 479 --- [qwen-managed-agent-server] [           main] o.f.core.internal.command.DbMigrate      : Migrating schema "public" to version "22 - managed tool publication recovery"
2026-10-02T01:24:08.006Z  INFO 479 --- [qwen-managed-agent-server] [           main] o.f.core.internal.command.DbMigrate      : Migrating schema "public" to version "23 - managed mcp records"
2026-10-02T01:24:08.007Z  INFO 479 --- [qwen-managed-agent-server] [           main] o.f.core.internal.command.DbMigrate      : Migrating schema "public" to version "24 - managed actions"
2026-10-02T01:24:08.010Z  INFO 479 --- [qwen-managed-agent-server] [           main] o.f.core.internal.command.DbMigrate      : Migrating schema "public" to version "25 - verified workspace mount"
2026-10-02T01:24:08.013Z  INFO 479 --- [qwen-managed-agent-server] [           main] o.f.core.internal.command.DbMigrate      : Migrating schema "public" to version "26 - managed tool result projection"
2026-10-02T01:24:08.014Z  INFO 479 --- [qwen-managed-agent-server] [           main] o.f.core.internal.command.DbMigrate      : Migrating schema "public" to version "27 - managed hook records"
2026-10-02T01:24:08.015Z  INFO 479 --- [qwen-managed-agent-server] [           main] o.f.core.internal.command.DbMigrate      : Migrating schema "public" to version "28 - workspace recovery bundle"
2026-10-02T01:24:08.016Z  INFO 479 --- [qwen-managed-agent-server] [           main] o.f.core.internal.command.DbMigrate      : Successfully applied 28 migrations to schema "public", now at version v28 (execution time 00:00.031s)
2026-10-02T01:24:08.030Z  INFO 479 --- [qwen-managed-agent-server] [           main] org.flywaydb.core.FlywayExecutor         : Database: jdbc:h2:mem:publication-d1042031-acec-4e98-9405-82572eca5de9 (H2 2.3)
2026-10-02T01:24:08.032Z  INFO 479 --- [qwen-managed-agent-server] [           main] o.f.c.i.s.JdbcTableSchemaHistory         : Schema history table "public"."flyway_schema_history" does not exist yet
2026-10-02T01:24:08.033Z  INFO 479 --- [qwen-managed-agent-server] [           main] o.f.core.internal.command.DbValidate     : Successfully validated 28 migrations (execution time 00:00.002s)
2026-10-02T01:24:08.033Z  INFO 479 --- [qwen-managed-agent-server] [           main] o.f.c.i.s.JdbcTableSchemaHistory         : Creating Schema History table "public"."flyway_schema_history" ...
2026-10-02T01:24:08.034Z  INFO 479 --- [qwen-managed-agent-server] [           main] o.f.core.internal.command.DbMigrate      : Current version of schema "public": << Empty Schema >>
2026-10-02T01:24:08.035Z  INFO 479 --- [qwen-managed-agent-server] [           main] o.f.core.internal.command.DbMigrate      : Migrating schema "public" to version "1 - managed agent core"
2026-10-02T01:24:08.037Z  INFO 479 --- [qwen-managed-agent-server] [           main] o.f.core.internal.command.DbMigrate      : Migrating schema "public" to version "2 - managed agent projection"
2026-10-02T01:24:08.038Z  INFO 479 --- [qwen-managed-agent-server] [           main] o.f.core.internal.command.DbMigrate      : Migrating schema "public" to version "3 - runtime broker"
2026-10-02T01:24:08.039Z  INFO 479 --- [qwen-managed-agent-server] [           main] o.f.core.internal.command.DbMigrate      : Migrating schema "public" to version "4 - managed session store"
2026-10-02T01:24:08.040Z  INFO 479 --- [qwen-managed-agent-server] [           main] o.f.core.internal.command.DbMigrate      : Migrating schema "public" to version "5 - managed session lifecycle"
2026-10-02T01:24:08.041Z  INFO 479 --- [qwen-managed-agent-server] [           main] o.f.core.internal.command.DbMigrate      : Migrating schema "public" to version "6 - managed turn retry"
2026-10-02T01:24:08.044Z  INFO 479 --- [qwen-managed-agent-server] [           main] o.f.core.internal.command.DbMigrate      : Migrating schema "public" to version "7 - managed workspace binding"
2026-10-02T01:24:08.048Z  INFO 479 --- [qwen-managed-agent-server] [           main] o.f.core.internal.command.DbMigrate      : Migrating schema "public" to version "8 - managed workspace registry"
2026-10-02T01:24:08.049Z  INFO 479 --- [qwen-managed-agent-server] [           main] o.f.core.internal.command.DbMigrate      : Migrating schema "public" to version "9 - managed workspace creation command"
2026-10-02T01:24:08.050Z  INFO 479 --- [qwen-managed-agent-server] [           main] o.f.core.internal.command.DbMigrate      : Migrating schema "public" to version "10 - managed runtime context"
2026-10-02T01:24:08.052Z  INFO 479 --- [qwen-managed-agent-server] [           main] o.f.core.internal.command.DbMigrate      : Migrating schema "public" to version "11 - workspace execution"
2026-10-02T01:24:08.053Z  INFO 479 --- [qwen-managed-agent-server] [           main] o.f.core.internal.command.DbMigrate      : Migrating schema "public" to version "12 - runtime broker schema alignment"
2026-10-02T01:24:08.055Z  INFO 479 --- [qwen-managed-agent-server] [           main] o.f.core.internal.command.DbMigrate      : Migrating schema "public" to version "13 - managed session agent revision"
2026-10-02T01:24:08.068Z  INFO 479 --- [qwen-managed-agent-server] [           main] o.f.core.internal.command.DbMigrate      : Migrating schema "public" to version "14 - managed event replay"
2026-10-02T01:24:08.072Z  INFO 479 --- [qwen-managed-agent-server] [           main] o.f.core.internal.command.DbMigrate      : Migrating schema "public" to version "15 - managed event identity"
2026-10-02T01:24:08.073Z  INFO 479 --- [qwen-managed-agent-server] [           main] o.f.core.internal.command.DbMigrate      : Migrating schema "public" to version "16 - runtime loss evidence"
2026-10-02T01:24:08.075Z  INFO 479 --- [qwen-managed-agent-server] [           main] o.f.core.internal.command.DbMigrate      : Migrating schema "public" to version "17 - managed session operation"
2026-10-02T01:24:08.076Z  INFO 479 --- [qwen-managed-agent-server] [           main] o.f.core.internal.command.DbMigrate      : Migrating schema "public" to version "18 - managed extension record"
2026-10-02T01:24:08.076Z  INFO 479 --- [qwen-managed-agent-server] [           main] o.f.core.internal.command.DbMigrate      : Migrating schema "public" to version "19 - workspace operator recovery"
2026-10-02T01:24:08.078Z  INFO 479 --- [qwen-managed-agent-server] [           main] o.f.core.internal.command.DbMigrate      : Migrating schema "public" to version "20 - managed tool publication"
2026-10-02T01:24:08.079Z  INFO 479 --- [qwen-managed-agent-server] [           main] o.f.core.internal.command.DbMigrate      : Migrating schema "public" to version "21 - managed tool publication objects"
2026-10-02T01:24:08.083Z  INFO 479 --- [qwen-managed-agent-server] [           main] o.f.core.internal.command.DbMigrate      : Migrating schema "public" to version "22 - managed tool publication recovery"
2026-10-02T01:24:08.086Z  INFO 479 --- [qwen-managed-agent-server] [           main] o.f.core.internal.command.DbMigrate      : Migrating schema "public" to version "23 - managed mcp records"
2026-10-02T01:24:08.087Z  INFO 479 --- [qwen-managed-agent-server] [           main] o.f.core.internal.command.DbMigrate      : Migrating schema "public" to version "24 - managed actions"
2026-10-02T01:24:08.090Z  INFO 479 --- [qwen-managed-agent-server] [           main] o.f.core.internal.command.DbMigrate      : Migrating schema "public" to version "25 - verified workspace mount"
2026-10-02T01:24:08.093Z  INFO 479 --- [qwen-managed-agent-server] [           main] o.f.core.internal.command.DbMigrate      : Migrating schema "public" to version "26 - managed tool result projection"
2026-10-02T01:24:08.094Z  INFO 479 --- [qwen-managed-agent-server] [           main] o.f.core.internal.command.DbMigrate      : Migrating schema "public" to version "27 - managed hook records"
2026-10-02T01:24:08.095Z  INFO 479 --- [qwen-managed-agent-server] [           main] o.f.core.internal.command.DbMigrate      : Migrating schema "public" to version "28 - workspace recovery bundle"
2026-10-02T01:24:08.096Z  INFO 479 --- [qwen-managed-agent-server] [           main] o.f.core.internal.command.DbMigrate      : Successfully applied 28 migrations to schema "public", now at version v28 (execution time 00:00.032s)
2026-10-02T01:24:08.106Z  INFO 479 --- [qwen-managed-agent-server] [           main] org.flywaydb.core.FlywayExecutor         : Database: jdbc:h2:mem:publication-86a6ed8f-f556-4fb0-8878-8b93ed484bf3 (H2 2.3)
2026-10-02T01:24:08.109Z  INFO 479 --- [qwen-managed-agent-server] [           main] o.f.c.i.s.JdbcTableSchemaHistory         : Schema history table "public"."flyway_schema_history" does not exist yet
2026-10-02T01:24:08.109Z  INFO 479 --- [qwen-managed-agent-server] [           main] o.f.core.internal.command.DbValidate     : Successfully validated 28 migrations (execution time 00:00.003s)
2026-10-02T01:24:08.110Z  INFO 479 --- [qwen-managed-agent-server] [           main] o.f.c.i.s.JdbcTableSchemaHistory         : Creating Schema History table "public"."flyway_schema_history" ...
2026-10-02T01:24:08.110Z  INFO 479 --- [qwen-managed-agent-server] [           main] o.f.core.internal.command.DbMigrate      : Current version of schema "public": << Empty Schema >>
2026-10-02T01:24:08.111Z  INFO 479 --- [qwen-managed-agent-server] [           main] o.f.core.internal.command.DbMigrate      : Migrating schema "public" to version "1 - managed agent core"
2026-10-02T01:24:08.112Z  INFO 479 --- [qwen-managed-agent-server] [           main] o.f.core.internal.command.DbMigrate      : Migrating schema "public" to version "2 - managed agent projection"
2026-10-02T01:24:08.113Z  INFO 479 --- [qwen-managed-agent-server] [           main] o.f.core.internal.command.DbMigrate      : Migrating schema "public" to version "3 - runtime broker"
2026-10-02T01:24:08.115Z  INFO 479 --- [qwen-managed-agent-server] [           main] o.f.core.internal.command.DbMigrate      : Migrating schema "public" to version "4 - managed session store"
2026-10-02T01:24:08.116Z  INFO 479 --- [qwen-managed-agent-server] [           main] o.f.core.internal.command.DbMigrate      : Migrating schema "public" to version "5 - managed session lifecycle"
2026-10-02T01:24:08.118Z  INFO 479 --- [qwen-managed-agent-server] [           main] o.f.core.internal.command.DbMigrate      : Migrating schema "public" to version "6 - managed turn retry"
2026-10-02T01:24:08.119Z  INFO 479 --- [qwen-managed-agent-server] [           main] o.f.core.internal.command.DbMigrate      : Migrating schema "public" to version "7 - managed workspace binding"
2026-10-02T01:24:08.123Z  INFO 479 --- [qwen-managed-agent-server] [           main] o.f.core.internal.command.DbMigrate      : Migrating schema "public" to version "8 - managed workspace registry"
2026-10-02T01:24:08.124Z  INFO 479 --- [qwen-managed-agent-server] [           main] o.f.core.internal.command.DbMigrate      : Migrating schema "public" to version "9 - managed workspace creation command"
2026-10-02T01:24:08.125Z  INFO 479 --- [qwen-managed-agent-server] [           main] o.f.core.internal.command.DbMigrate      : Migrating schema "public" to version "10 - managed runtime context"
2026-10-02T01:24:08.126Z  INFO 479 --- [qwen-managed-agent-server] [           main] o.f.core.internal.command.DbMigrate      : Migrating schema "public" to version "11 - workspace execution"
2026-10-02T01:24:08.127Z  INFO 479 --- [qwen-managed-agent-server] [           main] o.f.core.internal.command.DbMigrate      : Migrating schema "public" to version "12 - runtime broker schema alignment"
2026-10-02T01:24:08.129Z  INFO 479 --- [qwen-managed-agent-server] [           main] o.f.core.internal.command.DbMigrate      : Migrating schema "public" to version "13 - managed session agent revision"
2026-10-02T01:24:08.130Z  INFO 479 --- [qwen-managed-agent-server] [           main] o.f.core.internal.command.DbMigrate      : Migrating schema "public" to version "14 - managed event replay"
2026-10-02T01:24:08.133Z  INFO 479 --- [qwen-managed-agent-server] [           main] o.f.core.internal.command.DbMigrate      : Migrating schema "public" to version "15 - managed event identity"
2026-10-02T01:24:08.134Z  INFO 479 --- [qwen-managed-agent-server] [           main] o.f.core.internal.command.DbMigrate      : Migrating schema "public" to version "16 - runtime loss evidence"
2026-10-02T01:24:08.140Z  INFO 479 --- [qwen-managed-agent-server] [           main] o.f.core.internal.command.DbMigrate      : Migrating schema "public" to version "17 - managed session operation"
2026-10-02T01:24:08.142Z  INFO 479 --- [qwen-managed-agent-server] [           main] o.f.core.internal.command.DbMigrate      : Migrating schema "public" to version "18 - managed extension record"
2026-10-02T01:24:08.142Z  INFO 479 --- [qwen-managed-agent-server] [           main] o.f.core.internal.command.DbMigrate      : Migrating schema "public" to version "19 - workspace operator recovery"
2026-10-02T01:24:08.143Z  INFO 479 --- [qwen-managed-agent-server] [           main] o.f.core.internal.command.DbMigrate      : Migrating schema "public" to version "20 - managed tool publication"
2026-10-02T01:24:08.144Z  INFO 479 --- [qwen-managed-agent-server] [           main] o.f.core.internal.command.DbMigrate      : Migrating schema "public" to version "21 - managed tool publication objects"
2026-10-02T01:24:08.149Z  INFO 479 --- [qwen-managed-agent-server] [           main] o.f.core.internal.command.DbMigrate      : Migrating schema "public" to version "22 - managed tool publication recovery"
2026-10-02T01:24:08.150Z  INFO 479 --- [qwen-managed-agent-server] [           main] o.f.core.internal.command.DbMigrate      : Migrating schema "public" to version "23 - managed mcp records"
2026-10-02T01:24:08.151Z  INFO 479 --- [qwen-managed-agent-server] [           main] o.f.core.internal.command.DbMigrate      : Migrating schema "public" to version "24 - managed actions"
2026-10-02T01:24:08.154Z  INFO 479 --- [qwen-managed-agent-server] [           main] o.f.core.internal.command.DbMigrate      : Migrating schema "public" to version "25 - verified workspace mount"
2026-10-02T01:24:08.156Z  INFO 479 --- [qwen-managed-agent-server] [           main] o.f.core.internal.command.DbMigrate      : Migrating schema "public" to version "26 - managed tool result projection"
2026-10-02T01:24:08.158Z  INFO 479 --- [qwen-managed-agent-server] [           main] o.f.core.internal.command.DbMigrate      : Migrating schema "public" to version "27 - managed hook records"
2026-10-02T01:24:08.159Z  INFO 479 --- [qwen-managed-agent-server] [           main] o.f.core.internal.command.DbMigrate      : Migrating schema "public" to version "28 - workspace recovery bundle"
2026-10-02T01:24:08.160Z  INFO 479 --- [qwen-managed-agent-server] [           main] o.f.core.internal.command.DbMigrate      : Successfully applied 28 migrations to schema "public", now at version v28 (execution time 00:00.017s)
2026-10-02T01:24:08.170Z  INFO 479 --- [qwen-managed-agent-server] [           main] org.flywaydb.core.FlywayExecutor         : Database: jdbc:h2:mem:publication-678425c9-acbb-4b6c-96c6-a889c92529cf (H2 2.3)
2026-10-02T01:24:08.173Z  INFO 479 --- [qwen-managed-agent-server] [           main] o.f.c.i.s.JdbcTableSchemaHistory         : Schema history table "public"."flyway_schema_history" does not exist yet
2026-10-02T01:24:08.173Z  INFO 479 --- [qwen-managed-agent-server] [           main] o.f.core.internal.command.DbValidate     : Successfully validated 28 migrations (execution time 00:00.002s)
2026-10-02T01:24:08.174Z  INFO 479 --- [qwen-managed-agent-server] [           main] o.f.c.i.s.JdbcTableSchemaHistory         : Creating Schema History table "public"."flyway_schema_history" ...
2026-10-02T01:24:08.174Z  INFO 479 --- [qwen-managed-agent-server] [           main] o.f.core.internal.command.DbMigrate      : Current version of schema "public": << Empty Schema >>
2026-10-02T01:24:08.175Z  INFO 479 --- [qwen-managed-agent-server] [           main] o.f.core.internal.command.DbMigrate      : Migrating schema "public" to version "1 - managed agent core"
2026-10-02T01:24:08.177Z  INFO 479 --- [qwen-managed-agent-server] [           main] o.f.core.internal.command.DbMigrate      : Migrating schema "public" to version "2 - managed agent projection"
2026-10-02T01:24:08.178Z  INFO 479 --- [qwen-managed-agent-server] [           main] o.f.core.internal.command.DbMigrate      : Migrating schema "public" to version "3 - runtime broker"
2026-10-02T01:24:08.179Z  INFO 479 --- [qwen-managed-agent-server] [           main] o.f.core.internal.command.DbMigrate      : Migrating schema "public" to version "4 - managed session store"
2026-10-02T01:24:08.180Z  INFO 479 --- [qwen-managed-agent-server] [           main] o.f.core.internal.command.DbMigrate      : Migrating schema "public" to version "5 - managed session lifecycle"
2026-10-02T01:24:08.182Z  INFO 479 --- [qwen-managed-agent-server] [           main] o.f.core.internal.command.DbMigrate      : Migrating schema "public" to version "6 - managed turn retry"
2026-10-02T01:24:08.183Z  INFO 479 --- [qwen-managed-agent-server] [           main] o.f.core.internal.command.DbMigrate      : Migrating schema "public" to version "7 - managed workspace binding"
2026-10-02T01:24:08.186Z  INFO 479 --- [qwen-managed-agent-server] [           main] o.f.core.internal.command.DbMigrate      : Migrating schema "public" to version "8 - managed workspace registry"
2026-10-02T01:24:08.188Z  INFO 479 --- [qwen-managed-agent-server] [           main] o.f.core.internal.command.DbMigrate      : Migrating schema "public" to version "9 - managed workspace creation command"
2026-10-02T01:24:08.188Z  INFO 479 --- [qwen-managed-agent-server] [           main] o.f.core.internal.command.DbMigrate      : Migrating schema "public" to version "10 - managed runtime context"
2026-10-02T01:24:08.190Z  INFO 479 --- [qwen-managed-agent-server] [           main] o.f.core.internal.command.DbMigrate      : Migrating schema "public" to version "11 - workspace execution"
2026-10-02T01:24:08.191Z  INFO 479 --- [qwen-managed-agent-server] [           main] o.f.core.internal.command.DbMigrate      : Migrating schema "public" to version "12 - runtime broker schema alignment"
2026-10-02T01:24:08.193Z  INFO 479 --- [qwen-managed-agent-server] [           main] o.f.core.internal.command.DbMigrate      : Migrating schema "public" to version "13 - managed session agent revision"
2026-10-02T01:24:08.194Z  INFO 479 --- [qwen-managed-agent-server] [           main] o.f.core.internal.command.DbMigrate      : Migrating schema "public" to version "14 - managed event replay"
2026-10-02T01:24:08.196Z  INFO 479 --- [qwen-managed-agent-server] [           main] o.f.core.internal.command.DbMigrate      : Migrating schema "public" to version "15 - managed event identity"
2026-10-02T01:24:08.196Z  INFO 479 --- [qwen-managed-agent-server] [           main] o.f.core.internal.command.DbMigrate      : Migrating schema "public" to version "16 - runtime loss evidence"
2026-10-02T01:24:08.198Z  INFO 479 --- [qwen-managed-agent-server] [           main] o.f.core.internal.command.DbMigrate      : Migrating schema "public" to version "17 - managed session operation"
2026-10-02T01:24:08.200Z  INFO 479 --- [qwen-managed-agent-server] [           main] o.f.core.internal.command.DbMigrate      : Migrating schema "public" to version "18 - managed extension record"
2026-10-02T01:24:08.201Z  INFO 479 --- [qwen-managed-agent-server] [           main] o.f.core.internal.command.DbMigrate      : Migrating schema "public" to version "19 - workspace operator recovery"
2026-10-02T01:24:08.201Z  INFO 479 --- [qwen-managed-agent-server] [           main] o.f.core.internal.command.DbMigrate      : Migrating schema "public" to version "20 - managed tool publication"
2026-10-02T01:24:08.202Z  INFO 479 --- [qwen-managed-agent-server] [           main] o.f.core.internal.command.DbMigrate      : Migrating schema "public" to version "21 - managed tool publication objects"
2026-10-02T01:24:08.207Z  INFO 479 --- [qwen-managed-agent-server] [           main] o.f.core.internal.command.DbMigrate      : Migrating schema "public" to version "22 - managed tool publication recovery"
2026-10-02T01:24:08.208Z  INFO 479 --- [qwen-managed-agent-server] [           main] o.f.core.internal.command.DbMigrate      : Migrating schema "public" to version "23 - managed mcp records"
2026-10-02T01:24:08.209Z  INFO 479 --- [qwen-managed-agent-server] [           main] o.f.core.internal.command.DbMigrate      : Migrating schema "public" to version "24 - managed actions"
2026-10-02T01:24:08.211Z  INFO 479 --- [qwen-managed-agent-server] [           main] o.f.core.internal.command.DbMigrate      : Migrating schema "public" to version "25 - verified workspace mount"
2026-10-02T01:24:08.214Z  INFO 479 --- [qwen-managed-agent-server] [           main] o.f.core.internal.command.DbMigrate      : Migrating schema "public" to version "26 - managed tool result projection"
2026-10-02T01:24:08.215Z  INFO 479 --- [qwen-managed-agent-server] [           main] o.f.core.internal.command.DbMigrate      : Migrating schema "public" to version "27 - managed hook records"
2026-10-02T01:24:08.216Z  INFO 479 --- [qwen-managed-agent-server] [           main] o.f.core.internal.command.DbMigrate      : Migrating schema "public" to version "28 - workspace recovery bundle"
2026-10-02T01:24:08.217Z  INFO 479 --- [qwen-managed-agent-server] [           main] o.f.core.internal.command.DbMigrate      : Successfully applied 28 migrations to schema "public", now at version v28 (execution time 00:00.013s)
2026-10-02T01:24:08.251Z  INFO 479 --- [qwen-managed-agent-server] [           main] org.flywaydb.core.FlywayExecutor         : Database: jdbc:h2:mem:publication-33c92d4a-3ea0-4210-8913-3bb8ceddd950 (H2 2.3)
2026-10-02T01:24:08.253Z  INFO 479 --- [qwen-managed-agent-server] [           main] o.f.c.i.s.JdbcTableSchemaHistory         : Schema history table "public"."flyway_schema_history" does not exist yet
2026-10-02T01:24:08.253Z  INFO 479 --- [qwen-managed-agent-server] [           main] o.f.core.internal.command.DbValidate     : Successfully validated 28 migrations (execution time 00:00.002s)
2026-10-02T01:24:08.253Z  INFO 479 --- [qwen-managed-agent-server] [           main] o.f.c.i.s.JdbcTableSchemaHistory         : Creating Schema History table "public"."flyway_schema_history" ...
2026-10-02T01:24:08.254Z  INFO 479 --- [qwen-managed-agent-server] [           main] o.f.core.internal.command.DbMigrate      : Current version of schema "public": << Empty Schema >>
2026-10-02T01:24:08.255Z  INFO 479 --- [qwen-managed-agent-server] [           main] o.f.core.internal.command.DbMigrate      : Migrating schema "public" to version "1 - managed agent core"
2026-10-02T01:24:08.256Z  INFO 479 --- [qwen-managed-agent-server] [           main] o.f.core.internal.command.DbMigrate      : Migrating schema "public" to version "2 - managed agent projection"
2026-10-02T01:24:08.257Z  INFO 479 --- [qwen-managed-agent-server] [           main] o.f.core.internal.command.DbMigrate      : Migrating schema "public" to version "3 - runtime broker"
2026-10-02T01:24:08.259Z  INFO 479 --- [qwen-managed-agent-server] [           main] o.f.core.internal.command.DbMigrate      : Migrating schema "public" to version "4 - managed session store"
2026-10-02T01:24:08.260Z  INFO 479 --- [qwen-managed-agent-server] [           main] o.f.core.internal.command.DbMigrate      : Migrating schema "public" to version "5 - managed session lifecycle"
2026-10-02T01:24:08.261Z  INFO 479 --- [qwen-managed-agent-server] [           main] o.f.core.internal.command.DbMigrate      : Migrating schema "public" to version "6 - managed turn retry"
2026-10-02T01:24:08.262Z  INFO 479 --- [qwen-managed-agent-server] [           main] o.f.core.internal.command.DbMigrate      : Migrating schema "public" to version "7 - managed workspace binding"
2026-10-02T01:24:08.265Z  INFO 479 --- [qwen-managed-agent-server] [           main] o.f.core.internal.command.DbMigrate      : Migrating schema "public" to version "8 - managed workspace registry"
2026-10-02T01:24:08.266Z  INFO 479 --- [qwen-managed-agent-server] [           main] o.f.core.internal.command.DbMigrate      : Migrating schema "public" to version "9 - managed workspace creation command"
2026-10-02T01:24:08.267Z  INFO 479 --- [qwen-managed-agent-server] [           main] o.f.core.internal.command.DbMigrate      : Migrating schema "public" to version "10 - managed runtime context"
2026-10-02T01:24:08.268Z  INFO 479 --- [qwen-managed-agent-server] [           main] o.f.core.internal.command.DbMigrate      : Migrating schema "public" to version "11 - workspace execution"
2026-10-02T01:24:08.269Z  INFO 479 --- [qwen-managed-agent-server] [           main] o.f.core.internal.command.DbMigrate      : Migrating schema "public" to version "12 - runtime broker schema alignment"
2026-10-02T01:24:08.271Z  INFO 479 --- [qwen-managed-agent-server] [           main] o.f.core.internal.command.DbMigrate      : Migrating schema "public" to version "13 - managed session agent revision"
2026-10-02T01:24:08.272Z  INFO 479 --- [qwen-managed-agent-server] [           main] o.f.core.internal.command.DbMigrate      : Migrating schema "public" to version "14 - managed event replay"
2026-10-02T01:24:08.274Z  INFO 479 --- [qwen-managed-agent-server] [           main] o.f.core.internal.command.DbMigrate      : Migrating schema "public" to version "15 - managed event identity"
2026-10-02T01:24:08.275Z  INFO 479 --- [qwen-managed-agent-server] [           main] o.f.core.internal.command.DbMigrate      : Migrating schema "public" to version "16 - runtime loss evidence"
2026-10-02T01:24:08.277Z  INFO 479 --- [qwen-managed-agent-server] [           main] o.f.core.internal.command.DbMigrate      : Migrating schema "public" to version "17 - managed session operation"
2026-10-02T01:24:08.278Z  INFO 479 --- [qwen-managed-agent-server] [           main] o.f.core.internal.command.DbMigrate      : Migrating schema "public" to version "18 - managed extension record"
2026-10-02T01:24:08.278Z  INFO 479 --- [qwen-managed-agent-server] [           main] o.f.core.internal.command.DbMigrate      : Migrating schema "public" to version "19 - workspace operator recovery"
2026-10-02T01:24:08.279Z  INFO 479 --- [qwen-managed-agent-server] [           main] o.f.core.internal.command.DbMigrate      : Migrating schema "public" to version "20 - managed tool publication"
2026-10-02T01:24:08.280Z  INFO 479 --- [qwen-managed-agent-server] [           main] o.f.core.internal.command.DbMigrate      : Migrating schema "public" to version "21 - managed tool publication objects"
2026-10-02T01:24:08.286Z  INFO 479 --- [qwen-managed-agent-server] [           main] o.f.core.internal.command.DbMigrate      : Migrating schema "public" to version "22 - managed tool publication recovery"
2026-10-02T01:24:08.286Z  INFO 479 --- [qwen-managed-agent-server] [           main] o.f.core.internal.command.DbMigrate      : Migrating schema "public" to version "23 - managed mcp records"
2026-10-02T01:24:08.287Z  INFO 479 --- [qwen-managed-agent-server] [           main] o.f.core.internal.command.DbMigrate      : Migrating schema "public" to version "24 - managed actions"
2026-10-02T01:24:08.290Z  INFO 479 --- [qwen-managed-agent-server] [           main] o.f.core.internal.command.DbMigrate      : Migrating schema "public" to version "25 - verified workspace mount"
2026-10-02T01:24:08.292Z  INFO 479 --- [qwen-managed-agent-server] [           main] o.f.core.internal.command.DbMigrate      : Migrating schema "public" to version "26 - managed tool result projection"
2026-10-02T01:24:08.293Z  INFO 479 --- [qwen-managed-agent-server] [           main] o.f.core.internal.command.DbMigrate      : Migrating schema "public" to version "27 - managed hook records"
2026-10-02T01:24:08.294Z  INFO 479 --- [qwen-managed-agent-server] [           main] o.f.core.internal.command.DbMigrate      : Migrating schema "public" to version "28 - workspace recovery bundle"
2026-10-02T01:24:08.295Z  INFO 479 --- [qwen-managed-agent-server] [           main] o.f.core.internal.command.DbMigrate      : Successfully applied 28 migrations to schema "public", now at version v28 (execution time 00:00.012s)
2026-10-02T01:24:08.311Z  INFO 479 --- [qwen-managed-agent-server] [           main] org.flywaydb.core.FlywayExecutor         : Database: jdbc:h2:mem:publication-706e72d9-0e33-4114-b0d2-161a9c95cbb5 (H2 2.3)
2026-10-02T01:24:08.313Z  INFO 479 --- [qwen-managed-agent-server] [           main] o.f.c.i.s.JdbcTableSchemaHistory         : Schema history table "public"."flyway_schema_history" does not exist yet
2026-10-02T01:24:08.313Z  INFO 479 --- [qwen-managed-agent-server] [           main] o.f.core.internal.command.DbValidate     : Successfully validated 28 migrations (execution time 00:00.002s)
2026-10-02T01:24:08.314Z  INFO 479 --- [qwen-managed-agent-server] [           main] o.f.c.i.s.JdbcTableSchemaHistory         : Creating Schema History table "public"."flyway_schema_history" ...
2026-10-02T01:24:08.315Z  INFO 479 --- [qwen-managed-agent-server] [           main] o.f.core.internal.command.DbMigrate      : Current version of schema "public": << Empty Schema >>
2026-10-02T01:24:08.315Z  INFO 479 --- [qwen-managed-agent-server] [           main] o.f.core.internal.command.DbMigrate      : Migrating schema "public" to version "1 - managed agent core"
2026-10-02T01:24:08.317Z  INFO 479 --- [qwen-managed-agent-server] [           main] o.f.core.internal.command.DbMigrate      : Migrating schema "public" to version "2 - managed agent projection"
2026-10-02T01:24:08.318Z  INFO 479 --- [qwen-managed-agent-server] [           main] o.f.core.internal.command.DbMigrate      : Migrating schema "public" to version "3 - runtime broker"
2026-10-02T01:24:08.319Z  INFO 479 --- [qwen-managed-agent-server] [           main] o.f.core.internal.command.DbMigrate      : Migrating schema "public" to version "4 - managed session store"
2026-10-02T01:24:08.320Z  INFO 479 --- [qwen-managed-agent-server] [           main] o.f.core.internal.command.DbMigrate      : Migrating schema "public" to version "5 - managed session lifecycle"
2026-10-02T01:24:08.321Z  INFO 479 --- [qwen-managed-agent-server] [           main] o.f.core.internal.command.DbMigrate      : Migrating schema "public" to version "6 - managed turn retry"
2026-10-02T01:24:08.323Z  INFO 479 --- [qwen-managed-agent-server] [           main] o.f.core.internal.command.DbMigrate      : Migrating schema "public" to version "7 - managed workspace binding"
2026-10-02T01:24:08.326Z  INFO 479 --- [qwen-managed-agent-server] [           main] o.f.core.internal.command.DbMigrate      : Migrating schema "public" to version "8 - managed workspace registry"
2026-10-02T01:24:08.327Z  INFO 479 --- [qwen-managed-agent-server] [           main] o.f.core.internal.command.DbMigrate      : Migrating schema "public" to version "9 - managed workspace creation command"
2026-10-02T01:24:08.328Z  INFO 479 --- [qwen-managed-agent-server] [           main] o.f.core.internal.command.DbMigrate      : Migrating schema "public" to version "10 - managed runtime context"
2026-10-02T01:24:08.329Z  INFO 479 --- [qwen-managed-agent-server] [           main] o.f.core.internal.command.DbMigrate      : Migrating schema "public" to version "11 - workspace execution"
2026-10-02T01:24:08.330Z  INFO 479 --- [qwen-managed-agent-server] [           main] o.f.core.internal.command.DbMigrate      : Migrating schema "public" to version "12 - runtime broker schema alignment"
2026-10-02T01:24:08.332Z  INFO 479 --- [qwen-managed-agent-server] [           main] o.f.core.internal.command.DbMigrate      : Migrating schema "public" to version "13 - managed session agent revision"
2026-10-02T01:24:08.333Z  INFO 479 --- [qwen-managed-agent-server] [           main] o.f.core.internal.command.DbMigrate      : Migrating schema "public" to version "14 - managed event replay"
2026-10-02T01:24:08.336Z  INFO 479 --- [qwen-managed-agent-server] [           main] o.f.core.internal.command.DbMigrate      : Migrating schema "public" to version "15 - managed event identity"
2026-10-02T01:24:08.337Z  INFO 479 --- [qwen-managed-agent-server] [           main] o.f.core.internal.command.DbMigrate      : Migrating schema "public" to version "16 - runtime loss evidence"
2026-10-02T01:24:08.339Z  INFO 479 --- [qwen-managed-agent-server] [           main] o.f.core.internal.command.DbMigrate      : Migrating schema "public" to version "17 - managed session operation"
2026-10-02T01:24:08.340Z  INFO 479 --- [qwen-managed-agent-server] [           main] o.f.core.internal.command.DbMigrate      : Migrating schema "public" to version "18 - managed extension record"
2026-10-02T01:24:08.341Z  INFO 479 --- [qwen-managed-agent-server] [           main] o.f.core.internal.command.DbMigrate      : Migrating schema "public" to version "19 - workspace operator recovery"
2026-10-02T01:24:08.342Z  INFO 479 --- [qwen-managed-agent-server] [           main] o.f.core.internal.command.DbMigrate      : Migrating schema "public" to version "20 - managed tool publication"
2026-10-02T01:24:08.342Z  INFO 479 --- [qwen-managed-agent-server] [           main] o.f.core.internal.command.DbMigrate      : Migrating schema "public" to version "21 - managed tool publication objects"
2026-10-02T01:24:08.348Z  INFO 479 --- [qwen-managed-agent-server] [           main] o.f.core.internal.command.DbMigrate      : Migrating schema "public" to version "22 - managed tool publication recovery"
2026-10-02T01:24:08.349Z  INFO 479 --- [qwen-managed-agent-server] [           main] o.f.core.internal.command.DbMigrate      : Migrating schema "public" to version "23 - managed mcp records"
2026-10-02T01:24:08.349Z  INFO 479 --- [qwen-managed-agent-server] [           main] o.f.core.internal.command.DbMigrate      : Migrating schema "public" to version "24 - managed actions"
2026-10-02T01:24:08.352Z  INFO 479 --- [qwen-managed-agent-server] [           main] o.f.core.internal.command.DbMigrate      : Migrating schema "public" to version "25 - verified workspace mount"
2026-10-02T01:24:08.354Z  INFO 479 --- [qwen-managed-agent-server] [           main] o.f.core.internal.command.DbMigrate      : Migrating schema "public" to version "26 - managed tool result projection"
2026-10-02T01:24:08.356Z  INFO 479 --- [qwen-managed-agent-server] [           main] o.f.core.internal.command.DbMigrate      : Migrating schema "public" to version "27 - managed hook records"
2026-10-02T01:24:08.357Z  INFO 479 --- [qwen-managed-agent-server] [           main] o.f.core.internal.command.DbMigrate      : Migrating schema "public" to version "28 - workspace recovery bundle"
2026-10-02T01:24:08.357Z  INFO 479 --- [qwen-managed-agent-server] [           main] o.f.core.internal.command.DbMigrate      : Successfully applied 28 migrations to schema "public", now at version v28 (execution time 00:00.015s)
2026-10-02T01:24:08.369Z  INFO 479 --- [qwen-managed-agent-server] [           main] org.flywaydb.core.FlywayExecutor         : Database: jdbc:h2:mem:publication-6fa28381-7a38-4e89-9066-3633e1c55042 (H2 2.3)
2026-10-02T01:24:08.371Z  INFO 479 --- [qwen-managed-agent-server] [           main] o.f.c.i.s.JdbcTableSchemaHistory         : Schema history table "public"."flyway_schema_history" does not exist yet
2026-10-02T01:24:08.372Z  INFO 479 --- [qwen-managed-agent-server] [           main] o.f.core.internal.command.DbValidate     : Successfully validated 28 migrations (execution time 00:00.002s)
2026-10-02T01:24:08.372Z  INFO 479 --- [qwen-managed-agent-server] [           main] o.f.c.i.s.JdbcTableSchemaHistory         : Creating Schema History table "public"."flyway_schema_history" ...
2026-10-02T01:24:08.373Z  INFO 479 --- [qwen-managed-agent-server] [           main] o.f.core.internal.command.DbMigrate      : Current version of schema "public": << Empty Schema >>
2026-10-02T01:24:08.373Z  INFO 479 --- [qwen-managed-agent-server] [           main] o.f.core.internal.command.DbMigrate      : Migrating schema "public" to version "1 - managed agent core"
2026-10-02T01:24:08.374Z  INFO 479 --- [qwen-managed-agent-server] [           main] o.f.core.internal.command.DbMigrate      : Migrating schema "public" to version "2 - managed agent projection"
2026-10-02T01:24:08.376Z  INFO 479 --- [qwen-managed-agent-server] [           main] o.f.core.internal.command.DbMigrate      : Migrating schema "public" to version "3 - runtime broker"
2026-10-02T01:24:08.377Z  INFO 479 --- [qwen-managed-agent-server] [           main] o.f.core.internal.command.DbMigrate      : Migrating schema "public" to version "4 - managed session store"
2026-10-02T01:24:08.378Z  INFO 479 --- [qwen-managed-agent-server] [           main] o.f.core.internal.command.DbMigrate      : Migrating schema "public" to version "5 - managed session lifecycle"
2026-10-02T01:24:08.379Z  INFO 479 --- [qwen-managed-agent-server] [           main] o.f.core.internal.command.DbMigrate      : Migrating schema "public" to version "6 - managed turn retry"
2026-10-02T01:24:08.380Z  INFO 479 --- [qwen-managed-agent-server] [           main] o.f.core.internal.command.DbMigrate      : Migrating schema "public" to version "7 - managed workspace binding"
2026-10-02T01:24:08.383Z  INFO 479 --- [qwen-managed-agent-server] [           main] o.f.core.internal.command.DbMigrate      : Migrating schema "public" to version "8 - managed workspace registry"
2026-10-02T01:24:08.384Z  INFO 479 --- [qwen-managed-agent-server] [           main] o.f.core.internal.command.DbMigrate      : Migrating schema "public" to version "9 - managed workspace creation command"
2026-10-02T01:24:08.385Z  INFO 479 --- [qwen-managed-agent-server] [           main] o.f.core.internal.command.DbMigrate      : Migrating schema "public" to version "10 - managed runtime context"
2026-10-02T01:24:08.386Z  INFO 479 --- [qwen-managed-agent-server] [           main] o.f.core.internal.command.DbMigrate      : Migrating schema "public" to version "11 - workspace execution"
2026-10-02T01:24:08.387Z  INFO 479 --- [qwen-managed-agent-server] [           main] o.f.core.internal.command.DbMigrate      : Migrating schema "public" to version "12 - runtime broker schema alignment"
2026-10-02T01:24:08.388Z  INFO 479 --- [qwen-managed-agent-server] [           main] o.f.core.internal.command.DbMigrate      : Migrating schema "public" to version "13 - managed session agent revision"
2026-10-02T01:24:08.389Z  INFO 479 --- [qwen-managed-agent-server] [           main] o.f.core.internal.command.DbMigrate      : Migrating schema "public" to version "14 - managed event replay"
2026-10-02T01:24:08.391Z  INFO 479 --- [qwen-managed-agent-server] [           main] o.f.core.internal.command.DbMigrate      : Migrating schema "public" to version "15 - managed event identity"
2026-10-02T01:24:08.392Z  INFO 479 --- [qwen-managed-agent-server] [           main] o.f.core.internal.command.DbMigrate      : Migrating schema "public" to version "16 - runtime loss evidence"
2026-10-02T01:24:08.395Z  INFO 479 --- [qwen-managed-agent-server] [           main] o.f.core.internal.command.DbMigrate      : Migrating schema "public" to version "17 - managed session operation"
2026-10-02T01:24:08.396Z  INFO 479 --- [qwen-managed-agent-server] [           main] o.f.core.internal.command.DbMigrate      : Migrating schema "public" to version "18 - managed extension record"
2026-10-02T01:24:08.396Z  INFO 479 --- [qwen-managed-agent-server] [           main] o.f.core.internal.command.DbMigrate      : Migrating schema "public" to version "19 - workspace operator recovery"
2026-10-02T01:24:08.397Z  INFO 479 --- [qwen-managed-agent-server] [           main] o.f.core.internal.command.DbMigrate      : Migrating schema "public" to version "20 - managed tool publication"
2026-10-02T01:24:08.397Z  INFO 479 --- [qwen-managed-agent-server] [           main] o.f.core.internal.command.DbMigrate      : Migrating schema "public" to version "21 - managed tool publication objects"
2026-10-02T01:24:08.402Z  INFO 479 --- [qwen-managed-agent-server] [           main] o.f.core.internal.command.DbMigrate      : Migrating schema "public" to version "22 - managed tool publication recovery"
2026-10-02T01:24:08.403Z  INFO 479 --- [qwen-managed-agent-server] [           main] o.f.core.internal.command.DbMigrate      : Migrating schema "public" to version "23 - managed mcp records"
2026-10-02T01:24:08.403Z  INFO 479 --- [qwen-managed-agent-server] [           main] o.f.core.internal.command.DbMigrate      : Migrating schema "public" to version "24 - managed actions"
2026-10-02T01:24:08.407Z  INFO 479 --- [qwen-managed-agent-server] [           main] o.f.core.internal.command.DbMigrate      : Migrating schema "public" to version "25 - verified workspace mount"
2026-10-02T01:24:08.409Z  INFO 479 --- [qwen-managed-agent-server] [           main] o.f.core.internal.command.DbMigrate      : Migrating schema "public" to version "26 - managed tool result projection"
2026-10-02T01:24:08.410Z  INFO 479 --- [qwen-managed-agent-server] [           main] o.f.core.internal.command.DbMigrate      : Migrating schema "public" to version "27 - managed hook records"
2026-10-02T01:24:08.411Z  INFO 479 --- [qwen-managed-agent-server] [           main] o.f.core.internal.command.DbMigrate      : Migrating schema "public" to version "28 - workspace recovery bundle"
2026-10-02T01:24:08.411Z  INFO 479 --- [qwen-managed-agent-server] [           main] o.f.core.internal.command.DbMigrate      : Successfully applied 28 migrations to schema "public", now at version v28 (execution time 00:00.011s)
2026-10-02T01:24:08.423Z  INFO 479 --- [qwen-managed-agent-server] [           main] org.flywaydb.core.FlywayExecutor         : Database: jdbc:h2:mem:publication-688b4800-d42d-4a56-b567-490e6f65b2d0 (H2 2.3)
2026-10-02T01:24:08.426Z  INFO 479 --- [qwen-managed-agent-server] [           main] o.f.c.i.s.JdbcTableSchemaHistory         : Schema history table "public"."flyway_schema_history" does not exist yet
2026-10-02T01:24:08.426Z  INFO 479 --- [qwen-managed-agent-server] [           main] o.f.core.internal.command.DbValidate     : Successfully validated 28 migrations (execution time 00:00.002s)
2026-10-02T01:24:08.426Z  INFO 479 --- [qwen-managed-agent-server] [           main] o.f.c.i.s.JdbcTableSchemaHistory         : Creating Schema History table "public"."flyway_schema_history" ...
2026-10-02T01:24:08.427Z  INFO 479 --- [qwen-managed-agent-server] [           main] o.f.core.internal.command.DbMigrate      : Current version of schema "public": << Empty Schema >>
2026-10-02T01:24:08.427Z  INFO 479 --- [qwen-managed-agent-server] [           main] o.f.core.internal.command.DbMigrate      : Migrating schema "public" to version "1 - managed agent core"
2026-10-02T01:24:08.428Z  INFO 479 --- [qwen-managed-agent-server] [           main] o.f.core.internal.command.DbMigrate      : Migrating schema "public" to version "2 - managed agent projection"
2026-10-02T01:24:08.430Z  INFO 479 --- [qwen-managed-agent-server] [           main] o.f.core.internal.command.DbMigrate      : Migrating schema "public" to version "3 - runtime broker"
2026-10-02T01:24:08.431Z  INFO 479 --- [qwen-managed-agent-server] [           main] o.f.core.internal.command.DbMigrate      : Migrating schema "public" to version "4 - managed session store"
2026-10-02T01:24:08.432Z  INFO 479 --- [qwen-managed-agent-server] [           main] o.f.core.internal.command.DbMigrate      : Migrating schema "public" to version "5 - managed session lifecycle"
2026-10-02T01:24:08.433Z  INFO 479 --- [qwen-managed-agent-server] [           main] o.f.core.internal.command.DbMigrate      : Migrating schema "public" to version "6 - managed turn retry"
2026-10-02T01:24:08.435Z  INFO 479 --- [qwen-managed-agent-server] [           main] o.f.core.internal.command.DbMigrate      : Migrating schema "public" to version "7 - managed workspace binding"
2026-10-02T01:24:08.448Z  INFO 479 --- [qwen-managed-agent-server] [           main] o.f.core.internal.command.DbMigrate      : Migrating schema "public" to version "8 - managed workspace registry"
2026-10-02T01:24:08.449Z  INFO 479 --- [qwen-managed-agent-server] [           main] o.f.core.internal.command.DbMigrate      : Migrating schema "public" to version "9 - managed workspace creation command"
2026-10-02T01:24:08.450Z  INFO 479 --- [qwen-managed-agent-server] [           main] o.f.core.internal.command.DbMigrate      : Migrating schema "public" to version "10 - managed runtime context"
2026-10-02T01:24:08.451Z  INFO 479 --- [qwen-managed-agent-server] [           main] o.f.core.internal.command.DbMigrate      : Migrating schema "public" to version "11 - workspace execution"
2026-10-02T01:24:08.451Z  INFO 479 --- [qwen-managed-agent-server] [           main] o.f.core.internal.command.DbMigrate      : Migrating schema "public" to version "12 - runtime broker schema alignment"
2026-10-02T01:24:08.453Z  INFO 479 --- [qwen-managed-agent-server] [           main] o.f.core.internal.command.DbMigrate      : Migrating schema "public" to version "13 - managed session agent revision"
2026-10-02T01:24:08.454Z  INFO 479 --- [qwen-managed-agent-server] [           main] o.f.core.internal.command.DbMigrate      : Migrating schema "public" to version "14 - managed event replay"
2026-10-02T01:24:08.456Z  INFO 479 --- [qwen-managed-agent-server] [           main] o.f.core.internal.command.DbMigrate      : Migrating schema "public" to version "15 - managed event identity"
2026-10-02T01:24:08.456Z  INFO 479 --- [qwen-managed-agent-server] [           main] o.f.core.internal.command.DbMigrate      : Migrating schema "public" to version "16 - runtime loss evidence"
2026-10-02T01:24:08.459Z  INFO 479 --- [qwen-managed-agent-server] [           main] o.f.core.internal.command.DbMigrate      : Migrating schema "public" to version "17 - managed session operation"
2026-10-02T01:24:08.460Z  INFO 479 --- [qwen-managed-agent-server] [           main] o.f.core.internal.command.DbMigrate      : Migrating schema "public" to version "18 - managed extension record"
2026-10-02T01:24:08.460Z  INFO 479 --- [qwen-managed-agent-server] [           main] o.f.core.internal.command.DbMigrate      : Migrating schema "public" to version "19 - workspace operator recovery"
2026-10-02T01:24:08.461Z  INFO 479 --- [qwen-managed-agent-server] [           main] o.f.core.internal.command.DbMigrate      : Migrating schema "public" to version "20 - managed tool publication"
2026-10-02T01:24:08.461Z  INFO 479 --- [qwen-managed-agent-server] [           main] o.f.core.internal.command.DbMigrate      : Migrating schema "public" to version "21 - managed tool publication objects"
2026-10-02T01:24:08.466Z  INFO 479 --- [qwen-managed-agent-server] [           main] o.f.core.internal.command.DbMigrate      : Migrating schema "public" to version "22 - managed tool publication recovery"
2026-10-02T01:24:08.467Z  INFO 479 --- [qwen-managed-agent-server] [           main] o.f.core.internal.command.DbMigrate      : Migrating schema "public" to version "23 - managed mcp records"
2026-10-02T01:24:08.468Z  INFO 479 --- [qwen-managed-agent-server] [           main] o.f.core.internal.command.DbMigrate      : Migrating schema "public" to version "24 - managed actions"
2026-10-02T01:24:08.471Z  INFO 479 --- [qwen-managed-agent-server] [           main] o.f.core.internal.command.DbMigrate      : Migrating schema "public" to version "25 - verified workspace mount"
2026-10-02T01:24:08.473Z  INFO 479 --- [qwen-managed-agent-server] [           main] o.f.core.internal.command.DbMigrate      : Migrating schema "public" to version "26 - managed tool result projection"
2026-10-02T01:24:08.474Z  INFO 479 --- [qwen-managed-agent-server] [           main] o.f.core.internal.command.DbMigrate      : Migrating schema "public" to version "27 - managed hook records"
2026-10-02T01:24:08.476Z  INFO 479 --- [qwen-managed-agent-server] [           main] o.f.core.internal.command.DbMigrate      : Migrating schema "public" to version "28 - workspace recovery bundle"
2026-10-02T01:24:08.476Z  INFO 479 --- [qwen-managed-agent-server] [           main] o.f.core.internal.command.DbMigrate      : Successfully applied 28 migrations to schema "public", now at version v28 (execution time 00:00.014s)
2026-10-02T01:24:08.493Z  INFO 479 --- [qwen-managed-agent-server] [           main] org.flywaydb.core.FlywayExecutor         : Database: jdbc:h2:mem:publication-d880bbbd-e43c-433f-8ebb-a9377f014b5d (H2 2.3)
2026-10-02T01:24:08.496Z  INFO 479 --- [qwen-managed-agent-server] [           main] o.f.c.i.s.JdbcTableSchemaHistory         : Schema history table "public"."flyway_schema_history" does not exist yet
2026-10-02T01:24:08.496Z  INFO 479 --- [qwen-managed-agent-server] [           main] o.f.core.internal.command.DbValidate     : Successfully validated 28 migrations (execution time 00:00.002s)
2026-10-02T01:24:08.496Z  INFO 479 --- [qwen-managed-agent-server] [           main] o.f.c.i.s.JdbcTableSchemaHistory         : Creating Schema History table "public"."flyway_schema_history" ...
2026-10-02T01:24:08.497Z  INFO 479 --- [qwen-managed-agent-server] [           main] o.f.core.internal.command.DbMigrate      : Current version of schema "public": << Empty Schema >>
2026-10-02T01:24:08.498Z  INFO 479 --- [qwen-managed-agent-server] [           main] o.f.core.internal.command.DbMigrate      : Migrating schema "public" to version "1 - managed agent core"
2026-10-02T01:24:08.499Z  INFO 479 --- [qwen-managed-agent-server] [           main] o.f.core.internal.command.DbMigrate      : Migrating schema "public" to version "2 - managed agent projection"
2026-10-02T01:24:08.501Z  INFO 479 --- [qwen-managed-agent-server] [           main] o.f.core.internal.command.DbMigrate      : Migrating schema "public" to version "3 - runtime broker"
2026-10-02T01:24:08.502Z  INFO 479 --- [qwen-managed-agent-server] [           main] o.f.core.internal.command.DbMigrate      : Migrating schema "public" to version "4 - managed session store"
2026-10-02T01:24:08.503Z  INFO 479 --- [qwen-managed-agent-server] [           main] o.f.core.internal.command.DbMigrate      : Migrating schema "public" to version "5 - managed session lifecycle"
2026-10-02T01:24:08.505Z  INFO 479 --- [qwen-managed-agent-server] [           main] o.f.core.internal.command.DbMigrate      : Migrating schema "public" to version "6 - managed turn retry"
2026-10-02T01:24:08.506Z  INFO 479 --- [qwen-managed-agent-server] [           main] o.f.core.internal.command.DbMigrate      : Migrating schema "public" to version "7 - managed workspace binding"
2026-10-02T01:24:08.510Z  INFO 479 --- [qwen-managed-agent-server] [           main] o.f.core.internal.command.DbMigrate      : Migrating schema "public" to version "8 - managed workspace registry"
2026-10-02T01:24:08.511Z  INFO 479 --- [qwen-managed-agent-server] [           main] o.f.core.internal.command.DbMigrate      : Migrating schema "public" to version "9 - managed workspace creation command"
2026-10-02T01:24:08.512Z  INFO 479 --- [qwen-managed-agent-server] [           main] o.f.core.internal.command.DbMigrate      : Migrating schema "public" to version "10 - managed runtime context"
2026-10-02T01:24:08.513Z  INFO 479 --- [qwen-managed-agent-server] [           main] o.f.core.internal.command.DbMigrate      : Migrating schema "public" to version "11 - workspace execution"
2026-10-02T01:24:08.513Z  INFO 479 --- [qwen-managed-agent-server] [           main] o.f.core.internal.command.DbMigrate      : Migrating schema "public" to version "12 - runtime broker schema alignment"
2026-10-02T01:24:08.515Z  INFO 479 --- [qwen-managed-agent-server] [           main] o.f.core.internal.command.DbMigrate      : Migrating schema "public" to version "13 - managed session agent revision"
2026-10-02T01:24:08.516Z  INFO 479 --- [qwen-managed-agent-server] [           main] o.f.core.internal.command.DbMigrate      : Migrating schema "public" to version "14 - managed event replay"
2026-10-02T01:24:08.518Z  INFO 479 --- [qwen-managed-agent-server] [           main] o.f.core.internal.command.DbMigrate      : Migrating schema "public" to version "15 - managed event identity"
2026-10-02T01:24:08.519Z  INFO 479 --- [qwen-managed-agent-server] [           main] o.f.core.internal.command.DbMigrate      : Migrating schema "public" to version "16 - runtime loss evidence"
2026-10-02T01:24:08.521Z  INFO 479 --- [qwen-managed-agent-server] [           main] o.f.core.internal.command.DbMigrate      : Migrating schema "public" to version "17 - managed session operation"
2026-10-02T01:24:08.522Z  INFO 479 --- [qwen-managed-agent-server] [           main] o.f.core.internal.command.DbMigrate      : Migrating schema "public" to version "18 - managed extension record"
2026-10-02T01:24:08.523Z  INFO 479 --- [qwen-managed-agent-server] [           main] o.f.core.internal.command.DbMigrate      : Migrating schema "public" to version "19 - workspace operator recovery"
2026-10-02T01:24:08.524Z  INFO 479 --- [qwen-managed-agent-server] [           main] o.f.core.internal.command.DbMigrate      : Migrating schema "public" to version "20 - managed tool publication"
2026-10-02T01:24:08.525Z  INFO 479 --- [qwen-managed-agent-server] [           main] o.f.core.internal.command.DbMigrate      : Migrating schema "public" to version "21 - managed tool publication objects"
2026-10-02T01:24:08.529Z  INFO 479 --- [qwen-managed-agent-server] [           main] o.f.core.internal.command.DbMigrate      : Migrating schema "public" to version "22 - managed tool publication recovery"
2026-10-02T01:24:08.529Z  INFO 479 --- [qwen-managed-agent-server] [           main] o.f.core.internal.command.DbMigrate      : Migrating schema "public" to version "23 - managed mcp records"
2026-10-02T01:24:08.530Z  INFO 479 --- [qwen-managed-agent-server] [           main] o.f.core.internal.command.DbMigrate      : Migrating schema "public" to version "24 - managed actions"
2026-10-02T01:24:08.532Z  INFO 479 --- [qwen-managed-agent-server] [           main] o.f.core.internal.command.DbMigrate      : Migrating schema "public" to version "25 - verified workspace mount"
2026-10-02T01:24:08.534Z  INFO 479 --- [qwen-managed-agent-server] [           main] o.f.core.internal.command.DbMigrate      : Migrating schema "public" to version "26 - managed tool result projection"
2026-10-02T01:24:08.535Z  INFO 479 --- [qwen-managed-agent-server] [           main] o.f.core.internal.command.DbMigrate      : Migrating schema "public" to version "27 - managed hook records"
2026-10-02T01:24:08.535Z  INFO 479 --- [qwen-managed-agent-server] [           main] o.f.core.internal.command.DbMigrate      : Migrating schema "public" to version "28 - workspace recovery bundle"
2026-10-02T01:24:08.536Z  INFO 479 --- [qwen-managed-agent-server] [           main] o.f.core.internal.command.DbMigrate      : Successfully applied 28 migrations to schema "public", now at version v28 (execution time 00:00.012s)
2026-10-02T01:24:08.546Z  INFO 479 --- [qwen-managed-agent-server] [           main] org.flywaydb.core.FlywayExecutor         : Database: jdbc:h2:mem:publication-afbd3c29-f9a8-4741-a3c9-64e38b297422 (H2 2.3)
2026-10-02T01:24:08.548Z  INFO 479 --- [qwen-managed-agent-server] [           main] o.f.c.i.s.JdbcTableSchemaHistory         : Schema history table "public"."flyway_schema_history" does not exist yet
2026-10-02T01:24:08.548Z  INFO 479 --- [qwen-managed-agent-server] [           main] o.f.core.internal.command.DbValidate     : Successfully validated 28 migrations (execution time 00:00.001s)
2026-10-02T01:24:08.548Z  INFO 479 --- [qwen-managed-agent-server] [           main] o.f.c.i.s.JdbcTableSchemaHistory         : Creating Schema History table "public"."flyway_schema_history" ...
2026-10-02T01:24:08.549Z  INFO 479 --- [qwen-managed-agent-server] [           main] o.f.core.internal.command.DbMigrate      : Current version of schema "public": << Empty Schema >>
2026-10-02T01:24:08.549Z  INFO 479 --- [qwen-managed-agent-server] [           main] o.f.core.internal.command.DbMigrate      : Migrating schema "public" to version "1 - managed agent core"
2026-10-02T01:24:08.550Z  INFO 479 --- [qwen-managed-agent-server] [           main] o.f.core.internal.command.DbMigrate      : Migrating schema "public" to version "2 - managed agent projection"
2026-10-02T01:24:08.551Z  INFO 479 --- [qwen-managed-agent-server] [           main] o.f.core.internal.command.DbMigrate      : Migrating schema "public" to version "3 - runtime broker"
2026-10-02T01:24:08.552Z  INFO 479 --- [qwen-managed-agent-server] [           main] o.f.core.internal.command.DbMigrate      : Migrating schema "public" to version "4 - managed session store"
2026-10-02T01:24:08.553Z  INFO 479 --- [qwen-managed-agent-server] [           main] o.f.core.internal.command.DbMigrate      : Migrating schema "public" to version "5 - managed session lifecycle"
2026-10-02T01:24:08.554Z  INFO 479 --- [qwen-managed-agent-server] [           main] o.f.core.internal.command.DbMigrate      : Migrating schema "public" to version "6 - managed turn retry"
2026-10-02T01:24:08.556Z  INFO 479 --- [qwen-managed-agent-server] [           main] o.f.core.internal.command.DbMigrate      : Migrating schema "public" to version "7 - managed workspace binding"
2026-10-02T01:24:08.559Z  INFO 479 --- [qwen-managed-agent-server] [           main] o.f.core.internal.command.DbMigrate      : Migrating schema "public" to version "8 - managed workspace registry"
2026-10-02T01:24:08.560Z  INFO 479 --- [qwen-managed-agent-server] [           main] o.f.core.internal.command.DbMigrate      : Migrating schema "public" to version "9 - managed workspace creation command"
2026-10-02T01:24:08.561Z  INFO 479 --- [qwen-managed-agent-server] [           main] o.f.core.internal.command.DbMigrate      : Migrating schema "public" to version "10 - managed runtime context"
2026-10-02T01:24:08.562Z  INFO 479 --- [qwen-managed-agent-server] [           main] o.f.core.internal.command.DbMigrate      : Migrating schema "public" to version "11 - workspace execution"
2026-10-02T01:24:08.562Z  INFO 479 --- [qwen-managed-agent-server] [           main] o.f.core.internal.command.DbMigrate      : Migrating schema "public" to version "12 - runtime broker schema alignment"
2026-10-02T01:24:08.564Z  INFO 479 --- [qwen-managed-agent-server] [           main] o.f.core.internal.command.DbMigrate      : Migrating schema "public" to version "13 - managed session agent revision"
2026-10-02T01:24:08.565Z  INFO 479 --- [qwen-managed-agent-server] [           main] o.f.core.internal.command.DbMigrate      : Migrating schema "public" to version "14 - managed event replay"
2026-10-02T01:24:08.567Z  INFO 479 --- [qwen-managed-agent-server] [           main] o.f.core.internal.command.DbMigrate      : Migrating schema "public" to version "15 - managed event identity"
2026-10-02T01:24:08.568Z  INFO 479 --- [qwen-managed-agent-server] [           main] o.f.core.internal.command.DbMigrate      : Migrating schema "public" to version "16 - runtime loss evidence"
2026-10-02T01:24:08.570Z  INFO 479 --- [qwen-managed-agent-server] [           main] o.f.core.internal.command.DbMigrate      : Migrating schema "public" to version "17 - managed session operation"
2026-10-02T01:24:08.570Z  INFO 479 --- [qwen-managed-agent-server] [           main] o.f.core.internal.command.DbMigrate      : Migrating schema "public" to version "18 - managed extension record"
2026-10-02T01:24:08.571Z  INFO 479 --- [qwen-managed-agent-server] [           main] o.f.core.internal.command.DbMigrate      : Migrating schema "public" to version "19 - workspace operator recovery"
2026-10-02T01:24:08.572Z  INFO 479 --- [qwen-managed-agent-server] [           main] o.f.core.internal.command.DbMigrate      : Migrating schema "public" to version "20 - managed tool publication"
2026-10-02T01:24:08.572Z  INFO 479 --- [qwen-managed-agent-server] [           main] o.f.core.internal.command.DbMigrate      : Migrating schema "public" to version "21 - managed tool publication objects"
2026-10-02T01:24:08.578Z  INFO 479 --- [qwen-managed-agent-server] [           main] o.f.core.internal.command.DbMigrate      : Migrating schema "public" to version "22 - managed tool publication recovery"
2026-10-02T01:24:08.579Z  INFO 479 --- [qwen-managed-agent-server] [           main] o.f.core.internal.command.DbMigrate      : Migrating schema "public" to version "23 - managed mcp records"
2026-10-02T01:24:08.580Z  INFO 479 --- [qwen-managed-agent-server] [           main] o.f.core.internal.command.DbMigrate      : Migrating schema "public" to version "24 - managed actions"
2026-10-02T01:24:08.582Z  INFO 479 --- [qwen-managed-agent-server] [           main] o.f.core.internal.command.DbMigrate      : Migrating schema "public" to version "25 - verified workspace mount"
2026-10-02T01:24:08.584Z  INFO 479 --- [qwen-managed-agent-server] [           main] o.f.core.internal.command.DbMigrate      : Migrating schema "public" to version "26 - managed tool result projection"
2026-10-02T01:24:08.586Z  INFO 479 --- [qwen-managed-agent-server] [           main] o.f.core.internal.command.DbMigrate      : Migrating schema "public" to version "27 - managed hook records"
2026-10-02T01:24:08.587Z  INFO 479 --- [qwen-managed-agent-server] [           main] o.f.core.internal.command.DbMigrate      : Migrating schema "public" to version "28 - workspace recovery bundle"
2026-10-02T01:24:08.588Z  INFO 479 --- [qwen-managed-agent-server] [           main] o.f.core.internal.command.DbMigrate      : Successfully applied 28 migrations to schema "public", now at version v28 (execution time 00:00.013s)
2026-10-02T01:24:08.621Z  INFO 479 --- [qwen-managed-agent-server] [           main] org.flywaydb.core.FlywayExecutor         : Database: jdbc:h2:mem:publication-f39df0c1-ee28-4da2-af20-b5a2a310e688 (H2 2.3)
2026-10-02T01:24:08.623Z  INFO 479 --- [qwen-managed-agent-server] [           main] o.f.c.i.s.JdbcTableSchemaHistory         : Schema history table "public"."flyway_schema_history" does not exist yet
2026-10-02T01:24:08.623Z  INFO 479 --- [qwen-managed-agent-server] [           main] o.f.core.internal.command.DbValidate     : Successfully validated 28 migrations (execution time 00:00.002s)
2026-10-02T01:24:08.624Z  INFO 479 --- [qwen-managed-agent-server] [           main] o.f.c.i.s.JdbcTableSchemaHistory         : Creating Schema History table "public"."flyway_schema_history" ...
2026-10-02T01:24:08.624Z  INFO 479 --- [qwen-managed-agent-server] [           main] o.f.core.internal.command.DbMigrate      : Current version of schema "public": << Empty Schema >>
2026-10-02T01:24:08.625Z  INFO 479 --- [qwen-managed-agent-server] [           main] o.f.core.internal.command.DbMigrate      : Migrating schema "public" to version "1 - managed agent core"
2026-10-02T01:24:08.627Z  INFO 479 --- [qwen-managed-agent-server] [           main] o.f.core.internal.command.DbMigrate      : Migrating schema "public" to version "2 - managed agent projection"
2026-10-02T01:24:08.628Z  INFO 479 --- [qwen-managed-agent-server] [           main] o.f.core.internal.command.DbMigrate      : Migrating schema "public" to version "3 - runtime broker"
2026-10-02T01:24:08.630Z  INFO 479 --- [qwen-managed-agent-server] [           main] o.f.core.internal.command.DbMigrate      : Migrating schema "public" to version "4 - managed session store"
2026-10-02T01:24:08.630Z  INFO 479 --- [qwen-managed-agent-server] [           main] o.f.core.internal.command.DbMigrate      : Migrating schema "public" to version "5 - managed session lifecycle"
2026-10-02T01:24:08.632Z  INFO 479 --- [qwen-managed-agent-server] [           main] o.f.core.internal.command.DbMigrate      : Migrating schema "public" to version "6 - managed turn retry"
2026-10-02T01:24:08.633Z  INFO 479 --- [qwen-managed-agent-server] [           main] o.f.core.internal.command.DbMigrate      : Migrating schema "public" to version "7 - managed workspace binding"
2026-10-02T01:24:08.638Z  INFO 479 --- [qwen-managed-agent-server] [           main] o.f.core.internal.command.DbMigrate      : Migrating schema "public" to version "8 - managed workspace registry"
2026-10-02T01:24:08.639Z  INFO 479 --- [qwen-managed-agent-server] [           main] o.f.core.internal.command.DbMigrate      : Migrating schema "public" to version "9 - managed workspace creation command"
2026-10-02T01:24:08.639Z  INFO 479 --- [qwen-managed-agent-server] [           main] o.f.core.internal.command.DbMigrate      : Migrating schema "public" to version "10 - managed runtime context"
2026-10-02T01:24:08.640Z  INFO 479 --- [qwen-managed-agent-server] [           main] o.f.core.internal.command.DbMigrate      : Migrating schema "public" to version "11 - workspace execution"
2026-10-02T01:24:08.641Z  INFO 479 --- [qwen-managed-agent-server] [           main] o.f.core.internal.command.DbMigrate      : Migrating schema "public" to version "12 - runtime broker schema alignment"
2026-10-02T01:24:08.643Z  INFO 479 --- [qwen-managed-agent-server] [           main] o.f.core.internal.command.DbMigrate      : Migrating schema "public" to version "13 - managed session agent revision"
2026-10-02T01:24:08.644Z  INFO 479 --- [qwen-managed-agent-server] [           main] o.f.core.internal.command.DbMigrate      : Migrating schema "public" to version "14 - managed event replay"
2026-10-02T01:24:08.646Z  INFO 479 --- [qwen-managed-agent-server] [           main] o.f.core.internal.command.DbMigrate      : Migrating schema "public" to version "15 - managed event identity"
2026-10-02T01:24:08.646Z  INFO 479 --- [qwen-managed-agent-server] [           main] o.f.core.internal.command.DbMigrate      : Migrating schema "public" to version "16 - runtime loss evidence"
2026-10-02T01:24:08.648Z  INFO 479 --- [qwen-managed-agent-server] [           main] o.f.core.internal.command.DbMigrate      : Migrating schema "public" to version "17 - managed session operation"
2026-10-02T01:24:08.649Z  INFO 479 --- [qwen-managed-agent-server] [           main] o.f.core.internal.command.DbMigrate      : Migrating schema "public" to version "18 - managed extension record"
2026-10-02T01:24:08.650Z  INFO 479 --- [qwen-managed-agent-server] [           main] o.f.core.internal.command.DbMigrate      : Migrating schema "public" to version "19 - workspace operator recovery"
2026-10-02T01:24:08.651Z  INFO 479 --- [qwen-managed-agent-server] [           main] o.f.core.internal.command.DbMigrate      : Migrating schema "public" to version "20 - managed tool publication"
2026-10-02T01:24:08.652Z  INFO 479 --- [qwen-managed-agent-server] [           main] o.f.core.internal.command.DbMigrate      : Migrating schema "public" to version "21 - managed tool publication objects"
2026-10-02T01:24:08.656Z  INFO 479 --- [qwen-managed-agent-server] [           main] o.f.core.internal.command.DbMigrate      : Migrating schema "public" to version "22 - managed tool publication recovery"
2026-10-02T01:24:08.657Z  INFO 479 --- [qwen-managed-agent-server] [           main] o.f.core.internal.command.DbMigrate      : Migrating schema "public" to version "23 - managed mcp records"
2026-10-02T01:24:08.658Z  INFO 479 --- [qwen-managed-agent-server] [           main] o.f.core.internal.command.DbMigrate      : Migrating schema "public" to version "24 - managed actions"
2026-10-02T01:24:08.661Z  INFO 479 --- [qwen-managed-agent-server] [           main] o.f.core.internal.command.DbMigrate      : Migrating schema "public" to version "25 - verified workspace mount"
2026-10-02T01:24:08.664Z  INFO 479 --- [qwen-managed-agent-server] [           main] o.f.core.internal.command.DbMigrate      : Migrating schema "public" to version "26 - managed tool result projection"
2026-10-02T01:24:08.665Z  INFO 479 --- [qwen-managed-agent-server] [           main] o.f.core.internal.command.DbMigrate      : Migrating schema "public" to version "27 - managed hook records"
2026-10-02T01:24:08.666Z  INFO 479 --- [qwen-managed-agent-server] [           main] o.f.core.internal.command.DbMigrate      : Migrating schema "public" to version "28 - workspace recovery bundle"
2026-10-02T01:24:08.666Z  INFO 479 --- [qwen-managed-agent-server] [           main] o.f.core.internal.command.DbMigrate      : Successfully applied 28 migrations to schema "public", now at version v28 (execution time 00:00.013s)
2026-10-02T01:24:08.677Z  INFO 479 --- [qwen-managed-agent-server] [           main] org.flywaydb.core.FlywayExecutor         : Database: jdbc:h2:mem:publication-41bdd5a2-881d-4492-9c7b-a410006819ed (H2 2.3)
2026-10-02T01:24:08.680Z  INFO 479 --- [qwen-managed-agent-server] [           main] o.f.c.i.s.JdbcTableSchemaHistory         : Schema history table "public"."flyway_schema_history" does not exist yet
2026-10-02T01:24:08.680Z  INFO 479 --- [qwen-managed-agent-server] [           main] o.f.core.internal.command.DbValidate     : Successfully validated 28 migrations (execution time 00:00.002s)
2026-10-02T01:24:08.680Z  INFO 479 --- [qwen-managed-agent-server] [           main] o.f.c.i.s.JdbcTableSchemaHistory         : Creating Schema History table "public"."flyway_schema_history" ...
2026-10-02T01:24:08.681Z  INFO 479 --- [qwen-managed-agent-server] [           main] o.f.core.internal.command.DbMigrate      : Current version of schema "public": << Empty Schema >>
2026-10-02T01:24:08.681Z  INFO 479 --- [qwen-managed-agent-server] [           main] o.f.core.internal.command.DbMigrate      : Migrating schema "public" to version "1 - managed agent core"
2026-10-02T01:24:08.683Z  INFO 479 --- [qwen-managed-agent-server] [           main] o.f.core.internal.command.DbMigrate      : Migrating schema "public" to version "2 - managed agent projection"
2026-10-02T01:24:08.684Z  INFO 479 --- [qwen-managed-agent-server] [           main] o.f.core.internal.command.DbMigrate      : Migrating schema "public" to version "3 - runtime broker"
2026-10-02T01:24:08.686Z  INFO 479 --- [qwen-managed-agent-server] [           main] o.f.core.internal.command.DbMigrate      : Migrating schema "public" to version "4 - managed session store"
2026-10-02T01:24:08.687Z  INFO 479 --- [qwen-managed-agent-server] [           main] o.f.core.internal.command.DbMigrate      : Migrating schema "public" to version "5 - managed session lifecycle"
2026-10-02T01:24:08.688Z  INFO 479 --- [qwen-managed-agent-server] [           main] o.f.core.internal.command.DbMigrate      : Migrating schema "public" to version "6 - managed turn retry"
2026-10-02T01:24:08.689Z  INFO 479 --- [qwen-managed-agent-server] [           main] o.f.core.internal.command.DbMigrate      : Migrating schema "public" to version "7 - managed workspace binding"
2026-10-02T01:24:08.694Z  INFO 479 --- [qwen-managed-agent-server] [           main] o.f.core.internal.command.DbMigrate      : Migrating schema "public" to version "8 - managed workspace registry"
2026-10-02T01:24:08.695Z  INFO 479 --- [qwen-managed-agent-server] [           main] o.f.core.internal.command.DbMigrate      : Migrating schema "public" to version "9 - managed workspace creation command"
2026-10-02T01:24:08.695Z  INFO 479 --- [qwen-managed-agent-server] [           main] o.f.core.internal.command.DbMigrate      : Migrating schema "public" to version "10 - managed runtime context"
2026-10-02T01:24:08.697Z  INFO 479 --- [qwen-managed-agent-server] [           main] o.f.core.internal.command.DbMigrate      : Migrating schema "public" to version "11 - workspace execution"
2026-10-02T01:24:08.697Z  INFO 479 --- [qwen-managed-agent-server] [           main] o.f.core.internal.command.DbMigrate      : Migrating schema "public" to version "12 - runtime broker schema alignment"
2026-10-02T01:24:08.699Z  INFO 479 --- [qwen-managed-agent-server] [           main] o.f.core.internal.command.DbMigrate      : Migrating schema "public" to version "13 - managed session agent revision"
2026-10-02T01:24:08.700Z  INFO 479 --- [qwen-managed-agent-server] [           main] o.f.core.internal.command.DbMigrate      : Migrating schema "public" to version "14 - managed event replay"
2026-10-02T01:24:08.702Z  INFO 479 --- [qwen-managed-agent-server] [           main] o.f.core.internal.command.DbMigrate      : Migrating schema "public" to version "15 - managed event identity"
2026-10-02T01:24:08.703Z  INFO 479 --- [qwen-managed-agent-server] [           main] o.f.core.internal.command.DbMigrate      : Migrating schema "public" to version "16 - runtime loss evidence"
2026-10-02T01:24:08.705Z  INFO 479 --- [qwen-managed-agent-server] [           main] o.f.core.internal.command.DbMigrate      : Migrating schema "public" to version "17 - managed session operation"
2026-10-02T01:24:08.706Z  INFO 479 --- [qwen-managed-agent-server] [           main] o.f.core.internal.command.DbMigrate      : Migrating schema "public" to version "18 - managed extension record"
2026-10-02T01:24:08.707Z  INFO 479 --- [qwen-managed-agent-server] [           main] o.f.core.internal.command.DbMigrate      : Migrating schema "public" to version "19 - workspace operator recovery"
2026-10-02T01:24:08.708Z  INFO 479 --- [qwen-managed-agent-server] [           main] o.f.core.internal.command.DbMigrate      : Migrating schema "public" to version "20 - managed tool publication"
2026-10-02T01:24:08.709Z  INFO 479 --- [qwen-managed-agent-server] [           main] o.f.core.internal.command.DbMigrate      : Migrating schema "public" to version "21 - managed tool publication objects"
2026-10-02T01:24:08.713Z  INFO 479 --- [qwen-managed-agent-server] [           main] o.f.core.internal.command.DbMigrate      : Migrating schema "public" to version "22 - managed tool publication recovery"
2026-10-02T01:24:08.714Z  INFO 479 --- [qwen-managed-agent-server] [           main] o.f.core.internal.command.DbMigrate      : Migrating schema "public" to version "23 - managed mcp records"
2026-10-02T01:24:08.715Z  INFO 479 --- [qwen-managed-agent-server] [           main] o.f.core.internal.command.DbMigrate      : Migrating schema "public" to version "24 - managed actions"
2026-10-02T01:24:08.718Z  INFO 479 --- [qwen-managed-agent-server] [           main] o.f.core.internal.command.DbMigrate      : Migrating schema "public" to version "25 - verified workspace mount"
2026-10-02T01:24:08.720Z  INFO 479 --- [qwen-managed-agent-server] [           main] o.f.core.internal.command.DbMigrate      : Migrating schema "public" to version "26 - managed tool result projection"
2026-10-02T01:24:08.722Z  INFO 479 --- [qwen-managed-agent-server] [           main] o.f.core.internal.command.DbMigrate      : Migrating schema "public" to version "27 - managed hook records"
2026-10-02T01:24:08.723Z  INFO 479 --- [qwen-managed-agent-server] [           main] o.f.core.internal.command.DbMigrate      : Migrating schema "public" to version "28 - workspace recovery bundle"
2026-10-02T01:24:08.723Z  INFO 479 --- [qwen-managed-agent-server] [           main] o.f.core.internal.command.DbMigrate      : Successfully applied 28 migrations to schema "public", now at version v28 (execution time 00:00.015s)
2026-10-02T01:24:08.734Z  INFO 479 --- [qwen-managed-agent-server] [           main] org.flywaydb.core.FlywayExecutor         : Database: jdbc:h2:mem:publication-aada6ded-dc57-4b79-a904-27a8cf0b36cb (H2 2.3)
2026-10-02T01:24:08.737Z  INFO 479 --- [qwen-managed-agent-server] [           main] o.f.c.i.s.JdbcTableSchemaHistory         : Schema history table "public"."flyway_schema_history" does not exist yet
2026-10-02T01:24:08.737Z  INFO 479 --- [qwen-managed-agent-server] [           main] o.f.core.internal.command.DbValidate     : Successfully validated 28 migrations (execution time 00:00.001s)
2026-10-02T01:24:08.737Z  INFO 479 --- [qwen-managed-agent-server] [           main] o.f.c.i.s.JdbcTableSchemaHistory         : Creating Schema History table "public"."flyway_schema_history" ...
2026-10-02T01:24:08.738Z  INFO 479 --- [qwen-managed-agent-server] [           main] o.f.core.internal.command.DbMigrate      : Current version of schema "public": << Empty Schema >>
2026-10-02T01:24:08.738Z  INFO 479 --- [qwen-managed-agent-server] [           main] o.f.core.internal.command.DbMigrate      : Migrating schema "public" to version "1 - managed agent core"
2026-10-02T01:24:08.739Z  INFO 479 --- [qwen-managed-agent-server] [           main] o.f.core.internal.command.DbMigrate      : Migrating schema "public" to version "2 - managed agent projection"
2026-10-02T01:24:08.741Z  INFO 479 --- [qwen-managed-agent-server] [           main] o.f.core.internal.command.DbMigrate      : Migrating schema "public" to version "3 - runtime broker"
2026-10-02T01:24:08.742Z  INFO 479 --- [qwen-managed-agent-server] [           main] o.f.core.internal.command.DbMigrate      : Migrating schema "public" to version "4 - managed session store"
2026-10-02T01:24:08.743Z  INFO 479 --- [qwen-managed-agent-server] [           main] o.f.core.internal.command.DbMigrate      : Migrating schema "public" to version "5 - managed session lifecycle"
2026-10-02T01:24:08.744Z  INFO 479 --- [qwen-managed-agent-server] [           main] o.f.core.internal.command.DbMigrate      : Migrating schema "public" to version "6 - managed turn retry"
2026-10-02T01:24:08.746Z  INFO 479 --- [qwen-managed-agent-server] [           main] o.f.core.internal.command.DbMigrate      : Migrating schema "public" to version "7 - managed workspace binding"
2026-10-02T01:24:08.749Z  INFO 479 --- [qwen-managed-agent-server] [           main] o.f.core.internal.command.DbMigrate      : Migrating schema "public" to version "8 - managed workspace registry"
2026-10-02T01:24:08.749Z  INFO 479 --- [qwen-managed-agent-server] [           main] o.f.core.internal.command.DbMigrate      : Migrating schema "public" to version "9 - managed workspace creation command"
2026-10-02T01:24:08.750Z  INFO 479 --- [qwen-managed-agent-server] [           main] o.f.core.internal.command.DbMigrate      : Migrating schema "public" to version "10 - managed runtime context"
2026-10-02T01:24:08.751Z  INFO 479 --- [qwen-managed-agent-server] [           main] o.f.core.internal.command.DbMigrate      : Migrating schema "public" to version "11 - workspace execution"
2026-10-02T01:24:08.752Z  INFO 479 --- [qwen-managed-agent-server] [           main] o.f.core.internal.command.DbMigrate      : Migrating schema "public" to version "12 - runtime broker schema alignment"
2026-10-02T01:24:08.754Z  INFO 479 --- [qwen-managed-agent-server] [           main] o.f.core.internal.command.DbMigrate      : Migrating schema "public" to version "13 - managed session agent revision"
2026-10-02T01:24:08.755Z  INFO 479 --- [qwen-managed-agent-server] [           main] o.f.core.internal.command.DbMigrate      : Migrating schema "public" to version "14 - managed event replay"
2026-10-02T01:24:08.757Z  INFO 479 --- [qwen-managed-agent-server] [           main] o.f.core.internal.command.DbMigrate      : Migrating schema "public" to version "15 - managed event identity"
2026-10-02T01:24:08.757Z  INFO 479 --- [qwen-managed-agent-server] [           main] o.f.core.internal.command.DbMigrate      : Migrating schema "public" to version "16 - runtime loss evidence"
2026-10-02T01:24:08.759Z  INFO 479 --- [qwen-managed-agent-server] [           main] o.f.core.internal.command.DbMigrate      : Migrating schema "public" to version "17 - managed session operation"
2026-10-02T01:24:08.760Z  INFO 479 --- [qwen-managed-agent-server] [           main] o.f.core.internal.command.DbMigrate      : Migrating schema "public" to version "18 - managed extension record"
2026-10-02T01:24:08.761Z  INFO 479 --- [qwen-managed-agent-server] [           main] o.f.core.internal.command.DbMigrate      : Migrating schema "public" to version "19 - workspace operator recovery"
2026-10-02T01:24:08.762Z  INFO 479 --- [qwen-managed-agent-server] [           main] o.f.core.internal.command.DbMigrate      : Migrating schema "public" to version "20 - managed tool publication"
2026-10-02T01:24:08.763Z  INFO 479 --- [qwen-managed-agent-server] [           main] o.f.core.internal.command.DbMigrate      : Migrating schema "public" to version "21 - managed tool publication objects"
2026-10-02T01:24:08.767Z  INFO 479 --- [qwen-managed-agent-server] [           main] o.f.core.internal.command.DbMigrate      : Migrating schema "public" to version "22 - managed tool publication recovery"
2026-10-02T01:24:08.768Z  INFO 479 --- [qwen-managed-agent-server] [           main] o.f.core.internal.command.DbMigrate      : Migrating schema "public" to version "23 - managed mcp records"
2026-10-02T01:24:08.769Z  INFO 479 --- [qwen-managed-agent-server] [           main] o.f.core.internal.command.DbMigrate      : Migrating schema "public" to version "24 - managed actions"
2026-10-02T01:24:08.771Z  INFO 479 --- [qwen-managed-agent-server] [           main] o.f.core.internal.command.DbMigrate      : Migrating schema "public" to version "25 - verified workspace mount"
2026-10-02T01:24:08.774Z  INFO 479 --- [qwen-managed-agent-server] [           main] o.f.core.internal.command.DbMigrate      : Migrating schema "public" to version "26 - managed tool result projection"
2026-10-02T01:24:08.775Z  INFO 479 --- [qwen-managed-agent-server] [           main] o.f.core.internal.command.DbMigrate      : Migrating schema "public" to version "27 - managed hook records"
2026-10-02T01:24:08.776Z  INFO 479 --- [qwen-managed-agent-server] [           main] o.f.core.internal.command.DbMigrate      : Migrating schema "public" to version "28 - workspace recovery bundle"
2026-10-02T01:24:08.777Z  INFO 479 --- [qwen-managed-agent-server] [           main] o.f.core.internal.command.DbMigrate      : Successfully applied 28 migrations to schema "public", now at version v28 (execution time 00:00.013s)
2026-10-02T01:24:08.797Z  INFO 479 --- [qwen-managed-agent-server] [           main] org.flywaydb.core.FlywayExecutor         : Database: jdbc:h2:mem:publication-2d63550c-3729-45ee-a525-94e7c9169def (H2 2.3)
2026-10-02T01:24:08.800Z  INFO 479 --- [qwen-managed-agent-server] [           main] o.f.c.i.s.JdbcTableSchemaHistory         : Schema history table "public"."flyway_schema_history" does not exist yet
2026-10-02T01:24:08.800Z  INFO 479 --- [qwen-managed-agent-server] [           main] o.f.core.internal.command.DbValidate     : Successfully validated 28 migrations (execution time 00:00.002s)
2026-10-02T01:24:08.800Z  INFO 479 --- [qwen-managed-agent-server] [           main] o.f.c.i.s.JdbcTableSchemaHistory         : Creating Schema History table "public"."flyway_schema_history" ...
2026-10-02T01:24:08.801Z  INFO 479 --- [qwen-managed-agent-server] [           main] o.f.core.internal.command.DbMigrate      : Current version of schema "public": << Empty Schema >>
2026-10-02T01:24:08.801Z  INFO 479 --- [qwen-managed-agent-server] [           main] o.f.core.internal.command.DbMigrate      : Migrating schema "public" to version "1 - managed agent core"
2026-10-02T01:24:08.803Z  INFO 479 --- [qwen-managed-agent-server] [           main] o.f.core.internal.command.DbMigrate      : Migrating schema "public" to version "2 - managed agent projection"
2026-10-02T01:24:08.804Z  INFO 479 --- [qwen-managed-agent-server] [           main] o.f.core.internal.command.DbMigrate      : Migrating schema "public" to version "3 - runtime broker"
2026-10-02T01:24:08.805Z  INFO 479 --- [qwen-managed-agent-server] [           main] o.f.core.internal.command.DbMigrate      : Migrating schema "public" to version "4 - managed session store"
2026-10-02T01:24:08.806Z  INFO 479 --- [qwen-managed-agent-server] [           main] o.f.core.internal.command.DbMigrate      : Migrating schema "public" to version "5 - managed session lifecycle"
2026-10-02T01:24:08.808Z  INFO 479 --- [qwen-managed-agent-server] [           main] o.f.core.internal.command.DbMigrate      : Migrating schema "public" to version "6 - managed turn retry"
2026-10-02T01:24:08.809Z  INFO 479 --- [qwen-managed-agent-server] [           main] o.f.core.internal.command.DbMigrate      : Migrating schema "public" to version "7 - managed workspace binding"
2026-10-02T01:24:08.812Z  INFO 479 --- [qwen-managed-agent-server] [           main] o.f.core.internal.command.DbMigrate      : Migrating schema "public" to version "8 - managed workspace registry"
2026-10-02T01:24:08.813Z  INFO 479 --- [qwen-managed-agent-server] [           main] o.f.core.internal.command.DbMigrate      : Migrating schema "public" to version "9 - managed workspace creation command"
2026-10-02T01:24:08.814Z  INFO 479 --- [qwen-managed-agent-server] [           main] o.f.core.internal.command.DbMigrate      : Migrating schema "public" to version "10 - managed runtime context"
2026-10-02T01:24:08.815Z  INFO 479 --- [qwen-managed-agent-server] [           main] o.f.core.internal.command.DbMigrate      : Migrating schema "public" to version "11 - workspace execution"
2026-10-02T01:24:08.816Z  INFO 479 --- [qwen-managed-agent-server] [           main] o.f.core.internal.command.DbMigrate      : Migrating schema "public" to version "12 - runtime broker schema alignment"
2026-10-02T01:24:08.818Z  INFO 479 --- [qwen-managed-agent-server] [           main] o.f.core.internal.command.DbMigrate      : Migrating schema "public" to version "13 - managed session agent revision"
2026-10-02T01:24:08.819Z  INFO 479 --- [qwen-managed-agent-server] [           main] o.f.core.internal.command.DbMigrate      : Migrating schema "public" to version "14 - managed event replay"
2026-10-02T01:24:08.833Z  INFO 479 --- [qwen-managed-agent-server] [           main] o.f.core.internal.command.DbMigrate      : Migrating schema "public" to version "15 - managed event identity"
2026-10-02T01:24:08.834Z  INFO 479 --- [qwen-managed-agent-server] [           main] o.f.core.internal.command.DbMigrate      : Migrating schema "public" to version "16 - runtime loss evidence"
2026-10-02T01:24:08.836Z  INFO 479 --- [qwen-managed-agent-server] [           main] o.f.core.internal.command.DbMigrate      : Migrating schema "public" to version "17 - managed session operation"
2026-10-02T01:24:08.837Z  INFO 479 --- [qwen-managed-agent-server] [           main] o.f.core.internal.command.DbMigrate      : Migrating schema "public" to version "18 - managed extension record"
2026-10-02T01:24:08.838Z  INFO 479 --- [qwen-managed-agent-server] [           main] o.f.core.internal.command.DbMigrate      : Migrating schema "public" to version "19 - workspace operator recovery"
2026-10-02T01:24:08.839Z  INFO 479 --- [qwen-managed-agent-server] [           main] o.f.core.internal.command.DbMigrate      : Migrating schema "public" to version "20 - managed tool publication"
2026-10-02T01:24:08.840Z  INFO 479 --- [qwen-managed-agent-server] [           main] o.f.core.internal.command.DbMigrate      : Migrating schema "public" to version "21 - managed tool publication objects"
2026-10-02T01:24:08.844Z  INFO 479 --- [qwen-managed-agent-server] [           main] o.f.core.internal.command.DbMigrate      : Migrating schema "public" to version "22 - managed tool publication recovery"
2026-10-02T01:24:08.845Z  INFO 479 --- [qwen-managed-agent-server] [           main] o.f.core.internal.command.DbMigrate      : Migrating schema "public" to version "23 - managed mcp records"
2026-10-02T01:24:08.846Z  INFO 479 --- [qwen-managed-agent-server] [           main] o.f.core.internal.command.DbMigrate      : Migrating schema "public" to version "24 - managed actions"
2026-10-02T01:24:08.849Z  INFO 479 --- [qwen-managed-agent-server] [           main] o.f.core.internal.command.DbMigrate      : Migrating schema "public" to version "25 - verified workspace mount"
2026-10-02T01:24:08.851Z  INFO 479 --- [qwen-managed-agent-server] [           main] o.f.core.internal.command.DbMigrate      : Migrating schema "public" to version "26 - managed tool result projection"
2026-10-02T01:24:08.852Z  INFO 479 --- [qwen-managed-agent-server] [           main] o.f.core.internal.command.DbMigrate      : Migrating schema "public" to version "27 - managed hook records"
2026-10-02T01:24:08.853Z  INFO 479 --- [qwen-managed-agent-server] [           main] o.f.core.internal.command.DbMigrate      : Migrating schema "public" to version "28 - workspace recovery bundle"
2026-10-02T01:24:08.854Z  INFO 479 --- [qwen-managed-agent-server] [           main] o.f.core.internal.command.DbMigrate      : Successfully applied 28 migrations to schema "public", now at version v28 (execution time 00:00.025s)
2026-10-02T01:24:08.873Z  INFO 479 --- [qwen-managed-agent-server] [           main] org.flywaydb.core.FlywayExecutor         : Database: jdbc:h2:mem:publication-13cac554-0713-49d3-b960-9b704c76ea8a (H2 2.3)
2026-10-02T01:24:08.876Z  INFO 479 --- [qwen-managed-agent-server] [           main] o.f.c.i.s.JdbcTableSchemaHistory         : Schema history table "public"."flyway_schema_history" does not exist yet
2026-10-02T01:24:08.876Z  INFO 479 --- [qwen-managed-agent-server] [           main] o.f.core.internal.command.DbValidate     : Successfully validated 28 migrations (execution time 00:00.002s)
2026-10-02T01:24:08.876Z  INFO 479 --- [qwen-managed-agent-server] [           main] o.f.c.i.s.JdbcTableSchemaHistory         : Creating Schema History table "public"."flyway_schema_history" ...
2026-10-02T01:24:08.877Z  INFO 479 --- [qwen-managed-agent-server] [           main] o.f.core.internal.command.DbMigrate      : Current version of schema "public": << Empty Schema >>
2026-10-02T01:24:08.877Z  INFO 479 --- [qwen-managed-agent-server] [           main] o.f.core.internal.command.DbMigrate      : Migrating schema "public" to version "1 - managed agent core"
2026-10-02T01:24:08.879Z  INFO 479 --- [qwen-managed-agent-server] [           main] o.f.core.internal.command.DbMigrate      : Migrating schema "public" to version "2 - managed agent projection"
2026-10-02T01:24:08.880Z  INFO 479 --- [qwen-managed-agent-server] [           main] o.f.core.internal.command.DbMigrate      : Migrating schema "public" to version "3 - runtime broker"
2026-10-02T01:24:08.881Z  INFO 479 --- [qwen-managed-agent-server] [           main] o.f.core.internal.command.DbMigrate      : Migrating schema "public" to version "4 - managed session store"
2026-10-02T01:24:08.882Z  INFO 479 --- [qwen-managed-agent-server] [           main] o.f.core.internal.command.DbMigrate      : Migrating schema "public" to version "5 - managed session lifecycle"
2026-10-02T01:24:08.883Z  INFO 479 --- [qwen-managed-agent-server] [           main] o.f.core.internal.command.DbMigrate      : Migrating schema "public" to version "6 - managed turn retry"
2026-10-02T01:24:08.885Z  INFO 479 --- [qwen-managed-agent-server] [           main] o.f.core.internal.command.DbMigrate      : Migrating schema "public" to version "7 - managed workspace binding"
2026-10-02T01:24:08.888Z  INFO 479 --- [qwen-managed-agent-server] [           main] o.f.core.internal.command.DbMigrate      : Migrating schema "public" to version "8 - managed workspace registry"
2026-10-02T01:24:08.889Z  INFO 479 --- [qwen-managed-agent-server] [           main] o.f.core.internal.command.DbMigrate      : Migrating schema "public" to version "9 - managed workspace creation command"
2026-10-02T01:24:08.889Z  INFO 479 --- [qwen-managed-agent-server] [           main] o.f.core.internal.command.DbMigrate      : Migrating schema "public" to version "10 - managed runtime context"
2026-10-02T01:24:08.890Z  INFO 479 --- [qwen-managed-agent-server] [           main] o.f.core.internal.command.DbMigrate      : Migrating schema "public" to version "11 - workspace execution"
2026-10-02T01:24:08.891Z  INFO 479 --- [qwen-managed-agent-server] [           main] o.f.core.internal.command.DbMigrate      : Migrating schema "public" to version "12 - runtime broker schema alignment"
2026-10-02T01:24:08.893Z  INFO 479 --- [qwen-managed-agent-server] [           main] o.f.core.internal.command.DbMigrate      : Migrating schema "public" to version "13 - managed session agent revision"
2026-10-02T01:24:08.894Z  INFO 479 --- [qwen-managed-agent-server] [           main] o.f.core.internal.command.DbMigrate      : Migrating schema "public" to version "14 - managed event replay"
2026-10-02T01:24:08.896Z  INFO 479 --- [qwen-managed-agent-server] [           main] o.f.core.internal.command.DbMigrate      : Migrating schema "public" to version "15 - managed event identity"
2026-10-02T01:24:08.896Z  INFO 479 --- [qwen-managed-agent-server] [           main] o.f.core.internal.command.DbMigrate      : Migrating schema "public" to version "16 - runtime loss evidence"
2026-10-02T01:24:08.898Z  INFO 479 --- [qwen-managed-agent-server] [           main] o.f.core.internal.command.DbMigrate      : Migrating schema "public" to version "17 - managed session operation"
2026-10-02T01:24:08.899Z  INFO 479 --- [qwen-managed-agent-server] [           main] o.f.core.internal.command.DbMigrate      : Migrating schema "public" to version "18 - managed extension record"
2026-10-02T01:24:08.900Z  INFO 479 --- [qwen-managed-agent-server] [           main] o.f.core.internal.command.DbMigrate      : Migrating schema "public" to version "19 - workspace operator recovery"
2026-10-02T01:24:08.900Z  INFO 479 --- [qwen-managed-agent-server] [           main] o.f.core.internal.command.DbMigrate      : Migrating schema "public" to version "20 - managed tool publication"
2026-10-02T01:24:08.901Z  INFO 479 --- [qwen-managed-agent-server] [           main] o.f.core.internal.command.DbMigrate      : Migrating schema "public" to version "21 - managed tool publication objects"
2026-10-02T01:24:08.905Z  INFO 479 --- [qwen-managed-agent-server] [           main] o.f.core.internal.command.DbMigrate      : Migrating schema "public" to version "22 - managed tool publication recovery"
2026-10-02T01:24:08.906Z  INFO 479 --- [qwen-managed-agent-server] [           main] o.f.core.internal.command.DbMigrate      : Migrating schema "public" to version "23 - managed mcp records"
2026-10-02T01:24:08.906Z  INFO 479 --- [qwen-managed-agent-server] [           main] o.f.core.internal.command.DbMigrate      : Migrating schema "public" to version "24 - managed actions"
2026-10-02T01:24:08.909Z  INFO 479 --- [qwen-managed-agent-server] [           main] o.f.core.internal.command.DbMigrate      : Migrating schema "public" to version "25 - verified workspace mount"
2026-10-02T01:24:08.911Z  INFO 479 --- [qwen-managed-agent-server] [           main] o.f.core.internal.command.DbMigrate      : Migrating schema "public" to version "26 - managed tool result projection"
2026-10-02T01:24:08.912Z  INFO 479 --- [qwen-managed-agent-server] [           main] o.f.core.internal.command.DbMigrate      : Migrating schema "public" to version "27 - managed hook records"
2026-10-02T01:24:08.914Z  INFO 479 --- [qwen-managed-agent-server] [           main] o.f.core.internal.command.DbMigrate      : Migrating schema "public" to version "28 - workspace recovery bundle"
2026-10-02T01:24:08.914Z  INFO 479 --- [qwen-managed-agent-server] [           main] o.f.core.internal.command.DbMigrate      : Successfully applied 28 migrations to schema "public", now at version v28 (execution time 00:00.010s)
2026-10-02T01:24:08.924Z  INFO 479 --- [qwen-managed-agent-server] [           main] org.flywaydb.core.FlywayExecutor         : Database: jdbc:h2:mem:publication-2c6d3c03-7c00-4850-83e9-4d36c7d8442b (H2 2.3)
2026-10-02T01:24:08.927Z  INFO 479 --- [qwen-managed-agent-server] [           main] o.f.c.i.s.JdbcTableSchemaHistory         : Schema history table "public"."flyway_schema_history" does not exist yet
2026-10-02T01:24:08.927Z  INFO 479 --- [qwen-managed-agent-server] [           main] o.f.core.internal.command.DbValidate     : Successfully validated 28 migrations (execution time 00:00.002s)
2026-10-02T01:24:08.927Z  INFO 479 --- [qwen-managed-agent-server] [           main] o.f.c.i.s.JdbcTableSchemaHistory         : Creating Schema History table "public"."flyway_schema_history" ...
2026-10-02T01:24:08.928Z  INFO 479 --- [qwen-managed-agent-server] [           main] o.f.core.internal.command.DbMigrate      : Current version of schema "public": << Empty Schema >>
2026-10-02T01:24:08.929Z  INFO 479 --- [qwen-managed-agent-server] [           main] o.f.core.internal.command.DbMigrate      : Migrating schema "public" to version "1 - managed agent core"
2026-10-02T01:24:08.930Z  INFO 479 --- [qwen-managed-agent-server] [           main] o.f.core.internal.command.DbMigrate      : Migrating schema "public" to version "2 - managed agent projection"
2026-10-02T01:24:08.931Z  INFO 479 --- [qwen-managed-agent-server] [           main] o.f.core.internal.command.DbMigrate      : Migrating schema "public" to version "3 - runtime broker"
2026-10-02T01:24:08.932Z  INFO 479 --- [qwen-managed-agent-server] [           main] o.f.core.internal.command.DbMigrate      : Migrating schema "public" to version "4 - managed session store"
2026-10-02T01:24:08.933Z  INFO 479 --- [qwen-managed-agent-server] [           main] o.f.core.internal.command.DbMigrate      : Migrating schema "public" to version "5 - managed session lifecycle"
2026-10-02T01:24:08.934Z  INFO 479 --- [qwen-managed-agent-server] [           main] o.f.core.internal.command.DbMigrate      : Migrating schema "public" to version "6 - managed turn retry"
2026-10-02T01:24:08.935Z  INFO 479 --- [qwen-managed-agent-server] [           main] o.f.core.internal.command.DbMigrate      : Migrating schema "public" to version "7 - managed workspace binding"
2026-10-02T01:24:08.939Z  INFO 479 --- [qwen-managed-agent-server] [           main] o.f.core.internal.command.DbMigrate      : Migrating schema "public" to version "8 - managed workspace registry"
2026-10-02T01:24:08.939Z  INFO 479 --- [qwen-managed-agent-server] [           main] o.f.core.internal.command.DbMigrate      : Migrating schema "public" to version "9 - managed workspace creation command"
2026-10-02T01:24:08.940Z  INFO 479 --- [qwen-managed-agent-server] [           main] o.f.core.internal.command.DbMigrate      : Migrating schema "public" to version "10 - managed runtime context"
2026-10-02T01:24:08.941Z  INFO 479 --- [qwen-managed-agent-server] [           main] o.f.core.internal.command.DbMigrate      : Migrating schema "public" to version "11 - workspace execution"
2026-10-02T01:24:08.942Z  INFO 479 --- [qwen-managed-agent-server] [           main] o.f.core.internal.command.DbMigrate      : Migrating schema "public" to version "12 - runtime broker schema alignment"
2026-10-02T01:24:08.943Z  INFO 479 --- [qwen-managed-agent-server] [           main] o.f.core.internal.command.DbMigrate      : Migrating schema "public" to version "13 - managed session agent revision"
2026-10-02T01:24:08.944Z  INFO 479 --- [qwen-managed-agent-server] [           main] o.f.core.internal.command.DbMigrate      : Migrating schema "public" to version "14 - managed event replay"
2026-10-02T01:24:08.946Z  INFO 479 --- [qwen-managed-agent-server] [           main] o.f.core.internal.command.DbMigrate      : Migrating schema "public" to version "15 - managed event identity"
2026-10-02T01:24:08.947Z  INFO 479 --- [qwen-managed-agent-server] [           main] o.f.core.internal.command.DbMigrate      : Migrating schema "public" to version "16 - runtime loss evidence"
2026-10-02T01:24:08.949Z  INFO 479 --- [qwen-managed-agent-server] [           main] o.f.core.internal.command.DbMigrate      : Migrating schema "public" to version "17 - managed session operation"
2026-10-02T01:24:08.950Z  INFO 479 --- [qwen-managed-agent-server] [           main] o.f.core.internal.command.DbMigrate      : Migrating schema "public" to version "18 - managed extension record"
2026-10-02T01:24:08.951Z  INFO 479 --- [qwen-managed-agent-server] [           main] o.f.core.internal.command.DbMigrate      : Migrating schema "public" to version "19 - workspace operator recovery"
2026-10-02T01:24:08.952Z  INFO 479 --- [qwen-managed-agent-server] [           main] o.f.core.internal.command.DbMigrate      : Migrating schema "public" to version "20 - managed tool publication"
2026-10-02T01:24:08.952Z  INFO 479 --- [qwen-managed-agent-server] [           main] o.f.core.internal.command.DbMigrate      : Migrating schema "public" to version "21 - managed tool publication objects"
2026-10-02T01:24:08.957Z  INFO 479 --- [qwen-managed-agent-server] [           main] o.f.core.internal.command.DbMigrate      : Migrating schema "public" to version "22 - managed tool publication recovery"
2026-10-02T01:24:08.958Z  INFO 479 --- [qwen-managed-agent-server] [           main] o.f.core.internal.command.DbMigrate      : Migrating schema "public" to version "23 - managed mcp records"
2026-10-02T01:24:08.958Z  INFO 479 --- [qwen-managed-agent-server] [           main] o.f.core.internal.command.DbMigrate      : Migrating schema "public" to version "24 - managed actions"
2026-10-02T01:24:08.961Z  INFO 479 --- [qwen-managed-agent-server] [           main] o.f.core.internal.command.DbMigrate      : Migrating schema "public" to version "25 - verified workspace mount"
2026-10-02T01:24:08.963Z  INFO 479 --- [qwen-managed-agent-server] [           main] o.f.core.internal.command.DbMigrate      : Migrating schema "public" to version "26 - managed tool result projection"
2026-10-02T01:24:08.964Z  INFO 479 --- [qwen-managed-agent-server] [           main] o.f.core.internal.command.DbMigrate      : Migrating schema "public" to version "27 - managed hook records"
2026-10-02T01:24:08.965Z  INFO 479 --- [qwen-managed-agent-server] [           main] o.f.core.internal.command.DbMigrate      : Migrating schema "public" to version "28 - workspace recovery bundle"
2026-10-02T01:24:08.966Z  INFO 479 --- [qwen-managed-agent-server] [           main] o.f.core.internal.command.DbMigrate      : Successfully applied 28 migrations to schema "public", now at version v28 (execution time 00:00.009s)
2026-10-02T01:24:09.052Z  INFO 479 --- [qwen-managed-agent-server] [           main] org.flywaydb.core.FlywayExecutor         : Database: jdbc:h2:mem:publication-492aa935-352f-415c-a173-cab4636ffa0a (H2 2.3)
2026-10-02T01:24:09.055Z  INFO 479 --- [qwen-managed-agent-server] [           main] o.f.c.i.s.JdbcTableSchemaHistory         : Schema history table "public"."flyway_schema_history" does not exist yet
2026-10-02T01:24:09.055Z  INFO 479 --- [qwen-managed-agent-server] [           main] o.f.core.internal.command.DbValidate     : Successfully validated 28 migrations (execution time 00:00.002s)
2026-10-02T01:24:09.055Z  INFO 479 --- [qwen-managed-agent-server] [           main] o.f.c.i.s.JdbcTableSchemaHistory         : Creating Schema History table "public"."flyway_schema_history" ...
2026-10-02T01:24:09.056Z  INFO 479 --- [qwen-managed-agent-server] [           main] o.f.core.internal.command.DbMigrate      : Current version of schema "public": << Empty Schema >>
2026-10-02T01:24:09.057Z  INFO 479 --- [qwen-managed-agent-server] [           main] o.f.core.internal.command.DbMigrate      : Migrating schema "public" to version "1 - managed agent core"
2026-10-02T01:24:09.058Z  INFO 479 --- [qwen-managed-agent-server] [           main] o.f.core.internal.command.DbMigrate      : Migrating schema "public" to version "2 - managed agent projection"
2026-10-02T01:24:09.059Z  INFO 479 --- [qwen-managed-agent-server] [           main] o.f.core.internal.command.DbMigrate      : Migrating schema "public" to version "3 - runtime broker"
2026-10-02T01:24:09.061Z  INFO 479 --- [qwen-managed-agent-server] [           main] o.f.core.internal.command.DbMigrate      : Migrating schema "public" to version "4 - managed session store"
2026-10-02T01:24:09.062Z  INFO 479 --- [qwen-managed-agent-server] [           main] o.f.core.internal.command.DbMigrate      : Migrating schema "public" to version "5 - managed session lifecycle"
2026-10-02T01:24:09.064Z  INFO 479 --- [qwen-managed-agent-server] [           main] o.f.core.internal.command.DbMigrate      : Migrating schema "public" to version "6 - managed turn retry"
2026-10-02T01:24:09.065Z  INFO 479 --- [qwen-managed-agent-server] [           main] o.f.core.internal.command.DbMigrate      : Migrating schema "public" to version "7 - managed workspace binding"
2026-10-02T01:24:09.069Z  INFO 479 --- [qwen-managed-agent-server] [           main] o.f.core.internal.command.DbMigrate      : Migrating schema "public" to version "8 - managed workspace registry"
2026-10-02T01:24:09.070Z  INFO 479 --- [qwen-managed-agent-server] [           main] o.f.core.internal.command.DbMigrate      : Migrating schema "public" to version "9 - managed workspace creation command"
2026-10-02T01:24:09.071Z  INFO 479 --- [qwen-managed-agent-server] [           main] o.f.core.internal.command.DbMigrate      : Migrating schema "public" to version "10 - managed runtime context"
2026-10-02T01:24:09.073Z  INFO 479 --- [qwen-managed-agent-server] [           main] o.f.core.internal.command.DbMigrate      : Migrating schema "public" to version "11 - workspace execution"
2026-10-02T01:24:09.074Z  INFO 479 --- [qwen-managed-agent-server] [           main] o.f.core.internal.command.DbMigrate      : Migrating schema "public" to version "12 - runtime broker schema alignment"
2026-10-02T01:24:09.075Z  INFO 479 --- [qwen-managed-agent-server] [           main] o.f.core.internal.command.DbMigrate      : Migrating schema "public" to version "13 - managed session agent revision"
2026-10-02T01:24:09.077Z  INFO 479 --- [qwen-managed-agent-server] [           main] o.f.core.internal.command.DbMigrate      : Migrating schema "public" to version "14 - managed event replay"
2026-10-02T01:24:09.079Z  INFO 479 --- [qwen-managed-agent-server] [           main] o.f.core.internal.command.DbMigrate      : Migrating schema "public" to version "15 - managed event identity"
2026-10-02T01:24:09.080Z  INFO 479 --- [qwen-managed-agent-server] [           main] o.f.core.internal.command.DbMigrate      : Migrating schema "public" to version "16 - runtime loss evidence"
2026-10-02T01:24:09.082Z  INFO 479 --- [qwen-managed-agent-server] [           main] o.f.core.internal.command.DbMigrate      : Migrating schema "public" to version "17 - managed session operation"
2026-10-02T01:24:09.083Z  INFO 479 --- [qwen-managed-agent-server] [           main] o.f.core.internal.command.DbMigrate      : Migrating schema "public" to version "18 - managed extension record"
2026-10-02T01:24:09.083Z  INFO 479 --- [qwen-managed-agent-server] [           main] o.f.core.internal.command.DbMigrate      : Migrating schema "public" to version "19 - workspace operator recovery"
2026-10-02T01:24:09.085Z  INFO 479 --- [qwen-managed-agent-server] [           main] o.f.core.internal.command.DbMigrate      : Migrating schema "public" to version "20 - managed tool publication"
2026-10-02T01:24:09.086Z  INFO 479 --- [qwen-managed-agent-server] [           main] o.f.core.internal.command.DbMigrate      : Migrating schema "public" to version "21 - managed tool publication objects"
2026-10-02T01:24:09.091Z  INFO 479 --- [qwen-managed-agent-server] [           main] o.f.core.internal.command.DbMigrate      : Migrating schema "public" to version "22 - managed tool publication recovery"
2026-10-02T01:24:09.091Z  INFO 479 --- [qwen-managed-agent-server] [           main] o.f.core.internal.command.DbMigrate      : Migrating schema "public" to version "23 - managed mcp records"
2026-10-02T01:24:09.092Z  INFO 479 --- [qwen-managed-agent-server] [           main] o.f.core.internal.command.DbMigrate      : Migrating schema "public" to version "24 - managed actions"
2026-10-02T01:24:09.096Z  INFO 479 --- [qwen-managed-agent-server] [           main] o.f.core.internal.command.DbMigrate      : Migrating schema "public" to version "25 - verified workspace mount"
2026-10-02T01:24:09.098Z  INFO 479 --- [qwen-managed-agent-server] [           main] o.f.core.internal.command.DbMigrate      : Migrating schema "public" to version "26 - managed tool result projection"
2026-10-02T01:24:09.099Z  INFO 479 --- [qwen-managed-agent-server] [           main] o.f.core.internal.command.DbMigrate      : Migrating schema "public" to version "27 - managed hook records"
2026-10-02T01:24:09.100Z  INFO 479 --- [qwen-managed-agent-server] [           main] o.f.core.internal.command.DbMigrate      : Migrating schema "public" to version "28 - workspace recovery bundle"
2026-10-02T01:24:09.102Z  INFO 479 --- [qwen-managed-agent-server] [           main] o.f.core.internal.command.DbMigrate      : Successfully applied 28 migrations to schema "public", now at version v28 (execution time 00:00.015s)
2026-10-02T01:24:09.112Z  INFO 479 --- [qwen-managed-agent-server] [           main] org.flywaydb.core.FlywayExecutor         : Database: jdbc:h2:mem:publication-9fb216ba-e6ab-4c5a-9ade-9210a753818d (H2 2.3)
2026-10-02T01:24:09.114Z  INFO 479 --- [qwen-managed-agent-server] [           main] o.f.c.i.s.JdbcTableSchemaHistory         : Schema history table "public"."flyway_schema_history" does not exist yet
2026-10-02T01:24:09.115Z  INFO 479 --- [qwen-managed-agent-server] [           main] o.f.core.internal.command.DbValidate     : Successfully validated 28 migrations (execution time 00:00.002s)
2026-10-02T01:24:09.115Z  INFO 479 --- [qwen-managed-agent-server] [           main] o.f.c.i.s.JdbcTableSchemaHistory         : Creating Schema History table "public"."flyway_schema_history" ...
2026-10-02T01:24:09.116Z  INFO 479 --- [qwen-managed-agent-server] [           main] o.f.core.internal.command.DbMigrate      : Current version of schema "public": << Empty Schema >>
2026-10-02T01:24:09.116Z  INFO 479 --- [qwen-managed-agent-server] [           main] o.f.core.internal.command.DbMigrate      : Migrating schema "public" to version "1 - managed agent core"
2026-10-02T01:24:09.119Z  INFO 479 --- [qwen-managed-agent-server] [           main] o.f.core.internal.command.DbMigrate      : Migrating schema "public" to version "2 - managed agent projection"
2026-10-02T01:24:09.120Z  INFO 479 --- [qwen-managed-agent-server] [           main] o.f.core.internal.command.DbMigrate      : Migrating schema "public" to version "3 - runtime broker"
2026-10-02T01:24:09.122Z  INFO 479 --- [qwen-managed-agent-server] [           main] o.f.core.internal.command.DbMigrate      : Migrating schema "public" to version "4 - managed session store"
2026-10-02T01:24:09.122Z  INFO 479 --- [qwen-managed-agent-server] [           main] o.f.core.internal.command.DbMigrate      : Migrating schema "public" to version "5 - managed session lifecycle"
2026-10-02T01:24:09.124Z  INFO 479 --- [qwen-managed-agent-server] [           main] o.f.core.internal.command.DbMigrate      : Migrating schema "public" to version "6 - managed turn retry"
2026-10-02T01:24:09.125Z  INFO 479 --- [qwen-managed-agent-server] [           main] o.f.core.internal.command.DbMigrate      : Migrating schema "public" to version "7 - managed workspace binding"
2026-10-02T01:24:09.128Z  INFO 479 --- [qwen-managed-agent-server] [           main] o.f.core.internal.command.DbMigrate      : Migrating schema "public" to version "8 - managed workspace registry"
2026-10-02T01:24:09.129Z  INFO 479 --- [qwen-managed-agent-server] [           main] o.f.core.internal.command.DbMigrate      : Migrating schema "public" to version "9 - managed workspace creation command"
2026-10-02T01:24:09.130Z  INFO 479 --- [qwen-managed-agent-server] [           main] o.f.core.internal.command.DbMigrate      : Migrating schema "public" to version "10 - managed runtime context"
2026-10-02T01:24:09.132Z  INFO 479 --- [qwen-managed-agent-server] [           main] o.f.core.internal.command.DbMigrate      : Migrating schema "public" to version "11 - workspace execution"
2026-10-02T01:24:09.132Z  INFO 479 --- [qwen-managed-agent-server] [           main] o.f.core.internal.command.DbMigrate      : Migrating schema "public" to version "12 - runtime broker schema alignment"
2026-10-02T01:24:09.134Z  INFO 479 --- [qwen-managed-agent-server] [           main] o.f.core.internal.command.DbMigrate      : Migrating schema "public" to version "13 - managed session agent revision"
2026-10-02T01:24:09.135Z  INFO 479 --- [qwen-managed-agent-server] [           main] o.f.core.internal.command.DbMigrate      : Migrating schema "public" to version "14 - managed event replay"
2026-10-02T01:24:09.137Z  INFO 479 --- [qwen-managed-agent-server] [           main] o.f.core.internal.command.DbMigrate      : Migrating schema "public" to version "15 - managed event identity"
2026-10-02T01:24:09.138Z  INFO 479 --- [qwen-managed-agent-server] [           main] o.f.core.internal.command.DbMigrate      : Migrating schema "public" to version "16 - runtime loss evidence"
2026-10-02T01:24:09.140Z  INFO 479 --- [qwen-managed-agent-server] [           main] o.f.core.internal.command.DbMigrate      : Migrating schema "public" to version "17 - managed session operation"
2026-10-02T01:24:09.142Z  INFO 479 --- [qwen-managed-agent-server] [           main] o.f.core.internal.command.DbMigrate      : Migrating schema "public" to version "18 - managed extension record"
2026-10-02T01:24:09.143Z  INFO 479 --- [qwen-managed-agent-server] [           main] o.f.core.internal.command.DbMigrate      : Migrating schema "public" to version "19 - workspace operator recovery"
2026-10-02T01:24:09.143Z  INFO 479 --- [qwen-managed-agent-server] [           main] o.f.core.internal.command.DbMigrate      : Migrating schema "public" to version "20 - managed tool publication"
2026-10-02T01:24:09.145Z  INFO 479 --- [qwen-managed-agent-server] [           main] o.f.core.internal.command.DbMigrate      : Migrating schema "public" to version "21 - managed tool publication objects"
2026-10-02T01:24:09.149Z  INFO 479 --- [qwen-managed-agent-server] [           main] o.f.core.internal.command.DbMigrate      : Migrating schema "public" to version "22 - managed tool publication recovery"
2026-10-02T01:24:09.150Z  INFO 479 --- [qwen-managed-agent-server] [           main] o.f.core.internal.command.DbMigrate      : Migrating schema "public" to version "23 - managed mcp records"
2026-10-02T01:24:09.151Z  INFO 479 --- [qwen-managed-agent-server] [           main] o.f.core.internal.command.DbMigrate      : Migrating schema "public" to version "24 - managed actions"
2026-10-02T01:24:09.153Z  INFO 479 --- [qwen-managed-agent-server] [           main] o.f.core.internal.command.DbMigrate      : Migrating schema "public" to version "25 - verified workspace mount"
2026-10-02T01:24:09.155Z  INFO 479 --- [qwen-managed-agent-server] [           main] o.f.core.internal.command.DbMigrate      : Migrating schema "public" to version "26 - managed tool result projection"
2026-10-02T01:24:09.156Z  INFO 479 --- [qwen-managed-agent-server] [           main] o.f.core.internal.command.DbMigrate      : Migrating schema "public" to version "27 - managed hook records"
2026-10-02T01:24:09.157Z  INFO 479 --- [qwen-managed-agent-server] [           main] o.f.core.internal.command.DbMigrate      : Migrating schema "public" to version "28 - workspace recovery bundle"
2026-10-02T01:24:09.158Z  INFO 479 --- [qwen-managed-agent-server] [           main] o.f.core.internal.command.DbMigrate      : Successfully applied 28 migrations to schema "public", now at version v28 (execution time 00:00.013s)
2026-10-02T01:24:09.328Z  INFO 479 --- [qwen-managed-agent-server] [           main] org.flywaydb.core.FlywayExecutor         : Database: jdbc:h2:mem:publication-e40b93c4-2c12-4d93-8ab5-7bb23af81958 (H2 2.3)
2026-10-02T01:24:09.331Z  INFO 479 --- [qwen-managed-agent-server] [           main] o.f.c.i.s.JdbcTableSchemaHistory         : Schema history table "public"."flyway_schema_history" does not exist yet
2026-10-02T01:24:09.332Z  INFO 479 --- [qwen-managed-agent-server] [           main] o.f.core.internal.command.DbValidate     : Successfully validated 28 migrations (execution time 00:00.002s)
2026-10-02T01:24:09.332Z  INFO 479 --- [qwen-managed-agent-server] [           main] o.f.c.i.s.JdbcTableSchemaHistory         : Creating Schema History table "public"."flyway_schema_history" ...
2026-10-02T01:24:09.333Z  INFO 479 --- [qwen-managed-agent-server] [           main] o.f.core.internal.command.DbMigrate      : Current version of schema "public": << Empty Schema >>
2026-10-02T01:24:09.334Z  INFO 479 --- [qwen-managed-agent-server] [           main] o.f.core.internal.command.DbMigrate      : Migrating schema "public" to version "1 - managed agent core"
2026-10-02T01:24:09.335Z  INFO 479 --- [qwen-managed-agent-server] [           main] o.f.core.internal.command.DbMigrate      : Migrating schema "public" to version "2 - managed agent projection"
2026-10-02T01:24:09.337Z  INFO 479 --- [qwen-managed-agent-server] [           main] o.f.core.internal.command.DbMigrate      : Migrating schema "public" to version "3 - runtime broker"
2026-10-02T01:24:09.339Z  INFO 479 --- [qwen-managed-agent-server] [           main] o.f.core.internal.command.DbMigrate      : Migrating schema "public" to version "4 - managed session store"
2026-10-02T01:24:09.340Z  INFO 479 --- [qwen-managed-agent-server] [           main] o.f.core.internal.command.DbMigrate      : Migrating schema "public" to version "5 - managed session lifecycle"
2026-10-02T01:24:09.341Z  INFO 479 --- [qwen-managed-agent-server] [           main] o.f.core.internal.command.DbMigrate      : Migrating schema "public" to version "6 - managed turn retry"
2026-10-02T01:24:09.342Z  INFO 479 --- [qwen-managed-agent-server] [           main] o.f.core.internal.command.DbMigrate      : Migrating schema "public" to version "7 - managed workspace binding"
2026-10-02T01:24:09.347Z  INFO 479 --- [qwen-managed-agent-server] [           main] o.f.core.internal.command.DbMigrate      : Migrating schema "public" to version "8 - managed workspace registry"
2026-10-02T01:24:09.349Z  INFO 479 --- [qwen-managed-agent-server] [           main] o.f.core.internal.command.DbMigrate      : Migrating schema "public" to version "9 - managed workspace creation command"
2026-10-02T01:24:09.350Z  INFO 479 --- [qwen-managed-agent-server] [           main] o.f.core.internal.command.DbMigrate      : Migrating schema "public" to version "10 - managed runtime context"
2026-10-02T01:24:09.352Z  INFO 479 --- [qwen-managed-agent-server] [           main] o.f.core.internal.command.DbMigrate      : Migrating schema "public" to version "11 - workspace execution"
2026-10-02T01:24:09.353Z  INFO 479 --- [qwen-managed-agent-server] [           main] o.f.core.internal.command.DbMigrate      : Migrating schema "public" to version "12 - runtime broker schema alignment"
2026-10-02T01:24:09.356Z  INFO 479 --- [qwen-managed-agent-server] [           main] o.f.core.internal.command.DbMigrate      : Migrating schema "public" to version "13 - managed session agent revision"
2026-10-02T01:24:09.358Z  INFO 479 --- [qwen-managed-agent-server] [           main] o.f.core.internal.command.DbMigrate      : Migrating schema "public" to version "14 - managed event replay"
2026-10-02T01:24:09.363Z  INFO 479 --- [qwen-managed-agent-server] [           main] o.f.core.internal.command.DbMigrate      : Migrating schema "public" to version "15 - managed event identity"
2026-10-02T01:24:09.364Z  INFO 479 --- [qwen-managed-agent-server] [           main] o.f.core.internal.command.DbMigrate      : Migrating schema "public" to version "16 - runtime loss evidence"
2026-10-02T01:24:09.366Z  INFO 479 --- [qwen-managed-agent-server] [           main] o.f.core.internal.command.DbMigrate      : Migrating schema "public" to version "17 - managed session operation"
2026-10-02T01:24:09.368Z  INFO 479 --- [qwen-managed-agent-server] [           main] o.f.core.internal.command.DbMigrate      : Migrating schema "public" to version "18 - managed extension record"
2026-10-02T01:24:09.369Z  INFO 479 --- [qwen-managed-agent-server] [           main] o.f.core.internal.command.DbMigrate      : Migrating schema "public" to version "19 - workspace operator recovery"
2026-10-02T01:24:09.370Z  INFO 479 --- [qwen-managed-agent-server] [           main] o.f.core.internal.command.DbMigrate      : Migrating schema "public" to version "20 - managed tool publication"
2026-10-02T01:24:09.371Z  INFO 479 --- [qwen-managed-agent-server] [           main] o.f.core.internal.command.DbMigrate      : Migrating schema "public" to version "21 - managed tool publication objects"
2026-10-02T01:24:09.377Z  INFO 479 --- [qwen-managed-agent-server] [           main] o.f.core.internal.command.DbMigrate      : Migrating schema "public" to version "22 - managed tool publication recovery"
2026-10-02T01:24:09.378Z  INFO 479 --- [qwen-managed-agent-server] [           main] o.f.core.internal.command.DbMigrate      : Migrating schema "public" to version "23 - managed mcp records"
2026-10-02T01:24:09.378Z  INFO 479 --- [qwen-managed-agent-server] [           main] o.f.core.internal.command.DbMigrate      : Migrating schema "public" to version "24 - managed actions"
2026-10-02T01:24:09.382Z  INFO 479 --- [qwen-managed-agent-server] [           main] o.f.core.internal.command.DbMigrate      : Migrating schema "public" to version "25 - verified workspace mount"
2026-10-02T01:24:09.385Z  INFO 479 --- [qwen-managed-agent-server] [           main] o.f.core.internal.command.DbMigrate      : Migrating schema "public" to version "26 - managed tool result projection"
2026-10-02T01:24:09.387Z  INFO 479 --- [qwen-managed-agent-server] [           main] o.f.core.internal.command.DbMigrate      : Migrating schema "public" to version "27 - managed hook records"
2026-10-02T01:24:09.388Z  INFO 479 --- [qwen-managed-agent-server] [           main] o.f.core.internal.command.DbMigrate      : Migrating schema "public" to version "28 - workspace recovery bundle"
2026-10-02T01:24:09.389Z  INFO 479 --- [qwen-managed-agent-server] [           main] o.f.core.internal.command.DbMigrate      : Successfully applied 28 migrations to schema "public", now at version v28 (execution time 00:00.020s)
2026-10-02T01:24:09.410Z  INFO 479 --- [qwen-managed-agent-server] [           main] org.flywaydb.core.FlywayExecutor         : Database: jdbc:h2:mem:publication-22dd6f7e-3450-4099-8369-abf3cfaad2fb (H2 2.3)
2026-10-02T01:24:09.414Z  INFO 479 --- [qwen-managed-agent-server] [           main] o.f.c.i.s.JdbcTableSchemaHistory         : Schema history table "public"."flyway_schema_history" does not exist yet
2026-10-02T01:24:09.414Z  INFO 479 --- [qwen-managed-agent-server] [           main] o.f.core.internal.command.DbValidate     : Successfully validated 28 migrations (execution time 00:00.003s)
2026-10-02T01:24:09.414Z  INFO 479 --- [qwen-managed-agent-server] [           main] o.f.c.i.s.JdbcTableSchemaHistory         : Creating Schema History table "public"."flyway_schema_history" ...
2026-10-02T01:24:09.416Z  INFO 479 --- [qwen-managed-agent-server] [           main] o.f.core.internal.command.DbMigrate      : Current version of schema "public": << Empty Schema >>
2026-10-02T01:24:09.416Z  INFO 479 --- [qwen-managed-agent-server] [           main] o.f.core.internal.command.DbMigrate      : Migrating schema "public" to version "1 - managed agent core"
2026-10-02T01:24:09.419Z  INFO 479 --- [qwen-managed-agent-server] [           main] o.f.core.internal.command.DbMigrate      : Migrating schema "public" to version "2 - managed agent projection"
2026-10-02T01:24:09.420Z  INFO 479 --- [qwen-managed-agent-server] [           main] o.f.core.internal.command.DbMigrate      : Migrating schema "public" to version "3 - runtime broker"
2026-10-02T01:24:09.423Z  INFO 479 --- [qwen-managed-agent-server] [           main] o.f.core.internal.command.DbMigrate      : Migrating schema "public" to version "4 - managed session store"
2026-10-02T01:24:09.424Z  INFO 479 --- [qwen-managed-agent-server] [           main] o.f.core.internal.command.DbMigrate      : Migrating schema "public" to version "5 - managed session lifecycle"
2026-10-02T01:24:09.426Z  INFO 479 --- [qwen-managed-agent-server] [           main] o.f.core.internal.command.DbMigrate      : Migrating schema "public" to version "6 - managed turn retry"
2026-10-02T01:24:09.427Z  INFO 479 --- [qwen-managed-agent-server] [           main] o.f.core.internal.command.DbMigrate      : Migrating schema "public" to version "7 - managed workspace binding"
2026-10-02T01:24:09.431Z  INFO 479 --- [qwen-managed-agent-server] [           main] o.f.core.internal.command.DbMigrate      : Migrating schema "public" to version "8 - managed workspace registry"
2026-10-02T01:24:09.432Z  INFO 479 --- [qwen-managed-agent-server] [           main] o.f.core.internal.command.DbMigrate      : Migrating schema "public" to version "9 - managed workspace creation command"
2026-10-02T01:24:09.433Z  INFO 479 --- [qwen-managed-agent-server] [           main] o.f.core.internal.command.DbMigrate      : Migrating schema "public" to version "10 - managed runtime context"
2026-10-02T01:24:09.434Z  INFO 479 --- [qwen-managed-agent-server] [           main] o.f.core.internal.command.DbMigrate      : Migrating schema "public" to version "11 - workspace execution"
2026-10-02T01:24:09.435Z  INFO 479 --- [qwen-managed-agent-server] [           main] o.f.core.internal.command.DbMigrate      : Migrating schema "public" to version "12 - runtime broker schema alignment"
2026-10-02T01:24:09.437Z  INFO 479 --- [qwen-managed-agent-server] [           main] o.f.core.internal.command.DbMigrate      : Migrating schema "public" to version "13 - managed session agent revision"
2026-10-02T01:24:09.438Z  INFO 479 --- [qwen-managed-agent-server] [           main] o.f.core.internal.command.DbMigrate      : Migrating schema "public" to version "14 - managed event replay"
2026-10-02T01:24:09.440Z  INFO 479 --- [qwen-managed-agent-server] [           main] o.f.core.internal.command.DbMigrate      : Migrating schema "public" to version "15 - managed event identity"
2026-10-02T01:24:09.441Z  INFO 479 --- [qwen-managed-agent-server] [           main] o.f.core.internal.command.DbMigrate      : Migrating schema "public" to version "16 - runtime loss evidence"
2026-10-02T01:24:09.443Z  INFO 479 --- [qwen-managed-agent-server] [           main] o.f.core.internal.command.DbMigrate      : Migrating schema "public" to version "17 - managed session operation"
2026-10-02T01:24:09.444Z  INFO 479 --- [qwen-managed-agent-server] [           main] o.f.core.internal.command.DbMigrate      : Migrating schema "public" to version "18 - managed extension record"
2026-10-02T01:24:09.445Z  INFO 479 --- [qwen-managed-agent-server] [           main] o.f.core.internal.command.DbMigrate      : Migrating schema "public" to version "19 - workspace operator recovery"
2026-10-02T01:24:09.446Z  INFO 479 --- [qwen-managed-agent-server] [           main] o.f.core.internal.command.DbMigrate      : Migrating schema "public" to version "20 - managed tool publication"
2026-10-02T01:24:09.447Z  INFO 479 --- [qwen-managed-agent-server] [           main] o.f.core.internal.command.DbMigrate      : Migrating schema "public" to version "21 - managed tool publication objects"
2026-10-02T01:24:09.453Z  INFO 479 --- [qwen-managed-agent-server] [           main] o.f.core.internal.command.DbMigrate      : Migrating schema "public" to version "22 - managed tool publication recovery"
2026-10-02T01:24:09.454Z  INFO 479 --- [qwen-managed-agent-server] [           main] o.f.core.internal.command.DbMigrate      : Migrating schema "public" to version "23 - managed mcp records"
2026-10-02T01:24:09.455Z  INFO 479 --- [qwen-managed-agent-server] [           main] o.f.core.internal.command.DbMigrate      : Migrating schema "public" to version "24 - managed actions"
2026-10-02T01:24:09.458Z  INFO 479 --- [qwen-managed-agent-server] [           main] o.f.core.internal.command.DbMigrate      : Migrating schema "public" to version "25 - verified workspace mount"
2026-10-02T01:24:09.460Z  INFO 479 --- [qwen-managed-agent-server] [           main] o.f.core.internal.command.DbMigrate      : Migrating schema "public" to version "26 - managed tool result projection"
2026-10-02T01:24:09.462Z  INFO 479 --- [qwen-managed-agent-server] [           main] o.f.core.internal.command.DbMigrate      : Migrating schema "public" to version "27 - managed hook records"
2026-10-02T01:24:09.463Z  INFO 479 --- [qwen-managed-agent-server] [           main] o.f.core.internal.command.DbMigrate      : Migrating schema "public" to version "28 - workspace recovery bundle"
2026-10-02T01:24:09.464Z  INFO 479 --- [qwen-managed-agent-server] [           main] o.f.core.internal.command.DbMigrate      : Successfully applied 28 migrations to schema "public", now at version v28 (execution time 00:00.016s)
2026-10-02T01:24:09.488Z  INFO 479 --- [qwen-managed-agent-server] [           main] org.flywaydb.core.FlywayExecutor         : Database: jdbc:h2:mem:publication-a8ec2f33-7694-4c03-9015-ff4d59e1e754 (H2 2.3)
2026-10-02T01:24:09.491Z  INFO 479 --- [qwen-managed-agent-server] [           main] o.f.c.i.s.JdbcTableSchemaHistory         : Schema history table "public"."flyway_schema_history" does not exist yet
2026-10-02T01:24:09.491Z  INFO 479 --- [qwen-managed-agent-server] [           main] o.f.core.internal.command.DbValidate     : Successfully validated 28 migrations (execution time 00:00.002s)
2026-10-02T01:24:09.492Z  INFO 479 --- [qwen-managed-agent-server] [           main] o.f.c.i.s.JdbcTableSchemaHistory         : Creating Schema History table "public"."flyway_schema_history" ...
2026-10-02T01:24:09.493Z  INFO 479 --- [qwen-managed-agent-server] [           main] o.f.core.internal.command.DbMigrate      : Current version of schema "public": << Empty Schema >>
2026-10-02T01:24:09.493Z  INFO 479 --- [qwen-managed-agent-server] [           main] o.f.core.internal.command.DbMigrate      : Migrating schema "public" to version "1 - managed agent core"
2026-10-02T01:24:09.495Z  INFO 479 --- [qwen-managed-agent-server] [           main] o.f.core.internal.command.DbMigrate      : Migrating schema "public" to version "2 - managed agent projection"
2026-10-02T01:24:09.496Z  INFO 479 --- [qwen-managed-agent-server] [           main] o.f.core.internal.command.DbMigrate      : Migrating schema "public" to version "3 - runtime broker"
2026-10-02T01:24:09.498Z  INFO 479 --- [qwen-managed-agent-server] [           main] o.f.core.internal.command.DbMigrate      : Migrating schema "public" to version "4 - managed session store"
2026-10-02T01:24:09.499Z  INFO 479 --- [qwen-managed-agent-server] [           main] o.f.core.internal.command.DbMigrate      : Migrating schema "public" to version "5 - managed session lifecycle"
2026-10-02T01:24:09.501Z  INFO 479 --- [qwen-managed-agent-server] [           main] o.f.core.internal.command.DbMigrate      : Migrating schema "public" to version "6 - managed turn retry"
2026-10-02T01:24:09.504Z  INFO 479 --- [qwen-managed-agent-server] [           main] o.f.core.internal.command.DbMigrate      : Migrating schema "public" to version "7 - managed workspace binding"
2026-10-02T01:24:09.507Z  INFO 479 --- [qwen-managed-agent-server] [           main] o.f.core.internal.command.DbMigrate      : Migrating schema "public" to version "8 - managed workspace registry"
2026-10-02T01:24:09.508Z  INFO 479 --- [qwen-managed-agent-server] [           main] o.f.core.internal.command.DbMigrate      : Migrating schema "public" to version "9 - managed workspace creation command"
2026-10-02T01:24:09.510Z  INFO 479 --- [qwen-managed-agent-server] [           main] o.f.core.internal.command.DbMigrate      : Migrating schema "public" to version "10 - managed runtime context"
2026-10-02T01:24:09.512Z  INFO 479 --- [qwen-managed-agent-server] [           main] o.f.core.internal.command.DbMigrate      : Migrating schema "public" to version "11 - workspace execution"
2026-10-02T01:24:09.512Z  INFO 479 --- [qwen-managed-agent-server] [           main] o.f.core.internal.command.DbMigrate      : Migrating schema "public" to version "12 - runtime broker schema alignment"
2026-10-02T01:24:09.515Z  INFO 479 --- [qwen-managed-agent-server] [           main] o.f.core.internal.command.DbMigrate      : Migrating schema "public" to version "13 - managed session agent revision"
2026-10-02T01:24:09.516Z  INFO 479 --- [qwen-managed-agent-server] [           main] o.f.core.internal.command.DbMigrate      : Migrating schema "public" to version "14 - managed event replay"
2026-10-02T01:24:09.519Z  INFO 479 --- [qwen-managed-agent-server] [           main] o.f.core.internal.command.DbMigrate      : Migrating schema "public" to version "15 - managed event identity"
2026-10-02T01:24:09.520Z  INFO 479 --- [qwen-managed-agent-server] [           main] o.f.core.internal.command.DbMigrate      : Migrating schema "public" to version "16 - runtime loss evidence"
2026-10-02T01:24:09.523Z  INFO 479 --- [qwen-managed-agent-server] [           main] o.f.core.internal.command.DbMigrate      : Migrating schema "public" to version "17 - managed session operation"
2026-10-02T01:24:09.524Z  INFO 479 --- [qwen-managed-agent-server] [           main] o.f.core.internal.command.DbMigrate      : Migrating schema "public" to version "18 - managed extension record"
2026-10-02T01:24:09.526Z  INFO 479 --- [qwen-managed-agent-server] [           main] o.f.core.internal.command.DbMigrate      : Migrating schema "public" to version "19 - workspace operator recovery"
2026-10-02T01:24:09.528Z  INFO 479 --- [qwen-managed-agent-server] [           main] o.f.core.internal.command.DbMigrate      : Migrating schema "public" to version "20 - managed tool publication"
2026-10-02T01:24:09.530Z  INFO 479 --- [qwen-managed-agent-server] [           main] o.f.core.internal.command.DbMigrate      : Migrating schema "public" to version "21 - managed tool publication objects"
2026-10-02T01:24:09.536Z  INFO 479 --- [qwen-managed-agent-server] [           main] o.f.core.internal.command.DbMigrate      : Migrating schema "public" to version "22 - managed tool publication recovery"
2026-10-02T01:24:09.538Z  INFO 479 --- [qwen-managed-agent-server] [           main] o.f.core.internal.command.DbMigrate      : Migrating schema "public" to version "23 - managed mcp records"
2026-10-02T01:24:09.539Z  INFO 479 --- [qwen-managed-agent-server] [           main] o.f.core.internal.command.DbMigrate      : Migrating schema "public" to version "24 - managed actions"
2026-10-02T01:24:09.544Z  INFO 479 --- [qwen-managed-agent-server] [           main] o.f.core.internal.command.DbMigrate      : Migrating schema "public" to version "25 - verified workspace mount"
2026-10-02T01:24:09.546Z  INFO 479 --- [qwen-managed-agent-server] [           main] o.f.core.internal.command.DbMigrate      : Migrating schema "public" to version "26 - managed tool result projection"
2026-10-02T01:24:09.548Z  INFO 479 --- [qwen-managed-agent-server] [           main] o.f.core.internal.command.DbMigrate      : Migrating schema "public" to version "27 - managed hook records"
2026-10-02T01:24:09.549Z  INFO 479 --- [qwen-managed-agent-server] [           main] o.f.core.internal.command.DbMigrate      : Migrating schema "public" to version "28 - workspace recovery bundle"
2026-10-02T01:24:09.549Z  INFO 479 --- [qwen-managed-agent-server] [           main] o.f.core.internal.command.DbMigrate      : Successfully applied 28 migrations to schema "public", now at version v28 (execution time 00:00.021s)
2026-10-02T01:24:09.561Z  INFO 479 --- [qwen-managed-agent-server] [           main] org.flywaydb.core.FlywayExecutor         : Database: jdbc:h2:mem:publication-3743dce7-e78a-4f83-b376-8be7bdd384b5 (H2 2.3)
2026-10-02T01:24:09.563Z  INFO 479 --- [qwen-managed-agent-server] [           main] o.f.c.i.s.JdbcTableSchemaHistory         : Schema history table "public"."flyway_schema_history" does not exist yet
2026-10-02T01:24:09.563Z  INFO 479 --- [qwen-managed-agent-server] [           main] o.f.core.internal.command.DbValidate     : Successfully validated 28 migrations (execution time 00:00.001s)
2026-10-02T01:24:09.563Z  INFO 479 --- [qwen-managed-agent-server] [           main] o.f.c.i.s.JdbcTableSchemaHistory         : Creating Schema History table "public"."flyway_schema_history" ...
2026-10-02T01:24:09.564Z  INFO 479 --- [qwen-managed-agent-server] [           main] o.f.core.internal.command.DbMigrate      : Current version of schema "public": << Empty Schema >>
2026-10-02T01:24:09.565Z  INFO 479 --- [qwen-managed-agent-server] [           main] o.f.core.internal.command.DbMigrate      : Migrating schema "public" to version "1 - managed agent core"
2026-10-02T01:24:09.566Z  INFO 479 --- [qwen-managed-agent-server] [           main] o.f.core.internal.command.DbMigrate      : Migrating schema "public" to version "2 - managed agent projection"
2026-10-02T01:24:09.567Z  INFO 479 --- [qwen-managed-agent-server] [           main] o.f.core.internal.command.DbMigrate      : Migrating schema "public" to version "3 - runtime broker"
2026-10-02T01:24:09.568Z  INFO 479 --- [qwen-managed-agent-server] [           main] o.f.core.internal.command.DbMigrate      : Migrating schema "public" to version "4 - managed session store"
2026-10-02T01:24:09.569Z  INFO 479 --- [qwen-managed-agent-server] [           main] o.f.core.internal.command.DbMigrate      : Migrating schema "public" to version "5 - managed session lifecycle"
2026-10-02T01:24:09.571Z  INFO 479 --- [qwen-managed-agent-server] [           main] o.f.core.internal.command.DbMigrate      : Migrating schema "public" to version "6 - managed turn retry"
2026-10-02T01:24:09.572Z  INFO 479 --- [qwen-managed-agent-server] [           main] o.f.core.internal.command.DbMigrate      : Migrating schema "public" to version "7 - managed workspace binding"
2026-10-02T01:24:09.576Z  INFO 479 --- [qwen-managed-agent-server] [           main] o.f.core.internal.command.DbMigrate      : Migrating schema "public" to version "8 - managed workspace registry"
2026-10-02T01:24:09.577Z  INFO 479 --- [qwen-managed-agent-server] [           main] o.f.core.internal.command.DbMigrate      : Migrating schema "public" to version "9 - managed workspace creation command"
2026-10-02T01:24:09.578Z  INFO 479 --- [qwen-managed-agent-server] [           main] o.f.core.internal.command.DbMigrate      : Migrating schema "public" to version "10 - managed runtime context"
2026-10-02T01:24:09.580Z  INFO 479 --- [qwen-managed-agent-server] [           main] o.f.core.internal.command.DbMigrate      : Migrating schema "public" to version "11 - workspace execution"
2026-10-02T01:24:09.581Z  INFO 479 --- [qwen-managed-agent-server] [           main] o.f.core.internal.command.DbMigrate      : Migrating schema "public" to version "12 - runtime broker schema alignment"
2026-10-02T01:24:09.582Z  INFO 479 --- [qwen-managed-agent-server] [           main] o.f.core.internal.command.DbMigrate      : Migrating schema "public" to version "13 - managed session agent revision"
2026-10-02T01:24:09.584Z  INFO 479 --- [qwen-managed-agent-server] [           main] o.f.core.internal.command.DbMigrate      : Migrating schema "public" to version "14 - managed event replay"
2026-10-02T01:24:09.586Z  INFO 479 --- [qwen-managed-agent-server] [           main] o.f.core.internal.command.DbMigrate      : Migrating schema "public" to version "15 - managed event identity"
2026-10-02T01:24:09.586Z  INFO 479 --- [qwen-managed-agent-server] [           main] o.f.core.internal.command.DbMigrate      : Migrating schema "public" to version "16 - runtime loss evidence"
2026-10-02T01:24:09.588Z  INFO 479 --- [qwen-managed-agent-server] [           main] o.f.core.internal.command.DbMigrate      : Migrating schema "public" to version "17 - managed session operation"
2026-10-02T01:24:09.589Z  INFO 479 --- [qwen-managed-agent-server] [           main] o.f.core.internal.command.DbMigrate      : Migrating schema "public" to version "18 - managed extension record"
2026-10-02T01:24:09.590Z  INFO 479 --- [qwen-managed-agent-server] [           main] o.f.core.internal.command.DbMigrate      : Migrating schema "public" to version "19 - workspace operator recovery"
2026-10-02T01:24:09.591Z  INFO 479 --- [qwen-managed-agent-server] [           main] o.f.core.internal.command.DbMigrate      : Migrating schema "public" to version "20 - managed tool publication"
2026-10-02T01:24:09.592Z  INFO 479 --- [qwen-managed-agent-server] [           main] o.f.core.internal.command.DbMigrate      : Migrating schema "public" to version "21 - managed tool publication objects"
2026-10-02T01:24:09.598Z  INFO 479 --- [qwen-managed-agent-server] [           main] o.f.core.internal.command.DbMigrate      : Migrating schema "public" to version "22 - managed tool publication recovery"
2026-10-02T01:24:09.599Z  INFO 479 --- [qwen-managed-agent-server] [           main] o.f.core.internal.command.DbMigrate      : Migrating schema "public" to version "23 - managed mcp records"
2026-10-02T01:24:09.599Z  INFO 479 --- [qwen-managed-agent-server] [           main] o.f.core.internal.command.DbMigrate      : Migrating schema "public" to version "24 - managed actions"
2026-10-02T01:24:09.603Z  INFO 479 --- [qwen-managed-agent-server] [           main] o.f.core.internal.command.DbMigrate      : Migrating schema "public" to version "25 - verified workspace mount"
2026-10-02T01:24:09.605Z  INFO 479 --- [qwen-managed-agent-server] [           main] o.f.core.internal.command.DbMigrate      : Migrating schema "public" to version "26 - managed tool result projection"
2026-10-02T01:24:09.607Z  INFO 479 --- [qwen-managed-agent-server] [           main] o.f.core.internal.command.DbMigrate      : Migrating schema "public" to version "27 - managed hook records"
2026-10-02T01:24:09.608Z  INFO 479 --- [qwen-managed-agent-server] [           main] o.f.core.internal.command.DbMigrate      : Migrating schema "public" to version "28 - workspace recovery bundle"
2026-10-02T01:24:09.608Z  INFO 479 --- [qwen-managed-agent-server] [           main] o.f.core.internal.command.DbMigrate      : Successfully applied 28 migrations to schema "public", now at version v28 (execution time 00:00.013s)
2026-10-02T01:24:09.614Z  INFO 479 --- [qwen-managed-agent-server] [           main] org.flywaydb.core.FlywayExecutor         : Database: jdbc:h2:mem:publication-57bc1b7f-78e1-4403-a6e0-10641108693e (H2 2.3)
2026-10-02T01:24:09.616Z  INFO 479 --- [qwen-managed-agent-server] [           main] o.f.c.i.s.JdbcTableSchemaHistory         : Schema history table "public"."flyway_schema_history" does not exist yet
2026-10-02T01:24:09.616Z  INFO 479 --- [qwen-managed-agent-server] [           main] o.f.core.internal.command.DbValidate     : Successfully validated 28 migrations (execution time 00:00.001s)
2026-10-02T01:24:09.617Z  INFO 479 --- [qwen-managed-agent-server] [           main] o.f.c.i.s.JdbcTableSchemaHistory         : Creating Schema History table "public"."flyway_schema_history" ...
2026-10-02T01:24:09.617Z  INFO 479 --- [qwen-managed-agent-server] [           main] o.f.core.internal.command.DbMigrate      : Current version of schema "public": << Empty Schema >>
2026-10-02T01:24:09.618Z  INFO 479 --- [qwen-managed-agent-server] [           main] o.f.core.internal.command.DbMigrate      : Migrating schema "public" to version "1 - managed agent core"
2026-10-02T01:24:09.619Z  INFO 479 --- [qwen-managed-agent-server] [           main] o.f.core.internal.command.DbMigrate      : Migrating schema "public" to version "2 - managed agent projection"
2026-10-02T01:24:09.620Z  INFO 479 --- [qwen-managed-agent-server] [           main] o.f.core.internal.command.DbMigrate      : Migrating schema "public" to version "3 - runtime broker"
2026-10-02T01:24:09.621Z  INFO 479 --- [qwen-managed-agent-server] [           main] o.f.core.internal.command.DbMigrate      : Migrating schema "public" to version "4 - managed session store"
2026-10-02T01:24:09.622Z  INFO 479 --- [qwen-managed-agent-server] [           main] o.f.core.internal.command.DbMigrate      : Migrating schema "public" to version "5 - managed session lifecycle"
2026-10-02T01:24:09.623Z  INFO 479 --- [qwen-managed-agent-server] [           main] o.f.core.internal.command.DbMigrate      : Migrating schema "public" to version "6 - managed turn retry"
2026-10-02T01:24:09.624Z  INFO 479 --- [qwen-managed-agent-server] [           main] o.f.core.internal.command.DbMigrate      : Migrating schema "public" to version "7 - managed workspace binding"
2026-10-02T01:24:09.628Z  INFO 479 --- [qwen-managed-agent-server] [           main] o.f.core.internal.command.DbMigrate      : Migrating schema "public" to version "8 - managed workspace registry"
2026-10-02T01:24:09.629Z  INFO 479 --- [qwen-managed-agent-server] [           main] o.f.core.internal.command.DbMigrate      : Migrating schema "public" to version "9 - managed workspace creation command"
2026-10-02T01:24:09.629Z  INFO 479 --- [qwen-managed-agent-server] [           main] o.f.core.internal.command.DbMigrate      : Migrating schema "public" to version "10 - managed runtime context"
2026-10-02T01:24:09.630Z  INFO 479 --- [qwen-managed-agent-server] [           main] o.f.core.internal.command.DbMigrate      : Migrating schema "public" to version "11 - workspace execution"
2026-10-02T01:24:09.631Z  INFO 479 --- [qwen-managed-agent-server] [           main] o.f.core.internal.command.DbMigrate      : Migrating schema "public" to version "12 - runtime broker schema alignment"
2026-10-02T01:24:09.633Z  INFO 479 --- [qwen-managed-agent-server] [           main] o.f.core.internal.command.DbMigrate      : Migrating schema "public" to version "13 - managed session agent revision"
2026-10-02T01:24:09.634Z  INFO 479 --- [qwen-managed-agent-server] [           main] o.f.core.internal.command.DbMigrate      : Migrating schema "public" to version "14 - managed event replay"
2026-10-02T01:24:09.636Z  INFO 479 --- [qwen-managed-agent-server] [           main] o.f.core.internal.command.DbMigrate      : Migrating schema "public" to version "15 - managed event identity"
2026-10-02T01:24:09.637Z  INFO 479 --- [qwen-managed-agent-server] [           main] o.f.core.internal.command.DbMigrate      : Migrating schema "public" to version "16 - runtime loss evidence"
2026-10-02T01:24:09.639Z  INFO 479 --- [qwen-managed-agent-server] [           main] o.f.core.internal.command.DbMigrate      : Migrating schema "public" to version "17 - managed session operation"
2026-10-02T01:24:09.640Z  INFO 479 --- [qwen-managed-agent-server] [           main] o.f.core.internal.command.DbMigrate      : Migrating schema "public" to version "18 - managed extension record"
2026-10-02T01:24:09.641Z  INFO 479 --- [qwen-managed-agent-server] [           main] o.f.core.internal.command.DbMigrate      : Migrating schema "public" to version "19 - workspace operator recovery"
2026-10-02T01:24:09.641Z  INFO 479 --- [qwen-managed-agent-server] [           main] o.f.core.internal.command.DbMigrate      : Migrating schema "public" to version "20 - managed tool publication"
2026-10-02T01:24:09.642Z  INFO 479 --- [qwen-managed-agent-server] [           main] o.f.core.internal.command.DbMigrate      : Migrating schema "public" to version "21 - managed tool publication objects"
2026-10-02T01:24:09.648Z  INFO 479 --- [qwen-managed-agent-server] [           main] o.f.core.internal.command.DbMigrate      : Migrating schema "public" to version "22 - managed tool publication recovery"
2026-10-02T01:24:09.652Z  INFO 479 --- [qwen-managed-agent-server] [           main] o.f.core.internal.command.DbMigrate      : Migrating schema "public" to version "23 - managed mcp records"
2026-10-02T01:24:09.652Z  INFO 479 --- [qwen-managed-agent-server] [           main] o.f.core.internal.command.DbMigrate      : Migrating schema "public" to version "24 - managed actions"
2026-10-02T01:24:09.656Z  INFO 479 --- [qwen-managed-agent-server] [           main] o.f.core.internal.command.DbMigrate      : Migrating schema "public" to version "25 - verified workspace mount"
2026-10-02T01:24:09.658Z  INFO 479 --- [qwen-managed-agent-server] [           main] o.f.core.internal.command.DbMigrate      : Migrating schema "public" to version "26 - managed tool result projection"
2026-10-02T01:24:09.659Z  INFO 479 --- [qwen-managed-agent-server] [           main] o.f.core.internal.command.DbMigrate      : Migrating schema "public" to version "27 - managed hook records"
2026-10-02T01:24:09.661Z  INFO 479 --- [qwen-managed-agent-server] [           main] o.f.core.internal.command.DbMigrate      : Migrating schema "public" to version "28 - workspace recovery bundle"
2026-10-02T01:24:09.662Z  INFO 479 --- [qwen-managed-agent-server] [           main] o.f.core.internal.command.DbMigrate      : Successfully applied 28 migrations to schema "public", now at version v28 (execution time 00:00.015s)
2026-10-02T01:24:09.843Z  INFO 479 --- [qwen-managed-agent-server] [           main] org.flywaydb.core.FlywayExecutor         : Database: jdbc:h2:mem:publication-d94fd4bd-1308-479d-bd4d-7338b3ab388c (H2 2.3)
2026-10-02T01:24:09.845Z  INFO 479 --- [qwen-managed-agent-server] [           main] o.f.c.i.s.JdbcTableSchemaHistory         : Schema history table "public"."flyway_schema_history" does not exist yet
2026-10-02T01:24:09.845Z  INFO 479 --- [qwen-managed-agent-server] [           main] o.f.core.internal.command.DbValidate     : Successfully validated 28 migrations (execution time 00:00.002s)
2026-10-02T01:24:09.846Z  INFO 479 --- [qwen-managed-agent-server] [           main] o.f.c.i.s.JdbcTableSchemaHistory         : Creating Schema History table "public"."flyway_schema_history" ...
2026-10-02T01:24:09.846Z  INFO 479 --- [qwen-managed-agent-server] [           main] o.f.core.internal.command.DbMigrate      : Current version of schema "public": << Empty Schema >>
2026-10-02T01:24:09.847Z  INFO 479 --- [qwen-managed-agent-server] [           main] o.f.core.internal.command.DbMigrate      : Migrating schema "public" to version "1 - managed agent core"
2026-10-02T01:24:09.848Z  INFO 479 --- [qwen-managed-agent-server] [           main] o.f.core.internal.command.DbMigrate      : Migrating schema "public" to version "2 - managed agent projection"
2026-10-02T01:24:09.850Z  INFO 479 --- [qwen-managed-agent-server] [           main] o.f.core.internal.command.DbMigrate      : Migrating schema "public" to version "3 - runtime broker"
2026-10-02T01:24:09.853Z  INFO 479 --- [qwen-managed-agent-server] [           main] o.f.core.internal.command.DbMigrate      : Migrating schema "public" to version "4 - managed session store"
2026-10-02T01:24:09.854Z  INFO 479 --- [qwen-managed-agent-server] [           main] o.f.core.internal.command.DbMigrate      : Migrating schema "public" to version "5 - managed session lifecycle"
2026-10-02T01:24:09.859Z  INFO 479 --- [qwen-managed-agent-server] [           main] o.f.core.internal.command.DbMigrate      : Migrating schema "public" to version "6 - managed turn retry"
2026-10-02T01:24:09.863Z  INFO 479 --- [qwen-managed-agent-server] [           main] o.f.core.internal.command.DbMigrate      : Migrating schema "public" to version "7 - managed workspace binding"
2026-10-02T01:24:09.866Z  INFO 479 --- [qwen-managed-agent-server] [           main] o.f.core.internal.command.DbMigrate      : Migrating schema "public" to version "8 - managed workspace registry"
2026-10-02T01:24:09.867Z  INFO 479 --- [qwen-managed-agent-server] [           main] o.f.core.internal.command.DbMigrate      : Migrating schema "public" to version "9 - managed workspace creation command"
2026-10-02T01:24:09.868Z  INFO 479 --- [qwen-managed-agent-server] [           main] o.f.core.internal.command.DbMigrate      : Migrating schema "public" to version "10 - managed runtime context"
2026-10-02T01:24:09.869Z  INFO 479 --- [qwen-managed-agent-server] [           main] o.f.core.internal.command.DbMigrate      : Migrating schema "public" to version "11 - workspace execution"
2026-10-02T01:24:09.869Z  INFO 479 --- [qwen-managed-agent-server] [           main] o.f.core.internal.command.DbMigrate      : Migrating schema "public" to version "12 - runtime broker schema alignment"
2026-10-02T01:24:09.871Z  INFO 479 --- [qwen-managed-agent-server] [           main] o.f.core.internal.command.DbMigrate      : Migrating schema "public" to version "13 - managed session agent revision"
2026-10-02T01:24:09.872Z  INFO 479 --- [qwen-managed-agent-server] [           main] o.f.core.internal.command.DbMigrate      : Migrating schema "public" to version "14 - managed event replay"
2026-10-02T01:24:09.874Z  INFO 479 --- [qwen-managed-agent-server] [           main] o.f.core.internal.command.DbMigrate      : Migrating schema "public" to version "15 - managed event identity"
2026-10-02T01:24:09.874Z  INFO 479 --- [qwen-managed-agent-server] [           main] o.f.core.internal.command.DbMigrate      : Migrating schema "public" to version "16 - runtime loss evidence"
2026-10-02T01:24:09.877Z  INFO 479 --- [qwen-managed-agent-server] [           main] o.f.core.internal.command.DbMigrate      : Migrating schema "public" to version "17 - managed session operation"
2026-10-02T01:24:09.878Z  INFO 479 --- [qwen-managed-agent-server] [           main] o.f.core.internal.command.DbMigrate      : Migrating schema "public" to version "18 - managed extension record"
2026-10-02T01:24:09.879Z  INFO 479 --- [qwen-managed-agent-server] [           main] o.f.core.internal.command.DbMigrate      : Migrating schema "public" to version "19 - workspace operator recovery"
2026-10-02T01:24:09.879Z  INFO 479 --- [qwen-managed-agent-server] [           main] o.f.core.internal.command.DbMigrate      : Migrating schema "public" to version "20 - managed tool publication"
2026-10-02T01:24:09.880Z  INFO 479 --- [qwen-managed-agent-server] [           main] o.f.core.internal.command.DbMigrate      : Migrating schema "public" to version "21 - managed tool publication objects"
2026-10-02T01:24:09.886Z  INFO 479 --- [qwen-managed-agent-server] [           main] o.f.core.internal.command.DbMigrate      : Migrating schema "public" to version "22 - managed tool publication recovery"
2026-10-02T01:24:09.887Z  INFO 479 --- [qwen-managed-agent-server] [           main] o.f.core.internal.command.DbMigrate      : Migrating schema "public" to version "23 - managed mcp records"
2026-10-02T01:24:09.887Z  INFO 479 --- [qwen-managed-agent-server] [           main] o.f.core.internal.command.DbMigrate      : Migrating schema "public" to version "24 - managed actions"
2026-10-02T01:24:09.890Z  INFO 479 --- [qwen-managed-agent-server] [           main] o.f.core.internal.command.DbMigrate      : Migrating schema "public" to version "25 - verified workspace mount"
2026-10-02T01:24:09.892Z  INFO 479 --- [qwen-managed-agent-server] [           main] o.f.core.internal.command.DbMigrate      : Migrating schema "public" to version "26 - managed tool result projection"
2026-10-02T01:24:09.895Z  INFO 479 --- [qwen-managed-agent-server] [           main] o.f.core.internal.command.DbMigrate      : Migrating schema "public" to version "27 - managed hook records"
2026-10-02T01:24:09.897Z  INFO 479 --- [qwen-managed-agent-server] [           main] o.f.core.internal.command.DbMigrate      : Migrating schema "public" to version "28 - workspace recovery bundle"
2026-10-02T01:24:09.898Z  INFO 479 --- [qwen-managed-agent-server] [           main] o.f.core.internal.command.DbMigrate      : Successfully applied 28 migrations to schema "public", now at version v28 (execution time 00:00.014s)
2026-10-02T01:24:09.915Z  INFO 479 --- [qwen-managed-agent-server] [           main] org.flywaydb.core.FlywayExecutor         : Database: jdbc:h2:mem:publication-bc9857a8-aaa0-4d67-b87c-e9d6843f1ff3 (H2 2.3)
2026-10-02T01:24:09.918Z  INFO 479 --- [qwen-managed-agent-server] [           main] o.f.c.i.s.JdbcTableSchemaHistory         : Schema history table "public"."flyway_schema_history" does not exist yet
2026-10-02T01:24:09.918Z  INFO 479 --- [qwen-managed-agent-server] [           main] o.f.core.internal.command.DbValidate     : Successfully validated 28 migrations (execution time 00:00.002s)
2026-10-02T01:24:09.918Z  INFO 479 --- [qwen-managed-agent-server] [           main] o.f.c.i.s.JdbcTableSchemaHistory         : Creating Schema History table "public"."flyway_schema_history" ...
2026-10-02T01:24:09.919Z  INFO 479 --- [qwen-managed-agent-server] [           main] o.f.core.internal.command.DbMigrate      : Current version of schema "public": << Empty Schema >>
2026-10-02T01:24:09.920Z  INFO 479 --- [qwen-managed-agent-server] [           main] o.f.core.internal.command.DbMigrate      : Migrating schema "public" to version "1 - managed agent core"
2026-10-02T01:24:09.922Z  INFO 479 --- [qwen-managed-agent-server] [           main] o.f.core.internal.command.DbMigrate      : Migrating schema "public" to version "2 - managed agent projection"
2026-10-02T01:24:09.924Z  INFO 479 --- [qwen-managed-agent-server] [           main] o.f.core.internal.command.DbMigrate      : Migrating schema "public" to version "3 - runtime broker"
2026-10-02T01:24:09.925Z  INFO 479 --- [qwen-managed-agent-server] [           main] o.f.core.internal.command.DbMigrate      : Migrating schema "public" to version "4 - managed session store"
2026-10-02T01:24:09.926Z  INFO 479 --- [qwen-managed-agent-server] [           main] o.f.core.internal.command.DbMigrate      : Migrating schema "public" to version "5 - managed session lifecycle"
2026-10-02T01:24:09.927Z  INFO 479 --- [qwen-managed-agent-server] [           main] o.f.core.internal.command.DbMigrate      : Migrating schema "public" to version "6 - managed turn retry"
2026-10-02T01:24:09.928Z  INFO 479 --- [qwen-managed-agent-server] [           main] o.f.core.internal.command.DbMigrate      : Migrating schema "public" to version "7 - managed workspace binding"
2026-10-02T01:24:09.932Z  INFO 479 --- [qwen-managed-agent-server] [           main] o.f.core.internal.command.DbMigrate      : Migrating schema "public" to version "8 - managed workspace registry"
2026-10-02T01:24:09.933Z  INFO 479 --- [qwen-managed-agent-server] [           main] o.f.core.internal.command.DbMigrate      : Migrating schema "public" to version "9 - managed workspace creation command"
2026-10-02T01:24:09.933Z  INFO 479 --- [qwen-managed-agent-server] [           main] o.f.core.internal.command.DbMigrate      : Migrating schema "public" to version "10 - managed runtime context"
2026-10-02T01:24:09.934Z  INFO 479 --- [qwen-managed-agent-server] [           main] o.f.core.internal.command.DbMigrate      : Migrating schema "public" to version "11 - workspace execution"
2026-10-02T01:24:09.936Z  INFO 479 --- [qwen-managed-agent-server] [           main] o.f.core.internal.command.DbMigrate      : Migrating schema "public" to version "12 - runtime broker schema alignment"
2026-10-02T01:24:09.938Z  INFO 479 --- [qwen-managed-agent-server] [           main] o.f.core.internal.command.DbMigrate      : Migrating schema "public" to version "13 - managed session agent revision"
2026-10-02T01:24:09.940Z  INFO 479 --- [qwen-managed-agent-server] [           main] o.f.core.internal.command.DbMigrate      : Migrating schema "public" to version "14 - managed event replay"
2026-10-02T01:24:09.942Z  INFO 479 --- [qwen-managed-agent-server] [           main] o.f.core.internal.command.DbMigrate      : Migrating schema "public" to version "15 - managed event identity"
2026-10-02T01:24:09.942Z  INFO 479 --- [qwen-managed-agent-server] [           main] o.f.core.internal.command.DbMigrate      : Migrating schema "public" to version "16 - runtime loss evidence"
2026-10-02T01:24:09.944Z  INFO 479 --- [qwen-managed-agent-server] [           main] o.f.core.internal.command.DbMigrate      : Migrating schema "public" to version "17 - managed session operation"
2026-10-02T01:24:09.945Z  INFO 479 --- [qwen-managed-agent-server] [           main] o.f.core.internal.command.DbMigrate      : Migrating schema "public" to version "18 - managed extension record"
2026-10-02T01:24:09.946Z  INFO 479 --- [qwen-managed-agent-server] [           main] o.f.core.internal.command.DbMigrate      : Migrating schema "public" to version "19 - workspace operator recovery"
2026-10-02T01:24:09.946Z  INFO 479 --- [qwen-managed-agent-server] [           main] o.f.core.internal.command.DbMigrate      : Migrating schema "public" to version "20 - managed tool publication"
2026-10-02T01:24:09.947Z  INFO 479 --- [qwen-managed-agent-server] [           main] o.f.core.internal.command.DbMigrate      : Migrating schema "public" to version "21 - managed tool publication objects"
2026-10-02T01:24:09.952Z  INFO 479 --- [qwen-managed-agent-server] [           main] o.f.core.internal.command.DbMigrate      : Migrating schema "public" to version "22 - managed tool publication recovery"
2026-10-02T01:24:09.952Z  INFO 479 --- [qwen-managed-agent-server] [           main] o.f.core.internal.command.DbMigrate      : Migrating schema "public" to version "23 - managed mcp records"
2026-10-02T01:24:09.953Z  INFO 479 --- [qwen-managed-agent-server] [           main] o.f.core.internal.command.DbMigrate      : Migrating schema "public" to version "24 - managed actions"
2026-10-02T01:24:09.956Z  INFO 479 --- [qwen-managed-agent-server] [           main] o.f.core.internal.command.DbMigrate      : Migrating schema "public" to version "25 - verified workspace mount"
2026-10-02T01:24:09.958Z  INFO 479 --- [qwen-managed-agent-server] [           main] o.f.core.internal.command.DbMigrate      : Migrating schema "public" to version "26 - managed tool result projection"
2026-10-02T01:24:09.959Z  INFO 479 --- [qwen-managed-agent-server] [           main] o.f.core.internal.command.DbMigrate      : Migrating schema "public" to version "27 - managed hook records"
2026-10-02T01:24:09.960Z  INFO 479 --- [qwen-managed-agent-server] [           main] o.f.core.internal.command.DbMigrate      : Migrating schema "public" to version "28 - workspace recovery bundle"
2026-10-02T01:24:09.961Z  INFO 479 --- [qwen-managed-agent-server] [           main] o.f.core.internal.command.DbMigrate      : Successfully applied 28 migrations to schema "public", now at version v28 (execution time 00:00.011s)
2026-10-02T01:24:10.045Z  INFO 479 --- [qwen-managed-agent-server] [           main] org.flywaydb.core.FlywayExecutor         : Database: jdbc:h2:mem:publication-87db36ea-d2de-43d0-ad6c-7b37a395615d (H2 2.3)
2026-10-02T01:24:10.048Z  INFO 479 --- [qwen-managed-agent-server] [           main] o.f.c.i.s.JdbcTableSchemaHistory         : Schema history table "public"."flyway_schema_history" does not exist yet
2026-10-02T01:24:10.048Z  INFO 479 --- [qwen-managed-agent-server] [           main] o.f.core.internal.command.DbValidate     : Successfully validated 28 migrations (execution time 00:00.002s)
2026-10-02T01:24:10.048Z  INFO 479 --- [qwen-managed-agent-server] [           main] o.f.c.i.s.JdbcTableSchemaHistory         : Creating Schema History table "public"."flyway_schema_history" ...
2026-10-02T01:24:10.049Z  INFO 479 --- [qwen-managed-agent-server] [           main] o.f.core.internal.command.DbMigrate      : Current version of schema "public": << Empty Schema >>
2026-10-02T01:24:10.050Z  INFO 479 --- [qwen-managed-agent-server] [           main] o.f.core.internal.command.DbMigrate      : Migrating schema "public" to version "1 - managed agent core"
2026-10-02T01:24:10.051Z  INFO 479 --- [qwen-managed-agent-server] [           main] o.f.core.internal.command.DbMigrate      : Migrating schema "public" to version "2 - managed agent projection"
2026-10-02T01:24:10.052Z  INFO 479 --- [qwen-managed-agent-server] [           main] o.f.core.internal.command.DbMigrate      : Migrating schema "public" to version "3 - runtime broker"
2026-10-02T01:24:10.054Z  INFO 479 --- [qwen-managed-agent-server] [           main] o.f.core.internal.command.DbMigrate      : Migrating schema "public" to version "4 - managed session store"
2026-10-02T01:24:10.054Z  INFO 479 --- [qwen-managed-agent-server] [           main] o.f.core.internal.command.DbMigrate      : Migrating schema "public" to version "5 - managed session lifecycle"
2026-10-02T01:24:10.056Z  INFO 479 --- [qwen-managed-agent-server] [           main] o.f.core.internal.command.DbMigrate      : Migrating schema "public" to version "6 - managed turn retry"
2026-10-02T01:24:10.057Z  INFO 479 --- [qwen-managed-agent-server] [           main] o.f.core.internal.command.DbMigrate      : Migrating schema "public" to version "7 - managed workspace binding"
2026-10-02T01:24:10.060Z  INFO 479 --- [qwen-managed-agent-server] [           main] o.f.core.internal.command.DbMigrate      : Migrating schema "public" to version "8 - managed workspace registry"
2026-10-02T01:24:10.061Z  INFO 479 --- [qwen-managed-agent-server] [           main] o.f.core.internal.command.DbMigrate      : Migrating schema "public" to version "9 - managed workspace creation command"
2026-10-02T01:24:10.061Z  INFO 479 --- [qwen-managed-agent-server] [           main] o.f.core.internal.command.DbMigrate      : Migrating schema "public" to version "10 - managed runtime context"
2026-10-02T01:24:10.062Z  INFO 479 --- [qwen-managed-agent-server] [           main] o.f.core.internal.command.DbMigrate      : Migrating schema "public" to version "11 - workspace execution"
2026-10-02T01:24:10.063Z  INFO 479 --- [qwen-managed-agent-server] [           main] o.f.core.internal.command.DbMigrate      : Migrating schema "public" to version "12 - runtime broker schema alignment"
2026-10-02T01:24:10.064Z  INFO 479 --- [qwen-managed-agent-server] [           main] o.f.core.internal.command.DbMigrate      : Migrating schema "public" to version "13 - managed session agent revision"
2026-10-02T01:24:10.065Z  INFO 479 --- [qwen-managed-agent-server] [           main] o.f.core.internal.command.DbMigrate      : Migrating schema "public" to version "14 - managed event replay"
2026-10-02T01:24:10.067Z  INFO 479 --- [qwen-managed-agent-server] [           main] o.f.core.internal.command.DbMigrate      : Migrating schema "public" to version "15 - managed event identity"
2026-10-02T01:24:10.068Z  INFO 479 --- [qwen-managed-agent-server] [           main] o.f.core.internal.command.DbMigrate      : Migrating schema "public" to version "16 - runtime loss evidence"
2026-10-02T01:24:10.071Z  INFO 479 --- [qwen-managed-agent-server] [           main] o.f.core.internal.command.DbMigrate      : Migrating schema "public" to version "17 - managed session operation"
2026-10-02T01:24:10.072Z  INFO 479 --- [qwen-managed-agent-server] [           main] o.f.core.internal.command.DbMigrate      : Migrating schema "public" to version "18 - managed extension record"
2026-10-02T01:24:10.073Z  INFO 479 --- [qwen-managed-agent-server] [           main] o.f.core.internal.command.DbMigrate      : Migrating schema "public" to version "19 - workspace operator recovery"
2026-10-02T01:24:10.073Z  INFO 479 --- [qwen-managed-agent-server] [           main] o.f.core.internal.command.DbMigrate      : Migrating schema "public" to version "20 - managed tool publication"
2026-10-02T01:24:10.074Z  INFO 479 --- [qwen-managed-agent-server] [           main] o.f.core.internal.command.DbMigrate      : Migrating schema "public" to version "21 - managed tool publication objects"
2026-10-02T01:24:10.078Z  INFO 479 --- [qwen-managed-agent-server] [           main] o.f.core.internal.command.DbMigrate      : Migrating schema "public" to version "22 - managed tool publication recovery"
2026-10-02T01:24:10.079Z  INFO 479 --- [qwen-managed-agent-server] [           main] o.f.core.internal.command.DbMigrate      : Migrating schema "public" to version "23 - managed mcp records"
2026-10-02T01:24:10.080Z  INFO 479 --- [qwen-managed-agent-server] [           main] o.f.core.internal.command.DbMigrate      : Migrating schema "public" to version "24 - managed actions"
2026-10-02T01:24:10.083Z  INFO 479 --- [qwen-managed-agent-server] [           main] o.f.core.internal.command.DbMigrate      : Migrating schema "public" to version "25 - verified workspace mount"
2026-10-02T01:24:10.086Z  INFO 479 --- [qwen-managed-agent-server] [           main] o.f.core.internal.command.DbMigrate      : Migrating schema "public" to version "26 - managed tool result projection"
2026-10-02T01:24:10.087Z  INFO 479 --- [qwen-managed-agent-server] [           main] o.f.core.internal.command.DbMigrate      : Migrating schema "public" to version "27 - managed hook records"
2026-10-02T01:24:10.088Z  INFO 479 --- [qwen-managed-agent-server] [           main] o.f.core.internal.command.DbMigrate      : Migrating schema "public" to version "28 - workspace recovery bundle"
2026-10-02T01:24:10.089Z  INFO 479 --- [qwen-managed-agent-server] [           main] o.f.core.internal.command.DbMigrate      : Successfully applied 28 migrations to schema "public", now at version v28 (execution time 00:00.012s)
2026-10-02T01:24:10.097Z  INFO 479 --- [qwen-managed-agent-server] [           main] org.flywaydb.core.FlywayExecutor         : Database: jdbc:h2:mem:publication-f5b0542c-f93e-4f7b-af1d-d7f57bafdb85 (H2 2.3)
2026-10-02T01:24:10.100Z  INFO 479 --- [qwen-managed-agent-server] [           main] o.f.c.i.s.JdbcTableSchemaHistory         : Schema history table "public"."flyway_schema_history" does not exist yet
2026-10-02T01:24:10.100Z  INFO 479 --- [qwen-managed-agent-server] [           main] o.f.core.internal.command.DbValidate     : Successfully validated 28 migrations (execution time 00:00.002s)
2026-10-02T01:24:10.101Z  INFO 479 --- [qwen-managed-agent-server] [           main] o.f.c.i.s.JdbcTableSchemaHistory         : Creating Schema History table "public"."flyway_schema_history" ...
2026-10-02T01:24:10.102Z  INFO 479 --- [qwen-managed-agent-server] [           main] o.f.core.internal.command.DbMigrate      : Current version of schema "public": << Empty Schema >>
2026-10-02T01:24:10.102Z  INFO 479 --- [qwen-managed-agent-server] [           main] o.f.core.internal.command.DbMigrate      : Migrating schema "public" to version "1 - managed agent core"
2026-10-02T01:24:10.104Z  INFO 479 --- [qwen-managed-agent-server] [           main] o.f.core.internal.command.DbMigrate      : Migrating schema "public" to version "2 - managed agent projection"
2026-10-02T01:24:10.105Z  INFO 479 --- [qwen-managed-agent-server] [           main] o.f.core.internal.command.DbMigrate      : Migrating schema "public" to version "3 - runtime broker"
2026-10-02T01:24:10.107Z  INFO 479 --- [qwen-managed-agent-server] [           main] o.f.core.internal.command.DbMigrate      : Migrating schema "public" to version "4 - managed session store"
2026-10-02T01:24:10.108Z  INFO 479 --- [qwen-managed-agent-server] [           main] o.f.core.internal.command.DbMigrate      : Migrating schema "public" to version "5 - managed session lifecycle"
2026-10-02T01:24:10.110Z  INFO 479 --- [qwen-managed-agent-server] [           main] o.f.core.internal.command.DbMigrate      : Migrating schema "public" to version "6 - managed turn retry"
2026-10-02T01:24:10.111Z  INFO 479 --- [qwen-managed-agent-server] [           main] o.f.core.internal.command.DbMigrate      : Migrating schema "public" to version "7 - managed workspace binding"
2026-10-02T01:24:10.115Z  INFO 479 --- [qwen-managed-agent-server] [           main] o.f.core.internal.command.DbMigrate      : Migrating schema "public" to version "8 - managed workspace registry"
2026-10-02T01:24:10.116Z  INFO 479 --- [qwen-managed-agent-server] [           main] o.f.core.internal.command.DbMigrate      : Migrating schema "public" to version "9 - managed workspace creation command"
2026-10-02T01:24:10.117Z  INFO 479 --- [qwen-managed-agent-server] [           main] o.f.core.internal.command.DbMigrate      : Migrating schema "public" to version "10 - managed runtime context"
2026-10-02T01:24:10.118Z  INFO 479 --- [qwen-managed-agent-server] [           main] o.f.core.internal.command.DbMigrate      : Migrating schema "public" to version "11 - workspace execution"
2026-10-02T01:24:10.119Z  INFO 479 --- [qwen-managed-agent-server] [           main] o.f.core.internal.command.DbMigrate      : Migrating schema "public" to version "12 - runtime broker schema alignment"
2026-10-02T01:24:10.121Z  INFO 479 --- [qwen-managed-agent-server] [           main] o.f.core.internal.command.DbMigrate      : Migrating schema "public" to version "13 - managed session agent revision"
2026-10-02T01:24:10.122Z  INFO 479 --- [qwen-managed-agent-server] [           main] o.f.core.internal.command.DbMigrate      : Migrating schema "public" to version "14 - managed event replay"
2026-10-02T01:24:10.124Z  INFO 479 --- [qwen-managed-agent-server] [           main] o.f.core.internal.command.DbMigrate      : Migrating schema "public" to version "15 - managed event identity"
2026-10-02T01:24:10.125Z  INFO 479 --- [qwen-managed-agent-server] [           main] o.f.core.internal.command.DbMigrate      : Migrating schema "public" to version "16 - runtime loss evidence"
2026-10-02T01:24:10.127Z  INFO 479 --- [qwen-managed-agent-server] [           main] o.f.core.internal.command.DbMigrate      : Migrating schema "public" to version "17 - managed session operation"
2026-10-02T01:24:10.128Z  INFO 479 --- [qwen-managed-agent-server] [           main] o.f.core.internal.command.DbMigrate      : Migrating schema "public" to version "18 - managed extension record"
2026-10-02T01:24:10.129Z  INFO 479 --- [qwen-managed-agent-server] [           main] o.f.core.internal.command.DbMigrate      : Migrating schema "public" to version "19 - workspace operator recovery"
2026-10-02T01:24:10.129Z  INFO 479 --- [qwen-managed-agent-server] [           main] o.f.core.internal.command.DbMigrate      : Migrating schema "public" to version "20 - managed tool publication"
2026-10-02T01:24:10.131Z  INFO 479 --- [qwen-managed-agent-server] [           main] o.f.core.internal.command.DbMigrate      : Migrating schema "public" to version "21 - managed tool publication objects"
2026-10-02T01:24:10.137Z  INFO 479 --- [qwen-managed-agent-server] [           main] o.f.core.internal.command.DbMigrate      : Migrating schema "public" to version "22 - managed tool publication recovery"
2026-10-02T01:24:10.138Z  INFO 479 --- [qwen-managed-agent-server] [           main] o.f.core.internal.command.DbMigrate      : Migrating schema "public" to version "23 - managed mcp records"
2026-10-02T01:24:10.138Z  INFO 479 --- [qwen-managed-agent-server] [           main] o.f.core.internal.command.DbMigrate      : Migrating schema "public" to version "24 - managed actions"
2026-10-02T01:24:10.142Z  INFO 479 --- [qwen-managed-agent-server] [           main] o.f.core.internal.command.DbMigrate      : Migrating schema "public" to version "25 - verified workspace mount"
2026-10-02T01:24:10.144Z  INFO 479 --- [qwen-managed-agent-server] [           main] o.f.core.internal.command.DbMigrate      : Migrating schema "public" to version "26 - managed tool result projection"
2026-10-02T01:24:10.146Z  INFO 479 --- [qwen-managed-agent-server] [           main] o.f.core.internal.command.DbMigrate      : Migrating schema "public" to version "27 - managed hook records"
2026-10-02T01:24:10.148Z  INFO 479 --- [qwen-managed-agent-server] [           main] o.f.core.internal.command.DbMigrate      : Migrating schema "public" to version "28 - workspace recovery bundle"
2026-10-02T01:24:10.148Z  INFO 479 --- [qwen-managed-agent-server] [           main] o.f.core.internal.command.DbMigrate      : Successfully applied 28 migrations to schema "public", now at version v28 (execution time 00:00.016s)
2026-10-02T01:24:10.232Z  INFO 479 --- [qwen-managed-agent-server] [           main] org.flywaydb.core.FlywayExecutor         : Database: jdbc:h2:mem:publication-f03338c6-8925-4e7c-ab4c-cf90e73783b0 (H2 2.3)
2026-10-02T01:24:10.234Z  INFO 479 --- [qwen-managed-agent-server] [           main] o.f.c.i.s.JdbcTableSchemaHistory         : Schema history table "public"."flyway_schema_history" does not exist yet
2026-10-02T01:24:10.234Z  INFO 479 --- [qwen-managed-agent-server] [           main] o.f.core.internal.command.DbValidate     : Successfully validated 28 migrations (execution time 00:00.002s)
2026-10-02T01:24:10.234Z  INFO 479 --- [qwen-managed-agent-server] [           main] o.f.c.i.s.JdbcTableSchemaHistory         : Creating Schema History table "public"."flyway_schema_history" ...
2026-10-02T01:24:10.235Z  INFO 479 --- [qwen-managed-agent-server] [           main] o.f.core.internal.command.DbMigrate      : Current version of schema "public": << Empty Schema >>
2026-10-02T01:24:10.236Z  INFO 479 --- [qwen-managed-agent-server] [           main] o.f.core.internal.command.DbMigrate      : Migrating schema "public" to version "1 - managed agent core"
2026-10-02T01:24:10.237Z  INFO 479 --- [qwen-managed-agent-server] [           main] o.f.core.internal.command.DbMigrate      : Migrating schema "public" to version "2 - managed agent projection"
2026-10-02T01:24:10.239Z  INFO 479 --- [qwen-managed-agent-server] [           main] o.f.core.internal.command.DbMigrate      : Migrating schema "public" to version "3 - runtime broker"
2026-10-02T01:24:10.240Z  INFO 479 --- [qwen-managed-agent-server] [           main] o.f.core.internal.command.DbMigrate      : Migrating schema "public" to version "4 - managed session store"
2026-10-02T01:24:10.240Z  INFO 479 --- [qwen-managed-agent-server] [           main] o.f.core.internal.command.DbMigrate      : Migrating schema "public" to version "5 - managed session lifecycle"
2026-10-02T01:24:10.242Z  INFO 479 --- [qwen-managed-agent-server] [           main] o.f.core.internal.command.DbMigrate      : Migrating schema "public" to version "6 - managed turn retry"
2026-10-02T01:24:10.244Z  INFO 479 --- [qwen-managed-agent-server] [           main] o.f.core.internal.command.DbMigrate      : Migrating schema "public" to version "7 - managed workspace binding"
2026-10-02T01:24:10.247Z  INFO 479 --- [qwen-managed-agent-server] [           main] o.f.core.internal.command.DbMigrate      : Migrating schema "public" to version "8 - managed workspace registry"
2026-10-02T01:24:10.248Z  INFO 479 --- [qwen-managed-agent-server] [           main] o.f.core.internal.command.DbMigrate      : Migrating schema "public" to version "9 - managed workspace creation command"
2026-10-02T01:24:10.249Z  INFO 479 --- [qwen-managed-agent-server] [           main] o.f.core.internal.command.DbMigrate      : Migrating schema "public" to version "10 - managed runtime context"
2026-10-02T01:24:10.250Z  INFO 479 --- [qwen-managed-agent-server] [           main] o.f.core.internal.command.DbMigrate      : Migrating schema "public" to version "11 - workspace execution"
2026-10-02T01:24:10.251Z  INFO 479 --- [qwen-managed-agent-server] [           main] o.f.core.internal.command.DbMigrate      : Migrating schema "public" to version "12 - runtime broker schema alignment"
2026-10-02T01:24:10.252Z  INFO 479 --- [qwen-managed-agent-server] [           main] o.f.core.internal.command.DbMigrate      : Migrating schema "public" to version "13 - managed session agent revision"
2026-10-02T01:24:10.253Z  INFO 479 --- [qwen-managed-agent-server] [           main] o.f.core.internal.command.DbMigrate      : Migrating schema "public" to version "14 - managed event replay"
2026-10-02T01:24:10.266Z  INFO 479 --- [qwen-managed-agent-server] [           main] o.f.core.internal.command.DbMigrate      : Migrating schema "public" to version "15 - managed event identity"
2026-10-02T01:24:10.267Z  INFO 479 --- [qwen-managed-agent-server] [           main] o.f.core.internal.command.DbMigrate      : Migrating schema "public" to version "16 - runtime loss evidence"
2026-10-02T01:24:10.269Z  INFO 479 --- [qwen-managed-agent-server] [           main] o.f.core.internal.command.DbMigrate      : Migrating schema "public" to version "17 - managed session operation"
2026-10-02T01:24:10.270Z  INFO 479 --- [qwen-managed-agent-server] [           main] o.f.core.internal.command.DbMigrate      : Migrating schema "public" to version "18 - managed extension record"
2026-10-02T01:24:10.271Z  INFO 479 --- [qwen-managed-agent-server] [           main] o.f.core.internal.command.DbMigrate      : Migrating schema "public" to version "19 - workspace operator recovery"
2026-10-02T01:24:10.271Z  INFO 479 --- [qwen-managed-agent-server] [           main] o.f.core.internal.command.DbMigrate      : Migrating schema "public" to version "20 - managed tool publication"
2026-10-02T01:24:10.272Z  INFO 479 --- [qwen-managed-agent-server] [           main] o.f.core.internal.command.DbMigrate      : Migrating schema "public" to version "21 - managed tool publication objects"
2026-10-02T01:24:10.277Z  INFO 479 --- [qwen-managed-agent-server] [           main] o.f.core.internal.command.DbMigrate      : Migrating schema "public" to version "22 - managed tool publication recovery"
2026-10-02T01:24:10.278Z  INFO 479 --- [qwen-managed-agent-server] [           main] o.f.core.internal.command.DbMigrate      : Migrating schema "public" to version "23 - managed mcp records"
2026-10-02T01:24:10.278Z  INFO 479 --- [qwen-managed-agent-server] [           main] o.f.core.internal.command.DbMigrate      : Migrating schema "public" to version "24 - managed actions"
2026-10-02T01:24:10.280Z  INFO 479 --- [qwen-managed-agent-server] [           main] o.f.core.internal.command.DbMigrate      : Migrating schema "public" to version "25 - verified workspace mount"
2026-10-02T01:24:10.283Z  INFO 479 --- [qwen-managed-agent-server] [           main] o.f.core.internal.command.DbMigrate      : Migrating schema "public" to version "26 - managed tool result projection"
2026-10-02T01:24:10.284Z  INFO 479 --- [qwen-managed-agent-server] [           main] o.f.core.internal.command.DbMigrate      : Migrating schema "public" to version "27 - managed hook records"
2026-10-02T01:24:10.285Z  INFO 479 --- [qwen-managed-agent-server] [           main] o.f.core.internal.command.DbMigrate      : Migrating schema "public" to version "28 - workspace recovery bundle"
2026-10-02T01:24:10.286Z  INFO 479 --- [qwen-managed-agent-server] [           main] o.f.core.internal.command.DbMigrate      : Successfully applied 28 migrations to schema "public", now at version v28 (execution time 00:00.021s)
[INFO] Tests run: 62, Failures: 0, Errors: 0, Skipped: 0, Time elapsed: 21.94 s -- in com.alibaba.qwen.code.managedagent.ToolPublicationStoreTest
[INFO] Running com.alibaba.qwen.code.managedagent.RuntimeBrokerFlywaySchemaTest
2026-10-02T01:24:10.301Z  INFO 479 --- [qwen-managed-agent-server] [           main] org.flywaydb.core.FlywayExecutor         : Database: jdbc:h2:mem:runtime-broker-flyway-f72e1b86-abbc-4d0a-9092-24d648e22445 (H2 2.3)
2026-10-02T01:24:10.303Z  INFO 479 --- [qwen-managed-agent-server] [           main] o.f.c.i.s.JdbcTableSchemaHistory         : Schema history table "public"."flyway_schema_history" does not exist yet
2026-10-02T01:24:10.303Z  INFO 479 --- [qwen-managed-agent-server] [           main] o.f.core.internal.command.DbValidate     : Successfully validated 28 migrations (execution time 00:00.002s)
2026-10-02T01:24:10.304Z  INFO 479 --- [qwen-managed-agent-server] [           main] o.f.c.i.s.JdbcTableSchemaHistory         : Creating Schema History table "public"."flyway_schema_history" ...
2026-10-02T01:24:10.304Z  INFO 479 --- [qwen-managed-agent-server] [           main] o.f.core.internal.command.DbMigrate      : Current version of schema "public": << Empty Schema >>
2026-10-02T01:24:10.305Z  INFO 479 --- [qwen-managed-agent-server] [           main] o.f.core.internal.command.DbMigrate      : Migrating schema "public" to version "1 - managed agent core"
2026-10-02T01:24:10.306Z  INFO 479 --- [qwen-managed-agent-server] [           main] o.f.core.internal.command.DbMigrate      : Migrating schema "public" to version "2 - managed agent projection"
2026-10-02T01:24:10.308Z  INFO 479 --- [qwen-managed-agent-server] [           main] o.f.core.internal.command.DbMigrate      : Migrating schema "public" to version "3 - runtime broker"
2026-10-02T01:24:10.310Z  INFO 479 --- [qwen-managed-agent-server] [           main] o.f.core.internal.command.DbMigrate      : Migrating schema "public" to version "4 - managed session store"
2026-10-02T01:24:10.311Z  INFO 479 --- [qwen-managed-agent-server] [           main] o.f.core.internal.command.DbMigrate      : Migrating schema "public" to version "5 - managed session lifecycle"
2026-10-02T01:24:10.312Z  INFO 479 --- [qwen-managed-agent-server] [           main] o.f.core.internal.command.DbMigrate      : Migrating schema "public" to version "6 - managed turn retry"
2026-10-02T01:24:10.314Z  INFO 479 --- [qwen-managed-agent-server] [           main] o.f.core.internal.command.DbMigrate      : Migrating schema "public" to version "7 - managed workspace binding"
2026-10-02T01:24:10.317Z  INFO 479 --- [qwen-managed-agent-server] [           main] o.f.core.internal.command.DbMigrate      : Migrating schema "public" to version "8 - managed workspace registry"
2026-10-02T01:24:10.318Z  INFO 479 --- [qwen-managed-agent-server] [           main] o.f.core.internal.command.DbMigrate      : Migrating schema "public" to version "9 - managed workspace creation command"
2026-10-02T01:24:10.319Z  INFO 479 --- [qwen-managed-agent-server] [           main] o.f.core.internal.command.DbMigrate      : Migrating schema "public" to version "10 - managed runtime context"
2026-10-02T01:24:10.320Z  INFO 479 --- [qwen-managed-agent-server] [           main] o.f.core.internal.command.DbMigrate      : Migrating schema "public" to version "11 - workspace execution"
2026-10-02T01:24:10.321Z  INFO 479 --- [qwen-managed-agent-server] [           main] o.f.core.internal.command.DbMigrate      : Migrating schema "public" to version "12 - runtime broker schema alignment"
2026-10-02T01:24:10.322Z  INFO 479 --- [qwen-managed-agent-server] [           main] o.f.core.internal.command.DbMigrate      : Migrating schema "public" to version "13 - managed session agent revision"
2026-10-02T01:24:10.324Z  INFO 479 --- [qwen-managed-agent-server] [           main] o.f.core.internal.command.DbMigrate      : Migrating schema "public" to version "14 - managed event replay"
2026-10-02T01:24:10.326Z  INFO 479 --- [qwen-managed-agent-server] [           main] o.f.core.internal.command.DbMigrate      : Migrating schema "public" to version "15 - managed event identity"
2026-10-02T01:24:10.327Z  INFO 479 --- [qwen-managed-agent-server] [           main] o.f.core.internal.command.DbMigrate      : Migrating schema "public" to version "16 - runtime loss evidence"
2026-10-02T01:24:10.329Z  INFO 479 --- [qwen-managed-agent-server] [           main] o.f.core.internal.command.DbMigrate      : Migrating schema "public" to version "17 - managed session operation"
2026-10-02T01:24:10.331Z  INFO 479 --- [qwen-managed-agent-server] [           main] o.f.core.internal.command.DbMigrate      : Migrating schema "public" to version "18 - managed extension record"
2026-10-02T01:24:10.331Z  INFO 479 --- [qwen-managed-agent-server] [           main] o.f.core.internal.command.DbMigrate      : Migrating schema "public" to version "19 - workspace operator recovery"
2026-10-02T01:24:10.332Z  INFO 479 --- [qwen-managed-agent-server] [           main] o.f.core.internal.command.DbMigrate      : Migrating schema "public" to version "20 - managed tool publication"
2026-10-02T01:24:10.333Z  INFO 479 --- [qwen-managed-agent-server] [           main] o.f.core.internal.command.DbMigrate      : Migrating schema "public" to version "21 - managed tool publication objects"
2026-10-02T01:24:10.338Z  INFO 479 --- [qwen-managed-agent-server] [           main] o.f.core.internal.command.DbMigrate      : Migrating schema "public" to version "22 - managed tool publication recovery"
2026-10-02T01:24:10.339Z  INFO 479 --- [qwen-managed-agent-server] [           main] o.f.core.internal.command.DbMigrate      : Migrating schema "public" to version "23 - managed mcp records"
2026-10-02T01:24:10.339Z  INFO 479 --- [qwen-managed-agent-server] [           main] o.f.core.internal.command.DbMigrate      : Migrating schema "public" to version "24 - managed actions"
2026-10-02T01:24:10.342Z  INFO 479 --- [qwen-managed-agent-server] [           main] o.f.core.internal.command.DbMigrate      : Migrating schema "public" to version "25 - verified workspace mount"
2026-10-02T01:24:10.344Z  INFO 479 --- [qwen-managed-agent-server] [           main] o.f.core.internal.command.DbMigrate      : Migrating schema "public" to version "26 - managed tool result projection"
2026-10-02T01:24:10.346Z  INFO 479 --- [qwen-managed-agent-server] [           main] o.f.core.internal.command.DbMigrate      : Migrating schema "public" to version "27 - managed hook records"
2026-10-02T01:24:10.347Z  INFO 479 --- [qwen-managed-agent-server] [           main] o.f.core.internal.command.DbMigrate      : Migrating schema "public" to version "28 - workspace recovery bundle"
2026-10-02T01:24:10.348Z  INFO 479 --- [qwen-managed-agent-server] [           main] o.f.core.internal.command.DbMigrate      : Successfully applied 28 migrations to schema "public", now at version v28 (execution time 00:00.012s)
2026-10-02T01:24:10.783Z  INFO 479 --- [qwen-managed-agent-server] [           main] org.flywaydb.core.FlywayExecutor         : Database: jdbc:h2:mem:runtime-broker-flyway-581eef74-8705-4052-9d98-e404c62b83d3 (H2 2.3)
2026-10-02T01:24:10.786Z  INFO 479 --- [qwen-managed-agent-server] [           main] o.f.c.i.s.JdbcTableSchemaHistory         : Schema history table "public"."flyway_schema_history" does not exist yet
2026-10-02T01:24:10.787Z  INFO 479 --- [qwen-managed-agent-server] [           main] o.f.core.internal.command.DbValidate     : Successfully validated 28 migrations (execution time 00:00.003s)
2026-10-02T01:24:10.787Z  INFO 479 --- [qwen-managed-agent-server] [           main] o.f.c.i.s.JdbcTableSchemaHistory         : Creating Schema History table "public"."flyway_schema_history" ...
2026-10-02T01:24:10.788Z  INFO 479 --- [qwen-managed-agent-server] [           main] o.f.core.internal.command.DbMigrate      : Current version of schema "public": << Empty Schema >>
2026-10-02T01:24:10.789Z  INFO 479 --- [qwen-managed-agent-server] [           main] o.f.core.internal.command.DbMigrate      : Migrating schema "public" to version "1 - managed agent core"
2026-10-02T01:24:10.791Z  INFO 479 --- [qwen-managed-agent-server] [           main] o.f.core.internal.command.DbMigrate      : Migrating schema "public" to version "2 - managed agent projection"
2026-10-02T01:24:10.793Z  INFO 479 --- [qwen-managed-agent-server] [           main] o.f.core.internal.command.DbMigrate      : Migrating schema "public" to version "3 - runtime broker"
2026-10-02T01:24:10.794Z  INFO 479 --- [qwen-managed-agent-server] [           main] o.f.core.internal.command.DbMigrate      : Migrating schema "public" to version "4 - managed session store"
2026-10-02T01:24:10.795Z  INFO 479 --- [qwen-managed-agent-server] [           main] o.f.core.internal.command.DbMigrate      : Migrating schema "public" to version "5 - managed session lifecycle"
2026-10-02T01:24:10.797Z  INFO 479 --- [qwen-managed-agent-server] [           main] o.f.core.internal.command.DbMigrate      : Migrating schema "public" to version "6 - managed turn retry"
2026-10-02T01:24:10.798Z  INFO 479 --- [qwen-managed-agent-server] [           main] o.f.core.internal.command.DbMigrate      : Migrating schema "public" to version "7 - managed workspace binding"
2026-10-02T01:24:10.801Z  INFO 479 --- [qwen-managed-agent-server] [           main] o.f.core.internal.command.DbMigrate      : Migrating schema "public" to version "8 - managed workspace registry"
2026-10-02T01:24:10.802Z  INFO 479 --- [qwen-managed-agent-server] [           main] o.f.core.internal.command.DbMigrate      : Migrating schema "public" to version "9 - managed workspace creation command"
2026-10-02T01:24:10.803Z  INFO 479 --- [qwen-managed-agent-server] [           main] o.f.core.internal.command.DbMigrate      : Migrating schema "public" to version "10 - managed runtime context"
2026-10-02T01:24:10.804Z  INFO 479 --- [qwen-managed-agent-server] [           main] o.f.core.internal.command.DbMigrate      : Migrating schema "public" to version "11 - workspace execution"
2026-10-02T01:24:10.805Z  INFO 479 --- [qwen-managed-agent-server] [           main] o.f.core.internal.command.DbMigrate      : Successfully applied 11 migrations to schema "public", now at version v11 (execution time 00:00.002s)
2026-10-02T01:24:10.812Z  INFO 479 --- [qwen-managed-agent-server] [           main] org.flywaydb.core.FlywayExecutor         : Database: jdbc:h2:mem:runtime-broker-flyway-581eef74-8705-4052-9d98-e404c62b83d3 (H2 2.3)
2026-10-02T01:24:10.816Z  INFO 479 --- [qwen-managed-agent-server] [           main] o.f.core.internal.command.DbValidate     : Successfully validated 28 migrations (execution time 00:00.004s)
2026-10-02T01:24:10.817Z  INFO 479 --- [qwen-managed-agent-server] [           main] o.f.core.internal.command.DbMigrate      : Current version of schema "public": 11
2026-10-02T01:24:10.818Z  INFO 479 --- [qwen-managed-agent-server] [           main] o.f.core.internal.command.DbMigrate      : Migrating schema "public" to version "12 - runtime broker schema alignment"
2026-10-02T01:24:10.821Z  INFO 479 --- [qwen-managed-agent-server] [           main] o.f.core.internal.command.DbMigrate      : Migrating schema "public" to version "13 - managed session agent revision"
2026-10-02T01:24:10.822Z  INFO 479 --- [qwen-managed-agent-server] [           main] o.f.core.internal.command.DbMigrate      : Migrating schema "public" to version "14 - managed event replay"
2026-10-02T01:24:10.827Z  INFO 479 --- [qwen-managed-agent-server] [           main] o.f.core.internal.command.DbMigrate      : Migrating schema "public" to version "15 - managed event identity"
2026-10-02T01:24:10.828Z  INFO 479 --- [qwen-managed-agent-server] [           main] o.f.core.internal.command.DbMigrate      : Migrating schema "public" to version "16 - runtime loss evidence"
2026-10-02T01:24:10.832Z  INFO 479 --- [qwen-managed-agent-server] [           main] o.f.core.internal.command.DbMigrate      : Migrating schema "public" to version "17 - managed session operation"
2026-10-02T01:24:10.834Z  INFO 479 --- [qwen-managed-agent-server] [           main] o.f.core.internal.command.DbMigrate      : Migrating schema "public" to version "18 - managed extension record"
2026-10-02T01:24:10.835Z  INFO 479 --- [qwen-managed-agent-server] [           main] o.f.core.internal.command.DbMigrate      : Migrating schema "public" to version "19 - workspace operator recovery"
2026-10-02T01:24:10.835Z  INFO 479 --- [qwen-managed-agent-server] [           main] o.f.core.internal.command.DbMigrate      : Migrating schema "public" to version "20 - managed tool publication"
2026-10-02T01:24:10.837Z  INFO 479 --- [qwen-managed-agent-server] [           main] o.f.core.internal.command.DbMigrate      : Migrating schema "public" to version "21 - managed tool publication objects"
2026-10-02T01:24:10.841Z  INFO 479 --- [qwen-managed-agent-server] [           main] o.f.core.internal.command.DbMigrate      : Migrating schema "public" to version "22 - managed tool publication recovery"
2026-10-02T01:24:10.842Z  INFO 479 --- [qwen-managed-agent-server] [           main] o.f.core.internal.command.DbMigrate      : Migrating schema "public" to version "23 - managed mcp records"
2026-10-02T01:24:10.843Z  INFO 479 --- [qwen-managed-agent-server] [           main] o.f.core.internal.command.DbMigrate      : Migrating schema "public" to version "24 - managed actions"
2026-10-02T01:24:10.846Z  INFO 479 --- [qwen-managed-agent-server] [           main] o.f.core.internal.command.DbMigrate      : Migrating schema "public" to version "25 - verified workspace mount"
2026-10-02T01:24:10.848Z  INFO 479 --- [qwen-managed-agent-server] [           main] o.f.core.internal.command.DbMigrate      : Migrating schema "public" to version "26 - managed tool result projection"
2026-10-02T01:24:10.850Z  INFO 479 --- [qwen-managed-agent-server] [           main] o.f.core.internal.command.DbMigrate      : Migrating schema "public" to version "27 - managed hook records"
2026-10-02T01:24:10.853Z  INFO 479 --- [qwen-managed-agent-server] [           main] o.f.core.internal.command.DbMigrate      : Migrating schema "public" to version "28 - workspace recovery bundle"
2026-10-02T01:24:10.855Z  INFO 479 --- [qwen-managed-agent-server] [           main] o.f.core.internal.command.DbMigrate      : Successfully applied 17 migrations to schema "public", now at version v28 (execution time 00:00.016s)
2026-10-02T01:24:10.865Z  INFO 479 --- [qwen-managed-agent-server] [           main] org.flywaydb.core.FlywayExecutor         : Database: jdbc:h2:mem:runtime-broker-flyway-da9833bb-2482-40e1-b473-5801750517b2 (H2 2.3)
2026-10-02T01:24:10.868Z  INFO 479 --- [qwen-managed-agent-server] [           main] o.f.c.i.s.JdbcTableSchemaHistory         : Schema history table "public"."flyway_schema_history" does not exist yet
2026-10-02T01:24:10.868Z  INFO 479 --- [qwen-managed-agent-server] [           main] o.f.core.internal.command.DbValidate     : Successfully validated 28 migrations (execution time 00:00.002s)
2026-10-02T01:24:10.868Z  INFO 479 --- [qwen-managed-agent-server] [           main] o.f.c.i.s.JdbcTableSchemaHistory         : Creating Schema History table "public"."flyway_schema_history" ...
2026-10-02T01:24:10.869Z  INFO 479 --- [qwen-managed-agent-server] [           main] o.f.core.internal.command.DbMigrate      : Current version of schema "public": << Empty Schema >>
2026-10-02T01:24:10.869Z  INFO 479 --- [qwen-managed-agent-server] [           main] o.f.core.internal.command.DbMigrate      : Migrating schema "public" to version "1 - managed agent core"
2026-10-02T01:24:10.871Z  INFO 479 --- [qwen-managed-agent-server] [           main] o.f.core.internal.command.DbMigrate      : Migrating schema "public" to version "2 - managed agent projection"
2026-10-02T01:24:10.873Z  INFO 479 --- [qwen-managed-agent-server] [           main] o.f.core.internal.command.DbMigrate      : Migrating schema "public" to version "3 - runtime broker"
2026-10-02T01:24:10.874Z  INFO 479 --- [qwen-managed-agent-server] [           main] o.f.core.internal.command.DbMigrate      : Migrating schema "public" to version "4 - managed session store"
2026-10-02T01:24:10.875Z  INFO 479 --- [qwen-managed-agent-server] [           main] o.f.core.internal.command.DbMigrate      : Migrating schema "public" to version "5 - managed session lifecycle"
2026-10-02T01:24:10.877Z  INFO 479 --- [qwen-managed-agent-server] [           main] o.f.core.internal.command.DbMigrate      : Migrating schema "public" to version "6 - managed turn retry"
2026-10-02T01:24:10.879Z  INFO 479 --- [qwen-managed-agent-server] [           main] o.f.core.internal.command.DbMigrate      : Migrating schema "public" to version "7 - managed workspace binding"
2026-10-02T01:24:10.882Z  INFO 479 --- [qwen-managed-agent-server] [           main] o.f.core.internal.command.DbMigrate      : Migrating schema "public" to version "8 - managed workspace registry"
2026-10-02T01:24:10.883Z  INFO 479 --- [qwen-managed-agent-server] [           main] o.f.core.internal.command.DbMigrate      : Migrating schema "public" to version "9 - managed workspace creation command"
2026-10-02T01:24:10.883Z  INFO 479 --- [qwen-managed-agent-server] [           main] o.f.core.internal.command.DbMigrate      : Migrating schema "public" to version "10 - managed runtime context"
2026-10-02T01:24:10.885Z  INFO 479 --- [qwen-managed-agent-server] [           main] o.f.core.internal.command.DbMigrate      : Migrating schema "public" to version "11 - workspace execution"
2026-10-02T01:24:10.885Z  INFO 479 --- [qwen-managed-agent-server] [           main] o.f.core.internal.command.DbMigrate      : Migrating schema "public" to version "12 - runtime broker schema alignment"
2026-10-02T01:24:10.888Z  INFO 479 --- [qwen-managed-agent-server] [           main] o.f.core.internal.command.DbMigrate      : Migrating schema "public" to version "13 - managed session agent revision"
2026-10-02T01:24:10.889Z  INFO 479 --- [qwen-managed-agent-server] [           main] o.f.core.internal.command.DbMigrate      : Successfully applied 13 migrations to schema "public", now at version v13 (execution time 00:00.004s)
2026-10-02T01:24:10.892Z  INFO 479 --- [qwen-managed-agent-server] [           main] org.flywaydb.core.FlywayExecutor         : Database: jdbc:h2:mem:runtime-broker-flyway-da9833bb-2482-40e1-b473-5801750517b2 (H2 2.3)
2026-10-02T01:24:10.895Z  INFO 479 --- [qwen-managed-agent-server] [           main] o.f.core.internal.command.DbValidate     : Successfully validated 28 migrations (execution time 00:00.002s)
2026-10-02T01:24:10.896Z  INFO 479 --- [qwen-managed-agent-server] [           main] o.f.core.internal.command.DbMigrate      : Current version of schema "public": 13
2026-10-02T01:24:10.896Z  INFO 479 --- [qwen-managed-agent-server] [           main] o.f.core.internal.command.DbMigrate      : Migrating schema "public" to version "14 - managed event replay"
2026-10-02T01:24:10.898Z  INFO 479 --- [qwen-managed-agent-server] [           main] o.f.core.internal.command.DbMigrate      : Migrating schema "public" to version "15 - managed event identity"
2026-10-02T01:24:10.898Z  INFO 479 --- [qwen-managed-agent-server] [           main] o.f.core.internal.command.DbMigrate      : Migrating schema "public" to version "16 - runtime loss evidence"
2026-10-02T01:24:10.904Z  INFO 479 --- [qwen-managed-agent-server] [           main] o.f.core.internal.command.DbMigrate      : Migrating schema "public" to version "17 - managed session operation"
2026-10-02T01:24:10.905Z  INFO 479 --- [qwen-managed-agent-server] [           main] o.f.core.internal.command.DbMigrate      : Migrating schema "public" to version "18 - managed extension record"
2026-10-02T01:24:10.905Z  INFO 479 --- [qwen-managed-agent-server] [           main] o.f.core.internal.command.DbMigrate      : Migrating schema "public" to version "19 - workspace operator recovery"
2026-10-02T01:24:10.906Z  INFO 479 --- [qwen-managed-agent-server] [           main] o.f.core.internal.command.DbMigrate      : Migrating schema "public" to version "20 - managed tool publication"
2026-10-02T01:24:10.907Z  INFO 479 --- [qwen-managed-agent-server] [           main] o.f.core.internal.command.DbMigrate      : Migrating schema "public" to version "21 - managed tool publication objects"
2026-10-02T01:24:10.913Z  INFO 479 --- [qwen-managed-agent-server] [           main] o.f.core.internal.command.DbMigrate      : Migrating schema "public" to version "22 - managed tool publication recovery"
2026-10-02T01:24:10.914Z  INFO 479 --- [qwen-managed-agent-server] [           main] o.f.core.internal.command.DbMigrate      : Migrating schema "public" to version "23 - managed mcp records"
2026-10-02T01:24:10.915Z  INFO 479 --- [qwen-managed-agent-server] [           main] o.f.core.internal.command.DbMigrate      : Migrating schema "public" to version "24 - managed actions"
2026-10-02T01:24:10.918Z  INFO 479 --- [qwen-managed-agent-server] [           main] o.f.core.internal.command.DbMigrate      : Migrating schema "public" to version "25 - verified workspace mount"
2026-10-02T01:24:10.921Z  INFO 479 --- [qwen-managed-agent-server] [           main] o.f.core.internal.command.DbMigrate      : Migrating schema "public" to version "26 - managed tool result projection"
2026-10-02T01:24:10.923Z  INFO 479 --- [qwen-managed-agent-server] [           main] o.f.core.internal.command.DbMigrate      : Migrating schema "public" to version "27 - managed hook records"
2026-10-02T01:24:10.924Z  INFO 479 --- [qwen-managed-agent-server] [           main] o.f.core.internal.command.DbMigrate      : Migrating schema "public" to version "28 - workspace recovery bundle"
2026-10-02T01:24:10.924Z  INFO 479 --- [qwen-managed-agent-server] [           main] o.f.core.internal.command.DbMigrate      : Successfully applied 15 migrations to schema "public", now at version v28 (execution time 00:00.013s)
2026-10-02T01:24:10.929Z  INFO 479 --- [qwen-managed-agent-server] [           main] org.flywaydb.core.FlywayExecutor         : Database: jdbc:h2:mem:runtime-broker-flyway-8d98a19b-c7fd-40de-9eb5-3f4a72d604f2 (H2 2.3)
2026-10-02T01:24:10.931Z  INFO 479 --- [qwen-managed-agent-server] [           main] o.f.c.i.s.JdbcTableSchemaHistory         : Schema history table "public"."flyway_schema_history" does not exist yet
2026-10-02T01:24:10.931Z  INFO 479 --- [qwen-managed-agent-server] [           main] o.f.core.internal.command.DbValidate     : Successfully validated 28 migrations (execution time 00:00.002s)
2026-10-02T01:24:10.932Z  INFO 479 --- [qwen-managed-agent-server] [           main] o.f.c.i.s.JdbcTableSchemaHistory         : Creating Schema History table "public"."flyway_schema_history" ...
2026-10-02T01:24:10.932Z  INFO 479 --- [qwen-managed-agent-server] [           main] o.f.core.internal.command.DbMigrate      : Current version of schema "public": << Empty Schema >>
2026-10-02T01:24:10.933Z  INFO 479 --- [qwen-managed-agent-server] [           main] o.f.core.internal.command.DbMigrate      : Migrating schema "public" to version "1 - managed agent core"
2026-10-02T01:24:10.934Z  INFO 479 --- [qwen-managed-agent-server] [           main] o.f.core.internal.command.DbMigrate      : Migrating schema "public" to version "2 - managed agent projection"
2026-10-02T01:24:10.936Z  INFO 479 --- [qwen-managed-agent-server] [           main] o.f.core.internal.command.DbMigrate      : Migrating schema "public" to version "3 - runtime broker"
2026-10-02T01:24:10.937Z  INFO 479 --- [qwen-managed-agent-server] [           main] o.f.core.internal.command.DbMigrate      : Migrating schema "public" to version "4 - managed session store"
2026-10-02T01:24:10.938Z  INFO 479 --- [qwen-managed-agent-server] [           main] o.f.core.internal.command.DbMigrate      : Migrating schema "public" to version "5 - managed session lifecycle"
2026-10-02T01:24:10.939Z  INFO 479 --- [qwen-managed-agent-server] [           main] o.f.core.internal.command.DbMigrate      : Migrating schema "public" to version "6 - managed turn retry"
2026-10-02T01:24:10.940Z  INFO 479 --- [qwen-managed-agent-server] [           main] o.f.core.internal.command.DbMigrate      : Migrating schema "public" to version "7 - managed workspace binding"
2026-10-02T01:24:10.943Z  INFO 479 --- [qwen-managed-agent-server] [           main] o.f.core.internal.command.DbMigrate      : Migrating schema "public" to version "8 - managed workspace registry"
2026-10-02T01:24:10.944Z  INFO 479 --- [qwen-managed-agent-server] [           main] o.f.core.internal.command.DbMigrate      : Migrating schema "public" to version "9 - managed workspace creation command"
2026-10-02T01:24:10.945Z  INFO 479 --- [qwen-managed-agent-server] [           main] o.f.core.internal.command.DbMigrate      : Migrating schema "public" to version "10 - managed runtime context"
2026-10-02T01:24:10.947Z  INFO 479 --- [qwen-managed-agent-server] [           main] o.f.core.internal.command.DbMigrate      : Migrating schema "public" to version "11 - workspace execution"
2026-10-02T01:24:10.948Z  INFO 479 --- [qwen-managed-agent-server] [           main] o.f.core.internal.command.DbMigrate      : Migrating schema "public" to version "12 - runtime broker schema alignment"
2026-10-02T01:24:10.950Z  INFO 479 --- [qwen-managed-agent-server] [           main] o.f.core.internal.command.DbMigrate      : Migrating schema "public" to version "13 - managed session agent revision"
2026-10-02T01:24:10.951Z  INFO 479 --- [qwen-managed-agent-server] [           main] o.f.core.internal.command.DbMigrate      : Migrating schema "public" to version "14 - managed event replay"
2026-10-02T01:24:10.954Z  INFO 479 --- [qwen-managed-agent-server] [           main] o.f.core.internal.command.DbMigrate      : Migrating schema "public" to version "15 - managed event identity"
2026-10-02T01:24:10.954Z  INFO 479 --- [qwen-managed-agent-server] [           main] o.f.core.internal.command.DbMigrate      : Migrating schema "public" to version "16 - runtime loss evidence"
2026-10-02T01:24:10.956Z  INFO 479 --- [qwen-managed-agent-server] [           main] o.f.core.internal.command.DbMigrate      : Migrating schema "public" to version "17 - managed session operation"
2026-10-02T01:24:10.957Z  INFO 479 --- [qwen-managed-agent-server] [           main] o.f.core.internal.command.DbMigrate      : Migrating schema "public" to version "18 - managed extension record"
2026-10-02T01:24:10.958Z  INFO 479 --- [qwen-managed-agent-server] [           main] o.f.core.internal.command.DbMigrate      : Migrating schema "public" to version "19 - workspace operator recovery"
2026-10-02T01:24:10.959Z  INFO 479 --- [qwen-managed-agent-server] [           main] o.f.core.internal.command.DbMigrate      : Migrating schema "public" to version "20 - managed tool publication"
2026-10-02T01:24:10.959Z  INFO 479 --- [qwen-managed-agent-server] [           main] o.f.core.internal.command.DbMigrate      : Migrating schema "public" to version "21 - managed tool publication objects"
2026-10-02T01:24:10.964Z  INFO 479 --- [qwen-managed-agent-server] [           main] o.f.core.internal.command.DbMigrate      : Migrating schema "public" to version "22 - managed tool publication recovery"
2026-10-02T01:24:10.965Z  INFO 479 --- [qwen-managed-agent-server] [           main] o.f.core.internal.command.DbMigrate      : Migrating schema "public" to version "23 - managed mcp records"
2026-10-02T01:24:10.965Z  INFO 479 --- [qwen-managed-agent-server] [           main] o.f.core.internal.command.DbMigrate      : Migrating schema "public" to version "24 - managed actions"
2026-10-02T01:24:10.968Z  INFO 479 --- [qwen-managed-agent-server] [           main] o.f.core.internal.command.DbMigrate      : Migrating schema "public" to version "25 - verified workspace mount"
2026-10-02T01:24:10.970Z  INFO 479 --- [qwen-managed-agent-server] [           main] o.f.core.internal.command.DbMigrate      : Migrating schema "public" to version "26 - managed tool result projection"
2026-10-02T01:24:10.971Z  INFO 479 --- [qwen-managed-agent-server] [           main] o.f.core.internal.command.DbMigrate      : Migrating schema "public" to version "27 - managed hook records"
2026-10-02T01:24:10.972Z  INFO 479 --- [qwen-managed-agent-server] [           main] o.f.core.internal.command.DbMigrate      : Migrating schema "public" to version "28 - workspace recovery bundle"
2026-10-02T01:24:10.973Z  INFO 479 --- [qwen-managed-agent-server] [           main] o.f.core.internal.command.DbMigrate      : Successfully applied 28 migrations to schema "public", now at version v28 (execution time 00:00.010s)
[INFO] Tests run: 4, Failures: 0, Errors: 0, Skipped: 0, Time elapsed: 1.614 s -- in com.alibaba.qwen.code.managedagent.RuntimeBrokerFlywaySchemaTest
[INFO] Running com.alibaba.qwen.code.managedagent.ManagedExtensionRecordStoreTest
2026-10-02T01:24:11.910Z  INFO 479 --- [qwen-managed-agent-server] [           main] t.c.s.AnnotationConfigContextLoaderUtils : Could not detect default configuration classes for test class [com.alibaba.qwen.code.managedagent.ManagedExtensionRecordStoreTest]: ManagedExtensionRecordStoreTest does not declare any static, non-private, non-final, nested classes annotated with @Configuration.
2026-10-02T01:24:11.973Z  INFO 479 --- [qwen-managed-agent-server] [           main] .b.t.c.SpringBootTestContextBootstrapper : Found @SpringBootConfiguration com.alibaba.qwen.code.managedagent.ManagedAgentServerApplication for test class com.alibaba.qwen.code.managedagent.ManagedExtensionRecordStoreTest

  .   ____          _            __ _ _
 /\\ / ___'_ __ _ _(_)_ __  __ _ \ \ \ \
( ( )\___ | '_ | '_| | '_ \/ _` | \ \ \ \
 \\/  ___)| |_)| | | | | || (_| |  ) ) ) )
  '  |____| .__|_| |_|_| |_\__, | / / / /
 =========|_|==============|___/=/_/_/_/

 :: Spring Boot ::               (v3.5.16)

2026-10-02T01:24:12.010Z  INFO 479 --- [qwen-managed-agent-server] [           main] .a.q.c.m.ManagedExtensionRecordStoreTest : Starting ManagedExtensionRecordStoreTest using Java 21.0.9 with PID 479 (started by root in /u-m3c/packages/sdk-java/managed-agent-server)
2026-10-02T01:24:12.011Z  INFO 479 --- [qwen-managed-agent-server] [           main] .a.q.c.m.ManagedExtensionRecordStoreTest : No active profile set, falling back to 1 default profile: "default"
2026-10-02T01:24:12.357Z  INFO 479 --- [qwen-managed-agent-server] [           main] com.zaxxer.hikari.HikariDataSource       : HikariPool-2 - Starting...
2026-10-02T01:24:12.358Z  INFO 479 --- [qwen-managed-agent-server] [           main] com.zaxxer.hikari.pool.HikariPool        : HikariPool-2 - Added connection conn11689: url=jdbc:h2:mem:managed-extension-records user=SA
2026-10-02T01:24:12.359Z  INFO 479 --- [qwen-managed-agent-server] [           main] com.zaxxer.hikari.HikariDataSource       : HikariPool-2 - Start completed.
2026-10-02T01:24:12.360Z  INFO 479 --- [qwen-managed-agent-server] [           main] org.flywaydb.core.FlywayExecutor         : Database: jdbc:h2:mem:managed-extension-records (H2 2.3)
2026-10-02T01:24:12.363Z  INFO 479 --- [qwen-managed-agent-server] [           main] o.f.c.i.s.JdbcTableSchemaHistory         : Schema history table "public"."flyway_schema_history" does not exist yet
2026-10-02T01:24:12.363Z  INFO 479 --- [qwen-managed-agent-server] [           main] o.f.core.internal.command.DbValidate     : Successfully validated 28 migrations (execution time 00:00.002s)
2026-10-02T01:24:12.364Z  INFO 479 --- [qwen-managed-agent-server] [           main] o.f.c.i.s.JdbcTableSchemaHistory         : Creating Schema History table "public"."flyway_schema_history" ...
2026-10-02T01:24:12.366Z  INFO 479 --- [qwen-managed-agent-server] [           main] o.f.core.internal.command.DbMigrate      : Current version of schema "public": << Empty Schema >>
2026-10-02T01:24:12.367Z  INFO 479 --- [qwen-managed-agent-server] [           main] o.f.core.internal.command.DbMigrate      : Migrating schema "public" to version "1 - managed agent core"
2026-10-02T01:24:12.370Z  INFO 479 --- [qwen-managed-agent-server] [           main] o.f.core.internal.command.DbMigrate      : Migrating schema "public" to version "2 - managed agent projection"
2026-10-02T01:24:12.371Z  INFO 479 --- [qwen-managed-agent-server] [           main] o.f.core.internal.command.DbMigrate      : Migrating schema "public" to version "3 - runtime broker"
2026-10-02T01:24:12.373Z  INFO 479 --- [qwen-managed-agent-server] [           main] o.f.core.internal.command.DbMigrate      : Migrating schema "public" to version "4 - managed session store"
2026-10-02T01:24:12.374Z  INFO 479 --- [qwen-managed-agent-server] [           main] o.f.core.internal.command.DbMigrate      : Migrating schema "public" to version "5 - managed session lifecycle"
2026-10-02T01:24:12.376Z  INFO 479 --- [qwen-managed-agent-server] [           main] o.f.core.internal.command.DbMigrate      : Migrating schema "public" to version "6 - managed turn retry"
2026-10-02T01:24:12.378Z  INFO 479 --- [qwen-managed-agent-server] [           main] o.f.core.internal.command.DbMigrate      : Migrating schema "public" to version "7 - managed workspace binding"
2026-10-02T01:24:12.381Z  INFO 479 --- [qwen-managed-agent-server] [           main] o.f.core.internal.command.DbMigrate      : Migrating schema "public" to version "8 - managed workspace registry"
2026-10-02T01:24:12.383Z  INFO 479 --- [qwen-managed-agent-server] [           main] o.f.core.internal.command.DbMigrate      : Migrating schema "public" to version "9 - managed workspace creation command"
2026-10-02T01:24:12.384Z  INFO 479 --- [qwen-managed-agent-server] [           main] o.f.core.internal.command.DbMigrate      : Migrating schema "public" to version "10 - managed runtime context"
2026-10-02T01:24:12.385Z  INFO 479 --- [qwen-managed-agent-server] [           main] o.f.core.internal.command.DbMigrate      : Migrating schema "public" to version "11 - workspace execution"
2026-10-02T01:24:12.386Z  INFO 479 --- [qwen-managed-agent-server] [           main] o.f.core.internal.command.DbMigrate      : Migrating schema "public" to version "12 - runtime broker schema alignment"
2026-10-02T01:24:12.388Z  INFO 479 --- [qwen-managed-agent-server] [           main] o.f.core.internal.command.DbMigrate      : Migrating schema "public" to version "13 - managed session agent revision"
2026-10-02T01:24:12.392Z  INFO 479 --- [qwen-managed-agent-server] [           main] o.f.core.internal.command.DbMigrate      : Migrating schema "public" to version "14 - managed event replay"
2026-10-02T01:24:12.394Z  INFO 479 --- [qwen-managed-agent-server] [           main] o.f.core.internal.command.DbMigrate      : Migrating schema "public" to version "15 - managed event identity"
2026-10-02T01:24:12.395Z  INFO 479 --- [qwen-managed-agent-server] [           main] o.f.core.internal.command.DbMigrate      : Migrating schema "public" to version "16 - runtime loss evidence"
2026-10-02T01:24:12.399Z  INFO 479 --- [qwen-managed-agent-server] [           main] o.f.core.internal.command.DbMigrate      : Migrating schema "public" to version "17 - managed session operation"
2026-10-02T01:24:12.400Z  INFO 479 --- [qwen-managed-agent-server] [           main] o.f.core.internal.command.DbMigrate      : Migrating schema "public" to version "18 - managed extension record"
2026-10-02T01:24:12.401Z  INFO 479 --- [qwen-managed-agent-server] [           main] o.f.core.internal.command.DbMigrate      : Migrating schema "public" to version "19 - workspace operator recovery"
2026-10-02T01:24:12.402Z  INFO 479 --- [qwen-managed-agent-server] [           main] o.f.core.internal.command.DbMigrate      : Migrating schema "public" to version "20 - managed tool publication"
2026-10-02T01:24:12.403Z  INFO 479 --- [qwen-managed-agent-server] [           main] o.f.core.internal.command.DbMigrate      : Migrating schema "public" to version "21 - managed tool publication objects"
2026-10-02T01:24:12.409Z  INFO 479 --- [qwen-managed-agent-server] [           main] o.f.core.internal.command.DbMigrate      : Migrating schema "public" to version "22 - managed tool publication recovery"
2026-10-02T01:24:12.409Z  INFO 479 --- [qwen-managed-agent-server] [           main] o.f.core.internal.command.DbMigrate      : Migrating schema "public" to version "23 - managed mcp records"
2026-10-02T01:24:12.410Z  INFO 479 --- [qwen-managed-agent-server] [           main] o.f.core.internal.command.DbMigrate      : Migrating schema "public" to version "24 - managed actions"
2026-10-02T01:24:12.413Z  INFO 479 --- [qwen-managed-agent-server] [           main] o.f.core.internal.command.DbMigrate      : Migrating schema "public" to version "25 - verified workspace mount"
2026-10-02T01:24:12.416Z  INFO 479 --- [qwen-managed-agent-server] [           main] o.f.core.internal.command.DbMigrate      : Migrating schema "public" to version "26 - managed tool result projection"
2026-10-02T01:24:12.419Z  INFO 479 --- [qwen-managed-agent-server] [           main] o.f.core.internal.command.DbMigrate      : Migrating schema "public" to version "27 - managed hook records"
2026-10-02T01:24:12.421Z  INFO 479 --- [qwen-managed-agent-server] [           main] o.f.core.internal.command.DbMigrate      : Migrating schema "public" to version "28 - workspace recovery bundle"
2026-10-02T01:24:12.422Z  INFO 479 --- [qwen-managed-agent-server] [           main] o.f.core.internal.command.DbMigrate      : Successfully applied 28 migrations to schema "public", now at version v28 (execution time 00:00.020s)
2026-10-02T01:24:12.697Z  INFO 479 --- [qwen-managed-agent-server] [           main] o.s.b.a.e.web.EndpointLinksResolver      : Exposing 2 endpoints beneath base path '/actuator'
2026-10-02T01:24:12.718Z  INFO 479 --- [qwen-managed-agent-server] [           main] .a.q.c.m.ManagedExtensionRecordStoreTest : Started ManagedExtensionRecordStoreTest in 0.742 seconds (process running for 34.273)
[INFO] Tests run: 13, Failures: 0, Errors: 0, Skipped: 0, Time elapsed: 1.174 s -- in com.alibaba.qwen.code.managedagent.ManagedExtensionRecordStoreTest
[INFO] Running com.alibaba.qwen.code.managedagent.ManagedSessionOperationMigrationTest
2026-10-02T01:24:13.094Z  INFO 479 --- [qwen-managed-agent-server] [           main] org.flywaydb.core.FlywayExecutor         : Database: jdbc:h2:mem:session-operation-55a82013-8813-4041-920b-17e5e23c4b73 (H2 2.3)
2026-10-02T01:24:13.098Z  INFO 479 --- [qwen-managed-agent-server] [           main] o.f.c.i.s.JdbcTableSchemaHistory         : Schema history table "public"."flyway_schema_history" does not exist yet
2026-10-02T01:24:13.098Z  INFO 479 --- [qwen-managed-agent-server] [           main] o.f.core.internal.command.DbValidate     : Successfully validated 28 migrations (execution time 00:00.004s)
2026-10-02T01:24:13.099Z  INFO 479 --- [qwen-managed-agent-server] [           main] o.f.c.i.s.JdbcTableSchemaHistory         : Creating Schema History table "public"."flyway_schema_history" ...
2026-10-02T01:24:13.100Z  INFO 479 --- [qwen-managed-agent-server] [           main] o.f.core.internal.command.DbMigrate      : Current version of schema "public": << Empty Schema >>
2026-10-02T01:24:13.100Z  INFO 479 --- [qwen-managed-agent-server] [           main] o.f.core.internal.command.DbMigrate      : Migrating schema "public" to version "1 - managed agent core"
2026-10-02T01:24:13.102Z  INFO 479 --- [qwen-managed-agent-server] [           main] o.f.core.internal.command.DbMigrate      : Migrating schema "public" to version "2 - managed agent projection"
2026-10-02T01:24:13.118Z  INFO 479 --- [qwen-managed-agent-server] [           main] o.f.core.internal.command.DbMigrate      : Migrating schema "public" to version "3 - runtime broker"
2026-10-02T01:24:13.123Z  INFO 479 --- [qwen-managed-agent-server] [           main] o.f.core.internal.command.DbMigrate      : Migrating schema "public" to version "4 - managed session store"
2026-10-02T01:24:13.124Z  INFO 479 --- [qwen-managed-agent-server] [           main] o.f.core.internal.command.DbMigrate      : Migrating schema "public" to version "5 - managed session lifecycle"
2026-10-02T01:24:13.126Z  INFO 479 --- [qwen-managed-agent-server] [           main] o.f.core.internal.command.DbMigrate      : Migrating schema "public" to version "6 - managed turn retry"
2026-10-02T01:24:13.128Z  INFO 479 --- [qwen-managed-agent-server] [           main] o.f.core.internal.command.DbMigrate      : Migrating schema "public" to version "7 - managed workspace binding"
2026-10-02T01:24:13.132Z  INFO 479 --- [qwen-managed-agent-server] [           main] o.f.core.internal.command.DbMigrate      : Migrating schema "public" to version "8 - managed workspace registry"
2026-10-02T01:24:13.133Z  INFO 479 --- [qwen-managed-agent-server] [           main] o.f.core.internal.command.DbMigrate      : Migrating schema "public" to version "9 - managed workspace creation command"
2026-10-02T01:24:13.134Z  INFO 479 --- [qwen-managed-agent-server] [           main] o.f.core.internal.command.DbMigrate      : Migrating schema "public" to version "10 - managed runtime context"
2026-10-02T01:24:13.138Z  INFO 479 --- [qwen-managed-agent-server] [           main] o.f.core.internal.command.DbMigrate      : Migrating schema "public" to version "11 - workspace execution"
2026-10-02T01:24:13.139Z  INFO 479 --- [qwen-managed-agent-server] [           main] o.f.core.internal.command.DbMigrate      : Migrating schema "public" to version "12 - runtime broker schema alignment"
2026-10-02T01:24:13.141Z  INFO 479 --- [qwen-managed-agent-server] [           main] o.f.core.internal.command.DbMigrate      : Migrating schema "public" to version "13 - managed session agent revision"
2026-10-02T01:24:13.143Z  INFO 479 --- [qwen-managed-agent-server] [           main] o.f.core.internal.command.DbMigrate      : Migrating schema "public" to version "14 - managed event replay"
2026-10-02T01:24:13.146Z  INFO 479 --- [qwen-managed-agent-server] [           main] o.f.core.internal.command.DbMigrate      : Migrating schema "public" to version "15 - managed event identity"
2026-10-02T01:24:13.154Z  INFO 479 --- [qwen-managed-agent-server] [           main] o.f.core.internal.command.DbMigrate      : Successfully applied 15 migrations to schema "public", now at version v15 (execution time 00:00.023s)
2026-10-02T01:24:13.159Z  INFO 479 --- [qwen-managed-agent-server] [           main] org.flywaydb.core.FlywayExecutor         : Database: jdbc:h2:mem:session-operation-55a82013-8813-4041-920b-17e5e23c4b73 (H2 2.3)
2026-10-02T01:24:13.162Z  INFO 479 --- [qwen-managed-agent-server] [           main] o.f.core.internal.command.DbValidate     : Successfully validated 28 migrations (execution time 00:00.002s)
2026-10-02T01:24:13.162Z  INFO 479 --- [qwen-managed-agent-server] [           main] o.f.core.internal.command.DbMigrate      : Current version of schema "public": 15
2026-10-02T01:24:13.163Z  INFO 479 --- [qwen-managed-agent-server] [           main] o.f.core.internal.command.DbMigrate      : Migrating schema "public" to version "16 - runtime loss evidence"
2026-10-02T01:24:13.166Z  INFO 479 --- [qwen-managed-agent-server] [           main] o.f.core.internal.command.DbMigrate      : Migrating schema "public" to version "17 - managed session operation"
2026-10-02T01:24:13.169Z  INFO 479 --- [qwen-managed-agent-server] [           main] o.f.core.internal.command.DbMigrate      : Migrating schema "public" to version "18 - managed extension record"
2026-10-02T01:24:13.170Z  INFO 479 --- [qwen-managed-agent-server] [           main] o.f.core.internal.command.DbMigrate      : Migrating schema "public" to version "19 - workspace operator recovery"
2026-10-02T01:24:13.171Z  INFO 479 --- [qwen-managed-agent-server] [           main] o.f.core.internal.command.DbMigrate      : Migrating schema "public" to version "20 - managed tool publication"
2026-10-02T01:24:13.173Z  INFO 479 --- [qwen-managed-agent-server] [           main] o.f.core.internal.command.DbMigrate      : Migrating schema "public" to version "21 - managed tool publication objects"
2026-10-02T01:24:13.194Z  INFO 479 --- [qwen-managed-agent-server] [           main] o.f.core.internal.command.DbMigrate      : Migrating schema "public" to version "22 - managed tool publication recovery"
2026-10-02T01:24:13.197Z  INFO 479 --- [qwen-managed-agent-server] [           main] o.f.core.internal.command.DbMigrate      : Migrating schema "public" to version "23 - managed mcp records"
2026-10-02T01:24:13.198Z  INFO 479 --- [qwen-managed-agent-server] [           main] o.f.core.internal.command.DbMigrate      : Migrating schema "public" to version "24 - managed actions"
2026-10-02T01:24:13.202Z  INFO 479 --- [qwen-managed-agent-server] [           main] o.f.core.internal.command.DbMigrate      : Migrating schema "public" to version "25 - verified workspace mount"
2026-10-02T01:24:13.205Z  INFO 479 --- [qwen-managed-agent-server] [           main] o.f.core.internal.command.DbMigrate      : Migrating schema "public" to version "26 - managed tool result projection"
2026-10-02T01:24:13.207Z  INFO 479 --- [qwen-managed-agent-server] [           main] o.f.core.internal.command.DbMigrate      : Migrating schema "public" to version "27 - managed hook records"
2026-10-02T01:24:13.208Z  INFO 479 --- [qwen-managed-agent-server] [           main] o.f.core.internal.command.DbMigrate      : Migrating schema "public" to version "28 - workspace recovery bundle"
2026-10-02T01:24:13.209Z  INFO 479 --- [qwen-managed-agent-server] [           main] o.f.core.internal.command.DbMigrate      : Successfully applied 13 migrations to schema "public", now at version v28 (execution time 00:00.029s)
[INFO] Tests run: 1, Failures: 0, Errors: 0, Skipped: 0, Time elapsed: 0.234 s -- in com.alibaba.qwen.code.managedagent.ManagedSessionOperationMigrationTest
[INFO] Running com.alibaba.qwen.code.managedagent.ManagedTurnQueryTest
2026-10-02T01:24:13.320Z  INFO 479 --- [qwen-managed-agent-server] [           main] t.c.s.AnnotationConfigContextLoaderUtils : Could not detect default configuration classes for test class [com.alibaba.qwen.code.managedagent.ManagedTurnQueryTest]: ManagedTurnQueryTest does not declare any static, non-private, non-final, nested classes annotated with @Configuration.
2026-10-02T01:24:13.322Z  INFO 479 --- [qwen-managed-agent-server] [           main] .b.t.c.SpringBootTestContextBootstrapper : Found @SpringBootConfiguration com.alibaba.qwen.code.managedagent.ManagedAgentServerApplication for test class com.alibaba.qwen.code.managedagent.ManagedTurnQueryTest

  .   ____          _            __ _ _
 /\\ / ___'_ __ _ _(_)_ __  __ _ \ \ \ \
( ( )\___ | '_ | '_| | '_ \/ _` | \ \ \ \
 \\/  ___)| |_)| | | | | || (_| |  ) ) ) )
  '  |____| .__|_| |_|_| |_\__, | / / / /
 =========|_|==============|___/=/_/_/_/

 :: Spring Boot ::               (v3.5.16)

2026-10-02T01:24:13.341Z  INFO 479 --- [qwen-managed-agent-server] [           main] c.a.q.c.m.ManagedTurnQueryTest           : Starting ManagedTurnQueryTest using Java 21.0.9 with PID 479 (started by root in /u-m3c/packages/sdk-java/managed-agent-server)
2026-10-02T01:24:13.341Z  INFO 479 --- [qwen-managed-agent-server] [           main] c.a.q.c.m.ManagedTurnQueryTest           : No active profile set, falling back to 1 default profile: "default"
2026-10-02T01:24:13.590Z  INFO 479 --- [qwen-managed-agent-server] [           main] com.zaxxer.hikari.HikariDataSource       : HikariPool-3 - Starting...
2026-10-02T01:24:13.591Z  INFO 479 --- [qwen-managed-agent-server] [           main] com.zaxxer.hikari.pool.HikariPool        : HikariPool-3 - Added connection conn11754: url=jdbc:h2:mem:managed-turn-query user=SA
2026-10-02T01:24:13.591Z  INFO 479 --- [qwen-managed-agent-server] [           main] com.zaxxer.hikari.HikariDataSource       : HikariPool-3 - Start completed.
2026-10-02T01:24:13.592Z  INFO 479 --- [qwen-managed-agent-server] [           main] org.flywaydb.core.FlywayExecutor         : Database: jdbc:h2:mem:managed-turn-query (H2 2.3)
2026-10-02T01:24:13.596Z  INFO 479 --- [qwen-managed-agent-server] [           main] o.f.c.i.s.JdbcTableSchemaHistory         : Schema history table "public"."flyway_schema_history" does not exist yet
2026-10-02T01:24:13.596Z  INFO 479 --- [qwen-managed-agent-server] [           main] o.f.core.internal.command.DbValidate     : Successfully validated 28 migrations (execution time 00:00.003s)
2026-10-02T01:24:13.597Z  INFO 479 --- [qwen-managed-agent-server] [           main] o.f.c.i.s.JdbcTableSchemaHistory         : Creating Schema History table "public"."flyway_schema_history" ...
2026-10-02T01:24:13.600Z  INFO 479 --- [qwen-managed-agent-server] [           main] o.f.core.internal.command.DbMigrate      : Current version of schema "public": << Empty Schema >>
2026-10-02T01:24:13.601Z  INFO 479 --- [qwen-managed-agent-server] [           main] o.f.core.internal.command.DbMigrate      : Migrating schema "public" to version "1 - managed agent core"
2026-10-02T01:24:13.604Z  INFO 479 --- [qwen-managed-agent-server] [           main] o.f.core.internal.command.DbMigrate      : Migrating schema "public" to version "2 - managed agent projection"
2026-10-02T01:24:13.606Z  INFO 479 --- [qwen-managed-agent-server] [           main] o.f.core.internal.command.DbMigrate      : Migrating schema "public" to version "3 - runtime broker"
2026-10-02T01:24:13.607Z  INFO 479 --- [qwen-managed-agent-server] [           main] o.f.core.internal.command.DbMigrate      : Migrating schema "public" to version "4 - managed session store"
2026-10-02T01:24:13.608Z  INFO 479 --- [qwen-managed-agent-server] [           main] o.f.core.internal.command.DbMigrate      : Migrating schema "public" to version "5 - managed session lifecycle"
2026-10-02T01:24:13.610Z  INFO 479 --- [qwen-managed-agent-server] [           main] o.f.core.internal.command.DbMigrate      : Migrating schema "public" to version "6 - managed turn retry"
2026-10-02T01:24:13.612Z  INFO 479 --- [qwen-managed-agent-server] [           main] o.f.core.internal.command.DbMigrate      : Migrating schema "public" to version "7 - managed workspace binding"
2026-10-02T01:24:13.620Z  INFO 479 --- [qwen-managed-agent-server] [           main] o.f.core.internal.command.DbMigrate      : Migrating schema "public" to version "8 - managed workspace registry"
2026-10-02T01:24:13.622Z  INFO 479 --- [qwen-managed-agent-server] [           main] o.f.core.internal.command.DbMigrate      : Migrating schema "public" to version "9 - managed workspace creation command"
2026-10-02T01:24:13.623Z  INFO 479 --- [qwen-managed-agent-server] [           main] o.f.core.internal.command.DbMigrate      : Migrating schema "public" to version "10 - managed runtime context"
2026-10-02T01:24:13.625Z  INFO 479 --- [qwen-managed-agent-server] [           main] o.f.core.internal.command.DbMigrate      : Migrating schema "public" to version "11 - workspace execution"
2026-10-02T01:24:13.627Z  INFO 479 --- [qwen-managed-agent-server] [           main] o.f.core.internal.command.DbMigrate      : Migrating schema "public" to version "12 - runtime broker schema alignment"
2026-10-02T01:24:13.629Z  INFO 479 --- [qwen-managed-agent-server] [           main] o.f.core.internal.command.DbMigrate      : Migrating schema "public" to version "13 - managed session agent revision"
2026-10-02T01:24:13.631Z  INFO 479 --- [qwen-managed-agent-server] [           main] o.f.core.internal.command.DbMigrate      : Migrating schema "public" to version "14 - managed event replay"
2026-10-02T01:24:13.634Z  INFO 479 --- [qwen-managed-agent-server] [           main] o.f.core.internal.command.DbMigrate      : Migrating schema "public" to version "15 - managed event identity"
2026-10-02T01:24:13.635Z  INFO 479 --- [qwen-managed-agent-server] [           main] o.f.core.internal.command.DbMigrate      : Migrating schema "public" to version "16 - runtime loss evidence"
2026-10-02T01:24:13.638Z  INFO 479 --- [qwen-managed-agent-server] [           main] o.f.core.internal.command.DbMigrate      : Migrating schema "public" to version "17 - managed session operation"
2026-10-02T01:24:13.639Z  INFO 479 --- [qwen-managed-agent-server] [           main] o.f.core.internal.command.DbMigrate      : Migrating schema "public" to version "18 - managed extension record"
2026-10-02T01:24:13.640Z  INFO 479 --- [qwen-managed-agent-server] [           main] o.f.core.internal.command.DbMigrate      : Migrating schema "public" to version "19 - workspace operator recovery"
2026-10-02T01:24:13.640Z  INFO 479 --- [qwen-managed-agent-server] [           main] o.f.core.internal.command.DbMigrate      : Migrating schema "public" to version "20 - managed tool publication"
2026-10-02T01:24:13.641Z  INFO 479 --- [qwen-managed-agent-server] [           main] o.f.core.internal.command.DbMigrate      : Migrating schema "public" to version "21 - managed tool publication objects"
2026-10-02T01:24:13.648Z  INFO 479 --- [qwen-managed-agent-server] [           main] o.f.core.internal.command.DbMigrate      : Migrating schema "public" to version "22 - managed tool publication recovery"
2026-10-02T01:24:13.649Z  INFO 479 --- [qwen-managed-agent-server] [           main] o.f.core.internal.command.DbMigrate      : Migrating schema "public" to version "23 - managed mcp records"
2026-10-02T01:24:13.650Z  INFO 479 --- [qwen-managed-agent-server] [           main] o.f.core.internal.command.DbMigrate      : Migrating schema "public" to version "24 - managed actions"
2026-10-02T01:24:13.657Z  INFO 479 --- [qwen-managed-agent-server] [           main] o.f.core.internal.command.DbMigrate      : Migrating schema "public" to version "25 - verified workspace mount"
2026-10-02T01:24:13.660Z  INFO 479 --- [qwen-managed-agent-server] [           main] o.f.core.internal.command.DbMigrate      : Migrating schema "public" to version "26 - managed tool result projection"
2026-10-02T01:24:13.662Z  INFO 479 --- [qwen-managed-agent-server] [           main] o.f.core.internal.command.DbMigrate      : Migrating schema "public" to version "27 - managed hook records"
2026-10-02T01:24:13.664Z  INFO 479 --- [qwen-managed-agent-server] [           main] o.f.core.internal.command.DbMigrate      : Migrating schema "public" to version "28 - workspace recovery bundle"
2026-10-02T01:24:13.667Z  INFO 479 --- [qwen-managed-agent-server] [           main] o.f.core.internal.command.DbMigrate      : Successfully applied 28 migrations to schema "public", now at version v28 (execution time 00:00.025s)
2026-10-02T01:24:13.722Z  WARN 479 --- [qwen-managed-agent-server] [    virtual-470] c.a.q.c.m.s.SessionLifecycleCoordinator  : Managed Session operation will retry tenant=tenant-extension session=1026c95e-990e-451b-a1f5-0a6df1c1260b operation=op_fd747a2a519844a2b05b3ca172ba2456 retry=1 delayMs=1000 failure=IllegalStateException A Harness still holds the Session's journal writer
2026-10-02T01:24:13.838Z  INFO 479 --- [qwen-managed-agent-server] [           main] o.s.b.t.m.w.SpringBootMockServletContext : Initializing Spring TestDispatcherServlet ''
2026-10-02T01:24:13.838Z  INFO 479 --- [qwen-managed-agent-server] [           main] o.s.t.web.servlet.TestDispatcherServlet  : Initializing Servlet ''
2026-10-02T01:24:13.839Z  INFO 479 --- [qwen-managed-agent-server] [           main] o.s.b.a.e.web.EndpointLinksResolver      : Exposing 2 endpoints beneath base path '/actuator'
2026-10-02T01:24:13.842Z  INFO 479 --- [qwen-managed-agent-server] [           main] o.s.t.web.servlet.TestDispatcherServlet  : Completed initialization in 4 ms
2026-10-02T01:24:13.858Z  INFO 479 --- [qwen-managed-agent-server] [           main] c.a.q.c.m.ManagedTurnQueryTest           : Started ManagedTurnQueryTest in 0.534 seconds (process running for 35.413)
[INFO] Tests run: 8, Failures: 0, Errors: 0, Skipped: 0, Time elapsed: 0.761 s -- in com.alibaba.qwen.code.managedagent.ManagedTurnQueryTest
[INFO] Running com.alibaba.qwen.code.managedagent.store.WorkspaceRecoveryStoreTest
2026-10-02T01:24:14.087Z  INFO 479 --- [qwen-managed-agent-server] [           main] org.flywaydb.core.FlywayExecutor         : Database: jdbc:h2:mem:w1b-99108550-230c-4898-989f-5dbe233e15d5 (H2 2.3)
2026-10-02T01:24:14.091Z  INFO 479 --- [qwen-managed-agent-server] [           main] o.f.c.i.s.JdbcTableSchemaHistory         : Schema history table "public"."flyway_schema_history" does not exist yet
2026-10-02T01:24:14.091Z  INFO 479 --- [qwen-managed-agent-server] [           main] o.f.core.internal.command.DbValidate     : Successfully validated 28 migrations (execution time 00:00.003s)
2026-10-02T01:24:14.092Z  INFO 479 --- [qwen-managed-agent-server] [           main] o.f.c.i.s.JdbcTableSchemaHistory         : Creating Schema History table "public"."flyway_schema_history" ...
2026-10-02T01:24:14.093Z  INFO 479 --- [qwen-managed-agent-server] [           main] o.f.core.internal.command.DbMigrate      : Current version of schema "public": << Empty Schema >>
2026-10-02T01:24:14.094Z  INFO 479 --- [qwen-managed-agent-server] [           main] o.f.core.internal.command.DbMigrate      : Migrating schema "public" to version "1 - managed agent core"
2026-10-02T01:24:14.096Z  INFO 479 --- [qwen-managed-agent-server] [           main] o.f.core.internal.command.DbMigrate      : Migrating schema "public" to version "2 - managed agent projection"
2026-10-02T01:24:14.098Z  INFO 479 --- [qwen-managed-agent-server] [           main] o.f.core.internal.command.DbMigrate      : Migrating schema "public" to version "3 - runtime broker"
2026-10-02T01:24:14.100Z  INFO 479 --- [qwen-managed-agent-server] [           main] o.f.core.internal.command.DbMigrate      : Migrating schema "public" to version "4 - managed session store"
2026-10-02T01:24:14.101Z  INFO 479 --- [qwen-managed-agent-server] [           main] o.f.core.internal.command.DbMigrate      : Migrating schema "public" to version "5 - managed session lifecycle"
2026-10-02T01:24:14.104Z  INFO 479 --- [qwen-managed-agent-server] [           main] o.f.core.internal.command.DbMigrate      : Migrating schema "public" to version "6 - managed turn retry"
2026-10-02T01:24:14.107Z  INFO 479 --- [qwen-managed-agent-server] [           main] o.f.core.internal.command.DbMigrate      : Migrating schema "public" to version "7 - managed workspace binding"
2026-10-02T01:24:14.111Z  INFO 479 --- [qwen-managed-agent-server] [           main] o.f.core.internal.command.DbMigrate      : Migrating schema "public" to version "8 - managed workspace registry"
2026-10-02T01:24:14.113Z  INFO 479 --- [qwen-managed-agent-server] [           main] o.f.core.internal.command.DbMigrate      : Migrating schema "public" to version "9 - managed workspace creation command"
2026-10-02T01:24:14.114Z  INFO 479 --- [qwen-managed-agent-server] [           main] o.f.core.internal.command.DbMigrate      : Migrating schema "public" to version "10 - managed runtime context"
2026-10-02T01:24:14.116Z  INFO 479 --- [qwen-managed-agent-server] [           main] o.f.core.internal.command.DbMigrate      : Migrating schema "public" to version "11 - workspace execution"
2026-10-02T01:24:14.118Z  INFO 479 --- [qwen-managed-agent-server] [           main] o.f.core.internal.command.DbMigrate      : Migrating schema "public" to version "12 - runtime broker schema alignment"
2026-10-02T01:24:14.120Z  INFO 479 --- [qwen-managed-agent-server] [           main] o.f.core.internal.command.DbMigrate      : Migrating schema "public" to version "13 - managed session agent revision"
2026-10-02T01:24:14.121Z  INFO 479 --- [qwen-managed-agent-server] [           main] o.f.core.internal.command.DbMigrate      : Migrating schema "public" to version "14 - managed event replay"
2026-10-02T01:24:14.123Z  INFO 479 --- [qwen-managed-agent-server] [           main] o.f.core.internal.command.DbMigrate      : Migrating schema "public" to version "15 - managed event identity"
2026-10-02T01:24:14.124Z  INFO 479 --- [qwen-managed-agent-server] [           main] o.f.core.internal.command.DbMigrate      : Migrating schema "public" to version "16 - runtime loss evidence"
2026-10-02T01:24:14.126Z  INFO 479 --- [qwen-managed-agent-server] [           main] o.f.core.internal.command.DbMigrate      : Migrating schema "public" to version "17 - managed session operation"
2026-10-02T01:24:14.127Z  INFO 479 --- [qwen-managed-agent-server] [           main] o.f.core.internal.command.DbMigrate      : Migrating schema "public" to version "18 - managed extension record"
2026-10-02T01:24:14.128Z  INFO 479 --- [qwen-managed-agent-server] [           main] o.f.core.internal.command.DbMigrate      : Migrating schema "public" to version "19 - workspace operator recovery"
2026-10-02T01:24:14.129Z  INFO 479 --- [qwen-managed-agent-server] [           main] o.f.core.internal.command.DbMigrate      : Migrating schema "public" to version "20 - managed tool publication"
2026-10-02T01:24:14.130Z  INFO 479 --- [qwen-managed-agent-server] [           main] o.f.core.internal.command.DbMigrate      : Migrating schema "public" to version "21 - managed tool publication objects"
2026-10-02T01:24:14.135Z  INFO 479 --- [qwen-managed-agent-server] [           main] o.f.core.internal.command.DbMigrate      : Migrating schema "public" to version "22 - managed tool publication recovery"
2026-10-02T01:24:14.136Z  INFO 479 --- [qwen-managed-agent-server] [           main] o.f.core.internal.command.DbMigrate      : Migrating schema "public" to version "23 - managed mcp records"
2026-10-02T01:24:14.137Z  INFO 479 --- [qwen-managed-agent-server] [           main] o.f.core.internal.command.DbMigrate      : Migrating schema "public" to version "24 - managed actions"
2026-10-02T01:24:14.140Z  INFO 479 --- [qwen-managed-agent-server] [           main] o.f.core.internal.command.DbMigrate      : Migrating schema "public" to version "25 - verified workspace mount"
2026-10-02T01:24:14.143Z  INFO 479 --- [qwen-managed-agent-server] [           main] o.f.core.internal.command.DbMigrate      : Migrating schema "public" to version "26 - managed tool result projection"
2026-10-02T01:24:14.146Z  INFO 479 --- [qwen-managed-agent-server] [           main] o.f.core.internal.command.DbMigrate      : Migrating schema "public" to version "27 - managed hook records"
2026-10-02T01:24:14.148Z  INFO 479 --- [qwen-managed-agent-server] [           main] o.f.core.internal.command.DbMigrate      : Migrating schema "public" to version "28 - workspace recovery bundle"
2026-10-02T01:24:14.150Z  INFO 479 --- [qwen-managed-agent-server] [           main] o.f.core.internal.command.DbMigrate      : Successfully applied 28 migrations to schema "public", now at version v28 (execution time 00:00.020s)
2026-10-02T01:24:14.181Z  INFO 479 --- [qwen-managed-agent-server] [           main] org.flywaydb.core.FlywayExecutor         : Database: jdbc:h2:mem:w1b-4470259d-0c41-4e4a-ab6f-2df44e4cff0c (H2 2.3)
2026-10-02T01:24:14.186Z  INFO 479 --- [qwen-managed-agent-server] [           main] o.f.c.i.s.JdbcTableSchemaHistory         : Schema history table "public"."flyway_schema_history" does not exist yet
2026-10-02T01:24:14.187Z  INFO 479 --- [qwen-managed-agent-server] [           main] o.f.core.internal.command.DbValidate     : Successfully validated 28 migrations (execution time 00:00.002s)
2026-10-02T01:24:14.187Z  INFO 479 --- [qwen-managed-agent-server] [           main] o.f.c.i.s.JdbcTableSchemaHistory         : Creating Schema History table "public"."flyway_schema_history" ...
2026-10-02T01:24:14.188Z  INFO 479 --- [qwen-managed-agent-server] [           main] o.f.core.internal.command.DbMigrate      : Current version of schema "public": << Empty Schema >>
2026-10-02T01:24:14.188Z  INFO 479 --- [qwen-managed-agent-server] [           main] o.f.core.internal.command.DbMigrate      : Migrating schema "public" to version "1 - managed agent core"
2026-10-02T01:24:14.190Z  INFO 479 --- [qwen-managed-agent-server] [           main] o.f.core.internal.command.DbMigrate      : Migrating schema "public" to version "2 - managed agent projection"
2026-10-02T01:24:14.191Z  INFO 479 --- [qwen-managed-agent-server] [           main] o.f.core.internal.command.DbMigrate      : Migrating schema "public" to version "3 - runtime broker"
2026-10-02T01:24:14.193Z  INFO 479 --- [qwen-managed-agent-server] [           main] o.f.core.internal.command.DbMigrate      : Migrating schema "public" to version "4 - managed session store"
2026-10-02T01:24:14.194Z  INFO 479 --- [qwen-managed-agent-server] [           main] o.f.core.internal.command.DbMigrate      : Migrating schema "public" to version "5 - managed session lifecycle"
2026-10-02T01:24:14.196Z  INFO 479 --- [qwen-managed-agent-server] [           main] o.f.core.internal.command.DbMigrate      : Migrating schema "public" to version "6 - managed turn retry"
2026-10-02T01:24:14.211Z  INFO 479 --- [qwen-managed-agent-server] [           main] o.f.core.internal.command.DbMigrate      : Migrating schema "public" to version "7 - managed workspace binding"
2026-10-02T01:24:14.215Z  INFO 479 --- [qwen-managed-agent-server] [           main] o.f.core.internal.command.DbMigrate      : Migrating schema "public" to version "8 - managed workspace registry"
2026-10-02T01:24:14.216Z  INFO 479 --- [qwen-managed-agent-server] [           main] o.f.core.internal.command.DbMigrate      : Migrating schema "public" to version "9 - managed workspace creation command"
2026-10-02T01:24:14.217Z  INFO 479 --- [qwen-managed-agent-server] [           main] o.f.core.internal.command.DbMigrate      : Migrating schema "public" to version "10 - managed runtime context"
2026-10-02T01:24:14.218Z  INFO 479 --- [qwen-managed-agent-server] [           main] o.f.core.internal.command.DbMigrate      : Migrating schema "public" to version "11 - workspace execution"
2026-10-02T01:24:14.219Z  INFO 479 --- [qwen-managed-agent-server] [           main] o.f.core.internal.command.DbMigrate      : Migrating schema "public" to version "12 - runtime broker schema alignment"
2026-10-02T01:24:14.221Z  INFO 479 --- [qwen-managed-agent-server] [           main] o.f.core.internal.command.DbMigrate      : Migrating schema "public" to version "13 - managed session agent revision"
2026-10-02T01:24:14.222Z  INFO 479 --- [qwen-managed-agent-server] [           main] o.f.core.internal.command.DbMigrate      : Migrating schema "public" to version "14 - managed event replay"
2026-10-02T01:24:14.231Z  INFO 479 --- [qwen-managed-agent-server] [           main] o.f.core.internal.command.DbMigrate      : Migrating schema "public" to version "15 - managed event identity"
2026-10-02T01:24:14.232Z  INFO 479 --- [qwen-managed-agent-server] [           main] o.f.core.internal.command.DbMigrate      : Migrating schema "public" to version "16 - runtime loss evidence"
2026-10-02T01:24:14.234Z  INFO 479 --- [qwen-managed-agent-server] [           main] o.f.core.internal.command.DbMigrate      : Migrating schema "public" to version "17 - managed session operation"
2026-10-02T01:24:14.235Z  INFO 479 --- [qwen-managed-agent-server] [           main] o.f.core.internal.command.DbMigrate      : Migrating schema "public" to version "18 - managed extension record"
2026-10-02T01:24:14.236Z  INFO 479 --- [qwen-managed-agent-server] [           main] o.f.core.internal.command.DbMigrate      : Migrating schema "public" to version "19 - workspace operator recovery"
2026-10-02T01:24:14.237Z  INFO 479 --- [qwen-managed-agent-server] [           main] o.f.core.internal.command.DbMigrate      : Migrating schema "public" to version "20 - managed tool publication"
2026-10-02T01:24:14.240Z  INFO 479 --- [qwen-managed-agent-server] [           main] o.f.core.internal.command.DbMigrate      : Migrating schema "public" to version "21 - managed tool publication objects"
2026-10-02T01:24:14.247Z  INFO 479 --- [qwen-managed-agent-server] [           main] o.f.core.internal.command.DbMigrate      : Migrating schema "public" to version "22 - managed tool publication recovery"
2026-10-02T01:24:14.264Z  INFO 479 --- [qwen-managed-agent-server] [           main] o.f.core.internal.command.DbMigrate      : Migrating schema "public" to version "23 - managed mcp records"
2026-10-02T01:24:14.272Z  INFO 479 --- [qwen-managed-agent-server] [           main] o.f.core.internal.command.DbMigrate      : Migrating schema "public" to version "24 - managed actions"
2026-10-02T01:24:14.276Z  INFO 479 --- [qwen-managed-agent-server] [           main] o.f.core.internal.command.DbMigrate      : Migrating schema "public" to version "25 - verified workspace mount"
2026-10-02T01:24:14.279Z  INFO 479 --- [qwen-managed-agent-server] [           main] o.f.core.internal.command.DbMigrate      : Migrating schema "public" to version "26 - managed tool result projection"
2026-10-02T01:24:14.281Z  INFO 479 --- [qwen-managed-agent-server] [           main] o.f.core.internal.command.DbMigrate      : Migrating schema "public" to version "27 - managed hook records"
2026-10-02T01:24:14.282Z  INFO 479 --- [qwen-managed-agent-server] [           main] o.f.core.internal.command.DbMigrate      : Migrating schema "public" to version "28 - workspace recovery bundle"
2026-10-02T01:24:14.283Z  INFO 479 --- [qwen-managed-agent-server] [           main] o.f.core.internal.command.DbMigrate      : Successfully applied 28 migrations to schema "public", now at version v28 (execution time 00:00.050s)
2026-10-02T01:24:14.316Z  INFO 479 --- [qwen-managed-agent-server] [           main] org.flywaydb.core.FlywayExecutor         : Database: jdbc:h2:mem:w1b-50ddd73f-37c9-4efa-9f22-f0ca45c1aa68 (H2 2.3)
2026-10-02T01:24:14.318Z  INFO 479 --- [qwen-managed-agent-server] [           main] o.f.c.i.s.JdbcTableSchemaHistory         : Schema history table "public"."flyway_schema_history" does not exist yet
2026-10-02T01:24:14.319Z  INFO 479 --- [qwen-managed-agent-server] [           main] o.f.core.internal.command.DbValidate     : Successfully validated 28 migrations (execution time 00:00.002s)
2026-10-02T01:24:14.319Z  INFO 479 --- [qwen-managed-agent-server] [           main] o.f.c.i.s.JdbcTableSchemaHistory         : Creating Schema History table "public"."flyway_schema_history" ...
2026-10-02T01:24:14.320Z  INFO 479 --- [qwen-managed-agent-server] [           main] o.f.core.internal.command.DbMigrate      : Current version of schema "public": << Empty Schema >>
2026-10-02T01:24:14.320Z  INFO 479 --- [qwen-managed-agent-server] [           main] o.f.core.internal.command.DbMigrate      : Migrating schema "public" to version "1 - managed agent core"
2026-10-02T01:24:14.322Z  INFO 479 --- [qwen-managed-agent-server] [           main] o.f.core.internal.command.DbMigrate      : Migrating schema "public" to version "2 - managed agent projection"
2026-10-02T01:24:14.357Z  INFO 479 --- [qwen-managed-agent-server] [           main] o.f.core.internal.command.DbMigrate      : Migrating schema "public" to version "3 - runtime broker"
2026-10-02T01:24:14.360Z  INFO 479 --- [qwen-managed-agent-server] [           main] o.f.core.internal.command.DbMigrate      : Migrating schema "public" to version "4 - managed session store"
2026-10-02T01:24:14.361Z  INFO 479 --- [qwen-managed-agent-server] [           main] o.f.core.internal.command.DbMigrate      : Migrating schema "public" to version "5 - managed session lifecycle"
2026-10-02T01:24:14.363Z  INFO 479 --- [qwen-managed-agent-server] [           main] o.f.core.internal.command.DbMigrate      : Migrating schema "public" to version "6 - managed turn retry"
2026-10-02T01:24:14.365Z  INFO 479 --- [qwen-managed-agent-server] [           main] o.f.core.internal.command.DbMigrate      : Migrating schema "public" to version "7 - managed workspace binding"
2026-10-02T01:24:14.369Z  INFO 479 --- [qwen-managed-agent-server] [           main] o.f.core.internal.command.DbMigrate      : Migrating schema "public" to version "8 - managed workspace registry"
2026-10-02T01:24:14.371Z  INFO 479 --- [qwen-managed-agent-server] [           main] o.f.core.internal.command.DbMigrate      : Migrating schema "public" to version "9 - managed workspace creation command"
2026-10-02T01:24:14.372Z  INFO 479 --- [qwen-managed-agent-server] [           main] o.f.core.internal.command.DbMigrate      : Migrating schema "public" to version "10 - managed runtime context"
2026-10-02T01:24:14.373Z  INFO 479 --- [qwen-managed-agent-server] [           main] o.f.core.internal.command.DbMigrate      : Migrating schema "public" to version "11 - workspace execution"
2026-10-02T01:24:14.374Z  INFO 479 --- [qwen-managed-agent-server] [           main] o.f.core.internal.command.DbMigrate      : Migrating schema "public" to version "12 - runtime broker schema alignment"
2026-10-02T01:24:14.376Z  INFO 479 --- [qwen-managed-agent-server] [           main] o.f.core.internal.command.DbMigrate      : Migrating schema "public" to version "13 - managed session agent revision"
2026-10-02T01:24:14.377Z  INFO 479 --- [qwen-managed-agent-server] [           main] o.f.core.internal.command.DbMigrate      : Migrating schema "public" to version "14 - managed event replay"
2026-10-02T01:24:14.380Z  INFO 479 --- [qwen-managed-agent-server] [           main] o.f.core.internal.command.DbMigrate      : Migrating schema "public" to version "15 - managed event identity"
2026-10-02T01:24:14.381Z  INFO 479 --- [qwen-managed-agent-server] [           main] o.f.core.internal.command.DbMigrate      : Migrating schema "public" to version "16 - runtime loss evidence"
2026-10-02T01:24:14.383Z  INFO 479 --- [qwen-managed-agent-server] [           main] o.f.core.internal.command.DbMigrate      : Migrating schema "public" to version "17 - managed session operation"
2026-10-02T01:24:14.384Z  INFO 479 --- [qwen-managed-agent-server] [           main] o.f.core.internal.command.DbMigrate      : Migrating schema "public" to version "18 - managed extension record"
2026-10-02T01:24:14.385Z  INFO 479 --- [qwen-managed-agent-server] [           main] o.f.core.internal.command.DbMigrate      : Migrating schema "public" to version "19 - workspace operator recovery"
2026-10-02T01:24:14.386Z  INFO 479 --- [qwen-managed-agent-server] [           main] o.f.core.internal.command.DbMigrate      : Migrating schema "public" to version "20 - managed tool publication"
2026-10-02T01:24:14.394Z  INFO 479 --- [qwen-managed-agent-server] [           main] o.f.core.internal.command.DbMigrate      : Migrating schema "public" to version "21 - managed tool publication objects"
2026-10-02T01:24:14.403Z  INFO 479 --- [qwen-managed-agent-server] [           main] o.f.core.internal.command.DbMigrate      : Migrating schema "public" to version "22 - managed tool publication recovery"
2026-10-02T01:24:14.404Z  INFO 479 --- [qwen-managed-agent-server] [           main] o.f.core.internal.command.DbMigrate      : Migrating schema "public" to version "23 - managed mcp records"
2026-10-02T01:24:14.405Z  INFO 479 --- [qwen-managed-agent-server] [           main] o.f.core.internal.command.DbMigrate      : Migrating schema "public" to version "24 - managed actions"
2026-10-02T01:24:14.408Z  INFO 479 --- [qwen-managed-agent-server] [           main] o.f.core.internal.command.DbMigrate      : Migrating schema "public" to version "25 - verified workspace mount"
2026-10-02T01:24:14.410Z  INFO 479 --- [qwen-managed-agent-server] [           main] o.f.core.internal.command.DbMigrate      : Migrating schema "public" to version "26 - managed tool result projection"
2026-10-02T01:24:14.412Z  INFO 479 --- [qwen-managed-agent-server] [           main] o.f.core.internal.command.DbMigrate      : Migrating schema "public" to version "27 - managed hook records"
2026-10-02T01:24:14.413Z  INFO 479 --- [qwen-managed-agent-server] [           main] o.f.core.internal.command.DbMigrate      : Migrating schema "public" to version "28 - workspace recovery bundle"
2026-10-02T01:24:14.414Z  INFO 479 --- [qwen-managed-agent-server] [           main] o.f.core.internal.command.DbMigrate      : Successfully applied 28 migrations to schema "public", now at version v28 (execution time 00:00.027s)
2026-10-02T01:24:14.459Z  INFO 479 --- [qwen-managed-agent-server] [           main] org.flywaydb.core.FlywayExecutor         : Database: jdbc:h2:mem:w1b-423683f4-0a4b-4cc7-ac4f-dec99279a9c1 (H2 2.3)
2026-10-02T01:24:14.465Z  INFO 479 --- [qwen-managed-agent-server] [           main] o.f.c.i.s.JdbcTableSchemaHistory         : Schema history table "public"."flyway_schema_history" does not exist yet
2026-10-02T01:24:14.465Z  INFO 479 --- [qwen-managed-agent-server] [           main] o.f.core.internal.command.DbValidate     : Successfully validated 28 migrations (execution time 00:00.005s)
2026-10-02T01:24:14.466Z  INFO 479 --- [qwen-managed-agent-server] [           main] o.f.c.i.s.JdbcTableSchemaHistory         : Creating Schema History table "public"."flyway_schema_history" ...
2026-10-02T01:24:14.468Z  INFO 479 --- [qwen-managed-agent-server] [           main] o.f.core.internal.command.DbMigrate      : Current version of schema "public": << Empty Schema >>
2026-10-02T01:24:14.469Z  INFO 479 --- [qwen-managed-agent-server] [           main] o.f.core.internal.command.DbMigrate      : Migrating schema "public" to version "1 - managed agent core"
2026-10-02T01:24:14.471Z  INFO 479 --- [qwen-managed-agent-server] [           main] o.f.core.internal.command.DbMigrate      : Migrating schema "public" to version "2 - managed agent projection"
2026-10-02T01:24:14.473Z  INFO 479 --- [qwen-managed-agent-server] [           main] o.f.core.internal.command.DbMigrate      : Migrating schema "public" to version "3 - runtime broker"
2026-10-02T01:24:14.475Z  INFO 479 --- [qwen-managed-agent-server] [           main] o.f.core.internal.command.DbMigrate      : Migrating schema "public" to version "4 - managed session store"
2026-10-02T01:24:14.476Z  INFO 479 --- [qwen-managed-agent-server] [           main] o.f.core.internal.command.DbMigrate      : Migrating schema "public" to version "5 - managed session lifecycle"
2026-10-02T01:24:14.478Z  INFO 479 --- [qwen-managed-agent-server] [           main] o.f.core.internal.command.DbMigrate      : Migrating schema "public" to version "6 - managed turn retry"
2026-10-02T01:24:14.480Z  INFO 479 --- [qwen-managed-agent-server] [           main] o.f.core.internal.command.DbMigrate      : Migrating schema "public" to version "7 - managed workspace binding"
2026-10-02T01:24:14.488Z  INFO 479 --- [qwen-managed-agent-server] [           main] o.f.core.internal.command.DbMigrate      : Migrating schema "public" to version "8 - managed workspace registry"
2026-10-02T01:24:14.489Z  INFO 479 --- [qwen-managed-agent-server] [           main] o.f.core.internal.command.DbMigrate      : Migrating schema "public" to version "9 - managed workspace creation command"
2026-10-02T01:24:14.490Z  INFO 479 --- [qwen-managed-agent-server] [           main] o.f.core.internal.command.DbMigrate      : Migrating schema "public" to version "10 - managed runtime context"
2026-10-02T01:24:14.491Z  INFO 479 --- [qwen-managed-agent-server] [           main] o.f.core.internal.command.DbMigrate      : Migrating schema "public" to version "11 - workspace execution"
2026-10-02T01:24:14.492Z  INFO 479 --- [qwen-managed-agent-server] [           main] o.f.core.internal.command.DbMigrate      : Migrating schema "public" to version "12 - runtime broker schema alignment"
2026-10-02T01:24:14.495Z  INFO 479 --- [qwen-managed-agent-server] [           main] o.f.core.internal.command.DbMigrate      : Migrating schema "public" to version "13 - managed session agent revision"
2026-10-02T01:24:14.496Z  INFO 479 --- [qwen-managed-agent-server] [           main] o.f.core.internal.command.DbMigrate      : Migrating schema "public" to version "14 - managed event replay"
2026-10-02T01:24:14.498Z  INFO 479 --- [qwen-managed-agent-server] [           main] o.f.core.internal.command.DbMigrate      : Migrating schema "public" to version "15 - managed event identity"
2026-10-02T01:24:14.499Z  INFO 479 --- [qwen-managed-agent-server] [           main] o.f.core.internal.command.DbMigrate      : Migrating schema "public" to version "16 - runtime loss evidence"
2026-10-02T01:24:14.501Z  INFO 479 --- [qwen-managed-agent-server] [           main] o.f.core.internal.command.DbMigrate      : Migrating schema "public" to version "17 - managed session operation"
2026-10-02T01:24:14.502Z  INFO 479 --- [qwen-managed-agent-server] [           main] o.f.core.internal.command.DbMigrate      : Migrating schema "public" to version "18 - managed extension record"
2026-10-02T01:24:14.503Z  INFO 479 --- [qwen-managed-agent-server] [           main] o.f.core.internal.command.DbMigrate      : Migrating schema "public" to version "19 - workspace operator recovery"
2026-10-02T01:24:14.504Z  INFO 479 --- [qwen-managed-agent-server] [           main] o.f.core.internal.command.DbMigrate      : Migrating schema "public" to version "20 - managed tool publication"
2026-10-02T01:24:14.505Z  INFO 479 --- [qwen-managed-agent-server] [           main] o.f.core.internal.command.DbMigrate      : Migrating schema "public" to version "21 - managed tool publication objects"
2026-10-02T01:24:14.511Z  INFO 479 --- [qwen-managed-agent-server] [           main] o.f.core.internal.command.DbMigrate      : Migrating schema "public" to version "22 - managed tool publication recovery"
2026-10-02T01:24:14.511Z  INFO 479 --- [qwen-managed-agent-server] [           main] o.f.core.internal.command.DbMigrate      : Migrating schema "public" to version "23 - managed mcp records"
2026-10-02T01:24:14.512Z  INFO 479 --- [qwen-managed-agent-server] [           main] o.f.core.internal.command.DbMigrate      : Migrating schema "public" to version "24 - managed actions"
2026-10-02T01:24:14.515Z  INFO 479 --- [qwen-managed-agent-server] [           main] o.f.core.internal.command.DbMigrate      : Migrating schema "public" to version "25 - verified workspace mount"
2026-10-02T01:24:14.518Z  INFO 479 --- [qwen-managed-agent-server] [           main] o.f.core.internal.command.DbMigrate      : Migrating schema "public" to version "26 - managed tool result projection"
2026-10-02T01:24:14.520Z  INFO 479 --- [qwen-managed-agent-server] [           main] o.f.core.internal.command.DbMigrate      : Migrating schema "public" to version "27 - managed hook records"
2026-10-02T01:24:14.521Z  INFO 479 --- [qwen-managed-agent-server] [           main] o.f.core.internal.command.DbMigrate      : Migrating schema "public" to version "28 - workspace recovery bundle"
2026-10-02T01:24:14.521Z  INFO 479 --- [qwen-managed-agent-server] [           main] o.f.core.internal.command.DbMigrate      : Successfully applied 28 migrations to schema "public", now at version v28 (execution time 00:00.020s)
2026-10-02T01:24:14.606Z  INFO 479 --- [qwen-managed-agent-server] [           main] org.flywaydb.core.FlywayExecutor         : Database: jdbc:h2:mem:w1b-c7362da0-5072-46c0-a92f-bf48e8a6905d (H2 2.3)
2026-10-02T01:24:14.609Z  INFO 479 --- [qwen-managed-agent-server] [           main] o.f.c.i.s.JdbcTableSchemaHistory         : Schema history table "public"."flyway_schema_history" does not exist yet
2026-10-02T01:24:14.609Z  INFO 479 --- [qwen-managed-agent-server] [           main] o.f.core.internal.command.DbValidate     : Successfully validated 28 migrations (execution time 00:00.002s)
2026-10-02T01:24:14.609Z  INFO 479 --- [qwen-managed-agent-server] [           main] o.f.c.i.s.JdbcTableSchemaHistory         : Creating Schema History table "public"."flyway_schema_history" ...
2026-10-02T01:24:14.610Z  INFO 479 --- [qwen-managed-agent-server] [           main] o.f.core.internal.command.DbMigrate      : Current version of schema "public": << Empty Schema >>
2026-10-02T01:24:14.611Z  INFO 479 --- [qwen-managed-agent-server] [           main] o.f.core.internal.command.DbMigrate      : Migrating schema "public" to version "1 - managed agent core"
2026-10-02T01:24:14.612Z  INFO 479 --- [qwen-managed-agent-server] [           main] o.f.core.internal.command.DbMigrate      : Migrating schema "public" to version "2 - managed agent projection"
2026-10-02T01:24:14.614Z  INFO 479 --- [qwen-managed-agent-server] [           main] o.f.core.internal.command.DbMigrate      : Migrating schema "public" to version "3 - runtime broker"
2026-10-02T01:24:14.615Z  INFO 479 --- [qwen-managed-agent-server] [           main] o.f.core.internal.command.DbMigrate      : Migrating schema "public" to version "4 - managed session store"
2026-10-02T01:24:14.616Z  INFO 479 --- [qwen-managed-agent-server] [           main] o.f.core.internal.command.DbMigrate      : Migrating schema "public" to version "5 - managed session lifecycle"
2026-10-02T01:24:14.618Z  INFO 479 --- [qwen-managed-agent-server] [           main] o.f.core.internal.command.DbMigrate      : Migrating schema "public" to version "6 - managed turn retry"
2026-10-02T01:24:14.619Z  INFO 479 --- [qwen-managed-agent-server] [           main] o.f.core.internal.command.DbMigrate      : Migrating schema "public" to version "7 - managed workspace binding"
2026-10-02T01:24:14.623Z  INFO 479 --- [qwen-managed-agent-server] [           main] o.f.core.internal.command.DbMigrate      : Migrating schema "public" to version "8 - managed workspace registry"
2026-10-02T01:24:14.624Z  INFO 479 --- [qwen-managed-agent-server] [           main] o.f.core.internal.command.DbMigrate      : Migrating schema "public" to version "9 - managed workspace creation command"
2026-10-02T01:24:14.625Z  INFO 479 --- [qwen-managed-agent-server] [           main] o.f.core.internal.command.DbMigrate      : Migrating schema "public" to version "10 - managed runtime context"
2026-10-02T01:24:14.626Z  INFO 479 --- [qwen-managed-agent-server] [           main] o.f.core.internal.command.DbMigrate      : Migrating schema "public" to version "11 - workspace execution"
2026-10-02T01:24:14.627Z  INFO 479 --- [qwen-managed-agent-server] [           main] o.f.core.internal.command.DbMigrate      : Migrating schema "public" to version "12 - runtime broker schema alignment"
2026-10-02T01:24:14.629Z  INFO 479 --- [qwen-managed-agent-server] [           main] o.f.core.internal.command.DbMigrate      : Migrating schema "public" to version "13 - managed session agent revision"
2026-10-02T01:24:14.631Z  INFO 479 --- [qwen-managed-agent-server] [           main] o.f.core.internal.command.DbMigrate      : Migrating schema "public" to version "14 - managed event replay"
2026-10-02T01:24:14.633Z  INFO 479 --- [qwen-managed-agent-server] [           main] o.f.core.internal.command.DbMigrate      : Migrating schema "public" to version "15 - managed event identity"
2026-10-02T01:24:14.633Z  INFO 479 --- [qwen-managed-agent-server] [           main] o.f.core.internal.command.DbMigrate      : Migrating schema "public" to version "16 - runtime loss evidence"
2026-10-02T01:24:14.636Z  INFO 479 --- [qwen-managed-agent-server] [           main] o.f.core.internal.command.DbMigrate      : Migrating schema "public" to version "17 - managed session operation"
2026-10-02T01:24:14.637Z  INFO 479 --- [qwen-managed-agent-server] [           main] o.f.core.internal.command.DbMigrate      : Migrating schema "public" to version "18 - managed extension record"
2026-10-02T01:24:14.637Z  INFO 479 --- [qwen-managed-agent-server] [           main] o.f.core.internal.command.DbMigrate      : Migrating schema "public" to version "19 - workspace operator recovery"
2026-10-02T01:24:14.638Z  INFO 479 --- [qwen-managed-agent-server] [           main] o.f.core.internal.command.DbMigrate      : Migrating schema "public" to version "20 - managed tool publication"
2026-10-02T01:24:14.639Z  INFO 479 --- [qwen-managed-agent-server] [           main] o.f.core.internal.command.DbMigrate      : Migrating schema "public" to version "21 - managed tool publication objects"
2026-10-02T01:24:14.644Z  INFO 479 --- [qwen-managed-agent-server] [           main] o.f.core.internal.command.DbMigrate      : Migrating schema "public" to version "22 - managed tool publication recovery"
2026-10-02T01:24:14.645Z  INFO 479 --- [qwen-managed-agent-server] [           main] o.f.core.internal.command.DbMigrate      : Migrating schema "public" to version "23 - managed mcp records"
2026-10-02T01:24:14.646Z  INFO 479 --- [qwen-managed-agent-server] [           main] o.f.core.internal.command.DbMigrate      : Migrating schema "public" to version "24 - managed actions"
2026-10-02T01:24:14.649Z  INFO 479 --- [qwen-managed-agent-server] [           main] o.f.core.internal.command.DbMigrate      : Migrating schema "public" to version "25 - verified workspace mount"
2026-10-02T01:24:14.651Z  INFO 479 --- [qwen-managed-agent-server] [           main] o.f.core.internal.command.DbMigrate      : Migrating schema "public" to version "26 - managed tool result projection"
2026-10-02T01:24:14.652Z  INFO 479 --- [qwen-managed-agent-server] [           main] o.f.core.internal.command.DbMigrate      : Migrating schema "public" to version "27 - managed hook records"
2026-10-02T01:24:14.654Z  INFO 479 --- [qwen-managed-agent-server] [           main] o.f.core.internal.command.DbMigrate      : Migrating schema "public" to version "28 - workspace recovery bundle"
2026-10-02T01:24:14.654Z  INFO 479 --- [qwen-managed-agent-server] [           main] o.f.core.internal.command.DbMigrate      : Successfully applied 28 migrations to schema "public", now at version v28 (execution time 00:00.015s)
2026-10-02T01:24:14.675Z  INFO 479 --- [qwen-managed-agent-server] [           main] org.flywaydb.core.FlywayExecutor         : Database: jdbc:h2:mem:w1b-5074c653-7fce-4209-85f3-84a1e324f8c0 (H2 2.3)
2026-10-02T01:24:14.678Z  INFO 479 --- [qwen-managed-agent-server] [           main] o.f.c.i.s.JdbcTableSchemaHistory         : Schema history table "public"."flyway_schema_history" does not exist yet
2026-10-02T01:24:14.678Z  INFO 479 --- [qwen-managed-agent-server] [           main] o.f.core.internal.command.DbValidate     : Successfully validated 28 migrations (execution time 00:00.002s)
2026-10-02T01:24:14.678Z  INFO 479 --- [qwen-managed-agent-server] [           main] o.f.c.i.s.JdbcTableSchemaHistory         : Creating Schema History table "public"."flyway_schema_history" ...
2026-10-02T01:24:14.679Z  INFO 479 --- [qwen-managed-agent-server] [           main] o.f.core.internal.command.DbMigrate      : Current version of schema "public": << Empty Schema >>
2026-10-02T01:24:14.680Z  INFO 479 --- [qwen-managed-agent-server] [           main] o.f.core.internal.command.DbMigrate      : Migrating schema "public" to version "1 - managed agent core"
2026-10-02T01:24:14.682Z  INFO 479 --- [qwen-managed-agent-server] [           main] o.f.core.internal.command.DbMigrate      : Migrating schema "public" to version "2 - managed agent projection"
2026-10-02T01:24:14.684Z  INFO 479 --- [qwen-managed-agent-server] [           main] o.f.core.internal.command.DbMigrate      : Migrating schema "public" to version "3 - runtime broker"
2026-10-02T01:24:14.687Z  INFO 479 --- [qwen-managed-agent-server] [           main] o.f.core.internal.command.DbMigrate      : Migrating schema "public" to version "4 - managed session store"
2026-10-02T01:24:14.688Z  INFO 479 --- [qwen-managed-agent-server] [           main] o.f.core.internal.command.DbMigrate      : Migrating schema "public" to version "5 - managed session lifecycle"
2026-10-02T01:24:14.689Z  INFO 479 --- [qwen-managed-agent-server] [           main] o.f.core.internal.command.DbMigrate      : Migrating schema "public" to version "6 - managed turn retry"
2026-10-02T01:24:14.692Z  INFO 479 --- [qwen-managed-agent-server] [           main] o.f.core.internal.command.DbMigrate      : Migrating schema "public" to version "7 - managed workspace binding"
2026-10-02T01:24:14.697Z  INFO 479 --- [qwen-managed-agent-server] [           main] o.f.core.internal.command.DbMigrate      : Migrating schema "public" to version "8 - managed workspace registry"
2026-10-02T01:24:14.699Z  INFO 479 --- [qwen-managed-agent-server] [           main] o.f.core.internal.command.DbMigrate      : Migrating schema "public" to version "9 - managed workspace creation command"
2026-10-02T01:24:14.700Z  INFO 479 --- [qwen-managed-agent-server] [           main] o.f.core.internal.command.DbMigrate      : Migrating schema "public" to version "10 - managed runtime context"
2026-10-02T01:24:14.701Z  INFO 479 --- [qwen-managed-agent-server] [           main] o.f.core.internal.command.DbMigrate      : Migrating schema "public" to version "11 - workspace execution"
2026-10-02T01:24:14.702Z  INFO 479 --- [qwen-managed-agent-server] [           main] o.f.core.internal.command.DbMigrate      : Migrating schema "public" to version "12 - runtime broker schema alignment"
2026-10-02T01:24:14.704Z  INFO 479 --- [qwen-managed-agent-server] [           main] o.f.core.internal.command.DbMigrate      : Migrating schema "public" to version "13 - managed session agent revision"
2026-10-02T01:24:14.706Z  INFO 479 --- [qwen-managed-agent-server] [           main] o.f.core.internal.command.DbMigrate      : Migrating schema "public" to version "14 - managed event replay"
2026-10-02T01:24:14.708Z  INFO 479 --- [qwen-managed-agent-server] [           main] o.f.core.internal.command.DbMigrate      : Migrating schema "public" to version "15 - managed event identity"
2026-10-02T01:24:14.709Z  INFO 479 --- [qwen-managed-agent-server] [           main] o.f.core.internal.command.DbMigrate      : Migrating schema "public" to version "16 - runtime loss evidence"
2026-10-02T01:24:14.712Z  INFO 479 --- [qwen-managed-agent-server] [           main] o.f.core.internal.command.DbMigrate      : Migrating schema "public" to version "17 - managed session operation"
2026-10-02T01:24:14.715Z  INFO 479 --- [qwen-managed-agent-server] [           main] o.f.core.internal.command.DbMigrate      : Migrating schema "public" to version "18 - managed extension record"
2026-10-02T01:24:14.716Z  INFO 479 --- [qwen-managed-agent-server] [           main] o.f.core.internal.command.DbMigrate      : Migrating schema "public" to version "19 - workspace operator recovery"
2026-10-02T01:24:14.720Z  INFO 479 --- [qwen-managed-agent-server] [           main] o.f.core.internal.command.DbMigrate      : Migrating schema "public" to version "20 - managed tool publication"
2026-10-02T01:24:14.722Z  INFO 479 --- [qwen-managed-agent-server] [           main] o.f.core.internal.command.DbMigrate      : Migrating schema "public" to version "21 - managed tool publication objects"
2026-10-02T01:24:14.728Z  INFO 479 --- [qwen-managed-agent-server] [           main] o.f.core.internal.command.DbMigrate      : Migrating schema "public" to version "22 - managed tool publication recovery"
2026-10-02T01:24:14.729Z  INFO 479 --- [qwen-managed-agent-server] [           main] o.f.core.internal.command.DbMigrate      : Migrating schema "public" to version "23 - managed mcp records"
2026-10-02T01:24:14.729Z  INFO 479 --- [qwen-managed-agent-server] [           main] o.f.core.internal.command.DbMigrate      : Migrating schema "public" to version "24 - managed actions"
2026-10-02T01:24:14.732Z  INFO 479 --- [qwen-managed-agent-server] [           main] o.f.core.internal.command.DbMigrate      : Migrating schema "public" to version "25 - verified workspace mount"
2026-10-02T01:24:14.735Z  INFO 479 --- [qwen-managed-agent-server] [           main] o.f.core.internal.command.DbMigrate      : Migrating schema "public" to version "26 - managed tool result projection"
2026-10-02T01:24:14.736Z  INFO 479 --- [qwen-managed-agent-server] [           main] o.f.core.internal.command.DbMigrate      : Migrating schema "public" to version "27 - managed hook records"
2026-10-02T01:24:14.738Z  INFO 479 --- [qwen-managed-agent-server] [           main] o.f.core.internal.command.DbMigrate      : Migrating schema "public" to version "28 - workspace recovery bundle"
2026-10-02T01:24:14.739Z  INFO 479 --- [qwen-managed-agent-server] [           main] o.f.core.internal.command.DbMigrate      : Successfully applied 28 migrations to schema "public", now at version v28 (execution time 00:00.021s)
2026-10-02T01:24:14.775Z  INFO 479 --- [qwen-managed-agent-server] [           main] org.flywaydb.core.FlywayExecutor         : Database: jdbc:h2:mem:w1b-a89535d5-7486-4f50-8f90-05688506e4ba (H2 2.3)
2026-10-02T01:24:14.779Z  INFO 479 --- [qwen-managed-agent-server] [           main] o.f.c.i.s.JdbcTableSchemaHistory         : Schema history table "public"."flyway_schema_history" does not exist yet
2026-10-02T01:24:14.779Z  INFO 479 --- [qwen-managed-agent-server] [           main] o.f.core.internal.command.DbValidate     : Successfully validated 28 migrations (execution time 00:00.003s)
2026-10-02T01:24:14.780Z  INFO 479 --- [qwen-managed-agent-server] [           main] o.f.c.i.s.JdbcTableSchemaHistory         : Creating Schema History table "public"."flyway_schema_history" ...
2026-10-02T01:24:14.781Z  INFO 479 --- [qwen-managed-agent-server] [           main] o.f.core.internal.command.DbMigrate      : Current version of schema "public": << Empty Schema >>
2026-10-02T01:24:14.782Z  INFO 479 --- [qwen-managed-agent-server] [           main] o.f.core.internal.command.DbMigrate      : Migrating schema "public" to version "1 - managed agent core"
2026-10-02T01:24:14.786Z  INFO 479 --- [qwen-managed-agent-server] [           main] o.f.core.internal.command.DbMigrate      : Migrating schema "public" to version "2 - managed agent projection"
2026-10-02T01:24:14.788Z  INFO 479 --- [qwen-managed-agent-server] [           main] o.f.core.internal.command.DbMigrate      : Migrating schema "public" to version "3 - runtime broker"
2026-10-02T01:24:14.789Z  INFO 479 --- [qwen-managed-agent-server] [           main] o.f.core.internal.command.DbMigrate      : Migrating schema "public" to version "4 - managed session store"
2026-10-02T01:24:14.790Z  INFO 479 --- [qwen-managed-agent-server] [           main] o.f.core.internal.command.DbMigrate      : Migrating schema "public" to version "5 - managed session lifecycle"
2026-10-02T01:24:14.792Z  INFO 479 --- [qwen-managed-agent-server] [           main] o.f.core.internal.command.DbMigrate      : Migrating schema "public" to version "6 - managed turn retry"
2026-10-02T01:24:14.793Z  INFO 479 --- [qwen-managed-agent-server] [           main] o.f.core.internal.command.DbMigrate      : Migrating schema "public" to version "7 - managed workspace binding"
2026-10-02T01:24:14.797Z  INFO 479 --- [qwen-managed-agent-server] [           main] o.f.core.internal.command.DbMigrate      : Migrating schema "public" to version "8 - managed workspace registry"
2026-10-02T01:24:14.799Z  INFO 479 --- [qwen-managed-agent-server] [           main] o.f.core.internal.command.DbMigrate      : Migrating schema "public" to version "9 - managed workspace creation command"
2026-10-02T01:24:14.800Z  INFO 479 --- [qwen-managed-agent-server] [           main] o.f.core.internal.command.DbMigrate      : Migrating schema "public" to version "10 - managed runtime context"
2026-10-02T01:24:14.801Z  INFO 479 --- [qwen-managed-agent-server] [           main] o.f.core.internal.command.DbMigrate      : Migrating schema "public" to version "11 - workspace execution"
2026-10-02T01:24:14.802Z  INFO 479 --- [qwen-managed-agent-server] [           main] o.f.core.internal.command.DbMigrate      : Migrating schema "public" to version "12 - runtime broker schema alignment"
2026-10-02T01:24:14.803Z  INFO 479 --- [qwen-managed-agent-server] [           main] o.f.core.internal.command.DbMigrate      : Migrating schema "public" to version "13 - managed session agent revision"
2026-10-02T01:24:14.805Z  INFO 479 --- [qwen-managed-agent-server] [           main] o.f.core.internal.command.DbMigrate      : Migrating schema "public" to version "14 - managed event replay"
2026-10-02T01:24:14.807Z  INFO 479 --- [qwen-managed-agent-server] [           main] o.f.core.internal.command.DbMigrate      : Migrating schema "public" to version "15 - managed event identity"
2026-10-02T01:24:14.808Z  INFO 479 --- [qwen-managed-agent-server] [           main] o.f.core.internal.command.DbMigrate      : Migrating schema "public" to version "16 - runtime loss evidence"
2026-10-02T01:24:14.810Z  INFO 479 --- [qwen-managed-agent-server] [           main] o.f.core.internal.command.DbMigrate      : Migrating schema "public" to version "17 - managed session operation"
2026-10-02T01:24:14.811Z  INFO 479 --- [qwen-managed-agent-server] [           main] o.f.core.internal.command.DbMigrate      : Migrating schema "public" to version "18 - managed extension record"
2026-10-02T01:24:14.812Z  INFO 479 --- [qwen-managed-agent-server] [           main] o.f.core.internal.command.DbMigrate      : Migrating schema "public" to version "19 - workspace operator recovery"
2026-10-02T01:24:14.813Z  INFO 479 --- [qwen-managed-agent-server] [           main] o.f.core.internal.command.DbMigrate      : Migrating schema "public" to version "20 - managed tool publication"
2026-10-02T01:24:14.814Z  INFO 479 --- [qwen-managed-agent-server] [           main] o.f.core.internal.command.DbMigrate      : Migrating schema "public" to version "21 - managed tool publication objects"
2026-10-02T01:24:14.820Z  INFO 479 --- [qwen-managed-agent-server] [           main] o.f.core.internal.command.DbMigrate      : Migrating schema "public" to version "22 - managed tool publication recovery"
2026-10-02T01:24:14.821Z  INFO 479 --- [qwen-managed-agent-server] [           main] o.f.core.internal.command.DbMigrate      : Migrating schema "public" to version "23 - managed mcp records"
2026-10-02T01:24:14.821Z  INFO 479 --- [qwen-managed-agent-server] [           main] o.f.core.internal.command.DbMigrate      : Migrating schema "public" to version "24 - managed actions"
2026-10-02T01:24:14.824Z  INFO 479 --- [qwen-managed-agent-server] [           main] o.f.core.internal.command.DbMigrate      : Migrating schema "public" to version "25 - verified workspace mount"
2026-10-02T01:24:14.827Z  INFO 479 --- [qwen-managed-agent-server] [           main] o.f.core.internal.command.DbMigrate      : Migrating schema "public" to version "26 - managed tool result projection"
2026-10-02T01:24:14.828Z  INFO 479 --- [qwen-managed-agent-server] [           main] o.f.core.internal.command.DbMigrate      : Migrating schema "public" to version "27 - managed hook records"
2026-10-02T01:24:14.830Z  INFO 479 --- [qwen-managed-agent-server] [           main] o.f.core.internal.command.DbMigrate      : Migrating schema "public" to version "28 - workspace recovery bundle"
2026-10-02T01:24:14.830Z  INFO 479 --- [qwen-managed-agent-server] [           main] o.f.core.internal.command.DbMigrate      : Successfully applied 28 migrations to schema "public", now at version v28 (execution time 00:00.017s)
2026-10-02T01:24:14.868Z  INFO 479 --- [qwen-managed-agent-server] [           main] org.flywaydb.core.FlywayExecutor         : Database: jdbc:h2:mem:w1b-6be3e475-2ed4-4f5f-81ff-7457e862c4a8 (H2 2.3)
2026-10-02T01:24:14.871Z  INFO 479 --- [qwen-managed-agent-server] [           main] o.f.c.i.s.JdbcTableSchemaHistory         : Schema history table "public"."flyway_schema_history" does not exist yet
2026-10-02T01:24:14.871Z  INFO 479 --- [qwen-managed-agent-server] [           main] o.f.core.internal.command.DbValidate     : Successfully validated 28 migrations (execution time 00:00.002s)
2026-10-02T01:24:14.871Z  INFO 479 --- [qwen-managed-agent-server] [           main] o.f.c.i.s.JdbcTableSchemaHistory         : Creating Schema History table "public"."flyway_schema_history" ...
2026-10-02T01:24:14.872Z  INFO 479 --- [qwen-managed-agent-server] [           main] o.f.core.internal.command.DbMigrate      : Current version of schema "public": << Empty Schema >>
2026-10-02T01:24:14.873Z  INFO 479 --- [qwen-managed-agent-server] [           main] o.f.core.internal.command.DbMigrate      : Migrating schema "public" to version "1 - managed agent core"
2026-10-02T01:24:14.874Z  INFO 479 --- [qwen-managed-agent-server] [           main] o.f.core.internal.command.DbMigrate      : Migrating schema "public" to version "2 - managed agent projection"
2026-10-02T01:24:14.876Z  INFO 479 --- [qwen-managed-agent-server] [           main] o.f.core.internal.command.DbMigrate      : Migrating schema "public" to version "3 - runtime broker"
2026-10-02T01:24:14.877Z  INFO 479 --- [qwen-managed-agent-server] [           main] o.f.core.internal.command.DbMigrate      : Migrating schema "public" to version "4 - managed session store"
2026-10-02T01:24:14.878Z  INFO 479 --- [qwen-managed-agent-server] [           main] o.f.core.internal.command.DbMigrate      : Migrating schema "public" to version "5 - managed session lifecycle"
2026-10-02T01:24:14.880Z  INFO 479 --- [qwen-managed-agent-server] [           main] o.f.core.internal.command.DbMigrate      : Migrating schema "public" to version "6 - managed turn retry"
2026-10-02T01:24:14.882Z  INFO 479 --- [qwen-managed-agent-server] [           main] o.f.core.internal.command.DbMigrate      : Migrating schema "public" to version "7 - managed workspace binding"
2026-10-02T01:24:14.885Z  INFO 479 --- [qwen-managed-agent-server] [           main] o.f.core.internal.command.DbMigrate      : Migrating schema "public" to version "8 - managed workspace registry"
2026-10-02T01:24:14.886Z  INFO 479 --- [qwen-managed-agent-server] [           main] o.f.core.internal.command.DbMigrate      : Migrating schema "public" to version "9 - managed workspace creation command"
2026-10-02T01:24:14.887Z  INFO 479 --- [qwen-managed-agent-server] [           main] o.f.core.internal.command.DbMigrate      : Migrating schema "public" to version "10 - managed runtime context"
2026-10-02T01:24:14.888Z  INFO 479 --- [qwen-managed-agent-server] [           main] o.f.core.internal.command.DbMigrate      : Migrating schema "public" to version "11 - workspace execution"
2026-10-02T01:24:14.889Z  INFO 479 --- [qwen-managed-agent-server] [           main] o.f.core.internal.command.DbMigrate      : Migrating schema "public" to version "12 - runtime broker schema alignment"
2026-10-02T01:24:14.891Z  INFO 479 --- [qwen-managed-agent-server] [           main] o.f.core.internal.command.DbMigrate      : Migrating schema "public" to version "13 - managed session agent revision"
2026-10-02T01:24:14.892Z  INFO 479 --- [qwen-managed-agent-server] [           main] o.f.core.internal.command.DbMigrate      : Migrating schema "public" to version "14 - managed event replay"
2026-10-02T01:24:14.894Z  INFO 479 --- [qwen-managed-agent-server] [           main] o.f.core.internal.command.DbMigrate      : Migrating schema "public" to version "15 - managed event identity"
2026-10-02T01:24:14.895Z  INFO 479 --- [qwen-managed-agent-server] [           main] o.f.core.internal.command.DbMigrate      : Migrating schema "public" to version "16 - runtime loss evidence"
2026-10-02T01:24:14.897Z  INFO 479 --- [qwen-managed-agent-server] [           main] o.f.core.internal.command.DbMigrate      : Migrating schema "public" to version "17 - managed session operation"
2026-10-02T01:24:14.898Z  INFO 479 --- [qwen-managed-agent-server] [           main] o.f.core.internal.command.DbMigrate      : Migrating schema "public" to version "18 - managed extension record"
2026-10-02T01:24:14.899Z  INFO 479 --- [qwen-managed-agent-server] [           main] o.f.core.internal.command.DbMigrate      : Migrating schema "public" to version "19 - workspace operator recovery"
2026-10-02T01:24:14.900Z  INFO 479 --- [qwen-managed-agent-server] [           main] o.f.core.internal.command.DbMigrate      : Migrating schema "public" to version "20 - managed tool publication"
2026-10-02T01:24:14.901Z  INFO 479 --- [qwen-managed-agent-server] [           main] o.f.core.internal.command.DbMigrate      : Migrating schema "public" to version "21 - managed tool publication objects"
2026-10-02T01:24:14.905Z  INFO 479 --- [qwen-managed-agent-server] [           main] o.f.core.internal.command.DbMigrate      : Migrating schema "public" to version "22 - managed tool publication recovery"
2026-10-02T01:24:14.906Z  INFO 479 --- [qwen-managed-agent-server] [           main] o.f.core.internal.command.DbMigrate      : Migrating schema "public" to version "23 - managed mcp records"
2026-10-02T01:24:14.907Z  INFO 479 --- [qwen-managed-agent-server] [           main] o.f.core.internal.command.DbMigrate      : Migrating schema "public" to version "24 - managed actions"
2026-10-02T01:24:14.910Z  INFO 479 --- [qwen-managed-agent-server] [           main] o.f.core.internal.command.DbMigrate      : Migrating schema "public" to version "25 - verified workspace mount"
2026-10-02T01:24:14.912Z  INFO 479 --- [qwen-managed-agent-server] [           main] o.f.core.internal.command.DbMigrate      : Migrating schema "public" to version "26 - managed tool result projection"
2026-10-02T01:24:14.914Z  INFO 479 --- [qwen-managed-agent-server] [           main] o.f.core.internal.command.DbMigrate      : Migrating schema "public" to version "27 - managed hook records"
2026-10-02T01:24:14.915Z  INFO 479 --- [qwen-managed-agent-server] [           main] o.f.core.internal.command.DbMigrate      : Migrating schema "public" to version "28 - workspace recovery bundle"
2026-10-02T01:24:14.916Z  INFO 479 --- [qwen-managed-agent-server] [           main] o.f.core.internal.command.DbMigrate      : Successfully applied 28 migrations to schema "public", now at version v28 (execution time 00:00.013s)
2026-10-02T01:24:15.015Z  INFO 479 --- [qwen-managed-agent-server] [           main] org.flywaydb.core.FlywayExecutor         : Database: jdbc:h2:mem:w1b-ff5737b3-126d-4871-bf64-3d4dec78affa (H2 2.3)
2026-10-02T01:24:15.019Z  INFO 479 --- [qwen-managed-agent-server] [           main] o.f.c.i.s.JdbcTableSchemaHistory         : Schema history table "public"."flyway_schema_history" does not exist yet
2026-10-02T01:24:15.019Z  INFO 479 --- [qwen-managed-agent-server] [           main] o.f.core.internal.command.DbValidate     : Successfully validated 28 migrations (execution time 00:00.003s)
2026-10-02T01:24:15.023Z  INFO 479 --- [qwen-managed-agent-server] [           main] o.f.c.i.s.JdbcTableSchemaHistory         : Creating Schema History table "public"."flyway_schema_history" ...
2026-10-02T01:24:15.025Z  INFO 479 --- [qwen-managed-agent-server] [           main] o.f.core.internal.command.DbMigrate      : Current version of schema "public": << Empty Schema >>
2026-10-02T01:24:15.026Z  INFO 479 --- [qwen-managed-agent-server] [           main] o.f.core.internal.command.DbMigrate      : Migrating schema "public" to version "1 - managed agent core"
2026-10-02T01:24:15.027Z  INFO 479 --- [qwen-managed-agent-server] [           main] o.f.core.internal.command.DbMigrate      : Migrating schema "public" to version "2 - managed agent projection"
2026-10-02T01:24:15.030Z  INFO 479 --- [qwen-managed-agent-server] [           main] o.f.core.internal.command.DbMigrate      : Migrating schema "public" to version "3 - runtime broker"
2026-10-02T01:24:15.032Z  INFO 479 --- [qwen-managed-agent-server] [           main] o.f.core.internal.command.DbMigrate      : Migrating schema "public" to version "4 - managed session store"
2026-10-02T01:24:15.034Z  INFO 479 --- [qwen-managed-agent-server] [           main] o.f.core.internal.command.DbMigrate      : Migrating schema "public" to version "5 - managed session lifecycle"
2026-10-02T01:24:15.036Z  INFO 479 --- [qwen-managed-agent-server] [           main] o.f.core.internal.command.DbMigrate      : Migrating schema "public" to version "6 - managed turn retry"
2026-10-02T01:24:15.038Z  INFO 479 --- [qwen-managed-agent-server] [           main] o.f.core.internal.command.DbMigrate      : Migrating schema "public" to version "7 - managed workspace binding"
2026-10-02T01:24:15.043Z  INFO 479 --- [qwen-managed-agent-server] [           main] o.f.core.internal.command.DbMigrate      : Migrating schema "public" to version "8 - managed workspace registry"
2026-10-02T01:24:15.044Z  INFO 479 --- [qwen-managed-agent-server] [           main] o.f.core.internal.command.DbMigrate      : Migrating schema "public" to version "9 - managed workspace creation command"
2026-10-02T01:24:15.045Z  INFO 479 --- [qwen-managed-agent-server] [           main] o.f.core.internal.command.DbMigrate      : Migrating schema "public" to version "10 - managed runtime context"
2026-10-02T01:24:15.047Z  INFO 479 --- [qwen-managed-agent-server] [           main] o.f.core.internal.command.DbMigrate      : Migrating schema "public" to version "11 - workspace execution"
2026-10-02T01:24:15.051Z  INFO 479 --- [qwen-managed-agent-server] [           main] o.f.core.internal.command.DbMigrate      : Migrating schema "public" to version "12 - runtime broker schema alignment"
2026-10-02T01:24:15.053Z  INFO 479 --- [qwen-managed-agent-server] [           main] o.f.core.internal.command.DbMigrate      : Migrating schema "public" to version "13 - managed session agent revision"
2026-10-02T01:24:15.055Z  INFO 479 --- [qwen-managed-agent-server] [           main] o.f.core.internal.command.DbMigrate      : Migrating schema "public" to version "14 - managed event replay"
2026-10-02T01:24:15.060Z  INFO 479 --- [qwen-managed-agent-server] [           main] o.f.core.internal.command.DbMigrate      : Migrating schema "public" to version "15 - managed event identity"
2026-10-02T01:24:15.074Z  INFO 479 --- [qwen-managed-agent-server] [           main] o.f.core.internal.command.DbMigrate      : Migrating schema "public" to version "16 - runtime loss evidence"
2026-10-02T01:24:15.078Z  INFO 479 --- [qwen-managed-agent-server] [           main] o.f.core.internal.command.DbMigrate      : Migrating schema "public" to version "17 - managed session operation"
2026-10-02T01:24:15.082Z  INFO 479 --- [qwen-managed-agent-server] [           main] o.f.core.internal.command.DbMigrate      : Migrating schema "public" to version "18 - managed extension record"
2026-10-02T01:24:15.086Z  INFO 479 --- [qwen-managed-agent-server] [           main] o.f.core.internal.command.DbMigrate      : Migrating schema "public" to version "19 - workspace operator recovery"
2026-10-02T01:24:15.087Z  INFO 479 --- [qwen-managed-agent-server] [           main] o.f.core.internal.command.DbMigrate      : Migrating schema "public" to version "20 - managed tool publication"
2026-10-02T01:24:15.096Z  INFO 479 --- [qwen-managed-agent-server] [           main] o.f.core.internal.command.DbMigrate      : Migrating schema "public" to version "21 - managed tool publication objects"
2026-10-02T01:24:15.161Z  INFO 479 --- [qwen-managed-agent-server] [           main] o.f.core.internal.command.DbMigrate      : Migrating schema "public" to version "22 - managed tool publication recovery"
2026-10-02T01:24:15.163Z  INFO 479 --- [qwen-managed-agent-server] [           main] o.f.core.internal.command.DbMigrate      : Migrating schema "public" to version "23 - managed mcp records"
2026-10-02T01:24:15.163Z  INFO 479 --- [qwen-managed-agent-server] [           main] o.f.core.internal.command.DbMigrate      : Migrating schema "public" to version "24 - managed actions"
2026-10-02T01:24:15.175Z  INFO 479 --- [qwen-managed-agent-server] [           main] o.f.core.internal.command.DbMigrate      : Migrating schema "public" to version "25 - verified workspace mount"
2026-10-02T01:24:15.189Z  INFO 479 --- [qwen-managed-agent-server] [           main] o.f.core.internal.command.DbMigrate      : Migrating schema "public" to version "26 - managed tool result projection"
2026-10-02T01:24:15.193Z  INFO 479 --- [qwen-managed-agent-server] [           main] o.f.core.internal.command.DbMigrate      : Migrating schema "public" to version "27 - managed hook records"
2026-10-02T01:24:15.199Z  INFO 479 --- [qwen-managed-agent-server] [           main] o.f.core.internal.command.DbMigrate      : Migrating schema "public" to version "28 - workspace recovery bundle"
2026-10-02T01:24:15.206Z  INFO 479 --- [qwen-managed-agent-server] [           main] o.f.core.internal.command.DbMigrate      : Successfully applied 28 migrations to schema "public", now at version v28 (execution time 00:00.106s)
2026-10-02T01:24:15.262Z  INFO 479 --- [qwen-managed-agent-server] [           main] org.flywaydb.core.FlywayExecutor         : Database: jdbc:h2:mem:w1b-47f35c93-eb70-4389-b087-554971729596 (H2 2.3)
2026-10-02T01:24:15.300Z  INFO 479 --- [qwen-managed-agent-server] [           main] o.f.c.i.s.JdbcTableSchemaHistory         : Schema history table "public"."flyway_schema_history" does not exist yet
2026-10-02T01:24:15.300Z  INFO 479 --- [qwen-managed-agent-server] [           main] o.f.core.internal.command.DbValidate     : Successfully validated 28 migrations (execution time 00:00.036s)
2026-10-02T01:24:15.305Z  INFO 479 --- [qwen-managed-agent-server] [           main] o.f.c.i.s.JdbcTableSchemaHistory         : Creating Schema History table "public"."flyway_schema_history" ...
2026-10-02T01:24:15.307Z  INFO 479 --- [qwen-managed-agent-server] [           main] o.f.core.internal.command.DbMigrate      : Current version of schema "public": << Empty Schema >>
2026-10-02T01:24:15.310Z  INFO 479 --- [qwen-managed-agent-server] [           main] o.f.core.internal.command.DbMigrate      : Migrating schema "public" to version "1 - managed agent core"
2026-10-02T01:24:15.323Z  INFO 479 --- [qwen-managed-agent-server] [           main] o.f.core.internal.command.DbMigrate      : Migrating schema "public" to version "2 - managed agent projection"
2026-10-02T01:24:15.334Z  INFO 479 --- [qwen-managed-agent-server] [           main] o.f.core.internal.command.DbMigrate      : Migrating schema "public" to version "3 - runtime broker"
2026-10-02T01:24:15.336Z  INFO 479 --- [qwen-managed-agent-server] [           main] o.f.core.internal.command.DbMigrate      : Migrating schema "public" to version "4 - managed session store"
2026-10-02T01:24:15.337Z  INFO 479 --- [qwen-managed-agent-server] [           main] o.f.core.internal.command.DbMigrate      : Migrating schema "public" to version "5 - managed session lifecycle"
2026-10-02T01:24:15.339Z  INFO 479 --- [qwen-managed-agent-server] [           main] o.f.core.internal.command.DbMigrate      : Migrating schema "public" to version "6 - managed turn retry"
2026-10-02T01:24:15.340Z  INFO 479 --- [qwen-managed-agent-server] [           main] o.f.core.internal.command.DbMigrate      : Migrating schema "public" to version "7 - managed workspace binding"
2026-10-02T01:24:15.382Z  INFO 479 --- [qwen-managed-agent-server] [           main] o.f.core.internal.command.DbMigrate      : Migrating schema "public" to version "8 - managed workspace registry"
2026-10-02T01:24:15.386Z  INFO 479 --- [qwen-managed-agent-server] [           main] o.f.core.internal.command.DbMigrate      : Migrating schema "public" to version "9 - managed workspace creation command"
2026-10-02T01:24:15.403Z  INFO 479 --- [qwen-managed-agent-server] [           main] o.f.core.internal.command.DbMigrate      : Migrating schema "public" to version "10 - managed runtime context"
2026-10-02T01:24:15.405Z  INFO 479 --- [qwen-managed-agent-server] [           main] o.f.core.internal.command.DbMigrate      : Migrating schema "public" to version "11 - workspace execution"
2026-10-02T01:24:15.408Z  INFO 479 --- [qwen-managed-agent-server] [           main] o.f.core.internal.command.DbMigrate      : Migrating schema "public" to version "12 - runtime broker schema alignment"
2026-10-02T01:24:15.431Z  INFO 479 --- [qwen-managed-agent-server] [           main] o.f.core.internal.command.DbMigrate      : Migrating schema "public" to version "13 - managed session agent revision"
2026-10-02T01:24:15.433Z  INFO 479 --- [qwen-managed-agent-server] [           main] o.f.core.internal.command.DbMigrate      : Migrating schema "public" to version "14 - managed event replay"
2026-10-02T01:24:15.436Z  INFO 479 --- [qwen-managed-agent-server] [           main] o.f.core.internal.command.DbMigrate      : Migrating schema "public" to version "15 - managed event identity"
2026-10-02T01:24:15.437Z  INFO 479 --- [qwen-managed-agent-server] [           main] o.f.core.internal.command.DbMigrate      : Migrating schema "public" to version "16 - runtime loss evidence"
2026-10-02T01:24:15.439Z  INFO 479 --- [qwen-managed-agent-server] [           main] o.f.core.internal.command.DbMigrate      : Migrating schema "public" to version "17 - managed session operation"
2026-10-02T01:24:15.441Z  INFO 479 --- [qwen-managed-agent-server] [           main] o.f.core.internal.command.DbMigrate      : Migrating schema "public" to version "18 - managed extension record"
2026-10-02T01:24:15.442Z  INFO 479 --- [qwen-managed-agent-server] [           main] o.f.core.internal.command.DbMigrate      : Migrating schema "public" to version "19 - workspace operator recovery"
2026-10-02T01:24:15.443Z  INFO 479 --- [qwen-managed-agent-server] [           main] o.f.core.internal.command.DbMigrate      : Migrating schema "public" to version "20 - managed tool publication"
2026-10-02T01:24:15.444Z  INFO 479 --- [qwen-managed-agent-server] [           main] o.f.core.internal.command.DbMigrate      : Migrating schema "public" to version "21 - managed tool publication objects"
2026-10-02T01:24:15.449Z  INFO 479 --- [qwen-managed-agent-server] [           main] o.f.core.internal.command.DbMigrate      : Migrating schema "public" to version "22 - managed tool publication recovery"
2026-10-02T01:24:15.466Z  INFO 479 --- [qwen-managed-agent-server] [           main] o.f.core.internal.command.DbMigrate      : Migrating schema "public" to version "23 - managed mcp records"
2026-10-02T01:24:15.467Z  INFO 479 --- [qwen-managed-agent-server] [           main] o.f.core.internal.command.DbMigrate      : Migrating schema "public" to version "24 - managed actions"
2026-10-02T01:24:15.534Z  INFO 479 --- [qwen-managed-agent-server] [           main] o.f.core.internal.command.DbMigrate      : Migrating schema "public" to version "25 - verified workspace mount"
2026-10-02T01:24:15.537Z  INFO 479 --- [qwen-managed-agent-server] [           main] o.f.core.internal.command.DbMigrate      : Migrating schema "public" to version "26 - managed tool result projection"
2026-10-02T01:24:15.539Z  INFO 479 --- [qwen-managed-agent-server] [           main] o.f.core.internal.command.DbMigrate      : Migrating schema "public" to version "27 - managed hook records"
2026-10-02T01:24:15.540Z  INFO 479 --- [qwen-managed-agent-server] [           main] o.f.core.internal.command.DbMigrate      : Migrating schema "public" to version "28 - workspace recovery bundle"
2026-10-02T01:24:15.541Z  INFO 479 --- [qwen-managed-agent-server] [           main] o.f.core.internal.command.DbMigrate      : Successfully applied 28 migrations to schema "public", now at version v28 (execution time 00:00.185s)
2026-10-02T01:24:15.687Z  INFO 479 --- [qwen-managed-agent-server] [           main] org.flywaydb.core.FlywayExecutor         : Database: jdbc:h2:mem:w1b-e8879236-c565-4813-a5cf-87d4add07e01 (H2 2.3)
2026-10-02T01:24:15.693Z  INFO 479 --- [qwen-managed-agent-server] [           main] o.f.c.i.s.JdbcTableSchemaHistory         : Schema history table "public"."flyway_schema_history" does not exist yet
2026-10-02T01:24:15.694Z  INFO 479 --- [qwen-managed-agent-server] [           main] o.f.core.internal.command.DbValidate     : Successfully validated 28 migrations (execution time 00:00.004s)
2026-10-02T01:24:15.694Z  INFO 479 --- [qwen-managed-agent-server] [           main] o.f.c.i.s.JdbcTableSchemaHistory         : Creating Schema History table "public"."flyway_schema_history" ...
2026-10-02T01:24:15.695Z  INFO 479 --- [qwen-managed-agent-server] [           main] o.f.core.internal.command.DbMigrate      : Current version of schema "public": << Empty Schema >>
2026-10-02T01:24:15.696Z  INFO 479 --- [qwen-managed-agent-server] [           main] o.f.core.internal.command.DbMigrate      : Migrating schema "public" to version "1 - managed agent core"
2026-10-02T01:24:15.697Z  INFO 479 --- [qwen-managed-agent-server] [           main] o.f.core.internal.command.DbMigrate      : Migrating schema "public" to version "2 - managed agent projection"
2026-10-02T01:24:15.718Z  INFO 479 --- [qwen-managed-agent-server] [           main] o.f.core.internal.command.DbMigrate      : Migrating schema "public" to version "3 - runtime broker"
2026-10-02T01:24:15.720Z  INFO 479 --- [qwen-managed-agent-server] [           main] o.f.core.internal.command.DbMigrate      : Migrating schema "public" to version "4 - managed session store"
2026-10-02T01:24:15.721Z  INFO 479 --- [qwen-managed-agent-server] [           main] o.f.core.internal.command.DbMigrate      : Migrating schema "public" to version "5 - managed session lifecycle"
2026-10-02T01:24:15.722Z  WARN 479 --- [qwen-managed-agent-server] [    virtual-474] c.a.q.c.m.s.SessionLifecycleCoordinator  : Managed Session operation will retry tenant=tenant-extension session=1026c95e-990e-451b-a1f5-0a6df1c1260b operation=op_fd747a2a519844a2b05b3ca172ba2456 retry=2 delayMs=2000 failure=IllegalStateException A Harness still holds the Session's journal writer
2026-10-02T01:24:15.724Z  INFO 479 --- [qwen-managed-agent-server] [           main] o.f.core.internal.command.DbMigrate      : Migrating schema "public" to version "6 - managed turn retry"
2026-10-02T01:24:15.725Z  INFO 479 --- [qwen-managed-agent-server] [           main] o.f.core.internal.command.DbMigrate      : Migrating schema "public" to version "7 - managed workspace binding"
2026-10-02T01:24:15.729Z  INFO 479 --- [qwen-managed-agent-server] [           main] o.f.core.internal.command.DbMigrate      : Migrating schema "public" to version "8 - managed workspace registry"
2026-10-02T01:24:15.730Z  INFO 479 --- [qwen-managed-agent-server] [           main] o.f.core.internal.command.DbMigrate      : Migrating schema "public" to version "9 - managed workspace creation command"
2026-10-02T01:24:15.731Z  INFO 479 --- [qwen-managed-agent-server] [           main] o.f.core.internal.command.DbMigrate      : Migrating schema "public" to version "10 - managed runtime context"
2026-10-02T01:24:15.733Z  INFO 479 --- [qwen-managed-agent-server] [           main] o.f.core.internal.command.DbMigrate      : Migrating schema "public" to version "11 - workspace execution"
2026-10-02T01:24:15.733Z  INFO 479 --- [qwen-managed-agent-server] [           main] o.f.core.internal.command.DbMigrate      : Migrating schema "public" to version "12 - runtime broker schema alignment"
2026-10-02T01:24:15.735Z  INFO 479 --- [qwen-managed-agent-server] [           main] o.f.core.internal.command.DbMigrate      : Migrating schema "public" to version "13 - managed session agent revision"
2026-10-02T01:24:15.736Z  INFO 479 --- [qwen-managed-agent-server] [           main] o.f.core.internal.command.DbMigrate      : Migrating schema "public" to version "14 - managed event replay"
2026-10-02T01:24:15.738Z  INFO 479 --- [qwen-managed-agent-server] [           main] o.f.core.internal.command.DbMigrate      : Migrating schema "public" to version "15 - managed event identity"
2026-10-02T01:24:15.739Z  INFO 479 --- [qwen-managed-agent-server] [           main] o.f.core.internal.command.DbMigrate      : Migrating schema "public" to version "16 - runtime loss evidence"
2026-10-02T01:24:15.742Z  INFO 479 --- [qwen-managed-agent-server] [           main] o.f.core.internal.command.DbMigrate      : Migrating schema "public" to version "17 - managed session operation"
2026-10-02T01:24:15.745Z  INFO 479 --- [qwen-managed-agent-server] [           main] o.f.core.internal.command.DbMigrate      : Migrating schema "public" to version "18 - managed extension record"
2026-10-02T01:24:15.746Z  INFO 479 --- [qwen-managed-agent-server] [           main] o.f.core.internal.command.DbMigrate      : Migrating schema "public" to version "19 - workspace operator recovery"
2026-10-02T01:24:15.747Z  INFO 479 --- [qwen-managed-agent-server] [           main] o.f.core.internal.command.DbMigrate      : Migrating schema "public" to version "20 - managed tool publication"
2026-10-02T01:24:15.748Z  INFO 479 --- [qwen-managed-agent-server] [           main] o.f.core.internal.command.DbMigrate      : Migrating schema "public" to version "21 - managed tool publication objects"
2026-10-02T01:24:15.790Z  INFO 479 --- [qwen-managed-agent-server] [           main] o.f.core.internal.command.DbMigrate      : Migrating schema "public" to version "22 - managed tool publication recovery"
2026-10-02T01:24:15.791Z  INFO 479 --- [qwen-managed-agent-server] [           main] o.f.core.internal.command.DbMigrate      : Migrating schema "public" to version "23 - managed mcp records"
2026-10-02T01:24:15.794Z  INFO 479 --- [qwen-managed-agent-server] [           main] o.f.core.internal.command.DbMigrate      : Migrating schema "public" to version "24 - managed actions"
2026-10-02T01:24:15.799Z  INFO 479 --- [qwen-managed-agent-server] [           main] o.f.core.internal.command.DbMigrate      : Migrating schema "public" to version "25 - verified workspace mount"
2026-10-02T01:24:15.804Z  INFO 479 --- [qwen-managed-agent-server] [           main] o.f.core.internal.command.DbMigrate      : Migrating schema "public" to version "26 - managed tool result projection"
2026-10-02T01:24:15.806Z  INFO 479 --- [qwen-managed-agent-server] [           main] o.f.core.internal.command.DbMigrate      : Migrating schema "public" to version "27 - managed hook records"
2026-10-02T01:24:15.808Z  INFO 479 --- [qwen-managed-agent-server] [           main] o.f.core.internal.command.DbMigrate      : Migrating schema "public" to version "28 - workspace recovery bundle"
2026-10-02T01:24:15.808Z  INFO 479 --- [qwen-managed-agent-server] [           main] o.f.core.internal.command.DbMigrate      : Successfully applied 28 migrations to schema "public", now at version v28 (execution time 00:00.056s)
2026-10-02T01:24:15.912Z  INFO 479 --- [qwen-managed-agent-server] [           main] org.flywaydb.core.FlywayExecutor         : Database: jdbc:h2:mem:w1b-74fd2ef4-036b-499b-acbc-08c2c42ee4c5 (H2 2.3)
2026-10-02T01:24:15.983Z  INFO 479 --- [qwen-managed-agent-server] [           main] o.f.c.i.s.JdbcTableSchemaHistory         : Schema history table "public"."flyway_schema_history" does not exist yet
2026-10-02T01:24:15.983Z  INFO 479 --- [qwen-managed-agent-server] [           main] o.f.core.internal.command.DbValidate     : Successfully validated 28 migrations (execution time 00:00.069s)
2026-10-02T01:24:15.985Z  INFO 479 --- [qwen-managed-agent-server] [           main] o.f.c.i.s.JdbcTableSchemaHistory         : Creating Schema History table "public"."flyway_schema_history" ...
2026-10-02T01:24:15.986Z  INFO 479 --- [qwen-managed-agent-server] [           main] o.f.core.internal.command.DbMigrate      : Current version of schema "public": << Empty Schema >>
2026-10-02T01:24:15.987Z  INFO 479 --- [qwen-managed-agent-server] [           main] o.f.core.internal.command.DbMigrate      : Migrating schema "public" to version "1 - managed agent core"
2026-10-02T01:24:15.998Z  INFO 479 --- [qwen-managed-agent-server] [           main] o.f.core.internal.command.DbMigrate      : Migrating schema "public" to version "2 - managed agent projection"
2026-10-02T01:24:16.011Z  INFO 479 --- [qwen-managed-agent-server] [           main] o.f.core.internal.command.DbMigrate      : Migrating schema "public" to version "3 - runtime broker"
2026-10-02T01:24:16.021Z  INFO 479 --- [qwen-managed-agent-server] [           main] o.f.core.internal.command.DbMigrate      : Migrating schema "public" to version "4 - managed session store"
2026-10-02T01:24:16.022Z  INFO 479 --- [qwen-managed-agent-server] [           main] o.f.core.internal.command.DbMigrate      : Migrating schema "public" to version "5 - managed session lifecycle"
2026-10-02T01:24:16.024Z  INFO 479 --- [qwen-managed-agent-server] [           main] o.f.core.internal.command.DbMigrate      : Migrating schema "public" to version "6 - managed turn retry"
2026-10-02T01:24:16.026Z  INFO 479 --- [qwen-managed-agent-server] [           main] o.f.core.internal.command.DbMigrate      : Migrating schema "public" to version "7 - managed workspace binding"
2026-10-02T01:24:16.034Z  INFO 479 --- [qwen-managed-agent-server] [           main] o.f.core.internal.command.DbMigrate      : Migrating schema "public" to version "8 - managed workspace registry"
2026-10-02T01:24:16.035Z  INFO 479 --- [qwen-managed-agent-server] [           main] o.f.core.internal.command.DbMigrate      : Migrating schema "public" to version "9 - managed workspace creation command"
2026-10-02T01:24:16.036Z  INFO 479 --- [qwen-managed-agent-server] [           main] o.f.core.internal.command.DbMigrate      : Migrating schema "public" to version "10 - managed runtime context"
2026-10-02T01:24:16.038Z  INFO 479 --- [qwen-managed-agent-server] [           main] o.f.core.internal.command.DbMigrate      : Migrating schema "public" to version "11 - workspace execution"
2026-10-02T01:24:16.038Z  INFO 479 --- [qwen-managed-agent-server] [           main] o.f.core.internal.command.DbMigrate      : Migrating schema "public" to version "12 - runtime broker schema alignment"
2026-10-02T01:24:16.041Z  INFO 479 --- [qwen-managed-agent-server] [           main] o.f.core.internal.command.DbMigrate      : Migrating schema "public" to version "13 - managed session agent revision"
2026-10-02T01:24:16.051Z  INFO 479 --- [qwen-managed-agent-server] [           main] o.f.core.internal.command.DbMigrate      : Migrating schema "public" to version "14 - managed event replay"
2026-10-02T01:24:16.106Z  INFO 479 --- [qwen-managed-agent-server] [           main] o.f.core.internal.command.DbMigrate      : Migrating schema "public" to version "15 - managed event identity"
2026-10-02T01:24:16.107Z  INFO 479 --- [qwen-managed-agent-server] [           main] o.f.core.internal.command.DbMigrate      : Migrating schema "public" to version "16 - runtime loss evidence"
2026-10-02T01:24:16.110Z  INFO 479 --- [qwen-managed-agent-server] [           main] o.f.core.internal.command.DbMigrate      : Migrating schema "public" to version "17 - managed session operation"
2026-10-02T01:24:16.134Z  INFO 479 --- [qwen-managed-agent-server] [           main] o.f.core.internal.command.DbMigrate      : Migrating schema "public" to version "18 - managed extension record"
2026-10-02T01:24:16.138Z  INFO 479 --- [qwen-managed-agent-server] [           main] o.f.core.internal.command.DbMigrate      : Migrating schema "public" to version "19 - workspace operator recovery"
2026-10-02T01:24:16.139Z  INFO 479 --- [qwen-managed-agent-server] [           main] o.f.core.internal.command.DbMigrate      : Migrating schema "public" to version "20 - managed tool publication"
2026-10-02T01:24:16.141Z  INFO 479 --- [qwen-managed-agent-server] [           main] o.f.core.internal.command.DbMigrate      : Migrating schema "public" to version "21 - managed tool publication objects"
2026-10-02T01:24:16.149Z  INFO 479 --- [qwen-managed-agent-server] [           main] o.f.core.internal.command.DbMigrate      : Migrating schema "public" to version "22 - managed tool publication recovery"
2026-10-02T01:24:16.150Z  INFO 479 --- [qwen-managed-agent-server] [           main] o.f.core.internal.command.DbMigrate      : Migrating schema "public" to version "23 - managed mcp records"
2026-10-02T01:24:16.151Z  INFO 479 --- [qwen-managed-agent-server] [           main] o.f.core.internal.command.DbMigrate      : Migrating schema "public" to version "24 - managed actions"
2026-10-02T01:24:16.157Z  INFO 479 --- [qwen-managed-agent-server] [           main] o.f.core.internal.command.DbMigrate      : Migrating schema "public" to version "25 - verified workspace mount"
2026-10-02T01:24:16.160Z  INFO 479 --- [qwen-managed-agent-server] [           main] o.f.core.internal.command.DbMigrate      : Migrating schema "public" to version "26 - managed tool result projection"
2026-10-02T01:24:16.163Z  INFO 479 --- [qwen-managed-agent-server] [           main] o.f.core.internal.command.DbMigrate      : Migrating schema "public" to version "27 - managed hook records"
2026-10-02T01:24:16.164Z  INFO 479 --- [qwen-managed-agent-server] [           main] o.f.core.internal.command.DbMigrate      : Migrating schema "public" to version "28 - workspace recovery bundle"
2026-10-02T01:24:16.165Z  INFO 479 --- [qwen-managed-agent-server] [           main] o.f.core.internal.command.DbMigrate      : Successfully applied 28 migrations to schema "public", now at version v28 (execution time 00:00.112s)
[INFO] Tests run: 12, Failures: 0, Errors: 0, Skipped: 0, Time elapsed: 2.283 s -- in com.alibaba.qwen.code.managedagent.store.WorkspaceRecoveryStoreTest
[INFO] Running com.alibaba.qwen.code.managedagent.store.WorkspaceStorageGuardTest
2026-10-02T01:24:16.383Z  INFO 479 --- [qwen-managed-agent-server] [           main] org.flywaydb.core.FlywayExecutor         : Database: jdbc:h2:mem:w1-6f527668-3904-4e9c-a8dc-1e6defd98d99 (H2 2.3)
2026-10-02T01:24:16.401Z  INFO 479 --- [qwen-managed-agent-server] [           main] o.f.c.i.s.JdbcTableSchemaHistory         : Schema history table "public"."flyway_schema_history" does not exist yet
2026-10-02T01:24:16.401Z  INFO 479 --- [qwen-managed-agent-server] [           main] o.f.core.internal.command.DbValidate     : Successfully validated 28 migrations (execution time 00:00.012s)
2026-10-02T01:24:16.401Z  INFO 479 --- [qwen-managed-agent-server] [           main] o.f.c.i.s.JdbcTableSchemaHistory         : Creating Schema History table "public"."flyway_schema_history" ...
2026-10-02T01:24:16.457Z  INFO 479 --- [qwen-managed-agent-server] [           main] o.f.core.internal.command.DbMigrate      : Current version of schema "public": << Empty Schema >>
2026-10-02T01:24:16.459Z  INFO 479 --- [qwen-managed-agent-server] [           main] o.f.core.internal.command.DbMigrate      : Migrating schema "public" to version "1 - managed agent core"
2026-10-02T01:24:16.463Z  INFO 479 --- [qwen-managed-agent-server] [           main] o.f.core.internal.command.DbMigrate      : Migrating schema "public" to version "2 - managed agent projection"
2026-10-02T01:24:16.467Z  INFO 479 --- [qwen-managed-agent-server] [           main] o.f.core.internal.command.DbMigrate      : Migrating schema "public" to version "3 - runtime broker"
2026-10-02T01:24:16.509Z  INFO 479 --- [qwen-managed-agent-server] [           main] o.f.core.internal.command.DbMigrate      : Migrating schema "public" to version "4 - managed session store"
2026-10-02T01:24:16.511Z  INFO 479 --- [qwen-managed-agent-server] [           main] o.f.core.internal.command.DbMigrate      : Migrating schema "public" to version "5 - managed session lifecycle"
2026-10-02T01:24:16.514Z  INFO 479 --- [qwen-managed-agent-server] [           main] o.f.core.internal.command.DbMigrate      : Migrating schema "public" to version "6 - managed turn retry"
2026-10-02T01:24:16.516Z  INFO 479 --- [qwen-managed-agent-server] [           main] o.f.core.internal.command.DbMigrate      : Migrating schema "public" to version "7 - managed workspace binding"
2026-10-02T01:24:16.554Z  INFO 479 --- [qwen-managed-agent-server] [           main] o.f.core.internal.command.DbMigrate      : Migrating schema "public" to version "8 - managed workspace registry"
2026-10-02T01:24:16.561Z  INFO 479 --- [qwen-managed-agent-server] [           main] o.f.core.internal.command.DbMigrate      : Migrating schema "public" to version "9 - managed workspace creation command"
2026-10-02T01:24:16.587Z  INFO 479 --- [qwen-managed-agent-server] [           main] o.f.core.internal.command.DbMigrate      : Migrating schema "public" to version "10 - managed runtime context"
2026-10-02T01:24:16.594Z  INFO 479 --- [qwen-managed-agent-server] [           main] o.f.core.internal.command.DbMigrate      : Migrating schema "public" to version "11 - workspace execution"
2026-10-02T01:24:16.595Z  INFO 479 --- [qwen-managed-agent-server] [           main] o.f.core.internal.command.DbMigrate      : Migrating schema "public" to version "12 - runtime broker schema alignment"
2026-10-02T01:24:16.597Z  INFO 479 --- [qwen-managed-agent-server] [           main] o.f.core.internal.command.DbMigrate      : Migrating schema "public" to version "13 - managed session agent revision"
2026-10-02T01:24:16.600Z  INFO 479 --- [qwen-managed-agent-server] [           main] o.f.core.internal.command.DbMigrate      : Migrating schema "public" to version "14 - managed event replay"
2026-10-02T01:24:16.628Z  INFO 479 --- [qwen-managed-agent-server] [           main] o.f.core.internal.command.DbMigrate      : Migrating schema "public" to version "15 - managed event identity"
2026-10-02T01:24:16.633Z  INFO 479 --- [qwen-managed-agent-server] [           main] o.f.core.internal.command.DbMigrate      : Migrating schema "public" to version "16 - runtime loss evidence"
2026-10-02T01:24:16.648Z  INFO 479 --- [qwen-managed-agent-server] [           main] o.f.core.internal.command.DbMigrate      : Migrating schema "public" to version "17 - managed session operation"
2026-10-02T01:24:16.659Z  INFO 479 --- [qwen-managed-agent-server] [           main] o.f.core.internal.command.DbMigrate      : Migrating schema "public" to version "18 - managed extension record"
2026-10-02T01:24:16.671Z  INFO 479 --- [qwen-managed-agent-server] [           main] o.f.core.internal.command.DbMigrate      : Migrating schema "public" to version "19 - workspace operator recovery"
2026-10-02T01:24:16.672Z  INFO 479 --- [qwen-managed-agent-server] [           main] o.f.core.internal.command.DbMigrate      : Migrating schema "public" to version "20 - managed tool publication"
2026-10-02T01:24:16.673Z  INFO 479 --- [qwen-managed-agent-server] [           main] o.f.core.internal.command.DbMigrate      : Migrating schema "public" to version "21 - managed tool publication objects"
2026-10-02T01:24:16.712Z  INFO 479 --- [qwen-managed-agent-server] [           main] o.f.core.internal.command.DbMigrate      : Migrating schema "public" to version "22 - managed tool publication recovery"
2026-10-02T01:24:16.722Z  INFO 479 --- [qwen-managed-agent-server] [           main] o.f.core.internal.command.DbMigrate      : Migrating schema "public" to version "23 - managed mcp records"
2026-10-02T01:24:16.723Z  INFO 479 --- [qwen-managed-agent-server] [           main] o.f.core.internal.command.DbMigrate      : Migrating schema "public" to version "24 - managed actions"
2026-10-02T01:24:16.729Z  INFO 479 --- [qwen-managed-agent-server] [           main] o.f.core.internal.command.DbMigrate      : Migrating schema "public" to version "25 - verified workspace mount"
2026-10-02T01:24:16.744Z  INFO 479 --- [qwen-managed-agent-server] [           main] o.f.core.internal.command.DbMigrate      : Migrating schema "public" to version "26 - managed tool result projection"
2026-10-02T01:24:16.748Z  INFO 479 --- [qwen-managed-agent-server] [           main] o.f.core.internal.command.DbMigrate      : Migrating schema "public" to version "27 - managed hook records"
2026-10-02T01:24:16.749Z  INFO 479 --- [qwen-managed-agent-server] [           main] o.f.core.internal.command.DbMigrate      : Migrating schema "public" to version "28 - workspace recovery bundle"
2026-10-02T01:24:16.750Z  INFO 479 --- [qwen-managed-agent-server] [           main] o.f.core.internal.command.DbMigrate      : Successfully applied 28 migrations to schema "public", now at version v28 (execution time 00:00.150s)
2026-10-02T01:24:16.838Z  INFO 479 --- [qwen-managed-agent-server] [           main] org.flywaydb.core.FlywayExecutor         : Database: jdbc:h2:mem:w1-f4098bd2-fe35-4922-bad5-eb79990d245a (H2 2.3)
2026-10-02T01:24:16.844Z  INFO 479 --- [qwen-managed-agent-server] [           main] o.f.c.i.s.JdbcTableSchemaHistory         : Schema history table "public"."flyway_schema_history" does not exist yet
2026-10-02T01:24:16.844Z  INFO 479 --- [qwen-managed-agent-server] [           main] o.f.core.internal.command.DbValidate     : Successfully validated 28 migrations (execution time 00:00.004s)
2026-10-02T01:24:16.844Z  INFO 479 --- [qwen-managed-agent-server] [           main] o.f.c.i.s.JdbcTableSchemaHistory         : Creating Schema History table "public"."flyway_schema_history" ...
2026-10-02T01:24:16.845Z  INFO 479 --- [qwen-managed-agent-server] [           main] o.f.core.internal.command.DbMigrate      : Current version of schema "public": << Empty Schema >>
2026-10-02T01:24:16.846Z  INFO 479 --- [qwen-managed-agent-server] [           main] o.f.core.internal.command.DbMigrate      : Migrating schema "public" to version "1 - managed agent core"
2026-10-02T01:24:16.847Z  INFO 479 --- [qwen-managed-agent-server] [           main] o.f.core.internal.command.DbMigrate      : Migrating schema "public" to version "2 - managed agent projection"
2026-10-02T01:24:16.849Z  INFO 479 --- [qwen-managed-agent-server] [           main] o.f.core.internal.command.DbMigrate      : Migrating schema "public" to version "3 - runtime broker"
2026-10-02T01:24:16.851Z  INFO 479 --- [qwen-managed-agent-server] [           main] o.f.core.internal.command.DbMigrate      : Migrating schema "public" to version "4 - managed session store"
2026-10-02T01:24:16.853Z  INFO 479 --- [qwen-managed-agent-server] [           main] o.f.core.internal.command.DbMigrate      : Migrating schema "public" to version "5 - managed session lifecycle"
2026-10-02T01:24:16.856Z  INFO 479 --- [qwen-managed-agent-server] [           main] o.f.core.internal.command.DbMigrate      : Migrating schema "public" to version "6 - managed turn retry"
2026-10-02T01:24:16.858Z  INFO 479 --- [qwen-managed-agent-server] [           main] o.f.core.internal.command.DbMigrate      : Migrating schema "public" to version "7 - managed workspace binding"
2026-10-02T01:24:16.866Z  INFO 479 --- [qwen-managed-agent-server] [           main] o.f.core.internal.command.DbMigrate      : Migrating schema "public" to version "8 - managed workspace registry"
2026-10-02T01:24:16.867Z  INFO 479 --- [qwen-managed-agent-server] [           main] o.f.core.internal.command.DbMigrate      : Migrating schema "public" to version "9 - managed workspace creation command"
2026-10-02T01:24:16.868Z  INFO 479 --- [qwen-managed-agent-server] [           main] o.f.core.internal.command.DbMigrate      : Migrating schema "public" to version "10 - managed runtime context"
2026-10-02T01:24:16.871Z  INFO 479 --- [qwen-managed-agent-server] [           main] o.f.core.internal.command.DbMigrate      : Migrating schema "public" to version "11 - workspace execution"
2026-10-02T01:24:16.871Z  INFO 479 --- [qwen-managed-agent-server] [           main] o.f.core.internal.command.DbMigrate      : Migrating schema "public" to version "12 - runtime broker schema alignment"
2026-10-02T01:24:16.874Z  INFO 479 --- [qwen-managed-agent-server] [           main] o.f.core.internal.command.DbMigrate      : Migrating schema "public" to version "13 - managed session agent revision"
2026-10-02T01:24:16.877Z  INFO 479 --- [qwen-managed-agent-server] [           main] o.f.core.internal.command.DbMigrate      : Migrating schema "public" to version "14 - managed event replay"
2026-10-02T01:24:16.879Z  INFO 479 --- [qwen-managed-agent-server] [           main] o.f.core.internal.command.DbMigrate      : Migrating schema "public" to version "15 - managed event identity"
2026-10-02T01:24:16.880Z  INFO 479 --- [qwen-managed-agent-server] [           main] o.f.core.internal.command.DbMigrate      : Migrating schema "public" to version "16 - runtime loss evidence"
2026-10-02T01:24:16.885Z  INFO 479 --- [qwen-managed-agent-server] [           main] o.f.core.internal.command.DbMigrate      : Migrating schema "public" to version "17 - managed session operation"
2026-10-02T01:24:16.886Z  INFO 479 --- [qwen-managed-agent-server] [           main] o.f.core.internal.command.DbMigrate      : Migrating schema "public" to version "18 - managed extension record"
2026-10-02T01:24:16.890Z  INFO 479 --- [qwen-managed-agent-server] [           main] o.f.core.internal.command.DbMigrate      : Migrating schema "public" to version "19 - workspace operator recovery"
2026-10-02T01:24:16.892Z  INFO 479 --- [qwen-managed-agent-server] [           main] o.f.core.internal.command.DbMigrate      : Migrating schema "public" to version "20 - managed tool publication"
2026-10-02T01:24:16.894Z  INFO 479 --- [qwen-managed-agent-server] [           main] o.f.core.internal.command.DbMigrate      : Migrating schema "public" to version "21 - managed tool publication objects"
2026-10-02T01:24:16.904Z  INFO 479 --- [qwen-managed-agent-server] [           main] o.f.core.internal.command.DbMigrate      : Migrating schema "public" to version "22 - managed tool publication recovery"
2026-10-02T01:24:16.905Z  INFO 479 --- [qwen-managed-agent-server] [           main] o.f.core.internal.command.DbMigrate      : Migrating schema "public" to version "23 - managed mcp records"
2026-10-02T01:24:16.906Z  INFO 479 --- [qwen-managed-agent-server] [           main] o.f.core.internal.command.DbMigrate      : Migrating schema "public" to version "24 - managed actions"
2026-10-02T01:24:16.909Z  INFO 479 --- [qwen-managed-agent-server] [           main] o.f.core.internal.command.DbMigrate      : Migrating schema "public" to version "25 - verified workspace mount"
2026-10-02T01:24:16.915Z  INFO 479 --- [qwen-managed-agent-server] [           main] o.f.core.internal.command.DbMigrate      : Migrating schema "public" to version "26 - managed tool result projection"
2026-10-02T01:24:16.917Z  INFO 479 --- [qwen-managed-agent-server] [           main] o.f.core.internal.command.DbMigrate      : Migrating schema "public" to version "27 - managed hook records"
2026-10-02T01:24:16.920Z  INFO 479 --- [qwen-managed-agent-server] [           main] o.f.core.internal.command.DbMigrate      : Migrating schema "public" to version "28 - workspace recovery bundle"
2026-10-02T01:24:16.920Z  INFO 479 --- [qwen-managed-agent-server] [           main] o.f.core.internal.command.DbMigrate      : Successfully applied 28 migrations to schema "public", now at version v28 (execution time 00:00.034s)
2026-10-02T01:24:16.977Z  INFO 479 --- [qwen-managed-agent-server] [           main] org.flywaydb.core.FlywayExecutor         : Database: jdbc:h2:mem:w1-f74e733a-c060-4ee5-aeb9-3f945452b09d (H2 2.3)
2026-10-02T01:24:16.980Z  INFO 479 --- [qwen-managed-agent-server] [           main] o.f.c.i.s.JdbcTableSchemaHistory         : Schema history table "public"."flyway_schema_history" does not exist yet
2026-10-02T01:24:16.980Z  INFO 479 --- [qwen-managed-agent-server] [           main] o.f.core.internal.command.DbValidate     : Successfully validated 28 migrations (execution time 00:00.002s)
2026-10-02T01:24:16.981Z  INFO 479 --- [qwen-managed-agent-server] [           main] o.f.c.i.s.JdbcTableSchemaHistory         : Creating Schema History table "public"."flyway_schema_history" ...
2026-10-02T01:24:16.981Z  INFO 479 --- [qwen-managed-agent-server] [           main] o.f.core.internal.command.DbMigrate      : Current version of schema "public": << Empty Schema >>
2026-10-02T01:24:16.982Z  INFO 479 --- [qwen-managed-agent-server] [           main] o.f.core.internal.command.DbMigrate      : Migrating schema "public" to version "1 - managed agent core"
2026-10-02T01:24:16.984Z  INFO 479 --- [qwen-managed-agent-server] [           main] o.f.core.internal.command.DbMigrate      : Migrating schema "public" to version "2 - managed agent projection"
2026-10-02T01:24:17.050Z  INFO 479 --- [qwen-managed-agent-server] [           main] o.f.core.internal.command.DbMigrate      : Migrating schema "public" to version "3 - runtime broker"
2026-10-02T01:24:17.056Z  INFO 479 --- [qwen-managed-agent-server] [           main] o.f.core.internal.command.DbMigrate      : Migrating schema "public" to version "4 - managed session store"
2026-10-02T01:24:17.060Z  INFO 479 --- [qwen-managed-agent-server] [           main] o.f.core.internal.command.DbMigrate      : Migrating schema "public" to version "5 - managed session lifecycle"
2026-10-02T01:24:17.072Z  INFO 479 --- [qwen-managed-agent-server] [           main] o.f.core.internal.command.DbMigrate      : Migrating schema "public" to version "6 - managed turn retry"
2026-10-02T01:24:17.080Z  INFO 479 --- [qwen-managed-agent-server] [           main] o.f.core.internal.command.DbMigrate      : Migrating schema "public" to version "7 - managed workspace binding"
2026-10-02T01:24:17.092Z  INFO 479 --- [qwen-managed-agent-server] [           main] o.f.core.internal.command.DbMigrate      : Migrating schema "public" to version "8 - managed workspace registry"
2026-10-02T01:24:17.094Z  INFO 479 --- [qwen-managed-agent-server] [           main] o.f.core.internal.command.DbMigrate      : Migrating schema "public" to version "9 - managed workspace creation command"
2026-10-02T01:24:17.098Z  INFO 479 --- [qwen-managed-agent-server] [           main] o.f.core.internal.command.DbMigrate      : Migrating schema "public" to version "10 - managed runtime context"
2026-10-02T01:24:17.100Z  INFO 479 --- [qwen-managed-agent-server] [           main] o.f.core.internal.command.DbMigrate      : Migrating schema "public" to version "11 - workspace execution"
2026-10-02T01:24:17.102Z  INFO 479 --- [qwen-managed-agent-server] [           main] o.f.core.internal.command.DbMigrate      : Migrating schema "public" to version "12 - runtime broker schema alignment"
2026-10-02T01:24:17.109Z  INFO 479 --- [qwen-managed-agent-server] [           main] o.f.core.internal.command.DbMigrate      : Migrating schema "public" to version "13 - managed session agent revision"
2026-10-02T01:24:17.116Z  INFO 479 --- [qwen-managed-agent-server] [           main] o.f.core.internal.command.DbMigrate      : Migrating schema "public" to version "14 - managed event replay"
2026-10-02T01:24:17.121Z  INFO 479 --- [qwen-managed-agent-server] [           main] o.f.core.internal.command.DbMigrate      : Migrating schema "public" to version "15 - managed event identity"
2026-10-02T01:24:17.123Z  INFO 479 --- [qwen-managed-agent-server] [           main] o.f.core.internal.command.DbMigrate      : Migrating schema "public" to version "16 - runtime loss evidence"
2026-10-02T01:24:17.129Z  INFO 479 --- [qwen-managed-agent-server] [           main] o.f.core.internal.command.DbMigrate      : Migrating schema "public" to version "17 - managed session operation"
2026-10-02T01:24:17.134Z  INFO 479 --- [qwen-managed-agent-server] [           main] o.f.core.internal.command.DbMigrate      : Migrating schema "public" to version "18 - managed extension record"
2026-10-02T01:24:17.135Z  INFO 479 --- [qwen-managed-agent-server] [           main] o.f.core.internal.command.DbMigrate      : Migrating schema "public" to version "19 - workspace operator recovery"
2026-10-02T01:24:17.143Z  INFO 479 --- [qwen-managed-agent-server] [           main] o.f.core.internal.command.DbMigrate      : Migrating schema "public" to version "20 - managed tool publication"
2026-10-02T01:24:17.150Z  INFO 479 --- [qwen-managed-agent-server] [           main] o.f.core.internal.command.DbMigrate      : Migrating schema "public" to version "21 - managed tool publication objects"
2026-10-02T01:24:17.170Z  INFO 479 --- [qwen-managed-agent-server] [           main] o.f.core.internal.command.DbMigrate      : Migrating schema "public" to version "22 - managed tool publication recovery"
2026-10-02T01:24:17.171Z  INFO 479 --- [qwen-managed-agent-server] [           main] o.f.core.internal.command.DbMigrate      : Migrating schema "public" to version "23 - managed mcp records"
2026-10-02T01:24:17.174Z  INFO 479 --- [qwen-managed-agent-server] [           main] o.f.core.internal.command.DbMigrate      : Migrating schema "public" to version "24 - managed actions"
2026-10-02T01:24:17.230Z  INFO 479 --- [qwen-managed-agent-server] [           main] o.f.core.internal.command.DbMigrate      : Migrating schema "public" to version "25 - verified workspace mount"
2026-10-02T01:24:17.253Z  INFO 479 --- [qwen-managed-agent-server] [           main] o.f.core.internal.command.DbMigrate      : Migrating schema "public" to version "26 - managed tool result projection"
2026-10-02T01:24:17.283Z  INFO 479 --- [qwen-managed-agent-server] [           main] o.f.core.internal.command.DbMigrate      : Migrating schema "public" to version "27 - managed hook records"
2026-10-02T01:24:17.284Z  INFO 479 --- [qwen-managed-agent-server] [           main] o.f.core.internal.command.DbMigrate      : Migrating schema "public" to version "28 - workspace recovery bundle"
2026-10-02T01:24:17.285Z  INFO 479 --- [qwen-managed-agent-server] [           main] o.f.core.internal.command.DbMigrate      : Successfully applied 28 migrations to schema "public", now at version v28 (execution time 00:00.127s)
2026-10-02T01:24:17.397Z  INFO 479 --- [qwen-managed-agent-server] [           main] org.flywaydb.core.FlywayExecutor         : Database: jdbc:h2:mem:w1-f84b010b-ee23-4d09-8529-d3c566da37b6 (H2 2.3)
2026-10-02T01:24:17.416Z  INFO 479 --- [qwen-managed-agent-server] [           main] o.f.c.i.s.JdbcTableSchemaHistory         : Schema history table "public"."flyway_schema_history" does not exist yet
2026-10-02T01:24:17.417Z  INFO 479 --- [qwen-managed-agent-server] [           main] o.f.core.internal.command.DbValidate     : Successfully validated 28 migrations (execution time 00:00.018s)
2026-10-02T01:24:17.417Z  INFO 479 --- [qwen-managed-agent-server] [           main] o.f.c.i.s.JdbcTableSchemaHistory         : Creating Schema History table "public"."flyway_schema_history" ...
2026-10-02T01:24:17.418Z  INFO 479 --- [qwen-managed-agent-server] [           main] o.f.core.internal.command.DbMigrate      : Current version of schema "public": << Empty Schema >>
2026-10-02T01:24:17.419Z  INFO 479 --- [qwen-managed-agent-server] [           main] o.f.core.internal.command.DbMigrate      : Migrating schema "public" to version "1 - managed agent core"
2026-10-02T01:24:17.420Z  INFO 479 --- [qwen-managed-agent-server] [           main] o.f.core.internal.command.DbMigrate      : Migrating schema "public" to version "2 - managed agent projection"
2026-10-02T01:24:17.448Z  INFO 479 --- [qwen-managed-agent-server] [           main] o.f.core.internal.command.DbMigrate      : Migrating schema "public" to version "3 - runtime broker"
2026-10-02T01:24:17.455Z  INFO 479 --- [qwen-managed-agent-server] [           main] o.f.core.internal.command.DbMigrate      : Migrating schema "public" to version "4 - managed session store"
2026-10-02T01:24:17.456Z  INFO 479 --- [qwen-managed-agent-server] [           main] o.f.core.internal.command.DbMigrate      : Migrating schema "public" to version "5 - managed session lifecycle"
2026-10-02T01:24:17.458Z  INFO 479 --- [qwen-managed-agent-server] [           main] o.f.core.internal.command.DbMigrate      : Migrating schema "public" to version "6 - managed turn retry"
2026-10-02T01:24:17.459Z  INFO 479 --- [qwen-managed-agent-server] [           main] o.f.core.internal.command.DbMigrate      : Migrating schema "public" to version "7 - managed workspace binding"
2026-10-02T01:24:17.487Z  INFO 479 --- [qwen-managed-agent-server] [           main] o.f.core.internal.command.DbMigrate      : Migrating schema "public" to version "8 - managed workspace registry"
2026-10-02T01:24:17.489Z  INFO 479 --- [qwen-managed-agent-server] [           main] o.f.core.internal.command.DbMigrate      : Migrating schema "public" to version "9 - managed workspace creation command"
2026-10-02T01:24:17.490Z  INFO 479 --- [qwen-managed-agent-server] [           main] o.f.core.internal.command.DbMigrate      : Migrating schema "public" to version "10 - managed runtime context"
2026-10-02T01:24:17.491Z  INFO 479 --- [qwen-managed-agent-server] [           main] o.f.core.internal.command.DbMigrate      : Migrating schema "public" to version "11 - workspace execution"
2026-10-02T01:24:17.515Z  INFO 479 --- [qwen-managed-agent-server] [           main] o.f.core.internal.command.DbMigrate      : Migrating schema "public" to version "12 - runtime broker schema alignment"
2026-10-02T01:24:17.539Z  INFO 479 --- [qwen-managed-agent-server] [           main] o.f.core.internal.command.DbMigrate      : Migrating schema "public" to version "13 - managed session agent revision"
2026-10-02T01:24:17.540Z  INFO 479 --- [qwen-managed-agent-server] [           main] o.f.core.internal.command.DbMigrate      : Migrating schema "public" to version "14 - managed event replay"
2026-10-02T01:24:17.543Z  INFO 479 --- [qwen-managed-agent-server] [           main] o.f.core.internal.command.DbMigrate      : Migrating schema "public" to version "15 - managed event identity"
2026-10-02T01:24:17.544Z  INFO 479 --- [qwen-managed-agent-server] [           main] o.f.core.internal.command.DbMigrate      : Migrating schema "public" to version "16 - runtime loss evidence"
2026-10-02T01:24:17.553Z  INFO 479 --- [qwen-managed-agent-server] [           main] o.f.core.internal.command.DbMigrate      : Migrating schema "public" to version "17 - managed session operation"
2026-10-02T01:24:17.557Z  INFO 479 --- [qwen-managed-agent-server] [           main] o.f.core.internal.command.DbMigrate      : Migrating schema "public" to version "18 - managed extension record"
2026-10-02T01:24:17.558Z  INFO 479 --- [qwen-managed-agent-server] [           main] o.f.core.internal.command.DbMigrate      : Migrating schema "public" to version "19 - workspace operator recovery"
2026-10-02T01:24:17.563Z  INFO 479 --- [qwen-managed-agent-server] [           main] o.f.core.internal.command.DbMigrate      : Migrating schema "public" to version "20 - managed tool publication"
2026-10-02T01:24:17.569Z  INFO 479 --- [qwen-managed-agent-server] [           main] o.f.core.internal.command.DbMigrate      : Migrating schema "public" to version "21 - managed tool publication objects"
2026-10-02T01:24:17.582Z  INFO 479 --- [qwen-managed-agent-server] [           main] o.f.core.internal.command.DbMigrate      : Migrating schema "public" to version "22 - managed tool publication recovery"
2026-10-02T01:24:17.584Z  INFO 479 --- [qwen-managed-agent-server] [           main] o.f.core.internal.command.DbMigrate      : Migrating schema "public" to version "23 - managed mcp records"
2026-10-02T01:24:17.585Z  INFO 479 --- [qwen-managed-agent-server] [           main] o.f.core.internal.command.DbMigrate      : Migrating schema "public" to version "24 - managed actions"
2026-10-02T01:24:17.590Z  INFO 479 --- [qwen-managed-agent-server] [           main] o.f.core.internal.command.DbMigrate      : Migrating schema "public" to version "25 - verified workspace mount"
2026-10-02T01:24:17.594Z  INFO 479 --- [qwen-managed-agent-server] [           main] o.f.core.internal.command.DbMigrate      : Migrating schema "public" to version "26 - managed tool result projection"
2026-10-02T01:24:17.598Z  INFO 479 --- [qwen-managed-agent-server] [           main] o.f.core.internal.command.DbMigrate      : Migrating schema "public" to version "27 - managed hook records"
2026-10-02T01:24:17.600Z  INFO 479 --- [qwen-managed-agent-server] [           main] o.f.core.internal.command.DbMigrate      : Migrating schema "public" to version "28 - workspace recovery bundle"
2026-10-02T01:24:17.601Z  INFO 479 --- [qwen-managed-agent-server] [           main] o.f.core.internal.command.DbMigrate      : Successfully applied 28 migrations to schema "public", now at version v28 (execution time 00:00.110s)
2026-10-02T01:24:17.678Z  INFO 479 --- [qwen-managed-agent-server] [           main] org.flywaydb.core.FlywayExecutor         : Database: jdbc:h2:mem:w1-16aa1640-3d83-4c00-9988-944251e29d08 (H2 2.3)
2026-10-02T01:24:17.689Z  INFO 479 --- [qwen-managed-agent-server] [           main] o.f.c.i.s.JdbcTableSchemaHistory         : Schema history table "public"."flyway_schema_history" does not exist yet
2026-10-02T01:24:17.690Z  INFO 479 --- [qwen-managed-agent-server] [           main] o.f.core.internal.command.DbValidate     : Successfully validated 28 migrations (execution time 00:00.002s)
2026-10-02T01:24:17.690Z  INFO 479 --- [qwen-managed-agent-server] [           main] o.f.c.i.s.JdbcTableSchemaHistory         : Creating Schema History table "public"."flyway_schema_history" ...
2026-10-02T01:24:17.691Z  INFO 479 --- [qwen-managed-agent-server] [           main] o.f.core.internal.command.DbMigrate      : Current version of schema "public": << Empty Schema >>
2026-10-02T01:24:17.691Z  INFO 479 --- [qwen-managed-agent-server] [           main] o.f.core.internal.command.DbMigrate      : Migrating schema "public" to version "1 - managed agent core"
2026-10-02T01:24:17.697Z  INFO 479 --- [qwen-managed-agent-server] [           main] o.f.core.internal.command.DbMigrate      : Migrating schema "public" to version "2 - managed agent projection"
2026-10-02T01:24:17.699Z  INFO 479 --- [qwen-managed-agent-server] [           main] o.f.core.internal.command.DbMigrate      : Migrating schema "public" to version "3 - runtime broker"
2026-10-02T01:24:17.703Z  INFO 479 --- [qwen-managed-agent-server] [           main] o.f.core.internal.command.DbMigrate      : Migrating schema "public" to version "4 - managed session store"
2026-10-02T01:24:17.709Z  INFO 479 --- [qwen-managed-agent-server] [           main] o.f.core.internal.command.DbMigrate      : Migrating schema "public" to version "5 - managed session lifecycle"
2026-10-02T01:24:17.710Z  INFO 479 --- [qwen-managed-agent-server] [           main] o.f.core.internal.command.DbMigrate      : Migrating schema "public" to version "6 - managed turn retry"
2026-10-02T01:24:17.712Z  INFO 479 --- [qwen-managed-agent-server] [           main] o.f.core.internal.command.DbMigrate      : Migrating schema "public" to version "7 - managed workspace binding"
2026-10-02T01:24:17.716Z  INFO 479 --- [qwen-managed-agent-server] [           main] o.f.core.internal.command.DbMigrate      : Migrating schema "public" to version "8 - managed workspace registry"
2026-10-02T01:24:17.717Z  INFO 479 --- [qwen-managed-agent-server] [           main] o.f.core.internal.command.DbMigrate      : Migrating schema "public" to version "9 - managed workspace creation command"
2026-10-02T01:24:17.718Z  INFO 479 --- [qwen-managed-agent-server] [           main] o.f.core.internal.command.DbMigrate      : Migrating schema "public" to version "10 - managed runtime context"
2026-10-02T01:24:17.719Z  INFO 479 --- [qwen-managed-agent-server] [           main] o.f.core.internal.command.DbMigrate      : Migrating schema "public" to version "11 - workspace execution"
2026-10-02T01:24:17.720Z  INFO 479 --- [qwen-managed-agent-server] [           main] o.f.core.internal.command.DbMigrate      : Migrating schema "public" to version "12 - runtime broker schema alignment"
2026-10-02T01:24:17.724Z  INFO 479 --- [qwen-managed-agent-server] [           main] o.f.core.internal.command.DbMigrate      : Migrating schema "public" to version "13 - managed session agent revision"
2026-10-02T01:24:17.726Z  INFO 479 --- [qwen-managed-agent-server] [           main] o.f.core.internal.command.DbMigrate      : Migrating schema "public" to version "14 - managed event replay"
2026-10-02T01:24:17.750Z  WARN 479 --- [qwen-managed-agent-server] [    virtual-475] c.a.q.c.m.s.SessionLifecycleCoordinator  : Managed Session operation will retry tenant=tenant-extension session=1026c95e-990e-451b-a1f5-0a6df1c1260b operation=op_fd747a2a519844a2b05b3ca172ba2456 retry=3 delayMs=4000 failure=IllegalStateException A Harness still holds the Session's journal writer
2026-10-02T01:24:17.766Z  INFO 479 --- [qwen-managed-agent-server] [           main] o.f.core.internal.command.DbMigrate      : Migrating schema "public" to version "15 - managed event identity"
2026-10-02T01:24:17.767Z  INFO 479 --- [qwen-managed-agent-server] [           main] o.f.core.internal.command.DbMigrate      : Migrating schema "public" to version "16 - runtime loss evidence"
2026-10-02T01:24:17.770Z  INFO 479 --- [qwen-managed-agent-server] [           main] o.f.core.internal.command.DbMigrate      : Migrating schema "public" to version "17 - managed session operation"
2026-10-02T01:24:17.772Z  INFO 479 --- [qwen-managed-agent-server] [           main] o.f.core.internal.command.DbMigrate      : Migrating schema "public" to version "18 - managed extension record"
2026-10-02T01:24:17.774Z  INFO 479 --- [qwen-managed-agent-server] [           main] o.f.core.internal.command.DbMigrate      : Migrating schema "public" to version "19 - workspace operator recovery"
2026-10-02T01:24:17.774Z  INFO 479 --- [qwen-managed-agent-server] [           main] o.f.core.internal.command.DbMigrate      : Migrating schema "public" to version "20 - managed tool publication"
2026-10-02T01:24:17.775Z  INFO 479 --- [qwen-managed-agent-server] [           main] o.f.core.internal.command.DbMigrate      : Migrating schema "public" to version "21 - managed tool publication objects"
2026-10-02T01:24:17.809Z  INFO 479 --- [qwen-managed-agent-server] [           main] o.f.core.internal.command.DbMigrate      : Migrating schema "public" to version "22 - managed tool publication recovery"
2026-10-02T01:24:17.822Z  INFO 479 --- [qwen-managed-agent-server] [           main] o.f.core.internal.command.DbMigrate      : Migrating schema "public" to version "23 - managed mcp records"
2026-10-02T01:24:17.867Z  INFO 479 --- [qwen-managed-agent-server] [           main] o.f.core.internal.command.DbMigrate      : Migrating schema "public" to version "24 - managed actions"
2026-10-02T01:24:17.873Z  INFO 479 --- [qwen-managed-agent-server] [           main] o.f.core.internal.command.DbMigrate      : Migrating schema "public" to version "25 - verified workspace mount"
2026-10-02T01:24:17.876Z  INFO 479 --- [qwen-managed-agent-server] [           main] o.f.core.internal.command.DbMigrate      : Migrating schema "public" to version "26 - managed tool result projection"
2026-10-02T01:24:17.879Z  INFO 479 --- [qwen-managed-agent-server] [           main] o.f.core.internal.command.DbMigrate      : Migrating schema "public" to version "27 - managed hook records"
2026-10-02T01:24:17.881Z  INFO 479 --- [qwen-managed-agent-server] [           main] o.f.core.internal.command.DbMigrate      : Migrating schema "public" to version "28 - workspace recovery bundle"
2026-10-02T01:24:17.881Z  INFO 479 --- [qwen-managed-agent-server] [           main] o.f.core.internal.command.DbMigrate      : Successfully applied 28 migrations to schema "public", now at version v28 (execution time 00:00.131s)
2026-10-02T01:24:18.040Z  INFO 479 --- [qwen-managed-agent-server] [           main] org.flywaydb.core.FlywayExecutor         : Database: jdbc:h2:mem:w1-e8584ffd-c7ec-4d66-afed-cd48b7d12659 (H2 2.3)
2026-10-02T01:24:18.053Z  INFO 479 --- [qwen-managed-agent-server] [           main] o.f.c.i.s.JdbcTableSchemaHistory         : Schema history table "public"."flyway_schema_history" does not exist yet
2026-10-02T01:24:18.054Z  INFO 479 --- [qwen-managed-agent-server] [           main] o.f.core.internal.command.DbValidate     : Successfully validated 28 migrations (execution time 00:00.013s)
2026-10-02T01:24:18.054Z  INFO 479 --- [qwen-managed-agent-server] [           main] o.f.c.i.s.JdbcTableSchemaHistory         : Creating Schema History table "public"."flyway_schema_history" ...
2026-10-02T01:24:18.064Z  INFO 479 --- [qwen-managed-agent-server] [           main] o.f.core.internal.command.DbMigrate      : Current version of schema "public": << Empty Schema >>
2026-10-02T01:24:18.065Z  INFO 479 --- [qwen-managed-agent-server] [           main] o.f.core.internal.command.DbMigrate      : Migrating schema "public" to version "1 - managed agent core"
2026-10-02T01:24:18.067Z  INFO 479 --- [qwen-managed-agent-server] [           main] o.f.core.internal.command.DbMigrate      : Migrating schema "public" to version "2 - managed agent projection"
2026-10-02T01:24:18.075Z  INFO 479 --- [qwen-managed-agent-server] [           main] o.f.core.internal.command.DbMigrate      : Migrating schema "public" to version "3 - runtime broker"
2026-10-02T01:24:18.077Z  INFO 479 --- [qwen-managed-agent-server] [           main] o.f.core.internal.command.DbMigrate      : Migrating schema "public" to version "4 - managed session store"
2026-10-02T01:24:18.078Z  INFO 479 --- [qwen-managed-agent-server] [           main] o.f.core.internal.command.DbMigrate      : Migrating schema "public" to version "5 - managed session lifecycle"
2026-10-02T01:24:18.088Z  INFO 479 --- [qwen-managed-agent-server] [           main] o.f.core.internal.command.DbMigrate      : Migrating schema "public" to version "6 - managed turn retry"
2026-10-02T01:24:18.090Z  INFO 479 --- [qwen-managed-agent-server] [           main] o.f.core.internal.command.DbMigrate      : Migrating schema "public" to version "7 - managed workspace binding"
2026-10-02T01:24:18.103Z  INFO 479 --- [qwen-managed-agent-server] [           main] o.f.core.internal.command.DbMigrate      : Migrating schema "public" to version "8 - managed workspace registry"
2026-10-02T01:24:18.143Z  INFO 479 --- [qwen-managed-agent-server] [           main] o.f.core.internal.command.DbMigrate      : Migrating schema "public" to version "9 - managed workspace creation command"
2026-10-02T01:24:18.148Z  INFO 479 --- [qwen-managed-agent-server] [           main] o.f.core.internal.command.DbMigrate      : Migrating schema "public" to version "10 - managed runtime context"
2026-10-02T01:24:18.156Z  INFO 479 --- [qwen-managed-agent-server] [           main] o.f.core.internal.command.DbMigrate      : Migrating schema "public" to version "11 - workspace execution"
2026-10-02T01:24:18.158Z  INFO 479 --- [qwen-managed-agent-server] [           main] o.f.core.internal.command.DbMigrate      : Migrating schema "public" to version "12 - runtime broker schema alignment"
2026-10-02T01:24:18.165Z  INFO 479 --- [qwen-managed-agent-server] [           main] o.f.core.internal.command.DbMigrate      : Migrating schema "public" to version "13 - managed session agent revision"
2026-10-02T01:24:18.168Z  INFO 479 --- [qwen-managed-agent-server] [           main] o.f.core.internal.command.DbMigrate      : Migrating schema "public" to version "14 - managed event replay"
2026-10-02T01:24:18.173Z  INFO 479 --- [qwen-managed-agent-server] [           main] o.f.core.internal.command.DbMigrate      : Migrating schema "public" to version "15 - managed event identity"
2026-10-02T01:24:18.174Z  INFO 479 --- [qwen-managed-agent-server] [           main] o.f.core.internal.command.DbMigrate      : Migrating schema "public" to version "16 - runtime loss evidence"
2026-10-02T01:24:18.179Z  INFO 479 --- [qwen-managed-agent-server] [           main] o.f.core.internal.command.DbMigrate      : Migrating schema "public" to version "17 - managed session operation"
2026-10-02T01:24:18.181Z  INFO 479 --- [qwen-managed-agent-server] [           main] o.f.core.internal.command.DbMigrate      : Migrating schema "public" to version "18 - managed extension record"
2026-10-02T01:24:18.182Z  INFO 479 --- [qwen-managed-agent-server] [           main] o.f.core.internal.command.DbMigrate      : Migrating schema "public" to version "19 - workspace operator recovery"
2026-10-02T01:24:18.182Z  INFO 479 --- [qwen-managed-agent-server] [           main] o.f.core.internal.command.DbMigrate      : Migrating schema "public" to version "20 - managed tool publication"
2026-10-02T01:24:18.184Z  INFO 479 --- [qwen-managed-agent-server] [           main] o.f.core.internal.command.DbMigrate      : Migrating schema "public" to version "21 - managed tool publication objects"
2026-10-02T01:24:18.191Z  INFO 479 --- [qwen-managed-agent-server] [           main] o.f.core.internal.command.DbMigrate      : Migrating schema "public" to version "22 - managed tool publication recovery"
2026-10-02T01:24:18.194Z  INFO 479 --- [qwen-managed-agent-server] [           main] o.f.core.internal.command.DbMigrate      : Migrating schema "public" to version "23 - managed mcp records"
2026-10-02T01:24:18.195Z  INFO 479 --- [qwen-managed-agent-server] [           main] o.f.core.internal.command.DbMigrate      : Migrating schema "public" to version "24 - managed actions"
2026-10-02T01:24:18.206Z  INFO 479 --- [qwen-managed-agent-server] [           main] o.f.core.internal.command.DbMigrate      : Migrating schema "public" to version "25 - verified workspace mount"
2026-10-02T01:24:18.208Z  INFO 479 --- [qwen-managed-agent-server] [           main] o.f.core.internal.command.DbMigrate      : Migrating schema "public" to version "26 - managed tool result projection"
2026-10-02T01:24:18.210Z  INFO 479 --- [qwen-managed-agent-server] [           main] o.f.core.internal.command.DbMigrate      : Migrating schema "public" to version "27 - managed hook records"
2026-10-02T01:24:18.211Z  INFO 479 --- [qwen-managed-agent-server] [           main] o.f.core.internal.command.DbMigrate      : Migrating schema "public" to version "28 - workspace recovery bundle"
2026-10-02T01:24:18.214Z  INFO 479 --- [qwen-managed-agent-server] [           main] o.f.core.internal.command.DbMigrate      : Successfully applied 28 migrations to schema "public", now at version v28 (execution time 00:00.071s)
2026-10-02T01:24:18.272Z  INFO 479 --- [qwen-managed-agent-server] [           main] org.flywaydb.core.FlywayExecutor         : Database: jdbc:h2:mem:w1-98955298-5779-40cf-bbb7-b39a72472a19 (H2 2.3)
2026-10-02T01:24:18.276Z  INFO 479 --- [qwen-managed-agent-server] [           main] o.f.c.i.s.JdbcTableSchemaHistory         : Schema history table "public"."flyway_schema_history" does not exist yet
2026-10-02T01:24:18.276Z  INFO 479 --- [qwen-managed-agent-server] [           main] o.f.core.internal.command.DbValidate     : Successfully validated 28 migrations (execution time 00:00.002s)
2026-10-02T01:24:18.276Z  INFO 479 --- [qwen-managed-agent-server] [           main] o.f.c.i.s.JdbcTableSchemaHistory         : Creating Schema History table "public"."flyway_schema_history" ...
2026-10-02T01:24:18.277Z  INFO 479 --- [qwen-managed-agent-server] [           main] o.f.core.internal.command.DbMigrate      : Current version of schema "public": << Empty Schema >>
2026-10-02T01:24:18.277Z  INFO 479 --- [qwen-managed-agent-server] [           main] o.f.core.internal.command.DbMigrate      : Migrating schema "public" to version "1 - managed agent core"
2026-10-02T01:24:18.279Z  INFO 479 --- [qwen-managed-agent-server] [           main] o.f.core.internal.command.DbMigrate      : Migrating schema "public" to version "2 - managed agent projection"
2026-10-02T01:24:18.281Z  INFO 479 --- [qwen-managed-agent-server] [           main] o.f.core.internal.command.DbMigrate      : Migrating schema "public" to version "3 - runtime broker"
2026-10-02T01:24:18.282Z  INFO 479 --- [qwen-managed-agent-server] [           main] o.f.core.internal.command.DbMigrate      : Migrating schema "public" to version "4 - managed session store"
2026-10-02T01:24:18.283Z  INFO 479 --- [qwen-managed-agent-server] [           main] o.f.core.internal.command.DbMigrate      : Migrating schema "public" to version "5 - managed session lifecycle"
2026-10-02T01:24:18.284Z  INFO 479 --- [qwen-managed-agent-server] [           main] o.f.core.internal.command.DbMigrate      : Migrating schema "public" to version "6 - managed turn retry"
2026-10-02T01:24:18.286Z  INFO 479 --- [qwen-managed-agent-server] [           main] o.f.core.internal.command.DbMigrate      : Migrating schema "public" to version "7 - managed workspace binding"
2026-10-02T01:24:18.290Z  INFO 479 --- [qwen-managed-agent-server] [           main] o.f.core.internal.command.DbMigrate      : Migrating schema "public" to version "8 - managed workspace registry"
2026-10-02T01:24:18.291Z  INFO 479 --- [qwen-managed-agent-server] [           main] o.f.core.internal.command.DbMigrate      : Migrating schema "public" to version "9 - managed workspace creation command"
2026-10-02T01:24:18.292Z  INFO 479 --- [qwen-managed-agent-server] [           main] o.f.core.internal.command.DbMigrate      : Migrating schema "public" to version "10 - managed runtime context"
2026-10-02T01:24:18.294Z  INFO 479 --- [qwen-managed-agent-server] [           main] o.f.core.internal.command.DbMigrate      : Migrating schema "public" to version "11 - workspace execution"
2026-10-02T01:24:18.295Z  INFO 479 --- [qwen-managed-agent-server] [           main] o.f.core.internal.command.DbMigrate      : Migrating schema "public" to version "12 - runtime broker schema alignment"
2026-10-02T01:24:18.298Z  INFO 479 --- [qwen-managed-agent-server] [           main] o.f.core.internal.command.DbMigrate      : Migrating schema "public" to version "13 - managed session agent revision"
2026-10-02T01:24:18.308Z  INFO 479 --- [qwen-managed-agent-server] [           main] o.f.core.internal.command.DbMigrate      : Migrating schema "public" to version "14 - managed event replay"
2026-10-02T01:24:18.311Z  INFO 479 --- [qwen-managed-agent-server] [           main] o.f.core.internal.command.DbMigrate      : Migrating schema "public" to version "15 - managed event identity"
2026-10-02T01:24:18.312Z  INFO 479 --- [qwen-managed-agent-server] [           main] o.f.core.internal.command.DbMigrate      : Migrating schema "public" to version "16 - runtime loss evidence"
2026-10-02T01:24:18.316Z  INFO 479 --- [qwen-managed-agent-server] [           main] o.f.core.internal.command.DbMigrate      : Migrating schema "public" to version "17 - managed session operation"
2026-10-02T01:24:18.317Z  INFO 479 --- [qwen-managed-agent-server] [           main] o.f.core.internal.command.DbMigrate      : Migrating schema "public" to version "18 - managed extension record"
2026-10-02T01:24:18.318Z  INFO 479 --- [qwen-managed-agent-server] [           main] o.f.core.internal.command.DbMigrate      : Migrating schema "public" to version "19 - workspace operator recovery"
2026-10-02T01:24:18.319Z  INFO 479 --- [qwen-managed-agent-server] [           main] o.f.core.internal.command.DbMigrate      : Migrating schema "public" to version "20 - managed tool publication"
2026-10-02T01:24:18.332Z  INFO 479 --- [qwen-managed-agent-server] [           main] o.f.core.internal.command.DbMigrate      : Migrating schema "public" to version "21 - managed tool publication objects"
2026-10-02T01:24:18.339Z  INFO 479 --- [qwen-managed-agent-server] [           main] o.f.core.internal.command.DbMigrate      : Migrating schema "public" to version "22 - managed tool publication recovery"
2026-10-02T01:24:18.341Z  INFO 479 --- [qwen-managed-agent-server] [           main] o.f.core.internal.command.DbMigrate      : Migrating schema "public" to version "23 - managed mcp records"
2026-10-02T01:24:18.343Z  INFO 479 --- [qwen-managed-agent-server] [           main] o.f.core.internal.command.DbMigrate      : Migrating schema "public" to version "24 - managed actions"
2026-10-02T01:24:18.358Z  INFO 479 --- [qwen-managed-agent-server] [           main] o.f.core.internal.command.DbMigrate      : Migrating schema "public" to version "25 - verified workspace mount"
2026-10-02T01:24:18.372Z  INFO 479 --- [qwen-managed-agent-server] [           main] o.f.core.internal.command.DbMigrate      : Migrating schema "public" to version "26 - managed tool result projection"
2026-10-02T01:24:18.378Z  INFO 479 --- [qwen-managed-agent-server] [           main] o.f.core.internal.command.DbMigrate      : Migrating schema "public" to version "27 - managed hook records"
2026-10-02T01:24:18.380Z  INFO 479 --- [qwen-managed-agent-server] [           main] o.f.core.internal.command.DbMigrate      : Migrating schema "public" to version "28 - workspace recovery bundle"
2026-10-02T01:24:18.391Z  INFO 479 --- [qwen-managed-agent-server] [           main] o.f.core.internal.command.DbMigrate      : Successfully applied 28 migrations to schema "public", now at version v28 (execution time 00:00.056s)
2026-10-02T01:24:18.442Z  INFO 479 --- [qwen-managed-agent-server] [           main] org.flywaydb.core.FlywayExecutor         : Database: jdbc:h2:mem:w1-a59cdd99-1736-4e54-9758-a0f0542ac8a9 (H2 2.3)
2026-10-02T01:24:18.447Z  INFO 479 --- [qwen-managed-agent-server] [           main] o.f.c.i.s.JdbcTableSchemaHistory         : Schema history table "public"."flyway_schema_history" does not exist yet
2026-10-02T01:24:18.448Z  INFO 479 --- [qwen-managed-agent-server] [           main] o.f.core.internal.command.DbValidate     : Successfully validated 28 migrations (execution time 00:00.005s)
2026-10-02T01:24:18.448Z  INFO 479 --- [qwen-managed-agent-server] [           main] o.f.c.i.s.JdbcTableSchemaHistory         : Creating Schema History table "public"."flyway_schema_history" ...
2026-10-02T01:24:18.449Z  INFO 479 --- [qwen-managed-agent-server] [           main] o.f.core.internal.command.DbMigrate      : Current version of schema "public": << Empty Schema >>
2026-10-02T01:24:18.449Z  INFO 479 --- [qwen-managed-agent-server] [           main] o.f.core.internal.command.DbMigrate      : Migrating schema "public" to version "1 - managed agent core"
2026-10-02T01:24:18.451Z  INFO 479 --- [qwen-managed-agent-server] [           main] o.f.core.internal.command.DbMigrate      : Migrating schema "public" to version "2 - managed agent projection"
2026-10-02T01:24:18.452Z  INFO 479 --- [qwen-managed-agent-server] [           main] o.f.core.internal.command.DbMigrate      : Migrating schema "public" to version "3 - runtime broker"
2026-10-02T01:24:18.454Z  INFO 479 --- [qwen-managed-agent-server] [           main] o.f.core.internal.command.DbMigrate      : Migrating schema "public" to version "4 - managed session store"
2026-10-02T01:24:18.458Z  INFO 479 --- [qwen-managed-agent-server] [           main] o.f.core.internal.command.DbMigrate      : Migrating schema "public" to version "5 - managed session lifecycle"
2026-10-02T01:24:18.460Z  INFO 479 --- [qwen-managed-agent-server] [           main] o.f.core.internal.command.DbMigrate      : Migrating schema "public" to version "6 - managed turn retry"
2026-10-02T01:24:18.462Z  INFO 479 --- [qwen-managed-agent-server] [           main] o.f.core.internal.command.DbMigrate      : Migrating schema "public" to version "7 - managed workspace binding"
2026-10-02T01:24:18.469Z  INFO 479 --- [qwen-managed-agent-server] [           main] o.f.core.internal.command.DbMigrate      : Migrating schema "public" to version "8 - managed workspace registry"
2026-10-02T01:24:18.470Z  INFO 479 --- [qwen-managed-agent-server] [           main] o.f.core.internal.command.DbMigrate      : Migrating schema "public" to version "9 - managed workspace creation command"
2026-10-02T01:24:18.471Z  INFO 479 --- [qwen-managed-agent-server] [           main] o.f.core.internal.command.DbMigrate      : Migrating schema "public" to version "10 - managed runtime context"
2026-10-02T01:24:18.472Z  INFO 479 --- [qwen-managed-agent-server] [           main] o.f.core.internal.command.DbMigrate      : Migrating schema "public" to version "11 - workspace execution"
2026-10-02T01:24:18.473Z  INFO 479 --- [qwen-managed-agent-server] [           main] o.f.core.internal.command.DbMigrate      : Migrating schema "public" to version "12 - runtime broker schema alignment"
2026-10-02T01:24:18.474Z  INFO 479 --- [qwen-managed-agent-server] [           main] o.f.core.internal.command.DbMigrate      : Migrating schema "public" to version "13 - managed session agent revision"
2026-10-02T01:24:18.476Z  INFO 479 --- [qwen-managed-agent-server] [           main] o.f.core.internal.command.DbMigrate      : Migrating schema "public" to version "14 - managed event replay"
2026-10-02T01:24:18.486Z  INFO 479 --- [qwen-managed-agent-server] [           main] o.f.core.internal.command.DbMigrate      : Migrating schema "public" to version "15 - managed event identity"
2026-10-02T01:24:18.487Z  INFO 479 --- [qwen-managed-agent-server] [           main] o.f.core.internal.command.DbMigrate      : Migrating schema "public" to version "16 - runtime loss evidence"
2026-10-02T01:24:18.493Z  INFO 479 --- [qwen-managed-agent-server] [           main] o.f.core.internal.command.DbMigrate      : Migrating schema "public" to version "17 - managed session operation"
2026-10-02T01:24:18.501Z  INFO 479 --- [qwen-managed-agent-server] [           main] o.f.core.internal.command.DbMigrate      : Migrating schema "public" to version "18 - managed extension record"
2026-10-02T01:24:18.502Z  INFO 479 --- [qwen-managed-agent-server] [           main] o.f.core.internal.command.DbMigrate      : Migrating schema "public" to version "19 - workspace operator recovery"
2026-10-02T01:24:18.506Z  INFO 479 --- [qwen-managed-agent-server] [           main] o.f.core.internal.command.DbMigrate      : Migrating schema "public" to version "20 - managed tool publication"
2026-10-02T01:24:18.511Z  INFO 479 --- [qwen-managed-agent-server] [           main] o.f.core.internal.command.DbMigrate      : Migrating schema "public" to version "21 - managed tool publication objects"
2026-10-02T01:24:18.530Z  INFO 479 --- [qwen-managed-agent-server] [           main] o.f.core.internal.command.DbMigrate      : Migrating schema "public" to version "22 - managed tool publication recovery"
2026-10-02T01:24:18.534Z  INFO 479 --- [qwen-managed-agent-server] [           main] o.f.core.internal.command.DbMigrate      : Migrating schema "public" to version "23 - managed mcp records"
2026-10-02T01:24:18.536Z  INFO 479 --- [qwen-managed-agent-server] [           main] o.f.core.internal.command.DbMigrate      : Migrating schema "public" to version "24 - managed actions"
2026-10-02T01:24:18.542Z  INFO 479 --- [qwen-managed-agent-server] [           main] o.f.core.internal.command.DbMigrate      : Migrating schema "public" to version "25 - verified workspace mount"
2026-10-02T01:24:18.554Z  INFO 479 --- [qwen-managed-agent-server] [           main] o.f.core.internal.command.DbMigrate      : Migrating schema "public" to version "26 - managed tool result projection"
2026-10-02T01:24:18.566Z  INFO 479 --- [qwen-managed-agent-server] [           main] o.f.core.internal.command.DbMigrate      : Migrating schema "public" to version "27 - managed hook records"
2026-10-02T01:24:18.567Z  INFO 479 --- [qwen-managed-agent-server] [           main] o.f.core.internal.command.DbMigrate      : Migrating schema "public" to version "28 - workspace recovery bundle"
2026-10-02T01:24:18.575Z  INFO 479 --- [qwen-managed-agent-server] [           main] o.f.core.internal.command.DbMigrate      : Successfully applied 28 migrations to schema "public", now at version v28 (execution time 00:00.058s)
2026-10-02T01:24:18.710Z  INFO 479 --- [qwen-managed-agent-server] [           main] org.flywaydb.core.FlywayExecutor         : Database: jdbc:h2:mem:w1-f8c559c0-fc90-4f04-91c8-66f1fbda4087 (H2 2.3)
2026-10-02T01:24:18.719Z  INFO 479 --- [qwen-managed-agent-server] [           main] o.f.c.i.s.JdbcTableSchemaHistory         : Schema history table "public"."flyway_schema_history" does not exist yet
2026-10-02T01:24:18.719Z  INFO 479 --- [qwen-managed-agent-server] [           main] o.f.core.internal.command.DbValidate     : Successfully validated 28 migrations (execution time 00:00.004s)
2026-10-02T01:24:18.719Z  INFO 479 --- [qwen-managed-agent-server] [           main] o.f.c.i.s.JdbcTableSchemaHistory         : Creating Schema History table "public"."flyway_schema_history" ...
2026-10-02T01:24:18.720Z  INFO 479 --- [qwen-managed-agent-server] [           main] o.f.core.internal.command.DbMigrate      : Current version of schema "public": << Empty Schema >>
2026-10-02T01:24:18.721Z  INFO 479 --- [qwen-managed-agent-server] [           main] o.f.core.internal.command.DbMigrate      : Migrating schema "public" to version "1 - managed agent core"
2026-10-02T01:24:18.724Z  INFO 479 --- [qwen-managed-agent-server] [           main] o.f.core.internal.command.DbMigrate      : Migrating schema "public" to version "2 - managed agent projection"
2026-10-02T01:24:18.729Z  INFO 479 --- [qwen-managed-agent-server] [           main] o.f.core.internal.command.DbMigrate      : Migrating schema "public" to version "3 - runtime broker"
2026-10-02T01:24:18.741Z  INFO 479 --- [qwen-managed-agent-server] [           main] o.f.core.internal.command.DbMigrate      : Migrating schema "public" to version "4 - managed session store"
2026-10-02T01:24:18.744Z  INFO 479 --- [qwen-managed-agent-server] [           main] o.f.core.internal.command.DbMigrate      : Migrating schema "public" to version "5 - managed session lifecycle"
2026-10-02T01:24:18.748Z  INFO 479 --- [qwen-managed-agent-server] [           main] o.f.core.internal.command.DbMigrate      : Migrating schema "public" to version "6 - managed turn retry"
2026-10-02T01:24:18.750Z  INFO 479 --- [qwen-managed-agent-server] [           main] o.f.core.internal.command.DbMigrate      : Migrating schema "public" to version "7 - managed workspace binding"
2026-10-02T01:24:18.829Z  INFO 479 --- [qwen-managed-agent-server] [           main] o.f.core.internal.command.DbMigrate      : Migrating schema "public" to version "8 - managed workspace registry"
2026-10-02T01:24:18.833Z  INFO 479 --- [qwen-managed-agent-server] [           main] o.f.core.internal.command.DbMigrate      : Migrating schema "public" to version "9 - managed workspace creation command"
2026-10-02T01:24:18.835Z  INFO 479 --- [qwen-managed-agent-server] [           main] o.f.core.internal.command.DbMigrate      : Migrating schema "public" to version "10 - managed runtime context"
2026-10-02T01:24:18.842Z  INFO 479 --- [qwen-managed-agent-server] [           main] o.f.core.internal.command.DbMigrate      : Migrating schema "public" to version "11 - workspace execution"
2026-10-02T01:24:18.846Z  INFO 479 --- [qwen-managed-agent-server] [           main] o.f.core.internal.command.DbMigrate      : Migrating schema "public" to version "12 - runtime broker schema alignment"
2026-10-02T01:24:18.860Z  INFO 479 --- [qwen-managed-agent-server] [           main] o.f.core.internal.command.DbMigrate      : Migrating schema "public" to version "13 - managed session agent revision"
2026-10-02T01:24:18.862Z  INFO 479 --- [qwen-managed-agent-server] [           main] o.f.core.internal.command.DbMigrate      : Migrating schema "public" to version "14 - managed event replay"
2026-10-02T01:24:18.870Z  INFO 479 --- [qwen-managed-agent-server] [           main] o.f.core.internal.command.DbMigrate      : Migrating schema "public" to version "15 - managed event identity"
2026-10-02T01:24:18.871Z  INFO 479 --- [qwen-managed-agent-server] [           main] o.f.core.internal.command.DbMigrate      : Migrating schema "public" to version "16 - runtime loss evidence"
2026-10-02T01:24:18.882Z  INFO 479 --- [qwen-managed-agent-server] [           main] o.f.core.internal.command.DbMigrate      : Migrating schema "public" to version "17 - managed session operation"
2026-10-02T01:24:18.887Z  INFO 479 --- [qwen-managed-agent-server] [           main] o.f.core.internal.command.DbMigrate      : Migrating schema "public" to version "18 - managed extension record"
2026-10-02T01:24:18.890Z  INFO 479 --- [qwen-managed-agent-server] [           main] o.f.core.internal.command.DbMigrate      : Migrating schema "public" to version "19 - workspace operator recovery"
2026-10-02T01:24:18.896Z  INFO 479 --- [qwen-managed-agent-server] [           main] o.f.core.internal.command.DbMigrate      : Migrating schema "public" to version "20 - managed tool publication"
2026-10-02T01:24:18.902Z  INFO 479 --- [qwen-managed-agent-server] [           main] o.f.core.internal.command.DbMigrate      : Migrating schema "public" to version "21 - managed tool publication objects"
2026-10-02T01:24:18.941Z  INFO 479 --- [qwen-managed-agent-server] [           main] o.f.core.internal.command.DbMigrate      : Migrating schema "public" to version "22 - managed tool publication recovery"
2026-10-02T01:24:18.943Z  INFO 479 --- [qwen-managed-agent-server] [           main] o.f.core.internal.command.DbMigrate      : Migrating schema "public" to version "23 - managed mcp records"
2026-10-02T01:24:18.964Z  INFO 479 --- [qwen-managed-agent-server] [           main] o.f.core.internal.command.DbMigrate      : Migrating schema "public" to version "24 - managed actions"
2026-10-02T01:24:18.995Z  INFO 479 --- [qwen-managed-agent-server] [           main] o.f.core.internal.command.DbMigrate      : Migrating schema "public" to version "25 - verified workspace mount"
2026-10-02T01:24:19.000Z  INFO 479 --- [qwen-managed-agent-server] [           main] o.f.core.internal.command.DbMigrate      : Migrating schema "public" to version "26 - managed tool result projection"
2026-10-02T01:24:19.002Z  INFO 479 --- [qwen-managed-agent-server] [           main] o.f.core.internal.command.DbMigrate      : Migrating schema "public" to version "27 - managed hook records"
2026-10-02T01:24:19.005Z  INFO 479 --- [qwen-managed-agent-server] [           main] o.f.core.internal.command.DbMigrate      : Migrating schema "public" to version "28 - workspace recovery bundle"
2026-10-02T01:24:19.008Z  INFO 479 --- [qwen-managed-agent-server] [           main] o.f.core.internal.command.DbMigrate      : Successfully applied 28 migrations to schema "public", now at version v28 (execution time 00:00.190s)
2026-10-02T01:24:19.156Z  INFO 479 --- [qwen-managed-agent-server] [           main] org.flywaydb.core.FlywayExecutor         : Database: jdbc:h2:mem:w1-dbf7252b-a295-4e18-bc7a-163ce71770dd (H2 2.3)
2026-10-02T01:24:19.189Z  INFO 479 --- [qwen-managed-agent-server] [           main] o.f.c.i.s.JdbcTableSchemaHistory         : Schema history table "public"."flyway_schema_history" does not exist yet
2026-10-02T01:24:19.199Z  INFO 479 --- [qwen-managed-agent-server] [           main] o.f.core.internal.command.DbValidate     : Successfully validated 28 migrations (execution time 00:00.016s)
2026-10-02T01:24:19.202Z  INFO 479 --- [qwen-managed-agent-server] [           main] o.f.c.i.s.JdbcTableSchemaHistory         : Creating Schema History table "public"."flyway_schema_history" ...
2026-10-02T01:24:19.210Z  INFO 479 --- [qwen-managed-agent-server] [           main] o.f.core.internal.command.DbMigrate      : Current version of schema "public": << Empty Schema >>
2026-10-02T01:24:19.211Z  INFO 479 --- [qwen-managed-agent-server] [           main] o.f.core.internal.command.DbMigrate      : Migrating schema "public" to version "1 - managed agent core"
2026-10-02T01:24:19.215Z  INFO 479 --- [qwen-managed-agent-server] [           main] o.f.core.internal.command.DbMigrate      : Migrating schema "public" to version "2 - managed agent projection"
2026-10-02T01:24:19.230Z  INFO 479 --- [qwen-managed-agent-server] [           main] o.f.core.internal.command.DbMigrate      : Migrating schema "public" to version "3 - runtime broker"
2026-10-02T01:24:19.232Z  INFO 479 --- [qwen-managed-agent-server] [           main] o.f.core.internal.command.DbMigrate      : Migrating schema "public" to version "4 - managed session store"
2026-10-02T01:24:19.244Z  INFO 479 --- [qwen-managed-agent-server] [           main] o.f.core.internal.command.DbMigrate      : Migrating schema "public" to version "5 - managed session lifecycle"
2026-10-02T01:24:19.254Z  INFO 479 --- [qwen-managed-agent-server] [           main] o.f.core.internal.command.DbMigrate      : Migrating schema "public" to version "6 - managed turn retry"
2026-10-02T01:24:19.260Z  INFO 479 --- [qwen-managed-agent-server] [           main] o.f.core.internal.command.DbMigrate      : Migrating schema "public" to version "7 - managed workspace binding"
2026-10-02T01:24:19.302Z  INFO 479 --- [qwen-managed-agent-server] [           main] o.f.core.internal.command.DbMigrate      : Migrating schema "public" to version "8 - managed workspace registry"
2026-10-02T01:24:19.307Z  INFO 479 --- [qwen-managed-agent-server] [           main] o.f.core.internal.command.DbMigrate      : Migrating schema "public" to version "9 - managed workspace creation command"
2026-10-02T01:24:19.335Z  INFO 479 --- [qwen-managed-agent-server] [           main] o.f.core.internal.command.DbMigrate      : Migrating schema "public" to version "10 - managed runtime context"
2026-10-02T01:24:19.346Z  INFO 479 --- [qwen-managed-agent-server] [           main] o.f.core.internal.command.DbMigrate      : Migrating schema "public" to version "11 - workspace execution"
2026-10-02T01:24:19.358Z  INFO 479 --- [qwen-managed-agent-server] [           main] o.f.core.internal.command.DbMigrate      : Migrating schema "public" to version "12 - runtime broker schema alignment"
2026-10-02T01:24:19.362Z  INFO 479 --- [qwen-managed-agent-server] [           main] o.f.core.internal.command.DbMigrate      : Migrating schema "public" to version "13 - managed session agent revision"
2026-10-02T01:24:19.370Z  INFO 479 --- [qwen-managed-agent-server] [           main] o.f.core.internal.command.DbMigrate      : Migrating schema "public" to version "14 - managed event replay"
2026-10-02T01:24:19.376Z  INFO 479 --- [qwen-managed-agent-server] [           main] o.f.core.internal.command.DbMigrate      : Migrating schema "public" to version "15 - managed event identity"
2026-10-02T01:24:19.378Z  INFO 479 --- [qwen-managed-agent-server] [           main] o.f.core.internal.command.DbMigrate      : Migrating schema "public" to version "16 - runtime loss evidence"
2026-10-02T01:24:19.402Z  INFO 479 --- [qwen-managed-agent-server] [           main] o.f.core.internal.command.DbMigrate      : Migrating schema "public" to version "17 - managed session operation"
2026-10-02T01:24:19.437Z  INFO 479 --- [qwen-managed-agent-server] [           main] o.f.core.internal.command.DbMigrate      : Migrating schema "public" to version "18 - managed extension record"
2026-10-02T01:24:19.438Z  INFO 479 --- [qwen-managed-agent-server] [           main] o.f.core.internal.command.DbMigrate      : Migrating schema "public" to version "19 - workspace operator recovery"
2026-10-02T01:24:19.439Z  INFO 479 --- [qwen-managed-agent-server] [           main] o.f.core.internal.command.DbMigrate      : Migrating schema "public" to version "20 - managed tool publication"
2026-10-02T01:24:19.440Z  INFO 479 --- [qwen-managed-agent-server] [           main] o.f.core.internal.command.DbMigrate      : Migrating schema "public" to version "21 - managed tool publication objects"
2026-10-02T01:24:19.454Z  INFO 479 --- [qwen-managed-agent-server] [           main] o.f.core.internal.command.DbMigrate      : Migrating schema "public" to version "22 - managed tool publication recovery"
2026-10-02T01:24:19.466Z  INFO 479 --- [qwen-managed-agent-server] [           main] o.f.core.internal.command.DbMigrate      : Migrating schema "public" to version "23 - managed mcp records"
2026-10-02T01:24:19.467Z  INFO 479 --- [qwen-managed-agent-server] [           main] o.f.core.internal.command.DbMigrate      : Migrating schema "public" to version "24 - managed actions"
2026-10-02T01:24:19.487Z  INFO 479 --- [qwen-managed-agent-server] [           main] o.f.core.internal.command.DbMigrate      : Migrating schema "public" to version "25 - verified workspace mount"
2026-10-02T01:24:19.504Z  INFO 479 --- [qwen-managed-agent-server] [           main] o.f.core.internal.command.DbMigrate      : Migrating schema "public" to version "26 - managed tool result projection"
2026-10-02T01:24:19.512Z  INFO 479 --- [qwen-managed-agent-server] [           main] o.f.core.internal.command.DbMigrate      : Migrating schema "public" to version "27 - managed hook records"
2026-10-02T01:24:19.513Z  INFO 479 --- [qwen-managed-agent-server] [           main] o.f.core.internal.command.DbMigrate      : Migrating schema "public" to version "28 - workspace recovery bundle"
2026-10-02T01:24:19.514Z  INFO 479 --- [qwen-managed-agent-server] [           main] o.f.core.internal.command.DbMigrate      : Successfully applied 28 migrations to schema "public", now at version v28 (execution time 00:00.170s)
2026-10-02T01:24:19.651Z  INFO 479 --- [qwen-managed-agent-server] [           main] org.flywaydb.core.FlywayExecutor         : Database: jdbc:h2:mem:w1-2d175251-a2a3-485e-b7b4-2c07e5a5f96e (H2 2.3)
2026-10-02T01:24:19.658Z  INFO 479 --- [qwen-managed-agent-server] [           main] o.f.c.i.s.JdbcTableSchemaHistory         : Schema history table "public"."flyway_schema_history" does not exist yet
2026-10-02T01:24:19.658Z  INFO 479 --- [qwen-managed-agent-server] [           main] o.f.core.internal.command.DbValidate     : Successfully validated 28 migrations (execution time 00:00.006s)
2026-10-02T01:24:19.658Z  INFO 479 --- [qwen-managed-agent-server] [           main] o.f.c.i.s.JdbcTableSchemaHistory         : Creating Schema History table "public"."flyway_schema_history" ...
2026-10-02T01:24:19.663Z  INFO 479 --- [qwen-managed-agent-server] [           main] o.f.core.internal.command.DbMigrate      : Current version of schema "public": << Empty Schema >>
2026-10-02T01:24:19.664Z  INFO 479 --- [qwen-managed-agent-server] [           main] o.f.core.internal.command.DbMigrate      : Migrating schema "public" to version "1 - managed agent core"
2026-10-02T01:24:19.666Z  INFO 479 --- [qwen-managed-agent-server] [           main] o.f.core.internal.command.DbMigrate      : Migrating schema "public" to version "2 - managed agent projection"
2026-10-02T01:24:19.671Z  INFO 479 --- [qwen-managed-agent-server] [           main] o.f.core.internal.command.DbMigrate      : Migrating schema "public" to version "3 - runtime broker"
2026-10-02T01:24:19.672Z  INFO 479 --- [qwen-managed-agent-server] [           main] o.f.core.internal.command.DbMigrate      : Migrating schema "public" to version "4 - managed session store"
2026-10-02T01:24:19.695Z  INFO 479 --- [qwen-managed-agent-server] [           main] o.f.core.internal.command.DbMigrate      : Migrating schema "public" to version "5 - managed session lifecycle"
2026-10-02T01:24:19.710Z  INFO 479 --- [qwen-managed-agent-server] [           main] o.f.core.internal.command.DbMigrate      : Migrating schema "public" to version "6 - managed turn retry"
2026-10-02T01:24:19.712Z  INFO 479 --- [qwen-managed-agent-server] [           main] o.f.core.internal.command.DbMigrate      : Migrating schema "public" to version "7 - managed workspace binding"
2026-10-02T01:24:19.723Z  INFO 479 --- [qwen-managed-agent-server] [           main] o.f.core.internal.command.DbMigrate      : Migrating schema "public" to version "8 - managed workspace registry"
2026-10-02T01:24:19.726Z  INFO 479 --- [qwen-managed-agent-server] [           main] o.f.core.internal.command.DbMigrate      : Migrating schema "public" to version "9 - managed workspace creation command"
2026-10-02T01:24:19.728Z  INFO 479 --- [qwen-managed-agent-server] [           main] o.f.core.internal.command.DbMigrate      : Migrating schema "public" to version "10 - managed runtime context"
2026-10-02T01:24:19.735Z  INFO 479 --- [qwen-managed-agent-server] [           main] o.f.core.internal.command.DbMigrate      : Migrating schema "public" to version "11 - workspace execution"
2026-10-02T01:24:19.746Z  INFO 479 --- [qwen-managed-agent-server] [           main] o.f.core.internal.command.DbMigrate      : Migrating schema "public" to version "12 - runtime broker schema alignment"
2026-10-02T01:24:19.754Z  INFO 479 --- [qwen-managed-agent-server] [           main] o.f.core.internal.command.DbMigrate      : Migrating schema "public" to version "13 - managed session agent revision"
2026-10-02T01:24:19.803Z  INFO 479 --- [qwen-managed-agent-server] [           main] o.f.core.internal.command.DbMigrate      : Migrating schema "public" to version "14 - managed event replay"
2026-10-02T01:24:19.866Z  INFO 479 --- [qwen-managed-agent-server] [           main] o.f.core.internal.command.DbMigrate      : Migrating schema "public" to version "15 - managed event identity"
2026-10-02T01:24:19.868Z  INFO 479 --- [qwen-managed-agent-server] [           main] o.f.core.internal.command.DbMigrate      : Migrating schema "public" to version "16 - runtime loss evidence"
2026-10-02T01:24:19.871Z  INFO 479 --- [qwen-managed-agent-server] [           main] o.f.core.internal.command.DbMigrate      : Migrating schema "public" to version "17 - managed session operation"
2026-10-02T01:24:19.912Z  INFO 479 --- [qwen-managed-agent-server] [           main] o.f.core.internal.command.DbMigrate      : Migrating schema "public" to version "18 - managed extension record"
2026-10-02T01:24:19.914Z  INFO 479 --- [qwen-managed-agent-server] [           main] o.f.core.internal.command.DbMigrate      : Migrating schema "public" to version "19 - workspace operator recovery"
2026-10-02T01:24:19.915Z  INFO 479 --- [qwen-managed-agent-server] [           main] o.f.core.internal.command.DbMigrate      : Migrating schema "public" to version "20 - managed tool publication"
2026-10-02T01:24:19.916Z  INFO 479 --- [qwen-managed-agent-server] [           main] o.f.core.internal.command.DbMigrate      : Migrating schema "public" to version "21 - managed tool publication objects"
2026-10-02T01:24:19.940Z  INFO 479 --- [qwen-managed-agent-server] [           main] o.f.core.internal.command.DbMigrate      : Migrating schema "public" to version "22 - managed tool publication recovery"
2026-10-02T01:24:19.945Z  INFO 479 --- [qwen-managed-agent-server] [           main] o.f.core.internal.command.DbMigrate      : Migrating schema "public" to version "23 - managed mcp records"
2026-10-02T01:24:19.948Z  INFO 479 --- [qwen-managed-agent-server] [           main] o.f.core.internal.command.DbMigrate      : Migrating schema "public" to version "24 - managed actions"
2026-10-02T01:24:20.034Z  INFO 479 --- [qwen-managed-agent-server] [           main] o.f.core.internal.command.DbMigrate      : Migrating schema "public" to version "25 - verified workspace mount"
2026-10-02T01:24:20.060Z  INFO 479 --- [qwen-managed-agent-server] [           main] o.f.core.internal.command.DbMigrate      : Migrating schema "public" to version "26 - managed tool result projection"
2026-10-02T01:24:20.112Z  INFO 479 --- [qwen-managed-agent-server] [           main] o.f.core.internal.command.DbMigrate      : Migrating schema "public" to version "27 - managed hook records"
2026-10-02T01:24:20.121Z  INFO 479 --- [qwen-managed-agent-server] [           main] o.f.core.internal.command.DbMigrate      : Migrating schema "public" to version "28 - workspace recovery bundle"
2026-10-02T01:24:20.123Z  INFO 479 --- [qwen-managed-agent-server] [           main] o.f.core.internal.command.DbMigrate      : Successfully applied 28 migrations to schema "public", now at version v28 (execution time 00:00.298s)
2026-10-02T01:24:20.210Z  INFO 479 --- [qwen-managed-agent-server] [           main] org.flywaydb.core.FlywayExecutor         : Database: jdbc:h2:mem:w1-94aff8d9-e07c-4ac8-8ab5-a3151451230d (H2 2.3)
2026-10-02T01:24:20.286Z  INFO 479 --- [qwen-managed-agent-server] [           main] o.f.c.i.s.JdbcTableSchemaHistory         : Schema history table "public"."flyway_schema_history" does not exist yet
2026-10-02T01:24:20.286Z  INFO 479 --- [qwen-managed-agent-server] [           main] o.f.core.internal.command.DbValidate     : Successfully validated 28 migrations (execution time 00:00.026s)
2026-10-02T01:24:20.289Z  INFO 479 --- [qwen-managed-agent-server] [           main] o.f.c.i.s.JdbcTableSchemaHistory         : Creating Schema History table "public"."flyway_schema_history" ...
2026-10-02T01:24:20.290Z  INFO 479 --- [qwen-managed-agent-server] [           main] o.f.core.internal.command.DbMigrate      : Current version of schema "public": << Empty Schema >>
2026-10-02T01:24:20.291Z  INFO 479 --- [qwen-managed-agent-server] [           main] o.f.core.internal.command.DbMigrate      : Migrating schema "public" to version "1 - managed agent core"
2026-10-02T01:24:20.295Z  INFO 479 --- [qwen-managed-agent-server] [           main] o.f.core.internal.command.DbMigrate      : Migrating schema "public" to version "2 - managed agent projection"
2026-10-02T01:24:20.323Z  INFO 479 --- [qwen-managed-agent-server] [           main] o.f.core.internal.command.DbMigrate      : Migrating schema "public" to version "3 - runtime broker"
2026-10-02T01:24:20.324Z  INFO 479 --- [qwen-managed-agent-server] [           main] o.f.core.internal.command.DbMigrate      : Migrating schema "public" to version "4 - managed session store"
2026-10-02T01:24:20.327Z  INFO 479 --- [qwen-managed-agent-server] [           main] o.f.core.internal.command.DbMigrate      : Migrating schema "public" to version "5 - managed session lifecycle"
2026-10-02T01:24:20.329Z  INFO 479 --- [qwen-managed-agent-server] [           main] o.f.core.internal.command.DbMigrate      : Migrating schema "public" to version "6 - managed turn retry"
2026-10-02T01:24:20.333Z  INFO 479 --- [qwen-managed-agent-server] [           main] o.f.core.internal.command.DbMigrate      : Migrating schema "public" to version "7 - managed workspace binding"
2026-10-02T01:24:20.361Z  INFO 479 --- [qwen-managed-agent-server] [           main] o.f.core.internal.command.DbMigrate      : Migrating schema "public" to version "8 - managed workspace registry"
2026-10-02T01:24:20.365Z  INFO 479 --- [qwen-managed-agent-server] [           main] o.f.core.internal.command.DbMigrate      : Migrating schema "public" to version "9 - managed workspace creation command"
2026-10-02T01:24:20.372Z  INFO 479 --- [qwen-managed-agent-server] [           main] o.f.core.internal.command.DbMigrate      : Migrating schema "public" to version "10 - managed runtime context"
2026-10-02T01:24:20.379Z  INFO 479 --- [qwen-managed-agent-server] [           main] o.f.core.internal.command.DbMigrate      : Migrating schema "public" to version "11 - workspace execution"
2026-10-02T01:24:20.417Z  INFO 479 --- [qwen-managed-agent-server] [           main] o.f.core.internal.command.DbMigrate      : Migrating schema "public" to version "12 - runtime broker schema alignment"
2026-10-02T01:24:20.422Z  INFO 479 --- [qwen-managed-agent-server] [           main] o.f.core.internal.command.DbMigrate      : Migrating schema "public" to version "13 - managed session agent revision"
2026-10-02T01:24:20.445Z  INFO 479 --- [qwen-managed-agent-server] [           main] o.f.core.internal.command.DbMigrate      : Migrating schema "public" to version "14 - managed event replay"
2026-10-02T01:24:20.454Z  INFO 479 --- [qwen-managed-agent-server] [           main] o.f.core.internal.command.DbMigrate      : Migrating schema "public" to version "15 - managed event identity"
2026-10-02T01:24:20.455Z  INFO 479 --- [qwen-managed-agent-server] [           main] o.f.core.internal.command.DbMigrate      : Migrating schema "public" to version "16 - runtime loss evidence"
2026-10-02T01:24:20.477Z  INFO 479 --- [qwen-managed-agent-server] [           main] o.f.core.internal.command.DbMigrate      : Migrating schema "public" to version "17 - managed session operation"
2026-10-02T01:24:20.479Z  INFO 479 --- [qwen-managed-agent-server] [           main] o.f.core.internal.command.DbMigrate      : Migrating schema "public" to version "18 - managed extension record"
2026-10-02T01:24:20.480Z  INFO 479 --- [qwen-managed-agent-server] [           main] o.f.core.internal.command.DbMigrate      : Migrating schema "public" to version "19 - workspace operator recovery"
2026-10-02T01:24:20.481Z  INFO 479 --- [qwen-managed-agent-server] [           main] o.f.core.internal.command.DbMigrate      : Migrating schema "public" to version "20 - managed tool publication"
2026-10-02T01:24:20.487Z  INFO 479 --- [qwen-managed-agent-server] [           main] o.f.core.internal.command.DbMigrate      : Migrating schema "public" to version "21 - managed tool publication objects"
2026-10-02T01:24:20.506Z  INFO 479 --- [qwen-managed-agent-server] [           main] o.f.core.internal.command.DbMigrate      : Migrating schema "public" to version "22 - managed tool publication recovery"
2026-10-02T01:24:20.507Z  INFO 479 --- [qwen-managed-agent-server] [           main] o.f.core.internal.command.DbMigrate      : Migrating schema "public" to version "23 - managed mcp records"
2026-10-02T01:24:20.508Z  INFO 479 --- [qwen-managed-agent-server] [           main] o.f.core.internal.command.DbMigrate      : Migrating schema "public" to version "24 - managed actions"
2026-10-02T01:24:20.510Z  INFO 479 --- [qwen-managed-agent-server] [           main] o.f.core.internal.command.DbMigrate      : Migrating schema "public" to version "25 - verified workspace mount"
2026-10-02T01:24:20.512Z  INFO 479 --- [qwen-managed-agent-server] [           main] o.f.core.internal.command.DbMigrate      : Migrating schema "public" to version "26 - managed tool result projection"
2026-10-02T01:24:20.513Z  INFO 479 --- [qwen-managed-agent-server] [           main] o.f.core.internal.command.DbMigrate      : Migrating schema "public" to version "27 - managed hook records"
2026-10-02T01:24:20.518Z  INFO 479 --- [qwen-managed-agent-server] [           main] o.f.core.internal.command.DbMigrate      : Migrating schema "public" to version "28 - workspace recovery bundle"
2026-10-02T01:24:20.522Z  INFO 479 --- [qwen-managed-agent-server] [           main] o.f.core.internal.command.DbMigrate      : Successfully applied 28 migrations to schema "public", now at version v28 (execution time 00:00.110s)
2026-10-02T01:24:20.560Z  INFO 479 --- [qwen-managed-agent-server] [           main] org.flywaydb.core.FlywayExecutor         : Database: jdbc:h2:mem:w1-608ac434-c174-42b4-a5ce-6ea7f278d6d0 (H2 2.3)
2026-10-02T01:24:20.568Z  INFO 479 --- [qwen-managed-agent-server] [           main] o.f.c.i.s.JdbcTableSchemaHistory         : Schema history table "public"."flyway_schema_history" does not exist yet
2026-10-02T01:24:20.568Z  INFO 479 --- [qwen-managed-agent-server] [           main] o.f.core.internal.command.DbValidate     : Successfully validated 28 migrations (execution time 00:00.006s)
2026-10-02T01:24:20.569Z  INFO 479 --- [qwen-managed-agent-server] [           main] o.f.c.i.s.JdbcTableSchemaHistory         : Creating Schema History table "public"."flyway_schema_history" ...
2026-10-02T01:24:20.578Z  INFO 479 --- [qwen-managed-agent-server] [           main] o.f.core.internal.command.DbMigrate      : Current version of schema "public": << Empty Schema >>
2026-10-02T01:24:20.582Z  INFO 479 --- [qwen-managed-agent-server] [           main] o.f.core.internal.command.DbMigrate      : Migrating schema "public" to version "1 - managed agent core"
2026-10-02T01:24:20.584Z  INFO 479 --- [qwen-managed-agent-server] [           main] o.f.core.internal.command.DbMigrate      : Migrating schema "public" to version "2 - managed agent projection"
2026-10-02T01:24:20.588Z  INFO 479 --- [qwen-managed-agent-server] [           main] o.f.core.internal.command.DbMigrate      : Migrating schema "public" to version "3 - runtime broker"
2026-10-02T01:24:20.589Z  INFO 479 --- [qwen-managed-agent-server] [           main] o.f.core.internal.command.DbMigrate      : Migrating schema "public" to version "4 - managed session store"
2026-10-02T01:24:20.592Z  INFO 479 --- [qwen-managed-agent-server] [           main] o.f.core.internal.command.DbMigrate      : Migrating schema "public" to version "5 - managed session lifecycle"
2026-10-02T01:24:20.596Z  INFO 479 --- [qwen-managed-agent-server] [           main] o.f.core.internal.command.DbMigrate      : Migrating schema "public" to version "6 - managed turn retry"
2026-10-02T01:24:20.599Z  INFO 479 --- [qwen-managed-agent-server] [           main] o.f.core.internal.command.DbMigrate      : Migrating schema "public" to version "7 - managed workspace binding"
2026-10-02T01:24:20.602Z  INFO 479 --- [qwen-managed-agent-server] [           main] o.f.core.internal.command.DbMigrate      : Migrating schema "public" to version "8 - managed workspace registry"
2026-10-02T01:24:20.603Z  INFO 479 --- [qwen-managed-agent-server] [           main] o.f.core.internal.command.DbMigrate      : Migrating schema "public" to version "9 - managed workspace creation command"
2026-10-02T01:24:20.604Z  INFO 479 --- [qwen-managed-agent-server] [           main] o.f.core.internal.command.DbMigrate      : Migrating schema "public" to version "10 - managed runtime context"
2026-10-02T01:24:20.605Z  INFO 479 --- [qwen-managed-agent-server] [           main] o.f.core.internal.command.DbMigrate      : Migrating schema "public" to version "11 - workspace execution"
2026-10-02T01:24:20.606Z  INFO 479 --- [qwen-managed-agent-server] [           main] o.f.core.internal.command.DbMigrate      : Migrating schema "public" to version "12 - runtime broker schema alignment"
2026-10-02T01:24:20.608Z  INFO 479 --- [qwen-managed-agent-server] [           main] o.f.core.internal.command.DbMigrate      : Migrating schema "public" to version "13 - managed session agent revision"
2026-10-02T01:24:20.609Z  INFO 479 --- [qwen-managed-agent-server] [           main] o.f.core.internal.command.DbMigrate      : Migrating schema "public" to version "14 - managed event replay"
2026-10-02T01:24:20.610Z  INFO 479 --- [qwen-managed-agent-server] [           main] o.f.core.internal.command.DbMigrate      : Migrating schema "public" to version "15 - managed event identity"
2026-10-02T01:24:20.611Z  INFO 479 --- [qwen-managed-agent-server] [           main] o.f.core.internal.command.DbMigrate      : Migrating schema "public" to version "16 - runtime loss evidence"
2026-10-02T01:24:20.613Z  INFO 479 --- [qwen-managed-agent-server] [           main] o.f.core.internal.command.DbMigrate      : Migrating schema "public" to version "17 - managed session operation"
2026-10-02T01:24:20.616Z  INFO 479 --- [qwen-managed-agent-server] [           main] o.f.core.internal.command.DbMigrate      : Migrating schema "public" to version "18 - managed extension record"
2026-10-02T01:24:20.617Z  INFO 479 --- [qwen-managed-agent-server] [           main] o.f.core.internal.command.DbMigrate      : Migrating schema "public" to version "19 - workspace operator recovery"
2026-10-02T01:24:20.619Z  INFO 479 --- [qwen-managed-agent-server] [           main] o.f.core.internal.command.DbMigrate      : Migrating schema "public" to version "20 - managed tool publication"
2026-10-02T01:24:20.620Z  INFO 479 --- [qwen-managed-agent-server] [           main] o.f.core.internal.command.DbMigrate      : Migrating schema "public" to version "21 - managed tool publication objects"
2026-10-02T01:24:20.637Z  INFO 479 --- [qwen-managed-agent-server] [           main] o.f.core.internal.command.DbMigrate      : Migrating schema "public" to version "22 - managed tool publication recovery"
2026-10-02T01:24:20.639Z  INFO 479 --- [qwen-managed-agent-server] [           main] o.f.core.internal.command.DbMigrate      : Migrating schema "public" to version "23 - managed mcp records"
2026-10-02T01:24:20.639Z  INFO 479 --- [qwen-managed-agent-server] [           main] o.f.core.internal.command.DbMigrate      : Migrating schema "public" to version "24 - managed actions"
2026-10-02T01:24:20.642Z  INFO 479 --- [qwen-managed-agent-server] [           main] o.f.core.internal.command.DbMigrate      : Migrating schema "public" to version "25 - verified workspace mount"
2026-10-02T01:24:20.644Z  INFO 479 --- [qwen-managed-agent-server] [           main] o.f.core.internal.command.DbMigrate      : Migrating schema "public" to version "26 - managed tool result projection"
2026-10-02T01:24:20.646Z  INFO 479 --- [qwen-managed-agent-server] [           main] o.f.core.internal.command.DbMigrate      : Migrating schema "public" to version "27 - managed hook records"
2026-10-02T01:24:20.647Z  INFO 479 --- [qwen-managed-agent-server] [           main] o.f.core.internal.command.DbMigrate      : Migrating schema "public" to version "28 - workspace recovery bundle"
2026-10-02T01:24:20.648Z  INFO 479 --- [qwen-managed-agent-server] [           main] o.f.core.internal.command.DbMigrate      : Successfully applied 28 migrations to schema "public", now at version v28 (execution time 00:00.025s)
[INFO] Tests run: 13, Failures: 0, Errors: 0, Skipped: 0, Time elapsed: 4.367 s -- in com.alibaba.qwen.code.managedagent.store.WorkspaceStorageGuardTest
[INFO] 
[INFO] Results:
[INFO] 
[INFO] Tests run: 122, Failures: 0, Errors: 0, Skipped: 0
[INFO] 
[INFO] ------------------------------------------------------------------------
[INFO] BUILD SUCCESS
[INFO] ------------------------------------------------------------------------
[INFO] Total time:  50.120 s
[INFO] Finished at: 2026-10-02T01:24:21Z
[INFO] ------------------------------------------------------------------------
