2026-10-09T16:13:51.536Z [INFO] [DAEMON] projectMemoryScope=workspace projectMemoryScopeRaw=workspace projectMemoryScopeSource=default project memory scope resolved
qwen serve: daemon log → /rig/runs/q7m/harness-home/.qwen/debug/daemon/daemon.log
qwen serve listening on http://127.0.0.1:19021 (mode=http-bridge, workspace=/rig/runs/q7m/workspace)
qwen serve: bound to workspace "/rig/runs/q7m/workspace"
qwen serve: startup timing: processToListenMs=1735 runQwenServeToListenMs=84
qwen serve: --require-auth enabled (bearer token mandatory on every route, including loopback /health).
2026-10-09T16:13:52.179Z [INFO] [DAEMON] ideEnvPresent=false primary=/rig/runs/q7m/workspace secondary= daemon workspace roots initialized
qwen serve: session reaper started (interval 60000ms, idle threshold 1800000ms)
2026-10-09T16:13:53.068Z [INFO] [DAEMON] route=GET /capabilities durationMs=26 status=200 request completed
2026-10-09T16:13:54.317Z [INFO] [DAEMON] route=POST /session durationMs=1088 status=200 request completed
2026-10-09T16:13:54.321Z [INFO] [DAEMON] route=POST /session durationMs=684 status=200 request completed
2026-10-09T16:13:54.737Z [INFO] [DAEMON] route=POST /session/57e24b3b-fa98-44c0-b412-303304e766a7/prompt sessionId=57e24b3b-fa98-44c0-b412-303304e766a7 clientId=34c4a838-ee7c-4d8d-aa58-620793d64ec5 durationMs=323 status=202 request completed
2026-10-09T16:13:54.771Z [INFO] [DAEMON] route=POST /session/1de17c1c-9d65-4a4b-a094-0a9bb6a7ea3a/prompt sessionId=1de17c1c-9d65-4a4b-a094-0a9bb6a7ea3a clientId=34db3123-8b58-499c-820d-76901eb461e3 durationMs=345 status=202 request completed
2026-10-09T16:14:02.099Z [INFO] [DAEMON] route=POST /session/1de17c1c-9d65-4a4b-a094-0a9bb6a7ea3a/prompt sessionId=1de17c1c-9d65-4a4b-a094-0a9bb6a7ea3a clientId=34db3123-8b58-499c-820d-76901eb461e3 durationMs=155 status=202 request completed
2026-10-09T16:14:27.325Z [INFO] [DAEMON] route=POST /session/57e24b3b-fa98-44c0-b412-303304e766a7/automations/operations sessionId=57e24b3b-fa98-44c0-b412-303304e766a7 clientId=34c4a838-ee7c-4d8d-aa58-620793d64ec5 durationMs=160 status=202 request completed
2026-10-09T16:14:28.031Z [INFO] [DAEMON] route=POST /session/57e24b3b-fa98-44c0-b412-303304e766a7/automations/operations sessionId=57e24b3b-fa98-44c0-b412-303304e766a7 clientId=34c4a838-ee7c-4d8d-aa58-620793d64ec5 durationMs=362 status=202 request completed
qwen serve: Monitor wake turn arun_24adf7594ac7c5a6abf15f666df6a00453222c07d55d4709e2f59cfd54ff0315:input is recovery blocked: Error: Hosted tool turn requires recovery; its original work was not released.
qwen serve: Hosted wake turn arun_24adf7594ac7c5a6abf15f666df6a00453222c07d55d4709e2f59cfd54ff0315:input aftermath could not be settled: Error: Runtime execution outcome is unknown.
qwen serve: Hosted wake turn arun_24adf7594ac7c5a6abf15f666df6a00453222c07d55d4709e2f59cfd54ff0315:input aftermath could not be settled: Error: Runtime execution outcome is unknown.
qwen serve: Hosted wake turn arun_24adf7594ac7c5a6abf15f666df6a00453222c07d55d4709e2f59cfd54ff0315:input aftermath could not be settled: Error: Runtime execution outcome is unknown.
qwen serve: Hosted wake turn arun_24adf7594ac7c5a6abf15f666df6a00453222c07d55d4709e2f59cfd54ff0315:input aftermath could not be settled: Error: Runtime execution outcome is unknown.
qwen serve: Hosted wake turn arun_24adf7594ac7c5a6abf15f666df6a00453222c07d55d4709e2f59cfd54ff0315:input aftermath could not be settled: Error: Runtime execution outcome is unknown.
qwen serve: Hosted wake turn arun_24adf7594ac7c5a6abf15f666df6a00453222c07d55d4709e2f59cfd54ff0315:input aftermath could not be settled: Error: Runtime execution outcome is unknown.
qwen serve: Hosted wake turn arun_24adf7594ac7c5a6abf15f666df6a00453222c07d55d4709e2f59cfd54ff0315:input aftermath could not be settled: Error: Runtime execution outcome is unknown.
qwen serve: Hosted wake turn arun_24adf7594ac7c5a6abf15f666df6a00453222c07d55d4709e2f59cfd54ff0315:input aftermath could not be settled: Error: Runtime execution outcome is unknown.
qwen serve: Hosted wake turn arun_24adf7594ac7c5a6abf15f666df6a00453222c07d55d4709e2f59cfd54ff0315:input aftermath could not be settled: Error: Runtime execution outcome is unknown.
qwen serve: Hosted wake turn arun_24adf7594ac7c5a6abf15f666df6a00453222c07d55d4709e2f59cfd54ff0315:input aftermath could not be settled: Error: Runtime execution outcome is unknown.
qwen serve: Hosted wake turn arun_24adf7594ac7c5a6abf15f666df6a00453222c07d55d4709e2f59cfd54ff0315:input aftermath could not be settled: Error: Runtime execution outcome is unknown.
qwen serve: Hosted wake turn arun_24adf7594ac7c5a6abf15f666df6a00453222c07d55d4709e2f59cfd54ff0315:input aftermath could not be settled: Error: Runtime execution outcome is unknown.
qwen serve: Hosted wake turn arun_24adf7594ac7c5a6abf15f666df6a00453222c07d55d4709e2f59cfd54ff0315:input aftermath could not be settled: Error: Runtime execution outcome is unknown.
qwen serve: Hosted wake turn arun_24adf7594ac7c5a6abf15f666df6a00453222c07d55d4709e2f59cfd54ff0315:input aftermath could not be settled: Error: Runtime execution outcome is unknown.
qwen serve: Hosted wake turn arun_24adf7594ac7c5a6abf15f666df6a00453222c07d55d4709e2f59cfd54ff0315:input aftermath could not be settled: Error: Runtime execution outcome is unknown.
qwen serve: Hosted wake turn arun_24adf7594ac7c5a6abf15f666df6a00453222c07d55d4709e2f59cfd54ff0315:input aftermath could not be settled: Error: Runtime execution outcome is unknown.
qwen serve: Hosted wake turn arun_24adf7594ac7c5a6abf15f666df6a00453222c07d55d4709e2f59cfd54ff0315:input aftermath could not be settled: Error: Runtime execution outcome is unknown.
qwen serve: Hosted wake turn arun_24adf7594ac7c5a6abf15f666df6a00453222c07d55d4709e2f59cfd54ff0315:input aftermath could not be settled: Error: Runtime execution outcome is unknown.
qwen serve: Hosted wake turn arun_24adf7594ac7c5a6abf15f666df6a00453222c07d55d4709e2f59cfd54ff0315:input aftermath could not be settled: Error: Runtime execution outcome is unknown.
qwen serve: Hosted wake turn arun_24adf7594ac7c5a6abf15f666df6a00453222c07d55d4709e2f59cfd54ff0315:input aftermath could not be settled: Error: Runtime execution outcome is unknown.
qwen serve: Hosted wake turn arun_24adf7594ac7c5a6abf15f666df6a00453222c07d55d4709e2f59cfd54ff0315:input aftermath could not be settled: Error: Runtime execution outcome is unknown.
qwen serve: Hosted wake turn arun_24adf7594ac7c5a6abf15f666df6a00453222c07d55d4709e2f59cfd54ff0315:input aftermath could not be settled: Error: Runtime execution outcome is unknown.
qwen serve: Hosted wake turn arun_24adf7594ac7c5a6abf15f666df6a00453222c07d55d4709e2f59cfd54ff0315:input aftermath could not be settled: Error: Runtime execution outcome is unknown.
qwen serve: Hosted wake turn arun_24adf7594ac7c5a6abf15f666df6a00453222c07d55d4709e2f59cfd54ff0315:input aftermath could not be settled: Error: Runtime execution outcome is unknown.
qwen serve: Hosted wake turn arun_24adf7594ac7c5a6abf15f666df6a00453222c07d55d4709e2f59cfd54ff0315:input aftermath could not be settled: Error: Runtime execution outcome is unknown.
qwen serve: Hosted wake turn arun_24adf7594ac7c5a6abf15f666df6a00453222c07d55d4709e2f59cfd54ff0315:input aftermath could not be settled: Error: Runtime execution outcome is unknown.
qwen serve: Hosted wake turn arun_24adf7594ac7c5a6abf15f666df6a00453222c07d55d4709e2f59cfd54ff0315:input aftermath could not be settled: Error: Runtime execution outcome is unknown.
qwen serve: Hosted wake turn arun_24adf7594ac7c5a6abf15f666df6a00453222c07d55d4709e2f59cfd54ff0315:input aftermath could not be settled: Error: Runtime execution outcome is unknown.
qwen serve: Hosted wake turn arun_24adf7594ac7c5a6abf15f666df6a00453222c07d55d4709e2f59cfd54ff0315:input aftermath could not be settled: Error: Runtime execution outcome is unknown.
qwen serve: Hosted wake turn arun_24adf7594ac7c5a6abf15f666df6a00453222c07d55d4709e2f59cfd54ff0315:input aftermath could not be settled: Error: Runtime execution outcome is unknown.
qwen serve: Hosted wake turn arun_24adf7594ac7c5a6abf15f666df6a00453222c07d55d4709e2f59cfd54ff0315:input aftermath could not be settled: Error: Runtime execution outcome is unknown.
qwen serve: Hosted wake turn arun_24adf7594ac7c5a6abf15f666df6a00453222c07d55d4709e2f59cfd54ff0315:input aftermath could not be settled: Error: Runtime execution outcome is unknown.
qwen serve: Hosted wake turn arun_24adf7594ac7c5a6abf15f666df6a00453222c07d55d4709e2f59cfd54ff0315:input aftermath could not be settled: Error: Runtime execution outcome is unknown.
qwen serve: Hosted wake turn arun_24adf7594ac7c5a6abf15f666df6a00453222c07d55d4709e2f59cfd54ff0315:input aftermath could not be settled: Error: Runtime execution outcome is unknown.
qwen serve: Hosted wake turn arun_24adf7594ac7c5a6abf15f666df6a00453222c07d55d4709e2f59cfd54ff0315:input aftermath could not be settled: Error: Runtime execution outcome is unknown.
qwen serve: Hosted wake turn arun_24adf7594ac7c5a6abf15f666df6a00453222c07d55d4709e2f59cfd54ff0315:input aftermath could not be settled: Error: Runtime execution outcome is unknown.
qwen serve: Hosted wake turn arun_24adf7594ac7c5a6abf15f666df6a00453222c07d55d4709e2f59cfd54ff0315:input aftermath could not be settled: Error: Runtime execution outcome is unknown.
qwen serve: Hosted wake turn arun_24adf7594ac7c5a6abf15f666df6a00453222c07d55d4709e2f59cfd54ff0315:input aftermath could not be settled: Error: Runtime execution outcome is unknown.
qwen serve: Hosted wake turn arun_24adf7594ac7c5a6abf15f666df6a00453222c07d55d4709e2f59cfd54ff0315:input aftermath could not be settled: Error: Runtime execution outcome is unknown.
qwen serve: Hosted wake turn arun_24adf7594ac7c5a6abf15f666df6a00453222c07d55d4709e2f59cfd54ff0315:input aftermath could not be settled: Error: Runtime execution outcome is unknown.
qwen serve: Hosted wake turn arun_24adf7594ac7c5a6abf15f666df6a00453222c07d55d4709e2f59cfd54ff0315:input aftermath could not be settled: Error: Runtime execution outcome is unknown.
qwen serve: Hosted wake turn arun_24adf7594ac7c5a6abf15f666df6a00453222c07d55d4709e2f59cfd54ff0315:input aftermath could not be settled: Error: Runtime execution outcome is unknown.
qwen serve: Hosted wake turn arun_24adf7594ac7c5a6abf15f666df6a00453222c07d55d4709e2f59cfd54ff0315:input aftermath could not be settled: Error: Runtime execution outcome is unknown.
qwen serve: Hosted wake turn arun_24adf7594ac7c5a6abf15f666df6a00453222c07d55d4709e2f59cfd54ff0315:input aftermath could not be settled: Error: Runtime execution outcome is unknown.
qwen serve: Hosted wake turn arun_24adf7594ac7c5a6abf15f666df6a00453222c07d55d4709e2f59cfd54ff0315:input aftermath could not be settled: Error: Runtime execution outcome is unknown.
qwen serve: Hosted wake turn arun_24adf7594ac7c5a6abf15f666df6a00453222c07d55d4709e2f59cfd54ff0315:input aftermath could not be settled: Error: Runtime execution outcome is unknown.
qwen serve: Hosted wake turn arun_24adf7594ac7c5a6abf15f666df6a00453222c07d55d4709e2f59cfd54ff0315:input aftermath could not be settled: Error: Runtime execution outcome is unknown.
qwen serve: Hosted wake turn arun_24adf7594ac7c5a6abf15f666df6a00453222c07d55d4709e2f59cfd54ff0315:input aftermath could not be settled: Error: Runtime execution outcome is unknown.
qwen serve: Hosted wake turn arun_24adf7594ac7c5a6abf15f666df6a00453222c07d55d4709e2f59cfd54ff0315:input aftermath could not be settled: Error: Runtime execution outcome is unknown.
qwen serve: Hosted wake turn arun_24adf7594ac7c5a6abf15f666df6a00453222c07d55d4709e2f59cfd54ff0315:input aftermath could not be settled: Error: Runtime execution outcome is unknown.
qwen serve: Hosted wake turn arun_24adf7594ac7c5a6abf15f666df6a00453222c07d55d4709e2f59cfd54ff0315:input aftermath could not be settled: Error: Runtime execution outcome is unknown.
qwen serve: Hosted wake turn arun_24adf7594ac7c5a6abf15f666df6a00453222c07d55d4709e2f59cfd54ff0315:input aftermath could not be settled: Error: Runtime execution outcome is unknown.
qwen serve: Hosted wake turn arun_24adf7594ac7c5a6abf15f666df6a00453222c07d55d4709e2f59cfd54ff0315:input aftermath could not be settled: Error: Runtime execution outcome is unknown.
qwen serve: Hosted wake turn arun_24adf7594ac7c5a6abf15f666df6a00453222c07d55d4709e2f59cfd54ff0315:input aftermath could not be settled: Error: Runtime execution outcome is unknown.
qwen serve: Hosted wake turn arun_24adf7594ac7c5a6abf15f666df6a00453222c07d55d4709e2f59cfd54ff0315:input aftermath could not be settled: Error: Runtime execution outcome is unknown.
qwen serve: Hosted wake turn arun_24adf7594ac7c5a6abf15f666df6a00453222c07d55d4709e2f59cfd54ff0315:input aftermath could not be settled: Error: Runtime execution outcome is unknown.
qwen serve: Hosted wake turn arun_24adf7594ac7c5a6abf15f666df6a00453222c07d55d4709e2f59cfd54ff0315:input aftermath could not be settled: Error: Runtime execution outcome is unknown.
qwen serve: Hosted wake turn arun_24adf7594ac7c5a6abf15f666df6a00453222c07d55d4709e2f59cfd54ff0315:input aftermath could not be settled: Error: Runtime execution outcome is unknown.
qwen serve: Hosted wake turn arun_24adf7594ac7c5a6abf15f666df6a00453222c07d55d4709e2f59cfd54ff0315:input aftermath could not be settled: Error: Runtime execution outcome is unknown.
qwen serve: Hosted wake turn arun_24adf7594ac7c5a6abf15f666df6a00453222c07d55d4709e2f59cfd54ff0315:input aftermath could not be settled: Error: Runtime execution outcome is unknown.
qwen serve: Hosted wake turn arun_24adf7594ac7c5a6abf15f666df6a00453222c07d55d4709e2f59cfd54ff0315:input aftermath could not be settled: Error: Runtime execution outcome is unknown.
qwen serve: Hosted wake turn arun_24adf7594ac7c5a6abf15f666df6a00453222c07d55d4709e2f59cfd54ff0315:input aftermath could not be settled: Error: Runtime execution outcome is unknown.
qwen serve: Hosted wake turn arun_24adf7594ac7c5a6abf15f666df6a00453222c07d55d4709e2f59cfd54ff0315:input aftermath could not be settled: Error: Runtime execution outcome is unknown.
qwen serve: Hosted wake turn arun_24adf7594ac7c5a6abf15f666df6a00453222c07d55d4709e2f59cfd54ff0315:input aftermath could not be settled: Error: Runtime execution outcome is unknown.
qwen serve: Hosted wake turn arun_24adf7594ac7c5a6abf15f666df6a00453222c07d55d4709e2f59cfd54ff0315:input aftermath could not be settled: Error: Runtime execution outcome is unknown.
qwen serve: Hosted wake turn arun_24adf7594ac7c5a6abf15f666df6a00453222c07d55d4709e2f59cfd54ff0315:input aftermath could not be settled: Error: Runtime execution outcome is unknown.
qwen serve: Hosted wake turn arun_24adf7594ac7c5a6abf15f666df6a00453222c07d55d4709e2f59cfd54ff0315:input aftermath could not be settled: Error: Runtime execution outcome is unknown.
qwen serve: Hosted wake turn arun_24adf7594ac7c5a6abf15f666df6a00453222c07d55d4709e2f59cfd54ff0315:input aftermath could not be settled: Error: Runtime execution outcome is unknown.
qwen serve: Hosted wake turn arun_24adf7594ac7c5a6abf15f666df6a00453222c07d55d4709e2f59cfd54ff0315:input aftermath could not be settled: Error: Runtime execution outcome is unknown.
qwen serve: Hosted wake turn arun_24adf7594ac7c5a6abf15f666df6a00453222c07d55d4709e2f59cfd54ff0315:input aftermath could not be settled: Error: Runtime execution outcome is unknown.
qwen serve: Hosted wake turn arun_24adf7594ac7c5a6abf15f666df6a00453222c07d55d4709e2f59cfd54ff0315:input aftermath could not be settled: Error: Runtime execution outcome is unknown.
qwen serve: Hosted wake turn arun_24adf7594ac7c5a6abf15f666df6a00453222c07d55d4709e2f59cfd54ff0315:input aftermath could not be settled: Error: Runtime execution outcome is unknown.
qwen serve: Hosted wake turn arun_24adf7594ac7c5a6abf15f666df6a00453222c07d55d4709e2f59cfd54ff0315:input aftermath could not be settled: Error: Runtime execution outcome is unknown.
qwen serve: Hosted wake turn arun_24adf7594ac7c5a6abf15f666df6a00453222c07d55d4709e2f59cfd54ff0315:input aftermath could not be settled: Error: Runtime execution outcome is unknown.
qwen serve: Hosted wake turn arun_24adf7594ac7c5a6abf15f666df6a00453222c07d55d4709e2f59cfd54ff0315:input aftermath could not be settled: Error: Runtime execution outcome is unknown.
qwen serve: Hosted wake turn arun_24adf7594ac7c5a6abf15f666df6a00453222c07d55d4709e2f59cfd54ff0315:input aftermath could not be settled: Error: Runtime execution outcome is unknown.
qwen serve: Hosted wake turn arun_24adf7594ac7c5a6abf15f666df6a00453222c07d55d4709e2f59cfd54ff0315:input aftermath could not be settled: Error: Runtime execution outcome is unknown.
qwen serve: Hosted wake turn arun_24adf7594ac7c5a6abf15f666df6a00453222c07d55d4709e2f59cfd54ff0315:input aftermath could not be settled: Error: Runtime execution outcome is unknown.
qwen serve: Hosted wake turn arun_24adf7594ac7c5a6abf15f666df6a00453222c07d55d4709e2f59cfd54ff0315:input aftermath could not be settled: Error: Runtime execution outcome is unknown.
qwen serve: Hosted wake turn arun_24adf7594ac7c5a6abf15f666df6a00453222c07d55d4709e2f59cfd54ff0315:input aftermath could not be settled: Error: Runtime execution outcome is unknown.
qwen serve: Hosted wake turn arun_24adf7594ac7c5a6abf15f666df6a00453222c07d55d4709e2f59cfd54ff0315:input aftermath could not be settled: Error: Runtime execution outcome is unknown.
qwen serve: Hosted wake turn arun_24adf7594ac7c5a6abf15f666df6a00453222c07d55d4709e2f59cfd54ff0315:input aftermath could not be settled: Error: Runtime execution outcome is unknown.
qwen serve: Hosted wake turn arun_24adf7594ac7c5a6abf15f666df6a00453222c07d55d4709e2f59cfd54ff0315:input aftermath could not be settled: Error: Runtime execution outcome is unknown.
qwen serve: Hosted wake turn arun_24adf7594ac7c5a6abf15f666df6a00453222c07d55d4709e2f59cfd54ff0315:input aftermath could not be settled: Error: Runtime execution outcome is unknown.
qwen serve: Hosted wake turn arun_24adf7594ac7c5a6abf15f666df6a00453222c07d55d4709e2f59cfd54ff0315:input aftermath could not be settled: Error: Runtime execution outcome is unknown.
qwen serve: Hosted wake turn arun_24adf7594ac7c5a6abf15f666df6a00453222c07d55d4709e2f59cfd54ff0315:input aftermath could not be settled: Error: Runtime execution outcome is unknown.
qwen serve: Hosted wake turn arun_24adf7594ac7c5a6abf15f666df6a00453222c07d55d4709e2f59cfd54ff0315:input aftermath could not be settled: Error: Runtime execution outcome is unknown.
qwen serve: Hosted wake turn arun_24adf7594ac7c5a6abf15f666df6a00453222c07d55d4709e2f59cfd54ff0315:input aftermath could not be settled: Error: Runtime execution outcome is unknown.
qwen serve: Hosted wake turn arun_24adf7594ac7c5a6abf15f666df6a00453222c07d55d4709e2f59cfd54ff0315:input aftermath could not be settled: Error: Runtime execution outcome is unknown.
qwen serve: Hosted wake turn arun_24adf7594ac7c5a6abf15f666df6a00453222c07d55d4709e2f59cfd54ff0315:input aftermath could not be settled: Error: Runtime execution outcome is unknown.
qwen serve: Hosted wake turn arun_24adf7594ac7c5a6abf15f666df6a00453222c07d55d4709e2f59cfd54ff0315:input aftermath could not be settled: Error: Runtime execution outcome is unknown.
qwen serve: Hosted wake turn arun_24adf7594ac7c5a6abf15f666df6a00453222c07d55d4709e2f59cfd54ff0315:input aftermath could not be settled: Error: Runtime execution outcome is unknown.
qwen serve: Hosted wake turn arun_24adf7594ac7c5a6abf15f666df6a00453222c07d55d4709e2f59cfd54ff0315:input aftermath could not be settled: Error: Runtime execution outcome is unknown.
qwen serve: Hosted wake turn arun_24adf7594ac7c5a6abf15f666df6a00453222c07d55d4709e2f59cfd54ff0315:input aftermath could not be settled: Error: Runtime execution outcome is unknown.
qwen serve: Hosted wake turn arun_24adf7594ac7c5a6abf15f666df6a00453222c07d55d4709e2f59cfd54ff0315:input aftermath could not be settled: Error: Runtime execution outcome is unknown.
qwen serve: Hosted wake turn arun_24adf7594ac7c5a6abf15f666df6a00453222c07d55d4709e2f59cfd54ff0315:input aftermath could not be settled: Error: Runtime execution outcome is unknown.
qwen serve: Hosted wake turn arun_24adf7594ac7c5a6abf15f666df6a00453222c07d55d4709e2f59cfd54ff0315:input aftermath could not be settled: Error: Runtime execution outcome is unknown.
qwen serve: Hosted wake turn arun_24adf7594ac7c5a6abf15f666df6a00453222c07d55d4709e2f59cfd54ff0315:input aftermath could not be settled: Error: Runtime execution outcome is unknown.
qwen serve: Hosted wake turn arun_24adf7594ac7c5a6abf15f666df6a00453222c07d55d4709e2f59cfd54ff0315:input aftermath could not be settled: Error: Runtime execution outcome is unknown.
qwen serve: Hosted wake turn arun_24adf7594ac7c5a6abf15f666df6a00453222c07d55d4709e2f59cfd54ff0315:input aftermath could not be settled: Error: Runtime execution outcome is unknown.
qwen serve: Hosted wake turn arun_24adf7594ac7c5a6abf15f666df6a00453222c07d55d4709e2f59cfd54ff0315:input aftermath could not be settled: Error: Runtime execution outcome is unknown.
qwen serve: Hosted wake turn arun_24adf7594ac7c5a6abf15f666df6a00453222c07d55d4709e2f59cfd54ff0315:input aftermath could not be settled: Error: Runtime execution outcome is unknown.
qwen serve: Hosted wake turn arun_24adf7594ac7c5a6abf15f666df6a00453222c07d55d4709e2f59cfd54ff0315:input aftermath could not be settled: Error: Runtime execution outcome is unknown.
qwen serve: Hosted wake turn arun_24adf7594ac7c5a6abf15f666df6a00453222c07d55d4709e2f59cfd54ff0315:input aftermath could not be settled: Error: Runtime execution outcome is unknown.
qwen serve: Hosted wake turn arun_24adf7594ac7c5a6abf15f666df6a00453222c07d55d4709e2f59cfd54ff0315:input aftermath could not be settled: Error: Runtime execution outcome is unknown.
qwen serve: Hosted wake turn arun_24adf7594ac7c5a6abf15f666df6a00453222c07d55d4709e2f59cfd54ff0315:input aftermath could not be settled: Error: Runtime execution outcome is unknown.
qwen serve: Hosted wake turn arun_24adf7594ac7c5a6abf15f666df6a00453222c07d55d4709e2f59cfd54ff0315:input aftermath could not be settled: Error: Runtime execution outcome is unknown.
qwen serve: Hosted wake turn arun_24adf7594ac7c5a6abf15f666df6a00453222c07d55d4709e2f59cfd54ff0315:input aftermath could not be settled: Error: Runtime execution outcome is unknown.
qwen serve: Hosted wake turn arun_24adf7594ac7c5a6abf15f666df6a00453222c07d55d4709e2f59cfd54ff0315:input aftermath could not be settled: Error: Runtime execution outcome is unknown.
qwen serve: Hosted wake turn arun_24adf7594ac7c5a6abf15f666df6a00453222c07d55d4709e2f59cfd54ff0315:input aftermath could not be settled: Error: Runtime execution outcome is unknown.
qwen serve: Hosted wake turn arun_24adf7594ac7c5a6abf15f666df6a00453222c07d55d4709e2f59cfd54ff0315:input aftermath could not be settled: Error: Runtime execution outcome is unknown.
qwen serve: Hosted wake turn arun_24adf7594ac7c5a6abf15f666df6a00453222c07d55d4709e2f59cfd54ff0315:input aftermath could not be settled: Error: Runtime execution outcome is unknown.
qwen serve: Hosted wake turn arun_24adf7594ac7c5a6abf15f666df6a00453222c07d55d4709e2f59cfd54ff0315:input aftermath could not be settled: Error: Runtime execution outcome is unknown.
qwen serve: Hosted wake turn arun_24adf7594ac7c5a6abf15f666df6a00453222c07d55d4709e2f59cfd54ff0315:input aftermath could not be settled: Error: Runtime execution outcome is unknown.
qwen serve: Hosted wake turn arun_24adf7594ac7c5a6abf15f666df6a00453222c07d55d4709e2f59cfd54ff0315:input aftermath could not be settled: Error: Runtime execution outcome is unknown.
qwen serve: Hosted wake turn arun_24adf7594ac7c5a6abf15f666df6a00453222c07d55d4709e2f59cfd54ff0315:input aftermath could not be settled: Error: Runtime execution outcome is unknown.
qwen serve: Hosted wake turn arun_24adf7594ac7c5a6abf15f666df6a00453222c07d55d4709e2f59cfd54ff0315:input aftermath could not be settled: Error: Runtime execution outcome is unknown.
qwen serve: Hosted wake turn arun_24adf7594ac7c5a6abf15f666df6a00453222c07d55d4709e2f59cfd54ff0315:input aftermath could not be settled: Error: Runtime execution outcome is unknown.
qwen serve: Hosted wake turn arun_24adf7594ac7c5a6abf15f666df6a00453222c07d55d4709e2f59cfd54ff0315:input aftermath could not be settled: Error: Runtime execution outcome is unknown.
qwen serve: Hosted wake turn arun_24adf7594ac7c5a6abf15f666df6a00453222c07d55d4709e2f59cfd54ff0315:input aftermath could not be settled: Error: Runtime execution outcome is unknown.
qwen serve: Hosted wake turn arun_24adf7594ac7c5a6abf15f666df6a00453222c07d55d4709e2f59cfd54ff0315:input aftermath could not be settled: Error: Runtime execution outcome is unknown.
qwen serve: Hosted wake turn arun_24adf7594ac7c5a6abf15f666df6a00453222c07d55d4709e2f59cfd54ff0315:input aftermath could not be settled: Error: Runtime execution outcome is unknown.
qwen serve: Hosted wake turn arun_24adf7594ac7c5a6abf15f666df6a00453222c07d55d4709e2f59cfd54ff0315:input aftermath could not be settled: Error: Runtime execution outcome is unknown.
qwen serve: Hosted wake turn arun_24adf7594ac7c5a6abf15f666df6a00453222c07d55d4709e2f59cfd54ff0315:input aftermath could not be settled: Error: Runtime execution outcome is unknown.
qwen serve: Hosted wake turn arun_24adf7594ac7c5a6abf15f666df6a00453222c07d55d4709e2f59cfd54ff0315:input aftermath could not be settled: Error: Runtime execution outcome is unknown.
qwen serve: Hosted wake turn arun_24adf7594ac7c5a6abf15f666df6a00453222c07d55d4709e2f59cfd54ff0315:input aftermath could not be settled: Error: Runtime execution outcome is unknown.
qwen serve: Hosted wake turn arun_24adf7594ac7c5a6abf15f666df6a00453222c07d55d4709e2f59cfd54ff0315:input aftermath could not be settled: Error: Runtime execution outcome is unknown.
qwen serve: Hosted wake turn arun_24adf7594ac7c5a6abf15f666df6a00453222c07d55d4709e2f59cfd54ff0315:input aftermath could not be settled: Error: Runtime execution outcome is unknown.
qwen serve: Hosted wake turn arun_24adf7594ac7c5a6abf15f666df6a00453222c07d55d4709e2f59cfd54ff0315:input aftermath could not be settled: Error: Runtime execution outcome is unknown.
qwen serve: Hosted wake turn arun_24adf7594ac7c5a6abf15f666df6a00453222c07d55d4709e2f59cfd54ff0315:input aftermath could not be settled: Error: Runtime execution outcome is unknown.
qwen serve: Hosted wake turn arun_24adf7594ac7c5a6abf15f666df6a00453222c07d55d4709e2f59cfd54ff0315:input aftermath could not be settled: Error: Runtime execution outcome is unknown.
qwen serve: Hosted wake turn arun_24adf7594ac7c5a6abf15f666df6a00453222c07d55d4709e2f59cfd54ff0315:input aftermath could not be settled: Error: Runtime execution outcome is unknown.
qwen serve: Hosted wake turn arun_24adf7594ac7c5a6abf15f666df6a00453222c07d55d4709e2f59cfd54ff0315:input aftermath could not be settled: Error: Runtime execution outcome is unknown.
qwen serve: Hosted wake turn arun_24adf7594ac7c5a6abf15f666df6a00453222c07d55d4709e2f59cfd54ff0315:input aftermath could not be settled: Error: Runtime execution outcome is unknown.
qwen serve: Hosted wake turn arun_24adf7594ac7c5a6abf15f666df6a00453222c07d55d4709e2f59cfd54ff0315:input aftermath could not be settled: Error: Runtime execution outcome is unknown.
qwen serve: Hosted wake turn arun_24adf7594ac7c5a6abf15f666df6a00453222c07d55d4709e2f59cfd54ff0315:input aftermath could not be settled: Error: Runtime execution outcome is unknown.
qwen serve: Hosted wake turn arun_24adf7594ac7c5a6abf15f666df6a00453222c07d55d4709e2f59cfd54ff0315:input aftermath could not be settled: Error: Runtime execution outcome is unknown.
qwen serve: Hosted wake turn arun_24adf7594ac7c5a6abf15f666df6a00453222c07d55d4709e2f59cfd54ff0315:input aftermath could not be settled: Error: Runtime execution outcome is unknown.
qwen serve: Hosted wake turn arun_24adf7594ac7c5a6abf15f666df6a00453222c07d55d4709e2f59cfd54ff0315:input aftermath could not be settled: Error: Runtime execution outcome is unknown.
qwen serve: Hosted wake turn arun_24adf7594ac7c5a6abf15f666df6a00453222c07d55d4709e2f59cfd54ff0315:input aftermath could not be settled: Error: Runtime execution outcome is unknown.
qwen serve: Hosted wake turn arun_24adf7594ac7c5a6abf15f666df6a00453222c07d55d4709e2f59cfd54ff0315:input aftermath could not be settled: Error: Runtime execution outcome is unknown.
qwen serve: Hosted wake turn arun_24adf7594ac7c5a6abf15f666df6a00453222c07d55d4709e2f59cfd54ff0315:input aftermath could not be settled: Error: Runtime execution outcome is unknown.
qwen serve: Hosted wake turn arun_24adf7594ac7c5a6abf15f666df6a00453222c07d55d4709e2f59cfd54ff0315:input aftermath could not be settled: Error: Runtime execution outcome is unknown.
qwen serve: Hosted wake turn arun_24adf7594ac7c5a6abf15f666df6a00453222c07d55d4709e2f59cfd54ff0315:input aftermath could not be settled: Error: Runtime execution outcome is unknown.
qwen serve: Hosted wake turn arun_24adf7594ac7c5a6abf15f666df6a00453222c07d55d4709e2f59cfd54ff0315:input aftermath could not be settled: Error: Runtime execution outcome is unknown.
qwen serve: Hosted wake turn arun_24adf7594ac7c5a6abf15f666df6a00453222c07d55d4709e2f59cfd54ff0315:input aftermath could not be settled: Error: Runtime execution outcome is unknown.
qwen serve: Hosted wake turn arun_24adf7594ac7c5a6abf15f666df6a00453222c07d55d4709e2f59cfd54ff0315:input aftermath could not be settled: Error: Runtime execution outcome is unknown.
qwen serve: Hosted wake turn arun_24adf7594ac7c5a6abf15f666df6a00453222c07d55d4709e2f59cfd54ff0315:input aftermath could not be settled: Error: Runtime execution outcome is unknown.
qwen serve: Hosted wake turn arun_24adf7594ac7c5a6abf15f666df6a00453222c07d55d4709e2f59cfd54ff0315:input aftermath could not be settled: Error: Runtime execution outcome is unknown.
qwen serve: Hosted wake turn arun_24adf7594ac7c5a6abf15f666df6a00453222c07d55d4709e2f59cfd54ff0315:input aftermath could not be settled: Error: Runtime execution outcome is unknown.
qwen serve: Hosted wake turn arun_24adf7594ac7c5a6abf15f666df6a00453222c07d55d4709e2f59cfd54ff0315:input aftermath could not be settled: Error: Runtime execution outcome is unknown.
qwen serve: Hosted wake turn arun_24adf7594ac7c5a6abf15f666df6a00453222c07d55d4709e2f59cfd54ff0315:input aftermath could not be settled: Error: Runtime execution outcome is unknown.
qwen serve: Hosted wake turn arun_24adf7594ac7c5a6abf15f666df6a00453222c07d55d4709e2f59cfd54ff0315:input aftermath could not be settled: Error: Runtime execution outcome is unknown.
qwen serve: Hosted wake turn arun_24adf7594ac7c5a6abf15f666df6a00453222c07d55d4709e2f59cfd54ff0315:input aftermath could not be settled: Error: Runtime execution outcome is unknown.
qwen serve: Hosted wake turn arun_24adf7594ac7c5a6abf15f666df6a00453222c07d55d4709e2f59cfd54ff0315:input aftermath could not be settled: Error: Runtime execution outcome is unknown.
qwen serve: Hosted wake turn arun_24adf7594ac7c5a6abf15f666df6a00453222c07d55d4709e2f59cfd54ff0315:input aftermath could not be settled: Error: Runtime execution outcome is unknown.
qwen serve: Hosted wake turn arun_24adf7594ac7c5a6abf15f666df6a00453222c07d55d4709e2f59cfd54ff0315:input aftermath could not be settled: Error: Runtime execution outcome is unknown.
qwen serve: Hosted wake turn arun_24adf7594ac7c5a6abf15f666df6a00453222c07d55d4709e2f59cfd54ff0315:input aftermath could not be settled: Error: Runtime execution outcome is unknown.
qwen serve: Hosted wake turn arun_24adf7594ac7c5a6abf15f666df6a00453222c07d55d4709e2f59cfd54ff0315:input aftermath could not be settled: Error: Runtime execution outcome is unknown.
qwen serve: Hosted wake turn arun_24adf7594ac7c5a6abf15f666df6a00453222c07d55d4709e2f59cfd54ff0315:input aftermath could not be settled: Error: Runtime execution outcome is unknown.
qwen serve: Hosted wake turn arun_24adf7594ac7c5a6abf15f666df6a00453222c07d55d4709e2f59cfd54ff0315:input aftermath could not be settled: Error: Runtime execution outcome is unknown.
qwen serve: Hosted wake turn arun_24adf7594ac7c5a6abf15f666df6a00453222c07d55d4709e2f59cfd54ff0315:input aftermath could not be settled: Error: Runtime execution outcome is unknown.
qwen serve: Hosted wake turn arun_24adf7594ac7c5a6abf15f666df6a00453222c07d55d4709e2f59cfd54ff0315:input aftermath could not be settled: Error: Runtime execution outcome is unknown.
qwen serve: Hosted wake turn arun_24adf7594ac7c5a6abf15f666df6a00453222c07d55d4709e2f59cfd54ff0315:input aftermath could not be settled: Error: Runtime execution outcome is unknown.
qwen serve: Hosted wake turn arun_24adf7594ac7c5a6abf15f666df6a00453222c07d55d4709e2f59cfd54ff0315:input aftermath could not be settled: Error: Runtime execution outcome is unknown.
qwen serve: Hosted wake turn arun_24adf7594ac7c5a6abf15f666df6a00453222c07d55d4709e2f59cfd54ff0315:input aftermath could not be settled: Error: Runtime execution outcome is unknown.
qwen serve: Hosted wake turn arun_24adf7594ac7c5a6abf15f666df6a00453222c07d55d4709e2f59cfd54ff0315:input aftermath could not be settled: Error: Runtime execution outcome is unknown.
qwen serve: Hosted wake turn arun_24adf7594ac7c5a6abf15f666df6a00453222c07d55d4709e2f59cfd54ff0315:input aftermath could not be settled: Error: Runtime execution outcome is unknown.
qwen serve: Hosted wake turn arun_24adf7594ac7c5a6abf15f666df6a00453222c07d55d4709e2f59cfd54ff0315:input aftermath could not be settled: Error: Runtime execution outcome is unknown.
qwen serve: Hosted wake turn arun_24adf7594ac7c5a6abf15f666df6a00453222c07d55d4709e2f59cfd54ff0315:input aftermath could not be settled: Error: Runtime execution outcome is unknown.
qwen serve: Hosted wake turn arun_24adf7594ac7c5a6abf15f666df6a00453222c07d55d4709e2f59cfd54ff0315:input aftermath could not be settled: Error: Runtime execution outcome is unknown.
qwen serve: Hosted wake turn arun_24adf7594ac7c5a6abf15f666df6a00453222c07d55d4709e2f59cfd54ff0315:input aftermath could not be settled: Error: Runtime execution outcome is unknown.
qwen serve: Hosted wake turn arun_24adf7594ac7c5a6abf15f666df6a00453222c07d55d4709e2f59cfd54ff0315:input aftermath could not be settled: Error: Runtime execution outcome is unknown.
qwen serve: Hosted wake turn arun_24adf7594ac7c5a6abf15f666df6a00453222c07d55d4709e2f59cfd54ff0315:input aftermath could not be settled: Error: Runtime execution outcome is unknown.
qwen serve: Hosted wake turn arun_24adf7594ac7c5a6abf15f666df6a00453222c07d55d4709e2f59cfd54ff0315:input aftermath could not be settled: Error: Runtime execution outcome is unknown.
qwen serve: Hosted wake turn arun_24adf7594ac7c5a6abf15f666df6a00453222c07d55d4709e2f59cfd54ff0315:input aftermath could not be settled: Error: Runtime execution outcome is unknown.
qwen serve: Hosted wake turn arun_24adf7594ac7c5a6abf15f666df6a00453222c07d55d4709e2f59cfd54ff0315:input aftermath could not be settled: Error: Runtime execution outcome is unknown.
qwen serve: Hosted wake turn arun_24adf7594ac7c5a6abf15f666df6a00453222c07d55d4709e2f59cfd54ff0315:input aftermath could not be settled: Error: Runtime execution outcome is unknown.
qwen serve: Hosted wake turn arun_24adf7594ac7c5a6abf15f666df6a00453222c07d55d4709e2f59cfd54ff0315:input aftermath could not be settled: Error: Runtime execution outcome is unknown.
qwen serve: Hosted wake turn arun_24adf7594ac7c5a6abf15f666df6a00453222c07d55d4709e2f59cfd54ff0315:input aftermath could not be settled: Error: Runtime execution outcome is unknown.
qwen serve: Hosted wake turn arun_24adf7594ac7c5a6abf15f666df6a00453222c07d55d4709e2f59cfd54ff0315:input aftermath could not be settled: Error: Runtime execution outcome is unknown.
qwen serve: Hosted wake turn arun_24adf7594ac7c5a6abf15f666df6a00453222c07d55d4709e2f59cfd54ff0315:input aftermath could not be settled: Error: Runtime execution outcome is unknown.
qwen serve: Hosted wake turn arun_24adf7594ac7c5a6abf15f666df6a00453222c07d55d4709e2f59cfd54ff0315:input aftermath could not be settled: Error: Runtime execution outcome is unknown.
qwen serve: Hosted wake turn arun_24adf7594ac7c5a6abf15f666df6a00453222c07d55d4709e2f59cfd54ff0315:input aftermath could not be settled: Error: Runtime execution outcome is unknown.
qwen serve: Hosted wake turn arun_24adf7594ac7c5a6abf15f666df6a00453222c07d55d4709e2f59cfd54ff0315:input aftermath could not be settled: Error: Runtime execution outcome is unknown.
qwen serve: Hosted wake turn arun_24adf7594ac7c5a6abf15f666df6a00453222c07d55d4709e2f59cfd54ff0315:input aftermath could not be settled: Error: Runtime execution outcome is unknown.
qwen serve: Hosted wake turn arun_24adf7594ac7c5a6abf15f666df6a00453222c07d55d4709e2f59cfd54ff0315:input aftermath could not be settled: Error: Runtime execution outcome is unknown.
qwen serve: Hosted wake turn arun_24adf7594ac7c5a6abf15f666df6a00453222c07d55d4709e2f59cfd54ff0315:input aftermath could not be settled: Error: Runtime execution outcome is unknown.
qwen serve: Hosted wake turn arun_24adf7594ac7c5a6abf15f666df6a00453222c07d55d4709e2f59cfd54ff0315:input aftermath could not be settled: Error: Runtime execution outcome is unknown.
qwen serve: Hosted wake turn arun_24adf7594ac7c5a6abf15f666df6a00453222c07d55d4709e2f59cfd54ff0315:input aftermath could not be settled: Error: Runtime execution outcome is unknown.
qwen serve: Hosted wake turn arun_24adf7594ac7c5a6abf15f666df6a00453222c07d55d4709e2f59cfd54ff0315:input aftermath could not be settled: Error: Runtime execution outcome is unknown.
qwen serve: Hosted wake turn arun_24adf7594ac7c5a6abf15f666df6a00453222c07d55d4709e2f59cfd54ff0315:input aftermath could not be settled: Error: Runtime execution outcome is unknown.
qwen serve: Hosted wake turn arun_24adf7594ac7c5a6abf15f666df6a00453222c07d55d4709e2f59cfd54ff0315:input aftermath could not be settled: Error: Runtime execution outcome is unknown.
qwen serve: Hosted wake turn arun_24adf7594ac7c5a6abf15f666df6a00453222c07d55d4709e2f59cfd54ff0315:input aftermath could not be settled: Error: Runtime execution outcome is unknown.
qwen serve: Hosted wake turn arun_24adf7594ac7c5a6abf15f666df6a00453222c07d55d4709e2f59cfd54ff0315:input aftermath could not be settled: Error: Runtime execution outcome is unknown.
qwen serve: Hosted wake turn arun_24adf7594ac7c5a6abf15f666df6a00453222c07d55d4709e2f59cfd54ff0315:input aftermath could not be settled: Error: Runtime execution outcome is unknown.
qwen serve: Hosted wake turn arun_24adf7594ac7c5a6abf15f666df6a00453222c07d55d4709e2f59cfd54ff0315:input aftermath could not be settled: Error: Runtime execution outcome is unknown.
qwen serve: Hosted wake turn arun_24adf7594ac7c5a6abf15f666df6a00453222c07d55d4709e2f59cfd54ff0315:input aftermath could not be settled: Error: Runtime execution outcome is unknown.
qwen serve: Hosted wake turn arun_24adf7594ac7c5a6abf15f666df6a00453222c07d55d4709e2f59cfd54ff0315:input aftermath could not be settled: Error: Runtime execution outcome is unknown.
qwen serve: Hosted wake turn arun_24adf7594ac7c5a6abf15f666df6a00453222c07d55d4709e2f59cfd54ff0315:input aftermath could not be settled: Error: Runtime execution outcome is unknown.
qwen serve: Hosted wake turn arun_24adf7594ac7c5a6abf15f666df6a00453222c07d55d4709e2f59cfd54ff0315:input aftermath could not be settled: Error: Runtime execution outcome is unknown.
qwen serve: Hosted wake turn arun_24adf7594ac7c5a6abf15f666df6a00453222c07d55d4709e2f59cfd54ff0315:input aftermath could not be settled: Error: Runtime execution outcome is unknown.
qwen serve: Hosted wake turn arun_24adf7594ac7c5a6abf15f666df6a00453222c07d55d4709e2f59cfd54ff0315:input aftermath could not be settled: Error: Runtime execution outcome is unknown.
qwen serve: Hosted wake turn arun_24adf7594ac7c5a6abf15f666df6a00453222c07d55d4709e2f59cfd54ff0315:input aftermath could not be settled: Error: Runtime execution outcome is unknown.
qwen serve: Hosted wake turn arun_24adf7594ac7c5a6abf15f666df6a00453222c07d55d4709e2f59cfd54ff0315:input aftermath could not be settled: Error: Runtime execution outcome is unknown.
qwen serve: Hosted wake turn arun_24adf7594ac7c5a6abf15f666df6a00453222c07d55d4709e2f59cfd54ff0315:input aftermath could not be settled: Error: Runtime execution outcome is unknown.
qwen serve: Hosted wake turn arun_24adf7594ac7c5a6abf15f666df6a00453222c07d55d4709e2f59cfd54ff0315:input aftermath could not be settled: Error: Runtime execution outcome is unknown.
qwen serve: Hosted wake turn arun_24adf7594ac7c5a6abf15f666df6a00453222c07d55d4709e2f59cfd54ff0315:input aftermath could not be settled: Error: Runtime execution outcome is unknown.
qwen serve: Hosted wake turn arun_24adf7594ac7c5a6abf15f666df6a00453222c07d55d4709e2f59cfd54ff0315:input aftermath could not be settled: Error: Runtime execution outcome is unknown.
qwen serve: Hosted wake turn arun_24adf7594ac7c5a6abf15f666df6a00453222c07d55d4709e2f59cfd54ff0315:input aftermath could not be settled: Error: Runtime execution outcome is unknown.
qwen serve: Hosted wake turn arun_24adf7594ac7c5a6abf15f666df6a00453222c07d55d4709e2f59cfd54ff0315:input aftermath could not be settled: Error: Runtime execution outcome is unknown.
qwen serve: Hosted wake turn arun_24adf7594ac7c5a6abf15f666df6a00453222c07d55d4709e2f59cfd54ff0315:input aftermath could not be settled: Error: Runtime execution outcome is unknown.
qwen serve: Hosted wake turn arun_24adf7594ac7c5a6abf15f666df6a00453222c07d55d4709e2f59cfd54ff0315:input aftermath could not be settled: Error: Runtime execution outcome is unknown.
qwen serve: Hosted wake turn arun_24adf7594ac7c5a6abf15f666df6a00453222c07d55d4709e2f59cfd54ff0315:input aftermath could not be settled: Error: Runtime execution outcome is unknown.
qwen serve: Hosted wake turn arun_24adf7594ac7c5a6abf15f666df6a00453222c07d55d4709e2f59cfd54ff0315:input aftermath could not be settled: Error: Runtime execution outcome is unknown.
qwen serve: Hosted wake turn arun_24adf7594ac7c5a6abf15f666df6a00453222c07d55d4709e2f59cfd54ff0315:input aftermath could not be settled: Error: Runtime execution outcome is unknown.
qwen serve: Hosted wake turn arun_24adf7594ac7c5a6abf15f666df6a00453222c07d55d4709e2f59cfd54ff0315:input aftermath could not be settled: Error: Runtime execution outcome is unknown.
qwen serve: Hosted wake turn arun_24adf7594ac7c5a6abf15f666df6a00453222c07d55d4709e2f59cfd54ff0315:input aftermath could not be settled: Error: Runtime execution outcome is unknown.
qwen serve: Hosted wake turn arun_24adf7594ac7c5a6abf15f666df6a00453222c07d55d4709e2f59cfd54ff0315:input aftermath could not be settled: Error: Runtime execution outcome is unknown.
qwen serve: Hosted wake turn arun_24adf7594ac7c5a6abf15f666df6a00453222c07d55d4709e2f59cfd54ff0315:input aftermath could not be settled: Error: Runtime execution outcome is unknown.
qwen serve: Hosted wake turn arun_24adf7594ac7c5a6abf15f666df6a00453222c07d55d4709e2f59cfd54ff0315:input aftermath could not be settled: Error: Runtime execution outcome is unknown.
qwen serve: Hosted wake turn arun_24adf7594ac7c5a6abf15f666df6a00453222c07d55d4709e2f59cfd54ff0315:input aftermath could not be settled: Error: Runtime execution outcome is unknown.
qwen serve: Hosted wake turn arun_24adf7594ac7c5a6abf15f666df6a00453222c07d55d4709e2f59cfd54ff0315:input aftermath could not be settled: Error: Runtime execution outcome is unknown.
qwen serve: Hosted wake turn arun_24adf7594ac7c5a6abf15f666df6a00453222c07d55d4709e2f59cfd54ff0315:input aftermath could not be settled: Error: Runtime execution outcome is unknown.
qwen serve: Hosted wake turn arun_24adf7594ac7c5a6abf15f666df6a00453222c07d55d4709e2f59cfd54ff0315:input aftermath could not be settled: Error: Runtime execution outcome is unknown.
qwen serve: Hosted wake turn arun_24adf7594ac7c5a6abf15f666df6a00453222c07d55d4709e2f59cfd54ff0315:input aftermath could not be settled: Error: Runtime execution outcome is unknown.
qwen serve: Hosted wake turn arun_24adf7594ac7c5a6abf15f666df6a00453222c07d55d4709e2f59cfd54ff0315:input aftermath could not be settled: Error: Runtime execution outcome is unknown.
qwen serve: Hosted wake turn arun_24adf7594ac7c5a6abf15f666df6a00453222c07d55d4709e2f59cfd54ff0315:input aftermath could not be settled: Error: Runtime execution outcome is unknown.
qwen serve: Hosted wake turn arun_24adf7594ac7c5a6abf15f666df6a00453222c07d55d4709e2f59cfd54ff0315:input aftermath could not be settled: Error: Runtime execution outcome is unknown.
qwen serve: Hosted wake turn arun_24adf7594ac7c5a6abf15f666df6a00453222c07d55d4709e2f59cfd54ff0315:input aftermath could not be settled: Error: Runtime execution outcome is unknown.
qwen serve: Hosted wake turn arun_24adf7594ac7c5a6abf15f666df6a00453222c07d55d4709e2f59cfd54ff0315:input aftermath could not be settled: Error: Runtime execution outcome is unknown.
qwen serve: Hosted wake turn arun_24adf7594ac7c5a6abf15f666df6a00453222c07d55d4709e2f59cfd54ff0315:input aftermath could not be settled: Error: Runtime execution outcome is unknown.
qwen serve: Hosted wake turn arun_24adf7594ac7c5a6abf15f666df6a00453222c07d55d4709e2f59cfd54ff0315:input aftermath could not be settled: Error: Runtime execution outcome is unknown.
qwen serve: Hosted wake turn arun_24adf7594ac7c5a6abf15f666df6a00453222c07d55d4709e2f59cfd54ff0315:input aftermath could not be settled: Error: Runtime execution outcome is unknown.
qwen serve: Hosted wake turn arun_24adf7594ac7c5a6abf15f666df6a00453222c07d55d4709e2f59cfd54ff0315:input aftermath could not be settled: Error: Runtime execution outcome is unknown.
qwen serve: Hosted wake turn arun_24adf7594ac7c5a6abf15f666df6a00453222c07d55d4709e2f59cfd54ff0315:input aftermath could not be settled: Error: Runtime execution outcome is unknown.
qwen serve: Hosted wake turn arun_24adf7594ac7c5a6abf15f666df6a00453222c07d55d4709e2f59cfd54ff0315:input aftermath could not be settled: Error: Runtime execution outcome is unknown.
qwen serve: Hosted wake turn arun_24adf7594ac7c5a6abf15f666df6a00453222c07d55d4709e2f59cfd54ff0315:input aftermath could not be settled: Error: Runtime execution outcome is unknown.
qwen serve: Hosted wake turn arun_24adf7594ac7c5a6abf15f666df6a00453222c07d55d4709e2f59cfd54ff0315:input aftermath could not be settled: Error: Runtime execution outcome is unknown.
qwen serve: Hosted wake turn arun_24adf7594ac7c5a6abf15f666df6a00453222c07d55d4709e2f59cfd54ff0315:input aftermath could not be settled: Error: Runtime execution outcome is unknown.
qwen serve: Hosted wake turn arun_24adf7594ac7c5a6abf15f666df6a00453222c07d55d4709e2f59cfd54ff0315:input aftermath could not be settled: Error: Runtime execution outcome is unknown.
qwen serve: Hosted wake turn arun_24adf7594ac7c5a6abf15f666df6a00453222c07d55d4709e2f59cfd54ff0315:input aftermath could not be settled: Error: Runtime execution outcome is unknown.
qwen serve: Hosted wake turn arun_24adf7594ac7c5a6abf15f666df6a00453222c07d55d4709e2f59cfd54ff0315:input aftermath could not be settled: Error: Runtime execution outcome is unknown.
qwen serve: Hosted wake turn arun_24adf7594ac7c5a6abf15f666df6a00453222c07d55d4709e2f59cfd54ff0315:input aftermath could not be settled: Error: Runtime execution outcome is unknown.
qwen serve: Hosted wake turn arun_24adf7594ac7c5a6abf15f666df6a00453222c07d55d4709e2f59cfd54ff0315:input aftermath could not be settled: Error: Runtime execution outcome is unknown.
qwen serve: Hosted wake turn arun_24adf7594ac7c5a6abf15f666df6a00453222c07d55d4709e2f59cfd54ff0315:input aftermath could not be settled: Error: Runtime execution outcome is unknown.
qwen serve: Hosted wake turn arun_24adf7594ac7c5a6abf15f666df6a00453222c07d55d4709e2f59cfd54ff0315:input aftermath could not be settled: Error: Runtime execution outcome is unknown.
qwen serve: Hosted wake turn arun_24adf7594ac7c5a6abf15f666df6a00453222c07d55d4709e2f59cfd54ff0315:input aftermath could not be settled: Error: Runtime execution outcome is unknown.
qwen serve: Hosted wake turn arun_24adf7594ac7c5a6abf15f666df6a00453222c07d55d4709e2f59cfd54ff0315:input aftermath could not be settled: Error: Runtime execution outcome is unknown.
qwen serve: Hosted wake turn arun_24adf7594ac7c5a6abf15f666df6a00453222c07d55d4709e2f59cfd54ff0315:input aftermath could not be settled: Error: Runtime execution outcome is unknown.
qwen serve: Hosted wake turn arun_24adf7594ac7c5a6abf15f666df6a00453222c07d55d4709e2f59cfd54ff0315:input aftermath could not be settled: Error: Runtime execution outcome is unknown.
qwen serve: Hosted wake turn arun_24adf7594ac7c5a6abf15f666df6a00453222c07d55d4709e2f59cfd54ff0315:input aftermath could not be settled: Error: Runtime execution outcome is unknown.
qwen serve: Hosted wake turn arun_24adf7594ac7c5a6abf15f666df6a00453222c07d55d4709e2f59cfd54ff0315:input aftermath could not be settled: Error: Runtime execution outcome is unknown.
qwen serve: Hosted wake turn arun_24adf7594ac7c5a6abf15f666df6a00453222c07d55d4709e2f59cfd54ff0315:input aftermath could not be settled: Error: Runtime execution outcome is unknown.
qwen serve: Hosted wake turn arun_24adf7594ac7c5a6abf15f666df6a00453222c07d55d4709e2f59cfd54ff0315:input aftermath could not be settled: Error: Runtime execution outcome is unknown.
qwen serve: Hosted wake turn arun_24adf7594ac7c5a6abf15f666df6a00453222c07d55d4709e2f59cfd54ff0315:input aftermath could not be settled: Error: Runtime execution outcome is unknown.
qwen serve: Hosted wake turn arun_24adf7594ac7c5a6abf15f666df6a00453222c07d55d4709e2f59cfd54ff0315:input aftermath could not be settled: Error: Runtime execution outcome is unknown.
qwen serve: Hosted wake turn arun_24adf7594ac7c5a6abf15f666df6a00453222c07d55d4709e2f59cfd54ff0315:input aftermath could not be settled: Error: Runtime execution outcome is unknown.
qwen serve: Hosted wake turn arun_24adf7594ac7c5a6abf15f666df6a00453222c07d55d4709e2f59cfd54ff0315:input aftermath could not be settled: Error: Runtime execution outcome is unknown.
qwen serve: Hosted wake turn arun_24adf7594ac7c5a6abf15f666df6a00453222c07d55d4709e2f59cfd54ff0315:input aftermath could not be settled: Error: Runtime execution outcome is unknown.
qwen serve: Hosted wake turn arun_24adf7594ac7c5a6abf15f666df6a00453222c07d55d4709e2f59cfd54ff0315:input aftermath could not be settled: Error: Runtime execution outcome is unknown.
qwen serve: Hosted wake turn arun_24adf7594ac7c5a6abf15f666df6a00453222c07d55d4709e2f59cfd54ff0315:input aftermath could not be settled: Error: Runtime execution outcome is unknown.
qwen serve: Hosted wake turn arun_24adf7594ac7c5a6abf15f666df6a00453222c07d55d4709e2f59cfd54ff0315:input aftermath could not be settled: Error: Runtime execution outcome is unknown.
qwen serve: Hosted wake turn arun_24adf7594ac7c5a6abf15f666df6a00453222c07d55d4709e2f59cfd54ff0315:input aftermath could not be settled: Error: Runtime execution outcome is unknown.
qwen serve: Hosted wake turn arun_24adf7594ac7c5a6abf15f666df6a00453222c07d55d4709e2f59cfd54ff0315:input aftermath could not be settled: Error: Runtime execution outcome is unknown.
qwen serve: Hosted wake turn arun_24adf7594ac7c5a6abf15f666df6a00453222c07d55d4709e2f59cfd54ff0315:input aftermath could not be settled: Error: Runtime execution outcome is unknown.
qwen serve: Hosted wake turn arun_24adf7594ac7c5a6abf15f666df6a00453222c07d55d4709e2f59cfd54ff0315:input aftermath could not be settled: Error: Runtime execution outcome is unknown.
qwen serve: Hosted wake turn arun_24adf7594ac7c5a6abf15f666df6a00453222c07d55d4709e2f59cfd54ff0315:input aftermath could not be settled: Error: Runtime execution outcome is unknown.
qwen serve: Hosted wake turn arun_24adf7594ac7c5a6abf15f666df6a00453222c07d55d4709e2f59cfd54ff0315:input aftermath could not be settled: Error: Runtime execution outcome is unknown.
qwen serve: Hosted wake turn arun_24adf7594ac7c5a6abf15f666df6a00453222c07d55d4709e2f59cfd54ff0315:input aftermath could not be settled: Error: Runtime execution outcome is unknown.
qwen serve: Hosted wake turn arun_24adf7594ac7c5a6abf15f666df6a00453222c07d55d4709e2f59cfd54ff0315:input aftermath could not be settled: Error: Runtime execution outcome is unknown.
qwen serve: Hosted wake turn arun_24adf7594ac7c5a6abf15f666df6a00453222c07d55d4709e2f59cfd54ff0315:input aftermath could not be settled: Error: Runtime execution outcome is unknown.
qwen serve: Hosted wake turn arun_24adf7594ac7c5a6abf15f666df6a00453222c07d55d4709e2f59cfd54ff0315:input aftermath could not be settled: Error: Runtime execution outcome is unknown.
qwen serve: Hosted wake turn arun_24adf7594ac7c5a6abf15f666df6a00453222c07d55d4709e2f59cfd54ff0315:input aftermath could not be settled: Error: Runtime execution outcome is unknown.
qwen serve: Hosted wake turn arun_24adf7594ac7c5a6abf15f666df6a00453222c07d55d4709e2f59cfd54ff0315:input aftermath could not be settled: Error: Runtime execution outcome is unknown.
qwen serve: Hosted wake turn arun_24adf7594ac7c5a6abf15f666df6a00453222c07d55d4709e2f59cfd54ff0315:input aftermath could not be settled: Error: Runtime execution outcome is unknown.
qwen serve: Hosted wake turn arun_24adf7594ac7c5a6abf15f666df6a00453222c07d55d4709e2f59cfd54ff0315:input aftermath could not be settled: Error: Runtime execution outcome is unknown.
qwen serve: Hosted wake turn arun_24adf7594ac7c5a6abf15f666df6a00453222c07d55d4709e2f59cfd54ff0315:input aftermath could not be settled: Error: Runtime execution outcome is unknown.
qwen serve: Hosted wake turn arun_24adf7594ac7c5a6abf15f666df6a00453222c07d55d4709e2f59cfd54ff0315:input aftermath could not be settled: Error: Runtime execution outcome is unknown.
qwen serve: Hosted wake turn arun_24adf7594ac7c5a6abf15f666df6a00453222c07d55d4709e2f59cfd54ff0315:input aftermath could not be settled: Error: Runtime execution outcome is unknown.
qwen serve: Hosted wake turn arun_24adf7594ac7c5a6abf15f666df6a00453222c07d55d4709e2f59cfd54ff0315:input aftermath could not be settled: Error: Runtime execution outcome is unknown.
qwen serve: Hosted wake turn arun_24adf7594ac7c5a6abf15f666df6a00453222c07d55d4709e2f59cfd54ff0315:input aftermath could not be settled: Error: Runtime execution outcome is unknown.
qwen serve: Hosted wake turn arun_24adf7594ac7c5a6abf15f666df6a00453222c07d55d4709e2f59cfd54ff0315:input aftermath could not be settled: Error: Runtime execution outcome is unknown.
qwen serve: Hosted wake turn arun_24adf7594ac7c5a6abf15f666df6a00453222c07d55d4709e2f59cfd54ff0315:input aftermath could not be settled: Error: Runtime execution outcome is unknown.
qwen serve: Hosted wake turn arun_24adf7594ac7c5a6abf15f666df6a00453222c07d55d4709e2f59cfd54ff0315:input aftermath could not be settled: Error: Runtime execution outcome is unknown.
qwen serve: Hosted wake turn arun_24adf7594ac7c5a6abf15f666df6a00453222c07d55d4709e2f59cfd54ff0315:input aftermath could not be settled: Error: Runtime execution outcome is unknown.
qwen serve: Hosted wake turn arun_24adf7594ac7c5a6abf15f666df6a00453222c07d55d4709e2f59cfd54ff0315:input aftermath could not be settled: Error: Runtime execution outcome is unknown.
qwen serve: Hosted wake turn arun_24adf7594ac7c5a6abf15f666df6a00453222c07d55d4709e2f59cfd54ff0315:input aftermath could not be settled: Error: Runtime execution outcome is unknown.
qwen serve: Hosted wake turn arun_24adf7594ac7c5a6abf15f666df6a00453222c07d55d4709e2f59cfd54ff0315:input aftermath could not be settled: Error: Runtime execution outcome is unknown.
qwen serve: Hosted wake turn arun_24adf7594ac7c5a6abf15f666df6a00453222c07d55d4709e2f59cfd54ff0315:input aftermath could not be settled: Error: Runtime execution outcome is unknown.
qwen serve: Hosted wake turn arun_24adf7594ac7c5a6abf15f666df6a00453222c07d55d4709e2f59cfd54ff0315:input aftermath could not be settled: Error: Runtime execution outcome is unknown.
qwen serve: Hosted wake turn arun_24adf7594ac7c5a6abf15f666df6a00453222c07d55d4709e2f59cfd54ff0315:input aftermath could not be settled: Error: Runtime execution outcome is unknown.
qwen serve: Hosted wake turn arun_24adf7594ac7c5a6abf15f666df6a00453222c07d55d4709e2f59cfd54ff0315:input aftermath could not be settled: Error: Runtime execution outcome is unknown.
qwen serve: Hosted wake turn arun_24adf7594ac7c5a6abf15f666df6a00453222c07d55d4709e2f59cfd54ff0315:input aftermath could not be settled: Error: Runtime execution outcome is unknown.
qwen serve: Hosted wake turn arun_24adf7594ac7c5a6abf15f666df6a00453222c07d55d4709e2f59cfd54ff0315:input aftermath could not be settled: Error: Runtime execution outcome is unknown.
qwen serve: Hosted wake turn arun_24adf7594ac7c5a6abf15f666df6a00453222c07d55d4709e2f59cfd54ff0315:input aftermath could not be settled: Error: Runtime execution outcome is unknown.
qwen serve: Hosted wake turn arun_24adf7594ac7c5a6abf15f666df6a00453222c07d55d4709e2f59cfd54ff0315:input aftermath could not be settled: Error: Runtime execution outcome is unknown.
qwen serve: Hosted wake turn arun_24adf7594ac7c5a6abf15f666df6a00453222c07d55d4709e2f59cfd54ff0315:input aftermath could not be settled: Error: Runtime execution outcome is unknown.
qwen serve: Hosted wake turn arun_24adf7594ac7c5a6abf15f666df6a00453222c07d55d4709e2f59cfd54ff0315:input aftermath could not be settled: Error: Runtime execution outcome is unknown.
qwen serve: Hosted wake turn arun_24adf7594ac7c5a6abf15f666df6a00453222c07d55d4709e2f59cfd54ff0315:input aftermath could not be settled: Error: Runtime execution outcome is unknown.
qwen serve: Hosted wake turn arun_24adf7594ac7c5a6abf15f666df6a00453222c07d55d4709e2f59cfd54ff0315:input aftermath could not be settled: Error: Runtime execution outcome is unknown.
qwen serve: Hosted wake turn arun_24adf7594ac7c5a6abf15f666df6a00453222c07d55d4709e2f59cfd54ff0315:input aftermath could not be settled: Error: Runtime execution outcome is unknown.
qwen serve: Hosted wake turn arun_24adf7594ac7c5a6abf15f666df6a00453222c07d55d4709e2f59cfd54ff0315:input aftermath could not be settled: Error: Runtime execution outcome is unknown.
qwen serve: Hosted wake turn arun_24adf7594ac7c5a6abf15f666df6a00453222c07d55d4709e2f59cfd54ff0315:input aftermath could not be settled: Error: Runtime execution outcome is unknown.
qwen serve: Hosted wake turn arun_24adf7594ac7c5a6abf15f666df6a00453222c07d55d4709e2f59cfd54ff0315:input aftermath could not be settled: Error: Runtime execution outcome is unknown.
qwen serve: Hosted wake turn arun_24adf7594ac7c5a6abf15f666df6a00453222c07d55d4709e2f59cfd54ff0315:input aftermath could not be settled: Error: Runtime execution outcome is unknown.
qwen serve: Hosted wake turn arun_24adf7594ac7c5a6abf15f666df6a00453222c07d55d4709e2f59cfd54ff0315:input aftermath could not be settled: Error: Runtime execution outcome is unknown.
qwen serve: Hosted wake turn arun_24adf7594ac7c5a6abf15f666df6a00453222c07d55d4709e2f59cfd54ff0315:input aftermath could not be settled: Error: Runtime execution outcome is unknown.
qwen serve: Hosted wake turn arun_24adf7594ac7c5a6abf15f666df6a00453222c07d55d4709e2f59cfd54ff0315:input aftermath could not be settled: Error: Runtime execution outcome is unknown.
qwen serve: Hosted wake turn arun_24adf7594ac7c5a6abf15f666df6a00453222c07d55d4709e2f59cfd54ff0315:input aftermath could not be settled: Error: Runtime execution outcome is unknown.
qwen serve: Hosted wake turn arun_24adf7594ac7c5a6abf15f666df6a00453222c07d55d4709e2f59cfd54ff0315:input aftermath could not be settled: Error: Runtime execution outcome is unknown.
qwen serve: Hosted wake turn arun_24adf7594ac7c5a6abf15f666df6a00453222c07d55d4709e2f59cfd54ff0315:input aftermath could not be settled: Error: Runtime execution outcome is unknown.
qwen serve: Hosted wake turn arun_24adf7594ac7c5a6abf15f666df6a00453222c07d55d4709e2f59cfd54ff0315:input aftermath could not be settled: Error: Runtime execution outcome is unknown.
qwen serve: Hosted wake turn arun_24adf7594ac7c5a6abf15f666df6a00453222c07d55d4709e2f59cfd54ff0315:input aftermath could not be settled: Error: Runtime execution outcome is unknown.
qwen serve: Hosted wake turn arun_24adf7594ac7c5a6abf15f666df6a00453222c07d55d4709e2f59cfd54ff0315:input aftermath could not be settled: Error: Runtime execution outcome is unknown.
qwen serve: Hosted wake turn arun_24adf7594ac7c5a6abf15f666df6a00453222c07d55d4709e2f59cfd54ff0315:input aftermath could not be settled: Error: Runtime execution outcome is unknown.
qwen serve: Hosted wake turn arun_24adf7594ac7c5a6abf15f666df6a00453222c07d55d4709e2f59cfd54ff0315:input aftermath could not be settled: Error: Runtime execution outcome is unknown.
qwen serve: Hosted wake turn arun_24adf7594ac7c5a6abf15f666df6a00453222c07d55d4709e2f59cfd54ff0315:input aftermath could not be settled: Error: Runtime execution outcome is unknown.
qwen serve: Hosted wake turn arun_24adf7594ac7c5a6abf15f666df6a00453222c07d55d4709e2f59cfd54ff0315:input aftermath could not be settled: Error: Runtime execution outcome is unknown.
qwen serve: Hosted wake turn arun_24adf7594ac7c5a6abf15f666df6a00453222c07d55d4709e2f59cfd54ff0315:input aftermath could not be settled: Error: Runtime execution outcome is unknown.
qwen serve: Hosted wake turn arun_24adf7594ac7c5a6abf15f666df6a00453222c07d55d4709e2f59cfd54ff0315:input aftermath could not be settled: Error: Runtime execution outcome is unknown.
qwen serve: Hosted wake turn arun_24adf7594ac7c5a6abf15f666df6a00453222c07d55d4709e2f59cfd54ff0315:input aftermath could not be settled: Error: Runtime execution outcome is unknown.
qwen serve: Hosted wake turn arun_24adf7594ac7c5a6abf15f666df6a00453222c07d55d4709e2f59cfd54ff0315:input aftermath could not be settled: Error: Runtime execution outcome is unknown.
qwen serve: Hosted wake turn arun_24adf7594ac7c5a6abf15f666df6a00453222c07d55d4709e2f59cfd54ff0315:input aftermath could not be settled: Error: Runtime execution outcome is unknown.
qwen serve: Hosted wake turn arun_24adf7594ac7c5a6abf15f666df6a00453222c07d55d4709e2f59cfd54ff0315:input aftermath could not be settled: Error: Runtime execution outcome is unknown.
qwen serve: Hosted wake turn arun_24adf7594ac7c5a6abf15f666df6a00453222c07d55d4709e2f59cfd54ff0315:input aftermath could not be settled: Error: Runtime execution outcome is unknown.
qwen serve: Hosted wake turn arun_24adf7594ac7c5a6abf15f666df6a00453222c07d55d4709e2f59cfd54ff0315:input aftermath could not be settled: Error: Runtime execution outcome is unknown.
qwen serve: Hosted wake turn arun_24adf7594ac7c5a6abf15f666df6a00453222c07d55d4709e2f59cfd54ff0315:input aftermath could not be settled: Error: Runtime execution outcome is unknown.
qwen serve: Hosted wake turn arun_24adf7594ac7c5a6abf15f666df6a00453222c07d55d4709e2f59cfd54ff0315:input aftermath could not be settled: Error: Runtime execution outcome is unknown.
qwen serve: Hosted wake turn arun_24adf7594ac7c5a6abf15f666df6a00453222c07d55d4709e2f59cfd54ff0315:input aftermath could not be settled: Error: Runtime execution outcome is unknown.
qwen serve: Hosted wake turn arun_24adf7594ac7c5a6abf15f666df6a00453222c07d55d4709e2f59cfd54ff0315:input aftermath could not be settled: Error: Runtime execution outcome is unknown.
qwen serve: Hosted wake turn arun_24adf7594ac7c5a6abf15f666df6a00453222c07d55d4709e2f59cfd54ff0315:input aftermath could not be settled: Error: Runtime execution outcome is unknown.
qwen serve: Hosted wake turn arun_24adf7594ac7c5a6abf15f666df6a00453222c07d55d4709e2f59cfd54ff0315:input aftermath could not be settled: Error: Runtime execution outcome is unknown.
qwen serve: Hosted wake turn arun_24adf7594ac7c5a6abf15f666df6a00453222c07d55d4709e2f59cfd54ff0315:input aftermath could not be settled: Error: Runtime execution outcome is unknown.
qwen serve: Hosted wake turn arun_24adf7594ac7c5a6abf15f666df6a00453222c07d55d4709e2f59cfd54ff0315:input aftermath could not be settled: Error: Runtime execution outcome is unknown.
qwen serve: Hosted wake turn arun_24adf7594ac7c5a6abf15f666df6a00453222c07d55d4709e2f59cfd54ff0315:input aftermath could not be settled: Error: Runtime execution outcome is unknown.
qwen serve: Hosted wake turn arun_24adf7594ac7c5a6abf15f666df6a00453222c07d55d4709e2f59cfd54ff0315:input aftermath could not be settled: Error: Runtime execution outcome is unknown.
qwen serve: Hosted wake turn arun_24adf7594ac7c5a6abf15f666df6a00453222c07d55d4709e2f59cfd54ff0315:input aftermath could not be settled: Error: Runtime execution outcome is unknown.
qwen serve: Hosted wake turn arun_24adf7594ac7c5a6abf15f666df6a00453222c07d55d4709e2f59cfd54ff0315:input aftermath could not be settled: Error: Runtime execution outcome is unknown.
qwen serve: Hosted wake turn arun_24adf7594ac7c5a6abf15f666df6a00453222c07d55d4709e2f59cfd54ff0315:input aftermath could not be settled: Error: Runtime execution outcome is unknown.
qwen serve: Hosted wake turn arun_24adf7594ac7c5a6abf15f666df6a00453222c07d55d4709e2f59cfd54ff0315:input aftermath could not be settled: Error: Runtime execution outcome is unknown.
qwen serve: Hosted wake turn arun_24adf7594ac7c5a6abf15f666df6a00453222c07d55d4709e2f59cfd54ff0315:input aftermath could not be settled: Error: Runtime execution outcome is unknown.
qwen serve: Hosted wake turn arun_24adf7594ac7c5a6abf15f666df6a00453222c07d55d4709e2f59cfd54ff0315:input aftermath could not be settled: Error: Runtime execution outcome is unknown.
qwen serve: Hosted wake turn arun_24adf7594ac7c5a6abf15f666df6a00453222c07d55d4709e2f59cfd54ff0315:input aftermath could not be settled: Error: Runtime execution outcome is unknown.
qwen serve: Hosted wake turn arun_24adf7594ac7c5a6abf15f666df6a00453222c07d55d4709e2f59cfd54ff0315:input aftermath could not be settled: Error: Runtime execution outcome is unknown.
qwen serve: Hosted wake turn arun_24adf7594ac7c5a6abf15f666df6a00453222c07d55d4709e2f59cfd54ff0315:input aftermath could not be settled: Error: Runtime execution outcome is unknown.
qwen serve: Hosted wake turn arun_24adf7594ac7c5a6abf15f666df6a00453222c07d55d4709e2f59cfd54ff0315:input aftermath could not be settled: Error: Runtime execution outcome is unknown.
qwen serve: Hosted wake turn arun_24adf7594ac7c5a6abf15f666df6a00453222c07d55d4709e2f59cfd54ff0315:input aftermath could not be settled: Error: Runtime execution outcome is unknown.
qwen serve: Hosted wake turn arun_24adf7594ac7c5a6abf15f666df6a00453222c07d55d4709e2f59cfd54ff0315:input aftermath could not be settled: Error: Runtime execution outcome is unknown.
qwen serve: Hosted wake turn arun_24adf7594ac7c5a6abf15f666df6a00453222c07d55d4709e2f59cfd54ff0315:input aftermath could not be settled: Error: Runtime execution outcome is unknown.
qwen serve: Hosted wake turn arun_24adf7594ac7c5a6abf15f666df6a00453222c07d55d4709e2f59cfd54ff0315:input aftermath could not be settled: Error: Runtime execution outcome is unknown.
qwen serve: Hosted wake turn arun_24adf7594ac7c5a6abf15f666df6a00453222c07d55d4709e2f59cfd54ff0315:input aftermath could not be settled: Error: Runtime execution outcome is unknown.
qwen serve: Hosted wake turn arun_24adf7594ac7c5a6abf15f666df6a00453222c07d55d4709e2f59cfd54ff0315:input aftermath could not be settled: Error: Runtime execution outcome is unknown.
qwen serve: Hosted wake turn arun_24adf7594ac7c5a6abf15f666df6a00453222c07d55d4709e2f59cfd54ff0315:input aftermath could not be settled: Error: Runtime execution outcome is unknown.
qwen serve: Hosted wake turn arun_24adf7594ac7c5a6abf15f666df6a00453222c07d55d4709e2f59cfd54ff0315:input aftermath could not be settled: Error: Runtime execution outcome is unknown.
qwen serve: Hosted wake turn arun_24adf7594ac7c5a6abf15f666df6a00453222c07d55d4709e2f59cfd54ff0315:input aftermath could not be settled: Error: Runtime execution outcome is unknown.
qwen serve: Hosted wake turn arun_24adf7594ac7c5a6abf15f666df6a00453222c07d55d4709e2f59cfd54ff0315:input aftermath could not be settled: Error: Runtime execution outcome is unknown.
qwen serve: Hosted wake turn arun_24adf7594ac7c5a6abf15f666df6a00453222c07d55d4709e2f59cfd54ff0315:input aftermath could not be settled: Error: Runtime execution outcome is unknown.
qwen serve: Hosted wake turn arun_24adf7594ac7c5a6abf15f666df6a00453222c07d55d4709e2f59cfd54ff0315:input aftermath could not be settled: Error: Runtime execution outcome is unknown.
qwen serve: Hosted wake turn arun_24adf7594ac7c5a6abf15f666df6a00453222c07d55d4709e2f59cfd54ff0315:input aftermath could not be settled: Error: Runtime execution outcome is unknown.
qwen serve: Hosted wake turn arun_24adf7594ac7c5a6abf15f666df6a00453222c07d55d4709e2f59cfd54ff0315:input aftermath could not be settled: Error: Runtime execution outcome is unknown.
qwen serve: Hosted wake turn arun_24adf7594ac7c5a6abf15f666df6a00453222c07d55d4709e2f59cfd54ff0315:input aftermath could not be settled: Error: Runtime execution outcome is unknown.
qwen serve: Hosted wake turn arun_24adf7594ac7c5a6abf15f666df6a00453222c07d55d4709e2f59cfd54ff0315:input aftermath could not be settled: Error: Runtime execution outcome is unknown.
qwen serve: Hosted wake turn arun_24adf7594ac7c5a6abf15f666df6a00453222c07d55d4709e2f59cfd54ff0315:input aftermath could not be settled: Error: Runtime execution outcome is unknown.
qwen serve: Hosted wake turn arun_24adf7594ac7c5a6abf15f666df6a00453222c07d55d4709e2f59cfd54ff0315:input aftermath could not be settled: Error: Runtime execution outcome is unknown.
qwen serve: Hosted wake turn arun_24adf7594ac7c5a6abf15f666df6a00453222c07d55d4709e2f59cfd54ff0315:input aftermath could not be settled: Error: Runtime execution outcome is unknown.
qwen serve: Hosted wake turn arun_24adf7594ac7c5a6abf15f666df6a00453222c07d55d4709e2f59cfd54ff0315:input aftermath could not be settled: Error: Runtime execution outcome is unknown.
qwen serve: Hosted wake turn arun_24adf7594ac7c5a6abf15f666df6a00453222c07d55d4709e2f59cfd54ff0315:input aftermath could not be settled: Error: Runtime execution outcome is unknown.
qwen serve: Hosted wake turn arun_24adf7594ac7c5a6abf15f666df6a00453222c07d55d4709e2f59cfd54ff0315:input aftermath could not be settled: Error: Runtime execution outcome is unknown.
qwen serve: Hosted wake turn arun_24adf7594ac7c5a6abf15f666df6a00453222c07d55d4709e2f59cfd54ff0315:input aftermath could not be settled: Error: Runtime execution outcome is unknown.
qwen serve: Hosted wake turn arun_24adf7594ac7c5a6abf15f666df6a00453222c07d55d4709e2f59cfd54ff0315:input aftermath could not be settled: Error: Runtime execution outcome is unknown.
qwen serve: Hosted wake turn arun_24adf7594ac7c5a6abf15f666df6a00453222c07d55d4709e2f59cfd54ff0315:input aftermath could not be settled: Error: Runtime execution outcome is unknown.
qwen serve: Hosted wake turn arun_24adf7594ac7c5a6abf15f666df6a00453222c07d55d4709e2f59cfd54ff0315:input aftermath could not be settled: Error: Runtime execution outcome is unknown.
qwen serve: Hosted wake turn arun_24adf7594ac7c5a6abf15f666df6a00453222c07d55d4709e2f59cfd54ff0315:input aftermath could not be settled: Error: Runtime execution outcome is unknown.
qwen serve: Hosted wake turn arun_24adf7594ac7c5a6abf15f666df6a00453222c07d55d4709e2f59cfd54ff0315:input aftermath could not be settled: Error: Runtime execution outcome is unknown.
qwen serve: Hosted wake turn arun_24adf7594ac7c5a6abf15f666df6a00453222c07d55d4709e2f59cfd54ff0315:input aftermath could not be settled: Error: Runtime execution outcome is unknown.
qwen serve: Hosted wake turn arun_24adf7594ac7c5a6abf15f666df6a00453222c07d55d4709e2f59cfd54ff0315:input aftermath could not be settled: Error: Runtime execution outcome is unknown.
qwen serve: Hosted wake turn arun_24adf7594ac7c5a6abf15f666df6a00453222c07d55d4709e2f59cfd54ff0315:input aftermath could not be settled: Error: Runtime execution outcome is unknown.
qwen serve: Hosted wake turn arun_24adf7594ac7c5a6abf15f666df6a00453222c07d55d4709e2f59cfd54ff0315:input aftermath could not be settled: Error: Runtime execution outcome is unknown.
qwen serve: Hosted wake turn arun_24adf7594ac7c5a6abf15f666df6a00453222c07d55d4709e2f59cfd54ff0315:input aftermath could not be settled: Error: Runtime execution outcome is unknown.
qwen serve: Hosted wake turn arun_24adf7594ac7c5a6abf15f666df6a00453222c07d55d4709e2f59cfd54ff0315:input aftermath could not be settled: Error: Runtime execution outcome is unknown.
qwen serve: Hosted wake turn arun_24adf7594ac7c5a6abf15f666df6a00453222c07d55d4709e2f59cfd54ff0315:input aftermath could not be settled: Error: Runtime execution outcome is unknown.
qwen serve: Hosted wake turn arun_24adf7594ac7c5a6abf15f666df6a00453222c07d55d4709e2f59cfd54ff0315:input aftermath could not be settled: Error: Runtime execution outcome is unknown.
qwen serve: Hosted wake turn arun_24adf7594ac7c5a6abf15f666df6a00453222c07d55d4709e2f59cfd54ff0315:input aftermath could not be settled: Error: Runtime execution outcome is unknown.
qwen serve: Hosted wake turn arun_24adf7594ac7c5a6abf15f666df6a00453222c07d55d4709e2f59cfd54ff0315:input aftermath could not be settled: Error: Runtime execution outcome is unknown.
qwen serve: Hosted wake turn arun_24adf7594ac7c5a6abf15f666df6a00453222c07d55d4709e2f59cfd54ff0315:input aftermath could not be settled: Error: Runtime execution outcome is unknown.
qwen serve: Hosted wake turn arun_24adf7594ac7c5a6abf15f666df6a00453222c07d55d4709e2f59cfd54ff0315:input aftermath could not be settled: Error: Runtime execution outcome is unknown.
qwen serve: Hosted wake turn arun_24adf7594ac7c5a6abf15f666df6a00453222c07d55d4709e2f59cfd54ff0315:input aftermath could not be settled: Error: Runtime execution outcome is unknown.
qwen serve: Hosted wake turn arun_24adf7594ac7c5a6abf15f666df6a00453222c07d55d4709e2f59cfd54ff0315:input aftermath could not be settled: Error: Runtime execution outcome is unknown.
qwen serve: Hosted wake turn arun_24adf7594ac7c5a6abf15f666df6a00453222c07d55d4709e2f59cfd54ff0315:input aftermath could not be settled: Error: Runtime execution outcome is unknown.
qwen serve: Hosted wake turn arun_24adf7594ac7c5a6abf15f666df6a00453222c07d55d4709e2f59cfd54ff0315:input aftermath could not be settled: Error: Runtime execution outcome is unknown.
qwen serve: Hosted wake turn arun_24adf7594ac7c5a6abf15f666df6a00453222c07d55d4709e2f59cfd54ff0315:input aftermath could not be settled: Error: Runtime execution outcome is unknown.
qwen serve: Hosted wake turn arun_24adf7594ac7c5a6abf15f666df6a00453222c07d55d4709e2f59cfd54ff0315:input aftermath could not be settled: Error: Runtime execution outcome is unknown.
qwen serve: Hosted wake turn arun_24adf7594ac7c5a6abf15f666df6a00453222c07d55d4709e2f59cfd54ff0315:input aftermath could not be settled: Error: Runtime execution outcome is unknown.
qwen serve: Hosted wake turn arun_24adf7594ac7c5a6abf15f666df6a00453222c07d55d4709e2f59cfd54ff0315:input aftermath could not be settled: Error: Runtime execution outcome is unknown.
qwen serve: Hosted wake turn arun_24adf7594ac7c5a6abf15f666df6a00453222c07d55d4709e2f59cfd54ff0315:input aftermath could not be settled: Error: Runtime execution outcome is unknown.
qwen serve: Hosted wake turn arun_24adf7594ac7c5a6abf15f666df6a00453222c07d55d4709e2f59cfd54ff0315:input aftermath could not be settled: Error: Runtime execution outcome is unknown.
qwen serve: Hosted wake turn arun_24adf7594ac7c5a6abf15f666df6a00453222c07d55d4709e2f59cfd54ff0315:input aftermath could not be settled: Error: Runtime execution outcome is unknown.
qwen serve: Hosted wake turn arun_24adf7594ac7c5a6abf15f666df6a00453222c07d55d4709e2f59cfd54ff0315:input aftermath could not be settled: Error: Runtime execution outcome is unknown.
qwen serve: Hosted wake turn arun_24adf7594ac7c5a6abf15f666df6a00453222c07d55d4709e2f59cfd54ff0315:input aftermath could not be settled: Error: Runtime execution outcome is unknown.
qwen serve: Hosted wake turn arun_24adf7594ac7c5a6abf15f666df6a00453222c07d55d4709e2f59cfd54ff0315:input aftermath could not be settled: Error: Runtime execution outcome is unknown.
qwen serve: Hosted wake turn arun_24adf7594ac7c5a6abf15f666df6a00453222c07d55d4709e2f59cfd54ff0315:input aftermath could not be settled: Error: Runtime execution outcome is unknown.
qwen serve: Hosted wake turn arun_24adf7594ac7c5a6abf15f666df6a00453222c07d55d4709e2f59cfd54ff0315:input aftermath could not be settled: Error: Runtime execution outcome is unknown.
qwen serve: Hosted wake turn arun_24adf7594ac7c5a6abf15f666df6a00453222c07d55d4709e2f59cfd54ff0315:input aftermath could not be settled: Error: Runtime execution outcome is unknown.
qwen serve: Hosted wake turn arun_24adf7594ac7c5a6abf15f666df6a00453222c07d55d4709e2f59cfd54ff0315:input aftermath could not be settled: Error: Runtime execution outcome is unknown.
qwen serve: Hosted wake turn arun_24adf7594ac7c5a6abf15f666df6a00453222c07d55d4709e2f59cfd54ff0315:input aftermath could not be settled: Error: Runtime execution outcome is unknown.
qwen serve: Hosted wake turn arun_24adf7594ac7c5a6abf15f666df6a00453222c07d55d4709e2f59cfd54ff0315:input aftermath could not be settled: Error: Runtime execution outcome is unknown.
qwen serve: Hosted wake turn arun_24adf7594ac7c5a6abf15f666df6a00453222c07d55d4709e2f59cfd54ff0315:input aftermath could not be settled: Error: Runtime execution outcome is unknown.
qwen serve: Hosted wake turn arun_24adf7594ac7c5a6abf15f666df6a00453222c07d55d4709e2f59cfd54ff0315:input aftermath could not be settled: Error: Runtime execution outcome is unknown.
qwen serve: Hosted wake turn arun_24adf7594ac7c5a6abf15f666df6a00453222c07d55d4709e2f59cfd54ff0315:input aftermath could not be settled: Error: Runtime execution outcome is unknown.
qwen serve: Hosted wake turn arun_24adf7594ac7c5a6abf15f666df6a00453222c07d55d4709e2f59cfd54ff0315:input aftermath could not be settled: Error: Runtime execution outcome is unknown.
qwen serve: Hosted wake turn arun_24adf7594ac7c5a6abf15f666df6a00453222c07d55d4709e2f59cfd54ff0315:input aftermath could not be settled: Error: Runtime execution outcome is unknown.
qwen serve: Hosted wake turn arun_24adf7594ac7c5a6abf15f666df6a00453222c07d55d4709e2f59cfd54ff0315:input aftermath could not be settled: Error: Runtime execution outcome is unknown.
qwen serve: Hosted wake turn arun_24adf7594ac7c5a6abf15f666df6a00453222c07d55d4709e2f59cfd54ff0315:input aftermath could not be settled: Error: Runtime execution outcome is unknown.
qwen serve: Hosted wake turn arun_24adf7594ac7c5a6abf15f666df6a00453222c07d55d4709e2f59cfd54ff0315:input aftermath could not be settled: Error: Runtime execution outcome is unknown.
qwen serve: Hosted wake turn arun_24adf7594ac7c5a6abf15f666df6a00453222c07d55d4709e2f59cfd54ff0315:input aftermath could not be settled: Error: Runtime execution outcome is unknown.
qwen serve: Hosted wake turn arun_24adf7594ac7c5a6abf15f666df6a00453222c07d55d4709e2f59cfd54ff0315:input aftermath could not be settled: Error: Runtime execution outcome is unknown.
qwen serve: Hosted wake turn arun_24adf7594ac7c5a6abf15f666df6a00453222c07d55d4709e2f59cfd54ff0315:input aftermath could not be settled: Error: Runtime execution outcome is unknown.
qwen serve: Hosted wake turn arun_24adf7594ac7c5a6abf15f666df6a00453222c07d55d4709e2f59cfd54ff0315:input aftermath could not be settled: Error: Runtime execution outcome is unknown.
qwen serve: Hosted wake turn arun_24adf7594ac7c5a6abf15f666df6a00453222c07d55d4709e2f59cfd54ff0315:input aftermath could not be settled: Error: Runtime execution outcome is unknown.
qwen serve: Hosted wake turn arun_24adf7594ac7c5a6abf15f666df6a00453222c07d55d4709e2f59cfd54ff0315:input aftermath could not be settled: Error: Runtime execution outcome is unknown.
qwen serve: Hosted wake turn arun_24adf7594ac7c5a6abf15f666df6a00453222c07d55d4709e2f59cfd54ff0315:input aftermath could not be settled: Error: Runtime execution outcome is unknown.
qwen serve: Hosted wake turn arun_24adf7594ac7c5a6abf15f666df6a00453222c07d55d4709e2f59cfd54ff0315:input aftermath could not be settled: Error: Runtime execution outcome is unknown.
qwen serve: Hosted wake turn arun_24adf7594ac7c5a6abf15f666df6a00453222c07d55d4709e2f59cfd54ff0315:input aftermath could not be settled: Error: Runtime execution outcome is unknown.
qwen serve: Hosted wake turn arun_24adf7594ac7c5a6abf15f666df6a00453222c07d55d4709e2f59cfd54ff0315:input aftermath could not be settled: Error: Runtime execution outcome is unknown.
qwen serve: Hosted wake turn arun_24adf7594ac7c5a6abf15f666df6a00453222c07d55d4709e2f59cfd54ff0315:input aftermath could not be settled: Error: Runtime execution outcome is unknown.
qwen serve: Hosted wake turn arun_24adf7594ac7c5a6abf15f666df6a00453222c07d55d4709e2f59cfd54ff0315:input aftermath could not be settled: Error: Runtime execution outcome is unknown.
qwen serve: Hosted wake turn arun_24adf7594ac7c5a6abf15f666df6a00453222c07d55d4709e2f59cfd54ff0315:input aftermath could not be settled: Error: Runtime execution outcome is unknown.
qwen serve: Hosted wake turn arun_24adf7594ac7c5a6abf15f666df6a00453222c07d55d4709e2f59cfd54ff0315:input aftermath could not be settled: Error: Runtime execution outcome is unknown.
qwen serve: Hosted wake turn arun_24adf7594ac7c5a6abf15f666df6a00453222c07d55d4709e2f59cfd54ff0315:input aftermath could not be settled: Error: Runtime execution outcome is unknown.
qwen serve: Hosted wake turn arun_24adf7594ac7c5a6abf15f666df6a00453222c07d55d4709e2f59cfd54ff0315:input aftermath could not be settled: Error: Runtime execution outcome is unknown.
qwen serve: Hosted wake turn arun_24adf7594ac7c5a6abf15f666df6a00453222c07d55d4709e2f59cfd54ff0315:input aftermath could not be settled: Error: Runtime execution outcome is unknown.
qwen serve: Hosted wake turn arun_24adf7594ac7c5a6abf15f666df6a00453222c07d55d4709e2f59cfd54ff0315:input aftermath could not be settled: Error: Runtime execution outcome is unknown.
qwen serve: Hosted wake turn arun_24adf7594ac7c5a6abf15f666df6a00453222c07d55d4709e2f59cfd54ff0315:input aftermath could not be settled: Error: Runtime execution outcome is unknown.
qwen serve: Hosted wake turn arun_24adf7594ac7c5a6abf15f666df6a00453222c07d55d4709e2f59cfd54ff0315:input aftermath could not be settled: Error: Runtime execution outcome is unknown.
qwen serve: Hosted wake turn arun_24adf7594ac7c5a6abf15f666df6a00453222c07d55d4709e2f59cfd54ff0315:input aftermath could not be settled: Error: Runtime execution outcome is unknown.
qwen serve: Hosted wake turn arun_24adf7594ac7c5a6abf15f666df6a00453222c07d55d4709e2f59cfd54ff0315:input aftermath could not be settled: Error: Runtime execution outcome is unknown.
qwen serve: Hosted wake turn arun_24adf7594ac7c5a6abf15f666df6a00453222c07d55d4709e2f59cfd54ff0315:input aftermath could not be settled: Error: Runtime execution outcome is unknown.
qwen serve: Hosted wake turn arun_24adf7594ac7c5a6abf15f666df6a00453222c07d55d4709e2f59cfd54ff0315:input aftermath could not be settled: Error: Runtime execution outcome is unknown.
qwen serve: Hosted wake turn arun_24adf7594ac7c5a6abf15f666df6a00453222c07d55d4709e2f59cfd54ff0315:input aftermath could not be settled: Error: Runtime execution outcome is unknown.
qwen serve: Hosted wake turn arun_24adf7594ac7c5a6abf15f666df6a00453222c07d55d4709e2f59cfd54ff0315:input aftermath could not be settled: Error: Runtime execution outcome is unknown.
qwen serve: Hosted wake turn arun_24adf7594ac7c5a6abf15f666df6a00453222c07d55d4709e2f59cfd54ff0315:input aftermath could not be settled: Error: Runtime execution outcome is unknown.
qwen serve: Hosted wake turn arun_24adf7594ac7c5a6abf15f666df6a00453222c07d55d4709e2f59cfd54ff0315:input aftermath could not be settled: Error: Runtime execution outcome is unknown.
qwen serve: Hosted wake turn arun_24adf7594ac7c5a6abf15f666df6a00453222c07d55d4709e2f59cfd54ff0315:input aftermath could not be settled: Error: Runtime execution outcome is unknown.
qwen serve: Hosted wake turn arun_24adf7594ac7c5a6abf15f666df6a00453222c07d55d4709e2f59cfd54ff0315:input aftermath could not be settled: Error: Runtime execution outcome is unknown.
qwen serve: Hosted wake turn arun_24adf7594ac7c5a6abf15f666df6a00453222c07d55d4709e2f59cfd54ff0315:input aftermath could not be settled: Error: Runtime execution outcome is unknown.
qwen serve: Hosted wake turn arun_24adf7594ac7c5a6abf15f666df6a00453222c07d55d4709e2f59cfd54ff0315:input aftermath could not be settled: Error: Runtime execution outcome is unknown.
qwen serve: Hosted wake turn arun_24adf7594ac7c5a6abf15f666df6a00453222c07d55d4709e2f59cfd54ff0315:input aftermath could not be settled: Error: Runtime execution outcome is unknown.
qwen serve: Hosted wake turn arun_24adf7594ac7c5a6abf15f666df6a00453222c07d55d4709e2f59cfd54ff0315:input aftermath could not be settled: Error: Runtime execution outcome is unknown.
qwen serve: Hosted wake turn arun_24adf7594ac7c5a6abf15f666df6a00453222c07d55d4709e2f59cfd54ff0315:input aftermath could not be settled: Error: Runtime execution outcome is unknown.
qwen serve: Hosted wake turn arun_24adf7594ac7c5a6abf15f666df6a00453222c07d55d4709e2f59cfd54ff0315:input aftermath could not be settled: Error: Runtime execution outcome is unknown.
qwen serve: Hosted wake turn arun_24adf7594ac7c5a6abf15f666df6a00453222c07d55d4709e2f59cfd54ff0315:input aftermath could not be settled: Error: Runtime execution outcome is unknown.
qwen serve: Hosted wake turn arun_24adf7594ac7c5a6abf15f666df6a00453222c07d55d4709e2f59cfd54ff0315:input aftermath could not be settled: Error: Runtime execution outcome is unknown.
qwen serve: Hosted wake turn arun_24adf7594ac7c5a6abf15f666df6a00453222c07d55d4709e2f59cfd54ff0315:input aftermath could not be settled: Error: Runtime execution outcome is unknown.
qwen serve: Hosted wake turn arun_24adf7594ac7c5a6abf15f666df6a00453222c07d55d4709e2f59cfd54ff0315:input aftermath could not be settled: Error: Runtime execution outcome is unknown.
qwen serve: Hosted wake turn arun_24adf7594ac7c5a6abf15f666df6a00453222c07d55d4709e2f59cfd54ff0315:input aftermath could not be settled: Error: Runtime execution outcome is unknown.
qwen serve: Hosted wake turn arun_24adf7594ac7c5a6abf15f666df6a00453222c07d55d4709e2f59cfd54ff0315:input aftermath could not be settled: Error: Runtime execution outcome is unknown.
qwen serve: Hosted wake turn arun_24adf7594ac7c5a6abf15f666df6a00453222c07d55d4709e2f59cfd54ff0315:input aftermath could not be settled: Error: Runtime execution outcome is unknown.
qwen serve: Hosted wake turn arun_24adf7594ac7c5a6abf15f666df6a00453222c07d55d4709e2f59cfd54ff0315:input aftermath could not be settled: Error: Runtime execution outcome is unknown.
qwen serve: Hosted wake turn arun_24adf7594ac7c5a6abf15f666df6a00453222c07d55d4709e2f59cfd54ff0315:input aftermath could not be settled: Error: Runtime execution outcome is unknown.
qwen serve: Hosted wake turn arun_24adf7594ac7c5a6abf15f666df6a00453222c07d55d4709e2f59cfd54ff0315:input aftermath could not be settled: Error: Runtime execution outcome is unknown.
qwen serve: Hosted wake turn arun_24adf7594ac7c5a6abf15f666df6a00453222c07d55d4709e2f59cfd54ff0315:input aftermath could not be settled: Error: Runtime execution outcome is unknown.
qwen serve: Hosted wake turn arun_24adf7594ac7c5a6abf15f666df6a00453222c07d55d4709e2f59cfd54ff0315:input aftermath could not be settled: Error: Runtime execution outcome is unknown.
qwen serve: Hosted wake turn arun_24adf7594ac7c5a6abf15f666df6a00453222c07d55d4709e2f59cfd54ff0315:input aftermath could not be settled: Error: Runtime execution outcome is unknown.
qwen serve: Hosted wake turn arun_24adf7594ac7c5a6abf15f666df6a00453222c07d55d4709e2f59cfd54ff0315:input aftermath could not be settled: Error: Runtime execution outcome is unknown.
qwen serve: Hosted wake turn arun_24adf7594ac7c5a6abf15f666df6a00453222c07d55d4709e2f59cfd54ff0315:input aftermath could not be settled: Error: Runtime execution outcome is unknown.
qwen serve: Hosted wake turn arun_24adf7594ac7c5a6abf15f666df6a00453222c07d55d4709e2f59cfd54ff0315:input aftermath could not be settled: Error: Runtime execution outcome is unknown.
qwen serve: Hosted wake turn arun_24adf7594ac7c5a6abf15f666df6a00453222c07d55d4709e2f59cfd54ff0315:input aftermath could not be settled: Error: Runtime execution outcome is unknown.
qwen serve: Hosted wake turn arun_24adf7594ac7c5a6abf15f666df6a00453222c07d55d4709e2f59cfd54ff0315:input aftermath could not be settled: Error: Runtime execution outcome is unknown.
qwen serve: Hosted wake turn arun_24adf7594ac7c5a6abf15f666df6a00453222c07d55d4709e2f59cfd54ff0315:input aftermath could not be settled: Error: Runtime execution outcome is unknown.
qwen serve: Hosted wake turn arun_24adf7594ac7c5a6abf15f666df6a00453222c07d55d4709e2f59cfd54ff0315:input aftermath could not be settled: Error: Runtime execution outcome is unknown.
qwen serve: Hosted wake turn arun_24adf7594ac7c5a6abf15f666df6a00453222c07d55d4709e2f59cfd54ff0315:input aftermath could not be settled: Error: Runtime execution outcome is unknown.
qwen serve: Hosted wake turn arun_24adf7594ac7c5a6abf15f666df6a00453222c07d55d4709e2f59cfd54ff0315:input aftermath could not be settled: Error: Runtime execution outcome is unknown.
qwen serve: Hosted wake turn arun_24adf7594ac7c5a6abf15f666df6a00453222c07d55d4709e2f59cfd54ff0315:input aftermath could not be settled: Error: Runtime execution outcome is unknown.
qwen serve: Hosted wake turn arun_24adf7594ac7c5a6abf15f666df6a00453222c07d55d4709e2f59cfd54ff0315:input aftermath could not be settled: Error: Runtime execution outcome is unknown.
qwen serve: Hosted wake turn arun_24adf7594ac7c5a6abf15f666df6a00453222c07d55d4709e2f59cfd54ff0315:input aftermath could not be settled: Error: Runtime execution outcome is unknown.
qwen serve: Hosted wake turn arun_24adf7594ac7c5a6abf15f666df6a00453222c07d55d4709e2f59cfd54ff0315:input aftermath could not be settled: Error: Runtime execution outcome is unknown.
qwen serve: Hosted wake turn arun_24adf7594ac7c5a6abf15f666df6a00453222c07d55d4709e2f59cfd54ff0315:input aftermath could not be settled: Error: Runtime execution outcome is unknown.
qwen serve: Hosted wake turn arun_24adf7594ac7c5a6abf15f666df6a00453222c07d55d4709e2f59cfd54ff0315:input aftermath could not be settled: Error: Runtime execution outcome is unknown.
qwen serve: Hosted wake turn arun_24adf7594ac7c5a6abf15f666df6a00453222c07d55d4709e2f59cfd54ff0315:input aftermath could not be settled: Error: Runtime execution outcome is unknown.
qwen serve: Hosted wake turn arun_24adf7594ac7c5a6abf15f666df6a00453222c07d55d4709e2f59cfd54ff0315:input aftermath could not be settled: Error: Runtime execution outcome is unknown.
qwen serve: Hosted wake turn arun_24adf7594ac7c5a6abf15f666df6a00453222c07d55d4709e2f59cfd54ff0315:input aftermath could not be settled: Error: Runtime execution outcome is unknown.
qwen serve: Hosted wake turn arun_24adf7594ac7c5a6abf15f666df6a00453222c07d55d4709e2f59cfd54ff0315:input aftermath could not be settled: Error: Runtime execution outcome is unknown.
qwen serve: Hosted wake turn arun_24adf7594ac7c5a6abf15f666df6a00453222c07d55d4709e2f59cfd54ff0315:input aftermath could not be settled: Error: Runtime execution outcome is unknown.
qwen serve: Hosted wake turn arun_24adf7594ac7c5a6abf15f666df6a00453222c07d55d4709e2f59cfd54ff0315:input aftermath could not be settled: Error: Runtime execution outcome is unknown.
qwen serve: Hosted wake turn arun_24adf7594ac7c5a6abf15f666df6a00453222c07d55d4709e2f59cfd54ff0315:input aftermath could not be settled: Error: Runtime execution outcome is unknown.
qwen serve: Hosted wake turn arun_24adf7594ac7c5a6abf15f666df6a00453222c07d55d4709e2f59cfd54ff0315:input aftermath could not be settled: Error: Runtime execution outcome is unknown.
qwen serve: Hosted wake turn arun_24adf7594ac7c5a6abf15f666df6a00453222c07d55d4709e2f59cfd54ff0315:input aftermath could not be settled: Error: Runtime execution outcome is unknown.
qwen serve: Hosted wake turn arun_24adf7594ac7c5a6abf15f666df6a00453222c07d55d4709e2f59cfd54ff0315:input aftermath could not be settled: Error: Runtime execution outcome is unknown.
qwen serve: Hosted wake turn arun_24adf7594ac7c5a6abf15f666df6a00453222c07d55d4709e2f59cfd54ff0315:input aftermath could not be settled: Error: Runtime execution outcome is unknown.
qwen serve: Hosted wake turn arun_24adf7594ac7c5a6abf15f666df6a00453222c07d55d4709e2f59cfd54ff0315:input aftermath could not be settled: Error: Runtime execution outcome is unknown.
qwen serve: Hosted wake turn arun_24adf7594ac7c5a6abf15f666df6a00453222c07d55d4709e2f59cfd54ff0315:input aftermath could not be settled: Error: Runtime execution outcome is unknown.
qwen serve: Hosted wake turn arun_24adf7594ac7c5a6abf15f666df6a00453222c07d55d4709e2f59cfd54ff0315:input aftermath could not be settled: Error: Runtime execution outcome is unknown.
qwen serve: Hosted wake turn arun_24adf7594ac7c5a6abf15f666df6a00453222c07d55d4709e2f59cfd54ff0315:input aftermath could not be settled: Error: Runtime execution outcome is unknown.
qwen serve: Hosted wake turn arun_24adf7594ac7c5a6abf15f666df6a00453222c07d55d4709e2f59cfd54ff0315:input aftermath could not be settled: Error: Runtime execution outcome is unknown.
qwen serve: Hosted wake turn arun_24adf7594ac7c5a6abf15f666df6a00453222c07d55d4709e2f59cfd54ff0315:input aftermath could not be settled: Error: Runtime execution outcome is unknown.
qwen serve: Hosted wake turn arun_24adf7594ac7c5a6abf15f666df6a00453222c07d55d4709e2f59cfd54ff0315:input aftermath could not be settled: Error: Runtime execution outcome is unknown.
qwen serve: Hosted wake turn arun_24adf7594ac7c5a6abf15f666df6a00453222c07d55d4709e2f59cfd54ff0315:input aftermath could not be settled: Error: Runtime execution outcome is unknown.
qwen serve: Hosted wake turn arun_24adf7594ac7c5a6abf15f666df6a00453222c07d55d4709e2f59cfd54ff0315:input aftermath could not be settled: Error: Runtime execution outcome is unknown.
qwen serve: Hosted wake turn arun_24adf7594ac7c5a6abf15f666df6a00453222c07d55d4709e2f59cfd54ff0315:input aftermath could not be settled: Error: Runtime execution outcome is unknown.
qwen serve: Hosted wake turn arun_24adf7594ac7c5a6abf15f666df6a00453222c07d55d4709e2f59cfd54ff0315:input aftermath could not be settled: Error: Runtime execution outcome is unknown.
qwen serve: Hosted wake turn arun_24adf7594ac7c5a6abf15f666df6a00453222c07d55d4709e2f59cfd54ff0315:input aftermath could not be settled: Error: Runtime execution outcome is unknown.
qwen serve: Hosted wake turn arun_24adf7594ac7c5a6abf15f666df6a00453222c07d55d4709e2f59cfd54ff0315:input aftermath could not be settled: Error: Runtime execution outcome is unknown.
qwen serve: Hosted wake turn arun_24adf7594ac7c5a6abf15f666df6a00453222c07d55d4709e2f59cfd54ff0315:input aftermath could not be settled: Error: Runtime execution outcome is unknown.
qwen serve: Hosted wake turn arun_24adf7594ac7c5a6abf15f666df6a00453222c07d55d4709e2f59cfd54ff0315:input aftermath could not be settled: Error: Runtime execution outcome is unknown.
qwen serve: Hosted wake turn arun_24adf7594ac7c5a6abf15f666df6a00453222c07d55d4709e2f59cfd54ff0315:input aftermath could not be settled: Error: Runtime execution outcome is unknown.
qwen serve: Hosted wake turn arun_24adf7594ac7c5a6abf15f666df6a00453222c07d55d4709e2f59cfd54ff0315:input aftermath could not be settled: Error: Runtime execution outcome is unknown.
qwen serve: Hosted wake turn arun_24adf7594ac7c5a6abf15f666df6a00453222c07d55d4709e2f59cfd54ff0315:input aftermath could not be settled: Error: Runtime execution outcome is unknown.
qwen serve: Hosted wake turn arun_24adf7594ac7c5a6abf15f666df6a00453222c07d55d4709e2f59cfd54ff0315:input aftermath could not be settled: Error: Runtime execution outcome is unknown.
qwen serve: Hosted wake turn arun_24adf7594ac7c5a6abf15f666df6a00453222c07d55d4709e2f59cfd54ff0315:input aftermath could not be settled: Error: Runtime execution outcome is unknown.
qwen serve: Hosted wake turn arun_24adf7594ac7c5a6abf15f666df6a00453222c07d55d4709e2f59cfd54ff0315:input aftermath could not be settled: Error: Runtime execution outcome is unknown.
qwen serve: Hosted wake turn arun_24adf7594ac7c5a6abf15f666df6a00453222c07d55d4709e2f59cfd54ff0315:input aftermath could not be settled: Error: Runtime execution outcome is unknown.
qwen serve: Hosted wake turn arun_24adf7594ac7c5a6abf15f666df6a00453222c07d55d4709e2f59cfd54ff0315:input aftermath could not be settled: Error: Runtime execution outcome is unknown.
qwen serve: Hosted wake turn arun_24adf7594ac7c5a6abf15f666df6a00453222c07d55d4709e2f59cfd54ff0315:input aftermath could not be settled: Error: Runtime execution outcome is unknown.
qwen serve: Hosted wake turn arun_24adf7594ac7c5a6abf15f666df6a00453222c07d55d4709e2f59cfd54ff0315:input aftermath could not be settled: Error: Runtime execution outcome is unknown.
qwen serve: Hosted wake turn arun_24adf7594ac7c5a6abf15f666df6a00453222c07d55d4709e2f59cfd54ff0315:input aftermath could not be settled: Error: Runtime execution outcome is unknown.
qwen serve: Hosted wake turn arun_24adf7594ac7c5a6abf15f666df6a00453222c07d55d4709e2f59cfd54ff0315:input aftermath could not be settled: Error: Runtime execution outcome is unknown.
qwen serve: Hosted wake turn arun_24adf7594ac7c5a6abf15f666df6a00453222c07d55d4709e2f59cfd54ff0315:input aftermath could not be settled: Error: Runtime execution outcome is unknown.
qwen serve: Hosted wake turn arun_24adf7594ac7c5a6abf15f666df6a00453222c07d55d4709e2f59cfd54ff0315:input aftermath could not be settled: Error: Runtime execution outcome is unknown.
qwen serve: Hosted wake turn arun_24adf7594ac7c5a6abf15f666df6a00453222c07d55d4709e2f59cfd54ff0315:input aftermath could not be settled: Error: Runtime execution outcome is unknown.
qwen serve: Hosted wake turn arun_24adf7594ac7c5a6abf15f666df6a00453222c07d55d4709e2f59cfd54ff0315:input aftermath could not be settled: Error: Runtime execution outcome is unknown.
qwen serve: Hosted wake turn arun_24adf7594ac7c5a6abf15f666df6a00453222c07d55d4709e2f59cfd54ff0315:input aftermath could not be settled: Error: Runtime execution outcome is unknown.
qwen serve: Hosted wake turn arun_24adf7594ac7c5a6abf15f666df6a00453222c07d55d4709e2f59cfd54ff0315:input aftermath could not be settled: Error: Runtime execution outcome is unknown.
qwen serve: Hosted wake turn arun_24adf7594ac7c5a6abf15f666df6a00453222c07d55d4709e2f59cfd54ff0315:input aftermath could not be settled: Error: Runtime execution outcome is unknown.
qwen serve: Hosted wake turn arun_24adf7594ac7c5a6abf15f666df6a00453222c07d55d4709e2f59cfd54ff0315:input aftermath could not be settled: Error: Runtime execution outcome is unknown.
qwen serve: Hosted wake turn arun_24adf7594ac7c5a6abf15f666df6a00453222c07d55d4709e2f59cfd54ff0315:input aftermath could not be settled: Error: Runtime execution outcome is unknown.
qwen serve: Hosted wake turn arun_24adf7594ac7c5a6abf15f666df6a00453222c07d55d4709e2f59cfd54ff0315:input aftermath could not be settled: Error: Runtime execution outcome is unknown.
qwen serve: Hosted wake turn arun_24adf7594ac7c5a6abf15f666df6a00453222c07d55d4709e2f59cfd54ff0315:input aftermath could not be settled: Error: Runtime execution outcome is unknown.
qwen serve: Hosted wake turn arun_24adf7594ac7c5a6abf15f666df6a00453222c07d55d4709e2f59cfd54ff0315:input aftermath could not be settled: Error: Runtime execution outcome is unknown.
qwen serve: Hosted wake turn arun_24adf7594ac7c5a6abf15f666df6a00453222c07d55d4709e2f59cfd54ff0315:input aftermath could not be settled: Error: Runtime execution outcome is unknown.
qwen serve: Hosted wake turn arun_24adf7594ac7c5a6abf15f666df6a00453222c07d55d4709e2f59cfd54ff0315:input aftermath could not be settled: Error: Runtime execution outcome is unknown.
qwen serve: Hosted wake turn arun_24adf7594ac7c5a6abf15f666df6a00453222c07d55d4709e2f59cfd54ff0315:input aftermath could not be settled: Error: Runtime execution outcome is unknown.
qwen serve: Hosted wake turn arun_24adf7594ac7c5a6abf15f666df6a00453222c07d55d4709e2f59cfd54ff0315:input aftermath could not be settled: Error: Runtime execution outcome is unknown.
qwen serve: Hosted wake turn arun_24adf7594ac7c5a6abf15f666df6a00453222c07d55d4709e2f59cfd54ff0315:input aftermath could not be settled: Error: Runtime execution outcome is unknown.
qwen serve: Hosted wake turn arun_24adf7594ac7c5a6abf15f666df6a00453222c07d55d4709e2f59cfd54ff0315:input aftermath could not be settled: Error: Runtime execution outcome is unknown.
qwen serve: Hosted wake turn arun_24adf7594ac7c5a6abf15f666df6a00453222c07d55d4709e2f59cfd54ff0315:input aftermath could not be settled: Error: Runtime execution outcome is unknown.
qwen serve: Hosted wake turn arun_24adf7594ac7c5a6abf15f666df6a00453222c07d55d4709e2f59cfd54ff0315:input aftermath could not be settled: Error: Runtime execution outcome is unknown.
qwen serve: Hosted wake turn arun_24adf7594ac7c5a6abf15f666df6a00453222c07d55d4709e2f59cfd54ff0315:input aftermath could not be settled: Error: Runtime execution outcome is unknown.
qwen serve: Hosted wake turn arun_24adf7594ac7c5a6abf15f666df6a00453222c07d55d4709e2f59cfd54ff0315:input aftermath could not be settled: Error: Runtime execution outcome is unknown.
qwen serve: Hosted wake turn arun_24adf7594ac7c5a6abf15f666df6a00453222c07d55d4709e2f59cfd54ff0315:input aftermath could not be settled: Error: Runtime execution outcome is unknown.
qwen serve: Hosted wake turn arun_24adf7594ac7c5a6abf15f666df6a00453222c07d55d4709e2f59cfd54ff0315:input aftermath could not be settled: Error: Runtime execution outcome is unknown.
qwen serve: Hosted wake turn arun_24adf7594ac7c5a6abf15f666df6a00453222c07d55d4709e2f59cfd54ff0315:input aftermath could not be settled: Error: Runtime execution outcome is unknown.
qwen serve: Hosted wake turn arun_24adf7594ac7c5a6abf15f666df6a00453222c07d55d4709e2f59cfd54ff0315:input aftermath could not be settled: Error: Runtime execution outcome is unknown.
qwen serve: Hosted wake turn arun_24adf7594ac7c5a6abf15f666df6a00453222c07d55d4709e2f59cfd54ff0315:input aftermath could not be settled: Error: Runtime execution outcome is unknown.
qwen serve: Hosted wake turn arun_24adf7594ac7c5a6abf15f666df6a00453222c07d55d4709e2f59cfd54ff0315:input aftermath could not be settled: Error: Runtime execution outcome is unknown.
qwen serve: Hosted wake turn arun_24adf7594ac7c5a6abf15f666df6a00453222c07d55d4709e2f59cfd54ff0315:input aftermath could not be settled: Error: Runtime execution outcome is unknown.
qwen serve: Hosted wake turn arun_24adf7594ac7c5a6abf15f666df6a00453222c07d55d4709e2f59cfd54ff0315:input aftermath could not be settled: Error: Runtime execution outcome is unknown.
qwen serve: Hosted wake turn arun_24adf7594ac7c5a6abf15f666df6a00453222c07d55d4709e2f59cfd54ff0315:input aftermath could not be settled: Error: Runtime execution outcome is unknown.
qwen serve: Hosted wake turn arun_24adf7594ac7c5a6abf15f666df6a00453222c07d55d4709e2f59cfd54ff0315:input aftermath could not be settled: Error: Runtime execution outcome is unknown.
qwen serve: Hosted wake turn arun_24adf7594ac7c5a6abf15f666df6a00453222c07d55d4709e2f59cfd54ff0315:input aftermath could not be settled: Error: Runtime execution outcome is unknown.
qwen serve: Hosted wake turn arun_24adf7594ac7c5a6abf15f666df6a00453222c07d55d4709e2f59cfd54ff0315:input aftermath could not be settled: Error: Runtime execution outcome is unknown.
qwen serve: Hosted wake turn arun_24adf7594ac7c5a6abf15f666df6a00453222c07d55d4709e2f59cfd54ff0315:input aftermath could not be settled: Error: Runtime execution outcome is unknown.
qwen serve: Hosted wake turn arun_24adf7594ac7c5a6abf15f666df6a00453222c07d55d4709e2f59cfd54ff0315:input aftermath could not be settled: Error: Runtime execution outcome is unknown.
qwen serve: Hosted wake turn arun_24adf7594ac7c5a6abf15f666df6a00453222c07d55d4709e2f59cfd54ff0315:input aftermath could not be settled: Error: Runtime execution outcome is unknown.
qwen serve: Hosted wake turn arun_24adf7594ac7c5a6abf15f666df6a00453222c07d55d4709e2f59cfd54ff0315:input aftermath could not be settled: Error: Runtime execution outcome is unknown.
qwen serve: Hosted wake turn arun_24adf7594ac7c5a6abf15f666df6a00453222c07d55d4709e2f59cfd54ff0315:input aftermath could not be settled: Error: Runtime execution outcome is unknown.
qwen serve: Hosted wake turn arun_24adf7594ac7c5a6abf15f666df6a00453222c07d55d4709e2f59cfd54ff0315:input aftermath could not be settled: Error: Runtime execution outcome is unknown.
qwen serve: Hosted wake turn arun_24adf7594ac7c5a6abf15f666df6a00453222c07d55d4709e2f59cfd54ff0315:input aftermath could not be settled: Error: Runtime execution outcome is unknown.
qwen serve: Hosted wake turn arun_24adf7594ac7c5a6abf15f666df6a00453222c07d55d4709e2f59cfd54ff0315:input aftermath could not be settled: Error: Runtime execution outcome is unknown.
qwen serve: Hosted wake turn arun_24adf7594ac7c5a6abf15f666df6a00453222c07d55d4709e2f59cfd54ff0315:input aftermath could not be settled: Error: Runtime execution outcome is unknown.
qwen serve: Hosted wake turn arun_24adf7594ac7c5a6abf15f666df6a00453222c07d55d4709e2f59cfd54ff0315:input aftermath could not be settled: Error: Runtime execution outcome is unknown.
qwen serve: Hosted wake turn arun_24adf7594ac7c5a6abf15f666df6a00453222c07d55d4709e2f59cfd54ff0315:input aftermath could not be settled: Error: Runtime execution outcome is unknown.
qwen serve: Hosted wake turn arun_24adf7594ac7c5a6abf15f666df6a00453222c07d55d4709e2f59cfd54ff0315:input aftermath could not be settled: Error: Runtime execution outcome is unknown.
qwen serve: Hosted wake turn arun_24adf7594ac7c5a6abf15f666df6a00453222c07d55d4709e2f59cfd54ff0315:input aftermath could not be settled: Error: Runtime execution outcome is unknown.
qwen serve: Hosted wake turn arun_24adf7594ac7c5a6abf15f666df6a00453222c07d55d4709e2f59cfd54ff0315:input aftermath could not be settled: Error: Runtime execution outcome is unknown.
qwen serve: Hosted wake turn arun_24adf7594ac7c5a6abf15f666df6a00453222c07d55d4709e2f59cfd54ff0315:input aftermath could not be settled: Error: Runtime execution outcome is unknown.
qwen serve: Hosted wake turn arun_24adf7594ac7c5a6abf15f666df6a00453222c07d55d4709e2f59cfd54ff0315:input aftermath could not be settled: Error: Runtime execution outcome is unknown.
qwen serve: Hosted wake turn arun_24adf7594ac7c5a6abf15f666df6a00453222c07d55d4709e2f59cfd54ff0315:input aftermath could not be settled: Error: Runtime execution outcome is unknown.
qwen serve: Hosted wake turn arun_24adf7594ac7c5a6abf15f666df6a00453222c07d55d4709e2f59cfd54ff0315:input aftermath could not be settled: Error: Runtime execution outcome is unknown.
qwen serve: Hosted wake turn arun_24adf7594ac7c5a6abf15f666df6a00453222c07d55d4709e2f59cfd54ff0315:input aftermath could not be settled: Error: Runtime execution outcome is unknown.
qwen serve: Hosted wake turn arun_24adf7594ac7c5a6abf15f666df6a00453222c07d55d4709e2f59cfd54ff0315:input aftermath could not be settled: Error: Runtime execution outcome is unknown.
qwen serve: Hosted wake turn arun_24adf7594ac7c5a6abf15f666df6a00453222c07d55d4709e2f59cfd54ff0315:input aftermath could not be settled: Error: Runtime execution outcome is unknown.
qwen serve: Hosted wake turn arun_24adf7594ac7c5a6abf15f666df6a00453222c07d55d4709e2f59cfd54ff0315:input aftermath could not be settled: Error: Runtime execution outcome is unknown.
qwen serve: Hosted wake turn arun_24adf7594ac7c5a6abf15f666df6a00453222c07d55d4709e2f59cfd54ff0315:input aftermath could not be settled: Error: Runtime execution outcome is unknown.
qwen serve: Hosted wake turn arun_24adf7594ac7c5a6abf15f666df6a00453222c07d55d4709e2f59cfd54ff0315:input aftermath could not be settled: Error: Runtime execution outcome is unknown.
qwen serve: Hosted wake turn arun_24adf7594ac7c5a6abf15f666df6a00453222c07d55d4709e2f59cfd54ff0315:input aftermath could not be settled: Error: Runtime execution outcome is unknown.
qwen serve: Hosted wake turn arun_24adf7594ac7c5a6abf15f666df6a00453222c07d55d4709e2f59cfd54ff0315:input aftermath could not be settled: Error: Runtime execution outcome is unknown.
qwen serve: Hosted wake turn arun_24adf7594ac7c5a6abf15f666df6a00453222c07d55d4709e2f59cfd54ff0315:input aftermath could not be settled: Error: Runtime execution outcome is unknown.
qwen serve: Hosted wake turn arun_24adf7594ac7c5a6abf15f666df6a00453222c07d55d4709e2f59cfd54ff0315:input aftermath could not be settled: Error: Runtime execution outcome is unknown.
qwen serve: Hosted wake turn arun_24adf7594ac7c5a6abf15f666df6a00453222c07d55d4709e2f59cfd54ff0315:input aftermath could not be settled: Error: Runtime execution outcome is unknown.
qwen serve: Hosted wake turn arun_24adf7594ac7c5a6abf15f666df6a00453222c07d55d4709e2f59cfd54ff0315:input aftermath could not be settled: Error: Runtime execution outcome is unknown.
qwen serve: Hosted wake turn arun_24adf7594ac7c5a6abf15f666df6a00453222c07d55d4709e2f59cfd54ff0315:input aftermath could not be settled: Error: Runtime execution outcome is unknown.
qwen serve: Hosted wake turn arun_24adf7594ac7c5a6abf15f666df6a00453222c07d55d4709e2f59cfd54ff0315:input aftermath could not be settled: Error: Runtime execution outcome is unknown.
qwen serve: Hosted wake turn arun_24adf7594ac7c5a6abf15f666df6a00453222c07d55d4709e2f59cfd54ff0315:input aftermath could not be settled: Error: Runtime execution outcome is unknown.
qwen serve: Hosted wake turn arun_24adf7594ac7c5a6abf15f666df6a00453222c07d55d4709e2f59cfd54ff0315:input aftermath could not be settled: Error: Runtime execution outcome is unknown.
qwen serve: Hosted wake turn arun_24adf7594ac7c5a6abf15f666df6a00453222c07d55d4709e2f59cfd54ff0315:input aftermath could not be settled: Error: Runtime execution outcome is unknown.
qwen serve: Hosted wake turn arun_24adf7594ac7c5a6abf15f666df6a00453222c07d55d4709e2f59cfd54ff0315:input aftermath could not be settled: Error: Runtime execution outcome is unknown.
qwen serve: Hosted wake turn arun_24adf7594ac7c5a6abf15f666df6a00453222c07d55d4709e2f59cfd54ff0315:input aftermath could not be settled: Error: Runtime execution outcome is unknown.
qwen serve: Hosted wake turn arun_24adf7594ac7c5a6abf15f666df6a00453222c07d55d4709e2f59cfd54ff0315:input aftermath could not be settled: Error: Runtime execution outcome is unknown.
qwen serve: Hosted wake turn arun_24adf7594ac7c5a6abf15f666df6a00453222c07d55d4709e2f59cfd54ff0315:input aftermath could not be settled: Error: Runtime execution outcome is unknown.
qwen serve: Hosted wake turn arun_24adf7594ac7c5a6abf15f666df6a00453222c07d55d4709e2f59cfd54ff0315:input aftermath could not be settled: Error: Runtime execution outcome is unknown.
qwen serve: Hosted wake turn arun_24adf7594ac7c5a6abf15f666df6a00453222c07d55d4709e2f59cfd54ff0315:input aftermath could not be settled: Error: Runtime execution outcome is unknown.
qwen serve: Hosted wake turn arun_24adf7594ac7c5a6abf15f666df6a00453222c07d55d4709e2f59cfd54ff0315:input aftermath could not be settled: Error: Runtime execution outcome is unknown.
qwen serve: Hosted wake turn arun_24adf7594ac7c5a6abf15f666df6a00453222c07d55d4709e2f59cfd54ff0315:input aftermath could not be settled: Error: Runtime execution outcome is unknown.
qwen serve: Hosted wake turn arun_24adf7594ac7c5a6abf15f666df6a00453222c07d55d4709e2f59cfd54ff0315:input aftermath could not be settled: Error: Runtime execution outcome is unknown.
qwen serve: Hosted wake turn arun_24adf7594ac7c5a6abf15f666df6a00453222c07d55d4709e2f59cfd54ff0315:input aftermath could not be settled: Error: Runtime execution outcome is unknown.
qwen serve: Hosted wake turn arun_24adf7594ac7c5a6abf15f666df6a00453222c07d55d4709e2f59cfd54ff0315:input aftermath could not be settled: Error: Runtime execution outcome is unknown.
qwen serve: Hosted wake turn arun_24adf7594ac7c5a6abf15f666df6a00453222c07d55d4709e2f59cfd54ff0315:input aftermath could not be settled: Error: Runtime execution outcome is unknown.
qwen serve: Hosted wake turn arun_24adf7594ac7c5a6abf15f666df6a00453222c07d55d4709e2f59cfd54ff0315:input aftermath could not be settled: Error: Runtime execution outcome is unknown.
qwen serve: Hosted wake turn arun_24adf7594ac7c5a6abf15f666df6a00453222c07d55d4709e2f59cfd54ff0315:input aftermath could not be settled: Error: Runtime execution outcome is unknown.
qwen serve: Hosted wake turn arun_24adf7594ac7c5a6abf15f666df6a00453222c07d55d4709e2f59cfd54ff0315:input aftermath could not be settled: Error: Runtime execution outcome is unknown.
qwen serve: Hosted wake turn arun_24adf7594ac7c5a6abf15f666df6a00453222c07d55d4709e2f59cfd54ff0315:input aftermath could not be settled: Error: Runtime execution outcome is unknown.
qwen serve: Hosted wake turn arun_24adf7594ac7c5a6abf15f666df6a00453222c07d55d4709e2f59cfd54ff0315:input aftermath could not be settled: Error: Runtime execution outcome is unknown.
qwen serve: Hosted wake turn arun_24adf7594ac7c5a6abf15f666df6a00453222c07d55d4709e2f59cfd54ff0315:input aftermath could not be settled: Error: Runtime execution outcome is unknown.
qwen serve: Hosted wake turn arun_24adf7594ac7c5a6abf15f666df6a00453222c07d55d4709e2f59cfd54ff0315:input aftermath could not be settled: Error: Runtime execution outcome is unknown.
qwen serve: Hosted wake turn arun_24adf7594ac7c5a6abf15f666df6a00453222c07d55d4709e2f59cfd54ff0315:input aftermath could not be settled: Error: Runtime execution outcome is unknown.
qwen serve: Hosted wake turn arun_24adf7594ac7c5a6abf15f666df6a00453222c07d55d4709e2f59cfd54ff0315:input aftermath could not be settled: Error: Runtime execution outcome is unknown.
qwen serve: Hosted wake turn arun_24adf7594ac7c5a6abf15f666df6a00453222c07d55d4709e2f59cfd54ff0315:input aftermath could not be settled: Error: Runtime execution outcome is unknown.
qwen serve: Hosted wake turn arun_24adf7594ac7c5a6abf15f666df6a00453222c07d55d4709e2f59cfd54ff0315:input aftermath could not be settled: Error: Runtime execution outcome is unknown.
qwen serve: Hosted wake turn arun_24adf7594ac7c5a6abf15f666df6a00453222c07d55d4709e2f59cfd54ff0315:input aftermath could not be settled: Error: Runtime execution outcome is unknown.
qwen serve: Hosted wake turn arun_24adf7594ac7c5a6abf15f666df6a00453222c07d55d4709e2f59cfd54ff0315:input aftermath could not be settled: Error: Runtime execution outcome is unknown.
qwen serve: Hosted wake turn arun_24adf7594ac7c5a6abf15f666df6a00453222c07d55d4709e2f59cfd54ff0315:input aftermath could not be settled: Error: Runtime execution outcome is unknown.
qwen serve: Hosted wake turn arun_24adf7594ac7c5a6abf15f666df6a00453222c07d55d4709e2f59cfd54ff0315:input aftermath could not be settled: Error: Runtime execution outcome is unknown.
qwen serve: Hosted wake turn arun_24adf7594ac7c5a6abf15f666df6a00453222c07d55d4709e2f59cfd54ff0315:input aftermath could not be settled: Error: Runtime execution outcome is unknown.
qwen serve: Hosted wake turn arun_24adf7594ac7c5a6abf15f666df6a00453222c07d55d4709e2f59cfd54ff0315:input aftermath could not be settled: Error: Runtime execution outcome is unknown.
qwen serve: Hosted wake turn arun_24adf7594ac7c5a6abf15f666df6a00453222c07d55d4709e2f59cfd54ff0315:input aftermath could not be settled: Error: Runtime execution outcome is unknown.
qwen serve: Hosted wake turn arun_24adf7594ac7c5a6abf15f666df6a00453222c07d55d4709e2f59cfd54ff0315:input aftermath could not be settled: Error: Runtime execution outcome is unknown.
qwen serve: Hosted wake turn arun_24adf7594ac7c5a6abf15f666df6a00453222c07d55d4709e2f59cfd54ff0315:input aftermath could not be settled: Error: Runtime execution outcome is unknown.
qwen serve: Hosted wake turn arun_24adf7594ac7c5a6abf15f666df6a00453222c07d55d4709e2f59cfd54ff0315:input aftermath could not be settled: Error: Runtime execution outcome is unknown.
qwen serve: Hosted wake turn arun_24adf7594ac7c5a6abf15f666df6a00453222c07d55d4709e2f59cfd54ff0315:input aftermath could not be settled: Error: Runtime execution outcome is unknown.
qwen serve: Hosted wake turn arun_24adf7594ac7c5a6abf15f666df6a00453222c07d55d4709e2f59cfd54ff0315:input aftermath could not be settled: Error: Runtime execution outcome is unknown.
qwen serve: Hosted wake turn arun_24adf7594ac7c5a6abf15f666df6a00453222c07d55d4709e2f59cfd54ff0315:input aftermath could not be settled: Error: Runtime execution outcome is unknown.
qwen serve: Hosted wake turn arun_24adf7594ac7c5a6abf15f666df6a00453222c07d55d4709e2f59cfd54ff0315:input aftermath could not be settled: Error: Runtime execution outcome is unknown.
qwen serve: Hosted wake turn arun_24adf7594ac7c5a6abf15f666df6a00453222c07d55d4709e2f59cfd54ff0315:input aftermath could not be settled: Error: Runtime execution outcome is unknown.
qwen serve: Hosted wake turn arun_24adf7594ac7c5a6abf15f666df6a00453222c07d55d4709e2f59cfd54ff0315:input aftermath could not be settled: Error: Runtime execution outcome is unknown.
qwen serve: Hosted wake turn arun_24adf7594ac7c5a6abf15f666df6a00453222c07d55d4709e2f59cfd54ff0315:input aftermath could not be settled: Error: Runtime execution outcome is unknown.
qwen serve: Hosted wake turn arun_24adf7594ac7c5a6abf15f666df6a00453222c07d55d4709e2f59cfd54ff0315:input aftermath could not be settled: Error: Runtime execution outcome is unknown.
qwen serve: Hosted wake turn arun_24adf7594ac7c5a6abf15f666df6a00453222c07d55d4709e2f59cfd54ff0315:input aftermath could not be settled: Error: Runtime execution outcome is unknown.
qwen serve: Hosted wake turn arun_24adf7594ac7c5a6abf15f666df6a00453222c07d55d4709e2f59cfd54ff0315:input aftermath could not be settled: Error: Runtime execution outcome is unknown.
qwen serve: Hosted wake turn arun_24adf7594ac7c5a6abf15f666df6a00453222c07d55d4709e2f59cfd54ff0315:input aftermath could not be settled: Error: Runtime execution outcome is unknown.
qwen serve: Hosted wake turn arun_24adf7594ac7c5a6abf15f666df6a00453222c07d55d4709e2f59cfd54ff0315:input aftermath could not be settled: Error: Runtime execution outcome is unknown.
qwen serve: Hosted wake turn arun_24adf7594ac7c5a6abf15f666df6a00453222c07d55d4709e2f59cfd54ff0315:input aftermath could not be settled: Error: Runtime execution outcome is unknown.
qwen serve: Hosted wake turn arun_24adf7594ac7c5a6abf15f666df6a00453222c07d55d4709e2f59cfd54ff0315:input aftermath could not be settled: Error: Runtime execution outcome is unknown.
qwen serve: Hosted wake turn arun_24adf7594ac7c5a6abf15f666df6a00453222c07d55d4709e2f59cfd54ff0315:input aftermath could not be settled: Error: Runtime execution outcome is unknown.
qwen serve: Hosted wake turn arun_24adf7594ac7c5a6abf15f666df6a00453222c07d55d4709e2f59cfd54ff0315:input aftermath could not be settled: Error: Runtime execution outcome is unknown.
qwen serve: Hosted wake turn arun_24adf7594ac7c5a6abf15f666df6a00453222c07d55d4709e2f59cfd54ff0315:input aftermath could not be settled: Error: Runtime execution outcome is unknown.
qwen serve: Hosted wake turn arun_24adf7594ac7c5a6abf15f666df6a00453222c07d55d4709e2f59cfd54ff0315:input aftermath could not be settled: Error: Runtime execution outcome is unknown.
qwen serve: Hosted wake turn arun_24adf7594ac7c5a6abf15f666df6a00453222c07d55d4709e2f59cfd54ff0315:input aftermath could not be settled: Error: Runtime execution outcome is unknown.
qwen serve: Hosted wake turn arun_24adf7594ac7c5a6abf15f666df6a00453222c07d55d4709e2f59cfd54ff0315:input aftermath could not be settled: Error: Runtime execution outcome is unknown.
qwen serve: Hosted wake turn arun_24adf7594ac7c5a6abf15f666df6a00453222c07d55d4709e2f59cfd54ff0315:input aftermath could not be settled: Error: Runtime execution outcome is unknown.
qwen serve: Hosted wake turn arun_24adf7594ac7c5a6abf15f666df6a00453222c07d55d4709e2f59cfd54ff0315:input aftermath could not be settled: Error: Runtime execution outcome is unknown.
qwen serve: Hosted wake turn arun_24adf7594ac7c5a6abf15f666df6a00453222c07d55d4709e2f59cfd54ff0315:input aftermath could not be settled: Error: Runtime execution outcome is unknown.
qwen serve: Hosted wake turn arun_24adf7594ac7c5a6abf15f666df6a00453222c07d55d4709e2f59cfd54ff0315:input aftermath could not be settled: Error: Runtime execution outcome is unknown.
qwen serve: Hosted wake turn arun_24adf7594ac7c5a6abf15f666df6a00453222c07d55d4709e2f59cfd54ff0315:input aftermath could not be settled: Error: Runtime execution outcome is unknown.
qwen serve: Hosted wake turn arun_24adf7594ac7c5a6abf15f666df6a00453222c07d55d4709e2f59cfd54ff0315:input aftermath could not be settled: Error: Runtime execution outcome is unknown.
qwen serve: Hosted wake turn arun_24adf7594ac7c5a6abf15f666df6a00453222c07d55d4709e2f59cfd54ff0315:input aftermath could not be settled: Error: Runtime execution outcome is unknown.
qwen serve: Hosted wake turn arun_24adf7594ac7c5a6abf15f666df6a00453222c07d55d4709e2f59cfd54ff0315:input aftermath could not be settled: Error: Runtime execution outcome is unknown.
qwen serve: Hosted wake turn arun_24adf7594ac7c5a6abf15f666df6a00453222c07d55d4709e2f59cfd54ff0315:input aftermath could not be settled: Error: Runtime execution outcome is unknown.
qwen serve: Hosted wake turn arun_24adf7594ac7c5a6abf15f666df6a00453222c07d55d4709e2f59cfd54ff0315:input aftermath could not be settled: Error: Runtime execution outcome is unknown.
qwen serve: Hosted wake turn arun_24adf7594ac7c5a6abf15f666df6a00453222c07d55d4709e2f59cfd54ff0315:input aftermath could not be settled: Error: Runtime execution outcome is unknown.
qwen serve: Hosted wake turn arun_24adf7594ac7c5a6abf15f666df6a00453222c07d55d4709e2f59cfd54ff0315:input aftermath could not be settled: Error: Runtime execution outcome is unknown.
qwen serve: Hosted wake turn arun_24adf7594ac7c5a6abf15f666df6a00453222c07d55d4709e2f59cfd54ff0315:input aftermath could not be settled: Error: Runtime execution outcome is unknown.
qwen serve: Hosted wake turn arun_24adf7594ac7c5a6abf15f666df6a00453222c07d55d4709e2f59cfd54ff0315:input aftermath could not be settled: Error: Runtime execution outcome is unknown.
qwen serve: Hosted wake turn arun_24adf7594ac7c5a6abf15f666df6a00453222c07d55d4709e2f59cfd54ff0315:input aftermath could not be settled: Error: Runtime execution outcome is unknown.
qwen serve: Hosted wake turn arun_24adf7594ac7c5a6abf15f666df6a00453222c07d55d4709e2f59cfd54ff0315:input aftermath could not be settled: Error: Runtime execution outcome is unknown.
qwen serve: Hosted wake turn arun_24adf7594ac7c5a6abf15f666df6a00453222c07d55d4709e2f59cfd54ff0315:input aftermath could not be settled: Error: Runtime execution outcome is unknown.
qwen serve: Hosted wake turn arun_24adf7594ac7c5a6abf15f666df6a00453222c07d55d4709e2f59cfd54ff0315:input aftermath could not be settled: Error: Runtime execution outcome is unknown.
qwen serve: Hosted wake turn arun_24adf7594ac7c5a6abf15f666df6a00453222c07d55d4709e2f59cfd54ff0315:input aftermath could not be settled: Error: Runtime execution outcome is unknown.
qwen serve: Hosted wake turn arun_24adf7594ac7c5a6abf15f666df6a00453222c07d55d4709e2f59cfd54ff0315:input aftermath could not be settled: Error: Runtime execution outcome is unknown.
qwen serve: Hosted wake turn arun_24adf7594ac7c5a6abf15f666df6a00453222c07d55d4709e2f59cfd54ff0315:input aftermath could not be settled: Error: Runtime execution outcome is unknown.
qwen serve: Hosted wake turn arun_24adf7594ac7c5a6abf15f666df6a00453222c07d55d4709e2f59cfd54ff0315:input aftermath could not be settled: Error: Runtime execution outcome is unknown.
qwen serve: Hosted wake turn arun_24adf7594ac7c5a6abf15f666df6a00453222c07d55d4709e2f59cfd54ff0315:input aftermath could not be settled: Error: Runtime execution outcome is unknown.
qwen serve: Hosted wake turn arun_24adf7594ac7c5a6abf15f666df6a00453222c07d55d4709e2f59cfd54ff0315:input aftermath could not be settled: Error: Runtime execution outcome is unknown.
qwen serve: Hosted wake turn arun_24adf7594ac7c5a6abf15f666df6a00453222c07d55d4709e2f59cfd54ff0315:input aftermath could not be settled: Error: Runtime execution outcome is unknown.
qwen serve: Hosted wake turn arun_24adf7594ac7c5a6abf15f666df6a00453222c07d55d4709e2f59cfd54ff0315:input aftermath could not be settled: Error: Runtime execution outcome is unknown.
qwen serve: Hosted wake turn arun_24adf7594ac7c5a6abf15f666df6a00453222c07d55d4709e2f59cfd54ff0315:input aftermath could not be settled: Error: Runtime execution outcome is unknown.
qwen serve: Hosted wake turn arun_24adf7594ac7c5a6abf15f666df6a00453222c07d55d4709e2f59cfd54ff0315:input aftermath could not be settled: Error: Runtime execution outcome is unknown.
qwen serve: Hosted wake turn arun_24adf7594ac7c5a6abf15f666df6a00453222c07d55d4709e2f59cfd54ff0315:input aftermath could not be settled: Error: Runtime execution outcome is unknown.
qwen serve: Hosted wake turn arun_24adf7594ac7c5a6abf15f666df6a00453222c07d55d4709e2f59cfd54ff0315:input aftermath could not be settled: Error: Runtime execution outcome is unknown.
qwen serve: Hosted wake turn arun_24adf7594ac7c5a6abf15f666df6a00453222c07d55d4709e2f59cfd54ff0315:input aftermath could not be settled: Error: Runtime execution outcome is unknown.
qwen serve: Hosted wake turn arun_24adf7594ac7c5a6abf15f666df6a00453222c07d55d4709e2f59cfd54ff0315:input aftermath could not be settled: Error: Runtime execution outcome is unknown.
qwen serve: Hosted wake turn arun_24adf7594ac7c5a6abf15f666df6a00453222c07d55d4709e2f59cfd54ff0315:input aftermath could not be settled: Error: Runtime execution outcome is unknown.
qwen serve: Hosted wake turn arun_24adf7594ac7c5a6abf15f666df6a00453222c07d55d4709e2f59cfd54ff0315:input aftermath could not be settled: Error: Runtime execution outcome is unknown.
qwen serve: Hosted wake turn arun_24adf7594ac7c5a6abf15f666df6a00453222c07d55d4709e2f59cfd54ff0315:input aftermath could not be settled: Error: Runtime execution outcome is unknown.
qwen serve: Hosted wake turn arun_24adf7594ac7c5a6abf15f666df6a00453222c07d55d4709e2f59cfd54ff0315:input aftermath could not be settled: Error: Runtime execution outcome is unknown.
qwen serve: Hosted wake turn arun_24adf7594ac7c5a6abf15f666df6a00453222c07d55d4709e2f59cfd54ff0315:input aftermath could not be settled: Error: Runtime execution outcome is unknown.
qwen serve: Hosted wake turn arun_24adf7594ac7c5a6abf15f666df6a00453222c07d55d4709e2f59cfd54ff0315:input aftermath could not be settled: Error: Runtime execution outcome is unknown.
qwen serve: Hosted wake turn arun_24adf7594ac7c5a6abf15f666df6a00453222c07d55d4709e2f59cfd54ff0315:input aftermath could not be settled: Error: Runtime execution outcome is unknown.
qwen serve: Hosted wake turn arun_24adf7594ac7c5a6abf15f666df6a00453222c07d55d4709e2f59cfd54ff0315:input aftermath could not be settled: Error: Runtime execution outcome is unknown.
qwen serve: Hosted wake turn arun_24adf7594ac7c5a6abf15f666df6a00453222c07d55d4709e2f59cfd54ff0315:input aftermath could not be settled: Error: Runtime execution outcome is unknown.
qwen serve: Hosted wake turn arun_24adf7594ac7c5a6abf15f666df6a00453222c07d55d4709e2f59cfd54ff0315:input aftermath could not be settled: Error: Runtime execution outcome is unknown.
qwen serve: Hosted wake turn arun_24adf7594ac7c5a6abf15f666df6a00453222c07d55d4709e2f59cfd54ff0315:input aftermath could not be settled: Error: Runtime execution outcome is unknown.
qwen serve: Hosted wake turn arun_24adf7594ac7c5a6abf15f666df6a00453222c07d55d4709e2f59cfd54ff0315:input aftermath could not be settled: Error: Runtime execution outcome is unknown.
qwen serve: Hosted wake turn arun_24adf7594ac7c5a6abf15f666df6a00453222c07d55d4709e2f59cfd54ff0315:input aftermath could not be settled: Error: Runtime execution outcome is unknown.
qwen serve: Hosted wake turn arun_24adf7594ac7c5a6abf15f666df6a00453222c07d55d4709e2f59cfd54ff0315:input aftermath could not be settled: Error: Runtime execution outcome is unknown.
qwen serve: Hosted wake turn arun_24adf7594ac7c5a6abf15f666df6a00453222c07d55d4709e2f59cfd54ff0315:input aftermath could not be settled: Error: Runtime execution outcome is unknown.
qwen serve: Hosted wake turn arun_24adf7594ac7c5a6abf15f666df6a00453222c07d55d4709e2f59cfd54ff0315:input aftermath could not be settled: Error: Runtime execution outcome is unknown.
qwen serve: Hosted wake turn arun_24adf7594ac7c5a6abf15f666df6a00453222c07d55d4709e2f59cfd54ff0315:input aftermath could not be settled: Error: Runtime execution outcome is unknown.
qwen serve: Hosted wake turn arun_24adf7594ac7c5a6abf15f666df6a00453222c07d55d4709e2f59cfd54ff0315:input aftermath could not be settled: Error: Runtime execution outcome is unknown.
qwen serve: Hosted wake turn arun_24adf7594ac7c5a6abf15f666df6a00453222c07d55d4709e2f59cfd54ff0315:input aftermath could not be settled: Error: Runtime execution outcome is unknown.
qwen serve: Hosted wake turn arun_24adf7594ac7c5a6abf15f666df6a00453222c07d55d4709e2f59cfd54ff0315:input aftermath could not be settled: Error: Runtime execution outcome is unknown.
qwen serve: Hosted wake turn arun_24adf7594ac7c5a6abf15f666df6a00453222c07d55d4709e2f59cfd54ff0315:input aftermath could not be settled: Error: Runtime execution outcome is unknown.
qwen serve: Hosted wake turn arun_24adf7594ac7c5a6abf15f666df6a00453222c07d55d4709e2f59cfd54ff0315:input aftermath could not be settled: Error: Runtime execution outcome is unknown.
qwen serve: Hosted wake turn arun_24adf7594ac7c5a6abf15f666df6a00453222c07d55d4709e2f59cfd54ff0315:input aftermath could not be settled: Error: Runtime execution outcome is unknown.
qwen serve: Hosted wake turn arun_24adf7594ac7c5a6abf15f666df6a00453222c07d55d4709e2f59cfd54ff0315:input aftermath could not be settled: Error: Runtime execution outcome is unknown.
qwen serve: Hosted wake turn arun_24adf7594ac7c5a6abf15f666df6a00453222c07d55d4709e2f59cfd54ff0315:input aftermath could not be settled: Error: Runtime execution outcome is unknown.
qwen serve: Hosted wake turn arun_24adf7594ac7c5a6abf15f666df6a00453222c07d55d4709e2f59cfd54ff0315:input aftermath could not be settled: Error: Runtime execution outcome is unknown.
qwen serve: Hosted wake turn arun_24adf7594ac7c5a6abf15f666df6a00453222c07d55d4709e2f59cfd54ff0315:input aftermath could not be settled: Error: Runtime execution outcome is unknown.
qwen serve: Hosted wake turn arun_24adf7594ac7c5a6abf15f666df6a00453222c07d55d4709e2f59cfd54ff0315:input aftermath could not be settled: Error: Runtime execution outcome is unknown.
qwen serve: Hosted wake turn arun_24adf7594ac7c5a6abf15f666df6a00453222c07d55d4709e2f59cfd54ff0315:input aftermath could not be settled: Error: Runtime execution outcome is unknown.
qwen serve: Hosted wake turn arun_24adf7594ac7c5a6abf15f666df6a00453222c07d55d4709e2f59cfd54ff0315:input aftermath could not be settled: Error: Runtime execution outcome is unknown.
qwen serve: Hosted wake turn arun_24adf7594ac7c5a6abf15f666df6a00453222c07d55d4709e2f59cfd54ff0315:input aftermath could not be settled: Error: Runtime execution outcome is unknown.
qwen serve: Hosted wake turn arun_24adf7594ac7c5a6abf15f666df6a00453222c07d55d4709e2f59cfd54ff0315:input aftermath could not be settled: Error: Runtime execution outcome is unknown.
qwen serve: Hosted wake turn arun_24adf7594ac7c5a6abf15f666df6a00453222c07d55d4709e2f59cfd54ff0315:input aftermath could not be settled: Error: Runtime execution outcome is unknown.
qwen serve: Hosted wake turn arun_24adf7594ac7c5a6abf15f666df6a00453222c07d55d4709e2f59cfd54ff0315:input aftermath could not be settled: Error: Runtime execution outcome is unknown.
qwen serve: Hosted wake turn arun_24adf7594ac7c5a6abf15f666df6a00453222c07d55d4709e2f59cfd54ff0315:input aftermath could not be settled: Error: Runtime execution outcome is unknown.
qwen serve: Hosted wake turn arun_24adf7594ac7c5a6abf15f666df6a00453222c07d55d4709e2f59cfd54ff0315:input aftermath could not be settled: Error: Runtime execution outcome is unknown.
qwen serve: Hosted wake turn arun_24adf7594ac7c5a6abf15f666df6a00453222c07d55d4709e2f59cfd54ff0315:input aftermath could not be settled: Error: Runtime execution outcome is unknown.
qwen serve: Hosted wake turn arun_24adf7594ac7c5a6abf15f666df6a00453222c07d55d4709e2f59cfd54ff0315:input aftermath could not be settled: Error: Runtime execution outcome is unknown.
qwen serve: Hosted wake turn arun_24adf7594ac7c5a6abf15f666df6a00453222c07d55d4709e2f59cfd54ff0315:input aftermath could not be settled: Error: Runtime execution outcome is unknown.
qwen serve: Hosted wake turn arun_24adf7594ac7c5a6abf15f666df6a00453222c07d55d4709e2f59cfd54ff0315:input aftermath could not be settled: Error: Runtime execution outcome is unknown.
qwen serve: Hosted wake turn arun_24adf7594ac7c5a6abf15f666df6a00453222c07d55d4709e2f59cfd54ff0315:input aftermath could not be settled: Error: Runtime execution outcome is unknown.
qwen serve: Hosted wake turn arun_24adf7594ac7c5a6abf15f666df6a00453222c07d55d4709e2f59cfd54ff0315:input aftermath could not be settled: Error: Runtime execution outcome is unknown.
qwen serve: Hosted wake turn arun_24adf7594ac7c5a6abf15f666df6a00453222c07d55d4709e2f59cfd54ff0315:input aftermath could not be settled: Error: Runtime execution outcome is unknown.
qwen serve: Hosted wake turn arun_24adf7594ac7c5a6abf15f666df6a00453222c07d55d4709e2f59cfd54ff0315:input aftermath could not be settled: Error: Runtime execution outcome is unknown.
qwen serve: Hosted wake turn arun_24adf7594ac7c5a6abf15f666df6a00453222c07d55d4709e2f59cfd54ff0315:input aftermath could not be settled: Error: Runtime execution outcome is unknown.
qwen serve: Hosted wake turn arun_24adf7594ac7c5a6abf15f666df6a00453222c07d55d4709e2f59cfd54ff0315:input aftermath could not be settled: Error: Runtime execution outcome is unknown.
qwen serve: Hosted wake turn arun_24adf7594ac7c5a6abf15f666df6a00453222c07d55d4709e2f59cfd54ff0315:input aftermath could not be settled: Error: Runtime execution outcome is unknown.
qwen serve: Hosted wake turn arun_24adf7594ac7c5a6abf15f666df6a00453222c07d55d4709e2f59cfd54ff0315:input aftermath could not be settled: Error: Runtime execution outcome is unknown.
qwen serve: Hosted wake turn arun_24adf7594ac7c5a6abf15f666df6a00453222c07d55d4709e2f59cfd54ff0315:input aftermath could not be settled: Error: Runtime execution outcome is unknown.
qwen serve: Hosted wake turn arun_24adf7594ac7c5a6abf15f666df6a00453222c07d55d4709e2f59cfd54ff0315:input aftermath could not be settled: Error: Runtime execution outcome is unknown.
qwen serve: Hosted wake turn arun_24adf7594ac7c5a6abf15f666df6a00453222c07d55d4709e2f59cfd54ff0315:input aftermath could not be settled: Error: Runtime execution outcome is unknown.
qwen serve: Hosted wake turn arun_24adf7594ac7c5a6abf15f666df6a00453222c07d55d4709e2f59cfd54ff0315:input aftermath could not be settled: Error: Runtime execution outcome is unknown.
qwen serve: Hosted wake turn arun_24adf7594ac7c5a6abf15f666df6a00453222c07d55d4709e2f59cfd54ff0315:input aftermath could not be settled: Error: Runtime execution outcome is unknown.
qwen serve: Hosted wake turn arun_24adf7594ac7c5a6abf15f666df6a00453222c07d55d4709e2f59cfd54ff0315:input aftermath could not be settled: Error: Runtime execution outcome is unknown.
qwen serve: Hosted wake turn arun_24adf7594ac7c5a6abf15f666df6a00453222c07d55d4709e2f59cfd54ff0315:input aftermath could not be settled: Error: Runtime execution outcome is unknown.
qwen serve: Hosted wake turn arun_24adf7594ac7c5a6abf15f666df6a00453222c07d55d4709e2f59cfd54ff0315:input aftermath could not be settled: Error: Runtime execution outcome is unknown.
qwen serve: Hosted wake turn arun_24adf7594ac7c5a6abf15f666df6a00453222c07d55d4709e2f59cfd54ff0315:input aftermath could not be settled: Error: Runtime execution outcome is unknown.
qwen serve: Hosted wake turn arun_24adf7594ac7c5a6abf15f666df6a00453222c07d55d4709e2f59cfd54ff0315:input aftermath could not be settled: Error: Runtime execution outcome is unknown.
qwen serve: Hosted wake turn arun_24adf7594ac7c5a6abf15f666df6a00453222c07d55d4709e2f59cfd54ff0315:input aftermath could not be settled: Error: Runtime execution outcome is unknown.
qwen serve: Hosted wake turn arun_24adf7594ac7c5a6abf15f666df6a00453222c07d55d4709e2f59cfd54ff0315:input aftermath could not be settled: Error: Runtime execution outcome is unknown.
qwen serve: Hosted wake turn arun_24adf7594ac7c5a6abf15f666df6a00453222c07d55d4709e2f59cfd54ff0315:input aftermath could not be settled: Error: Runtime execution outcome is unknown.
qwen serve: Hosted wake turn arun_24adf7594ac7c5a6abf15f666df6a00453222c07d55d4709e2f59cfd54ff0315:input aftermath could not be settled: Error: Runtime execution outcome is unknown.
qwen serve: Hosted wake turn arun_24adf7594ac7c5a6abf15f666df6a00453222c07d55d4709e2f59cfd54ff0315:input aftermath could not be settled: Error: Runtime execution outcome is unknown.
qwen serve: Hosted wake turn arun_24adf7594ac7c5a6abf15f666df6a00453222c07d55d4709e2f59cfd54ff0315:input aftermath could not be settled: Error: Runtime execution outcome is unknown.
qwen serve: Hosted wake turn arun_24adf7594ac7c5a6abf15f666df6a00453222c07d55d4709e2f59cfd54ff0315:input aftermath could not be settled: Error: Runtime execution outcome is unknown.
qwen serve: Hosted wake turn arun_24adf7594ac7c5a6abf15f666df6a00453222c07d55d4709e2f59cfd54ff0315:input aftermath could not be settled: Error: Runtime execution outcome is unknown.
qwen serve: Hosted wake turn arun_24adf7594ac7c5a6abf15f666df6a00453222c07d55d4709e2f59cfd54ff0315:input aftermath could not be settled: Error: Runtime execution outcome is unknown.
qwen serve: Hosted wake turn arun_24adf7594ac7c5a6abf15f666df6a00453222c07d55d4709e2f59cfd54ff0315:input aftermath could not be settled: Error: Runtime execution outcome is unknown.
qwen serve: Hosted wake turn arun_24adf7594ac7c5a6abf15f666df6a00453222c07d55d4709e2f59cfd54ff0315:input aftermath could not be settled: Error: Runtime execution outcome is unknown.
qwen serve: Hosted wake turn arun_24adf7594ac7c5a6abf15f666df6a00453222c07d55d4709e2f59cfd54ff0315:input aftermath could not be settled: Error: Runtime execution outcome is unknown.
qwen serve: Hosted wake turn arun_24adf7594ac7c5a6abf15f666df6a00453222c07d55d4709e2f59cfd54ff0315:input aftermath could not be settled: Error: Runtime execution outcome is unknown.
qwen serve: Hosted wake turn arun_24adf7594ac7c5a6abf15f666df6a00453222c07d55d4709e2f59cfd54ff0315:input aftermath could not be settled: Error: Runtime execution outcome is unknown.
qwen serve: Hosted wake turn arun_24adf7594ac7c5a6abf15f666df6a00453222c07d55d4709e2f59cfd54ff0315:input aftermath could not be settled: Error: Runtime execution outcome is unknown.
qwen serve: Hosted wake turn arun_24adf7594ac7c5a6abf15f666df6a00453222c07d55d4709e2f59cfd54ff0315:input aftermath could not be settled: Error: Runtime execution outcome is unknown.
qwen serve: Hosted wake turn arun_24adf7594ac7c5a6abf15f666df6a00453222c07d55d4709e2f59cfd54ff0315:input aftermath could not be settled: Error: Runtime execution outcome is unknown.
qwen serve: Hosted wake turn arun_24adf7594ac7c5a6abf15f666df6a00453222c07d55d4709e2f59cfd54ff0315:input aftermath could not be settled: Error: Runtime execution outcome is unknown.
qwen serve: Hosted wake turn arun_24adf7594ac7c5a6abf15f666df6a00453222c07d55d4709e2f59cfd54ff0315:input aftermath could not be settled: Error: Runtime execution outcome is unknown.
qwen serve: Hosted wake turn arun_24adf7594ac7c5a6abf15f666df6a00453222c07d55d4709e2f59cfd54ff0315:input aftermath could not be settled: Error: Runtime execution outcome is unknown.
qwen serve: Hosted wake turn arun_24adf7594ac7c5a6abf15f666df6a00453222c07d55d4709e2f59cfd54ff0315:input aftermath could not be settled: Error: Runtime execution outcome is unknown.
qwen serve: Hosted wake turn arun_24adf7594ac7c5a6abf15f666df6a00453222c07d55d4709e2f59cfd54ff0315:input aftermath could not be settled: Error: Runtime execution outcome is unknown.
qwen serve: Hosted wake turn arun_24adf7594ac7c5a6abf15f666df6a00453222c07d55d4709e2f59cfd54ff0315:input aftermath could not be settled: Error: Runtime execution outcome is unknown.
qwen serve: Hosted wake turn arun_24adf7594ac7c5a6abf15f666df6a00453222c07d55d4709e2f59cfd54ff0315:input aftermath could not be settled: Error: Runtime execution outcome is unknown.
qwen serve: Hosted wake turn arun_24adf7594ac7c5a6abf15f666df6a00453222c07d55d4709e2f59cfd54ff0315:input aftermath could not be settled: Error: Runtime execution outcome is unknown.
qwen serve: Hosted wake turn arun_24adf7594ac7c5a6abf15f666df6a00453222c07d55d4709e2f59cfd54ff0315:input aftermath could not be settled: Error: Runtime execution outcome is unknown.
qwen serve: Hosted wake turn arun_24adf7594ac7c5a6abf15f666df6a00453222c07d55d4709e2f59cfd54ff0315:input aftermath could not be settled: Error: Runtime execution outcome is unknown.
qwen serve: Hosted wake turn arun_24adf7594ac7c5a6abf15f666df6a00453222c07d55d4709e2f59cfd54ff0315:input aftermath could not be settled: Error: Runtime execution outcome is unknown.
qwen serve: Hosted wake turn arun_24adf7594ac7c5a6abf15f666df6a00453222c07d55d4709e2f59cfd54ff0315:input aftermath could not be settled: Error: Runtime execution outcome is unknown.
qwen serve: Hosted wake turn arun_24adf7594ac7c5a6abf15f666df6a00453222c07d55d4709e2f59cfd54ff0315:input aftermath could not be settled: Error: Runtime execution outcome is unknown.
qwen serve: Hosted wake turn arun_24adf7594ac7c5a6abf15f666df6a00453222c07d55d4709e2f59cfd54ff0315:input aftermath could not be settled: Error: Runtime execution outcome is unknown.
qwen serve: Hosted wake turn arun_24adf7594ac7c5a6abf15f666df6a00453222c07d55d4709e2f59cfd54ff0315:input aftermath could not be settled: Error: Runtime execution outcome is unknown.
qwen serve: Hosted wake turn arun_24adf7594ac7c5a6abf15f666df6a00453222c07d55d4709e2f59cfd54ff0315:input aftermath could not be settled: Error: Runtime execution outcome is unknown.
qwen serve: Hosted wake turn arun_24adf7594ac7c5a6abf15f666df6a00453222c07d55d4709e2f59cfd54ff0315:input aftermath could not be settled: Error: Runtime execution outcome is unknown.
qwen serve: Hosted wake turn arun_24adf7594ac7c5a6abf15f666df6a00453222c07d55d4709e2f59cfd54ff0315:input aftermath could not be settled: Error: Runtime execution outcome is unknown.
qwen serve: Hosted wake turn arun_24adf7594ac7c5a6abf15f666df6a00453222c07d55d4709e2f59cfd54ff0315:input aftermath could not be settled: Error: Runtime execution outcome is unknown.
qwen serve: Hosted wake turn arun_24adf7594ac7c5a6abf15f666df6a00453222c07d55d4709e2f59cfd54ff0315:input aftermath could not be settled: Error: Runtime execution outcome is unknown.
qwen serve: Hosted wake turn arun_24adf7594ac7c5a6abf15f666df6a00453222c07d55d4709e2f59cfd54ff0315:input aftermath could not be settled: Error: Runtime execution outcome is unknown.
qwen serve: Hosted wake turn arun_24adf7594ac7c5a6abf15f666df6a00453222c07d55d4709e2f59cfd54ff0315:input aftermath could not be settled: Error: Runtime execution outcome is unknown.
qwen serve: Hosted wake turn arun_24adf7594ac7c5a6abf15f666df6a00453222c07d55d4709e2f59cfd54ff0315:input aftermath could not be settled: Error: Runtime execution outcome is unknown.
qwen serve: Hosted wake turn arun_24adf7594ac7c5a6abf15f666df6a00453222c07d55d4709e2f59cfd54ff0315:input aftermath could not be settled: Error: Runtime execution outcome is unknown.
qwen serve: Hosted wake turn arun_24adf7594ac7c5a6abf15f666df6a00453222c07d55d4709e2f59cfd54ff0315:input aftermath could not be settled: Error: Runtime execution outcome is unknown.
qwen serve: Hosted wake turn arun_24adf7594ac7c5a6abf15f666df6a00453222c07d55d4709e2f59cfd54ff0315:input aftermath could not be settled: Error: Runtime execution outcome is unknown.
qwen serve: Hosted wake turn arun_24adf7594ac7c5a6abf15f666df6a00453222c07d55d4709e2f59cfd54ff0315:input aftermath could not be settled: Error: Runtime execution outcome is unknown.
qwen serve: Hosted wake turn arun_24adf7594ac7c5a6abf15f666df6a00453222c07d55d4709e2f59cfd54ff0315:input aftermath could not be settled: Error: Runtime execution outcome is unknown.
qwen serve: Hosted wake turn arun_24adf7594ac7c5a6abf15f666df6a00453222c07d55d4709e2f59cfd54ff0315:input aftermath could not be settled: Error: Runtime execution outcome is unknown.
qwen serve: Hosted wake turn arun_24adf7594ac7c5a6abf15f666df6a00453222c07d55d4709e2f59cfd54ff0315:input aftermath could not be settled: Error: Runtime execution outcome is unknown.
qwen serve: Hosted wake turn arun_24adf7594ac7c5a6abf15f666df6a00453222c07d55d4709e2f59cfd54ff0315:input aftermath could not be settled: Error: Runtime execution outcome is unknown.
qwen serve: Hosted wake turn arun_24adf7594ac7c5a6abf15f666df6a00453222c07d55d4709e2f59cfd54ff0315:input aftermath could not be settled: Error: Runtime execution outcome is unknown.
qwen serve: Hosted wake turn arun_24adf7594ac7c5a6abf15f666df6a00453222c07d55d4709e2f59cfd54ff0315:input aftermath could not be settled: Error: Runtime execution outcome is unknown.
qwen serve: Hosted wake turn arun_24adf7594ac7c5a6abf15f666df6a00453222c07d55d4709e2f59cfd54ff0315:input aftermath could not be settled: Error: Runtime execution outcome is unknown.
qwen serve: Hosted wake turn arun_24adf7594ac7c5a6abf15f666df6a00453222c07d55d4709e2f59cfd54ff0315:input aftermath could not be settled: Error: Runtime execution outcome is unknown.
qwen serve: Hosted wake turn arun_24adf7594ac7c5a6abf15f666df6a00453222c07d55d4709e2f59cfd54ff0315:input aftermath could not be settled: Error: Runtime execution outcome is unknown.
qwen serve: Hosted wake turn arun_24adf7594ac7c5a6abf15f666df6a00453222c07d55d4709e2f59cfd54ff0315:input aftermath could not be settled: Error: Runtime execution outcome is unknown.
qwen serve: Hosted wake turn arun_24adf7594ac7c5a6abf15f666df6a00453222c07d55d4709e2f59cfd54ff0315:input aftermath could not be settled: Error: Runtime execution outcome is unknown.
qwen serve: Hosted wake turn arun_24adf7594ac7c5a6abf15f666df6a00453222c07d55d4709e2f59cfd54ff0315:input aftermath could not be settled: Error: Runtime execution outcome is unknown.
qwen serve: Hosted wake turn arun_24adf7594ac7c5a6abf15f666df6a00453222c07d55d4709e2f59cfd54ff0315:input aftermath could not be settled: Error: Runtime execution outcome is unknown.
qwen serve: Hosted wake turn arun_24adf7594ac7c5a6abf15f666df6a00453222c07d55d4709e2f59cfd54ff0315:input aftermath could not be settled: Error: Runtime execution outcome is unknown.
qwen serve: Hosted wake turn arun_24adf7594ac7c5a6abf15f666df6a00453222c07d55d4709e2f59cfd54ff0315:input aftermath could not be settled: Error: Runtime execution outcome is unknown.
qwen serve: Hosted wake turn arun_24adf7594ac7c5a6abf15f666df6a00453222c07d55d4709e2f59cfd54ff0315:input aftermath could not be settled: Error: Runtime execution outcome is unknown.
qwen serve: Hosted wake turn arun_24adf7594ac7c5a6abf15f666df6a00453222c07d55d4709e2f59cfd54ff0315:input aftermath could not be settled: Error: Runtime execution outcome is unknown.
qwen serve: Hosted wake turn arun_24adf7594ac7c5a6abf15f666df6a00453222c07d55d4709e2f59cfd54ff0315:input aftermath could not be settled: Error: Runtime execution outcome is unknown.
qwen serve: Hosted wake turn arun_24adf7594ac7c5a6abf15f666df6a00453222c07d55d4709e2f59cfd54ff0315:input aftermath could not be settled: Error: Runtime execution outcome is unknown.
qwen serve: Hosted wake turn arun_24adf7594ac7c5a6abf15f666df6a00453222c07d55d4709e2f59cfd54ff0315:input aftermath could not be settled: Error: Runtime execution outcome is unknown.
qwen serve: Hosted wake turn arun_24adf7594ac7c5a6abf15f666df6a00453222c07d55d4709e2f59cfd54ff0315:input aftermath could not be settled: Error: Runtime execution outcome is unknown.
qwen serve: Hosted wake turn arun_24adf7594ac7c5a6abf15f666df6a00453222c07d55d4709e2f59cfd54ff0315:input aftermath could not be settled: Error: Runtime execution outcome is unknown.
qwen serve: Hosted wake turn arun_24adf7594ac7c5a6abf15f666df6a00453222c07d55d4709e2f59cfd54ff0315:input aftermath could not be settled: Error: Runtime execution outcome is unknown.
qwen serve: Hosted wake turn arun_24adf7594ac7c5a6abf15f666df6a00453222c07d55d4709e2f59cfd54ff0315:input aftermath could not be settled: Error: Runtime execution outcome is unknown.
qwen serve: Hosted wake turn arun_24adf7594ac7c5a6abf15f666df6a00453222c07d55d4709e2f59cfd54ff0315:input aftermath could not be settled: Error: Runtime execution outcome is unknown.
qwen serve: Hosted wake turn arun_24adf7594ac7c5a6abf15f666df6a00453222c07d55d4709e2f59cfd54ff0315:input aftermath could not be settled: Error: Runtime execution outcome is unknown.
qwen serve: Hosted wake turn arun_24adf7594ac7c5a6abf15f666df6a00453222c07d55d4709e2f59cfd54ff0315:input aftermath could not be settled: Error: Runtime execution outcome is unknown.
qwen serve: Hosted wake turn arun_24adf7594ac7c5a6abf15f666df6a00453222c07d55d4709e2f59cfd54ff0315:input aftermath could not be settled: Error: Runtime execution outcome is unknown.
qwen serve: Hosted wake turn arun_24adf7594ac7c5a6abf15f666df6a00453222c07d55d4709e2f59cfd54ff0315:input aftermath could not be settled: Error: Runtime execution outcome is unknown.
qwen serve: Hosted wake turn arun_24adf7594ac7c5a6abf15f666df6a00453222c07d55d4709e2f59cfd54ff0315:input aftermath could not be settled: Error: Runtime execution outcome is unknown.
qwen serve: Hosted wake turn arun_24adf7594ac7c5a6abf15f666df6a00453222c07d55d4709e2f59cfd54ff0315:input aftermath could not be settled: Error: Runtime execution outcome is unknown.
qwen serve: Hosted wake turn arun_24adf7594ac7c5a6abf15f666df6a00453222c07d55d4709e2f59cfd54ff0315:input aftermath could not be settled: Error: Runtime execution outcome is unknown.
qwen serve: Hosted wake turn arun_24adf7594ac7c5a6abf15f666df6a00453222c07d55d4709e2f59cfd54ff0315:input aftermath could not be settled: Error: Runtime execution outcome is unknown.
qwen serve: Hosted wake turn arun_24adf7594ac7c5a6abf15f666df6a00453222c07d55d4709e2f59cfd54ff0315:input aftermath could not be settled: Error: Runtime execution outcome is unknown.
qwen serve: Hosted wake turn arun_24adf7594ac7c5a6abf15f666df6a00453222c07d55d4709e2f59cfd54ff0315:input aftermath could not be settled: Error: Runtime execution outcome is unknown.
qwen serve: Hosted wake turn arun_24adf7594ac7c5a6abf15f666df6a00453222c07d55d4709e2f59cfd54ff0315:input aftermath could not be settled: Error: Runtime execution outcome is unknown.
qwen serve: Hosted wake turn arun_24adf7594ac7c5a6abf15f666df6a00453222c07d55d4709e2f59cfd54ff0315:input aftermath could not be settled: Error: Runtime execution outcome is unknown.
qwen serve: Hosted wake turn arun_24adf7594ac7c5a6abf15f666df6a00453222c07d55d4709e2f59cfd54ff0315:input aftermath could not be settled: Error: Runtime execution outcome is unknown.
qwen serve: Hosted wake turn arun_24adf7594ac7c5a6abf15f666df6a00453222c07d55d4709e2f59cfd54ff0315:input aftermath could not be settled: Error: Runtime execution outcome is unknown.
qwen serve: Hosted wake turn arun_24adf7594ac7c5a6abf15f666df6a00453222c07d55d4709e2f59cfd54ff0315:input aftermath could not be settled: Error: Runtime execution outcome is unknown.
qwen serve: Hosted wake turn arun_24adf7594ac7c5a6abf15f666df6a00453222c07d55d4709e2f59cfd54ff0315:input aftermath could not be settled: Error: Runtime execution outcome is unknown.
qwen serve: Hosted wake turn arun_24adf7594ac7c5a6abf15f666df6a00453222c07d55d4709e2f59cfd54ff0315:input aftermath could not be settled: Error: Runtime execution outcome is unknown.
qwen serve: Hosted wake turn arun_24adf7594ac7c5a6abf15f666df6a00453222c07d55d4709e2f59cfd54ff0315:input aftermath could not be settled: Error: Runtime execution outcome is unknown.
qwen serve: Hosted wake turn arun_24adf7594ac7c5a6abf15f666df6a00453222c07d55d4709e2f59cfd54ff0315:input aftermath could not be settled: Error: Runtime execution outcome is unknown.
qwen serve: Hosted wake turn arun_24adf7594ac7c5a6abf15f666df6a00453222c07d55d4709e2f59cfd54ff0315:input aftermath could not be settled: Error: Runtime execution outcome is unknown.
qwen serve: Hosted wake turn arun_24adf7594ac7c5a6abf15f666df6a00453222c07d55d4709e2f59cfd54ff0315:input aftermath could not be settled: Error: Runtime execution outcome is unknown.
qwen serve: Hosted wake turn arun_24adf7594ac7c5a6abf15f666df6a00453222c07d55d4709e2f59cfd54ff0315:input aftermath could not be settled: Error: Runtime execution outcome is unknown.
qwen serve: Hosted wake turn arun_24adf7594ac7c5a6abf15f666df6a00453222c07d55d4709e2f59cfd54ff0315:input aftermath could not be settled: Error: Runtime execution outcome is unknown.
qwen serve: Hosted wake turn arun_24adf7594ac7c5a6abf15f666df6a00453222c07d55d4709e2f59cfd54ff0315:input aftermath could not be settled: Error: Runtime execution outcome is unknown.
qwen serve: Hosted wake turn arun_24adf7594ac7c5a6abf15f666df6a00453222c07d55d4709e2f59cfd54ff0315:input aftermath could not be settled: Error: Runtime execution outcome is unknown.
qwen serve: Hosted wake turn arun_24adf7594ac7c5a6abf15f666df6a00453222c07d55d4709e2f59cfd54ff0315:input aftermath could not be settled: Error: Runtime execution outcome is unknown.
qwen serve: Hosted wake turn arun_24adf7594ac7c5a6abf15f666df6a00453222c07d55d4709e2f59cfd54ff0315:input aftermath could not be settled: Error: Runtime execution outcome is unknown.
qwen serve: Hosted wake turn arun_24adf7594ac7c5a6abf15f666df6a00453222c07d55d4709e2f59cfd54ff0315:input aftermath could not be settled: Error: Runtime execution outcome is unknown.
qwen serve: Hosted wake turn arun_24adf7594ac7c5a6abf15f666df6a00453222c07d55d4709e2f59cfd54ff0315:input aftermath could not be settled: Error: Runtime execution outcome is unknown.
qwen serve: Hosted wake turn arun_24adf7594ac7c5a6abf15f666df6a00453222c07d55d4709e2f59cfd54ff0315:input aftermath could not be settled: Error: Runtime execution outcome is unknown.
qwen serve: Hosted wake turn arun_24adf7594ac7c5a6abf15f666df6a00453222c07d55d4709e2f59cfd54ff0315:input aftermath could not be settled: Error: Runtime execution outcome is unknown.
qwen serve: Hosted wake turn arun_24adf7594ac7c5a6abf15f666df6a00453222c07d55d4709e2f59cfd54ff0315:input aftermath could not be settled: Error: Runtime execution outcome is unknown.
qwen serve: Hosted wake turn arun_24adf7594ac7c5a6abf15f666df6a00453222c07d55d4709e2f59cfd54ff0315:input aftermath could not be settled: Error: Runtime execution outcome is unknown.
qwen serve: Hosted wake turn arun_24adf7594ac7c5a6abf15f666df6a00453222c07d55d4709e2f59cfd54ff0315:input aftermath could not be settled: Error: Runtime execution outcome is unknown.
qwen serve: Hosted wake turn arun_24adf7594ac7c5a6abf15f666df6a00453222c07d55d4709e2f59cfd54ff0315:input aftermath could not be settled: Error: Runtime execution outcome is unknown.
qwen serve: Hosted wake turn arun_24adf7594ac7c5a6abf15f666df6a00453222c07d55d4709e2f59cfd54ff0315:input aftermath could not be settled: Error: Runtime execution outcome is unknown.
qwen serve: Hosted wake turn arun_24adf7594ac7c5a6abf15f666df6a00453222c07d55d4709e2f59cfd54ff0315:input aftermath could not be settled: Error: Runtime execution outcome is unknown.
qwen serve: Hosted wake turn arun_24adf7594ac7c5a6abf15f666df6a00453222c07d55d4709e2f59cfd54ff0315:input aftermath could not be settled: Error: Runtime execution outcome is unknown.
qwen serve: Hosted wake turn arun_24adf7594ac7c5a6abf15f666df6a00453222c07d55d4709e2f59cfd54ff0315:input aftermath could not be settled: Error: Runtime execution outcome is unknown.
qwen serve: Hosted wake turn arun_24adf7594ac7c5a6abf15f666df6a00453222c07d55d4709e2f59cfd54ff0315:input aftermath could not be settled: Error: Runtime execution outcome is unknown.
qwen serve: Hosted wake turn arun_24adf7594ac7c5a6abf15f666df6a00453222c07d55d4709e2f59cfd54ff0315:input aftermath could not be settled: Error: Runtime execution outcome is unknown.
qwen serve: Hosted wake turn arun_24adf7594ac7c5a6abf15f666df6a00453222c07d55d4709e2f59cfd54ff0315:input aftermath could not be settled: Error: Runtime execution outcome is unknown.
qwen serve: Hosted wake turn arun_24adf7594ac7c5a6abf15f666df6a00453222c07d55d4709e2f59cfd54ff0315:input aftermath could not be settled: Error: Runtime execution outcome is unknown.
qwen serve: Hosted wake turn arun_24adf7594ac7c5a6abf15f666df6a00453222c07d55d4709e2f59cfd54ff0315:input aftermath could not be settled: Error: Runtime execution outcome is unknown.
qwen serve: Hosted wake turn arun_24adf7594ac7c5a6abf15f666df6a00453222c07d55d4709e2f59cfd54ff0315:input aftermath could not be settled: Error: Runtime execution outcome is unknown.
qwen serve: Hosted wake turn arun_24adf7594ac7c5a6abf15f666df6a00453222c07d55d4709e2f59cfd54ff0315:input aftermath could not be settled: Error: Runtime execution outcome is unknown.
qwen serve: Hosted wake turn arun_24adf7594ac7c5a6abf15f666df6a00453222c07d55d4709e2f59cfd54ff0315:input aftermath could not be settled: Error: Runtime execution outcome is unknown.
qwen serve: Hosted wake turn arun_24adf7594ac7c5a6abf15f666df6a00453222c07d55d4709e2f59cfd54ff0315:input aftermath could not be settled: Error: Runtime execution outcome is unknown.
qwen serve: Hosted wake turn arun_24adf7594ac7c5a6abf15f666df6a00453222c07d55d4709e2f59cfd54ff0315:input aftermath could not be settled: Error: Runtime execution outcome is unknown.
qwen serve: Hosted wake turn arun_24adf7594ac7c5a6abf15f666df6a00453222c07d55d4709e2f59cfd54ff0315:input aftermath could not be settled: Error: Runtime execution outcome is unknown.
qwen serve: Hosted wake turn arun_24adf7594ac7c5a6abf15f666df6a00453222c07d55d4709e2f59cfd54ff0315:input aftermath could not be settled: Error: Runtime execution outcome is unknown.
qwen serve: Hosted wake turn arun_24adf7594ac7c5a6abf15f666df6a00453222c07d55d4709e2f59cfd54ff0315:input aftermath could not be settled: Error: Runtime execution outcome is unknown.
qwen serve: Hosted wake turn arun_24adf7594ac7c5a6abf15f666df6a00453222c07d55d4709e2f59cfd54ff0315:input aftermath could not be settled: Error: Runtime execution outcome is unknown.
qwen serve: Hosted wake turn arun_24adf7594ac7c5a6abf15f666df6a00453222c07d55d4709e2f59cfd54ff0315:input aftermath could not be settled: Error: Runtime execution outcome is unknown.
qwen serve: Hosted wake turn arun_24adf7594ac7c5a6abf15f666df6a00453222c07d55d4709e2f59cfd54ff0315:input aftermath could not be settled: Error: Runtime execution outcome is unknown.
qwen serve: Hosted wake turn arun_24adf7594ac7c5a6abf15f666df6a00453222c07d55d4709e2f59cfd54ff0315:input aftermath could not be settled: Error: Runtime execution outcome is unknown.
qwen serve: Hosted wake turn arun_24adf7594ac7c5a6abf15f666df6a00453222c07d55d4709e2f59cfd54ff0315:input aftermath could not be settled: Error: Runtime execution outcome is unknown.
qwen serve: Hosted wake turn arun_24adf7594ac7c5a6abf15f666df6a00453222c07d55d4709e2f59cfd54ff0315:input aftermath could not be settled: Error: Runtime execution outcome is unknown.
qwen serve: Hosted wake turn arun_24adf7594ac7c5a6abf15f666df6a00453222c07d55d4709e2f59cfd54ff0315:input aftermath could not be settled: Error: Runtime execution outcome is unknown.
qwen serve: Hosted wake turn arun_24adf7594ac7c5a6abf15f666df6a00453222c07d55d4709e2f59cfd54ff0315:input aftermath could not be settled: Error: Runtime execution outcome is unknown.
qwen serve: Hosted wake turn arun_24adf7594ac7c5a6abf15f666df6a00453222c07d55d4709e2f59cfd54ff0315:input aftermath could not be settled: Error: Runtime execution outcome is unknown.
qwen serve: Hosted wake turn arun_24adf7594ac7c5a6abf15f666df6a00453222c07d55d4709e2f59cfd54ff0315:input aftermath could not be settled: Error: Runtime execution outcome is unknown.
qwen serve: Hosted wake turn arun_24adf7594ac7c5a6abf15f666df6a00453222c07d55d4709e2f59cfd54ff0315:input aftermath could not be settled: Error: Runtime execution outcome is unknown.
qwen serve: Hosted wake turn arun_24adf7594ac7c5a6abf15f666df6a00453222c07d55d4709e2f59cfd54ff0315:input aftermath could not be settled: Error: Runtime execution outcome is unknown.
qwen serve: Hosted wake turn arun_24adf7594ac7c5a6abf15f666df6a00453222c07d55d4709e2f59cfd54ff0315:input aftermath could not be settled: Error: Runtime execution outcome is unknown.
qwen serve: Hosted wake turn arun_24adf7594ac7c5a6abf15f666df6a00453222c07d55d4709e2f59cfd54ff0315:input aftermath could not be settled: Error: Runtime execution outcome is unknown.
qwen serve: Hosted wake turn arun_24adf7594ac7c5a6abf15f666df6a00453222c07d55d4709e2f59cfd54ff0315:input aftermath could not be settled: Error: Runtime execution outcome is unknown.
qwen serve: Hosted wake turn arun_24adf7594ac7c5a6abf15f666df6a00453222c07d55d4709e2f59cfd54ff0315:input aftermath could not be settled: Error: Runtime execution outcome is unknown.
qwen serve: Hosted wake turn arun_24adf7594ac7c5a6abf15f666df6a00453222c07d55d4709e2f59cfd54ff0315:input aftermath could not be settled: Error: Runtime execution outcome is unknown.
qwen serve: Hosted wake turn arun_24adf7594ac7c5a6abf15f666df6a00453222c07d55d4709e2f59cfd54ff0315:input aftermath could not be settled: Error: Runtime execution outcome is unknown.
qwen serve: Hosted wake turn arun_24adf7594ac7c5a6abf15f666df6a00453222c07d55d4709e2f59cfd54ff0315:input aftermath could not be settled: Error: Runtime execution outcome is unknown.
qwen serve: Hosted wake turn arun_24adf7594ac7c5a6abf15f666df6a00453222c07d55d4709e2f59cfd54ff0315:input aftermath could not be settled: Error: Runtime execution outcome is unknown.
