1790843363388	1	escaped writer pid	ACCEPT	true
1790843363402	1	escaped writer output	ACCEPT	true
1790843369348	1	original worker loss after recovery fencing	REJECT	Reply[ok=false, value=null, status=503, code=runtime_provision_fenced, retryable=true, message=Runtime recovery claim expired]
1790843373615	1	original worker loss after recovery fencing	ACCEPT	Reply[ok=false, value=null, status=503, code=runtime_broker_runtime_lost, retryable=true, message=Runtime is lost; recovery requires complete evidence and cleanup]
1790843373670	1	escaped writer continues after loss; the physical pin must remain	REJECT	207
1790843373721	1	escaped writer continues after loss; the physical pin must remain	ACCEPT	208
1790843383848	1	escaped writer pid	ACCEPT	true
1790843383854	1	escaped writer output	ACCEPT	true
1790843391010	1	original worker loss after recovery fencing	ACCEPT	Reply[ok=false, value=null, status=503, code=runtime_broker_runtime_lost, retryable=true, message=Runtime is lost; recovery requires complete evidence and cleanup]
1790843391029	1	escaped writer continues after loss; the physical pin must remain	REJECT	145
1790843391079	1	escaped writer continues after loss; the physical pin must remain	ACCEPT	146
1790843401197	1	marker = [start]	ACCEPT	[start]
1790843401234	1	UNKNOWN execution	REJECT	com.alibaba.qwen.code.runtimebroker.ToolExecutionRecord@34645867
1790843401292	1	UNKNOWN execution	REJECT	com.alibaba.qwen.code.runtimebroker.ToolExecutionRecord@60b71e8f
1790843401345	1	UNKNOWN execution	REJECT	com.alibaba.qwen.code.runtimebroker.ToolExecutionRecord@7c22d4f
1790843401398	1	UNKNOWN execution	REJECT	com.alibaba.qwen.code.runtimebroker.ToolExecutionRecord@60bdf15d
1790843401453	1	UNKNOWN execution	REJECT	com.alibaba.qwen.code.runtimebroker.ToolExecutionRecord@51e4ccb3
1790843401506	1	UNKNOWN execution	REJECT	com.alibaba.qwen.code.runtimebroker.ToolExecutionRecord@495083a0
1790843401559	1	UNKNOWN execution	REJECT	com.alibaba.qwen.code.runtimebroker.ToolExecutionRecord@28a0fd6c
1790843401612	1	UNKNOWN execution	REJECT	com.alibaba.qwen.code.runtimebroker.ToolExecutionRecord@66629f63
1790843401666	1	UNKNOWN execution	REJECT	com.alibaba.qwen.code.runtimebroker.ToolExecutionRecord@27a5328c
1790843401718	1	UNKNOWN execution	REJECT	com.alibaba.qwen.code.runtimebroker.ToolExecutionRecord@6c345c5f
1790843401772	1	UNKNOWN execution	ACCEPT	com.alibaba.qwen.code.runtimebroker.ToolExecutionRecord@65e61854
1790843422761	1	marker = [start]	ACCEPT	[start]
1790843429627	1	original Runtime loss after recovery fencing	ACCEPT	Reply[ok=false, value=null, status=503, code=runtime_broker_runtime_lost, retryable=true, message=Runtime is lost; recovery requires complete evidence and cleanup]
1790843449032	1	dispatch lease of 63f84265-de7c-4e06-ac73-fb07e33c7543 lapsed	REJECT	com.alibaba.qwen.code.runtimebroker.ToolExecutionRecord@7c041b41
1790843449092	1	dispatch lease of 63f84265-de7c-4e06-ac73-fb07e33c7543 lapsed	REJECT	com.alibaba.qwen.code.runtimebroker.ToolExecutionRecord@1cb3ec38
1790843449149	1	dispatch lease of 63f84265-de7c-4e06-ac73-fb07e33c7543 lapsed	REJECT	com.alibaba.qwen.code.runtimebroker.ToolExecutionRecord@2cab9998
1790843449208	1	dispatch lease of 63f84265-de7c-4e06-ac73-fb07e33c7543 lapsed	REJECT	com.alibaba.qwen.code.runtimebroker.ToolExecutionRecord@3a1d593e
1790843449265	1	dispatch lease of 63f84265-de7c-4e06-ac73-fb07e33c7543 lapsed	REJECT	com.alibaba.qwen.code.runtimebroker.ToolExecutionRecord@7859e786
1790843449323	1	dispatch lease of 63f84265-de7c-4e06-ac73-fb07e33c7543 lapsed	REJECT	com.alibaba.qwen.code.runtimebroker.ToolExecutionRecord@664a9613
1790843449382	1	dispatch lease of 63f84265-de7c-4e06-ac73-fb07e33c7543 lapsed	REJECT	com.alibaba.qwen.code.runtimebroker.ToolExecutionRecord@7876d598
1790843449439	1	dispatch lease of 63f84265-de7c-4e06-ac73-fb07e33c7543 lapsed	REJECT	com.alibaba.qwen.code.runtimebroker.ToolExecutionRecord@71104a4
1790843449503	1	dispatch lease of 63f84265-de7c-4e06-ac73-fb07e33c7543 lapsed	REJECT	com.alibaba.qwen.code.runtimebroker.ToolExecutionRecord@3c9168dc
1790843449560	1	dispatch lease of 63f84265-de7c-4e06-ac73-fb07e33c7543 lapsed	REJECT	com.alibaba.qwen.code.runtimebroker.ToolExecutionRecord@54361a9
1790843449617	1	dispatch lease of 63f84265-de7c-4e06-ac73-fb07e33c7543 lapsed	REJECT	com.alibaba.qwen.code.runtimebroker.ToolExecutionRecord@37ebc9d8
1790843449675	1	dispatch lease of 63f84265-de7c-4e06-ac73-fb07e33c7543 lapsed	REJECT	com.alibaba.qwen.code.runtimebroker.ToolExecutionRecord@6fa590ba
1790843449732	1	dispatch lease of 63f84265-de7c-4e06-ac73-fb07e33c7543 lapsed	REJECT	com.alibaba.qwen.code.runtimebroker.ToolExecutionRecord@7bf9b098
1790843449789	1	dispatch lease of 63f84265-de7c-4e06-ac73-fb07e33c7543 lapsed	REJECT	com.alibaba.qwen.code.runtimebroker.ToolExecutionRecord@1fc0053e
1790843449847	1	dispatch lease of 63f84265-de7c-4e06-ac73-fb07e33c7543 lapsed	REJECT	com.alibaba.qwen.code.runtimebroker.ToolExecutionRecord@33617539
1790843449905	1	dispatch lease of 63f84265-de7c-4e06-ac73-fb07e33c7543 lapsed	REJECT	com.alibaba.qwen.code.runtimebroker.ToolExecutionRecord@209775a9
1790843449964	1	dispatch lease of 63f84265-de7c-4e06-ac73-fb07e33c7543 lapsed	REJECT	com.alibaba.qwen.code.runtimebroker.ToolExecutionRecord@74cec793
1790843450021	1	dispatch lease of 63f84265-de7c-4e06-ac73-fb07e33c7543 lapsed	REJECT	com.alibaba.qwen.code.runtimebroker.ToolExecutionRecord@1bdf8190
1790843450078	1	dispatch lease of 63f84265-de7c-4e06-ac73-fb07e33c7543 lapsed	REJECT	com.alibaba.qwen.code.runtimebroker.ToolExecutionRecord@c65a5ef
1790843450135	1	dispatch lease of 63f84265-de7c-4e06-ac73-fb07e33c7543 lapsed	REJECT	com.alibaba.qwen.code.runtimebroker.ToolExecutionRecord@2fab4aff
1790843450192	1	dispatch lease of 63f84265-de7c-4e06-ac73-fb07e33c7543 lapsed	REJECT	com.alibaba.qwen.code.runtimebroker.ToolExecutionRecord@5cc69cfe
1790843450251	1	dispatch lease of 63f84265-de7c-4e06-ac73-fb07e33c7543 lapsed	REJECT	com.alibaba.qwen.code.runtimebroker.ToolExecutionRecord@7997b197
1790843450309	1	dispatch lease of 63f84265-de7c-4e06-ac73-fb07e33c7543 lapsed	REJECT	com.alibaba.qwen.code.runtimebroker.ToolExecutionRecord@55f3c410
1790843450365	1	dispatch lease of 63f84265-de7c-4e06-ac73-fb07e33c7543 lapsed	REJECT	com.alibaba.qwen.code.runtimebroker.ToolExecutionRecord@4a8ab068
1790843450422	1	dispatch lease of 63f84265-de7c-4e06-ac73-fb07e33c7543 lapsed	REJECT	com.alibaba.qwen.code.runtimebroker.ToolExecutionRecord@6bab2585
1790843450478	1	dispatch lease of 63f84265-de7c-4e06-ac73-fb07e33c7543 lapsed	REJECT	com.alibaba.qwen.code.runtimebroker.ToolExecutionRecord@532a02d9
1790843450537	1	dispatch lease of 63f84265-de7c-4e06-ac73-fb07e33c7543 lapsed	REJECT	com.alibaba.qwen.code.runtimebroker.ToolExecutionRecord@7cbee484
1790843450594	1	dispatch lease of 63f84265-de7c-4e06-ac73-fb07e33c7543 lapsed	REJECT	com.alibaba.qwen.code.runtimebroker.ToolExecutionRecord@4089713
1790843450652	1	dispatch lease of 63f84265-de7c-4e06-ac73-fb07e33c7543 lapsed	REJECT	com.alibaba.qwen.code.runtimebroker.ToolExecutionRecord@b91d8c4
1790843450709	1	dispatch lease of 63f84265-de7c-4e06-ac73-fb07e33c7543 lapsed	REJECT	com.alibaba.qwen.code.runtimebroker.ToolExecutionRecord@4fd4cae3
1790843450765	1	dispatch lease of 63f84265-de7c-4e06-ac73-fb07e33c7543 lapsed	REJECT	com.alibaba.qwen.code.runtimebroker.ToolExecutionRecord@3bde62ff
1790843450823	1	dispatch lease of 63f84265-de7c-4e06-ac73-fb07e33c7543 lapsed	REJECT	com.alibaba.qwen.code.runtimebroker.ToolExecutionRecord@319dead1
1790843450879	1	dispatch lease of 63f84265-de7c-4e06-ac73-fb07e33c7543 lapsed	REJECT	com.alibaba.qwen.code.runtimebroker.ToolExecutionRecord@754777cd
1790843450936	1	dispatch lease of 63f84265-de7c-4e06-ac73-fb07e33c7543 lapsed	REJECT	com.alibaba.qwen.code.runtimebroker.ToolExecutionRecord@4cc76301
1790843450994	1	dispatch lease of 63f84265-de7c-4e06-ac73-fb07e33c7543 lapsed	REJECT	com.alibaba.qwen.code.runtimebroker.ToolExecutionRecord@7de0c6ae
1790843451051	1	dispatch lease of 63f84265-de7c-4e06-ac73-fb07e33c7543 lapsed	ACCEPT	com.alibaba.qwen.code.runtimebroker.ToolExecutionRecord@7ef2d7a6
1790843463763	1	marker = [start]	ACCEPT	[start]
1790843464113	1	dispatch lease of 34b645f3-95de-4932-8e76-79cba38e1231 lapsed	REJECT	com.alibaba.qwen.code.runtimebroker.ToolExecutionRecord@6063d80a
1790843464173	1	dispatch lease of 34b645f3-95de-4932-8e76-79cba38e1231 lapsed	REJECT	com.alibaba.qwen.code.runtimebroker.ToolExecutionRecord@54709809
1790843464232	1	dispatch lease of 34b645f3-95de-4932-8e76-79cba38e1231 lapsed	REJECT	com.alibaba.qwen.code.runtimebroker.ToolExecutionRecord@60cf80e7
1790843464292	1	dispatch lease of 34b645f3-95de-4932-8e76-79cba38e1231 lapsed	REJECT	com.alibaba.qwen.code.runtimebroker.ToolExecutionRecord@48c40605
1790843464349	1	dispatch lease of 34b645f3-95de-4932-8e76-79cba38e1231 lapsed	REJECT	com.alibaba.qwen.code.runtimebroker.ToolExecutionRecord@476aac9
1790843464407	1	dispatch lease of 34b645f3-95de-4932-8e76-79cba38e1231 lapsed	REJECT	com.alibaba.qwen.code.runtimebroker.ToolExecutionRecord@2f2bf0e2
1790843464465	1	dispatch lease of 34b645f3-95de-4932-8e76-79cba38e1231 lapsed	REJECT	com.alibaba.qwen.code.runtimebroker.ToolExecutionRecord@25f9407e
1790843464529	1	dispatch lease of 34b645f3-95de-4932-8e76-79cba38e1231 lapsed	REJECT	com.alibaba.qwen.code.runtimebroker.ToolExecutionRecord@59aa20b3
1790843464587	1	dispatch lease of 34b645f3-95de-4932-8e76-79cba38e1231 lapsed	REJECT	com.alibaba.qwen.code.runtimebroker.ToolExecutionRecord@1b28f282
1790843464645	1	dispatch lease of 34b645f3-95de-4932-8e76-79cba38e1231 lapsed	REJECT	com.alibaba.qwen.code.runtimebroker.ToolExecutionRecord@19b30c92
1790843464702	1	dispatch lease of 34b645f3-95de-4932-8e76-79cba38e1231 lapsed	REJECT	com.alibaba.qwen.code.runtimebroker.ToolExecutionRecord@4816c290
1790843464759	1	dispatch lease of 34b645f3-95de-4932-8e76-79cba38e1231 lapsed	REJECT	com.alibaba.qwen.code.runtimebroker.ToolExecutionRecord@4efcf8a
1790843464818	1	dispatch lease of 34b645f3-95de-4932-8e76-79cba38e1231 lapsed	REJECT	com.alibaba.qwen.code.runtimebroker.ToolExecutionRecord@307765b4
1790843464881	1	dispatch lease of 34b645f3-95de-4932-8e76-79cba38e1231 lapsed	REJECT	com.alibaba.qwen.code.runtimebroker.ToolExecutionRecord@4e4efc1b
1790843464939	1	dispatch lease of 34b645f3-95de-4932-8e76-79cba38e1231 lapsed	REJECT	com.alibaba.qwen.code.runtimebroker.ToolExecutionRecord@7db534f2
1790843464999	1	dispatch lease of 34b645f3-95de-4932-8e76-79cba38e1231 lapsed	REJECT	com.alibaba.qwen.code.runtimebroker.ToolExecutionRecord@2a76b80a
1790843465057	1	dispatch lease of 34b645f3-95de-4932-8e76-79cba38e1231 lapsed	REJECT	com.alibaba.qwen.code.runtimebroker.ToolExecutionRecord@61d9efe0
1790843465118	1	dispatch lease of 34b645f3-95de-4932-8e76-79cba38e1231 lapsed	REJECT	com.alibaba.qwen.code.runtimebroker.ToolExecutionRecord@6de54b40
1790843465176	1	dispatch lease of 34b645f3-95de-4932-8e76-79cba38e1231 lapsed	REJECT	com.alibaba.qwen.code.runtimebroker.ToolExecutionRecord@a50b09c
1790843465232	1	dispatch lease of 34b645f3-95de-4932-8e76-79cba38e1231 lapsed	REJECT	com.alibaba.qwen.code.runtimebroker.ToolExecutionRecord@2187fff7
1790843465290	1	dispatch lease of 34b645f3-95de-4932-8e76-79cba38e1231 lapsed	REJECT	com.alibaba.qwen.code.runtimebroker.ToolExecutionRecord@4de025bf
1790843465352	1	dispatch lease of 34b645f3-95de-4932-8e76-79cba38e1231 lapsed	REJECT	com.alibaba.qwen.code.runtimebroker.ToolExecutionRecord@11389053
1790843465410	1	dispatch lease of 34b645f3-95de-4932-8e76-79cba38e1231 lapsed	REJECT	com.alibaba.qwen.code.runtimebroker.ToolExecutionRecord@5c1bd44c
1790843465467	1	dispatch lease of 34b645f3-95de-4932-8e76-79cba38e1231 lapsed	REJECT	com.alibaba.qwen.code.runtimebroker.ToolExecutionRecord@2e77b8cf
1790843465524	1	dispatch lease of 34b645f3-95de-4932-8e76-79cba38e1231 lapsed	REJECT	com.alibaba.qwen.code.runtimebroker.ToolExecutionRecord@7df587ef
1790843465583	1	dispatch lease of 34b645f3-95de-4932-8e76-79cba38e1231 lapsed	REJECT	com.alibaba.qwen.code.runtimebroker.ToolExecutionRecord@56db847e
1790843465639	1	dispatch lease of 34b645f3-95de-4932-8e76-79cba38e1231 lapsed	REJECT	com.alibaba.qwen.code.runtimebroker.ToolExecutionRecord@5fe8b721
1790843465697	1	dispatch lease of 34b645f3-95de-4932-8e76-79cba38e1231 lapsed	REJECT	com.alibaba.qwen.code.runtimebroker.ToolExecutionRecord@64c2b546
1790843465754	1	dispatch lease of 34b645f3-95de-4932-8e76-79cba38e1231 lapsed	REJECT	com.alibaba.qwen.code.runtimebroker.ToolExecutionRecord@4cc547a
1790843465810	1	dispatch lease of 34b645f3-95de-4932-8e76-79cba38e1231 lapsed	REJECT	com.alibaba.qwen.code.runtimebroker.ToolExecutionRecord@3591009c
1790843465867	1	dispatch lease of 34b645f3-95de-4932-8e76-79cba38e1231 lapsed	REJECT	com.alibaba.qwen.code.runtimebroker.ToolExecutionRecord@5cc5b667
1790843465923	1	dispatch lease of 34b645f3-95de-4932-8e76-79cba38e1231 lapsed	REJECT	com.alibaba.qwen.code.runtimebroker.ToolExecutionRecord@182f1e9a
1790843465981	1	dispatch lease of 34b645f3-95de-4932-8e76-79cba38e1231 lapsed	REJECT	com.alibaba.qwen.code.runtimebroker.ToolExecutionRecord@69f63d95
1790843466037	1	dispatch lease of 34b645f3-95de-4932-8e76-79cba38e1231 lapsed	ACCEPT	com.alibaba.qwen.code.runtimebroker.ToolExecutionRecord@3574e198
1790843481780	1	dispatch lease of fd055428-025a-4d9e-beb7-879daa4ec908 lapsed	REJECT	com.alibaba.qwen.code.runtimebroker.ToolExecutionRecord@548e76f1
1790843481849	1	dispatch lease of fd055428-025a-4d9e-beb7-879daa4ec908 lapsed	REJECT	com.alibaba.qwen.code.runtimebroker.ToolExecutionRecord@1ac85b0c
1790843481908	1	dispatch lease of fd055428-025a-4d9e-beb7-879daa4ec908 lapsed	REJECT	com.alibaba.qwen.code.runtimebroker.ToolExecutionRecord@1ee4730
1790843481966	1	dispatch lease of fd055428-025a-4d9e-beb7-879daa4ec908 lapsed	REJECT	com.alibaba.qwen.code.runtimebroker.ToolExecutionRecord@724bade8
1790843482022	1	dispatch lease of fd055428-025a-4d9e-beb7-879daa4ec908 lapsed	REJECT	com.alibaba.qwen.code.runtimebroker.ToolExecutionRecord@23a9ba52
1790843482080	1	dispatch lease of fd055428-025a-4d9e-beb7-879daa4ec908 lapsed	REJECT	com.alibaba.qwen.code.runtimebroker.ToolExecutionRecord@9573b3b
1790843482138	1	dispatch lease of fd055428-025a-4d9e-beb7-879daa4ec908 lapsed	REJECT	com.alibaba.qwen.code.runtimebroker.ToolExecutionRecord@544630b7
1790843482195	1	dispatch lease of fd055428-025a-4d9e-beb7-879daa4ec908 lapsed	REJECT	com.alibaba.qwen.code.runtimebroker.ToolExecutionRecord@58c540cf
1790843482251	1	dispatch lease of fd055428-025a-4d9e-beb7-879daa4ec908 lapsed	REJECT	com.alibaba.qwen.code.runtimebroker.ToolExecutionRecord@24a1c17f
1790843482308	1	dispatch lease of fd055428-025a-4d9e-beb7-879daa4ec908 lapsed	REJECT	com.alibaba.qwen.code.runtimebroker.ToolExecutionRecord@7927bd9f
1790843482364	1	dispatch lease of fd055428-025a-4d9e-beb7-879daa4ec908 lapsed	REJECT	com.alibaba.qwen.code.runtimebroker.ToolExecutionRecord@7fb9f71f
1790843482420	1	dispatch lease of fd055428-025a-4d9e-beb7-879daa4ec908 lapsed	REJECT	com.alibaba.qwen.code.runtimebroker.ToolExecutionRecord@514eedd8
1790843482480	1	dispatch lease of fd055428-025a-4d9e-beb7-879daa4ec908 lapsed	REJECT	com.alibaba.qwen.code.runtimebroker.ToolExecutionRecord@1cf2fed4
1790843482537	1	dispatch lease of fd055428-025a-4d9e-beb7-879daa4ec908 lapsed	REJECT	com.alibaba.qwen.code.runtimebroker.ToolExecutionRecord@4d63b624
1790843482594	1	dispatch lease of fd055428-025a-4d9e-beb7-879daa4ec908 lapsed	REJECT	com.alibaba.qwen.code.runtimebroker.ToolExecutionRecord@2e185cd7
1790843482651	1	dispatch lease of fd055428-025a-4d9e-beb7-879daa4ec908 lapsed	REJECT	com.alibaba.qwen.code.runtimebroker.ToolExecutionRecord@407cf41
1790843482709	1	dispatch lease of fd055428-025a-4d9e-beb7-879daa4ec908 lapsed	REJECT	com.alibaba.qwen.code.runtimebroker.ToolExecutionRecord@60094a13
1790843482767	1	dispatch lease of fd055428-025a-4d9e-beb7-879daa4ec908 lapsed	REJECT	com.alibaba.qwen.code.runtimebroker.ToolExecutionRecord@3a4b0e5d
1790843482823	1	dispatch lease of fd055428-025a-4d9e-beb7-879daa4ec908 lapsed	REJECT	com.alibaba.qwen.code.runtimebroker.ToolExecutionRecord@3546d80f
1790843482882	1	dispatch lease of fd055428-025a-4d9e-beb7-879daa4ec908 lapsed	REJECT	com.alibaba.qwen.code.runtimebroker.ToolExecutionRecord@452e26d0
1790843482939	1	dispatch lease of fd055428-025a-4d9e-beb7-879daa4ec908 lapsed	REJECT	com.alibaba.qwen.code.runtimebroker.ToolExecutionRecord@42257bdd
1790843482997	1	dispatch lease of fd055428-025a-4d9e-beb7-879daa4ec908 lapsed	REJECT	com.alibaba.qwen.code.runtimebroker.ToolExecutionRecord@1a2e2935
1790843483055	1	dispatch lease of fd055428-025a-4d9e-beb7-879daa4ec908 lapsed	REJECT	com.alibaba.qwen.code.runtimebroker.ToolExecutionRecord@70925b45
1790843483112	1	dispatch lease of fd055428-025a-4d9e-beb7-879daa4ec908 lapsed	REJECT	com.alibaba.qwen.code.runtimebroker.ToolExecutionRecord@55e7a35c
1790843483170	1	dispatch lease of fd055428-025a-4d9e-beb7-879daa4ec908 lapsed	REJECT	com.alibaba.qwen.code.runtimebroker.ToolExecutionRecord@4263b080
1790843483230	1	dispatch lease of fd055428-025a-4d9e-beb7-879daa4ec908 lapsed	REJECT	com.alibaba.qwen.code.runtimebroker.ToolExecutionRecord@3deb2326
1790843483290	1	dispatch lease of fd055428-025a-4d9e-beb7-879daa4ec908 lapsed	REJECT	com.alibaba.qwen.code.runtimebroker.ToolExecutionRecord@3aee3976
1790843483351	1	dispatch lease of fd055428-025a-4d9e-beb7-879daa4ec908 lapsed	REJECT	com.alibaba.qwen.code.runtimebroker.ToolExecutionRecord@127e70c5
1790843483411	1	dispatch lease of fd055428-025a-4d9e-beb7-879daa4ec908 lapsed	REJECT	com.alibaba.qwen.code.runtimebroker.ToolExecutionRecord@1f130eaf
1790843483468	1	dispatch lease of fd055428-025a-4d9e-beb7-879daa4ec908 lapsed	REJECT	com.alibaba.qwen.code.runtimebroker.ToolExecutionRecord@27eb3298
1790843483524	1	dispatch lease of fd055428-025a-4d9e-beb7-879daa4ec908 lapsed	REJECT	com.alibaba.qwen.code.runtimebroker.ToolExecutionRecord@1b5bc39d
1790843483580	1	dispatch lease of fd055428-025a-4d9e-beb7-879daa4ec908 lapsed	REJECT	com.alibaba.qwen.code.runtimebroker.ToolExecutionRecord@34abdee4
1790843483638	1	dispatch lease of fd055428-025a-4d9e-beb7-879daa4ec908 lapsed	REJECT	com.alibaba.qwen.code.runtimebroker.ToolExecutionRecord@77cf3f8b
1790843483695	1	dispatch lease of fd055428-025a-4d9e-beb7-879daa4ec908 lapsed	REJECT	com.alibaba.qwen.code.runtimebroker.ToolExecutionRecord@226f885f
1790843483752	1	dispatch lease of fd055428-025a-4d9e-beb7-879daa4ec908 lapsed	REJECT	com.alibaba.qwen.code.runtimebroker.ToolExecutionRecord@cc6460c
1790843483808	1	dispatch lease of fd055428-025a-4d9e-beb7-879daa4ec908 lapsed	REJECT	com.alibaba.qwen.code.runtimebroker.ToolExecutionRecord@1a6f2363
1790843483876	1	dispatch lease of fd055428-025a-4d9e-beb7-879daa4ec908 lapsed	REJECT	com.alibaba.qwen.code.runtimebroker.ToolExecutionRecord@63f34b70
1790843483934	1	dispatch lease of fd055428-025a-4d9e-beb7-879daa4ec908 lapsed	REJECT	com.alibaba.qwen.code.runtimebroker.ToolExecutionRecord@2f66e802
1790843483991	1	dispatch lease of fd055428-025a-4d9e-beb7-879daa4ec908 lapsed	REJECT	com.alibaba.qwen.code.runtimebroker.ToolExecutionRecord@2a492f2a
1790843484053	1	dispatch lease of fd055428-025a-4d9e-beb7-879daa4ec908 lapsed	ACCEPT	com.alibaba.qwen.code.runtimebroker.ToolExecutionRecord@22c01ab0
1790843496663	1	marker = [start]	ACCEPT	[start]
1790843506402	1	marker = [start, end]	ACCEPT	[start, end]
1790843511994	1	startup adoption	REJECT	Reply[ok=false, value=null, status=503, code=runtime_provisioning_in_progress, retryable=true, message=another Broker owns Runtime provisioning]
1790843514649	1	startup adoption	ACCEPT	Reply[ok=true, value={"bindingId":"11aebbcb-ce79-4887-b9c1-6055d6535684","generation":1,"state":"READY"}, status=0, code=null, retryable=false, message=null]
1790843525640	1	startup adoption	ACCEPT	Reply[ok=true, value={"bindingId":"992468c8-eaaf-458b-a6a9-cae43477ab50","generation":1,"state":"READY"}, status=0, code=null, retryable=false, message=null]
1790843539222	1	marker = [start]	ACCEPT	[start]
1790843546079	1	original worker loss after recovery fencing	ACCEPT	Reply[ok=false, value=null, status=503, code=runtime_broker_runtime_lost, retryable=true, message=Runtime is lost; recovery requires complete evidence and cleanup]
1790843555962	1	project/marker = [start]	ACCEPT	[start]
1790843561413	1	original worker loss after recovery fencing	REJECT	Reply[ok=false, value=null, status=503, code=runtime_provision_fenced, retryable=true, message=Runtime recovery claim expired]
1790843565670	1	original worker loss after recovery fencing	ACCEPT	Reply[ok=false, value=null, status=503, code=runtime_broker_runtime_lost, retryable=true, message=Runtime is lost; recovery requires complete evidence and cleanup]
1790843592496	1	marker = [start]	ACCEPT	[start]
1790843605378	1	project/marker = [start]	ACCEPT	[start]
1790843618153	1	dispatch lease of fa3b0202-d4fd-4b20-92c7-16304cdfd6fe lapsed	REJECT	com.alibaba.qwen.code.runtimebroker.ToolExecutionRecord@13579834
1790843618209	1	dispatch lease of fa3b0202-d4fd-4b20-92c7-16304cdfd6fe lapsed	REJECT	com.alibaba.qwen.code.runtimebroker.ToolExecutionRecord@aec50a1
1790843618266	1	dispatch lease of fa3b0202-d4fd-4b20-92c7-16304cdfd6fe lapsed	REJECT	com.alibaba.qwen.code.runtimebroker.ToolExecutionRecord@120f38e6
1790843618322	1	dispatch lease of fa3b0202-d4fd-4b20-92c7-16304cdfd6fe lapsed	REJECT	com.alibaba.qwen.code.runtimebroker.ToolExecutionRecord@173b9122
1790843618377	1	dispatch lease of fa3b0202-d4fd-4b20-92c7-16304cdfd6fe lapsed	REJECT	com.alibaba.qwen.code.runtimebroker.ToolExecutionRecord@70e29e14
1790843618433	1	dispatch lease of fa3b0202-d4fd-4b20-92c7-16304cdfd6fe lapsed	REJECT	com.alibaba.qwen.code.runtimebroker.ToolExecutionRecord@40bffbca
1790843618489	1	dispatch lease of fa3b0202-d4fd-4b20-92c7-16304cdfd6fe lapsed	REJECT	com.alibaba.qwen.code.runtimebroker.ToolExecutionRecord@62da83ed
1790843618545	1	dispatch lease of fa3b0202-d4fd-4b20-92c7-16304cdfd6fe lapsed	REJECT	com.alibaba.qwen.code.runtimebroker.ToolExecutionRecord@384fc774
1790843618602	1	dispatch lease of fa3b0202-d4fd-4b20-92c7-16304cdfd6fe lapsed	REJECT	com.alibaba.qwen.code.runtimebroker.ToolExecutionRecord@6b9267b
1790843618657	1	dispatch lease of fa3b0202-d4fd-4b20-92c7-16304cdfd6fe lapsed	REJECT	com.alibaba.qwen.code.runtimebroker.ToolExecutionRecord@15bcf458
1790843618713	1	dispatch lease of fa3b0202-d4fd-4b20-92c7-16304cdfd6fe lapsed	REJECT	com.alibaba.qwen.code.runtimebroker.ToolExecutionRecord@fac80
1790843618768	1	dispatch lease of fa3b0202-d4fd-4b20-92c7-16304cdfd6fe lapsed	REJECT	com.alibaba.qwen.code.runtimebroker.ToolExecutionRecord@14bb2297
1790843618824	1	dispatch lease of fa3b0202-d4fd-4b20-92c7-16304cdfd6fe lapsed	REJECT	com.alibaba.qwen.code.runtimebroker.ToolExecutionRecord@1a15b789
1790843618881	1	dispatch lease of fa3b0202-d4fd-4b20-92c7-16304cdfd6fe lapsed	REJECT	com.alibaba.qwen.code.runtimebroker.ToolExecutionRecord@6c4f9535
1790843618936	1	dispatch lease of fa3b0202-d4fd-4b20-92c7-16304cdfd6fe lapsed	REJECT	com.alibaba.qwen.code.runtimebroker.ToolExecutionRecord@499b2a5c
1790843618992	1	dispatch lease of fa3b0202-d4fd-4b20-92c7-16304cdfd6fe lapsed	REJECT	com.alibaba.qwen.code.runtimebroker.ToolExecutionRecord@241a53ef
1790843619048	1	dispatch lease of fa3b0202-d4fd-4b20-92c7-16304cdfd6fe lapsed	REJECT	com.alibaba.qwen.code.runtimebroker.ToolExecutionRecord@70e659aa
1790843619103	1	dispatch lease of fa3b0202-d4fd-4b20-92c7-16304cdfd6fe lapsed	REJECT	com.alibaba.qwen.code.runtimebroker.ToolExecutionRecord@73393584
1790843619159	1	dispatch lease of fa3b0202-d4fd-4b20-92c7-16304cdfd6fe lapsed	REJECT	com.alibaba.qwen.code.runtimebroker.ToolExecutionRecord@48e64352
1790843619215	1	dispatch lease of fa3b0202-d4fd-4b20-92c7-16304cdfd6fe lapsed	REJECT	com.alibaba.qwen.code.runtimebroker.ToolExecutionRecord@66238be2
1790843619270	1	dispatch lease of fa3b0202-d4fd-4b20-92c7-16304cdfd6fe lapsed	REJECT	com.alibaba.qwen.code.runtimebroker.ToolExecutionRecord@750fe12e
1790843619326	1	dispatch lease of fa3b0202-d4fd-4b20-92c7-16304cdfd6fe lapsed	REJECT	com.alibaba.qwen.code.runtimebroker.ToolExecutionRecord@2ef8a8c3
1790843619381	1	dispatch lease of fa3b0202-d4fd-4b20-92c7-16304cdfd6fe lapsed	REJECT	com.alibaba.qwen.code.runtimebroker.ToolExecutionRecord@1e11bc55
1790843619438	1	dispatch lease of fa3b0202-d4fd-4b20-92c7-16304cdfd6fe lapsed	REJECT	com.alibaba.qwen.code.runtimebroker.ToolExecutionRecord@7957dc72
1790843619494	1	dispatch lease of fa3b0202-d4fd-4b20-92c7-16304cdfd6fe lapsed	REJECT	com.alibaba.qwen.code.runtimebroker.ToolExecutionRecord@4fdfa676
1790843619550	1	dispatch lease of fa3b0202-d4fd-4b20-92c7-16304cdfd6fe lapsed	REJECT	com.alibaba.qwen.code.runtimebroker.ToolExecutionRecord@600b0b7
1790843619606	1	dispatch lease of fa3b0202-d4fd-4b20-92c7-16304cdfd6fe lapsed	REJECT	com.alibaba.qwen.code.runtimebroker.ToolExecutionRecord@443dbe42
1790843619661	1	dispatch lease of fa3b0202-d4fd-4b20-92c7-16304cdfd6fe lapsed	REJECT	com.alibaba.qwen.code.runtimebroker.ToolExecutionRecord@77b7ffa4
1790843619718	1	dispatch lease of fa3b0202-d4fd-4b20-92c7-16304cdfd6fe lapsed	REJECT	com.alibaba.qwen.code.runtimebroker.ToolExecutionRecord@5bbc9f97
1790843619774	1	dispatch lease of fa3b0202-d4fd-4b20-92c7-16304cdfd6fe lapsed	REJECT	com.alibaba.qwen.code.runtimebroker.ToolExecutionRecord@7dac3fd8
1790843619829	1	dispatch lease of fa3b0202-d4fd-4b20-92c7-16304cdfd6fe lapsed	REJECT	com.alibaba.qwen.code.runtimebroker.ToolExecutionRecord@210386e0
1790843619885	1	dispatch lease of fa3b0202-d4fd-4b20-92c7-16304cdfd6fe lapsed	REJECT	com.alibaba.qwen.code.runtimebroker.ToolExecutionRecord@51684e4a
1790843619941	1	dispatch lease of fa3b0202-d4fd-4b20-92c7-16304cdfd6fe lapsed	REJECT	com.alibaba.qwen.code.runtimebroker.ToolExecutionRecord@1e886a5b
1790843619997	1	dispatch lease of fa3b0202-d4fd-4b20-92c7-16304cdfd6fe lapsed	REJECT	com.alibaba.qwen.code.runtimebroker.ToolExecutionRecord@6c451c9c
1790843620053	1	dispatch lease of fa3b0202-d4fd-4b20-92c7-16304cdfd6fe lapsed	ACCEPT	com.alibaba.qwen.code.runtimebroker.ToolExecutionRecord@47747fb9
1790843632567	1	dispatch lease of ddda6a2b-72e8-45f8-9258-8521ea64c1f1 lapsed	REJECT	com.alibaba.qwen.code.runtimebroker.ToolExecutionRecord@52eacb4b
1790843632623	1	dispatch lease of ddda6a2b-72e8-45f8-9258-8521ea64c1f1 lapsed	REJECT	com.alibaba.qwen.code.runtimebroker.ToolExecutionRecord@1a6f5124
1790843632679	1	dispatch lease of ddda6a2b-72e8-45f8-9258-8521ea64c1f1 lapsed	REJECT	com.alibaba.qwen.code.runtimebroker.ToolExecutionRecord@cc62a3b
1790843632736	1	dispatch lease of ddda6a2b-72e8-45f8-9258-8521ea64c1f1 lapsed	REJECT	com.alibaba.qwen.code.runtimebroker.ToolExecutionRecord@32f61a31
1790843632791	1	dispatch lease of ddda6a2b-72e8-45f8-9258-8521ea64c1f1 lapsed	REJECT	com.alibaba.qwen.code.runtimebroker.ToolExecutionRecord@5305c37d
1790843632846	1	dispatch lease of ddda6a2b-72e8-45f8-9258-8521ea64c1f1 lapsed	REJECT	com.alibaba.qwen.code.runtimebroker.ToolExecutionRecord@49a64d82
1790843632902	1	dispatch lease of ddda6a2b-72e8-45f8-9258-8521ea64c1f1 lapsed	REJECT	com.alibaba.qwen.code.runtimebroker.ToolExecutionRecord@36ac8a63
1790843632957	1	dispatch lease of ddda6a2b-72e8-45f8-9258-8521ea64c1f1 lapsed	REJECT	com.alibaba.qwen.code.runtimebroker.ToolExecutionRecord@251f7d26
1790843633012	1	dispatch lease of ddda6a2b-72e8-45f8-9258-8521ea64c1f1 lapsed	REJECT	com.alibaba.qwen.code.runtimebroker.ToolExecutionRecord@41c07648
1790843633068	1	dispatch lease of ddda6a2b-72e8-45f8-9258-8521ea64c1f1 lapsed	REJECT	com.alibaba.qwen.code.runtimebroker.ToolExecutionRecord@22680f52
1790843633124	1	dispatch lease of ddda6a2b-72e8-45f8-9258-8521ea64c1f1 lapsed	REJECT	com.alibaba.qwen.code.runtimebroker.ToolExecutionRecord@324dcd31
1790843633179	1	dispatch lease of ddda6a2b-72e8-45f8-9258-8521ea64c1f1 lapsed	REJECT	com.alibaba.qwen.code.runtimebroker.ToolExecutionRecord@433ffad1
1790843633234	1	dispatch lease of ddda6a2b-72e8-45f8-9258-8521ea64c1f1 lapsed	REJECT	com.alibaba.qwen.code.runtimebroker.ToolExecutionRecord@329a1243
1790843633290	1	dispatch lease of ddda6a2b-72e8-45f8-9258-8521ea64c1f1 lapsed	REJECT	com.alibaba.qwen.code.runtimebroker.ToolExecutionRecord@27f9e982
1790843633346	1	dispatch lease of ddda6a2b-72e8-45f8-9258-8521ea64c1f1 lapsed	REJECT	com.alibaba.qwen.code.runtimebroker.ToolExecutionRecord@30c0ccff
1790843633401	1	dispatch lease of ddda6a2b-72e8-45f8-9258-8521ea64c1f1 lapsed	REJECT	com.alibaba.qwen.code.runtimebroker.ToolExecutionRecord@2b46a8c1
1790843633457	1	dispatch lease of ddda6a2b-72e8-45f8-9258-8521ea64c1f1 lapsed	REJECT	com.alibaba.qwen.code.runtimebroker.ToolExecutionRecord@46cf05f7
1790843633512	1	dispatch lease of ddda6a2b-72e8-45f8-9258-8521ea64c1f1 lapsed	REJECT	com.alibaba.qwen.code.runtimebroker.ToolExecutionRecord@2f40a43
1790843633567	1	dispatch lease of ddda6a2b-72e8-45f8-9258-8521ea64c1f1 lapsed	REJECT	com.alibaba.qwen.code.runtimebroker.ToolExecutionRecord@1804f60d
1790843633624	1	dispatch lease of ddda6a2b-72e8-45f8-9258-8521ea64c1f1 lapsed	REJECT	com.alibaba.qwen.code.runtimebroker.ToolExecutionRecord@1c807b1d
1790843633679	1	dispatch lease of ddda6a2b-72e8-45f8-9258-8521ea64c1f1 lapsed	REJECT	com.alibaba.qwen.code.runtimebroker.ToolExecutionRecord@3e2fc448
1790843633734	1	dispatch lease of ddda6a2b-72e8-45f8-9258-8521ea64c1f1 lapsed	REJECT	com.alibaba.qwen.code.runtimebroker.ToolExecutionRecord@c8b96ec
1790843633790	1	dispatch lease of ddda6a2b-72e8-45f8-9258-8521ea64c1f1 lapsed	REJECT	com.alibaba.qwen.code.runtimebroker.ToolExecutionRecord@2024293c
1790843633845	1	dispatch lease of ddda6a2b-72e8-45f8-9258-8521ea64c1f1 lapsed	REJECT	com.alibaba.qwen.code.runtimebroker.ToolExecutionRecord@58a55449
1790843633902	1	dispatch lease of ddda6a2b-72e8-45f8-9258-8521ea64c1f1 lapsed	REJECT	com.alibaba.qwen.code.runtimebroker.ToolExecutionRecord@58dea0a5
1790843633957	1	dispatch lease of ddda6a2b-72e8-45f8-9258-8521ea64c1f1 lapsed	REJECT	com.alibaba.qwen.code.runtimebroker.ToolExecutionRecord@2d0566ba
1790843634013	1	dispatch lease of ddda6a2b-72e8-45f8-9258-8521ea64c1f1 lapsed	REJECT	com.alibaba.qwen.code.runtimebroker.ToolExecutionRecord@320e400
1790843634068	1	dispatch lease of ddda6a2b-72e8-45f8-9258-8521ea64c1f1 lapsed	REJECT	com.alibaba.qwen.code.runtimebroker.ToolExecutionRecord@28c0b664
1790843634124	1	dispatch lease of ddda6a2b-72e8-45f8-9258-8521ea64c1f1 lapsed	REJECT	com.alibaba.qwen.code.runtimebroker.ToolExecutionRecord@6ebd78d1
1790843634181	1	dispatch lease of ddda6a2b-72e8-45f8-9258-8521ea64c1f1 lapsed	REJECT	com.alibaba.qwen.code.runtimebroker.ToolExecutionRecord@68ed96ca
1790843634237	1	dispatch lease of ddda6a2b-72e8-45f8-9258-8521ea64c1f1 lapsed	REJECT	com.alibaba.qwen.code.runtimebroker.ToolExecutionRecord@54e7391d
1790843634292	1	dispatch lease of ddda6a2b-72e8-45f8-9258-8521ea64c1f1 lapsed	REJECT	com.alibaba.qwen.code.runtimebroker.ToolExecutionRecord@51c929ae
1790843634347	1	dispatch lease of ddda6a2b-72e8-45f8-9258-8521ea64c1f1 lapsed	REJECT	com.alibaba.qwen.code.runtimebroker.ToolExecutionRecord@40e4ea87
1790843634403	1	dispatch lease of ddda6a2b-72e8-45f8-9258-8521ea64c1f1 lapsed	REJECT	com.alibaba.qwen.code.runtimebroker.ToolExecutionRecord@512d92b
1790843634459	1	dispatch lease of ddda6a2b-72e8-45f8-9258-8521ea64c1f1 lapsed	REJECT	com.alibaba.qwen.code.runtimebroker.ToolExecutionRecord@1bc53649
1790843634514	1	dispatch lease of ddda6a2b-72e8-45f8-9258-8521ea64c1f1 lapsed	REJECT	com.alibaba.qwen.code.runtimebroker.ToolExecutionRecord@475b7792
1790843634569	1	dispatch lease of ddda6a2b-72e8-45f8-9258-8521ea64c1f1 lapsed	REJECT	com.alibaba.qwen.code.runtimebroker.ToolExecutionRecord@182b435b
1790843634624	1	dispatch lease of ddda6a2b-72e8-45f8-9258-8521ea64c1f1 lapsed	REJECT	com.alibaba.qwen.code.runtimebroker.ToolExecutionRecord@7577b641
1790843634679	1	dispatch lease of ddda6a2b-72e8-45f8-9258-8521ea64c1f1 lapsed	REJECT	com.alibaba.qwen.code.runtimebroker.ToolExecutionRecord@60afd40d
1790843634735	1	dispatch lease of ddda6a2b-72e8-45f8-9258-8521ea64c1f1 lapsed	REJECT	com.alibaba.qwen.code.runtimebroker.ToolExecutionRecord@10b3df93
1790843634791	1	dispatch lease of ddda6a2b-72e8-45f8-9258-8521ea64c1f1 lapsed	REJECT	com.alibaba.qwen.code.runtimebroker.ToolExecutionRecord@e72dba7
1790843634846	1	dispatch lease of ddda6a2b-72e8-45f8-9258-8521ea64c1f1 lapsed	REJECT	com.alibaba.qwen.code.runtimebroker.ToolExecutionRecord@3c321bdb
1790843634902	1	dispatch lease of ddda6a2b-72e8-45f8-9258-8521ea64c1f1 lapsed	REJECT	com.alibaba.qwen.code.runtimebroker.ToolExecutionRecord@4d4d8fcf
1790843634957	1	dispatch lease of ddda6a2b-72e8-45f8-9258-8521ea64c1f1 lapsed	REJECT	com.alibaba.qwen.code.runtimebroker.ToolExecutionRecord@3fabf088
1790843635014	1	dispatch lease of ddda6a2b-72e8-45f8-9258-8521ea64c1f1 lapsed	ACCEPT	com.alibaba.qwen.code.runtimebroker.ToolExecutionRecord@4ced35ed
1790843648815	2	escaped writer pid	ACCEPT	true
1790843648826	2	escaped writer output	ACCEPT	true
1790843656031	2	original worker loss after recovery fencing	ACCEPT	Reply[ok=false, value=null, status=503, code=runtime_broker_runtime_lost, retryable=true, message=Runtime is lost; recovery requires complete evidence and cleanup]
1790843656116	2	escaped writer continues after loss; the physical pin must remain	REJECT	148
1790843656167	2	escaped writer continues after loss; the physical pin must remain	ACCEPT	149
1790843666164	2	escaped writer pid	ACCEPT	true
1790843666172	2	escaped writer output	ACCEPT	true
1790843673300	2	original worker loss after recovery fencing	ACCEPT	Reply[ok=false, value=null, status=503, code=runtime_broker_runtime_lost, retryable=true, message=Runtime is lost; recovery requires complete evidence and cleanup]
1790843673319	2	escaped writer continues after loss; the physical pin must remain	REJECT	145
1790843673369	2	escaped writer continues after loss; the physical pin must remain	ACCEPT	146
1790843683414	2	marker = [start]	ACCEPT	[start]
1790843683451	2	UNKNOWN execution	REJECT	com.alibaba.qwen.code.runtimebroker.ToolExecutionRecord@3ebff828
1790843683503	2	UNKNOWN execution	REJECT	com.alibaba.qwen.code.runtimebroker.ToolExecutionRecord@33352f32
1790843683555	2	UNKNOWN execution	REJECT	com.alibaba.qwen.code.runtimebroker.ToolExecutionRecord@2cf23c81
1790843683607	2	UNKNOWN execution	REJECT	com.alibaba.qwen.code.runtimebroker.ToolExecutionRecord@35fe2125
1790843683659	2	UNKNOWN execution	REJECT	com.alibaba.qwen.code.runtimebroker.ToolExecutionRecord@34645867
1790843683711	2	UNKNOWN execution	REJECT	com.alibaba.qwen.code.runtimebroker.ToolExecutionRecord@60b71e8f
1790843683764	2	UNKNOWN execution	REJECT	com.alibaba.qwen.code.runtimebroker.ToolExecutionRecord@464649c
1790843683816	2	UNKNOWN execution	REJECT	com.alibaba.qwen.code.runtimebroker.ToolExecutionRecord@5f59185e
1790843683868	2	UNKNOWN execution	REJECT	com.alibaba.qwen.code.runtimebroker.ToolExecutionRecord@47da3952
1790843683920	2	UNKNOWN execution	REJECT	com.alibaba.qwen.code.runtimebroker.ToolExecutionRecord@46e8a539
1790843683972	2	UNKNOWN execution	ACCEPT	com.alibaba.qwen.code.runtimebroker.ToolExecutionRecord@5fd62371
1790843704874	2	marker = [start]	ACCEPT	[start]
1790843710341	2	original Runtime loss after recovery fencing	REJECT	Reply[ok=false, value=null, status=503, code=runtime_provision_fenced, retryable=true, message=Runtime recovery claim expired]
1790843714589	2	original Runtime loss after recovery fencing	ACCEPT	Reply[ok=false, value=null, status=503, code=runtime_broker_runtime_lost, retryable=true, message=Runtime is lost; recovery requires complete evidence and cleanup]
1790843734009	2	dispatch lease of fb0dfa28-63c1-4e14-8562-2a0ed876886e lapsed	REJECT	com.alibaba.qwen.code.runtimebroker.ToolExecutionRecord@72ccd81a
1790843734070	2	dispatch lease of fb0dfa28-63c1-4e14-8562-2a0ed876886e lapsed	REJECT	com.alibaba.qwen.code.runtimebroker.ToolExecutionRecord@493dfb8e
1790843734129	2	dispatch lease of fb0dfa28-63c1-4e14-8562-2a0ed876886e lapsed	REJECT	com.alibaba.qwen.code.runtimebroker.ToolExecutionRecord@9d157ff
1790843734189	2	dispatch lease of fb0dfa28-63c1-4e14-8562-2a0ed876886e lapsed	REJECT	com.alibaba.qwen.code.runtimebroker.ToolExecutionRecord@7c041b41
1790843734250	2	dispatch lease of fb0dfa28-63c1-4e14-8562-2a0ed876886e lapsed	REJECT	com.alibaba.qwen.code.runtimebroker.ToolExecutionRecord@1cb3ec38
1790843734308	2	dispatch lease of fb0dfa28-63c1-4e14-8562-2a0ed876886e lapsed	REJECT	com.alibaba.qwen.code.runtimebroker.ToolExecutionRecord@2cab9998
1790843734368	2	dispatch lease of fb0dfa28-63c1-4e14-8562-2a0ed876886e lapsed	REJECT	com.alibaba.qwen.code.runtimebroker.ToolExecutionRecord@3a1d593e
1790843734428	2	dispatch lease of fb0dfa28-63c1-4e14-8562-2a0ed876886e lapsed	REJECT	com.alibaba.qwen.code.runtimebroker.ToolExecutionRecord@7859e786
1790843734487	2	dispatch lease of fb0dfa28-63c1-4e14-8562-2a0ed876886e lapsed	REJECT	com.alibaba.qwen.code.runtimebroker.ToolExecutionRecord@664a9613
1790843734551	2	dispatch lease of fb0dfa28-63c1-4e14-8562-2a0ed876886e lapsed	REJECT	com.alibaba.qwen.code.runtimebroker.ToolExecutionRecord@7876d598
1790843734610	2	dispatch lease of fb0dfa28-63c1-4e14-8562-2a0ed876886e lapsed	REJECT	com.alibaba.qwen.code.runtimebroker.ToolExecutionRecord@71104a4
1790843734673	2	dispatch lease of fb0dfa28-63c1-4e14-8562-2a0ed876886e lapsed	REJECT	com.alibaba.qwen.code.runtimebroker.ToolExecutionRecord@3c9168dc
1790843734731	2	dispatch lease of fb0dfa28-63c1-4e14-8562-2a0ed876886e lapsed	REJECT	com.alibaba.qwen.code.runtimebroker.ToolExecutionRecord@54361a9
1790843734801	2	dispatch lease of fb0dfa28-63c1-4e14-8562-2a0ed876886e lapsed	REJECT	com.alibaba.qwen.code.runtimebroker.ToolExecutionRecord@37ebc9d8
1790843734861	2	dispatch lease of fb0dfa28-63c1-4e14-8562-2a0ed876886e lapsed	REJECT	com.alibaba.qwen.code.runtimebroker.ToolExecutionRecord@6fa590ba
1790843734919	2	dispatch lease of fb0dfa28-63c1-4e14-8562-2a0ed876886e lapsed	REJECT	com.alibaba.qwen.code.runtimebroker.ToolExecutionRecord@7bf9b098
1790843734978	2	dispatch lease of fb0dfa28-63c1-4e14-8562-2a0ed876886e lapsed	REJECT	com.alibaba.qwen.code.runtimebroker.ToolExecutionRecord@1fc0053e
1790843735037	2	dispatch lease of fb0dfa28-63c1-4e14-8562-2a0ed876886e lapsed	REJECT	com.alibaba.qwen.code.runtimebroker.ToolExecutionRecord@33617539
1790843735106	2	dispatch lease of fb0dfa28-63c1-4e14-8562-2a0ed876886e lapsed	REJECT	com.alibaba.qwen.code.runtimebroker.ToolExecutionRecord@209775a9
1790843735165	2	dispatch lease of fb0dfa28-63c1-4e14-8562-2a0ed876886e lapsed	REJECT	com.alibaba.qwen.code.runtimebroker.ToolExecutionRecord@74cec793
1790843735224	2	dispatch lease of fb0dfa28-63c1-4e14-8562-2a0ed876886e lapsed	REJECT	com.alibaba.qwen.code.runtimebroker.ToolExecutionRecord@1bdf8190
1790843735281	2	dispatch lease of fb0dfa28-63c1-4e14-8562-2a0ed876886e lapsed	REJECT	com.alibaba.qwen.code.runtimebroker.ToolExecutionRecord@c65a5ef
1790843735339	2	dispatch lease of fb0dfa28-63c1-4e14-8562-2a0ed876886e lapsed	REJECT	com.alibaba.qwen.code.runtimebroker.ToolExecutionRecord@2fab4aff
1790843735397	2	dispatch lease of fb0dfa28-63c1-4e14-8562-2a0ed876886e lapsed	REJECT	com.alibaba.qwen.code.runtimebroker.ToolExecutionRecord@5cc69cfe
1790843735454	2	dispatch lease of fb0dfa28-63c1-4e14-8562-2a0ed876886e lapsed	REJECT	com.alibaba.qwen.code.runtimebroker.ToolExecutionRecord@7997b197
1790843735511	2	dispatch lease of fb0dfa28-63c1-4e14-8562-2a0ed876886e lapsed	REJECT	com.alibaba.qwen.code.runtimebroker.ToolExecutionRecord@55f3c410
1790843735569	2	dispatch lease of fb0dfa28-63c1-4e14-8562-2a0ed876886e lapsed	REJECT	com.alibaba.qwen.code.runtimebroker.ToolExecutionRecord@4a8ab068
1790843735629	2	dispatch lease of fb0dfa28-63c1-4e14-8562-2a0ed876886e lapsed	REJECT	com.alibaba.qwen.code.runtimebroker.ToolExecutionRecord@6bab2585
1790843735686	2	dispatch lease of fb0dfa28-63c1-4e14-8562-2a0ed876886e lapsed	REJECT	com.alibaba.qwen.code.runtimebroker.ToolExecutionRecord@532a02d9
1790843735744	2	dispatch lease of fb0dfa28-63c1-4e14-8562-2a0ed876886e lapsed	REJECT	com.alibaba.qwen.code.runtimebroker.ToolExecutionRecord@7cbee484
1790843735802	2	dispatch lease of fb0dfa28-63c1-4e14-8562-2a0ed876886e lapsed	REJECT	com.alibaba.qwen.code.runtimebroker.ToolExecutionRecord@4089713
1790843735859	2	dispatch lease of fb0dfa28-63c1-4e14-8562-2a0ed876886e lapsed	REJECT	com.alibaba.qwen.code.runtimebroker.ToolExecutionRecord@b91d8c4
1790843735917	2	dispatch lease of fb0dfa28-63c1-4e14-8562-2a0ed876886e lapsed	REJECT	com.alibaba.qwen.code.runtimebroker.ToolExecutionRecord@4fd4cae3
1790843735975	2	dispatch lease of fb0dfa28-63c1-4e14-8562-2a0ed876886e lapsed	REJECT	com.alibaba.qwen.code.runtimebroker.ToolExecutionRecord@3bde62ff
1790843736032	2	dispatch lease of fb0dfa28-63c1-4e14-8562-2a0ed876886e lapsed	ACCEPT	com.alibaba.qwen.code.runtimebroker.ToolExecutionRecord@319dead1
1790843748459	2	marker = [start]	ACCEPT	[start]
1790843748772	2	dispatch lease of 3ca48337-4dda-46b4-8d2e-4941d8116f42 lapsed	REJECT	com.alibaba.qwen.code.runtimebroker.ToolExecutionRecord@26be6ca7
1790843748830	2	dispatch lease of 3ca48337-4dda-46b4-8d2e-4941d8116f42 lapsed	REJECT	com.alibaba.qwen.code.runtimebroker.ToolExecutionRecord@64712be
1790843748887	2	dispatch lease of 3ca48337-4dda-46b4-8d2e-4941d8116f42 lapsed	REJECT	com.alibaba.qwen.code.runtimebroker.ToolExecutionRecord@782a4fff
1790843748945	2	dispatch lease of 3ca48337-4dda-46b4-8d2e-4941d8116f42 lapsed	REJECT	com.alibaba.qwen.code.runtimebroker.ToolExecutionRecord@5ae81e1
1790843749004	2	dispatch lease of 3ca48337-4dda-46b4-8d2e-4941d8116f42 lapsed	REJECT	com.alibaba.qwen.code.runtimebroker.ToolExecutionRecord@6063d80a
1790843749062	2	dispatch lease of 3ca48337-4dda-46b4-8d2e-4941d8116f42 lapsed	REJECT	com.alibaba.qwen.code.runtimebroker.ToolExecutionRecord@54709809
1790843749119	2	dispatch lease of 3ca48337-4dda-46b4-8d2e-4941d8116f42 lapsed	REJECT	com.alibaba.qwen.code.runtimebroker.ToolExecutionRecord@60cf80e7
1790843749176	2	dispatch lease of 3ca48337-4dda-46b4-8d2e-4941d8116f42 lapsed	REJECT	com.alibaba.qwen.code.runtimebroker.ToolExecutionRecord@48c40605
1790843749233	2	dispatch lease of 3ca48337-4dda-46b4-8d2e-4941d8116f42 lapsed	REJECT	com.alibaba.qwen.code.runtimebroker.ToolExecutionRecord@476aac9
1790843749292	2	dispatch lease of 3ca48337-4dda-46b4-8d2e-4941d8116f42 lapsed	REJECT	com.alibaba.qwen.code.runtimebroker.ToolExecutionRecord@2f2bf0e2
1790843749349	2	dispatch lease of 3ca48337-4dda-46b4-8d2e-4941d8116f42 lapsed	REJECT	com.alibaba.qwen.code.runtimebroker.ToolExecutionRecord@25f9407e
1790843749406	2	dispatch lease of 3ca48337-4dda-46b4-8d2e-4941d8116f42 lapsed	REJECT	com.alibaba.qwen.code.runtimebroker.ToolExecutionRecord@59aa20b3
1790843749464	2	dispatch lease of 3ca48337-4dda-46b4-8d2e-4941d8116f42 lapsed	REJECT	com.alibaba.qwen.code.runtimebroker.ToolExecutionRecord@1b28f282
1790843749522	2	dispatch lease of 3ca48337-4dda-46b4-8d2e-4941d8116f42 lapsed	REJECT	com.alibaba.qwen.code.runtimebroker.ToolExecutionRecord@19b30c92
1790843749581	2	dispatch lease of 3ca48337-4dda-46b4-8d2e-4941d8116f42 lapsed	REJECT	com.alibaba.qwen.code.runtimebroker.ToolExecutionRecord@4816c290
1790843749639	2	dispatch lease of 3ca48337-4dda-46b4-8d2e-4941d8116f42 lapsed	REJECT	com.alibaba.qwen.code.runtimebroker.ToolExecutionRecord@4efcf8a
1790843749697	2	dispatch lease of 3ca48337-4dda-46b4-8d2e-4941d8116f42 lapsed	REJECT	com.alibaba.qwen.code.runtimebroker.ToolExecutionRecord@307765b4
1790843749755	2	dispatch lease of 3ca48337-4dda-46b4-8d2e-4941d8116f42 lapsed	REJECT	com.alibaba.qwen.code.runtimebroker.ToolExecutionRecord@4e4efc1b
1790843749813	2	dispatch lease of 3ca48337-4dda-46b4-8d2e-4941d8116f42 lapsed	REJECT	com.alibaba.qwen.code.runtimebroker.ToolExecutionRecord@7db534f2
1790843749870	2	dispatch lease of 3ca48337-4dda-46b4-8d2e-4941d8116f42 lapsed	REJECT	com.alibaba.qwen.code.runtimebroker.ToolExecutionRecord@2a76b80a
1790843749928	2	dispatch lease of 3ca48337-4dda-46b4-8d2e-4941d8116f42 lapsed	REJECT	com.alibaba.qwen.code.runtimebroker.ToolExecutionRecord@61d9efe0
1790843749986	2	dispatch lease of 3ca48337-4dda-46b4-8d2e-4941d8116f42 lapsed	REJECT	com.alibaba.qwen.code.runtimebroker.ToolExecutionRecord@6de54b40
1790843750044	2	dispatch lease of 3ca48337-4dda-46b4-8d2e-4941d8116f42 lapsed	REJECT	com.alibaba.qwen.code.runtimebroker.ToolExecutionRecord@a50b09c
1790843750102	2	dispatch lease of 3ca48337-4dda-46b4-8d2e-4941d8116f42 lapsed	REJECT	com.alibaba.qwen.code.runtimebroker.ToolExecutionRecord@2187fff7
1790843750159	2	dispatch lease of 3ca48337-4dda-46b4-8d2e-4941d8116f42 lapsed	REJECT	com.alibaba.qwen.code.runtimebroker.ToolExecutionRecord@4de025bf
1790843750215	2	dispatch lease of 3ca48337-4dda-46b4-8d2e-4941d8116f42 lapsed	REJECT	com.alibaba.qwen.code.runtimebroker.ToolExecutionRecord@11389053
1790843750272	2	dispatch lease of 3ca48337-4dda-46b4-8d2e-4941d8116f42 lapsed	REJECT	com.alibaba.qwen.code.runtimebroker.ToolExecutionRecord@5c1bd44c
1790843750330	2	dispatch lease of 3ca48337-4dda-46b4-8d2e-4941d8116f42 lapsed	REJECT	com.alibaba.qwen.code.runtimebroker.ToolExecutionRecord@2e77b8cf
1790843750387	2	dispatch lease of 3ca48337-4dda-46b4-8d2e-4941d8116f42 lapsed	REJECT	com.alibaba.qwen.code.runtimebroker.ToolExecutionRecord@7df587ef
1790843750445	2	dispatch lease of 3ca48337-4dda-46b4-8d2e-4941d8116f42 lapsed	REJECT	com.alibaba.qwen.code.runtimebroker.ToolExecutionRecord@56db847e
1790843750502	2	dispatch lease of 3ca48337-4dda-46b4-8d2e-4941d8116f42 lapsed	REJECT	com.alibaba.qwen.code.runtimebroker.ToolExecutionRecord@5fe8b721
1790843750565	2	dispatch lease of 3ca48337-4dda-46b4-8d2e-4941d8116f42 lapsed	REJECT	com.alibaba.qwen.code.runtimebroker.ToolExecutionRecord@64c2b546
1790843750622	2	dispatch lease of 3ca48337-4dda-46b4-8d2e-4941d8116f42 lapsed	REJECT	com.alibaba.qwen.code.runtimebroker.ToolExecutionRecord@4cc547a
1790843750678	2	dispatch lease of 3ca48337-4dda-46b4-8d2e-4941d8116f42 lapsed	REJECT	com.alibaba.qwen.code.runtimebroker.ToolExecutionRecord@3591009c
1790843750735	2	dispatch lease of 3ca48337-4dda-46b4-8d2e-4941d8116f42 lapsed	REJECT	com.alibaba.qwen.code.runtimebroker.ToolExecutionRecord@5cc5b667
1790843750792	2	dispatch lease of 3ca48337-4dda-46b4-8d2e-4941d8116f42 lapsed	REJECT	com.alibaba.qwen.code.runtimebroker.ToolExecutionRecord@182f1e9a
1790843750850	2	dispatch lease of 3ca48337-4dda-46b4-8d2e-4941d8116f42 lapsed	REJECT	com.alibaba.qwen.code.runtimebroker.ToolExecutionRecord@69f63d95
1790843750908	2	dispatch lease of 3ca48337-4dda-46b4-8d2e-4941d8116f42 lapsed	REJECT	com.alibaba.qwen.code.runtimebroker.ToolExecutionRecord@3574e198
1790843750965	2	dispatch lease of 3ca48337-4dda-46b4-8d2e-4941d8116f42 lapsed	REJECT	com.alibaba.qwen.code.runtimebroker.ToolExecutionRecord@2de366bb
1790843751021	2	dispatch lease of 3ca48337-4dda-46b4-8d2e-4941d8116f42 lapsed	ACCEPT	com.alibaba.qwen.code.runtimebroker.ToolExecutionRecord@4eeea57d
1790843766581	2	dispatch lease of 23300e72-3ce0-41e4-a3d7-edf71afe6d33 lapsed	REJECT	com.alibaba.qwen.code.runtimebroker.ToolExecutionRecord@1ee4730
1790843766640	2	dispatch lease of 23300e72-3ce0-41e4-a3d7-edf71afe6d33 lapsed	REJECT	com.alibaba.qwen.code.runtimebroker.ToolExecutionRecord@724bade8
1790843766696	2	dispatch lease of 23300e72-3ce0-41e4-a3d7-edf71afe6d33 lapsed	REJECT	com.alibaba.qwen.code.runtimebroker.ToolExecutionRecord@23a9ba52
1790843766753	2	dispatch lease of 23300e72-3ce0-41e4-a3d7-edf71afe6d33 lapsed	REJECT	com.alibaba.qwen.code.runtimebroker.ToolExecutionRecord@9573b3b
1790843766811	2	dispatch lease of 23300e72-3ce0-41e4-a3d7-edf71afe6d33 lapsed	REJECT	com.alibaba.qwen.code.runtimebroker.ToolExecutionRecord@544630b7
1790843766867	2	dispatch lease of 23300e72-3ce0-41e4-a3d7-edf71afe6d33 lapsed	REJECT	com.alibaba.qwen.code.runtimebroker.ToolExecutionRecord@58c540cf
1790843766926	2	dispatch lease of 23300e72-3ce0-41e4-a3d7-edf71afe6d33 lapsed	REJECT	com.alibaba.qwen.code.runtimebroker.ToolExecutionRecord@24a1c17f
1790843766983	2	dispatch lease of 23300e72-3ce0-41e4-a3d7-edf71afe6d33 lapsed	REJECT	com.alibaba.qwen.code.runtimebroker.ToolExecutionRecord@7927bd9f
1790843767040	2	dispatch lease of 23300e72-3ce0-41e4-a3d7-edf71afe6d33 lapsed	REJECT	com.alibaba.qwen.code.runtimebroker.ToolExecutionRecord@7fb9f71f
1790843767100	2	dispatch lease of 23300e72-3ce0-41e4-a3d7-edf71afe6d33 lapsed	REJECT	com.alibaba.qwen.code.runtimebroker.ToolExecutionRecord@514eedd8
1790843767158	2	dispatch lease of 23300e72-3ce0-41e4-a3d7-edf71afe6d33 lapsed	REJECT	com.alibaba.qwen.code.runtimebroker.ToolExecutionRecord@1cf2fed4
1790843767215	2	dispatch lease of 23300e72-3ce0-41e4-a3d7-edf71afe6d33 lapsed	REJECT	com.alibaba.qwen.code.runtimebroker.ToolExecutionRecord@4d63b624
1790843767272	2	dispatch lease of 23300e72-3ce0-41e4-a3d7-edf71afe6d33 lapsed	REJECT	com.alibaba.qwen.code.runtimebroker.ToolExecutionRecord@2e185cd7
1790843767330	2	dispatch lease of 23300e72-3ce0-41e4-a3d7-edf71afe6d33 lapsed	REJECT	com.alibaba.qwen.code.runtimebroker.ToolExecutionRecord@407cf41
1790843767387	2	dispatch lease of 23300e72-3ce0-41e4-a3d7-edf71afe6d33 lapsed	REJECT	com.alibaba.qwen.code.runtimebroker.ToolExecutionRecord@60094a13
1790843767445	2	dispatch lease of 23300e72-3ce0-41e4-a3d7-edf71afe6d33 lapsed	REJECT	com.alibaba.qwen.code.runtimebroker.ToolExecutionRecord@3a4b0e5d
1790843767502	2	dispatch lease of 23300e72-3ce0-41e4-a3d7-edf71afe6d33 lapsed	REJECT	com.alibaba.qwen.code.runtimebroker.ToolExecutionRecord@3546d80f
1790843767559	2	dispatch lease of 23300e72-3ce0-41e4-a3d7-edf71afe6d33 lapsed	REJECT	com.alibaba.qwen.code.runtimebroker.ToolExecutionRecord@452e26d0
1790843767619	2	dispatch lease of 23300e72-3ce0-41e4-a3d7-edf71afe6d33 lapsed	REJECT	com.alibaba.qwen.code.runtimebroker.ToolExecutionRecord@42257bdd
1790843767675	2	dispatch lease of 23300e72-3ce0-41e4-a3d7-edf71afe6d33 lapsed	REJECT	com.alibaba.qwen.code.runtimebroker.ToolExecutionRecord@1a2e2935
1790843767734	2	dispatch lease of 23300e72-3ce0-41e4-a3d7-edf71afe6d33 lapsed	REJECT	com.alibaba.qwen.code.runtimebroker.ToolExecutionRecord@70925b45
1790843767792	2	dispatch lease of 23300e72-3ce0-41e4-a3d7-edf71afe6d33 lapsed	REJECT	com.alibaba.qwen.code.runtimebroker.ToolExecutionRecord@55e7a35c
1790843767859	2	dispatch lease of 23300e72-3ce0-41e4-a3d7-edf71afe6d33 lapsed	REJECT	com.alibaba.qwen.code.runtimebroker.ToolExecutionRecord@4263b080
1790843767919	2	dispatch lease of 23300e72-3ce0-41e4-a3d7-edf71afe6d33 lapsed	REJECT	com.alibaba.qwen.code.runtimebroker.ToolExecutionRecord@3deb2326
1790843767976	2	dispatch lease of 23300e72-3ce0-41e4-a3d7-edf71afe6d33 lapsed	REJECT	com.alibaba.qwen.code.runtimebroker.ToolExecutionRecord@3aee3976
1790843768036	2	dispatch lease of 23300e72-3ce0-41e4-a3d7-edf71afe6d33 lapsed	REJECT	com.alibaba.qwen.code.runtimebroker.ToolExecutionRecord@127e70c5
1790843768096	2	dispatch lease of 23300e72-3ce0-41e4-a3d7-edf71afe6d33 lapsed	REJECT	com.alibaba.qwen.code.runtimebroker.ToolExecutionRecord@1f130eaf
1790843768158	2	dispatch lease of 23300e72-3ce0-41e4-a3d7-edf71afe6d33 lapsed	REJECT	com.alibaba.qwen.code.runtimebroker.ToolExecutionRecord@27eb3298
1790843768217	2	dispatch lease of 23300e72-3ce0-41e4-a3d7-edf71afe6d33 lapsed	REJECT	com.alibaba.qwen.code.runtimebroker.ToolExecutionRecord@1b5bc39d
1790843768283	2	dispatch lease of 23300e72-3ce0-41e4-a3d7-edf71afe6d33 lapsed	REJECT	com.alibaba.qwen.code.runtimebroker.ToolExecutionRecord@34abdee4
1790843768340	2	dispatch lease of 23300e72-3ce0-41e4-a3d7-edf71afe6d33 lapsed	REJECT	com.alibaba.qwen.code.runtimebroker.ToolExecutionRecord@77cf3f8b
1790843768400	2	dispatch lease of 23300e72-3ce0-41e4-a3d7-edf71afe6d33 lapsed	REJECT	com.alibaba.qwen.code.runtimebroker.ToolExecutionRecord@226f885f
1790843768459	2	dispatch lease of 23300e72-3ce0-41e4-a3d7-edf71afe6d33 lapsed	REJECT	com.alibaba.qwen.code.runtimebroker.ToolExecutionRecord@cc6460c
1790843768519	2	dispatch lease of 23300e72-3ce0-41e4-a3d7-edf71afe6d33 lapsed	REJECT	com.alibaba.qwen.code.runtimebroker.ToolExecutionRecord@1a6f2363
1790843768577	2	dispatch lease of 23300e72-3ce0-41e4-a3d7-edf71afe6d33 lapsed	REJECT	com.alibaba.qwen.code.runtimebroker.ToolExecutionRecord@63f34b70
1790843768642	2	dispatch lease of 23300e72-3ce0-41e4-a3d7-edf71afe6d33 lapsed	REJECT	com.alibaba.qwen.code.runtimebroker.ToolExecutionRecord@2f66e802
1790843768701	2	dispatch lease of 23300e72-3ce0-41e4-a3d7-edf71afe6d33 lapsed	REJECT	com.alibaba.qwen.code.runtimebroker.ToolExecutionRecord@2a492f2a
1790843768758	2	dispatch lease of 23300e72-3ce0-41e4-a3d7-edf71afe6d33 lapsed	REJECT	com.alibaba.qwen.code.runtimebroker.ToolExecutionRecord@22c01ab0
1790843768828	2	dispatch lease of 23300e72-3ce0-41e4-a3d7-edf71afe6d33 lapsed	REJECT	com.alibaba.qwen.code.runtimebroker.ToolExecutionRecord@5400db36
1790843768886	2	dispatch lease of 23300e72-3ce0-41e4-a3d7-edf71afe6d33 lapsed	REJECT	com.alibaba.qwen.code.runtimebroker.ToolExecutionRecord@8ab78bc
1790843768944	2	dispatch lease of 23300e72-3ce0-41e4-a3d7-edf71afe6d33 lapsed	REJECT	com.alibaba.qwen.code.runtimebroker.ToolExecutionRecord@2c5d601e
1790843769002	2	dispatch lease of 23300e72-3ce0-41e4-a3d7-edf71afe6d33 lapsed	ACCEPT	com.alibaba.qwen.code.runtimebroker.ToolExecutionRecord@486be205
1790843781422	2	marker = [start]	ACCEPT	[start]
1790843791187	2	marker = [start, end]	ACCEPT	[start, end]
1790843796846	2	startup adoption	REJECT	Reply[ok=false, value=null, status=503, code=runtime_provisioning_in_progress, retryable=true, message=another Broker owns Runtime provisioning]
1790843799518	2	startup adoption	ACCEPT	Reply[ok=true, value={"bindingId":"f96d9438-4af9-43a7-a1a0-a017ad04b047","generation":1,"state":"READY"}, status=0, code=null, retryable=false, message=null]
1790843810066	2	startup adoption	ACCEPT	Reply[ok=true, value={"bindingId":"a1bab9d3-0c56-43b4-8d68-f0bf2c239900","generation":1,"state":"READY"}, status=0, code=null, retryable=false, message=null]
1790843823654	2	marker = [start]	ACCEPT	[start]
1790843830502	2	original worker loss after recovery fencing	ACCEPT	Reply[ok=false, value=null, status=503, code=runtime_broker_runtime_lost, retryable=true, message=Runtime is lost; recovery requires complete evidence and cleanup]
1790843840392	2	project/marker = [start]	ACCEPT	[start]
1790843847236	2	original worker loss after recovery fencing	ACCEPT	Reply[ok=false, value=null, status=503, code=runtime_broker_runtime_lost, retryable=true, message=Runtime is lost; recovery requires complete evidence and cleanup]
1790843874064	2	marker = [start]	ACCEPT	[start]
1790843887065	2	project/marker = [start]	ACCEPT	[start]
1790843899812	2	dispatch lease of 3392360e-b8c2-4b99-82dc-0a9aeabc1096 lapsed	REJECT	com.alibaba.qwen.code.runtimebroker.ToolExecutionRecord@70e29e14
1790843899868	2	dispatch lease of 3392360e-b8c2-4b99-82dc-0a9aeabc1096 lapsed	REJECT	com.alibaba.qwen.code.runtimebroker.ToolExecutionRecord@40bffbca
1790843899924	2	dispatch lease of 3392360e-b8c2-4b99-82dc-0a9aeabc1096 lapsed	REJECT	com.alibaba.qwen.code.runtimebroker.ToolExecutionRecord@62da83ed
1790843899980	2	dispatch lease of 3392360e-b8c2-4b99-82dc-0a9aeabc1096 lapsed	REJECT	com.alibaba.qwen.code.runtimebroker.ToolExecutionRecord@384fc774
1790843900036	2	dispatch lease of 3392360e-b8c2-4b99-82dc-0a9aeabc1096 lapsed	REJECT	com.alibaba.qwen.code.runtimebroker.ToolExecutionRecord@6b9267b
1790843900091	2	dispatch lease of 3392360e-b8c2-4b99-82dc-0a9aeabc1096 lapsed	REJECT	com.alibaba.qwen.code.runtimebroker.ToolExecutionRecord@15bcf458
1790843900147	2	dispatch lease of 3392360e-b8c2-4b99-82dc-0a9aeabc1096 lapsed	REJECT	com.alibaba.qwen.code.runtimebroker.ToolExecutionRecord@fac80
1790843900202	2	dispatch lease of 3392360e-b8c2-4b99-82dc-0a9aeabc1096 lapsed	REJECT	com.alibaba.qwen.code.runtimebroker.ToolExecutionRecord@14bb2297
1790843900259	2	dispatch lease of 3392360e-b8c2-4b99-82dc-0a9aeabc1096 lapsed	REJECT	com.alibaba.qwen.code.runtimebroker.ToolExecutionRecord@1a15b789
1790843900314	2	dispatch lease of 3392360e-b8c2-4b99-82dc-0a9aeabc1096 lapsed	REJECT	com.alibaba.qwen.code.runtimebroker.ToolExecutionRecord@6c4f9535
1790843900370	2	dispatch lease of 3392360e-b8c2-4b99-82dc-0a9aeabc1096 lapsed	REJECT	com.alibaba.qwen.code.runtimebroker.ToolExecutionRecord@499b2a5c
1790843900425	2	dispatch lease of 3392360e-b8c2-4b99-82dc-0a9aeabc1096 lapsed	REJECT	com.alibaba.qwen.code.runtimebroker.ToolExecutionRecord@241a53ef
1790843900482	2	dispatch lease of 3392360e-b8c2-4b99-82dc-0a9aeabc1096 lapsed	REJECT	com.alibaba.qwen.code.runtimebroker.ToolExecutionRecord@70e659aa
1790843900537	2	dispatch lease of 3392360e-b8c2-4b99-82dc-0a9aeabc1096 lapsed	REJECT	com.alibaba.qwen.code.runtimebroker.ToolExecutionRecord@73393584
1790843900593	2	dispatch lease of 3392360e-b8c2-4b99-82dc-0a9aeabc1096 lapsed	REJECT	com.alibaba.qwen.code.runtimebroker.ToolExecutionRecord@48e64352
1790843900649	2	dispatch lease of 3392360e-b8c2-4b99-82dc-0a9aeabc1096 lapsed	REJECT	com.alibaba.qwen.code.runtimebroker.ToolExecutionRecord@66238be2
1790843900704	2	dispatch lease of 3392360e-b8c2-4b99-82dc-0a9aeabc1096 lapsed	REJECT	com.alibaba.qwen.code.runtimebroker.ToolExecutionRecord@750fe12e
1790843900761	2	dispatch lease of 3392360e-b8c2-4b99-82dc-0a9aeabc1096 lapsed	REJECT	com.alibaba.qwen.code.runtimebroker.ToolExecutionRecord@2ef8a8c3
1790843900817	2	dispatch lease of 3392360e-b8c2-4b99-82dc-0a9aeabc1096 lapsed	REJECT	com.alibaba.qwen.code.runtimebroker.ToolExecutionRecord@1e11bc55
1790843900872	2	dispatch lease of 3392360e-b8c2-4b99-82dc-0a9aeabc1096 lapsed	REJECT	com.alibaba.qwen.code.runtimebroker.ToolExecutionRecord@7957dc72
1790843900928	2	dispatch lease of 3392360e-b8c2-4b99-82dc-0a9aeabc1096 lapsed	REJECT	com.alibaba.qwen.code.runtimebroker.ToolExecutionRecord@4fdfa676
1790843900985	2	dispatch lease of 3392360e-b8c2-4b99-82dc-0a9aeabc1096 lapsed	REJECT	com.alibaba.qwen.code.runtimebroker.ToolExecutionRecord@600b0b7
1790843901040	2	dispatch lease of 3392360e-b8c2-4b99-82dc-0a9aeabc1096 lapsed	REJECT	com.alibaba.qwen.code.runtimebroker.ToolExecutionRecord@443dbe42
1790843901096	2	dispatch lease of 3392360e-b8c2-4b99-82dc-0a9aeabc1096 lapsed	REJECT	com.alibaba.qwen.code.runtimebroker.ToolExecutionRecord@77b7ffa4
1790843901152	2	dispatch lease of 3392360e-b8c2-4b99-82dc-0a9aeabc1096 lapsed	REJECT	com.alibaba.qwen.code.runtimebroker.ToolExecutionRecord@5bbc9f97
1790843901208	2	dispatch lease of 3392360e-b8c2-4b99-82dc-0a9aeabc1096 lapsed	REJECT	com.alibaba.qwen.code.runtimebroker.ToolExecutionRecord@7dac3fd8
1790843901265	2	dispatch lease of 3392360e-b8c2-4b99-82dc-0a9aeabc1096 lapsed	REJECT	com.alibaba.qwen.code.runtimebroker.ToolExecutionRecord@210386e0
1790843901320	2	dispatch lease of 3392360e-b8c2-4b99-82dc-0a9aeabc1096 lapsed	REJECT	com.alibaba.qwen.code.runtimebroker.ToolExecutionRecord@51684e4a
1790843901376	2	dispatch lease of 3392360e-b8c2-4b99-82dc-0a9aeabc1096 lapsed	REJECT	com.alibaba.qwen.code.runtimebroker.ToolExecutionRecord@1e886a5b
1790843901431	2	dispatch lease of 3392360e-b8c2-4b99-82dc-0a9aeabc1096 lapsed	REJECT	com.alibaba.qwen.code.runtimebroker.ToolExecutionRecord@6c451c9c
1790843901488	2	dispatch lease of 3392360e-b8c2-4b99-82dc-0a9aeabc1096 lapsed	REJECT	com.alibaba.qwen.code.runtimebroker.ToolExecutionRecord@47747fb9
1790843901544	2	dispatch lease of 3392360e-b8c2-4b99-82dc-0a9aeabc1096 lapsed	REJECT	com.alibaba.qwen.code.runtimebroker.ToolExecutionRecord@4e9658b5
1790843901600	2	dispatch lease of 3392360e-b8c2-4b99-82dc-0a9aeabc1096 lapsed	REJECT	com.alibaba.qwen.code.runtimebroker.ToolExecutionRecord@70eecdc2
1790843901656	2	dispatch lease of 3392360e-b8c2-4b99-82dc-0a9aeabc1096 lapsed	REJECT	com.alibaba.qwen.code.runtimebroker.ToolExecutionRecord@54ec8cc9
1790843901711	2	dispatch lease of 3392360e-b8c2-4b99-82dc-0a9aeabc1096 lapsed	REJECT	com.alibaba.qwen.code.runtimebroker.ToolExecutionRecord@2a551a63
1790843901768	2	dispatch lease of 3392360e-b8c2-4b99-82dc-0a9aeabc1096 lapsed	REJECT	com.alibaba.qwen.code.runtimebroker.ToolExecutionRecord@ec2bf82
1790843901823	2	dispatch lease of 3392360e-b8c2-4b99-82dc-0a9aeabc1096 lapsed	REJECT	com.alibaba.qwen.code.runtimebroker.ToolExecutionRecord@29539e36
1790843901879	2	dispatch lease of 3392360e-b8c2-4b99-82dc-0a9aeabc1096 lapsed	REJECT	com.alibaba.qwen.code.runtimebroker.ToolExecutionRecord@669253b7
1790843901934	2	dispatch lease of 3392360e-b8c2-4b99-82dc-0a9aeabc1096 lapsed	REJECT	com.alibaba.qwen.code.runtimebroker.ToolExecutionRecord@3dddbe65
1790843901990	2	dispatch lease of 3392360e-b8c2-4b99-82dc-0a9aeabc1096 lapsed	REJECT	com.alibaba.qwen.code.runtimebroker.ToolExecutionRecord@66d23e4a
1790843902046	2	dispatch lease of 3392360e-b8c2-4b99-82dc-0a9aeabc1096 lapsed	ACCEPT	com.alibaba.qwen.code.runtimebroker.ToolExecutionRecord@52c8295b
1790843914567	2	dispatch lease of 152f5121-fb71-4c48-87bd-aa95e26afb02 lapsed	REJECT	com.alibaba.qwen.code.runtimebroker.ToolExecutionRecord@324dcd31
1790843914624	2	dispatch lease of 152f5121-fb71-4c48-87bd-aa95e26afb02 lapsed	REJECT	com.alibaba.qwen.code.runtimebroker.ToolExecutionRecord@433ffad1
1790843914680	2	dispatch lease of 152f5121-fb71-4c48-87bd-aa95e26afb02 lapsed	REJECT	com.alibaba.qwen.code.runtimebroker.ToolExecutionRecord@329a1243
1790843914735	2	dispatch lease of 152f5121-fb71-4c48-87bd-aa95e26afb02 lapsed	REJECT	com.alibaba.qwen.code.runtimebroker.ToolExecutionRecord@27f9e982
1790843914791	2	dispatch lease of 152f5121-fb71-4c48-87bd-aa95e26afb02 lapsed	REJECT	com.alibaba.qwen.code.runtimebroker.ToolExecutionRecord@30c0ccff
1790843914847	2	dispatch lease of 152f5121-fb71-4c48-87bd-aa95e26afb02 lapsed	REJECT	com.alibaba.qwen.code.runtimebroker.ToolExecutionRecord@2b46a8c1
1790843914903	2	dispatch lease of 152f5121-fb71-4c48-87bd-aa95e26afb02 lapsed	REJECT	com.alibaba.qwen.code.runtimebroker.ToolExecutionRecord@46cf05f7
1790843914958	2	dispatch lease of 152f5121-fb71-4c48-87bd-aa95e26afb02 lapsed	REJECT	com.alibaba.qwen.code.runtimebroker.ToolExecutionRecord@2f40a43
1790843915013	2	dispatch lease of 152f5121-fb71-4c48-87bd-aa95e26afb02 lapsed	REJECT	com.alibaba.qwen.code.runtimebroker.ToolExecutionRecord@1804f60d
1790843915069	2	dispatch lease of 152f5121-fb71-4c48-87bd-aa95e26afb02 lapsed	REJECT	com.alibaba.qwen.code.runtimebroker.ToolExecutionRecord@1c807b1d
1790843915125	2	dispatch lease of 152f5121-fb71-4c48-87bd-aa95e26afb02 lapsed	REJECT	com.alibaba.qwen.code.runtimebroker.ToolExecutionRecord@3e2fc448
1790843915180	2	dispatch lease of 152f5121-fb71-4c48-87bd-aa95e26afb02 lapsed	REJECT	com.alibaba.qwen.code.runtimebroker.ToolExecutionRecord@c8b96ec
1790843915236	2	dispatch lease of 152f5121-fb71-4c48-87bd-aa95e26afb02 lapsed	REJECT	com.alibaba.qwen.code.runtimebroker.ToolExecutionRecord@2024293c
1790843915292	2	dispatch lease of 152f5121-fb71-4c48-87bd-aa95e26afb02 lapsed	REJECT	com.alibaba.qwen.code.runtimebroker.ToolExecutionRecord@58a55449
1790843915348	2	dispatch lease of 152f5121-fb71-4c48-87bd-aa95e26afb02 lapsed	REJECT	com.alibaba.qwen.code.runtimebroker.ToolExecutionRecord@58dea0a5
1790843915403	2	dispatch lease of 152f5121-fb71-4c48-87bd-aa95e26afb02 lapsed	REJECT	com.alibaba.qwen.code.runtimebroker.ToolExecutionRecord@2d0566ba
1790843915458	2	dispatch lease of 152f5121-fb71-4c48-87bd-aa95e26afb02 lapsed	REJECT	com.alibaba.qwen.code.runtimebroker.ToolExecutionRecord@320e400
1790843915514	2	dispatch lease of 152f5121-fb71-4c48-87bd-aa95e26afb02 lapsed	REJECT	com.alibaba.qwen.code.runtimebroker.ToolExecutionRecord@28c0b664
1790843915579	2	dispatch lease of 152f5121-fb71-4c48-87bd-aa95e26afb02 lapsed	REJECT	com.alibaba.qwen.code.runtimebroker.ToolExecutionRecord@6ebd78d1
1790843915636	2	dispatch lease of 152f5121-fb71-4c48-87bd-aa95e26afb02 lapsed	REJECT	com.alibaba.qwen.code.runtimebroker.ToolExecutionRecord@68ed96ca
1790843915691	2	dispatch lease of 152f5121-fb71-4c48-87bd-aa95e26afb02 lapsed	REJECT	com.alibaba.qwen.code.runtimebroker.ToolExecutionRecord@54e7391d
1790843915746	2	dispatch lease of 152f5121-fb71-4c48-87bd-aa95e26afb02 lapsed	REJECT	com.alibaba.qwen.code.runtimebroker.ToolExecutionRecord@51c929ae
1790843915801	2	dispatch lease of 152f5121-fb71-4c48-87bd-aa95e26afb02 lapsed	REJECT	com.alibaba.qwen.code.runtimebroker.ToolExecutionRecord@40e4ea87
1790843915858	2	dispatch lease of 152f5121-fb71-4c48-87bd-aa95e26afb02 lapsed	REJECT	com.alibaba.qwen.code.runtimebroker.ToolExecutionRecord@512d92b
1790843915913	2	dispatch lease of 152f5121-fb71-4c48-87bd-aa95e26afb02 lapsed	REJECT	com.alibaba.qwen.code.runtimebroker.ToolExecutionRecord@1bc53649
1790843915969	2	dispatch lease of 152f5121-fb71-4c48-87bd-aa95e26afb02 lapsed	REJECT	com.alibaba.qwen.code.runtimebroker.ToolExecutionRecord@475b7792
1790843916024	2	dispatch lease of 152f5121-fb71-4c48-87bd-aa95e26afb02 lapsed	REJECT	com.alibaba.qwen.code.runtimebroker.ToolExecutionRecord@182b435b
1790843916079	2	dispatch lease of 152f5121-fb71-4c48-87bd-aa95e26afb02 lapsed	REJECT	com.alibaba.qwen.code.runtimebroker.ToolExecutionRecord@7577b641
1790843916136	2	dispatch lease of 152f5121-fb71-4c48-87bd-aa95e26afb02 lapsed	REJECT	com.alibaba.qwen.code.runtimebroker.ToolExecutionRecord@60afd40d
1790843916192	2	dispatch lease of 152f5121-fb71-4c48-87bd-aa95e26afb02 lapsed	REJECT	com.alibaba.qwen.code.runtimebroker.ToolExecutionRecord@10b3df93
1790843916247	2	dispatch lease of 152f5121-fb71-4c48-87bd-aa95e26afb02 lapsed	REJECT	com.alibaba.qwen.code.runtimebroker.ToolExecutionRecord@e72dba7
1790843916303	2	dispatch lease of 152f5121-fb71-4c48-87bd-aa95e26afb02 lapsed	REJECT	com.alibaba.qwen.code.runtimebroker.ToolExecutionRecord@3c321bdb
1790843916362	2	dispatch lease of 152f5121-fb71-4c48-87bd-aa95e26afb02 lapsed	REJECT	com.alibaba.qwen.code.runtimebroker.ToolExecutionRecord@4d4d8fcf
1790843916417	2	dispatch lease of 152f5121-fb71-4c48-87bd-aa95e26afb02 lapsed	REJECT	com.alibaba.qwen.code.runtimebroker.ToolExecutionRecord@3fabf088
1790843916472	2	dispatch lease of 152f5121-fb71-4c48-87bd-aa95e26afb02 lapsed	REJECT	com.alibaba.qwen.code.runtimebroker.ToolExecutionRecord@4ced35ed
1790843916528	2	dispatch lease of 152f5121-fb71-4c48-87bd-aa95e26afb02 lapsed	REJECT	com.alibaba.qwen.code.runtimebroker.ToolExecutionRecord@74d7184a
1790843916584	2	dispatch lease of 152f5121-fb71-4c48-87bd-aa95e26afb02 lapsed	REJECT	com.alibaba.qwen.code.runtimebroker.ToolExecutionRecord@27dc79f7
1790843916641	2	dispatch lease of 152f5121-fb71-4c48-87bd-aa95e26afb02 lapsed	REJECT	com.alibaba.qwen.code.runtimebroker.ToolExecutionRecord@5cbf9e9f
1790843916696	2	dispatch lease of 152f5121-fb71-4c48-87bd-aa95e26afb02 lapsed	REJECT	com.alibaba.qwen.code.runtimebroker.ToolExecutionRecord@1a38ba58
1790843916751	2	dispatch lease of 152f5121-fb71-4c48-87bd-aa95e26afb02 lapsed	REJECT	com.alibaba.qwen.code.runtimebroker.ToolExecutionRecord@42deb43a
1790843916807	2	dispatch lease of 152f5121-fb71-4c48-87bd-aa95e26afb02 lapsed	REJECT	com.alibaba.qwen.code.runtimebroker.ToolExecutionRecord@1cefc4b3
1790843916864	2	dispatch lease of 152f5121-fb71-4c48-87bd-aa95e26afb02 lapsed	REJECT	com.alibaba.qwen.code.runtimebroker.ToolExecutionRecord@1bdaa23d
1790843916919	2	dispatch lease of 152f5121-fb71-4c48-87bd-aa95e26afb02 lapsed	REJECT	com.alibaba.qwen.code.runtimebroker.ToolExecutionRecord@50d68830
1790843916974	2	dispatch lease of 152f5121-fb71-4c48-87bd-aa95e26afb02 lapsed	REJECT	com.alibaba.qwen.code.runtimebroker.ToolExecutionRecord@3a7704c
1790843917029	2	dispatch lease of 152f5121-fb71-4c48-87bd-aa95e26afb02 lapsed	ACCEPT	com.alibaba.qwen.code.runtimebroker.ToolExecutionRecord@323e8306
1790844656043	3	escaped writer pid	ACCEPT	true
1790844656052	3	escaped writer output	ACCEPT	true
1790844663168	3	original worker loss after recovery fencing	ACCEPT	Reply[ok=false, value=null, status=503, code=runtime_broker_runtime_lost, retryable=true, message=Runtime is lost; recovery requires complete evidence and cleanup]
1790844663225	3	escaped writer continues after loss; the physical pin must remain	REJECT	145
1790844663275	3	escaped writer continues after loss; the physical pin must remain	ACCEPT	146
1790844673211	3	escaped writer pid	ACCEPT	true
1790844673217	3	escaped writer output	ACCEPT	true
1790844680294	3	original worker loss after recovery fencing	ACCEPT	Reply[ok=false, value=null, status=503, code=runtime_broker_runtime_lost, retryable=true, message=Runtime is lost; recovery requires complete evidence and cleanup]
1790844680309	3	escaped writer continues after loss; the physical pin must remain	REJECT	144
1790844680359	3	escaped writer continues after loss; the physical pin must remain	ACCEPT	145
1790844690392	3	marker = [start]	ACCEPT	[start]
1790844690425	3	UNKNOWN execution	REJECT	com.alibaba.qwen.code.runtimebroker.ToolExecutionRecord@2cf23c81
1790844690477	3	UNKNOWN execution	REJECT	com.alibaba.qwen.code.runtimebroker.ToolExecutionRecord@35fe2125
1790844690529	3	UNKNOWN execution	REJECT	com.alibaba.qwen.code.runtimebroker.ToolExecutionRecord@2484f433
1790844690582	3	UNKNOWN execution	REJECT	com.alibaba.qwen.code.runtimebroker.ToolExecutionRecord@1255b1d1
1790844690634	3	UNKNOWN execution	REJECT	com.alibaba.qwen.code.runtimebroker.ToolExecutionRecord@7c22d4f
1790844690686	3	UNKNOWN execution	REJECT	com.alibaba.qwen.code.runtimebroker.ToolExecutionRecord@60bdf15d
1790844690738	3	UNKNOWN execution	REJECT	com.alibaba.qwen.code.runtimebroker.ToolExecutionRecord@51e4ccb3
1790844690791	3	UNKNOWN execution	REJECT	com.alibaba.qwen.code.runtimebroker.ToolExecutionRecord@495083a0
1790844690843	3	UNKNOWN execution	REJECT	com.alibaba.qwen.code.runtimebroker.ToolExecutionRecord@28a0fd6c
1790844690895	3	UNKNOWN execution	REJECT	com.alibaba.qwen.code.runtimebroker.ToolExecutionRecord@66629f63
1790844690946	3	UNKNOWN execution	ACCEPT	com.alibaba.qwen.code.runtimebroker.ToolExecutionRecord@27a5328c
1790844711789	3	marker = [start]	ACCEPT	[start]
1790844718591	3	original Runtime loss after recovery fencing	ACCEPT	Reply[ok=false, value=null, status=503, code=runtime_broker_runtime_lost, retryable=true, message=Runtime is lost; recovery requires complete evidence and cleanup]
1790844737843	3	dispatch lease of accbc771-3d44-48d3-8874-33b7001acc95 lapsed	REJECT	com.alibaba.qwen.code.runtimebroker.ToolExecutionRecord@ce5a68e
1790844737901	3	dispatch lease of accbc771-3d44-48d3-8874-33b7001acc95 lapsed	REJECT	com.alibaba.qwen.code.runtimebroker.ToolExecutionRecord@5df417a7
1790844737960	3	dispatch lease of accbc771-3d44-48d3-8874-33b7001acc95 lapsed	REJECT	com.alibaba.qwen.code.runtimebroker.ToolExecutionRecord@61078690
1790844738017	3	dispatch lease of accbc771-3d44-48d3-8874-33b7001acc95 lapsed	REJECT	com.alibaba.qwen.code.runtimebroker.ToolExecutionRecord@71c5b236
1790844738075	3	dispatch lease of accbc771-3d44-48d3-8874-33b7001acc95 lapsed	REJECT	com.alibaba.qwen.code.runtimebroker.ToolExecutionRecord@669513d8
1790844738132	3	dispatch lease of accbc771-3d44-48d3-8874-33b7001acc95 lapsed	REJECT	com.alibaba.qwen.code.runtimebroker.ToolExecutionRecord@361c294e
1790844738189	3	dispatch lease of accbc771-3d44-48d3-8874-33b7001acc95 lapsed	REJECT	com.alibaba.qwen.code.runtimebroker.ToolExecutionRecord@314b8f2d
1790844738248	3	dispatch lease of accbc771-3d44-48d3-8874-33b7001acc95 lapsed	REJECT	com.alibaba.qwen.code.runtimebroker.ToolExecutionRecord@15a902e7
1790844738305	3	dispatch lease of accbc771-3d44-48d3-8874-33b7001acc95 lapsed	REJECT	com.alibaba.qwen.code.runtimebroker.ToolExecutionRecord@5af28b27
1790844738363	3	dispatch lease of accbc771-3d44-48d3-8874-33b7001acc95 lapsed	REJECT	com.alibaba.qwen.code.runtimebroker.ToolExecutionRecord@72f46e16
1790844738420	3	dispatch lease of accbc771-3d44-48d3-8874-33b7001acc95 lapsed	REJECT	com.alibaba.qwen.code.runtimebroker.ToolExecutionRecord@549621f3
1790844738476	3	dispatch lease of accbc771-3d44-48d3-8874-33b7001acc95 lapsed	REJECT	com.alibaba.qwen.code.runtimebroker.ToolExecutionRecord@5217f3d0
1790844738535	3	dispatch lease of accbc771-3d44-48d3-8874-33b7001acc95 lapsed	REJECT	com.alibaba.qwen.code.runtimebroker.ToolExecutionRecord@2416a51
1790844738592	3	dispatch lease of accbc771-3d44-48d3-8874-33b7001acc95 lapsed	REJECT	com.alibaba.qwen.code.runtimebroker.ToolExecutionRecord@72e34f77
1790844738649	3	dispatch lease of accbc771-3d44-48d3-8874-33b7001acc95 lapsed	REJECT	com.alibaba.qwen.code.runtimebroker.ToolExecutionRecord@77307458
1790844738706	3	dispatch lease of accbc771-3d44-48d3-8874-33b7001acc95 lapsed	REJECT	com.alibaba.qwen.code.runtimebroker.ToolExecutionRecord@47874b25
1790844738763	3	dispatch lease of accbc771-3d44-48d3-8874-33b7001acc95 lapsed	REJECT	com.alibaba.qwen.code.runtimebroker.ToolExecutionRecord@5db4c359
1790844738819	3	dispatch lease of accbc771-3d44-48d3-8874-33b7001acc95 lapsed	REJECT	com.alibaba.qwen.code.runtimebroker.ToolExecutionRecord@f9b7332
1790844738875	3	dispatch lease of accbc771-3d44-48d3-8874-33b7001acc95 lapsed	REJECT	com.alibaba.qwen.code.runtimebroker.ToolExecutionRecord@4f8969b0
1790844738932	3	dispatch lease of accbc771-3d44-48d3-8874-33b7001acc95 lapsed	REJECT	com.alibaba.qwen.code.runtimebroker.ToolExecutionRecord@8a589a2
1790844738988	3	dispatch lease of accbc771-3d44-48d3-8874-33b7001acc95 lapsed	REJECT	com.alibaba.qwen.code.runtimebroker.ToolExecutionRecord@b672aa8
1790844739045	3	dispatch lease of accbc771-3d44-48d3-8874-33b7001acc95 lapsed	REJECT	com.alibaba.qwen.code.runtimebroker.ToolExecutionRecord@6e46d9f4
1790844739101	3	dispatch lease of accbc771-3d44-48d3-8874-33b7001acc95 lapsed	REJECT	com.alibaba.qwen.code.runtimebroker.ToolExecutionRecord@21c64522
1790844739157	3	dispatch lease of accbc771-3d44-48d3-8874-33b7001acc95 lapsed	REJECT	com.alibaba.qwen.code.runtimebroker.ToolExecutionRecord@460f76a6
1790844739213	3	dispatch lease of accbc771-3d44-48d3-8874-33b7001acc95 lapsed	REJECT	com.alibaba.qwen.code.runtimebroker.ToolExecutionRecord@770d4269
1790844739270	3	dispatch lease of accbc771-3d44-48d3-8874-33b7001acc95 lapsed	REJECT	com.alibaba.qwen.code.runtimebroker.ToolExecutionRecord@76a82f33
1790844739327	3	dispatch lease of accbc771-3d44-48d3-8874-33b7001acc95 lapsed	REJECT	com.alibaba.qwen.code.runtimebroker.ToolExecutionRecord@644c78d4
1790844739383	3	dispatch lease of accbc771-3d44-48d3-8874-33b7001acc95 lapsed	REJECT	com.alibaba.qwen.code.runtimebroker.ToolExecutionRecord@7bb3a9fe
1790844739440	3	dispatch lease of accbc771-3d44-48d3-8874-33b7001acc95 lapsed	REJECT	com.alibaba.qwen.code.runtimebroker.ToolExecutionRecord@62923ee6
1790844739496	3	dispatch lease of accbc771-3d44-48d3-8874-33b7001acc95 lapsed	REJECT	com.alibaba.qwen.code.runtimebroker.ToolExecutionRecord@7807ac2c
1790844739553	3	dispatch lease of accbc771-3d44-48d3-8874-33b7001acc95 lapsed	REJECT	com.alibaba.qwen.code.runtimebroker.ToolExecutionRecord@a77614d
1790844739610	3	dispatch lease of accbc771-3d44-48d3-8874-33b7001acc95 lapsed	REJECT	com.alibaba.qwen.code.runtimebroker.ToolExecutionRecord@a1217f9
1790844739666	3	dispatch lease of accbc771-3d44-48d3-8874-33b7001acc95 lapsed	REJECT	com.alibaba.qwen.code.runtimebroker.ToolExecutionRecord@2baa8d82
1790844739723	3	dispatch lease of accbc771-3d44-48d3-8874-33b7001acc95 lapsed	REJECT	com.alibaba.qwen.code.runtimebroker.ToolExecutionRecord@a7e2d9d
1790844739781	3	dispatch lease of accbc771-3d44-48d3-8874-33b7001acc95 lapsed	REJECT	com.alibaba.qwen.code.runtimebroker.ToolExecutionRecord@372ea2bc
1790844739837	3	dispatch lease of accbc771-3d44-48d3-8874-33b7001acc95 lapsed	REJECT	com.alibaba.qwen.code.runtimebroker.ToolExecutionRecord@3f19b8b3
1790844739894	3	dispatch lease of accbc771-3d44-48d3-8874-33b7001acc95 lapsed	REJECT	com.alibaba.qwen.code.runtimebroker.ToolExecutionRecord@cdc3aae
1790844739950	3	dispatch lease of accbc771-3d44-48d3-8874-33b7001acc95 lapsed	REJECT	com.alibaba.qwen.code.runtimebroker.ToolExecutionRecord@4c36250e
1790844740006	3	dispatch lease of accbc771-3d44-48d3-8874-33b7001acc95 lapsed	ACCEPT	com.alibaba.qwen.code.runtimebroker.ToolExecutionRecord@299266e2
1790844752339	3	marker = [start]	ACCEPT	[start]
1790844752661	3	dispatch lease of 86137ad6-0de4-4d90-b8c1-bd74ed262154 lapsed	REJECT	com.alibaba.qwen.code.runtimebroker.ToolExecutionRecord@24f360b2
1790844752718	3	dispatch lease of 86137ad6-0de4-4d90-b8c1-bd74ed262154 lapsed	REJECT	com.alibaba.qwen.code.runtimebroker.ToolExecutionRecord@770d0ea6
1790844752775	3	dispatch lease of 86137ad6-0de4-4d90-b8c1-bd74ed262154 lapsed	REJECT	com.alibaba.qwen.code.runtimebroker.ToolExecutionRecord@1b11ef33
1790844752832	3	dispatch lease of 86137ad6-0de4-4d90-b8c1-bd74ed262154 lapsed	REJECT	com.alibaba.qwen.code.runtimebroker.ToolExecutionRecord@3bd7f8dc
1790844752889	3	dispatch lease of 86137ad6-0de4-4d90-b8c1-bd74ed262154 lapsed	REJECT	com.alibaba.qwen.code.runtimebroker.ToolExecutionRecord@21ec5d87
1790844752945	3	dispatch lease of 86137ad6-0de4-4d90-b8c1-bd74ed262154 lapsed	REJECT	com.alibaba.qwen.code.runtimebroker.ToolExecutionRecord@1a69561c
1790844753002	3	dispatch lease of 86137ad6-0de4-4d90-b8c1-bd74ed262154 lapsed	REJECT	com.alibaba.qwen.code.runtimebroker.ToolExecutionRecord@4b21844c
1790844753059	3	dispatch lease of 86137ad6-0de4-4d90-b8c1-bd74ed262154 lapsed	REJECT	com.alibaba.qwen.code.runtimebroker.ToolExecutionRecord@5e77f0f4
1790844753114	3	dispatch lease of 86137ad6-0de4-4d90-b8c1-bd74ed262154 lapsed	REJECT	com.alibaba.qwen.code.runtimebroker.ToolExecutionRecord@29876704
1790844753171	3	dispatch lease of 86137ad6-0de4-4d90-b8c1-bd74ed262154 lapsed	REJECT	com.alibaba.qwen.code.runtimebroker.ToolExecutionRecord@16423501
1790844753227	3	dispatch lease of 86137ad6-0de4-4d90-b8c1-bd74ed262154 lapsed	REJECT	com.alibaba.qwen.code.runtimebroker.ToolExecutionRecord@379ab47b
1790844753284	3	dispatch lease of 86137ad6-0de4-4d90-b8c1-bd74ed262154 lapsed	REJECT	com.alibaba.qwen.code.runtimebroker.ToolExecutionRecord@2c95ac9e
1790844753340	3	dispatch lease of 86137ad6-0de4-4d90-b8c1-bd74ed262154 lapsed	REJECT	com.alibaba.qwen.code.runtimebroker.ToolExecutionRecord@7cc586a8
1790844753396	3	dispatch lease of 86137ad6-0de4-4d90-b8c1-bd74ed262154 lapsed	REJECT	com.alibaba.qwen.code.runtimebroker.ToolExecutionRecord@7a56812e
1790844753452	3	dispatch lease of 86137ad6-0de4-4d90-b8c1-bd74ed262154 lapsed	REJECT	com.alibaba.qwen.code.runtimebroker.ToolExecutionRecord@2f4854d6
1790844753508	3	dispatch lease of 86137ad6-0de4-4d90-b8c1-bd74ed262154 lapsed	REJECT	com.alibaba.qwen.code.runtimebroker.ToolExecutionRecord@e6516e
1790844753565	3	dispatch lease of 86137ad6-0de4-4d90-b8c1-bd74ed262154 lapsed	REJECT	com.alibaba.qwen.code.runtimebroker.ToolExecutionRecord@388ffbc2
1790844753621	3	dispatch lease of 86137ad6-0de4-4d90-b8c1-bd74ed262154 lapsed	REJECT	com.alibaba.qwen.code.runtimebroker.ToolExecutionRecord@6691490c
1790844753677	3	dispatch lease of 86137ad6-0de4-4d90-b8c1-bd74ed262154 lapsed	REJECT	com.alibaba.qwen.code.runtimebroker.ToolExecutionRecord@21d5c1a0
1790844753733	3	dispatch lease of 86137ad6-0de4-4d90-b8c1-bd74ed262154 lapsed	REJECT	com.alibaba.qwen.code.runtimebroker.ToolExecutionRecord@1eef9aef
1790844753790	3	dispatch lease of 86137ad6-0de4-4d90-b8c1-bd74ed262154 lapsed	REJECT	com.alibaba.qwen.code.runtimebroker.ToolExecutionRecord@3ec11999
1790844753846	3	dispatch lease of 86137ad6-0de4-4d90-b8c1-bd74ed262154 lapsed	REJECT	com.alibaba.qwen.code.runtimebroker.ToolExecutionRecord@18cc679e
1790844753902	3	dispatch lease of 86137ad6-0de4-4d90-b8c1-bd74ed262154 lapsed	REJECT	com.alibaba.qwen.code.runtimebroker.ToolExecutionRecord@67ef029
1790844753957	3	dispatch lease of 86137ad6-0de4-4d90-b8c1-bd74ed262154 lapsed	REJECT	com.alibaba.qwen.code.runtimebroker.ToolExecutionRecord@2755d705
1790844754013	3	dispatch lease of 86137ad6-0de4-4d90-b8c1-bd74ed262154 lapsed	REJECT	com.alibaba.qwen.code.runtimebroker.ToolExecutionRecord@560cbf1a
1790844754070	3	dispatch lease of 86137ad6-0de4-4d90-b8c1-bd74ed262154 lapsed	REJECT	com.alibaba.qwen.code.runtimebroker.ToolExecutionRecord@578524c3
1790844754126	3	dispatch lease of 86137ad6-0de4-4d90-b8c1-bd74ed262154 lapsed	REJECT	com.alibaba.qwen.code.runtimebroker.ToolExecutionRecord@7a11c4c7
1790844754181	3	dispatch lease of 86137ad6-0de4-4d90-b8c1-bd74ed262154 lapsed	REJECT	com.alibaba.qwen.code.runtimebroker.ToolExecutionRecord@4152d38d
1790844754237	3	dispatch lease of 86137ad6-0de4-4d90-b8c1-bd74ed262154 lapsed	REJECT	com.alibaba.qwen.code.runtimebroker.ToolExecutionRecord@b5cc23a
1790844754294	3	dispatch lease of 86137ad6-0de4-4d90-b8c1-bd74ed262154 lapsed	REJECT	com.alibaba.qwen.code.runtimebroker.ToolExecutionRecord@758f4f03
1790844754350	3	dispatch lease of 86137ad6-0de4-4d90-b8c1-bd74ed262154 lapsed	REJECT	com.alibaba.qwen.code.runtimebroker.ToolExecutionRecord@660e9100
1790844754406	3	dispatch lease of 86137ad6-0de4-4d90-b8c1-bd74ed262154 lapsed	REJECT	com.alibaba.qwen.code.runtimebroker.ToolExecutionRecord@27e0f2f5
1790844754461	3	dispatch lease of 86137ad6-0de4-4d90-b8c1-bd74ed262154 lapsed	REJECT	com.alibaba.qwen.code.runtimebroker.ToolExecutionRecord@db44aa2
1790844754517	3	dispatch lease of 86137ad6-0de4-4d90-b8c1-bd74ed262154 lapsed	REJECT	com.alibaba.qwen.code.runtimebroker.ToolExecutionRecord@61a002b1
1790844754574	3	dispatch lease of 86137ad6-0de4-4d90-b8c1-bd74ed262154 lapsed	REJECT	com.alibaba.qwen.code.runtimebroker.ToolExecutionRecord@e24ddd0
1790844754631	3	dispatch lease of 86137ad6-0de4-4d90-b8c1-bd74ed262154 lapsed	REJECT	com.alibaba.qwen.code.runtimebroker.ToolExecutionRecord@5aabbb29
1790844754687	3	dispatch lease of 86137ad6-0de4-4d90-b8c1-bd74ed262154 lapsed	REJECT	com.alibaba.qwen.code.runtimebroker.ToolExecutionRecord@3dd69f5a
1790844754743	3	dispatch lease of 86137ad6-0de4-4d90-b8c1-bd74ed262154 lapsed	REJECT	com.alibaba.qwen.code.runtimebroker.ToolExecutionRecord@59a67c3a
1790844754800	3	dispatch lease of 86137ad6-0de4-4d90-b8c1-bd74ed262154 lapsed	REJECT	com.alibaba.qwen.code.runtimebroker.ToolExecutionRecord@16fb356
1790844754856	3	dispatch lease of 86137ad6-0de4-4d90-b8c1-bd74ed262154 lapsed	REJECT	com.alibaba.qwen.code.runtimebroker.ToolExecutionRecord@ca27722
1790844754912	3	dispatch lease of 86137ad6-0de4-4d90-b8c1-bd74ed262154 lapsed	REJECT	com.alibaba.qwen.code.runtimebroker.ToolExecutionRecord@67427b69
1790844754968	3	dispatch lease of 86137ad6-0de4-4d90-b8c1-bd74ed262154 lapsed	REJECT	com.alibaba.qwen.code.runtimebroker.ToolExecutionRecord@64f857e7
1790844755024	3	dispatch lease of 86137ad6-0de4-4d90-b8c1-bd74ed262154 lapsed	ACCEPT	com.alibaba.qwen.code.runtimebroker.ToolExecutionRecord@3d6300e8
1790844770509	3	dispatch lease of d135a80e-ad75-492d-abe7-84fab7cfad23 lapsed	REJECT	com.alibaba.qwen.code.runtimebroker.ToolExecutionRecord@51f49060
1790844770566	3	dispatch lease of d135a80e-ad75-492d-abe7-84fab7cfad23 lapsed	REJECT	com.alibaba.qwen.code.runtimebroker.ToolExecutionRecord@6970140a
1790844770622	3	dispatch lease of d135a80e-ad75-492d-abe7-84fab7cfad23 lapsed	REJECT	com.alibaba.qwen.code.runtimebroker.ToolExecutionRecord@245a26e1
1790844770678	3	dispatch lease of d135a80e-ad75-492d-abe7-84fab7cfad23 lapsed	REJECT	com.alibaba.qwen.code.runtimebroker.ToolExecutionRecord@5b800468
1790844770734	3	dispatch lease of d135a80e-ad75-492d-abe7-84fab7cfad23 lapsed	REJECT	com.alibaba.qwen.code.runtimebroker.ToolExecutionRecord@5f7f2382
1790844770790	3	dispatch lease of d135a80e-ad75-492d-abe7-84fab7cfad23 lapsed	REJECT	com.alibaba.qwen.code.runtimebroker.ToolExecutionRecord@46cc127b
1790844770846	3	dispatch lease of d135a80e-ad75-492d-abe7-84fab7cfad23 lapsed	REJECT	com.alibaba.qwen.code.runtimebroker.ToolExecutionRecord@1c32886a
1790844770901	3	dispatch lease of d135a80e-ad75-492d-abe7-84fab7cfad23 lapsed	REJECT	com.alibaba.qwen.code.runtimebroker.ToolExecutionRecord@3d3f761a
1790844770958	3	dispatch lease of d135a80e-ad75-492d-abe7-84fab7cfad23 lapsed	REJECT	com.alibaba.qwen.code.runtimebroker.ToolExecutionRecord@3670f00
1790844771014	3	dispatch lease of d135a80e-ad75-492d-abe7-84fab7cfad23 lapsed	REJECT	com.alibaba.qwen.code.runtimebroker.ToolExecutionRecord@790174f2
1790844771070	3	dispatch lease of d135a80e-ad75-492d-abe7-84fab7cfad23 lapsed	REJECT	com.alibaba.qwen.code.runtimebroker.ToolExecutionRecord@687a762c
1790844771125	3	dispatch lease of d135a80e-ad75-492d-abe7-84fab7cfad23 lapsed	REJECT	com.alibaba.qwen.code.runtimebroker.ToolExecutionRecord@4b629f13
1790844771181	3	dispatch lease of d135a80e-ad75-492d-abe7-84fab7cfad23 lapsed	REJECT	com.alibaba.qwen.code.runtimebroker.ToolExecutionRecord@aa22f1c
1790844771237	3	dispatch lease of d135a80e-ad75-492d-abe7-84fab7cfad23 lapsed	REJECT	com.alibaba.qwen.code.runtimebroker.ToolExecutionRecord@5922ae77
1790844771293	3	dispatch lease of d135a80e-ad75-492d-abe7-84fab7cfad23 lapsed	REJECT	com.alibaba.qwen.code.runtimebroker.ToolExecutionRecord@71f67a79
1790844771349	3	dispatch lease of d135a80e-ad75-492d-abe7-84fab7cfad23 lapsed	REJECT	com.alibaba.qwen.code.runtimebroker.ToolExecutionRecord@7889a1ac
1790844771404	3	dispatch lease of d135a80e-ad75-492d-abe7-84fab7cfad23 lapsed	REJECT	com.alibaba.qwen.code.runtimebroker.ToolExecutionRecord@27cf3151
1790844771461	3	dispatch lease of d135a80e-ad75-492d-abe7-84fab7cfad23 lapsed	REJECT	com.alibaba.qwen.code.runtimebroker.ToolExecutionRecord@4108fa66
1790844771517	3	dispatch lease of d135a80e-ad75-492d-abe7-84fab7cfad23 lapsed	REJECT	com.alibaba.qwen.code.runtimebroker.ToolExecutionRecord@21362712
1790844771573	3	dispatch lease of d135a80e-ad75-492d-abe7-84fab7cfad23 lapsed	REJECT	com.alibaba.qwen.code.runtimebroker.ToolExecutionRecord@bc57b40
1790844771629	3	dispatch lease of d135a80e-ad75-492d-abe7-84fab7cfad23 lapsed	REJECT	com.alibaba.qwen.code.runtimebroker.ToolExecutionRecord@1494b84d
1790844771685	3	dispatch lease of d135a80e-ad75-492d-abe7-84fab7cfad23 lapsed	REJECT	com.alibaba.qwen.code.runtimebroker.ToolExecutionRecord@4628b1d3
1790844771742	3	dispatch lease of d135a80e-ad75-492d-abe7-84fab7cfad23 lapsed	REJECT	com.alibaba.qwen.code.runtimebroker.ToolExecutionRecord@21ca139c
1790844771797	3	dispatch lease of d135a80e-ad75-492d-abe7-84fab7cfad23 lapsed	REJECT	com.alibaba.qwen.code.runtimebroker.ToolExecutionRecord@7d61eccf
1790844771853	3	dispatch lease of d135a80e-ad75-492d-abe7-84fab7cfad23 lapsed	REJECT	com.alibaba.qwen.code.runtimebroker.ToolExecutionRecord@681aad3b
1790844771909	3	dispatch lease of d135a80e-ad75-492d-abe7-84fab7cfad23 lapsed	REJECT	com.alibaba.qwen.code.runtimebroker.ToolExecutionRecord@5ebd56e9
1790844771966	3	dispatch lease of d135a80e-ad75-492d-abe7-84fab7cfad23 lapsed	REJECT	com.alibaba.qwen.code.runtimebroker.ToolExecutionRecord@1b58ff9e
1790844772022	3	dispatch lease of d135a80e-ad75-492d-abe7-84fab7cfad23 lapsed	REJECT	com.alibaba.qwen.code.runtimebroker.ToolExecutionRecord@76318a7d
1790844772078	3	dispatch lease of d135a80e-ad75-492d-abe7-84fab7cfad23 lapsed	REJECT	com.alibaba.qwen.code.runtimebroker.ToolExecutionRecord@585811a4
1790844772134	3	dispatch lease of d135a80e-ad75-492d-abe7-84fab7cfad23 lapsed	REJECT	com.alibaba.qwen.code.runtimebroker.ToolExecutionRecord@4c4d362a
1790844772190	3	dispatch lease of d135a80e-ad75-492d-abe7-84fab7cfad23 lapsed	REJECT	com.alibaba.qwen.code.runtimebroker.ToolExecutionRecord@2d72f75e
1790844772246	3	dispatch lease of d135a80e-ad75-492d-abe7-84fab7cfad23 lapsed	REJECT	com.alibaba.qwen.code.runtimebroker.ToolExecutionRecord@16afbd92
1790844772302	3	dispatch lease of d135a80e-ad75-492d-abe7-84fab7cfad23 lapsed	REJECT	com.alibaba.qwen.code.runtimebroker.ToolExecutionRecord@23c388c2
1790844772358	3	dispatch lease of d135a80e-ad75-492d-abe7-84fab7cfad23 lapsed	REJECT	com.alibaba.qwen.code.runtimebroker.ToolExecutionRecord@74f7d1d2
1790844772414	3	dispatch lease of d135a80e-ad75-492d-abe7-84fab7cfad23 lapsed	REJECT	com.alibaba.qwen.code.runtimebroker.ToolExecutionRecord@5a62b2a4
1790844772471	3	dispatch lease of d135a80e-ad75-492d-abe7-84fab7cfad23 lapsed	REJECT	com.alibaba.qwen.code.runtimebroker.ToolExecutionRecord@620aa4ea
1790844772527	3	dispatch lease of d135a80e-ad75-492d-abe7-84fab7cfad23 lapsed	REJECT	com.alibaba.qwen.code.runtimebroker.ToolExecutionRecord@4d411036
1790844772583	3	dispatch lease of d135a80e-ad75-492d-abe7-84fab7cfad23 lapsed	REJECT	com.alibaba.qwen.code.runtimebroker.ToolExecutionRecord@560513ce
1790844772638	3	dispatch lease of d135a80e-ad75-492d-abe7-84fab7cfad23 lapsed	REJECT	com.alibaba.qwen.code.runtimebroker.ToolExecutionRecord@352c308
1790844772694	3	dispatch lease of d135a80e-ad75-492d-abe7-84fab7cfad23 lapsed	REJECT	com.alibaba.qwen.code.runtimebroker.ToolExecutionRecord@5dda6f9
1790844772751	3	dispatch lease of d135a80e-ad75-492d-abe7-84fab7cfad23 lapsed	REJECT	com.alibaba.qwen.code.runtimebroker.ToolExecutionRecord@677dbd89
1790844772806	3	dispatch lease of d135a80e-ad75-492d-abe7-84fab7cfad23 lapsed	REJECT	com.alibaba.qwen.code.runtimebroker.ToolExecutionRecord@263f04ca
1790844772862	3	dispatch lease of d135a80e-ad75-492d-abe7-84fab7cfad23 lapsed	REJECT	com.alibaba.qwen.code.runtimebroker.ToolExecutionRecord@51768776
1790844772918	3	dispatch lease of d135a80e-ad75-492d-abe7-84fab7cfad23 lapsed	REJECT	com.alibaba.qwen.code.runtimebroker.ToolExecutionRecord@4a9419d7
1790844772975	3	dispatch lease of d135a80e-ad75-492d-abe7-84fab7cfad23 lapsed	REJECT	com.alibaba.qwen.code.runtimebroker.ToolExecutionRecord@67af833b
1790844773031	3	dispatch lease of d135a80e-ad75-492d-abe7-84fab7cfad23 lapsed	ACCEPT	com.alibaba.qwen.code.runtimebroker.ToolExecutionRecord@3a0807b7
1790844785350	3	marker = [start]	ACCEPT	[start]
1790844795097	3	marker = [start, end]	ACCEPT	[start, end]
1790844802172	3	startup adoption	ACCEPT	Reply[ok=true, value={"bindingId":"e36868db-a552-48aa-bdc1-8b060ec2f461","generation":1,"state":"READY"}, status=0, code=null, retryable=false, message=null]
1790844810798	3	startup adoption	REJECT	Reply[ok=false, value=null, status=503, code=runtime_provisioning_in_progress, retryable=true, message=another Broker owns Runtime provisioning]
1790844813430	3	startup adoption	ACCEPT	Reply[ok=true, value={"bindingId":"8309ab7d-e8c5-4abd-a307-e08289450048","generation":1,"state":"READY"}, status=0, code=null, retryable=false, message=null]
1790844826830	3	marker = [start]	ACCEPT	[start]
1790844833623	3	original worker loss after recovery fencing	ACCEPT	Reply[ok=false, value=null, status=503, code=runtime_broker_runtime_lost, retryable=true, message=Runtime is lost; recovery requires complete evidence and cleanup]
1790844843458	3	project/marker = [start]	ACCEPT	[start]
1790844850261	3	original worker loss after recovery fencing	ACCEPT	Reply[ok=false, value=null, status=503, code=runtime_broker_runtime_lost, retryable=true, message=Runtime is lost; recovery requires complete evidence and cleanup]
1790844876839	3	marker = [start]	ACCEPT	[start]
1790844889613	3	project/marker = [start]	ACCEPT	[start]
1790844902297	3	dispatch lease of e7f0b1c4-edb9-4561-bc8c-c8ef19ef9d20 lapsed	REJECT	com.alibaba.qwen.code.runtimebroker.ToolExecutionRecord@285f09de
1790844902353	3	dispatch lease of e7f0b1c4-edb9-4561-bc8c-c8ef19ef9d20 lapsed	REJECT	com.alibaba.qwen.code.runtimebroker.ToolExecutionRecord@1827a871
1790844902410	3	dispatch lease of e7f0b1c4-edb9-4561-bc8c-c8ef19ef9d20 lapsed	REJECT	com.alibaba.qwen.code.runtimebroker.ToolExecutionRecord@4362d7df
1790844902465	3	dispatch lease of e7f0b1c4-edb9-4561-bc8c-c8ef19ef9d20 lapsed	REJECT	com.alibaba.qwen.code.runtimebroker.ToolExecutionRecord@200606de
1790844902521	3	dispatch lease of e7f0b1c4-edb9-4561-bc8c-c8ef19ef9d20 lapsed	REJECT	com.alibaba.qwen.code.runtimebroker.ToolExecutionRecord@3e587920
1790844902576	3	dispatch lease of e7f0b1c4-edb9-4561-bc8c-c8ef19ef9d20 lapsed	REJECT	com.alibaba.qwen.code.runtimebroker.ToolExecutionRecord@63fd4873
1790844902633	3	dispatch lease of e7f0b1c4-edb9-4561-bc8c-c8ef19ef9d20 lapsed	REJECT	com.alibaba.qwen.code.runtimebroker.ToolExecutionRecord@70e0accd
1790844902688	3	dispatch lease of e7f0b1c4-edb9-4561-bc8c-c8ef19ef9d20 lapsed	REJECT	com.alibaba.qwen.code.runtimebroker.ToolExecutionRecord@3aacf32a
1790844902743	3	dispatch lease of e7f0b1c4-edb9-4561-bc8c-c8ef19ef9d20 lapsed	REJECT	com.alibaba.qwen.code.runtimebroker.ToolExecutionRecord@5be82d43
1790844902799	3	dispatch lease of e7f0b1c4-edb9-4561-bc8c-c8ef19ef9d20 lapsed	REJECT	com.alibaba.qwen.code.runtimebroker.ToolExecutionRecord@5ea502e0
1790844902854	3	dispatch lease of e7f0b1c4-edb9-4561-bc8c-c8ef19ef9d20 lapsed	REJECT	com.alibaba.qwen.code.runtimebroker.ToolExecutionRecord@1734f68
1790844902911	3	dispatch lease of e7f0b1c4-edb9-4561-bc8c-c8ef19ef9d20 lapsed	REJECT	com.alibaba.qwen.code.runtimebroker.ToolExecutionRecord@402f80f5
1790844902966	3	dispatch lease of e7f0b1c4-edb9-4561-bc8c-c8ef19ef9d20 lapsed	REJECT	com.alibaba.qwen.code.runtimebroker.ToolExecutionRecord@41382722
1790844903022	3	dispatch lease of e7f0b1c4-edb9-4561-bc8c-c8ef19ef9d20 lapsed	REJECT	com.alibaba.qwen.code.runtimebroker.ToolExecutionRecord@2102a4d5
1790844903077	3	dispatch lease of e7f0b1c4-edb9-4561-bc8c-c8ef19ef9d20 lapsed	REJECT	com.alibaba.qwen.code.runtimebroker.ToolExecutionRecord@65f87a2c
1790844903133	3	dispatch lease of e7f0b1c4-edb9-4561-bc8c-c8ef19ef9d20 lapsed	REJECT	com.alibaba.qwen.code.runtimebroker.ToolExecutionRecord@38875e7d
1790844903189	3	dispatch lease of e7f0b1c4-edb9-4561-bc8c-c8ef19ef9d20 lapsed	REJECT	com.alibaba.qwen.code.runtimebroker.ToolExecutionRecord@6e33c391
1790844903244	3	dispatch lease of e7f0b1c4-edb9-4561-bc8c-c8ef19ef9d20 lapsed	REJECT	com.alibaba.qwen.code.runtimebroker.ToolExecutionRecord@372b0d86
1790844903300	3	dispatch lease of e7f0b1c4-edb9-4561-bc8c-c8ef19ef9d20 lapsed	REJECT	com.alibaba.qwen.code.runtimebroker.ToolExecutionRecord@213e3629
1790844903355	3	dispatch lease of e7f0b1c4-edb9-4561-bc8c-c8ef19ef9d20 lapsed	REJECT	com.alibaba.qwen.code.runtimebroker.ToolExecutionRecord@20312893
1790844903412	3	dispatch lease of e7f0b1c4-edb9-4561-bc8c-c8ef19ef9d20 lapsed	REJECT	com.alibaba.qwen.code.runtimebroker.ToolExecutionRecord@7db0565c
1790844903467	3	dispatch lease of e7f0b1c4-edb9-4561-bc8c-c8ef19ef9d20 lapsed	REJECT	com.alibaba.qwen.code.runtimebroker.ToolExecutionRecord@5528a42c
1790844903523	3	dispatch lease of e7f0b1c4-edb9-4561-bc8c-c8ef19ef9d20 lapsed	REJECT	com.alibaba.qwen.code.runtimebroker.ToolExecutionRecord@1edb61b1
1790844903578	3	dispatch lease of e7f0b1c4-edb9-4561-bc8c-c8ef19ef9d20 lapsed	REJECT	com.alibaba.qwen.code.runtimebroker.ToolExecutionRecord@6cc0bcf6
1790844903634	3	dispatch lease of e7f0b1c4-edb9-4561-bc8c-c8ef19ef9d20 lapsed	REJECT	com.alibaba.qwen.code.runtimebroker.ToolExecutionRecord@f5c79a6
1790844903690	3	dispatch lease of e7f0b1c4-edb9-4561-bc8c-c8ef19ef9d20 lapsed	REJECT	com.alibaba.qwen.code.runtimebroker.ToolExecutionRecord@51a06cbe
1790844903745	3	dispatch lease of e7f0b1c4-edb9-4561-bc8c-c8ef19ef9d20 lapsed	REJECT	com.alibaba.qwen.code.runtimebroker.ToolExecutionRecord@344561e0
1790844903800	3	dispatch lease of e7f0b1c4-edb9-4561-bc8c-c8ef19ef9d20 lapsed	REJECT	com.alibaba.qwen.code.runtimebroker.ToolExecutionRecord@4d9d1b69
1790844903856	3	dispatch lease of e7f0b1c4-edb9-4561-bc8c-c8ef19ef9d20 lapsed	REJECT	com.alibaba.qwen.code.runtimebroker.ToolExecutionRecord@77b21474
1790844903912	3	dispatch lease of e7f0b1c4-edb9-4561-bc8c-c8ef19ef9d20 lapsed	REJECT	com.alibaba.qwen.code.runtimebroker.ToolExecutionRecord@1fe8d51b
1790844903968	3	dispatch lease of e7f0b1c4-edb9-4561-bc8c-c8ef19ef9d20 lapsed	REJECT	com.alibaba.qwen.code.runtimebroker.ToolExecutionRecord@60d84f61
1790844904023	3	dispatch lease of e7f0b1c4-edb9-4561-bc8c-c8ef19ef9d20 lapsed	REJECT	com.alibaba.qwen.code.runtimebroker.ToolExecutionRecord@503d56b5
1790844904078	3	dispatch lease of e7f0b1c4-edb9-4561-bc8c-c8ef19ef9d20 lapsed	REJECT	com.alibaba.qwen.code.runtimebroker.ToolExecutionRecord@1fc793c2
1790844904134	3	dispatch lease of e7f0b1c4-edb9-4561-bc8c-c8ef19ef9d20 lapsed	REJECT	com.alibaba.qwen.code.runtimebroker.ToolExecutionRecord@ecf9fb3
1790844904190	3	dispatch lease of e7f0b1c4-edb9-4561-bc8c-c8ef19ef9d20 lapsed	REJECT	com.alibaba.qwen.code.runtimebroker.ToolExecutionRecord@4593ff34
1790844904245	3	dispatch lease of e7f0b1c4-edb9-4561-bc8c-c8ef19ef9d20 lapsed	REJECT	com.alibaba.qwen.code.runtimebroker.ToolExecutionRecord@581d969c
1790844904301	3	dispatch lease of e7f0b1c4-edb9-4561-bc8c-c8ef19ef9d20 lapsed	REJECT	com.alibaba.qwen.code.runtimebroker.ToolExecutionRecord@1d572e62
1790844904356	3	dispatch lease of e7f0b1c4-edb9-4561-bc8c-c8ef19ef9d20 lapsed	REJECT	com.alibaba.qwen.code.runtimebroker.ToolExecutionRecord@5851bd4f
1790844904412	3	dispatch lease of e7f0b1c4-edb9-4561-bc8c-c8ef19ef9d20 lapsed	REJECT	com.alibaba.qwen.code.runtimebroker.ToolExecutionRecord@3caa4757
1790844904467	3	dispatch lease of e7f0b1c4-edb9-4561-bc8c-c8ef19ef9d20 lapsed	REJECT	com.alibaba.qwen.code.runtimebroker.ToolExecutionRecord@3a80515c
1790844904522	3	dispatch lease of e7f0b1c4-edb9-4561-bc8c-c8ef19ef9d20 lapsed	REJECT	com.alibaba.qwen.code.runtimebroker.ToolExecutionRecord@238b521e
1790844904577	3	dispatch lease of e7f0b1c4-edb9-4561-bc8c-c8ef19ef9d20 lapsed	REJECT	com.alibaba.qwen.code.runtimebroker.ToolExecutionRecord@21680803
1790844904633	3	dispatch lease of e7f0b1c4-edb9-4561-bc8c-c8ef19ef9d20 lapsed	REJECT	com.alibaba.qwen.code.runtimebroker.ToolExecutionRecord@4cc61eb1
1790844904688	3	dispatch lease of e7f0b1c4-edb9-4561-bc8c-c8ef19ef9d20 lapsed	REJECT	com.alibaba.qwen.code.runtimebroker.ToolExecutionRecord@7048f722
1790844904743	3	dispatch lease of e7f0b1c4-edb9-4561-bc8c-c8ef19ef9d20 lapsed	REJECT	com.alibaba.qwen.code.runtimebroker.ToolExecutionRecord@5949eba8
1790844904798	3	dispatch lease of e7f0b1c4-edb9-4561-bc8c-c8ef19ef9d20 lapsed	REJECT	com.alibaba.qwen.code.runtimebroker.ToolExecutionRecord@2a2bb0eb
1790844904853	3	dispatch lease of e7f0b1c4-edb9-4561-bc8c-c8ef19ef9d20 lapsed	REJECT	com.alibaba.qwen.code.runtimebroker.ToolExecutionRecord@733037
1790844904909	3	dispatch lease of e7f0b1c4-edb9-4561-bc8c-c8ef19ef9d20 lapsed	REJECT	com.alibaba.qwen.code.runtimebroker.ToolExecutionRecord@5167268
1790844904964	3	dispatch lease of e7f0b1c4-edb9-4561-bc8c-c8ef19ef9d20 lapsed	REJECT	com.alibaba.qwen.code.runtimebroker.ToolExecutionRecord@2c444798
1790844905019	3	dispatch lease of e7f0b1c4-edb9-4561-bc8c-c8ef19ef9d20 lapsed	ACCEPT	com.alibaba.qwen.code.runtimebroker.ToolExecutionRecord@436390f4
1790844917546	3	dispatch lease of f49a6b05-24aa-4574-a46e-ac78228a8619 lapsed	REJECT	com.alibaba.qwen.code.runtimebroker.ToolExecutionRecord@29d2d081
1790844917602	3	dispatch lease of f49a6b05-24aa-4574-a46e-ac78228a8619 lapsed	REJECT	com.alibaba.qwen.code.runtimebroker.ToolExecutionRecord@3a7b503d
1790844917657	3	dispatch lease of f49a6b05-24aa-4574-a46e-ac78228a8619 lapsed	REJECT	com.alibaba.qwen.code.runtimebroker.ToolExecutionRecord@7bdf6bb7
1790844917712	3	dispatch lease of f49a6b05-24aa-4574-a46e-ac78228a8619 lapsed	REJECT	com.alibaba.qwen.code.runtimebroker.ToolExecutionRecord@47d93e0d
1790844917769	3	dispatch lease of f49a6b05-24aa-4574-a46e-ac78228a8619 lapsed	REJECT	com.alibaba.qwen.code.runtimebroker.ToolExecutionRecord@160c3ec1
1790844917824	3	dispatch lease of f49a6b05-24aa-4574-a46e-ac78228a8619 lapsed	REJECT	com.alibaba.qwen.code.runtimebroker.ToolExecutionRecord@2fa7ae9
1790844917879	3	dispatch lease of f49a6b05-24aa-4574-a46e-ac78228a8619 lapsed	REJECT	com.alibaba.qwen.code.runtimebroker.ToolExecutionRecord@3153ddfc
1790844917934	3	dispatch lease of f49a6b05-24aa-4574-a46e-ac78228a8619 lapsed	REJECT	com.alibaba.qwen.code.runtimebroker.ToolExecutionRecord@3f2049b6
1790844917990	3	dispatch lease of f49a6b05-24aa-4574-a46e-ac78228a8619 lapsed	REJECT	com.alibaba.qwen.code.runtimebroker.ToolExecutionRecord@33a2499c
1790844918045	3	dispatch lease of f49a6b05-24aa-4574-a46e-ac78228a8619 lapsed	REJECT	com.alibaba.qwen.code.runtimebroker.ToolExecutionRecord@1dfd5f51
1790844918100	3	dispatch lease of f49a6b05-24aa-4574-a46e-ac78228a8619 lapsed	REJECT	com.alibaba.qwen.code.runtimebroker.ToolExecutionRecord@3abd581e
1790844918155	3	dispatch lease of f49a6b05-24aa-4574-a46e-ac78228a8619 lapsed	REJECT	com.alibaba.qwen.code.runtimebroker.ToolExecutionRecord@6f0628de
1790844918210	3	dispatch lease of f49a6b05-24aa-4574-a46e-ac78228a8619 lapsed	REJECT	com.alibaba.qwen.code.runtimebroker.ToolExecutionRecord@12f3afb5
1790844918267	3	dispatch lease of f49a6b05-24aa-4574-a46e-ac78228a8619 lapsed	REJECT	com.alibaba.qwen.code.runtimebroker.ToolExecutionRecord@7bd69e82
1790844918322	3	dispatch lease of f49a6b05-24aa-4574-a46e-ac78228a8619 lapsed	REJECT	com.alibaba.qwen.code.runtimebroker.ToolExecutionRecord@6831d8fd
1790844918377	3	dispatch lease of f49a6b05-24aa-4574-a46e-ac78228a8619 lapsed	REJECT	com.alibaba.qwen.code.runtimebroker.ToolExecutionRecord@3aaf4f07
1790844918432	3	dispatch lease of f49a6b05-24aa-4574-a46e-ac78228a8619 lapsed	REJECT	com.alibaba.qwen.code.runtimebroker.ToolExecutionRecord@5a2f016d
1790844918489	3	dispatch lease of f49a6b05-24aa-4574-a46e-ac78228a8619 lapsed	REJECT	com.alibaba.qwen.code.runtimebroker.ToolExecutionRecord@6058e535
1790844918554	3	dispatch lease of f49a6b05-24aa-4574-a46e-ac78228a8619 lapsed	REJECT	com.alibaba.qwen.code.runtimebroker.ToolExecutionRecord@3bb9efbc
1790844918609	3	dispatch lease of f49a6b05-24aa-4574-a46e-ac78228a8619 lapsed	REJECT	com.alibaba.qwen.code.runtimebroker.ToolExecutionRecord@6f6a7463
1790844918665	3	dispatch lease of f49a6b05-24aa-4574-a46e-ac78228a8619 lapsed	REJECT	com.alibaba.qwen.code.runtimebroker.ToolExecutionRecord@6ca320ab
1790844918720	3	dispatch lease of f49a6b05-24aa-4574-a46e-ac78228a8619 lapsed	REJECT	com.alibaba.qwen.code.runtimebroker.ToolExecutionRecord@7674a051
1790844918777	3	dispatch lease of f49a6b05-24aa-4574-a46e-ac78228a8619 lapsed	REJECT	com.alibaba.qwen.code.runtimebroker.ToolExecutionRecord@619bd14c
1790844918832	3	dispatch lease of f49a6b05-24aa-4574-a46e-ac78228a8619 lapsed	REJECT	com.alibaba.qwen.code.runtimebroker.ToolExecutionRecord@4acf72b6
1790844918888	3	dispatch lease of f49a6b05-24aa-4574-a46e-ac78228a8619 lapsed	REJECT	com.alibaba.qwen.code.runtimebroker.ToolExecutionRecord@24b52d3e
1790844918943	3	dispatch lease of f49a6b05-24aa-4574-a46e-ac78228a8619 lapsed	REJECT	com.alibaba.qwen.code.runtimebroker.ToolExecutionRecord@57a4d5ee
1790844919000	3	dispatch lease of f49a6b05-24aa-4574-a46e-ac78228a8619 lapsed	REJECT	com.alibaba.qwen.code.runtimebroker.ToolExecutionRecord@36dce7ed
1790844919055	3	dispatch lease of f49a6b05-24aa-4574-a46e-ac78228a8619 lapsed	REJECT	com.alibaba.qwen.code.runtimebroker.ToolExecutionRecord@27a0a5a2
1790844919111	3	dispatch lease of f49a6b05-24aa-4574-a46e-ac78228a8619 lapsed	REJECT	com.alibaba.qwen.code.runtimebroker.ToolExecutionRecord@32c0915e
1790844919176	3	dispatch lease of f49a6b05-24aa-4574-a46e-ac78228a8619 lapsed	REJECT	com.alibaba.qwen.code.runtimebroker.ToolExecutionRecord@26d10f2e
1790844919231	3	dispatch lease of f49a6b05-24aa-4574-a46e-ac78228a8619 lapsed	REJECT	com.alibaba.qwen.code.runtimebroker.ToolExecutionRecord@2c282004
1790844919288	3	dispatch lease of f49a6b05-24aa-4574-a46e-ac78228a8619 lapsed	REJECT	com.alibaba.qwen.code.runtimebroker.ToolExecutionRecord@3e792ce3
1790844919344	3	dispatch lease of f49a6b05-24aa-4574-a46e-ac78228a8619 lapsed	REJECT	com.alibaba.qwen.code.runtimebroker.ToolExecutionRecord@3c1e3314
1790844919399	3	dispatch lease of f49a6b05-24aa-4574-a46e-ac78228a8619 lapsed	REJECT	com.alibaba.qwen.code.runtimebroker.ToolExecutionRecord@54a3ab8f
1790844919454	3	dispatch lease of f49a6b05-24aa-4574-a46e-ac78228a8619 lapsed	REJECT	com.alibaba.qwen.code.runtimebroker.ToolExecutionRecord@19868320
1790844919510	3	dispatch lease of f49a6b05-24aa-4574-a46e-ac78228a8619 lapsed	REJECT	com.alibaba.qwen.code.runtimebroker.ToolExecutionRecord@13c612bd
1790844919566	3	dispatch lease of f49a6b05-24aa-4574-a46e-ac78228a8619 lapsed	REJECT	com.alibaba.qwen.code.runtimebroker.ToolExecutionRecord@622ef26a
1790844919621	3	dispatch lease of f49a6b05-24aa-4574-a46e-ac78228a8619 lapsed	REJECT	com.alibaba.qwen.code.runtimebroker.ToolExecutionRecord@28fa700e
1790844919676	3	dispatch lease of f49a6b05-24aa-4574-a46e-ac78228a8619 lapsed	REJECT	com.alibaba.qwen.code.runtimebroker.ToolExecutionRecord@6a175569
1790844919732	3	dispatch lease of f49a6b05-24aa-4574-a46e-ac78228a8619 lapsed	REJECT	com.alibaba.qwen.code.runtimebroker.ToolExecutionRecord@11ee02f8
1790844919787	3	dispatch lease of f49a6b05-24aa-4574-a46e-ac78228a8619 lapsed	REJECT	com.alibaba.qwen.code.runtimebroker.ToolExecutionRecord@3a71c100
1790844919842	3	dispatch lease of f49a6b05-24aa-4574-a46e-ac78228a8619 lapsed	REJECT	com.alibaba.qwen.code.runtimebroker.ToolExecutionRecord@437e951d
1790844919898	3	dispatch lease of f49a6b05-24aa-4574-a46e-ac78228a8619 lapsed	REJECT	com.alibaba.qwen.code.runtimebroker.ToolExecutionRecord@7e8e8651
1790844919953	3	dispatch lease of f49a6b05-24aa-4574-a46e-ac78228a8619 lapsed	REJECT	com.alibaba.qwen.code.runtimebroker.ToolExecutionRecord@6bd51ed8
1790844920009	3	dispatch lease of f49a6b05-24aa-4574-a46e-ac78228a8619 lapsed	ACCEPT	com.alibaba.qwen.code.runtimebroker.ToolExecutionRecord@eadb475
