1790842998816	1	escaped writer pid	ACCEPT	true
1790842998826	1	escaped writer output	ACCEPT	true
1790843006454	1	original worker loss after recovery fencing	ACCEPT	Reply[ok=false, value=null, status=503, code=runtime_broker_runtime_lost, retryable=true, message=Runtime is lost; recovery requires complete evidence and cleanup]
1790843006521	1	escaped writer continues after loss; the physical pin must remain	REJECT	156
1790843006571	1	escaped writer continues after loss; the physical pin must remain	ACCEPT	157
1790843016609	1	escaped writer pid	ACCEPT	true
1790843016615	1	escaped writer output	ACCEPT	true
1790843024205	1	original worker loss after recovery fencing	ACCEPT	Reply[ok=false, value=null, status=503, code=runtime_broker_runtime_lost, retryable=true, message=Runtime is lost; recovery requires complete evidence and cleanup]
1790843024226	1	escaped writer continues after loss; the physical pin must remain	REJECT	154
1790843024276	1	escaped writer continues after loss; the physical pin must remain	ACCEPT	155
1790843034409	1	marker = [start]	ACCEPT	[start]
1790843034446	1	UNKNOWN execution	REJECT	com.alibaba.qwen.code.runtimebroker.ToolExecutionRecord@2552f2cb
1790843034498	1	UNKNOWN execution	REJECT	com.alibaba.qwen.code.runtimebroker.ToolExecutionRecord@5f3b9c57
1790843034550	1	UNKNOWN execution	REJECT	com.alibaba.qwen.code.runtimebroker.ToolExecutionRecord@3624da92
1790843034603	1	UNKNOWN execution	REJECT	com.alibaba.qwen.code.runtimebroker.ToolExecutionRecord@94f6bfb
1790843034655	1	UNKNOWN execution	REJECT	com.alibaba.qwen.code.runtimebroker.ToolExecutionRecord@2484f433
1790843034708	1	UNKNOWN execution	REJECT	com.alibaba.qwen.code.runtimebroker.ToolExecutionRecord@1255b1d1
1790843034760	1	UNKNOWN execution	REJECT	com.alibaba.qwen.code.runtimebroker.ToolExecutionRecord@7c22d4f
1790843034812	1	UNKNOWN execution	REJECT	com.alibaba.qwen.code.runtimebroker.ToolExecutionRecord@60bdf15d
1790843034864	1	UNKNOWN execution	REJECT	com.alibaba.qwen.code.runtimebroker.ToolExecutionRecord@51e4ccb3
1790843034917	1	UNKNOWN execution	REJECT	com.alibaba.qwen.code.runtimebroker.ToolExecutionRecord@495083a0
1790843034970	1	UNKNOWN execution	ACCEPT	com.alibaba.qwen.code.runtimebroker.ToolExecutionRecord@28a0fd6c
1790843056391	1	marker = [start]	ACCEPT	[start]
1790843063653	1	original Runtime loss after recovery fencing	ACCEPT	Reply[ok=false, value=null, status=503, code=runtime_broker_runtime_lost, retryable=true, message=Runtime is lost; recovery requires complete evidence and cleanup]
1790843083457	1	dispatch lease of cf5716c5-a303-486b-a927-2711aba7d514 lapsed	REJECT	com.alibaba.qwen.code.runtimebroker.ToolExecutionRecord@6d8792db
1790843083514	1	dispatch lease of cf5716c5-a303-486b-a927-2711aba7d514 lapsed	REJECT	com.alibaba.qwen.code.runtimebroker.ToolExecutionRecord@5d25e6bb
1790843083574	1	dispatch lease of cf5716c5-a303-486b-a927-2711aba7d514 lapsed	REJECT	com.alibaba.qwen.code.runtimebroker.ToolExecutionRecord@2f162cc0
1790843083631	1	dispatch lease of cf5716c5-a303-486b-a927-2711aba7d514 lapsed	REJECT	com.alibaba.qwen.code.runtimebroker.ToolExecutionRecord@7f69d591
1790843083688	1	dispatch lease of cf5716c5-a303-486b-a927-2711aba7d514 lapsed	REJECT	com.alibaba.qwen.code.runtimebroker.ToolExecutionRecord@403132fc
1790843083745	1	dispatch lease of cf5716c5-a303-486b-a927-2711aba7d514 lapsed	REJECT	com.alibaba.qwen.code.runtimebroker.ToolExecutionRecord@2f7a7219
1790843083802	1	dispatch lease of cf5716c5-a303-486b-a927-2711aba7d514 lapsed	REJECT	com.alibaba.qwen.code.runtimebroker.ToolExecutionRecord@4a8a60bc
1790843083861	1	dispatch lease of cf5716c5-a303-486b-a927-2711aba7d514 lapsed	REJECT	com.alibaba.qwen.code.runtimebroker.ToolExecutionRecord@285d851a
1790843083917	1	dispatch lease of cf5716c5-a303-486b-a927-2711aba7d514 lapsed	REJECT	com.alibaba.qwen.code.runtimebroker.ToolExecutionRecord@5118388b
1790843083975	1	dispatch lease of cf5716c5-a303-486b-a927-2711aba7d514 lapsed	REJECT	com.alibaba.qwen.code.runtimebroker.ToolExecutionRecord@4a3e3e8b
1790843084032	1	dispatch lease of cf5716c5-a303-486b-a927-2711aba7d514 lapsed	REJECT	com.alibaba.qwen.code.runtimebroker.ToolExecutionRecord@4985cbcb
1790843084089	1	dispatch lease of cf5716c5-a303-486b-a927-2711aba7d514 lapsed	REJECT	com.alibaba.qwen.code.runtimebroker.ToolExecutionRecord@332a7fce
1790843084148	1	dispatch lease of cf5716c5-a303-486b-a927-2711aba7d514 lapsed	REJECT	com.alibaba.qwen.code.runtimebroker.ToolExecutionRecord@32232e55
1790843084205	1	dispatch lease of cf5716c5-a303-486b-a927-2711aba7d514 lapsed	REJECT	com.alibaba.qwen.code.runtimebroker.ToolExecutionRecord@293bb8a5
1790843084262	1	dispatch lease of cf5716c5-a303-486b-a927-2711aba7d514 lapsed	REJECT	com.alibaba.qwen.code.runtimebroker.ToolExecutionRecord@6e9319f
1790843084319	1	dispatch lease of cf5716c5-a303-486b-a927-2711aba7d514 lapsed	REJECT	com.alibaba.qwen.code.runtimebroker.ToolExecutionRecord@389adf1d
1790843084376	1	dispatch lease of cf5716c5-a303-486b-a927-2711aba7d514 lapsed	REJECT	com.alibaba.qwen.code.runtimebroker.ToolExecutionRecord@290b1b2e
1790843084434	1	dispatch lease of cf5716c5-a303-486b-a927-2711aba7d514 lapsed	REJECT	com.alibaba.qwen.code.runtimebroker.ToolExecutionRecord@2c177f9e
1790843084491	1	dispatch lease of cf5716c5-a303-486b-a927-2711aba7d514 lapsed	REJECT	com.alibaba.qwen.code.runtimebroker.ToolExecutionRecord@18e7143f
1790843084547	1	dispatch lease of cf5716c5-a303-486b-a927-2711aba7d514 lapsed	REJECT	com.alibaba.qwen.code.runtimebroker.ToolExecutionRecord@6fefce9e
1790843084604	1	dispatch lease of cf5716c5-a303-486b-a927-2711aba7d514 lapsed	REJECT	com.alibaba.qwen.code.runtimebroker.ToolExecutionRecord@192f2f27
1790843084661	1	dispatch lease of cf5716c5-a303-486b-a927-2711aba7d514 lapsed	REJECT	com.alibaba.qwen.code.runtimebroker.ToolExecutionRecord@6b5176f2
1790843084719	1	dispatch lease of cf5716c5-a303-486b-a927-2711aba7d514 lapsed	REJECT	com.alibaba.qwen.code.runtimebroker.ToolExecutionRecord@ec0c838
1790843084776	1	dispatch lease of cf5716c5-a303-486b-a927-2711aba7d514 lapsed	REJECT	com.alibaba.qwen.code.runtimebroker.ToolExecutionRecord@29cfd92b
1790843084832	1	dispatch lease of cf5716c5-a303-486b-a927-2711aba7d514 lapsed	REJECT	com.alibaba.qwen.code.runtimebroker.ToolExecutionRecord@11dee337
1790843084888	1	dispatch lease of cf5716c5-a303-486b-a927-2711aba7d514 lapsed	REJECT	com.alibaba.qwen.code.runtimebroker.ToolExecutionRecord@11acdc30
1790843084945	1	dispatch lease of cf5716c5-a303-486b-a927-2711aba7d514 lapsed	REJECT	com.alibaba.qwen.code.runtimebroker.ToolExecutionRecord@1922e6d
1790843085001	1	dispatch lease of cf5716c5-a303-486b-a927-2711aba7d514 lapsed	REJECT	com.alibaba.qwen.code.runtimebroker.ToolExecutionRecord@74bdc168
1790843085058	1	dispatch lease of cf5716c5-a303-486b-a927-2711aba7d514 lapsed	REJECT	com.alibaba.qwen.code.runtimebroker.ToolExecutionRecord@611f8234
1790843085115	1	dispatch lease of cf5716c5-a303-486b-a927-2711aba7d514 lapsed	REJECT	com.alibaba.qwen.code.runtimebroker.ToolExecutionRecord@7f811d00
1790843085171	1	dispatch lease of cf5716c5-a303-486b-a927-2711aba7d514 lapsed	REJECT	com.alibaba.qwen.code.runtimebroker.ToolExecutionRecord@f19c9d2
1790843085228	1	dispatch lease of cf5716c5-a303-486b-a927-2711aba7d514 lapsed	REJECT	com.alibaba.qwen.code.runtimebroker.ToolExecutionRecord@4b6166aa
1790843085285	1	dispatch lease of cf5716c5-a303-486b-a927-2711aba7d514 lapsed	REJECT	com.alibaba.qwen.code.runtimebroker.ToolExecutionRecord@4a067c25
1790843085341	1	dispatch lease of cf5716c5-a303-486b-a927-2711aba7d514 lapsed	REJECT	com.alibaba.qwen.code.runtimebroker.ToolExecutionRecord@523424b5
1790843085397	1	dispatch lease of cf5716c5-a303-486b-a927-2711aba7d514 lapsed	REJECT	com.alibaba.qwen.code.runtimebroker.ToolExecutionRecord@791cbf87
1790843085453	1	dispatch lease of cf5716c5-a303-486b-a927-2711aba7d514 lapsed	REJECT	com.alibaba.qwen.code.runtimebroker.ToolExecutionRecord@2b52c0d6
1790843085509	1	dispatch lease of cf5716c5-a303-486b-a927-2711aba7d514 lapsed	REJECT	com.alibaba.qwen.code.runtimebroker.ToolExecutionRecord@2f08c4b
1790843085566	1	dispatch lease of cf5716c5-a303-486b-a927-2711aba7d514 lapsed	REJECT	com.alibaba.qwen.code.runtimebroker.ToolExecutionRecord@a486d78
1790843085623	1	dispatch lease of cf5716c5-a303-486b-a927-2711aba7d514 lapsed	REJECT	com.alibaba.qwen.code.runtimebroker.ToolExecutionRecord@5dcbb60
1790843085678	1	dispatch lease of cf5716c5-a303-486b-a927-2711aba7d514 lapsed	REJECT	com.alibaba.qwen.code.runtimebroker.ToolExecutionRecord@49f5c307
1790843085734	1	dispatch lease of cf5716c5-a303-486b-a927-2711aba7d514 lapsed	REJECT	com.alibaba.qwen.code.runtimebroker.ToolExecutionRecord@66ea1466
1790843085791	1	dispatch lease of cf5716c5-a303-486b-a927-2711aba7d514 lapsed	REJECT	com.alibaba.qwen.code.runtimebroker.ToolExecutionRecord@66971f6b
1790843085848	1	dispatch lease of cf5716c5-a303-486b-a927-2711aba7d514 lapsed	REJECT	com.alibaba.qwen.code.runtimebroker.ToolExecutionRecord@142eef62
1790843085904	1	dispatch lease of cf5716c5-a303-486b-a927-2711aba7d514 lapsed	REJECT	com.alibaba.qwen.code.runtimebroker.ToolExecutionRecord@56e07a08
1790843085961	1	dispatch lease of cf5716c5-a303-486b-a927-2711aba7d514 lapsed	REJECT	com.alibaba.qwen.code.runtimebroker.ToolExecutionRecord@47289387
1790843086018	1	dispatch lease of cf5716c5-a303-486b-a927-2711aba7d514 lapsed	ACCEPT	com.alibaba.qwen.code.runtimebroker.ToolExecutionRecord@f415a95
1790843106395	1	marker = [start]	ACCEPT	[start]
1790843106753	1	dispatch lease of de3ad55a-c89d-4ec8-88b1-069a043cfb6d lapsed	REJECT	com.alibaba.qwen.code.runtimebroker.ToolExecutionRecord@7caa550
1790843106814	1	dispatch lease of de3ad55a-c89d-4ec8-88b1-069a043cfb6d lapsed	REJECT	com.alibaba.qwen.code.runtimebroker.ToolExecutionRecord@22c86919
1790843106882	1	dispatch lease of de3ad55a-c89d-4ec8-88b1-069a043cfb6d lapsed	REJECT	com.alibaba.qwen.code.runtimebroker.ToolExecutionRecord@62417a16
1790843106943	1	dispatch lease of de3ad55a-c89d-4ec8-88b1-069a043cfb6d lapsed	REJECT	com.alibaba.qwen.code.runtimebroker.ToolExecutionRecord@6ea1bcdc
1790843107003	1	dispatch lease of de3ad55a-c89d-4ec8-88b1-069a043cfb6d lapsed	REJECT	com.alibaba.qwen.code.runtimebroker.ToolExecutionRecord@53499d85
1790843107069	1	dispatch lease of de3ad55a-c89d-4ec8-88b1-069a043cfb6d lapsed	REJECT	com.alibaba.qwen.code.runtimebroker.ToolExecutionRecord@46c670a6
1790843107134	1	dispatch lease of de3ad55a-c89d-4ec8-88b1-069a043cfb6d lapsed	REJECT	com.alibaba.qwen.code.runtimebroker.ToolExecutionRecord@2fd1731c
1790843107194	1	dispatch lease of de3ad55a-c89d-4ec8-88b1-069a043cfb6d lapsed	REJECT	com.alibaba.qwen.code.runtimebroker.ToolExecutionRecord@1133ec6e
1790843107255	1	dispatch lease of de3ad55a-c89d-4ec8-88b1-069a043cfb6d lapsed	REJECT	com.alibaba.qwen.code.runtimebroker.ToolExecutionRecord@2a2da905
1790843107329	1	dispatch lease of de3ad55a-c89d-4ec8-88b1-069a043cfb6d lapsed	REJECT	com.alibaba.qwen.code.runtimebroker.ToolExecutionRecord@302fec27
1790843107387	1	dispatch lease of de3ad55a-c89d-4ec8-88b1-069a043cfb6d lapsed	REJECT	com.alibaba.qwen.code.runtimebroker.ToolExecutionRecord@54107f42
1790843107453	1	dispatch lease of de3ad55a-c89d-4ec8-88b1-069a043cfb6d lapsed	REJECT	com.alibaba.qwen.code.runtimebroker.ToolExecutionRecord@6cea706c
1790843107512	1	dispatch lease of de3ad55a-c89d-4ec8-88b1-069a043cfb6d lapsed	REJECT	com.alibaba.qwen.code.runtimebroker.ToolExecutionRecord@1eba372c
1790843107575	1	dispatch lease of de3ad55a-c89d-4ec8-88b1-069a043cfb6d lapsed	REJECT	com.alibaba.qwen.code.runtimebroker.ToolExecutionRecord@552518c3
1790843107634	1	dispatch lease of de3ad55a-c89d-4ec8-88b1-069a043cfb6d lapsed	REJECT	com.alibaba.qwen.code.runtimebroker.ToolExecutionRecord@363f6148
1790843107694	1	dispatch lease of de3ad55a-c89d-4ec8-88b1-069a043cfb6d lapsed	REJECT	com.alibaba.qwen.code.runtimebroker.ToolExecutionRecord@138fe6ec
1790843107760	1	dispatch lease of de3ad55a-c89d-4ec8-88b1-069a043cfb6d lapsed	REJECT	com.alibaba.qwen.code.runtimebroker.ToolExecutionRecord@455351c4
1790843107820	1	dispatch lease of de3ad55a-c89d-4ec8-88b1-069a043cfb6d lapsed	REJECT	com.alibaba.qwen.code.runtimebroker.ToolExecutionRecord@4940809c
1790843107880	1	dispatch lease of de3ad55a-c89d-4ec8-88b1-069a043cfb6d lapsed	REJECT	com.alibaba.qwen.code.runtimebroker.ToolExecutionRecord@7a138fc5
1790843107940	1	dispatch lease of de3ad55a-c89d-4ec8-88b1-069a043cfb6d lapsed	REJECT	com.alibaba.qwen.code.runtimebroker.ToolExecutionRecord@4a9e6faf
1790843107999	1	dispatch lease of de3ad55a-c89d-4ec8-88b1-069a043cfb6d lapsed	REJECT	com.alibaba.qwen.code.runtimebroker.ToolExecutionRecord@459f7aa3
1790843108060	1	dispatch lease of de3ad55a-c89d-4ec8-88b1-069a043cfb6d lapsed	REJECT	com.alibaba.qwen.code.runtimebroker.ToolExecutionRecord@44a2b17b
1790843108123	1	dispatch lease of de3ad55a-c89d-4ec8-88b1-069a043cfb6d lapsed	REJECT	com.alibaba.qwen.code.runtimebroker.ToolExecutionRecord@7eb01b12
1790843108182	1	dispatch lease of de3ad55a-c89d-4ec8-88b1-069a043cfb6d lapsed	REJECT	com.alibaba.qwen.code.runtimebroker.ToolExecutionRecord@7e70bd39
1790843108242	1	dispatch lease of de3ad55a-c89d-4ec8-88b1-069a043cfb6d lapsed	REJECT	com.alibaba.qwen.code.runtimebroker.ToolExecutionRecord@43ed0ff3
1790843108306	1	dispatch lease of de3ad55a-c89d-4ec8-88b1-069a043cfb6d lapsed	REJECT	com.alibaba.qwen.code.runtimebroker.ToolExecutionRecord@4da855dd
1790843108368	1	dispatch lease of de3ad55a-c89d-4ec8-88b1-069a043cfb6d lapsed	REJECT	com.alibaba.qwen.code.runtimebroker.ToolExecutionRecord@2e5c7f0b
1790843108436	1	dispatch lease of de3ad55a-c89d-4ec8-88b1-069a043cfb6d lapsed	REJECT	com.alibaba.qwen.code.runtimebroker.ToolExecutionRecord@538613b3
1790843108495	1	dispatch lease of de3ad55a-c89d-4ec8-88b1-069a043cfb6d lapsed	REJECT	com.alibaba.qwen.code.runtimebroker.ToolExecutionRecord@5db99216
1790843108554	1	dispatch lease of de3ad55a-c89d-4ec8-88b1-069a043cfb6d lapsed	REJECT	com.alibaba.qwen.code.runtimebroker.ToolExecutionRecord@9f46d94
1790843108616	1	dispatch lease of de3ad55a-c89d-4ec8-88b1-069a043cfb6d lapsed	REJECT	com.alibaba.qwen.code.runtimebroker.ToolExecutionRecord@2c4ca0f9
1790843108680	1	dispatch lease of de3ad55a-c89d-4ec8-88b1-069a043cfb6d lapsed	REJECT	com.alibaba.qwen.code.runtimebroker.ToolExecutionRecord@6e57e95e
1790843108740	1	dispatch lease of de3ad55a-c89d-4ec8-88b1-069a043cfb6d lapsed	REJECT	com.alibaba.qwen.code.runtimebroker.ToolExecutionRecord@740abb5
1790843108806	1	dispatch lease of de3ad55a-c89d-4ec8-88b1-069a043cfb6d lapsed	REJECT	com.alibaba.qwen.code.runtimebroker.ToolExecutionRecord@551a20d6
1790843108867	1	dispatch lease of de3ad55a-c89d-4ec8-88b1-069a043cfb6d lapsed	REJECT	com.alibaba.qwen.code.runtimebroker.ToolExecutionRecord@7e094740
1790843108927	1	dispatch lease of de3ad55a-c89d-4ec8-88b1-069a043cfb6d lapsed	REJECT	com.alibaba.qwen.code.runtimebroker.ToolExecutionRecord@7555b920
1790843108995	1	dispatch lease of de3ad55a-c89d-4ec8-88b1-069a043cfb6d lapsed	REJECT	com.alibaba.qwen.code.runtimebroker.ToolExecutionRecord@5398edd0
1790843109057	1	dispatch lease of de3ad55a-c89d-4ec8-88b1-069a043cfb6d lapsed	ACCEPT	com.alibaba.qwen.code.runtimebroker.ToolExecutionRecord@61edc883
1790843117584	1	reconciliation from evidence	ACCEPT	ALREADY_SETTLED
1790843131097	1	dispatch lease of 1f001107-0c2a-4ba8-a536-35952a357dd1 lapsed	REJECT	com.alibaba.qwen.code.runtimebroker.ToolExecutionRecord@30272916
1790843131154	1	dispatch lease of 1f001107-0c2a-4ba8-a536-35952a357dd1 lapsed	REJECT	com.alibaba.qwen.code.runtimebroker.ToolExecutionRecord@2c1dc8e
1790843131210	1	dispatch lease of 1f001107-0c2a-4ba8-a536-35952a357dd1 lapsed	REJECT	com.alibaba.qwen.code.runtimebroker.ToolExecutionRecord@251ebf23
1790843131266	1	dispatch lease of 1f001107-0c2a-4ba8-a536-35952a357dd1 lapsed	REJECT	com.alibaba.qwen.code.runtimebroker.ToolExecutionRecord@51671b08
1790843131323	1	dispatch lease of 1f001107-0c2a-4ba8-a536-35952a357dd1 lapsed	REJECT	com.alibaba.qwen.code.runtimebroker.ToolExecutionRecord@b09fac1
1790843131380	1	dispatch lease of 1f001107-0c2a-4ba8-a536-35952a357dd1 lapsed	REJECT	com.alibaba.qwen.code.runtimebroker.ToolExecutionRecord@62e8f862
1790843131437	1	dispatch lease of 1f001107-0c2a-4ba8-a536-35952a357dd1 lapsed	REJECT	com.alibaba.qwen.code.runtimebroker.ToolExecutionRecord@515f4131
1790843131493	1	dispatch lease of 1f001107-0c2a-4ba8-a536-35952a357dd1 lapsed	REJECT	com.alibaba.qwen.code.runtimebroker.ToolExecutionRecord@3f3ddbd9
1790843131549	1	dispatch lease of 1f001107-0c2a-4ba8-a536-35952a357dd1 lapsed	REJECT	com.alibaba.qwen.code.runtimebroker.ToolExecutionRecord@30865a90
1790843131605	1	dispatch lease of 1f001107-0c2a-4ba8-a536-35952a357dd1 lapsed	REJECT	com.alibaba.qwen.code.runtimebroker.ToolExecutionRecord@71b1a49c
1790843131662	1	dispatch lease of 1f001107-0c2a-4ba8-a536-35952a357dd1 lapsed	REJECT	com.alibaba.qwen.code.runtimebroker.ToolExecutionRecord@2472c7d8
1790843131719	1	dispatch lease of 1f001107-0c2a-4ba8-a536-35952a357dd1 lapsed	REJECT	com.alibaba.qwen.code.runtimebroker.ToolExecutionRecord@9fecdf1
1790843131775	1	dispatch lease of 1f001107-0c2a-4ba8-a536-35952a357dd1 lapsed	REJECT	com.alibaba.qwen.code.runtimebroker.ToolExecutionRecord@236ab296
1790843131831	1	dispatch lease of 1f001107-0c2a-4ba8-a536-35952a357dd1 lapsed	REJECT	com.alibaba.qwen.code.runtimebroker.ToolExecutionRecord@232024b9
1790843131887	1	dispatch lease of 1f001107-0c2a-4ba8-a536-35952a357dd1 lapsed	REJECT	com.alibaba.qwen.code.runtimebroker.ToolExecutionRecord@53cdecf6
1790843131945	1	dispatch lease of 1f001107-0c2a-4ba8-a536-35952a357dd1 lapsed	REJECT	com.alibaba.qwen.code.runtimebroker.ToolExecutionRecord@420745d7
1790843132001	1	dispatch lease of 1f001107-0c2a-4ba8-a536-35952a357dd1 lapsed	REJECT	com.alibaba.qwen.code.runtimebroker.ToolExecutionRecord@2392212b
1790843132058	1	dispatch lease of 1f001107-0c2a-4ba8-a536-35952a357dd1 lapsed	REJECT	com.alibaba.qwen.code.runtimebroker.ToolExecutionRecord@545f80bf
1790843132115	1	dispatch lease of 1f001107-0c2a-4ba8-a536-35952a357dd1 lapsed	REJECT	com.alibaba.qwen.code.runtimebroker.ToolExecutionRecord@4d666b41
1790843132171	1	dispatch lease of 1f001107-0c2a-4ba8-a536-35952a357dd1 lapsed	REJECT	com.alibaba.qwen.code.runtimebroker.ToolExecutionRecord@405325cf
1790843132229	1	dispatch lease of 1f001107-0c2a-4ba8-a536-35952a357dd1 lapsed	REJECT	com.alibaba.qwen.code.runtimebroker.ToolExecutionRecord@6c2f1700
1790843132285	1	dispatch lease of 1f001107-0c2a-4ba8-a536-35952a357dd1 lapsed	REJECT	com.alibaba.qwen.code.runtimebroker.ToolExecutionRecord@669d2b1b
1790843132341	1	dispatch lease of 1f001107-0c2a-4ba8-a536-35952a357dd1 lapsed	REJECT	com.alibaba.qwen.code.runtimebroker.ToolExecutionRecord@5d52e3ef
1790843132397	1	dispatch lease of 1f001107-0c2a-4ba8-a536-35952a357dd1 lapsed	REJECT	com.alibaba.qwen.code.runtimebroker.ToolExecutionRecord@4c7a078
1790843132454	1	dispatch lease of 1f001107-0c2a-4ba8-a536-35952a357dd1 lapsed	REJECT	com.alibaba.qwen.code.runtimebroker.ToolExecutionRecord@76f10035
1790843132512	1	dispatch lease of 1f001107-0c2a-4ba8-a536-35952a357dd1 lapsed	REJECT	com.alibaba.qwen.code.runtimebroker.ToolExecutionRecord@15b986cd
1790843132568	1	dispatch lease of 1f001107-0c2a-4ba8-a536-35952a357dd1 lapsed	REJECT	com.alibaba.qwen.code.runtimebroker.ToolExecutionRecord@6b530eb9
1790843132624	1	dispatch lease of 1f001107-0c2a-4ba8-a536-35952a357dd1 lapsed	REJECT	com.alibaba.qwen.code.runtimebroker.ToolExecutionRecord@17f460bb
1790843132680	1	dispatch lease of 1f001107-0c2a-4ba8-a536-35952a357dd1 lapsed	REJECT	com.alibaba.qwen.code.runtimebroker.ToolExecutionRecord@18ca3c62
1790843132736	1	dispatch lease of 1f001107-0c2a-4ba8-a536-35952a357dd1 lapsed	REJECT	com.alibaba.qwen.code.runtimebroker.ToolExecutionRecord@6aa648b9
1790843132795	1	dispatch lease of 1f001107-0c2a-4ba8-a536-35952a357dd1 lapsed	REJECT	com.alibaba.qwen.code.runtimebroker.ToolExecutionRecord@88a8218
1790843132851	1	dispatch lease of 1f001107-0c2a-4ba8-a536-35952a357dd1 lapsed	REJECT	com.alibaba.qwen.code.runtimebroker.ToolExecutionRecord@5fa05212
1790843132907	1	dispatch lease of 1f001107-0c2a-4ba8-a536-35952a357dd1 lapsed	REJECT	com.alibaba.qwen.code.runtimebroker.ToolExecutionRecord@23aae55
1790843132963	1	dispatch lease of 1f001107-0c2a-4ba8-a536-35952a357dd1 lapsed	REJECT	com.alibaba.qwen.code.runtimebroker.ToolExecutionRecord@7a9c84a5
1790843133019	1	dispatch lease of 1f001107-0c2a-4ba8-a536-35952a357dd1 lapsed	ACCEPT	com.alibaba.qwen.code.runtimebroker.ToolExecutionRecord@7e053511
1790843141299	1	reconciliation from evidence	ACCEPT	ALREADY_SETTLED
1790843151124	1	marker = [start]	ACCEPT	[start]
1790843160877	1	marker = [start, end]	ACCEPT	[start, end]
1790843168003	1	startup adoption	ACCEPT	Reply[ok=true, value={"bindingId":"4382a0ae-8f14-4376-b7da-2efc5bbbe47c","generation":1,"state":"READY"}, status=0, code=null, retryable=false, message=null]
1790843176775	1	startup adoption	REJECT	Reply[ok=false, value=null, status=503, code=runtime_provisioning_in_progress, retryable=true, message=another Broker owns Runtime provisioning]
1790843179425	1	startup adoption	ACCEPT	Reply[ok=true, value={"bindingId":"c21139d6-dca6-4a4f-a44b-553a0d8aae44","generation":1,"state":"READY"}, status=0, code=null, retryable=false, message=null]
1790843192902	1	marker = [start]	ACCEPT	[start]
1790843200194	1	original worker loss after recovery fencing	ACCEPT	Reply[ok=false, value=null, status=503, code=runtime_broker_runtime_lost, retryable=true, message=Runtime is lost; recovery requires complete evidence and cleanup]
1790843210029	1	project/marker = [start]	ACCEPT	[start]
1790843217266	1	original worker loss after recovery fencing	ACCEPT	Reply[ok=false, value=null, status=503, code=runtime_broker_runtime_lost, retryable=true, message=Runtime is lost; recovery requires complete evidence and cleanup]
1790843262348	1	marker = [start]	ACCEPT	[start]
1790843270425	1	dispatch lease of f9ebb80b-e982-4f8b-96a4-498440ca226c lapsed	REJECT	com.alibaba.qwen.code.runtimebroker.ToolExecutionRecord@31be6b49
1790843270481	1	dispatch lease of f9ebb80b-e982-4f8b-96a4-498440ca226c lapsed	REJECT	com.alibaba.qwen.code.runtimebroker.ToolExecutionRecord@70d8de
1790843270536	1	dispatch lease of f9ebb80b-e982-4f8b-96a4-498440ca226c lapsed	REJECT	com.alibaba.qwen.code.runtimebroker.ToolExecutionRecord@46b695ec
1790843270593	1	dispatch lease of f9ebb80b-e982-4f8b-96a4-498440ca226c lapsed	REJECT	com.alibaba.qwen.code.runtimebroker.ToolExecutionRecord@11ce2e22
1790843270649	1	dispatch lease of f9ebb80b-e982-4f8b-96a4-498440ca226c lapsed	REJECT	com.alibaba.qwen.code.runtimebroker.ToolExecutionRecord@5aa6202e
1790843270705	1	dispatch lease of f9ebb80b-e982-4f8b-96a4-498440ca226c lapsed	REJECT	com.alibaba.qwen.code.runtimebroker.ToolExecutionRecord@91c4a3f
1790843270761	1	dispatch lease of f9ebb80b-e982-4f8b-96a4-498440ca226c lapsed	REJECT	com.alibaba.qwen.code.runtimebroker.ToolExecutionRecord@6826c41e
1790843270816	1	dispatch lease of f9ebb80b-e982-4f8b-96a4-498440ca226c lapsed	REJECT	com.alibaba.qwen.code.runtimebroker.ToolExecutionRecord@1d269ed7
1790843270872	1	dispatch lease of f9ebb80b-e982-4f8b-96a4-498440ca226c lapsed	REJECT	com.alibaba.qwen.code.runtimebroker.ToolExecutionRecord@410e94e
1790843270928	1	dispatch lease of f9ebb80b-e982-4f8b-96a4-498440ca226c lapsed	REJECT	com.alibaba.qwen.code.runtimebroker.ToolExecutionRecord@1e7f2e0f
1790843270984	1	dispatch lease of f9ebb80b-e982-4f8b-96a4-498440ca226c lapsed	REJECT	com.alibaba.qwen.code.runtimebroker.ToolExecutionRecord@3c818ac4
1790843271039	1	dispatch lease of f9ebb80b-e982-4f8b-96a4-498440ca226c lapsed	REJECT	com.alibaba.qwen.code.runtimebroker.ToolExecutionRecord@15f193b8
1790843271095	1	dispatch lease of f9ebb80b-e982-4f8b-96a4-498440ca226c lapsed	REJECT	com.alibaba.qwen.code.runtimebroker.ToolExecutionRecord@6bfdb014
1790843271150	1	dispatch lease of f9ebb80b-e982-4f8b-96a4-498440ca226c lapsed	REJECT	com.alibaba.qwen.code.runtimebroker.ToolExecutionRecord@4aa3d36
1790843271208	1	dispatch lease of f9ebb80b-e982-4f8b-96a4-498440ca226c lapsed	REJECT	com.alibaba.qwen.code.runtimebroker.ToolExecutionRecord@2aa27288
1790843271263	1	dispatch lease of f9ebb80b-e982-4f8b-96a4-498440ca226c lapsed	REJECT	com.alibaba.qwen.code.runtimebroker.ToolExecutionRecord@1d8e2eea
1790843271319	1	dispatch lease of f9ebb80b-e982-4f8b-96a4-498440ca226c lapsed	REJECT	com.alibaba.qwen.code.runtimebroker.ToolExecutionRecord@49298ce7
1790843271374	1	dispatch lease of f9ebb80b-e982-4f8b-96a4-498440ca226c lapsed	REJECT	com.alibaba.qwen.code.runtimebroker.ToolExecutionRecord@503fbbc6
1790843271430	1	dispatch lease of f9ebb80b-e982-4f8b-96a4-498440ca226c lapsed	REJECT	com.alibaba.qwen.code.runtimebroker.ToolExecutionRecord@67fe380b
1790843271486	1	dispatch lease of f9ebb80b-e982-4f8b-96a4-498440ca226c lapsed	REJECT	com.alibaba.qwen.code.runtimebroker.ToolExecutionRecord@57f64f5e
1790843271542	1	dispatch lease of f9ebb80b-e982-4f8b-96a4-498440ca226c lapsed	REJECT	com.alibaba.qwen.code.runtimebroker.ToolExecutionRecord@49d98dc5
1790843271598	1	dispatch lease of f9ebb80b-e982-4f8b-96a4-498440ca226c lapsed	REJECT	com.alibaba.qwen.code.runtimebroker.ToolExecutionRecord@ec50f54
1790843271653	1	dispatch lease of f9ebb80b-e982-4f8b-96a4-498440ca226c lapsed	REJECT	com.alibaba.qwen.code.runtimebroker.ToolExecutionRecord@30cdae70
1790843271709	1	dispatch lease of f9ebb80b-e982-4f8b-96a4-498440ca226c lapsed	REJECT	com.alibaba.qwen.code.runtimebroker.ToolExecutionRecord@3163987e
1790843271766	1	dispatch lease of f9ebb80b-e982-4f8b-96a4-498440ca226c lapsed	REJECT	com.alibaba.qwen.code.runtimebroker.ToolExecutionRecord@44f9779c
1790843271822	1	dispatch lease of f9ebb80b-e982-4f8b-96a4-498440ca226c lapsed	REJECT	com.alibaba.qwen.code.runtimebroker.ToolExecutionRecord@43d455c9
1790843271879	1	dispatch lease of f9ebb80b-e982-4f8b-96a4-498440ca226c lapsed	REJECT	com.alibaba.qwen.code.runtimebroker.ToolExecutionRecord@40147317
1790843271935	1	dispatch lease of f9ebb80b-e982-4f8b-96a4-498440ca226c lapsed	REJECT	com.alibaba.qwen.code.runtimebroker.ToolExecutionRecord@6f95cd51
1790843271991	1	dispatch lease of f9ebb80b-e982-4f8b-96a4-498440ca226c lapsed	REJECT	com.alibaba.qwen.code.runtimebroker.ToolExecutionRecord@6d868997
1790843272048	1	dispatch lease of f9ebb80b-e982-4f8b-96a4-498440ca226c lapsed	REJECT	com.alibaba.qwen.code.runtimebroker.ToolExecutionRecord@76304b46
1790843272104	1	dispatch lease of f9ebb80b-e982-4f8b-96a4-498440ca226c lapsed	REJECT	com.alibaba.qwen.code.runtimebroker.ToolExecutionRecord@3af37506
1790843272160	1	dispatch lease of f9ebb80b-e982-4f8b-96a4-498440ca226c lapsed	REJECT	com.alibaba.qwen.code.runtimebroker.ToolExecutionRecord@d4602a
1790843272216	1	dispatch lease of f9ebb80b-e982-4f8b-96a4-498440ca226c lapsed	REJECT	com.alibaba.qwen.code.runtimebroker.ToolExecutionRecord@15515c51
1790843272272	1	dispatch lease of f9ebb80b-e982-4f8b-96a4-498440ca226c lapsed	REJECT	com.alibaba.qwen.code.runtimebroker.ToolExecutionRecord@e044b4a
1790843272331	1	dispatch lease of f9ebb80b-e982-4f8b-96a4-498440ca226c lapsed	REJECT	com.alibaba.qwen.code.runtimebroker.ToolExecutionRecord@3ae66c85
1790843272388	1	dispatch lease of f9ebb80b-e982-4f8b-96a4-498440ca226c lapsed	REJECT	com.alibaba.qwen.code.runtimebroker.ToolExecutionRecord@73d6d0c
1790843272444	1	dispatch lease of f9ebb80b-e982-4f8b-96a4-498440ca226c lapsed	REJECT	com.alibaba.qwen.code.runtimebroker.ToolExecutionRecord@5a4ed68f
1790843272501	1	dispatch lease of f9ebb80b-e982-4f8b-96a4-498440ca226c lapsed	REJECT	com.alibaba.qwen.code.runtimebroker.ToolExecutionRecord@3956b302
1790843272556	1	dispatch lease of f9ebb80b-e982-4f8b-96a4-498440ca226c lapsed	REJECT	com.alibaba.qwen.code.runtimebroker.ToolExecutionRecord@edf4f36
1790843272613	1	dispatch lease of f9ebb80b-e982-4f8b-96a4-498440ca226c lapsed	REJECT	com.alibaba.qwen.code.runtimebroker.ToolExecutionRecord@13e9f2e2
1790843272669	1	dispatch lease of f9ebb80b-e982-4f8b-96a4-498440ca226c lapsed	REJECT	com.alibaba.qwen.code.runtimebroker.ToolExecutionRecord@60e949e1
1790843272725	1	dispatch lease of f9ebb80b-e982-4f8b-96a4-498440ca226c lapsed	REJECT	com.alibaba.qwen.code.runtimebroker.ToolExecutionRecord@3569edd5
1790843272781	1	dispatch lease of f9ebb80b-e982-4f8b-96a4-498440ca226c lapsed	REJECT	com.alibaba.qwen.code.runtimebroker.ToolExecutionRecord@7a356a0d
1790843272839	1	dispatch lease of f9ebb80b-e982-4f8b-96a4-498440ca226c lapsed	REJECT	com.alibaba.qwen.code.runtimebroker.ToolExecutionRecord@538cd0f2
1790843272896	1	dispatch lease of f9ebb80b-e982-4f8b-96a4-498440ca226c lapsed	REJECT	com.alibaba.qwen.code.runtimebroker.ToolExecutionRecord@1761de10
1790843272953	1	dispatch lease of f9ebb80b-e982-4f8b-96a4-498440ca226c lapsed	REJECT	com.alibaba.qwen.code.runtimebroker.ToolExecutionRecord@5bdaf2ce
1790843273023	1	dispatch lease of f9ebb80b-e982-4f8b-96a4-498440ca226c lapsed	ACCEPT	com.alibaba.qwen.code.runtimebroker.ToolExecutionRecord@19f21b6b
1790843277564	1	cancelled original call	ACCEPT	RESOLVED
1790843289055	1	project/marker = [start]	ACCEPT	[start]
1790843297175	1	dispatch lease of 59cb5aa9-a8b6-4889-9eba-d338852e0111 lapsed	REJECT	com.alibaba.qwen.code.runtimebroker.ToolExecutionRecord@78b236a0
1790843297231	1	dispatch lease of 59cb5aa9-a8b6-4889-9eba-d338852e0111 lapsed	REJECT	com.alibaba.qwen.code.runtimebroker.ToolExecutionRecord@60e9df3c
1790843297288	1	dispatch lease of 59cb5aa9-a8b6-4889-9eba-d338852e0111 lapsed	REJECT	com.alibaba.qwen.code.runtimebroker.ToolExecutionRecord@537b32ef
1790843297343	1	dispatch lease of 59cb5aa9-a8b6-4889-9eba-d338852e0111 lapsed	REJECT	com.alibaba.qwen.code.runtimebroker.ToolExecutionRecord@6f815e7f
1790843297399	1	dispatch lease of 59cb5aa9-a8b6-4889-9eba-d338852e0111 lapsed	REJECT	com.alibaba.qwen.code.runtimebroker.ToolExecutionRecord@75699e35
1790843297454	1	dispatch lease of 59cb5aa9-a8b6-4889-9eba-d338852e0111 lapsed	REJECT	com.alibaba.qwen.code.runtimebroker.ToolExecutionRecord@263558c9
1790843297510	1	dispatch lease of 59cb5aa9-a8b6-4889-9eba-d338852e0111 lapsed	REJECT	com.alibaba.qwen.code.runtimebroker.ToolExecutionRecord@62315f22
1790843297565	1	dispatch lease of 59cb5aa9-a8b6-4889-9eba-d338852e0111 lapsed	REJECT	com.alibaba.qwen.code.runtimebroker.ToolExecutionRecord@78f9ed3e
1790843297622	1	dispatch lease of 59cb5aa9-a8b6-4889-9eba-d338852e0111 lapsed	REJECT	com.alibaba.qwen.code.runtimebroker.ToolExecutionRecord@48e7b3d2
1790843297677	1	dispatch lease of 59cb5aa9-a8b6-4889-9eba-d338852e0111 lapsed	REJECT	com.alibaba.qwen.code.runtimebroker.ToolExecutionRecord@64040287
1790843297733	1	dispatch lease of 59cb5aa9-a8b6-4889-9eba-d338852e0111 lapsed	REJECT	com.alibaba.qwen.code.runtimebroker.ToolExecutionRecord@df1cff6
1790843297788	1	dispatch lease of 59cb5aa9-a8b6-4889-9eba-d338852e0111 lapsed	REJECT	com.alibaba.qwen.code.runtimebroker.ToolExecutionRecord@3a43d133
1790843297844	1	dispatch lease of 59cb5aa9-a8b6-4889-9eba-d338852e0111 lapsed	REJECT	com.alibaba.qwen.code.runtimebroker.ToolExecutionRecord@c96a4ea
1790843297900	1	dispatch lease of 59cb5aa9-a8b6-4889-9eba-d338852e0111 lapsed	REJECT	com.alibaba.qwen.code.runtimebroker.ToolExecutionRecord@68105edc
1790843297955	1	dispatch lease of 59cb5aa9-a8b6-4889-9eba-d338852e0111 lapsed	REJECT	com.alibaba.qwen.code.runtimebroker.ToolExecutionRecord@5339bbad
1790843298011	1	dispatch lease of 59cb5aa9-a8b6-4889-9eba-d338852e0111 lapsed	REJECT	com.alibaba.qwen.code.runtimebroker.ToolExecutionRecord@5b56b654
1790843298066	1	dispatch lease of 59cb5aa9-a8b6-4889-9eba-d338852e0111 lapsed	REJECT	com.alibaba.qwen.code.runtimebroker.ToolExecutionRecord@29006752
1790843298122	1	dispatch lease of 59cb5aa9-a8b6-4889-9eba-d338852e0111 lapsed	REJECT	com.alibaba.qwen.code.runtimebroker.ToolExecutionRecord@27494e46
1790843298181	1	dispatch lease of 59cb5aa9-a8b6-4889-9eba-d338852e0111 lapsed	REJECT	com.alibaba.qwen.code.runtimebroker.ToolExecutionRecord@53b98ff6
1790843298237	1	dispatch lease of 59cb5aa9-a8b6-4889-9eba-d338852e0111 lapsed	REJECT	com.alibaba.qwen.code.runtimebroker.ToolExecutionRecord@697446d4
1790843298292	1	dispatch lease of 59cb5aa9-a8b6-4889-9eba-d338852e0111 lapsed	REJECT	com.alibaba.qwen.code.runtimebroker.ToolExecutionRecord@36453307
1790843298348	1	dispatch lease of 59cb5aa9-a8b6-4889-9eba-d338852e0111 lapsed	REJECT	com.alibaba.qwen.code.runtimebroker.ToolExecutionRecord@6a9287b1
1790843298403	1	dispatch lease of 59cb5aa9-a8b6-4889-9eba-d338852e0111 lapsed	REJECT	com.alibaba.qwen.code.runtimebroker.ToolExecutionRecord@56193c7d
1790843298459	1	dispatch lease of 59cb5aa9-a8b6-4889-9eba-d338852e0111 lapsed	REJECT	com.alibaba.qwen.code.runtimebroker.ToolExecutionRecord@607b2792
1790843298515	1	dispatch lease of 59cb5aa9-a8b6-4889-9eba-d338852e0111 lapsed	REJECT	com.alibaba.qwen.code.runtimebroker.ToolExecutionRecord@81ff872
1790843298570	1	dispatch lease of 59cb5aa9-a8b6-4889-9eba-d338852e0111 lapsed	REJECT	com.alibaba.qwen.code.runtimebroker.ToolExecutionRecord@7e31ce0f
1790843298626	1	dispatch lease of 59cb5aa9-a8b6-4889-9eba-d338852e0111 lapsed	REJECT	com.alibaba.qwen.code.runtimebroker.ToolExecutionRecord@42cc13a0
1790843298681	1	dispatch lease of 59cb5aa9-a8b6-4889-9eba-d338852e0111 lapsed	REJECT	com.alibaba.qwen.code.runtimebroker.ToolExecutionRecord@1bd81830
1790843298738	1	dispatch lease of 59cb5aa9-a8b6-4889-9eba-d338852e0111 lapsed	REJECT	com.alibaba.qwen.code.runtimebroker.ToolExecutionRecord@111610e6
1790843298793	1	dispatch lease of 59cb5aa9-a8b6-4889-9eba-d338852e0111 lapsed	REJECT	com.alibaba.qwen.code.runtimebroker.ToolExecutionRecord@4fcc529
1790843298849	1	dispatch lease of 59cb5aa9-a8b6-4889-9eba-d338852e0111 lapsed	REJECT	com.alibaba.qwen.code.runtimebroker.ToolExecutionRecord@79b663b3
1790843298905	1	dispatch lease of 59cb5aa9-a8b6-4889-9eba-d338852e0111 lapsed	REJECT	com.alibaba.qwen.code.runtimebroker.ToolExecutionRecord@7882c44a
1790843298961	1	dispatch lease of 59cb5aa9-a8b6-4889-9eba-d338852e0111 lapsed	REJECT	com.alibaba.qwen.code.runtimebroker.ToolExecutionRecord@3887cf88
1790843299018	1	dispatch lease of 59cb5aa9-a8b6-4889-9eba-d338852e0111 lapsed	REJECT	com.alibaba.qwen.code.runtimebroker.ToolExecutionRecord@502f8b57
1790843299074	1	dispatch lease of 59cb5aa9-a8b6-4889-9eba-d338852e0111 lapsed	REJECT	com.alibaba.qwen.code.runtimebroker.ToolExecutionRecord@55120f99
1790843299130	1	dispatch lease of 59cb5aa9-a8b6-4889-9eba-d338852e0111 lapsed	REJECT	com.alibaba.qwen.code.runtimebroker.ToolExecutionRecord@779dfe55
1790843299186	1	dispatch lease of 59cb5aa9-a8b6-4889-9eba-d338852e0111 lapsed	REJECT	com.alibaba.qwen.code.runtimebroker.ToolExecutionRecord@3e521715
1790843299242	1	dispatch lease of 59cb5aa9-a8b6-4889-9eba-d338852e0111 lapsed	REJECT	com.alibaba.qwen.code.runtimebroker.ToolExecutionRecord@1286528d
1790843299298	1	dispatch lease of 59cb5aa9-a8b6-4889-9eba-d338852e0111 lapsed	REJECT	com.alibaba.qwen.code.runtimebroker.ToolExecutionRecord@775594f2
1790843299354	1	dispatch lease of 59cb5aa9-a8b6-4889-9eba-d338852e0111 lapsed	REJECT	com.alibaba.qwen.code.runtimebroker.ToolExecutionRecord@790132f7
1790843299409	1	dispatch lease of 59cb5aa9-a8b6-4889-9eba-d338852e0111 lapsed	REJECT	com.alibaba.qwen.code.runtimebroker.ToolExecutionRecord@241a0c3a
1790843299465	1	dispatch lease of 59cb5aa9-a8b6-4889-9eba-d338852e0111 lapsed	REJECT	com.alibaba.qwen.code.runtimebroker.ToolExecutionRecord@7fae4d4a
1790843299520	1	dispatch lease of 59cb5aa9-a8b6-4889-9eba-d338852e0111 lapsed	REJECT	com.alibaba.qwen.code.runtimebroker.ToolExecutionRecord@46baf579
1790843299577	1	dispatch lease of 59cb5aa9-a8b6-4889-9eba-d338852e0111 lapsed	REJECT	com.alibaba.qwen.code.runtimebroker.ToolExecutionRecord@ca66933
1790843299639	1	dispatch lease of 59cb5aa9-a8b6-4889-9eba-d338852e0111 lapsed	REJECT	com.alibaba.qwen.code.runtimebroker.ToolExecutionRecord@602c4656
1790843299695	1	dispatch lease of 59cb5aa9-a8b6-4889-9eba-d338852e0111 lapsed	REJECT	com.alibaba.qwen.code.runtimebroker.ToolExecutionRecord@3c443976
1790843299751	1	dispatch lease of 59cb5aa9-a8b6-4889-9eba-d338852e0111 lapsed	REJECT	com.alibaba.qwen.code.runtimebroker.ToolExecutionRecord@63998bf4
1790843299806	1	dispatch lease of 59cb5aa9-a8b6-4889-9eba-d338852e0111 lapsed	REJECT	com.alibaba.qwen.code.runtimebroker.ToolExecutionRecord@6f63c44f
1790843299863	1	dispatch lease of 59cb5aa9-a8b6-4889-9eba-d338852e0111 lapsed	REJECT	com.alibaba.qwen.code.runtimebroker.ToolExecutionRecord@2e6ba49a
1790843299918	1	dispatch lease of 59cb5aa9-a8b6-4889-9eba-d338852e0111 lapsed	REJECT	com.alibaba.qwen.code.runtimebroker.ToolExecutionRecord@6b04acb2
1790843299974	1	dispatch lease of 59cb5aa9-a8b6-4889-9eba-d338852e0111 lapsed	REJECT	com.alibaba.qwen.code.runtimebroker.ToolExecutionRecord@4a60ee36
1790843300030	1	dispatch lease of 59cb5aa9-a8b6-4889-9eba-d338852e0111 lapsed	ACCEPT	com.alibaba.qwen.code.runtimebroker.ToolExecutionRecord@5f212d84
1790843304551	1	cancelled original call	ACCEPT	RESOLVED
1790843316166	1	dispatch lease of 7d2f7627-5139-490a-94f1-be27427669ff lapsed	REJECT	com.alibaba.qwen.code.runtimebroker.ToolExecutionRecord@75b21c3b
1790843316223	1	dispatch lease of 7d2f7627-5139-490a-94f1-be27427669ff lapsed	REJECT	com.alibaba.qwen.code.runtimebroker.ToolExecutionRecord@4bd2f0dc
1790843316281	1	dispatch lease of 7d2f7627-5139-490a-94f1-be27427669ff lapsed	REJECT	com.alibaba.qwen.code.runtimebroker.ToolExecutionRecord@51e37590
1790843316337	1	dispatch lease of 7d2f7627-5139-490a-94f1-be27427669ff lapsed	REJECT	com.alibaba.qwen.code.runtimebroker.ToolExecutionRecord@39aa45a1
1790843316393	1	dispatch lease of 7d2f7627-5139-490a-94f1-be27427669ff lapsed	REJECT	com.alibaba.qwen.code.runtimebroker.ToolExecutionRecord@27ead29e
1790843316449	1	dispatch lease of 7d2f7627-5139-490a-94f1-be27427669ff lapsed	REJECT	com.alibaba.qwen.code.runtimebroker.ToolExecutionRecord@383f3558
1790843316505	1	dispatch lease of 7d2f7627-5139-490a-94f1-be27427669ff lapsed	REJECT	com.alibaba.qwen.code.runtimebroker.ToolExecutionRecord@65f00478
1790843316562	1	dispatch lease of 7d2f7627-5139-490a-94f1-be27427669ff lapsed	REJECT	com.alibaba.qwen.code.runtimebroker.ToolExecutionRecord@28486680
1790843316617	1	dispatch lease of 7d2f7627-5139-490a-94f1-be27427669ff lapsed	REJECT	com.alibaba.qwen.code.runtimebroker.ToolExecutionRecord@6e78fcf5
1790843316673	1	dispatch lease of 7d2f7627-5139-490a-94f1-be27427669ff lapsed	REJECT	com.alibaba.qwen.code.runtimebroker.ToolExecutionRecord@7d151a
1790843316729	1	dispatch lease of 7d2f7627-5139-490a-94f1-be27427669ff lapsed	REJECT	com.alibaba.qwen.code.runtimebroker.ToolExecutionRecord@1f86099a
1790843316784	1	dispatch lease of 7d2f7627-5139-490a-94f1-be27427669ff lapsed	REJECT	com.alibaba.qwen.code.runtimebroker.ToolExecutionRecord@54acff7d
1790843316840	1	dispatch lease of 7d2f7627-5139-490a-94f1-be27427669ff lapsed	REJECT	com.alibaba.qwen.code.runtimebroker.ToolExecutionRecord@4248ed58
1790843316896	1	dispatch lease of 7d2f7627-5139-490a-94f1-be27427669ff lapsed	REJECT	com.alibaba.qwen.code.runtimebroker.ToolExecutionRecord@54534abf
1790843316951	1	dispatch lease of 7d2f7627-5139-490a-94f1-be27427669ff lapsed	REJECT	com.alibaba.qwen.code.runtimebroker.ToolExecutionRecord@27abb83e
1790843317006	1	dispatch lease of 7d2f7627-5139-490a-94f1-be27427669ff lapsed	REJECT	com.alibaba.qwen.code.runtimebroker.ToolExecutionRecord@667e34b1
1790843317061	1	dispatch lease of 7d2f7627-5139-490a-94f1-be27427669ff lapsed	REJECT	com.alibaba.qwen.code.runtimebroker.ToolExecutionRecord@1efdcd5
1790843317119	1	dispatch lease of 7d2f7627-5139-490a-94f1-be27427669ff lapsed	REJECT	com.alibaba.qwen.code.runtimebroker.ToolExecutionRecord@4351171a
1790843317175	1	dispatch lease of 7d2f7627-5139-490a-94f1-be27427669ff lapsed	REJECT	com.alibaba.qwen.code.runtimebroker.ToolExecutionRecord@433e536f
1790843317230	1	dispatch lease of 7d2f7627-5139-490a-94f1-be27427669ff lapsed	REJECT	com.alibaba.qwen.code.runtimebroker.ToolExecutionRecord@381cad29
1790843317286	1	dispatch lease of 7d2f7627-5139-490a-94f1-be27427669ff lapsed	REJECT	com.alibaba.qwen.code.runtimebroker.ToolExecutionRecord@3c5a54b7
1790843317341	1	dispatch lease of 7d2f7627-5139-490a-94f1-be27427669ff lapsed	REJECT	com.alibaba.qwen.code.runtimebroker.ToolExecutionRecord@417ad4f3
1790843317399	1	dispatch lease of 7d2f7627-5139-490a-94f1-be27427669ff lapsed	REJECT	com.alibaba.qwen.code.runtimebroker.ToolExecutionRecord@78c7f9b3
1790843317454	1	dispatch lease of 7d2f7627-5139-490a-94f1-be27427669ff lapsed	REJECT	com.alibaba.qwen.code.runtimebroker.ToolExecutionRecord@4d6f623d
1790843317509	1	dispatch lease of 7d2f7627-5139-490a-94f1-be27427669ff lapsed	REJECT	com.alibaba.qwen.code.runtimebroker.ToolExecutionRecord@4cee7fa0
1790843317565	1	dispatch lease of 7d2f7627-5139-490a-94f1-be27427669ff lapsed	REJECT	com.alibaba.qwen.code.runtimebroker.ToolExecutionRecord@7180e701
1790843317621	1	dispatch lease of 7d2f7627-5139-490a-94f1-be27427669ff lapsed	REJECT	com.alibaba.qwen.code.runtimebroker.ToolExecutionRecord@5a5c128
1790843317677	1	dispatch lease of 7d2f7627-5139-490a-94f1-be27427669ff lapsed	REJECT	com.alibaba.qwen.code.runtimebroker.ToolExecutionRecord@5e76a2bb
1790843317733	1	dispatch lease of 7d2f7627-5139-490a-94f1-be27427669ff lapsed	REJECT	com.alibaba.qwen.code.runtimebroker.ToolExecutionRecord@14faa38c
1790843317788	1	dispatch lease of 7d2f7627-5139-490a-94f1-be27427669ff lapsed	REJECT	com.alibaba.qwen.code.runtimebroker.ToolExecutionRecord@6e92c6ad
1790843317843	1	dispatch lease of 7d2f7627-5139-490a-94f1-be27427669ff lapsed	REJECT	com.alibaba.qwen.code.runtimebroker.ToolExecutionRecord@2375b321
1790843317899	1	dispatch lease of 7d2f7627-5139-490a-94f1-be27427669ff lapsed	REJECT	com.alibaba.qwen.code.runtimebroker.ToolExecutionRecord@41a6d121
1790843317957	1	dispatch lease of 7d2f7627-5139-490a-94f1-be27427669ff lapsed	REJECT	com.alibaba.qwen.code.runtimebroker.ToolExecutionRecord@6e28bb87
1790843318013	1	dispatch lease of 7d2f7627-5139-490a-94f1-be27427669ff lapsed	ACCEPT	com.alibaba.qwen.code.runtimebroker.ToolExecutionRecord@27e32fe4
1790843338478	1	dispatch lease of 34f970f3-bed4-48ab-b343-73c1514e5e80 lapsed	REJECT	com.alibaba.qwen.code.runtimebroker.ToolExecutionRecord@213deac2
1790843338535	1	dispatch lease of 34f970f3-bed4-48ab-b343-73c1514e5e80 lapsed	REJECT	com.alibaba.qwen.code.runtimebroker.ToolExecutionRecord@5a9800f8
1790843338590	1	dispatch lease of 34f970f3-bed4-48ab-b343-73c1514e5e80 lapsed	REJECT	com.alibaba.qwen.code.runtimebroker.ToolExecutionRecord@4159e81b
1790843338645	1	dispatch lease of 34f970f3-bed4-48ab-b343-73c1514e5e80 lapsed	REJECT	com.alibaba.qwen.code.runtimebroker.ToolExecutionRecord@70807224
1790843338700	1	dispatch lease of 34f970f3-bed4-48ab-b343-73c1514e5e80 lapsed	REJECT	com.alibaba.qwen.code.runtimebroker.ToolExecutionRecord@9f6e406
1790843338755	1	dispatch lease of 34f970f3-bed4-48ab-b343-73c1514e5e80 lapsed	REJECT	com.alibaba.qwen.code.runtimebroker.ToolExecutionRecord@12477988
1790843338811	1	dispatch lease of 34f970f3-bed4-48ab-b343-73c1514e5e80 lapsed	REJECT	com.alibaba.qwen.code.runtimebroker.ToolExecutionRecord@34237b90
1790843338867	1	dispatch lease of 34f970f3-bed4-48ab-b343-73c1514e5e80 lapsed	REJECT	com.alibaba.qwen.code.runtimebroker.ToolExecutionRecord@d400943
1790843338923	1	dispatch lease of 34f970f3-bed4-48ab-b343-73c1514e5e80 lapsed	REJECT	com.alibaba.qwen.code.runtimebroker.ToolExecutionRecord@759d81f3
1790843338978	1	dispatch lease of 34f970f3-bed4-48ab-b343-73c1514e5e80 lapsed	REJECT	com.alibaba.qwen.code.runtimebroker.ToolExecutionRecord@13e698c7
1790843339033	1	dispatch lease of 34f970f3-bed4-48ab-b343-73c1514e5e80 lapsed	REJECT	com.alibaba.qwen.code.runtimebroker.ToolExecutionRecord@1f12e153
1790843339089	1	dispatch lease of 34f970f3-bed4-48ab-b343-73c1514e5e80 lapsed	REJECT	com.alibaba.qwen.code.runtimebroker.ToolExecutionRecord@2160e52a
1790843339145	1	dispatch lease of 34f970f3-bed4-48ab-b343-73c1514e5e80 lapsed	REJECT	com.alibaba.qwen.code.runtimebroker.ToolExecutionRecord@60f2e0bd
1790843339200	1	dispatch lease of 34f970f3-bed4-48ab-b343-73c1514e5e80 lapsed	REJECT	com.alibaba.qwen.code.runtimebroker.ToolExecutionRecord@57bd2029
1790843339255	1	dispatch lease of 34f970f3-bed4-48ab-b343-73c1514e5e80 lapsed	REJECT	com.alibaba.qwen.code.runtimebroker.ToolExecutionRecord@6d64b553
1790843339310	1	dispatch lease of 34f970f3-bed4-48ab-b343-73c1514e5e80 lapsed	REJECT	com.alibaba.qwen.code.runtimebroker.ToolExecutionRecord@6eafb10e
1790843339367	1	dispatch lease of 34f970f3-bed4-48ab-b343-73c1514e5e80 lapsed	REJECT	com.alibaba.qwen.code.runtimebroker.ToolExecutionRecord@2873d672
1790843339422	1	dispatch lease of 34f970f3-bed4-48ab-b343-73c1514e5e80 lapsed	REJECT	com.alibaba.qwen.code.runtimebroker.ToolExecutionRecord@4303b7f0
1790843339477	1	dispatch lease of 34f970f3-bed4-48ab-b343-73c1514e5e80 lapsed	REJECT	com.alibaba.qwen.code.runtimebroker.ToolExecutionRecord@5c41d037
1790843339533	1	dispatch lease of 34f970f3-bed4-48ab-b343-73c1514e5e80 lapsed	REJECT	com.alibaba.qwen.code.runtimebroker.ToolExecutionRecord@4642b71d
1790843339588	1	dispatch lease of 34f970f3-bed4-48ab-b343-73c1514e5e80 lapsed	REJECT	com.alibaba.qwen.code.runtimebroker.ToolExecutionRecord@69c6161d
1790843339644	1	dispatch lease of 34f970f3-bed4-48ab-b343-73c1514e5e80 lapsed	REJECT	com.alibaba.qwen.code.runtimebroker.ToolExecutionRecord@6719a5b8
1790843339699	1	dispatch lease of 34f970f3-bed4-48ab-b343-73c1514e5e80 lapsed	REJECT	com.alibaba.qwen.code.runtimebroker.ToolExecutionRecord@6bff19ff
1790843339755	1	dispatch lease of 34f970f3-bed4-48ab-b343-73c1514e5e80 lapsed	REJECT	com.alibaba.qwen.code.runtimebroker.ToolExecutionRecord@5eccd3b9
1790843339810	1	dispatch lease of 34f970f3-bed4-48ab-b343-73c1514e5e80 lapsed	REJECT	com.alibaba.qwen.code.runtimebroker.ToolExecutionRecord@64e1dd11
1790843339865	1	dispatch lease of 34f970f3-bed4-48ab-b343-73c1514e5e80 lapsed	REJECT	com.alibaba.qwen.code.runtimebroker.ToolExecutionRecord@14bae047
1790843339924	1	dispatch lease of 34f970f3-bed4-48ab-b343-73c1514e5e80 lapsed	REJECT	com.alibaba.qwen.code.runtimebroker.ToolExecutionRecord@41477a6d
1790843339980	1	dispatch lease of 34f970f3-bed4-48ab-b343-73c1514e5e80 lapsed	REJECT	com.alibaba.qwen.code.runtimebroker.ToolExecutionRecord@534ca02b
1790843340035	1	dispatch lease of 34f970f3-bed4-48ab-b343-73c1514e5e80 lapsed	REJECT	com.alibaba.qwen.code.runtimebroker.ToolExecutionRecord@6fe46b62
1790843340091	1	dispatch lease of 34f970f3-bed4-48ab-b343-73c1514e5e80 lapsed	REJECT	com.alibaba.qwen.code.runtimebroker.ToolExecutionRecord@7c9b78e3
1790843340146	1	dispatch lease of 34f970f3-bed4-48ab-b343-73c1514e5e80 lapsed	REJECT	com.alibaba.qwen.code.runtimebroker.ToolExecutionRecord@5491f68b
1790843340203	1	dispatch lease of 34f970f3-bed4-48ab-b343-73c1514e5e80 lapsed	REJECT	com.alibaba.qwen.code.runtimebroker.ToolExecutionRecord@45394b31
1790843340258	1	dispatch lease of 34f970f3-bed4-48ab-b343-73c1514e5e80 lapsed	REJECT	com.alibaba.qwen.code.runtimebroker.ToolExecutionRecord@5bb3131b
1790843340314	1	dispatch lease of 34f970f3-bed4-48ab-b343-73c1514e5e80 lapsed	REJECT	com.alibaba.qwen.code.runtimebroker.ToolExecutionRecord@2a037324
1790843340369	1	dispatch lease of 34f970f3-bed4-48ab-b343-73c1514e5e80 lapsed	REJECT	com.alibaba.qwen.code.runtimebroker.ToolExecutionRecord@5bb8f9e2
1790843340424	1	dispatch lease of 34f970f3-bed4-48ab-b343-73c1514e5e80 lapsed	REJECT	com.alibaba.qwen.code.runtimebroker.ToolExecutionRecord@516ebdf8
1790843340482	1	dispatch lease of 34f970f3-bed4-48ab-b343-73c1514e5e80 lapsed	REJECT	com.alibaba.qwen.code.runtimebroker.ToolExecutionRecord@272a179c
1790843340537	1	dispatch lease of 34f970f3-bed4-48ab-b343-73c1514e5e80 lapsed	REJECT	com.alibaba.qwen.code.runtimebroker.ToolExecutionRecord@bcb09a6
1790843340592	1	dispatch lease of 34f970f3-bed4-48ab-b343-73c1514e5e80 lapsed	REJECT	com.alibaba.qwen.code.runtimebroker.ToolExecutionRecord@648ee871
1790843340647	1	dispatch lease of 34f970f3-bed4-48ab-b343-73c1514e5e80 lapsed	REJECT	com.alibaba.qwen.code.runtimebroker.ToolExecutionRecord@28cb9120
1790843340703	1	dispatch lease of 34f970f3-bed4-48ab-b343-73c1514e5e80 lapsed	REJECT	com.alibaba.qwen.code.runtimebroker.ToolExecutionRecord@5173200b
1790843340761	1	dispatch lease of 34f970f3-bed4-48ab-b343-73c1514e5e80 lapsed	REJECT	com.alibaba.qwen.code.runtimebroker.ToolExecutionRecord@2189e7a7
1790843340817	1	dispatch lease of 34f970f3-bed4-48ab-b343-73c1514e5e80 lapsed	REJECT	com.alibaba.qwen.code.runtimebroker.ToolExecutionRecord@a10c1b5
1790843340872	1	dispatch lease of 34f970f3-bed4-48ab-b343-73c1514e5e80 lapsed	REJECT	com.alibaba.qwen.code.runtimebroker.ToolExecutionRecord@70325d20
1790843340928	1	dispatch lease of 34f970f3-bed4-48ab-b343-73c1514e5e80 lapsed	REJECT	com.alibaba.qwen.code.runtimebroker.ToolExecutionRecord@5f462e3b
1790843340984	1	dispatch lease of 34f970f3-bed4-48ab-b343-73c1514e5e80 lapsed	REJECT	com.alibaba.qwen.code.runtimebroker.ToolExecutionRecord@3605c4d3
1790843341041	1	dispatch lease of 34f970f3-bed4-48ab-b343-73c1514e5e80 lapsed	ACCEPT	com.alibaba.qwen.code.runtimebroker.ToolExecutionRecord@726a6b94
1790843930863	2	escaped writer pid	ACCEPT	true
1790843930873	2	escaped writer output	ACCEPT	true
1790843938474	2	original worker loss after recovery fencing	ACCEPT	Reply[ok=false, value=null, status=503, code=runtime_broker_runtime_lost, retryable=true, message=Runtime is lost; recovery requires complete evidence and cleanup]
1790843938538	2	escaped writer continues after loss; the physical pin must remain	REJECT	155
1790843938588	2	escaped writer continues after loss; the physical pin must remain	ACCEPT	156
1790843948567	2	escaped writer pid	ACCEPT	true
1790843948573	2	escaped writer output	ACCEPT	true
1790843956154	2	original worker loss after recovery fencing	ACCEPT	Reply[ok=false, value=null, status=503, code=runtime_broker_runtime_lost, retryable=true, message=Runtime is lost; recovery requires complete evidence and cleanup]
1790843956173	2	escaped writer continues after loss; the physical pin must remain	REJECT	154
1790843956224	2	escaped writer continues after loss; the physical pin must remain	ACCEPT	155
1790843966269	2	marker = [start]	ACCEPT	[start]
1790843966306	2	UNKNOWN execution	REJECT	com.alibaba.qwen.code.runtimebroker.ToolExecutionRecord@2cf23c81
1790843966359	2	UNKNOWN execution	REJECT	com.alibaba.qwen.code.runtimebroker.ToolExecutionRecord@35fe2125
1790843966411	2	UNKNOWN execution	REJECT	com.alibaba.qwen.code.runtimebroker.ToolExecutionRecord@2484f433
1790843966464	2	UNKNOWN execution	REJECT	com.alibaba.qwen.code.runtimebroker.ToolExecutionRecord@1255b1d1
1790843966516	2	UNKNOWN execution	REJECT	com.alibaba.qwen.code.runtimebroker.ToolExecutionRecord@7c22d4f
1790843966568	2	UNKNOWN execution	REJECT	com.alibaba.qwen.code.runtimebroker.ToolExecutionRecord@60bdf15d
1790843966620	2	UNKNOWN execution	REJECT	com.alibaba.qwen.code.runtimebroker.ToolExecutionRecord@51e4ccb3
1790843966672	2	UNKNOWN execution	REJECT	com.alibaba.qwen.code.runtimebroker.ToolExecutionRecord@495083a0
1790843966725	2	UNKNOWN execution	REJECT	com.alibaba.qwen.code.runtimebroker.ToolExecutionRecord@28a0fd6c
1790843966777	2	UNKNOWN execution	REJECT	com.alibaba.qwen.code.runtimebroker.ToolExecutionRecord@66629f63
1790843966829	2	UNKNOWN execution	ACCEPT	com.alibaba.qwen.code.runtimebroker.ToolExecutionRecord@27a5328c
1790843988149	2	marker = [start]	ACCEPT	[start]
1790843995402	2	original Runtime loss after recovery fencing	ACCEPT	Reply[ok=false, value=null, status=503, code=runtime_broker_runtime_lost, retryable=true, message=Runtime is lost; recovery requires complete evidence and cleanup]
1790844015121	2	dispatch lease of 630fd9d2-94b7-4e65-81ab-3b2426283662 lapsed	REJECT	com.alibaba.qwen.code.runtimebroker.ToolExecutionRecord@ce5a68e
1790844015179	2	dispatch lease of 630fd9d2-94b7-4e65-81ab-3b2426283662 lapsed	REJECT	com.alibaba.qwen.code.runtimebroker.ToolExecutionRecord@5df417a7
1790844015237	2	dispatch lease of 630fd9d2-94b7-4e65-81ab-3b2426283662 lapsed	REJECT	com.alibaba.qwen.code.runtimebroker.ToolExecutionRecord@61078690
1790844015295	2	dispatch lease of 630fd9d2-94b7-4e65-81ab-3b2426283662 lapsed	REJECT	com.alibaba.qwen.code.runtimebroker.ToolExecutionRecord@71c5b236
1790844015352	2	dispatch lease of 630fd9d2-94b7-4e65-81ab-3b2426283662 lapsed	REJECT	com.alibaba.qwen.code.runtimebroker.ToolExecutionRecord@669513d8
1790844015409	2	dispatch lease of 630fd9d2-94b7-4e65-81ab-3b2426283662 lapsed	REJECT	com.alibaba.qwen.code.runtimebroker.ToolExecutionRecord@361c294e
1790844015467	2	dispatch lease of 630fd9d2-94b7-4e65-81ab-3b2426283662 lapsed	REJECT	com.alibaba.qwen.code.runtimebroker.ToolExecutionRecord@314b8f2d
1790844015524	2	dispatch lease of 630fd9d2-94b7-4e65-81ab-3b2426283662 lapsed	REJECT	com.alibaba.qwen.code.runtimebroker.ToolExecutionRecord@15a902e7
1790844015584	2	dispatch lease of 630fd9d2-94b7-4e65-81ab-3b2426283662 lapsed	REJECT	com.alibaba.qwen.code.runtimebroker.ToolExecutionRecord@5af28b27
1790844015642	2	dispatch lease of 630fd9d2-94b7-4e65-81ab-3b2426283662 lapsed	REJECT	com.alibaba.qwen.code.runtimebroker.ToolExecutionRecord@72f46e16
1790844015699	2	dispatch lease of 630fd9d2-94b7-4e65-81ab-3b2426283662 lapsed	REJECT	com.alibaba.qwen.code.runtimebroker.ToolExecutionRecord@549621f3
1790844015756	2	dispatch lease of 630fd9d2-94b7-4e65-81ab-3b2426283662 lapsed	REJECT	com.alibaba.qwen.code.runtimebroker.ToolExecutionRecord@5217f3d0
1790844015814	2	dispatch lease of 630fd9d2-94b7-4e65-81ab-3b2426283662 lapsed	REJECT	com.alibaba.qwen.code.runtimebroker.ToolExecutionRecord@2416a51
1790844015872	2	dispatch lease of 630fd9d2-94b7-4e65-81ab-3b2426283662 lapsed	REJECT	com.alibaba.qwen.code.runtimebroker.ToolExecutionRecord@72e34f77
1790844015928	2	dispatch lease of 630fd9d2-94b7-4e65-81ab-3b2426283662 lapsed	REJECT	com.alibaba.qwen.code.runtimebroker.ToolExecutionRecord@77307458
1790844015993	2	dispatch lease of 630fd9d2-94b7-4e65-81ab-3b2426283662 lapsed	REJECT	com.alibaba.qwen.code.runtimebroker.ToolExecutionRecord@47874b25
1790844016050	2	dispatch lease of 630fd9d2-94b7-4e65-81ab-3b2426283662 lapsed	REJECT	com.alibaba.qwen.code.runtimebroker.ToolExecutionRecord@5db4c359
1790844016108	2	dispatch lease of 630fd9d2-94b7-4e65-81ab-3b2426283662 lapsed	REJECT	com.alibaba.qwen.code.runtimebroker.ToolExecutionRecord@f9b7332
1790844016164	2	dispatch lease of 630fd9d2-94b7-4e65-81ab-3b2426283662 lapsed	REJECT	com.alibaba.qwen.code.runtimebroker.ToolExecutionRecord@4f8969b0
1790844016220	2	dispatch lease of 630fd9d2-94b7-4e65-81ab-3b2426283662 lapsed	REJECT	com.alibaba.qwen.code.runtimebroker.ToolExecutionRecord@8a589a2
1790844016277	2	dispatch lease of 630fd9d2-94b7-4e65-81ab-3b2426283662 lapsed	REJECT	com.alibaba.qwen.code.runtimebroker.ToolExecutionRecord@b672aa8
1790844016334	2	dispatch lease of 630fd9d2-94b7-4e65-81ab-3b2426283662 lapsed	REJECT	com.alibaba.qwen.code.runtimebroker.ToolExecutionRecord@6e46d9f4
1790844016392	2	dispatch lease of 630fd9d2-94b7-4e65-81ab-3b2426283662 lapsed	REJECT	com.alibaba.qwen.code.runtimebroker.ToolExecutionRecord@21c64522
1790844016448	2	dispatch lease of 630fd9d2-94b7-4e65-81ab-3b2426283662 lapsed	REJECT	com.alibaba.qwen.code.runtimebroker.ToolExecutionRecord@460f76a6
1790844016505	2	dispatch lease of 630fd9d2-94b7-4e65-81ab-3b2426283662 lapsed	REJECT	com.alibaba.qwen.code.runtimebroker.ToolExecutionRecord@770d4269
1790844016561	2	dispatch lease of 630fd9d2-94b7-4e65-81ab-3b2426283662 lapsed	REJECT	com.alibaba.qwen.code.runtimebroker.ToolExecutionRecord@76a82f33
1790844016618	2	dispatch lease of 630fd9d2-94b7-4e65-81ab-3b2426283662 lapsed	REJECT	com.alibaba.qwen.code.runtimebroker.ToolExecutionRecord@644c78d4
1790844016675	2	dispatch lease of 630fd9d2-94b7-4e65-81ab-3b2426283662 lapsed	REJECT	com.alibaba.qwen.code.runtimebroker.ToolExecutionRecord@7bb3a9fe
1790844016732	2	dispatch lease of 630fd9d2-94b7-4e65-81ab-3b2426283662 lapsed	REJECT	com.alibaba.qwen.code.runtimebroker.ToolExecutionRecord@62923ee6
1790844016788	2	dispatch lease of 630fd9d2-94b7-4e65-81ab-3b2426283662 lapsed	REJECT	com.alibaba.qwen.code.runtimebroker.ToolExecutionRecord@7807ac2c
1790844016846	2	dispatch lease of 630fd9d2-94b7-4e65-81ab-3b2426283662 lapsed	REJECT	com.alibaba.qwen.code.runtimebroker.ToolExecutionRecord@a77614d
1790844016903	2	dispatch lease of 630fd9d2-94b7-4e65-81ab-3b2426283662 lapsed	REJECT	com.alibaba.qwen.code.runtimebroker.ToolExecutionRecord@a1217f9
1790844016960	2	dispatch lease of 630fd9d2-94b7-4e65-81ab-3b2426283662 lapsed	REJECT	com.alibaba.qwen.code.runtimebroker.ToolExecutionRecord@2baa8d82
1790844017016	2	dispatch lease of 630fd9d2-94b7-4e65-81ab-3b2426283662 lapsed	ACCEPT	com.alibaba.qwen.code.runtimebroker.ToolExecutionRecord@a7e2d9d
1790844037472	2	marker = [start]	ACCEPT	[start]
1790844037772	2	dispatch lease of fea13e59-338a-4e9a-b599-e05459cf0284 lapsed	REJECT	com.alibaba.qwen.code.runtimebroker.ToolExecutionRecord@4c36250e
1790844037830	2	dispatch lease of fea13e59-338a-4e9a-b599-e05459cf0284 lapsed	REJECT	com.alibaba.qwen.code.runtimebroker.ToolExecutionRecord@299266e2
1790844037887	2	dispatch lease of fea13e59-338a-4e9a-b599-e05459cf0284 lapsed	REJECT	com.alibaba.qwen.code.runtimebroker.ToolExecutionRecord@1601e47
1790844037943	2	dispatch lease of fea13e59-338a-4e9a-b599-e05459cf0284 lapsed	REJECT	com.alibaba.qwen.code.runtimebroker.ToolExecutionRecord@50687efb
1790844037999	2	dispatch lease of fea13e59-338a-4e9a-b599-e05459cf0284 lapsed	REJECT	com.alibaba.qwen.code.runtimebroker.ToolExecutionRecord@4a9cc6cb
1790844038057	2	dispatch lease of fea13e59-338a-4e9a-b599-e05459cf0284 lapsed	REJECT	com.alibaba.qwen.code.runtimebroker.ToolExecutionRecord@35d6ca49
1790844038114	2	dispatch lease of fea13e59-338a-4e9a-b599-e05459cf0284 lapsed	REJECT	com.alibaba.qwen.code.runtimebroker.ToolExecutionRecord@12cd9150
1790844038170	2	dispatch lease of fea13e59-338a-4e9a-b599-e05459cf0284 lapsed	REJECT	com.alibaba.qwen.code.runtimebroker.ToolExecutionRecord@cf65451
1790844038226	2	dispatch lease of fea13e59-338a-4e9a-b599-e05459cf0284 lapsed	REJECT	com.alibaba.qwen.code.runtimebroker.ToolExecutionRecord@32fe9d0a
1790844038282	2	dispatch lease of fea13e59-338a-4e9a-b599-e05459cf0284 lapsed	REJECT	com.alibaba.qwen.code.runtimebroker.ToolExecutionRecord@46074492
1790844038340	2	dispatch lease of fea13e59-338a-4e9a-b599-e05459cf0284 lapsed	REJECT	com.alibaba.qwen.code.runtimebroker.ToolExecutionRecord@47428937
1790844038396	2	dispatch lease of fea13e59-338a-4e9a-b599-e05459cf0284 lapsed	REJECT	com.alibaba.qwen.code.runtimebroker.ToolExecutionRecord@21694e53
1790844038452	2	dispatch lease of fea13e59-338a-4e9a-b599-e05459cf0284 lapsed	REJECT	com.alibaba.qwen.code.runtimebroker.ToolExecutionRecord@70fab835
1790844038508	2	dispatch lease of fea13e59-338a-4e9a-b599-e05459cf0284 lapsed	REJECT	com.alibaba.qwen.code.runtimebroker.ToolExecutionRecord@32057e6
1790844038564	2	dispatch lease of fea13e59-338a-4e9a-b599-e05459cf0284 lapsed	REJECT	com.alibaba.qwen.code.runtimebroker.ToolExecutionRecord@759fad4
1790844038622	2	dispatch lease of fea13e59-338a-4e9a-b599-e05459cf0284 lapsed	REJECT	com.alibaba.qwen.code.runtimebroker.ToolExecutionRecord@30ed9c6c
1790844038678	2	dispatch lease of fea13e59-338a-4e9a-b599-e05459cf0284 lapsed	REJECT	com.alibaba.qwen.code.runtimebroker.ToolExecutionRecord@59fc684e
1790844038734	2	dispatch lease of fea13e59-338a-4e9a-b599-e05459cf0284 lapsed	REJECT	com.alibaba.qwen.code.runtimebroker.ToolExecutionRecord@5ae76500
1790844038790	2	dispatch lease of fea13e59-338a-4e9a-b599-e05459cf0284 lapsed	REJECT	com.alibaba.qwen.code.runtimebroker.ToolExecutionRecord@355e34c7
1790844038846	2	dispatch lease of fea13e59-338a-4e9a-b599-e05459cf0284 lapsed	REJECT	com.alibaba.qwen.code.runtimebroker.ToolExecutionRecord@24f360b2
1790844038902	2	dispatch lease of fea13e59-338a-4e9a-b599-e05459cf0284 lapsed	REJECT	com.alibaba.qwen.code.runtimebroker.ToolExecutionRecord@770d0ea6
1790844038958	2	dispatch lease of fea13e59-338a-4e9a-b599-e05459cf0284 lapsed	REJECT	com.alibaba.qwen.code.runtimebroker.ToolExecutionRecord@1b11ef33
1790844039014	2	dispatch lease of fea13e59-338a-4e9a-b599-e05459cf0284 lapsed	REJECT	com.alibaba.qwen.code.runtimebroker.ToolExecutionRecord@3bd7f8dc
1790844039071	2	dispatch lease of fea13e59-338a-4e9a-b599-e05459cf0284 lapsed	REJECT	com.alibaba.qwen.code.runtimebroker.ToolExecutionRecord@21ec5d87
1790844039128	2	dispatch lease of fea13e59-338a-4e9a-b599-e05459cf0284 lapsed	REJECT	com.alibaba.qwen.code.runtimebroker.ToolExecutionRecord@1a69561c
1790844039184	2	dispatch lease of fea13e59-338a-4e9a-b599-e05459cf0284 lapsed	REJECT	com.alibaba.qwen.code.runtimebroker.ToolExecutionRecord@4b21844c
1790844039240	2	dispatch lease of fea13e59-338a-4e9a-b599-e05459cf0284 lapsed	REJECT	com.alibaba.qwen.code.runtimebroker.ToolExecutionRecord@5e77f0f4
1790844039296	2	dispatch lease of fea13e59-338a-4e9a-b599-e05459cf0284 lapsed	REJECT	com.alibaba.qwen.code.runtimebroker.ToolExecutionRecord@29876704
1790844039352	2	dispatch lease of fea13e59-338a-4e9a-b599-e05459cf0284 lapsed	REJECT	com.alibaba.qwen.code.runtimebroker.ToolExecutionRecord@16423501
1790844039408	2	dispatch lease of fea13e59-338a-4e9a-b599-e05459cf0284 lapsed	REJECT	com.alibaba.qwen.code.runtimebroker.ToolExecutionRecord@379ab47b
1790844039464	2	dispatch lease of fea13e59-338a-4e9a-b599-e05459cf0284 lapsed	REJECT	com.alibaba.qwen.code.runtimebroker.ToolExecutionRecord@2c95ac9e
1790844039520	2	dispatch lease of fea13e59-338a-4e9a-b599-e05459cf0284 lapsed	REJECT	com.alibaba.qwen.code.runtimebroker.ToolExecutionRecord@7cc586a8
1790844039576	2	dispatch lease of fea13e59-338a-4e9a-b599-e05459cf0284 lapsed	REJECT	com.alibaba.qwen.code.runtimebroker.ToolExecutionRecord@7a56812e
1790844039633	2	dispatch lease of fea13e59-338a-4e9a-b599-e05459cf0284 lapsed	REJECT	com.alibaba.qwen.code.runtimebroker.ToolExecutionRecord@2f4854d6
1790844039689	2	dispatch lease of fea13e59-338a-4e9a-b599-e05459cf0284 lapsed	REJECT	com.alibaba.qwen.code.runtimebroker.ToolExecutionRecord@e6516e
1790844039745	2	dispatch lease of fea13e59-338a-4e9a-b599-e05459cf0284 lapsed	REJECT	com.alibaba.qwen.code.runtimebroker.ToolExecutionRecord@388ffbc2
1790844039801	2	dispatch lease of fea13e59-338a-4e9a-b599-e05459cf0284 lapsed	REJECT	com.alibaba.qwen.code.runtimebroker.ToolExecutionRecord@6691490c
1790844039858	2	dispatch lease of fea13e59-338a-4e9a-b599-e05459cf0284 lapsed	REJECT	com.alibaba.qwen.code.runtimebroker.ToolExecutionRecord@21d5c1a0
1790844039915	2	dispatch lease of fea13e59-338a-4e9a-b599-e05459cf0284 lapsed	REJECT	com.alibaba.qwen.code.runtimebroker.ToolExecutionRecord@1eef9aef
1790844039971	2	dispatch lease of fea13e59-338a-4e9a-b599-e05459cf0284 lapsed	REJECT	com.alibaba.qwen.code.runtimebroker.ToolExecutionRecord@3ec11999
1790844040027	2	dispatch lease of fea13e59-338a-4e9a-b599-e05459cf0284 lapsed	ACCEPT	com.alibaba.qwen.code.runtimebroker.ToolExecutionRecord@18cc679e
1790844048260	2	reconciliation from evidence	ACCEPT	ALREADY_SETTLED
1790844061221	2	dispatch lease of ccea91a9-7912-416e-8d0a-f874ce28fc35 lapsed	REJECT	com.alibaba.qwen.code.runtimebroker.ToolExecutionRecord@44ea608c
1790844061278	2	dispatch lease of ccea91a9-7912-416e-8d0a-f874ce28fc35 lapsed	REJECT	com.alibaba.qwen.code.runtimebroker.ToolExecutionRecord@273c947f
1790844061335	2	dispatch lease of ccea91a9-7912-416e-8d0a-f874ce28fc35 lapsed	REJECT	com.alibaba.qwen.code.runtimebroker.ToolExecutionRecord@632aa1a3
1790844061392	2	dispatch lease of ccea91a9-7912-416e-8d0a-f874ce28fc35 lapsed	REJECT	com.alibaba.qwen.code.runtimebroker.ToolExecutionRecord@2899a8db
1790844061450	2	dispatch lease of ccea91a9-7912-416e-8d0a-f874ce28fc35 lapsed	REJECT	com.alibaba.qwen.code.runtimebroker.ToolExecutionRecord@76b0ae1b
1790844061507	2	dispatch lease of ccea91a9-7912-416e-8d0a-f874ce28fc35 lapsed	REJECT	com.alibaba.qwen.code.runtimebroker.ToolExecutionRecord@12365c88
1790844061565	2	dispatch lease of ccea91a9-7912-416e-8d0a-f874ce28fc35 lapsed	REJECT	com.alibaba.qwen.code.runtimebroker.ToolExecutionRecord@77e2a6e2
1790844061622	2	dispatch lease of ccea91a9-7912-416e-8d0a-f874ce28fc35 lapsed	REJECT	com.alibaba.qwen.code.runtimebroker.ToolExecutionRecord@6e0d4a8
1790844061681	2	dispatch lease of ccea91a9-7912-416e-8d0a-f874ce28fc35 lapsed	REJECT	com.alibaba.qwen.code.runtimebroker.ToolExecutionRecord@5bb3d42d
1790844061738	2	dispatch lease of ccea91a9-7912-416e-8d0a-f874ce28fc35 lapsed	REJECT	com.alibaba.qwen.code.runtimebroker.ToolExecutionRecord@b273a59
1790844061796	2	dispatch lease of ccea91a9-7912-416e-8d0a-f874ce28fc35 lapsed	REJECT	com.alibaba.qwen.code.runtimebroker.ToolExecutionRecord@29b732a2
1790844061853	2	dispatch lease of ccea91a9-7912-416e-8d0a-f874ce28fc35 lapsed	REJECT	com.alibaba.qwen.code.runtimebroker.ToolExecutionRecord@15051a0
1790844061916	2	dispatch lease of ccea91a9-7912-416e-8d0a-f874ce28fc35 lapsed	REJECT	com.alibaba.qwen.code.runtimebroker.ToolExecutionRecord@62df0ff3
1790844061973	2	dispatch lease of ccea91a9-7912-416e-8d0a-f874ce28fc35 lapsed	REJECT	com.alibaba.qwen.code.runtimebroker.ToolExecutionRecord@26f3d90c
1790844062031	2	dispatch lease of ccea91a9-7912-416e-8d0a-f874ce28fc35 lapsed	REJECT	com.alibaba.qwen.code.runtimebroker.ToolExecutionRecord@74518890
1790844062088	2	dispatch lease of ccea91a9-7912-416e-8d0a-f874ce28fc35 lapsed	REJECT	com.alibaba.qwen.code.runtimebroker.ToolExecutionRecord@14c053c6
1790844062145	2	dispatch lease of ccea91a9-7912-416e-8d0a-f874ce28fc35 lapsed	REJECT	com.alibaba.qwen.code.runtimebroker.ToolExecutionRecord@6134ac4a
1790844062204	2	dispatch lease of ccea91a9-7912-416e-8d0a-f874ce28fc35 lapsed	REJECT	com.alibaba.qwen.code.runtimebroker.ToolExecutionRecord@73e132e0
1790844062261	2	dispatch lease of ccea91a9-7912-416e-8d0a-f874ce28fc35 lapsed	REJECT	com.alibaba.qwen.code.runtimebroker.ToolExecutionRecord@589b028e
1790844062318	2	dispatch lease of ccea91a9-7912-416e-8d0a-f874ce28fc35 lapsed	REJECT	com.alibaba.qwen.code.runtimebroker.ToolExecutionRecord@3b809711
1790844062375	2	dispatch lease of ccea91a9-7912-416e-8d0a-f874ce28fc35 lapsed	REJECT	com.alibaba.qwen.code.runtimebroker.ToolExecutionRecord@5c84624f
1790844062433	2	dispatch lease of ccea91a9-7912-416e-8d0a-f874ce28fc35 lapsed	REJECT	com.alibaba.qwen.code.runtimebroker.ToolExecutionRecord@55a8dc49
1790844062491	2	dispatch lease of ccea91a9-7912-416e-8d0a-f874ce28fc35 lapsed	REJECT	com.alibaba.qwen.code.runtimebroker.ToolExecutionRecord@71ea1fda
1790844062548	2	dispatch lease of ccea91a9-7912-416e-8d0a-f874ce28fc35 lapsed	REJECT	com.alibaba.qwen.code.runtimebroker.ToolExecutionRecord@7e11ab3d
1790844062605	2	dispatch lease of ccea91a9-7912-416e-8d0a-f874ce28fc35 lapsed	REJECT	com.alibaba.qwen.code.runtimebroker.ToolExecutionRecord@5b43e173
1790844062663	2	dispatch lease of ccea91a9-7912-416e-8d0a-f874ce28fc35 lapsed	REJECT	com.alibaba.qwen.code.runtimebroker.ToolExecutionRecord@66f66866
1790844062721	2	dispatch lease of ccea91a9-7912-416e-8d0a-f874ce28fc35 lapsed	REJECT	com.alibaba.qwen.code.runtimebroker.ToolExecutionRecord@6594402a
1790844062778	2	dispatch lease of ccea91a9-7912-416e-8d0a-f874ce28fc35 lapsed	REJECT	com.alibaba.qwen.code.runtimebroker.ToolExecutionRecord@3e1162e7
1790844062837	2	dispatch lease of ccea91a9-7912-416e-8d0a-f874ce28fc35 lapsed	REJECT	com.alibaba.qwen.code.runtimebroker.ToolExecutionRecord@350b3a17
1790844062895	2	dispatch lease of ccea91a9-7912-416e-8d0a-f874ce28fc35 lapsed	REJECT	com.alibaba.qwen.code.runtimebroker.ToolExecutionRecord@721eb7df
1790844062952	2	dispatch lease of ccea91a9-7912-416e-8d0a-f874ce28fc35 lapsed	REJECT	com.alibaba.qwen.code.runtimebroker.ToolExecutionRecord@5298dead
1790844063009	2	dispatch lease of ccea91a9-7912-416e-8d0a-f874ce28fc35 lapsed	ACCEPT	com.alibaba.qwen.code.runtimebroker.ToolExecutionRecord@4e406694
1790844071246	2	reconciliation from evidence	ACCEPT	ALREADY_SETTLED
1790844080948	2	marker = [start]	ACCEPT	[start]
1790844090681	2	marker = [start, end]	ACCEPT	[start, end]
1790844096159	2	startup adoption	REJECT	Reply[ok=false, value=null, status=503, code=runtime_provisioning_in_progress, retryable=true, message=another Broker owns Runtime provisioning]
1790844098784	2	startup adoption	ACCEPT	Reply[ok=true, value={"bindingId":"acd49ae4-3168-492e-babb-5d6ee5d3c214","generation":1,"state":"READY"}, status=0, code=null, retryable=false, message=null]
1790844107711	2	startup adoption	REJECT	Reply[ok=false, value=null, status=503, code=runtime_provisioning_in_progress, retryable=true, message=another Broker owns Runtime provisioning]
1790844110354	2	startup adoption	ACCEPT	Reply[ok=true, value={"bindingId":"5bc52bc0-331b-48b0-9b09-5c847c1483fd","generation":1,"state":"READY"}, status=0, code=null, retryable=false, message=null]
1790844124044	2	marker = [start]	ACCEPT	[start]
1790844131317	2	original worker loss after recovery fencing	ACCEPT	Reply[ok=false, value=null, status=503, code=runtime_broker_runtime_lost, retryable=true, message=Runtime is lost; recovery requires complete evidence and cleanup]
1790844141172	2	project/marker = [start]	ACCEPT	[start]
1790844148437	2	original worker loss after recovery fencing	ACCEPT	Reply[ok=false, value=null, status=503, code=runtime_broker_runtime_lost, retryable=true, message=Runtime is lost; recovery requires complete evidence and cleanup]
1790844194154	2	marker = [start]	ACCEPT	[start]
1790844202255	2	dispatch lease of 1238fc45-0fce-4866-9f2b-37b1754e810d lapsed	REJECT	com.alibaba.qwen.code.runtimebroker.ToolExecutionRecord@7f4d9395
1790844202311	2	dispatch lease of 1238fc45-0fce-4866-9f2b-37b1754e810d lapsed	REJECT	com.alibaba.qwen.code.runtimebroker.ToolExecutionRecord@6a078481
1790844202372	2	dispatch lease of 1238fc45-0fce-4866-9f2b-37b1754e810d lapsed	REJECT	com.alibaba.qwen.code.runtimebroker.ToolExecutionRecord@718607eb
1790844202428	2	dispatch lease of 1238fc45-0fce-4866-9f2b-37b1754e810d lapsed	REJECT	com.alibaba.qwen.code.runtimebroker.ToolExecutionRecord@2617f816
1790844202485	2	dispatch lease of 1238fc45-0fce-4866-9f2b-37b1754e810d lapsed	REJECT	com.alibaba.qwen.code.runtimebroker.ToolExecutionRecord@535b8c24
1790844202541	2	dispatch lease of 1238fc45-0fce-4866-9f2b-37b1754e810d lapsed	REJECT	com.alibaba.qwen.code.runtimebroker.ToolExecutionRecord@a53bb6f
1790844202602	2	dispatch lease of 1238fc45-0fce-4866-9f2b-37b1754e810d lapsed	REJECT	com.alibaba.qwen.code.runtimebroker.ToolExecutionRecord@33a053d
1790844202659	2	dispatch lease of 1238fc45-0fce-4866-9f2b-37b1754e810d lapsed	REJECT	com.alibaba.qwen.code.runtimebroker.ToolExecutionRecord@867ba60
1790844202715	2	dispatch lease of 1238fc45-0fce-4866-9f2b-37b1754e810d lapsed	REJECT	com.alibaba.qwen.code.runtimebroker.ToolExecutionRecord@55b5e331
1790844202771	2	dispatch lease of 1238fc45-0fce-4866-9f2b-37b1754e810d lapsed	REJECT	com.alibaba.qwen.code.runtimebroker.ToolExecutionRecord@3f3c7bdb
1790844202827	2	dispatch lease of 1238fc45-0fce-4866-9f2b-37b1754e810d lapsed	REJECT	com.alibaba.qwen.code.runtimebroker.ToolExecutionRecord@7da10b5b
1790844202884	2	dispatch lease of 1238fc45-0fce-4866-9f2b-37b1754e810d lapsed	REJECT	com.alibaba.qwen.code.runtimebroker.ToolExecutionRecord@2e16b08d
1790844202940	2	dispatch lease of 1238fc45-0fce-4866-9f2b-37b1754e810d lapsed	REJECT	com.alibaba.qwen.code.runtimebroker.ToolExecutionRecord@42561fba
1790844202995	2	dispatch lease of 1238fc45-0fce-4866-9f2b-37b1754e810d lapsed	REJECT	com.alibaba.qwen.code.runtimebroker.ToolExecutionRecord@408613cc
1790844203051	2	dispatch lease of 1238fc45-0fce-4866-9f2b-37b1754e810d lapsed	REJECT	com.alibaba.qwen.code.runtimebroker.ToolExecutionRecord@63a5d002
1790844203107	2	dispatch lease of 1238fc45-0fce-4866-9f2b-37b1754e810d lapsed	REJECT	com.alibaba.qwen.code.runtimebroker.ToolExecutionRecord@3af9aa66
1790844203163	2	dispatch lease of 1238fc45-0fce-4866-9f2b-37b1754e810d lapsed	REJECT	com.alibaba.qwen.code.runtimebroker.ToolExecutionRecord@62d0ac62
1790844203218	2	dispatch lease of 1238fc45-0fce-4866-9f2b-37b1754e810d lapsed	REJECT	com.alibaba.qwen.code.runtimebroker.ToolExecutionRecord@3003697
1790844203273	2	dispatch lease of 1238fc45-0fce-4866-9f2b-37b1754e810d lapsed	REJECT	com.alibaba.qwen.code.runtimebroker.ToolExecutionRecord@437ebf59
1790844203328	2	dispatch lease of 1238fc45-0fce-4866-9f2b-37b1754e810d lapsed	REJECT	com.alibaba.qwen.code.runtimebroker.ToolExecutionRecord@2d691f3d
1790844203385	2	dispatch lease of 1238fc45-0fce-4866-9f2b-37b1754e810d lapsed	REJECT	com.alibaba.qwen.code.runtimebroker.ToolExecutionRecord@1da6ee17
1790844203440	2	dispatch lease of 1238fc45-0fce-4866-9f2b-37b1754e810d lapsed	REJECT	com.alibaba.qwen.code.runtimebroker.ToolExecutionRecord@5b69d40d
1790844203496	2	dispatch lease of 1238fc45-0fce-4866-9f2b-37b1754e810d lapsed	REJECT	com.alibaba.qwen.code.runtimebroker.ToolExecutionRecord@2516fc68
1790844203551	2	dispatch lease of 1238fc45-0fce-4866-9f2b-37b1754e810d lapsed	REJECT	com.alibaba.qwen.code.runtimebroker.ToolExecutionRecord@72889280
1790844203608	2	dispatch lease of 1238fc45-0fce-4866-9f2b-37b1754e810d lapsed	REJECT	com.alibaba.qwen.code.runtimebroker.ToolExecutionRecord@2d140a7
1790844203663	2	dispatch lease of 1238fc45-0fce-4866-9f2b-37b1754e810d lapsed	REJECT	com.alibaba.qwen.code.runtimebroker.ToolExecutionRecord@7f34a967
1790844203719	2	dispatch lease of 1238fc45-0fce-4866-9f2b-37b1754e810d lapsed	REJECT	com.alibaba.qwen.code.runtimebroker.ToolExecutionRecord@240139e1
1790844203775	2	dispatch lease of 1238fc45-0fce-4866-9f2b-37b1754e810d lapsed	REJECT	com.alibaba.qwen.code.runtimebroker.ToolExecutionRecord@253c1256
1790844203830	2	dispatch lease of 1238fc45-0fce-4866-9f2b-37b1754e810d lapsed	REJECT	com.alibaba.qwen.code.runtimebroker.ToolExecutionRecord@55f45b92
1790844203886	2	dispatch lease of 1238fc45-0fce-4866-9f2b-37b1754e810d lapsed	REJECT	com.alibaba.qwen.code.runtimebroker.ToolExecutionRecord@4a325eb9
1790844203942	2	dispatch lease of 1238fc45-0fce-4866-9f2b-37b1754e810d lapsed	REJECT	com.alibaba.qwen.code.runtimebroker.ToolExecutionRecord@415e0bcb
1790844203999	2	dispatch lease of 1238fc45-0fce-4866-9f2b-37b1754e810d lapsed	REJECT	com.alibaba.qwen.code.runtimebroker.ToolExecutionRecord@2c30b71f
1790844204054	2	dispatch lease of 1238fc45-0fce-4866-9f2b-37b1754e810d lapsed	REJECT	com.alibaba.qwen.code.runtimebroker.ToolExecutionRecord@bf71cec
1790844204111	2	dispatch lease of 1238fc45-0fce-4866-9f2b-37b1754e810d lapsed	REJECT	com.alibaba.qwen.code.runtimebroker.ToolExecutionRecord@1654a892
1790844204166	2	dispatch lease of 1238fc45-0fce-4866-9f2b-37b1754e810d lapsed	REJECT	com.alibaba.qwen.code.runtimebroker.ToolExecutionRecord@6c000e0c
1790844204221	2	dispatch lease of 1238fc45-0fce-4866-9f2b-37b1754e810d lapsed	REJECT	com.alibaba.qwen.code.runtimebroker.ToolExecutionRecord@6974a715
1790844204277	2	dispatch lease of 1238fc45-0fce-4866-9f2b-37b1754e810d lapsed	REJECT	com.alibaba.qwen.code.runtimebroker.ToolExecutionRecord@4c9e9fb8
1790844204332	2	dispatch lease of 1238fc45-0fce-4866-9f2b-37b1754e810d lapsed	REJECT	com.alibaba.qwen.code.runtimebroker.ToolExecutionRecord@210f0cc1
1790844204388	2	dispatch lease of 1238fc45-0fce-4866-9f2b-37b1754e810d lapsed	REJECT	com.alibaba.qwen.code.runtimebroker.ToolExecutionRecord@c7a977f
1790844204444	2	dispatch lease of 1238fc45-0fce-4866-9f2b-37b1754e810d lapsed	REJECT	com.alibaba.qwen.code.runtimebroker.ToolExecutionRecord@2c383e33
1790844204499	2	dispatch lease of 1238fc45-0fce-4866-9f2b-37b1754e810d lapsed	REJECT	com.alibaba.qwen.code.runtimebroker.ToolExecutionRecord@2fa3be26
1790844204555	2	dispatch lease of 1238fc45-0fce-4866-9f2b-37b1754e810d lapsed	REJECT	com.alibaba.qwen.code.runtimebroker.ToolExecutionRecord@4e6d7365
1790844204618	2	dispatch lease of 1238fc45-0fce-4866-9f2b-37b1754e810d lapsed	REJECT	com.alibaba.qwen.code.runtimebroker.ToolExecutionRecord@21ae6e73
1790844204674	2	dispatch lease of 1238fc45-0fce-4866-9f2b-37b1754e810d lapsed	REJECT	com.alibaba.qwen.code.runtimebroker.ToolExecutionRecord@36a7abe1
1790844204729	2	dispatch lease of 1238fc45-0fce-4866-9f2b-37b1754e810d lapsed	REJECT	com.alibaba.qwen.code.runtimebroker.ToolExecutionRecord@11a82d0f
1790844204784	2	dispatch lease of 1238fc45-0fce-4866-9f2b-37b1754e810d lapsed	REJECT	com.alibaba.qwen.code.runtimebroker.ToolExecutionRecord@16943e88
1790844204839	2	dispatch lease of 1238fc45-0fce-4866-9f2b-37b1754e810d lapsed	REJECT	com.alibaba.qwen.code.runtimebroker.ToolExecutionRecord@e36bb2a
1790844204895	2	dispatch lease of 1238fc45-0fce-4866-9f2b-37b1754e810d lapsed	REJECT	com.alibaba.qwen.code.runtimebroker.ToolExecutionRecord@367795c7
1790844204951	2	dispatch lease of 1238fc45-0fce-4866-9f2b-37b1754e810d lapsed	REJECT	com.alibaba.qwen.code.runtimebroker.ToolExecutionRecord@1500e009
1790844205006	2	dispatch lease of 1238fc45-0fce-4866-9f2b-37b1754e810d lapsed	ACCEPT	com.alibaba.qwen.code.runtimebroker.ToolExecutionRecord@29d334c
1790844209504	2	cancelled original call	ACCEPT	RESOLVED
1790844220753	2	project/marker = [start]	ACCEPT	[start]
1790844228852	2	dispatch lease of 0f3a3d85-241b-4795-b0c5-c2369f7bbf5d lapsed	REJECT	com.alibaba.qwen.code.runtimebroker.ToolExecutionRecord@7d0332e1
1790844228907	2	dispatch lease of 0f3a3d85-241b-4795-b0c5-c2369f7bbf5d lapsed	REJECT	com.alibaba.qwen.code.runtimebroker.ToolExecutionRecord@377c68c6
1790844228964	2	dispatch lease of 0f3a3d85-241b-4795-b0c5-c2369f7bbf5d lapsed	REJECT	com.alibaba.qwen.code.runtimebroker.ToolExecutionRecord@430fa4ef
1790844229019	2	dispatch lease of 0f3a3d85-241b-4795-b0c5-c2369f7bbf5d lapsed	REJECT	com.alibaba.qwen.code.runtimebroker.ToolExecutionRecord@654c1a54
1790844229075	2	dispatch lease of 0f3a3d85-241b-4795-b0c5-c2369f7bbf5d lapsed	REJECT	com.alibaba.qwen.code.runtimebroker.ToolExecutionRecord@1ce93c18
1790844229130	2	dispatch lease of 0f3a3d85-241b-4795-b0c5-c2369f7bbf5d lapsed	REJECT	com.alibaba.qwen.code.runtimebroker.ToolExecutionRecord@46044faa
1790844229187	2	dispatch lease of 0f3a3d85-241b-4795-b0c5-c2369f7bbf5d lapsed	REJECT	com.alibaba.qwen.code.runtimebroker.ToolExecutionRecord@19f9d595
1790844229242	2	dispatch lease of 0f3a3d85-241b-4795-b0c5-c2369f7bbf5d lapsed	REJECT	com.alibaba.qwen.code.runtimebroker.ToolExecutionRecord@778ca8ef
1790844229298	2	dispatch lease of 0f3a3d85-241b-4795-b0c5-c2369f7bbf5d lapsed	REJECT	com.alibaba.qwen.code.runtimebroker.ToolExecutionRecord@261d8190
1790844229353	2	dispatch lease of 0f3a3d85-241b-4795-b0c5-c2369f7bbf5d lapsed	REJECT	com.alibaba.qwen.code.runtimebroker.ToolExecutionRecord@907f2b7
1790844229408	2	dispatch lease of 0f3a3d85-241b-4795-b0c5-c2369f7bbf5d lapsed	REJECT	com.alibaba.qwen.code.runtimebroker.ToolExecutionRecord@7dc51783
1790844229465	2	dispatch lease of 0f3a3d85-241b-4795-b0c5-c2369f7bbf5d lapsed	REJECT	com.alibaba.qwen.code.runtimebroker.ToolExecutionRecord@65e7f52a
1790844229520	2	dispatch lease of 0f3a3d85-241b-4795-b0c5-c2369f7bbf5d lapsed	REJECT	com.alibaba.qwen.code.runtimebroker.ToolExecutionRecord@107e5441
1790844229576	2	dispatch lease of 0f3a3d85-241b-4795-b0c5-c2369f7bbf5d lapsed	REJECT	com.alibaba.qwen.code.runtimebroker.ToolExecutionRecord@1f14f20c
1790844229632	2	dispatch lease of 0f3a3d85-241b-4795-b0c5-c2369f7bbf5d lapsed	REJECT	com.alibaba.qwen.code.runtimebroker.ToolExecutionRecord@6e4ea0bd
1790844229688	2	dispatch lease of 0f3a3d85-241b-4795-b0c5-c2369f7bbf5d lapsed	REJECT	com.alibaba.qwen.code.runtimebroker.ToolExecutionRecord@1059754c
1790844229744	2	dispatch lease of 0f3a3d85-241b-4795-b0c5-c2369f7bbf5d lapsed	REJECT	com.alibaba.qwen.code.runtimebroker.ToolExecutionRecord@7f4037ed
1790844229799	2	dispatch lease of 0f3a3d85-241b-4795-b0c5-c2369f7bbf5d lapsed	REJECT	com.alibaba.qwen.code.runtimebroker.ToolExecutionRecord@110844f6
1790844229854	2	dispatch lease of 0f3a3d85-241b-4795-b0c5-c2369f7bbf5d lapsed	REJECT	com.alibaba.qwen.code.runtimebroker.ToolExecutionRecord@4925f4f5
1790844229910	2	dispatch lease of 0f3a3d85-241b-4795-b0c5-c2369f7bbf5d lapsed	REJECT	com.alibaba.qwen.code.runtimebroker.ToolExecutionRecord@39ce27f2
1790844229967	2	dispatch lease of 0f3a3d85-241b-4795-b0c5-c2369f7bbf5d lapsed	REJECT	com.alibaba.qwen.code.runtimebroker.ToolExecutionRecord@28782602
1790844230022	2	dispatch lease of 0f3a3d85-241b-4795-b0c5-c2369f7bbf5d lapsed	REJECT	com.alibaba.qwen.code.runtimebroker.ToolExecutionRecord@511816c0
1790844230077	2	dispatch lease of 0f3a3d85-241b-4795-b0c5-c2369f7bbf5d lapsed	REJECT	com.alibaba.qwen.code.runtimebroker.ToolExecutionRecord@3935e9a8
1790844230132	2	dispatch lease of 0f3a3d85-241b-4795-b0c5-c2369f7bbf5d lapsed	REJECT	com.alibaba.qwen.code.runtimebroker.ToolExecutionRecord@452c8a40
1790844230190	2	dispatch lease of 0f3a3d85-241b-4795-b0c5-c2369f7bbf5d lapsed	REJECT	com.alibaba.qwen.code.runtimebroker.ToolExecutionRecord@470a9030
1790844230245	2	dispatch lease of 0f3a3d85-241b-4795-b0c5-c2369f7bbf5d lapsed	REJECT	com.alibaba.qwen.code.runtimebroker.ToolExecutionRecord@d59970a
1790844230301	2	dispatch lease of 0f3a3d85-241b-4795-b0c5-c2369f7bbf5d lapsed	REJECT	com.alibaba.qwen.code.runtimebroker.ToolExecutionRecord@3e6fd0b9
1790844230356	2	dispatch lease of 0f3a3d85-241b-4795-b0c5-c2369f7bbf5d lapsed	REJECT	com.alibaba.qwen.code.runtimebroker.ToolExecutionRecord@76adb233
1790844230411	2	dispatch lease of 0f3a3d85-241b-4795-b0c5-c2369f7bbf5d lapsed	REJECT	com.alibaba.qwen.code.runtimebroker.ToolExecutionRecord@7dcc91fd
1790844230467	2	dispatch lease of 0f3a3d85-241b-4795-b0c5-c2369f7bbf5d lapsed	REJECT	com.alibaba.qwen.code.runtimebroker.ToolExecutionRecord@75504cef
1790844230523	2	dispatch lease of 0f3a3d85-241b-4795-b0c5-c2369f7bbf5d lapsed	REJECT	com.alibaba.qwen.code.runtimebroker.ToolExecutionRecord@28c88600
1790844230578	2	dispatch lease of 0f3a3d85-241b-4795-b0c5-c2369f7bbf5d lapsed	REJECT	com.alibaba.qwen.code.runtimebroker.ToolExecutionRecord@7f9e1534
1790844230633	2	dispatch lease of 0f3a3d85-241b-4795-b0c5-c2369f7bbf5d lapsed	REJECT	com.alibaba.qwen.code.runtimebroker.ToolExecutionRecord@31611954
1790844230689	2	dispatch lease of 0f3a3d85-241b-4795-b0c5-c2369f7bbf5d lapsed	REJECT	com.alibaba.qwen.code.runtimebroker.ToolExecutionRecord@99a65d3
1790844230745	2	dispatch lease of 0f3a3d85-241b-4795-b0c5-c2369f7bbf5d lapsed	REJECT	com.alibaba.qwen.code.runtimebroker.ToolExecutionRecord@32fdec40
1790844230806	2	dispatch lease of 0f3a3d85-241b-4795-b0c5-c2369f7bbf5d lapsed	REJECT	com.alibaba.qwen.code.runtimebroker.ToolExecutionRecord@39ab59f8
1790844230861	2	dispatch lease of 0f3a3d85-241b-4795-b0c5-c2369f7bbf5d lapsed	REJECT	com.alibaba.qwen.code.runtimebroker.ToolExecutionRecord@4ad4936c
1790844230917	2	dispatch lease of 0f3a3d85-241b-4795-b0c5-c2369f7bbf5d lapsed	REJECT	com.alibaba.qwen.code.runtimebroker.ToolExecutionRecord@25cc7470
1790844230973	2	dispatch lease of 0f3a3d85-241b-4795-b0c5-c2369f7bbf5d lapsed	REJECT	com.alibaba.qwen.code.runtimebroker.ToolExecutionRecord@1b812421
1790844231028	2	dispatch lease of 0f3a3d85-241b-4795-b0c5-c2369f7bbf5d lapsed	REJECT	com.alibaba.qwen.code.runtimebroker.ToolExecutionRecord@32639b12
1790844231083	2	dispatch lease of 0f3a3d85-241b-4795-b0c5-c2369f7bbf5d lapsed	REJECT	com.alibaba.qwen.code.runtimebroker.ToolExecutionRecord@5649ec46
1790844231139	2	dispatch lease of 0f3a3d85-241b-4795-b0c5-c2369f7bbf5d lapsed	REJECT	com.alibaba.qwen.code.runtimebroker.ToolExecutionRecord@5652f555
1790844231195	2	dispatch lease of 0f3a3d85-241b-4795-b0c5-c2369f7bbf5d lapsed	REJECT	com.alibaba.qwen.code.runtimebroker.ToolExecutionRecord@794b435f
1790844231250	2	dispatch lease of 0f3a3d85-241b-4795-b0c5-c2369f7bbf5d lapsed	REJECT	com.alibaba.qwen.code.runtimebroker.ToolExecutionRecord@323659f8
1790844231305	2	dispatch lease of 0f3a3d85-241b-4795-b0c5-c2369f7bbf5d lapsed	REJECT	com.alibaba.qwen.code.runtimebroker.ToolExecutionRecord@26a529dc
1790844231360	2	dispatch lease of 0f3a3d85-241b-4795-b0c5-c2369f7bbf5d lapsed	REJECT	com.alibaba.qwen.code.runtimebroker.ToolExecutionRecord@3cc20577
1790844231415	2	dispatch lease of 0f3a3d85-241b-4795-b0c5-c2369f7bbf5d lapsed	REJECT	com.alibaba.qwen.code.runtimebroker.ToolExecutionRecord@5767b2af
1790844231471	2	dispatch lease of 0f3a3d85-241b-4795-b0c5-c2369f7bbf5d lapsed	REJECT	com.alibaba.qwen.code.runtimebroker.ToolExecutionRecord@2228db21
1790844231527	2	dispatch lease of 0f3a3d85-241b-4795-b0c5-c2369f7bbf5d lapsed	REJECT	com.alibaba.qwen.code.runtimebroker.ToolExecutionRecord@547c04c4
1790844231582	2	dispatch lease of 0f3a3d85-241b-4795-b0c5-c2369f7bbf5d lapsed	REJECT	com.alibaba.qwen.code.runtimebroker.ToolExecutionRecord@ba1f559
1790844231638	2	dispatch lease of 0f3a3d85-241b-4795-b0c5-c2369f7bbf5d lapsed	REJECT	com.alibaba.qwen.code.runtimebroker.ToolExecutionRecord@4bf324f9
1790844231694	2	dispatch lease of 0f3a3d85-241b-4795-b0c5-c2369f7bbf5d lapsed	REJECT	com.alibaba.qwen.code.runtimebroker.ToolExecutionRecord@1d2644e3
1790844231750	2	dispatch lease of 0f3a3d85-241b-4795-b0c5-c2369f7bbf5d lapsed	REJECT	com.alibaba.qwen.code.runtimebroker.ToolExecutionRecord@5ffc5491
1790844231805	2	dispatch lease of 0f3a3d85-241b-4795-b0c5-c2369f7bbf5d lapsed	REJECT	com.alibaba.qwen.code.runtimebroker.ToolExecutionRecord@3e58d65e
1790844231860	2	dispatch lease of 0f3a3d85-241b-4795-b0c5-c2369f7bbf5d lapsed	REJECT	com.alibaba.qwen.code.runtimebroker.ToolExecutionRecord@7e0b9178
1790844231916	2	dispatch lease of 0f3a3d85-241b-4795-b0c5-c2369f7bbf5d lapsed	REJECT	com.alibaba.qwen.code.runtimebroker.ToolExecutionRecord@408a247c
1790844231972	2	dispatch lease of 0f3a3d85-241b-4795-b0c5-c2369f7bbf5d lapsed	REJECT	com.alibaba.qwen.code.runtimebroker.ToolExecutionRecord@5f5b5ca4
1790844232027	2	dispatch lease of 0f3a3d85-241b-4795-b0c5-c2369f7bbf5d lapsed	ACCEPT	com.alibaba.qwen.code.runtimebroker.ToolExecutionRecord@18388a3c
1790844236535	2	cancelled original call	ACCEPT	RESOLVED
1790844248123	2	dispatch lease of a0360bac-2ce6-485c-8676-1aca87431e21 lapsed	REJECT	com.alibaba.qwen.code.runtimebroker.ToolExecutionRecord@412c995d
1790844248179	2	dispatch lease of a0360bac-2ce6-485c-8676-1aca87431e21 lapsed	REJECT	com.alibaba.qwen.code.runtimebroker.ToolExecutionRecord@2f4919b0
1790844248234	2	dispatch lease of a0360bac-2ce6-485c-8676-1aca87431e21 lapsed	REJECT	com.alibaba.qwen.code.runtimebroker.ToolExecutionRecord@72be135f
1790844248290	2	dispatch lease of a0360bac-2ce6-485c-8676-1aca87431e21 lapsed	REJECT	com.alibaba.qwen.code.runtimebroker.ToolExecutionRecord@2e647e59
1790844248346	2	dispatch lease of a0360bac-2ce6-485c-8676-1aca87431e21 lapsed	REJECT	com.alibaba.qwen.code.runtimebroker.ToolExecutionRecord@deb3b60
1790844248400	2	dispatch lease of a0360bac-2ce6-485c-8676-1aca87431e21 lapsed	REJECT	com.alibaba.qwen.code.runtimebroker.ToolExecutionRecord@73aff8f1
1790844248455	2	dispatch lease of a0360bac-2ce6-485c-8676-1aca87431e21 lapsed	REJECT	com.alibaba.qwen.code.runtimebroker.ToolExecutionRecord@4c060c8f
1790844248512	2	dispatch lease of a0360bac-2ce6-485c-8676-1aca87431e21 lapsed	REJECT	com.alibaba.qwen.code.runtimebroker.ToolExecutionRecord@49b07ee3
1790844248567	2	dispatch lease of a0360bac-2ce6-485c-8676-1aca87431e21 lapsed	REJECT	com.alibaba.qwen.code.runtimebroker.ToolExecutionRecord@2424686b
1790844248622	2	dispatch lease of a0360bac-2ce6-485c-8676-1aca87431e21 lapsed	REJECT	com.alibaba.qwen.code.runtimebroker.ToolExecutionRecord@4d7e7435
1790844248677	2	dispatch lease of a0360bac-2ce6-485c-8676-1aca87431e21 lapsed	REJECT	com.alibaba.qwen.code.runtimebroker.ToolExecutionRecord@56febdc
1790844248732	2	dispatch lease of a0360bac-2ce6-485c-8676-1aca87431e21 lapsed	REJECT	com.alibaba.qwen.code.runtimebroker.ToolExecutionRecord@294bdeb4
1790844248787	2	dispatch lease of a0360bac-2ce6-485c-8676-1aca87431e21 lapsed	REJECT	com.alibaba.qwen.code.runtimebroker.ToolExecutionRecord@77bb0ab5
1790844248842	2	dispatch lease of a0360bac-2ce6-485c-8676-1aca87431e21 lapsed	REJECT	com.alibaba.qwen.code.runtimebroker.ToolExecutionRecord@7bc9e6ab
1790844248897	2	dispatch lease of a0360bac-2ce6-485c-8676-1aca87431e21 lapsed	REJECT	com.alibaba.qwen.code.runtimebroker.ToolExecutionRecord@712ca57b
1790844248952	2	dispatch lease of a0360bac-2ce6-485c-8676-1aca87431e21 lapsed	REJECT	com.alibaba.qwen.code.runtimebroker.ToolExecutionRecord@51745f40
1790844249008	2	dispatch lease of a0360bac-2ce6-485c-8676-1aca87431e21 lapsed	REJECT	com.alibaba.qwen.code.runtimebroker.ToolExecutionRecord@69e308c6
1790844249063	2	dispatch lease of a0360bac-2ce6-485c-8676-1aca87431e21 lapsed	REJECT	com.alibaba.qwen.code.runtimebroker.ToolExecutionRecord@1c6e0a08
1790844249118	2	dispatch lease of a0360bac-2ce6-485c-8676-1aca87431e21 lapsed	REJECT	com.alibaba.qwen.code.runtimebroker.ToolExecutionRecord@1623bbe5
1790844249173	2	dispatch lease of a0360bac-2ce6-485c-8676-1aca87431e21 lapsed	REJECT	com.alibaba.qwen.code.runtimebroker.ToolExecutionRecord@3c2772d1
1790844249228	2	dispatch lease of a0360bac-2ce6-485c-8676-1aca87431e21 lapsed	REJECT	com.alibaba.qwen.code.runtimebroker.ToolExecutionRecord@89c65d5
1790844249284	2	dispatch lease of a0360bac-2ce6-485c-8676-1aca87431e21 lapsed	REJECT	com.alibaba.qwen.code.runtimebroker.ToolExecutionRecord@988246e
1790844249339	2	dispatch lease of a0360bac-2ce6-485c-8676-1aca87431e21 lapsed	REJECT	com.alibaba.qwen.code.runtimebroker.ToolExecutionRecord@61f2c3f0
1790844249394	2	dispatch lease of a0360bac-2ce6-485c-8676-1aca87431e21 lapsed	REJECT	com.alibaba.qwen.code.runtimebroker.ToolExecutionRecord@2f6bcf87
1790844249455	2	dispatch lease of a0360bac-2ce6-485c-8676-1aca87431e21 lapsed	REJECT	com.alibaba.qwen.code.runtimebroker.ToolExecutionRecord@6f8d7714
1790844249516	2	dispatch lease of a0360bac-2ce6-485c-8676-1aca87431e21 lapsed	REJECT	com.alibaba.qwen.code.runtimebroker.ToolExecutionRecord@aa21042
1790844249574	2	dispatch lease of a0360bac-2ce6-485c-8676-1aca87431e21 lapsed	REJECT	com.alibaba.qwen.code.runtimebroker.ToolExecutionRecord@7a26928a
1790844249630	2	dispatch lease of a0360bac-2ce6-485c-8676-1aca87431e21 lapsed	REJECT	com.alibaba.qwen.code.runtimebroker.ToolExecutionRecord@4e2c95ee
1790844249685	2	dispatch lease of a0360bac-2ce6-485c-8676-1aca87431e21 lapsed	REJECT	com.alibaba.qwen.code.runtimebroker.ToolExecutionRecord@73eb8672
1790844249740	2	dispatch lease of a0360bac-2ce6-485c-8676-1aca87431e21 lapsed	REJECT	com.alibaba.qwen.code.runtimebroker.ToolExecutionRecord@757194dc
1790844249796	2	dispatch lease of a0360bac-2ce6-485c-8676-1aca87431e21 lapsed	REJECT	com.alibaba.qwen.code.runtimebroker.ToolExecutionRecord@7ff2b8d2
1790844249852	2	dispatch lease of a0360bac-2ce6-485c-8676-1aca87431e21 lapsed	REJECT	com.alibaba.qwen.code.runtimebroker.ToolExecutionRecord@2fb5fe30
1790844249908	2	dispatch lease of a0360bac-2ce6-485c-8676-1aca87431e21 lapsed	REJECT	com.alibaba.qwen.code.runtimebroker.ToolExecutionRecord@5baaae4c
1790844249963	2	dispatch lease of a0360bac-2ce6-485c-8676-1aca87431e21 lapsed	REJECT	com.alibaba.qwen.code.runtimebroker.ToolExecutionRecord@4f449e8f
1790844250019	2	dispatch lease of a0360bac-2ce6-485c-8676-1aca87431e21 lapsed	ACCEPT	com.alibaba.qwen.code.runtimebroker.ToolExecutionRecord@19f040ba
1790844270477	2	dispatch lease of 9608e0f4-0299-4125-9404-ad59b5a8346e lapsed	REJECT	com.alibaba.qwen.code.runtimebroker.ToolExecutionRecord@4a183d02
1790844270532	2	dispatch lease of 9608e0f4-0299-4125-9404-ad59b5a8346e lapsed	REJECT	com.alibaba.qwen.code.runtimebroker.ToolExecutionRecord@23eee4b8
1790844270589	2	dispatch lease of 9608e0f4-0299-4125-9404-ad59b5a8346e lapsed	REJECT	com.alibaba.qwen.code.runtimebroker.ToolExecutionRecord@143d9a93
1790844270644	2	dispatch lease of 9608e0f4-0299-4125-9404-ad59b5a8346e lapsed	REJECT	com.alibaba.qwen.code.runtimebroker.ToolExecutionRecord@5b5caf08
1790844270699	2	dispatch lease of 9608e0f4-0299-4125-9404-ad59b5a8346e lapsed	REJECT	com.alibaba.qwen.code.runtimebroker.ToolExecutionRecord@7e97551f
1790844270754	2	dispatch lease of 9608e0f4-0299-4125-9404-ad59b5a8346e lapsed	REJECT	com.alibaba.qwen.code.runtimebroker.ToolExecutionRecord@7a94b64e
1790844270810	2	dispatch lease of 9608e0f4-0299-4125-9404-ad59b5a8346e lapsed	REJECT	com.alibaba.qwen.code.runtimebroker.ToolExecutionRecord@2caf6912
1790844270864	2	dispatch lease of 9608e0f4-0299-4125-9404-ad59b5a8346e lapsed	REJECT	com.alibaba.qwen.code.runtimebroker.ToolExecutionRecord@1d01dfa5
1790844270919	2	dispatch lease of 9608e0f4-0299-4125-9404-ad59b5a8346e lapsed	REJECT	com.alibaba.qwen.code.runtimebroker.ToolExecutionRecord@22101c80
1790844270974	2	dispatch lease of 9608e0f4-0299-4125-9404-ad59b5a8346e lapsed	REJECT	com.alibaba.qwen.code.runtimebroker.ToolExecutionRecord@781a9412
1790844271029	2	dispatch lease of 9608e0f4-0299-4125-9404-ad59b5a8346e lapsed	REJECT	com.alibaba.qwen.code.runtimebroker.ToolExecutionRecord@aed0151
1790844271085	2	dispatch lease of 9608e0f4-0299-4125-9404-ad59b5a8346e lapsed	REJECT	com.alibaba.qwen.code.runtimebroker.ToolExecutionRecord@389562d6
1790844271140	2	dispatch lease of 9608e0f4-0299-4125-9404-ad59b5a8346e lapsed	REJECT	com.alibaba.qwen.code.runtimebroker.ToolExecutionRecord@29f0802c
1790844271194	2	dispatch lease of 9608e0f4-0299-4125-9404-ad59b5a8346e lapsed	REJECT	com.alibaba.qwen.code.runtimebroker.ToolExecutionRecord@469d003c
1790844271249	2	dispatch lease of 9608e0f4-0299-4125-9404-ad59b5a8346e lapsed	REJECT	com.alibaba.qwen.code.runtimebroker.ToolExecutionRecord@203dd56b
1790844271305	2	dispatch lease of 9608e0f4-0299-4125-9404-ad59b5a8346e lapsed	REJECT	com.alibaba.qwen.code.runtimebroker.ToolExecutionRecord@53667cbe
1790844271360	2	dispatch lease of 9608e0f4-0299-4125-9404-ad59b5a8346e lapsed	REJECT	com.alibaba.qwen.code.runtimebroker.ToolExecutionRecord@26a94fa5
1790844271415	2	dispatch lease of 9608e0f4-0299-4125-9404-ad59b5a8346e lapsed	REJECT	com.alibaba.qwen.code.runtimebroker.ToolExecutionRecord@3bc735b3
1790844271469	2	dispatch lease of 9608e0f4-0299-4125-9404-ad59b5a8346e lapsed	REJECT	com.alibaba.qwen.code.runtimebroker.ToolExecutionRecord@757529a4
1790844271524	2	dispatch lease of 9608e0f4-0299-4125-9404-ad59b5a8346e lapsed	REJECT	com.alibaba.qwen.code.runtimebroker.ToolExecutionRecord@2234078
1790844271580	2	dispatch lease of 9608e0f4-0299-4125-9404-ad59b5a8346e lapsed	REJECT	com.alibaba.qwen.code.runtimebroker.ToolExecutionRecord@1450078a
1790844271635	2	dispatch lease of 9608e0f4-0299-4125-9404-ad59b5a8346e lapsed	REJECT	com.alibaba.qwen.code.runtimebroker.ToolExecutionRecord@3aefae67
1790844271690	2	dispatch lease of 9608e0f4-0299-4125-9404-ad59b5a8346e lapsed	REJECT	com.alibaba.qwen.code.runtimebroker.ToolExecutionRecord@3eb631b8
1790844271745	2	dispatch lease of 9608e0f4-0299-4125-9404-ad59b5a8346e lapsed	REJECT	com.alibaba.qwen.code.runtimebroker.ToolExecutionRecord@41e1455d
1790844271801	2	dispatch lease of 9608e0f4-0299-4125-9404-ad59b5a8346e lapsed	REJECT	com.alibaba.qwen.code.runtimebroker.ToolExecutionRecord@4d6f197e
1790844271856	2	dispatch lease of 9608e0f4-0299-4125-9404-ad59b5a8346e lapsed	REJECT	com.alibaba.qwen.code.runtimebroker.ToolExecutionRecord@5c089b2f
1790844271911	2	dispatch lease of 9608e0f4-0299-4125-9404-ad59b5a8346e lapsed	REJECT	com.alibaba.qwen.code.runtimebroker.ToolExecutionRecord@7ed9ae94
1790844271966	2	dispatch lease of 9608e0f4-0299-4125-9404-ad59b5a8346e lapsed	REJECT	com.alibaba.qwen.code.runtimebroker.ToolExecutionRecord@2bc12da
1790844272022	2	dispatch lease of 9608e0f4-0299-4125-9404-ad59b5a8346e lapsed	REJECT	com.alibaba.qwen.code.runtimebroker.ToolExecutionRecord@29a23c3d
1790844272078	2	dispatch lease of 9608e0f4-0299-4125-9404-ad59b5a8346e lapsed	REJECT	com.alibaba.qwen.code.runtimebroker.ToolExecutionRecord@591fd34d
1790844272133	2	dispatch lease of 9608e0f4-0299-4125-9404-ad59b5a8346e lapsed	REJECT	com.alibaba.qwen.code.runtimebroker.ToolExecutionRecord@3068b369
1790844272188	2	dispatch lease of 9608e0f4-0299-4125-9404-ad59b5a8346e lapsed	REJECT	com.alibaba.qwen.code.runtimebroker.ToolExecutionRecord@736ac09a
1790844272243	2	dispatch lease of 9608e0f4-0299-4125-9404-ad59b5a8346e lapsed	REJECT	com.alibaba.qwen.code.runtimebroker.ToolExecutionRecord@1ec7d8b3
1790844272299	2	dispatch lease of 9608e0f4-0299-4125-9404-ad59b5a8346e lapsed	REJECT	com.alibaba.qwen.code.runtimebroker.ToolExecutionRecord@54dcbb9f
1790844272354	2	dispatch lease of 9608e0f4-0299-4125-9404-ad59b5a8346e lapsed	REJECT	com.alibaba.qwen.code.runtimebroker.ToolExecutionRecord@69eb86b4
1790844272409	2	dispatch lease of 9608e0f4-0299-4125-9404-ad59b5a8346e lapsed	REJECT	com.alibaba.qwen.code.runtimebroker.ToolExecutionRecord@6a933be2
1790844272464	2	dispatch lease of 9608e0f4-0299-4125-9404-ad59b5a8346e lapsed	REJECT	com.alibaba.qwen.code.runtimebroker.ToolExecutionRecord@4d8539de
1790844272519	2	dispatch lease of 9608e0f4-0299-4125-9404-ad59b5a8346e lapsed	REJECT	com.alibaba.qwen.code.runtimebroker.ToolExecutionRecord@30feffc
1790844272575	2	dispatch lease of 9608e0f4-0299-4125-9404-ad59b5a8346e lapsed	REJECT	com.alibaba.qwen.code.runtimebroker.ToolExecutionRecord@7c2a69b4
1790844272630	2	dispatch lease of 9608e0f4-0299-4125-9404-ad59b5a8346e lapsed	REJECT	com.alibaba.qwen.code.runtimebroker.ToolExecutionRecord@375b5b7f
1790844272685	2	dispatch lease of 9608e0f4-0299-4125-9404-ad59b5a8346e lapsed	REJECT	com.alibaba.qwen.code.runtimebroker.ToolExecutionRecord@3b152928
1790844272740	2	dispatch lease of 9608e0f4-0299-4125-9404-ad59b5a8346e lapsed	REJECT	com.alibaba.qwen.code.runtimebroker.ToolExecutionRecord@25c5e994
1790844272796	2	dispatch lease of 9608e0f4-0299-4125-9404-ad59b5a8346e lapsed	REJECT	com.alibaba.qwen.code.runtimebroker.ToolExecutionRecord@69b2f8e5
1790844272851	2	dispatch lease of 9608e0f4-0299-4125-9404-ad59b5a8346e lapsed	REJECT	com.alibaba.qwen.code.runtimebroker.ToolExecutionRecord@644abb8f
1790844272906	2	dispatch lease of 9608e0f4-0299-4125-9404-ad59b5a8346e lapsed	REJECT	com.alibaba.qwen.code.runtimebroker.ToolExecutionRecord@7c2327fa
1790844272961	2	dispatch lease of 9608e0f4-0299-4125-9404-ad59b5a8346e lapsed	REJECT	com.alibaba.qwen.code.runtimebroker.ToolExecutionRecord@3d7fa3ae
1790844273017	2	dispatch lease of 9608e0f4-0299-4125-9404-ad59b5a8346e lapsed	ACCEPT	com.alibaba.qwen.code.runtimebroker.ToolExecutionRecord@585c13de
1790844295046	3	escaped writer pid	ACCEPT	true
1790844295055	3	escaped writer output	ACCEPT	true
1790844302638	3	original worker loss after recovery fencing	ACCEPT	Reply[ok=false, value=null, status=503, code=runtime_broker_runtime_lost, retryable=true, message=Runtime is lost; recovery requires complete evidence and cleanup]
1790844302700	3	escaped writer continues after loss; the physical pin must remain	REJECT	155
1790844302750	3	escaped writer continues after loss; the physical pin must remain	ACCEPT	156
1790844312665	3	escaped writer pid	ACCEPT	true
1790844312671	3	escaped writer output	ACCEPT	true
1790844320194	3	original worker loss after recovery fencing	ACCEPT	Reply[ok=false, value=null, status=503, code=runtime_broker_runtime_lost, retryable=true, message=Runtime is lost; recovery requires complete evidence and cleanup]
1790844320210	3	escaped writer continues after loss; the physical pin must remain	REJECT	153
1790844320260	3	escaped writer continues after loss; the physical pin must remain	ACCEPT	154
1790844330272	3	marker = [start]	ACCEPT	[start]
1790844330305	3	UNKNOWN execution	REJECT	com.alibaba.qwen.code.runtimebroker.ToolExecutionRecord@2552f2cb
1790844330358	3	UNKNOWN execution	REJECT	com.alibaba.qwen.code.runtimebroker.ToolExecutionRecord@5f3b9c57
1790844330410	3	UNKNOWN execution	REJECT	com.alibaba.qwen.code.runtimebroker.ToolExecutionRecord@3624da92
1790844330462	3	UNKNOWN execution	REJECT	com.alibaba.qwen.code.runtimebroker.ToolExecutionRecord@94f6bfb
1790844330513	3	UNKNOWN execution	REJECT	com.alibaba.qwen.code.runtimebroker.ToolExecutionRecord@2484f433
1790844330565	3	UNKNOWN execution	REJECT	com.alibaba.qwen.code.runtimebroker.ToolExecutionRecord@1255b1d1
1790844330617	3	UNKNOWN execution	REJECT	com.alibaba.qwen.code.runtimebroker.ToolExecutionRecord@7c22d4f
1790844330669	3	UNKNOWN execution	REJECT	com.alibaba.qwen.code.runtimebroker.ToolExecutionRecord@60bdf15d
1790844330721	3	UNKNOWN execution	REJECT	com.alibaba.qwen.code.runtimebroker.ToolExecutionRecord@51e4ccb3
1790844330773	3	UNKNOWN execution	REJECT	com.alibaba.qwen.code.runtimebroker.ToolExecutionRecord@495083a0
1790844330825	3	UNKNOWN execution	ACCEPT	com.alibaba.qwen.code.runtimebroker.ToolExecutionRecord@28a0fd6c
1790844352126	3	marker = [start]	ACCEPT	[start]
1790844359343	3	original Runtime loss after recovery fencing	ACCEPT	Reply[ok=false, value=null, status=503, code=runtime_broker_runtime_lost, retryable=true, message=Runtime is lost; recovery requires complete evidence and cleanup]
1790844379081	3	dispatch lease of 471b3cd5-4c4e-4435-a996-efc300e988b0 lapsed	REJECT	com.alibaba.qwen.code.runtimebroker.ToolExecutionRecord@6d8792db
1790844379139	3	dispatch lease of 471b3cd5-4c4e-4435-a996-efc300e988b0 lapsed	REJECT	com.alibaba.qwen.code.runtimebroker.ToolExecutionRecord@5d25e6bb
1790844379196	3	dispatch lease of 471b3cd5-4c4e-4435-a996-efc300e988b0 lapsed	REJECT	com.alibaba.qwen.code.runtimebroker.ToolExecutionRecord@2f162cc0
1790844379252	3	dispatch lease of 471b3cd5-4c4e-4435-a996-efc300e988b0 lapsed	REJECT	com.alibaba.qwen.code.runtimebroker.ToolExecutionRecord@7f69d591
1790844379311	3	dispatch lease of 471b3cd5-4c4e-4435-a996-efc300e988b0 lapsed	REJECT	com.alibaba.qwen.code.runtimebroker.ToolExecutionRecord@403132fc
1790844379368	3	dispatch lease of 471b3cd5-4c4e-4435-a996-efc300e988b0 lapsed	REJECT	com.alibaba.qwen.code.runtimebroker.ToolExecutionRecord@2f7a7219
1790844379424	3	dispatch lease of 471b3cd5-4c4e-4435-a996-efc300e988b0 lapsed	REJECT	com.alibaba.qwen.code.runtimebroker.ToolExecutionRecord@4a8a60bc
1790844379482	3	dispatch lease of 471b3cd5-4c4e-4435-a996-efc300e988b0 lapsed	REJECT	com.alibaba.qwen.code.runtimebroker.ToolExecutionRecord@285d851a
1790844379538	3	dispatch lease of 471b3cd5-4c4e-4435-a996-efc300e988b0 lapsed	REJECT	com.alibaba.qwen.code.runtimebroker.ToolExecutionRecord@5118388b
1790844379602	3	dispatch lease of 471b3cd5-4c4e-4435-a996-efc300e988b0 lapsed	REJECT	com.alibaba.qwen.code.runtimebroker.ToolExecutionRecord@4a3e3e8b
1790844379658	3	dispatch lease of 471b3cd5-4c4e-4435-a996-efc300e988b0 lapsed	REJECT	com.alibaba.qwen.code.runtimebroker.ToolExecutionRecord@4985cbcb
1790844379714	3	dispatch lease of 471b3cd5-4c4e-4435-a996-efc300e988b0 lapsed	REJECT	com.alibaba.qwen.code.runtimebroker.ToolExecutionRecord@332a7fce
1790844379770	3	dispatch lease of 471b3cd5-4c4e-4435-a996-efc300e988b0 lapsed	REJECT	com.alibaba.qwen.code.runtimebroker.ToolExecutionRecord@32232e55
1790844379827	3	dispatch lease of 471b3cd5-4c4e-4435-a996-efc300e988b0 lapsed	REJECT	com.alibaba.qwen.code.runtimebroker.ToolExecutionRecord@293bb8a5
1790844379885	3	dispatch lease of 471b3cd5-4c4e-4435-a996-efc300e988b0 lapsed	REJECT	com.alibaba.qwen.code.runtimebroker.ToolExecutionRecord@6e9319f
1790844379953	3	dispatch lease of 471b3cd5-4c4e-4435-a996-efc300e988b0 lapsed	REJECT	com.alibaba.qwen.code.runtimebroker.ToolExecutionRecord@389adf1d
1790844380009	3	dispatch lease of 471b3cd5-4c4e-4435-a996-efc300e988b0 lapsed	REJECT	com.alibaba.qwen.code.runtimebroker.ToolExecutionRecord@290b1b2e
1790844380066	3	dispatch lease of 471b3cd5-4c4e-4435-a996-efc300e988b0 lapsed	REJECT	com.alibaba.qwen.code.runtimebroker.ToolExecutionRecord@2c177f9e
1790844380124	3	dispatch lease of 471b3cd5-4c4e-4435-a996-efc300e988b0 lapsed	REJECT	com.alibaba.qwen.code.runtimebroker.ToolExecutionRecord@18e7143f
1790844380181	3	dispatch lease of 471b3cd5-4c4e-4435-a996-efc300e988b0 lapsed	REJECT	com.alibaba.qwen.code.runtimebroker.ToolExecutionRecord@6fefce9e
1790844380237	3	dispatch lease of 471b3cd5-4c4e-4435-a996-efc300e988b0 lapsed	REJECT	com.alibaba.qwen.code.runtimebroker.ToolExecutionRecord@192f2f27
1790844380294	3	dispatch lease of 471b3cd5-4c4e-4435-a996-efc300e988b0 lapsed	REJECT	com.alibaba.qwen.code.runtimebroker.ToolExecutionRecord@6b5176f2
1790844380351	3	dispatch lease of 471b3cd5-4c4e-4435-a996-efc300e988b0 lapsed	REJECT	com.alibaba.qwen.code.runtimebroker.ToolExecutionRecord@ec0c838
1790844380409	3	dispatch lease of 471b3cd5-4c4e-4435-a996-efc300e988b0 lapsed	REJECT	com.alibaba.qwen.code.runtimebroker.ToolExecutionRecord@29cfd92b
1790844380466	3	dispatch lease of 471b3cd5-4c4e-4435-a996-efc300e988b0 lapsed	REJECT	com.alibaba.qwen.code.runtimebroker.ToolExecutionRecord@11dee337
1790844380523	3	dispatch lease of 471b3cd5-4c4e-4435-a996-efc300e988b0 lapsed	REJECT	com.alibaba.qwen.code.runtimebroker.ToolExecutionRecord@11acdc30
1790844380580	3	dispatch lease of 471b3cd5-4c4e-4435-a996-efc300e988b0 lapsed	REJECT	com.alibaba.qwen.code.runtimebroker.ToolExecutionRecord@1922e6d
1790844380637	3	dispatch lease of 471b3cd5-4c4e-4435-a996-efc300e988b0 lapsed	REJECT	com.alibaba.qwen.code.runtimebroker.ToolExecutionRecord@74bdc168
1790844380693	3	dispatch lease of 471b3cd5-4c4e-4435-a996-efc300e988b0 lapsed	REJECT	com.alibaba.qwen.code.runtimebroker.ToolExecutionRecord@611f8234
1790844380750	3	dispatch lease of 471b3cd5-4c4e-4435-a996-efc300e988b0 lapsed	REJECT	com.alibaba.qwen.code.runtimebroker.ToolExecutionRecord@7f811d00
1790844380808	3	dispatch lease of 471b3cd5-4c4e-4435-a996-efc300e988b0 lapsed	REJECT	com.alibaba.qwen.code.runtimebroker.ToolExecutionRecord@f19c9d2
1790844380864	3	dispatch lease of 471b3cd5-4c4e-4435-a996-efc300e988b0 lapsed	REJECT	com.alibaba.qwen.code.runtimebroker.ToolExecutionRecord@4b6166aa
1790844380921	3	dispatch lease of 471b3cd5-4c4e-4435-a996-efc300e988b0 lapsed	REJECT	com.alibaba.qwen.code.runtimebroker.ToolExecutionRecord@4a067c25
1790844380977	3	dispatch lease of 471b3cd5-4c4e-4435-a996-efc300e988b0 lapsed	REJECT	com.alibaba.qwen.code.runtimebroker.ToolExecutionRecord@523424b5
1790844381034	3	dispatch lease of 471b3cd5-4c4e-4435-a996-efc300e988b0 lapsed	ACCEPT	com.alibaba.qwen.code.runtimebroker.ToolExecutionRecord@791cbf87
1790844401414	3	marker = [start]	ACCEPT	[start]
1790844401740	3	dispatch lease of ee06243e-1037-4b9c-90a3-5ed6e6249252 lapsed	REJECT	com.alibaba.qwen.code.runtimebroker.ToolExecutionRecord@5dcbb60
1790844401798	3	dispatch lease of ee06243e-1037-4b9c-90a3-5ed6e6249252 lapsed	REJECT	com.alibaba.qwen.code.runtimebroker.ToolExecutionRecord@49f5c307
1790844401854	3	dispatch lease of ee06243e-1037-4b9c-90a3-5ed6e6249252 lapsed	REJECT	com.alibaba.qwen.code.runtimebroker.ToolExecutionRecord@66ea1466
1790844401910	3	dispatch lease of ee06243e-1037-4b9c-90a3-5ed6e6249252 lapsed	REJECT	com.alibaba.qwen.code.runtimebroker.ToolExecutionRecord@66971f6b
1790844401966	3	dispatch lease of ee06243e-1037-4b9c-90a3-5ed6e6249252 lapsed	REJECT	com.alibaba.qwen.code.runtimebroker.ToolExecutionRecord@142eef62
1790844402024	3	dispatch lease of ee06243e-1037-4b9c-90a3-5ed6e6249252 lapsed	REJECT	com.alibaba.qwen.code.runtimebroker.ToolExecutionRecord@56e07a08
1790844402080	3	dispatch lease of ee06243e-1037-4b9c-90a3-5ed6e6249252 lapsed	REJECT	com.alibaba.qwen.code.runtimebroker.ToolExecutionRecord@47289387
1790844402137	3	dispatch lease of ee06243e-1037-4b9c-90a3-5ed6e6249252 lapsed	REJECT	com.alibaba.qwen.code.runtimebroker.ToolExecutionRecord@f415a95
1790844402193	3	dispatch lease of ee06243e-1037-4b9c-90a3-5ed6e6249252 lapsed	REJECT	com.alibaba.qwen.code.runtimebroker.ToolExecutionRecord@37eeec90
1790844402248	3	dispatch lease of ee06243e-1037-4b9c-90a3-5ed6e6249252 lapsed	REJECT	com.alibaba.qwen.code.runtimebroker.ToolExecutionRecord@64da2a7
1790844402306	3	dispatch lease of ee06243e-1037-4b9c-90a3-5ed6e6249252 lapsed	REJECT	com.alibaba.qwen.code.runtimebroker.ToolExecutionRecord@2c715e84
1790844402362	3	dispatch lease of ee06243e-1037-4b9c-90a3-5ed6e6249252 lapsed	REJECT	com.alibaba.qwen.code.runtimebroker.ToolExecutionRecord@7caa550
1790844402418	3	dispatch lease of ee06243e-1037-4b9c-90a3-5ed6e6249252 lapsed	REJECT	com.alibaba.qwen.code.runtimebroker.ToolExecutionRecord@22c86919
1790844402473	3	dispatch lease of ee06243e-1037-4b9c-90a3-5ed6e6249252 lapsed	REJECT	com.alibaba.qwen.code.runtimebroker.ToolExecutionRecord@62417a16
1790844402534	3	dispatch lease of ee06243e-1037-4b9c-90a3-5ed6e6249252 lapsed	REJECT	com.alibaba.qwen.code.runtimebroker.ToolExecutionRecord@6ea1bcdc
1790844402589	3	dispatch lease of ee06243e-1037-4b9c-90a3-5ed6e6249252 lapsed	REJECT	com.alibaba.qwen.code.runtimebroker.ToolExecutionRecord@53499d85
1790844402645	3	dispatch lease of ee06243e-1037-4b9c-90a3-5ed6e6249252 lapsed	REJECT	com.alibaba.qwen.code.runtimebroker.ToolExecutionRecord@46c670a6
1790844402701	3	dispatch lease of ee06243e-1037-4b9c-90a3-5ed6e6249252 lapsed	REJECT	com.alibaba.qwen.code.runtimebroker.ToolExecutionRecord@2fd1731c
1790844402756	3	dispatch lease of ee06243e-1037-4b9c-90a3-5ed6e6249252 lapsed	REJECT	com.alibaba.qwen.code.runtimebroker.ToolExecutionRecord@1133ec6e
1790844402813	3	dispatch lease of ee06243e-1037-4b9c-90a3-5ed6e6249252 lapsed	REJECT	com.alibaba.qwen.code.runtimebroker.ToolExecutionRecord@2a2da905
1790844402869	3	dispatch lease of ee06243e-1037-4b9c-90a3-5ed6e6249252 lapsed	REJECT	com.alibaba.qwen.code.runtimebroker.ToolExecutionRecord@302fec27
1790844402925	3	dispatch lease of ee06243e-1037-4b9c-90a3-5ed6e6249252 lapsed	REJECT	com.alibaba.qwen.code.runtimebroker.ToolExecutionRecord@54107f42
1790844402980	3	dispatch lease of ee06243e-1037-4b9c-90a3-5ed6e6249252 lapsed	REJECT	com.alibaba.qwen.code.runtimebroker.ToolExecutionRecord@6cea706c
1790844403038	3	dispatch lease of ee06243e-1037-4b9c-90a3-5ed6e6249252 lapsed	REJECT	com.alibaba.qwen.code.runtimebroker.ToolExecutionRecord@1eba372c
1790844403094	3	dispatch lease of ee06243e-1037-4b9c-90a3-5ed6e6249252 lapsed	REJECT	com.alibaba.qwen.code.runtimebroker.ToolExecutionRecord@552518c3
1790844403150	3	dispatch lease of ee06243e-1037-4b9c-90a3-5ed6e6249252 lapsed	REJECT	com.alibaba.qwen.code.runtimebroker.ToolExecutionRecord@363f6148
1790844403205	3	dispatch lease of ee06243e-1037-4b9c-90a3-5ed6e6249252 lapsed	REJECT	com.alibaba.qwen.code.runtimebroker.ToolExecutionRecord@138fe6ec
1790844403261	3	dispatch lease of ee06243e-1037-4b9c-90a3-5ed6e6249252 lapsed	REJECT	com.alibaba.qwen.code.runtimebroker.ToolExecutionRecord@455351c4
1790844403317	3	dispatch lease of ee06243e-1037-4b9c-90a3-5ed6e6249252 lapsed	REJECT	com.alibaba.qwen.code.runtimebroker.ToolExecutionRecord@4940809c
1790844403373	3	dispatch lease of ee06243e-1037-4b9c-90a3-5ed6e6249252 lapsed	REJECT	com.alibaba.qwen.code.runtimebroker.ToolExecutionRecord@7a138fc5
1790844403429	3	dispatch lease of ee06243e-1037-4b9c-90a3-5ed6e6249252 lapsed	REJECT	com.alibaba.qwen.code.runtimebroker.ToolExecutionRecord@4a9e6faf
1790844403485	3	dispatch lease of ee06243e-1037-4b9c-90a3-5ed6e6249252 lapsed	REJECT	com.alibaba.qwen.code.runtimebroker.ToolExecutionRecord@459f7aa3
1790844403541	3	dispatch lease of ee06243e-1037-4b9c-90a3-5ed6e6249252 lapsed	REJECT	com.alibaba.qwen.code.runtimebroker.ToolExecutionRecord@44a2b17b
1790844403597	3	dispatch lease of ee06243e-1037-4b9c-90a3-5ed6e6249252 lapsed	REJECT	com.alibaba.qwen.code.runtimebroker.ToolExecutionRecord@7eb01b12
1790844403653	3	dispatch lease of ee06243e-1037-4b9c-90a3-5ed6e6249252 lapsed	REJECT	com.alibaba.qwen.code.runtimebroker.ToolExecutionRecord@7e70bd39
1790844403708	3	dispatch lease of ee06243e-1037-4b9c-90a3-5ed6e6249252 lapsed	REJECT	com.alibaba.qwen.code.runtimebroker.ToolExecutionRecord@43ed0ff3
1790844403764	3	dispatch lease of ee06243e-1037-4b9c-90a3-5ed6e6249252 lapsed	REJECT	com.alibaba.qwen.code.runtimebroker.ToolExecutionRecord@4da855dd
1790844403821	3	dispatch lease of ee06243e-1037-4b9c-90a3-5ed6e6249252 lapsed	REJECT	com.alibaba.qwen.code.runtimebroker.ToolExecutionRecord@2e5c7f0b
1790844403876	3	dispatch lease of ee06243e-1037-4b9c-90a3-5ed6e6249252 lapsed	REJECT	com.alibaba.qwen.code.runtimebroker.ToolExecutionRecord@538613b3
1790844403932	3	dispatch lease of ee06243e-1037-4b9c-90a3-5ed6e6249252 lapsed	REJECT	com.alibaba.qwen.code.runtimebroker.ToolExecutionRecord@5db99216
1790844403989	3	dispatch lease of ee06243e-1037-4b9c-90a3-5ed6e6249252 lapsed	REJECT	com.alibaba.qwen.code.runtimebroker.ToolExecutionRecord@9f46d94
1790844404045	3	dispatch lease of ee06243e-1037-4b9c-90a3-5ed6e6249252 lapsed	ACCEPT	com.alibaba.qwen.code.runtimebroker.ToolExecutionRecord@2c4ca0f9
1790844412267	3	reconciliation from evidence	ACCEPT	ALREADY_SETTLED
1790844425333	3	dispatch lease of 98ad7a21-3c29-4c18-b637-250cb0943c14 lapsed	REJECT	com.alibaba.qwen.code.runtimebroker.ToolExecutionRecord@450794b4
1790844425391	3	dispatch lease of 98ad7a21-3c29-4c18-b637-250cb0943c14 lapsed	REJECT	com.alibaba.qwen.code.runtimebroker.ToolExecutionRecord@1af1347d
1790844425448	3	dispatch lease of 98ad7a21-3c29-4c18-b637-250cb0943c14 lapsed	REJECT	com.alibaba.qwen.code.runtimebroker.ToolExecutionRecord@3b582111
1790844425505	3	dispatch lease of 98ad7a21-3c29-4c18-b637-250cb0943c14 lapsed	REJECT	com.alibaba.qwen.code.runtimebroker.ToolExecutionRecord@c1a4620
1790844425564	3	dispatch lease of 98ad7a21-3c29-4c18-b637-250cb0943c14 lapsed	REJECT	com.alibaba.qwen.code.runtimebroker.ToolExecutionRecord@4c432866
1790844425628	3	dispatch lease of 98ad7a21-3c29-4c18-b637-250cb0943c14 lapsed	REJECT	com.alibaba.qwen.code.runtimebroker.ToolExecutionRecord@2237bada
1790844425686	3	dispatch lease of 98ad7a21-3c29-4c18-b637-250cb0943c14 lapsed	REJECT	com.alibaba.qwen.code.runtimebroker.ToolExecutionRecord@199e4c2b
1790844425746	3	dispatch lease of 98ad7a21-3c29-4c18-b637-250cb0943c14 lapsed	REJECT	com.alibaba.qwen.code.runtimebroker.ToolExecutionRecord@30272916
1790844425804	3	dispatch lease of 98ad7a21-3c29-4c18-b637-250cb0943c14 lapsed	REJECT	com.alibaba.qwen.code.runtimebroker.ToolExecutionRecord@2c1dc8e
1790844425861	3	dispatch lease of 98ad7a21-3c29-4c18-b637-250cb0943c14 lapsed	REJECT	com.alibaba.qwen.code.runtimebroker.ToolExecutionRecord@251ebf23
1790844425922	3	dispatch lease of 98ad7a21-3c29-4c18-b637-250cb0943c14 lapsed	REJECT	com.alibaba.qwen.code.runtimebroker.ToolExecutionRecord@51671b08
1790844425981	3	dispatch lease of 98ad7a21-3c29-4c18-b637-250cb0943c14 lapsed	REJECT	com.alibaba.qwen.code.runtimebroker.ToolExecutionRecord@b09fac1
1790844426037	3	dispatch lease of 98ad7a21-3c29-4c18-b637-250cb0943c14 lapsed	REJECT	com.alibaba.qwen.code.runtimebroker.ToolExecutionRecord@62e8f862
1790844426095	3	dispatch lease of 98ad7a21-3c29-4c18-b637-250cb0943c14 lapsed	REJECT	com.alibaba.qwen.code.runtimebroker.ToolExecutionRecord@515f4131
1790844426151	3	dispatch lease of 98ad7a21-3c29-4c18-b637-250cb0943c14 lapsed	REJECT	com.alibaba.qwen.code.runtimebroker.ToolExecutionRecord@3f3ddbd9
1790844426208	3	dispatch lease of 98ad7a21-3c29-4c18-b637-250cb0943c14 lapsed	REJECT	com.alibaba.qwen.code.runtimebroker.ToolExecutionRecord@30865a90
1790844426265	3	dispatch lease of 98ad7a21-3c29-4c18-b637-250cb0943c14 lapsed	REJECT	com.alibaba.qwen.code.runtimebroker.ToolExecutionRecord@71b1a49c
1790844426321	3	dispatch lease of 98ad7a21-3c29-4c18-b637-250cb0943c14 lapsed	REJECT	com.alibaba.qwen.code.runtimebroker.ToolExecutionRecord@2472c7d8
1790844426378	3	dispatch lease of 98ad7a21-3c29-4c18-b637-250cb0943c14 lapsed	REJECT	com.alibaba.qwen.code.runtimebroker.ToolExecutionRecord@9fecdf1
1790844426439	3	dispatch lease of 98ad7a21-3c29-4c18-b637-250cb0943c14 lapsed	REJECT	com.alibaba.qwen.code.runtimebroker.ToolExecutionRecord@236ab296
1790844426497	3	dispatch lease of 98ad7a21-3c29-4c18-b637-250cb0943c14 lapsed	REJECT	com.alibaba.qwen.code.runtimebroker.ToolExecutionRecord@232024b9
1790844426557	3	dispatch lease of 98ad7a21-3c29-4c18-b637-250cb0943c14 lapsed	REJECT	com.alibaba.qwen.code.runtimebroker.ToolExecutionRecord@53cdecf6
1790844426617	3	dispatch lease of 98ad7a21-3c29-4c18-b637-250cb0943c14 lapsed	REJECT	com.alibaba.qwen.code.runtimebroker.ToolExecutionRecord@420745d7
1790844426675	3	dispatch lease of 98ad7a21-3c29-4c18-b637-250cb0943c14 lapsed	REJECT	com.alibaba.qwen.code.runtimebroker.ToolExecutionRecord@2392212b
1790844426734	3	dispatch lease of 98ad7a21-3c29-4c18-b637-250cb0943c14 lapsed	REJECT	com.alibaba.qwen.code.runtimebroker.ToolExecutionRecord@545f80bf
1790844426790	3	dispatch lease of 98ad7a21-3c29-4c18-b637-250cb0943c14 lapsed	REJECT	com.alibaba.qwen.code.runtimebroker.ToolExecutionRecord@4d666b41
1790844426852	3	dispatch lease of 98ad7a21-3c29-4c18-b637-250cb0943c14 lapsed	REJECT	com.alibaba.qwen.code.runtimebroker.ToolExecutionRecord@405325cf
1790844426912	3	dispatch lease of 98ad7a21-3c29-4c18-b637-250cb0943c14 lapsed	REJECT	com.alibaba.qwen.code.runtimebroker.ToolExecutionRecord@6c2f1700
1790844426970	3	dispatch lease of 98ad7a21-3c29-4c18-b637-250cb0943c14 lapsed	REJECT	com.alibaba.qwen.code.runtimebroker.ToolExecutionRecord@669d2b1b
1790844427031	3	dispatch lease of 98ad7a21-3c29-4c18-b637-250cb0943c14 lapsed	ACCEPT	com.alibaba.qwen.code.runtimebroker.ToolExecutionRecord@5d52e3ef
1790844435273	3	reconciliation from evidence	ACCEPT	ALREADY_SETTLED
1790844444983	3	marker = [start]	ACCEPT	[start]
1790844454715	3	marker = [start, end]	ACCEPT	[start, end]
1790844460141	3	startup adoption	REJECT	Reply[ok=false, value=null, status=503, code=runtime_provisioning_in_progress, retryable=true, message=another Broker owns Runtime provisioning]
1790844462767	3	startup adoption	ACCEPT	Reply[ok=true, value={"bindingId":"833448d0-e1cd-44e0-9bfe-4731e1efd40b","generation":1,"state":"READY"}, status=0, code=null, retryable=false, message=null]
1790844473017	3	startup adoption	ACCEPT	Reply[ok=true, value={"bindingId":"662094ac-78eb-45ca-b73a-5c5673a13b6f","generation":1,"state":"READY"}, status=0, code=null, retryable=false, message=null]
1790844486416	3	marker = [start]	ACCEPT	[start]
1790844493632	3	original worker loss after recovery fencing	ACCEPT	Reply[ok=false, value=null, status=503, code=runtime_broker_runtime_lost, retryable=true, message=Runtime is lost; recovery requires complete evidence and cleanup]
1790844503422	3	project/marker = [start]	ACCEPT	[start]
1790844510638	3	original worker loss after recovery fencing	ACCEPT	Reply[ok=false, value=null, status=503, code=runtime_broker_runtime_lost, retryable=true, message=Runtime is lost; recovery requires complete evidence and cleanup]
1790844555546	3	marker = [start]	ACCEPT	[start]
1790844563588	3	dispatch lease of 86b42ba2-2823-4779-a459-6c8ac216f7e2 lapsed	REJECT	com.alibaba.qwen.code.runtimebroker.ToolExecutionRecord@181d7f28
1790844563644	3	dispatch lease of 86b42ba2-2823-4779-a459-6c8ac216f7e2 lapsed	REJECT	com.alibaba.qwen.code.runtimebroker.ToolExecutionRecord@cda4919
1790844563700	3	dispatch lease of 86b42ba2-2823-4779-a459-6c8ac216f7e2 lapsed	REJECT	com.alibaba.qwen.code.runtimebroker.ToolExecutionRecord@344b8190
1790844563755	3	dispatch lease of 86b42ba2-2823-4779-a459-6c8ac216f7e2 lapsed	REJECT	com.alibaba.qwen.code.runtimebroker.ToolExecutionRecord@1929425f
1790844563811	3	dispatch lease of 86b42ba2-2823-4779-a459-6c8ac216f7e2 lapsed	REJECT	com.alibaba.qwen.code.runtimebroker.ToolExecutionRecord@757f675c
1790844563866	3	dispatch lease of 86b42ba2-2823-4779-a459-6c8ac216f7e2 lapsed	REJECT	com.alibaba.qwen.code.runtimebroker.ToolExecutionRecord@5d10455d
1790844563922	3	dispatch lease of 86b42ba2-2823-4779-a459-6c8ac216f7e2 lapsed	REJECT	com.alibaba.qwen.code.runtimebroker.ToolExecutionRecord@55b62629
1790844563978	3	dispatch lease of 86b42ba2-2823-4779-a459-6c8ac216f7e2 lapsed	REJECT	com.alibaba.qwen.code.runtimebroker.ToolExecutionRecord@6759f091
1790844564033	3	dispatch lease of 86b42ba2-2823-4779-a459-6c8ac216f7e2 lapsed	REJECT	com.alibaba.qwen.code.runtimebroker.ToolExecutionRecord@20921b9b
1790844564089	3	dispatch lease of 86b42ba2-2823-4779-a459-6c8ac216f7e2 lapsed	REJECT	com.alibaba.qwen.code.runtimebroker.ToolExecutionRecord@654b72c0
1790844564144	3	dispatch lease of 86b42ba2-2823-4779-a459-6c8ac216f7e2 lapsed	REJECT	com.alibaba.qwen.code.runtimebroker.ToolExecutionRecord@15fc442
1790844564200	3	dispatch lease of 86b42ba2-2823-4779-a459-6c8ac216f7e2 lapsed	REJECT	com.alibaba.qwen.code.runtimebroker.ToolExecutionRecord@2a3a299
1790844564255	3	dispatch lease of 86b42ba2-2823-4779-a459-6c8ac216f7e2 lapsed	REJECT	com.alibaba.qwen.code.runtimebroker.ToolExecutionRecord@31be6b49
1790844564310	3	dispatch lease of 86b42ba2-2823-4779-a459-6c8ac216f7e2 lapsed	REJECT	com.alibaba.qwen.code.runtimebroker.ToolExecutionRecord@70d8de
1790844564365	3	dispatch lease of 86b42ba2-2823-4779-a459-6c8ac216f7e2 lapsed	REJECT	com.alibaba.qwen.code.runtimebroker.ToolExecutionRecord@46b695ec
1790844564421	3	dispatch lease of 86b42ba2-2823-4779-a459-6c8ac216f7e2 lapsed	REJECT	com.alibaba.qwen.code.runtimebroker.ToolExecutionRecord@11ce2e22
1790844564476	3	dispatch lease of 86b42ba2-2823-4779-a459-6c8ac216f7e2 lapsed	REJECT	com.alibaba.qwen.code.runtimebroker.ToolExecutionRecord@5aa6202e
1790844564531	3	dispatch lease of 86b42ba2-2823-4779-a459-6c8ac216f7e2 lapsed	REJECT	com.alibaba.qwen.code.runtimebroker.ToolExecutionRecord@91c4a3f
1790844564586	3	dispatch lease of 86b42ba2-2823-4779-a459-6c8ac216f7e2 lapsed	REJECT	com.alibaba.qwen.code.runtimebroker.ToolExecutionRecord@6826c41e
1790844564641	3	dispatch lease of 86b42ba2-2823-4779-a459-6c8ac216f7e2 lapsed	REJECT	com.alibaba.qwen.code.runtimebroker.ToolExecutionRecord@1d269ed7
1790844564697	3	dispatch lease of 86b42ba2-2823-4779-a459-6c8ac216f7e2 lapsed	REJECT	com.alibaba.qwen.code.runtimebroker.ToolExecutionRecord@410e94e
1790844564752	3	dispatch lease of 86b42ba2-2823-4779-a459-6c8ac216f7e2 lapsed	REJECT	com.alibaba.qwen.code.runtimebroker.ToolExecutionRecord@1e7f2e0f
1790844564807	3	dispatch lease of 86b42ba2-2823-4779-a459-6c8ac216f7e2 lapsed	REJECT	com.alibaba.qwen.code.runtimebroker.ToolExecutionRecord@3c818ac4
1790844564862	3	dispatch lease of 86b42ba2-2823-4779-a459-6c8ac216f7e2 lapsed	REJECT	com.alibaba.qwen.code.runtimebroker.ToolExecutionRecord@15f193b8
1790844564917	3	dispatch lease of 86b42ba2-2823-4779-a459-6c8ac216f7e2 lapsed	REJECT	com.alibaba.qwen.code.runtimebroker.ToolExecutionRecord@6bfdb014
1790844564973	3	dispatch lease of 86b42ba2-2823-4779-a459-6c8ac216f7e2 lapsed	REJECT	com.alibaba.qwen.code.runtimebroker.ToolExecutionRecord@4aa3d36
1790844565029	3	dispatch lease of 86b42ba2-2823-4779-a459-6c8ac216f7e2 lapsed	REJECT	com.alibaba.qwen.code.runtimebroker.ToolExecutionRecord@2aa27288
1790844565084	3	dispatch lease of 86b42ba2-2823-4779-a459-6c8ac216f7e2 lapsed	REJECT	com.alibaba.qwen.code.runtimebroker.ToolExecutionRecord@1d8e2eea
1790844565139	3	dispatch lease of 86b42ba2-2823-4779-a459-6c8ac216f7e2 lapsed	REJECT	com.alibaba.qwen.code.runtimebroker.ToolExecutionRecord@49298ce7
1790844565195	3	dispatch lease of 86b42ba2-2823-4779-a459-6c8ac216f7e2 lapsed	REJECT	com.alibaba.qwen.code.runtimebroker.ToolExecutionRecord@503fbbc6
1790844565250	3	dispatch lease of 86b42ba2-2823-4779-a459-6c8ac216f7e2 lapsed	REJECT	com.alibaba.qwen.code.runtimebroker.ToolExecutionRecord@67fe380b
1790844565305	3	dispatch lease of 86b42ba2-2823-4779-a459-6c8ac216f7e2 lapsed	REJECT	com.alibaba.qwen.code.runtimebroker.ToolExecutionRecord@57f64f5e
1790844565360	3	dispatch lease of 86b42ba2-2823-4779-a459-6c8ac216f7e2 lapsed	REJECT	com.alibaba.qwen.code.runtimebroker.ToolExecutionRecord@49d98dc5
1790844565415	3	dispatch lease of 86b42ba2-2823-4779-a459-6c8ac216f7e2 lapsed	REJECT	com.alibaba.qwen.code.runtimebroker.ToolExecutionRecord@ec50f54
1790844565471	3	dispatch lease of 86b42ba2-2823-4779-a459-6c8ac216f7e2 lapsed	REJECT	com.alibaba.qwen.code.runtimebroker.ToolExecutionRecord@30cdae70
1790844565526	3	dispatch lease of 86b42ba2-2823-4779-a459-6c8ac216f7e2 lapsed	REJECT	com.alibaba.qwen.code.runtimebroker.ToolExecutionRecord@3163987e
1790844565581	3	dispatch lease of 86b42ba2-2823-4779-a459-6c8ac216f7e2 lapsed	REJECT	com.alibaba.qwen.code.runtimebroker.ToolExecutionRecord@44f9779c
1790844565637	3	dispatch lease of 86b42ba2-2823-4779-a459-6c8ac216f7e2 lapsed	REJECT	com.alibaba.qwen.code.runtimebroker.ToolExecutionRecord@43d455c9
1790844565693	3	dispatch lease of 86b42ba2-2823-4779-a459-6c8ac216f7e2 lapsed	REJECT	com.alibaba.qwen.code.runtimebroker.ToolExecutionRecord@40147317
1790844565748	3	dispatch lease of 86b42ba2-2823-4779-a459-6c8ac216f7e2 lapsed	REJECT	com.alibaba.qwen.code.runtimebroker.ToolExecutionRecord@6f95cd51
1790844565804	3	dispatch lease of 86b42ba2-2823-4779-a459-6c8ac216f7e2 lapsed	REJECT	com.alibaba.qwen.code.runtimebroker.ToolExecutionRecord@6d868997
1790844565859	3	dispatch lease of 86b42ba2-2823-4779-a459-6c8ac216f7e2 lapsed	REJECT	com.alibaba.qwen.code.runtimebroker.ToolExecutionRecord@76304b46
1790844565914	3	dispatch lease of 86b42ba2-2823-4779-a459-6c8ac216f7e2 lapsed	REJECT	com.alibaba.qwen.code.runtimebroker.ToolExecutionRecord@3af37506
1790844565970	3	dispatch lease of 86b42ba2-2823-4779-a459-6c8ac216f7e2 lapsed	REJECT	com.alibaba.qwen.code.runtimebroker.ToolExecutionRecord@d4602a
1790844566033	3	dispatch lease of 86b42ba2-2823-4779-a459-6c8ac216f7e2 lapsed	ACCEPT	com.alibaba.qwen.code.runtimebroker.ToolExecutionRecord@15515c51
1790844570526	3	cancelled original call	ACCEPT	RESOLVED
1790844581758	3	project/marker = [start]	ACCEPT	[start]
1790844589811	3	dispatch lease of 777e37c7-e448-4a26-ba05-eae10af07afc lapsed	REJECT	com.alibaba.qwen.code.runtimebroker.ToolExecutionRecord@e36bb2a
1790844589866	3	dispatch lease of 777e37c7-e448-4a26-ba05-eae10af07afc lapsed	REJECT	com.alibaba.qwen.code.runtimebroker.ToolExecutionRecord@367795c7
1790844589922	3	dispatch lease of 777e37c7-e448-4a26-ba05-eae10af07afc lapsed	REJECT	com.alibaba.qwen.code.runtimebroker.ToolExecutionRecord@1500e009
1790844589979	3	dispatch lease of 777e37c7-e448-4a26-ba05-eae10af07afc lapsed	REJECT	com.alibaba.qwen.code.runtimebroker.ToolExecutionRecord@29d334c
1790844590034	3	dispatch lease of 777e37c7-e448-4a26-ba05-eae10af07afc lapsed	REJECT	com.alibaba.qwen.code.runtimebroker.ToolExecutionRecord@673bb956
1790844590090	3	dispatch lease of 777e37c7-e448-4a26-ba05-eae10af07afc lapsed	REJECT	com.alibaba.qwen.code.runtimebroker.ToolExecutionRecord@3c4bc9fc
1790844590145	3	dispatch lease of 777e37c7-e448-4a26-ba05-eae10af07afc lapsed	REJECT	com.alibaba.qwen.code.runtimebroker.ToolExecutionRecord@1f651cd8
1790844590201	3	dispatch lease of 777e37c7-e448-4a26-ba05-eae10af07afc lapsed	REJECT	com.alibaba.qwen.code.runtimebroker.ToolExecutionRecord@c827db
1790844590256	3	dispatch lease of 777e37c7-e448-4a26-ba05-eae10af07afc lapsed	REJECT	com.alibaba.qwen.code.runtimebroker.ToolExecutionRecord@238ad8c
1790844590312	3	dispatch lease of 777e37c7-e448-4a26-ba05-eae10af07afc lapsed	REJECT	com.alibaba.qwen.code.runtimebroker.ToolExecutionRecord@22df874e
1790844590367	3	dispatch lease of 777e37c7-e448-4a26-ba05-eae10af07afc lapsed	REJECT	com.alibaba.qwen.code.runtimebroker.ToolExecutionRecord@42d236fb
1790844590423	3	dispatch lease of 777e37c7-e448-4a26-ba05-eae10af07afc lapsed	REJECT	com.alibaba.qwen.code.runtimebroker.ToolExecutionRecord@1532c619
1790844590479	3	dispatch lease of 777e37c7-e448-4a26-ba05-eae10af07afc lapsed	REJECT	com.alibaba.qwen.code.runtimebroker.ToolExecutionRecord@1a78dacd
1790844590534	3	dispatch lease of 777e37c7-e448-4a26-ba05-eae10af07afc lapsed	REJECT	com.alibaba.qwen.code.runtimebroker.ToolExecutionRecord@2bfeb1ef
1790844590589	3	dispatch lease of 777e37c7-e448-4a26-ba05-eae10af07afc lapsed	REJECT	com.alibaba.qwen.code.runtimebroker.ToolExecutionRecord@78b236a0
1790844590644	3	dispatch lease of 777e37c7-e448-4a26-ba05-eae10af07afc lapsed	REJECT	com.alibaba.qwen.code.runtimebroker.ToolExecutionRecord@60e9df3c
1790844590700	3	dispatch lease of 777e37c7-e448-4a26-ba05-eae10af07afc lapsed	REJECT	com.alibaba.qwen.code.runtimebroker.ToolExecutionRecord@537b32ef
1790844590756	3	dispatch lease of 777e37c7-e448-4a26-ba05-eae10af07afc lapsed	REJECT	com.alibaba.qwen.code.runtimebroker.ToolExecutionRecord@6f815e7f
1790844590811	3	dispatch lease of 777e37c7-e448-4a26-ba05-eae10af07afc lapsed	REJECT	com.alibaba.qwen.code.runtimebroker.ToolExecutionRecord@75699e35
1790844590866	3	dispatch lease of 777e37c7-e448-4a26-ba05-eae10af07afc lapsed	REJECT	com.alibaba.qwen.code.runtimebroker.ToolExecutionRecord@263558c9
1790844590921	3	dispatch lease of 777e37c7-e448-4a26-ba05-eae10af07afc lapsed	REJECT	com.alibaba.qwen.code.runtimebroker.ToolExecutionRecord@62315f22
1790844590977	3	dispatch lease of 777e37c7-e448-4a26-ba05-eae10af07afc lapsed	REJECT	com.alibaba.qwen.code.runtimebroker.ToolExecutionRecord@78f9ed3e
1790844591033	3	dispatch lease of 777e37c7-e448-4a26-ba05-eae10af07afc lapsed	REJECT	com.alibaba.qwen.code.runtimebroker.ToolExecutionRecord@48e7b3d2
1790844591088	3	dispatch lease of 777e37c7-e448-4a26-ba05-eae10af07afc lapsed	REJECT	com.alibaba.qwen.code.runtimebroker.ToolExecutionRecord@64040287
1790844591143	3	dispatch lease of 777e37c7-e448-4a26-ba05-eae10af07afc lapsed	REJECT	com.alibaba.qwen.code.runtimebroker.ToolExecutionRecord@df1cff6
1790844591207	3	dispatch lease of 777e37c7-e448-4a26-ba05-eae10af07afc lapsed	REJECT	com.alibaba.qwen.code.runtimebroker.ToolExecutionRecord@3a43d133
1790844591263	3	dispatch lease of 777e37c7-e448-4a26-ba05-eae10af07afc lapsed	REJECT	com.alibaba.qwen.code.runtimebroker.ToolExecutionRecord@c96a4ea
1790844591318	3	dispatch lease of 777e37c7-e448-4a26-ba05-eae10af07afc lapsed	REJECT	com.alibaba.qwen.code.runtimebroker.ToolExecutionRecord@68105edc
1790844591373	3	dispatch lease of 777e37c7-e448-4a26-ba05-eae10af07afc lapsed	REJECT	com.alibaba.qwen.code.runtimebroker.ToolExecutionRecord@5339bbad
1790844591428	3	dispatch lease of 777e37c7-e448-4a26-ba05-eae10af07afc lapsed	REJECT	com.alibaba.qwen.code.runtimebroker.ToolExecutionRecord@5b56b654
1790844591484	3	dispatch lease of 777e37c7-e448-4a26-ba05-eae10af07afc lapsed	REJECT	com.alibaba.qwen.code.runtimebroker.ToolExecutionRecord@29006752
1790844591539	3	dispatch lease of 777e37c7-e448-4a26-ba05-eae10af07afc lapsed	REJECT	com.alibaba.qwen.code.runtimebroker.ToolExecutionRecord@27494e46
1790844591594	3	dispatch lease of 777e37c7-e448-4a26-ba05-eae10af07afc lapsed	REJECT	com.alibaba.qwen.code.runtimebroker.ToolExecutionRecord@53b98ff6
1790844591649	3	dispatch lease of 777e37c7-e448-4a26-ba05-eae10af07afc lapsed	REJECT	com.alibaba.qwen.code.runtimebroker.ToolExecutionRecord@697446d4
1790844591704	3	dispatch lease of 777e37c7-e448-4a26-ba05-eae10af07afc lapsed	REJECT	com.alibaba.qwen.code.runtimebroker.ToolExecutionRecord@36453307
1790844591760	3	dispatch lease of 777e37c7-e448-4a26-ba05-eae10af07afc lapsed	REJECT	com.alibaba.qwen.code.runtimebroker.ToolExecutionRecord@6a9287b1
1790844591816	3	dispatch lease of 777e37c7-e448-4a26-ba05-eae10af07afc lapsed	REJECT	com.alibaba.qwen.code.runtimebroker.ToolExecutionRecord@56193c7d
1790844591871	3	dispatch lease of 777e37c7-e448-4a26-ba05-eae10af07afc lapsed	REJECT	com.alibaba.qwen.code.runtimebroker.ToolExecutionRecord@607b2792
1790844591926	3	dispatch lease of 777e37c7-e448-4a26-ba05-eae10af07afc lapsed	REJECT	com.alibaba.qwen.code.runtimebroker.ToolExecutionRecord@81ff872
1790844591982	3	dispatch lease of 777e37c7-e448-4a26-ba05-eae10af07afc lapsed	REJECT	com.alibaba.qwen.code.runtimebroker.ToolExecutionRecord@7e31ce0f
1790844592037	3	dispatch lease of 777e37c7-e448-4a26-ba05-eae10af07afc lapsed	REJECT	com.alibaba.qwen.code.runtimebroker.ToolExecutionRecord@42cc13a0
1790844592092	3	dispatch lease of 777e37c7-e448-4a26-ba05-eae10af07afc lapsed	REJECT	com.alibaba.qwen.code.runtimebroker.ToolExecutionRecord@1bd81830
1790844592147	3	dispatch lease of 777e37c7-e448-4a26-ba05-eae10af07afc lapsed	REJECT	com.alibaba.qwen.code.runtimebroker.ToolExecutionRecord@111610e6
1790844592203	3	dispatch lease of 777e37c7-e448-4a26-ba05-eae10af07afc lapsed	REJECT	com.alibaba.qwen.code.runtimebroker.ToolExecutionRecord@4fcc529
1790844592259	3	dispatch lease of 777e37c7-e448-4a26-ba05-eae10af07afc lapsed	REJECT	com.alibaba.qwen.code.runtimebroker.ToolExecutionRecord@79b663b3
1790844592314	3	dispatch lease of 777e37c7-e448-4a26-ba05-eae10af07afc lapsed	REJECT	com.alibaba.qwen.code.runtimebroker.ToolExecutionRecord@7882c44a
1790844592369	3	dispatch lease of 777e37c7-e448-4a26-ba05-eae10af07afc lapsed	REJECT	com.alibaba.qwen.code.runtimebroker.ToolExecutionRecord@3887cf88
1790844592424	3	dispatch lease of 777e37c7-e448-4a26-ba05-eae10af07afc lapsed	REJECT	com.alibaba.qwen.code.runtimebroker.ToolExecutionRecord@502f8b57
1790844592480	3	dispatch lease of 777e37c7-e448-4a26-ba05-eae10af07afc lapsed	REJECT	com.alibaba.qwen.code.runtimebroker.ToolExecutionRecord@55120f99
1790844592536	3	dispatch lease of 777e37c7-e448-4a26-ba05-eae10af07afc lapsed	REJECT	com.alibaba.qwen.code.runtimebroker.ToolExecutionRecord@779dfe55
1790844592591	3	dispatch lease of 777e37c7-e448-4a26-ba05-eae10af07afc lapsed	REJECT	com.alibaba.qwen.code.runtimebroker.ToolExecutionRecord@3e521715
1790844592646	3	dispatch lease of 777e37c7-e448-4a26-ba05-eae10af07afc lapsed	REJECT	com.alibaba.qwen.code.runtimebroker.ToolExecutionRecord@1286528d
1790844592701	3	dispatch lease of 777e37c7-e448-4a26-ba05-eae10af07afc lapsed	REJECT	com.alibaba.qwen.code.runtimebroker.ToolExecutionRecord@775594f2
1790844592757	3	dispatch lease of 777e37c7-e448-4a26-ba05-eae10af07afc lapsed	REJECT	com.alibaba.qwen.code.runtimebroker.ToolExecutionRecord@790132f7
1790844592811	3	dispatch lease of 777e37c7-e448-4a26-ba05-eae10af07afc lapsed	REJECT	com.alibaba.qwen.code.runtimebroker.ToolExecutionRecord@241a0c3a
1790844592866	3	dispatch lease of 777e37c7-e448-4a26-ba05-eae10af07afc lapsed	REJECT	com.alibaba.qwen.code.runtimebroker.ToolExecutionRecord@7fae4d4a
1790844592922	3	dispatch lease of 777e37c7-e448-4a26-ba05-eae10af07afc lapsed	REJECT	com.alibaba.qwen.code.runtimebroker.ToolExecutionRecord@46baf579
1790844592977	3	dispatch lease of 777e37c7-e448-4a26-ba05-eae10af07afc lapsed	REJECT	com.alibaba.qwen.code.runtimebroker.ToolExecutionRecord@ca66933
1790844593032	3	dispatch lease of 777e37c7-e448-4a26-ba05-eae10af07afc lapsed	ACCEPT	com.alibaba.qwen.code.runtimebroker.ToolExecutionRecord@602c4656
1790844597521	3	cancelled original call	ACCEPT	RESOLVED
1790844609072	3	dispatch lease of 7f515972-d862-4f80-b5c8-b9818c4a2926 lapsed	REJECT	com.alibaba.qwen.code.runtimebroker.ToolExecutionRecord@62a8fd44
1790844609128	3	dispatch lease of 7f515972-d862-4f80-b5c8-b9818c4a2926 lapsed	REJECT	com.alibaba.qwen.code.runtimebroker.ToolExecutionRecord@4ee33af7
1790844609183	3	dispatch lease of 7f515972-d862-4f80-b5c8-b9818c4a2926 lapsed	REJECT	com.alibaba.qwen.code.runtimebroker.ToolExecutionRecord@1d035be3
1790844609239	3	dispatch lease of 7f515972-d862-4f80-b5c8-b9818c4a2926 lapsed	REJECT	com.alibaba.qwen.code.runtimebroker.ToolExecutionRecord@58faa93b
1790844609294	3	dispatch lease of 7f515972-d862-4f80-b5c8-b9818c4a2926 lapsed	REJECT	com.alibaba.qwen.code.runtimebroker.ToolExecutionRecord@6b9c69a9
1790844609350	3	dispatch lease of 7f515972-d862-4f80-b5c8-b9818c4a2926 lapsed	REJECT	com.alibaba.qwen.code.runtimebroker.ToolExecutionRecord@497570fb
1790844609405	3	dispatch lease of 7f515972-d862-4f80-b5c8-b9818c4a2926 lapsed	REJECT	com.alibaba.qwen.code.runtimebroker.ToolExecutionRecord@4dd94a58
1790844609461	3	dispatch lease of 7f515972-d862-4f80-b5c8-b9818c4a2926 lapsed	REJECT	com.alibaba.qwen.code.runtimebroker.ToolExecutionRecord@75b21c3b
1790844609516	3	dispatch lease of 7f515972-d862-4f80-b5c8-b9818c4a2926 lapsed	REJECT	com.alibaba.qwen.code.runtimebroker.ToolExecutionRecord@4bd2f0dc
1790844609572	3	dispatch lease of 7f515972-d862-4f80-b5c8-b9818c4a2926 lapsed	REJECT	com.alibaba.qwen.code.runtimebroker.ToolExecutionRecord@51e37590
1790844609627	3	dispatch lease of 7f515972-d862-4f80-b5c8-b9818c4a2926 lapsed	REJECT	com.alibaba.qwen.code.runtimebroker.ToolExecutionRecord@39aa45a1
1790844609681	3	dispatch lease of 7f515972-d862-4f80-b5c8-b9818c4a2926 lapsed	REJECT	com.alibaba.qwen.code.runtimebroker.ToolExecutionRecord@27ead29e
1790844609737	3	dispatch lease of 7f515972-d862-4f80-b5c8-b9818c4a2926 lapsed	REJECT	com.alibaba.qwen.code.runtimebroker.ToolExecutionRecord@383f3558
1790844609793	3	dispatch lease of 7f515972-d862-4f80-b5c8-b9818c4a2926 lapsed	REJECT	com.alibaba.qwen.code.runtimebroker.ToolExecutionRecord@65f00478
1790844609848	3	dispatch lease of 7f515972-d862-4f80-b5c8-b9818c4a2926 lapsed	REJECT	com.alibaba.qwen.code.runtimebroker.ToolExecutionRecord@28486680
1790844609902	3	dispatch lease of 7f515972-d862-4f80-b5c8-b9818c4a2926 lapsed	REJECT	com.alibaba.qwen.code.runtimebroker.ToolExecutionRecord@6e78fcf5
1790844609959	3	dispatch lease of 7f515972-d862-4f80-b5c8-b9818c4a2926 lapsed	REJECT	com.alibaba.qwen.code.runtimebroker.ToolExecutionRecord@7d151a
1790844610013	3	dispatch lease of 7f515972-d862-4f80-b5c8-b9818c4a2926 lapsed	REJECT	com.alibaba.qwen.code.runtimebroker.ToolExecutionRecord@1f86099a
1790844610068	3	dispatch lease of 7f515972-d862-4f80-b5c8-b9818c4a2926 lapsed	REJECT	com.alibaba.qwen.code.runtimebroker.ToolExecutionRecord@54acff7d
1790844610123	3	dispatch lease of 7f515972-d862-4f80-b5c8-b9818c4a2926 lapsed	REJECT	com.alibaba.qwen.code.runtimebroker.ToolExecutionRecord@4248ed58
1790844610178	3	dispatch lease of 7f515972-d862-4f80-b5c8-b9818c4a2926 lapsed	REJECT	com.alibaba.qwen.code.runtimebroker.ToolExecutionRecord@54534abf
1790844610234	3	dispatch lease of 7f515972-d862-4f80-b5c8-b9818c4a2926 lapsed	REJECT	com.alibaba.qwen.code.runtimebroker.ToolExecutionRecord@27abb83e
1790844610289	3	dispatch lease of 7f515972-d862-4f80-b5c8-b9818c4a2926 lapsed	REJECT	com.alibaba.qwen.code.runtimebroker.ToolExecutionRecord@667e34b1
1790844610343	3	dispatch lease of 7f515972-d862-4f80-b5c8-b9818c4a2926 lapsed	REJECT	com.alibaba.qwen.code.runtimebroker.ToolExecutionRecord@1efdcd5
1790844610398	3	dispatch lease of 7f515972-d862-4f80-b5c8-b9818c4a2926 lapsed	REJECT	com.alibaba.qwen.code.runtimebroker.ToolExecutionRecord@4351171a
1790844610455	3	dispatch lease of 7f515972-d862-4f80-b5c8-b9818c4a2926 lapsed	REJECT	com.alibaba.qwen.code.runtimebroker.ToolExecutionRecord@433e536f
1790844610511	3	dispatch lease of 7f515972-d862-4f80-b5c8-b9818c4a2926 lapsed	REJECT	com.alibaba.qwen.code.runtimebroker.ToolExecutionRecord@381cad29
1790844610566	3	dispatch lease of 7f515972-d862-4f80-b5c8-b9818c4a2926 lapsed	REJECT	com.alibaba.qwen.code.runtimebroker.ToolExecutionRecord@3c5a54b7
1790844610621	3	dispatch lease of 7f515972-d862-4f80-b5c8-b9818c4a2926 lapsed	REJECT	com.alibaba.qwen.code.runtimebroker.ToolExecutionRecord@417ad4f3
1790844610676	3	dispatch lease of 7f515972-d862-4f80-b5c8-b9818c4a2926 lapsed	REJECT	com.alibaba.qwen.code.runtimebroker.ToolExecutionRecord@78c7f9b3
1790844610732	3	dispatch lease of 7f515972-d862-4f80-b5c8-b9818c4a2926 lapsed	REJECT	com.alibaba.qwen.code.runtimebroker.ToolExecutionRecord@4d6f623d
1790844610788	3	dispatch lease of 7f515972-d862-4f80-b5c8-b9818c4a2926 lapsed	REJECT	com.alibaba.qwen.code.runtimebroker.ToolExecutionRecord@4cee7fa0
1790844610843	3	dispatch lease of 7f515972-d862-4f80-b5c8-b9818c4a2926 lapsed	REJECT	com.alibaba.qwen.code.runtimebroker.ToolExecutionRecord@7180e701
1790844610898	3	dispatch lease of 7f515972-d862-4f80-b5c8-b9818c4a2926 lapsed	REJECT	com.alibaba.qwen.code.runtimebroker.ToolExecutionRecord@5a5c128
1790844610954	3	dispatch lease of 7f515972-d862-4f80-b5c8-b9818c4a2926 lapsed	REJECT	com.alibaba.qwen.code.runtimebroker.ToolExecutionRecord@5e76a2bb
1790844611009	3	dispatch lease of 7f515972-d862-4f80-b5c8-b9818c4a2926 lapsed	ACCEPT	com.alibaba.qwen.code.runtimebroker.ToolExecutionRecord@14faa38c
1790844631370	3	dispatch lease of 1a994a13-22ac-4802-b6d8-b9db9e074a65 lapsed	REJECT	com.alibaba.qwen.code.runtimebroker.ToolExecutionRecord@6e28bb87
1790844631428	3	dispatch lease of 1a994a13-22ac-4802-b6d8-b9db9e074a65 lapsed	REJECT	com.alibaba.qwen.code.runtimebroker.ToolExecutionRecord@27e32fe4
1790844631483	3	dispatch lease of 1a994a13-22ac-4802-b6d8-b9db9e074a65 lapsed	REJECT	com.alibaba.qwen.code.runtimebroker.ToolExecutionRecord@3d7cc3cb
1790844631538	3	dispatch lease of 1a994a13-22ac-4802-b6d8-b9db9e074a65 lapsed	REJECT	com.alibaba.qwen.code.runtimebroker.ToolExecutionRecord@6b7d1df8
1790844631594	3	dispatch lease of 1a994a13-22ac-4802-b6d8-b9db9e074a65 lapsed	REJECT	com.alibaba.qwen.code.runtimebroker.ToolExecutionRecord@49096b06
1790844631650	3	dispatch lease of 1a994a13-22ac-4802-b6d8-b9db9e074a65 lapsed	REJECT	com.alibaba.qwen.code.runtimebroker.ToolExecutionRecord@213deac2
1790844631705	3	dispatch lease of 1a994a13-22ac-4802-b6d8-b9db9e074a65 lapsed	REJECT	com.alibaba.qwen.code.runtimebroker.ToolExecutionRecord@5a9800f8
1790844631760	3	dispatch lease of 1a994a13-22ac-4802-b6d8-b9db9e074a65 lapsed	REJECT	com.alibaba.qwen.code.runtimebroker.ToolExecutionRecord@4159e81b
1790844631815	3	dispatch lease of 1a994a13-22ac-4802-b6d8-b9db9e074a65 lapsed	REJECT	com.alibaba.qwen.code.runtimebroker.ToolExecutionRecord@70807224
1790844631870	3	dispatch lease of 1a994a13-22ac-4802-b6d8-b9db9e074a65 lapsed	REJECT	com.alibaba.qwen.code.runtimebroker.ToolExecutionRecord@9f6e406
1790844631926	3	dispatch lease of 1a994a13-22ac-4802-b6d8-b9db9e074a65 lapsed	REJECT	com.alibaba.qwen.code.runtimebroker.ToolExecutionRecord@12477988
1790844631981	3	dispatch lease of 1a994a13-22ac-4802-b6d8-b9db9e074a65 lapsed	REJECT	com.alibaba.qwen.code.runtimebroker.ToolExecutionRecord@34237b90
1790844632036	3	dispatch lease of 1a994a13-22ac-4802-b6d8-b9db9e074a65 lapsed	REJECT	com.alibaba.qwen.code.runtimebroker.ToolExecutionRecord@d400943
1790844632091	3	dispatch lease of 1a994a13-22ac-4802-b6d8-b9db9e074a65 lapsed	REJECT	com.alibaba.qwen.code.runtimebroker.ToolExecutionRecord@759d81f3
1790844632147	3	dispatch lease of 1a994a13-22ac-4802-b6d8-b9db9e074a65 lapsed	REJECT	com.alibaba.qwen.code.runtimebroker.ToolExecutionRecord@13e698c7
1790844632202	3	dispatch lease of 1a994a13-22ac-4802-b6d8-b9db9e074a65 lapsed	REJECT	com.alibaba.qwen.code.runtimebroker.ToolExecutionRecord@1f12e153
1790844632257	3	dispatch lease of 1a994a13-22ac-4802-b6d8-b9db9e074a65 lapsed	REJECT	com.alibaba.qwen.code.runtimebroker.ToolExecutionRecord@2160e52a
1790844632312	3	dispatch lease of 1a994a13-22ac-4802-b6d8-b9db9e074a65 lapsed	REJECT	com.alibaba.qwen.code.runtimebroker.ToolExecutionRecord@60f2e0bd
1790844632367	3	dispatch lease of 1a994a13-22ac-4802-b6d8-b9db9e074a65 lapsed	REJECT	com.alibaba.qwen.code.runtimebroker.ToolExecutionRecord@57bd2029
1790844632424	3	dispatch lease of 1a994a13-22ac-4802-b6d8-b9db9e074a65 lapsed	REJECT	com.alibaba.qwen.code.runtimebroker.ToolExecutionRecord@6d64b553
1790844632479	3	dispatch lease of 1a994a13-22ac-4802-b6d8-b9db9e074a65 lapsed	REJECT	com.alibaba.qwen.code.runtimebroker.ToolExecutionRecord@6eafb10e
1790844632534	3	dispatch lease of 1a994a13-22ac-4802-b6d8-b9db9e074a65 lapsed	REJECT	com.alibaba.qwen.code.runtimebroker.ToolExecutionRecord@2873d672
1790844632589	3	dispatch lease of 1a994a13-22ac-4802-b6d8-b9db9e074a65 lapsed	REJECT	com.alibaba.qwen.code.runtimebroker.ToolExecutionRecord@4303b7f0
1790844632645	3	dispatch lease of 1a994a13-22ac-4802-b6d8-b9db9e074a65 lapsed	REJECT	com.alibaba.qwen.code.runtimebroker.ToolExecutionRecord@5c41d037
1790844632700	3	dispatch lease of 1a994a13-22ac-4802-b6d8-b9db9e074a65 lapsed	REJECT	com.alibaba.qwen.code.runtimebroker.ToolExecutionRecord@4642b71d
1790844632755	3	dispatch lease of 1a994a13-22ac-4802-b6d8-b9db9e074a65 lapsed	REJECT	com.alibaba.qwen.code.runtimebroker.ToolExecutionRecord@69c6161d
1790844632810	3	dispatch lease of 1a994a13-22ac-4802-b6d8-b9db9e074a65 lapsed	REJECT	com.alibaba.qwen.code.runtimebroker.ToolExecutionRecord@6719a5b8
1790844632865	3	dispatch lease of 1a994a13-22ac-4802-b6d8-b9db9e074a65 lapsed	REJECT	com.alibaba.qwen.code.runtimebroker.ToolExecutionRecord@6bff19ff
1790844632921	3	dispatch lease of 1a994a13-22ac-4802-b6d8-b9db9e074a65 lapsed	REJECT	com.alibaba.qwen.code.runtimebroker.ToolExecutionRecord@5eccd3b9
1790844632976	3	dispatch lease of 1a994a13-22ac-4802-b6d8-b9db9e074a65 lapsed	REJECT	com.alibaba.qwen.code.runtimebroker.ToolExecutionRecord@64e1dd11
1790844633031	3	dispatch lease of 1a994a13-22ac-4802-b6d8-b9db9e074a65 lapsed	REJECT	com.alibaba.qwen.code.runtimebroker.ToolExecutionRecord@14bae047
1790844633086	3	dispatch lease of 1a994a13-22ac-4802-b6d8-b9db9e074a65 lapsed	REJECT	com.alibaba.qwen.code.runtimebroker.ToolExecutionRecord@41477a6d
1790844633142	3	dispatch lease of 1a994a13-22ac-4802-b6d8-b9db9e074a65 lapsed	REJECT	com.alibaba.qwen.code.runtimebroker.ToolExecutionRecord@534ca02b
1790844633197	3	dispatch lease of 1a994a13-22ac-4802-b6d8-b9db9e074a65 lapsed	REJECT	com.alibaba.qwen.code.runtimebroker.ToolExecutionRecord@6fe46b62
1790844633252	3	dispatch lease of 1a994a13-22ac-4802-b6d8-b9db9e074a65 lapsed	REJECT	com.alibaba.qwen.code.runtimebroker.ToolExecutionRecord@7c9b78e3
1790844633307	3	dispatch lease of 1a994a13-22ac-4802-b6d8-b9db9e074a65 lapsed	REJECT	com.alibaba.qwen.code.runtimebroker.ToolExecutionRecord@5491f68b
1790844633362	3	dispatch lease of 1a994a13-22ac-4802-b6d8-b9db9e074a65 lapsed	REJECT	com.alibaba.qwen.code.runtimebroker.ToolExecutionRecord@45394b31
1790844633418	3	dispatch lease of 1a994a13-22ac-4802-b6d8-b9db9e074a65 lapsed	REJECT	com.alibaba.qwen.code.runtimebroker.ToolExecutionRecord@5bb3131b
1790844633473	3	dispatch lease of 1a994a13-22ac-4802-b6d8-b9db9e074a65 lapsed	REJECT	com.alibaba.qwen.code.runtimebroker.ToolExecutionRecord@2a037324
1790844633528	3	dispatch lease of 1a994a13-22ac-4802-b6d8-b9db9e074a65 lapsed	REJECT	com.alibaba.qwen.code.runtimebroker.ToolExecutionRecord@5bb8f9e2
1790844633583	3	dispatch lease of 1a994a13-22ac-4802-b6d8-b9db9e074a65 lapsed	REJECT	com.alibaba.qwen.code.runtimebroker.ToolExecutionRecord@516ebdf8
1790844633639	3	dispatch lease of 1a994a13-22ac-4802-b6d8-b9db9e074a65 lapsed	REJECT	com.alibaba.qwen.code.runtimebroker.ToolExecutionRecord@272a179c
1790844633694	3	dispatch lease of 1a994a13-22ac-4802-b6d8-b9db9e074a65 lapsed	REJECT	com.alibaba.qwen.code.runtimebroker.ToolExecutionRecord@bcb09a6
1790844633748	3	dispatch lease of 1a994a13-22ac-4802-b6d8-b9db9e074a65 lapsed	REJECT	com.alibaba.qwen.code.runtimebroker.ToolExecutionRecord@648ee871
1790844633803	3	dispatch lease of 1a994a13-22ac-4802-b6d8-b9db9e074a65 lapsed	REJECT	com.alibaba.qwen.code.runtimebroker.ToolExecutionRecord@28cb9120
1790844633860	3	dispatch lease of 1a994a13-22ac-4802-b6d8-b9db9e074a65 lapsed	REJECT	com.alibaba.qwen.code.runtimebroker.ToolExecutionRecord@5173200b
1790844633915	3	dispatch lease of 1a994a13-22ac-4802-b6d8-b9db9e074a65 lapsed	REJECT	com.alibaba.qwen.code.runtimebroker.ToolExecutionRecord@2189e7a7
1790844633970	3	dispatch lease of 1a994a13-22ac-4802-b6d8-b9db9e074a65 lapsed	REJECT	com.alibaba.qwen.code.runtimebroker.ToolExecutionRecord@a10c1b5
1790844634025	3	dispatch lease of 1a994a13-22ac-4802-b6d8-b9db9e074a65 lapsed	ACCEPT	com.alibaba.qwen.code.runtimebroker.ToolExecutionRecord@70325d20
