2026-10-09T14:36:14.119Z [INFO] [DAEMON] projectMemoryScope=workspace projectMemoryScopeRaw=workspace projectMemoryScopeSource=default project memory scope resolved
qwen serve: daemon log → /rig/runs/e6/harness-home/.qwen/debug/daemon/daemon.log
qwen serve listening on http://127.0.0.1:18721 (mode=http-bridge, workspace=/rig/runs/e6/workspace)
qwen serve: bound to workspace "/rig/runs/e6/workspace"
qwen serve: startup timing: processToListenMs=1970 runQwenServeToListenMs=84
qwen serve: --require-auth enabled (bearer token mandatory on every route, including loopback /health).
2026-10-09T14:36:14.789Z [INFO] [DAEMON] ideEnvPresent=false primary=/rig/runs/e6/workspace secondary= daemon workspace roots initialized
qwen serve: session reaper started (interval 60000ms, idle threshold 1800000ms)
2026-10-09T14:36:16.083Z [INFO] [DAEMON] route=GET /capabilities durationMs=60 status=200 request completed
2026-10-09T14:36:18.461Z [INFO] [DAEMON] route=POST /session durationMs=2241 status=200 request completed
2026-10-09T14:36:18.485Z [INFO] [DAEMON] route=POST /session durationMs=850 status=200 request completed
2026-10-09T14:36:19.017Z [INFO] [DAEMON] route=POST /session/7e0567e3-1add-45cc-af51-1622fe6c1b7e/prompt sessionId=7e0567e3-1add-45cc-af51-1622fe6c1b7e clientId=0f617cb0-6087-49fe-b0b1-84f2c77dead3 durationMs=408 status=202 request completed
2026-10-09T14:36:19.110Z [INFO] [DAEMON] route=POST /session/37e37f18-e70e-40e6-8d85-6fe841499ad4/prompt sessionId=37e37f18-e70e-40e6-8d85-6fe841499ad4 clientId=f68d98b1-8915-4a87-84ff-a7f0e3d35284 durationMs=485 status=202 request completed
2026-10-09T14:36:24.056Z [INFO] [DAEMON] route=POST /session/37e37f18-e70e-40e6-8d85-6fe841499ad4/automations/operations sessionId=37e37f18-e70e-40e6-8d85-6fe841499ad4 clientId=f68d98b1-8915-4a87-84ff-a7f0e3d35284 durationMs=251 status=202 request completed
2026-10-09T14:37:02.424Z [INFO] [DAEMON] route=POST /session/37e37f18-e70e-40e6-8d85-6fe841499ad4/automations/operations sessionId=37e37f18-e70e-40e6-8d85-6fe841499ad4 clientId=f68d98b1-8915-4a87-84ff-a7f0e3d35284 durationMs=374 status=202 request completed
qwen serve: daemon stable log is owned by another daemon instance; using a fallback log for runId=e3f3a0c0063cba98ddbf2e6b4c68ab47
2026-10-09T14:37:14.821Z [INFO] [DAEMON] projectMemoryScope=workspace projectMemoryScopeRaw=workspace projectMemoryScopeSource=default project memory scope resolved
qwen serve: daemon log → /rig/runs/e6/harness-home/.qwen/debug/daemon/runs/run-e3f3a0c0063cba98ddbf2e6b4c68ab47/daemon.log
qwen serve listening on http://127.0.0.1:18721 (mode=http-bridge, workspace=/rig/runs/e6/workspace)
qwen serve: bound to workspace "/rig/runs/e6/workspace"
qwen serve: startup timing: processToListenMs=2805 runQwenServeToListenMs=1091
qwen serve: --require-auth enabled (bearer token mandatory on every route, including loopback /health).
2026-10-09T14:37:15.429Z [INFO] [DAEMON] ideEnvPresent=false primary=/rig/runs/e6/workspace secondary= daemon workspace roots initialized
qwen serve: session reaper started (interval 60000ms, idle threshold 1800000ms)
2026-10-09T14:38:02.764Z [WARN] [DAEMON] route=POST /session/37e37f18-e70e-40e6-8d85-6fe841499ad4/automations/operations sessionId=37e37f18-e70e-40e6-8d85-6fe841499ad4 clientId=f68d98b1-8915-4a87-84ff-a7f0e3d35284 durationMs=8 status=409 request completed
2026-10-09T14:38:07.858Z [INFO] [DAEMON] route=GET /capabilities durationMs=16 status=200 request completed
2026-10-09T14:38:08.865Z [INFO] [DAEMON] route=POST /session/37e37f18-e70e-40e6-8d85-6fe841499ad4/load sessionId=37e37f18-e70e-40e6-8d85-6fe841499ad4 durationMs=996 status=200 request completed
qwen serve: Monitor wake turn arun_92d02140359be5c2f4ee30b923991adaaa8c1dd23ae3311dfc260071c017f8cf:input needs recovery, not a re-drive.
2026-10-09T14:38:09.240Z [INFO] [DAEMON] route=POST /session/37e37f18-e70e-40e6-8d85-6fe841499ad4/automations/operations sessionId=37e37f18-e70e-40e6-8d85-6fe841499ad4 clientId=dc911322-52bc-4299-9e20-6896a4994f1a durationMs=362 status=202 request completed
qwen serve: Hosted wake turn arun_92d02140359be5c2f4ee30b923991adaaa8c1dd23ae3311dfc260071c017f8cf:input aftermath could not be settled: TimeoutError: The operation was aborted due to timeout
qwen serve: Hosted wake turn arun_92d02140359be5c2f4ee30b923991adaaa8c1dd23ae3311dfc260071c017f8cf:input aftermath could not be settled: Error: Runtime Broker returned HTTP 409 (runtime_session_not_ready).
qwen serve: Hosted wake turn arun_92d02140359be5c2f4ee30b923991adaaa8c1dd23ae3311dfc260071c017f8cf:input aftermath could not be settled: Error: Runtime Broker returned HTTP 409 (runtime_session_not_ready).
qwen serve: Hosted wake turn arun_92d02140359be5c2f4ee30b923991adaaa8c1dd23ae3311dfc260071c017f8cf:input aftermath could not be settled: Error: Runtime Broker returned HTTP 409 (runtime_session_not_ready).
qwen serve: Hosted wake turn arun_92d02140359be5c2f4ee30b923991adaaa8c1dd23ae3311dfc260071c017f8cf:input aftermath could not be settled: Error: Runtime Broker returned HTTP 409 (runtime_session_not_ready).
qwen serve: Hosted wake turn arun_92d02140359be5c2f4ee30b923991adaaa8c1dd23ae3311dfc260071c017f8cf:input aftermath could not be settled: Error: Runtime Broker returned HTTP 409 (runtime_session_not_ready).
qwen serve: Hosted wake turn arun_92d02140359be5c2f4ee30b923991adaaa8c1dd23ae3311dfc260071c017f8cf:input aftermath could not be settled: Error: Runtime Broker returned HTTP 409 (runtime_session_not_ready).
qwen serve: Hosted wake turn arun_92d02140359be5c2f4ee30b923991adaaa8c1dd23ae3311dfc260071c017f8cf:input aftermath could not be settled: Error: Runtime Broker returned HTTP 409 (runtime_session_not_ready).
qwen serve: Hosted wake turn arun_92d02140359be5c2f4ee30b923991adaaa8c1dd23ae3311dfc260071c017f8cf:input aftermath could not be settled: Error: Runtime Broker returned HTTP 409 (runtime_session_not_ready).
qwen serve: Hosted wake turn arun_92d02140359be5c2f4ee30b923991adaaa8c1dd23ae3311dfc260071c017f8cf:input aftermath could not be settled: Error: Runtime Broker returned HTTP 409 (runtime_session_not_ready).
qwen serve: Hosted wake turn arun_92d02140359be5c2f4ee30b923991adaaa8c1dd23ae3311dfc260071c017f8cf:input aftermath could not be settled: Error: Runtime Broker returned HTTP 409 (runtime_session_not_ready).
qwen serve: Hosted wake turn arun_92d02140359be5c2f4ee30b923991adaaa8c1dd23ae3311dfc260071c017f8cf:input aftermath could not be settled: Error: Runtime Broker returned HTTP 409 (runtime_session_not_ready).
qwen serve: Hosted wake turn arun_92d02140359be5c2f4ee30b923991adaaa8c1dd23ae3311dfc260071c017f8cf:input aftermath could not be settled: Error: Runtime Broker returned HTTP 409 (runtime_session_not_ready).
qwen serve: Hosted wake turn arun_92d02140359be5c2f4ee30b923991adaaa8c1dd23ae3311dfc260071c017f8cf:input aftermath could not be settled: Error: Runtime Broker returned HTTP 409 (runtime_session_not_ready).
qwen serve: Hosted wake turn arun_92d02140359be5c2f4ee30b923991adaaa8c1dd23ae3311dfc260071c017f8cf:input aftermath could not be settled: Error: Runtime Broker returned HTTP 409 (runtime_session_not_ready).
qwen serve: Hosted wake turn arun_92d02140359be5c2f4ee30b923991adaaa8c1dd23ae3311dfc260071c017f8cf:input aftermath could not be settled: Error: Runtime Broker returned HTTP 409 (runtime_session_not_ready).
qwen serve: Hosted wake turn arun_92d02140359be5c2f4ee30b923991adaaa8c1dd23ae3311dfc260071c017f8cf:input aftermath could not be settled: Error: Runtime Broker returned HTTP 409 (runtime_session_not_ready).
qwen serve: Hosted wake turn arun_92d02140359be5c2f4ee30b923991adaaa8c1dd23ae3311dfc260071c017f8cf:input aftermath could not be settled: Error: Runtime Broker returned HTTP 409 (runtime_session_not_ready).
qwen serve: Hosted wake turn arun_92d02140359be5c2f4ee30b923991adaaa8c1dd23ae3311dfc260071c017f8cf:input aftermath could not be settled: Error: Runtime Broker returned HTTP 409 (runtime_session_not_ready).
qwen serve: Hosted wake turn arun_92d02140359be5c2f4ee30b923991adaaa8c1dd23ae3311dfc260071c017f8cf:input aftermath could not be settled: Error: Runtime Broker returned HTTP 409 (runtime_session_not_ready).
qwen serve: Hosted wake turn arun_92d02140359be5c2f4ee30b923991adaaa8c1dd23ae3311dfc260071c017f8cf:input aftermath could not be settled: Error: Runtime Broker returned HTTP 409 (runtime_session_not_ready).
qwen serve: Hosted wake turn arun_92d02140359be5c2f4ee30b923991adaaa8c1dd23ae3311dfc260071c017f8cf:input aftermath could not be settled: Error: Runtime Broker returned HTTP 409 (runtime_session_not_ready).
qwen serve: Hosted wake turn arun_92d02140359be5c2f4ee30b923991adaaa8c1dd23ae3311dfc260071c017f8cf:input aftermath could not be settled: Error: Runtime Broker returned HTTP 409 (runtime_session_not_ready).
qwen serve: Hosted wake turn arun_92d02140359be5c2f4ee30b923991adaaa8c1dd23ae3311dfc260071c017f8cf:input aftermath could not be settled: Error: Runtime Broker returned HTTP 409 (runtime_session_not_ready).
qwen serve: Hosted wake turn arun_92d02140359be5c2f4ee30b923991adaaa8c1dd23ae3311dfc260071c017f8cf:input aftermath could not be settled: Error: Runtime Broker returned HTTP 409 (runtime_session_not_ready).
qwen serve: Hosted wake turn arun_92d02140359be5c2f4ee30b923991adaaa8c1dd23ae3311dfc260071c017f8cf:input aftermath could not be settled: Error: Runtime Broker returned HTTP 409 (runtime_session_not_ready).
qwen serve: Hosted wake turn arun_92d02140359be5c2f4ee30b923991adaaa8c1dd23ae3311dfc260071c017f8cf:input aftermath could not be settled: Error: Runtime Broker returned HTTP 409 (runtime_session_not_ready).
qwen serve: Hosted wake turn arun_92d02140359be5c2f4ee30b923991adaaa8c1dd23ae3311dfc260071c017f8cf:input aftermath could not be settled: Error: Runtime Broker returned HTTP 409 (runtime_session_not_ready).
qwen serve: Hosted wake turn arun_92d02140359be5c2f4ee30b923991adaaa8c1dd23ae3311dfc260071c017f8cf:input aftermath could not be settled: Error: Runtime Broker returned HTTP 409 (runtime_session_not_ready).
qwen serve: Hosted wake turn arun_92d02140359be5c2f4ee30b923991adaaa8c1dd23ae3311dfc260071c017f8cf:input aftermath could not be settled: Error: Runtime Broker returned HTTP 409 (runtime_session_not_ready).
qwen serve: Hosted wake turn arun_92d02140359be5c2f4ee30b923991adaaa8c1dd23ae3311dfc260071c017f8cf:input aftermath could not be settled: Error: Runtime Broker returned HTTP 409 (runtime_session_not_ready).
qwen serve: Hosted wake turn arun_92d02140359be5c2f4ee30b923991adaaa8c1dd23ae3311dfc260071c017f8cf:input aftermath could not be settled: Error: Runtime Broker returned HTTP 409 (runtime_session_not_ready).
2026-10-09T14:39:04.542Z [WARN] [DAEMON] route=POST /session/37e37f18-e70e-40e6-8d85-6fe841499ad4/automations/operations sessionId=37e37f18-e70e-40e6-8d85-6fe841499ad4 clientId=dc911322-52bc-4299-9e20-6896a4994f1a durationMs=63 status=409 request completed
qwen serve: Hosted wake turn arun_92d02140359be5c2f4ee30b923991adaaa8c1dd23ae3311dfc260071c017f8cf:input aftermath could not be settled: Error: Runtime Broker returned HTTP 409 (runtime_session_not_ready).
qwen serve: Hosted wake turn arun_92d02140359be5c2f4ee30b923991adaaa8c1dd23ae3311dfc260071c017f8cf:input aftermath could not be settled: Error: Runtime Broker returned HTTP 409 (runtime_session_not_ready).
qwen serve: Hosted wake turn arun_92d02140359be5c2f4ee30b923991adaaa8c1dd23ae3311dfc260071c017f8cf:input aftermath could not be settled: Error: Runtime Broker returned HTTP 409 (runtime_session_not_ready).
qwen serve: Hosted wake turn arun_92d02140359be5c2f4ee30b923991adaaa8c1dd23ae3311dfc260071c017f8cf:input aftermath could not be settled: Error: Runtime Broker returned HTTP 409 (runtime_session_not_ready).
qwen serve: Hosted wake turn arun_92d02140359be5c2f4ee30b923991adaaa8c1dd23ae3311dfc260071c017f8cf:input aftermath could not be settled: Error: Runtime Broker returned HTTP 409 (runtime_session_not_ready).
qwen serve: Hosted wake turn arun_92d02140359be5c2f4ee30b923991adaaa8c1dd23ae3311dfc260071c017f8cf:input aftermath could not be settled: Error: Runtime Broker returned HTTP 409 (runtime_session_not_ready).
qwen serve: Hosted wake turn arun_92d02140359be5c2f4ee30b923991adaaa8c1dd23ae3311dfc260071c017f8cf:input aftermath could not be settled: Error: Runtime Broker returned HTTP 409 (runtime_session_not_ready).
2026-10-09T14:39:09.708Z [WARN] [DAEMON] route=POST /session/37e37f18-e70e-40e6-8d85-6fe841499ad4/automations/operations sessionId=37e37f18-e70e-40e6-8d85-6fe841499ad4 clientId=dc911322-52bc-4299-9e20-6896a4994f1a durationMs=83 status=409 request completed
qwen serve: Hosted wake turn arun_92d02140359be5c2f4ee30b923991adaaa8c1dd23ae3311dfc260071c017f8cf:input aftermath could not be settled: Error: Runtime Broker returned HTTP 409 (runtime_session_not_ready).
qwen serve: Hosted wake turn arun_92d02140359be5c2f4ee30b923991adaaa8c1dd23ae3311dfc260071c017f8cf:input aftermath could not be settled: Error: Runtime Broker returned HTTP 409 (runtime_session_not_ready).
qwen serve: Hosted wake turn arun_92d02140359be5c2f4ee30b923991adaaa8c1dd23ae3311dfc260071c017f8cf:input aftermath could not be settled: Error: Runtime Broker returned HTTP 409 (runtime_session_not_ready).
qwen serve: Hosted wake turn arun_92d02140359be5c2f4ee30b923991adaaa8c1dd23ae3311dfc260071c017f8cf:input aftermath could not be settled: Error: Runtime Broker returned HTTP 409 (runtime_session_not_ready).
qwen serve: Hosted wake turn arun_92d02140359be5c2f4ee30b923991adaaa8c1dd23ae3311dfc260071c017f8cf:input aftermath could not be settled: Error: Runtime Broker returned HTTP 409 (runtime_session_not_ready).
qwen serve: Hosted wake turn arun_92d02140359be5c2f4ee30b923991adaaa8c1dd23ae3311dfc260071c017f8cf:input aftermath could not be settled: Error: Runtime Broker returned HTTP 409 (runtime_session_not_ready).
2026-10-09T14:39:14.861Z [WARN] [DAEMON] route=POST /session/37e37f18-e70e-40e6-8d85-6fe841499ad4/automations/operations sessionId=37e37f18-e70e-40e6-8d85-6fe841499ad4 clientId=dc911322-52bc-4299-9e20-6896a4994f1a durationMs=79 status=409 request completed
qwen serve: Hosted wake turn arun_92d02140359be5c2f4ee30b923991adaaa8c1dd23ae3311dfc260071c017f8cf:input aftermath could not be settled: Error: Runtime Broker returned HTTP 409 (runtime_session_not_ready).
qwen serve: Hosted wake turn arun_92d02140359be5c2f4ee30b923991adaaa8c1dd23ae3311dfc260071c017f8cf:input aftermath could not be settled: Error: Runtime Broker returned HTTP 409 (runtime_session_not_ready).
qwen serve: Hosted wake turn arun_92d02140359be5c2f4ee30b923991adaaa8c1dd23ae3311dfc260071c017f8cf:input aftermath could not be settled: Error: Runtime Broker returned HTTP 409 (runtime_session_not_ready).
qwen serve: Hosted wake turn arun_92d02140359be5c2f4ee30b923991adaaa8c1dd23ae3311dfc260071c017f8cf:input aftermath could not be settled: Error: Runtime Broker returned HTTP 409 (runtime_session_not_ready).
qwen serve: Hosted wake turn arun_92d02140359be5c2f4ee30b923991adaaa8c1dd23ae3311dfc260071c017f8cf:input aftermath could not be settled: Error: Runtime Broker returned HTTP 409 (runtime_session_not_ready).
qwen serve: Hosted wake turn arun_92d02140359be5c2f4ee30b923991adaaa8c1dd23ae3311dfc260071c017f8cf:input aftermath could not be settled: Error: Runtime Broker returned HTTP 409 (runtime_session_not_ready).
qwen serve: Hosted wake turn arun_92d02140359be5c2f4ee30b923991adaaa8c1dd23ae3311dfc260071c017f8cf:input aftermath could not be settled: Error: Runtime Broker returned HTTP 409 (runtime_session_not_ready).
qwen serve: Hosted wake turn arun_92d02140359be5c2f4ee30b923991adaaa8c1dd23ae3311dfc260071c017f8cf:input aftermath could not be settled: Error: Runtime Broker returned HTTP 409 (runtime_session_not_ready).
qwen serve: Hosted wake turn arun_92d02140359be5c2f4ee30b923991adaaa8c1dd23ae3311dfc260071c017f8cf:input aftermath could not be settled: Error: Runtime Broker returned HTTP 409 (runtime_session_not_ready).
qwen serve: Hosted wake turn arun_92d02140359be5c2f4ee30b923991adaaa8c1dd23ae3311dfc260071c017f8cf:input aftermath could not be settled: Error: Runtime Broker returned HTTP 409 (runtime_session_not_ready).
qwen serve: Hosted wake turn arun_92d02140359be5c2f4ee30b923991adaaa8c1dd23ae3311dfc260071c017f8cf:input aftermath could not be settled: Error: Runtime Broker returned HTTP 409 (runtime_session_not_ready).
qwen serve: Hosted wake turn arun_92d02140359be5c2f4ee30b923991adaaa8c1dd23ae3311dfc260071c017f8cf:input aftermath could not be settled: Error: Runtime Broker returned HTTP 409 (runtime_session_not_ready).
qwen serve: Hosted wake turn arun_92d02140359be5c2f4ee30b923991adaaa8c1dd23ae3311dfc260071c017f8cf:input aftermath could not be settled: Error: Runtime Broker returned HTTP 409 (runtime_session_not_ready).
2026-10-09T14:39:24.993Z [WARN] [DAEMON] route=POST /session/37e37f18-e70e-40e6-8d85-6fe841499ad4/automations/operations sessionId=37e37f18-e70e-40e6-8d85-6fe841499ad4 clientId=dc911322-52bc-4299-9e20-6896a4994f1a durationMs=62 status=409 request completed
qwen serve: Hosted wake turn arun_92d02140359be5c2f4ee30b923991adaaa8c1dd23ae3311dfc260071c017f8cf:input aftermath could not be settled: Error: Runtime Broker returned HTTP 409 (runtime_session_not_ready).
qwen serve: Hosted wake turn arun_92d02140359be5c2f4ee30b923991adaaa8c1dd23ae3311dfc260071c017f8cf:input aftermath could not be settled: Error: Runtime Broker returned HTTP 409 (runtime_session_not_ready).
qwen serve: Hosted wake turn arun_92d02140359be5c2f4ee30b923991adaaa8c1dd23ae3311dfc260071c017f8cf:input aftermath could not be settled: Error: Runtime Broker returned HTTP 409 (runtime_session_not_ready).
qwen serve: Hosted wake turn arun_92d02140359be5c2f4ee30b923991adaaa8c1dd23ae3311dfc260071c017f8cf:input aftermath could not be settled: Error: Runtime Broker returned HTTP 409 (runtime_session_not_ready).
qwen serve: Hosted wake turn arun_92d02140359be5c2f4ee30b923991adaaa8c1dd23ae3311dfc260071c017f8cf:input aftermath could not be settled: Error: Runtime Broker returned HTTP 409 (runtime_session_not_ready).
qwen serve: Hosted wake turn arun_92d02140359be5c2f4ee30b923991adaaa8c1dd23ae3311dfc260071c017f8cf:input aftermath could not be settled: Error: Runtime Broker returned HTTP 409 (runtime_session_not_ready).
qwen serve: Hosted wake turn arun_92d02140359be5c2f4ee30b923991adaaa8c1dd23ae3311dfc260071c017f8cf:input aftermath could not be settled: Error: Runtime Broker returned HTTP 409 (runtime_session_not_ready).
qwen serve: Hosted wake turn arun_92d02140359be5c2f4ee30b923991adaaa8c1dd23ae3311dfc260071c017f8cf:input aftermath could not be settled: Error: Runtime Broker returned HTTP 409 (runtime_session_not_ready).
qwen serve: Hosted wake turn arun_92d02140359be5c2f4ee30b923991adaaa8c1dd23ae3311dfc260071c017f8cf:input aftermath could not be settled: Error: Runtime Broker returned HTTP 409 (runtime_session_not_ready).
qwen serve: Hosted wake turn arun_92d02140359be5c2f4ee30b923991adaaa8c1dd23ae3311dfc260071c017f8cf:input aftermath could not be settled: Error: Runtime Broker returned HTTP 409 (runtime_session_not_ready).
qwen serve: Hosted wake turn arun_92d02140359be5c2f4ee30b923991adaaa8c1dd23ae3311dfc260071c017f8cf:input aftermath could not be settled: Error: Runtime Broker returned HTTP 409 (runtime_session_not_ready).
qwen serve: Hosted wake turn arun_92d02140359be5c2f4ee30b923991adaaa8c1dd23ae3311dfc260071c017f8cf:input aftermath could not be settled: Error: Runtime Broker returned HTTP 409 (runtime_session_not_ready).
qwen serve: Hosted wake turn arun_92d02140359be5c2f4ee30b923991adaaa8c1dd23ae3311dfc260071c017f8cf:input aftermath could not be settled: Error: Runtime Broker returned HTTP 409 (runtime_session_not_ready).
qwen serve: Hosted wake turn arun_92d02140359be5c2f4ee30b923991adaaa8c1dd23ae3311dfc260071c017f8cf:input aftermath could not be settled: Error: Runtime Broker returned HTTP 409 (runtime_session_not_ready).
qwen serve: Hosted wake turn arun_92d02140359be5c2f4ee30b923991adaaa8c1dd23ae3311dfc260071c017f8cf:input aftermath could not be settled: Error: Runtime Broker returned HTTP 409 (runtime_session_not_ready).
qwen serve: Hosted wake turn arun_92d02140359be5c2f4ee30b923991adaaa8c1dd23ae3311dfc260071c017f8cf:input aftermath could not be settled: Error: Runtime Broker returned HTTP 409 (runtime_session_not_ready).
qwen serve: Hosted wake turn arun_92d02140359be5c2f4ee30b923991adaaa8c1dd23ae3311dfc260071c017f8cf:input aftermath could not be settled: Error: Runtime Broker returned HTTP 409 (runtime_session_not_ready).
qwen serve: Hosted wake turn arun_92d02140359be5c2f4ee30b923991adaaa8c1dd23ae3311dfc260071c017f8cf:input aftermath could not be settled: Error: Runtime Broker returned HTTP 409 (runtime_session_not_ready).
qwen serve: Hosted wake turn arun_92d02140359be5c2f4ee30b923991adaaa8c1dd23ae3311dfc260071c017f8cf:input aftermath could not be settled: Error: Runtime Broker returned HTTP 409 (runtime_session_not_ready).
qwen serve: Hosted wake turn arun_92d02140359be5c2f4ee30b923991adaaa8c1dd23ae3311dfc260071c017f8cf:input aftermath could not be settled: Error: Runtime Broker returned HTTP 409 (runtime_session_not_ready).
qwen serve: Hosted wake turn arun_92d02140359be5c2f4ee30b923991adaaa8c1dd23ae3311dfc260071c017f8cf:input aftermath could not be settled: Error: Runtime Broker returned HTTP 409 (runtime_session_not_ready).
qwen serve: Hosted wake turn arun_92d02140359be5c2f4ee30b923991adaaa8c1dd23ae3311dfc260071c017f8cf:input aftermath could not be settled: Error: Runtime Broker returned HTTP 409 (runtime_session_not_ready).
qwen serve: Hosted wake turn arun_92d02140359be5c2f4ee30b923991adaaa8c1dd23ae3311dfc260071c017f8cf:input aftermath could not be settled: Error: Runtime Broker returned HTTP 409 (runtime_session_not_ready).
qwen serve: Hosted wake turn arun_92d02140359be5c2f4ee30b923991adaaa8c1dd23ae3311dfc260071c017f8cf:input aftermath could not be settled: Error: Runtime Broker returned HTTP 409 (runtime_session_not_ready).
qwen serve: Hosted wake turn arun_92d02140359be5c2f4ee30b923991adaaa8c1dd23ae3311dfc260071c017f8cf:input aftermath could not be settled: Error: Runtime Broker returned HTTP 409 (runtime_session_not_ready).
qwen serve: Hosted wake turn arun_92d02140359be5c2f4ee30b923991adaaa8c1dd23ae3311dfc260071c017f8cf:input aftermath could not be settled: Error: Runtime Broker returned HTTP 409 (runtime_session_not_ready).
qwen serve: Hosted wake turn arun_92d02140359be5c2f4ee30b923991adaaa8c1dd23ae3311dfc260071c017f8cf:input aftermath could not be settled: Error: Runtime Broker returned HTTP 409 (runtime_session_not_ready).
2026-10-09T14:39:45.141Z [WARN] [DAEMON] route=POST /session/37e37f18-e70e-40e6-8d85-6fe841499ad4/automations/operations sessionId=37e37f18-e70e-40e6-8d85-6fe841499ad4 clientId=dc911322-52bc-4299-9e20-6896a4994f1a durationMs=68 status=409 request completed
qwen serve: Hosted wake turn arun_92d02140359be5c2f4ee30b923991adaaa8c1dd23ae3311dfc260071c017f8cf:input aftermath could not be settled: Error: Runtime Broker returned HTTP 409 (runtime_session_not_ready).
qwen serve: Hosted wake turn arun_92d02140359be5c2f4ee30b923991adaaa8c1dd23ae3311dfc260071c017f8cf:input aftermath could not be settled: Error: Runtime Broker returned HTTP 409 (runtime_session_not_ready).
qwen serve: Hosted wake turn arun_92d02140359be5c2f4ee30b923991adaaa8c1dd23ae3311dfc260071c017f8cf:input aftermath could not be settled: Error: Runtime Broker returned HTTP 409 (runtime_session_not_ready).
qwen serve: Hosted wake turn arun_92d02140359be5c2f4ee30b923991adaaa8c1dd23ae3311dfc260071c017f8cf:input aftermath could not be settled: Error: Runtime Broker returned HTTP 409 (runtime_session_not_ready).
qwen serve: Hosted wake turn arun_92d02140359be5c2f4ee30b923991adaaa8c1dd23ae3311dfc260071c017f8cf:input aftermath could not be settled: Error: Runtime Broker returned HTTP 409 (runtime_session_not_ready).
qwen serve: Hosted wake turn arun_92d02140359be5c2f4ee30b923991adaaa8c1dd23ae3311dfc260071c017f8cf:input aftermath could not be settled: Error: Runtime Broker returned HTTP 409 (runtime_session_not_ready).
qwen serve: Hosted wake turn arun_92d02140359be5c2f4ee30b923991adaaa8c1dd23ae3311dfc260071c017f8cf:input aftermath could not be settled: Error: Runtime Broker returned HTTP 409 (runtime_session_not_ready).
qwen serve: Hosted wake turn arun_92d02140359be5c2f4ee30b923991adaaa8c1dd23ae3311dfc260071c017f8cf:input aftermath could not be settled: Error: Runtime Broker returned HTTP 409 (runtime_session_not_ready).
qwen serve: Hosted wake turn arun_92d02140359be5c2f4ee30b923991adaaa8c1dd23ae3311dfc260071c017f8cf:input aftermath could not be settled: Error: Runtime Broker returned HTTP 409 (runtime_session_not_ready).
qwen serve: Hosted wake turn arun_92d02140359be5c2f4ee30b923991adaaa8c1dd23ae3311dfc260071c017f8cf:input aftermath could not be settled: Error: Runtime Broker returned HTTP 409 (runtime_session_not_ready).
qwen serve: Hosted wake turn arun_92d02140359be5c2f4ee30b923991adaaa8c1dd23ae3311dfc260071c017f8cf:input aftermath could not be settled: Error: Runtime Broker returned HTTP 409 (runtime_session_not_ready).
qwen serve: Hosted wake turn arun_92d02140359be5c2f4ee30b923991adaaa8c1dd23ae3311dfc260071c017f8cf:input aftermath could not be settled: Error: Runtime Broker returned HTTP 409 (runtime_session_not_ready).
qwen serve: Hosted wake turn arun_92d02140359be5c2f4ee30b923991adaaa8c1dd23ae3311dfc260071c017f8cf:input aftermath could not be settled: Error: Runtime Broker returned HTTP 409 (runtime_session_not_ready).
qwen serve: Hosted wake turn arun_92d02140359be5c2f4ee30b923991adaaa8c1dd23ae3311dfc260071c017f8cf:input aftermath could not be settled: Error: Runtime Broker returned HTTP 409 (runtime_session_not_ready).
qwen serve: Hosted wake turn arun_92d02140359be5c2f4ee30b923991adaaa8c1dd23ae3311dfc260071c017f8cf:input aftermath could not be settled: Error: Runtime Broker returned HTTP 409 (runtime_session_not_ready).
qwen serve: Hosted wake turn arun_92d02140359be5c2f4ee30b923991adaaa8c1dd23ae3311dfc260071c017f8cf:input aftermath could not be settled: Error: Runtime Broker returned HTTP 409 (runtime_session_not_ready).
qwen serve: Hosted wake turn arun_92d02140359be5c2f4ee30b923991adaaa8c1dd23ae3311dfc260071c017f8cf:input aftermath could not be settled: Error: Runtime Broker returned HTTP 409 (runtime_session_not_ready).
qwen serve: Hosted wake turn arun_92d02140359be5c2f4ee30b923991adaaa8c1dd23ae3311dfc260071c017f8cf:input aftermath could not be settled: Error: Runtime Broker returned HTTP 409 (runtime_session_not_ready).
qwen serve: Hosted wake turn arun_92d02140359be5c2f4ee30b923991adaaa8c1dd23ae3311dfc260071c017f8cf:input aftermath could not be settled: Error: Runtime Broker returned HTTP 409 (runtime_session_not_ready).
qwen serve: Hosted wake turn arun_92d02140359be5c2f4ee30b923991adaaa8c1dd23ae3311dfc260071c017f8cf:input aftermath could not be settled: Error: Runtime Broker returned HTTP 409 (runtime_session_not_ready).
qwen serve: Hosted wake turn arun_92d02140359be5c2f4ee30b923991adaaa8c1dd23ae3311dfc260071c017f8cf:input aftermath could not be settled: Error: Runtime Broker returned HTTP 409 (runtime_session_not_ready).
qwen serve: Hosted wake turn arun_92d02140359be5c2f4ee30b923991adaaa8c1dd23ae3311dfc260071c017f8cf:input aftermath could not be settled: Error: Runtime Broker returned HTTP 409 (runtime_session_not_ready).
2026-10-09T14:40:00.267Z [WARN] [DAEMON] route=POST /session/37e37f18-e70e-40e6-8d85-6fe841499ad4/automations/operations sessionId=37e37f18-e70e-40e6-8d85-6fe841499ad4 clientId=dc911322-52bc-4299-9e20-6896a4994f1a durationMs=53 status=409 request completed
qwen serve: Hosted wake turn arun_92d02140359be5c2f4ee30b923991adaaa8c1dd23ae3311dfc260071c017f8cf:input aftermath could not be settled: Error: Runtime Broker returned HTTP 409 (runtime_session_not_ready).
qwen serve: Hosted wake turn arun_92d02140359be5c2f4ee30b923991adaaa8c1dd23ae3311dfc260071c017f8cf:input aftermath could not be settled: Error: Runtime Broker returned HTTP 409 (runtime_session_not_ready).
qwen serve: Hosted wake turn arun_92d02140359be5c2f4ee30b923991adaaa8c1dd23ae3311dfc260071c017f8cf:input aftermath could not be settled: Error: Runtime Broker returned HTTP 409 (runtime_session_not_ready).
qwen serve: Hosted wake turn arun_92d02140359be5c2f4ee30b923991adaaa8c1dd23ae3311dfc260071c017f8cf:input aftermath could not be settled: Error: Runtime Broker returned HTTP 409 (runtime_session_not_ready).
qwen serve: Hosted wake turn arun_92d02140359be5c2f4ee30b923991adaaa8c1dd23ae3311dfc260071c017f8cf:input aftermath could not be settled: Error: Runtime Broker returned HTTP 409 (runtime_session_not_ready).
qwen serve: Hosted wake turn arun_92d02140359be5c2f4ee30b923991adaaa8c1dd23ae3311dfc260071c017f8cf:input aftermath could not be settled: Error: Runtime Broker returned HTTP 409 (runtime_session_not_ready).
qwen serve: Hosted wake turn arun_92d02140359be5c2f4ee30b923991adaaa8c1dd23ae3311dfc260071c017f8cf:input aftermath could not be settled: Error: Runtime Broker returned HTTP 409 (runtime_session_not_ready).
2026-10-09T14:40:05.354Z [WARN] [DAEMON] route=POST /session/37e37f18-e70e-40e6-8d85-6fe841499ad4/automations/operations sessionId=37e37f18-e70e-40e6-8d85-6fe841499ad4 clientId=dc911322-52bc-4299-9e20-6896a4994f1a durationMs=52 status=409 request completed
qwen serve: Hosted wake turn arun_92d02140359be5c2f4ee30b923991adaaa8c1dd23ae3311dfc260071c017f8cf:input aftermath could not be settled: Error: Runtime Broker returned HTTP 409 (runtime_session_not_ready).
qwen serve: Hosted wake turn arun_92d02140359be5c2f4ee30b923991adaaa8c1dd23ae3311dfc260071c017f8cf:input aftermath could not be settled: Error: Runtime Broker returned HTTP 409 (runtime_session_not_ready).
qwen serve: Hosted wake turn arun_92d02140359be5c2f4ee30b923991adaaa8c1dd23ae3311dfc260071c017f8cf:input aftermath could not be settled: Error: Runtime Broker returned HTTP 409 (runtime_session_not_ready).
qwen serve: Hosted wake turn arun_92d02140359be5c2f4ee30b923991adaaa8c1dd23ae3311dfc260071c017f8cf:input aftermath could not be settled: Error: Runtime Broker returned HTTP 409 (runtime_session_not_ready).
qwen serve: Hosted wake turn arun_92d02140359be5c2f4ee30b923991adaaa8c1dd23ae3311dfc260071c017f8cf:input aftermath could not be settled: Error: Runtime Broker returned HTTP 409 (runtime_session_not_ready).
qwen serve: Hosted wake turn arun_92d02140359be5c2f4ee30b923991adaaa8c1dd23ae3311dfc260071c017f8cf:input aftermath could not be settled: Error: Runtime Broker returned HTTP 409 (runtime_session_not_ready).
qwen serve: Hosted wake turn arun_92d02140359be5c2f4ee30b923991adaaa8c1dd23ae3311dfc260071c017f8cf:input aftermath could not be settled: Error: Runtime Broker returned HTTP 409 (runtime_session_not_ready).
qwen serve: Hosted wake turn arun_92d02140359be5c2f4ee30b923991adaaa8c1dd23ae3311dfc260071c017f8cf:input aftermath could not be settled: Error: Runtime Broker returned HTTP 409 (runtime_session_not_ready).
2026-10-09T14:40:10.442Z [WARN] [DAEMON] route=POST /session/37e37f18-e70e-40e6-8d85-6fe841499ad4/automations/operations sessionId=37e37f18-e70e-40e6-8d85-6fe841499ad4 clientId=dc911322-52bc-4299-9e20-6896a4994f1a durationMs=48 status=409 request completed
qwen serve: Hosted wake turn arun_92d02140359be5c2f4ee30b923991adaaa8c1dd23ae3311dfc260071c017f8cf:input aftermath could not be settled: Error: Runtime Broker returned HTTP 409 (runtime_session_not_ready).
qwen serve: Hosted wake turn arun_92d02140359be5c2f4ee30b923991adaaa8c1dd23ae3311dfc260071c017f8cf:input aftermath could not be settled: Error: Runtime Broker returned HTTP 409 (runtime_session_not_ready).
qwen serve: Hosted wake turn arun_92d02140359be5c2f4ee30b923991adaaa8c1dd23ae3311dfc260071c017f8cf:input aftermath could not be settled: Error: Runtime Broker returned HTTP 409 (runtime_session_not_ready).
qwen serve: Hosted wake turn arun_92d02140359be5c2f4ee30b923991adaaa8c1dd23ae3311dfc260071c017f8cf:input aftermath could not be settled: Error: Runtime Broker returned HTTP 409 (runtime_session_not_ready).
qwen serve: Hosted wake turn arun_92d02140359be5c2f4ee30b923991adaaa8c1dd23ae3311dfc260071c017f8cf:input aftermath could not be settled: Error: Runtime Broker returned HTTP 409 (runtime_session_not_ready).
qwen serve: Hosted wake turn arun_92d02140359be5c2f4ee30b923991adaaa8c1dd23ae3311dfc260071c017f8cf:input aftermath could not be settled: Error: Runtime Broker returned HTTP 409 (runtime_session_not_ready).
qwen serve: Hosted wake turn arun_92d02140359be5c2f4ee30b923991adaaa8c1dd23ae3311dfc260071c017f8cf:input aftermath could not be settled: Error: Runtime Broker returned HTTP 409 (runtime_session_not_ready).
qwen serve: Hosted wake turn arun_92d02140359be5c2f4ee30b923991adaaa8c1dd23ae3311dfc260071c017f8cf:input aftermath could not be settled: Error: Runtime Broker returned HTTP 409 (runtime_session_not_ready).
qwen serve: Hosted wake turn arun_92d02140359be5c2f4ee30b923991adaaa8c1dd23ae3311dfc260071c017f8cf:input aftermath could not be settled: Error: Runtime Broker returned HTTP 409 (runtime_session_not_ready).
qwen serve: Hosted wake turn arun_92d02140359be5c2f4ee30b923991adaaa8c1dd23ae3311dfc260071c017f8cf:input aftermath could not be settled: Error: Runtime Broker returned HTTP 409 (runtime_session_not_ready).
qwen serve: Hosted wake turn arun_92d02140359be5c2f4ee30b923991adaaa8c1dd23ae3311dfc260071c017f8cf:input aftermath could not be settled: Error: Runtime Broker returned HTTP 409 (runtime_session_not_ready).
qwen serve: Hosted wake turn arun_92d02140359be5c2f4ee30b923991adaaa8c1dd23ae3311dfc260071c017f8cf:input aftermath could not be settled: Error: Runtime Broker returned HTTP 409 (runtime_session_not_ready).
qwen serve: Hosted wake turn arun_92d02140359be5c2f4ee30b923991adaaa8c1dd23ae3311dfc260071c017f8cf:input aftermath could not be settled: Error: Runtime Broker returned HTTP 409 (runtime_session_not_ready).
qwen serve: Hosted wake turn arun_92d02140359be5c2f4ee30b923991adaaa8c1dd23ae3311dfc260071c017f8cf:input aftermath could not be settled: Error: Runtime Broker returned HTTP 409 (runtime_session_not_ready).
2026-10-09T14:40:20.553Z [WARN] [DAEMON] route=POST /session/37e37f18-e70e-40e6-8d85-6fe841499ad4/automations/operations sessionId=37e37f18-e70e-40e6-8d85-6fe841499ad4 clientId=dc911322-52bc-4299-9e20-6896a4994f1a durationMs=58 status=409 request completed
qwen serve: Hosted wake turn arun_92d02140359be5c2f4ee30b923991adaaa8c1dd23ae3311dfc260071c017f8cf:input aftermath could not be settled: Error: Runtime Broker returned HTTP 409 (runtime_session_not_ready).
2026-10-09T14:40:20.622Z [WARN] [DAEMON] route=POST /session/37e37f18-e70e-40e6-8d85-6fe841499ad4/automations/operations sessionId=37e37f18-e70e-40e6-8d85-6fe841499ad4 clientId=dc911322-52bc-4299-9e20-6896a4994f1a durationMs=54 status=409 request completed
qwen serve: Hosted wake turn arun_92d02140359be5c2f4ee30b923991adaaa8c1dd23ae3311dfc260071c017f8cf:input aftermath could not be settled: Error: Runtime Broker returned HTTP 409 (runtime_session_not_ready).
qwen serve: Hosted wake turn arun_92d02140359be5c2f4ee30b923991adaaa8c1dd23ae3311dfc260071c017f8cf:input aftermath could not be settled: Error: Runtime Broker returned HTTP 409 (runtime_session_not_ready).
qwen serve: Hosted wake turn arun_92d02140359be5c2f4ee30b923991adaaa8c1dd23ae3311dfc260071c017f8cf:input aftermath could not be settled: Error: Runtime Broker returned HTTP 409 (runtime_session_not_ready).
qwen serve: Hosted wake turn arun_92d02140359be5c2f4ee30b923991adaaa8c1dd23ae3311dfc260071c017f8cf:input aftermath could not be settled: Error: Runtime Broker returned HTTP 409 (runtime_session_not_ready).
qwen serve: Hosted wake turn arun_92d02140359be5c2f4ee30b923991adaaa8c1dd23ae3311dfc260071c017f8cf:input aftermath could not be settled: Error: Runtime Broker returned HTTP 409 (runtime_session_not_ready).
qwen serve: Hosted wake turn arun_92d02140359be5c2f4ee30b923991adaaa8c1dd23ae3311dfc260071c017f8cf:input aftermath could not be settled: Error: Runtime Broker returned HTTP 409 (runtime_session_not_ready).
qwen serve: Hosted wake turn arun_92d02140359be5c2f4ee30b923991adaaa8c1dd23ae3311dfc260071c017f8cf:input aftermath could not be settled: Error: Runtime Broker returned HTTP 409 (runtime_session_not_ready).
qwen serve: Hosted wake turn arun_92d02140359be5c2f4ee30b923991adaaa8c1dd23ae3311dfc260071c017f8cf:input aftermath could not be settled: Error: Runtime Broker returned HTTP 409 (runtime_session_not_ready).
qwen serve: Hosted wake turn arun_92d02140359be5c2f4ee30b923991adaaa8c1dd23ae3311dfc260071c017f8cf:input aftermath could not be settled: Error: Runtime Broker returned HTTP 409 (runtime_session_not_ready).
qwen serve: Hosted wake turn arun_92d02140359be5c2f4ee30b923991adaaa8c1dd23ae3311dfc260071c017f8cf:input aftermath could not be settled: Error: Runtime Broker returned HTTP 409 (runtime_session_not_ready).
qwen serve: Hosted wake turn arun_92d02140359be5c2f4ee30b923991adaaa8c1dd23ae3311dfc260071c017f8cf:input aftermath could not be settled: Error: Runtime Broker returned HTTP 409 (runtime_session_not_ready).
qwen serve: Hosted wake turn arun_92d02140359be5c2f4ee30b923991adaaa8c1dd23ae3311dfc260071c017f8cf:input aftermath could not be settled: Error: Runtime Broker returned HTTP 409 (runtime_session_not_ready).
qwen serve: Hosted wake turn arun_92d02140359be5c2f4ee30b923991adaaa8c1dd23ae3311dfc260071c017f8cf:input aftermath could not be settled: Error: Runtime Broker returned HTTP 409 (runtime_session_not_ready).
qwen serve: Hosted wake turn arun_92d02140359be5c2f4ee30b923991adaaa8c1dd23ae3311dfc260071c017f8cf:input aftermath could not be settled: Error: Runtime Broker returned HTTP 409 (runtime_session_not_ready).
qwen serve: Hosted wake turn arun_92d02140359be5c2f4ee30b923991adaaa8c1dd23ae3311dfc260071c017f8cf:input aftermath could not be settled: Error: Runtime Broker returned HTTP 409 (runtime_session_not_ready).
qwen serve: Hosted wake turn arun_92d02140359be5c2f4ee30b923991adaaa8c1dd23ae3311dfc260071c017f8cf:input aftermath could not be settled: Error: Runtime Broker returned HTTP 409 (runtime_session_not_ready).
qwen serve: Hosted wake turn arun_92d02140359be5c2f4ee30b923991adaaa8c1dd23ae3311dfc260071c017f8cf:input aftermath could not be settled: Error: Runtime Broker returned HTTP 409 (runtime_session_not_ready).
qwen serve: Hosted wake turn arun_92d02140359be5c2f4ee30b923991adaaa8c1dd23ae3311dfc260071c017f8cf:input aftermath could not be settled: Error: Runtime Broker returned HTTP 409 (runtime_session_not_ready).
qwen serve: Hosted wake turn arun_92d02140359be5c2f4ee30b923991adaaa8c1dd23ae3311dfc260071c017f8cf:input aftermath could not be settled: Error: Runtime Broker returned HTTP 409 (runtime_session_not_ready).
qwen serve: Hosted wake turn arun_92d02140359be5c2f4ee30b923991adaaa8c1dd23ae3311dfc260071c017f8cf:input aftermath could not be settled: Error: Runtime Broker returned HTTP 409 (runtime_session_not_ready).
qwen serve: Hosted wake turn arun_92d02140359be5c2f4ee30b923991adaaa8c1dd23ae3311dfc260071c017f8cf:input aftermath could not be settled: Error: Runtime Broker returned HTTP 409 (runtime_session_not_ready).
qwen serve: Hosted wake turn arun_92d02140359be5c2f4ee30b923991adaaa8c1dd23ae3311dfc260071c017f8cf:input aftermath could not be settled: Error: Runtime Broker returned HTTP 409 (runtime_session_not_ready).
qwen serve: Hosted wake turn arun_92d02140359be5c2f4ee30b923991adaaa8c1dd23ae3311dfc260071c017f8cf:input aftermath could not be settled: Error: Runtime Broker returned HTTP 409 (runtime_session_not_ready).
qwen serve: Hosted wake turn arun_92d02140359be5c2f4ee30b923991adaaa8c1dd23ae3311dfc260071c017f8cf:input aftermath could not be settled: Error: Runtime Broker returned HTTP 409 (runtime_session_not_ready).
qwen serve: Hosted wake turn arun_92d02140359be5c2f4ee30b923991adaaa8c1dd23ae3311dfc260071c017f8cf:input aftermath could not be settled: Error: Runtime Broker returned HTTP 409 (runtime_session_not_ready).
qwen serve: Hosted wake turn arun_92d02140359be5c2f4ee30b923991adaaa8c1dd23ae3311dfc260071c017f8cf:input aftermath could not be settled: Error: Runtime Broker returned HTTP 409 (runtime_session_not_ready).
qwen serve: Hosted wake turn arun_92d02140359be5c2f4ee30b923991adaaa8c1dd23ae3311dfc260071c017f8cf:input aftermath could not be settled: Error: Runtime Broker returned HTTP 409 (runtime_session_not_ready).
qwen serve: Hosted wake turn arun_92d02140359be5c2f4ee30b923991adaaa8c1dd23ae3311dfc260071c017f8cf:input aftermath could not be settled: Error: Runtime Broker returned HTTP 409 (runtime_session_not_ready).
qwen serve: Hosted wake turn arun_92d02140359be5c2f4ee30b923991adaaa8c1dd23ae3311dfc260071c017f8cf:input aftermath could not be settled: Error: Runtime Broker returned HTTP 409 (runtime_session_not_ready).
2026-10-09T14:40:40.742Z [WARN] [DAEMON] route=POST /session/37e37f18-e70e-40e6-8d85-6fe841499ad4/automations/operations sessionId=37e37f18-e70e-40e6-8d85-6fe841499ad4 clientId=dc911322-52bc-4299-9e20-6896a4994f1a durationMs=46 status=409 request completed
qwen serve: Hosted wake turn arun_92d02140359be5c2f4ee30b923991adaaa8c1dd23ae3311dfc260071c017f8cf:input aftermath could not be settled: Error: Runtime Broker returned HTTP 409 (runtime_session_not_ready).
qwen serve: Hosted wake turn arun_92d02140359be5c2f4ee30b923991adaaa8c1dd23ae3311dfc260071c017f8cf:input aftermath could not be settled: Error: Runtime Broker returned HTTP 409 (runtime_session_not_ready).
qwen serve: Hosted wake turn arun_92d02140359be5c2f4ee30b923991adaaa8c1dd23ae3311dfc260071c017f8cf:input aftermath could not be settled: Error: Runtime Broker returned HTTP 409 (runtime_session_not_ready).
qwen serve: Hosted wake turn arun_92d02140359be5c2f4ee30b923991adaaa8c1dd23ae3311dfc260071c017f8cf:input aftermath could not be settled: Error: Runtime Broker returned HTTP 409 (runtime_session_not_ready).
qwen serve: Hosted wake turn arun_92d02140359be5c2f4ee30b923991adaaa8c1dd23ae3311dfc260071c017f8cf:input aftermath could not be settled: Error: Runtime Broker returned HTTP 409 (runtime_session_not_ready).
qwen serve: Hosted wake turn arun_92d02140359be5c2f4ee30b923991adaaa8c1dd23ae3311dfc260071c017f8cf:input aftermath could not be settled: Error: Runtime Broker returned HTTP 409 (runtime_session_not_ready).
qwen serve: Hosted wake turn arun_92d02140359be5c2f4ee30b923991adaaa8c1dd23ae3311dfc260071c017f8cf:input aftermath could not be settled: Error: Runtime Broker returned HTTP 409 (runtime_session_not_ready).
qwen serve: Hosted wake turn arun_92d02140359be5c2f4ee30b923991adaaa8c1dd23ae3311dfc260071c017f8cf:input aftermath could not be settled: Error: Runtime Broker returned HTTP 409 (runtime_session_not_ready).
qwen serve: Hosted wake turn arun_92d02140359be5c2f4ee30b923991adaaa8c1dd23ae3311dfc260071c017f8cf:input aftermath could not be settled: Error: Runtime Broker returned HTTP 409 (runtime_session_not_ready).
qwen serve: Hosted wake turn arun_92d02140359be5c2f4ee30b923991adaaa8c1dd23ae3311dfc260071c017f8cf:input aftermath could not be settled: Error: Runtime Broker returned HTTP 409 (runtime_session_not_ready).
qwen serve: Hosted wake turn arun_92d02140359be5c2f4ee30b923991adaaa8c1dd23ae3311dfc260071c017f8cf:input aftermath could not be settled: Error: Runtime Broker returned HTTP 409 (runtime_session_not_ready).
qwen serve: Hosted wake turn arun_92d02140359be5c2f4ee30b923991adaaa8c1dd23ae3311dfc260071c017f8cf:input aftermath could not be settled: Error: Runtime Broker returned HTTP 409 (runtime_session_not_ready).
qwen serve: Hosted wake turn arun_92d02140359be5c2f4ee30b923991adaaa8c1dd23ae3311dfc260071c017f8cf:input aftermath could not be settled: Error: Runtime Broker returned HTTP 409 (runtime_session_not_ready).
qwen serve: Hosted wake turn arun_92d02140359be5c2f4ee30b923991adaaa8c1dd23ae3311dfc260071c017f8cf:input aftermath could not be settled: Error: Runtime Broker returned HTTP 409 (runtime_session_not_ready).
qwen serve: Hosted wake turn arun_92d02140359be5c2f4ee30b923991adaaa8c1dd23ae3311dfc260071c017f8cf:input aftermath could not be settled: Error: Runtime Broker returned HTTP 409 (runtime_session_not_ready).
qwen serve: Hosted wake turn arun_92d02140359be5c2f4ee30b923991adaaa8c1dd23ae3311dfc260071c017f8cf:input aftermath could not be settled: Error: Runtime Broker returned HTTP 409 (runtime_session_not_ready).
qwen serve: Hosted wake turn arun_92d02140359be5c2f4ee30b923991adaaa8c1dd23ae3311dfc260071c017f8cf:input aftermath could not be settled: Error: Runtime Broker returned HTTP 409 (runtime_session_not_ready).
qwen serve: Hosted wake turn arun_92d02140359be5c2f4ee30b923991adaaa8c1dd23ae3311dfc260071c017f8cf:input aftermath could not be settled: Error: Runtime Broker returned HTTP 409 (runtime_session_not_ready).
qwen serve: Hosted wake turn arun_92d02140359be5c2f4ee30b923991adaaa8c1dd23ae3311dfc260071c017f8cf:input aftermath could not be settled: Error: Runtime Broker returned HTTP 409 (runtime_session_not_ready).
qwen serve: Hosted wake turn arun_92d02140359be5c2f4ee30b923991adaaa8c1dd23ae3311dfc260071c017f8cf:input aftermath could not be settled: Error: Runtime Broker returned HTTP 409 (runtime_session_not_ready).
qwen serve: Hosted wake turn arun_92d02140359be5c2f4ee30b923991adaaa8c1dd23ae3311dfc260071c017f8cf:input aftermath could not be settled: Error: Runtime Broker returned HTTP 409 (runtime_session_not_ready).
qwen serve: Hosted wake turn arun_92d02140359be5c2f4ee30b923991adaaa8c1dd23ae3311dfc260071c017f8cf:input aftermath could not be settled: Error: Runtime Broker returned HTTP 409 (runtime_session_not_ready).
qwen serve: Hosted wake turn arun_92d02140359be5c2f4ee30b923991adaaa8c1dd23ae3311dfc260071c017f8cf:input aftermath could not be settled: Error: Runtime Broker returned HTTP 409 (runtime_session_not_ready).
qwen serve: Hosted wake turn arun_92d02140359be5c2f4ee30b923991adaaa8c1dd23ae3311dfc260071c017f8cf:input aftermath could not be settled: Error: Runtime Broker returned HTTP 409 (runtime_session_not_ready).
2026-10-09T14:40:57.781Z [INFO] [DAEMON] route=POST /session/7e0567e3-1add-45cc-af51-1622fe6c1b7e/load sessionId=7e0567e3-1add-45cc-af51-1622fe6c1b7e durationMs=331 status=200 request completed
2026-10-09T14:40:57.924Z [INFO] [DAEMON] route=POST /session/7e0567e3-1add-45cc-af51-1622fe6c1b7e/prompt sessionId=7e0567e3-1add-45cc-af51-1622fe6c1b7e clientId=f63aa2d1-6426-438a-a0bb-c45b0742f326 durationMs=112 status=202 request completed
qwen serve: Hosted wake turn arun_92d02140359be5c2f4ee30b923991adaaa8c1dd23ae3311dfc260071c017f8cf:input aftermath could not be settled: Error: Runtime Broker returned HTTP 409 (runtime_session_not_ready).
qwen serve: Hosted Harness turn e200e02a-42ac-45b3-943d-eef12f2bfa26 waits for the Workspace mount held by another Session.
qwen serve: Hosted wake turn arun_92d02140359be5c2f4ee30b923991adaaa8c1dd23ae3311dfc260071c017f8cf:input aftermath could not be settled: Error: Runtime Broker returned HTTP 409 (runtime_session_not_ready).
qwen serve: Hosted wake turn arun_92d02140359be5c2f4ee30b923991adaaa8c1dd23ae3311dfc260071c017f8cf:input aftermath could not be settled: Error: Runtime Broker returned HTTP 409 (runtime_session_not_ready).
qwen serve: Hosted wake turn arun_92d02140359be5c2f4ee30b923991adaaa8c1dd23ae3311dfc260071c017f8cf:input aftermath could not be settled: Error: Runtime Broker returned HTTP 409 (runtime_session_not_ready).
2026-10-09T14:41:00.868Z [WARN] [DAEMON] route=POST /session/37e37f18-e70e-40e6-8d85-6fe841499ad4/automations/operations sessionId=37e37f18-e70e-40e6-8d85-6fe841499ad4 clientId=dc911322-52bc-4299-9e20-6896a4994f1a durationMs=44 status=409 request completed
qwen serve: Hosted wake turn arun_92d02140359be5c2f4ee30b923991adaaa8c1dd23ae3311dfc260071c017f8cf:input aftermath could not be settled: Error: Runtime Broker returned HTTP 409 (runtime_session_not_ready).
qwen serve: Hosted wake turn arun_92d02140359be5c2f4ee30b923991adaaa8c1dd23ae3311dfc260071c017f8cf:input aftermath could not be settled: Error: Runtime Broker returned HTTP 409 (runtime_session_not_ready).
qwen serve: Hosted wake turn arun_92d02140359be5c2f4ee30b923991adaaa8c1dd23ae3311dfc260071c017f8cf:input aftermath could not be settled: Error: Runtime Broker returned HTTP 409 (runtime_session_not_ready).
qwen serve: Hosted wake turn arun_92d02140359be5c2f4ee30b923991adaaa8c1dd23ae3311dfc260071c017f8cf:input aftermath could not be settled: Error: Runtime Broker returned HTTP 409 (runtime_session_not_ready).
qwen serve: Hosted wake turn arun_92d02140359be5c2f4ee30b923991adaaa8c1dd23ae3311dfc260071c017f8cf:input aftermath could not be settled: Error: Runtime Broker returned HTTP 409 (runtime_session_not_ready).
qwen serve: Hosted wake turn arun_92d02140359be5c2f4ee30b923991adaaa8c1dd23ae3311dfc260071c017f8cf:input aftermath could not be settled: Error: Runtime Broker returned HTTP 409 (runtime_session_not_ready).
qwen serve: Hosted wake turn arun_92d02140359be5c2f4ee30b923991adaaa8c1dd23ae3311dfc260071c017f8cf:input aftermath could not be settled: Error: Runtime Broker returned HTTP 409 (runtime_session_not_ready).
2026-10-09T14:41:05.945Z [WARN] [DAEMON] route=POST /session/37e37f18-e70e-40e6-8d85-6fe841499ad4/automations/operations sessionId=37e37f18-e70e-40e6-8d85-6fe841499ad4 clientId=dc911322-52bc-4299-9e20-6896a4994f1a durationMs=54 status=409 request completed
qwen serve: Hosted wake turn arun_92d02140359be5c2f4ee30b923991adaaa8c1dd23ae3311dfc260071c017f8cf:input aftermath could not be settled: Error: Runtime Broker returned HTTP 409 (runtime_session_not_ready).
qwen serve: Hosted wake turn arun_92d02140359be5c2f4ee30b923991adaaa8c1dd23ae3311dfc260071c017f8cf:input aftermath could not be settled: Error: Runtime Broker returned HTTP 409 (runtime_session_not_ready).
qwen serve: Hosted wake turn arun_92d02140359be5c2f4ee30b923991adaaa8c1dd23ae3311dfc260071c017f8cf:input aftermath could not be settled: Error: Runtime Broker returned HTTP 409 (runtime_session_not_ready).
qwen serve: Hosted wake turn arun_92d02140359be5c2f4ee30b923991adaaa8c1dd23ae3311dfc260071c017f8cf:input aftermath could not be settled: Error: Runtime Broker returned HTTP 409 (runtime_session_not_ready).
qwen serve: Hosted wake turn arun_92d02140359be5c2f4ee30b923991adaaa8c1dd23ae3311dfc260071c017f8cf:input aftermath could not be settled: Error: Runtime Broker returned HTTP 409 (runtime_session_not_ready).
qwen serve: Hosted wake turn arun_92d02140359be5c2f4ee30b923991adaaa8c1dd23ae3311dfc260071c017f8cf:input aftermath could not be settled: Error: Runtime Broker returned HTTP 409 (runtime_session_not_ready).
qwen serve: Hosted wake turn arun_92d02140359be5c2f4ee30b923991adaaa8c1dd23ae3311dfc260071c017f8cf:input aftermath could not be settled: Error: Runtime Broker returned HTTP 409 (runtime_session_not_ready).
qwen serve: Hosted wake turn arun_92d02140359be5c2f4ee30b923991adaaa8c1dd23ae3311dfc260071c017f8cf:input aftermath could not be settled: Error: Runtime Broker returned HTTP 409 (runtime_session_not_ready).
2026-10-09T14:41:11.003Z [WARN] [DAEMON] route=POST /session/37e37f18-e70e-40e6-8d85-6fe841499ad4/automations/operations sessionId=37e37f18-e70e-40e6-8d85-6fe841499ad4 clientId=dc911322-52bc-4299-9e20-6896a4994f1a durationMs=30 status=409 request completed
qwen serve: Hosted wake turn arun_92d02140359be5c2f4ee30b923991adaaa8c1dd23ae3311dfc260071c017f8cf:input aftermath could not be settled: Error: Runtime Broker returned HTTP 409 (runtime_session_not_ready).
qwen serve: Hosted wake turn arun_92d02140359be5c2f4ee30b923991adaaa8c1dd23ae3311dfc260071c017f8cf:input aftermath could not be settled: Error: Runtime Broker returned HTTP 409 (runtime_session_not_ready).
qwen serve: Hosted wake turn arun_92d02140359be5c2f4ee30b923991adaaa8c1dd23ae3311dfc260071c017f8cf:input aftermath could not be settled: Error: Runtime Broker returned HTTP 409 (runtime_session_not_ready).
qwen serve: Hosted wake turn arun_92d02140359be5c2f4ee30b923991adaaa8c1dd23ae3311dfc260071c017f8cf:input aftermath could not be settled: Error: Runtime Broker returned HTTP 409 (runtime_session_not_ready).
qwen serve: Hosted wake turn arun_92d02140359be5c2f4ee30b923991adaaa8c1dd23ae3311dfc260071c017f8cf:input aftermath could not be settled: Error: Runtime Broker returned HTTP 409 (runtime_session_not_ready).
qwen serve: Hosted wake turn arun_92d02140359be5c2f4ee30b923991adaaa8c1dd23ae3311dfc260071c017f8cf:input aftermath could not be settled: Error: Runtime Broker returned HTTP 409 (runtime_session_not_ready).
qwen serve: Hosted wake turn arun_92d02140359be5c2f4ee30b923991adaaa8c1dd23ae3311dfc260071c017f8cf:input aftermath could not be settled: Error: Runtime Broker returned HTTP 409 (runtime_session_not_ready).
2026-10-09T14:41:16.133Z [WARN] [DAEMON] route=POST /session/37e37f18-e70e-40e6-8d85-6fe841499ad4/automations/operations sessionId=37e37f18-e70e-40e6-8d85-6fe841499ad4 clientId=dc911322-52bc-4299-9e20-6896a4994f1a durationMs=94 status=409 request completed
qwen serve: Hosted wake turn arun_92d02140359be5c2f4ee30b923991adaaa8c1dd23ae3311dfc260071c017f8cf:input aftermath could not be settled: Error: Runtime Broker returned HTTP 409 (runtime_session_not_ready).
qwen serve: Hosted wake turn arun_92d02140359be5c2f4ee30b923991adaaa8c1dd23ae3311dfc260071c017f8cf:input aftermath could not be settled: Error: Runtime Broker returned HTTP 409 (runtime_session_not_ready).
qwen serve: Hosted wake turn arun_92d02140359be5c2f4ee30b923991adaaa8c1dd23ae3311dfc260071c017f8cf:input aftermath could not be settled: Error: Runtime Broker returned HTTP 409 (runtime_session_not_ready).
qwen serve: Hosted wake turn arun_92d02140359be5c2f4ee30b923991adaaa8c1dd23ae3311dfc260071c017f8cf:input aftermath could not be settled: Error: Runtime Broker returned HTTP 409 (runtime_session_not_ready).
qwen serve: Hosted wake turn arun_92d02140359be5c2f4ee30b923991adaaa8c1dd23ae3311dfc260071c017f8cf:input aftermath could not be settled: Error: Runtime Broker returned HTTP 409 (runtime_session_not_ready).
qwen serve: Hosted wake turn arun_92d02140359be5c2f4ee30b923991adaaa8c1dd23ae3311dfc260071c017f8cf:input aftermath could not be settled: Error: Runtime Broker returned HTTP 409 (runtime_session_not_ready).
qwen serve: Hosted wake turn arun_92d02140359be5c2f4ee30b923991adaaa8c1dd23ae3311dfc260071c017f8cf:input aftermath could not be settled: Error: Runtime Broker returned HTTP 409 (runtime_session_not_ready).
qwen serve: Hosted wake turn arun_92d02140359be5c2f4ee30b923991adaaa8c1dd23ae3311dfc260071c017f8cf:input aftermath could not be settled: Error: Runtime Broker returned HTTP 409 (runtime_session_not_ready).
2026-10-09T14:41:21.217Z [WARN] [DAEMON] route=POST /session/37e37f18-e70e-40e6-8d85-6fe841499ad4/automations/operations sessionId=37e37f18-e70e-40e6-8d85-6fe841499ad4 clientId=dc911322-52bc-4299-9e20-6896a4994f1a durationMs=43 status=409 request completed
qwen serve: Hosted wake turn arun_92d02140359be5c2f4ee30b923991adaaa8c1dd23ae3311dfc260071c017f8cf:input aftermath could not be settled: Error: Runtime Broker returned HTTP 409 (runtime_session_not_ready).
qwen serve: Hosted wake turn arun_92d02140359be5c2f4ee30b923991adaaa8c1dd23ae3311dfc260071c017f8cf:input aftermath could not be settled: Error: Runtime Broker returned HTTP 409 (runtime_session_not_ready).
qwen serve: Hosted wake turn arun_92d02140359be5c2f4ee30b923991adaaa8c1dd23ae3311dfc260071c017f8cf:input aftermath could not be settled: Error: Runtime Broker returned HTTP 409 (runtime_session_not_ready).
qwen serve: Hosted wake turn arun_92d02140359be5c2f4ee30b923991adaaa8c1dd23ae3311dfc260071c017f8cf:input aftermath could not be settled: Error: Runtime Broker returned HTTP 409 (runtime_session_not_ready).
qwen serve: Hosted wake turn arun_92d02140359be5c2f4ee30b923991adaaa8c1dd23ae3311dfc260071c017f8cf:input aftermath could not be settled: Error: Runtime Broker returned HTTP 409 (runtime_session_not_ready).
qwen serve: Hosted wake turn arun_92d02140359be5c2f4ee30b923991adaaa8c1dd23ae3311dfc260071c017f8cf:input aftermath could not be settled: Error: Runtime Broker returned HTTP 409 (runtime_session_not_ready).
qwen serve: Hosted wake turn arun_92d02140359be5c2f4ee30b923991adaaa8c1dd23ae3311dfc260071c017f8cf:input aftermath could not be settled: Error: Runtime Broker returned HTTP 409 (runtime_session_not_ready).
2026-10-09T14:41:26.304Z [WARN] [DAEMON] route=POST /session/37e37f18-e70e-40e6-8d85-6fe841499ad4/automations/operations sessionId=37e37f18-e70e-40e6-8d85-6fe841499ad4 clientId=dc911322-52bc-4299-9e20-6896a4994f1a durationMs=58 status=409 request completed
qwen serve: Hosted wake turn arun_92d02140359be5c2f4ee30b923991adaaa8c1dd23ae3311dfc260071c017f8cf:input aftermath could not be settled: Error: Runtime Broker returned HTTP 409 (runtime_session_not_ready).
qwen serve: Hosted wake turn arun_92d02140359be5c2f4ee30b923991adaaa8c1dd23ae3311dfc260071c017f8cf:input aftermath could not be settled: Error: Runtime Broker returned HTTP 409 (runtime_session_not_ready).
qwen serve: Hosted wake turn arun_92d02140359be5c2f4ee30b923991adaaa8c1dd23ae3311dfc260071c017f8cf:input aftermath could not be settled: Error: Runtime Broker returned HTTP 409 (runtime_session_not_ready).
qwen serve: Hosted wake turn arun_92d02140359be5c2f4ee30b923991adaaa8c1dd23ae3311dfc260071c017f8cf:input aftermath could not be settled: Error: Runtime Broker returned HTTP 409 (runtime_session_not_ready).
qwen serve: Hosted wake turn arun_92d02140359be5c2f4ee30b923991adaaa8c1dd23ae3311dfc260071c017f8cf:input aftermath could not be settled: Error: Runtime Broker returned HTTP 409 (runtime_session_not_ready).
qwen serve: Hosted wake turn arun_92d02140359be5c2f4ee30b923991adaaa8c1dd23ae3311dfc260071c017f8cf:input aftermath could not be settled: Error: Runtime Broker returned HTTP 409 (runtime_session_not_ready).
qwen serve: Hosted wake turn arun_92d02140359be5c2f4ee30b923991adaaa8c1dd23ae3311dfc260071c017f8cf:input aftermath could not be settled: Error: Runtime Broker returned HTTP 409 (runtime_session_not_ready).
qwen serve: Hosted wake turn arun_92d02140359be5c2f4ee30b923991adaaa8c1dd23ae3311dfc260071c017f8cf:input aftermath could not be settled: Error: Runtime Broker returned HTTP 409 (runtime_session_not_ready).
qwen serve: Hosted wake turn arun_92d02140359be5c2f4ee30b923991adaaa8c1dd23ae3311dfc260071c017f8cf:input aftermath could not be settled: Error: Runtime Broker returned HTTP 409 (runtime_session_not_ready).
qwen serve: Hosted wake turn arun_92d02140359be5c2f4ee30b923991adaaa8c1dd23ae3311dfc260071c017f8cf:input aftermath could not be settled: Error: Runtime Broker returned HTTP 409 (runtime_session_not_ready).
qwen serve: Hosted wake turn arun_92d02140359be5c2f4ee30b923991adaaa8c1dd23ae3311dfc260071c017f8cf:input aftermath could not be settled: Error: Runtime Broker returned HTTP 409 (runtime_session_not_ready).
qwen serve: Hosted wake turn arun_92d02140359be5c2f4ee30b923991adaaa8c1dd23ae3311dfc260071c017f8cf:input aftermath could not be settled: Error: Runtime Broker returned HTTP 409 (runtime_session_not_ready).
qwen serve: Hosted wake turn arun_92d02140359be5c2f4ee30b923991adaaa8c1dd23ae3311dfc260071c017f8cf:input aftermath could not be settled: Error: Runtime Broker returned HTTP 409 (runtime_session_not_ready).
qwen serve: Hosted wake turn arun_92d02140359be5c2f4ee30b923991adaaa8c1dd23ae3311dfc260071c017f8cf:input aftermath could not be settled: Error: Runtime Broker returned HTTP 409 (runtime_session_not_ready).
qwen serve: Hosted wake turn arun_92d02140359be5c2f4ee30b923991adaaa8c1dd23ae3311dfc260071c017f8cf:input aftermath could not be settled: Error: Runtime Broker returned HTTP 409 (runtime_session_not_ready).
qwen serve: Hosted wake turn arun_92d02140359be5c2f4ee30b923991adaaa8c1dd23ae3311dfc260071c017f8cf:input aftermath could not be settled: Error: Runtime Broker returned HTTP 409 (runtime_session_not_ready).
qwen serve: Hosted wake turn arun_92d02140359be5c2f4ee30b923991adaaa8c1dd23ae3311dfc260071c017f8cf:input aftermath could not be settled: Error: Runtime Broker returned HTTP 409 (runtime_session_not_ready).
qwen serve: Hosted wake turn arun_92d02140359be5c2f4ee30b923991adaaa8c1dd23ae3311dfc260071c017f8cf:input aftermath could not be settled: Error: Runtime Broker returned HTTP 409 (runtime_session_not_ready).
qwen serve: Hosted wake turn arun_92d02140359be5c2f4ee30b923991adaaa8c1dd23ae3311dfc260071c017f8cf:input aftermath could not be settled: Error: Runtime Broker returned HTTP 409 (runtime_session_not_ready).
qwen serve: Hosted wake turn arun_92d02140359be5c2f4ee30b923991adaaa8c1dd23ae3311dfc260071c017f8cf:input aftermath could not be settled: Error: Runtime Broker returned HTTP 409 (runtime_session_not_ready).
qwen serve: Hosted wake turn arun_92d02140359be5c2f4ee30b923991adaaa8c1dd23ae3311dfc260071c017f8cf:input aftermath could not be settled: Error: Runtime Broker returned HTTP 409 (runtime_session_not_ready).
qwen serve: Hosted wake turn arun_92d02140359be5c2f4ee30b923991adaaa8c1dd23ae3311dfc260071c017f8cf:input aftermath could not be settled: Error: Runtime Broker returned HTTP 409 (runtime_session_not_ready).
2026-10-09T14:41:41.410Z [WARN] [DAEMON] route=POST /session/37e37f18-e70e-40e6-8d85-6fe841499ad4/automations/operations sessionId=37e37f18-e70e-40e6-8d85-6fe841499ad4 clientId=dc911322-52bc-4299-9e20-6896a4994f1a durationMs=45 status=409 request completed
qwen serve: Hosted wake turn arun_92d02140359be5c2f4ee30b923991adaaa8c1dd23ae3311dfc260071c017f8cf:input aftermath could not be settled: Error: Runtime Broker returned HTTP 409 (runtime_session_not_ready).
qwen serve: Hosted wake turn arun_92d02140359be5c2f4ee30b923991adaaa8c1dd23ae3311dfc260071c017f8cf:input aftermath could not be settled: Error: Runtime Broker returned HTTP 409 (runtime_session_not_ready).
qwen serve: Hosted wake turn arun_92d02140359be5c2f4ee30b923991adaaa8c1dd23ae3311dfc260071c017f8cf:input aftermath could not be settled: Error: Runtime Broker returned HTTP 409 (runtime_session_not_ready).
qwen serve: Hosted wake turn arun_92d02140359be5c2f4ee30b923991adaaa8c1dd23ae3311dfc260071c017f8cf:input aftermath could not be settled: Error: Runtime Broker returned HTTP 409 (runtime_session_not_ready).
qwen serve: Hosted wake turn arun_92d02140359be5c2f4ee30b923991adaaa8c1dd23ae3311dfc260071c017f8cf:input aftermath could not be settled: Error: Runtime Broker returned HTTP 409 (runtime_session_not_ready).
qwen serve: Hosted wake turn arun_92d02140359be5c2f4ee30b923991adaaa8c1dd23ae3311dfc260071c017f8cf:input aftermath could not be settled: Error: Runtime Broker returned HTTP 409 (runtime_session_not_ready).
qwen serve: Hosted wake turn arun_92d02140359be5c2f4ee30b923991adaaa8c1dd23ae3311dfc260071c017f8cf:input aftermath could not be settled: Error: Runtime Broker returned HTTP 409 (runtime_session_not_ready).
qwen serve: Hosted wake turn arun_92d02140359be5c2f4ee30b923991adaaa8c1dd23ae3311dfc260071c017f8cf:input aftermath could not be settled: Error: Runtime Broker returned HTTP 409 (runtime_session_not_ready).
qwen serve: Hosted wake turn arun_92d02140359be5c2f4ee30b923991adaaa8c1dd23ae3311dfc260071c017f8cf:input aftermath could not be settled: Error: Runtime Broker returned HTTP 409 (runtime_session_not_ready).
qwen serve: Hosted wake turn arun_92d02140359be5c2f4ee30b923991adaaa8c1dd23ae3311dfc260071c017f8cf:input aftermath could not be settled: Error: Runtime Broker returned HTTP 409 (runtime_session_not_ready).
qwen serve: Hosted wake turn arun_92d02140359be5c2f4ee30b923991adaaa8c1dd23ae3311dfc260071c017f8cf:input aftermath could not be settled: Error: Runtime Broker returned HTTP 409 (runtime_session_not_ready).
qwen serve: Hosted wake turn arun_92d02140359be5c2f4ee30b923991adaaa8c1dd23ae3311dfc260071c017f8cf:input aftermath could not be settled: Error: Runtime Broker returned HTTP 409 (runtime_session_not_ready).
qwen serve: Hosted wake turn arun_92d02140359be5c2f4ee30b923991adaaa8c1dd23ae3311dfc260071c017f8cf:input aftermath could not be settled: Error: Runtime Broker returned HTTP 409 (runtime_session_not_ready).
qwen serve: Hosted wake turn arun_92d02140359be5c2f4ee30b923991adaaa8c1dd23ae3311dfc260071c017f8cf:input aftermath could not be settled: Error: Runtime Broker returned HTTP 409 (runtime_session_not_ready).
qwen serve: Hosted wake turn arun_92d02140359be5c2f4ee30b923991adaaa8c1dd23ae3311dfc260071c017f8cf:input aftermath could not be settled: Error: Runtime Broker returned HTTP 409 (runtime_session_not_ready).
qwen serve: Hosted wake turn arun_92d02140359be5c2f4ee30b923991adaaa8c1dd23ae3311dfc260071c017f8cf:input aftermath could not be settled: Error: Runtime Broker returned HTTP 409 (runtime_session_not_ready).
qwen serve: Hosted wake turn arun_92d02140359be5c2f4ee30b923991adaaa8c1dd23ae3311dfc260071c017f8cf:input aftermath could not be settled: Error: Runtime Broker returned HTTP 409 (runtime_session_not_ready).
qwen serve: Hosted wake turn arun_92d02140359be5c2f4ee30b923991adaaa8c1dd23ae3311dfc260071c017f8cf:input aftermath could not be settled: Error: Runtime Broker returned HTTP 409 (runtime_session_not_ready).
qwen serve: Hosted wake turn arun_92d02140359be5c2f4ee30b923991adaaa8c1dd23ae3311dfc260071c017f8cf:input aftermath could not be settled: Error: Runtime Broker returned HTTP 409 (runtime_session_not_ready).
qwen serve: Hosted wake turn arun_92d02140359be5c2f4ee30b923991adaaa8c1dd23ae3311dfc260071c017f8cf:input aftermath could not be settled: Error: Runtime Broker returned HTTP 409 (runtime_session_not_ready).
qwen serve: Hosted wake turn arun_92d02140359be5c2f4ee30b923991adaaa8c1dd23ae3311dfc260071c017f8cf:input aftermath could not be settled: Error: Runtime Broker returned HTTP 409 (runtime_session_not_ready).
qwen serve: Hosted wake turn arun_92d02140359be5c2f4ee30b923991adaaa8c1dd23ae3311dfc260071c017f8cf:input aftermath could not be settled: Error: Runtime Broker returned HTTP 409 (runtime_session_not_ready).
qwen serve: Hosted wake turn arun_92d02140359be5c2f4ee30b923991adaaa8c1dd23ae3311dfc260071c017f8cf:input aftermath could not be settled: Error: Runtime Broker returned HTTP 409 (runtime_session_not_ready).
qwen serve: Hosted wake turn arun_92d02140359be5c2f4ee30b923991adaaa8c1dd23ae3311dfc260071c017f8cf:input aftermath could not be settled: Error: Runtime Broker returned HTTP 409 (runtime_session_not_ready).
qwen serve: Hosted wake turn arun_92d02140359be5c2f4ee30b923991adaaa8c1dd23ae3311dfc260071c017f8cf:input aftermath could not be settled: Error: Runtime Broker returned HTTP 409 (runtime_session_not_ready).
qwen serve: Hosted wake turn arun_92d02140359be5c2f4ee30b923991adaaa8c1dd23ae3311dfc260071c017f8cf:input aftermath could not be settled: Error: Runtime Broker returned HTTP 409 (runtime_session_not_ready).
qwen serve: Hosted wake turn arun_92d02140359be5c2f4ee30b923991adaaa8c1dd23ae3311dfc260071c017f8cf:input aftermath could not be settled: Error: Runtime Broker returned HTTP 409 (runtime_session_not_ready).
qwen serve: Hosted wake turn arun_92d02140359be5c2f4ee30b923991adaaa8c1dd23ae3311dfc260071c017f8cf:input aftermath could not be settled: Error: Runtime Broker returned HTTP 409 (runtime_session_not_ready).
qwen serve: Hosted wake turn arun_92d02140359be5c2f4ee30b923991adaaa8c1dd23ae3311dfc260071c017f8cf:input aftermath could not be settled: Error: Runtime Broker returned HTTP 409 (runtime_session_not_ready).
2026-10-09T14:42:01.732Z [INFO] [DAEMON] route=POST /session/37e37f18-e70e-40e6-8d85-6fe841499ad4/automations/operations sessionId=37e37f18-e70e-40e6-8d85-6fe841499ad4 clientId=dc911322-52bc-4299-9e20-6896a4994f1a durationMs=115 status=202 request completed
qwen serve: Hosted wake turn arun_92d02140359be5c2f4ee30b923991adaaa8c1dd23ae3311dfc260071c017f8cf:input aftermath could not be settled: Error: Runtime Broker returned HTTP 409 (runtime_session_not_ready).
qwen serve: Hosted wake turn arun_92d02140359be5c2f4ee30b923991adaaa8c1dd23ae3311dfc260071c017f8cf:input aftermath could not be settled: Error: Runtime Broker returned HTTP 409 (runtime_session_not_ready).
qwen serve: Hosted wake turn arun_92d02140359be5c2f4ee30b923991adaaa8c1dd23ae3311dfc260071c017f8cf:input aftermath could not be settled: Error: Runtime Broker returned HTTP 409 (runtime_session_not_ready).
qwen serve: Hosted wake turn arun_92d02140359be5c2f4ee30b923991adaaa8c1dd23ae3311dfc260071c017f8cf:input aftermath could not be settled: Error: Runtime Broker returned HTTP 409 (runtime_session_not_ready).
qwen serve: Hosted wake turn arun_92d02140359be5c2f4ee30b923991adaaa8c1dd23ae3311dfc260071c017f8cf:input aftermath could not be settled: Error: Runtime Broker returned HTTP 409 (runtime_session_not_ready).
qwen serve: Hosted wake turn arun_92d02140359be5c2f4ee30b923991adaaa8c1dd23ae3311dfc260071c017f8cf:input aftermath could not be settled: Error: Runtime Broker returned HTTP 409 (runtime_session_not_ready).
qwen serve: Hosted wake turn arun_92d02140359be5c2f4ee30b923991adaaa8c1dd23ae3311dfc260071c017f8cf:input aftermath could not be settled: Error: Runtime Broker returned HTTP 409 (runtime_session_not_ready).
qwen serve: Hosted wake turn arun_92d02140359be5c2f4ee30b923991adaaa8c1dd23ae3311dfc260071c017f8cf:input aftermath could not be settled: Error: Runtime Broker returned HTTP 409 (runtime_session_not_ready).
qwen serve: Hosted wake turn arun_92d02140359be5c2f4ee30b923991adaaa8c1dd23ae3311dfc260071c017f8cf:input aftermath could not be settled: Error: Runtime Broker returned HTTP 409 (runtime_session_not_ready).
qwen serve: Hosted wake turn arun_92d02140359be5c2f4ee30b923991adaaa8c1dd23ae3311dfc260071c017f8cf:input aftermath could not be settled: Error: Runtime Broker returned HTTP 409 (runtime_session_not_ready).
qwen serve: Hosted wake turn arun_92d02140359be5c2f4ee30b923991adaaa8c1dd23ae3311dfc260071c017f8cf:input aftermath could not be settled: Error: Runtime Broker returned HTTP 409 (runtime_session_not_ready).
qwen serve: Hosted wake turn arun_92d02140359be5c2f4ee30b923991adaaa8c1dd23ae3311dfc260071c017f8cf:input aftermath could not be settled: Error: Runtime Broker returned HTTP 409 (runtime_session_not_ready).
qwen serve: Hosted wake turn arun_92d02140359be5c2f4ee30b923991adaaa8c1dd23ae3311dfc260071c017f8cf:input aftermath could not be settled: Error: Runtime Broker returned HTTP 409 (runtime_session_not_ready).
qwen serve: Hosted wake turn arun_92d02140359be5c2f4ee30b923991adaaa8c1dd23ae3311dfc260071c017f8cf:input aftermath could not be settled: Error: Runtime Broker returned HTTP 409 (runtime_session_not_ready).
qwen serve: Hosted wake turn arun_92d02140359be5c2f4ee30b923991adaaa8c1dd23ae3311dfc260071c017f8cf:input aftermath could not be settled: Error: Runtime Broker returned HTTP 409 (runtime_session_not_ready).
qwen serve: Hosted wake turn arun_92d02140359be5c2f4ee30b923991adaaa8c1dd23ae3311dfc260071c017f8cf:input aftermath could not be settled: Error: Runtime Broker returned HTTP 409 (runtime_session_not_ready).
qwen serve: Hosted wake turn arun_92d02140359be5c2f4ee30b923991adaaa8c1dd23ae3311dfc260071c017f8cf:input aftermath could not be settled: Error: Runtime Broker returned HTTP 409 (runtime_session_not_ready).
qwen serve: Hosted wake turn arun_92d02140359be5c2f4ee30b923991adaaa8c1dd23ae3311dfc260071c017f8cf:input aftermath could not be settled: Error: Runtime Broker returned HTTP 409 (runtime_session_not_ready).
qwen serve: Hosted wake turn arun_92d02140359be5c2f4ee30b923991adaaa8c1dd23ae3311dfc260071c017f8cf:input aftermath could not be settled: Error: Runtime Broker returned HTTP 409 (runtime_session_not_ready).
qwen serve: Hosted wake turn arun_92d02140359be5c2f4ee30b923991adaaa8c1dd23ae3311dfc260071c017f8cf:input aftermath could not be settled: Error: Runtime Broker returned HTTP 409 (runtime_session_not_ready).
qwen serve: Hosted wake turn arun_92d02140359be5c2f4ee30b923991adaaa8c1dd23ae3311dfc260071c017f8cf:input aftermath could not be settled: Error: Runtime Broker returned HTTP 409 (runtime_session_not_ready).
2026-10-09T14:42:16.865Z [WARN] [DAEMON] route=POST /session/37e37f18-e70e-40e6-8d85-6fe841499ad4/automations/operations sessionId=37e37f18-e70e-40e6-8d85-6fe841499ad4 clientId=dc911322-52bc-4299-9e20-6896a4994f1a durationMs=45 status=409 request completed
qwen serve: Hosted wake turn arun_92d02140359be5c2f4ee30b923991adaaa8c1dd23ae3311dfc260071c017f8cf:input aftermath could not be settled: Error: Runtime Broker returned HTTP 409 (runtime_session_not_ready).
qwen serve: Hosted wake turn arun_92d02140359be5c2f4ee30b923991adaaa8c1dd23ae3311dfc260071c017f8cf:input aftermath could not be settled: Error: Runtime Broker returned HTTP 409 (runtime_session_not_ready).
qwen serve: Hosted wake turn arun_92d02140359be5c2f4ee30b923991adaaa8c1dd23ae3311dfc260071c017f8cf:input aftermath could not be settled: Error: Runtime Broker returned HTTP 409 (runtime_session_not_ready).
qwen serve: Hosted wake turn arun_92d02140359be5c2f4ee30b923991adaaa8c1dd23ae3311dfc260071c017f8cf:input aftermath could not be settled: Error: Runtime Broker returned HTTP 409 (runtime_session_not_ready).
qwen serve: Hosted wake turn arun_92d02140359be5c2f4ee30b923991adaaa8c1dd23ae3311dfc260071c017f8cf:input aftermath could not be settled: Error: Runtime Broker returned HTTP 409 (runtime_session_not_ready).
qwen serve: Hosted wake turn arun_92d02140359be5c2f4ee30b923991adaaa8c1dd23ae3311dfc260071c017f8cf:input aftermath could not be settled: Error: Runtime Broker returned HTTP 409 (runtime_session_not_ready).
qwen serve: Hosted wake turn arun_92d02140359be5c2f4ee30b923991adaaa8c1dd23ae3311dfc260071c017f8cf:input aftermath could not be settled: Error: Runtime Broker returned HTTP 409 (runtime_session_not_ready).
qwen serve: Hosted wake turn arun_92d02140359be5c2f4ee30b923991adaaa8c1dd23ae3311dfc260071c017f8cf:input aftermath could not be settled: Error: Runtime Broker returned HTTP 409 (runtime_session_not_ready).
2026-10-09T14:42:21.948Z [WARN] [DAEMON] route=POST /session/37e37f18-e70e-40e6-8d85-6fe841499ad4/automations/operations sessionId=37e37f18-e70e-40e6-8d85-6fe841499ad4 clientId=dc911322-52bc-4299-9e20-6896a4994f1a durationMs=44 status=409 request completed
qwen serve: Hosted wake turn arun_92d02140359be5c2f4ee30b923991adaaa8c1dd23ae3311dfc260071c017f8cf:input aftermath could not be settled: Error: Runtime Broker returned HTTP 409 (runtime_session_not_ready).
qwen serve: Hosted wake turn arun_92d02140359be5c2f4ee30b923991adaaa8c1dd23ae3311dfc260071c017f8cf:input aftermath could not be settled: Error: Runtime Broker returned HTTP 409 (runtime_session_not_ready).
qwen serve: Hosted wake turn arun_92d02140359be5c2f4ee30b923991adaaa8c1dd23ae3311dfc260071c017f8cf:input aftermath could not be settled: Error: Runtime Broker returned HTTP 409 (runtime_session_not_ready).
qwen serve: Hosted wake turn arun_92d02140359be5c2f4ee30b923991adaaa8c1dd23ae3311dfc260071c017f8cf:input aftermath could not be settled: Error: Runtime Broker returned HTTP 409 (runtime_session_not_ready).
qwen serve: Hosted wake turn arun_92d02140359be5c2f4ee30b923991adaaa8c1dd23ae3311dfc260071c017f8cf:input aftermath could not be settled: Error: Runtime Broker returned HTTP 409 (runtime_session_not_ready).
qwen serve: Hosted wake turn arun_92d02140359be5c2f4ee30b923991adaaa8c1dd23ae3311dfc260071c017f8cf:input aftermath could not be settled: Error: Runtime Broker returned HTTP 409 (runtime_session_not_ready).
qwen serve: Hosted wake turn arun_92d02140359be5c2f4ee30b923991adaaa8c1dd23ae3311dfc260071c017f8cf:input aftermath could not be settled: Error: Runtime Broker returned HTTP 409 (runtime_session_not_ready).
qwen serve: Hosted wake turn arun_92d02140359be5c2f4ee30b923991adaaa8c1dd23ae3311dfc260071c017f8cf:input aftermath could not be settled: Error: Runtime Broker returned HTTP 409 (runtime_session_not_ready).
qwen serve: Hosted wake turn arun_92d02140359be5c2f4ee30b923991adaaa8c1dd23ae3311dfc260071c017f8cf:input aftermath could not be settled: Error: Runtime Broker returned HTTP 409 (runtime_session_not_ready).
qwen serve: Hosted wake turn arun_92d02140359be5c2f4ee30b923991adaaa8c1dd23ae3311dfc260071c017f8cf:input aftermath could not be settled: Error: Runtime Broker returned HTTP 409 (runtime_session_not_ready).
qwen serve: Hosted wake turn arun_92d02140359be5c2f4ee30b923991adaaa8c1dd23ae3311dfc260071c017f8cf:input aftermath could not be settled: Error: Runtime Broker returned HTTP 409 (runtime_session_not_ready).
qwen serve: Hosted wake turn arun_92d02140359be5c2f4ee30b923991adaaa8c1dd23ae3311dfc260071c017f8cf:input aftermath could not be settled: Error: Runtime Broker returned HTTP 409 (runtime_session_not_ready).
qwen serve: Hosted wake turn arun_92d02140359be5c2f4ee30b923991adaaa8c1dd23ae3311dfc260071c017f8cf:input aftermath could not be settled: Error: Runtime Broker returned HTTP 409 (runtime_session_not_ready).
qwen serve: Hosted wake turn arun_92d02140359be5c2f4ee30b923991adaaa8c1dd23ae3311dfc260071c017f8cf:input aftermath could not be settled: Error: Runtime Broker returned HTTP 409 (runtime_session_not_ready).
qwen serve: Hosted wake turn arun_92d02140359be5c2f4ee30b923991adaaa8c1dd23ae3311dfc260071c017f8cf:input aftermath could not be settled: Error: Runtime Broker returned HTTP 409 (runtime_session_not_ready).
qwen serve: Hosted wake turn arun_92d02140359be5c2f4ee30b923991adaaa8c1dd23ae3311dfc260071c017f8cf:input aftermath could not be settled: Error: Runtime Broker returned HTTP 409 (runtime_session_not_ready).
qwen serve: Hosted wake turn arun_92d02140359be5c2f4ee30b923991adaaa8c1dd23ae3311dfc260071c017f8cf:input aftermath could not be settled: Error: Runtime Broker returned HTTP 409 (runtime_session_not_ready).
qwen serve: Hosted wake turn arun_92d02140359be5c2f4ee30b923991adaaa8c1dd23ae3311dfc260071c017f8cf:input aftermath could not be settled: Error: Runtime Broker returned HTTP 409 (runtime_session_not_ready).
qwen serve: Hosted wake turn arun_92d02140359be5c2f4ee30b923991adaaa8c1dd23ae3311dfc260071c017f8cf:input aftermath could not be settled: Error: Runtime Broker returned HTTP 409 (runtime_session_not_ready).
qwen serve: Hosted wake turn arun_92d02140359be5c2f4ee30b923991adaaa8c1dd23ae3311dfc260071c017f8cf:input aftermath could not be settled: Error: Runtime Broker returned HTTP 409 (runtime_session_not_ready).
qwen serve: Hosted wake turn arun_92d02140359be5c2f4ee30b923991adaaa8c1dd23ae3311dfc260071c017f8cf:input aftermath could not be settled: Error: Runtime Broker returned HTTP 409 (runtime_session_not_ready).
qwen serve: Hosted wake turn arun_92d02140359be5c2f4ee30b923991adaaa8c1dd23ae3311dfc260071c017f8cf:input aftermath could not be settled: Error: Runtime Broker returned HTTP 409 (runtime_session_not_ready).
qwen serve: Hosted wake turn arun_92d02140359be5c2f4ee30b923991adaaa8c1dd23ae3311dfc260071c017f8cf:input aftermath could not be settled: Error: Runtime Broker returned HTTP 409 (runtime_session_not_ready).
qwen serve: Hosted wake turn arun_92d02140359be5c2f4ee30b923991adaaa8c1dd23ae3311dfc260071c017f8cf:input aftermath could not be settled: Error: Runtime Broker returned HTTP 409 (runtime_session_not_ready).
qwen serve: Hosted wake turn arun_92d02140359be5c2f4ee30b923991adaaa8c1dd23ae3311dfc260071c017f8cf:input aftermath could not be settled: Error: Runtime Broker returned HTTP 409 (runtime_session_not_ready).
qwen serve: Hosted wake turn arun_92d02140359be5c2f4ee30b923991adaaa8c1dd23ae3311dfc260071c017f8cf:input aftermath could not be settled: Error: Runtime Broker returned HTTP 409 (runtime_session_not_ready).
qwen serve: Hosted wake turn arun_92d02140359be5c2f4ee30b923991adaaa8c1dd23ae3311dfc260071c017f8cf:input aftermath could not be settled: Error: Runtime Broker returned HTTP 409 (runtime_session_not_ready).
qwen serve: Hosted wake turn arun_92d02140359be5c2f4ee30b923991adaaa8c1dd23ae3311dfc260071c017f8cf:input aftermath could not be settled: Error: Runtime Broker returned HTTP 409 (runtime_session_not_ready).
qwen serve: Hosted wake turn arun_92d02140359be5c2f4ee30b923991adaaa8c1dd23ae3311dfc260071c017f8cf:input aftermath could not be settled: Error: Runtime Broker returned HTTP 409 (runtime_session_not_ready).
qwen serve: Hosted wake turn arun_92d02140359be5c2f4ee30b923991adaaa8c1dd23ae3311dfc260071c017f8cf:input aftermath could not be settled: Error: Runtime Broker returned HTTP 409 (runtime_session_not_ready).
qwen serve: Hosted wake turn arun_92d02140359be5c2f4ee30b923991adaaa8c1dd23ae3311dfc260071c017f8cf:input aftermath could not be settled: Error: Runtime Broker returned HTTP 409 (runtime_session_not_ready).
qwen serve: Hosted wake turn arun_92d02140359be5c2f4ee30b923991adaaa8c1dd23ae3311dfc260071c017f8cf:input aftermath could not be settled: Error: Runtime Broker returned HTTP 409 (runtime_session_not_ready).
qwen serve: Hosted wake turn arun_92d02140359be5c2f4ee30b923991adaaa8c1dd23ae3311dfc260071c017f8cf:input aftermath could not be settled: Error: Runtime Broker returned HTTP 409 (runtime_session_not_ready).
qwen serve: Hosted wake turn arun_92d02140359be5c2f4ee30b923991adaaa8c1dd23ae3311dfc260071c017f8cf:input aftermath could not be settled: Error: Runtime Broker returned HTTP 409 (runtime_session_not_ready).
qwen serve: Hosted wake turn arun_92d02140359be5c2f4ee30b923991adaaa8c1dd23ae3311dfc260071c017f8cf:input aftermath could not be settled: Error: Runtime Broker returned HTTP 409 (runtime_session_not_ready).
qwen serve: Hosted wake turn arun_92d02140359be5c2f4ee30b923991adaaa8c1dd23ae3311dfc260071c017f8cf:input aftermath could not be settled: Error: Runtime Broker returned HTTP 409 (runtime_session_not_ready).
qwen serve: Hosted wake turn arun_92d02140359be5c2f4ee30b923991adaaa8c1dd23ae3311dfc260071c017f8cf:input aftermath could not be settled: Error: Runtime Broker returned HTTP 409 (runtime_session_not_ready).
qwen serve: Hosted wake turn arun_92d02140359be5c2f4ee30b923991adaaa8c1dd23ae3311dfc260071c017f8cf:input aftermath could not be settled: Error: Runtime Broker returned HTTP 409 (runtime_session_not_ready).
qwen serve: Hosted wake turn arun_92d02140359be5c2f4ee30b923991adaaa8c1dd23ae3311dfc260071c017f8cf:input aftermath could not be settled: Error: Runtime Broker returned HTTP 409 (runtime_session_not_ready).
qwen serve: Hosted wake turn arun_92d02140359be5c2f4ee30b923991adaaa8c1dd23ae3311dfc260071c017f8cf:input aftermath could not be settled: Error: Runtime Broker returned HTTP 409 (runtime_session_not_ready).
qwen serve: Hosted wake turn arun_92d02140359be5c2f4ee30b923991adaaa8c1dd23ae3311dfc260071c017f8cf:input aftermath could not be settled: Error: Runtime Broker returned HTTP 409 (runtime_session_not_ready).
qwen serve: Hosted wake turn arun_92d02140359be5c2f4ee30b923991adaaa8c1dd23ae3311dfc260071c017f8cf:input aftermath could not be settled: Error: Runtime Broker returned HTTP 409 (runtime_session_not_ready).
qwen serve: Hosted wake turn arun_92d02140359be5c2f4ee30b923991adaaa8c1dd23ae3311dfc260071c017f8cf:input aftermath could not be settled: Error: Runtime Broker returned HTTP 409 (runtime_session_not_ready).
qwen serve: Hosted wake turn arun_92d02140359be5c2f4ee30b923991adaaa8c1dd23ae3311dfc260071c017f8cf:input aftermath could not be settled: Error: Runtime Broker returned HTTP 409 (runtime_session_not_ready).
qwen serve: Hosted wake turn arun_92d02140359be5c2f4ee30b923991adaaa8c1dd23ae3311dfc260071c017f8cf:input aftermath could not be settled: Error: Runtime Broker returned HTTP 409 (runtime_session_not_ready).
qwen serve: Hosted wake turn arun_92d02140359be5c2f4ee30b923991adaaa8c1dd23ae3311dfc260071c017f8cf:input aftermath could not be settled: Error: Runtime Broker returned HTTP 409 (runtime_session_not_ready).
qwen serve: Hosted wake turn arun_92d02140359be5c2f4ee30b923991adaaa8c1dd23ae3311dfc260071c017f8cf:input aftermath could not be settled: Error: Runtime Broker returned HTTP 409 (runtime_session_not_ready).
qwen serve: Hosted wake turn arun_92d02140359be5c2f4ee30b923991adaaa8c1dd23ae3311dfc260071c017f8cf:input aftermath could not be settled: Error: Runtime Broker returned HTTP 409 (runtime_session_not_ready).
qwen serve: Hosted wake turn arun_92d02140359be5c2f4ee30b923991adaaa8c1dd23ae3311dfc260071c017f8cf:input aftermath could not be settled: Error: Runtime Broker returned HTTP 409 (runtime_session_not_ready).
qwen serve: Hosted wake turn arun_92d02140359be5c2f4ee30b923991adaaa8c1dd23ae3311dfc260071c017f8cf:input aftermath could not be settled: Error: Runtime Broker returned HTTP 409 (runtime_session_not_ready).
qwen serve: Hosted wake turn arun_92d02140359be5c2f4ee30b923991adaaa8c1dd23ae3311dfc260071c017f8cf:input aftermath could not be settled: Error: Runtime Broker returned HTTP 409 (runtime_session_not_ready).
qwen serve: Hosted wake turn arun_92d02140359be5c2f4ee30b923991adaaa8c1dd23ae3311dfc260071c017f8cf:input aftermath could not be settled: Error: Runtime Broker returned HTTP 409 (runtime_session_not_ready).
qwen serve: Hosted wake turn arun_92d02140359be5c2f4ee30b923991adaaa8c1dd23ae3311dfc260071c017f8cf:input aftermath could not be settled: Error: Runtime Broker returned HTTP 409 (runtime_session_not_ready).
qwen serve: Hosted wake turn arun_92d02140359be5c2f4ee30b923991adaaa8c1dd23ae3311dfc260071c017f8cf:input aftermath could not be settled: Error: Runtime Broker returned HTTP 409 (runtime_session_not_ready).
qwen serve: Hosted wake turn arun_92d02140359be5c2f4ee30b923991adaaa8c1dd23ae3311dfc260071c017f8cf:input aftermath could not be settled: Error: Runtime Broker returned HTTP 409 (runtime_session_not_ready).
qwen serve: Hosted wake turn arun_92d02140359be5c2f4ee30b923991adaaa8c1dd23ae3311dfc260071c017f8cf:input aftermath could not be settled: Error: Runtime Broker returned HTTP 409 (runtime_session_not_ready).
qwen serve: Hosted wake turn arun_92d02140359be5c2f4ee30b923991adaaa8c1dd23ae3311dfc260071c017f8cf:input aftermath could not be settled: Error: Runtime Broker returned HTTP 409 (runtime_session_not_ready).
qwen serve: Hosted wake turn arun_92d02140359be5c2f4ee30b923991adaaa8c1dd23ae3311dfc260071c017f8cf:input aftermath could not be settled: Error: Runtime Broker returned HTTP 409 (runtime_session_not_ready).
2026-10-09T14:43:02.374Z [INFO] [DAEMON] route=POST /session/37e37f18-e70e-40e6-8d85-6fe841499ad4/automations/operations sessionId=37e37f18-e70e-40e6-8d85-6fe841499ad4 clientId=dc911322-52bc-4299-9e20-6896a4994f1a durationMs=286 status=202 request completed
qwen serve: Hosted wake turn arun_92d02140359be5c2f4ee30b923991adaaa8c1dd23ae3311dfc260071c017f8cf:input aftermath could not be settled: Error: Runtime Broker returned HTTP 409 (runtime_session_not_ready).
qwen serve: Hosted wake turn arun_92d02140359be5c2f4ee30b923991adaaa8c1dd23ae3311dfc260071c017f8cf:input aftermath could not be settled: Error: Runtime Broker returned HTTP 409 (runtime_session_not_ready).
qwen serve: Hosted wake turn arun_92d02140359be5c2f4ee30b923991adaaa8c1dd23ae3311dfc260071c017f8cf:input aftermath could not be settled: Error: Runtime Broker returned HTTP 409 (runtime_session_not_ready).
qwen serve: Hosted wake turn arun_92d02140359be5c2f4ee30b923991adaaa8c1dd23ae3311dfc260071c017f8cf:input aftermath could not be settled: Error: Runtime Broker returned HTTP 409 (runtime_session_not_ready).
qwen serve: Hosted wake turn arun_92d02140359be5c2f4ee30b923991adaaa8c1dd23ae3311dfc260071c017f8cf:input aftermath could not be settled: Error: Runtime Broker returned HTTP 409 (runtime_session_not_ready).
qwen serve: Hosted wake turn arun_92d02140359be5c2f4ee30b923991adaaa8c1dd23ae3311dfc260071c017f8cf:input aftermath could not be settled: Error: Runtime Broker returned HTTP 409 (runtime_session_not_ready).
qwen serve: Hosted wake turn arun_92d02140359be5c2f4ee30b923991adaaa8c1dd23ae3311dfc260071c017f8cf:input aftermath could not be settled: Error: Runtime Broker returned HTTP 409 (runtime_session_not_ready).
qwen serve: Hosted wake turn arun_92d02140359be5c2f4ee30b923991adaaa8c1dd23ae3311dfc260071c017f8cf:input aftermath could not be settled: Error: Runtime Broker returned HTTP 409 (runtime_session_not_ready).
qwen serve: Hosted wake turn arun_92d02140359be5c2f4ee30b923991adaaa8c1dd23ae3311dfc260071c017f8cf:input aftermath could not be settled: Error: Runtime Broker returned HTTP 409 (runtime_session_not_ready).
qwen serve: Hosted wake turn arun_92d02140359be5c2f4ee30b923991adaaa8c1dd23ae3311dfc260071c017f8cf:input aftermath could not be settled: Error: Runtime Broker returned HTTP 409 (runtime_session_not_ready).
qwen serve: Hosted wake turn arun_92d02140359be5c2f4ee30b923991adaaa8c1dd23ae3311dfc260071c017f8cf:input aftermath could not be settled: Error: Runtime Broker returned HTTP 409 (runtime_session_not_ready).
qwen serve: Hosted wake turn arun_92d02140359be5c2f4ee30b923991adaaa8c1dd23ae3311dfc260071c017f8cf:input aftermath could not be settled: Error: Runtime Broker returned HTTP 409 (runtime_session_not_ready).
qwen serve: Hosted wake turn arun_92d02140359be5c2f4ee30b923991adaaa8c1dd23ae3311dfc260071c017f8cf:input aftermath could not be settled: Error: Runtime Broker returned HTTP 409 (runtime_session_not_ready).
qwen serve: Hosted wake turn arun_92d02140359be5c2f4ee30b923991adaaa8c1dd23ae3311dfc260071c017f8cf:input aftermath could not be settled: Error: Runtime Broker returned HTTP 409 (runtime_session_not_ready).
qwen serve: Hosted wake turn arun_92d02140359be5c2f4ee30b923991adaaa8c1dd23ae3311dfc260071c017f8cf:input aftermath could not be settled: Error: Runtime Broker returned HTTP 409 (runtime_session_not_ready).
qwen serve: Hosted wake turn arun_92d02140359be5c2f4ee30b923991adaaa8c1dd23ae3311dfc260071c017f8cf:input aftermath could not be settled: Error: Runtime Broker returned HTTP 409 (runtime_session_not_ready).
qwen serve: Hosted wake turn arun_92d02140359be5c2f4ee30b923991adaaa8c1dd23ae3311dfc260071c017f8cf:input aftermath could not be settled: Error: Runtime Broker returned HTTP 409 (runtime_session_not_ready).
qwen serve: Hosted wake turn arun_92d02140359be5c2f4ee30b923991adaaa8c1dd23ae3311dfc260071c017f8cf:input aftermath could not be settled: Error: Runtime Broker returned HTTP 409 (runtime_session_not_ready).
qwen serve: Hosted wake turn arun_92d02140359be5c2f4ee30b923991adaaa8c1dd23ae3311dfc260071c017f8cf:input aftermath could not be settled: Error: Runtime Broker returned HTTP 409 (runtime_session_not_ready).
qwen serve: Hosted wake turn arun_92d02140359be5c2f4ee30b923991adaaa8c1dd23ae3311dfc260071c017f8cf:input aftermath could not be settled: Error: Runtime Broker returned HTTP 409 (runtime_session_not_ready).
qwen serve: Hosted wake turn arun_92d02140359be5c2f4ee30b923991adaaa8c1dd23ae3311dfc260071c017f8cf:input aftermath could not be settled: Error: Runtime Broker returned HTTP 409 (runtime_session_not_ready).
qwen serve: Hosted wake turn arun_92d02140359be5c2f4ee30b923991adaaa8c1dd23ae3311dfc260071c017f8cf:input aftermath could not be settled: Error: Runtime Broker returned HTTP 409 (runtime_session_not_ready).
qwen serve: Hosted wake turn arun_92d02140359be5c2f4ee30b923991adaaa8c1dd23ae3311dfc260071c017f8cf:input aftermath could not be settled: Error: Runtime Broker returned HTTP 409 (runtime_session_not_ready).
qwen serve: Hosted wake turn arun_92d02140359be5c2f4ee30b923991adaaa8c1dd23ae3311dfc260071c017f8cf:input aftermath could not be settled: Error: Runtime Broker returned HTTP 409 (runtime_session_not_ready).
qwen serve: Hosted wake turn arun_92d02140359be5c2f4ee30b923991adaaa8c1dd23ae3311dfc260071c017f8cf:input aftermath could not be settled: Error: Runtime Broker returned HTTP 409 (runtime_session_not_ready).
qwen serve: Hosted wake turn arun_92d02140359be5c2f4ee30b923991adaaa8c1dd23ae3311dfc260071c017f8cf:input aftermath could not be settled: Error: Runtime Broker returned HTTP 409 (runtime_session_not_ready).
qwen serve: Hosted wake turn arun_92d02140359be5c2f4ee30b923991adaaa8c1dd23ae3311dfc260071c017f8cf:input aftermath could not be settled: Error: Runtime Broker returned HTTP 409 (runtime_session_not_ready).
qwen serve: Hosted wake turn arun_92d02140359be5c2f4ee30b923991adaaa8c1dd23ae3311dfc260071c017f8cf:input aftermath could not be settled: Error: Runtime Broker returned HTTP 409 (runtime_session_not_ready).
qwen serve: Hosted wake turn arun_92d02140359be5c2f4ee30b923991adaaa8c1dd23ae3311dfc260071c017f8cf:input aftermath could not be settled: Error: Runtime Broker returned HTTP 409 (runtime_session_not_ready).
2026-10-09T14:43:22.516Z [WARN] [DAEMON] route=POST /session/37e37f18-e70e-40e6-8d85-6fe841499ad4/automations/operations sessionId=37e37f18-e70e-40e6-8d85-6fe841499ad4 clientId=dc911322-52bc-4299-9e20-6896a4994f1a durationMs=49 status=409 request completed
qwen serve: Hosted wake turn arun_92d02140359be5c2f4ee30b923991adaaa8c1dd23ae3311dfc260071c017f8cf:input aftermath could not be settled: Error: Runtime Broker returned HTTP 409 (runtime_session_not_ready).
qwen serve: Hosted wake turn arun_92d02140359be5c2f4ee30b923991adaaa8c1dd23ae3311dfc260071c017f8cf:input aftermath could not be settled: Error: Runtime Broker returned HTTP 409 (runtime_session_not_ready).
qwen serve: Hosted wake turn arun_92d02140359be5c2f4ee30b923991adaaa8c1dd23ae3311dfc260071c017f8cf:input aftermath could not be settled: Error: Runtime Broker returned HTTP 409 (runtime_session_not_ready).
qwen serve: Hosted wake turn arun_92d02140359be5c2f4ee30b923991adaaa8c1dd23ae3311dfc260071c017f8cf:input aftermath could not be settled: Error: Runtime Broker returned HTTP 409 (runtime_session_not_ready).
qwen serve: Hosted wake turn arun_92d02140359be5c2f4ee30b923991adaaa8c1dd23ae3311dfc260071c017f8cf:input aftermath could not be settled: Error: Runtime Broker returned HTTP 409 (runtime_session_not_ready).
qwen serve: Hosted wake turn arun_92d02140359be5c2f4ee30b923991adaaa8c1dd23ae3311dfc260071c017f8cf:input aftermath could not be settled: Error: Runtime Broker returned HTTP 409 (runtime_session_not_ready).
qwen serve: Hosted wake turn arun_92d02140359be5c2f4ee30b923991adaaa8c1dd23ae3311dfc260071c017f8cf:input aftermath could not be settled: Error: Runtime Broker returned HTTP 409 (runtime_session_not_ready).
qwen serve: Hosted wake turn arun_92d02140359be5c2f4ee30b923991adaaa8c1dd23ae3311dfc260071c017f8cf:input aftermath could not be settled: Error: Runtime Broker returned HTTP 409 (runtime_session_not_ready).
qwen serve: Hosted wake turn arun_92d02140359be5c2f4ee30b923991adaaa8c1dd23ae3311dfc260071c017f8cf:input aftermath could not be settled: Error: Runtime Broker returned HTTP 409 (runtime_session_not_ready).
qwen serve: Hosted wake turn arun_92d02140359be5c2f4ee30b923991adaaa8c1dd23ae3311dfc260071c017f8cf:input aftermath could not be settled: Error: Runtime Broker returned HTTP 409 (runtime_session_not_ready).
qwen serve: Hosted wake turn arun_92d02140359be5c2f4ee30b923991adaaa8c1dd23ae3311dfc260071c017f8cf:input aftermath could not be settled: Error: Runtime Broker returned HTTP 409 (runtime_session_not_ready).
qwen serve: Hosted wake turn arun_92d02140359be5c2f4ee30b923991adaaa8c1dd23ae3311dfc260071c017f8cf:input aftermath could not be settled: Error: Runtime Broker returned HTTP 409 (runtime_session_not_ready).
qwen serve: Hosted wake turn arun_92d02140359be5c2f4ee30b923991adaaa8c1dd23ae3311dfc260071c017f8cf:input aftermath could not be settled: Error: Runtime Broker returned HTTP 409 (runtime_session_not_ready).
qwen serve: Hosted wake turn arun_92d02140359be5c2f4ee30b923991adaaa8c1dd23ae3311dfc260071c017f8cf:input aftermath could not be settled: Error: Runtime Broker returned HTTP 409 (runtime_session_not_ready).
qwen serve: Hosted wake turn arun_92d02140359be5c2f4ee30b923991adaaa8c1dd23ae3311dfc260071c017f8cf:input aftermath could not be settled: Error: Runtime Broker returned HTTP 409 (runtime_session_not_ready).
qwen serve: Hosted wake turn arun_92d02140359be5c2f4ee30b923991adaaa8c1dd23ae3311dfc260071c017f8cf:input aftermath could not be settled: Error: Runtime Broker returned HTTP 409 (runtime_session_not_ready).
qwen serve: Hosted wake turn arun_92d02140359be5c2f4ee30b923991adaaa8c1dd23ae3311dfc260071c017f8cf:input aftermath could not be settled: Error: Runtime Broker returned HTTP 409 (runtime_session_not_ready).
qwen serve: Hosted wake turn arun_92d02140359be5c2f4ee30b923991adaaa8c1dd23ae3311dfc260071c017f8cf:input aftermath could not be settled: Error: Runtime Broker returned HTTP 409 (runtime_session_not_ready).
qwen serve: Hosted wake turn arun_92d02140359be5c2f4ee30b923991adaaa8c1dd23ae3311dfc260071c017f8cf:input aftermath could not be settled: Error: Runtime Broker returned HTTP 409 (runtime_session_not_ready).
qwen serve: Hosted wake turn arun_92d02140359be5c2f4ee30b923991adaaa8c1dd23ae3311dfc260071c017f8cf:input aftermath could not be settled: Error: Runtime Broker returned HTTP 409 (runtime_session_not_ready).
qwen serve: Hosted wake turn arun_92d02140359be5c2f4ee30b923991adaaa8c1dd23ae3311dfc260071c017f8cf:input aftermath could not be settled: Error: Runtime Broker returned HTTP 409 (runtime_session_not_ready).
qwen serve: Hosted wake turn arun_92d02140359be5c2f4ee30b923991adaaa8c1dd23ae3311dfc260071c017f8cf:input aftermath could not be settled: Error: Runtime Broker returned HTTP 409 (runtime_session_not_ready).
2026-10-09T14:43:37.615Z [WARN] [DAEMON] route=POST /session/37e37f18-e70e-40e6-8d85-6fe841499ad4/automations/operations sessionId=37e37f18-e70e-40e6-8d85-6fe841499ad4 clientId=dc911322-52bc-4299-9e20-6896a4994f1a durationMs=30 status=409 request completed
qwen serve: Hosted wake turn arun_92d02140359be5c2f4ee30b923991adaaa8c1dd23ae3311dfc260071c017f8cf:input aftermath could not be settled: Error: Runtime Broker returned HTTP 409 (runtime_session_not_ready).
qwen serve: Hosted wake turn arun_92d02140359be5c2f4ee30b923991adaaa8c1dd23ae3311dfc260071c017f8cf:input aftermath could not be settled: Error: Runtime Broker returned HTTP 409 (runtime_session_not_ready).
qwen serve: Hosted wake turn arun_92d02140359be5c2f4ee30b923991adaaa8c1dd23ae3311dfc260071c017f8cf:input aftermath could not be settled: Error: Runtime Broker returned HTTP 409 (runtime_session_not_ready).
qwen serve: Hosted wake turn arun_92d02140359be5c2f4ee30b923991adaaa8c1dd23ae3311dfc260071c017f8cf:input aftermath could not be settled: Error: Runtime Broker returned HTTP 409 (runtime_session_not_ready).
qwen serve: Hosted wake turn arun_92d02140359be5c2f4ee30b923991adaaa8c1dd23ae3311dfc260071c017f8cf:input aftermath could not be settled: Error: Runtime Broker returned HTTP 409 (runtime_session_not_ready).
qwen serve: Hosted wake turn arun_92d02140359be5c2f4ee30b923991adaaa8c1dd23ae3311dfc260071c017f8cf:input aftermath could not be settled: Error: Runtime Broker returned HTTP 409 (runtime_session_not_ready).
qwen serve: Hosted wake turn arun_92d02140359be5c2f4ee30b923991adaaa8c1dd23ae3311dfc260071c017f8cf:input aftermath could not be settled: Error: Runtime Broker returned HTTP 409 (runtime_session_not_ready).
qwen serve: Hosted wake turn arun_92d02140359be5c2f4ee30b923991adaaa8c1dd23ae3311dfc260071c017f8cf:input aftermath could not be settled: Error: Runtime Broker returned HTTP 409 (runtime_session_not_ready).
qwen serve: Hosted wake turn arun_92d02140359be5c2f4ee30b923991adaaa8c1dd23ae3311dfc260071c017f8cf:input aftermath could not be settled: Error: Runtime Broker returned HTTP 409 (runtime_session_not_ready).
qwen serve: Hosted wake turn arun_92d02140359be5c2f4ee30b923991adaaa8c1dd23ae3311dfc260071c017f8cf:input aftermath could not be settled: Error: Runtime Broker returned HTTP 409 (runtime_session_not_ready).
qwen serve: Hosted wake turn arun_92d02140359be5c2f4ee30b923991adaaa8c1dd23ae3311dfc260071c017f8cf:input aftermath could not be settled: Error: Runtime Broker returned HTTP 409 (runtime_session_not_ready).
qwen serve: Hosted wake turn arun_92d02140359be5c2f4ee30b923991adaaa8c1dd23ae3311dfc260071c017f8cf:input aftermath could not be settled: Error: Runtime Broker returned HTTP 409 (runtime_session_not_ready).
qwen serve: Hosted wake turn arun_92d02140359be5c2f4ee30b923991adaaa8c1dd23ae3311dfc260071c017f8cf:input aftermath could not be settled: Error: Runtime Broker returned HTTP 409 (runtime_session_not_ready).
qwen serve: Hosted wake turn arun_92d02140359be5c2f4ee30b923991adaaa8c1dd23ae3311dfc260071c017f8cf:input aftermath could not be settled: Error: Runtime Broker returned HTTP 409 (runtime_session_not_ready).
qwen serve: Hosted wake turn arun_92d02140359be5c2f4ee30b923991adaaa8c1dd23ae3311dfc260071c017f8cf:input aftermath could not be settled: Error: Runtime Broker returned HTTP 409 (runtime_session_not_ready).
qwen serve: Hosted wake turn arun_92d02140359be5c2f4ee30b923991adaaa8c1dd23ae3311dfc260071c017f8cf:input aftermath could not be settled: Error: Runtime Broker returned HTTP 409 (runtime_session_not_ready).
qwen serve: Hosted wake turn arun_92d02140359be5c2f4ee30b923991adaaa8c1dd23ae3311dfc260071c017f8cf:input aftermath could not be settled: Error: Runtime Broker returned HTTP 409 (runtime_session_not_ready).
qwen serve: Hosted wake turn arun_92d02140359be5c2f4ee30b923991adaaa8c1dd23ae3311dfc260071c017f8cf:input aftermath could not be settled: Error: Runtime Broker returned HTTP 409 (runtime_session_not_ready).
qwen serve: Hosted wake turn arun_92d02140359be5c2f4ee30b923991adaaa8c1dd23ae3311dfc260071c017f8cf:input aftermath could not be settled: Error: Runtime Broker returned HTTP 409 (runtime_session_not_ready).
qwen serve: Hosted wake turn arun_92d02140359be5c2f4ee30b923991adaaa8c1dd23ae3311dfc260071c017f8cf:input aftermath could not be settled: Error: Runtime Broker returned HTTP 409 (runtime_session_not_ready).
qwen serve: Hosted wake turn arun_92d02140359be5c2f4ee30b923991adaaa8c1dd23ae3311dfc260071c017f8cf:input aftermath could not be settled: Error: Runtime Broker returned HTTP 409 (runtime_session_not_ready).
qwen serve: Hosted wake turn arun_92d02140359be5c2f4ee30b923991adaaa8c1dd23ae3311dfc260071c017f8cf:input aftermath could not be settled: Error: Runtime Broker returned HTTP 409 (runtime_session_not_ready).
qwen serve: Hosted wake turn arun_92d02140359be5c2f4ee30b923991adaaa8c1dd23ae3311dfc260071c017f8cf:input aftermath could not be settled: Error: Runtime Broker returned HTTP 409 (runtime_session_not_ready).
qwen serve: Hosted wake turn arun_92d02140359be5c2f4ee30b923991adaaa8c1dd23ae3311dfc260071c017f8cf:input aftermath could not be settled: Error: Runtime Broker returned HTTP 409 (runtime_session_not_ready).
qwen serve: Hosted wake turn arun_92d02140359be5c2f4ee30b923991adaaa8c1dd23ae3311dfc260071c017f8cf:input aftermath could not be settled: Error: Runtime Broker returned HTTP 409 (runtime_session_not_ready).
qwen serve: Hosted wake turn arun_92d02140359be5c2f4ee30b923991adaaa8c1dd23ae3311dfc260071c017f8cf:input aftermath could not be settled: Error: Runtime Broker returned HTTP 409 (runtime_session_not_ready).
qwen serve: Hosted wake turn arun_92d02140359be5c2f4ee30b923991adaaa8c1dd23ae3311dfc260071c017f8cf:input aftermath could not be settled: Error: Runtime Broker returned HTTP 409 (runtime_session_not_ready).
qwen serve: Hosted wake turn arun_92d02140359be5c2f4ee30b923991adaaa8c1dd23ae3311dfc260071c017f8cf:input aftermath could not be settled: Error: Runtime Broker returned HTTP 409 (runtime_session_not_ready).
qwen serve: Hosted wake turn arun_92d02140359be5c2f4ee30b923991adaaa8c1dd23ae3311dfc260071c017f8cf:input aftermath could not be settled: Error: Runtime Broker returned HTTP 409 (runtime_session_not_ready).
qwen serve: Hosted wake turn arun_92d02140359be5c2f4ee30b923991adaaa8c1dd23ae3311dfc260071c017f8cf:input aftermath could not be settled: Error: Runtime Broker returned HTTP 409 (runtime_session_not_ready).
qwen serve: Hosted wake turn arun_92d02140359be5c2f4ee30b923991adaaa8c1dd23ae3311dfc260071c017f8cf:input aftermath could not be settled: Error: Runtime Broker returned HTTP 409 (runtime_session_not_ready).
qwen serve: Hosted wake turn arun_92d02140359be5c2f4ee30b923991adaaa8c1dd23ae3311dfc260071c017f8cf:input aftermath could not be settled: Error: Runtime Broker returned HTTP 409 (runtime_session_not_ready).
qwen serve: Hosted wake turn arun_92d02140359be5c2f4ee30b923991adaaa8c1dd23ae3311dfc260071c017f8cf:input aftermath could not be settled: Error: Runtime Broker returned HTTP 409 (runtime_session_not_ready).
qwen serve: Hosted wake turn arun_92d02140359be5c2f4ee30b923991adaaa8c1dd23ae3311dfc260071c017f8cf:input aftermath could not be settled: Error: Runtime Broker returned HTTP 409 (runtime_session_not_ready).
qwen serve: Hosted wake turn arun_92d02140359be5c2f4ee30b923991adaaa8c1dd23ae3311dfc260071c017f8cf:input aftermath could not be settled: Error: Runtime Broker returned HTTP 409 (runtime_session_not_ready).
2026-10-09T14:44:03.178Z [INFO] [DAEMON] route=POST /session/37e37f18-e70e-40e6-8d85-6fe841499ad4/automations/operations sessionId=37e37f18-e70e-40e6-8d85-6fe841499ad4 clientId=dc911322-52bc-4299-9e20-6896a4994f1a durationMs=429 status=202 request completed
qwen serve: Hosted wake turn arun_92d02140359be5c2f4ee30b923991adaaa8c1dd23ae3311dfc260071c017f8cf:input aftermath could not be settled: Error: Runtime Broker returned HTTP 409 (runtime_session_not_ready).
qwen serve: Hosted wake turn arun_92d02140359be5c2f4ee30b923991adaaa8c1dd23ae3311dfc260071c017f8cf:input aftermath could not be settled: Error: Runtime Broker returned HTTP 409 (runtime_session_not_ready).
qwen serve: Hosted wake turn arun_92d02140359be5c2f4ee30b923991adaaa8c1dd23ae3311dfc260071c017f8cf:input aftermath could not be settled: Error: Runtime Broker returned HTTP 409 (runtime_session_not_ready).
qwen serve: Hosted wake turn arun_92d02140359be5c2f4ee30b923991adaaa8c1dd23ae3311dfc260071c017f8cf:input aftermath could not be settled: Error: Runtime Broker returned HTTP 409 (runtime_session_not_ready).
qwen serve: Hosted wake turn arun_92d02140359be5c2f4ee30b923991adaaa8c1dd23ae3311dfc260071c017f8cf:input aftermath could not be settled: Error: Runtime Broker returned HTTP 409 (runtime_session_not_ready).
qwen serve: Hosted wake turn arun_92d02140359be5c2f4ee30b923991adaaa8c1dd23ae3311dfc260071c017f8cf:input aftermath could not be settled: Error: Runtime Broker returned HTTP 409 (runtime_session_not_ready).
qwen serve: Hosted wake turn arun_92d02140359be5c2f4ee30b923991adaaa8c1dd23ae3311dfc260071c017f8cf:input aftermath could not be settled: Error: Runtime Broker returned HTTP 409 (runtime_session_not_ready).
qwen serve: Hosted wake turn arun_92d02140359be5c2f4ee30b923991adaaa8c1dd23ae3311dfc260071c017f8cf:input aftermath could not be settled: Error: Runtime Broker returned HTTP 409 (runtime_session_not_ready).
qwen serve: Hosted wake turn arun_92d02140359be5c2f4ee30b923991adaaa8c1dd23ae3311dfc260071c017f8cf:input aftermath could not be settled: Error: Runtime Broker returned HTTP 409 (runtime_session_not_ready).
qwen serve: Hosted wake turn arun_92d02140359be5c2f4ee30b923991adaaa8c1dd23ae3311dfc260071c017f8cf:input aftermath could not be settled: Error: Runtime Broker returned HTTP 409 (runtime_session_not_ready).
qwen serve: Hosted wake turn arun_92d02140359be5c2f4ee30b923991adaaa8c1dd23ae3311dfc260071c017f8cf:input aftermath could not be settled: Error: Runtime Broker returned HTTP 409 (runtime_session_not_ready).
qwen serve: Hosted wake turn arun_92d02140359be5c2f4ee30b923991adaaa8c1dd23ae3311dfc260071c017f8cf:input aftermath could not be settled: Error: Runtime Broker returned HTTP 409 (runtime_session_not_ready).
qwen serve: Hosted wake turn arun_92d02140359be5c2f4ee30b923991adaaa8c1dd23ae3311dfc260071c017f8cf:input aftermath could not be settled: Error: Runtime Broker returned HTTP 409 (runtime_session_not_ready).
qwen serve: Hosted wake turn arun_92d02140359be5c2f4ee30b923991adaaa8c1dd23ae3311dfc260071c017f8cf:input aftermath could not be settled: Error: Runtime Broker returned HTTP 409 (runtime_session_not_ready).
qwen serve: Hosted wake turn arun_92d02140359be5c2f4ee30b923991adaaa8c1dd23ae3311dfc260071c017f8cf:input aftermath could not be settled: Error: Runtime Broker returned HTTP 409 (runtime_session_not_ready).
qwen serve: Hosted wake turn arun_92d02140359be5c2f4ee30b923991adaaa8c1dd23ae3311dfc260071c017f8cf:input aftermath could not be settled: Error: Runtime Broker returned HTTP 409 (runtime_session_not_ready).
qwen serve: Hosted wake turn arun_92d02140359be5c2f4ee30b923991adaaa8c1dd23ae3311dfc260071c017f8cf:input aftermath could not be settled: Error: Runtime Broker returned HTTP 409 (runtime_session_not_ready).
qwen serve: Hosted wake turn arun_92d02140359be5c2f4ee30b923991adaaa8c1dd23ae3311dfc260071c017f8cf:input aftermath could not be settled: Error: Runtime Broker returned HTTP 409 (runtime_session_not_ready).
qwen serve: Hosted wake turn arun_92d02140359be5c2f4ee30b923991adaaa8c1dd23ae3311dfc260071c017f8cf:input aftermath could not be settled: Error: Runtime Broker returned HTTP 409 (runtime_session_not_ready).
qwen serve: Hosted wake turn arun_92d02140359be5c2f4ee30b923991adaaa8c1dd23ae3311dfc260071c017f8cf:input aftermath could not be settled: Error: Runtime Broker returned HTTP 409 (runtime_session_not_ready).
qwen serve: Hosted wake turn arun_92d02140359be5c2f4ee30b923991adaaa8c1dd23ae3311dfc260071c017f8cf:input aftermath could not be settled: Error: Runtime Broker returned HTTP 409 (runtime_session_not_ready).
qwen serve: Hosted wake turn arun_92d02140359be5c2f4ee30b923991adaaa8c1dd23ae3311dfc260071c017f8cf:input aftermath could not be settled: Error: Runtime Broker returned HTTP 409 (runtime_session_not_ready).
qwen serve: Hosted wake turn arun_92d02140359be5c2f4ee30b923991adaaa8c1dd23ae3311dfc260071c017f8cf:input aftermath could not be settled: Error: Runtime Broker returned HTTP 409 (runtime_session_not_ready).
qwen serve: Hosted wake turn arun_92d02140359be5c2f4ee30b923991adaaa8c1dd23ae3311dfc260071c017f8cf:input aftermath could not be settled: Error: Runtime Broker returned HTTP 409 (runtime_session_not_ready).
qwen serve: Hosted wake turn arun_92d02140359be5c2f4ee30b923991adaaa8c1dd23ae3311dfc260071c017f8cf:input aftermath could not be settled: Error: Runtime Broker returned HTTP 409 (runtime_session_not_ready).
qwen serve: Hosted wake turn arun_92d02140359be5c2f4ee30b923991adaaa8c1dd23ae3311dfc260071c017f8cf:input aftermath could not be settled: Error: Runtime Broker returned HTTP 409 (runtime_session_not_ready).
qwen serve: Hosted wake turn arun_92d02140359be5c2f4ee30b923991adaaa8c1dd23ae3311dfc260071c017f8cf:input aftermath could not be settled: Error: Runtime Broker returned HTTP 409 (runtime_session_not_ready).
qwen serve: Hosted wake turn arun_92d02140359be5c2f4ee30b923991adaaa8c1dd23ae3311dfc260071c017f8cf:input aftermath could not be settled: Error: Runtime Broker returned HTTP 409 (runtime_session_not_ready).
qwen serve: Hosted wake turn arun_92d02140359be5c2f4ee30b923991adaaa8c1dd23ae3311dfc260071c017f8cf:input aftermath could not be settled: Error: Runtime Broker returned HTTP 409 (runtime_session_not_ready).
qwen serve: Hosted wake turn arun_92d02140359be5c2f4ee30b923991adaaa8c1dd23ae3311dfc260071c017f8cf:input aftermath could not be settled: Error: Runtime Broker returned HTTP 409 (runtime_session_not_ready).
qwen serve: Hosted wake turn arun_92d02140359be5c2f4ee30b923991adaaa8c1dd23ae3311dfc260071c017f8cf:input aftermath could not be settled: Error: Runtime Broker returned HTTP 409 (runtime_session_not_ready).
qwen serve: Hosted wake turn arun_92d02140359be5c2f4ee30b923991adaaa8c1dd23ae3311dfc260071c017f8cf:input aftermath could not be settled: Error: Runtime Broker returned HTTP 409 (runtime_session_not_ready).
qwen serve: Hosted wake turn arun_92d02140359be5c2f4ee30b923991adaaa8c1dd23ae3311dfc260071c017f8cf:input aftermath could not be settled: Error: Runtime Broker returned HTTP 409 (runtime_session_not_ready).
qwen serve: Hosted wake turn arun_92d02140359be5c2f4ee30b923991adaaa8c1dd23ae3311dfc260071c017f8cf:input aftermath could not be settled: Error: Runtime Broker returned HTTP 409 (runtime_session_not_ready).
qwen serve: Hosted wake turn arun_92d02140359be5c2f4ee30b923991adaaa8c1dd23ae3311dfc260071c017f8cf:input aftermath could not be settled: Error: Runtime Broker returned HTTP 409 (runtime_session_not_ready).
qwen serve: Hosted wake turn arun_92d02140359be5c2f4ee30b923991adaaa8c1dd23ae3311dfc260071c017f8cf:input aftermath could not be settled: Error: Runtime Broker returned HTTP 409 (runtime_session_not_ready).
qwen serve: Hosted wake turn arun_92d02140359be5c2f4ee30b923991adaaa8c1dd23ae3311dfc260071c017f8cf:input aftermath could not be settled: Error: Runtime Broker returned HTTP 409 (runtime_session_not_ready).
qwen serve: Hosted wake turn arun_92d02140359be5c2f4ee30b923991adaaa8c1dd23ae3311dfc260071c017f8cf:input aftermath could not be settled: Error: Runtime Broker returned HTTP 409 (runtime_session_not_ready).
qwen serve: Hosted wake turn arun_92d02140359be5c2f4ee30b923991adaaa8c1dd23ae3311dfc260071c017f8cf:input aftermath could not be settled: Error: Runtime Broker returned HTTP 409 (runtime_session_not_ready).
2026-10-09T14:44:33.355Z [WARN] [DAEMON] route=POST /session/37e37f18-e70e-40e6-8d85-6fe841499ad4/automations/operations sessionId=37e37f18-e70e-40e6-8d85-6fe841499ad4 clientId=dc911322-52bc-4299-9e20-6896a4994f1a durationMs=36 status=409 request completed
qwen serve: Hosted wake turn arun_92d02140359be5c2f4ee30b923991adaaa8c1dd23ae3311dfc260071c017f8cf:input aftermath could not be settled: Error: Runtime Broker returned HTTP 409 (runtime_session_not_ready).
qwen serve: Hosted wake turn arun_92d02140359be5c2f4ee30b923991adaaa8c1dd23ae3311dfc260071c017f8cf:input aftermath could not be settled: Error: Runtime Broker returned HTTP 409 (runtime_session_not_ready).
qwen serve: Hosted wake turn arun_92d02140359be5c2f4ee30b923991adaaa8c1dd23ae3311dfc260071c017f8cf:input aftermath could not be settled: Error: Runtime Broker returned HTTP 409 (runtime_session_not_ready).
qwen serve: Hosted wake turn arun_92d02140359be5c2f4ee30b923991adaaa8c1dd23ae3311dfc260071c017f8cf:input aftermath could not be settled: Error: Runtime Broker returned HTTP 409 (runtime_session_not_ready).
qwen serve: Hosted wake turn arun_92d02140359be5c2f4ee30b923991adaaa8c1dd23ae3311dfc260071c017f8cf:input aftermath could not be settled: Error: Runtime Broker returned HTTP 409 (runtime_session_not_ready).
qwen serve: Hosted wake turn arun_92d02140359be5c2f4ee30b923991adaaa8c1dd23ae3311dfc260071c017f8cf:input aftermath could not be settled: Error: Runtime Broker returned HTTP 409 (runtime_session_not_ready).
qwen serve: Hosted wake turn arun_92d02140359be5c2f4ee30b923991adaaa8c1dd23ae3311dfc260071c017f8cf:input aftermath could not be settled: Error: Runtime Broker returned HTTP 409 (runtime_session_not_ready).
qwen serve: Hosted wake turn arun_92d02140359be5c2f4ee30b923991adaaa8c1dd23ae3311dfc260071c017f8cf:input aftermath could not be settled: Error: Runtime Broker returned HTTP 409 (runtime_session_not_ready).
qwen serve: Hosted wake turn arun_92d02140359be5c2f4ee30b923991adaaa8c1dd23ae3311dfc260071c017f8cf:input aftermath could not be settled: Error: Runtime Broker returned HTTP 409 (runtime_session_not_ready).
qwen serve: Hosted wake turn arun_92d02140359be5c2f4ee30b923991adaaa8c1dd23ae3311dfc260071c017f8cf:input aftermath could not be settled: Error: Runtime Broker returned HTTP 409 (runtime_session_not_ready).
qwen serve: Hosted wake turn arun_92d02140359be5c2f4ee30b923991adaaa8c1dd23ae3311dfc260071c017f8cf:input aftermath could not be settled: Error: Runtime Broker returned HTTP 409 (runtime_session_not_ready).
qwen serve: Hosted wake turn arun_92d02140359be5c2f4ee30b923991adaaa8c1dd23ae3311dfc260071c017f8cf:input aftermath could not be settled: Error: Runtime Broker returned HTTP 409 (runtime_session_not_ready).
qwen serve: Hosted wake turn arun_92d02140359be5c2f4ee30b923991adaaa8c1dd23ae3311dfc260071c017f8cf:input aftermath could not be settled: Error: Runtime Broker returned HTTP 409 (runtime_session_not_ready).
qwen serve: Hosted wake turn arun_92d02140359be5c2f4ee30b923991adaaa8c1dd23ae3311dfc260071c017f8cf:input aftermath could not be settled: Error: Runtime Broker returned HTTP 409 (runtime_session_not_ready).
qwen serve: Hosted wake turn arun_92d02140359be5c2f4ee30b923991adaaa8c1dd23ae3311dfc260071c017f8cf:input aftermath could not be settled: Error: Runtime Broker returned HTTP 409 (runtime_session_not_ready).
qwen serve: Hosted wake turn arun_92d02140359be5c2f4ee30b923991adaaa8c1dd23ae3311dfc260071c017f8cf:input aftermath could not be settled: Error: Runtime Broker returned HTTP 409 (runtime_session_not_ready).
qwen serve: Hosted wake turn arun_92d02140359be5c2f4ee30b923991adaaa8c1dd23ae3311dfc260071c017f8cf:input aftermath could not be settled: Error: Runtime Broker returned HTTP 409 (runtime_session_not_ready).
qwen serve: Hosted wake turn arun_92d02140359be5c2f4ee30b923991adaaa8c1dd23ae3311dfc260071c017f8cf:input aftermath could not be settled: Error: Runtime Broker returned HTTP 409 (runtime_session_not_ready).
qwen serve: Hosted wake turn arun_92d02140359be5c2f4ee30b923991adaaa8c1dd23ae3311dfc260071c017f8cf:input aftermath could not be settled: Error: Runtime Broker returned HTTP 409 (runtime_session_not_ready).
qwen serve: Hosted wake turn arun_92d02140359be5c2f4ee30b923991adaaa8c1dd23ae3311dfc260071c017f8cf:input aftermath could not be settled: Error: Runtime Broker returned HTTP 409 (runtime_session_not_ready).
qwen serve: Hosted wake turn arun_92d02140359be5c2f4ee30b923991adaaa8c1dd23ae3311dfc260071c017f8cf:input aftermath could not be settled: Error: Runtime Broker returned HTTP 409 (runtime_session_not_ready).
qwen serve: Hosted wake turn arun_92d02140359be5c2f4ee30b923991adaaa8c1dd23ae3311dfc260071c017f8cf:input aftermath could not be settled: Error: Runtime Broker returned HTTP 409 (runtime_session_not_ready).
qwen serve: Hosted wake turn arun_92d02140359be5c2f4ee30b923991adaaa8c1dd23ae3311dfc260071c017f8cf:input aftermath could not be settled: Error: Runtime Broker returned HTTP 409 (runtime_session_not_ready).
qwen serve: Hosted wake turn arun_92d02140359be5c2f4ee30b923991adaaa8c1dd23ae3311dfc260071c017f8cf:input aftermath could not be settled: Error: Runtime Broker returned HTTP 409 (runtime_session_not_ready).
qwen serve: Hosted wake turn arun_92d02140359be5c2f4ee30b923991adaaa8c1dd23ae3311dfc260071c017f8cf:input aftermath could not be settled: Error: Runtime Broker returned HTTP 409 (runtime_session_not_ready).
qwen serve: Hosted wake turn arun_92d02140359be5c2f4ee30b923991adaaa8c1dd23ae3311dfc260071c017f8cf:input aftermath could not be settled: Error: Runtime Broker returned HTTP 409 (runtime_session_not_ready).
qwen serve: Hosted wake turn arun_92d02140359be5c2f4ee30b923991adaaa8c1dd23ae3311dfc260071c017f8cf:input aftermath could not be settled: Error: Runtime Broker returned HTTP 409 (runtime_session_not_ready).
qwen serve: Hosted wake turn arun_92d02140359be5c2f4ee30b923991adaaa8c1dd23ae3311dfc260071c017f8cf:input aftermath could not be settled: Error: Runtime Broker returned HTTP 409 (runtime_session_not_ready).
qwen serve: Hosted wake turn arun_92d02140359be5c2f4ee30b923991adaaa8c1dd23ae3311dfc260071c017f8cf:input aftermath could not be settled: Error: Runtime Broker returned HTTP 409 (runtime_session_not_ready).
qwen serve: Hosted wake turn arun_92d02140359be5c2f4ee30b923991adaaa8c1dd23ae3311dfc260071c017f8cf:input aftermath could not be settled: Error: Runtime Broker returned HTTP 409 (runtime_session_not_ready).
qwen serve: Hosted wake turn arun_92d02140359be5c2f4ee30b923991adaaa8c1dd23ae3311dfc260071c017f8cf:input aftermath could not be settled: Error: Runtime Broker returned HTTP 409 (runtime_session_not_ready).
qwen serve: Hosted wake turn arun_92d02140359be5c2f4ee30b923991adaaa8c1dd23ae3311dfc260071c017f8cf:input aftermath could not be settled: Error: Runtime Broker returned HTTP 409 (runtime_session_not_ready).
qwen serve: Hosted wake turn arun_92d02140359be5c2f4ee30b923991adaaa8c1dd23ae3311dfc260071c017f8cf:input aftermath could not be settled: Error: Runtime Broker returned HTTP 409 (runtime_session_not_ready).
qwen serve: Hosted wake turn arun_92d02140359be5c2f4ee30b923991adaaa8c1dd23ae3311dfc260071c017f8cf:input aftermath could not be settled: Error: Runtime Broker returned HTTP 409 (runtime_session_not_ready).
qwen serve: Hosted wake turn arun_92d02140359be5c2f4ee30b923991adaaa8c1dd23ae3311dfc260071c017f8cf:input aftermath could not be settled: Error: Runtime Broker returned HTTP 409 (runtime_session_not_ready).
qwen serve: Hosted wake turn arun_92d02140359be5c2f4ee30b923991adaaa8c1dd23ae3311dfc260071c017f8cf:input aftermath could not be settled: Error: Runtime Broker returned HTTP 409 (runtime_session_not_ready).
qwen serve: Hosted wake turn arun_92d02140359be5c2f4ee30b923991adaaa8c1dd23ae3311dfc260071c017f8cf:input aftermath could not be settled: Error: Runtime Broker returned HTTP 409 (runtime_session_not_ready).
qwen serve: Hosted wake turn arun_92d02140359be5c2f4ee30b923991adaaa8c1dd23ae3311dfc260071c017f8cf:input aftermath could not be settled: Error: Runtime Broker returned HTTP 409 (runtime_session_not_ready).
qwen serve: Hosted wake turn arun_92d02140359be5c2f4ee30b923991adaaa8c1dd23ae3311dfc260071c017f8cf:input aftermath could not be settled: Error: Runtime Broker returned HTTP 409 (runtime_session_not_ready).
qwen serve: Hosted wake turn arun_92d02140359be5c2f4ee30b923991adaaa8c1dd23ae3311dfc260071c017f8cf:input aftermath could not be settled: Error: Runtime Broker returned HTTP 409 (runtime_session_not_ready).
qwen serve: Hosted wake turn arun_92d02140359be5c2f4ee30b923991adaaa8c1dd23ae3311dfc260071c017f8cf:input aftermath could not be settled: Error: Runtime Broker returned HTTP 409 (runtime_session_not_ready).
qwen serve: Hosted wake turn arun_92d02140359be5c2f4ee30b923991adaaa8c1dd23ae3311dfc260071c017f8cf:input aftermath could not be settled: Error: Runtime Broker returned HTTP 409 (runtime_session_not_ready).
qwen serve: Hosted wake turn arun_92d02140359be5c2f4ee30b923991adaaa8c1dd23ae3311dfc260071c017f8cf:input aftermath could not be settled: Error: Runtime Broker returned HTTP 409 (runtime_session_not_ready).
qwen serve: Hosted wake turn arun_92d02140359be5c2f4ee30b923991adaaa8c1dd23ae3311dfc260071c017f8cf:input aftermath could not be settled: Error: Runtime Broker returned HTTP 409 (runtime_session_not_ready).
2026-10-09T14:45:03.615Z [INFO] [DAEMON] route=POST /session/37e37f18-e70e-40e6-8d85-6fe841499ad4/automations/operations sessionId=37e37f18-e70e-40e6-8d85-6fe841499ad4 clientId=dc911322-52bc-4299-9e20-6896a4994f1a durationMs=88 status=202 request completed
qwen serve: Hosted wake turn arun_92d02140359be5c2f4ee30b923991adaaa8c1dd23ae3311dfc260071c017f8cf:input aftermath could not be settled: Error: Runtime Broker returned HTTP 409 (runtime_session_not_ready).
qwen serve: Hosted wake turn arun_92d02140359be5c2f4ee30b923991adaaa8c1dd23ae3311dfc260071c017f8cf:input aftermath could not be settled: Error: Runtime Broker returned HTTP 409 (runtime_session_not_ready).
qwen serve: Hosted wake turn arun_92d02140359be5c2f4ee30b923991adaaa8c1dd23ae3311dfc260071c017f8cf:input aftermath could not be settled: Error: Runtime Broker returned HTTP 409 (runtime_session_not_ready).
qwen serve: Hosted wake turn arun_92d02140359be5c2f4ee30b923991adaaa8c1dd23ae3311dfc260071c017f8cf:input aftermath could not be settled: Error: Runtime Broker returned HTTP 409 (runtime_session_not_ready).
qwen serve: Hosted wake turn arun_92d02140359be5c2f4ee30b923991adaaa8c1dd23ae3311dfc260071c017f8cf:input aftermath could not be settled: Error: Runtime Broker returned HTTP 409 (runtime_session_not_ready).
qwen serve: Hosted wake turn arun_92d02140359be5c2f4ee30b923991adaaa8c1dd23ae3311dfc260071c017f8cf:input aftermath could not be settled: Error: Runtime Broker returned HTTP 409 (runtime_session_not_ready).
qwen serve: Hosted wake turn arun_92d02140359be5c2f4ee30b923991adaaa8c1dd23ae3311dfc260071c017f8cf:input aftermath could not be settled: Error: Runtime Broker returned HTTP 409 (runtime_session_not_ready).
qwen serve: Hosted wake turn arun_92d02140359be5c2f4ee30b923991adaaa8c1dd23ae3311dfc260071c017f8cf:input aftermath could not be settled: Error: Runtime Broker returned HTTP 409 (runtime_session_not_ready).
qwen serve: Hosted wake turn arun_92d02140359be5c2f4ee30b923991adaaa8c1dd23ae3311dfc260071c017f8cf:input aftermath could not be settled: Error: Runtime Broker returned HTTP 409 (runtime_session_not_ready).
qwen serve: Hosted wake turn arun_92d02140359be5c2f4ee30b923991adaaa8c1dd23ae3311dfc260071c017f8cf:input aftermath could not be settled: Error: Runtime Broker returned HTTP 409 (runtime_session_not_ready).
qwen serve: Hosted wake turn arun_92d02140359be5c2f4ee30b923991adaaa8c1dd23ae3311dfc260071c017f8cf:input aftermath could not be settled: Error: Runtime Broker returned HTTP 409 (runtime_session_not_ready).
qwen serve: Hosted wake turn arun_92d02140359be5c2f4ee30b923991adaaa8c1dd23ae3311dfc260071c017f8cf:input aftermath could not be settled: Error: Runtime Broker returned HTTP 409 (runtime_session_not_ready).
qwen serve: Hosted wake turn arun_92d02140359be5c2f4ee30b923991adaaa8c1dd23ae3311dfc260071c017f8cf:input aftermath could not be settled: Error: Runtime Broker returned HTTP 409 (runtime_session_not_ready).
qwen serve: Hosted wake turn arun_92d02140359be5c2f4ee30b923991adaaa8c1dd23ae3311dfc260071c017f8cf:input aftermath could not be settled: Error: Runtime Broker returned HTTP 409 (runtime_session_not_ready).
qwen serve: Hosted wake turn arun_92d02140359be5c2f4ee30b923991adaaa8c1dd23ae3311dfc260071c017f8cf:input aftermath could not be settled: Error: Runtime Broker returned HTTP 409 (runtime_session_not_ready).
qwen serve: Hosted wake turn arun_92d02140359be5c2f4ee30b923991adaaa8c1dd23ae3311dfc260071c017f8cf:input aftermath could not be settled: Error: Runtime Broker returned HTTP 409 (runtime_session_not_ready).
qwen serve: Hosted wake turn arun_92d02140359be5c2f4ee30b923991adaaa8c1dd23ae3311dfc260071c017f8cf:input aftermath could not be settled: Error: Runtime Broker returned HTTP 409 (runtime_session_not_ready).
qwen serve: Hosted wake turn arun_92d02140359be5c2f4ee30b923991adaaa8c1dd23ae3311dfc260071c017f8cf:input aftermath could not be settled: Error: Runtime Broker returned HTTP 409 (runtime_session_not_ready).
qwen serve: Hosted wake turn arun_92d02140359be5c2f4ee30b923991adaaa8c1dd23ae3311dfc260071c017f8cf:input aftermath could not be settled: Error: Runtime Broker returned HTTP 409 (runtime_session_not_ready).
qwen serve: Hosted wake turn arun_92d02140359be5c2f4ee30b923991adaaa8c1dd23ae3311dfc260071c017f8cf:input aftermath could not be settled: Error: Runtime Broker returned HTTP 409 (runtime_session_not_ready).
qwen serve: Hosted wake turn arun_92d02140359be5c2f4ee30b923991adaaa8c1dd23ae3311dfc260071c017f8cf:input aftermath could not be settled: Error: Runtime Broker returned HTTP 409 (runtime_session_not_ready).
qwen serve: Hosted wake turn arun_92d02140359be5c2f4ee30b923991adaaa8c1dd23ae3311dfc260071c017f8cf:input aftermath could not be settled: Error: Runtime Broker returned HTTP 409 (runtime_session_not_ready).
qwen serve: Hosted wake turn arun_92d02140359be5c2f4ee30b923991adaaa8c1dd23ae3311dfc260071c017f8cf:input aftermath could not be settled: Error: Runtime Broker returned HTTP 409 (runtime_session_not_ready).
qwen serve: Hosted wake turn arun_92d02140359be5c2f4ee30b923991adaaa8c1dd23ae3311dfc260071c017f8cf:input aftermath could not be settled: Error: Runtime Broker returned HTTP 409 (runtime_session_not_ready).
qwen serve: Hosted wake turn arun_92d02140359be5c2f4ee30b923991adaaa8c1dd23ae3311dfc260071c017f8cf:input aftermath could not be settled: Error: Runtime Broker returned HTTP 409 (runtime_session_not_ready).
qwen serve: Hosted wake turn arun_92d02140359be5c2f4ee30b923991adaaa8c1dd23ae3311dfc260071c017f8cf:input aftermath could not be settled: Error: Runtime Broker returned HTTP 409 (runtime_session_not_ready).
qwen serve: Hosted wake turn arun_92d02140359be5c2f4ee30b923991adaaa8c1dd23ae3311dfc260071c017f8cf:input aftermath could not be settled: Error: Runtime Broker returned HTTP 409 (runtime_session_not_ready).
qwen serve: Hosted wake turn arun_92d02140359be5c2f4ee30b923991adaaa8c1dd23ae3311dfc260071c017f8cf:input aftermath could not be settled: Error: Runtime Broker returned HTTP 409 (runtime_session_not_ready).
qwen serve: Hosted wake turn arun_92d02140359be5c2f4ee30b923991adaaa8c1dd23ae3311dfc260071c017f8cf:input aftermath could not be settled: Error: Runtime Broker returned HTTP 409 (runtime_session_not_ready).
qwen serve: Hosted wake turn arun_92d02140359be5c2f4ee30b923991adaaa8c1dd23ae3311dfc260071c017f8cf:input aftermath could not be settled: Error: Runtime Broker returned HTTP 409 (runtime_session_not_ready).
qwen serve: Hosted wake turn arun_92d02140359be5c2f4ee30b923991adaaa8c1dd23ae3311dfc260071c017f8cf:input aftermath could not be settled: Error: Runtime Broker returned HTTP 409 (runtime_session_not_ready).
qwen serve: Hosted wake turn arun_92d02140359be5c2f4ee30b923991adaaa8c1dd23ae3311dfc260071c017f8cf:input aftermath could not be settled: Error: Runtime Broker returned HTTP 409 (runtime_session_not_ready).
qwen serve: Hosted wake turn arun_92d02140359be5c2f4ee30b923991adaaa8c1dd23ae3311dfc260071c017f8cf:input aftermath could not be settled: Error: Runtime Broker returned HTTP 409 (runtime_session_not_ready).
qwen serve: Hosted wake turn arun_92d02140359be5c2f4ee30b923991adaaa8c1dd23ae3311dfc260071c017f8cf:input aftermath could not be settled: Error: Runtime Broker returned HTTP 409 (runtime_session_not_ready).
qwen serve: Hosted wake turn arun_92d02140359be5c2f4ee30b923991adaaa8c1dd23ae3311dfc260071c017f8cf:input aftermath could not be settled: Error: Runtime Broker returned HTTP 409 (runtime_session_not_ready).
qwen serve: Hosted wake turn arun_92d02140359be5c2f4ee30b923991adaaa8c1dd23ae3311dfc260071c017f8cf:input aftermath could not be settled: Error: Runtime Broker returned HTTP 409 (runtime_session_not_ready).
qwen serve: Hosted wake turn arun_92d02140359be5c2f4ee30b923991adaaa8c1dd23ae3311dfc260071c017f8cf:input aftermath could not be settled: Error: Runtime Broker returned HTTP 409 (runtime_session_not_ready).
qwen serve: Hosted wake turn arun_92d02140359be5c2f4ee30b923991adaaa8c1dd23ae3311dfc260071c017f8cf:input aftermath could not be settled: Error: Runtime Broker returned HTTP 409 (runtime_session_not_ready).
qwen serve: Hosted wake turn arun_92d02140359be5c2f4ee30b923991adaaa8c1dd23ae3311dfc260071c017f8cf:input aftermath could not be settled: Error: Runtime Broker returned HTTP 409 (runtime_session_not_ready).
qwen serve: Hosted wake turn arun_92d02140359be5c2f4ee30b923991adaaa8c1dd23ae3311dfc260071c017f8cf:input aftermath could not be settled: Error: Runtime Broker returned HTTP 409 (runtime_session_not_ready).
qwen serve: Hosted wake turn arun_92d02140359be5c2f4ee30b923991adaaa8c1dd23ae3311dfc260071c017f8cf:input aftermath could not be settled: Error: Runtime Broker returned HTTP 409 (runtime_session_not_ready).
qwen serve: Hosted wake turn arun_92d02140359be5c2f4ee30b923991adaaa8c1dd23ae3311dfc260071c017f8cf:input aftermath could not be settled: Error: Runtime Broker returned HTTP 409 (runtime_session_not_ready).
qwen serve: Hosted wake turn arun_92d02140359be5c2f4ee30b923991adaaa8c1dd23ae3311dfc260071c017f8cf:input aftermath could not be settled: Error: Runtime Broker returned HTTP 409 (runtime_session_not_ready).
qwen serve: Hosted wake turn arun_92d02140359be5c2f4ee30b923991adaaa8c1dd23ae3311dfc260071c017f8cf:input aftermath could not be settled: Error: Runtime Broker returned HTTP 409 (runtime_session_not_ready).
2026-10-09T14:45:33.793Z [WARN] [DAEMON] route=POST /session/37e37f18-e70e-40e6-8d85-6fe841499ad4/automations/operations sessionId=37e37f18-e70e-40e6-8d85-6fe841499ad4 clientId=dc911322-52bc-4299-9e20-6896a4994f1a durationMs=56 status=409 request completed
qwen serve: Hosted wake turn arun_92d02140359be5c2f4ee30b923991adaaa8c1dd23ae3311dfc260071c017f8cf:input aftermath could not be settled: Error: Runtime Broker returned HTTP 409 (runtime_session_not_ready).
qwen serve: Hosted wake turn arun_92d02140359be5c2f4ee30b923991adaaa8c1dd23ae3311dfc260071c017f8cf:input aftermath could not be settled: Error: Runtime Broker returned HTTP 409 (runtime_session_not_ready).
qwen serve: Hosted wake turn arun_92d02140359be5c2f4ee30b923991adaaa8c1dd23ae3311dfc260071c017f8cf:input aftermath could not be settled: Error: Runtime Broker returned HTTP 409 (runtime_session_not_ready).
qwen serve: Hosted wake turn arun_92d02140359be5c2f4ee30b923991adaaa8c1dd23ae3311dfc260071c017f8cf:input aftermath could not be settled: Error: Runtime Broker returned HTTP 409 (runtime_session_not_ready).
qwen serve: Hosted wake turn arun_92d02140359be5c2f4ee30b923991adaaa8c1dd23ae3311dfc260071c017f8cf:input aftermath could not be settled: Error: Runtime Broker returned HTTP 409 (runtime_session_not_ready).
qwen serve: Hosted wake turn arun_92d02140359be5c2f4ee30b923991adaaa8c1dd23ae3311dfc260071c017f8cf:input aftermath could not be settled: Error: Runtime Broker returned HTTP 409 (runtime_session_not_ready).
qwen serve: Hosted wake turn arun_92d02140359be5c2f4ee30b923991adaaa8c1dd23ae3311dfc260071c017f8cf:input aftermath could not be settled: Error: Runtime Broker returned HTTP 409 (runtime_session_not_ready).
qwen serve: Hosted wake turn arun_92d02140359be5c2f4ee30b923991adaaa8c1dd23ae3311dfc260071c017f8cf:input aftermath could not be settled: Error: Runtime Broker returned HTTP 409 (runtime_session_not_ready).
qwen serve: Hosted wake turn arun_92d02140359be5c2f4ee30b923991adaaa8c1dd23ae3311dfc260071c017f8cf:input aftermath could not be settled: Error: Runtime Broker returned HTTP 409 (runtime_session_not_ready).
qwen serve: Hosted wake turn arun_92d02140359be5c2f4ee30b923991adaaa8c1dd23ae3311dfc260071c017f8cf:input aftermath could not be settled: Error: Runtime Broker returned HTTP 409 (runtime_session_not_ready).
qwen serve: Hosted wake turn arun_92d02140359be5c2f4ee30b923991adaaa8c1dd23ae3311dfc260071c017f8cf:input aftermath could not be settled: Error: Runtime Broker returned HTTP 409 (runtime_session_not_ready).
qwen serve: Hosted wake turn arun_92d02140359be5c2f4ee30b923991adaaa8c1dd23ae3311dfc260071c017f8cf:input aftermath could not be settled: Error: Runtime Broker returned HTTP 409 (runtime_session_not_ready).
qwen serve: Hosted wake turn arun_92d02140359be5c2f4ee30b923991adaaa8c1dd23ae3311dfc260071c017f8cf:input aftermath could not be settled: Error: Runtime Broker returned HTTP 409 (runtime_session_not_ready).
qwen serve: Hosted wake turn arun_92d02140359be5c2f4ee30b923991adaaa8c1dd23ae3311dfc260071c017f8cf:input aftermath could not be settled: Error: Runtime Broker returned HTTP 409 (runtime_session_not_ready).
qwen serve: Hosted wake turn arun_92d02140359be5c2f4ee30b923991adaaa8c1dd23ae3311dfc260071c017f8cf:input aftermath could not be settled: Error: Runtime Broker returned HTTP 409 (runtime_session_not_ready).
qwen serve: Hosted wake turn arun_92d02140359be5c2f4ee30b923991adaaa8c1dd23ae3311dfc260071c017f8cf:input aftermath could not be settled: Error: Runtime Broker returned HTTP 409 (runtime_session_not_ready).
qwen serve: Hosted wake turn arun_92d02140359be5c2f4ee30b923991adaaa8c1dd23ae3311dfc260071c017f8cf:input aftermath could not be settled: Error: Runtime Broker returned HTTP 409 (runtime_session_not_ready).
qwen serve: Hosted wake turn arun_92d02140359be5c2f4ee30b923991adaaa8c1dd23ae3311dfc260071c017f8cf:input aftermath could not be settled: Error: Runtime Broker returned HTTP 409 (runtime_session_not_ready).
qwen serve: Hosted wake turn arun_92d02140359be5c2f4ee30b923991adaaa8c1dd23ae3311dfc260071c017f8cf:input aftermath could not be settled: Error: Runtime Broker returned HTTP 409 (runtime_session_not_ready).
qwen serve: Hosted wake turn arun_92d02140359be5c2f4ee30b923991adaaa8c1dd23ae3311dfc260071c017f8cf:input aftermath could not be settled: Error: Runtime Broker returned HTTP 409 (runtime_session_not_ready).
qwen serve: Hosted wake turn arun_92d02140359be5c2f4ee30b923991adaaa8c1dd23ae3311dfc260071c017f8cf:input aftermath could not be settled: Error: Runtime Broker returned HTTP 409 (runtime_session_not_ready).
qwen serve: Hosted wake turn arun_92d02140359be5c2f4ee30b923991adaaa8c1dd23ae3311dfc260071c017f8cf:input aftermath could not be settled: Error: Runtime Broker returned HTTP 409 (runtime_session_not_ready).
qwen serve: Hosted wake turn arun_92d02140359be5c2f4ee30b923991adaaa8c1dd23ae3311dfc260071c017f8cf:input aftermath could not be settled: Error: Runtime Broker returned HTTP 409 (runtime_session_not_ready).
qwen serve: Hosted wake turn arun_92d02140359be5c2f4ee30b923991adaaa8c1dd23ae3311dfc260071c017f8cf:input aftermath could not be settled: Error: Runtime Broker returned HTTP 409 (runtime_session_not_ready).
qwen serve: Hosted wake turn arun_92d02140359be5c2f4ee30b923991adaaa8c1dd23ae3311dfc260071c017f8cf:input aftermath could not be settled: Error: Runtime Broker returned HTTP 409 (runtime_session_not_ready).
qwen serve: Hosted wake turn arun_92d02140359be5c2f4ee30b923991adaaa8c1dd23ae3311dfc260071c017f8cf:input aftermath could not be settled: Error: Runtime Broker returned HTTP 409 (runtime_session_not_ready).
qwen serve: Hosted wake turn arun_92d02140359be5c2f4ee30b923991adaaa8c1dd23ae3311dfc260071c017f8cf:input aftermath could not be settled: Error: Runtime Broker returned HTTP 409 (runtime_session_not_ready).
qwen serve: Hosted wake turn arun_92d02140359be5c2f4ee30b923991adaaa8c1dd23ae3311dfc260071c017f8cf:input aftermath could not be settled: Error: Runtime Broker returned HTTP 409 (runtime_session_not_ready).
qwen serve: Hosted wake turn arun_92d02140359be5c2f4ee30b923991adaaa8c1dd23ae3311dfc260071c017f8cf:input aftermath could not be settled: Error: Runtime Broker returned HTTP 409 (runtime_session_not_ready).
qwen serve: Hosted wake turn arun_92d02140359be5c2f4ee30b923991adaaa8c1dd23ae3311dfc260071c017f8cf:input aftermath could not be settled: Error: Runtime Broker returned HTTP 409 (runtime_session_not_ready).
qwen serve: Hosted wake turn arun_92d02140359be5c2f4ee30b923991adaaa8c1dd23ae3311dfc260071c017f8cf:input aftermath could not be settled: Error: Runtime Broker returned HTTP 409 (runtime_session_not_ready).
qwen serve: Hosted wake turn arun_92d02140359be5c2f4ee30b923991adaaa8c1dd23ae3311dfc260071c017f8cf:input aftermath could not be settled: Error: Runtime Broker returned HTTP 409 (runtime_session_not_ready).
qwen serve: Hosted wake turn arun_92d02140359be5c2f4ee30b923991adaaa8c1dd23ae3311dfc260071c017f8cf:input aftermath could not be settled: Error: Runtime Broker returned HTTP 409 (runtime_session_not_ready).
qwen serve: Hosted wake turn arun_92d02140359be5c2f4ee30b923991adaaa8c1dd23ae3311dfc260071c017f8cf:input aftermath could not be settled: Error: Runtime Broker returned HTTP 409 (runtime_session_not_ready).
qwen serve: Hosted wake turn arun_92d02140359be5c2f4ee30b923991adaaa8c1dd23ae3311dfc260071c017f8cf:input aftermath could not be settled: Error: Runtime Broker returned HTTP 409 (runtime_session_not_ready).
qwen serve: Hosted wake turn arun_92d02140359be5c2f4ee30b923991adaaa8c1dd23ae3311dfc260071c017f8cf:input aftermath could not be settled: Error: Runtime Broker returned HTTP 409 (runtime_session_not_ready).
qwen serve: Hosted wake turn arun_92d02140359be5c2f4ee30b923991adaaa8c1dd23ae3311dfc260071c017f8cf:input aftermath could not be settled: Error: Runtime Broker returned HTTP 409 (runtime_session_not_ready).
qwen serve: Hosted wake turn arun_92d02140359be5c2f4ee30b923991adaaa8c1dd23ae3311dfc260071c017f8cf:input aftermath could not be settled: Error: Runtime Broker returned HTTP 409 (runtime_session_not_ready).
qwen serve: Hosted wake turn arun_92d02140359be5c2f4ee30b923991adaaa8c1dd23ae3311dfc260071c017f8cf:input aftermath could not be settled: Error: Runtime Broker returned HTTP 409 (runtime_session_not_ready).
qwen serve: Hosted wake turn arun_92d02140359be5c2f4ee30b923991adaaa8c1dd23ae3311dfc260071c017f8cf:input aftermath could not be settled: Error: Runtime Broker returned HTTP 409 (runtime_session_not_ready).
qwen serve: Hosted wake turn arun_92d02140359be5c2f4ee30b923991adaaa8c1dd23ae3311dfc260071c017f8cf:input aftermath could not be settled: Error: Runtime Broker returned HTTP 409 (runtime_session_not_ready).
qwen serve: Hosted wake turn arun_92d02140359be5c2f4ee30b923991adaaa8c1dd23ae3311dfc260071c017f8cf:input aftermath could not be settled: Error: Runtime Broker returned HTTP 409 (runtime_session_not_ready).
qwen serve: Hosted wake turn arun_92d02140359be5c2f4ee30b923991adaaa8c1dd23ae3311dfc260071c017f8cf:input aftermath could not be settled: Error: Runtime Broker returned HTTP 409 (runtime_session_not_ready).
qwen serve: Hosted wake turn arun_92d02140359be5c2f4ee30b923991adaaa8c1dd23ae3311dfc260071c017f8cf:input aftermath could not be settled: Error: Runtime Broker returned HTTP 409 (runtime_session_not_ready).
2026-10-09T14:46:04.148Z [INFO] [DAEMON] route=POST /session/37e37f18-e70e-40e6-8d85-6fe841499ad4/automations/operations sessionId=37e37f18-e70e-40e6-8d85-6fe841499ad4 clientId=dc911322-52bc-4299-9e20-6896a4994f1a durationMs=234 status=202 request completed
qwen serve: Hosted wake turn arun_92d02140359be5c2f4ee30b923991adaaa8c1dd23ae3311dfc260071c017f8cf:input aftermath could not be settled: Error: Runtime Broker returned HTTP 409 (runtime_session_not_ready).
qwen serve: Hosted wake turn arun_92d02140359be5c2f4ee30b923991adaaa8c1dd23ae3311dfc260071c017f8cf:input aftermath could not be settled: Error: Runtime Broker returned HTTP 409 (runtime_session_not_ready).
qwen serve: Hosted wake turn arun_92d02140359be5c2f4ee30b923991adaaa8c1dd23ae3311dfc260071c017f8cf:input aftermath could not be settled: Error: Runtime Broker returned HTTP 409 (runtime_session_not_ready).
qwen serve: Hosted wake turn arun_92d02140359be5c2f4ee30b923991adaaa8c1dd23ae3311dfc260071c017f8cf:input aftermath could not be settled: Error: Runtime Broker returned HTTP 409 (runtime_session_not_ready).
qwen serve: Hosted wake turn arun_92d02140359be5c2f4ee30b923991adaaa8c1dd23ae3311dfc260071c017f8cf:input aftermath could not be settled: Error: Runtime Broker returned HTTP 409 (runtime_session_not_ready).
qwen serve: Hosted wake turn arun_92d02140359be5c2f4ee30b923991adaaa8c1dd23ae3311dfc260071c017f8cf:input aftermath could not be settled: Error: Runtime Broker returned HTTP 409 (runtime_session_not_ready).
qwen serve: Hosted wake turn arun_92d02140359be5c2f4ee30b923991adaaa8c1dd23ae3311dfc260071c017f8cf:input aftermath could not be settled: Error: Runtime Broker returned HTTP 409 (runtime_session_not_ready).
qwen serve: Hosted wake turn arun_92d02140359be5c2f4ee30b923991adaaa8c1dd23ae3311dfc260071c017f8cf:input aftermath could not be settled: Error: Runtime Broker returned HTTP 409 (runtime_session_not_ready).
qwen serve: Hosted wake turn arun_92d02140359be5c2f4ee30b923991adaaa8c1dd23ae3311dfc260071c017f8cf:input aftermath could not be settled: Error: Runtime Broker returned HTTP 409 (runtime_session_not_ready).
qwen serve: Hosted wake turn arun_92d02140359be5c2f4ee30b923991adaaa8c1dd23ae3311dfc260071c017f8cf:input aftermath could not be settled: Error: Runtime Broker returned HTTP 409 (runtime_session_not_ready).
qwen serve: Hosted wake turn arun_92d02140359be5c2f4ee30b923991adaaa8c1dd23ae3311dfc260071c017f8cf:input aftermath could not be settled: Error: Runtime Broker returned HTTP 409 (runtime_session_not_ready).
qwen serve: Hosted wake turn arun_92d02140359be5c2f4ee30b923991adaaa8c1dd23ae3311dfc260071c017f8cf:input aftermath could not be settled: Error: Runtime Broker returned HTTP 409 (runtime_session_not_ready).
qwen serve: Hosted wake turn arun_92d02140359be5c2f4ee30b923991adaaa8c1dd23ae3311dfc260071c017f8cf:input aftermath could not be settled: Error: Runtime Broker returned HTTP 409 (runtime_session_not_ready).
qwen serve: Hosted wake turn arun_92d02140359be5c2f4ee30b923991adaaa8c1dd23ae3311dfc260071c017f8cf:input aftermath could not be settled: Error: Runtime Broker returned HTTP 409 (runtime_session_not_ready).
qwen serve: Hosted wake turn arun_92d02140359be5c2f4ee30b923991adaaa8c1dd23ae3311dfc260071c017f8cf:input aftermath could not be settled: Error: Runtime Broker returned HTTP 409 (runtime_session_not_ready).
qwen serve: Hosted wake turn arun_92d02140359be5c2f4ee30b923991adaaa8c1dd23ae3311dfc260071c017f8cf:input aftermath could not be settled: Error: Runtime Broker returned HTTP 409 (runtime_session_not_ready).
qwen serve: Hosted wake turn arun_92d02140359be5c2f4ee30b923991adaaa8c1dd23ae3311dfc260071c017f8cf:input aftermath could not be settled: Error: Runtime Broker returned HTTP 409 (runtime_session_not_ready).
qwen serve: Hosted wake turn arun_92d02140359be5c2f4ee30b923991adaaa8c1dd23ae3311dfc260071c017f8cf:input aftermath could not be settled: Error: Runtime Broker returned HTTP 409 (runtime_session_not_ready).
qwen serve: Hosted wake turn arun_92d02140359be5c2f4ee30b923991adaaa8c1dd23ae3311dfc260071c017f8cf:input aftermath could not be settled: Error: Runtime Broker returned HTTP 409 (runtime_session_not_ready).
qwen serve: Hosted wake turn arun_92d02140359be5c2f4ee30b923991adaaa8c1dd23ae3311dfc260071c017f8cf:input aftermath could not be settled: Error: Runtime Broker returned HTTP 409 (runtime_session_not_ready).
qwen serve: Hosted wake turn arun_92d02140359be5c2f4ee30b923991adaaa8c1dd23ae3311dfc260071c017f8cf:input aftermath could not be settled: Error: Runtime Broker returned HTTP 409 (runtime_session_not_ready).
qwen serve: Hosted wake turn arun_92d02140359be5c2f4ee30b923991adaaa8c1dd23ae3311dfc260071c017f8cf:input aftermath could not be settled: Error: Runtime Broker returned HTTP 409 (runtime_session_not_ready).
qwen serve: Hosted wake turn arun_92d02140359be5c2f4ee30b923991adaaa8c1dd23ae3311dfc260071c017f8cf:input aftermath could not be settled: Error: Runtime Broker returned HTTP 409 (runtime_session_not_ready).
qwen serve: Hosted wake turn arun_92d02140359be5c2f4ee30b923991adaaa8c1dd23ae3311dfc260071c017f8cf:input aftermath could not be settled: Error: Runtime Broker returned HTTP 409 (runtime_session_not_ready).
qwen serve: Hosted wake turn arun_92d02140359be5c2f4ee30b923991adaaa8c1dd23ae3311dfc260071c017f8cf:input aftermath could not be settled: Error: Runtime Broker returned HTTP 409 (runtime_session_not_ready).
qwen serve: Hosted wake turn arun_92d02140359be5c2f4ee30b923991adaaa8c1dd23ae3311dfc260071c017f8cf:input aftermath could not be settled: Error: Runtime Broker returned HTTP 409 (runtime_session_not_ready).
qwen serve: Hosted wake turn arun_92d02140359be5c2f4ee30b923991adaaa8c1dd23ae3311dfc260071c017f8cf:input aftermath could not be settled: Error: Runtime Broker returned HTTP 409 (runtime_session_not_ready).
qwen serve: Hosted wake turn arun_92d02140359be5c2f4ee30b923991adaaa8c1dd23ae3311dfc260071c017f8cf:input aftermath could not be settled: Error: Runtime Broker returned HTTP 409 (runtime_session_not_ready).
qwen serve: Hosted wake turn arun_92d02140359be5c2f4ee30b923991adaaa8c1dd23ae3311dfc260071c017f8cf:input aftermath could not be settled: Error: Runtime Broker returned HTTP 409 (runtime_session_not_ready).
qwen serve: Hosted wake turn arun_92d02140359be5c2f4ee30b923991adaaa8c1dd23ae3311dfc260071c017f8cf:input aftermath could not be settled: Error: Runtime Broker returned HTTP 409 (runtime_session_not_ready).
qwen serve: Hosted wake turn arun_92d02140359be5c2f4ee30b923991adaaa8c1dd23ae3311dfc260071c017f8cf:input aftermath could not be settled: Error: Runtime Broker returned HTTP 409 (runtime_session_not_ready).
qwen serve: Hosted wake turn arun_92d02140359be5c2f4ee30b923991adaaa8c1dd23ae3311dfc260071c017f8cf:input aftermath could not be settled: Error: Runtime Broker returned HTTP 409 (runtime_session_not_ready).
qwen serve: Hosted wake turn arun_92d02140359be5c2f4ee30b923991adaaa8c1dd23ae3311dfc260071c017f8cf:input aftermath could not be settled: Error: Runtime Broker returned HTTP 409 (runtime_session_not_ready).
qwen serve: Hosted wake turn arun_92d02140359be5c2f4ee30b923991adaaa8c1dd23ae3311dfc260071c017f8cf:input aftermath could not be settled: Error: Runtime Broker returned HTTP 409 (runtime_session_not_ready).
qwen serve: Hosted wake turn arun_92d02140359be5c2f4ee30b923991adaaa8c1dd23ae3311dfc260071c017f8cf:input aftermath could not be settled: Error: Runtime Broker returned HTTP 409 (runtime_session_not_ready).
qwen serve: Hosted wake turn arun_92d02140359be5c2f4ee30b923991adaaa8c1dd23ae3311dfc260071c017f8cf:input aftermath could not be settled: Error: Runtime Broker returned HTTP 409 (runtime_session_not_ready).
qwen serve: Hosted wake turn arun_92d02140359be5c2f4ee30b923991adaaa8c1dd23ae3311dfc260071c017f8cf:input aftermath could not be settled: Error: Runtime Broker returned HTTP 409 (runtime_session_not_ready).
qwen serve: Hosted wake turn arun_92d02140359be5c2f4ee30b923991adaaa8c1dd23ae3311dfc260071c017f8cf:input aftermath could not be settled: Error: Runtime Broker returned HTTP 409 (runtime_session_not_ready).
qwen serve: Hosted wake turn arun_92d02140359be5c2f4ee30b923991adaaa8c1dd23ae3311dfc260071c017f8cf:input aftermath could not be settled: Error: Runtime Broker returned HTTP 409 (runtime_session_not_ready).
qwen serve: Hosted wake turn arun_92d02140359be5c2f4ee30b923991adaaa8c1dd23ae3311dfc260071c017f8cf:input aftermath could not be settled: Error: Runtime Broker returned HTTP 409 (runtime_session_not_ready).
qwen serve: Hosted wake turn arun_92d02140359be5c2f4ee30b923991adaaa8c1dd23ae3311dfc260071c017f8cf:input aftermath could not be settled: Error: Runtime Broker returned HTTP 409 (runtime_session_not_ready).
qwen serve: Hosted wake turn arun_92d02140359be5c2f4ee30b923991adaaa8c1dd23ae3311dfc260071c017f8cf:input aftermath could not be settled: Error: Runtime Broker returned HTTP 409 (runtime_session_not_ready).
qwen serve: Hosted wake turn arun_92d02140359be5c2f4ee30b923991adaaa8c1dd23ae3311dfc260071c017f8cf:input aftermath could not be settled: Error: Runtime Broker returned HTTP 409 (runtime_session_not_ready).
qwen serve: Hosted wake turn arun_92d02140359be5c2f4ee30b923991adaaa8c1dd23ae3311dfc260071c017f8cf:input aftermath could not be settled: Error: Runtime Broker returned HTTP 409 (runtime_session_not_ready).
qwen serve: Hosted wake turn arun_92d02140359be5c2f4ee30b923991adaaa8c1dd23ae3311dfc260071c017f8cf:input aftermath could not be settled: Error: Runtime Broker returned HTTP 409 (runtime_session_not_ready).
qwen serve: Hosted wake turn arun_92d02140359be5c2f4ee30b923991adaaa8c1dd23ae3311dfc260071c017f8cf:input aftermath could not be settled: Error: Runtime Broker returned HTTP 409 (runtime_session_not_ready).
qwen serve: Hosted wake turn arun_92d02140359be5c2f4ee30b923991adaaa8c1dd23ae3311dfc260071c017f8cf:input aftermath could not be settled: Error: Runtime Broker returned HTTP 409 (runtime_session_not_ready).
qwen serve: Hosted wake turn arun_92d02140359be5c2f4ee30b923991adaaa8c1dd23ae3311dfc260071c017f8cf:input aftermath could not be settled: Error: Runtime Broker returned HTTP 409 (runtime_session_not_ready).
qwen serve: Hosted wake turn arun_92d02140359be5c2f4ee30b923991adaaa8c1dd23ae3311dfc260071c017f8cf:input aftermath could not be settled: Error: Runtime Broker returned HTTP 409 (runtime_session_not_ready).
qwen serve: Hosted wake turn arun_92d02140359be5c2f4ee30b923991adaaa8c1dd23ae3311dfc260071c017f8cf:input aftermath could not be settled: Error: Runtime Broker returned HTTP 409 (runtime_session_not_ready).
qwen serve: Hosted wake turn arun_92d02140359be5c2f4ee30b923991adaaa8c1dd23ae3311dfc260071c017f8cf:input aftermath could not be settled: Error: Runtime Broker returned HTTP 409 (runtime_session_not_ready).
qwen serve: Hosted wake turn arun_92d02140359be5c2f4ee30b923991adaaa8c1dd23ae3311dfc260071c017f8cf:input aftermath could not be settled: Error: Runtime Broker returned HTTP 409 (runtime_session_not_ready).
qwen serve: Hosted wake turn arun_92d02140359be5c2f4ee30b923991adaaa8c1dd23ae3311dfc260071c017f8cf:input aftermath could not be settled: Error: Runtime Broker returned HTTP 409 (runtime_session_not_ready).
qwen serve: Hosted wake turn arun_92d02140359be5c2f4ee30b923991adaaa8c1dd23ae3311dfc260071c017f8cf:input aftermath could not be settled: Error: Runtime Broker returned HTTP 409 (runtime_session_not_ready).
qwen serve: Hosted wake turn arun_92d02140359be5c2f4ee30b923991adaaa8c1dd23ae3311dfc260071c017f8cf:input aftermath could not be settled: Error: Runtime Broker returned HTTP 409 (runtime_session_not_ready).
qwen serve: Hosted wake turn arun_92d02140359be5c2f4ee30b923991adaaa8c1dd23ae3311dfc260071c017f8cf:input aftermath could not be settled: Error: Runtime Broker returned HTTP 409 (runtime_session_not_ready).
qwen serve: Hosted wake turn arun_92d02140359be5c2f4ee30b923991adaaa8c1dd23ae3311dfc260071c017f8cf:input aftermath could not be settled: Error: Runtime Broker returned HTTP 409 (runtime_session_not_ready).
qwen serve: Hosted wake turn arun_92d02140359be5c2f4ee30b923991adaaa8c1dd23ae3311dfc260071c017f8cf:input aftermath could not be settled: Error: Runtime Broker returned HTTP 409 (runtime_session_not_ready).
qwen serve: Hosted wake turn arun_92d02140359be5c2f4ee30b923991adaaa8c1dd23ae3311dfc260071c017f8cf:input aftermath could not be settled: Error: Runtime Broker returned HTTP 409 (runtime_session_not_ready).
qwen serve: Hosted wake turn arun_92d02140359be5c2f4ee30b923991adaaa8c1dd23ae3311dfc260071c017f8cf:input aftermath could not be settled: Error: Runtime Broker returned HTTP 409 (runtime_session_not_ready).
qwen serve: Hosted wake turn arun_92d02140359be5c2f4ee30b923991adaaa8c1dd23ae3311dfc260071c017f8cf:input aftermath could not be settled: Error: Runtime Broker returned HTTP 409 (runtime_session_not_ready).
qwen serve: Hosted wake turn arun_92d02140359be5c2f4ee30b923991adaaa8c1dd23ae3311dfc260071c017f8cf:input aftermath could not be settled: Error: Runtime Broker returned HTTP 409 (runtime_session_not_ready).
qwen serve: Hosted wake turn arun_92d02140359be5c2f4ee30b923991adaaa8c1dd23ae3311dfc260071c017f8cf:input aftermath could not be settled: Error: Runtime Broker returned HTTP 409 (runtime_session_not_ready).
qwen serve: Hosted wake turn arun_92d02140359be5c2f4ee30b923991adaaa8c1dd23ae3311dfc260071c017f8cf:input aftermath could not be settled: Error: Runtime Broker returned HTTP 409 (runtime_session_not_ready).
qwen serve: Hosted wake turn arun_92d02140359be5c2f4ee30b923991adaaa8c1dd23ae3311dfc260071c017f8cf:input aftermath could not be settled: Error: Runtime Broker returned HTTP 409 (runtime_session_not_ready).
qwen serve: Hosted wake turn arun_92d02140359be5c2f4ee30b923991adaaa8c1dd23ae3311dfc260071c017f8cf:input aftermath could not be settled: Error: Runtime Broker returned HTTP 409 (runtime_session_not_ready).
qwen serve: Hosted wake turn arun_92d02140359be5c2f4ee30b923991adaaa8c1dd23ae3311dfc260071c017f8cf:input aftermath could not be settled: Error: Runtime Broker returned HTTP 409 (runtime_session_not_ready).
qwen serve: Hosted wake turn arun_92d02140359be5c2f4ee30b923991adaaa8c1dd23ae3311dfc260071c017f8cf:input aftermath could not be settled: Error: Runtime Broker returned HTTP 409 (runtime_session_not_ready).
qwen serve: Hosted wake turn arun_92d02140359be5c2f4ee30b923991adaaa8c1dd23ae3311dfc260071c017f8cf:input aftermath could not be settled: Error: Runtime Broker returned HTTP 409 (runtime_session_not_ready).
qwen serve: Hosted wake turn arun_92d02140359be5c2f4ee30b923991adaaa8c1dd23ae3311dfc260071c017f8cf:input aftermath could not be settled: Error: Runtime Broker returned HTTP 409 (runtime_session_not_ready).
qwen serve: Hosted wake turn arun_92d02140359be5c2f4ee30b923991adaaa8c1dd23ae3311dfc260071c017f8cf:input aftermath could not be settled: Error: Runtime Broker returned HTTP 409 (runtime_session_not_ready).
qwen serve: Hosted wake turn arun_92d02140359be5c2f4ee30b923991adaaa8c1dd23ae3311dfc260071c017f8cf:input aftermath could not be settled: Error: Runtime Broker returned HTTP 409 (runtime_session_not_ready).
qwen serve: Hosted wake turn arun_92d02140359be5c2f4ee30b923991adaaa8c1dd23ae3311dfc260071c017f8cf:input aftermath could not be settled: Error: Runtime Broker returned HTTP 409 (runtime_session_not_ready).
qwen serve: Hosted wake turn arun_92d02140359be5c2f4ee30b923991adaaa8c1dd23ae3311dfc260071c017f8cf:input aftermath could not be settled: Error: Runtime Broker returned HTTP 409 (runtime_session_not_ready).
qwen serve: Hosted wake turn arun_92d02140359be5c2f4ee30b923991adaaa8c1dd23ae3311dfc260071c017f8cf:input aftermath could not be settled: Error: Runtime Broker returned HTTP 409 (runtime_session_not_ready).
qwen serve: Hosted wake turn arun_92d02140359be5c2f4ee30b923991adaaa8c1dd23ae3311dfc260071c017f8cf:input aftermath could not be settled: Error: Runtime Broker returned HTTP 409 (runtime_session_not_ready).
qwen serve: Hosted wake turn arun_92d02140359be5c2f4ee30b923991adaaa8c1dd23ae3311dfc260071c017f8cf:input aftermath could not be settled: Error: Runtime Broker returned HTTP 409 (runtime_session_not_ready).
qwen serve: Hosted wake turn arun_92d02140359be5c2f4ee30b923991adaaa8c1dd23ae3311dfc260071c017f8cf:input aftermath could not be settled: Error: Runtime Broker returned HTTP 409 (runtime_session_not_ready).
qwen serve: Hosted wake turn arun_92d02140359be5c2f4ee30b923991adaaa8c1dd23ae3311dfc260071c017f8cf:input aftermath could not be settled: Error: Runtime Broker returned HTTP 409 (runtime_session_not_ready).
qwen serve: Hosted wake turn arun_92d02140359be5c2f4ee30b923991adaaa8c1dd23ae3311dfc260071c017f8cf:input aftermath could not be settled: Error: Runtime Broker returned HTTP 409 (runtime_session_not_ready).
qwen serve: Hosted wake turn arun_92d02140359be5c2f4ee30b923991adaaa8c1dd23ae3311dfc260071c017f8cf:input aftermath could not be settled: Error: Runtime Broker returned HTTP 409 (runtime_session_not_ready).
qwen serve: Hosted wake turn arun_92d02140359be5c2f4ee30b923991adaaa8c1dd23ae3311dfc260071c017f8cf:input aftermath could not be settled: Error: Runtime Broker returned HTTP 409 (runtime_session_not_ready).
qwen serve: Hosted wake turn arun_92d02140359be5c2f4ee30b923991adaaa8c1dd23ae3311dfc260071c017f8cf:input aftermath could not be settled: Error: Runtime Broker returned HTTP 409 (runtime_session_not_ready).
qwen serve: Hosted wake turn arun_92d02140359be5c2f4ee30b923991adaaa8c1dd23ae3311dfc260071c017f8cf:input aftermath could not be settled: Error: Runtime Broker returned HTTP 409 (runtime_session_not_ready).
qwen serve: Hosted wake turn arun_92d02140359be5c2f4ee30b923991adaaa8c1dd23ae3311dfc260071c017f8cf:input aftermath could not be settled: Error: Runtime Broker returned HTTP 409 (runtime_session_not_ready).
qwen serve: Hosted wake turn arun_92d02140359be5c2f4ee30b923991adaaa8c1dd23ae3311dfc260071c017f8cf:input aftermath could not be settled: Error: Runtime Broker returned HTTP 409 (runtime_session_not_ready).
qwen serve: Hosted wake turn arun_92d02140359be5c2f4ee30b923991adaaa8c1dd23ae3311dfc260071c017f8cf:input aftermath could not be settled: Error: Runtime Broker returned HTTP 409 (runtime_session_not_ready).
qwen serve: Hosted wake turn arun_92d02140359be5c2f4ee30b923991adaaa8c1dd23ae3311dfc260071c017f8cf:input aftermath could not be settled: Error: Runtime Broker returned HTTP 409 (runtime_session_not_ready).
qwen serve: Hosted wake turn arun_92d02140359be5c2f4ee30b923991adaaa8c1dd23ae3311dfc260071c017f8cf:input aftermath could not be settled: Error: Runtime Broker returned HTTP 409 (runtime_session_not_ready).
2026-10-09T14:47:04.667Z [INFO] [DAEMON] route=POST /session/37e37f18-e70e-40e6-8d85-6fe841499ad4/automations/operations sessionId=37e37f18-e70e-40e6-8d85-6fe841499ad4 clientId=dc911322-52bc-4299-9e20-6896a4994f1a durationMs=286 status=202 request completed
qwen serve: Hosted wake turn arun_92d02140359be5c2f4ee30b923991adaaa8c1dd23ae3311dfc260071c017f8cf:input aftermath could not be settled: Error: Runtime Broker returned HTTP 409 (runtime_session_not_ready).
qwen serve: Hosted wake turn arun_92d02140359be5c2f4ee30b923991adaaa8c1dd23ae3311dfc260071c017f8cf:input aftermath could not be settled: Error: Runtime Broker returned HTTP 409 (runtime_session_not_ready).
qwen serve: Hosted wake turn arun_92d02140359be5c2f4ee30b923991adaaa8c1dd23ae3311dfc260071c017f8cf:input aftermath could not be settled: Error: Runtime Broker returned HTTP 409 (runtime_session_not_ready).
qwen serve: Hosted wake turn arun_92d02140359be5c2f4ee30b923991adaaa8c1dd23ae3311dfc260071c017f8cf:input aftermath could not be settled: Error: Runtime Broker returned HTTP 409 (runtime_session_not_ready).
qwen serve: Hosted wake turn arun_92d02140359be5c2f4ee30b923991adaaa8c1dd23ae3311dfc260071c017f8cf:input aftermath could not be settled: Error: Runtime Broker returned HTTP 409 (runtime_session_not_ready).
qwen serve: Hosted wake turn arun_92d02140359be5c2f4ee30b923991adaaa8c1dd23ae3311dfc260071c017f8cf:input aftermath could not be settled: Error: Runtime Broker returned HTTP 409 (runtime_session_not_ready).
qwen serve: Hosted wake turn arun_92d02140359be5c2f4ee30b923991adaaa8c1dd23ae3311dfc260071c017f8cf:input aftermath could not be settled: Error: Runtime Broker returned HTTP 409 (runtime_session_not_ready).
qwen serve: Hosted wake turn arun_92d02140359be5c2f4ee30b923991adaaa8c1dd23ae3311dfc260071c017f8cf:input aftermath could not be settled: Error: Runtime Broker returned HTTP 409 (runtime_session_not_ready).
qwen serve: Hosted wake turn arun_92d02140359be5c2f4ee30b923991adaaa8c1dd23ae3311dfc260071c017f8cf:input aftermath could not be settled: Error: Runtime Broker returned HTTP 409 (runtime_session_not_ready).
qwen serve: Hosted wake turn arun_92d02140359be5c2f4ee30b923991adaaa8c1dd23ae3311dfc260071c017f8cf:input aftermath could not be settled: Error: Runtime Broker returned HTTP 409 (runtime_session_not_ready).
qwen serve: Hosted wake turn arun_92d02140359be5c2f4ee30b923991adaaa8c1dd23ae3311dfc260071c017f8cf:input aftermath could not be settled: Error: Runtime Broker returned HTTP 409 (runtime_session_not_ready).
qwen serve: Hosted wake turn arun_92d02140359be5c2f4ee30b923991adaaa8c1dd23ae3311dfc260071c017f8cf:input aftermath could not be settled: Error: Runtime Broker returned HTTP 409 (runtime_session_not_ready).
qwen serve: Hosted wake turn arun_92d02140359be5c2f4ee30b923991adaaa8c1dd23ae3311dfc260071c017f8cf:input aftermath could not be settled: Error: Runtime Broker returned HTTP 409 (runtime_session_not_ready).
qwen serve: Hosted wake turn arun_92d02140359be5c2f4ee30b923991adaaa8c1dd23ae3311dfc260071c017f8cf:input aftermath could not be settled: Error: Runtime Broker returned HTTP 409 (runtime_session_not_ready).
qwen serve: Hosted wake turn arun_92d02140359be5c2f4ee30b923991adaaa8c1dd23ae3311dfc260071c017f8cf:input aftermath could not be settled: Error: Runtime Broker returned HTTP 409 (runtime_session_not_ready).
qwen serve: Hosted wake turn arun_92d02140359be5c2f4ee30b923991adaaa8c1dd23ae3311dfc260071c017f8cf:input aftermath could not be settled: Error: Runtime Broker returned HTTP 409 (runtime_session_not_ready).
qwen serve: Hosted wake turn arun_92d02140359be5c2f4ee30b923991adaaa8c1dd23ae3311dfc260071c017f8cf:input aftermath could not be settled: Error: Runtime Broker returned HTTP 409 (runtime_session_not_ready).
qwen serve: Hosted wake turn arun_92d02140359be5c2f4ee30b923991adaaa8c1dd23ae3311dfc260071c017f8cf:input aftermath could not be settled: Error: Runtime Broker returned HTTP 409 (runtime_session_not_ready).
qwen serve: Hosted wake turn arun_92d02140359be5c2f4ee30b923991adaaa8c1dd23ae3311dfc260071c017f8cf:input aftermath could not be settled: Error: Runtime Broker returned HTTP 409 (runtime_session_not_ready).
qwen serve: Hosted wake turn arun_92d02140359be5c2f4ee30b923991adaaa8c1dd23ae3311dfc260071c017f8cf:input aftermath could not be settled: Error: Runtime Broker returned HTTP 409 (runtime_session_not_ready).
qwen serve: Hosted wake turn arun_92d02140359be5c2f4ee30b923991adaaa8c1dd23ae3311dfc260071c017f8cf:input aftermath could not be settled: Error: Runtime Broker returned HTTP 409 (runtime_session_not_ready).
qwen serve: Hosted wake turn arun_92d02140359be5c2f4ee30b923991adaaa8c1dd23ae3311dfc260071c017f8cf:input aftermath could not be settled: Error: Runtime Broker returned HTTP 409 (runtime_session_not_ready).
qwen serve: Hosted wake turn arun_92d02140359be5c2f4ee30b923991adaaa8c1dd23ae3311dfc260071c017f8cf:input aftermath could not be settled: Error: Runtime Broker returned HTTP 409 (runtime_session_not_ready).
qwen serve: Hosted wake turn arun_92d02140359be5c2f4ee30b923991adaaa8c1dd23ae3311dfc260071c017f8cf:input aftermath could not be settled: Error: Runtime Broker returned HTTP 409 (runtime_session_not_ready).
qwen serve: Hosted wake turn arun_92d02140359be5c2f4ee30b923991adaaa8c1dd23ae3311dfc260071c017f8cf:input aftermath could not be settled: Error: Runtime Broker returned HTTP 409 (runtime_session_not_ready).
qwen serve: Hosted wake turn arun_92d02140359be5c2f4ee30b923991adaaa8c1dd23ae3311dfc260071c017f8cf:input aftermath could not be settled: Error: Runtime Broker returned HTTP 409 (runtime_session_not_ready).
qwen serve: Hosted wake turn arun_92d02140359be5c2f4ee30b923991adaaa8c1dd23ae3311dfc260071c017f8cf:input aftermath could not be settled: Error: Runtime Broker returned HTTP 409 (runtime_session_not_ready).
qwen serve: Hosted wake turn arun_92d02140359be5c2f4ee30b923991adaaa8c1dd23ae3311dfc260071c017f8cf:input aftermath could not be settled: Error: Runtime Broker returned HTTP 409 (runtime_session_not_ready).
qwen serve: Hosted wake turn arun_92d02140359be5c2f4ee30b923991adaaa8c1dd23ae3311dfc260071c017f8cf:input aftermath could not be settled: Error: Runtime Broker returned HTTP 409 (runtime_session_not_ready).
qwen serve: Hosted wake turn arun_92d02140359be5c2f4ee30b923991adaaa8c1dd23ae3311dfc260071c017f8cf:input aftermath could not be settled: Error: Runtime Broker returned HTTP 409 (runtime_session_not_ready).
qwen serve: Hosted wake turn arun_92d02140359be5c2f4ee30b923991adaaa8c1dd23ae3311dfc260071c017f8cf:input aftermath could not be settled: Error: Runtime Broker returned HTTP 409 (runtime_session_not_ready).
qwen serve: Hosted wake turn arun_92d02140359be5c2f4ee30b923991adaaa8c1dd23ae3311dfc260071c017f8cf:input aftermath could not be settled: Error: Runtime Broker returned HTTP 409 (runtime_session_not_ready).
qwen serve: Hosted wake turn arun_92d02140359be5c2f4ee30b923991adaaa8c1dd23ae3311dfc260071c017f8cf:input aftermath could not be settled: Error: Runtime Broker returned HTTP 409 (runtime_session_not_ready).
qwen serve: Hosted wake turn arun_92d02140359be5c2f4ee30b923991adaaa8c1dd23ae3311dfc260071c017f8cf:input aftermath could not be settled: Error: Runtime Broker returned HTTP 409 (runtime_session_not_ready).
qwen serve: Hosted wake turn arun_92d02140359be5c2f4ee30b923991adaaa8c1dd23ae3311dfc260071c017f8cf:input aftermath could not be settled: Error: Runtime Broker returned HTTP 409 (runtime_session_not_ready).
qwen serve: Hosted wake turn arun_92d02140359be5c2f4ee30b923991adaaa8c1dd23ae3311dfc260071c017f8cf:input aftermath could not be settled: Error: Runtime Broker returned HTTP 409 (runtime_session_not_ready).
qwen serve: Hosted wake turn arun_92d02140359be5c2f4ee30b923991adaaa8c1dd23ae3311dfc260071c017f8cf:input aftermath could not be settled: Error: Runtime Broker returned HTTP 409 (runtime_session_not_ready).
qwen serve: Hosted wake turn arun_92d02140359be5c2f4ee30b923991adaaa8c1dd23ae3311dfc260071c017f8cf:input aftermath could not be settled: Error: Runtime Broker returned HTTP 409 (runtime_session_not_ready).
qwen serve: Hosted wake turn arun_92d02140359be5c2f4ee30b923991adaaa8c1dd23ae3311dfc260071c017f8cf:input aftermath could not be settled: Error: Runtime Broker returned HTTP 409 (runtime_session_not_ready).
qwen serve: Hosted wake turn arun_92d02140359be5c2f4ee30b923991adaaa8c1dd23ae3311dfc260071c017f8cf:input aftermath could not be settled: Error: Runtime Broker returned HTTP 409 (runtime_session_not_ready).
qwen serve: Hosted wake turn arun_92d02140359be5c2f4ee30b923991adaaa8c1dd23ae3311dfc260071c017f8cf:input aftermath could not be settled: Error: Runtime Broker returned HTTP 409 (runtime_session_not_ready).
qwen serve: Hosted wake turn arun_92d02140359be5c2f4ee30b923991adaaa8c1dd23ae3311dfc260071c017f8cf:input aftermath could not be settled: Error: Runtime Broker returned HTTP 409 (runtime_session_not_ready).
qwen serve: Hosted wake turn arun_92d02140359be5c2f4ee30b923991adaaa8c1dd23ae3311dfc260071c017f8cf:input aftermath could not be settled: Error: Runtime Broker returned HTTP 409 (runtime_session_not_ready).
qwen serve: Hosted wake turn arun_92d02140359be5c2f4ee30b923991adaaa8c1dd23ae3311dfc260071c017f8cf:input aftermath could not be settled: Error: Runtime Broker returned HTTP 409 (runtime_session_not_ready).
qwen serve: Hosted wake turn arun_92d02140359be5c2f4ee30b923991adaaa8c1dd23ae3311dfc260071c017f8cf:input aftermath could not be settled: Error: Runtime Broker returned HTTP 409 (runtime_session_not_ready).
qwen serve: Hosted wake turn arun_92d02140359be5c2f4ee30b923991adaaa8c1dd23ae3311dfc260071c017f8cf:input aftermath could not be settled: Error: Runtime Broker returned HTTP 409 (runtime_session_not_ready).
qwen serve: Hosted wake turn arun_92d02140359be5c2f4ee30b923991adaaa8c1dd23ae3311dfc260071c017f8cf:input aftermath could not be settled: Error: Runtime Broker returned HTTP 409 (runtime_session_not_ready).
qwen serve: Hosted wake turn arun_92d02140359be5c2f4ee30b923991adaaa8c1dd23ae3311dfc260071c017f8cf:input aftermath could not be settled: Error: Runtime Broker returned HTTP 409 (runtime_session_not_ready).
qwen serve: Hosted wake turn arun_92d02140359be5c2f4ee30b923991adaaa8c1dd23ae3311dfc260071c017f8cf:input aftermath could not be settled: Error: Runtime Broker returned HTTP 409 (runtime_session_not_ready).
qwen serve: Hosted wake turn arun_92d02140359be5c2f4ee30b923991adaaa8c1dd23ae3311dfc260071c017f8cf:input aftermath could not be settled: Error: Runtime Broker returned HTTP 409 (runtime_session_not_ready).
qwen serve: Hosted wake turn arun_92d02140359be5c2f4ee30b923991adaaa8c1dd23ae3311dfc260071c017f8cf:input aftermath could not be settled: Error: Runtime Broker returned HTTP 409 (runtime_session_not_ready).
qwen serve: Hosted wake turn arun_92d02140359be5c2f4ee30b923991adaaa8c1dd23ae3311dfc260071c017f8cf:input aftermath could not be settled: Error: Runtime Broker returned HTTP 409 (runtime_session_not_ready).
qwen serve: Hosted wake turn arun_92d02140359be5c2f4ee30b923991adaaa8c1dd23ae3311dfc260071c017f8cf:input aftermath could not be settled: Error: Runtime Broker returned HTTP 409 (runtime_session_not_ready).
qwen serve: Hosted wake turn arun_92d02140359be5c2f4ee30b923991adaaa8c1dd23ae3311dfc260071c017f8cf:input aftermath could not be settled: Error: Runtime Broker returned HTTP 409 (runtime_session_not_ready).
qwen serve: Hosted wake turn arun_92d02140359be5c2f4ee30b923991adaaa8c1dd23ae3311dfc260071c017f8cf:input aftermath could not be settled: Error: Runtime Broker returned HTTP 409 (runtime_session_not_ready).
qwen serve: Hosted wake turn arun_92d02140359be5c2f4ee30b923991adaaa8c1dd23ae3311dfc260071c017f8cf:input aftermath could not be settled: Error: Runtime Broker returned HTTP 409 (runtime_session_not_ready).
qwen serve: Hosted wake turn arun_92d02140359be5c2f4ee30b923991adaaa8c1dd23ae3311dfc260071c017f8cf:input aftermath could not be settled: Error: Runtime Broker returned HTTP 409 (runtime_session_not_ready).
qwen serve: Hosted wake turn arun_92d02140359be5c2f4ee30b923991adaaa8c1dd23ae3311dfc260071c017f8cf:input aftermath could not be settled: Error: Runtime Broker returned HTTP 409 (runtime_session_not_ready).
qwen serve: Hosted wake turn arun_92d02140359be5c2f4ee30b923991adaaa8c1dd23ae3311dfc260071c017f8cf:input aftermath could not be settled: Error: Runtime Broker returned HTTP 409 (runtime_session_not_ready).
2026-10-09T14:47:55.247Z [WARN] [DAEMON] route=POST /session/37e37f18-e70e-40e6-8d85-6fe841499ad4/automations/operations sessionId=37e37f18-e70e-40e6-8d85-6fe841499ad4 clientId=dc911322-52bc-4299-9e20-6896a4994f1a durationMs=88 status=409 request completed
qwen serve: Hosted wake turn arun_92d02140359be5c2f4ee30b923991adaaa8c1dd23ae3311dfc260071c017f8cf:input aftermath could not be settled: Error: Runtime Broker returned HTTP 409 (runtime_session_not_ready).
qwen serve: Hosted wake turn arun_92d02140359be5c2f4ee30b923991adaaa8c1dd23ae3311dfc260071c017f8cf:input aftermath could not be settled: Error: Runtime Broker returned HTTP 409 (runtime_session_not_ready).
qwen serve: Hosted wake turn arun_92d02140359be5c2f4ee30b923991adaaa8c1dd23ae3311dfc260071c017f8cf:input aftermath could not be settled: Error: Runtime Broker returned HTTP 409 (runtime_session_not_ready).
qwen serve: Hosted wake turn arun_92d02140359be5c2f4ee30b923991adaaa8c1dd23ae3311dfc260071c017f8cf:input aftermath could not be settled: Error: Runtime Broker returned HTTP 409 (runtime_session_not_ready).
qwen serve: Hosted wake turn arun_92d02140359be5c2f4ee30b923991adaaa8c1dd23ae3311dfc260071c017f8cf:input aftermath could not be settled: Error: Runtime Broker returned HTTP 409 (runtime_session_not_ready).
2026-10-09T14:48:00.496Z [INFO] [DAEMON] route=POST /session/37e37f18-e70e-40e6-8d85-6fe841499ad4/automations/operations sessionId=37e37f18-e70e-40e6-8d85-6fe841499ad4 clientId=dc911322-52bc-4299-9e20-6896a4994f1a durationMs=105 status=202 request completed
qwen serve: Hosted wake turn arun_92d02140359be5c2f4ee30b923991adaaa8c1dd23ae3311dfc260071c017f8cf:input aftermath could not be settled: Error: Runtime Broker returned HTTP 409 (runtime_session_not_ready).
qwen serve: Hosted wake turn arun_92d02140359be5c2f4ee30b923991adaaa8c1dd23ae3311dfc260071c017f8cf:input aftermath could not be settled: Error: Runtime Broker returned HTTP 409 (runtime_session_not_ready).
qwen serve: Hosted wake turn arun_92d02140359be5c2f4ee30b923991adaaa8c1dd23ae3311dfc260071c017f8cf:input aftermath could not be settled: Error: Runtime Broker returned HTTP 409 (runtime_session_not_ready).
qwen serve: Hosted wake turn arun_92d02140359be5c2f4ee30b923991adaaa8c1dd23ae3311dfc260071c017f8cf:input aftermath could not be settled: Error: Runtime Broker returned HTTP 409 (runtime_session_not_ready).
qwen serve: Hosted wake turn arun_92d02140359be5c2f4ee30b923991adaaa8c1dd23ae3311dfc260071c017f8cf:input aftermath could not be settled: Error: Runtime Broker returned HTTP 409 (runtime_session_not_ready).
qwen serve: Hosted wake turn arun_92d02140359be5c2f4ee30b923991adaaa8c1dd23ae3311dfc260071c017f8cf:input aftermath could not be settled: Error: Runtime Broker returned HTTP 409 (runtime_session_not_ready).
qwen serve: Hosted wake turn arun_92d02140359be5c2f4ee30b923991adaaa8c1dd23ae3311dfc260071c017f8cf:input aftermath could not be settled: Error: Runtime Broker returned HTTP 409 (runtime_session_not_ready).
qwen serve: Hosted wake turn arun_92d02140359be5c2f4ee30b923991adaaa8c1dd23ae3311dfc260071c017f8cf:input aftermath could not be settled: Error: Runtime Broker returned HTTP 409 (runtime_session_not_ready).
qwen serve: Hosted wake turn arun_92d02140359be5c2f4ee30b923991adaaa8c1dd23ae3311dfc260071c017f8cf:input aftermath could not be settled: Error: Runtime Broker returned HTTP 409 (runtime_session_not_ready).
qwen serve: Hosted wake turn arun_92d02140359be5c2f4ee30b923991adaaa8c1dd23ae3311dfc260071c017f8cf:input aftermath could not be settled: Error: Runtime Broker returned HTTP 409 (runtime_session_not_ready).
qwen serve: Hosted wake turn arun_92d02140359be5c2f4ee30b923991adaaa8c1dd23ae3311dfc260071c017f8cf:input aftermath could not be settled: Error: Runtime Broker returned HTTP 409 (runtime_session_not_ready).
qwen serve: Hosted wake turn arun_92d02140359be5c2f4ee30b923991adaaa8c1dd23ae3311dfc260071c017f8cf:input aftermath could not be settled: Error: Runtime Broker returned HTTP 409 (runtime_session_not_ready).
qwen serve: Hosted wake turn arun_92d02140359be5c2f4ee30b923991adaaa8c1dd23ae3311dfc260071c017f8cf:input aftermath could not be settled: Error: Runtime Broker returned HTTP 409 (runtime_session_not_ready).
qwen serve: Hosted wake turn arun_92d02140359be5c2f4ee30b923991adaaa8c1dd23ae3311dfc260071c017f8cf:input aftermath could not be settled: Error: Runtime Broker returned HTTP 409 (runtime_session_not_ready).
qwen serve: Hosted wake turn arun_92d02140359be5c2f4ee30b923991adaaa8c1dd23ae3311dfc260071c017f8cf:input aftermath could not be settled: Error: Runtime Broker returned HTTP 409 (runtime_session_not_ready).
qwen serve: Hosted wake turn arun_92d02140359be5c2f4ee30b923991adaaa8c1dd23ae3311dfc260071c017f8cf:input aftermath could not be settled: Error: Runtime Broker returned HTTP 409 (runtime_session_not_ready).
qwen serve: Hosted wake turn arun_92d02140359be5c2f4ee30b923991adaaa8c1dd23ae3311dfc260071c017f8cf:input aftermath could not be settled: Error: Runtime Broker returned HTTP 409 (runtime_session_not_ready).
qwen serve: Hosted wake turn arun_92d02140359be5c2f4ee30b923991adaaa8c1dd23ae3311dfc260071c017f8cf:input aftermath could not be settled: Error: Runtime Broker returned HTTP 409 (runtime_session_not_ready).
qwen serve: Hosted wake turn arun_92d02140359be5c2f4ee30b923991adaaa8c1dd23ae3311dfc260071c017f8cf:input aftermath could not be settled: Error: Runtime Broker returned HTTP 409 (runtime_session_not_ready).
qwen serve: Hosted wake turn arun_92d02140359be5c2f4ee30b923991adaaa8c1dd23ae3311dfc260071c017f8cf:input aftermath could not be settled: Error: Runtime Broker returned HTTP 409 (runtime_session_not_ready).
qwen serve: Hosted wake turn arun_92d02140359be5c2f4ee30b923991adaaa8c1dd23ae3311dfc260071c017f8cf:input aftermath could not be settled: Error: Runtime Broker returned HTTP 409 (runtime_session_not_ready).
qwen serve: Hosted wake turn arun_92d02140359be5c2f4ee30b923991adaaa8c1dd23ae3311dfc260071c017f8cf:input aftermath could not be settled: Error: Runtime Broker returned HTTP 409 (runtime_session_not_ready).
qwen serve: Hosted wake turn arun_92d02140359be5c2f4ee30b923991adaaa8c1dd23ae3311dfc260071c017f8cf:input aftermath could not be settled: Error: Runtime Broker returned HTTP 409 (runtime_session_not_ready).
qwen serve: Hosted wake turn arun_92d02140359be5c2f4ee30b923991adaaa8c1dd23ae3311dfc260071c017f8cf:input aftermath could not be settled: Error: Runtime Broker returned HTTP 409 (runtime_session_not_ready).
qwen serve: Hosted wake turn arun_92d02140359be5c2f4ee30b923991adaaa8c1dd23ae3311dfc260071c017f8cf:input aftermath could not be settled: Error: Runtime Broker returned HTTP 409 (runtime_session_not_ready).
qwen serve: Hosted wake turn arun_92d02140359be5c2f4ee30b923991adaaa8c1dd23ae3311dfc260071c017f8cf:input aftermath could not be settled: Error: Runtime Broker returned HTTP 409 (runtime_session_not_ready).
qwen serve: Hosted wake turn arun_92d02140359be5c2f4ee30b923991adaaa8c1dd23ae3311dfc260071c017f8cf:input aftermath could not be settled: Error: Runtime Broker returned HTTP 409 (runtime_session_not_ready).
qwen serve: Hosted wake turn arun_92d02140359be5c2f4ee30b923991adaaa8c1dd23ae3311dfc260071c017f8cf:input aftermath could not be settled: Error: Runtime Broker returned HTTP 409 (runtime_session_not_ready).
qwen serve: Hosted wake turn arun_92d02140359be5c2f4ee30b923991adaaa8c1dd23ae3311dfc260071c017f8cf:input aftermath could not be settled: Error: Runtime Broker returned HTTP 409 (runtime_session_not_ready).
qwen serve: Hosted wake turn arun_92d02140359be5c2f4ee30b923991adaaa8c1dd23ae3311dfc260071c017f8cf:input aftermath could not be settled: Error: Runtime Broker returned HTTP 409 (runtime_session_not_ready).
qwen serve: Hosted wake turn arun_92d02140359be5c2f4ee30b923991adaaa8c1dd23ae3311dfc260071c017f8cf:input aftermath could not be settled: Error: Runtime Broker returned HTTP 409 (runtime_session_not_ready).
qwen serve: Hosted wake turn arun_92d02140359be5c2f4ee30b923991adaaa8c1dd23ae3311dfc260071c017f8cf:input aftermath could not be settled: Error: Runtime Broker returned HTTP 409 (runtime_session_not_ready).
qwen serve: Hosted wake turn arun_92d02140359be5c2f4ee30b923991adaaa8c1dd23ae3311dfc260071c017f8cf:input aftermath could not be settled: Error: Runtime Broker returned HTTP 409 (runtime_session_not_ready).
qwen serve: Hosted wake turn arun_92d02140359be5c2f4ee30b923991adaaa8c1dd23ae3311dfc260071c017f8cf:input aftermath could not be settled: Error: Runtime Broker returned HTTP 409 (runtime_session_not_ready).
qwen serve: Hosted wake turn arun_92d02140359be5c2f4ee30b923991adaaa8c1dd23ae3311dfc260071c017f8cf:input aftermath could not be settled: Error: Runtime Broker returned HTTP 409 (runtime_session_not_ready).
qwen serve: Hosted wake turn arun_92d02140359be5c2f4ee30b923991adaaa8c1dd23ae3311dfc260071c017f8cf:input aftermath could not be settled: Error: Runtime Broker returned HTTP 409 (runtime_session_not_ready).
qwen serve: Hosted wake turn arun_92d02140359be5c2f4ee30b923991adaaa8c1dd23ae3311dfc260071c017f8cf:input aftermath could not be settled: Error: Runtime Broker returned HTTP 409 (runtime_session_not_ready).
qwen serve: Hosted wake turn arun_92d02140359be5c2f4ee30b923991adaaa8c1dd23ae3311dfc260071c017f8cf:input aftermath could not be settled: Error: Runtime Broker returned HTTP 409 (runtime_session_not_ready).
qwen serve: Hosted wake turn arun_92d02140359be5c2f4ee30b923991adaaa8c1dd23ae3311dfc260071c017f8cf:input aftermath could not be settled: Error: Runtime Broker returned HTTP 409 (runtime_session_not_ready).
qwen serve: Hosted wake turn arun_92d02140359be5c2f4ee30b923991adaaa8c1dd23ae3311dfc260071c017f8cf:input aftermath could not be settled: Error: Runtime Broker returned HTTP 409 (runtime_session_not_ready).
qwen serve: Hosted wake turn arun_92d02140359be5c2f4ee30b923991adaaa8c1dd23ae3311dfc260071c017f8cf:input aftermath could not be settled: Error: Runtime Broker returned HTTP 409 (runtime_session_not_ready).
qwen serve: Hosted wake turn arun_92d02140359be5c2f4ee30b923991adaaa8c1dd23ae3311dfc260071c017f8cf:input aftermath could not be settled: Error: Runtime Broker returned HTTP 409 (runtime_session_not_ready).
qwen serve: Hosted wake turn arun_92d02140359be5c2f4ee30b923991adaaa8c1dd23ae3311dfc260071c017f8cf:input aftermath could not be settled: Error: Runtime Broker returned HTTP 409 (runtime_session_not_ready).
qwen serve: Hosted wake turn arun_92d02140359be5c2f4ee30b923991adaaa8c1dd23ae3311dfc260071c017f8cf:input aftermath could not be settled: Error: Runtime Broker returned HTTP 409 (runtime_session_not_ready).
qwen serve: Hosted wake turn arun_92d02140359be5c2f4ee30b923991adaaa8c1dd23ae3311dfc260071c017f8cf:input aftermath could not be settled: Error: Runtime Broker returned HTTP 409 (runtime_session_not_ready).
qwen serve: Hosted wake turn arun_92d02140359be5c2f4ee30b923991adaaa8c1dd23ae3311dfc260071c017f8cf:input aftermath could not be settled: Error: Runtime Broker returned HTTP 409 (runtime_session_not_ready).
qwen serve: Hosted wake turn arun_92d02140359be5c2f4ee30b923991adaaa8c1dd23ae3311dfc260071c017f8cf:input aftermath could not be settled: Error: Runtime Broker returned HTTP 409 (runtime_session_not_ready).
qwen serve: Hosted wake turn arun_92d02140359be5c2f4ee30b923991adaaa8c1dd23ae3311dfc260071c017f8cf:input aftermath could not be settled: Error: Runtime Broker returned HTTP 409 (runtime_session_not_ready).
qwen serve: Hosted wake turn arun_92d02140359be5c2f4ee30b923991adaaa8c1dd23ae3311dfc260071c017f8cf:input aftermath could not be settled: Error: Runtime Broker returned HTTP 409 (runtime_session_not_ready).
qwen serve: Hosted wake turn arun_92d02140359be5c2f4ee30b923991adaaa8c1dd23ae3311dfc260071c017f8cf:input aftermath could not be settled: Error: Runtime Broker returned HTTP 409 (runtime_session_not_ready).
qwen serve: Hosted wake turn arun_92d02140359be5c2f4ee30b923991adaaa8c1dd23ae3311dfc260071c017f8cf:input aftermath could not be settled: Error: Runtime Broker returned HTTP 409 (runtime_session_not_ready).
qwen serve: Hosted wake turn arun_92d02140359be5c2f4ee30b923991adaaa8c1dd23ae3311dfc260071c017f8cf:input aftermath could not be settled: Error: Runtime Broker returned HTTP 409 (runtime_session_not_ready).
qwen serve: Hosted wake turn arun_92d02140359be5c2f4ee30b923991adaaa8c1dd23ae3311dfc260071c017f8cf:input aftermath could not be settled: Error: Runtime Broker returned HTTP 409 (runtime_session_not_ready).
qwen serve: Hosted wake turn arun_92d02140359be5c2f4ee30b923991adaaa8c1dd23ae3311dfc260071c017f8cf:input aftermath could not be settled: Error: Runtime Broker returned HTTP 409 (runtime_session_not_ready).
qwen serve: Hosted wake turn arun_92d02140359be5c2f4ee30b923991adaaa8c1dd23ae3311dfc260071c017f8cf:input aftermath could not be settled: Error: Runtime Broker returned HTTP 409 (runtime_session_not_ready).
qwen serve: Hosted wake turn arun_92d02140359be5c2f4ee30b923991adaaa8c1dd23ae3311dfc260071c017f8cf:input aftermath could not be settled: Error: Runtime Broker returned HTTP 409 (runtime_session_not_ready).
qwen serve: Hosted wake turn arun_92d02140359be5c2f4ee30b923991adaaa8c1dd23ae3311dfc260071c017f8cf:input aftermath could not be settled: Error: Runtime Broker returned HTTP 409 (runtime_session_not_ready).
qwen serve: Hosted wake turn arun_92d02140359be5c2f4ee30b923991adaaa8c1dd23ae3311dfc260071c017f8cf:input aftermath could not be settled: Error: Runtime Broker returned HTTP 409 (runtime_session_not_ready).
qwen serve: Hosted wake turn arun_92d02140359be5c2f4ee30b923991adaaa8c1dd23ae3311dfc260071c017f8cf:input aftermath could not be settled: Error: Runtime Broker returned HTTP 409 (runtime_session_not_ready).
qwen serve: Hosted wake turn arun_92d02140359be5c2f4ee30b923991adaaa8c1dd23ae3311dfc260071c017f8cf:input aftermath could not be settled: Error: Runtime Broker returned HTTP 409 (runtime_session_not_ready).
qwen serve: Hosted wake turn arun_92d02140359be5c2f4ee30b923991adaaa8c1dd23ae3311dfc260071c017f8cf:input aftermath could not be settled: Error: Runtime Broker returned HTTP 409 (runtime_session_not_ready).
qwen serve: Hosted wake turn arun_92d02140359be5c2f4ee30b923991adaaa8c1dd23ae3311dfc260071c017f8cf:input aftermath could not be settled: Error: Runtime Broker returned HTTP 409 (runtime_session_not_ready).
qwen serve: Hosted wake turn arun_92d02140359be5c2f4ee30b923991adaaa8c1dd23ae3311dfc260071c017f8cf:input aftermath could not be settled: Error: Runtime Broker returned HTTP 409 (runtime_session_not_ready).
qwen serve: Hosted wake turn arun_92d02140359be5c2f4ee30b923991adaaa8c1dd23ae3311dfc260071c017f8cf:input aftermath could not be settled: Error: Runtime Broker returned HTTP 409 (runtime_session_not_ready).
qwen serve: Hosted wake turn arun_92d02140359be5c2f4ee30b923991adaaa8c1dd23ae3311dfc260071c017f8cf:input aftermath could not be settled: Error: Runtime Broker returned HTTP 409 (runtime_session_not_ready).
qwen serve: Hosted wake turn arun_92d02140359be5c2f4ee30b923991adaaa8c1dd23ae3311dfc260071c017f8cf:input aftermath could not be settled: Error: Runtime Broker returned HTTP 409 (runtime_session_not_ready).
qwen serve: Hosted wake turn arun_92d02140359be5c2f4ee30b923991adaaa8c1dd23ae3311dfc260071c017f8cf:input aftermath could not be settled: Error: Runtime Broker returned HTTP 409 (runtime_session_not_ready).
qwen serve: Hosted wake turn arun_92d02140359be5c2f4ee30b923991adaaa8c1dd23ae3311dfc260071c017f8cf:input aftermath could not be settled: Error: Runtime Broker returned HTTP 409 (runtime_session_not_ready).
2026-10-09T14:48:50.773Z [WARN] [DAEMON] route=POST /session/37e37f18-e70e-40e6-8d85-6fe841499ad4/automations/operations sessionId=37e37f18-e70e-40e6-8d85-6fe841499ad4 clientId=dc911322-52bc-4299-9e20-6896a4994f1a durationMs=36 status=409 request completed
qwen serve: Hosted wake turn arun_92d02140359be5c2f4ee30b923991adaaa8c1dd23ae3311dfc260071c017f8cf:input aftermath could not be settled: Error: Runtime Broker returned HTTP 409 (runtime_session_not_ready).
qwen serve: Hosted wake turn arun_92d02140359be5c2f4ee30b923991adaaa8c1dd23ae3311dfc260071c017f8cf:input aftermath could not be settled: Error: Runtime Broker returned HTTP 409 (runtime_session_not_ready).
qwen serve: Hosted wake turn arun_92d02140359be5c2f4ee30b923991adaaa8c1dd23ae3311dfc260071c017f8cf:input aftermath could not be settled: Error: Runtime Broker returned HTTP 409 (runtime_session_not_ready).
qwen serve: Hosted wake turn arun_92d02140359be5c2f4ee30b923991adaaa8c1dd23ae3311dfc260071c017f8cf:input aftermath could not be settled: Error: Runtime Broker returned HTTP 409 (runtime_session_not_ready).
qwen serve: Hosted wake turn arun_92d02140359be5c2f4ee30b923991adaaa8c1dd23ae3311dfc260071c017f8cf:input aftermath could not be settled: Error: Runtime Broker returned HTTP 409 (runtime_session_not_ready).
qwen serve: Hosted wake turn arun_92d02140359be5c2f4ee30b923991adaaa8c1dd23ae3311dfc260071c017f8cf:input aftermath could not be settled: Error: Runtime Broker returned HTTP 409 (runtime_session_not_ready).
qwen serve: Hosted wake turn arun_92d02140359be5c2f4ee30b923991adaaa8c1dd23ae3311dfc260071c017f8cf:input aftermath could not be settled: Error: Runtime Broker returned HTTP 409 (runtime_session_not_ready).
qwen serve: Hosted wake turn arun_92d02140359be5c2f4ee30b923991adaaa8c1dd23ae3311dfc260071c017f8cf:input aftermath could not be settled: Error: Runtime Broker returned HTTP 409 (runtime_session_not_ready).
qwen serve: Hosted wake turn arun_92d02140359be5c2f4ee30b923991adaaa8c1dd23ae3311dfc260071c017f8cf:input aftermath could not be settled: Error: Runtime Broker returned HTTP 409 (runtime_session_not_ready).
qwen serve: Hosted wake turn arun_92d02140359be5c2f4ee30b923991adaaa8c1dd23ae3311dfc260071c017f8cf:input aftermath could not be settled: Error: Runtime Broker returned HTTP 409 (runtime_session_not_ready).
qwen serve: Hosted wake turn arun_92d02140359be5c2f4ee30b923991adaaa8c1dd23ae3311dfc260071c017f8cf:input aftermath could not be settled: Error: Runtime Broker returned HTTP 409 (runtime_session_not_ready).
qwen serve: Hosted wake turn arun_92d02140359be5c2f4ee30b923991adaaa8c1dd23ae3311dfc260071c017f8cf:input aftermath could not be settled: Error: Runtime Broker returned HTTP 409 (runtime_session_not_ready).
qwen serve: Hosted wake turn arun_92d02140359be5c2f4ee30b923991adaaa8c1dd23ae3311dfc260071c017f8cf:input aftermath could not be settled: Error: Runtime Broker returned HTTP 409 (runtime_session_not_ready).
qwen serve: Hosted wake turn arun_92d02140359be5c2f4ee30b923991adaaa8c1dd23ae3311dfc260071c017f8cf:input aftermath could not be settled: Error: Runtime Broker returned HTTP 409 (runtime_session_not_ready).
qwen serve: Hosted wake turn arun_92d02140359be5c2f4ee30b923991adaaa8c1dd23ae3311dfc260071c017f8cf:input aftermath could not be settled: Error: Runtime Broker returned HTTP 409 (runtime_session_not_ready).
2026-10-09T14:49:01.067Z [INFO] [DAEMON] route=POST /session/37e37f18-e70e-40e6-8d85-6fe841499ad4/automations/operations sessionId=37e37f18-e70e-40e6-8d85-6fe841499ad4 clientId=dc911322-52bc-4299-9e20-6896a4994f1a durationMs=224 status=202 request completed
qwen serve: Hosted wake turn arun_92d02140359be5c2f4ee30b923991adaaa8c1dd23ae3311dfc260071c017f8cf:input aftermath could not be settled: Error: Runtime Broker returned HTTP 409 (runtime_session_not_ready).
qwen serve: Hosted wake turn arun_92d02140359be5c2f4ee30b923991adaaa8c1dd23ae3311dfc260071c017f8cf:input aftermath could not be settled: Error: Runtime Broker returned HTTP 409 (runtime_session_not_ready).
qwen serve: Hosted wake turn arun_92d02140359be5c2f4ee30b923991adaaa8c1dd23ae3311dfc260071c017f8cf:input aftermath could not be settled: Error: Runtime Broker returned HTTP 409 (runtime_session_not_ready).
qwen serve: Hosted wake turn arun_92d02140359be5c2f4ee30b923991adaaa8c1dd23ae3311dfc260071c017f8cf:input aftermath could not be settled: Error: Runtime Broker returned HTTP 409 (runtime_session_not_ready).
qwen serve: Hosted wake turn arun_92d02140359be5c2f4ee30b923991adaaa8c1dd23ae3311dfc260071c017f8cf:input aftermath could not be settled: Error: Runtime Broker returned HTTP 409 (runtime_session_not_ready).
qwen serve: Hosted wake turn arun_92d02140359be5c2f4ee30b923991adaaa8c1dd23ae3311dfc260071c017f8cf:input aftermath could not be settled: Error: Runtime Broker returned HTTP 409 (runtime_session_not_ready).
qwen serve: Hosted wake turn arun_92d02140359be5c2f4ee30b923991adaaa8c1dd23ae3311dfc260071c017f8cf:input aftermath could not be settled: Error: Runtime Broker returned HTTP 409 (runtime_session_not_ready).
qwen serve: Hosted wake turn arun_92d02140359be5c2f4ee30b923991adaaa8c1dd23ae3311dfc260071c017f8cf:input aftermath could not be settled: Error: Runtime Broker returned HTTP 409 (runtime_session_not_ready).
qwen serve: Hosted wake turn arun_92d02140359be5c2f4ee30b923991adaaa8c1dd23ae3311dfc260071c017f8cf:input aftermath could not be settled: Error: Runtime Broker returned HTTP 409 (runtime_session_not_ready).
qwen serve: Hosted wake turn arun_92d02140359be5c2f4ee30b923991adaaa8c1dd23ae3311dfc260071c017f8cf:input aftermath could not be settled: Error: Runtime Broker returned HTTP 409 (runtime_session_not_ready).
qwen serve: Hosted wake turn arun_92d02140359be5c2f4ee30b923991adaaa8c1dd23ae3311dfc260071c017f8cf:input aftermath could not be settled: Error: Runtime Broker returned HTTP 409 (runtime_session_not_ready).
qwen serve: Hosted wake turn arun_92d02140359be5c2f4ee30b923991adaaa8c1dd23ae3311dfc260071c017f8cf:input aftermath could not be settled: Error: Runtime Broker returned HTTP 409 (runtime_session_not_ready).
qwen serve: Hosted wake turn arun_92d02140359be5c2f4ee30b923991adaaa8c1dd23ae3311dfc260071c017f8cf:input aftermath could not be settled: Error: Runtime Broker returned HTTP 409 (runtime_session_not_ready).
qwen serve: Hosted wake turn arun_92d02140359be5c2f4ee30b923991adaaa8c1dd23ae3311dfc260071c017f8cf:input aftermath could not be settled: Error: Runtime Broker returned HTTP 409 (runtime_session_not_ready).
qwen serve: Hosted wake turn arun_92d02140359be5c2f4ee30b923991adaaa8c1dd23ae3311dfc260071c017f8cf:input aftermath could not be settled: Error: Runtime Broker returned HTTP 409 (runtime_session_not_ready).
qwen serve: Hosted wake turn arun_92d02140359be5c2f4ee30b923991adaaa8c1dd23ae3311dfc260071c017f8cf:input aftermath could not be settled: Error: Runtime Broker returned HTTP 409 (runtime_session_not_ready).
qwen serve: Hosted wake turn arun_92d02140359be5c2f4ee30b923991adaaa8c1dd23ae3311dfc260071c017f8cf:input aftermath could not be settled: Error: Runtime Broker returned HTTP 409 (runtime_session_not_ready).
qwen serve: Hosted wake turn arun_92d02140359be5c2f4ee30b923991adaaa8c1dd23ae3311dfc260071c017f8cf:input aftermath could not be settled: Error: Runtime Broker returned HTTP 409 (runtime_session_not_ready).
qwen serve: Hosted wake turn arun_92d02140359be5c2f4ee30b923991adaaa8c1dd23ae3311dfc260071c017f8cf:input aftermath could not be settled: Error: Runtime Broker returned HTTP 409 (runtime_session_not_ready).
qwen serve: Hosted wake turn arun_92d02140359be5c2f4ee30b923991adaaa8c1dd23ae3311dfc260071c017f8cf:input aftermath could not be settled: Error: Runtime Broker returned HTTP 409 (runtime_session_not_ready).
qwen serve: Hosted wake turn arun_92d02140359be5c2f4ee30b923991adaaa8c1dd23ae3311dfc260071c017f8cf:input aftermath could not be settled: Error: Runtime Broker returned HTTP 409 (runtime_session_not_ready).
qwen serve: Hosted wake turn arun_92d02140359be5c2f4ee30b923991adaaa8c1dd23ae3311dfc260071c017f8cf:input aftermath could not be settled: Error: Runtime Broker returned HTTP 409 (runtime_session_not_ready).
qwen serve: Hosted wake turn arun_92d02140359be5c2f4ee30b923991adaaa8c1dd23ae3311dfc260071c017f8cf:input aftermath could not be settled: Error: Runtime Broker returned HTTP 409 (runtime_session_not_ready).
qwen serve: Hosted wake turn arun_92d02140359be5c2f4ee30b923991adaaa8c1dd23ae3311dfc260071c017f8cf:input aftermath could not be settled: Error: Runtime Broker returned HTTP 409 (runtime_session_not_ready).
qwen serve: Hosted wake turn arun_92d02140359be5c2f4ee30b923991adaaa8c1dd23ae3311dfc260071c017f8cf:input aftermath could not be settled: Error: Runtime Broker returned HTTP 409 (runtime_session_not_ready).
qwen serve: Hosted wake turn arun_92d02140359be5c2f4ee30b923991adaaa8c1dd23ae3311dfc260071c017f8cf:input aftermath could not be settled: Error: Runtime Broker returned HTTP 409 (runtime_session_not_ready).
qwen serve: Hosted wake turn arun_92d02140359be5c2f4ee30b923991adaaa8c1dd23ae3311dfc260071c017f8cf:input aftermath could not be settled: Error: Runtime Broker returned HTTP 409 (runtime_session_not_ready).
qwen serve: Hosted wake turn arun_92d02140359be5c2f4ee30b923991adaaa8c1dd23ae3311dfc260071c017f8cf:input aftermath could not be settled: Error: Runtime Broker returned HTTP 409 (runtime_session_not_ready).
qwen serve: Hosted wake turn arun_92d02140359be5c2f4ee30b923991adaaa8c1dd23ae3311dfc260071c017f8cf:input aftermath could not be settled: Error: Runtime Broker returned HTTP 409 (runtime_session_not_ready).
qwen serve: Hosted wake turn arun_92d02140359be5c2f4ee30b923991adaaa8c1dd23ae3311dfc260071c017f8cf:input aftermath could not be settled: Error: Runtime Broker returned HTTP 409 (runtime_session_not_ready).
qwen serve: Hosted wake turn arun_92d02140359be5c2f4ee30b923991adaaa8c1dd23ae3311dfc260071c017f8cf:input aftermath could not be settled: Error: Runtime Broker returned HTTP 409 (runtime_session_not_ready).
qwen serve: Hosted wake turn arun_92d02140359be5c2f4ee30b923991adaaa8c1dd23ae3311dfc260071c017f8cf:input aftermath could not be settled: Error: Runtime Broker returned HTTP 409 (runtime_session_not_ready).
qwen serve: Hosted wake turn arun_92d02140359be5c2f4ee30b923991adaaa8c1dd23ae3311dfc260071c017f8cf:input aftermath could not be settled: Error: Runtime Broker returned HTTP 409 (runtime_session_not_ready).
qwen serve: Hosted wake turn arun_92d02140359be5c2f4ee30b923991adaaa8c1dd23ae3311dfc260071c017f8cf:input aftermath could not be settled: Error: Runtime Broker returned HTTP 409 (runtime_session_not_ready).
qwen serve: Hosted wake turn arun_92d02140359be5c2f4ee30b923991adaaa8c1dd23ae3311dfc260071c017f8cf:input aftermath could not be settled: Error: Runtime Broker returned HTTP 409 (runtime_session_not_ready).
qwen serve: Hosted wake turn arun_92d02140359be5c2f4ee30b923991adaaa8c1dd23ae3311dfc260071c017f8cf:input aftermath could not be settled: Error: Runtime Broker returned HTTP 409 (runtime_session_not_ready).
qwen serve: Hosted wake turn arun_92d02140359be5c2f4ee30b923991adaaa8c1dd23ae3311dfc260071c017f8cf:input aftermath could not be settled: Error: Runtime Broker returned HTTP 409 (runtime_session_not_ready).
qwen serve: Hosted wake turn arun_92d02140359be5c2f4ee30b923991adaaa8c1dd23ae3311dfc260071c017f8cf:input aftermath could not be settled: Error: Runtime Broker returned HTTP 409 (runtime_session_not_ready).
qwen serve: Hosted wake turn arun_92d02140359be5c2f4ee30b923991adaaa8c1dd23ae3311dfc260071c017f8cf:input aftermath could not be settled: Error: Runtime Broker returned HTTP 409 (runtime_session_not_ready).
qwen serve: Hosted wake turn arun_92d02140359be5c2f4ee30b923991adaaa8c1dd23ae3311dfc260071c017f8cf:input aftermath could not be settled: Error: Runtime Broker returned HTTP 409 (runtime_session_not_ready).
qwen serve: Hosted wake turn arun_92d02140359be5c2f4ee30b923991adaaa8c1dd23ae3311dfc260071c017f8cf:input aftermath could not be settled: Error: Runtime Broker returned HTTP 409 (runtime_session_not_ready).
qwen serve: Hosted wake turn arun_92d02140359be5c2f4ee30b923991adaaa8c1dd23ae3311dfc260071c017f8cf:input aftermath could not be settled: Error: Runtime Broker returned HTTP 409 (runtime_session_not_ready).
qwen serve: Hosted wake turn arun_92d02140359be5c2f4ee30b923991adaaa8c1dd23ae3311dfc260071c017f8cf:input aftermath could not be settled: Error: Runtime Broker returned HTTP 409 (runtime_session_not_ready).
qwen serve: Hosted wake turn arun_92d02140359be5c2f4ee30b923991adaaa8c1dd23ae3311dfc260071c017f8cf:input aftermath could not be settled: Error: Runtime Broker returned HTTP 409 (runtime_session_not_ready).
qwen serve: Hosted wake turn arun_92d02140359be5c2f4ee30b923991adaaa8c1dd23ae3311dfc260071c017f8cf:input aftermath could not be settled: Error: Runtime Broker returned HTTP 409 (runtime_session_not_ready).
qwen serve: Hosted wake turn arun_92d02140359be5c2f4ee30b923991adaaa8c1dd23ae3311dfc260071c017f8cf:input aftermath could not be settled: Error: Runtime Broker returned HTTP 409 (runtime_session_not_ready).
qwen serve: Hosted wake turn arun_92d02140359be5c2f4ee30b923991adaaa8c1dd23ae3311dfc260071c017f8cf:input aftermath could not be settled: Error: Runtime Broker returned HTTP 409 (runtime_session_not_ready).
qwen serve: Hosted wake turn arun_92d02140359be5c2f4ee30b923991adaaa8c1dd23ae3311dfc260071c017f8cf:input aftermath could not be settled: Error: Runtime Broker returned HTTP 409 (runtime_session_not_ready).
qwen serve: Hosted wake turn arun_92d02140359be5c2f4ee30b923991adaaa8c1dd23ae3311dfc260071c017f8cf:input aftermath could not be settled: Error: Runtime Broker returned HTTP 409 (runtime_session_not_ready).
qwen serve: Hosted wake turn arun_92d02140359be5c2f4ee30b923991adaaa8c1dd23ae3311dfc260071c017f8cf:input aftermath could not be settled: Error: Runtime Broker returned HTTP 409 (runtime_session_not_ready).
qwen serve: Hosted wake turn arun_92d02140359be5c2f4ee30b923991adaaa8c1dd23ae3311dfc260071c017f8cf:input aftermath could not be settled: Error: Runtime Broker returned HTTP 409 (runtime_session_not_ready).
qwen serve: Hosted wake turn arun_92d02140359be5c2f4ee30b923991adaaa8c1dd23ae3311dfc260071c017f8cf:input aftermath could not be settled: Error: Runtime Broker returned HTTP 409 (runtime_session_not_ready).
qwen serve: Hosted wake turn arun_92d02140359be5c2f4ee30b923991adaaa8c1dd23ae3311dfc260071c017f8cf:input aftermath could not be settled: Error: Runtime Broker returned HTTP 409 (runtime_session_not_ready).
qwen serve: Hosted wake turn arun_92d02140359be5c2f4ee30b923991adaaa8c1dd23ae3311dfc260071c017f8cf:input aftermath could not be settled: Error: Runtime Broker returned HTTP 409 (runtime_session_not_ready).
qwen serve: Hosted wake turn arun_92d02140359be5c2f4ee30b923991adaaa8c1dd23ae3311dfc260071c017f8cf:input aftermath could not be settled: Error: Runtime Broker returned HTTP 409 (runtime_session_not_ready).
qwen serve: Hosted wake turn arun_92d02140359be5c2f4ee30b923991adaaa8c1dd23ae3311dfc260071c017f8cf:input aftermath could not be settled: Error: Runtime Broker returned HTTP 409 (runtime_session_not_ready).
qwen serve: Hosted wake turn arun_92d02140359be5c2f4ee30b923991adaaa8c1dd23ae3311dfc260071c017f8cf:input aftermath could not be settled: Error: Runtime Broker returned HTTP 409 (runtime_session_not_ready).
qwen serve: Hosted wake turn arun_92d02140359be5c2f4ee30b923991adaaa8c1dd23ae3311dfc260071c017f8cf:input aftermath could not be settled: Error: Runtime Broker returned HTTP 409 (runtime_session_not_ready).
qwen serve: Hosted wake turn arun_92d02140359be5c2f4ee30b923991adaaa8c1dd23ae3311dfc260071c017f8cf:input aftermath could not be settled: Error: Runtime Broker returned HTTP 409 (runtime_session_not_ready).
qwen serve: Hosted wake turn arun_92d02140359be5c2f4ee30b923991adaaa8c1dd23ae3311dfc260071c017f8cf:input aftermath could not be settled: Error: Runtime Broker returned HTTP 409 (runtime_session_not_ready).
qwen serve: Hosted wake turn arun_92d02140359be5c2f4ee30b923991adaaa8c1dd23ae3311dfc260071c017f8cf:input aftermath could not be settled: Error: Runtime Broker returned HTTP 409 (runtime_session_not_ready).
qwen serve: Hosted wake turn arun_92d02140359be5c2f4ee30b923991adaaa8c1dd23ae3311dfc260071c017f8cf:input aftermath could not be settled: Error: Runtime Broker returned HTTP 409 (runtime_session_not_ready).
qwen serve: Hosted wake turn arun_92d02140359be5c2f4ee30b923991adaaa8c1dd23ae3311dfc260071c017f8cf:input aftermath could not be settled: Error: Runtime Broker returned HTTP 409 (runtime_session_not_ready).
qwen serve: Hosted wake turn arun_92d02140359be5c2f4ee30b923991adaaa8c1dd23ae3311dfc260071c017f8cf:input aftermath could not be settled: Error: Runtime Broker returned HTTP 409 (runtime_session_not_ready).
qwen serve: Hosted wake turn arun_92d02140359be5c2f4ee30b923991adaaa8c1dd23ae3311dfc260071c017f8cf:input aftermath could not be settled: Error: Runtime Broker returned HTTP 409 (runtime_session_not_ready).
qwen serve: Hosted wake turn arun_92d02140359be5c2f4ee30b923991adaaa8c1dd23ae3311dfc260071c017f8cf:input aftermath could not be settled: Error: Runtime Broker returned HTTP 409 (runtime_session_not_ready).
qwen serve: Hosted wake turn arun_92d02140359be5c2f4ee30b923991adaaa8c1dd23ae3311dfc260071c017f8cf:input aftermath could not be settled: Error: Runtime Broker returned HTTP 409 (runtime_session_not_ready).
qwen serve: Hosted wake turn arun_92d02140359be5c2f4ee30b923991adaaa8c1dd23ae3311dfc260071c017f8cf:input aftermath could not be settled: Error: Runtime Broker returned HTTP 409 (runtime_session_not_ready).
2026-10-09T14:49:51.375Z [WARN] [DAEMON] route=POST /session/37e37f18-e70e-40e6-8d85-6fe841499ad4/automations/operations sessionId=37e37f18-e70e-40e6-8d85-6fe841499ad4 clientId=dc911322-52bc-4299-9e20-6896a4994f1a durationMs=74 status=409 request completed
qwen serve: Hosted wake turn arun_92d02140359be5c2f4ee30b923991adaaa8c1dd23ae3311dfc260071c017f8cf:input aftermath could not be settled: Error: Runtime Broker returned HTTP 409 (runtime_session_not_ready).
qwen serve: Hosted wake turn arun_92d02140359be5c2f4ee30b923991adaaa8c1dd23ae3311dfc260071c017f8cf:input aftermath could not be settled: Error: Runtime Broker returned HTTP 409 (runtime_session_not_ready).
qwen serve: Hosted wake turn arun_92d02140359be5c2f4ee30b923991adaaa8c1dd23ae3311dfc260071c017f8cf:input aftermath could not be settled: Error: Runtime Broker returned HTTP 409 (runtime_session_not_ready).
qwen serve: Hosted wake turn arun_92d02140359be5c2f4ee30b923991adaaa8c1dd23ae3311dfc260071c017f8cf:input aftermath could not be settled: Error: Runtime Broker returned HTTP 409 (runtime_session_not_ready).
qwen serve: Hosted wake turn arun_92d02140359be5c2f4ee30b923991adaaa8c1dd23ae3311dfc260071c017f8cf:input aftermath could not be settled: Error: Runtime Broker returned HTTP 409 (runtime_session_not_ready).
qwen serve: Hosted wake turn arun_92d02140359be5c2f4ee30b923991adaaa8c1dd23ae3311dfc260071c017f8cf:input aftermath could not be settled: Error: Runtime Broker returned HTTP 409 (runtime_session_not_ready).
qwen serve: Hosted wake turn arun_92d02140359be5c2f4ee30b923991adaaa8c1dd23ae3311dfc260071c017f8cf:input aftermath could not be settled: Error: Runtime Broker returned HTTP 409 (runtime_session_not_ready).
qwen serve: Hosted wake turn arun_92d02140359be5c2f4ee30b923991adaaa8c1dd23ae3311dfc260071c017f8cf:input aftermath could not be settled: Error: Runtime Broker returned HTTP 409 (runtime_session_not_ready).
qwen serve: Hosted wake turn arun_92d02140359be5c2f4ee30b923991adaaa8c1dd23ae3311dfc260071c017f8cf:input aftermath could not be settled: Error: Runtime Broker returned HTTP 409 (runtime_session_not_ready).
qwen serve: Hosted wake turn arun_92d02140359be5c2f4ee30b923991adaaa8c1dd23ae3311dfc260071c017f8cf:input aftermath could not be settled: Error: Runtime Broker returned HTTP 409 (runtime_session_not_ready).
qwen serve: Hosted wake turn arun_92d02140359be5c2f4ee30b923991adaaa8c1dd23ae3311dfc260071c017f8cf:input aftermath could not be settled: Error: Runtime Broker returned HTTP 409 (runtime_session_not_ready).
qwen serve: Hosted wake turn arun_92d02140359be5c2f4ee30b923991adaaa8c1dd23ae3311dfc260071c017f8cf:input aftermath could not be settled: Error: Runtime Broker returned HTTP 409 (runtime_session_not_ready).
qwen serve: Hosted wake turn arun_92d02140359be5c2f4ee30b923991adaaa8c1dd23ae3311dfc260071c017f8cf:input aftermath could not be settled: Error: Runtime Broker returned HTTP 409 (runtime_session_not_ready).
2026-10-09T14:50:01.498Z [INFO] [DAEMON] route=POST /session/37e37f18-e70e-40e6-8d85-6fe841499ad4/automations/operations sessionId=37e37f18-e70e-40e6-8d85-6fe841499ad4 clientId=dc911322-52bc-4299-9e20-6896a4994f1a durationMs=50 status=202 request completed
qwen serve: Hosted wake turn arun_92d02140359be5c2f4ee30b923991adaaa8c1dd23ae3311dfc260071c017f8cf:input aftermath could not be settled: Error: Runtime Broker returned HTTP 409 (runtime_session_not_ready).
qwen serve: Hosted wake turn arun_92d02140359be5c2f4ee30b923991adaaa8c1dd23ae3311dfc260071c017f8cf:input aftermath could not be settled: Error: Runtime Broker returned HTTP 409 (runtime_session_not_ready).
qwen serve: Hosted wake turn arun_92d02140359be5c2f4ee30b923991adaaa8c1dd23ae3311dfc260071c017f8cf:input aftermath could not be settled: Error: Runtime Broker returned HTTP 409 (runtime_session_not_ready).
qwen serve: Hosted wake turn arun_92d02140359be5c2f4ee30b923991adaaa8c1dd23ae3311dfc260071c017f8cf:input aftermath could not be settled: Error: Runtime Broker returned HTTP 409 (runtime_session_not_ready).
qwen serve: Hosted wake turn arun_92d02140359be5c2f4ee30b923991adaaa8c1dd23ae3311dfc260071c017f8cf:input aftermath could not be settled: Error: Runtime Broker returned HTTP 409 (runtime_session_not_ready).
qwen serve: Hosted wake turn arun_92d02140359be5c2f4ee30b923991adaaa8c1dd23ae3311dfc260071c017f8cf:input aftermath could not be settled: Error: Runtime Broker returned HTTP 409 (runtime_session_not_ready).
qwen serve: Hosted wake turn arun_92d02140359be5c2f4ee30b923991adaaa8c1dd23ae3311dfc260071c017f8cf:input aftermath could not be settled: Error: Runtime Broker returned HTTP 409 (runtime_session_not_ready).
qwen serve: Hosted wake turn arun_92d02140359be5c2f4ee30b923991adaaa8c1dd23ae3311dfc260071c017f8cf:input aftermath could not be settled: Error: Runtime Broker returned HTTP 409 (runtime_session_not_ready).
qwen serve: Hosted wake turn arun_92d02140359be5c2f4ee30b923991adaaa8c1dd23ae3311dfc260071c017f8cf:input aftermath could not be settled: Error: Runtime Broker returned HTTP 409 (runtime_session_not_ready).
qwen serve: Hosted wake turn arun_92d02140359be5c2f4ee30b923991adaaa8c1dd23ae3311dfc260071c017f8cf:input aftermath could not be settled: Error: Runtime Broker returned HTTP 409 (runtime_session_not_ready).
qwen serve: Hosted wake turn arun_92d02140359be5c2f4ee30b923991adaaa8c1dd23ae3311dfc260071c017f8cf:input aftermath could not be settled: Error: Runtime Broker returned HTTP 409 (runtime_session_not_ready).
qwen serve: Hosted wake turn arun_92d02140359be5c2f4ee30b923991adaaa8c1dd23ae3311dfc260071c017f8cf:input aftermath could not be settled: Error: Runtime Broker returned HTTP 409 (runtime_session_not_ready).
qwen serve: Hosted wake turn arun_92d02140359be5c2f4ee30b923991adaaa8c1dd23ae3311dfc260071c017f8cf:input aftermath could not be settled: Error: Runtime Broker returned HTTP 409 (runtime_session_not_ready).
qwen serve: Hosted wake turn arun_92d02140359be5c2f4ee30b923991adaaa8c1dd23ae3311dfc260071c017f8cf:input aftermath could not be settled: Error: Runtime Broker returned HTTP 409 (runtime_session_not_ready).
qwen serve: Hosted wake turn arun_92d02140359be5c2f4ee30b923991adaaa8c1dd23ae3311dfc260071c017f8cf:input aftermath could not be settled: Error: Runtime Broker returned HTTP 409 (runtime_session_not_ready).
qwen serve: Hosted wake turn arun_92d02140359be5c2f4ee30b923991adaaa8c1dd23ae3311dfc260071c017f8cf:input aftermath could not be settled: Error: Runtime Broker returned HTTP 409 (runtime_session_not_ready).
qwen serve: Hosted wake turn arun_92d02140359be5c2f4ee30b923991adaaa8c1dd23ae3311dfc260071c017f8cf:input aftermath could not be settled: Error: Runtime Broker returned HTTP 409 (runtime_session_not_ready).
qwen serve: Hosted wake turn arun_92d02140359be5c2f4ee30b923991adaaa8c1dd23ae3311dfc260071c017f8cf:input aftermath could not be settled: Error: Runtime Broker returned HTTP 409 (runtime_session_not_ready).
qwen serve: Hosted wake turn arun_92d02140359be5c2f4ee30b923991adaaa8c1dd23ae3311dfc260071c017f8cf:input aftermath could not be settled: Error: Runtime Broker returned HTTP 409 (runtime_session_not_ready).
qwen serve: Hosted wake turn arun_92d02140359be5c2f4ee30b923991adaaa8c1dd23ae3311dfc260071c017f8cf:input aftermath could not be settled: Error: Runtime Broker returned HTTP 409 (runtime_session_not_ready).
qwen serve: Hosted wake turn arun_92d02140359be5c2f4ee30b923991adaaa8c1dd23ae3311dfc260071c017f8cf:input aftermath could not be settled: Error: Runtime Broker returned HTTP 409 (runtime_session_not_ready).
qwen serve: Hosted wake turn arun_92d02140359be5c2f4ee30b923991adaaa8c1dd23ae3311dfc260071c017f8cf:input aftermath could not be settled: Error: Runtime Broker returned HTTP 409 (runtime_session_not_ready).
qwen serve: Hosted wake turn arun_92d02140359be5c2f4ee30b923991adaaa8c1dd23ae3311dfc260071c017f8cf:input aftermath could not be settled: Error: Runtime Broker returned HTTP 409 (runtime_session_not_ready).
qwen serve: Hosted wake turn arun_92d02140359be5c2f4ee30b923991adaaa8c1dd23ae3311dfc260071c017f8cf:input aftermath could not be settled: Error: Runtime Broker returned HTTP 409 (runtime_session_not_ready).
qwen serve: Hosted wake turn arun_92d02140359be5c2f4ee30b923991adaaa8c1dd23ae3311dfc260071c017f8cf:input aftermath could not be settled: Error: Runtime Broker returned HTTP 409 (runtime_session_not_ready).
qwen serve: Hosted wake turn arun_92d02140359be5c2f4ee30b923991adaaa8c1dd23ae3311dfc260071c017f8cf:input aftermath could not be settled: Error: Runtime Broker returned HTTP 409 (runtime_session_not_ready).
qwen serve: Hosted wake turn arun_92d02140359be5c2f4ee30b923991adaaa8c1dd23ae3311dfc260071c017f8cf:input aftermath could not be settled: Error: Runtime Broker returned HTTP 409 (runtime_session_not_ready).
qwen serve: Hosted wake turn arun_92d02140359be5c2f4ee30b923991adaaa8c1dd23ae3311dfc260071c017f8cf:input aftermath could not be settled: Error: Runtime Broker returned HTTP 409 (runtime_session_not_ready).
qwen serve: Hosted wake turn arun_92d02140359be5c2f4ee30b923991adaaa8c1dd23ae3311dfc260071c017f8cf:input aftermath could not be settled: Error: Runtime Broker returned HTTP 409 (runtime_session_not_ready).
qwen serve: Hosted wake turn arun_92d02140359be5c2f4ee30b923991adaaa8c1dd23ae3311dfc260071c017f8cf:input aftermath could not be settled: Error: Runtime Broker returned HTTP 409 (runtime_session_not_ready).
qwen serve: Hosted wake turn arun_92d02140359be5c2f4ee30b923991adaaa8c1dd23ae3311dfc260071c017f8cf:input aftermath could not be settled: Error: Runtime Broker returned HTTP 409 (runtime_session_not_ready).
qwen serve: Hosted wake turn arun_92d02140359be5c2f4ee30b923991adaaa8c1dd23ae3311dfc260071c017f8cf:input aftermath could not be settled: Error: Runtime Broker returned HTTP 409 (runtime_session_not_ready).
qwen serve: Hosted wake turn arun_92d02140359be5c2f4ee30b923991adaaa8c1dd23ae3311dfc260071c017f8cf:input aftermath could not be settled: Error: Runtime Broker returned HTTP 409 (runtime_session_not_ready).
qwen serve: Hosted wake turn arun_92d02140359be5c2f4ee30b923991adaaa8c1dd23ae3311dfc260071c017f8cf:input aftermath could not be settled: Error: Runtime Broker returned HTTP 409 (runtime_session_not_ready).
qwen serve: Hosted wake turn arun_92d02140359be5c2f4ee30b923991adaaa8c1dd23ae3311dfc260071c017f8cf:input aftermath could not be settled: Error: Runtime Broker returned HTTP 409 (runtime_session_not_ready).
qwen serve: Hosted wake turn arun_92d02140359be5c2f4ee30b923991adaaa8c1dd23ae3311dfc260071c017f8cf:input aftermath could not be settled: Error: Runtime Broker returned HTTP 409 (runtime_session_not_ready).
qwen serve: Hosted wake turn arun_92d02140359be5c2f4ee30b923991adaaa8c1dd23ae3311dfc260071c017f8cf:input aftermath could not be settled: Error: Runtime Broker returned HTTP 409 (runtime_session_not_ready).
qwen serve: Hosted wake turn arun_92d02140359be5c2f4ee30b923991adaaa8c1dd23ae3311dfc260071c017f8cf:input aftermath could not be settled: Error: Runtime Broker returned HTTP 409 (runtime_session_not_ready).
qwen serve: Hosted wake turn arun_92d02140359be5c2f4ee30b923991adaaa8c1dd23ae3311dfc260071c017f8cf:input aftermath could not be settled: Error: Runtime Broker returned HTTP 409 (runtime_session_not_ready).
qwen serve: Hosted wake turn arun_92d02140359be5c2f4ee30b923991adaaa8c1dd23ae3311dfc260071c017f8cf:input aftermath could not be settled: Error: Runtime Broker returned HTTP 409 (runtime_session_not_ready).
qwen serve: Hosted wake turn arun_92d02140359be5c2f4ee30b923991adaaa8c1dd23ae3311dfc260071c017f8cf:input aftermath could not be settled: Error: Runtime Broker returned HTTP 409 (runtime_session_not_ready).
qwen serve: Hosted wake turn arun_92d02140359be5c2f4ee30b923991adaaa8c1dd23ae3311dfc260071c017f8cf:input aftermath could not be settled: Error: Runtime Broker returned HTTP 409 (runtime_session_not_ready).
qwen serve: Hosted wake turn arun_92d02140359be5c2f4ee30b923991adaaa8c1dd23ae3311dfc260071c017f8cf:input aftermath could not be settled: Error: Runtime Broker returned HTTP 409 (runtime_session_not_ready).
qwen serve: Hosted wake turn arun_92d02140359be5c2f4ee30b923991adaaa8c1dd23ae3311dfc260071c017f8cf:input aftermath could not be settled: Error: Runtime Broker returned HTTP 409 (runtime_session_not_ready).
qwen serve: Hosted wake turn arun_92d02140359be5c2f4ee30b923991adaaa8c1dd23ae3311dfc260071c017f8cf:input aftermath could not be settled: Error: Runtime Broker returned HTTP 409 (runtime_session_not_ready).
qwen serve: Hosted wake turn arun_92d02140359be5c2f4ee30b923991adaaa8c1dd23ae3311dfc260071c017f8cf:input aftermath could not be settled: Error: Runtime Broker returned HTTP 409 (runtime_session_not_ready).
qwen serve: Hosted wake turn arun_92d02140359be5c2f4ee30b923991adaaa8c1dd23ae3311dfc260071c017f8cf:input aftermath could not be settled: Error: Runtime Broker returned HTTP 409 (runtime_session_not_ready).
qwen serve: Hosted wake turn arun_92d02140359be5c2f4ee30b923991adaaa8c1dd23ae3311dfc260071c017f8cf:input aftermath could not be settled: Error: Runtime Broker returned HTTP 409 (runtime_session_not_ready).
qwen serve: Hosted wake turn arun_92d02140359be5c2f4ee30b923991adaaa8c1dd23ae3311dfc260071c017f8cf:input aftermath could not be settled: Error: Runtime Broker returned HTTP 409 (runtime_session_not_ready).
qwen serve: Hosted wake turn arun_92d02140359be5c2f4ee30b923991adaaa8c1dd23ae3311dfc260071c017f8cf:input aftermath could not be settled: Error: Runtime Broker returned HTTP 409 (runtime_session_not_ready).
qwen serve: Hosted wake turn arun_92d02140359be5c2f4ee30b923991adaaa8c1dd23ae3311dfc260071c017f8cf:input aftermath could not be settled: Error: Runtime Broker returned HTTP 409 (runtime_session_not_ready).
qwen serve: Hosted wake turn arun_92d02140359be5c2f4ee30b923991adaaa8c1dd23ae3311dfc260071c017f8cf:input aftermath could not be settled: Error: Runtime Broker returned HTTP 409 (runtime_session_not_ready).
qwen serve: Hosted wake turn arun_92d02140359be5c2f4ee30b923991adaaa8c1dd23ae3311dfc260071c017f8cf:input aftermath could not be settled: Error: Runtime Broker returned HTTP 409 (runtime_session_not_ready).
qwen serve: Hosted wake turn arun_92d02140359be5c2f4ee30b923991adaaa8c1dd23ae3311dfc260071c017f8cf:input aftermath could not be settled: Error: Runtime Broker returned HTTP 409 (runtime_session_not_ready).
qwen serve: Hosted wake turn arun_92d02140359be5c2f4ee30b923991adaaa8c1dd23ae3311dfc260071c017f8cf:input aftermath could not be settled: Error: Runtime Broker returned HTTP 409 (runtime_session_not_ready).
qwen serve: Hosted wake turn arun_92d02140359be5c2f4ee30b923991adaaa8c1dd23ae3311dfc260071c017f8cf:input aftermath could not be settled: Error: Runtime Broker returned HTTP 409 (runtime_session_not_ready).
qwen serve: Hosted wake turn arun_92d02140359be5c2f4ee30b923991adaaa8c1dd23ae3311dfc260071c017f8cf:input aftermath could not be settled: Error: Runtime Broker returned HTTP 409 (runtime_session_not_ready).
qwen serve: Hosted wake turn arun_92d02140359be5c2f4ee30b923991adaaa8c1dd23ae3311dfc260071c017f8cf:input aftermath could not be settled: Error: Runtime Broker returned HTTP 409 (runtime_session_not_ready).
qwen serve: Hosted wake turn arun_92d02140359be5c2f4ee30b923991adaaa8c1dd23ae3311dfc260071c017f8cf:input aftermath could not be settled: Error: Runtime Broker returned HTTP 409 (runtime_session_not_ready).
qwen serve: Hosted wake turn arun_92d02140359be5c2f4ee30b923991adaaa8c1dd23ae3311dfc260071c017f8cf:input aftermath could not be settled: Error: Runtime Broker returned HTTP 409 (runtime_session_not_ready).
qwen serve: Hosted wake turn arun_92d02140359be5c2f4ee30b923991adaaa8c1dd23ae3311dfc260071c017f8cf:input aftermath could not be settled: Error: Runtime Broker returned HTTP 409 (runtime_session_not_ready).
qwen serve: Hosted wake turn arun_92d02140359be5c2f4ee30b923991adaaa8c1dd23ae3311dfc260071c017f8cf:input aftermath could not be settled: Error: Runtime Broker returned HTTP 409 (runtime_session_not_ready).
qwen serve: Hosted wake turn arun_92d02140359be5c2f4ee30b923991adaaa8c1dd23ae3311dfc260071c017f8cf:input aftermath could not be settled: Error: Runtime Broker returned HTTP 409 (runtime_session_not_ready).
qwen serve: Hosted wake turn arun_92d02140359be5c2f4ee30b923991adaaa8c1dd23ae3311dfc260071c017f8cf:input aftermath could not be settled: Error: Runtime Broker returned HTTP 409 (runtime_session_not_ready).
qwen serve: Hosted wake turn arun_92d02140359be5c2f4ee30b923991adaaa8c1dd23ae3311dfc260071c017f8cf:input aftermath could not be settled: Error: Runtime Broker returned HTTP 409 (runtime_session_not_ready).
qwen serve: Hosted wake turn arun_92d02140359be5c2f4ee30b923991adaaa8c1dd23ae3311dfc260071c017f8cf:input aftermath could not be settled: Error: Runtime Broker returned HTTP 409 (runtime_session_not_ready).
2026-10-09T14:51:01.942Z [INFO] [DAEMON] route=POST /session/37e37f18-e70e-40e6-8d85-6fe841499ad4/automations/operations sessionId=37e37f18-e70e-40e6-8d85-6fe841499ad4 clientId=dc911322-52bc-4299-9e20-6896a4994f1a durationMs=35 status=202 request completed
qwen serve: Hosted Harness turn arun_96dca4274570ffc2e276447cc6a162c2dd4ea146b622329ca90a6a8006a5f3f6:input waits for the Workspace mount held by another Session.
2026-10-09T14:52:02.710Z [INFO] [DAEMON] route=POST /session/37e37f18-e70e-40e6-8d85-6fe841499ad4/automations/operations sessionId=37e37f18-e70e-40e6-8d85-6fe841499ad4 clientId=dc911322-52bc-4299-9e20-6896a4994f1a durationMs=316 status=202 request completed
2026-10-09T14:52:13.085Z [INFO] [DAEMON] route=POST /session/37e37f18-e70e-40e6-8d85-6fe841499ad4/automations/operations sessionId=37e37f18-e70e-40e6-8d85-6fe841499ad4 clientId=dc911322-52bc-4299-9e20-6896a4994f1a durationMs=284 status=202 request completed
