
[1m[46m RUN [49m[22m [36mv3.2.7 [39m[90m/root/verify/pr11071-r4/head/packages/cli[39m

 [32m✓[39m src/serve/channel-worker-manager.test.ts [2m([22m[2m54 tests[22m[2m)[22m[33m 494[2mms[22m[39m
(node:1256942) [DEP0040] DeprecationWarning: The `punycode` module is deprecated. Please use a userland alternative instead.
(Use `node --trace-deprecation ...` to show where the warning was created)
(node:1256943) [DEP0040] DeprecationWarning: The `punycode` module is deprecated. Please use a userland alternative instead.
(Use `node --trace-deprecation ...` to show where the warning was created)
 [32m✓[39m src/serve/channel-management-service.test.ts [2m([22m[2m68 tests[22m[2m)[22m[33m 734[2mms[22m[39m
   [33m[2m✓[22m[39m createChannelManagementService[2m > [22mlists sanitized config, secret presence, startup selection, and runtime [33m 585[2mms[22m[39m
 [32m✓[39m src/serve/channel-settings-store.test.ts [2m([22m[2m147 tests[22m[2m)[22m[33m 821[2mms[22m[39m
   [33m[2m✓[22m[39m WorkspaceChannelSettingsStore[2m > [22mpersists normalized message routes and their default [33m 581[2mms[22m[39m
qwen serve: scrubbed inherited loader env vars from the daemon process; session subprocesses will not inherit them: npm_config_userconfig, npm_config_prefix, npm_config_node_gyp, npm_config_globalconfig, npm_config_init_module
2026-10-03T08:38:58.080Z [INFO] [DAEMON] projectMemoryScope=workspace projectMemoryScopeRaw=workspace projectMemoryScopeSource=default project memory scope resolved
2026-10-03T08:38:58.080Z [INFO] [DAEMON] removedKeys=npm_config_userconfig,npm_config_prefix,npm_config_node_gyp,npm_config_globalconfig,npm_config_init_module scrubbed inherited loader env vars from the daemon process; session subprocesses will not inherit them
qwen serve: daemon log → /root/.qwen/debug/daemon/daemon.log
2026-10-03T08:38:58.170Z [INFO] [DAEMON] ideEnvPresent=false primary=/tmp/qws-live-task-keepalive-RrFZe5/workspace secondary= daemon workspace roots initialized
qwen serve: createServeApp default fsFactory uses trusted=false — agent ACP writeTextFile calls will reject with untrusted_workspace. Inject deps.fsFactory (with explicit trust) or deps.bridge to override.
2026-10-03T08:38:58.228Z [WARN] [DAEMON] session-pr-refresh load failed: [vitest] There was an error when mocking a module. If you are using "vi.mock" factory, make sure there are no top level variables inside, since this call is hoisted to top of the file. Read more: https://vitest.dev/api/vi.html#vi-mock
qwen serve: session reaper started (interval 60000ms, idle threshold 1800000ms)
qwen serve listening on http://127.0.0.1:45267 (mode=http-bridge, workspace=/tmp/qws-live-task-keepalive-RrFZe5/workspace)
qwen serve: bound to workspace "/tmp/qws-live-task-keepalive-RrFZe5/workspace"
qwen serve: startup timing: processToListenMs=11628 runQwenServeToListenMs=172
qwen serve: trusted loopback mode; local callers have full API access without bearer authentication, including code execution as the daemon user. Use --require-auth with QWEN_SERVER_TOKEN on shared or untrusted hosts.
qwen serve: /acp WebSocket transport enabled on /acp
qwen serve: session reaper started (interval 60000ms, idle threshold 1800000ms)
2026-10-03T08:38:58.289Z [INFO] [DAEMON] daemon stopped
qwen serve: scrubbed inherited loader env vars from the daemon process; session subprocesses will not inherit them: npm_config_userconfig, npm_config_prefix, npm_config_node_gyp, npm_config_globalconfig, npm_config_init_module
qwen serve: session reaper started (interval 60000ms, idle threshold 1800000ms)
2026-10-03T08:38:58.296Z [INFO] [DAEMON] projectMemoryScope=workspace projectMemoryScopeRaw=workspace projectMemoryScopeSource=default project memory scope resolved
2026-10-03T08:38:58.296Z [INFO] [DAEMON] removedKeys=npm_config_userconfig,npm_config_prefix,npm_config_node_gyp,npm_config_globalconfig,npm_config_init_module scrubbed inherited loader env vars from the daemon process; session subprocesses will not inherit them
qwen serve: daemon log → /root/.qwen/debug/daemon/daemon.log
2026-10-03T08:38:58.298Z [INFO] [DAEMON] ideEnvPresent=false primary=/tmp/qws-conversations-marker-IR0Usn/workspace secondary= daemon workspace roots initialized
qwen serve: session reaper started (interval 60000ms, idle threshold 1800000ms)
2026-10-03T08:38:58.311Z [WARN] [DAEMON] session-pr-refresh load failed: [vitest] There was an error when mocking a module. If you are using "vi.mock" factory, make sure there are no top level variables inside, since this call is hoisted to top of the file. Read more: https://vitest.dev/api/vi.html#vi-mock
qwen serve listening on http://127.0.0.1:44025 (mode=http-bridge, workspace=/tmp/qws-conversations-marker-IR0Usn/workspace)
qwen serve: bound to workspace "/tmp/qws-conversations-marker-IR0Usn/workspace"
qwen serve: startup timing: processToListenMs=11708 runQwenServeToListenMs=20
qwen serve: trusted loopback mode; local callers have full API access without bearer authentication, including code execution as the daemon user. Use --require-auth with QWEN_SERVER_TOKEN on shared or untrusted hosts.
qwen serve: /acp WebSocket transport enabled on /acp
qwen serve: session reaper started (interval 60000ms, idle threshold 1800000ms)
qwen serve: session reaper started (interval 60000ms, idle threshold 1800000ms)
qwen serve: session reaper started (interval 60000ms, idle threshold 1800000ms)
qwen serve: session reaper started (interval 60000ms, idle threshold 1800000ms)
2026-10-03T08:38:58.362Z [INFO] [DAEMON] daemon stopped
qwen serve: scrubbed inherited loader env vars from the daemon process; session subprocesses will not inherit them: npm_config_userconfig, npm_config_prefix, npm_config_node_gyp, npm_config_globalconfig, npm_config_init_module
2026-10-03T08:38:58.366Z [INFO] [DAEMON] projectMemoryScope=workspace projectMemoryScopeRaw=workspace projectMemoryScopeSource=default project memory scope resolved
2026-10-03T08:38:58.366Z [INFO] [DAEMON] removedKeys=npm_config_userconfig,npm_config_prefix,npm_config_node_gyp,npm_config_globalconfig,npm_config_init_module scrubbed inherited loader env vars from the daemon process; session subprocesses will not inherit them
qwen serve: daemon log → /tmp/qws-provider-reconnect-HjWOdZ/debug/daemon/daemon.log
2026-10-03T08:38:58.368Z [INFO] [DAEMON] ideEnvPresent=false primary=/tmp/qws-provider-reconnect-HjWOdZ/workspace secondary= daemon workspace roots initialized
2026-10-03T08:38:58.377Z [WARN] [DAEMON] session-pr-refresh load failed: [vitest] There was an error when mocking a module. If you are using "vi.mock" factory, make sure there are no top level variables inside, since this call is hoisted to top of the file. Read more: https://vitest.dev/api/vi.html#vi-mock
qwen serve listening on http://127.0.0.1:45215 (mode=http-bridge, workspace=/tmp/qws-provider-reconnect-HjWOdZ/workspace)
qwen serve: bound to workspace "/tmp/qws-provider-reconnect-HjWOdZ/workspace"
qwen serve: startup timing: processToListenMs=11773 runQwenServeToListenMs=14
qwen serve: trusted loopback mode; local callers have full API access without bearer authentication, including code execution as the daemon user. Use --require-auth with QWEN_SERVER_TOKEN on shared or untrusted hosts.
qwen serve: /acp WebSocket transport enabled on /acp
qwen serve: session reaper started (interval 60000ms, idle threshold 1800000ms)
qwen serve: session reaper started (interval 60000ms, idle threshold 1800000ms)
qwen serve: session reaper started (interval 60000ms, idle threshold 1800000ms)
qwen serve: session reaper started (interval 60000ms, idle threshold 1800000ms)
qwen serve: session reaper started (interval 60000ms, idle threshold 1800000ms)
2026-10-03T08:38:58.411Z [INFO] [DAEMON] route=POST /workspace/auth/provider durationMs=20 status=200 request completed
2026-10-03T08:38:58.423Z [INFO] [DAEMON] route=POST /workspace/auth/provider durationMs=6 status=200 request completed
2026-10-03T08:38:58.425Z [INFO] [DAEMON] daemon stopped
qwen serve: session reaper started (interval 60000ms, idle threshold 1800000ms)
qwen serve: scrubbed inherited loader env vars from the daemon process; session subprocesses will not inherit them: npm_config_userconfig, npm_config_prefix, npm_config_node_gyp, npm_config_globalconfig, npm_config_init_module
2026-10-03T08:38:58.431Z [INFO] [DAEMON] projectMemoryScope=workspace projectMemoryScopeRaw=workspace projectMemoryScopeSource=default project memory scope resolved
2026-10-03T08:38:58.431Z [INFO] [DAEMON] removedKeys=npm_config_userconfig,npm_config_prefix,npm_config_node_gyp,npm_config_globalconfig,npm_config_init_module scrubbed inherited loader env vars from the daemon process; session subprocesses will not inherit them
qwen serve: daemon log → /tmp/qws-provider-reconnect-2QFXzw/debug/daemon/daemon.log
2026-10-03T08:38:58.433Z [INFO] [DAEMON] ideEnvPresent=false primary=/tmp/qws-provider-reconnect-2QFXzw/workspace secondary= daemon workspace roots initialized
qwen serve: session reaper started (interval 60000ms, idle threshold 1800000ms)
2026-10-03T08:38:58.440Z [WARN] [DAEMON] session-pr-refresh load failed: [vitest] There was an error when mocking a module. If you are using "vi.mock" factory, make sure there are no top level variables inside, since this call is hoisted to top of the file. Read more: https://vitest.dev/api/vi.html#vi-mock
qwen serve listening on http://127.0.0.1:39343 (mode=http-bridge, workspace=/tmp/qws-provider-reconnect-2QFXzw/workspace)
qwen serve: bound to workspace "/tmp/qws-provider-reconnect-2QFXzw/workspace"
qwen serve: startup timing: processToListenMs=11836 runQwenServeToListenMs=11
qwen serve: trusted loopback mode; local callers have full API access without bearer authentication, including code execution as the daemon user. Use --require-auth with QWEN_SERVER_TOKEN on shared or untrusted hosts.
qwen serve: /acp WebSocket transport enabled on /acp
2026-10-03T08:38:58.445Z [INFO] [DAEMON] route=POST /workspace/auth/provider durationMs=3 status=200 request completed
2026-10-03T08:38:58.452Z [INFO] [DAEMON] route=POST /workspace/auth/provider durationMs=3 status=200 request completed
2026-10-03T08:38:58.452Z [INFO] [DAEMON] daemon stopped
qwen serve: scrubbed inherited loader env vars from the daemon process; session subprocesses will not inherit them: npm_config_userconfig, npm_config_prefix, npm_config_node_gyp, npm_config_globalconfig, npm_config_init_module
qwen serve: session reaper started (interval 60000ms, idle threshold 1800000ms)
2026-10-03T08:38:58.457Z [INFO] [DAEMON] projectMemoryScope=workspace projectMemoryScopeRaw=workspace projectMemoryScopeSource=default project memory scope resolved
2026-10-03T08:38:58.457Z [INFO] [DAEMON] removedKeys=npm_config_userconfig,npm_config_prefix,npm_config_node_gyp,npm_config_globalconfig,npm_config_init_module scrubbed inherited loader env vars from the daemon process; session subprocesses will not inherit them
qwen serve: daemon log → /tmp/qws-provider-reconnect-SvugAg/debug/daemon/daemon.log
2026-10-03T08:38:58.458Z [INFO] [DAEMON] ideEnvPresent=false primary=/tmp/qws-provider-reconnect-SvugAg/workspace secondary= daemon workspace roots initialized
qwen serve: session reaper started (interval 60000ms, idle threshold 1800000ms)
2026-10-03T08:38:58.464Z [WARN] [DAEMON] session-pr-refresh load failed: [vitest] There was an error when mocking a module. If you are using "vi.mock" factory, make sure there are no top level variables inside, since this call is hoisted to top of the file. Read more: https://vitest.dev/api/vi.html#vi-mock
qwen serve listening on http://127.0.0.1:44577 (mode=http-bridge, workspace=/tmp/qws-provider-reconnect-SvugAg/workspace)
qwen serve: bound to workspace "/tmp/qws-provider-reconnect-SvugAg/workspace"
qwen serve: startup timing: processToListenMs=11860 runQwenServeToListenMs=10
qwen serve: trusted loopback mode; local callers have full API access without bearer authentication, including code execution as the daemon user. Use --require-auth with QWEN_SERVER_TOKEN on shared or untrusted hosts.
qwen serve: /acp WebSocket transport enabled on /acp
2026-10-03T08:38:58.470Z [INFO] [DAEMON] route=POST /workspace/auth/provider durationMs=4 status=200 request completed
2026-10-03T08:38:58.475Z [INFO] [DAEMON] route=POST /workspace/auth/provider durationMs=3 status=200 request completed
2026-10-03T08:38:58.476Z [INFO] [DAEMON] daemon stopped
qwen serve: session reaper started (interval 60000ms, idle threshold 1800000ms)
qwen serve: scrubbed inherited loader env vars from the daemon process; session subprocesses will not inherit them: npm_config_userconfig, npm_config_prefix, npm_config_node_gyp, npm_config_globalconfig, npm_config_init_module
2026-10-03T08:38:58.480Z [INFO] [DAEMON] projectMemoryScope=workspace projectMemoryScopeRaw=workspace projectMemoryScopeSource=default project memory scope resolved
2026-10-03T08:38:58.480Z [INFO] [DAEMON] removedKeys=npm_config_userconfig,npm_config_prefix,npm_config_node_gyp,npm_config_globalconfig,npm_config_init_module scrubbed inherited loader env vars from the daemon process; session subprocesses will not inherit them
qwen serve: daemon log → /tmp/qws-provider-reconnect-MWN8vp/debug/daemon/daemon.log
2026-10-03T08:38:58.482Z [INFO] [DAEMON] ideEnvPresent=false primary=/tmp/qws-provider-reconnect-MWN8vp/workspace secondary= daemon workspace roots initialized
qwen serve: session reaper started (interval 60000ms, idle threshold 1800000ms)
2026-10-03T08:38:58.491Z [WARN] [DAEMON] session-pr-refresh load failed: [vitest] There was an error when mocking a module. If you are using "vi.mock" factory, make sure there are no top level variables inside, since this call is hoisted to top of the file. Read more: https://vitest.dev/api/vi.html#vi-mock
qwen serve listening on http://127.0.0.1:39721 (mode=http-bridge, workspace=/tmp/qws-provider-reconnect-MWN8vp/workspace)
qwen serve: bound to workspace "/tmp/qws-provider-reconnect-MWN8vp/workspace"
qwen serve: startup timing: processToListenMs=11887 runQwenServeToListenMs=13
qwen serve: trusted loopback mode; local callers have full API access without bearer authentication, including code execution as the daemon user. Use --require-auth with QWEN_SERVER_TOKEN on shared or untrusted hosts.
qwen serve: /acp WebSocket transport enabled on /acp
2026-10-03T08:38:58.496Z [INFO] [DAEMON] route=POST /workspace/auth/provider durationMs=4 status=200 request completed
qwen serve: session reaper started (interval 60000ms, idle threshold 1800000ms)
2026-10-03T08:38:58.500Z [INFO] [DAEMON] route=POST /workspace/auth/provider durationMs=3 status=200 request completed
2026-10-03T08:38:58.501Z [INFO] [DAEMON] daemon stopped
qwen serve: session reaper started (interval 60000ms, idle threshold 1800000ms)
qwen serve: scrubbed inherited loader env vars from the daemon process; session subprocesses will not inherit them: npm_config_userconfig, npm_config_prefix, npm_config_node_gyp, npm_config_globalconfig, npm_config_init_module
2026-10-03T08:38:58.514Z [INFO] [DAEMON] projectMemoryScope=workspace projectMemoryScopeRaw=workspace projectMemoryScopeSource=default project memory scope resolved
2026-10-03T08:38:58.514Z [INFO] [DAEMON] removedKeys=npm_config_userconfig,npm_config_prefix,npm_config_node_gyp,npm_config_globalconfig,npm_config_init_module scrubbed inherited loader env vars from the daemon process; session subprocesses will not inherit them
qwen serve: daemon log → /tmp/qws-delete-env-qQFh69/debug/daemon/daemon.log
2026-10-03T08:38:58.516Z [INFO] [DAEMON] ideEnvPresent=false primary=/tmp/qws-delete-env-qQFh69/workspace secondary= daemon workspace roots initialized
qwen serve: session reaper started (interval 60000ms, idle threshold 1800000ms)
2026-10-03T08:38:58.521Z [WARN] [DAEMON] session-pr-refresh load failed: [vitest] There was an error when mocking a module. If you are using "vi.mock" factory, make sure there are no top level variables inside, since this call is hoisted to top of the file. Read more: https://vitest.dev/api/vi.html#vi-mock
qwen serve listening on http://127.0.0.1:37001 (mode=http-bridge, workspace=/tmp/qws-delete-env-qQFh69/workspace)
qwen serve: bound to workspace "/tmp/qws-delete-env-qQFh69/workspace"
qwen serve: startup timing: processToListenMs=11918 runQwenServeToListenMs=9
qwen serve: trusted loopback mode; local callers have full API access without bearer authentication, including code execution as the daemon user. Use --require-auth with QWEN_SERVER_TOKEN on shared or untrusted hosts.
qwen serve: /acp WebSocket transport enabled on /acp
qwen serve: session reaper started (interval 60000ms, idle threshold 1800000ms)
2026-10-03T08:38:58.529Z [INFO] [DAEMON] route=DELETE /workspace/models durationMs=6 status=200 request completed
qwen serve: session reaper started (interval 60000ms, idle threshold 1800000ms)
2026-10-03T08:38:58.533Z [INFO] [DAEMON] daemon stopped
qwen serve: scrubbed inherited loader env vars from the daemon process; session subprocesses will not inherit them: npm_config_userconfig, npm_config_prefix, npm_config_node_gyp, npm_config_globalconfig, npm_config_init_module
2026-10-03T08:38:58.537Z [INFO] [DAEMON] projectMemoryScope=workspace projectMemoryScopeRaw=workspace projectMemoryScopeSource=default project memory scope resolved
2026-10-03T08:38:58.537Z [INFO] [DAEMON] removedKeys=npm_config_userconfig,npm_config_prefix,npm_config_node_gyp,npm_config_globalconfig,npm_config_init_module scrubbed inherited loader env vars from the daemon process; session subprocesses will not inherit them
qwen serve: daemon log → /tmp/qws-delete-env-gZgDsT/debug/daemon/daemon.log
2026-10-03T08:38:58.539Z [INFO] [DAEMON] ideEnvPresent=false primary=/tmp/qws-delete-env-gZgDsT/workspace secondary= daemon workspace roots initialized
qwen serve: session reaper started (interval 60000ms, idle threshold 1800000ms)
qwen serve: session reaper started (interval 60000ms, idle threshold 1800000ms)
2026-10-03T08:38:58.545Z [WARN] [DAEMON] session-pr-refresh load failed: [vitest] There was an error when mocking a module. If you are using "vi.mock" factory, make sure there are no top level variables inside, since this call is hoisted to top of the file. Read more: https://vitest.dev/api/vi.html#vi-mock
qwen serve listening on http://127.0.0.1:44711 (mode=http-bridge, workspace=/tmp/qws-delete-env-gZgDsT/workspace)
qwen serve: bound to workspace "/tmp/qws-delete-env-gZgDsT/workspace"
qwen serve: startup timing: processToListenMs=11941 runQwenServeToListenMs=10
qwen serve: trusted loopback mode; local callers have full API access without bearer authentication, including code execution as the daemon user. Use --require-auth with QWEN_SERVER_TOKEN on shared or untrusted hosts.
qwen serve: /acp WebSocket transport enabled on /acp
2026-10-03T08:38:58.550Z [INFO] [DAEMON] route=DELETE /workspace/models durationMs=3 status=200 request completed
2026-10-03T08:38:58.551Z [INFO] [DAEMON] daemon stopped
qwen serve: session reaper started (interval 60000ms, idle threshold 1800000ms)
qwen serve: scrubbed inherited loader env vars from the daemon process; session subprocesses will not inherit them: npm_config_userconfig, npm_config_prefix, npm_config_node_gyp, npm_config_globalconfig, npm_config_init_module
2026-10-03T08:38:58.556Z [INFO] [DAEMON] projectMemoryScope=workspace projectMemoryScopeRaw=workspace projectMemoryScopeSource=default project memory scope resolved
2026-10-03T08:38:58.556Z [INFO] [DAEMON] removedKeys=npm_config_userconfig,npm_config_prefix,npm_config_node_gyp,npm_config_globalconfig,npm_config_init_module scrubbed inherited loader env vars from the daemon process; session subprocesses will not inherit them
qwen serve: daemon log → /tmp/qws-delete-env-6fcXRv/debug/daemon/daemon.log
qwen serve: session reaper started (interval 60000ms, idle threshold 1800000ms)
2026-10-03T08:38:58.557Z [INFO] [DAEMON] ideEnvPresent=false primary=/tmp/qws-delete-env-6fcXRv/workspace secondary= daemon workspace roots initialized
qwen serve: session reaper started (interval 60000ms, idle threshold 1800000ms)
2026-10-03T08:38:58.564Z [WARN] [DAEMON] session-pr-refresh load failed: [vitest] There was an error when mocking a module. If you are using "vi.mock" factory, make sure there are no top level variables inside, since this call is hoisted to top of the file. Read more: https://vitest.dev/api/vi.html#vi-mock
qwen serve listening on http://127.0.0.1:41627 (mode=http-bridge, workspace=/tmp/qws-delete-env-6fcXRv/workspace)
qwen serve: bound to workspace "/tmp/qws-delete-env-6fcXRv/workspace"
qwen serve: startup timing: processToListenMs=11961 runQwenServeToListenMs=11
qwen serve: trusted loopback mode; local callers have full API access without bearer authentication, including code execution as the daemon user. Use --require-auth with QWEN_SERVER_TOKEN on shared or untrusted hosts.
qwen serve: /acp WebSocket transport enabled on /acp
qwen serve: session reaper started (interval 60000ms, idle threshold 1800000ms)
2026-10-03T08:38:58.570Z [INFO] [DAEMON] route=DELETE /workspace/models durationMs=3 status=200 request completed
2026-10-03T08:38:58.572Z [INFO] [DAEMON] daemon stopped
qwen serve: scrubbed inherited loader env vars from the daemon process; session subprocesses will not inherit them: npm_config_userconfig, npm_config_prefix, npm_config_node_gyp, npm_config_globalconfig, npm_config_init_module
qwen serve: session reaper started (interval 60000ms, idle threshold 1800000ms)
2026-10-03T08:38:58.575Z [INFO] [DAEMON] projectMemoryScope=workspace projectMemoryScopeRaw=workspace projectMemoryScopeSource=default project memory scope resolved
2026-10-03T08:38:58.575Z [INFO] [DAEMON] removedKeys=npm_config_userconfig,npm_config_prefix,npm_config_node_gyp,npm_config_globalconfig,npm_config_init_module scrubbed inherited loader env vars from the daemon process; session subprocesses will not inherit them
qwen serve: daemon log → /tmp/qws-delete-env-QE5bUm/debug/daemon/daemon.log
2026-10-03T08:38:58.577Z [INFO] [DAEMON] ideEnvPresent=false primary=/tmp/qws-delete-env-QE5bUm/workspace secondary= daemon workspace roots initialized
qwen serve: session reaper started (interval 60000ms, idle threshold 1800000ms)
2026-10-03T08:38:58.582Z [WARN] [DAEMON] session-pr-refresh load failed: [vitest] There was an error when mocking a module. If you are using "vi.mock" factory, make sure there are no top level variables inside, since this call is hoisted to top of the file. Read more: https://vitest.dev/api/vi.html#vi-mock
qwen serve listening on http://127.0.0.1:41283 (mode=http-bridge, workspace=/tmp/qws-delete-env-QE5bUm/workspace)
qwen serve: bound to workspace "/tmp/qws-delete-env-QE5bUm/workspace"
qwen serve: startup timing: processToListenMs=11978 runQwenServeToListenMs=9
qwen serve: trusted loopback mode; local callers have full API access without bearer authentication, including code execution as the daemon user. Use --require-auth with QWEN_SERVER_TOKEN on shared or untrusted hosts.
qwen serve: /acp WebSocket transport enabled on /acp
2026-10-03T08:38:58.586Z [INFO] [DAEMON] route=DELETE /workspace/models durationMs=3 status=200 request completed
qwen serve: session reaper started (interval 60000ms, idle threshold 1800000ms)
2026-10-03T08:38:58.587Z [INFO] [DAEMON] daemon stopped
qwen serve: scrubbed inherited loader env vars from the daemon process; session subprocesses will not inherit them: npm_config_userconfig, npm_config_prefix, npm_config_node_gyp, npm_config_globalconfig, npm_config_init_module
2026-10-03T08:38:58.590Z [INFO] [DAEMON] projectMemoryScope=workspace projectMemoryScopeRaw=workspace projectMemoryScopeSource=default project memory scope resolved
2026-10-03T08:38:58.590Z [INFO] [DAEMON] removedKeys=npm_config_userconfig,npm_config_prefix,npm_config_node_gyp,npm_config_globalconfig,npm_config_init_module scrubbed inherited loader env vars from the daemon process; session subprocesses will not inherit them
qwen serve: daemon log → /tmp/qws-delete-env-5LppmW/debug/daemon/daemon.log
2026-10-03T08:38:58.592Z [INFO] [DAEMON] ideEnvPresent=false primary=/tmp/qws-delete-env-5LppmW/workspace secondary= daemon workspace roots initialized
qwen serve: session reaper started (interval 60000ms, idle threshold 1800000ms)
qwen serve: session reaper started (interval 60000ms, idle threshold 1800000ms)
2026-10-03T08:38:58.599Z [WARN] [DAEMON] session-pr-refresh load failed: [vitest] There was an error when mocking a module. If you are using "vi.mock" factory, make sure there are no top level variables inside, since this call is hoisted to top of the file. Read more: https://vitest.dev/api/vi.html#vi-mock
qwen serve listening on http://127.0.0.1:41201 (mode=http-bridge, workspace=/tmp/qws-delete-env-5LppmW/workspace)
qwen serve: bound to workspace "/tmp/qws-delete-env-5LppmW/workspace"
qwen serve: startup timing: processToListenMs=11995 runQwenServeToListenMs=11
qwen serve: trusted loopback mode; local callers have full API access without bearer authentication, including code execution as the daemon user. Use --require-auth with QWEN_SERVER_TOKEN on shared or untrusted hosts.
qwen serve: /acp WebSocket transport enabled on /acp
2026-10-03T08:38:58.603Z [INFO] [DAEMON] route=DELETE /workspace/models durationMs=3 status=200 request completed
2026-10-03T08:38:58.604Z [INFO] [DAEMON] daemon stopped
qwen serve: session reaper started (interval 60000ms, idle threshold 1800000ms)
qwen serve: scrubbed inherited loader env vars from the daemon process; session subprocesses will not inherit them: npm_config_userconfig, npm_config_prefix, npm_config_node_gyp, npm_config_globalconfig, npm_config_init_module
2026-10-03T08:38:58.607Z [INFO] [DAEMON] projectMemoryScope=workspace projectMemoryScopeRaw=workspace projectMemoryScopeSource=default project memory scope resolved
2026-10-03T08:38:58.607Z [INFO] [DAEMON] removedKeys=npm_config_userconfig,npm_config_prefix,npm_config_node_gyp,npm_config_globalconfig,npm_config_init_module scrubbed inherited loader env vars from the daemon process; session subprocesses will not inherit them
qwen serve: daemon log → /tmp/qws-delete-env-VFbfbD/debug/daemon/daemon.log
2026-10-03T08:38:58.609Z [INFO] [DAEMON] ideEnvPresent=false primary=/tmp/qws-delete-env-VFbfbD/workspace secondary= daemon workspace roots initialized
qwen serve: session reaper started (interval 60000ms, idle threshold 1800000ms)
2026-10-03T08:38:58.613Z [WARN] [DAEMON] session-pr-refresh load failed: [vitest] There was an error when mocking a module. If you are using "vi.mock" factory, make sure there are no top level variables inside, since this call is hoisted to top of the file. Read more: https://vitest.dev/api/vi.html#vi-mock
qwen serve listening on http://127.0.0.1:33397 (mode=http-bridge, workspace=/tmp/qws-delete-env-VFbfbD/workspace)
qwen serve: bound to workspace "/tmp/qws-delete-env-VFbfbD/workspace"
qwen serve: startup timing: processToListenMs=12010 runQwenServeToListenMs=8
qwen serve: trusted loopback mode; local callers have full API access without bearer authentication, including code execution as the daemon user. Use --require-auth with QWEN_SERVER_TOKEN on shared or untrusted hosts.
qwen serve: /acp WebSocket transport enabled on /acp
qwen serve: session reaper started (interval 60000ms, idle threshold 1800000ms)
2026-10-03T08:38:58.617Z [INFO] [DAEMON] route=DELETE /workspace/models durationMs=3 status=200 request completed
2026-10-03T08:38:58.618Z [INFO] [DAEMON] daemon stopped
qwen serve: scrubbed inherited loader env vars from the daemon process; session subprocesses will not inherit them: npm_config_userconfig, npm_config_prefix, npm_config_node_gyp, npm_config_globalconfig, npm_config_init_module
qwen serve: session reaper started (interval 60000ms, idle threshold 1800000ms)
2026-10-03T08:38:58.622Z [INFO] [DAEMON] projectMemoryScope=workspace projectMemoryScopeRaw=workspace projectMemoryScopeSource=default project memory scope resolved
2026-10-03T08:38:58.622Z [INFO] [DAEMON] removedKeys=npm_config_userconfig,npm_config_prefix,npm_config_node_gyp,npm_config_globalconfig,npm_config_init_module scrubbed inherited loader env vars from the daemon process; session subprocesses will not inherit them
qwen serve: daemon log → /tmp/qws-delete-env-z3pEDb/debug/daemon/daemon.log
2026-10-03T08:38:58.623Z [INFO] [DAEMON] ideEnvPresent=false primary=/tmp/qws-delete-env-z3pEDb/workspace secondary= daemon workspace roots initialized
2026-10-03T08:38:58.630Z [WARN] [DAEMON] session-pr-refresh load failed: [vitest] There was an error when mocking a module. If you are using "vi.mock" factory, make sure there are no top level variables inside, since this call is hoisted to top of the file. Read more: https://vitest.dev/api/vi.html#vi-mock
qwen serve: session reaper started (interval 60000ms, idle threshold 1800000ms)
qwen serve listening on http://127.0.0.1:43199 (mode=http-bridge, workspace=/tmp/qws-delete-env-z3pEDb/workspace)
qwen serve: bound to workspace "/tmp/qws-delete-env-z3pEDb/workspace"
qwen serve: startup timing: processToListenMs=12026 runQwenServeToListenMs=10
qwen serve: trusted loopback mode; local callers have full API access without bearer authentication, including code execution as the daemon user. Use --require-auth with QWEN_SERVER_TOKEN on shared or untrusted hosts.
qwen serve: /acp WebSocket transport enabled on /acp
2026-10-03T08:38:58.633Z [INFO] [DAEMON] route=DELETE /workspace/models durationMs=3 status=200 request completed
2026-10-03T08:38:58.634Z [INFO] [DAEMON] daemon stopped
qwen serve: session reaper started (interval 60000ms, idle threshold 1800000ms)
qwen serve: scrubbed inherited loader env vars from the daemon process; session subprocesses will not inherit them: npm_config_userconfig, npm_config_prefix, npm_config_node_gyp, npm_config_globalconfig, npm_config_init_module
2026-10-03T08:38:58.638Z [INFO] [DAEMON] projectMemoryScope=workspace projectMemoryScopeRaw=workspace projectMemoryScopeSource=default project memory scope resolved
2026-10-03T08:38:58.638Z [INFO] [DAEMON] removedKeys=npm_config_userconfig,npm_config_prefix,npm_config_node_gyp,npm_config_globalconfig,npm_config_init_module scrubbed inherited loader env vars from the daemon process; session subprocesses will not inherit them
qwen serve: daemon log → /tmp/qws-delete-env-OFcqqz/debug/daemon/daemon.log
2026-10-03T08:38:58.639Z [INFO] [DAEMON] ideEnvPresent=false primary=/tmp/qws-delete-env-OFcqqz/workspace secondary= daemon workspace roots initialized
qwen serve: Web Shell index send failed: ENOENT: no such file or directory, stat '/tmp/qwen-webshell-welng6/index.html'
qwen serve: session reaper started (interval 60000ms, idle threshold 1800000ms)
2026-10-03T08:38:58.644Z [WARN] [DAEMON] session-pr-refresh load failed: [vitest] There was an error when mocking a module. If you are using "vi.mock" factory, make sure there are no top level variables inside, since this call is hoisted to top of the file. Read more: https://vitest.dev/api/vi.html#vi-mock
qwen serve listening on http://127.0.0.1:43225 (mode=http-bridge, workspace=/tmp/qws-delete-env-OFcqqz/workspace)
qwen serve: bound to workspace "/tmp/qws-delete-env-OFcqqz/workspace"
qwen serve: startup timing: processToListenMs=12040 runQwenServeToListenMs=8
qwen serve: trusted loopback mode; local callers have full API access without bearer authentication, including code execution as the daemon user. Use --require-auth with QWEN_SERVER_TOKEN on shared or untrusted hosts.
qwen serve: /acp WebSocket transport enabled on /acp
2026-10-03T08:38:58.647Z [INFO] [DAEMON] route=DELETE /workspace/models durationMs=2 status=200 request completed
2026-10-03T08:38:58.648Z [INFO] [DAEMON] daemon stopped
qwen serve: session reaper started (interval 60000ms, idle threshold 1800000ms)
qwen serve: scrubbed inherited loader env vars from the daemon process; session subprocesses will not inherit them: npm_config_userconfig, npm_config_prefix, npm_config_node_gyp, npm_config_globalconfig, npm_config_init_module
2026-10-03T08:38:58.654Z [INFO] [DAEMON] projectMemoryScope=workspace projectMemoryScopeRaw=workspace projectMemoryScopeSource=default project memory scope resolved
2026-10-03T08:38:58.654Z [INFO] [DAEMON] removedKeys=npm_config_userconfig,npm_config_prefix,npm_config_node_gyp,npm_config_globalconfig,npm_config_init_module scrubbed inherited loader env vars from the daemon process; session subprocesses will not inherit them
qwen serve: daemon log → /tmp/qws-delete-env-znzGB7/debug/daemon/daemon.log
2026-10-03T08:38:58.655Z [INFO] [DAEMON] ideEnvPresent=false primary=/tmp/qws-delete-env-znzGB7/workspace secondary= daemon workspace roots initialized
qwen serve: session reaper started (interval 60000ms, idle threshold 1800000ms)
2026-10-03T08:38:58.659Z [WARN] [DAEMON] session-pr-refresh load failed: [vitest] There was an error when mocking a module. If you are using "vi.mock" factory, make sure there are no top level variables inside, since this call is hoisted to top of the file. Read more: https://vitest.dev/api/vi.html#vi-mock
qwen serve listening on http://127.0.0.1:38601 (mode=http-bridge, workspace=/tmp/qws-delete-env-znzGB7/workspace)
qwen serve: bound to workspace "/tmp/qws-delete-env-znzGB7/workspace"
qwen serve: startup timing: processToListenMs=12056 runQwenServeToListenMs=10
qwen serve: trusted loopback mode; local callers have full API access without bearer authentication, including code execution as the daemon user. Use --require-auth with QWEN_SERVER_TOKEN on shared or untrusted hosts.
qwen serve: /acp WebSocket transport enabled on /acp
2026-10-03T08:38:58.663Z [INFO] [DAEMON] route=DELETE /workspace/models durationMs=2 status=200 request completed
2026-10-03T08:38:58.664Z [INFO] [DAEMON] daemon stopped
qwen serve: scrubbed inherited loader env vars from the daemon process; session subprocesses will not inherit them: npm_config_userconfig, npm_config_prefix, npm_config_node_gyp, npm_config_globalconfig, npm_config_init_module
2026-10-03T08:38:58.668Z [INFO] [DAEMON] projectMemoryScope=workspace projectMemoryScopeRaw=workspace projectMemoryScopeSource=default project memory scope resolved
2026-10-03T08:38:58.668Z [INFO] [DAEMON] removedKeys=npm_config_userconfig,npm_config_prefix,npm_config_node_gyp,npm_config_globalconfig,npm_config_init_module scrubbed inherited loader env vars from the daemon process; session subprocesses will not inherit them
qwen serve: daemon log → /tmp/qws-delete-env-AS9Gr2/debug/daemon/daemon.log
2026-10-03T08:38:58.669Z [INFO] [DAEMON] ideEnvPresent=false primary=/tmp/qws-delete-env-AS9Gr2/workspace secondary= daemon workspace roots initialized
qwen serve: session reaper started (interval 60000ms, idle threshold 1800000ms)
2026-10-03T08:38:58.673Z [WARN] [DAEMON] session-pr-refresh load failed: [vitest] There was an error when mocking a module. If you are using "vi.mock" factory, make sure there are no top level variables inside, since this call is hoisted to top of the file. Read more: https://vitest.dev/api/vi.html#vi-mock
qwen serve listening on http://127.0.0.1:36351 (mode=http-bridge, workspace=/tmp/qws-delete-env-AS9Gr2/workspace)
qwen serve: bound to workspace "/tmp/qws-delete-env-AS9Gr2/workspace"
qwen serve: startup timing: processToListenMs=12069 runQwenServeToListenMs=8
qwen serve: trusted loopback mode; local callers have full API access without bearer authentication, including code execution as the daemon user. Use --require-auth with QWEN_SERVER_TOKEN on shared or untrusted hosts.
qwen serve: /acp WebSocket transport enabled on /acp
qwen serve: session reaper started (interval 60000ms, idle threshold 1800000ms)
2026-10-03T08:38:58.678Z [INFO] [DAEMON] route=DELETE /workspace/models durationMs=2 status=200 request completed
2026-10-03T08:38:58.679Z [INFO] [DAEMON] daemon stopped
qwen serve: session reaper started (interval 60000ms, idle threshold 1800000ms)
qwen serve: scrubbed inherited loader env vars from the daemon process; session subprocesses will not inherit them: npm_config_userconfig, npm_config_prefix, npm_config_node_gyp, npm_config_globalconfig, npm_config_init_module
2026-10-03T08:38:58.682Z [INFO] [DAEMON] projectMemoryScope=workspace projectMemoryScopeRaw=workspace projectMemoryScopeSource=default project memory scope resolved
2026-10-03T08:38:58.682Z [INFO] [DAEMON] removedKeys=npm_config_userconfig,npm_config_prefix,npm_config_node_gyp,npm_config_globalconfig,npm_config_init_module scrubbed inherited loader env vars from the daemon process; session subprocesses will not inherit them
qwen serve: daemon log → /tmp/qws-delete-env-sxaHLz/debug/daemon/daemon.log
2026-10-03T08:38:58.684Z [INFO] [DAEMON] ideEnvPresent=false primary=/tmp/qws-delete-env-sxaHLz/workspace secondary= daemon workspace roots initialized
qwen serve: session reaper started (interval 60000ms, idle threshold 1800000ms)
2026-10-03T08:38:58.688Z [WARN] [DAEMON] session-pr-refresh load failed: [vitest] There was an error when mocking a module. If you are using "vi.mock" factory, make sure there are no top level variables inside, since this call is hoisted to top of the file. Read more: https://vitest.dev/api/vi.html#vi-mock
qwen serve listening on http://127.0.0.1:36339 (mode=http-bridge, workspace=/tmp/qws-delete-env-sxaHLz/workspace)
qwen serve: bound to workspace "/tmp/qws-delete-env-sxaHLz/workspace"
qwen serve: startup timing: processToListenMs=12084 runQwenServeToListenMs=7
qwen serve: trusted loopback mode; local callers have full API access without bearer authentication, including code execution as the daemon user. Use --require-auth with QWEN_SERVER_TOKEN on shared or untrusted hosts.
qwen serve: /acp WebSocket transport enabled on /acp
2026-10-03T08:38:58.691Z [INFO] [DAEMON] route=DELETE /workspace/models durationMs=2 status=200 request completed
qwen serve: session reaper started (interval 60000ms, idle threshold 1800000ms)
2026-10-03T08:38:58.692Z [INFO] [DAEMON] daemon stopped
qwen serve: scrubbed inherited loader env vars from the daemon process; session subprocesses will not inherit them: npm_config_userconfig, npm_config_prefix, npm_config_node_gyp, npm_config_globalconfig, npm_config_init_module
2026-10-03T08:38:58.696Z [INFO] [DAEMON] projectMemoryScope=workspace projectMemoryScopeRaw=workspace projectMemoryScopeSource=default project memory scope resolved
2026-10-03T08:38:58.696Z [INFO] [DAEMON] removedKeys=npm_config_userconfig,npm_config_prefix,npm_config_node_gyp,npm_config_globalconfig,npm_config_init_module scrubbed inherited loader env vars from the daemon process; session subprocesses will not inherit them
qwen serve: daemon log → /tmp/qws-delete-env-xoBoMQ/debug/daemon/daemon.log
2026-10-03T08:38:58.697Z [INFO] [DAEMON] ideEnvPresent=false primary=/tmp/qws-delete-env-xoBoMQ/workspace secondary= daemon workspace roots initialized
2026-10-03T08:38:58.704Z [WARN] [DAEMON] session-pr-refresh load failed: [vitest] There was an error when mocking a module. If you are using "vi.mock" factory, make sure there are no top level variables inside, since this call is hoisted to top of the file. Read more: https://vitest.dev/api/vi.html#vi-mock
qwen serve listening on http://127.0.0.1:43901 (mode=http-bridge, workspace=/tmp/qws-delete-env-xoBoMQ/workspace)
qwen serve: bound to workspace "/tmp/qws-delete-env-xoBoMQ/workspace"
qwen serve: startup timing: processToListenMs=12100 runQwenServeToListenMs=10
qwen serve: trusted loopback mode; local callers have full API access without bearer authentication, including code execution as the daemon user. Use --require-auth with QWEN_SERVER_TOKEN on shared or untrusted hosts.
qwen serve: /acp WebSocket transport enabled on /acp
qwen serve: session reaper started (interval 60000ms, idle threshold 1800000ms)
2026-10-03T08:38:58.707Z [INFO] [DAEMON] route=DELETE /workspace/models durationMs=2 status=200 request completed
2026-10-03T08:38:58.707Z [INFO] [DAEMON] daemon stopped
qwen serve: scrubbed inherited loader env vars from the daemon process; session subprocesses will not inherit them: npm_config_userconfig, npm_config_prefix, npm_config_node_gyp, npm_config_globalconfig, npm_config_init_module
2026-10-03T08:38:58.711Z [INFO] [DAEMON] projectMemoryScope=workspace projectMemoryScopeRaw=workspace projectMemoryScopeSource=default project memory scope resolved
2026-10-03T08:38:58.711Z [INFO] [DAEMON] removedKeys=npm_config_userconfig,npm_config_prefix,npm_config_node_gyp,npm_config_globalconfig,npm_config_init_module scrubbed inherited loader env vars from the daemon process; session subprocesses will not inherit them
qwen serve: daemon log → /tmp/qws-run-serve-tests-3G3ZdQ/debug/daemon/daemon.log
2026-10-03T08:38:58.713Z [INFO] [DAEMON] ideEnvPresent=false primary=/tmp/qws-skill-identity-IKvTn6 secondary= daemon workspace roots initialized
qwen serve: session reaper started (interval 60000ms, idle threshold 1800000ms)
2026-10-03T08:38:58.717Z [WARN] [DAEMON] session-pr-refresh load failed: [vitest] There was an error when mocking a module. If you are using "vi.mock" factory, make sure there are no top level variables inside, since this call is hoisted to top of the file. Read more: https://vitest.dev/api/vi.html#vi-mock
qwen serve listening on http://127.0.0.1:44601 (mode=http-bridge, workspace=/tmp/qws-skill-identity-IKvTn6)
qwen serve: bound to workspace "/tmp/qws-skill-identity-IKvTn6"
qwen serve: startup timing: processToListenMs=12113 runQwenServeToListenMs=8
qwen serve: trusted loopback mode; local callers have full API access without bearer authentication, including code execution as the daemon user. Use --require-auth with QWEN_SERVER_TOKEN on shared or untrusted hosts.
qwen serve: /acp WebSocket transport enabled on /acp
2026-10-03T08:38:58.719Z [INFO] [DAEMON] daemon stopped
qwen serve: scrubbed inherited loader env vars from the daemon process; session subprocesses will not inherit them: npm_config_userconfig, npm_config_prefix, npm_config_node_gyp, npm_config_globalconfig, npm_config_init_module
2026-10-03T08:38:58.722Z [INFO] [DAEMON] projectMemoryScope=workspace projectMemoryScopeRaw=workspace projectMemoryScopeSource=default project memory scope resolved
2026-10-03T08:38:58.722Z [INFO] [DAEMON] removedKeys=npm_config_userconfig,npm_config_prefix,npm_config_node_gyp,npm_config_globalconfig,npm_config_init_module scrubbed inherited loader env vars from the daemon process; session subprocesses will not inherit them
qwen serve: daemon log → /tmp/qws-run-serve-tests-3G3ZdQ/debug/daemon/daemon.log
qwen serve: session reaper started (interval 60000ms, idle threshold 1800000ms)
2026-10-03T08:38:58.724Z [INFO] [DAEMON] ideEnvPresent=false primary=/tmp/qws-skill-identity-OTHZLK secondary= daemon workspace roots initialized
2026-10-03T08:38:58.730Z [WARN] [DAEMON] session-pr-refresh load failed: [vitest] There was an error when mocking a module. If you are using "vi.mock" factory, make sure there are no top level variables inside, since this call is hoisted to top of the file. Read more: https://vitest.dev/api/vi.html#vi-mock
qwen serve listening on http://127.0.0.1:44119 (mode=http-bridge, workspace=/tmp/qws-skill-identity-OTHZLK)
qwen serve: bound to workspace "/tmp/qws-skill-identity-OTHZLK"
qwen serve: startup timing: processToListenMs=12126 runQwenServeToListenMs=9
qwen serve: trusted loopback mode; local callers have full API access without bearer authentication, including code execution as the daemon user. Use --require-auth with QWEN_SERVER_TOKEN on shared or untrusted hosts.
qwen serve: /acp WebSocket transport enabled on /acp
2026-10-03T08:38:58.731Z [INFO] [DAEMON] daemon stopped
qwen serve: session reaper started (interval 60000ms, idle threshold 1800000ms)
qwen serve: scrubbed inherited loader env vars from the daemon process; session subprocesses will not inherit them: npm_config_userconfig, npm_config_prefix, npm_config_node_gyp, npm_config_globalconfig, npm_config_init_module
2026-10-03T08:38:58.734Z [INFO] [DAEMON] projectMemoryScope=workspace projectMemoryScopeRaw=workspace projectMemoryScopeSource=default project memory scope resolved
2026-10-03T08:38:58.734Z [INFO] [DAEMON] removedKeys=npm_config_userconfig,npm_config_prefix,npm_config_node_gyp,npm_config_globalconfig,npm_config_init_module scrubbed inherited loader env vars from the daemon process; session subprocesses will not inherit them
qwen serve: daemon log → /tmp/qws-run-serve-tests-3G3ZdQ/debug/daemon/daemon.log
2026-10-03T08:38:58.736Z [INFO] [DAEMON] ideEnvPresent=false primary=/tmp/qws-skill-identity-TdhYeY secondary= daemon workspace roots initialized
qwen serve: GET /brand: ui.brand.name uses an environment placeholder, which brand keys do not resolve — the substitution source is process-wide and a workspace can supply it. Set a literal value instead.
2026-10-03T08:38:58.740Z [WARN] [DAEMON] session-pr-refresh load failed: [vitest] There was an error when mocking a module. If you are using "vi.mock" factory, make sure there are no top level variables inside, since this call is hoisted to top of the file. Read more: https://vitest.dev/api/vi.html#vi-mock
qwen serve listening on http://127.0.0.1:37063 (mode=http-bridge, workspace=/tmp/qws-skill-identity-TdhYeY)
qwen serve: bound to workspace "/tmp/qws-skill-identity-TdhYeY"
qwen serve: startup timing: processToListenMs=12137 runQwenServeToListenMs=8
qwen serve: trusted loopback mode; local callers have full API access without bearer authentication, including code execution as the daemon user. Use --require-auth with QWEN_SERVER_TOKEN on shared or untrusted hosts.
qwen serve: /acp WebSocket transport enabled on /acp
2026-10-03T08:38:58.744Z [INFO] [DAEMON] daemon stopped
qwen serve: scrubbed inherited loader env vars from the daemon process; session subprocesses will not inherit them: npm_config_userconfig, npm_config_prefix, npm_config_node_gyp, npm_config_globalconfig, npm_config_init_module
2026-10-03T08:38:58.747Z [INFO] [DAEMON] projectMemoryScope=workspace projectMemoryScopeRaw=workspace projectMemoryScopeSource=default project memory scope resolved
2026-10-03T08:38:58.747Z [INFO] [DAEMON] removedKeys=npm_config_userconfig,npm_config_prefix,npm_config_node_gyp,npm_config_globalconfig,npm_config_init_module scrubbed inherited loader env vars from the daemon process; session subprocesses will not inherit them
qwen serve: daemon log → /tmp/qws-run-serve-tests-3G3ZdQ/debug/daemon/daemon.log
2026-10-03T08:38:58.748Z [INFO] [DAEMON] ideEnvPresent=false primary=/tmp/qws-skill-identity-5XQKX2 secondary= daemon workspace roots initialized
2026-10-03T08:38:58.753Z [WARN] [DAEMON] session-pr-refresh load failed: [vitest] There was an error when mocking a module. If you are using "vi.mock" factory, make sure there are no top level variables inside, since this call is hoisted to top of the file. Read more: https://vitest.dev/api/vi.html#vi-mock
qwen serve listening on http://127.0.0.1:42595 (mode=http-bridge, workspace=/tmp/qws-skill-identity-5XQKX2)
qwen serve: bound to workspace "/tmp/qws-skill-identity-5XQKX2"
qwen serve: startup timing: processToListenMs=12149 runQwenServeToListenMs=7
qwen serve: trusted loopback mode; local callers have full API access without bearer authentication, including code execution as the daemon user. Use --require-auth with QWEN_SERVER_TOKEN on shared or untrusted hosts.
qwen serve: /acp WebSocket transport enabled on /acp
2026-10-03T08:38:58.754Z [INFO] [DAEMON] daemon stopped
qwen serve: scrubbed inherited loader env vars from the daemon process; session subprocesses will not inherit them: npm_config_userconfig, npm_config_prefix, npm_config_node_gyp, npm_config_globalconfig, npm_config_init_module
2026-10-03T08:38:58.759Z [INFO] [DAEMON] projectMemoryScope=workspace projectMemoryScopeRaw=workspace projectMemoryScopeSource=default project memory scope resolved
2026-10-03T08:38:58.759Z [INFO] [DAEMON] removedKeys=npm_config_userconfig,npm_config_prefix,npm_config_node_gyp,npm_config_globalconfig,npm_config_init_module scrubbed inherited loader env vars from the daemon process; session subprocesses will not inherit them
qwen serve: daemon log → /tmp/qws-run-serve-tests-3G3ZdQ/debug/daemon/daemon.log
2026-10-03T08:38:58.760Z [INFO] [DAEMON] ideEnvPresent=false primary=/tmp/qws-skill-settings-OnE4fC secondary= daemon workspace roots initialized
2026-10-03T08:38:58.765Z [WARN] [DAEMON] session-pr-refresh load failed: [vitest] There was an error when mocking a module. If you are using "vi.mock" factory, make sure there are no top level variables inside, since this call is hoisted to top of the file. Read more: https://vitest.dev/api/vi.html#vi-mock
qwen serve listening on http://127.0.0.1:34761 (mode=http-bridge, workspace=/tmp/qws-skill-settings-OnE4fC)
qwen serve: bound to workspace "/tmp/qws-skill-settings-OnE4fC"
qwen serve: startup timing: processToListenMs=12161 runQwenServeToListenMs=8
qwen serve: trusted loopback mode; local callers have full API access without bearer authentication, including code execution as the daemon user. Use --require-auth with QWEN_SERVER_TOKEN on shared or untrusted hosts.
qwen serve: /acp WebSocket transport enabled on /acp
qwen serve: getWorkspaceSkillsStatus query failed: bridge.queryWorkspaceStatus is not a function
2026-10-03T08:38:58.789Z [INFO] [DAEMON] daemon stopped
qwen serve: scrubbed inherited loader env vars from the daemon process; session subprocesses will not inherit them: npm_config_userconfig, npm_config_prefix, npm_config_node_gyp, npm_config_globalconfig, npm_config_init_module
2026-10-03T08:38:58.794Z [INFO] [DAEMON] projectMemoryScope=workspace projectMemoryScopeRaw=workspace projectMemoryScopeSource=default project memory scope resolved
2026-10-03T08:38:58.794Z [INFO] [DAEMON] removedKeys=npm_config_userconfig,npm_config_prefix,npm_config_node_gyp,npm_config_globalconfig,npm_config_init_module scrubbed inherited loader env vars from the daemon process; session subprocesses will not inherit them
qwen serve: daemon log → /tmp/qws-run-serve-tests-3G3ZdQ/debug/daemon/daemon.log
2026-10-03T08:38:58.795Z [INFO] [DAEMON] ideEnvPresent=false primary=/tmp/qws-skill-dual-GAnxiA secondary= daemon workspace roots initialized
2026-10-03T08:38:58.800Z [WARN] [DAEMON] session-pr-refresh load failed: [vitest] There was an error when mocking a module. If you are using "vi.mock" factory, make sure there are no top level variables inside, since this call is hoisted to top of the file. Read more: https://vitest.dev/api/vi.html#vi-mock
qwen serve listening on http://127.0.0.1:45875 (mode=http-bridge, workspace=/tmp/qws-skill-dual-GAnxiA)
qwen serve: bound to workspace "/tmp/qws-skill-dual-GAnxiA"
qwen serve: startup timing: processToListenMs=12196 runQwenServeToListenMs=8
qwen serve: trusted loopback mode; local callers have full API access without bearer authentication, including code execution as the daemon user. Use --require-auth with QWEN_SERVER_TOKEN on shared or untrusted hosts.
qwen serve: /acp WebSocket transport enabled on /acp
qwen serve: getWorkspaceSkillsStatus query failed: bridge.queryWorkspaceStatus is not a function
2026-10-03T08:38:58.808Z [INFO] [DAEMON] daemon stopped
qwen serve: scrubbed inherited loader env vars from the daemon process; session subprocesses will not inherit them: npm_config_userconfig, npm_config_prefix, npm_config_node_gyp, npm_config_globalconfig, npm_config_init_module
2026-10-03T08:38:58.811Z [INFO] [DAEMON] projectMemoryScope=workspace projectMemoryScopeRaw=workspace projectMemoryScopeSource=default project memory scope resolved
2026-10-03T08:38:58.811Z [INFO] [DAEMON] removedKeys=npm_config_userconfig,npm_config_prefix,npm_config_node_gyp,npm_config_globalconfig,npm_config_init_module scrubbed inherited loader env vars from the daemon process; session subprocesses will not inherit them
qwen serve: daemon log → /tmp/qws-run-serve-tests-3G3ZdQ/debug/daemon/daemon.log
2026-10-03T08:38:58.813Z [INFO] [DAEMON] ideEnvPresent=false primary=/tmp/qws-skill-batch-lscHc3 secondary= daemon workspace roots initialized
2026-10-03T08:38:58.820Z [WARN] [DAEMON] session-pr-refresh load failed: [vitest] There was an error when mocking a module. If you are using "vi.mock" factory, make sure there are no top level variables inside, since this call is hoisted to top of the file. Read more: https://vitest.dev/api/vi.html#vi-mock
qwen serve listening on http://127.0.0.1:34889 (mode=http-bridge, workspace=/tmp/qws-skill-batch-lscHc3)
qwen serve: bound to workspace "/tmp/qws-skill-batch-lscHc3"
qwen serve: startup timing: processToListenMs=12216 runQwenServeToListenMs=10
qwen serve: trusted loopback mode; local callers have full API access without bearer authentication, including code execution as the daemon user. Use --require-auth with QWEN_SERVER_TOKEN on shared or untrusted hosts.
qwen serve: /acp WebSocket transport enabled on /acp
qwen serve: getWorkspaceSkillsStatus query failed: bridge.queryWorkspaceStatus is not a function
2026-10-03T08:38:58.830Z [INFO] [DAEMON] daemon stopped
qwen serve: session reaper started (interval 60000ms, idle threshold 1800000ms)
qwen serve: session reaper started (interval 60000ms, idle threshold 1800000ms)
qwen serve: session reaper started (interval 60000ms, idle threshold 1800000ms)
qwen serve: session reaper started (interval 60000ms, idle threshold 1800000ms)
qwen serve: session reaper started (interval 60000ms, idle threshold 1800000ms)
qwen serve: session reaper started (interval 60000ms, idle threshold 1800000ms)
qwen serve: session reaper started (interval 60000ms, idle threshold 1800000ms)
qwen serve: session reaper started (interval 60000ms, idle threshold 1800000ms)
qwen serve: session reaper started (interval 60000ms, idle threshold 1800000ms)
qwen serve: session reaper started (interval 60000ms, idle threshold 1800000ms)
qwen serve: session reaper started (interval 60000ms, idle threshold 1800000ms)
qwen serve: session reaper started (interval 60000ms, idle threshold 1800000ms)
qwen serve: session reaper started (interval 60000ms, idle threshold 1800000ms)
qwen serve: session reaper started (interval 60000ms, idle threshold 1800000ms)
qwen serve: session reaper started (interval 60000ms, idle threshold 1800000ms)
qwen serve: session reaper started (interval 60000ms, idle threshold 1800000ms)
qwen serve: session reaper started (interval 60000ms, idle threshold 1800000ms)
qwen serve: session reaper started (interval 60000ms, idle threshold 1800000ms)
qwen serve: session reaper started (interval 60000ms, idle threshold 1800000ms)
qwen serve: session reaper started (interval 60000ms, idle threshold 1800000ms)
qwen serve: session reaper started (interval 60000ms, idle threshold 1800000ms)
qwen serve: session reaper started (interval 60000ms, idle threshold 1800000ms)
qwen serve: session reaper started (interval 60000ms, idle threshold 1800000ms)
qwen serve: session reaper started (interval 60000ms, idle threshold 1800000ms)
qwen serve: ACP preheat resolved without a live channel
qwen serve: ACP preheat resolved without a live channel
qwen serve: [/work/bound] extensions install: background task failed: Could not read <extension-upload-dir>/extension.zip from upload:demo.zip: disk full
qwen serve: [/work/bound] extensions install: background task failed: Could not create the temporary extension upload directory
qwen serve: [/work/bound] extensions install: background task failed: Extension installation cancelled by a new install request
qwen serve: [/work/bound] extensions install: background task failed: Marketplace "empty-marketplace" has no plugins
qwen serve: [/work/bound] extensions install: background task failed: Extension operation cancelled
qwen serve: [/work/bound] extensions install: background task failed: Extension interaction timed out
qwen serve: [/work/bound] extensions install: background task failed: Extension installation cancelled by a new install request
qwen serve: [/work/bound] extensions install: background task failed: Extension installation cancelled by a new install request
qwen serve: [/work/bound] extensions install: background task failed: Extension operation cancelled
qwen serve: [/work/bound] extensions install: Commit succeeded but post-commit work failed: cleanup exploded
qwen serve: [/work/bound] extensions install: background task failed: Extension operation cancelled
qwen serve: scrubbed inherited loader env vars from the daemon process; session subprocesses will not inherit them: npm_config_userconfig, npm_config_prefix, npm_config_node_gyp, npm_config_globalconfig, npm_config_init_module
2026-10-03T08:39:00.579Z [INFO] [DAEMON] projectMemoryScope=workspace projectMemoryScopeRaw=workspace projectMemoryScopeSource=default project memory scope resolved
2026-10-03T08:39:00.579Z [INFO] [DAEMON] removedKeys=npm_config_userconfig,npm_config_prefix,npm_config_node_gyp,npm_config_globalconfig,npm_config_init_module scrubbed inherited loader env vars from the daemon process; session subprocesses will not inherit them
qwen serve: daemon log → /tmp/qws-dl-ihq95k/debug/daemon/daemon.log
qwen serve: Web Shell UI served from /root/verify/pr11071-r4/head/packages/web-shell/dist
2026-10-03T08:39:00.581Z [INFO] [DAEMON] ideEnvPresent=false primary=/tmp/qws-dl-ihq95k secondary= daemon workspace roots initialized
2026-10-03T08:39:00.591Z [WARN] [DAEMON] session-pr-refresh load failed: [vitest] There was an error when mocking a module. If you are using "vi.mock" factory, make sure there are no top level variables inside, since this call is hoisted to top of the file. Read more: https://vitest.dev/api/vi.html#vi-mock
qwen serve listening on http://127.0.0.1:34999 (mode=http-bridge, workspace=/tmp/qws-dl-ihq95k)
qwen serve: bound to workspace "/tmp/qws-dl-ihq95k"
qwen serve: startup timing: processToListenMs=13987 runQwenServeToListenMs=15
qwen serve: trusted loopback mode; local callers have full API access without bearer authentication, including code execution as the daemon user. Use --require-auth with QWEN_SERVER_TOKEN on shared or untrusted hosts.
qwen serve: /acp WebSocket transport enabled on /acp
2026-10-03T08:39:00.669Z [WARN] [DAEMON] route=GET /missing-0 durationMs=5 status=404 request completed
2026-10-03T08:39:00.672Z [WARN] [DAEMON] route=GET /missing-1 durationMs=3 status=404 request completed
2026-10-03T08:39:00.673Z [WARN] [DAEMON] route=GET /missing-2 durationMs=0 status=404 request completed
2026-10-03T08:39:00.674Z [WARN] [DAEMON] route=GET /missing-3 durationMs=0 status=404 request completed
2026-10-03T08:39:00.675Z [WARN] [DAEMON] route=GET /missing-4 durationMs=0 status=404 request completed
2026-10-03T08:39:00.676Z [WARN] [DAEMON] route=GET /missing-5 durationMs=0 status=404 request completed
2026-10-03T08:39:00.678Z [WARN] [DAEMON] route=GET /missing-6 durationMs=0 status=404 request completed
2026-10-03T08:39:00.678Z [WARN] [DAEMON] route=GET /missing-7 durationMs=0 status=404 request completed
2026-10-03T08:39:00.679Z [WARN] [DAEMON] route=GET /missing-8 durationMs=0 status=404 request completed
2026-10-03T08:39:00.680Z [WARN] [DAEMON] route=GET /missing-9 durationMs=0 status=404 request completed
2026-10-03T08:39:00.681Z [WARN] [DAEMON] route=GET /missing-10 durationMs=0 status=404 request completed
2026-10-03T08:39:00.682Z [WARN] [DAEMON] route=GET /missing-11 durationMs=0 status=404 request completed
2026-10-03T08:39:00.683Z [WARN] [DAEMON] route=GET /missing-12 durationMs=0 status=404 request completed
2026-10-03T08:39:00.683Z [WARN] [DAEMON] route=GET /missing-13 durationMs=0 status=404 request completed
2026-10-03T08:39:00.684Z [WARN] [DAEMON] route=GET /missing-14 durationMs=0 status=404 request completed
2026-10-03T08:39:00.685Z [WARN] [DAEMON] route=GET /missing-15 durationMs=0 status=404 request completed
2026-10-03T08:39:00.685Z [WARN] [DAEMON] route=GET /missing-16 durationMs=0 status=404 request completed
2026-10-03T08:39:00.686Z [WARN] [DAEMON] route=GET /missing-17 durationMs=0 status=404 request completed
2026-10-03T08:39:00.687Z [WARN] [DAEMON] route=GET /missing-18 durationMs=0 status=404 request completed
2026-10-03T08:39:00.688Z [WARN] [DAEMON] route=GET /missing-19 durationMs=0 status=404 request completed
2026-10-03T08:39:00.688Z [WARN] [DAEMON] route=GET /missing-20 durationMs=0 status=404 request completed
2026-10-03T08:39:00.689Z [WARN] [DAEMON] route=GET /missing-21 durationMs=0 status=404 request completed
2026-10-03T08:39:00.690Z [WARN] [DAEMON] route=GET /missing-22 durationMs=0 status=404 request completed
2026-10-03T08:39:00.691Z [WARN] [DAEMON] route=GET /missing-23 durationMs=0 status=404 request completed
2026-10-03T08:39:00.691Z [WARN] [DAEMON] route=GET /missing-24 durationMs=0 status=404 request completed
2026-10-03T08:39:00.692Z [WARN] [DAEMON] route=GET /missing-25 durationMs=0 status=404 request completed
2026-10-03T08:39:00.693Z [WARN] [DAEMON] route=GET /missing-26 durationMs=0 status=404 request completed
2026-10-03T08:39:00.693Z [WARN] [DAEMON] route=GET /missing-27 durationMs=0 status=404 request completed
2026-10-03T08:39:00.694Z [WARN] [DAEMON] route=GET /missing-28 durationMs=0 status=404 request completed
2026-10-03T08:39:00.695Z [WARN] [DAEMON] route=GET /missing-29 durationMs=0 status=404 request completed
2026-10-03T08:39:00.696Z [WARN] [DAEMON] route=GET /missing-30 durationMs=0 status=404 request completed
2026-10-03T08:39:00.696Z [WARN] [DAEMON] route=GET /missing-31 durationMs=0 status=404 request completed
2026-10-03T08:39:00.732Z [WARN] [DAEMON] route=GET /missing-32 durationMs=0 status=404 request completed
2026-10-03T08:39:00.733Z [WARN] [DAEMON] route=GET /missing-33 durationMs=0 status=404 request completed
2026-10-03T08:39:00.734Z [WARN] [DAEMON] route=GET /missing-34 durationMs=0 status=404 request completed
2026-10-03T08:39:00.735Z [WARN] [DAEMON] route=GET /missing-35 durationMs=0 status=404 request completed
2026-10-03T08:39:00.736Z [WARN] [DAEMON] route=GET /missing-36 durationMs=0 status=404 request completed
2026-10-03T08:39:00.736Z [WARN] [DAEMON] route=GET /missing-37 durationMs=0 status=404 request completed
2026-10-03T08:39:00.737Z [WARN] [DAEMON] route=GET /missing-38 durationMs=0 status=404 request completed
2026-10-03T08:39:00.738Z [WARN] [DAEMON] route=GET /missing-39 durationMs=0 status=404 request completed
2026-10-03T08:39:00.738Z [WARN] [DAEMON] route=GET /missing-40 durationMs=0 status=404 request completed
2026-10-03T08:39:00.739Z [WARN] [DAEMON] route=GET /missing-41 durationMs=0 status=404 request completed
2026-10-03T08:39:00.740Z [WARN] [DAEMON] route=GET /missing-42 durationMs=0 status=404 request completed
2026-10-03T08:39:00.740Z [WARN] [DAEMON] route=GET /missing-43 durationMs=0 status=404 request completed
2026-10-03T08:39:00.741Z [WARN] [DAEMON] route=GET /missing-44 durationMs=0 status=404 request completed
2026-10-03T08:39:00.742Z [WARN] [DAEMON] route=GET /missing-45 durationMs=0 status=404 request completed
2026-10-03T08:39:00.743Z [WARN] [DAEMON] route=GET /missing-46 durationMs=0 status=404 request completed
2026-10-03T08:39:00.743Z [WARN] [DAEMON] route=GET /missing-47 durationMs=0 status=404 request completed
2026-10-03T08:39:00.744Z [WARN] [DAEMON] route=GET /missing-48 durationMs=0 status=404 request completed
2026-10-03T08:39:00.745Z [WARN] [DAEMON] route=GET /missing-49 durationMs=0 status=404 request completed
2026-10-03T08:39:00.746Z [WARN] [DAEMON] route=GET /missing-50 durationMs=0 status=404 request completed
2026-10-03T08:39:00.746Z [WARN] [DAEMON] route=GET /missing-51 durationMs=0 status=404 request completed
2026-10-03T08:39:00.747Z [WARN] [DAEMON] route=GET /missing-52 durationMs=0 status=404 request completed
2026-10-03T08:39:00.748Z [WARN] [DAEMON] route=GET /missing-53 durationMs=0 status=404 request completed
2026-10-03T08:39:00.748Z [WARN] [DAEMON] route=GET /missing-54 durationMs=0 status=404 request completed
2026-10-03T08:39:00.749Z [WARN] [DAEMON] route=GET /missing-55 durationMs=0 status=404 request completed
2026-10-03T08:39:00.750Z [WARN] [DAEMON] route=GET /missing-56 durationMs=0 status=404 request completed
2026-10-03T08:39:00.750Z [WARN] [DAEMON] route=GET /missing-57 durationMs=0 status=404 request completed
2026-10-03T08:39:00.751Z [WARN] [DAEMON] route=GET /missing-58 durationMs=0 status=404 request completed
2026-10-03T08:39:00.752Z [WARN] [DAEMON] route=GET /missing-59 durationMs=0 status=404 request completed
2026-10-03T08:39:00.760Z [WARN] [DAEMON] status2xx=0 status3xx=0 status4xx=10 status5xx=0 statusOther=0 suppressed=10 access logs suppressed
2026-10-03T08:39:00.760Z [INFO] [DAEMON] daemon stopped
qwen serve: scrubbed inherited loader env vars from the daemon process; session subprocesses will not inherit them: npm_config_userconfig, npm_config_prefix, npm_config_node_gyp, npm_config_globalconfig, npm_config_init_module
2026-10-03T08:39:00.777Z [INFO] [DAEMON] projectMemoryScope=workspace projectMemoryScopeRaw=workspace projectMemoryScopeSource=default project memory scope resolved
2026-10-03T08:39:00.777Z [INFO] [DAEMON] removedKeys=npm_config_userconfig,npm_config_prefix,npm_config_node_gyp,npm_config_globalconfig,npm_config_init_module scrubbed inherited loader env vars from the daemon process; session subprocesses will not inherit them
qwen serve: daemon log → /tmp/qws-run-serve-tests-3G3ZdQ/debug/daemon/daemon.log
qwen serve: Web Shell UI served from /root/verify/pr11071-r4/head/packages/web-shell/dist
qwen serve: bound to workspace "/tmp/qws-tv-i4sIL4"
qwen serve: startup timing: processToListenMs=14173 runQwenServeToListenMs=4
qwen serve: trusted loopback mode; local callers have full API access without bearer authentication, including code execution as the daemon user. Use --require-auth with QWEN_SERVER_TOKEN on shared or untrusted hosts.
qwen serve listening on http://127.0.0.1:43369 (mode=http-bridge, workspace=/tmp/qws-tv-i4sIL4)
qwen serve: runtime startup failed: Invalid telemetry configuration: Invalid QWEN_TELEMETRY_SENSITIVE_SPAN_ATTRIBUTE_MAX_LENGTH: must be a positive integer no greater than 104857600, got ''.
2026-10-03T08:39:00.780Z [ERROR] [DAEMON] runtime startup failed
  Error: Invalid telemetry configuration: Invalid QWEN_TELEMETRY_SENSITIVE_SPAN_ATTRIBUTE_MAX_LENGTH: must be a positive integer no greater than 104857600, got ''.
      at buildRuntime (/root/verify/pr11071-r4/head/packages/cli/src/serve/run-qwen-serve.ts:5393:15)
2026-10-03T08:39:00.791Z [ERROR] [DAEMON] daemon startup failed
  Error: Invalid telemetry configuration: Invalid QWEN_TELEMETRY_SENSITIVE_SPAN_ATTRIBUTE_MAX_LENGTH: must be a positive integer no greater than 104857600, got ''.
      at buildRuntime (/root/verify/pr11071-r4/head/packages/cli/src/serve/run-qwen-serve.ts:5393:15)
qwen serve: [/work/bound] extensions install: background task failed: Only GitHub, Git, npm, and absolute local path extension installs are supported over the daemon endpoint.
qwen serve: scrubbed inherited loader env vars from the daemon process; session subprocesses will not inherit them: npm_config_userconfig, npm_config_prefix, npm_config_node_gyp, npm_config_globalconfig, npm_config_init_module
2026-10-03T08:39:00.796Z [INFO] [DAEMON] projectMemoryScope=workspace projectMemoryScopeRaw=workspace projectMemoryScopeSource=default project memory scope resolved
2026-10-03T08:39:00.796Z [INFO] [DAEMON] removedKeys=npm_config_userconfig,npm_config_prefix,npm_config_node_gyp,npm_config_globalconfig,npm_config_init_module scrubbed inherited loader env vars from the daemon process; session subprocesses will not inherit them
qwen serve: daemon log → /tmp/qws-ws-iNMpTt/debug/daemon/daemon.log
qwen serve listening on http://127.0.0.1:45139 (mode=http-bridge, workspace=/tmp/qws-ws-iNMpTt/primary)
qwen serve: bound to workspace "/tmp/qws-ws-iNMpTt/primary"
qwen serve: startup timing: processToListenMs=14192 runQwenServeToListenMs=4
qwen serve: trusted loopback mode; local callers have full API access without bearer authentication, including code execution as the daemon user. Use --require-auth with QWEN_SERVER_TOKEN on shared or untrusted hosts.
2026-10-03T08:39:00.798Z [INFO] [DAEMON] ideEnvPresent=false primary=/tmp/qws-ws-iNMpTt/primary secondary= daemon workspace roots initialized
2026-10-03T08:39:00.811Z [WARN] [DAEMON] session-pr-refresh load failed: [vitest] There was an error when mocking a module. If you are using "vi.mock" factory, make sure there are no top level variables inside, since this call is hoisted to top of the file. Read more: https://vitest.dev/api/vi.html#vi-mock
qwen serve: /acp WebSocket transport enabled on /acp
2026-10-03T08:39:00.823Z [INFO] [DAEMON] route=GET /capabilities durationMs=3 status=200 request completed
qwen serve: fs audit emit is the default no-op — 1 event(s) dropped so far. Latest type=fs.access (intent=write pathHash=5833b6cebaf0c75d). Inject deps.fsFactory in createServeApp to wire audit into the EventBus.
qwen serve: fs audit emit is the default no-op — 1 event(s) dropped so far. Latest type=fs.access (intent=write pathHash=266470e68b69fe08). Inject deps.fsFactory in createServeApp to wire audit into the EventBus.
qwen serve: [/work/bound] extensions install: background task failed: Local extension sources must be absolute daemon-host paths; relative paths are not supported over the daemon endpoint.
2026-10-03T08:39:00.878Z [INFO] [DAEMON] daemon stopped
qwen serve: scrubbed inherited loader env vars from the daemon process; session subprocesses will not inherit them: npm_config_userconfig, npm_config_prefix, npm_config_node_gyp, npm_config_globalconfig, npm_config_init_module
2026-10-03T08:39:00.886Z [INFO] [DAEMON] projectMemoryScope=workspace projectMemoryScopeRaw=workspace projectMemoryScopeSource=default project memory scope resolved
2026-10-03T08:39:00.886Z [INFO] [DAEMON] removedKeys=npm_config_userconfig,npm_config_prefix,npm_config_node_gyp,npm_config_globalconfig,npm_config_init_module scrubbed inherited loader env vars from the daemon process; session subprocesses will not inherit them
qwen serve: daemon log → /tmp/qws-runtime-drain-5J0RxG/debug/daemon/daemon.log
qwen serve listening on http://127.0.0.1:45067 (mode=http-bridge, workspace=/tmp/qws-runtime-drain-5J0RxG/primary)
qwen serve: bound to workspace "/tmp/qws-runtime-drain-5J0RxG/primary"
qwen serve: startup timing: processToListenMs=14282 runQwenServeToListenMs=6
qwen serve: trusted loopback mode; local callers have full API access without bearer authentication, including code execution as the daemon user. Use --require-auth with QWEN_SERVER_TOKEN on shared or untrusted hosts.
2026-10-03T08:39:00.888Z [INFO] [DAEMON] ideEnvPresent=false primary=/tmp/qws-runtime-drain-5J0RxG/primary secondary= daemon workspace roots initialized
2026-10-03T08:39:00.897Z [WARN] [DAEMON] session-pr-refresh load failed: [vitest] There was an error when mocking a module. If you are using "vi.mock" factory, make sure there are no top level variables inside, since this call is hoisted to top of the file. Read more: https://vitest.dev/api/vi.html#vi-mock
qwen serve: /acp WebSocket transport enabled on /acp
2026-10-03T08:39:00.901Z [INFO] [DAEMON] daemon stopped
qwen serve: scrubbed inherited loader env vars from the daemon process; session subprocesses will not inherit them: npm_config_userconfig, npm_config_prefix, npm_config_node_gyp, npm_config_globalconfig, npm_config_init_module
2026-10-03T08:39:00.905Z [INFO] [DAEMON] projectMemoryScope=workspace projectMemoryScopeRaw=workspace projectMemoryScopeSource=default project memory scope resolved
2026-10-03T08:39:00.905Z [INFO] [DAEMON] removedKeys=npm_config_userconfig,npm_config_prefix,npm_config_node_gyp,npm_config_globalconfig,npm_config_init_module scrubbed inherited loader env vars from the daemon process; session subprocesses will not inherit them
qwen serve: daemon log → /tmp/qws-injected-fs-nUykOY/debug/daemon/daemon.log
qwen serve listening on http://127.0.0.1:36847 (mode=http-bridge, workspace=/tmp/qws-injected-fs-nUykOY/workspace)
qwen serve: bound to workspace "/tmp/qws-injected-fs-nUykOY/workspace"
qwen serve: startup timing: processToListenMs=14301 runQwenServeToListenMs=3
qwen serve: trusted loopback mode; local callers have full API access without bearer authentication, including code execution as the daemon user. Use --require-auth with QWEN_SERVER_TOKEN on shared or untrusted hosts.
2026-10-03T08:39:00.907Z [INFO] [DAEMON] ideEnvPresent=false primary=/tmp/qws-injected-fs-nUykOY/workspace secondary= daemon workspace roots initialized
qwen serve: /acp WebSocket transport enabled on /acp
2026-10-03T08:39:00.914Z [WARN] [DAEMON] session-pr-refresh load failed: [vitest] There was an error when mocking a module. If you are using "vi.mock" factory, make sure there are no top level variables inside, since this call is hoisted to top of the file. Read more: https://vitest.dev/api/vi.html#vi-mock
2026-10-03T08:39:00.914Z [INFO] [DAEMON] daemon stopped
qwen serve: scrubbed inherited loader env vars from the daemon process; session subprocesses will not inherit them: npm_config_userconfig, npm_config_prefix, npm_config_node_gyp, npm_config_globalconfig, npm_config_init_module
2026-10-03T08:39:00.920Z [INFO] [DAEMON] projectMemoryScope=workspace projectMemoryScopeRaw=workspace projectMemoryScopeSource=default project memory scope resolved
2026-10-03T08:39:00.920Z [INFO] [DAEMON] removedKeys=npm_config_userconfig,npm_config_prefix,npm_config_node_gyp,npm_config_globalconfig,npm_config_init_module scrubbed inherited loader env vars from the daemon process; session subprocesses will not inherit them
qwen serve: daemon log → /tmp/qws-voice-capability-C77pG3/debug/daemon/daemon.log
qwen serve listening on http://127.0.0.1:41575 (mode=http-bridge, workspace=/tmp/qws-voice-capability-C77pG3/workspace)
qwen serve: bound to workspace "/tmp/qws-voice-capability-C77pG3/workspace"
qwen serve: startup timing: processToListenMs=14316 runQwenServeToListenMs=4
qwen serve: trusted loopback mode; local callers have full API access without bearer authentication, including code execution as the daemon user. Use --require-auth with QWEN_SERVER_TOKEN on shared or untrusted hosts.
2026-10-03T08:39:00.922Z [INFO] [DAEMON] ideEnvPresent=false primary=/tmp/qws-voice-capability-C77pG3/workspace secondary= daemon workspace roots initialized
2026-10-03T08:39:00.928Z [WARN] [DAEMON] session-pr-refresh load failed: [vitest] There was an error when mocking a module. If you are using "vi.mock" factory, make sure there are no top level variables inside, since this call is hoisted to top of the file. Read more: https://vitest.dev/api/vi.html#vi-mock
qwen serve: /acp WebSocket transport enabled on /acp
2026-10-03T08:39:00.932Z [INFO] [DAEMON] route=GET /capabilities durationMs=1 status=200 request completed
2026-10-03T08:39:00.935Z [INFO] [DAEMON] route=GET /capabilities durationMs=2 status=200 request completed
2026-10-03T08:39:00.937Z [INFO] [DAEMON] daemon stopped
qwen serve: scrubbed inherited loader env vars from the daemon process; session subprocesses will not inherit them: npm_config_userconfig, npm_config_prefix, npm_config_node_gyp, npm_config_globalconfig, npm_config_init_module
2026-10-03T08:39:00.941Z [INFO] [DAEMON] projectMemoryScope=workspace projectMemoryScopeRaw=workspace projectMemoryScopeSource=default project memory scope resolved
2026-10-03T08:39:00.941Z [INFO] [DAEMON] removedKeys=npm_config_userconfig,npm_config_prefix,npm_config_node_gyp,npm_config_globalconfig,npm_config_init_module scrubbed inherited loader env vars from the daemon process; session subprocesses will not inherit them
qwen serve: daemon log → /tmp/qws-hot-remove-XA05mq/debug/daemon/daemon.log
qwen serve listening on http://127.0.0.1:39191 (mode=http-bridge, workspace=/tmp/qws-hot-remove-XA05mq/primary)
qwen serve: bound to workspace "/tmp/qws-hot-remove-XA05mq/primary"
qwen serve: startup timing: processToListenMs=14338 runQwenServeToListenMs=2
2026-10-03T08:39:00.943Z [INFO] [DAEMON] ideEnvPresent=false primary=/tmp/qws-hot-remove-XA05mq/primary secondary= daemon workspace roots initialized
2026-10-03T08:39:00.947Z [WARN] [DAEMON] session-pr-refresh load failed: [vitest] There was an error when mocking a module. If you are using "vi.mock" factory, make sure there are no top level variables inside, since this call is hoisted to top of the file. Read more: https://vitest.dev/api/vi.html#vi-mock
qwen serve: /acp WebSocket transport enabled on /acp
2026-10-03T08:39:00.953Z [INFO] [DAEMON] route=POST /workspaces durationMs=4 status=201 request completed
qwen serve: fs audit emit is the default no-op — 1 event(s) dropped so far. Latest type=fs.access (intent=write pathHash=e5429bc53ab06d26). Inject deps.fsFactory in createServeApp to wire audit into the EventBus.
2026-10-03T08:39:00.957Z [INFO] [DAEMON] route=GET /capabilities durationMs=1 status=200 request completed
2026-10-03T08:39:00.960Z [INFO] [DAEMON] route=DELETE /workspaces/3e387d6b88df453d durationMs=2 status=200 request completed
2026-10-03T08:39:00.962Z [INFO] [DAEMON] route=GET /capabilities durationMs=0 status=200 request completed
2026-10-03T08:39:00.966Z [INFO] [DAEMON] route=POST /workspaces durationMs=3 status=201 request completed
qwen serve: fs audit emit is the default no-op — 1 event(s) dropped so far. Latest type=fs.access (intent=write pathHash=c70e5ff2e241f090). Inject deps.fsFactory in createServeApp to wire audit into the EventBus.
2026-10-03T08:39:01.019Z [INFO] [DAEMON] daemon stopped
qwen serve: scrubbed inherited loader env vars from the daemon process; session subprocesses will not inherit them: npm_config_userconfig, npm_config_prefix, npm_config_node_gyp, npm_config_globalconfig, npm_config_init_module
2026-10-03T08:39:01.024Z [INFO] [DAEMON] projectMemoryScope=workspace projectMemoryScopeRaw=workspace projectMemoryScopeSource=default project memory scope resolved
2026-10-03T08:39:01.024Z [INFO] [DAEMON] removedKeys=npm_config_userconfig,npm_config_prefix,npm_config_node_gyp,npm_config_globalconfig,npm_config_init_module scrubbed inherited loader env vars from the daemon process; session subprocesses will not inherit them
qwen serve: daemon log → /tmp/qws-hot-remove-kF08CJ/debug/daemon/daemon.log
qwen serve listening on http://127.0.0.1:35395 (mode=http-bridge, workspace=/tmp/qws-hot-remove-kF08CJ/primary)
qwen serve: bound to workspace "/tmp/qws-hot-remove-kF08CJ/primary"
qwen serve: startup timing: processToListenMs=14421 runQwenServeToListenMs=4
2026-10-03T08:39:01.026Z [INFO] [DAEMON] ideEnvPresent=false primary=/tmp/qws-hot-remove-kF08CJ/primary secondary= daemon workspace roots initialized
2026-10-03T08:39:01.030Z [WARN] [DAEMON] session-pr-refresh load failed: [vitest] There was an error when mocking a module. If you are using "vi.mock" factory, make sure there are no top level variables inside, since this call is hoisted to top of the file. Read more: https://vitest.dev/api/vi.html#vi-mock
qwen serve: /acp WebSocket transport enabled on /acp
2026-10-03T08:39:01.035Z [INFO] [DAEMON] route=POST /workspaces durationMs=3 status=201 request completed
qwen serve: fs audit emit is the default no-op — 1 event(s) dropped so far. Latest type=fs.access (intent=write pathHash=ea9b45f90d0a30d2). Inject deps.fsFactory in createServeApp to wire audit into the EventBus.
2026-10-03T08:39:01.038Z [INFO] [DAEMON] route=GET /capabilities durationMs=1 status=200 request completed
2026-10-03T08:39:01.040Z [INFO] [DAEMON] route=DELETE /workspaces/8163b43a8d19bf46 durationMs=1 status=200 request completed
2026-10-03T08:39:01.041Z [INFO] [DAEMON] route=GET /capabilities durationMs=0 status=200 request completed
2026-10-03T08:39:01.046Z [INFO] [DAEMON] route=POST /workspaces durationMs=3 status=201 request completed
qwen serve: fs audit emit is the default no-op — 1 event(s) dropped so far. Latest type=fs.access (intent=write pathHash=47e4654f47afdf3c). Inject deps.fsFactory in createServeApp to wire audit into the EventBus.
2026-10-03T08:39:01.099Z [INFO] [DAEMON] daemon stopped
qwen serve: scrubbed inherited loader env vars from the daemon process; session subprocesses will not inherit them: npm_config_userconfig, npm_config_prefix, npm_config_node_gyp, npm_config_globalconfig, npm_config_init_module
2026-10-03T08:39:01.105Z [INFO] [DAEMON] projectMemoryScope=workspace projectMemoryScopeRaw=workspace projectMemoryScopeSource=default project memory scope resolved
2026-10-03T08:39:01.105Z [INFO] [DAEMON] removedKeys=npm_config_userconfig,npm_config_prefix,npm_config_node_gyp,npm_config_globalconfig,npm_config_init_module scrubbed inherited loader env vars from the daemon process; session subprocesses will not inherit them
qwen serve: daemon log → /tmp/qws-runtime-failure-UBq6Pr/debug/daemon/daemon.log
qwen serve listening on http://127.0.0.1:44821 (mode=http-bridge, workspace=/tmp/qws-runtime-failure-UBq6Pr/primary)
qwen serve: bound to workspace "/tmp/qws-runtime-failure-UBq6Pr/primary"
qwen serve: startup timing: processToListenMs=14502 runQwenServeToListenMs=4
2026-10-03T08:39:01.107Z [INFO] [DAEMON] ideEnvPresent=false primary=/tmp/qws-runtime-failure-UBq6Pr/primary secondary= daemon workspace roots initialized
2026-10-03T08:39:01.111Z [WARN] [DAEMON] session-pr-refresh load failed: [vitest] There was an error when mocking a module. If you are using "vi.mock" factory, make sure there are no top level variables inside, since this call is hoisted to top of the file. Read more: https://vitest.dev/api/vi.html#vi-mock
qwen serve: /acp WebSocket transport enabled on /acp
qwen serve: POST /workspaces failed for /tmp/qws-runtime-failure-UBq6Pr/secondary: workspace service construction failed
2026-10-03T08:39:01.114Z [WARN] [DAEMON] route=POST /workspaces durationMs=2 status=500 request completed
2026-10-03T08:39:01.115Z [INFO] [DAEMON] daemon stopped
qwen serve: scrubbed inherited loader env vars from the daemon process; session subprocesses will not inherit them: npm_config_userconfig, npm_config_prefix, npm_config_node_gyp, npm_config_globalconfig, npm_config_init_module
2026-10-03T08:39:01.119Z [INFO] [DAEMON] projectMemoryScope=workspace projectMemoryScopeRaw=workspace projectMemoryScopeSource=default project memory scope resolved
2026-10-03T08:39:01.119Z [INFO] [DAEMON] removedKeys=npm_config_userconfig,npm_config_prefix,npm_config_node_gyp,npm_config_globalconfig,npm_config_init_module scrubbed inherited loader env vars from the daemon process; session subprocesses will not inherit them
qwen serve: daemon log → /tmp/qws-ws-69USM6/debug/daemon/daemon.log
qwen serve listening on http://127.0.0.1:44535 (mode=http-bridge, workspace=/tmp/qws-ws-69USM6/primary)
qwen serve: bound to workspace "/tmp/qws-ws-69USM6/primary"
qwen serve: startup timing: processToListenMs=14515 runQwenServeToListenMs=3
qwen serve: trusted loopback mode; local callers have full API access without bearer authentication, including code execution as the daemon user. Use --require-auth with QWEN_SERVER_TOKEN on shared or untrusted hosts.
2026-10-03T08:39:01.120Z [INFO] [DAEMON] ideEnvPresent=false primary=/tmp/qws-ws-69USM6/primary secondary= daemon workspace roots initialized
2026-10-03T08:39:01.125Z [WARN] [DAEMON] session-pr-refresh load failed: [vitest] There was an error when mocking a module. If you are using "vi.mock" factory, make sure there are no top level variables inside, since this call is hoisted to top of the file. Read more: https://vitest.dev/api/vi.html#vi-mock
qwen serve: /acp WebSocket transport enabled on /acp
2026-10-03T08:39:01.132Z [INFO] [DAEMON] route=GET /daemon/status durationMs=3 status=200 request completed
2026-10-03T08:39:01.133Z [INFO] [DAEMON] daemon stopped
qwen serve: scrubbed inherited loader env vars from the daemon process; session subprocesses will not inherit them: npm_config_userconfig, npm_config_prefix, npm_config_node_gyp, npm_config_globalconfig, npm_config_init_module
2026-10-03T08:39:01.137Z [INFO] [DAEMON] projectMemoryScope=workspace projectMemoryScopeRaw=workspace projectMemoryScopeSource=default project memory scope resolved
2026-10-03T08:39:01.137Z [INFO] [DAEMON] removedKeys=npm_config_userconfig,npm_config_prefix,npm_config_node_gyp,npm_config_globalconfig,npm_config_init_module scrubbed inherited loader env vars from the daemon process; session subprocesses will not inherit them
qwen serve: daemon log → /tmp/qws-ws-r9QYAn/debug/daemon/daemon.log
qwen serve listening on http://127.0.0.1:36775 (mode=http-bridge, workspace=/tmp/qws-ws-r9QYAn/primary)
qwen serve: bound to workspace "/tmp/qws-ws-r9QYAn/primary"
qwen serve: startup timing: processToListenMs=14533 runQwenServeToListenMs=2
qwen serve: trusted loopback mode; local callers have full API access without bearer authentication, including code execution as the daemon user. Use --require-auth with QWEN_SERVER_TOKEN on shared or untrusted hosts.
2026-10-03T08:39:01.138Z [INFO] [DAEMON] ideEnvPresent=false primary=/tmp/qws-ws-r9QYAn/primary secondary= daemon workspace roots initialized
2026-10-03T08:39:01.143Z [WARN] [DAEMON] session-pr-refresh load failed: [vitest] There was an error when mocking a module. If you are using "vi.mock" factory, make sure there are no top level variables inside, since this call is hoisted to top of the file. Read more: https://vitest.dev/api/vi.html#vi-mock
qwen serve: /acp WebSocket transport enabled on /acp
2026-10-03T08:39:01.146Z [INFO] [DAEMON] route=GET /daemon/status durationMs=1 status=200 request completed
2026-10-03T08:39:01.147Z [INFO] [DAEMON] daemon stopped
qwen serve: scrubbed inherited loader env vars from the daemon process; session subprocesses will not inherit them: npm_config_userconfig, npm_config_prefix, npm_config_node_gyp, npm_config_globalconfig, npm_config_init_module
2026-10-03T08:39:01.151Z [INFO] [DAEMON] projectMemoryScope=workspace projectMemoryScopeRaw=workspace projectMemoryScopeSource=default project memory scope resolved
2026-10-03T08:39:01.151Z [INFO] [DAEMON] removedKeys=npm_config_userconfig,npm_config_prefix,npm_config_node_gyp,npm_config_globalconfig,npm_config_init_module scrubbed inherited loader env vars from the daemon process; session subprocesses will not inherit them
qwen serve: daemon log → /tmp/qws-control-liveness-Wz49Kt/debug/daemon/daemon.log
qwen serve listening on http://127.0.0.1:44325 (mode=http-bridge, workspace=/tmp/qws-control-liveness-Wz49Kt/primary)
qwen serve: bound to workspace "/tmp/qws-control-liveness-Wz49Kt/primary"
qwen serve: startup timing: processToListenMs=14547 runQwenServeToListenMs=3
2026-10-03T08:39:01.153Z [INFO] [DAEMON] ideEnvPresent=false primary=/tmp/qws-control-liveness-Wz49Kt/primary secondary= daemon workspace roots initialized
2026-10-03T08:39:01.163Z [WARN] [DAEMON] session-pr-refresh load failed: [vitest] There was an error when mocking a module. If you are using "vi.mock" factory, make sure there are no top level variables inside, since this call is hoisted to top of the file. Read more: https://vitest.dev/api/vi.html#vi-mock
qwen serve: /acp WebSocket transport enabled on /acp
2026-10-03T08:39:01.171Z [INFO] [DAEMON] route=POST /workspaces durationMs=5 status=201 request completed
2026-10-03T08:39:01.172Z [INFO] [DAEMON] daemon stopped
qwen serve: scrubbed inherited loader env vars from the daemon process; session subprocesses will not inherit them: npm_config_userconfig, npm_config_prefix, npm_config_node_gyp, npm_config_globalconfig, npm_config_init_module
2026-10-03T08:39:01.176Z [INFO] [DAEMON] projectMemoryScope=workspace projectMemoryScopeRaw=workspace projectMemoryScopeSource=default project memory scope resolved
2026-10-03T08:39:01.176Z [INFO] [DAEMON] removedKeys=npm_config_userconfig,npm_config_prefix,npm_config_node_gyp,npm_config_globalconfig,npm_config_init_module scrubbed inherited loader env vars from the daemon process; session subprocesses will not inherit them
qwen serve: daemon log → /tmp/qws-run-serve-tests-3G3ZdQ/debug/daemon/daemon.log
qwen serve listening on http://127.0.0.1:41269 (mode=http-bridge, workspace=/tmp/qws-channel-idle-timeout-mm6yXM)
qwen serve: bound to workspace "/tmp/qws-channel-idle-timeout-mm6yXM"
qwen serve: startup timing: processToListenMs=14572 runQwenServeToListenMs=2
qwen serve: trusted loopback mode; local callers have full API access without bearer authentication, including code execution as the daemon user. Use --require-auth with QWEN_SERVER_TOKEN on shared or untrusted hosts.
2026-10-03T08:39:01.178Z [INFO] [DAEMON] ideEnvPresent=false primary=/tmp/qws-channel-idle-timeout-mm6yXM secondary= daemon workspace roots initialized
qwen serve: session reaper started (interval 60000ms, idle threshold 1800000ms)
2026-10-03T08:39:01.189Z [WARN] [DAEMON] session-pr-refresh load failed: [vitest] There was an error when mocking a module. If you are using "vi.mock" factory, make sure there are no top level variables inside, since this call is hoisted to top of the file. Read more: https://vitest.dev/api/vi.html#vi-mock
qwen serve: /acp WebSocket transport enabled on /acp
2026-10-03T08:39:01.190Z [INFO] [DAEMON] daemon stopped
qwen serve: scrubbed inherited loader env vars from the daemon process; session subprocesses will not inherit them: npm_config_userconfig, npm_config_prefix, npm_config_node_gyp, npm_config_globalconfig, npm_config_init_module
2026-10-03T08:39:01.195Z [INFO] [DAEMON] projectMemoryScope=workspace projectMemoryScopeRaw=workspace projectMemoryScopeSource=default project memory scope resolved
2026-10-03T08:39:01.195Z [INFO] [DAEMON] removedKeys=npm_config_userconfig,npm_config_prefix,npm_config_node_gyp,npm_config_globalconfig,npm_config_init_module scrubbed inherited loader env vars from the daemon process; session subprocesses will not inherit them
qwen serve: daemon log → /tmp/qws-ws-jo089r/debug/daemon/daemon.log
qwen serve listening on http://127.0.0.1:33959 (mode=http-bridge, workspace=/tmp/qws-ws-jo089r/primary)
qwen serve: bound to workspace "/tmp/qws-ws-jo089r/primary"
qwen serve: startup timing: processToListenMs=14592 runQwenServeToListenMs=4
qwen serve: trusted loopback mode; local callers have full API access without bearer authentication, including code execution as the daemon user. Use --require-auth with QWEN_SERVER_TOKEN on shared or untrusted hosts.
2026-10-03T08:39:01.197Z [INFO] [DAEMON] ideEnvPresent=false primary=/tmp/qws-ws-jo089r/primary secondary= daemon workspace roots initialized
2026-10-03T08:39:01.201Z [WARN] [DAEMON] session-pr-refresh load failed: [vitest] There was an error when mocking a module. If you are using "vi.mock" factory, make sure there are no top level variables inside, since this call is hoisted to top of the file. Read more: https://vitest.dev/api/vi.html#vi-mock
qwen serve: /acp WebSocket transport enabled on /acp
2026-10-03T08:39:01.203Z [INFO] [DAEMON] daemon stopped
qwen serve: scrubbed inherited loader env vars from the daemon process; session subprocesses will not inherit them: npm_config_userconfig, npm_config_prefix, npm_config_node_gyp, npm_config_globalconfig, npm_config_init_module
2026-10-03T08:39:01.206Z [INFO] [DAEMON] projectMemoryScope=workspace projectMemoryScopeRaw=workspace projectMemoryScopeSource=default project memory scope resolved
2026-10-03T08:39:01.206Z [INFO] [DAEMON] removedKeys=npm_config_userconfig,npm_config_prefix,npm_config_node_gyp,npm_config_globalconfig,npm_config_init_module scrubbed inherited loader env vars from the daemon process; session subprocesses will not inherit them
qwen serve: daemon log → /tmp/qws-ws-YbmPPb/debug/daemon/daemon.log
2026-10-03T08:39:01.208Z [INFO] [DAEMON] ideEnvPresent=false primary=/tmp/qws-ws-YbmPPb/primary secondary= daemon workspace roots initialized
2026-10-03T08:39:01.216Z [WARN] [DAEMON] session-pr-refresh load failed: [vitest] There was an error when mocking a module. If you are using "vi.mock" factory, make sure there are no top level variables inside, since this call is hoisted to top of the file. Read more: https://vitest.dev/api/vi.html#vi-mock
qwen serve listening on http://127.0.0.1:45041 (mode=http-bridge, workspace=/tmp/qws-ws-YbmPPb/primary)
qwen serve: bound to workspace "/tmp/qws-ws-YbmPPb/primary"
qwen serve: startup timing: processToListenMs=14612 runQwenServeToListenMs=12
qwen serve: trusted loopback mode; local callers have full API access without bearer authentication, including code execution as the daemon user. Use --require-auth with QWEN_SERVER_TOKEN on shared or untrusted hosts.
qwen serve: /acp WebSocket transport enabled on /acp
2026-10-03T08:39:01.218Z [INFO] [DAEMON] route=GET /capabilities durationMs=1 status=200 request completed
2026-10-03T08:39:01.219Z [INFO] [DAEMON] daemon stopped
qwen serve: scrubbed inherited loader env vars from the daemon process; session subprocesses will not inherit them: npm_config_userconfig, npm_config_prefix, npm_config_node_gyp, npm_config_globalconfig, npm_config_init_module
2026-10-03T08:39:01.223Z [INFO] [DAEMON] projectMemoryScope=workspace projectMemoryScopeRaw=workspace projectMemoryScopeSource=default project memory scope resolved
2026-10-03T08:39:01.223Z [INFO] [DAEMON] removedKeys=npm_config_userconfig,npm_config_prefix,npm_config_node_gyp,npm_config_globalconfig,npm_config_init_module scrubbed inherited loader env vars from the daemon process; session subprocesses will not inherit them
qwen serve: daemon log → /tmp/qws-tv-3DFAe8/debug/daemon/daemon.log
2026-10-03T08:39:01.225Z [INFO] [DAEMON] ideEnvPresent=false primary=/tmp/qws-tv-3DFAe8 secondary= daemon workspace roots initialized
2026-10-03T08:39:01.231Z [WARN] [DAEMON] session-pr-refresh load failed: [vitest] There was an error when mocking a module. If you are using "vi.mock" factory, make sure there are no top level variables inside, since this call is hoisted to top of the file. Read more: https://vitest.dev/api/vi.html#vi-mock
qwen serve listening on http://127.0.0.1:41433 (mode=http-bridge, workspace=/tmp/qws-tv-3DFAe8)
qwen serve: bound to workspace "/tmp/qws-tv-3DFAe8"
qwen serve: startup timing: processToListenMs=14627 runQwenServeToListenMs=10
qwen serve: trusted loopback mode; local callers have full API access without bearer authentication, including code execution as the daemon user. Use --require-auth with QWEN_SERVER_TOKEN on shared or untrusted hosts.
qwen serve: /acp WebSocket transport enabled on /acp
2026-10-03T08:39:01.231Z [INFO] [DAEMON] daemon stopped
qwen serve: scrubbed inherited loader env vars from the daemon process; session subprocesses will not inherit them: npm_config_userconfig, npm_config_prefix, npm_config_node_gyp, npm_config_globalconfig, npm_config_init_module
2026-10-03T08:39:01.237Z [INFO] [DAEMON] projectMemoryScope=workspace projectMemoryScopeRaw=workspace projectMemoryScopeSource=default project memory scope resolved
2026-10-03T08:39:01.237Z [INFO] [DAEMON] removedKeys=npm_config_userconfig,npm_config_prefix,npm_config_node_gyp,npm_config_globalconfig,npm_config_init_module scrubbed inherited loader env vars from the daemon process; session subprocesses will not inherit them
qwen serve: daemon log → /tmp/qws-tm-wM3eL2/debug/daemon/daemon.log
2026-10-03T08:39:01.238Z [INFO] [DAEMON] ideEnvPresent=false primary=/tmp/qws-tm-wM3eL2 secondary= daemon workspace roots initialized
2026-10-03T08:39:01.244Z [WARN] [DAEMON] session-pr-refresh load failed: [vitest] There was an error when mocking a module. If you are using "vi.mock" factory, make sure there are no top level variables inside, since this call is hoisted to top of the file. Read more: https://vitest.dev/api/vi.html#vi-mock
qwen serve listening on http://127.0.0.1:46043 (mode=http-bridge, workspace=/tmp/qws-tm-wM3eL2)
qwen serve: bound to workspace "/tmp/qws-tm-wM3eL2"
qwen serve: startup timing: processToListenMs=14641 runQwenServeToListenMs=10
qwen serve: trusted loopback mode; local callers have full API access without bearer authentication, including code execution as the daemon user. Use --require-auth with QWEN_SERVER_TOKEN on shared or untrusted hosts.
qwen serve: /acp WebSocket transport enabled on /acp
2026-10-03T08:39:01.245Z [INFO] [DAEMON] daemon stopped
qwen serve: scrubbed inherited loader env vars from the daemon process; session subprocesses will not inherit them: npm_config_userconfig, npm_config_prefix, npm_config_node_gyp, npm_config_globalconfig, npm_config_init_module
2026-10-03T08:39:01.250Z [INFO] [DAEMON] projectMemoryScope=workspace projectMemoryScopeRaw=workspace projectMemoryScopeSource=default project memory scope resolved
2026-10-03T08:39:01.251Z [INFO] [DAEMON] removedKeys=npm_config_userconfig,npm_config_prefix,npm_config_node_gyp,npm_config_globalconfig,npm_config_init_module scrubbed inherited loader env vars from the daemon process; session subprocesses will not inherit them
qwen serve: daemon log → /tmp/qws-paired-engines-LGsNyi/debug/daemon/daemon.log
qwen serve listening on http://127.0.0.1:40091 (mode=http-bridge, workspace=/tmp/qws-paired-engines-LGsNyi/primary)
qwen serve: bound to workspace "/tmp/qws-paired-engines-LGsNyi/primary"
qwen serve: startup timing: processToListenMs=14647 runQwenServeToListenMs=4
2026-10-03T08:39:01.252Z [INFO] [DAEMON] ideEnvPresent=false primary=/tmp/qws-paired-engines-LGsNyi/primary secondary= daemon workspace roots initialized
2026-10-03T08:39:01.258Z [WARN] [DAEMON] session-pr-refresh load failed: [vitest] There was an error when mocking a module. If you are using "vi.mock" factory, make sure there are no top level variables inside, since this call is hoisted to top of the file. Read more: https://vitest.dev/api/vi.html#vi-mock
qwen serve: /acp WebSocket transport enabled on /acp
2026-10-03T08:39:01.262Z [INFO] [DAEMON] route=POST /workspaces durationMs=3 status=201 request completed
2026-10-03T08:39:01.265Z [INFO] [DAEMON] route=POST /workspaces durationMs=2 status=201 request completed
2026-10-03T08:39:01.266Z [INFO] [DAEMON] daemon stopped
qwen serve: scrubbed inherited loader env vars from the daemon process; session subprocesses will not inherit them: npm_config_userconfig, npm_config_prefix, npm_config_node_gyp, npm_config_globalconfig, npm_config_init_module
2026-10-03T08:39:01.268Z [INFO] [DAEMON] projectMemoryScope=workspace projectMemoryScopeRaw=workspace projectMemoryScopeSource=default project memory scope resolved
2026-10-03T08:39:01.268Z [INFO] [DAEMON] removedKeys=npm_config_userconfig,npm_config_prefix,npm_config_node_gyp,npm_config_globalconfig,npm_config_init_module scrubbed inherited loader env vars from the daemon process; session subprocesses will not inherit them
qwen serve: daemon log → /tmp/qws-paired-engines-LGsNyi/debug/daemon/daemon.log
qwen serve listening on http://127.0.0.1:38453 (mode=http-bridge, workspace=/tmp/qws-paired-engines-LGsNyi/primary)
qwen serve: bound to workspace "/tmp/qws-paired-engines-LGsNyi/primary"
qwen serve: startup timing: processToListenMs=14665 runQwenServeToListenMs=2
2026-10-03T08:39:01.269Z [INFO] [DAEMON] ideEnvPresent=false primary=/tmp/qws-paired-engines-LGsNyi/primary secondary= daemon workspace roots initialized
2026-10-03T08:39:01.275Z [WARN] [DAEMON] session-pr-refresh load failed: [vitest] There was an error when mocking a module. If you are using "vi.mock" factory, make sure there are no top level variables inside, since this call is hoisted to top of the file. Read more: https://vitest.dev/api/vi.html#vi-mock
qwen serve: /acp WebSocket transport enabled on /acp
2026-10-03T08:39:01.280Z [INFO] [DAEMON] route=POST /workspaces durationMs=2 status=201 request completed
2026-10-03T08:39:01.283Z [INFO] [DAEMON] route=POST /workspaces durationMs=2 status=201 request completed
2026-10-03T08:39:01.283Z [INFO] [DAEMON] daemon stopped
qwen serve: scrubbed inherited loader env vars from the daemon process; session subprocesses will not inherit them: npm_config_userconfig, npm_config_prefix, npm_config_node_gyp, npm_config_globalconfig, npm_config_init_module
2026-10-03T08:39:01.297Z [INFO] [DAEMON] projectMemoryScope=workspace projectMemoryScopeRaw=workspace projectMemoryScopeSource=default project memory scope resolved
2026-10-03T08:39:01.297Z [INFO] [DAEMON] removedKeys=npm_config_userconfig,npm_config_prefix,npm_config_node_gyp,npm_config_globalconfig,npm_config_init_module scrubbed inherited loader env vars from the daemon process; session subprocesses will not inherit them
qwen serve: daemon log → /tmp/qws-paired-replacement-RPbGmi/debug/daemon/daemon.log
qwen serve listening on http://127.0.0.1:40499 (mode=http-bridge, workspace=/tmp/qws-paired-replacement-RPbGmi/primary)
qwen serve: bound to workspace "/tmp/qws-paired-replacement-RPbGmi/primary"
qwen serve: startup timing: processToListenMs=14693 runQwenServeToListenMs=2
qwen serve: trusted loopback mode; local callers have full API access without bearer authentication, including code execution as the daemon user. Use --require-auth with QWEN_SERVER_TOKEN on shared or untrusted hosts.
2026-10-03T08:39:01.298Z [WARN] [DAEMON] workspace=/tmp/qws-paired-replacement-RPbGmi/primary workspace file writes are disabled because the bound workspace is not trusted
2026-10-03T08:39:01.298Z [INFO] [DAEMON] ideEnvPresent=false primary=/tmp/qws-paired-replacement-RPbGmi/primary secondary= daemon workspace roots initialized
2026-10-03T08:39:01.299Z [WARN] [DAEMON] trustSettingsAvailable=true workspace=/tmp/qws-paired-replacement-RPbGmi/secondary secondary workspace is not trusted
2026-10-03T08:39:01.303Z [WARN] [DAEMON] session-pr-refresh load failed: [vitest] There was an error when mocking a module. If you are using "vi.mock" factory, make sure there are no top level variables inside, since this call is hoisted to top of the file. Read more: https://vitest.dev/api/vi.html#vi-mock
qwen serve: /acp WebSocket transport enabled on /acp
2026-10-03T08:39:01.310Z [INFO] [DAEMON] daemon stopped
qwen serve: scrubbed inherited loader env vars from the daemon process; session subprocesses will not inherit them: npm_config_userconfig, npm_config_prefix, npm_config_node_gyp, npm_config_globalconfig, npm_config_init_module
2026-10-03T08:39:01.317Z [INFO] [DAEMON] projectMemoryScope=workspace projectMemoryScopeRaw=workspace projectMemoryScopeSource=default project memory scope resolved
2026-10-03T08:39:01.317Z [INFO] [DAEMON] removedKeys=npm_config_userconfig,npm_config_prefix,npm_config_node_gyp,npm_config_globalconfig,npm_config_init_module scrubbed inherited loader env vars from the daemon process; session subprocesses will not inherit them
qwen serve: daemon log → /tmp/qws-paired-conversations-LX6LJh/debug/daemon/daemon.log
qwen serve listening on http://127.0.0.1:34069 (mode=http-bridge, workspace=/tmp/qws-paired-conversations-LX6LJh/workspace)
qwen serve: bound to workspace "/tmp/qws-paired-conversations-LX6LJh/workspace"
qwen serve: startup timing: processToListenMs=14714 runQwenServeToListenMs=3
qwen serve: trusted loopback mode; local callers have full API access without bearer authentication, including code execution as the daemon user. Use --require-auth with QWEN_SERVER_TOKEN on shared or untrusted hosts.
2026-10-03T08:39:01.319Z [INFO] [DAEMON] ideEnvPresent=false primary=/tmp/qws-paired-conversations-LX6LJh/workspace secondary= daemon workspace roots initialized
2026-10-03T08:39:01.328Z [WARN] [DAEMON] session-pr-refresh load failed: [vitest] There was an error when mocking a module. If you are using "vi.mock" factory, make sure there are no top level variables inside, since this call is hoisted to top of the file. Read more: https://vitest.dev/api/vi.html#vi-mock
qwen serve: /acp WebSocket transport enabled on /acp
2026-10-03T08:39:01.383Z [INFO] [DAEMON] daemon stopped
qwen serve: scrubbed inherited loader env vars from the daemon process; session subprocesses will not inherit them: npm_config_userconfig, npm_config_prefix, npm_config_node_gyp, npm_config_globalconfig, npm_config_init_module
2026-10-03T08:39:01.386Z [INFO] [DAEMON] projectMemoryScope=workspace projectMemoryScopeRaw=workspace projectMemoryScopeSource=default project memory scope resolved
2026-10-03T08:39:01.386Z [INFO] [DAEMON] removedKeys=npm_config_userconfig,npm_config_prefix,npm_config_node_gyp,npm_config_globalconfig,npm_config_init_module scrubbed inherited loader env vars from the daemon process; session subprocesses will not inherit them
qwen serve: daemon log → /tmp/qws-paired-conversations-LX6LJh/debug/daemon/daemon.log
qwen serve listening on http://127.0.0.1:44569 (mode=http-bridge, workspace=/tmp/qws-paired-conversations-LX6LJh/workspace)
qwen serve: bound to workspace "/tmp/qws-paired-conversations-LX6LJh/workspace"
qwen serve: startup timing: processToListenMs=14782 runQwenServeToListenMs=3
qwen serve: trusted loopback mode; local callers have full API access without bearer authentication, including code execution as the daemon user. Use --require-auth with QWEN_SERVER_TOKEN on shared or untrusted hosts.
2026-10-03T08:39:01.388Z [INFO] [DAEMON] ideEnvPresent=false primary=/tmp/qws-paired-conversations-LX6LJh/workspace secondary= daemon workspace roots initialized
2026-10-03T08:39:01.400Z [WARN] [DAEMON] session-pr-refresh load failed: [vitest] There was an error when mocking a module. If you are using "vi.mock" factory, make sure there are no top level variables inside, since this call is hoisted to top of the file. Read more: https://vitest.dev/api/vi.html#vi-mock
qwen serve: /acp WebSocket transport enabled on /acp
2026-10-03T08:39:01.453Z [INFO] [DAEMON] daemon stopped
qwen serve: scrubbed inherited loader env vars from the daemon process; session subprocesses will not inherit them: npm_config_userconfig, npm_config_prefix, npm_config_node_gyp, npm_config_globalconfig, npm_config_init_module
2026-10-03T08:39:01.459Z [INFO] [DAEMON] projectMemoryScope=workspace projectMemoryScopeRaw=workspace projectMemoryScopeSource=default project memory scope resolved
2026-10-03T08:39:01.459Z [INFO] [DAEMON] removedKeys=npm_config_userconfig,npm_config_prefix,npm_config_node_gyp,npm_config_globalconfig,npm_config_init_module scrubbed inherited loader env vars from the daemon process; session subprocesses will not inherit them
qwen serve: daemon log → /tmp/qws-hosted-profile-KPENQo/debug/daemon/daemon.log
2026-10-03T08:39:01.461Z [INFO] [DAEMON] ideEnvPresent=false primary=/tmp/qws-hosted-profile-KPENQo secondary= daemon workspace roots initialized
2026-10-03T08:39:01.469Z [WARN] [DAEMON] session-pr-refresh load failed: [vitest] There was an error when mocking a module. If you are using "vi.mock" factory, make sure there are no top level variables inside, since this call is hoisted to top of the file. Read more: https://vitest.dev/api/vi.html#vi-mock
qwen serve listening on http://127.0.0.1:41787 (mode=http-bridge, workspace=/tmp/qws-hosted-profile-KPENQo)
qwen serve: bound to workspace "/tmp/qws-hosted-profile-KPENQo"
qwen serve: startup timing: processToListenMs=14865 runQwenServeToListenMs=13
qwen serve: --require-auth enabled (bearer token mandatory on every route, including loopback /health).
2026-10-03T08:39:01.469Z [INFO] [DAEMON] daemon stopped
qwen serve: scrubbed inherited loader env vars from the daemon process; session subprocesses will not inherit them: npm_config_userconfig, npm_config_prefix, npm_config_node_gyp, npm_config_globalconfig, npm_config_init_module
2026-10-03T08:39:01.474Z [INFO] [DAEMON] projectMemoryScope=workspace projectMemoryScopeRaw=workspace projectMemoryScopeSource=default project memory scope resolved
2026-10-03T08:39:01.474Z [INFO] [DAEMON] removedKeys=npm_config_userconfig,npm_config_prefix,npm_config_node_gyp,npm_config_globalconfig,npm_config_init_module scrubbed inherited loader env vars from the daemon process; session subprocesses will not inherit them
qwen serve: daemon log → /tmp/qws-run-serve-tests-3G3ZdQ/debug/daemon/daemon.log
qwen serve listening on http://127.0.0.1:35701 (mode=http-bridge, workspace=/tmp/qws-run-serve-tests-3G3ZdQ)
qwen serve: bound to workspace "/tmp/qws-run-serve-tests-3G3ZdQ"
qwen serve: startup timing: processToListenMs=14871 runQwenServeToListenMs=3
qwen serve: --require-auth enabled (bearer token mandatory on every route, including loopback /health).
2026-10-03T08:39:01.475Z [INFO] [DAEMON] deferred runtime: scheduling fallback start in 1000ms
2026-10-03T08:39:01.480Z [INFO] [DAEMON] ideEnvPresent=false primary=/tmp/qws-run-serve-tests-3G3ZdQ secondary= daemon workspace roots initialized
2026-10-03T08:39:01.487Z [WARN] [DAEMON] session-pr-refresh load failed: [vitest] There was an error when mocking a module. If you are using "vi.mock" factory, make sure there are no top level variables inside, since this call is hoisted to top of the file. Read more: https://vitest.dev/api/vi.html#vi-mock
2026-10-03T08:39:01.488Z [WARN] [DAEMON] route=GET /workspace durationMs=0 status=404 request completed
2026-10-03T08:39:01.488Z [INFO] [DAEMON] daemon stopped
qwen serve: scrubbed inherited loader env vars from the daemon process; session subprocesses will not inherit them: npm_config_userconfig, npm_config_prefix, npm_config_node_gyp, npm_config_globalconfig, npm_config_init_module
qwen serve: scrubbed inherited loader env vars from the daemon process; session subprocesses will not inherit them: npm_config_userconfig, npm_config_prefix, npm_config_node_gyp, npm_config_globalconfig, npm_config_init_module
2026-10-03T08:39:01.497Z [INFO] [DAEMON] projectMemoryScope=workspace projectMemoryScopeRaw=workspace projectMemoryScopeSource=default project memory scope resolved
2026-10-03T08:39:01.497Z [INFO] [DAEMON] removedKeys=npm_config_userconfig,npm_config_prefix,npm_config_node_gyp,npm_config_globalconfig,npm_config_init_module scrubbed inherited loader env vars from the daemon process; session subprocesses will not inherit them
qwen serve: daemon log → /tmp/qws-pt-BZAO15/debug/daemon/daemon.log
2026-10-03T08:39:01.497Z [ERROR] [DAEMON] daemon startup failed
  TypeError: Invalid permissionResponseTimeoutMs: NaN. Must be a non-negative integer (milliseconds, 0 = disabled / wait forever).
      at runQwenServeImpl (/root/verify/pr11071-r4/head/packages/cli/src/serve/run-qwen-serve.ts:4565:13)
      at Module.runQwenServe (/root/verify/pr11071-r4/head/packages/cli/src/serve/run-qwen-serve.ts:3283:12)
      at /root/verify/pr11071-r4/head/packages/cli/src/serve/run-qwen-serve.test.ts:6601:7
      at file:///root/verify/pr11071-r4/head/node_modules/@vitest/runner/dist/chunk-hooks.js:752:20
qwen serve: scrubbed inherited loader env vars from the daemon process; session subprocesses will not inherit them: npm_config_userconfig, npm_config_prefix, npm_config_node_gyp, npm_config_globalconfig, npm_config_init_module
qwen serve: memory budget 4096 MB (flag, 30673 MB available via host)
2026-10-03T08:39:01.521Z [INFO] [DAEMON] projectMemoryScope=workspace projectMemoryScopeRaw=workspace projectMemoryScopeSource=default project memory scope resolved
2026-10-03T08:39:01.521Z [INFO] [DAEMON] removedKeys=npm_config_userconfig,npm_config_prefix,npm_config_node_gyp,npm_config_globalconfig,npm_config_init_module scrubbed inherited loader env vars from the daemon process; session subprocesses will not inherit them
qwen serve: daemon log → /tmp/qws-run-serve-tests-3G3ZdQ/debug/daemon/daemon.log
qwen serve listening on http://127.0.0.1:46399 (mode=http-bridge, workspace=/tmp/qws-mem-Tt0VN9)
qwen serve: bound to workspace "/tmp/qws-mem-Tt0VN9"
qwen serve: startup timing: processToListenMs=14918 runQwenServeToListenMs=3
qwen serve: trusted loopback mode; local callers have full API access without bearer authentication, including code execution as the daemon user. Use --require-auth with QWEN_SERVER_TOKEN on shared or untrusted hosts.
2026-10-03T08:39:01.524Z [INFO] [DAEMON] ideEnvPresent=false primary=/tmp/qws-mem-Tt0VN9 secondary= daemon workspace roots initialized
qwen serve: [/work/bound] extensions update: background task failed: Extension "missing-ext" not found
qwen serve: [/work/bound] extensions update: background task failed: Extension "test-ext" has no update
qwen serve: [/work/bound] extensions update: background task failed: Update check failed for extension "test-ext": https://***REDACTED***@example.com/check failed
2026-10-03T08:39:01.537Z [WARN] [DAEMON] session-pr-refresh load failed: [vitest] There was an error when mocking a module. If you are using "vi.mock" factory, make sure there are no top level variables inside, since this call is hoisted to top of the file. Read more: https://vitest.dev/api/vi.html#vi-mock
qwen serve: /acp WebSocket transport enabled on /acp
2026-10-03T08:39:01.543Z [INFO] [DAEMON] route=GET /daemon/status durationMs=3 status=200 request completed
2026-10-03T08:39:01.544Z [INFO] [DAEMON] daemon stopped
qwen serve: scrubbed inherited loader env vars from the daemon process; session subprocesses will not inherit them: npm_config_userconfig, npm_config_prefix, npm_config_node_gyp, npm_config_globalconfig, npm_config_init_module
qwen serve listening on http://127.0.0.1:40041 (mode=http-bridge, workspace=/tmp/qws-mem-SsVzvz)
qwen serve: [/work/bound] extensions uninstall: background task failed: Extension "plain-name" not found
2026-10-03T08:39:01.562Z [INFO] [DAEMON] daemon stopped
qwen serve: [/work/bound] extensions uninstall: background task failed: Extension "https://example.com/missing" not found
qwen serve listening on http://127.0.0.1:38277 (mode=http-bridge, workspace=/tmp/qws-mem-1Gtvhq)
2026-10-03T08:39:01.576Z [INFO] [DAEMON] daemon stopped
qwen serve: scrubbed inherited loader env vars from the daemon process; session subprocesses will not inherit them: npm_config_userconfig, npm_config_prefix, npm_config_node_gyp, npm_config_globalconfig, npm_config_init_module
qwen serve: memory budget 4096 MB (flag, 16384 MB available via host)
2026-10-03T08:39:01.580Z [INFO] [DAEMON] projectMemoryScope=workspace projectMemoryScopeRaw=workspace projectMemoryScopeSource=default project memory scope resolved
2026-10-03T08:39:01.580Z [INFO] [DAEMON] removedKeys=npm_config_userconfig,npm_config_prefix,npm_config_node_gyp,npm_config_globalconfig,npm_config_init_module scrubbed inherited loader env vars from the daemon process; session subprocesses will not inherit them
qwen serve: daemon log → /tmp/qws-run-serve-tests-3G3ZdQ/debug/daemon/daemon.log
qwen serve listening on http://127.0.0.1:34411 (mode=http-bridge, workspace=/tmp/qws-mem-ZXKyYK)
qwen serve: bound to workspace "/tmp/qws-mem-ZXKyYK"
qwen serve: startup timing: processToListenMs=14976 runQwenServeToListenMs=2
qwen serve: trusted loopback mode; local callers have full API access without bearer authentication, including code execution as the daemon user. Use --require-auth with QWEN_SERVER_TOKEN on shared or untrusted hosts.
2026-10-03T08:39:01.581Z [INFO] [DAEMON] ideEnvPresent=false primary=/tmp/qws-mem-ZXKyYK secondary= daemon workspace roots initialized
2026-10-03T08:39:01.588Z [WARN] [DAEMON] session-pr-refresh load failed: [vitest] There was an error when mocking a module. If you are using "vi.mock" factory, make sure there are no top level variables inside, since this call is hoisted to top of the file. Read more: https://vitest.dev/api/vi.html#vi-mock
qwen serve: /acp WebSocket transport enabled on /acp
2026-10-03T08:39:01.591Z [INFO] [DAEMON] daemon stopped
qwen serve: scrubbed inherited loader env vars from the daemon process; session subprocesses will not inherit them: npm_config_userconfig, npm_config_prefix, npm_config_node_gyp, npm_config_globalconfig, npm_config_init_module
qwen serve: memory budget 4096 MB (flag, 8192 MB available via host)
2026-10-03T08:39:01.594Z [INFO] [DAEMON] projectMemoryScope=workspace projectMemoryScopeRaw=workspace projectMemoryScopeSource=default project memory scope resolved
2026-10-03T08:39:01.594Z [INFO] [DAEMON] removedKeys=npm_config_userconfig,npm_config_prefix,npm_config_node_gyp,npm_config_globalconfig,npm_config_init_module scrubbed inherited loader env vars from the daemon process; session subprocesses will not inherit them
qwen serve: daemon log → /tmp/qws-run-serve-tests-3G3ZdQ/debug/daemon/daemon.log
qwen serve listening on http://127.0.0.1:34801 (mode=http-bridge, workspace=/tmp/qws-mem-3oGyUV)
qwen serve: bound to workspace "/tmp/qws-mem-3oGyUV"
qwen serve: startup timing: processToListenMs=14990 runQwenServeToListenMs=2
qwen serve: trusted loopback mode; local callers have full API access without bearer authentication, including code execution as the daemon user. Use --require-auth with QWEN_SERVER_TOKEN on shared or untrusted hosts.
2026-10-03T08:39:01.596Z [INFO] [DAEMON] ideEnvPresent=false primary=/tmp/qws-mem-3oGyUV secondary= daemon workspace roots initialized
2026-10-03T08:39:01.602Z [WARN] [DAEMON] session-pr-refresh load failed: [vitest] There was an error when mocking a module. If you are using "vi.mock" factory, make sure there are no top level variables inside, since this call is hoisted to top of the file. Read more: https://vitest.dev/api/vi.html#vi-mock
qwen serve: /acp WebSocket transport enabled on /acp
qwen serve: bridge error (GET /session/:id/context session=s-secondary): Error: summary exploded
    at summaryImpl (/root/verify/pr11071-r4/head/packages/cli/src/serve/server.test.ts:11480:17)
    at Object.getSessionSummary (/root/verify/pr11071-r4/head/packages/cli/src/serve/server.test.ts:2549:14)
    at scanLiveOwners (/root/verify/pr11071-r4/head/packages/cli/src/serve/workspace-registry.ts:344:24)
    at Object.resolveLiveSessionOwner (/root/verify/pr11071-r4/head/packages/cli/src/serve/workspace-registry.ts:605:11)
    at requireSessionRuntime (/root/verify/pr11071-r4/head/packages/cli/src/serve/routes/session-runtime.ts:54:40)
    at resolveLiveSessionRuntime (/root/verify/pr11071-r4/head/packages/cli/src/serve/routes/session.ts:1871:5)
    at resolveOwnerSessionRuntime (/root/verify/pr11071-r4/head/packages/cli/src/serve/routes/session.ts:1915:21)
    at /root/verify/pr11071-r4/head/packages/cli/src/serve/routes/session.ts:2037:29
    at Layer.handleRequest (/root/verify/pr11071-r4/head/node_modules/router/lib/layer.js:152:17)
    at next (/root/verify/pr11071-r4/head/node_modules/router/lib/route.js:157:13)
2026-10-03T08:39:01.603Z [INFO] [DAEMON] daemon stopped
qwen serve: scrubbed inherited loader env vars from the daemon process; session subprocesses will not inherit them: npm_config_userconfig, npm_config_prefix, npm_config_node_gyp, npm_config_globalconfig, npm_config_init_module
qwen serve: memory budget 4096 MB (flag, 8192 MB available via host)
2026-10-03T08:39:01.607Z [INFO] [DAEMON] projectMemoryScope=workspace projectMemoryScopeRaw=workspace projectMemoryScopeSource=default project memory scope resolved
2026-10-03T08:39:01.607Z [INFO] [DAEMON] removedKeys=npm_config_userconfig,npm_config_prefix,npm_config_node_gyp,npm_config_globalconfig,npm_config_init_module scrubbed inherited loader env vars from the daemon process; session subprocesses will not inherit them
qwen serve: daemon log → /tmp/qws-run-serve-tests-3G3ZdQ/debug/daemon/daemon.log
qwen serve listening on http://127.0.0.1:37357 (mode=http-bridge, workspace=/tmp/qws-mem-UPBXFM)
qwen serve: bound to workspace "/tmp/qws-mem-UPBXFM"
qwen serve: startup timing: processToListenMs=15004 runQwenServeToListenMs=2
qwen serve: trusted loopback mode; local callers have full API access without bearer authentication, including code execution as the daemon user. Use --require-auth with QWEN_SERVER_TOKEN on shared or untrusted hosts.
2026-10-03T08:39:01.610Z [INFO] [DAEMON] ideEnvPresent=false primary=/tmp/qws-mem-UPBXFM secondary= daemon workspace roots initialized
2026-10-03T08:39:01.616Z [WARN] [DAEMON] session-pr-refresh load failed: [vitest] There was an error when mocking a module. If you are using "vi.mock" factory, make sure there are no top level variables inside, since this call is hoisted to top of the file. Read more: https://vitest.dev/api/vi.html#vi-mock
qwen serve: /acp WebSocket transport enabled on /acp
2026-10-03T08:39:01.617Z [INFO] [DAEMON] daemon stopped
qwen serve: scrubbed inherited loader env vars from the daemon process; session subprocesses will not inherit them: npm_config_userconfig, npm_config_prefix, npm_config_node_gyp, npm_config_globalconfig, npm_config_init_module
qwen serve: memory budget 4096 MB (flag, 16384 MB available via host)
2026-10-03T08:39:01.621Z [INFO] [DAEMON] projectMemoryScope=workspace projectMemoryScopeRaw=workspace projectMemoryScopeSource=default project memory scope resolved
2026-10-03T08:39:01.621Z [INFO] [DAEMON] removedKeys=npm_config_userconfig,npm_config_prefix,npm_config_node_gyp,npm_config_globalconfig,npm_config_init_module scrubbed inherited loader env vars from the daemon process; session subprocesses will not inherit them
qwen serve: daemon log → /tmp/qws-run-serve-tests-3G3ZdQ/debug/daemon/daemon.log
qwen serve listening on http://127.0.0.1:45999 (mode=http-bridge, workspace=/tmp/qws-mem-C9U7Da/primary)
qwen serve: bound to workspace "/tmp/qws-mem-C9U7Da/primary"
qwen serve: startup timing: processToListenMs=15017 runQwenServeToListenMs=3
qwen serve: trusted loopback mode; local callers have full API access without bearer authentication, including code execution as the daemon user. Use --require-auth with QWEN_SERVER_TOKEN on shared or untrusted hosts.
2026-10-03T08:39:01.625Z [INFO] [DAEMON] ideEnvPresent=false primary=/tmp/qws-mem-C9U7Da/primary secondary= daemon workspace roots initialized
2026-10-03T08:39:01.635Z [WARN] [DAEMON] session-pr-refresh load failed: [vitest] There was an error when mocking a module. If you are using "vi.mock" factory, make sure there are no top level variables inside, since this call is hoisted to top of the file. Read more: https://vitest.dev/api/vi.html#vi-mock
qwen serve: /acp WebSocket transport enabled on /acp
2026-10-03T08:39:01.636Z [INFO] [DAEMON] daemon stopped
qwen serve: scrubbed inherited loader env vars from the daemon process; session subprocesses will not inherit them: npm_config_userconfig, npm_config_prefix, npm_config_node_gyp, npm_config_globalconfig, npm_config_init_module
qwen serve: memory budget 1023 MB (flag, 1023 MB available via host); capped down from the configured 1024 MB; below the 1024 MB minimum budget
2026-10-03T08:39:01.641Z [INFO] [DAEMON] projectMemoryScope=workspace projectMemoryScopeRaw=workspace projectMemoryScopeSource=default project memory scope resolved
2026-10-03T08:39:01.641Z [INFO] [DAEMON] removedKeys=npm_config_userconfig,npm_config_prefix,npm_config_node_gyp,npm_config_globalconfig,npm_config_init_module scrubbed inherited loader env vars from the daemon process; session subprocesses will not inherit them
qwen serve: daemon log → /tmp/qws-run-serve-tests-3G3ZdQ/debug/daemon/daemon.log
qwen serve listening on http://127.0.0.1:46849 (mode=http-bridge, workspace=/tmp/qws-mem-dbUmM9)
qwen serve: bound to workspace "/tmp/qws-mem-dbUmM9"
qwen serve: startup timing: processToListenMs=15037 runQwenServeToListenMs=2
qwen serve: trusted loopback mode; local callers have full API access without bearer authentication, including code execution as the daemon user. Use --require-auth with QWEN_SERVER_TOKEN on shared or untrusted hosts.
2026-10-03T08:39:01.643Z [INFO] [DAEMON] ideEnvPresent=false primary=/tmp/qws-mem-dbUmM9 secondary= daemon workspace roots initialized
2026-10-03T08:39:01.649Z [WARN] [DAEMON] session-pr-refresh load failed: [vitest] There was an error when mocking a module. If you are using "vi.mock" factory, make sure there are no top level variables inside, since this call is hoisted to top of the file. Read more: https://vitest.dev/api/vi.html#vi-mock
qwen serve: /acp WebSocket transport enabled on /acp
2026-10-03T08:39:01.650Z [INFO] [DAEMON] daemon stopped
qwen serve: scrubbed inherited loader env vars from the daemon process; session subprocesses will not inherit them: npm_config_userconfig, npm_config_prefix, npm_config_node_gyp, npm_config_globalconfig, npm_config_init_module
qwen serve: memory budget 4096 MB (flag, 8192 MB available via host)
2026-10-03T08:39:01.654Z [INFO] [DAEMON] projectMemoryScope=workspace projectMemoryScopeRaw=workspace projectMemoryScopeSource=default project memory scope resolved
2026-10-03T08:39:01.654Z [INFO] [DAEMON] removedKeys=npm_config_userconfig,npm_config_prefix,npm_config_node_gyp,npm_config_globalconfig,npm_config_init_module scrubbed inherited loader env vars from the daemon process; session subprocesses will not inherit them
qwen serve: daemon log → /tmp/qws-run-serve-tests-3G3ZdQ/debug/daemon/daemon.log
qwen serve listening on http://127.0.0.1:38013 (mode=http-bridge, workspace=/tmp/qws-mem-7RhlVl/primary)
qwen serve: bound to workspace "/tmp/qws-mem-7RhlVl/primary"
qwen serve: startup timing: processToListenMs=15050 runQwenServeToListenMs=3
qwen serve: trusted loopback mode; local callers have full API access without bearer authentication, including code execution as the daemon user. Use --require-auth with QWEN_SERVER_TOKEN on shared or untrusted hosts.
2026-10-03T08:39:01.657Z [INFO] [DAEMON] ideEnvPresent=false primary=/tmp/qws-mem-7RhlVl/primary secondary= daemon workspace roots initialized
2026-10-03T08:39:01.666Z [WARN] [DAEMON] session-pr-refresh load failed: [vitest] There was an error when mocking a module. If you are using "vi.mock" factory, make sure there are no top level variables inside, since this call is hoisted to top of the file. Read more: https://vitest.dev/api/vi.html#vi-mock
qwen serve: /acp WebSocket transport enabled on /acp
2026-10-03T08:39:01.667Z [INFO] [DAEMON] daemon stopped
qwen serve: scrubbed inherited loader env vars from the daemon process; session subprocesses will not inherit them: npm_config_userconfig, npm_config_prefix, npm_config_node_gyp, npm_config_globalconfig, npm_config_init_module
2026-10-03T08:39:01.671Z [INFO] [DAEMON] projectMemoryScope=workspace projectMemoryScopeRaw=workspace projectMemoryScopeSource=default project memory scope resolved
2026-10-03T08:39:01.672Z [INFO] [DAEMON] removedKeys=npm_config_userconfig,npm_config_prefix,npm_config_node_gyp,npm_config_globalconfig,npm_config_init_module scrubbed inherited loader env vars from the daemon process; session subprocesses will not inherit them
qwen serve: daemon log → /tmp/qws-it-zLG5Wo/debug/daemon/daemon.log
2026-10-03T08:39:01.672Z [ERROR] [DAEMON] daemon startup failed
  TypeError: Invalid initializeTimeoutMs: 0. Must be a positive integer (milliseconds).
      at runQwenServeImpl (/root/verify/pr11071-r4/head/packages/cli/src/serve/run-qwen-serve.ts:4546:13)
      at Module.runQwenServe (/root/verify/pr11071-r4/head/packages/cli/src/serve/run-qwen-serve.ts:3283:12)
      at /root/verify/pr11071-r4/head/packages/cli/src/serve/run-qwen-serve.test.ts:7339:7
      at file:///root/verify/pr11071-r4/head/node_modules/@vitest/runner/dist/chunk-hooks.js:752:20
qwen serve: scrubbed inherited loader env vars from the daemon process; session subprocesses will not inherit them: npm_config_userconfig, npm_config_prefix, npm_config_node_gyp, npm_config_globalconfig, npm_config_init_module
2026-10-03T08:39:01.675Z [INFO] [DAEMON] projectMemoryScope=workspace projectMemoryScopeRaw=workspace projectMemoryScopeSource=default project memory scope resolved
2026-10-03T08:39:01.675Z [INFO] [DAEMON] removedKeys=npm_config_userconfig,npm_config_prefix,npm_config_node_gyp,npm_config_globalconfig,npm_config_init_module scrubbed inherited loader env vars from the daemon process; session subprocesses will not inherit them
qwen serve: daemon log → /tmp/qws-it-vkFwzB/debug/daemon/daemon.log
2026-10-03T08:39:01.675Z [ERROR] [DAEMON] daemon startup failed
  TypeError: Invalid initializeTimeoutMs: NaN. Must be a positive integer (milliseconds).
      at runQwenServeImpl (/root/verify/pr11071-r4/head/packages/cli/src/serve/run-qwen-serve.ts:4546:13)
      at Module.runQwenServe (/root/verify/pr11071-r4/head/packages/cli/src/serve/run-qwen-serve.ts:3283:12)
      at /root/verify/pr11071-r4/head/packages/cli/src/serve/run-qwen-serve.test.ts:7371:7
      at file:///root/verify/pr11071-r4/head/node_modules/@vitest/runner/dist/chunk-hooks.js:752:20
qwen serve: scrubbed inherited loader env vars from the daemon process; session subprocesses will not inherit them: npm_config_userconfig, npm_config_prefix, npm_config_node_gyp, npm_config_globalconfig, npm_config_init_module
2026-10-03T08:39:01.678Z [INFO] [DAEMON] projectMemoryScope=workspace projectMemoryScopeRaw=workspace projectMemoryScopeSource=default project memory scope resolved
2026-10-03T08:39:01.678Z [INFO] [DAEMON] removedKeys=npm_config_userconfig,npm_config_prefix,npm_config_node_gyp,npm_config_globalconfig,npm_config_init_module scrubbed inherited loader env vars from the daemon process; session subprocesses will not inherit them
qwen serve: daemon log → /tmp/qws-it-fSh8Rh/debug/daemon/daemon.log
2026-10-03T08:39:01.678Z [ERROR] [DAEMON] daemon startup failed
  TypeError: Invalid initializeTimeoutMs: 2147483648. Exceeds maximum JS timer delay of 2147483647 ms (~24.8 days); Node would silently compress longer delays to 1ms.
      at assertTimerDelayInRange (/root/verify/pr11071-r4/head/packages/cli/src/serve/run-qwen-serve.ts:541:11)
      at runQwenServeImpl (/root/verify/pr11071-r4/head/packages/cli/src/serve/run-qwen-serve.ts:4550:5)
      at Module.runQwenServe (/root/verify/pr11071-r4/head/packages/cli/src/serve/run-qwen-serve.ts:3283:12)
      at /root/verify/pr11071-r4/head/packages/cli/src/serve/run-qwen-serve.test.ts:7403:7
      at file:///root/verify/pr11071-r4/head/node_modules/@vitest/runner/dist/chunk-hooks.js:752:20
qwen serve: scrubbed inherited loader env vars from the daemon process; session subprocesses will not inherit them: npm_config_userconfig, npm_config_prefix, npm_config_node_gyp, npm_config_globalconfig, npm_config_init_module
2026-10-03T08:39:01.681Z [INFO] [DAEMON] projectMemoryScope=workspace projectMemoryScopeRaw=workspace projectMemoryScopeSource=default project memory scope resolved
2026-10-03T08:39:01.681Z [INFO] [DAEMON] removedKeys=npm_config_userconfig,npm_config_prefix,npm_config_node_gyp,npm_config_globalconfig,npm_config_init_module scrubbed inherited loader env vars from the daemon process; session subprocesses will not inherit them
qwen serve: daemon log → /tmp/qws-it-uCpV2g/debug/daemon/daemon.log
qwen serve listening on http://127.0.0.1:37123 (mode=http-bridge, workspace=/tmp/qws-it-uCpV2g)
qwen serve: bound to workspace "/tmp/qws-it-uCpV2g"
qwen serve: startup timing: processToListenMs=15078 runQwenServeToListenMs=2
qwen serve: trusted loopback mode; local callers have full API access without bearer authentication, including code execution as the daemon user. Use --require-auth with QWEN_SERVER_TOKEN on shared or untrusted hosts.
2026-10-03T08:39:01.684Z [INFO] [DAEMON] ideEnvPresent=false primary=/tmp/qws-it-uCpV2g secondary= daemon workspace roots initialized
2026-10-03T08:39:01.690Z [WARN] [DAEMON] session-pr-refresh load failed: [vitest] There was an error when mocking a module. If you are using "vi.mock" factory, make sure there are no top level variables inside, since this call is hoisted to top of the file. Read more: https://vitest.dev/api/vi.html#vi-mock
qwen serve: /acp WebSocket transport enabled on /acp
2026-10-03T08:39:01.690Z [INFO] [DAEMON] daemon stopped
qwen serve: scrubbed inherited loader env vars from the daemon process; session subprocesses will not inherit them: npm_config_userconfig, npm_config_prefix, npm_config_node_gyp, npm_config_globalconfig, npm_config_init_module
qwen serve: scrubbed inherited loader env vars from the daemon process; session subprocesses will not inherit them: npm_config_userconfig, npm_config_prefix, npm_config_node_gyp, npm_config_globalconfig, npm_config_init_module
qwen serve: scrubbed inherited loader env vars from the daemon process; session subprocesses will not inherit them: npm_config_userconfig, npm_config_prefix, npm_config_node_gyp, npm_config_globalconfig, npm_config_init_module
qwen serve: scrubbed inherited loader env vars from the daemon process; session subprocesses will not inherit them: npm_config_userconfig, npm_config_prefix, npm_config_node_gyp, npm_config_globalconfig, npm_config_init_module
qwen serve: scrubbed inherited loader env vars from the daemon process; session subprocesses will not inherit them: npm_config_userconfig, npm_config_prefix, npm_config_node_gyp, npm_config_globalconfig, npm_config_init_module
qwen serve: scrubbed inherited loader env vars from the daemon process; session subprocesses will not inherit them: npm_config_userconfig, npm_config_prefix, npm_config_node_gyp, npm_config_globalconfig, npm_config_init_module
qwen serve: scrubbed inherited loader env vars from the daemon process; session subprocesses will not inherit them: npm_config_userconfig, npm_config_prefix, npm_config_node_gyp, npm_config_globalconfig, npm_config_init_module
2026-10-03T08:39:01.709Z [INFO] [DAEMON] projectMemoryScope=workspace projectMemoryScopeRaw=workspace projectMemoryScopeSource=default project memory scope resolved
2026-10-03T08:39:01.709Z [INFO] [DAEMON] removedKeys=npm_config_userconfig,npm_config_prefix,npm_config_node_gyp,npm_config_globalconfig,npm_config_init_module scrubbed inherited loader env vars from the daemon process; session subprocesses will not inherit them
qwen serve: daemon log → /tmp/qws-tls-enzGUz/debug/daemon/daemon.log
qwen serve: Web Shell UI served from /root/verify/pr11071-r4/head/packages/web-shell/dist
2026-10-03T08:39:01.710Z [INFO] [DAEMON] ideEnvPresent=false primary=/tmp/qws-tls-enzGUz secondary= daemon workspace roots initialized
2026-10-03T08:39:01.718Z [ERROR] [DAEMON] daemon startup failed
  Error: --tls-cert "/tmp/qws-tls-enzGUz/cert.pem" and --tls-key "/tmp/qws-tls-enzGUz/key.pem" could not be loaded (do they match?): error:05800074:x509 certificate routines::key values mismatch
      at /root/verify/pr11071-r4/head/packages/cli/src/serve/run-qwen-serve.ts:10745:11
      at new Promise (<anonymous>)
      at runQwenServeImpl (/root/verify/pr11071-r4/head/packages/cli/src/serve/run-qwen-serve.ts:9029:16)
      at Module.runQwenServe (/root/verify/pr11071-r4/head/packages/cli/src/serve/run-qwen-serve.ts:3283:12)
      at /root/verify/pr11071-r4/head/packages/cli/src/serve/run-qwen-serve.test.ts:7856:7
      at file:///root/verify/pr11071-r4/head/node_modules/@vitest/runner/dist/chunk-hooks.js:752:20
2026-10-03T08:39:01.719Z [WARN] [DAEMON] session-pr-refresh load failed: [vitest] There was an error when mocking a module. If you are using "vi.mock" factory, make sure there are no top level variables inside, since this call is hoisted to top of the file. Read more: https://vitest.dev/api/vi.html#vi-mock
qwen serve: scrubbed inherited loader env vars from the daemon process; session subprocesses will not inherit them: npm_config_userconfig, npm_config_prefix, npm_config_node_gyp, npm_config_globalconfig, npm_config_init_module
2026-10-03T08:39:01.725Z [INFO] [DAEMON] projectMemoryScope=workspace projectMemoryScopeRaw=workspace projectMemoryScopeSource=default project memory scope resolved
2026-10-03T08:39:01.725Z [INFO] [DAEMON] removedKeys=npm_config_userconfig,npm_config_prefix,npm_config_node_gyp,npm_config_globalconfig,npm_config_init_module scrubbed inherited loader env vars from the daemon process; session subprocesses will not inherit them
qwen serve: daemon log → /tmp/qws-run-serve-tests-3G3ZdQ/debug/daemon/daemon.log
qwen serve listening on https://127.0.0.1:44513 (mode=http-bridge, workspace=/tmp/qws-tls-s657q5)
qwen serve: bound to workspace "/tmp/qws-tls-s657q5"
qwen serve: startup timing: processToListenMs=15122 runQwenServeToListenMs=4
qwen serve: trusted loopback mode; local callers have full API access without bearer authentication, including code execution as the daemon user. Use --require-auth with QWEN_SERVER_TOKEN on shared or untrusted hosts.
2026-10-03T08:39:01.734Z [INFO] [DAEMON] ideEnvPresent=false primary=/tmp/qws-tls-s657q5 secondary= daemon workspace roots initialized
2026-10-03T08:39:01.740Z [WARN] [DAEMON] session-pr-refresh load failed: [vitest] There was an error when mocking a module. If you are using "vi.mock" factory, make sure there are no top level variables inside, since this call is hoisted to top of the file. Read more: https://vitest.dev/api/vi.html#vi-mock
qwen serve: runtime startup failed: Daemon runtime stopped before mounting.
2026-10-03T08:39:01.741Z [ERROR] [DAEMON] runtime startup failed
  Error: Daemon runtime stopped before mounting.
      at /root/verify/pr11071-r4/head/packages/cli/src/serve/run-qwen-serve.ts:9977:17
      at waitForRuntimeStartingForShutdown (/root/verify/pr11071-r4/head/packages/cli/src/serve/run-qwen-serve.ts:2575:3)
      at /root/verify/pr11071-r4/head/packages/cli/src/serve/run-qwen-serve.ts:10299:17
2026-10-03T08:39:01.741Z [INFO] [DAEMON] daemon stopped
qwen serve: scrubbed inherited loader env vars from the daemon process; session subprocesses will not inherit them: npm_config_userconfig, npm_config_prefix, npm_config_node_gyp, npm_config_globalconfig, npm_config_init_module
qwen serve: scrubbed inherited loader env vars from the daemon process; session subprocesses will not inherit them: npm_config_userconfig, npm_config_prefix, npm_config_node_gyp, npm_config_globalconfig, npm_config_init_module
qwen serve: scrubbed inherited loader env vars from the daemon process; session subprocesses will not inherit them: npm_config_userconfig, npm_config_prefix, npm_config_node_gyp, npm_config_globalconfig, npm_config_init_module
qwen serve: scrubbed inherited loader env vars from the daemon process; session subprocesses will not inherit them: npm_config_userconfig, npm_config_prefix, npm_config_node_gyp, npm_config_globalconfig, npm_config_init_module
qwen serve: scrubbed inherited loader env vars from the daemon process; session subprocesses will not inherit them: npm_config_userconfig, npm_config_prefix, npm_config_node_gyp, npm_config_globalconfig, npm_config_init_module
2026-10-03T08:39:01.754Z [INFO] [DAEMON] projectMemoryScope=workspace projectMemoryScopeRaw=workspace projectMemoryScopeSource=default project memory scope resolved
2026-10-03T08:39:01.755Z [INFO] [DAEMON] removedKeys=npm_config_userconfig,npm_config_prefix,npm_config_node_gyp,npm_config_globalconfig,npm_config_init_module scrubbed inherited loader env vars from the daemon process; session subprocesses will not inherit them
qwen serve: daemon log → /tmp/qws-run-serve-tests-3G3ZdQ/debug/daemon/daemon.log
2026-10-03T08:39:01.755Z [ERROR] [DAEMON] daemon startup failed
  TypeError: Invalid maxSessions: NaN. Must be a number >= 0 (0 / Infinity = unlimited).
      at runQwenServeImpl (/root/verify/pr11071-r4/head/packages/cli/src/serve/run-qwen-serve.ts:4463:13)
      at Module.runQwenServe (/root/verify/pr11071-r4/head/packages/cli/src/serve/run-qwen-serve.ts:3283:12)
      at /root/verify/pr11071-r4/head/packages/cli/src/serve/run-qwen-serve.test.ts:8043:7
      at file:///root/verify/pr11071-r4/head/node_modules/@vitest/runner/dist/chunk-hooks.js:752:20
qwen serve: scrubbed inherited loader env vars from the daemon process; session subprocesses will not inherit them: npm_config_userconfig, npm_config_prefix, npm_config_node_gyp, npm_config_globalconfig, npm_config_init_module
2026-10-03T08:39:01.758Z [INFO] [DAEMON] projectMemoryScope=workspace projectMemoryScopeRaw=workspace projectMemoryScopeSource=default project memory scope resolved
2026-10-03T08:39:01.758Z [INFO] [DAEMON] removedKeys=npm_config_userconfig,npm_config_prefix,npm_config_node_gyp,npm_config_globalconfig,npm_config_init_module scrubbed inherited loader env vars from the daemon process; session subprocesses will not inherit them
qwen serve: daemon log → /tmp/qws-run-serve-tests-3G3ZdQ/debug/daemon/daemon.log
2026-10-03T08:39:01.758Z [ERROR] [DAEMON] daemon startup failed
  TypeError: Invalid maxSessions: -1. Must be a number >= 0 (0 / Infinity = unlimited).
      at runQwenServeImpl (/root/verify/pr11071-r4/head/packages/cli/src/serve/run-qwen-serve.ts:4463:13)
      at Module.runQwenServe (/root/verify/pr11071-r4/head/packages/cli/src/serve/run-qwen-serve.ts:3283:12)
      at /root/verify/pr11071-r4/head/packages/cli/src/serve/run-qwen-serve.test.ts:8043:7
      at file:///root/verify/pr11071-r4/head/node_modules/@vitest/runner/dist/chunk-hooks.js:752:20
qwen serve: scrubbed inherited loader env vars from the daemon process; session subprocesses will not inherit them: npm_config_userconfig, npm_config_prefix, npm_config_node_gyp, npm_config_globalconfig, npm_config_init_module
2026-10-03T08:39:01.762Z [INFO] [DAEMON] projectMemoryScope=workspace projectMemoryScopeRaw=workspace projectMemoryScopeSource=default project memory scope resolved
2026-10-03T08:39:01.762Z [INFO] [DAEMON] removedKeys=npm_config_userconfig,npm_config_prefix,npm_config_node_gyp,npm_config_globalconfig,npm_config_init_module scrubbed inherited loader env vars from the daemon process; session subprocesses will not inherit them
qwen serve: daemon log → /tmp/qws-run-serve-tests-3G3ZdQ/debug/daemon/daemon.log
2026-10-03T08:39:01.762Z [ERROR] [DAEMON] daemon startup failed
  TypeError: Invalid maxTotalSessions: NaN. Must be a non-negative integer (0 / Infinity = unlimited).
      at runQwenServeImpl (/root/verify/pr11071-r4/head/packages/cli/src/serve/run-qwen-serve.ts:4471:13)
      at Module.runQwenServe (/root/verify/pr11071-r4/head/packages/cli/src/serve/run-qwen-serve.ts:3283:12)
      at /root/verify/pr11071-r4/head/packages/cli/src/serve/run-qwen-serve.test.ts:8043:7
      at file:///root/verify/pr11071-r4/head/node_modules/@vitest/runner/dist/chunk-hooks.js:752:20
qwen serve: scrubbed inherited loader env vars from the daemon process; session subprocesses will not inherit them: npm_config_userconfig, npm_config_prefix, npm_config_node_gyp, npm_config_globalconfig, npm_config_init_module
2026-10-03T08:39:01.765Z [INFO] [DAEMON] projectMemoryScope=workspace projectMemoryScopeRaw=workspace projectMemoryScopeSource=default project memory scope resolved
2026-10-03T08:39:01.766Z [INFO] [DAEMON] removedKeys=npm_config_userconfig,npm_config_prefix,npm_config_node_gyp,npm_config_globalconfig,npm_config_init_module scrubbed inherited loader env vars from the daemon process; session subprocesses will not inherit them
qwen serve: daemon log → /tmp/qws-run-serve-tests-3G3ZdQ/debug/daemon/daemon.log
2026-10-03T08:39:01.766Z [ERROR] [DAEMON] daemon startup failed
  TypeError: Invalid maxTotalSessions: -1. Must be a non-negative integer (0 / Infinity = unlimited).
      at runQwenServeImpl (/root/verify/pr11071-r4/head/packages/cli/src/serve/run-qwen-serve.ts:4471:13)
      at Module.runQwenServe (/root/verify/pr11071-r4/head/packages/cli/src/serve/run-qwen-serve.ts:3283:12)
      at /root/verify/pr11071-r4/head/packages/cli/src/serve/run-qwen-serve.test.ts:8043:7
      at file:///root/verify/pr11071-r4/head/node_modules/@vitest/runner/dist/chunk-hooks.js:752:20
qwen serve: scrubbed inherited loader env vars from the daemon process; session subprocesses will not inherit them: npm_config_userconfig, npm_config_prefix, npm_config_node_gyp, npm_config_globalconfig, npm_config_init_module
2026-10-03T08:39:01.769Z [INFO] [DAEMON] projectMemoryScope=workspace projectMemoryScopeRaw=workspace projectMemoryScopeSource=default project memory scope resolved
2026-10-03T08:39:01.769Z [INFO] [DAEMON] removedKeys=npm_config_userconfig,npm_config_prefix,npm_config_node_gyp,npm_config_globalconfig,npm_config_init_module scrubbed inherited loader env vars from the daemon process; session subprocesses will not inherit them
qwen serve: daemon log → /tmp/qws-run-serve-tests-3G3ZdQ/debug/daemon/daemon.log
2026-10-03T08:39:01.769Z [ERROR] [DAEMON] daemon startup failed
  TypeError: Invalid maxTotalSessions: 1.5. Must be a non-negative integer (0 / Infinity = unlimited).
      at runQwenServeImpl (/root/verify/pr11071-r4/head/packages/cli/src/serve/run-qwen-serve.ts:4471:13)
      at Module.runQwenServe (/root/verify/pr11071-r4/head/packages/cli/src/serve/run-qwen-serve.ts:3283:12)
      at /root/verify/pr11071-r4/head/packages/cli/src/serve/run-qwen-serve.test.ts:8043:7
      at file:///root/verify/pr11071-r4/head/node_modules/@vitest/runner/dist/chunk-hooks.js:752:20
qwen serve: scrubbed inherited loader env vars from the daemon process; session subprocesses will not inherit them: npm_config_userconfig, npm_config_prefix, npm_config_node_gyp, npm_config_globalconfig, npm_config_init_module
2026-10-03T08:39:01.773Z [INFO] [DAEMON] projectMemoryScope=workspace projectMemoryScopeRaw=workspace projectMemoryScopeSource=default project memory scope resolved
2026-10-03T08:39:01.773Z [INFO] [DAEMON] removedKeys=npm_config_userconfig,npm_config_prefix,npm_config_node_gyp,npm_config_globalconfig,npm_config_init_module scrubbed inherited loader env vars from the daemon process; session subprocesses will not inherit them
qwen serve: daemon log → /tmp/qws-run-serve-tests-3G3ZdQ/debug/daemon/daemon.log
2026-10-03T08:39:01.773Z [ERROR] [DAEMON] daemon startup failed
  TypeError: Invalid eventRingSize: 0. Must be a positive integer in [1, 1000000].
      at runQwenServeImpl (/root/verify/pr11071-r4/head/packages/cli/src/serve/run-qwen-serve.ts:4490:13)
      at Module.runQwenServe (/root/verify/pr11071-r4/head/packages/cli/src/serve/run-qwen-serve.ts:3283:12)
      at /root/verify/pr11071-r4/head/packages/cli/src/serve/run-qwen-serve.test.ts:8043:7
      at file:///root/verify/pr11071-r4/head/node_modules/@vitest/runner/dist/chunk-hooks.js:752:20
qwen serve: scrubbed inherited loader env vars from the daemon process; session subprocesses will not inherit them: npm_config_userconfig, npm_config_prefix, npm_config_node_gyp, npm_config_globalconfig, npm_config_init_module
2026-10-03T08:39:01.776Z [INFO] [DAEMON] projectMemoryScope=workspace projectMemoryScopeRaw=workspace projectMemoryScopeSource=default project memory scope resolved
2026-10-03T08:39:01.776Z [INFO] [DAEMON] removedKeys=npm_config_userconfig,npm_config_prefix,npm_config_node_gyp,npm_config_globalconfig,npm_config_init_module scrubbed inherited loader env vars from the daemon process; session subprocesses will not inherit them
qwen serve: daemon log → /tmp/qws-run-serve-tests-3G3ZdQ/debug/daemon/daemon.log
2026-10-03T08:39:01.776Z [ERROR] [DAEMON] daemon startup failed
  TypeError: Invalid eventRingSize: 1.5. Must be a positive integer in [1, 1000000].
      at runQwenServeImpl (/root/verify/pr11071-r4/head/packages/cli/src/serve/run-qwen-serve.ts:4490:13)
      at Module.runQwenServe (/root/verify/pr11071-r4/head/packages/cli/src/serve/run-qwen-serve.ts:3283:12)
      at /root/verify/pr11071-r4/head/packages/cli/src/serve/run-qwen-serve.test.ts:8043:7
      at file:///root/verify/pr11071-r4/head/node_modules/@vitest/runner/dist/chunk-hooks.js:752:20
qwen serve: scrubbed inherited loader env vars from the daemon process; session subprocesses will not inherit them: npm_config_userconfig, npm_config_prefix, npm_config_node_gyp, npm_config_globalconfig, npm_config_init_module
2026-10-03T08:39:01.780Z [INFO] [DAEMON] projectMemoryScope=workspace projectMemoryScopeRaw=workspace projectMemoryScopeSource=default project memory scope resolved
2026-10-03T08:39:01.780Z [INFO] [DAEMON] removedKeys=npm_config_userconfig,npm_config_prefix,npm_config_node_gyp,npm_config_globalconfig,npm_config_init_module scrubbed inherited loader env vars from the daemon process; session subprocesses will not inherit them
qwen serve: daemon log → /tmp/qws-run-serve-tests-3G3ZdQ/debug/daemon/daemon.log
2026-10-03T08:39:01.780Z [ERROR] [DAEMON] daemon startup failed
  TypeError: Invalid eventRingSize: Infinity. Must be a positive integer in [1, 1000000].
      at runQwenServeImpl (/root/verify/pr11071-r4/head/packages/cli/src/serve/run-qwen-serve.ts:4490:13)
      at Module.runQwenServe (/root/verify/pr11071-r4/head/packages/cli/src/serve/run-qwen-serve.ts:3283:12)
      at /root/verify/pr11071-r4/head/packages/cli/src/serve/run-qwen-serve.test.ts:8043:7
      at file:///root/verify/pr11071-r4/head/node_modules/@vitest/runner/dist/chunk-hooks.js:752:20
qwen serve: scrubbed inherited loader env vars from the daemon process; session subprocesses will not inherit them: npm_config_userconfig, npm_config_prefix, npm_config_node_gyp, npm_config_globalconfig, npm_config_init_module
2026-10-03T08:39:01.785Z [INFO] [DAEMON] projectMemoryScope=workspace projectMemoryScopeRaw=workspace projectMemoryScopeSource=default project memory scope resolved
2026-10-03T08:39:01.785Z [INFO] [DAEMON] removedKeys=npm_config_userconfig,npm_config_prefix,npm_config_node_gyp,npm_config_globalconfig,npm_config_init_module scrubbed inherited loader env vars from the daemon process; session subprocesses will not inherit them
qwen serve: daemon log → /tmp/qws-run-serve-tests-3G3ZdQ/debug/daemon/daemon.log
2026-10-03T08:39:01.785Z [ERROR] [DAEMON] daemon startup failed
  TypeError: Invalid compactedReplayMaxBytes: 0. Must be a positive safe integer in [1, 268435456].
      at normalizeCompactedReplayMaxBytes (/root/verify/pr11071-r4/head/packages/acp-bridge/src/replayWindowLimits.ts:50:11)
      at runQwenServeImpl (/root/verify/pr11071-r4/head/packages/cli/src/serve/run-qwen-serve.ts:4497:5)
      at Module.runQwenServe (/root/verify/pr11071-r4/head/packages/cli/src/serve/run-qwen-serve.ts:3283:12)
      at /root/verify/pr11071-r4/head/packages/cli/src/serve/run-qwen-serve.test.ts:8043:7
      at file:///root/verify/pr11071-r4/head/node_modules/@vitest/runner/dist/chunk-hooks.js:752:20
qwen serve: scrubbed inherited loader env vars from the daemon process; session subprocesses will not inherit them: npm_config_userconfig, npm_config_prefix, npm_config_node_gyp, npm_config_globalconfig, npm_config_init_module
2026-10-03T08:39:01.789Z [INFO] [DAEMON] projectMemoryScope=workspace projectMemoryScopeRaw=workspace projectMemoryScopeSource=default project memory scope resolved
2026-10-03T08:39:01.789Z [INFO] [DAEMON] removedKeys=npm_config_userconfig,npm_config_prefix,npm_config_node_gyp,npm_config_globalconfig,npm_config_init_module scrubbed inherited loader env vars from the daemon process; session subprocesses will not inherit them
qwen serve: daemon log → /tmp/qws-run-serve-tests-3G3ZdQ/debug/daemon/daemon.log
2026-10-03T08:39:01.789Z [ERROR] [DAEMON] daemon startup failed
  TypeError: Invalid compactedReplayMaxBytes: 1.5. Must be a positive safe integer in [1, 268435456].
      at normalizeCompactedReplayMaxBytes (/root/verify/pr11071-r4/head/packages/acp-bridge/src/replayWindowLimits.ts:50:11)
      at runQwenServeImpl (/root/verify/pr11071-r4/head/packages/cli/src/serve/run-qwen-serve.ts:4497:5)
      at Module.runQwenServe (/root/verify/pr11071-r4/head/packages/cli/src/serve/run-qwen-serve.ts:3283:12)
      at /root/verify/pr11071-r4/head/packages/cli/src/serve/run-qwen-serve.test.ts:8043:7
      at file:///root/verify/pr11071-r4/head/node_modules/@vitest/runner/dist/chunk-hooks.js:752:20
qwen serve: scrubbed inherited loader env vars from the daemon process; session subprocesses will not inherit them: npm_config_userconfig, npm_config_prefix, npm_config_node_gyp, npm_config_globalconfig, npm_config_init_module
2026-10-03T08:39:01.793Z [INFO] [DAEMON] projectMemoryScope=workspace projectMemoryScopeRaw=workspace projectMemoryScopeSource=default project memory scope resolved
2026-10-03T08:39:01.793Z [INFO] [DAEMON] removedKeys=npm_config_userconfig,npm_config_prefix,npm_config_node_gyp,npm_config_globalconfig,npm_config_init_module scrubbed inherited loader env vars from the daemon process; session subprocesses will not inherit them
qwen serve: daemon log → /tmp/qws-run-serve-tests-3G3ZdQ/debug/daemon/daemon.log
2026-10-03T08:39:01.793Z [ERROR] [DAEMON] daemon startup failed
  TypeError: Invalid compactedReplayMaxBytes: Infinity. Must be a positive safe integer in [1, 268435456].
      at normalizeCompactedReplayMaxBytes (/root/verify/pr11071-r4/head/packages/acp-bridge/src/replayWindowLimits.ts:50:11)
      at runQwenServeImpl (/root/verify/pr11071-r4/head/packages/cli/src/serve/run-qwen-serve.ts:4497:5)
      at Module.runQwenServe (/root/verify/pr11071-r4/head/packages/cli/src/serve/run-qwen-serve.ts:3283:12)
      at /root/verify/pr11071-r4/head/packages/cli/src/serve/run-qwen-serve.test.ts:8043:7
      at file:///root/verify/pr11071-r4/head/node_modules/@vitest/runner/dist/chunk-hooks.js:752:20
qwen serve: scrubbed inherited loader env vars from the daemon process; session subprocesses will not inherit them: npm_config_userconfig, npm_config_prefix, npm_config_node_gyp, npm_config_globalconfig, npm_config_init_module
qwen serve: scrubbed inherited loader env vars from the daemon process; session subprocesses will not inherit them: npm_config_userconfig, npm_config_prefix, npm_config_node_gyp, npm_config_globalconfig, npm_config_init_module
qwen serve: scrubbed inherited loader env vars from the daemon process; session subprocesses will not inherit them: npm_config_userconfig, npm_config_prefix, npm_config_node_gyp, npm_config_globalconfig, npm_config_init_module
qwen serve: scrubbed inherited loader env vars from the daemon process; session subprocesses will not inherit them: npm_config_userconfig, npm_config_prefix, npm_config_node_gyp, npm_config_globalconfig, npm_config_init_module
qwen serve: scrubbed inherited loader env vars from the daemon process; session subprocesses will not inherit them: npm_config_userconfig, npm_config_prefix, npm_config_node_gyp, npm_config_globalconfig, npm_config_init_module
qwen serve: scrubbed inherited loader env vars from the daemon process; session subprocesses will not inherit them: npm_config_userconfig, npm_config_prefix, npm_config_node_gyp, npm_config_globalconfig, npm_config_init_module
qwen serve: scrubbed inherited loader env vars from the daemon process; session subprocesses will not inherit them: npm_config_userconfig, npm_config_prefix, npm_config_node_gyp, npm_config_globalconfig, npm_config_init_module
qwen serve: scrubbed inherited loader env vars from the daemon process; session subprocesses will not inherit them: npm_config_userconfig, npm_config_prefix, npm_config_node_gyp, npm_config_globalconfig, npm_config_init_module
qwen serve: scrubbed inherited loader env vars from the daemon process; session subprocesses will not inherit them: npm_config_userconfig, npm_config_prefix, npm_config_node_gyp, npm_config_globalconfig, npm_config_init_module
qwen serve: scrubbed inherited loader env vars from the daemon process; session subprocesses will not inherit them: npm_config_userconfig, npm_config_prefix, npm_config_node_gyp, npm_config_globalconfig, npm_config_init_module
2026-10-03T08:39:01.814Z [INFO] [DAEMON] projectMemoryScope=workspace projectMemoryScopeRaw=workspace projectMemoryScopeSource=default project memory scope resolved
2026-10-03T08:39:01.814Z [INFO] [DAEMON] removedKeys=npm_config_userconfig,npm_config_prefix,npm_config_node_gyp,npm_config_globalconfig,npm_config_init_module scrubbed inherited loader env vars from the daemon process; session subprocesses will not inherit them
qwen serve: daemon log → /tmp/qws-run-serve-tests-3G3ZdQ/debug/daemon/daemon.log
2026-10-03T08:39:01.814Z [ERROR] [DAEMON] daemon startup failed
  TypeError: Invalid externalToolGuard: omit it for off mode or set mode to 'required'.
      at runQwenServeImpl (/root/verify/pr11071-r4/head/packages/cli/src/serve/run-qwen-serve.ts:4578:11)
      at Module.runQwenServe (/root/verify/pr11071-r4/head/packages/cli/src/serve/run-qwen-serve.ts:3283:12)
      at /root/verify/pr11071-r4/head/packages/cli/src/serve/run-qwen-serve.test.ts:8177:5
      at file:///root/verify/pr11071-r4/head/node_modules/@vitest/runner/dist/chunk-hooks.js:752:20
qwen serve: scrubbed inherited loader env vars from the daemon process; session subprocesses will not inherit them: npm_config_userconfig, npm_config_prefix, npm_config_node_gyp, npm_config_globalconfig, npm_config_init_module
2026-10-03T08:39:01.818Z [INFO] [DAEMON] projectMemoryScope=workspace projectMemoryScopeRaw=workspace projectMemoryScopeSource=default project memory scope resolved
2026-10-03T08:39:01.818Z [INFO] [DAEMON] removedKeys=npm_config_userconfig,npm_config_prefix,npm_config_node_gyp,npm_config_globalconfig,npm_config_init_module scrubbed inherited loader env vars from the daemon process; session subprocesses will not inherit them
qwen serve: daemon log → /tmp/qws-run-serve-tests-3G3ZdQ/debug/daemon/daemon.log
2026-10-03T08:39:01.825Z [ERROR] [DAEMON] daemon startup failed
  TypeError: Invalid external tool guard endpoint: expected an origin-only loopback HTTP(S) URL.
      at normalizeEndpoint (/root/verify/pr11071-r4/head/packages/cli/src/serve/external-tool-guard-provider.ts:79:11)
      at new RequiredExternalToolGuard (/root/verify/pr11071-r4/head/packages/cli/src/serve/external-tool-guard-provider.ts:179:21)
      at runQwenServeImpl (/root/verify/pr11071-r4/head/packages/cli/src/serve/run-qwen-serve.ts:4612:22)
      at processTicksAndRejections (node:internal/process/task_queues:103:5)
      at Module.runQwenServe (/root/verify/pr11071-r4/head/packages/cli/src/serve/run-qwen-serve.ts:3283:12)
      at /root/verify/pr11071-r4/head/packages/cli/src/serve/run-qwen-serve.test.ts:8202:5
      at file:///root/verify/pr11071-r4/head/node_modules/@vitest/runner/dist/chunk-hooks.js:752:20
qwen serve: scrubbed inherited loader env vars from the daemon process; session subprocesses will not inherit them: npm_config_userconfig, npm_config_prefix, npm_config_node_gyp, npm_config_globalconfig, npm_config_init_module
2026-10-03T08:39:01.829Z [INFO] [DAEMON] projectMemoryScope=workspace projectMemoryScopeRaw=workspace projectMemoryScopeSource=default project memory scope resolved
2026-10-03T08:39:01.829Z [INFO] [DAEMON] removedKeys=npm_config_userconfig,npm_config_prefix,npm_config_node_gyp,npm_config_globalconfig,npm_config_init_module scrubbed inherited loader env vars from the daemon process; session subprocesses will not inherit them
qwen serve: daemon log → /tmp/qws-rt-sCnlaC/debug/daemon/daemon.log
2026-10-03T08:39:01.829Z [ERROR] [DAEMON] daemon startup failed
  TypeError: Invalid sessionReapIntervalMs: -1. Must be a non-negative integer (milliseconds, 0 = disabled).
      at runQwenServeImpl (/root/verify/pr11071-r4/head/packages/cli/src/serve/run-qwen-serve.ts:4525:13)
      at Module.runQwenServe (/root/verify/pr11071-r4/head/packages/cli/src/serve/run-qwen-serve.ts:3283:12)
      at runWithReaperOption (/root/verify/pr11071-r4/head/packages/cli/src/serve/run-qwen-serve.test.ts:8253:14)
      at /root/verify/pr11071-r4/head/packages/cli/src/serve/run-qwen-serve.test.ts:8286:5
      at file:///root/verify/pr11071-r4/head/node_modules/@vitest/runner/dist/chunk-hooks.js:752:20
qwen serve: scrubbed inherited loader env vars from the daemon process; session subprocesses will not inherit them: npm_config_userconfig, npm_config_prefix, npm_config_node_gyp, npm_config_globalconfig, npm_config_init_module
2026-10-03T08:39:01.833Z [INFO] [DAEMON] projectMemoryScope=workspace projectMemoryScopeRaw=workspace projectMemoryScopeSource=default project memory scope resolved
2026-10-03T08:39:01.833Z [INFO] [DAEMON] removedKeys=npm_config_userconfig,npm_config_prefix,npm_config_node_gyp,npm_config_globalconfig,npm_config_init_module scrubbed inherited loader env vars from the daemon process; session subprocesses will not inherit them
qwen serve: daemon log → /tmp/qws-rt-qmwoi7/debug/daemon/daemon.log
2026-10-03T08:39:01.834Z [ERROR] [DAEMON] daemon startup failed
  TypeError: Invalid sessionReapIntervalMs: 1.5. Must be a non-negative integer (milliseconds, 0 = disabled).
      at runQwenServeImpl (/root/verify/pr11071-r4/head/packages/cli/src/serve/run-qwen-serve.ts:4525:13)
      at Module.runQwenServe (/root/verify/pr11071-r4/head/packages/cli/src/serve/run-qwen-serve.ts:3283:12)
      at runWithReaperOption (/root/verify/pr11071-r4/head/packages/cli/src/serve/run-qwen-serve.test.ts:8253:14)
      at /root/verify/pr11071-r4/head/packages/cli/src/serve/run-qwen-serve.test.ts:8286:5
      at file:///root/verify/pr11071-r4/head/node_modules/@vitest/runner/dist/chunk-hooks.js:752:20
qwen serve: scrubbed inherited loader env vars from the daemon process; session subprocesses will not inherit them: npm_config_userconfig, npm_config_prefix, npm_config_node_gyp, npm_config_globalconfig, npm_config_init_module
2026-10-03T08:39:01.837Z [INFO] [DAEMON] projectMemoryScope=workspace projectMemoryScopeRaw=workspace projectMemoryScopeSource=default project memory scope resolved
2026-10-03T08:39:01.837Z [INFO] [DAEMON] removedKeys=npm_config_userconfig,npm_config_prefix,npm_config_node_gyp,npm_config_globalconfig,npm_config_init_module scrubbed inherited loader env vars from the daemon process; session subprocesses will not inherit them
qwen serve: daemon log → /tmp/qws-rt-rWau0d/debug/daemon/daemon.log
2026-10-03T08:39:01.837Z [ERROR] [DAEMON] daemon startup failed
  TypeError: Invalid sessionReapIntervalMs: NaN. Must be a non-negative integer (milliseconds, 0 = disabled).
      at runQwenServeImpl (/root/verify/pr11071-r4/head/packages/cli/src/serve/run-qwen-serve.ts:4525:13)
      at Module.runQwenServe (/root/verify/pr11071-r4/head/packages/cli/src/serve/run-qwen-serve.ts:3283:12)
      at runWithReaperOption (/root/verify/pr11071-r4/head/packages/cli/src/serve/run-qwen-serve.test.ts:8253:14)
      at /root/verify/pr11071-r4/head/packages/cli/src/serve/run-qwen-serve.test.ts:8286:5
      at file:///root/verify/pr11071-r4/head/node_modules/@vitest/runner/dist/chunk-hooks.js:752:20
qwen serve: scrubbed inherited loader env vars from the daemon process; session subprocesses will not inherit them: npm_config_userconfig, npm_config_prefix, npm_config_node_gyp, npm_config_globalconfig, npm_config_init_module
2026-10-03T08:39:01.840Z [INFO] [DAEMON] projectMemoryScope=workspace projectMemoryScopeRaw=workspace projectMemoryScopeSource=default project memory scope resolved
2026-10-03T08:39:01.840Z [INFO] [DAEMON] removedKeys=npm_config_userconfig,npm_config_prefix,npm_config_node_gyp,npm_config_globalconfig,npm_config_init_module scrubbed inherited loader env vars from the daemon process; session subprocesses will not inherit them
qwen serve: daemon log → /tmp/qws-rt-T63LfA/debug/daemon/daemon.log
2026-10-03T08:39:01.840Z [ERROR] [DAEMON] daemon startup failed
  TypeError: Invalid sessionReapIntervalMs: Infinity. Must be a non-negative integer (milliseconds, 0 = disabled).
      at runQwenServeImpl (/root/verify/pr11071-r4/head/packages/cli/src/serve/run-qwen-serve.ts:4525:13)
      at Module.runQwenServe (/root/verify/pr11071-r4/head/packages/cli/src/serve/run-qwen-serve.ts:3283:12)
      at runWithReaperOption (/root/verify/pr11071-r4/head/packages/cli/src/serve/run-qwen-serve.test.ts:8253:14)
      at /root/verify/pr11071-r4/head/packages/cli/src/serve/run-qwen-serve.test.ts:8286:5
      at file:///root/verify/pr11071-r4/head/node_modules/@vitest/runner/dist/chunk-hooks.js:752:20
qwen serve: scrubbed inherited loader env vars from the daemon process; session subprocesses will not inherit them: npm_config_userconfig, npm_config_prefix, npm_config_node_gyp, npm_config_globalconfig, npm_config_init_module
2026-10-03T08:39:01.843Z [INFO] [DAEMON] projectMemoryScope=workspace projectMemoryScopeRaw=workspace projectMemoryScopeSource=default project memory scope resolved
2026-10-03T08:39:01.843Z [INFO] [DAEMON] removedKeys=npm_config_userconfig,npm_config_prefix,npm_config_node_gyp,npm_config_globalconfig,npm_config_init_module scrubbed inherited loader env vars from the daemon process; session subprocesses will not inherit them
qwen serve: daemon log → /tmp/qws-rt-N3GIQj/debug/daemon/daemon.log
2026-10-03T08:39:01.843Z [ERROR] [DAEMON] daemon startup failed
  TypeError: Invalid sessionIdleTimeoutMs: -1. Must be a non-negative integer (milliseconds, 0 = disabled).
      at runQwenServeImpl (/root/verify/pr11071-r4/head/packages/cli/src/serve/run-qwen-serve.ts:4532:13)
      at Module.runQwenServe (/root/verify/pr11071-r4/head/packages/cli/src/serve/run-qwen-serve.ts:3283:12)
      at runWithReaperOption (/root/verify/pr11071-r4/head/packages/cli/src/serve/run-qwen-serve.test.ts:8253:14)
      at /root/verify/pr11071-r4/head/packages/cli/src/serve/run-qwen-serve.test.ts:8286:5
      at file:///root/verify/pr11071-r4/head/node_modules/@vitest/runner/dist/chunk-hooks.js:752:20
qwen serve: scrubbed inherited loader env vars from the daemon process; session subprocesses will not inherit them: npm_config_userconfig, npm_config_prefix, npm_config_node_gyp, npm_config_globalconfig, npm_config_init_module
2026-10-03T08:39:01.846Z [INFO] [DAEMON] projectMemoryScope=workspace projectMemoryScopeRaw=workspace projectMemoryScopeSource=default project memory scope resolved
2026-10-03T08:39:01.846Z [INFO] [DAEMON] removedKeys=npm_config_userconfig,npm_config_prefix,npm_config_node_gyp,npm_config_globalconfig,npm_config_init_module scrubbed inherited loader env vars from the daemon process; session subprocesses will not inherit them
qwen serve: daemon log → /tmp/qws-rt-ZpDa5N/debug/daemon/daemon.log
2026-10-03T08:39:01.846Z [ERROR] [DAEMON] daemon startup failed
  TypeError: Invalid sessionIdleTimeoutMs: 1.5. Must be a non-negative integer (milliseconds, 0 = disabled).
      at runQwenServeImpl (/root/verify/pr11071-r4/head/packages/cli/src/serve/run-qwen-serve.ts:4532:13)
      at Module.runQwenServe (/root/verify/pr11071-r4/head/packages/cli/src/serve/run-qwen-serve.ts:3283:12)
      at runWithReaperOption (/root/verify/pr11071-r4/head/packages/cli/src/serve/run-qwen-serve.test.ts:8253:14)
      at /root/verify/pr11071-r4/head/packages/cli/src/serve/run-qwen-serve.test.ts:8286:5
      at file:///root/verify/pr11071-r4/head/node_modules/@vitest/runner/dist/chunk-hooks.js:752:20
qwen serve: scrubbed inherited loader env vars from the daemon process; session subprocesses will not inherit them: npm_config_userconfig, npm_config_prefix, npm_config_node_gyp, npm_config_globalconfig, npm_config_init_module
2026-10-03T08:39:01.849Z [INFO] [DAEMON] projectMemoryScope=workspace projectMemoryScopeRaw=workspace projectMemoryScopeSource=default project memory scope resolved
2026-10-03T08:39:01.849Z [INFO] [DAEMON] removedKeys=npm_config_userconfig,npm_config_prefix,npm_config_node_gyp,npm_config_globalconfig,npm_config_init_module scrubbed inherited loader env vars from the daemon process; session subprocesses will not inherit them
qwen serve: daemon log → /tmp/qws-rt-NnXEiV/debug/daemon/daemon.log
2026-10-03T08:39:01.849Z [ERROR] [DAEMON] daemon startup failed
  TypeError: Invalid sessionIdleTimeoutMs: NaN. Must be a non-negative integer (milliseconds, 0 = disabled).
      at runQwenServeImpl (/root/verify/pr11071-r4/head/packages/cli/src/serve/run-qwen-serve.ts:4532:13)
      at Module.runQwenServe (/root/verify/pr11071-r4/head/packages/cli/src/serve/run-qwen-serve.ts:3283:12)
      at runWithReaperOption (/root/verify/pr11071-r4/head/packages/cli/src/serve/run-qwen-serve.test.ts:8253:14)
      at /root/verify/pr11071-r4/head/packages/cli/src/serve/run-qwen-serve.test.ts:8286:5
      at file:///root/verify/pr11071-r4/head/node_modules/@vitest/runner/dist/chunk-hooks.js:752:20
qwen serve: scrubbed inherited loader env vars from the daemon process; session subprocesses will not inherit them: npm_config_userconfig, npm_config_prefix, npm_config_node_gyp, npm_config_globalconfig, npm_config_init_module
2026-10-03T08:39:01.852Z [INFO] [DAEMON] projectMemoryScope=workspace projectMemoryScopeRaw=workspace projectMemoryScopeSource=default project memory scope resolved
2026-10-03T08:39:01.852Z [INFO] [DAEMON] removedKeys=npm_config_userconfig,npm_config_prefix,npm_config_node_gyp,npm_config_globalconfig,npm_config_init_module scrubbed inherited loader env vars from the daemon process; session subprocesses will not inherit them
qwen serve: daemon log → /tmp/qws-rt-zjNyJ0/debug/daemon/daemon.log
2026-10-03T08:39:01.852Z [ERROR] [DAEMON] daemon startup failed
  TypeError: Invalid sessionIdleTimeoutMs: Infinity. Must be a non-negative integer (milliseconds, 0 = disabled).
      at runQwenServeImpl (/root/verify/pr11071-r4/head/packages/cli/src/serve/run-qwen-serve.ts:4532:13)
      at Module.runQwenServe (/root/verify/pr11071-r4/head/packages/cli/src/serve/run-qwen-serve.ts:3283:12)
      at runWithReaperOption (/root/verify/pr11071-r4/head/packages/cli/src/serve/run-qwen-serve.test.ts:8253:14)
      at /root/verify/pr11071-r4/head/packages/cli/src/serve/run-qwen-serve.test.ts:8286:5
      at file:///root/verify/pr11071-r4/head/node_modules/@vitest/runner/dist/chunk-hooks.js:752:20
qwen serve: scrubbed inherited loader env vars from the daemon process; session subprocesses will not inherit them: npm_config_userconfig, npm_config_prefix, npm_config_node_gyp, npm_config_globalconfig, npm_config_init_module
2026-10-03T08:39:01.855Z [INFO] [DAEMON] projectMemoryScope=workspace projectMemoryScopeRaw=workspace projectMemoryScopeSource=default project memory scope resolved
2026-10-03T08:39:01.855Z [INFO] [DAEMON] removedKeys=npm_config_userconfig,npm_config_prefix,npm_config_node_gyp,npm_config_globalconfig,npm_config_init_module scrubbed inherited loader env vars from the daemon process; session subprocesses will not inherit them
qwen serve: daemon log → /tmp/qws-rt-hVRLgf/debug/daemon/daemon.log
2026-10-03T08:39:01.855Z [ERROR] [DAEMON] daemon startup failed
  TypeError: Invalid sessionPromptSettledCloseGraceMs: -1. Must be a non-negative integer (milliseconds, 0 = disabled).
      at runQwenServeImpl (/root/verify/pr11071-r4/head/packages/cli/src/serve/run-qwen-serve.ts:4539:13)
      at Module.runQwenServe (/root/verify/pr11071-r4/head/packages/cli/src/serve/run-qwen-serve.ts:3283:12)
      at runWithReaperOption (/root/verify/pr11071-r4/head/packages/cli/src/serve/run-qwen-serve.test.ts:8253:14)
      at /root/verify/pr11071-r4/head/packages/cli/src/serve/run-qwen-serve.test.ts:8286:5
      at file:///root/verify/pr11071-r4/head/node_modules/@vitest/runner/dist/chunk-hooks.js:752:20
qwen serve: scrubbed inherited loader env vars from the daemon process; session subprocesses will not inherit them: npm_config_userconfig, npm_config_prefix, npm_config_node_gyp, npm_config_globalconfig, npm_config_init_module
2026-10-03T08:39:01.858Z [INFO] [DAEMON] projectMemoryScope=workspace projectMemoryScopeRaw=workspace projectMemoryScopeSource=default project memory scope resolved
2026-10-03T08:39:01.858Z [INFO] [DAEMON] removedKeys=npm_config_userconfig,npm_config_prefix,npm_config_node_gyp,npm_config_globalconfig,npm_config_init_module scrubbed inherited loader env vars from the daemon process; session subprocesses will not inherit them
qwen serve: daemon log → /tmp/qws-rt-YCGYFy/debug/daemon/daemon.log
2026-10-03T08:39:01.859Z [ERROR] [DAEMON] daemon startup failed
  TypeError: Invalid sessionPromptSettledCloseGraceMs: 1.5. Must be a non-negative integer (milliseconds, 0 = disabled).
      at runQwenServeImpl (/root/verify/pr11071-r4/head/packages/cli/src/serve/run-qwen-serve.ts:4539:13)
      at Module.runQwenServe (/root/verify/pr11071-r4/head/packages/cli/src/serve/run-qwen-serve.ts:3283:12)
      at runWithReaperOption (/root/verify/pr11071-r4/head/packages/cli/src/serve/run-qwen-serve.test.ts:8253:14)
      at /root/verify/pr11071-r4/head/packages/cli/src/serve/run-qwen-serve.test.ts:8286:5
      at file:///root/verify/pr11071-r4/head/node_modules/@vitest/runner/dist/chunk-hooks.js:752:20
qwen serve: scrubbed inherited loader env vars from the daemon process; session subprocesses will not inherit them: npm_config_userconfig, npm_config_prefix, npm_config_node_gyp, npm_config_globalconfig, npm_config_init_module
2026-10-03T08:39:01.861Z [INFO] [DAEMON] projectMemoryScope=workspace projectMemoryScopeRaw=workspace projectMemoryScopeSource=default project memory scope resolved
2026-10-03T08:39:01.862Z [INFO] [DAEMON] removedKeys=npm_config_userconfig,npm_config_prefix,npm_config_node_gyp,npm_config_globalconfig,npm_config_init_module scrubbed inherited loader env vars from the daemon process; session subprocesses will not inherit them
qwen serve: daemon log → /tmp/qws-rt-Up9o4l/debug/daemon/daemon.log
2026-10-03T08:39:01.862Z [ERROR] [DAEMON] daemon startup failed
  TypeError: Invalid sessionPromptSettledCloseGraceMs: NaN. Must be a non-negative integer (milliseconds, 0 = disabled).
      at runQwenServeImpl (/root/verify/pr11071-r4/head/packages/cli/src/serve/run-qwen-serve.ts:4539:13)
      at Module.runQwenServe (/root/verify/pr11071-r4/head/packages/cli/src/serve/run-qwen-serve.ts:3283:12)
      at runWithReaperOption (/root/verify/pr11071-r4/head/packages/cli/src/serve/run-qwen-serve.test.ts:8253:14)
      at /root/verify/pr11071-r4/head/packages/cli/src/serve/run-qwen-serve.test.ts:8286:5
      at file:///root/verify/pr11071-r4/head/node_modules/@vitest/runner/dist/chunk-hooks.js:752:20
qwen serve: scrubbed inherited loader env vars from the daemon process; session subprocesses will not inherit them: npm_config_userconfig, npm_config_prefix, npm_config_node_gyp, npm_config_globalconfig, npm_config_init_module
2026-10-03T08:39:01.864Z [INFO] [DAEMON] projectMemoryScope=workspace projectMemoryScopeRaw=workspace projectMemoryScopeSource=default project memory scope resolved
2026-10-03T08:39:01.864Z [INFO] [DAEMON] removedKeys=npm_config_userconfig,npm_config_prefix,npm_config_node_gyp,npm_config_globalconfig,npm_config_init_module scrubbed inherited loader env vars from the daemon process; session subprocesses will not inherit them
qwen serve: daemon log → /tmp/qws-rt-AcjWq3/debug/daemon/daemon.log
2026-10-03T08:39:01.865Z [ERROR] [DAEMON] daemon startup failed
  TypeError: Invalid sessionPromptSettledCloseGraceMs: Infinity. Must be a non-negative integer (milliseconds, 0 = disabled).
      at runQwenServeImpl (/root/verify/pr11071-r4/head/packages/cli/src/serve/run-qwen-serve.ts:4539:13)
      at Module.runQwenServe (/root/verify/pr11071-r4/head/packages/cli/src/serve/run-qwen-serve.ts:3283:12)
      at runWithReaperOption (/root/verify/pr11071-r4/head/packages/cli/src/serve/run-qwen-serve.test.ts:8253:14)
      at /root/verify/pr11071-r4/head/packages/cli/src/serve/run-qwen-serve.test.ts:8286:5
      at file:///root/verify/pr11071-r4/head/node_modules/@vitest/runner/dist/chunk-hooks.js:752:20
qwen serve: scrubbed inherited loader env vars from the daemon process; session subprocesses will not inherit them: npm_config_userconfig, npm_config_prefix, npm_config_node_gyp, npm_config_globalconfig, npm_config_init_module
2026-10-03T08:39:01.868Z [INFO] [DAEMON] projectMemoryScope=workspace projectMemoryScopeRaw=workspace projectMemoryScopeSource=default project memory scope resolved
2026-10-03T08:39:01.868Z [INFO] [DAEMON] removedKeys=npm_config_userconfig,npm_config_prefix,npm_config_node_gyp,npm_config_globalconfig,npm_config_init_module scrubbed inherited loader env vars from the daemon process; session subprocesses will not inherit them
qwen serve: daemon log → /tmp/qws-rt-2Gakwg/debug/daemon/daemon.log
qwen serve: Web Shell UI served from /root/verify/pr11071-r4/head/packages/web-shell/dist
2026-10-03T08:39:01.870Z [INFO] [DAEMON] ideEnvPresent=false primary=/tmp/qws-rt-2Gakwg secondary= daemon workspace roots initialized
2026-10-03T08:39:01.878Z [WARN] [DAEMON] session-pr-refresh load failed: [vitest] There was an error when mocking a module. If you are using "vi.mock" factory, make sure there are no top level variables inside, since this call is hoisted to top of the file. Read more: https://vitest.dev/api/vi.html#vi-mock
qwen serve listening on http://127.0.0.1:34691 (mode=http-bridge, workspace=/tmp/qws-rt-2Gakwg)
qwen serve: bound to workspace "/tmp/qws-rt-2Gakwg"
qwen serve: startup timing: processToListenMs=15275 runQwenServeToListenMs=13
qwen serve: trusted loopback mode; local callers have full API access without bearer authentication, including code execution as the daemon user. Use --require-auth with QWEN_SERVER_TOKEN on shared or untrusted hosts.
qwen serve: /acp WebSocket transport enabled on /acp
2026-10-03T08:39:01.879Z [INFO] [DAEMON] daemon stopped
qwen serve: scrubbed inherited loader env vars from the daemon process; session subprocesses will not inherit them: npm_config_userconfig, npm_config_prefix, npm_config_node_gyp, npm_config_globalconfig, npm_config_init_module
2026-10-03T08:39:01.882Z [INFO] [DAEMON] projectMemoryScope=workspace projectMemoryScopeRaw=workspace projectMemoryScopeSource=default project memory scope resolved
2026-10-03T08:39:01.882Z [INFO] [DAEMON] removedKeys=npm_config_userconfig,npm_config_prefix,npm_config_node_gyp,npm_config_globalconfig,npm_config_init_module scrubbed inherited loader env vars from the daemon process; session subprocesses will not inherit them
qwen serve: daemon log → /tmp/qws-rt-QrHtLB/debug/daemon/daemon.log
qwen serve: Web Shell UI served from /root/verify/pr11071-r4/head/packages/web-shell/dist
2026-10-03T08:39:01.884Z [INFO] [DAEMON] ideEnvPresent=false primary=/tmp/qws-rt-QrHtLB secondary= daemon workspace roots initialized
2026-10-03T08:39:01.891Z [WARN] [DAEMON] session-pr-refresh load failed: [vitest] There was an error when mocking a module. If you are using "vi.mock" factory, make sure there are no top level variables inside, since this call is hoisted to top of the file. Read more: https://vitest.dev/api/vi.html#vi-mock
qwen serve listening on http://127.0.0.1:41387 (mode=http-bridge, workspace=/tmp/qws-rt-QrHtLB)
qwen serve: bound to workspace "/tmp/qws-rt-QrHtLB"
qwen serve: startup timing: processToListenMs=15287 runQwenServeToListenMs=10
qwen serve: trusted loopback mode; local callers have full API access without bearer authentication, including code execution as the daemon user. Use --require-auth with QWEN_SERVER_TOKEN on shared or untrusted hosts.
qwen serve: /acp WebSocket transport enabled on /acp
2026-10-03T08:39:01.891Z [INFO] [DAEMON] daemon stopped
qwen serve: scrubbed inherited loader env vars from the daemon process; session subprocesses will not inherit them: npm_config_userconfig, npm_config_prefix, npm_config_node_gyp, npm_config_globalconfig, npm_config_init_module
2026-10-03T08:39:01.896Z [INFO] [DAEMON] projectMemoryScope=workspace projectMemoryScopeRaw=workspace projectMemoryScopeSource=default project memory scope resolved
2026-10-03T08:39:01.896Z [INFO] [DAEMON] removedKeys=npm_config_userconfig,npm_config_prefix,npm_config_node_gyp,npm_config_globalconfig,npm_config_init_module scrubbed inherited loader env vars from the daemon process; session subprocesses will not inherit them
qwen serve: daemon log → /tmp/qws-rt-5JBejW/debug/daemon/daemon.log
qwen serve: Web Shell UI served from /root/verify/pr11071-r4/head/packages/web-shell/dist
2026-10-03T08:39:01.898Z [INFO] [DAEMON] ideEnvPresent=false primary=/tmp/qws-rt-5JBejW secondary= daemon workspace roots initialized
2026-10-03T08:39:01.905Z [WARN] [DAEMON] session-pr-refresh load failed: [vitest] There was an error when mocking a module. If you are using "vi.mock" factory, make sure there are no top level variables inside, since this call is hoisted to top of the file. Read more: https://vitest.dev/api/vi.html#vi-mock
qwen serve listening on http://127.0.0.1:44713 (mode=http-bridge, workspace=/tmp/qws-rt-5JBejW)
qwen serve: bound to workspace "/tmp/qws-rt-5JBejW"
qwen serve: startup timing: processToListenMs=15301 runQwenServeToListenMs=11
qwen serve: trusted loopback mode; local callers have full API access without bearer authentication, including code execution as the daemon user. Use --require-auth with QWEN_SERVER_TOKEN on shared or untrusted hosts.
qwen serve: /acp WebSocket transport enabled on /acp
2026-10-03T08:39:01.905Z [INFO] [DAEMON] daemon stopped
qwen serve: scrubbed inherited loader env vars from the daemon process; session subprocesses will not inherit them: npm_config_userconfig, npm_config_prefix, npm_config_node_gyp, npm_config_globalconfig, npm_config_init_module
2026-10-03T08:39:01.911Z [INFO] [DAEMON] projectMemoryScope=workspace projectMemoryScopeRaw=workspace projectMemoryScopeSource=default project memory scope resolved
2026-10-03T08:39:01.911Z [INFO] [DAEMON] removedKeys=npm_config_userconfig,npm_config_prefix,npm_config_node_gyp,npm_config_globalconfig,npm_config_init_module scrubbed inherited loader env vars from the daemon process; session subprocesses will not inherit them
qwen serve: daemon log → /tmp/qws-run-serve-tests-3G3ZdQ/debug/daemon/daemon.log
qwen serve listening on http://127.0.0.1:40295 (mode=http-bridge, workspace=/tmp/qws-runtime-trust-race-EIq9E7)
qwen serve: bound to workspace "/tmp/qws-runtime-trust-race-EIq9E7"
qwen serve: startup timing: processToListenMs=15307 runQwenServeToListenMs=4
qwen serve: trusted loopback mode; local callers have full API access without bearer authentication, including code execution as the daemon user. Use --require-auth with QWEN_SERVER_TOKEN on shared or untrusted hosts.
2026-10-03T08:39:01.912Z [WARN] [DAEMON] workspace=/tmp/qws-runtime-trust-race-EIq9E7 workspace file writes are disabled because the bound workspace is not trusted
2026-10-03T08:39:01.913Z [INFO] [DAEMON] ideEnvPresent=false primary=/tmp/qws-runtime-trust-race-EIq9E7 secondary= daemon workspace roots initialized
2026-10-03T08:39:01.917Z [WARN] [DAEMON] session-pr-refresh load failed: [vitest] There was an error when mocking a module. If you are using "vi.mock" factory, make sure there are no top level variables inside, since this call is hoisted to top of the file. Read more: https://vitest.dev/api/vi.html#vi-mock
qwen serve: /acp WebSocket transport enabled on /acp
2026-10-03T08:39:01.920Z [INFO] [DAEMON] daemon stopped
qwen serve: scrubbed inherited loader env vars from the daemon process; session subprocesses will not inherit them: npm_config_userconfig, npm_config_prefix, npm_config_node_gyp, npm_config_globalconfig, npm_config_init_module
2026-10-03T08:39:01.926Z [INFO] [DAEMON] projectMemoryScope=workspace projectMemoryScopeRaw=workspace projectMemoryScopeSource=default project memory scope resolved
2026-10-03T08:39:01.926Z [INFO] [DAEMON] removedKeys=npm_config_userconfig,npm_config_prefix,npm_config_node_gyp,npm_config_globalconfig,npm_config_init_module scrubbed inherited loader env vars from the daemon process; session subprocesses will not inherit them
qwen serve: daemon log → /tmp/qws-run-serve-tests-3G3ZdQ/debug/daemon/daemon.log
qwen serve listening on http://127.0.0.1:38797 (mode=http-bridge, workspace=/tmp/qws-runtime-trust-blocked-lVXe8D)
qwen serve: bound to workspace "/tmp/qws-runtime-trust-blocked-lVXe8D"
qwen serve: startup timing: processToListenMs=15322 runQwenServeToListenMs=3
qwen serve: trusted loopback mode; local callers have full API access without bearer authentication, including code execution as the daemon user. Use --require-auth with QWEN_SERVER_TOKEN on shared or untrusted hosts.
2026-10-03T08:39:01.927Z [INFO] [DAEMON] ideEnvPresent=false primary=/tmp/qws-runtime-trust-blocked-lVXe8D secondary= daemon workspace roots initialized
2026-10-03T08:39:01.935Z [WARN] [DAEMON] session-pr-refresh load failed: [vitest] There was an error when mocking a module. If you are using "vi.mock" factory, make sure there are no top level variables inside, since this call is hoisted to top of the file. Read more: https://vitest.dev/api/vi.html#vi-mock
qwen serve: /acp WebSocket transport enabled on /acp
2026-10-03T08:39:01.937Z [ERROR] [DAEMON] workspace trust reconciliation failed for /tmp/qws-runtime-trust-blocked-lVXe8D
  Error: replacement failed
      at Object.<anonymous> (/root/verify/pr11071-r4/head/packages/cli/src/serve/run-qwen-serve.test.ts:8488:15)
      at Object.mockCall (file:///root/verify/pr11071-r4/head/node_modules/@vitest/spy/dist/index.js:96:15)
      at Object.createAcpSessionBridge (file:///root/verify/pr11071-r4/head/node_modules/tinyspy/dist/index.js:47:103)
      at createDynamicWorkspaceRuntime (/root/verify/pr11071-r4/head/packages/cli/src/serve/run-qwen-serve.ts:7426:28)
      at Object.buildRuntime (/root/verify/pr11071-r4/head/packages/cli/src/serve/run-qwen-serve.ts:8630:18)
      at replace (/root/verify/pr11071-r4/head/packages/cli/src/serve/workspace-trust-reconciler.ts:133:37)
      at applySnapshot (/root/verify/pr11071-r4/head/packages/cli/src/serve/workspace-trust-reconciler.ts:316:7)
      at drain (/root/verify/pr11071-r4/head/packages/cli/src/serve/workspace-trust-reconciler.ts:324:7)
      at PathMutexRegistry.runExclusive (/root/verify/pr11071-r4/head/packages/cli/src/serve/fs/path-mutex-registry.ts:20:14)
      at drain (/root/verify/pr11071-r4/head/packages/cli/src/config/daemon-trust-policy-monitor.ts:59:11)
2026-10-03T08:39:01.986Z [INFO] [DAEMON] daemon stopped
qwen serve: scrubbed inherited loader env vars from the daemon process; session subprocesses will not inherit them: npm_config_userconfig, npm_config_prefix, npm_config_node_gyp, npm_config_globalconfig, npm_config_init_module
2026-10-03T08:39:01.991Z [INFO] [DAEMON] projectMemoryScope=workspace projectMemoryScopeRaw=workspace projectMemoryScopeSource=default project memory scope resolved
2026-10-03T08:39:01.991Z [INFO] [DAEMON] removedKeys=npm_config_userconfig,npm_config_prefix,npm_config_node_gyp,npm_config_globalconfig,npm_config_init_module scrubbed inherited loader env vars from the daemon process; session subprocesses will not inherit them
qwen serve: daemon log → /tmp/qws-run-serve-tests-3G3ZdQ/debug/daemon/daemon.log
qwen serve listening on http://127.0.0.1:41617 (mode=http-bridge, workspace=/tmp/qws-runtime-acp-cleanup-nPgE6O)
qwen serve: bound to workspace "/tmp/qws-runtime-acp-cleanup-nPgE6O"
qwen serve: startup timing: processToListenMs=15388 runQwenServeToListenMs=3
qwen serve: trusted loopback mode; local callers have full API access without bearer authentication, including code execution as the daemon user. Use --require-auth with QWEN_SERVER_TOKEN on shared or untrusted hosts.
2026-10-03T08:39:01.993Z [INFO] [DAEMON] ideEnvPresent=false primary=/tmp/qws-runtime-acp-cleanup-nPgE6O secondary= daemon workspace roots initialized
2026-10-03T08:39:02.002Z [WARN] [DAEMON] session-pr-refresh load failed: [vitest] There was an error when mocking a module. If you are using "vi.mock" factory, make sure there are no top level variables inside, since this call is hoisted to top of the file. Read more: https://vitest.dev/api/vi.html#vi-mock
qwen serve: /acp WebSocket transport enabled on /acp
2026-10-03T08:39:02.002Z [ERROR] [DAEMON] workspace trust reconciliation failed for /tmp/qws-runtime-acp-cleanup-nPgE6O
  AggregateError: Workspace bridge shutdown could not be confirmed.
      at /root/verify/pr11071-r4/head/packages/cli/src/serve/run-qwen-serve.ts:8186:25
2026-10-03T08:39:02.052Z [INFO] [DAEMON] daemon stopped
qwen serve: scrubbed inherited loader env vars from the daemon process; session subprocesses will not inherit them: npm_config_userconfig, npm_config_prefix, npm_config_node_gyp, npm_config_globalconfig, npm_config_init_module
2026-10-03T08:39:02.057Z [INFO] [DAEMON] projectMemoryScope=workspace projectMemoryScopeRaw=workspace projectMemoryScopeSource=default project memory scope resolved
2026-10-03T08:39:02.057Z [INFO] [DAEMON] removedKeys=npm_config_userconfig,npm_config_prefix,npm_config_node_gyp,npm_config_globalconfig,npm_config_init_module scrubbed inherited loader env vars from the daemon process; session subprocesses will not inherit them
qwen serve: daemon log → /tmp/qws-run-serve-tests-3G3ZdQ/debug/daemon/daemon.log
qwen serve listening on http://127.0.0.1:45307 (mode=http-bridge, workspace=/tmp/qws-runtime-fail-mP68Sh)
qwen serve: bound to workspace "/tmp/qws-runtime-fail-mP68Sh"
qwen serve: startup timing: processToListenMs=15454 runQwenServeToListenMs=3
qwen serve: trusted loopback mode; local callers have full API access without bearer authentication, including code execution as the daemon user. Use --require-auth with QWEN_SERVER_TOKEN on shared or untrusted hosts.
2026-10-03T08:39:02.059Z [INFO] [DAEMON] ideEnvPresent=false primary=/tmp/qws-runtime-fail-mP68Sh secondary= daemon workspace roots initialized
qwen serve: runtime startup failed: runtime boom
2026-10-03T08:39:02.060Z [ERROR] [DAEMON] runtime startup failed
  Error: runtime boom
      at Object.<anonymous> (/root/verify/pr11071-r4/head/packages/cli/src/serve/run-qwen-serve.test.ts:8606:13)
      at Object.mockCall (file:///root/verify/pr11071-r4/head/node_modules/@vitest/spy/dist/index.js:96:15)
      at Object.createAcpSessionBridge (file:///root/verify/pr11071-r4/head/node_modules/tinyspy/dist/index.js:47:103)
      at buildRuntime (/root/verify/pr11071-r4/head/packages/cli/src/serve/run-qwen-serve.ts:6114:15)
2026-10-03T08:39:02.060Z [ERROR] [DAEMON] daemon startup failed
  Error: runtime boom
      at Object.<anonymous> (/root/verify/pr11071-r4/head/packages/cli/src/serve/run-qwen-serve.test.ts:8606:13)
      at Object.mockCall (file:///root/verify/pr11071-r4/head/node_modules/@vitest/spy/dist/index.js:96:15)
      at Object.createAcpSessionBridge (file:///root/verify/pr11071-r4/head/node_modules/tinyspy/dist/index.js:47:103)
      at buildRuntime (/root/verify/pr11071-r4/head/packages/cli/src/serve/run-qwen-serve.ts:6114:15)
qwen serve: scrubbed inherited loader env vars from the daemon process; session subprocesses will not inherit them: npm_config_userconfig, npm_config_prefix, npm_config_node_gyp, npm_config_globalconfig, npm_config_init_module
2026-10-03T08:39:02.065Z [INFO] [DAEMON] projectMemoryScope=workspace projectMemoryScopeRaw=workspace projectMemoryScopeSource=default project memory scope resolved
2026-10-03T08:39:02.065Z [INFO] [DAEMON] removedKeys=npm_config_userconfig,npm_config_prefix,npm_config_node_gyp,npm_config_globalconfig,npm_config_init_module scrubbed inherited loader env vars from the daemon process; session subprocesses will not inherit them
qwen serve: daemon log → /tmp/qws-run-serve-tests-3G3ZdQ/debug/daemon/daemon.log
qwen serve listening on http://127.0.0.1:46575 (mode=http-bridge, workspace=/tmp/qws-runtime-fail-close-haIz7F)
qwen serve: bound to workspace "/tmp/qws-runtime-fail-close-haIz7F"
qwen serve: startup timing: processToListenMs=15461 runQwenServeToListenMs=2
qwen serve: trusted loopback mode; local callers have full API access without bearer authentication, including code execution as the daemon user. Use --require-auth with QWEN_SERVER_TOKEN on shared or untrusted hosts.
2026-10-03T08:39:02.067Z [INFO] [DAEMON] ideEnvPresent=false primary=/tmp/qws-runtime-fail-close-haIz7F secondary= daemon workspace roots initialized
qwen serve: runtime startup failed: runtime boom
2026-10-03T08:39:02.068Z [ERROR] [DAEMON] runtime startup failed
  Error: runtime boom
      at Object.<anonymous> (/root/verify/pr11071-r4/head/packages/cli/src/serve/run-qwen-serve.test.ts:8627:13)
      at Object.mockCall (file:///root/verify/pr11071-r4/head/node_modules/@vitest/spy/dist/index.js:96:15)
      at Object.createAcpSessionBridge (file:///root/verify/pr11071-r4/head/node_modules/tinyspy/dist/index.js:47:103)
      at buildRuntime (/root/verify/pr11071-r4/head/packages/cli/src/serve/run-qwen-serve.ts:6114:15)
2026-10-03T08:39:02.068Z [ERROR] [DAEMON] daemon startup failed
  Error: runtime boom
      at Object.<anonymous> (/root/verify/pr11071-r4/head/packages/cli/src/serve/run-qwen-serve.test.ts:8627:13)
      at Object.mockCall (file:///root/verify/pr11071-r4/head/node_modules/@vitest/spy/dist/index.js:96:15)
      at Object.createAcpSessionBridge (file:///root/verify/pr11071-r4/head/node_modules/tinyspy/dist/index.js:47:103)
      at buildRuntime (/root/verify/pr11071-r4/head/packages/cli/src/serve/run-qwen-serve.ts:6114:15)
qwen serve: scrubbed inherited loader env vars from the daemon process; session subprocesses will not inherit them: npm_config_userconfig, npm_config_prefix, npm_config_node_gyp, npm_config_globalconfig, npm_config_init_module
qwen serve: --allow-origin: chrome-extension://qwen-test-extension (WARNING: these browser origins receive full API authority without a bearer token in trusted loopback mode and can execute code as the daemon user)
2026-10-03T08:39:02.074Z [INFO] [DAEMON] projectMemoryScope=workspace projectMemoryScopeRaw=workspace projectMemoryScopeSource=default project memory scope resolved
2026-10-03T08:39:02.074Z [INFO] [DAEMON] removedKeys=npm_config_userconfig,npm_config_prefix,npm_config_node_gyp,npm_config_globalconfig,npm_config_init_module scrubbed inherited loader env vars from the daemon process; session subprocesses will not inherit them
qwen serve: daemon log → /tmp/qws-run-serve-tests-3G3ZdQ/debug/daemon/daemon.log
qwen serve listening on http://127.0.0.1:35133 (mode=http-bridge, workspace=/tmp/qws-runtime-fail-JLnCN9)
qwen serve: bound to workspace "/tmp/qws-runtime-fail-JLnCN9"
qwen serve: startup timing: processToListenMs=15470 runQwenServeToListenMs=3
qwen serve: trusted loopback mode; local callers have full API access without bearer authentication, including code execution as the daemon user. Use --require-auth with QWEN_SERVER_TOKEN on shared or untrusted hosts.
2026-10-03T08:39:02.076Z [INFO] [DAEMON] ideEnvPresent=false primary=/tmp/qws-runtime-fail-JLnCN9 secondary= daemon workspace roots initialized
qwen serve: runtime startup failed: runtime boom
2026-10-03T08:39:02.077Z [ERROR] [DAEMON] runtime startup failed
  Error: runtime boom
      at Object.<anonymous> (/root/verify/pr11071-r4/head/packages/cli/src/serve/run-qwen-serve.test.ts:8340:13)
      at Object.mockCall (file:///root/verify/pr11071-r4/head/node_modules/@vitest/spy/dist/index.js:96:15)
      at Object.createAcpSessionBridge (file:///root/verify/pr11071-r4/head/node_modules/tinyspy/dist/index.js:47:103)
      at buildRuntime (/root/verify/pr11071-r4/head/packages/cli/src/serve/run-qwen-serve.ts:6114:15)
2026-10-03T08:39:02.079Z [INFO] [DAEMON] daemon stopped
qwen serve: scrubbed inherited loader env vars from the daemon process; session subprocesses will not inherit them: npm_config_userconfig, npm_config_prefix, npm_config_node_gyp, npm_config_globalconfig, npm_config_init_module
qwen serve: --allow-origin: chrome-extension://qwen-test-extension (WARNING: these browser origins receive full API authority without a bearer token in trusted loopback mode and can execute code as the daemon user)
2026-10-03T08:39:02.085Z [INFO] [DAEMON] projectMemoryScope=workspace projectMemoryScopeRaw=workspace projectMemoryScopeSource=default project memory scope resolved
2026-10-03T08:39:02.085Z [INFO] [DAEMON] removedKeys=npm_config_userconfig,npm_config_prefix,npm_config_node_gyp,npm_config_globalconfig,npm_config_init_module scrubbed inherited loader env vars from the daemon process; session subprocesses will not inherit them
qwen serve: daemon log → /tmp/qws-run-serve-tests-3G3ZdQ/debug/daemon/daemon.log
qwen serve listening on http://127.0.0.1:38431 (mode=http-bridge, workspace=/tmp/qws-runtime-fail-KCoTBd)
qwen serve: bound to workspace "/tmp/qws-runtime-fail-KCoTBd"
qwen serve: startup timing: processToListenMs=15482 runQwenServeToListenMs=4
qwen serve: trusted loopback mode; local callers have full API access without bearer authentication, including code execution as the daemon user. Use --require-auth with QWEN_SERVER_TOKEN on shared or untrusted hosts.
2026-10-03T08:39:02.088Z [INFO] [DAEMON] ideEnvPresent=false primary=/tmp/qws-runtime-fail-KCoTBd secondary= daemon workspace roots initialized
qwen serve: runtime startup failed: runtime boom
2026-10-03T08:39:02.088Z [ERROR] [DAEMON] runtime startup failed
  Error: runtime boom
      at Object.<anonymous> (/root/verify/pr11071-r4/head/packages/cli/src/serve/run-qwen-serve.test.ts:8340:13)
      at Object.mockCall (file:///root/verify/pr11071-r4/head/node_modules/@vitest/spy/dist/index.js:96:15)
      at Object.createAcpSessionBridge (file:///root/verify/pr11071-r4/head/node_modules/tinyspy/dist/index.js:47:103)
      at buildRuntime (/root/verify/pr11071-r4/head/packages/cli/src/serve/run-qwen-serve.ts:6114:15)
2026-10-03T08:39:02.090Z [INFO] [DAEMON] daemon stopped
qwen serve: scrubbed inherited loader env vars from the daemon process; session subprocesses will not inherit them: npm_config_userconfig, npm_config_prefix, npm_config_node_gyp, npm_config_globalconfig, npm_config_init_module
qwen serve: --allow-origin: chrome-extension://qwen-test-extension (WARNING: these browser origins receive full API authority without a bearer token in trusted loopback mode and can execute code as the daemon user)
2026-10-03T08:39:02.094Z [INFO] [DAEMON] projectMemoryScope=workspace projectMemoryScopeRaw=workspace projectMemoryScopeSource=default project memory scope resolved
2026-10-03T08:39:02.094Z [INFO] [DAEMON] removedKeys=npm_config_userconfig,npm_config_prefix,npm_config_node_gyp,npm_config_globalconfig,npm_config_init_module scrubbed inherited loader env vars from the daemon process; session subprocesses will not inherit them
qwen serve: daemon log → /tmp/qws-run-serve-tests-3G3ZdQ/debug/daemon/daemon.log
qwen serve listening on http://127.0.0.1:33575 (mode=http-bridge, workspace=/tmp/qws-runtime-fail-msnDHL)
qwen serve: bound to workspace "/tmp/qws-runtime-fail-msnDHL"
qwen serve: startup timing: processToListenMs=15491 runQwenServeToListenMs=2
qwen serve: trusted loopback mode; local callers have full API access without bearer authentication, including code execution as the daemon user. Use --require-auth with QWEN_SERVER_TOKEN on shared or untrusted hosts.
2026-10-03T08:39:02.096Z [INFO] [DAEMON] ideEnvPresent=false primary=/tmp/qws-runtime-fail-msnDHL secondary= daemon workspace roots initialized
qwen serve: runtime startup failed: runtime boom
2026-10-03T08:39:02.097Z [ERROR] [DAEMON] runtime startup failed
  Error: runtime boom
      at Object.<anonymous> (/root/verify/pr11071-r4/head/packages/cli/src/serve/run-qwen-serve.test.ts:8340:13)
      at Object.mockCall (file:///root/verify/pr11071-r4/head/node_modules/@vitest/spy/dist/index.js:96:15)
      at Object.createAcpSessionBridge (file:///root/verify/pr11071-r4/head/node_modules/tinyspy/dist/index.js:47:103)
      at buildRuntime (/root/verify/pr11071-r4/head/packages/cli/src/serve/run-qwen-serve.ts:6114:15)
2026-10-03T08:39:02.098Z [INFO] [DAEMON] daemon stopped
qwen serve: scrubbed inherited loader env vars from the daemon process; session subprocesses will not inherit them: npm_config_userconfig, npm_config_prefix, npm_config_node_gyp, npm_config_globalconfig, npm_config_init_module
qwen serve: --allow-origin: chrome-extension://qwen-test-extension (WARNING: these browser origins receive full API authority without a bearer token in trusted loopback mode and can execute code as the daemon user)
2026-10-03T08:39:02.102Z [INFO] [DAEMON] projectMemoryScope=workspace projectMemoryScopeRaw=workspace projectMemoryScopeSource=default project memory scope resolved
2026-10-03T08:39:02.102Z [INFO] [DAEMON] removedKeys=npm_config_userconfig,npm_config_prefix,npm_config_node_gyp,npm_config_globalconfig,npm_config_init_module scrubbed inherited loader env vars from the daemon process; session subprocesses will not inherit them
qwen serve: daemon log → /tmp/qws-run-serve-tests-3G3ZdQ/debug/daemon/daemon.log
qwen serve listening on http://127.0.0.1:45125 (mode=http-bridge, workspace=/tmp/qws-runtime-fail-lmLBE6)
qwen serve: bound to workspace "/tmp/qws-runtime-fail-lmLBE6"
qwen serve: startup timing: processToListenMs=15498 runQwenServeToListenMs=2
qwen serve: trusted loopback mode; local callers have full API access without bearer authentication, including code execution as the daemon user. Use --require-auth with QWEN_SERVER_TOKEN on shared or untrusted hosts.
2026-10-03T08:39:02.104Z [INFO] [DAEMON] ideEnvPresent=false primary=/tmp/qws-runtime-fail-lmLBE6 secondary= daemon workspace roots initialized
qwen serve: runtime startup failed: runtime boom
2026-10-03T08:39:02.105Z [ERROR] [DAEMON] runtime startup failed
  Error: runtime boom
      at Object.<anonymous> (/root/verify/pr11071-r4/head/packages/cli/src/serve/run-qwen-serve.test.ts:8340:13)
      at Object.mockCall (file:///root/verify/pr11071-r4/head/node_modules/@vitest/spy/dist/index.js:96:15)
      at Object.createAcpSessionBridge (file:///root/verify/pr11071-r4/head/node_modules/tinyspy/dist/index.js:47:103)
      at buildRuntime (/root/verify/pr11071-r4/head/packages/cli/src/serve/run-qwen-serve.ts:6114:15)
2026-10-03T08:39:02.106Z [INFO] [DAEMON] daemon stopped
qwen serve: scrubbed inherited loader env vars from the daemon process; session subprocesses will not inherit them: npm_config_userconfig, npm_config_prefix, npm_config_node_gyp, npm_config_globalconfig, npm_config_init_module
qwen serve: --allow-origin: chrome-extension://qwen-test-extension (WARNING: these browser origins receive full API authority without a bearer token in trusted loopback mode and can execute code as the daemon user)
2026-10-03T08:39:02.110Z [INFO] [DAEMON] projectMemoryScope=workspace projectMemoryScopeRaw=workspace projectMemoryScopeSource=default project memory scope resolved
2026-10-03T08:39:02.110Z [INFO] [DAEMON] removedKeys=npm_config_userconfig,npm_config_prefix,npm_config_node_gyp,npm_config_globalconfig,npm_config_init_module scrubbed inherited loader env vars from the daemon process; session subprocesses will not inherit them
qwen serve: daemon log → /tmp/qws-run-serve-tests-3G3ZdQ/debug/daemon/daemon.log
qwen serve listening on http://127.0.0.1:44067 (mode=http-bridge, workspace=/tmp/qws-runtime-fail-dcJbth)
qwen serve: bound to workspace "/tmp/qws-runtime-fail-dcJbth"
qwen serve: startup timing: processToListenMs=15506 runQwenServeToListenMs=2
qwen serve: trusted loopback mode; local callers have full API access without bearer authentication, including code execution as the daemon user. Use --require-auth with QWEN_SERVER_TOKEN on shared or untrusted hosts.
qwen serve: client-hosted MCP tools are accepted over the WebSocket without auth. Set QWEN_SERVE_CLIENT_MCP_OVER_WS=0 to disable.
2026-10-03T08:39:02.112Z [INFO] [DAEMON] ideEnvPresent=false primary=/tmp/qws-runtime-fail-dcJbth secondary= daemon workspace roots initialized
qwen serve: runtime startup failed: runtime boom
2026-10-03T08:39:02.112Z [ERROR] [DAEMON] runtime startup failed
  Error: runtime boom
      at Object.<anonymous> (/root/verify/pr11071-r4/head/packages/cli/src/serve/run-qwen-serve.test.ts:8340:13)
      at Object.mockCall (file:///root/verify/pr11071-r4/head/node_modules/@vitest/spy/dist/index.js:96:15)
      at Object.createAcpSessionBridge (file:///root/verify/pr11071-r4/head/node_modules/tinyspy/dist/index.js:47:103)
      at buildRuntime (/root/verify/pr11071-r4/head/packages/cli/src/serve/run-qwen-serve.ts:6114:15)
2026-10-03T08:39:02.114Z [INFO] [DAEMON] daemon stopped
qwen serve: scrubbed inherited loader env vars from the daemon process; session subprocesses will not inherit them: npm_config_userconfig, npm_config_prefix, npm_config_node_gyp, npm_config_globalconfig, npm_config_init_module
qwen serve: --allow-origin: chrome-extension://qwen-test-extension (WARNING: these browser origins receive full API authority without a bearer token in trusted loopback mode and can execute code as the daemon user)
2026-10-03T08:39:02.118Z [INFO] [DAEMON] projectMemoryScope=workspace projectMemoryScopeRaw=workspace projectMemoryScopeSource=default project memory scope resolved
2026-10-03T08:39:02.118Z [INFO] [DAEMON] removedKeys=npm_config_userconfig,npm_config_prefix,npm_config_node_gyp,npm_config_globalconfig,npm_config_init_module scrubbed inherited loader env vars from the daemon process; session subprocesses will not inherit them
qwen serve: daemon log → /tmp/qws-run-serve-tests-3G3ZdQ/debug/daemon/daemon.log
qwen serve listening on http://127.0.0.1:38877 (mode=http-bridge, workspace=/tmp/qws-runtime-fail-mPrh0T)
qwen serve: bound to workspace "/tmp/qws-runtime-fail-mPrh0T"
qwen serve: startup timing: processToListenMs=15514 runQwenServeToListenMs=3
qwen serve: trusted loopback mode; local callers have full API access without bearer authentication, including code execution as the daemon user. Use --require-auth with QWEN_SERVER_TOKEN on shared or untrusted hosts.
qwen serve: client-hosted MCP tools are accepted over the WebSocket without auth. Set QWEN_SERVE_CLIENT_MCP_OVER_WS=0 to disable.
2026-10-03T08:39:02.121Z [INFO] [DAEMON] ideEnvPresent=false primary=/tmp/qws-runtime-fail-mPrh0T secondary= daemon workspace roots initialized
qwen serve: runtime startup failed: runtime boom
2026-10-03T08:39:02.121Z [ERROR] [DAEMON] runtime startup failed
  Error: runtime boom
      at Object.<anonymous> (/root/verify/pr11071-r4/head/packages/cli/src/serve/run-qwen-serve.test.ts:8340:13)
      at Object.mockCall (file:///root/verify/pr11071-r4/head/node_modules/@vitest/spy/dist/index.js:96:15)
      at Object.createAcpSessionBridge (file:///root/verify/pr11071-r4/head/node_modules/tinyspy/dist/index.js:47:103)
      at buildRuntime (/root/verify/pr11071-r4/head/packages/cli/src/serve/run-qwen-serve.ts:6114:15)
2026-10-03T08:39:02.125Z [INFO] [DAEMON] daemon stopped
qwen serve: scrubbed inherited loader env vars from the daemon process; session subprocesses will not inherit them: npm_config_userconfig, npm_config_prefix, npm_config_node_gyp, npm_config_globalconfig, npm_config_init_module
qwen serve: --allow-origin: chrome-extension://qwen-test-extension (WARNING: these browser origins receive full API authority without a bearer token in trusted loopback mode and can execute code as the daemon user)
2026-10-03T08:39:02.129Z [INFO] [DAEMON] projectMemoryScope=workspace projectMemoryScopeRaw=workspace projectMemoryScopeSource=default project memory scope resolved
2026-10-03T08:39:02.129Z [INFO] [DAEMON] removedKeys=npm_config_userconfig,npm_config_prefix,npm_config_node_gyp,npm_config_globalconfig,npm_config_init_module scrubbed inherited loader env vars from the daemon process; session subprocesses will not inherit them
qwen serve: daemon log → /tmp/qws-run-serve-tests-3G3ZdQ/debug/daemon/daemon.log
qwen serve listening on http://127.0.0.1:39507 (mode=http-bridge, workspace=/tmp/qws-runtime-fail-kbbxju)
qwen serve: bound to workspace "/tmp/qws-runtime-fail-kbbxju"
qwen serve: startup timing: processToListenMs=15526 runQwenServeToListenMs=3
qwen serve: trusted loopback mode; local callers have full API access without bearer authentication, including code execution as the daemon user. Use --require-auth with QWEN_SERVER_TOKEN on shared or untrusted hosts.
qwen serve: client-hosted MCP tools are accepted over the WebSocket without auth. Set QWEN_SERVE_CLIENT_MCP_OVER_WS=0 to disable.
2026-10-03T08:39:02.132Z [INFO] [DAEMON] ideEnvPresent=false primary=/tmp/qws-runtime-fail-kbbxju secondary= daemon workspace roots initialized
qwen serve: runtime startup failed: runtime boom
2026-10-03T08:39:02.132Z [ERROR] [DAEMON] runtime startup failed
  Error: runtime boom
      at Object.<anonymous> (/root/verify/pr11071-r4/head/packages/cli/src/serve/run-qwen-serve.test.ts:8340:13)
      at Object.mockCall (file:///root/verify/pr11071-r4/head/node_modules/@vitest/spy/dist/index.js:96:15)
      at Object.createAcpSessionBridge (file:///root/verify/pr11071-r4/head/node_modules/tinyspy/dist/index.js:47:103)
      at buildRuntime (/root/verify/pr11071-r4/head/packages/cli/src/serve/run-qwen-serve.ts:6114:15)
2026-10-03T08:39:02.134Z [INFO] [DAEMON] daemon stopped
qwen serve: scrubbed inherited loader env vars from the daemon process; session subprocesses will not inherit them: npm_config_userconfig, npm_config_prefix, npm_config_node_gyp, npm_config_globalconfig, npm_config_init_module
qwen serve: --allow-origin: chrome-extension://qwen-test-extension (WARNING: these browser origins receive full API authority without a bearer token in trusted loopback mode and can execute code as the daemon user)
2026-10-03T08:39:02.137Z [INFO] [DAEMON] projectMemoryScope=workspace projectMemoryScopeRaw=workspace projectMemoryScopeSource=default project memory scope resolved
2026-10-03T08:39:02.137Z [INFO] [DAEMON] removedKeys=npm_config_userconfig,npm_config_prefix,npm_config_node_gyp,npm_config_globalconfig,npm_config_init_module scrubbed inherited loader env vars from the daemon process; session subprocesses will not inherit them
qwen serve: daemon log → /tmp/qws-run-serve-tests-3G3ZdQ/debug/daemon/daemon.log
qwen serve listening on http://127.0.0.1:44677 (mode=http-bridge, workspace=/tmp/qws-runtime-fail-JVpFdj)
qwen serve: bound to workspace "/tmp/qws-runtime-fail-JVpFdj"
qwen serve: startup timing: processToListenMs=15534 runQwenServeToListenMs=2
qwen serve: trusted loopback mode; local callers have full API access without bearer authentication, including code execution as the daemon user. Use --require-auth with QWEN_SERVER_TOKEN on shared or untrusted hosts.
2026-10-03T08:39:02.139Z [INFO] [DAEMON] ideEnvPresent=false primary=/tmp/qws-runtime-fail-JVpFdj secondary= daemon workspace roots initialized
qwen serve: runtime startup failed: runtime boom
2026-10-03T08:39:02.140Z [ERROR] [DAEMON] runtime startup failed
  Error: runtime boom
      at Object.<anonymous> (/root/verify/pr11071-r4/head/packages/cli/src/serve/run-qwen-serve.test.ts:8340:13)
      at Object.mockCall (file:///root/verify/pr11071-r4/head/node_modules/@vitest/spy/dist/index.js:96:15)
      at Object.createAcpSessionBridge (file:///root/verify/pr11071-r4/head/node_modules/tinyspy/dist/index.js:47:103)
      at buildRuntime (/root/verify/pr11071-r4/head/packages/cli/src/serve/run-qwen-serve.ts:6114:15)
2026-10-03T08:39:02.141Z [INFO] [DAEMON] daemon stopped
qwen serve: scrubbed inherited loader env vars from the daemon process; session subprocesses will not inherit them: npm_config_userconfig, npm_config_prefix, npm_config_node_gyp, npm_config_globalconfig, npm_config_init_module
qwen serve: --allow-origin: chrome-extension://qwen-test-extension (WARNING: these browser origins receive full API authority without a bearer token in trusted loopback mode and can execute code as the daemon user)
2026-10-03T08:39:02.145Z [INFO] [DAEMON] projectMemoryScope=workspace projectMemoryScopeRaw=workspace projectMemoryScopeSource=default project memory scope resolved
2026-10-03T08:39:02.145Z [INFO] [DAEMON] removedKeys=npm_config_userconfig,npm_config_prefix,npm_config_node_gyp,npm_config_globalconfig,npm_config_init_module scrubbed inherited loader env vars from the daemon process; session subprocesses will not inherit them
qwen serve: daemon log → /tmp/qws-run-serve-tests-3G3ZdQ/debug/daemon/daemon.log
qwen serve listening on http://127.0.0.1:33027 (mode=http-bridge, workspace=/tmp/qws-runtime-fail-HAMK3N)
qwen serve: bound to workspace "/tmp/qws-runtime-fail-HAMK3N"
qwen serve: startup timing: processToListenMs=15542 runQwenServeToListenMs=2
qwen serve: trusted loopback mode; local callers have full API access without bearer authentication, including code execution as the daemon user. Use --require-auth with QWEN_SERVER_TOKEN on shared or untrusted hosts.
2026-10-03T08:39:02.147Z [INFO] [DAEMON] ideEnvPresent=false primary=/tmp/qws-runtime-fail-HAMK3N secondary= daemon workspace roots initialized
qwen serve: runtime startup failed: runtime boom
2026-10-03T08:39:02.148Z [ERROR] [DAEMON] runtime startup failed
  Error: runtime boom
      at Object.<anonymous> (/root/verify/pr11071-r4/head/packages/cli/src/serve/run-qwen-serve.test.ts:8340:13)
      at Object.mockCall (file:///root/verify/pr11071-r4/head/node_modules/@vitest/spy/dist/index.js:96:15)
      at Object.createAcpSessionBridge (file:///root/verify/pr11071-r4/head/node_modules/tinyspy/dist/index.js:47:103)
      at buildRuntime (/root/verify/pr11071-r4/head/packages/cli/src/serve/run-qwen-serve.ts:6114:15)
2026-10-03T08:39:02.149Z [INFO] [DAEMON] daemon stopped
qwen serve: scrubbed inherited loader env vars from the daemon process; session subprocesses will not inherit them: npm_config_userconfig, npm_config_prefix, npm_config_node_gyp, npm_config_globalconfig, npm_config_init_module
qwen serve: --allow-origin: http://localhost:5173 (WARNING: these browser origins receive full API authority without a bearer token in trusted loopback mode and can execute code as the daemon user)
2026-10-03T08:39:02.153Z [INFO] [DAEMON] projectMemoryScope=workspace projectMemoryScopeRaw=workspace projectMemoryScopeSource=default project memory scope resolved
2026-10-03T08:39:02.153Z [INFO] [DAEMON] removedKeys=npm_config_userconfig,npm_config_prefix,npm_config_node_gyp,npm_config_globalconfig,npm_config_init_module scrubbed inherited loader env vars from the daemon process; session subprocesses will not inherit them
qwen serve: daemon log → /tmp/qws-run-serve-tests-3G3ZdQ/debug/daemon/daemon.log
qwen serve listening on http://127.0.0.1:45461 (mode=http-bridge, workspace=/tmp/qws-runtime-fail-9yaaVP)
qwen serve: bound to workspace "/tmp/qws-runtime-fail-9yaaVP"
qwen serve: startup timing: processToListenMs=15550 runQwenServeToListenMs=2
qwen serve: trusted loopback mode; local callers have full API access without bearer authentication, including code execution as the daemon user. Use --require-auth with QWEN_SERVER_TOKEN on shared or untrusted hosts.
2026-10-03T08:39:02.155Z [INFO] [DAEMON] ideEnvPresent=false primary=/tmp/qws-runtime-fail-9yaaVP secondary= daemon workspace roots initialized
qwen serve: runtime startup failed: runtime boom
2026-10-03T08:39:02.156Z [ERROR] [DAEMON] runtime startup failed
  Error: runtime boom
      at Object.<anonymous> (/root/verify/pr11071-r4/head/packages/cli/src/serve/run-qwen-serve.test.ts:8340:13)
      at Object.mockCall (file:///root/verify/pr11071-r4/head/node_modules/@vitest/spy/dist/index.js:96:15)
      at Object.createAcpSessionBridge (file:///root/verify/pr11071-r4/head/node_modules/tinyspy/dist/index.js:47:103)
      at buildRuntime (/root/verify/pr11071-r4/head/packages/cli/src/serve/run-qwen-serve.ts:6114:15)
2026-10-03T08:39:02.157Z [INFO] [DAEMON] daemon stopped
qwen serve: scrubbed inherited loader env vars from the daemon process; session subprocesses will not inherit them: npm_config_userconfig, npm_config_prefix, npm_config_node_gyp, npm_config_globalconfig, npm_config_init_module
qwen serve: --allow-origin: chrome-extension://qwen-test-extension (WARNING: these browser origins receive full API authority without a bearer token in trusted loopback mode and can execute code as the daemon user)
2026-10-03T08:39:02.164Z [INFO] [DAEMON] projectMemoryScope=workspace projectMemoryScopeRaw=workspace projectMemoryScopeSource=default project memory scope resolved
2026-10-03T08:39:02.164Z [INFO] [DAEMON] removedKeys=npm_config_userconfig,npm_config_prefix,npm_config_node_gyp,npm_config_globalconfig,npm_config_init_module scrubbed inherited loader env vars from the daemon process; session subprocesses will not inherit them
qwen serve: daemon log → /tmp/qws-run-serve-tests-3G3ZdQ/debug/daemon/daemon.log
qwen serve listening on http://127.0.0.1:44321 (mode=http-bridge, workspace=/tmp/qws-runtime-child-env-9sxDky)
qwen serve: bound to workspace "/tmp/qws-runtime-child-env-9sxDky"
qwen serve: startup timing: processToListenMs=15560 runQwenServeToListenMs=4
qwen serve: trusted loopback mode; local callers have full API access without bearer authentication, including code execution as the daemon user. Use --require-auth with QWEN_SERVER_TOKEN on shared or untrusted hosts.
2026-10-03T08:39:02.166Z [INFO] [DAEMON] ideEnvPresent=false primary=/tmp/qws-runtime-child-env-9sxDky secondary= daemon workspace roots initialized
2026-10-03T08:39:02.173Z [WARN] [DAEMON] session-pr-refresh load failed: [vitest] There was an error when mocking a module. If you are using "vi.mock" factory, make sure there are no top level variables inside, since this call is hoisted to top of the file. Read more: https://vitest.dev/api/vi.html#vi-mock
qwen serve: /acp WebSocket transport enabled on /acp
2026-10-03T08:39:02.178Z [INFO] [DAEMON] daemon stopped
qwen serve: scrubbed inherited loader env vars from the daemon process; session subprocesses will not inherit them: npm_config_userconfig, npm_config_prefix, npm_config_node_gyp, npm_config_globalconfig, npm_config_init_module
2026-10-03T08:39:02.182Z [INFO] [DAEMON] projectMemoryScope=workspace projectMemoryScopeRaw=workspace projectMemoryScopeSource=default project memory scope resolved
2026-10-03T08:39:02.182Z [INFO] [DAEMON] removedKeys=npm_config_userconfig,npm_config_prefix,npm_config_node_gyp,npm_config_globalconfig,npm_config_init_module scrubbed inherited loader env vars from the daemon process; session subprocesses will not inherit them
qwen serve: daemon log → /tmp/qws-run-serve-tests-3G3ZdQ/debug/daemon/daemon.log
qwen serve: required external tool guard handshake succeeded.
qwen serve listening on http://127.0.0.1:39999 (mode=http-bridge, workspace=/tmp/qws-guard-provider-PCpCJU)
qwen serve: bound to workspace "/tmp/qws-guard-provider-PCpCJU"
qwen serve: startup timing: processToListenMs=15580 runQwenServeToListenMs=4
qwen serve: trusted loopback mode; local callers have full API access without bearer authentication, including code execution as the daemon user. Use --require-auth with QWEN_SERVER_TOKEN on shared or untrusted hosts.
2026-10-03T08:39:02.186Z [INFO] [DAEMON] ideEnvPresent=false primary=/tmp/qws-guard-provider-PCpCJU secondary= daemon workspace roots initialized
2026-10-03T08:39:02.195Z [WARN] [DAEMON] session-pr-refresh load failed: [vitest] There was an error when mocking a module. If you are using "vi.mock" factory, make sure there are no top level variables inside, since this call is hoisted to top of the file. Read more: https://vitest.dev/api/vi.html#vi-mock
qwen serve: /acp WebSocket transport enabled on /acp
2026-10-03T08:39:02.196Z [INFO] [DAEMON] daemon stopped
qwen serve: scrubbed inherited loader env vars from the daemon process; session subprocesses will not inherit them: npm_config_userconfig, npm_config_prefix, npm_config_node_gyp, npm_config_globalconfig, npm_config_init_module
2026-10-03T08:39:02.200Z [INFO] [DAEMON] projectMemoryScope=workspace projectMemoryScopeRaw=workspace projectMemoryScopeSource=default project memory scope resolved
2026-10-03T08:39:02.201Z [INFO] [DAEMON] removedKeys=npm_config_userconfig,npm_config_prefix,npm_config_node_gyp,npm_config_globalconfig,npm_config_init_module scrubbed inherited loader env vars from the daemon process; session subprocesses will not inherit them
qwen serve: daemon log → /tmp/qws-run-serve-tests-3G3ZdQ/debug/daemon/daemon.log
qwen serve: bound to workspace "/tmp/qws-memory-project-scope-i0l1ug/primary"
qwen serve: startup timing: processToListenMs=15597 runQwenServeToListenMs=3
qwen serve: trusted loopback mode; local callers have full API access without bearer authentication, including code execution as the daemon user. Use --require-auth with QWEN_SERVER_TOKEN on shared or untrusted hosts.
qwen serve listening on http://127.0.0.1:42499 (mode=http-bridge, workspace=/tmp/qws-memory-project-scope-i0l1ug/primary)
2026-10-03T08:39:02.202Z [INFO] [DAEMON] ideEnvPresent=false primary=/tmp/qws-memory-project-scope-i0l1ug/primary secondary= daemon workspace roots initialized
2026-10-03T08:39:02.203Z [WARN] [DAEMON] session-pr-refresh load failed: [vitest] There was an error when mocking a module. If you are using "vi.mock" factory, make sure there are no top level variables inside, since this call is hoisted to top of the file. Read more: https://vitest.dev/api/vi.html#vi-mock
2026-10-03T08:39:02.204Z [INFO] [DAEMON] daemon stopped
qwen serve: scrubbed inherited loader env vars from the daemon process; session subprocesses will not inherit them: npm_config_userconfig, npm_config_prefix, npm_config_node_gyp, npm_config_globalconfig, npm_config_init_module
2026-10-03T08:39:02.210Z [INFO] [DAEMON] projectMemoryScope=git-root projectMemoryScopeRaw=git-root projectMemoryScopeSource=option project memory scope resolved
2026-10-03T08:39:02.210Z [INFO] [DAEMON] removedKeys=npm_config_userconfig,npm_config_prefix,npm_config_node_gyp,npm_config_globalconfig,npm_config_init_module scrubbed inherited loader env vars from the daemon process; session subprocesses will not inherit them
qwen serve: daemon log → /tmp/qws-run-serve-tests-3G3ZdQ/debug/daemon/daemon.log
qwen serve listening on http://127.0.0.1:38749 (mode=http-bridge, workspace=/tmp/qws-memory-project-scope-coxhQe/primary)
qwen serve: bound to workspace "/tmp/qws-memory-project-scope-coxhQe/primary"
qwen serve: startup timing: processToListenMs=15606 runQwenServeToListenMs=4
qwen serve: trusted loopback mode; local callers have full API access without bearer authentication, including code execution as the daemon user. Use --require-auth with QWEN_SERVER_TOKEN on shared or untrusted hosts.
2026-10-03T08:39:02.211Z [INFO] [DAEMON] ideEnvPresent=false primary=/tmp/qws-memory-project-scope-coxhQe/primary secondary= daemon workspace roots initialized
2026-10-03T08:39:02.213Z [WARN] [DAEMON] session-pr-refresh load failed: [vitest] There was an error when mocking a module. If you are using "vi.mock" factory, make sure there are no top level variables inside, since this call is hoisted to top of the file. Read more: https://vitest.dev/api/vi.html#vi-mock
2026-10-03T08:39:02.213Z [INFO] [DAEMON] daemon stopped
qwen serve: scrubbed inherited loader env vars from the daemon process; session subprocesses will not inherit them: npm_config_userconfig, npm_config_prefix, npm_config_node_gyp, npm_config_globalconfig, npm_config_init_module
2026-10-03T08:39:02.217Z [INFO] [DAEMON] projectMemoryScope=git-root projectMemoryScopeRaw=git-root projectMemoryScopeSource=environment project memory scope resolved
2026-10-03T08:39:02.217Z [INFO] [DAEMON] removedKeys=npm_config_userconfig,npm_config_prefix,npm_config_node_gyp,npm_config_globalconfig,npm_config_init_module scrubbed inherited loader env vars from the daemon process; session subprocesses will not inherit them
qwen serve: daemon log → /tmp/qws-run-serve-tests-3G3ZdQ/debug/daemon/daemon.log
qwen serve listening on http://127.0.0.1:44793 (mode=http-bridge, workspace=/tmp/qws-memory-project-scope-Es3UXQ/primary)
qwen serve: bound to workspace "/tmp/qws-memory-project-scope-Es3UXQ/primary"
qwen serve: startup timing: processToListenMs=15614 runQwenServeToListenMs=3
qwen serve: trusted loopback mode; local callers have full API access without bearer authentication, including code execution as the daemon user. Use --require-auth with QWEN_SERVER_TOKEN on shared or untrusted hosts.
2026-10-03T08:39:02.219Z [INFO] [DAEMON] ideEnvPresent=false primary=/tmp/qws-memory-project-scope-Es3UXQ/primary secondary= daemon workspace roots initialized
2026-10-03T08:39:02.220Z [WARN] [DAEMON] session-pr-refresh load failed: [vitest] There was an error when mocking a module. If you are using "vi.mock" factory, make sure there are no top level variables inside, since this call is hoisted to top of the file. Read more: https://vitest.dev/api/vi.html#vi-mock
2026-10-03T08:39:02.221Z [INFO] [DAEMON] daemon stopped
qwen serve: scrubbed inherited loader env vars from the daemon process; session subprocesses will not inherit them: npm_config_userconfig, npm_config_prefix, npm_config_node_gyp, npm_config_globalconfig, npm_config_init_module
2026-10-03T08:39:02.225Z [INFO] [DAEMON] projectMemoryScope=workspace projectMemoryScopeRaw=workspace projectMemoryScopeSource=default project memory scope resolved
2026-10-03T08:39:02.225Z [INFO] [DAEMON] removedKeys=npm_config_userconfig,npm_config_prefix,npm_config_node_gyp,npm_config_globalconfig,npm_config_init_module scrubbed inherited loader env vars from the daemon process; session subprocesses will not inherit them
qwen serve: daemon log → /tmp/qws-run-serve-tests-3G3ZdQ/debug/daemon/daemon.log
qwen serve listening on http://127.0.0.1:40585 (mode=http-bridge, workspace=/tmp/qws-memory-project-scope-q1F6fk/primary)
qwen serve: bound to workspace "/tmp/qws-memory-project-scope-q1F6fk/primary"
qwen serve: startup timing: processToListenMs=15621 runQwenServeToListenMs=3
qwen serve: trusted loopback mode; local callers have full API access without bearer authentication, including code execution as the daemon user. Use --require-auth with QWEN_SERVER_TOKEN on shared or untrusted hosts.
2026-10-03T08:39:02.226Z [INFO] [DAEMON] ideEnvPresent=false primary=/tmp/qws-memory-project-scope-q1F6fk/primary secondary= daemon workspace roots initialized
2026-10-03T08:39:02.228Z [WARN] [DAEMON] session-pr-refresh load failed: [vitest] There was an error when mocking a module. If you are using "vi.mock" factory, make sure there are no top level variables inside, since this call is hoisted to top of the file. Read more: https://vitest.dev/api/vi.html#vi-mock
2026-10-03T08:39:02.228Z [INFO] [DAEMON] daemon stopped
qwen serve: scrubbed inherited loader env vars from the daemon process; session subprocesses will not inherit them: npm_config_userconfig, npm_config_prefix, npm_config_node_gyp, npm_config_globalconfig, npm_config_init_module
2026-10-03T08:39:02.232Z [INFO] [DAEMON] projectMemoryScope=workspace projectMemoryScopeRaw=workspace projectMemoryScopeSource=default project memory scope resolved
2026-10-03T08:39:02.233Z [INFO] [DAEMON] removedKeys=npm_config_userconfig,npm_config_prefix,npm_config_node_gyp,npm_config_globalconfig,npm_config_init_module scrubbed inherited loader env vars from the daemon process; session subprocesses will not inherit them
qwen serve: daemon log → /tmp/qws-run-serve-tests-3G3ZdQ/debug/daemon/daemon.log
qwen serve listening on http://127.0.0.1:32777 (mode=http-bridge, workspace=/tmp/qws-memory-project-scope-Z6rwKB/primary)
qwen serve: bound to workspace "/tmp/qws-memory-project-scope-Z6rwKB/primary"
qwen serve: startup timing: processToListenMs=15629 runQwenServeToListenMs=3
qwen serve: trusted loopback mode; local callers have full API access without bearer authentication, including code execution as the daemon user. Use --require-auth with QWEN_SERVER_TOKEN on shared or untrusted hosts.
2026-10-03T08:39:02.234Z [INFO] [DAEMON] ideEnvPresent=false primary=/tmp/qws-memory-project-scope-Z6rwKB/primary secondary= daemon workspace roots initialized
2026-10-03T08:39:02.235Z [WARN] [DAEMON] session-pr-refresh load failed: [vitest] There was an error when mocking a module. If you are using "vi.mock" factory, make sure there are no top level variables inside, since this call is hoisted to top of the file. Read more: https://vitest.dev/api/vi.html#vi-mock
2026-10-03T08:39:02.236Z [INFO] [DAEMON] daemon stopped
qwen serve: scrubbed inherited loader env vars from the daemon process; session subprocesses will not inherit them: npm_config_userconfig, npm_config_prefix, npm_config_node_gyp, npm_config_globalconfig, npm_config_init_module
2026-10-03T08:39:02.241Z [INFO] [DAEMON] projectMemoryScope=git-root projectMemoryScopeRaw=workspce projectMemoryScopeSource=environment project memory scope resolved
2026-10-03T08:39:02.242Z [INFO] [DAEMON] removedKeys=npm_config_userconfig,npm_config_prefix,npm_config_node_gyp,npm_config_globalconfig,npm_config_init_module scrubbed inherited loader env vars from the daemon process; session subprocesses will not inherit them
qwen serve: daemon log → /tmp/qws-run-serve-tests-3G3ZdQ/debug/daemon/daemon.log
qwen serve listening on http://127.0.0.1:42167 (mode=http-bridge, workspace=/tmp/qws-memory-project-scope-WalIOg/primary)
qwen serve: bound to workspace "/tmp/qws-memory-project-scope-WalIOg/primary"
qwen serve: startup timing: processToListenMs=15638 runQwenServeToListenMs=4
qwen serve: trusted loopback mode; local callers have full API access without bearer authentication, including code execution as the daemon user. Use --require-auth with QWEN_SERVER_TOKEN on shared or untrusted hosts.
2026-10-03T08:39:02.243Z [INFO] [DAEMON] ideEnvPresent=false primary=/tmp/qws-memory-project-scope-WalIOg/primary secondary= daemon workspace roots initialized
2026-10-03T08:39:02.244Z [WARN] [DAEMON] session-pr-refresh load failed: [vitest] There was an error when mocking a module. If you are using "vi.mock" factory, make sure there are no top level variables inside, since this call is hoisted to top of the file. Read more: https://vitest.dev/api/vi.html#vi-mock
2026-10-03T08:39:02.245Z [INFO] [DAEMON] daemon stopped
qwen serve: scrubbed inherited loader env vars from the daemon process; session subprocesses will not inherit them: npm_config_userconfig, npm_config_prefix, npm_config_node_gyp, npm_config_globalconfig, npm_config_init_module
2026-10-03T08:39:02.249Z [INFO] [DAEMON] projectMemoryScope=workspace projectMemoryScopeRaw=workspace projectMemoryScopeSource=default project memory scope resolved
2026-10-03T08:39:02.249Z [INFO] [DAEMON] removedKeys=npm_config_userconfig,npm_config_prefix,npm_config_node_gyp,npm_config_globalconfig,npm_config_init_module scrubbed inherited loader env vars from the daemon process; session subprocesses will not inherit them
qwen serve: daemon log → /tmp/qws-runtime-env-reload-4Y39TU/debug/daemon/daemon.log
2026-10-03T08:39:02.250Z [INFO] [DAEMON] ideEnvPresent=false primary=/tmp/qws-runtime-env-reload-4Y39TU secondary= daemon workspace roots initialized
2026-10-03T08:39:02.251Z [WARN] [DAEMON] session-pr-refresh load failed: [vitest] There was an error when mocking a module. If you are using "vi.mock" factory, make sure there are no top level variables inside, since this call is hoisted to top of the file. Read more: https://vitest.dev/api/vi.html#vi-mock
qwen serve listening on http://127.0.0.1:39733 (mode=http-bridge, workspace=/tmp/qws-runtime-env-reload-4Y39TU)
qwen serve: bound to workspace "/tmp/qws-runtime-env-reload-4Y39TU"
qwen serve: startup timing: processToListenMs=15647 runQwenServeToListenMs=4
qwen serve: trusted loopback mode; local callers have full API access without bearer authentication, including code execution as the daemon user. Use --require-auth with QWEN_SERVER_TOKEN on shared or untrusted hosts.
qwen serve: model-provider ACP child sync failed
2026-10-03T08:39:02.253Z [INFO] [DAEMON] daemon stopped
qwen serve: scrubbed inherited loader env vars from the daemon process; session subprocesses will not inherit them: npm_config_userconfig, npm_config_prefix, npm_config_node_gyp, npm_config_globalconfig, npm_config_init_module
2026-10-03T08:39:02.257Z [INFO] [DAEMON] projectMemoryScope=workspace projectMemoryScopeRaw=workspace projectMemoryScopeSource=default project memory scope resolved
2026-10-03T08:39:02.257Z [INFO] [DAEMON] removedKeys=npm_config_userconfig,npm_config_prefix,npm_config_node_gyp,npm_config_globalconfig,npm_config_init_module scrubbed inherited loader env vars from the daemon process; session subprocesses will not inherit them
qwen serve: daemon log → /tmp/qws-runtime-env-fallback-Icr7C0/debug/daemon/daemon.log
2026-10-03T08:39:02.258Z [INFO] [DAEMON] ideEnvPresent=false primary=/tmp/qws-runtime-env-fallback-Icr7C0 secondary= daemon workspace roots initialized
2026-10-03T08:39:02.259Z [WARN] [DAEMON] session-pr-refresh load failed: [vitest] There was an error when mocking a module. If you are using "vi.mock" factory, make sure there are no top level variables inside, since this call is hoisted to top of the file. Read more: https://vitest.dev/api/vi.html#vi-mock
qwen serve listening on http://127.0.0.1:38637 (mode=http-bridge, workspace=/tmp/qws-runtime-env-fallback-Icr7C0)
qwen serve: bound to workspace "/tmp/qws-runtime-env-fallback-Icr7C0"
qwen serve: startup timing: processToListenMs=15655 runQwenServeToListenMs=4
qwen serve: trusted loopback mode; local callers have full API access without bearer authentication, including code execution as the daemon user. Use --require-auth with QWEN_SERVER_TOKEN on shared or untrusted hosts.
2026-10-03T08:39:02.259Z [WARN] [DAEMON] error="runtime env rebuild failed" failed to rebuild runtime env snapshot before daemon env reload; preserving previous runtime env
2026-10-03T08:39:02.259Z [WARN] [DAEMON] error="runtime env rebuild failed" failed to rebuild runtime env snapshot before daemon env reload; preserving previous runtime env
2026-10-03T08:39:02.260Z [WARN] [DAEMON] failedFiles="[object Object]" workspace=/tmp/qws-runtime-env-fallback-Icr7C0 one or more runtime env files could not be read
2026-10-03T08:39:02.260Z [INFO] [DAEMON] daemon stopped
qwen serve: scrubbed inherited loader env vars from the daemon process; session subprocesses will not inherit them: npm_config_userconfig, npm_config_prefix, npm_config_node_gyp, npm_config_globalconfig, npm_config_init_module
2026-10-03T08:39:02.266Z [INFO] [DAEMON] projectMemoryScope=workspace projectMemoryScopeRaw=workspace projectMemoryScopeSource=default project memory scope resolved
2026-10-03T08:39:02.267Z [INFO] [DAEMON] removedKeys=npm_config_userconfig,npm_config_prefix,npm_config_node_gyp,npm_config_globalconfig,npm_config_init_module scrubbed inherited loader env vars from the daemon process; session subprocesses will not inherit them
qwen serve: daemon log → /root/.qwen/debug/daemon/daemon.log
qwen serve listening on http://127.0.0.1:39551 (mode=http-bridge, workspace=/tmp/qws-secondary-env-reload-91LNlJ/primary)
qwen serve: bound to workspace "/tmp/qws-secondary-env-reload-91LNlJ/primary"
qwen serve: startup timing: processToListenMs=15663 runQwenServeToListenMs=4
qwen serve: trusted loopback mode; local callers have full API access without bearer authentication, including code execution as the daemon user. Use --require-auth with QWEN_SERVER_TOKEN on shared or untrusted hosts.
2026-10-03T08:39:02.268Z [INFO] [DAEMON] ideEnvPresent=false primary=/tmp/qws-secondary-env-reload-91LNlJ/primary secondary= daemon workspace roots initialized
2026-10-03T08:39:02.270Z [WARN] [DAEMON] session-pr-refresh load failed: [vitest] There was an error when mocking a module. If you are using "vi.mock" factory, make sure there are no top level variables inside, since this call is hoisted to top of the file. Read more: https://vitest.dev/api/vi.html#vi-mock
qwen serve: session reaper started (interval 60000ms, idle threshold 1800000ms)
2026-10-03T08:39:02.273Z [WARN] [DAEMON] failedFiles="[object Object]" workspace=/tmp/qws-secondary-env-reload-91LNlJ/secondary one or more runtime env files could not be read
2026-10-03T08:39:02.274Z [INFO] [DAEMON] daemon stopped
qwen serve listening on http://127.0.0.1:38881 (mode=http-bridge, workspace=/tmp/qws-restored-workspace-M7CEUX/primary)
qwen serve listening on http://127.0.0.1:33787 (mode=http-bridge, workspace=/tmp/qws-restored-read-error-Gl1j8a/primary)
qwen serve: scrubbed inherited loader env vars from the daemon process; session subprocesses will not inherit them: npm_config_userconfig, npm_config_prefix, npm_config_node_gyp, npm_config_globalconfig, npm_config_init_module
qwen serve: scrubbed inherited loader env vars from the daemon process; session subprocesses will not inherit them: npm_config_userconfig, npm_config_prefix, npm_config_node_gyp, npm_config_globalconfig, npm_config_init_module
qwen serve: scrubbed inherited loader env vars from the daemon process; session subprocesses will not inherit them: npm_config_userconfig, npm_config_prefix, npm_config_node_gyp, npm_config_globalconfig, npm_config_init_module
2026-10-03T08:39:02.486Z [INFO] [DAEMON] projectMemoryScope=workspace projectMemoryScopeRaw=workspace projectMemoryScopeSource=default project memory scope resolved
2026-10-03T08:39:02.486Z [INFO] [DAEMON] removedKeys=npm_config_userconfig,npm_config_prefix,npm_config_node_gyp,npm_config_globalconfig,npm_config_init_module scrubbed inherited loader env vars from the daemon process; session subprocesses will not inherit them
qwen serve: daemon log → /tmp/qws-env-capacity-yIPvUN/debug/daemon/daemon.log
qwen serve listening on http://127.0.0.1:37927 (mode=http-bridge, workspace=/tmp/qws-env-capacity-yIPvUN/workspace-0)
qwen serve: bound to workspace "/tmp/qws-env-capacity-yIPvUN/workspace-0"
qwen serve: startup timing: processToListenMs=15882 runQwenServeToListenMs=3
qwen serve: trusted loopback mode; local callers have full API access without bearer authentication, including code execution as the daemon user. Use --require-auth with QWEN_SERVER_TOKEN on shared or untrusted hosts.
2026-10-03T08:39:02.488Z [INFO] [DAEMON] ideEnvPresent=false primary=/tmp/qws-env-capacity-yIPvUN/workspace-0 secondary= daemon workspace roots initialized
2026-10-03T08:39:02.489Z [WARN] [DAEMON] session-pr-refresh load failed: [vitest] There was an error when mocking a module. If you are using "vi.mock" factory, make sure there are no top level variables inside, since this call is hoisted to top of the file. Read more: https://vitest.dev/api/vi.html#vi-mock
2026-10-03T08:39:02.490Z [INFO] [DAEMON] daemon stopped
qwen serve: scrubbed inherited loader env vars from the daemon process; session subprocesses will not inherit them: npm_config_userconfig, npm_config_prefix, npm_config_node_gyp, npm_config_globalconfig, npm_config_init_module
qwen serve: scrubbed inherited loader env vars from the daemon process; session subprocesses will not inherit them: npm_config_userconfig, npm_config_prefix, npm_config_node_gyp, npm_config_globalconfig, npm_config_init_module
qwen serve: scrubbed inherited loader env vars from the daemon process; session subprocesses will not inherit them: npm_config_userconfig, npm_config_prefix, npm_config_node_gyp, npm_config_globalconfig, npm_config_init_module
2026-10-03T08:39:02.496Z [INFO] [DAEMON] projectMemoryScope=workspace projectMemoryScopeRaw=workspace projectMemoryScopeSource=default project memory scope resolved
2026-10-03T08:39:02.496Z [INFO] [DAEMON] removedKeys=npm_config_userconfig,npm_config_prefix,npm_config_node_gyp,npm_config_globalconfig,npm_config_init_module scrubbed inherited loader env vars from the daemon process; session subprocesses will not inherit them
qwen serve: daemon log → /tmp/qws-legacy-total-WC2ut3/debug/daemon/daemon.log
qwen serve listening on http://127.0.0.1:35545 (mode=http-bridge, workspace=/tmp/qws-legacy-total-WC2ut3/workspace-0)
qwen serve: bound to workspace "/tmp/qws-legacy-total-WC2ut3/workspace-0"
qwen serve: startup timing: processToListenMs=15893 runQwenServeToListenMs=3
qwen serve: trusted loopback mode; local callers have full API access without bearer authentication, including code execution as the daemon user. Use --require-auth with QWEN_SERVER_TOKEN on shared or untrusted hosts.
2026-10-03T08:39:02.498Z [INFO] [DAEMON] ideEnvPresent=false primary=/tmp/qws-legacy-total-WC2ut3/workspace-0 secondary= daemon workspace roots initialized
2026-10-03T08:39:02.500Z [WARN] [DAEMON] session-pr-refresh load failed: [vitest] There was an error when mocking a module. If you are using "vi.mock" factory, make sure there are no top level variables inside, since this call is hoisted to top of the file. Read more: https://vitest.dev/api/vi.html#vi-mock
2026-10-03T08:39:02.501Z [INFO] [DAEMON] daemon stopped
qwen serve: scrubbed inherited loader env vars from the daemon process; session subprocesses will not inherit them: npm_config_userconfig, npm_config_prefix, npm_config_node_gyp, npm_config_globalconfig, npm_config_init_module
2026-10-03T08:39:02.507Z [INFO] [DAEMON] projectMemoryScope=workspace projectMemoryScopeRaw=workspace projectMemoryScopeSource=default project memory scope resolved
2026-10-03T08:39:02.507Z [INFO] [DAEMON] removedKeys=npm_config_userconfig,npm_config_prefix,npm_config_node_gyp,npm_config_globalconfig,npm_config_init_module scrubbed inherited loader env vars from the daemon process; session subprocesses will not inherit them
qwen serve: daemon log → /tmp/qws-restored-at-limit-eY3FV1/debug/daemon/daemon.log
qwen serve listening on http://127.0.0.1:35045 (mode=http-bridge, workspace=/tmp/qws-restored-at-limit-eY3FV1/workspace-0)
qwen serve: bound to workspace "/tmp/qws-restored-at-limit-eY3FV1/workspace-0"
qwen serve: startup timing: processToListenMs=15903 runQwenServeToListenMs=3
qwen serve: trusted loopback mode; local callers have full API access without bearer authentication, including code execution as the daemon user. Use --require-auth with QWEN_SERVER_TOKEN on shared or untrusted hosts.
2026-10-03T08:39:02.508Z [INFO] [DAEMON] ideEnvPresent=false primary=/tmp/qws-restored-at-limit-eY3FV1/workspace-0 secondary= daemon workspace roots initialized
2026-10-03T08:39:02.510Z [WARN] [DAEMON] session-pr-refresh load failed: [vitest] There was an error when mocking a module. If you are using "vi.mock" factory, make sure there are no top level variables inside, since this call is hoisted to top of the file. Read more: https://vitest.dev/api/vi.html#vi-mock
2026-10-03T08:39:02.511Z [INFO] [DAEMON] daemon stopped
qwen serve: scrubbed inherited loader env vars from the daemon process; session subprocesses will not inherit them: npm_config_userconfig, npm_config_prefix, npm_config_node_gyp, npm_config_globalconfig, npm_config_init_module
2026-10-03T08:39:02.515Z [INFO] [DAEMON] projectMemoryScope=workspace projectMemoryScopeRaw=workspace projectMemoryScopeSource=default project memory scope resolved
2026-10-03T08:39:02.515Z [INFO] [DAEMON] removedKeys=npm_config_userconfig,npm_config_prefix,npm_config_node_gyp,npm_config_globalconfig,npm_config_init_module scrubbed inherited loader env vars from the daemon process; session subprocesses will not inherit them
qwen serve: daemon log → /tmp/qws-runtime-roots-Tri2ES/debug/daemon/daemon.log
2026-10-03T08:39:02.516Z [WARN] [DAEMON] workspace=/tmp/qws-runtime-roots-Tri2ES/untrusted-secondary excluding untrusted secondary workspace root from file-system access
2026-10-03T08:39:02.516Z [INFO] [DAEMON] ideEnvPresent=false primary=/tmp/qws-runtime-roots-Tri2ES/primary secondary=/tmp/qws-runtime-roots-Tri2ES/trusted-secondary daemon workspace roots initialized
2026-10-03T08:39:02.517Z [WARN] [DAEMON] session-pr-refresh load failed: [vitest] There was an error when mocking a module. If you are using "vi.mock" factory, make sure there are no top level variables inside, since this call is hoisted to top of the file. Read more: https://vitest.dev/api/vi.html#vi-mock
qwen serve listening on http://127.0.0.1:41159 (mode=http-bridge, workspace=/tmp/qws-runtime-roots-Tri2ES/primary)
qwen serve: bound to workspace "/tmp/qws-runtime-roots-Tri2ES/primary"
qwen serve: startup timing: processToListenMs=15913 runQwenServeToListenMs=4
qwen serve: trusted loopback mode; local callers have full API access without bearer authentication, including code execution as the daemon user. Use --require-auth with QWEN_SERVER_TOKEN on shared or untrusted hosts.
2026-10-03T08:39:02.517Z [INFO] [DAEMON] daemon stopped
qwen serve: scrubbed inherited loader env vars from the daemon process; session subprocesses will not inherit them: npm_config_userconfig, npm_config_prefix, npm_config_node_gyp, npm_config_globalconfig, npm_config_init_module
2026-10-03T08:39:02.523Z [INFO] [DAEMON] projectMemoryScope=workspace projectMemoryScopeRaw=workspace projectMemoryScopeSource=default project memory scope resolved
2026-10-03T08:39:02.523Z [INFO] [DAEMON] removedKeys=npm_config_userconfig,npm_config_prefix,npm_config_node_gyp,npm_config_globalconfig,npm_config_init_module scrubbed inherited loader env vars from the daemon process; session subprocesses will not inherit them
qwen serve: daemon log → /tmp/qws-runtime-roots-yl8wZP/debug/daemon/daemon.log
2026-10-03T08:39:02.524Z [WARN] [DAEMON] workspace=/tmp/qws-runtime-roots-yl8wZP/parent excluding untrusted secondary workspace root from file-system access
2026-10-03T08:39:02.524Z [INFO] [DAEMON] ideEnvPresent=true primary=/tmp/qws-runtime-roots-yl8wZP/primary secondary=/tmp/qws-runtime-roots-yl8wZP/parent/trusted-child daemon workspace roots initialized
2026-10-03T08:39:02.525Z [WARN] [DAEMON] session-pr-refresh load failed: [vitest] There was an error when mocking a module. If you are using "vi.mock" factory, make sure there are no top level variables inside, since this call is hoisted to top of the file. Read more: https://vitest.dev/api/vi.html#vi-mock
qwen serve listening on http://127.0.0.1:34401 (mode=http-bridge, workspace=/tmp/qws-runtime-roots-yl8wZP/primary)
qwen serve: bound to workspace "/tmp/qws-runtime-roots-yl8wZP/primary"
qwen serve: startup timing: processToListenMs=15921 runQwenServeToListenMs=4
qwen serve: trusted loopback mode; local callers have full API access without bearer authentication, including code execution as the daemon user. Use --require-auth with QWEN_SERVER_TOKEN on shared or untrusted hosts.
2026-10-03T08:39:02.525Z [INFO] [DAEMON] daemon stopped
qwen serve: scrubbed inherited loader env vars from the daemon process; session subprocesses will not inherit them: npm_config_userconfig, npm_config_prefix, npm_config_node_gyp, npm_config_globalconfig, npm_config_init_module
2026-10-03T08:39:02.529Z [INFO] [DAEMON] projectMemoryScope=workspace projectMemoryScopeRaw=workspace projectMemoryScopeSource=default project memory scope resolved
2026-10-03T08:39:02.529Z [INFO] [DAEMON] removedKeys=npm_config_userconfig,npm_config_prefix,npm_config_node_gyp,npm_config_globalconfig,npm_config_init_module scrubbed inherited loader env vars from the daemon process; session subprocesses will not inherit them
qwen serve: daemon log → /tmp/qws-runtime-roots-BrB8my/debug/daemon/daemon.log
2026-10-03T08:39:02.530Z [INFO] [DAEMON] ideEnvPresent=false primary=/tmp/qws-runtime-roots-BrB8my/primary secondary=/tmp/qws-runtime-roots-BrB8my/secondary daemon workspace roots initialized
2026-10-03T08:39:02.531Z [WARN] [DAEMON] session-pr-refresh load failed: [vitest] There was an error when mocking a module. If you are using "vi.mock" factory, make sure there are no top level variables inside, since this call is hoisted to top of the file. Read more: https://vitest.dev/api/vi.html#vi-mock
qwen serve listening on http://127.0.0.1:33871 (mode=http-bridge, workspace=/tmp/qws-runtime-roots-BrB8my/primary)
qwen serve: bound to workspace "/tmp/qws-runtime-roots-BrB8my/primary"
qwen serve: startup timing: processToListenMs=15927 runQwenServeToListenMs=4
qwen serve: trusted loopback mode; local callers have full API access without bearer authentication, including code execution as the daemon user. Use --require-auth with QWEN_SERVER_TOKEN on shared or untrusted hosts.
2026-10-03T08:39:02.532Z [INFO] [DAEMON] daemon stopped
qwen serve: scrubbed inherited loader env vars from the daemon process; session subprocesses will not inherit them: npm_config_userconfig, npm_config_prefix, npm_config_node_gyp, npm_config_globalconfig, npm_config_init_module
2026-10-03T08:39:02.536Z [INFO] [DAEMON] projectMemoryScope=workspace projectMemoryScopeRaw=workspace projectMemoryScopeSource=default project memory scope resolved
2026-10-03T08:39:02.536Z [INFO] [DAEMON] removedKeys=npm_config_userconfig,npm_config_prefix,npm_config_node_gyp,npm_config_globalconfig,npm_config_init_module scrubbed inherited loader env vars from the daemon process; session subprocesses will not inherit them
qwen serve: daemon log → /tmp/qws-runtime-roots-YntJiv/debug/daemon/daemon.log
qwen serve: could not read full settings for runtime startup (settings unavailable); falling back to defaults.
2026-10-03T08:39:02.537Z [WARN] [DAEMON] workspace=/tmp/qws-runtime-roots-YntJiv/secondary excluding untrusted secondary workspace root from file-system access
2026-10-03T08:39:02.537Z [INFO] [DAEMON] ideEnvPresent=false primary=/tmp/qws-runtime-roots-YntJiv/primary secondary= daemon workspace roots initialized
2026-10-03T08:39:02.537Z [WARN] [DAEMON] session-pr-refresh load failed: [vitest] There was an error when mocking a module. If you are using "vi.mock" factory, make sure there are no top level variables inside, since this call is hoisted to top of the file. Read more: https://vitest.dev/api/vi.html#vi-mock
qwen serve listening on http://127.0.0.1:37859 (mode=http-bridge, workspace=/tmp/qws-runtime-roots-YntJiv/primary)
qwen serve: bound to workspace "/tmp/qws-runtime-roots-YntJiv/primary"
qwen serve: startup timing: processToListenMs=15934 runQwenServeToListenMs=4
qwen serve: trusted loopback mode; local callers have full API access without bearer authentication, including code execution as the daemon user. Use --require-auth with QWEN_SERVER_TOKEN on shared or untrusted hosts.
2026-10-03T08:39:02.538Z [INFO] [DAEMON] daemon stopped
qwen serve: scrubbed inherited loader env vars from the daemon process; session subprocesses will not inherit them: npm_config_userconfig, npm_config_prefix, npm_config_node_gyp, npm_config_globalconfig, npm_config_init_module
qwen serve: --allow-origin: http://localhost:5173 (WARNING: these browser origins receive full API authority without a bearer token in trusted loopback mode and can execute code as the daemon user)
2026-10-03T08:39:02.542Z [INFO] [DAEMON] projectMemoryScope=workspace projectMemoryScopeRaw=workspace projectMemoryScopeSource=default project memory scope resolved
2026-10-03T08:39:02.542Z [INFO] [DAEMON] removedKeys=npm_config_userconfig,npm_config_prefix,npm_config_node_gyp,npm_config_globalconfig,npm_config_init_module scrubbed inherited loader env vars from the daemon process; session subprocesses will not inherit them
qwen serve: daemon log → /tmp/qws-run-serve-tests-3G3ZdQ/debug/daemon/daemon.log
qwen serve listening on http://127.0.0.1:39583 (mode=http-bridge, workspace=/tmp/qws-runtime-fail-OxKd6Y)
qwen serve: bound to workspace "/tmp/qws-runtime-fail-OxKd6Y"
qwen serve: startup timing: processToListenMs=15938 runQwenServeToListenMs=2
qwen serve: trusted loopback mode; local callers have full API access without bearer authentication, including code execution as the daemon user. Use --require-auth with QWEN_SERVER_TOKEN on shared or untrusted hosts.
2026-10-03T08:39:02.544Z [INFO] [DAEMON] ideEnvPresent=false primary=/tmp/qws-runtime-fail-OxKd6Y secondary= daemon workspace roots initialized
qwen serve: runtime startup failed: runtime boom
2026-10-03T08:39:02.544Z [ERROR] [DAEMON] runtime startup failed
  Error: runtime boom
      at Object.<anonymous> (/root/verify/pr11071-r4/head/packages/cli/src/serve/run-qwen-serve.test.ts:8340:13)
      at Object.mockCall (file:///root/verify/pr11071-r4/head/node_modules/@vitest/spy/dist/index.js:96:15)
      at Object.createAcpSessionBridge (file:///root/verify/pr11071-r4/head/node_modules/tinyspy/dist/index.js:47:103)
      at buildRuntime (/root/verify/pr11071-r4/head/packages/cli/src/serve/run-qwen-serve.ts:6114:15)
2026-10-03T08:39:02.546Z [INFO] [DAEMON] daemon stopped
qwen serve: scrubbed inherited loader env vars from the daemon process; session subprocesses will not inherit them: npm_config_userconfig, npm_config_prefix, npm_config_node_gyp, npm_config_globalconfig, npm_config_init_module
2026-10-03T08:39:02.564Z [INFO] [DAEMON] projectMemoryScope=workspace projectMemoryScopeRaw=workspace projectMemoryScopeSource=default project memory scope resolved
2026-10-03T08:39:02.564Z [INFO] [DAEMON] removedKeys=npm_config_userconfig,npm_config_prefix,npm_config_node_gyp,npm_config_globalconfig,npm_config_init_module scrubbed inherited loader env vars from the daemon process; session subprocesses will not inherit them
qwen serve: daemon log → /tmp/qws-run-serve-tests-3G3ZdQ/debug/daemon/daemon.log
qwen serve listening on http://127.0.0.1:37477 (mode=http-bridge, workspace=/tmp/qws-runtime-starting-route-x4rHEY)
qwen serve: bound to workspace "/tmp/qws-runtime-starting-route-x4rHEY"
qwen serve: startup timing: processToListenMs=15960 runQwenServeToListenMs=4
qwen serve: trusted loopback mode; local callers have full API access without bearer authentication, including code execution as the daemon user. Use --require-auth with QWEN_SERVER_TOKEN on shared or untrusted hosts.
2026-10-03T08:39:02.568Z [INFO] [DAEMON] ideEnvPresent=false primary=/tmp/qws-runtime-starting-route-x4rHEY secondary= daemon workspace roots initialized
2026-10-03T08:39:02.574Z [WARN] [DAEMON] session-pr-refresh load failed: [vitest] There was an error when mocking a module. If you are using "vi.mock" factory, make sure there are no top level variables inside, since this call is hoisted to top of the file. Read more: https://vitest.dev/api/vi.html#vi-mock
qwen serve: runtime startup failed: Daemon runtime stopped before mounting.
2026-10-03T08:39:02.575Z [ERROR] [DAEMON] runtime startup failed
  Error: Daemon runtime stopped before mounting.
      at /root/verify/pr11071-r4/head/packages/cli/src/serve/run-qwen-serve.ts:9977:17
      at waitForRuntimeStartingForShutdown (/root/verify/pr11071-r4/head/packages/cli/src/serve/run-qwen-serve.ts:2575:3)
      at /root/verify/pr11071-r4/head/packages/cli/src/serve/run-qwen-serve.ts:10299:17
2026-10-03T08:39:02.575Z [INFO] [DAEMON] daemon stopped
qwen serve: scrubbed inherited loader env vars from the daemon process; session subprocesses will not inherit them: npm_config_userconfig, npm_config_prefix, npm_config_node_gyp, npm_config_globalconfig, npm_config_init_module
2026-10-03T08:39:02.580Z [INFO] [DAEMON] projectMemoryScope=workspace projectMemoryScopeRaw=workspace projectMemoryScopeSource=default project memory scope resolved
2026-10-03T08:39:02.580Z [INFO] [DAEMON] removedKeys=npm_config_userconfig,npm_config_prefix,npm_config_node_gyp,npm_config_globalconfig,npm_config_init_module scrubbed inherited loader env vars from the daemon process; session subprocesses will not inherit them
qwen serve: daemon log → /tmp/qws-runtime-starting-caps-xHIebK/debug/daemon/daemon.log
qwen serve listening on http://127.0.0.1:41721 (mode=http-bridge, workspace=/tmp/qws-runtime-starting-caps-xHIebK/primary)
qwen serve: bound to workspace "/tmp/qws-runtime-starting-caps-xHIebK/primary"
qwen serve: startup timing: processToListenMs=15977 runQwenServeToListenMs=3
qwen serve: trusted loopback mode; local callers have full API access without bearer authentication, including code execution as the daemon user. Use --require-auth with QWEN_SERVER_TOKEN on shared or untrusted hosts.
2026-10-03T08:39:02.583Z [INFO] [DAEMON] ideEnvPresent=false primary=/tmp/qws-runtime-starting-caps-xHIebK/primary secondary= daemon workspace roots initialized
2026-10-03T08:39:02.589Z [WARN] [DAEMON] session-pr-refresh load failed: [vitest] There was an error when mocking a module. If you are using "vi.mock" factory, make sure there are no top level variables inside, since this call is hoisted to top of the file. Read more: https://vitest.dev/api/vi.html#vi-mock
qwen serve: /acp WebSocket transport enabled on /acp
2026-10-03T08:39:02.591Z [INFO] [DAEMON] route=GET /capabilities durationMs=1 status=200 request completed
2026-10-03T08:39:02.592Z [INFO] [DAEMON] daemon stopped
qwen serve: scrubbed inherited loader env vars from the daemon process; session subprocesses will not inherit them: npm_config_userconfig, npm_config_prefix, npm_config_node_gyp, npm_config_globalconfig, npm_config_init_module
2026-10-03T08:39:02.596Z [INFO] [DAEMON] projectMemoryScope=workspace projectMemoryScopeRaw=workspace projectMemoryScopeSource=default project memory scope resolved
2026-10-03T08:39:02.596Z [INFO] [DAEMON] removedKeys=npm_config_userconfig,npm_config_prefix,npm_config_node_gyp,npm_config_globalconfig,npm_config_init_module scrubbed inherited loader env vars from the daemon process; session subprocesses will not inherit them
qwen serve: daemon log → /tmp/qws-health-first-VlrC9K/debug/daemon/daemon.log
qwen serve listening on http://127.0.0.1:33057 (mode=http-bridge, workspace=/tmp/qws-health-first-VlrC9K)
qwen serve: bound to workspace "/tmp/qws-health-first-VlrC9K"
qwen serve: startup timing: processToListenMs=15993 runQwenServeToListenMs=2
qwen serve: trusted loopback mode; local callers have full API access without bearer authentication, including code execution as the daemon user. Use --require-auth with QWEN_SERVER_TOKEN on shared or untrusted hosts.
2026-10-03T08:39:02.597Z [INFO] [DAEMON] deferred runtime: scheduling fallback start in 1000ms
2026-10-03T08:39:02.851Z [INFO] [DAEMON] deferred runtime: health served, scheduling start in 50ms
2026-10-03T08:39:02.901Z [INFO] [DAEMON] deferred runtime: health timer fired, starting
2026-10-03T08:39:02.903Z [INFO] [DAEMON] ideEnvPresent=false primary=/tmp/qws-health-first-VlrC9K secondary= daemon workspace roots initialized
2026-10-03T08:39:02.913Z [WARN] [DAEMON] session-pr-refresh load failed: [vitest] There was an error when mocking a module. If you are using "vi.mock" factory, make sure there are no top level variables inside, since this call is hoisted to top of the file. Read more: https://vitest.dev/api/vi.html#vi-mock
qwen serve: /acp WebSocket transport enabled on /acp
2026-10-03T08:39:02.954Z [INFO] [DAEMON] route=GET /capabilities durationMs=2 status=200 request completed
2026-10-03T08:39:02.955Z [INFO] [DAEMON] daemon stopped
qwen serve: scrubbed inherited loader env vars from the daemon process; session subprocesses will not inherit them: npm_config_userconfig, npm_config_prefix, npm_config_node_gyp, npm_config_globalconfig, npm_config_init_module
2026-10-03T08:39:02.961Z [INFO] [DAEMON] projectMemoryScope=workspace projectMemoryScopeRaw=workspace projectMemoryScopeSource=default project memory scope resolved
2026-10-03T08:39:02.961Z [INFO] [DAEMON] removedKeys=npm_config_userconfig,npm_config_prefix,npm_config_node_gyp,npm_config_globalconfig,npm_config_init_module scrubbed inherited loader env vars from the daemon process; session subprocesses will not inherit them
qwen serve: daemon log → /tmp/qws-brand-hold-Gb6dBL/debug/daemon/daemon.log
qwen serve listening on http://127.0.0.1:43585 (mode=http-bridge, workspace=/tmp/qws-brand-hold-Gb6dBL)
qwen serve: bound to workspace "/tmp/qws-brand-hold-Gb6dBL"
qwen serve: startup timing: processToListenMs=16358 runQwenServeToListenMs=2
qwen serve: trusted loopback mode; local callers have full API access without bearer authentication, including code execution as the daemon user. Use --require-auth with QWEN_SERVER_TOKEN on shared or untrusted hosts.
2026-10-03T08:39:02.962Z [INFO] [DAEMON] deferred runtime: scheduling fallback start in 1000ms
qwen serve: managed scratch workspaces are unavailable: Managed scratch root conflicts with a startup workspace
qwen serve: session reaper started (interval 60000ms, idle threshold 1800000ms)
qwen serve: session reaper started (interval 60000ms, idle threshold 1800000ms)
qwen serve: session reaper started (interval 60000ms, idle threshold 1800000ms)
qwen serve: session reaper started (interval 60000ms, idle threshold 1800000ms)
qwen serve: session reaper started (interval 60000ms, idle threshold 1800000ms)
qwen serve: session reaper started (interval 60000ms, idle threshold 1800000ms)
2026-10-03T08:39:03.114Z [INFO] [DAEMON] ideEnvPresent=false primary=/tmp/qws-brand-hold-Gb6dBL secondary= daemon workspace roots initialized
qwen serve: session reaper started (interval 60000ms, idle threshold 1800000ms)
2026-10-03T08:39:03.119Z [WARN] [DAEMON] session-pr-refresh load failed: [vitest] There was an error when mocking a module. If you are using "vi.mock" factory, make sure there are no top level variables inside, since this call is hoisted to top of the file. Read more: https://vitest.dev/api/vi.html#vi-mock
qwen serve: /acp WebSocket transport enabled on /acp
2026-10-03T08:39:03.120Z [INFO] [DAEMON] route=GET /brand durationMs=1 status=200 request completed
2026-10-03T08:39:03.121Z [INFO] [DAEMON] daemon stopped
qwen serve: session reaper started (interval 60000ms, idle threshold 1800000ms)
qwen serve: scrubbed inherited loader env vars from the daemon process; session subprocesses will not inherit them: npm_config_userconfig, npm_config_prefix, npm_config_node_gyp, npm_config_globalconfig, npm_config_init_module
2026-10-03T08:39:03.130Z [INFO] [DAEMON] projectMemoryScope=workspace projectMemoryScopeRaw=workspace projectMemoryScopeSource=default project memory scope resolved
2026-10-03T08:39:03.130Z [INFO] [DAEMON] removedKeys=npm_config_userconfig,npm_config_prefix,npm_config_node_gyp,npm_config_globalconfig,npm_config_init_module scrubbed inherited loader env vars from the daemon process; session subprocesses will not inherit them
qwen serve: daemon log → /tmp/qws-run-serve-tests-3G3ZdQ/debug/daemon/daemon.log
qwen serve: session reaper started (interval 60000ms, idle threshold 1800000ms)
qwen serve listening on http://127.0.0.1:35595 (mode=http-bridge, workspace=/tmp/qws-health-deep-first-bWKLbz)
qwen serve: bound to workspace "/tmp/qws-health-deep-first-bWKLbz"
qwen serve: startup timing: processToListenMs=16526 runQwenServeToListenMs=5
qwen serve: trusted loopback mode; local callers have full API access without bearer authentication, including code execution as the daemon user. Use --require-auth with QWEN_SERVER_TOKEN on shared or untrusted hosts.
2026-10-03T08:39:03.130Z [INFO] [DAEMON] deferred runtime: scheduling fallback start in 1000ms
2026-10-03T08:39:03.131Z [INFO] [DAEMON] deferred runtime: health served, scheduling start in 50ms
2026-10-03T08:39:03.181Z [INFO] [DAEMON] deferred runtime: health timer fired, starting
2026-10-03T08:39:03.182Z [INFO] [DAEMON] ideEnvPresent=false primary=/tmp/qws-health-deep-first-bWKLbz secondary= daemon workspace roots initialized
2026-10-03T08:39:03.189Z [WARN] [DAEMON] session-pr-refresh load failed: [vitest] There was an error when mocking a module. If you are using "vi.mock" factory, make sure there are no top level variables inside, since this call is hoisted to top of the file. Read more: https://vitest.dev/api/vi.html#vi-mock
qwen serve: /acp WebSocket transport enabled on /acp
2026-10-03T08:39:03.192Z [INFO] [DAEMON] daemon stopped
qwen serve: scrubbed inherited loader env vars from the daemon process; session subprocesses will not inherit them: npm_config_userconfig, npm_config_prefix, npm_config_node_gyp, npm_config_globalconfig, npm_config_init_module
2026-10-03T08:39:03.198Z [INFO] [DAEMON] projectMemoryScope=workspace projectMemoryScopeRaw=workspace projectMemoryScopeSource=default project memory scope resolved
2026-10-03T08:39:03.198Z [INFO] [DAEMON] removedKeys=npm_config_userconfig,npm_config_prefix,npm_config_node_gyp,npm_config_globalconfig,npm_config_init_module scrubbed inherited loader env vars from the daemon process; session subprocesses will not inherit them
qwen serve: daemon log → /tmp/qws-run-serve-tests-3G3ZdQ/debug/daemon/daemon.log
qwen serve listening on http://127.0.0.1:41255 (mode=http-bridge, workspace=/tmp/qws-health-dedupe-DH90Us)
qwen serve: bound to workspace "/tmp/qws-health-dedupe-DH90Us"
qwen serve: startup timing: processToListenMs=16594 runQwenServeToListenMs=3
qwen serve: trusted loopback mode; local callers have full API access without bearer authentication, including code execution as the daemon user. Use --require-auth with QWEN_SERVER_TOKEN on shared or untrusted hosts.
2026-10-03T08:39:03.198Z [INFO] [DAEMON] deferred runtime: scheduling fallback start in 1000ms
2026-10-03T08:39:03.201Z [INFO] [DAEMON] deferred runtime: health served, scheduling start in 50ms
2026-10-03T08:39:03.252Z [INFO] [DAEMON] deferred runtime: health timer fired, starting
2026-10-03T08:39:03.253Z [INFO] [DAEMON] ideEnvPresent=false primary=/tmp/qws-health-dedupe-DH90Us secondary= daemon workspace roots initialized
2026-10-03T08:39:03.260Z [WARN] [DAEMON] session-pr-refresh load failed: [vitest] There was an error when mocking a module. If you are using "vi.mock" factory, make sure there are no top level variables inside, since this call is hoisted to top of the file. Read more: https://vitest.dev/api/vi.html#vi-mock
qwen serve: /acp WebSocket transport enabled on /acp
qwen serve: bridge error (POST /session): Error: transport closed
    at spawnImpl (/root/verify/pr11071-r4/head/packages/cli/src/serve/server.test.ts:14470:17)
    at Object.spawnOrAttach (/root/verify/pr11071-r4/head/packages/cli/src/serve/server.test.ts:2455:22)
    at /root/verify/pr11071-r4/head/packages/cli/src/serve/routes/session.ts:3306:23
2026-10-03T08:39:03.354Z [INFO] [DAEMON] daemon stopped
qwen serve: scrubbed inherited loader env vars from the daemon process; session subprocesses will not inherit them: npm_config_userconfig, npm_config_prefix, npm_config_node_gyp, npm_config_globalconfig, npm_config_init_module
2026-10-03T08:39:03.360Z [INFO] [DAEMON] projectMemoryScope=workspace projectMemoryScopeRaw=workspace projectMemoryScopeSource=default project memory scope resolved
2026-10-03T08:39:03.360Z [INFO] [DAEMON] removedKeys=npm_config_userconfig,npm_config_prefix,npm_config_node_gyp,npm_config_globalconfig,npm_config_init_module scrubbed inherited loader env vars from the daemon process; session subprocesses will not inherit them
qwen serve: daemon log → /tmp/qws-run-serve-tests-3G3ZdQ/debug/daemon/daemon.log
qwen serve listening on http://127.0.0.1:33675 (mode=http-bridge, workspace=/tmp/qws-runtime-route-start-OWWMWJ)
qwen serve: bound to workspace "/tmp/qws-runtime-route-start-OWWMWJ"
qwen serve: startup timing: processToListenMs=16757 runQwenServeToListenMs=3
qwen serve: trusted loopback mode; local callers have full API access without bearer authentication, including code execution as the daemon user. Use --require-auth with QWEN_SERVER_TOKEN on shared or untrusted hosts.
2026-10-03T08:39:03.361Z [INFO] [DAEMON] deferred runtime: scheduling fallback start in 1000ms
2026-10-03T08:39:03.412Z [INFO] [DAEMON] ideEnvPresent=false primary=/tmp/qws-runtime-route-start-OWWMWJ secondary= daemon workspace roots initialized
2026-10-03T08:39:03.413Z [WARN] [DAEMON] session-pr-refresh load failed: [vitest] There was an error when mocking a module. If you are using "vi.mock" factory, make sure there are no top level variables inside, since this call is hoisted to top of the file. Read more: https://vitest.dev/api/vi.html#vi-mock
2026-10-03T08:39:03.415Z [INFO] [DAEMON] daemon stopped
qwen serve: scrubbed inherited loader env vars from the daemon process; session subprocesses will not inherit them: npm_config_userconfig, npm_config_prefix, npm_config_node_gyp, npm_config_globalconfig, npm_config_init_module
2026-10-03T08:39:03.420Z [INFO] [DAEMON] projectMemoryScope=workspace projectMemoryScopeRaw=workspace projectMemoryScopeSource=default project memory scope resolved
2026-10-03T08:39:03.420Z [INFO] [DAEMON] removedKeys=npm_config_userconfig,npm_config_prefix,npm_config_node_gyp,npm_config_globalconfig,npm_config_init_module scrubbed inherited loader env vars from the daemon process; session subprocesses will not inherit them
qwen serve: daemon log → /tmp/qws-run-serve-tests-3G3ZdQ/debug/daemon/daemon.log
qwen serve listening on http://127.0.0.1:39045 (mode=http-bridge, workspace=/tmp/qws-runtime-route-auth-BRIxPF)
qwen serve: bound to workspace "/tmp/qws-runtime-route-auth-BRIxPF"
qwen serve: startup timing: processToListenMs=16816 runQwenServeToListenMs=2
2026-10-03T08:39:03.420Z [INFO] [DAEMON] deferred runtime: scheduling fallback start in 1000ms
2026-10-03T08:39:03.424Z [INFO] [DAEMON] ideEnvPresent=false primary=/tmp/qws-runtime-route-auth-BRIxPF secondary= daemon workspace roots initialized
2026-10-03T08:39:03.425Z [WARN] [DAEMON] session-pr-refresh load failed: [vitest] There was an error when mocking a module. If you are using "vi.mock" factory, make sure there are no top level variables inside, since this call is hoisted to top of the file. Read more: https://vitest.dev/api/vi.html#vi-mock
2026-10-03T08:39:03.426Z [INFO] [DAEMON] daemon stopped
qwen serve: scrubbed inherited loader env vars from the daemon process; session subprocesses will not inherit them: npm_config_userconfig, npm_config_prefix, npm_config_node_gyp, npm_config_globalconfig, npm_config_init_module
2026-10-03T08:39:03.431Z [INFO] [DAEMON] projectMemoryScope=workspace projectMemoryScopeRaw=workspace projectMemoryScopeSource=default project memory scope resolved
2026-10-03T08:39:03.431Z [INFO] [DAEMON] removedKeys=npm_config_userconfig,npm_config_prefix,npm_config_node_gyp,npm_config_globalconfig,npm_config_init_module scrubbed inherited loader env vars from the daemon process; session subprocesses will not inherit them
qwen serve: daemon log → /tmp/qws-run-serve-tests-3G3ZdQ/debug/daemon/daemon.log
qwen serve: Web Shell UI served from /tmp/qws-deferred-webshell-JXciOQ/web-shell
qwen serve listening on http://127.0.0.1:45013 (mode=http-bridge, workspace=/tmp/qws-deferred-webshell-JXciOQ)
qwen serve: bound to workspace "/tmp/qws-deferred-webshell-JXciOQ"
qwen serve: startup timing: processToListenMs=16828 runQwenServeToListenMs=2
2026-10-03T08:39:03.432Z [INFO] [DAEMON] deferred runtime: scheduling fallback start in 1000ms
2026-10-03T08:39:03.434Z [INFO] [DAEMON] ideEnvPresent=false primary=/tmp/qws-deferred-webshell-JXciOQ secondary= daemon workspace roots initialized
2026-10-03T08:39:03.443Z [WARN] [DAEMON] session-pr-refresh load failed: [vitest] There was an error when mocking a module. If you are using "vi.mock" factory, make sure there are no top level variables inside, since this call is hoisted to top of the file. Read more: https://vitest.dev/api/vi.html#vi-mock
qwen serve: /acp WebSocket transport enabled on /acp
2026-10-03T08:39:03.444Z [INFO] [DAEMON] route=HEAD /session/abc sessionId=abc durationMs=1 status=200 request completed
2026-10-03T08:39:03.447Z [INFO] [DAEMON] route=GET /session/abc sessionId=abc durationMs=1 status=200 request completed
2026-10-03T08:39:03.448Z [INFO] [DAEMON] daemon stopped
qwen serve: /acp WebSocket transport enabled on /acp
qwen serve: scrubbed inherited loader env vars from the daemon process; session subprocesses will not inherit them: npm_config_userconfig, npm_config_prefix, npm_config_node_gyp, npm_config_globalconfig, npm_config_init_module
2026-10-03T08:39:03.452Z [INFO] [DAEMON] projectMemoryScope=workspace projectMemoryScopeRaw=workspace projectMemoryScopeSource=default project memory scope resolved
2026-10-03T08:39:03.452Z [INFO] [DAEMON] removedKeys=npm_config_userconfig,npm_config_prefix,npm_config_node_gyp,npm_config_globalconfig,npm_config_init_module scrubbed inherited loader env vars from the daemon process; session subprocesses will not inherit them
qwen serve: daemon log → /tmp/qws-run-serve-tests-3G3ZdQ/debug/daemon/daemon.log
qwen serve: Web Shell UI served from /tmp/qws-deferred-root-5tPFQ5/web-shell
qwen serve listening on http://127.0.0.1:42955 (mode=http-bridge, workspace=/tmp/qws-deferred-root-5tPFQ5)
qwen serve: bound to workspace "/tmp/qws-deferred-root-5tPFQ5"
qwen serve: startup timing: processToListenMs=16849 runQwenServeToListenMs=2
2026-10-03T08:39:03.453Z [INFO] [DAEMON] deferred runtime: scheduling fallback start in 1000ms
2026-10-03T08:39:03.455Z [INFO] [DAEMON] ideEnvPresent=false primary=/tmp/qws-deferred-root-5tPFQ5 secondary= daemon workspace roots initialized
2026-10-03T08:39:03.462Z [WARN] [DAEMON] session-pr-refresh load failed: [vitest] There was an error when mocking a module. If you are using "vi.mock" factory, make sure there are no top level variables inside, since this call is hoisted to top of the file. Read more: https://vitest.dev/api/vi.html#vi-mock
qwen serve: /acp WebSocket transport enabled on /acp
2026-10-03T08:39:03.465Z [INFO] [DAEMON] route=GET / durationMs=1 status=200 request completed
2026-10-03T08:39:03.466Z [INFO] [DAEMON] daemon stopped
qwen serve: scrubbed inherited loader env vars from the daemon process; session subprocesses will not inherit them: npm_config_userconfig, npm_config_prefix, npm_config_node_gyp, npm_config_globalconfig, npm_config_init_module
2026-10-03T08:39:03.470Z [INFO] [DAEMON] projectMemoryScope=workspace projectMemoryScopeRaw=workspace projectMemoryScopeSource=default project memory scope resolved
2026-10-03T08:39:03.470Z [INFO] [DAEMON] removedKeys=npm_config_userconfig,npm_config_prefix,npm_config_node_gyp,npm_config_globalconfig,npm_config_init_module scrubbed inherited loader env vars from the daemon process; session subprocesses will not inherit them
qwen serve: daemon log → /tmp/qws-run-serve-tests-3G3ZdQ/debug/daemon/daemon.log
qwen serve: Web Shell UI served from /tmp/qws-bootstrap-selforigin-XVgiFv/web-shell
qwen serve: Web Shell UI is served WITHOUT auth on a non-loopback bind (the static shell has no secrets; the API stays token-gated). Pass --no-web to disable the UI.
qwen serve: same-origin Web Shell HTTP and WebSocket requests work without --allow-origin. Browsers reaching the daemon through a TLS-terminating proxy still need --allow-origin <origin>. A plain-HTTP intermediary that rewrites the Host header (nginx default proxy_set_header, k8s Ingress) needs --allow-origin <origin> for the origin the browser sees, unless it forwards Host verbatim; port translation alone (ssh -L, docker -p) is fine.
qwen serve listening on http://0.0.0.0:34891 (mode=http-bridge, workspace=/tmp/qws-bootstrap-selforigin-XVgiFv)
qwen serve: bound to workspace "/tmp/qws-bootstrap-selforigin-XVgiFv"
qwen serve: startup timing: processToListenMs=16867 runQwenServeToListenMs=2
2026-10-03T08:39:03.471Z [INFO] [DAEMON] deferred runtime: scheduling fallback start in 1000ms
2026-10-03T08:39:03.474Z [INFO] [DAEMON] deferred runtime: cancelled, server closed before startup
2026-10-03T08:39:03.474Z [INFO] [DAEMON] daemon stopped
qwen serve: scrubbed inherited loader env vars from the daemon process; session subprocesses will not inherit them: npm_config_userconfig, npm_config_prefix, npm_config_node_gyp, npm_config_globalconfig, npm_config_init_module
2026-10-03T08:39:03.478Z [INFO] [DAEMON] projectMemoryScope=workspace projectMemoryScopeRaw=workspace projectMemoryScopeSource=default project memory scope resolved
2026-10-03T08:39:03.478Z [INFO] [DAEMON] removedKeys=npm_config_userconfig,npm_config_prefix,npm_config_node_gyp,npm_config_globalconfig,npm_config_init_module scrubbed inherited loader env vars from the daemon process; session subprocesses will not inherit them
qwen serve: daemon log → /tmp/qws-run-serve-tests-3G3ZdQ/debug/daemon/daemon.log
qwen serve: Web Shell UI served from /tmp/qws-bootstrap-order-EBAWlU/web-shell
qwen serve listening on http://127.0.0.1:42363 (mode=http-bridge, workspace=/tmp/qws-bootstrap-order-EBAWlU)
qwen serve: bound to workspace "/tmp/qws-bootstrap-order-EBAWlU"
qwen serve: startup timing: processToListenMs=16875 runQwenServeToListenMs=2
2026-10-03T08:39:03.479Z [INFO] [DAEMON] deferred runtime: scheduling fallback start in 1000ms
2026-10-03T08:39:03.480Z [INFO] [DAEMON] deferred runtime: cancelled, server closed before startup
2026-10-03T08:39:03.480Z [INFO] [DAEMON] daemon stopped
qwen serve: scrubbed inherited loader env vars from the daemon process; session subprocesses will not inherit them: npm_config_userconfig, npm_config_prefix, npm_config_node_gyp, npm_config_globalconfig, npm_config_init_module
2026-10-03T08:39:03.484Z [INFO] [DAEMON] projectMemoryScope=workspace projectMemoryScopeRaw=workspace projectMemoryScopeSource=default project memory scope resolved
2026-10-03T08:39:03.484Z [INFO] [DAEMON] removedKeys=npm_config_userconfig,npm_config_prefix,npm_config_node_gyp,npm_config_globalconfig,npm_config_init_module scrubbed inherited loader env vars from the daemon process; session subprocesses will not inherit them
qwen serve: daemon log → /tmp/qws-run-serve-tests-3G3ZdQ/debug/daemon/daemon.log
qwen serve: Web Shell UI served from /tmp/qws-deferred-root-alias-MqpL8b/web-shell
qwen serve listening on http://127.0.0.1:41641 (mode=http-bridge, workspace=/tmp/qws-deferred-root-alias-MqpL8b)
qwen serve: bound to workspace "/tmp/qws-deferred-root-alias-MqpL8b"
qwen serve: startup timing: processToListenMs=16881 runQwenServeToListenMs=2
2026-10-03T08:39:03.485Z [INFO] [DAEMON] deferred runtime: scheduling fallback start in 1000ms
2026-10-03T08:39:03.487Z [INFO] [DAEMON] ideEnvPresent=false primary=/tmp/qws-deferred-root-alias-MqpL8b secondary= daemon workspace roots initialized
2026-10-03T08:39:03.495Z [WARN] [DAEMON] session-pr-refresh load failed: [vitest] There was an error when mocking a module. If you are using "vi.mock" factory, make sure there are no top level variables inside, since this call is hoisted to top of the file. Read more: https://vitest.dev/api/vi.html#vi-mock
qwen serve: /acp WebSocket transport enabled on /acp
2026-10-03T08:39:03.497Z [INFO] [DAEMON] route=GET // durationMs=1 status=200 request completed
2026-10-03T08:39:03.498Z [INFO] [DAEMON] daemon stopped
qwen serve: scrubbed inherited loader env vars from the daemon process; session subprocesses will not inherit them: npm_config_userconfig, npm_config_prefix, npm_config_node_gyp, npm_config_globalconfig, npm_config_init_module
2026-10-03T08:39:03.502Z [INFO] [DAEMON] projectMemoryScope=workspace projectMemoryScopeRaw=workspace projectMemoryScopeSource=default project memory scope resolved
2026-10-03T08:39:03.502Z [INFO] [DAEMON] removedKeys=npm_config_userconfig,npm_config_prefix,npm_config_node_gyp,npm_config_globalconfig,npm_config_init_module scrubbed inherited loader env vars from the daemon process; session subprocesses will not inherit them
qwen serve: daemon log → /tmp/qws-run-serve-tests-3G3ZdQ/debug/daemon/daemon.log
qwen serve: Web Shell UI served from /tmp/qws-deferred-predicate-fail-0epaZc/web-shell
qwen serve listening on http://127.0.0.1:34423 (mode=http-bridge, workspace=/tmp/qws-deferred-predicate-fail-0epaZc)
qwen serve: bound to workspace "/tmp/qws-deferred-predicate-fail-0epaZc"
qwen serve: startup timing: processToListenMs=16899 runQwenServeToListenMs=2
2026-10-03T08:39:03.503Z [INFO] [DAEMON] deferred runtime: scheduling fallback start in 1000ms
qwen serve: /acp WS established 85379329 (loopback=true, active=1)
2026-10-03T08:39:03.506Z [INFO] [DAEMON] ideEnvPresent=false primary=/tmp/qws-deferred-predicate-fail-0epaZc secondary= daemon workspace roots initialized
qwen serve: /acp dispatch error (session/new): Session "550e8400-e29b-41d4-a716-446655440003" already exists or is being created.
qwen serve: /acp WS closed (85379329)
2026-10-03T08:39:03.513Z [WARN] [DAEMON] session-pr-refresh load failed: [vitest] There was an error when mocking a module. If you are using "vi.mock" factory, make sure there are no top level variables inside, since this call is hoisted to top of the file. Read more: https://vitest.dev/api/vi.html#vi-mock
qwen serve: bridge error (POST /session): Error: spawn boom
    at spawnImpl (/root/verify/pr11071-r4/head/packages/cli/src/serve/server.test.ts:14829:35)
    at Object.spawnOrAttach (/root/verify/pr11071-r4/head/packages/cli/src/serve/server.test.ts:2455:28)
    at /root/verify/pr11071-r4/head/packages/cli/src/serve/routes/session.ts:3306:44
qwen serve: /acp WebSocket transport enabled on /acp
2026-10-03T08:39:03.517Z [INFO] [DAEMON] route=GET /session/abc sessionId=abc durationMs=1 status=200 request completed
2026-10-03T08:39:03.517Z [INFO] [DAEMON] daemon stopped
qwen serve: scrubbed inherited loader env vars from the daemon process; session subprocesses will not inherit them: npm_config_userconfig, npm_config_prefix, npm_config_node_gyp, npm_config_globalconfig, npm_config_init_module
2026-10-03T08:39:03.522Z [INFO] [DAEMON] projectMemoryScope=workspace projectMemoryScopeRaw=workspace projectMemoryScopeSource=default project memory scope resolved
2026-10-03T08:39:03.522Z [INFO] [DAEMON] removedKeys=npm_config_userconfig,npm_config_prefix,npm_config_node_gyp,npm_config_globalconfig,npm_config_init_module scrubbed inherited loader env vars from the daemon process; session subprocesses will not inherit them
qwen serve: daemon log → /tmp/qws-run-serve-tests-3G3ZdQ/debug/daemon/daemon.log
qwen serve: Web Shell UI served from /tmp/qws-deferred-assets-EFWmLc/web-shell
qwen serve listening on http://127.0.0.1:46205 (mode=http-bridge, workspace=/tmp/qws-deferred-assets-EFWmLc)
qwen serve: bound to workspace "/tmp/qws-deferred-assets-EFWmLc"
qwen serve: startup timing: processToListenMs=16918 runQwenServeToListenMs=2
2026-10-03T08:39:03.522Z [INFO] [DAEMON] deferred runtime: scheduling fallback start in 1000ms
2026-10-03T08:39:03.525Z [INFO] [DAEMON] ideEnvPresent=false primary=/tmp/qws-deferred-assets-EFWmLc secondary= daemon workspace roots initialized
2026-10-03T08:39:03.531Z [WARN] [DAEMON] session-pr-refresh load failed: [vitest] There was an error when mocking a module. If you are using "vi.mock" factory, make sure there are no top level variables inside, since this call is hoisted to top of the file. Read more: https://vitest.dev/api/vi.html#vi-mock
qwen serve: /acp WebSocket transport enabled on /acp
2026-10-03T08:39:03.535Z [INFO] [DAEMON] route=GET /assets/fixture.js durationMs=2 status=200 request completed
2026-10-03T08:39:03.536Z [INFO] [DAEMON] daemon stopped
qwen serve: scrubbed inherited loader env vars from the daemon process; session subprocesses will not inherit them: npm_config_userconfig, npm_config_prefix, npm_config_node_gyp, npm_config_globalconfig, npm_config_init_module
2026-10-03T08:39:03.540Z [INFO] [DAEMON] projectMemoryScope=workspace projectMemoryScopeRaw=workspace projectMemoryScopeSource=default project memory scope resolved
2026-10-03T08:39:03.540Z [INFO] [DAEMON] removedKeys=npm_config_userconfig,npm_config_prefix,npm_config_node_gyp,npm_config_globalconfig,npm_config_init_module scrubbed inherited loader env vars from the daemon process; session subprocesses will not inherit them
qwen serve: daemon log → /tmp/qws-run-serve-tests-3G3ZdQ/debug/daemon/daemon.log
qwen serve: Web Shell UI served from /tmp/qws-deferred-assets-bare-zfgSqC/web-shell
qwen serve listening on http://127.0.0.1:46735 (mode=http-bridge, workspace=/tmp/qws-deferred-assets-bare-zfgSqC)
qwen serve: bound to workspace "/tmp/qws-deferred-assets-bare-zfgSqC"
qwen serve: startup timing: processToListenMs=16937 runQwenServeToListenMs=2
2026-10-03T08:39:03.541Z [INFO] [DAEMON] deferred runtime: scheduling fallback start in 1000ms
2026-10-03T08:39:03.543Z [INFO] [DAEMON] ideEnvPresent=false primary=/tmp/qws-deferred-assets-bare-zfgSqC secondary= daemon workspace roots initialized
2026-10-03T08:39:03.550Z [WARN] [DAEMON] session-pr-refresh load failed: [vitest] There was an error when mocking a module. If you are using "vi.mock" factory, make sure there are no top level variables inside, since this call is hoisted to top of the file. Read more: https://vitest.dev/api/vi.html#vi-mock
qwen serve: /acp WebSocket transport enabled on /acp
2026-10-03T08:39:03.552Z [INFO] [DAEMON] route=GET /assets durationMs=0 status=301 request completed
2026-10-03T08:39:03.554Z [INFO] [DAEMON] daemon stopped
qwen serve: scrubbed inherited loader env vars from the daemon process; session subprocesses will not inherit them: npm_config_userconfig, npm_config_prefix, npm_config_node_gyp, npm_config_globalconfig, npm_config_init_module
2026-10-03T08:39:03.559Z [INFO] [DAEMON] projectMemoryScope=workspace projectMemoryScopeRaw=workspace projectMemoryScopeSource=default project memory scope resolved
2026-10-03T08:39:03.559Z [INFO] [DAEMON] removedKeys=npm_config_userconfig,npm_config_prefix,npm_config_node_gyp,npm_config_globalconfig,npm_config_init_module scrubbed inherited loader env vars from the daemon process; session subprocesses will not inherit them
qwen serve: daemon log → /tmp/qws-run-serve-tests-3G3ZdQ/debug/daemon/daemon.log
qwen serve: Web Shell UI served from /tmp/qws-deferred-shapes-kEzwVm/web-shell
qwen serve listening on http://127.0.0.1:37751 (mode=http-bridge, workspace=/tmp/qws-deferred-shapes-kEzwVm)
qwen serve: bound to workspace "/tmp/qws-deferred-shapes-kEzwVm"
qwen serve: startup timing: processToListenMs=16955 runQwenServeToListenMs=2
2026-10-03T08:39:03.559Z [INFO] [DAEMON] deferred runtime: scheduling fallback start in 1000ms
2026-10-03T08:39:03.562Z [INFO] [DAEMON] ideEnvPresent=false primary=/tmp/qws-deferred-shapes-kEzwVm secondary= daemon workspace roots initialized
2026-10-03T08:39:03.568Z [WARN] [DAEMON] session-pr-refresh load failed: [vitest] There was an error when mocking a module. If you are using "vi.mock" factory, make sure there are no top level variables inside, since this call is hoisted to top of the file. Read more: https://vitest.dev/api/vi.html#vi-mock
qwen serve: /acp WebSocket transport enabled on /acp
2026-10-03T08:39:03.572Z [INFO] [DAEMON] route=GET /Session/abc/ durationMs=3 status=200 request completed
2026-10-03T08:39:03.572Z [INFO] [DAEMON] daemon stopped
qwen serve: scrubbed inherited loader env vars from the daemon process; session subprocesses will not inherit them: npm_config_userconfig, npm_config_prefix, npm_config_node_gyp, npm_config_globalconfig, npm_config_init_module
2026-10-03T08:39:03.577Z [INFO] [DAEMON] projectMemoryScope=workspace projectMemoryScopeRaw=workspace projectMemoryScopeSource=default project memory scope resolved
2026-10-03T08:39:03.577Z [INFO] [DAEMON] removedKeys=npm_config_userconfig,npm_config_prefix,npm_config_node_gyp,npm_config_globalconfig,npm_config_init_module scrubbed inherited loader env vars from the daemon process; session subprocesses will not inherit them
qwen serve: daemon log → /tmp/qws-run-serve-tests-3G3ZdQ/debug/daemon/daemon.log
qwen serve: Web Shell UI served from /tmp/qws-deferred-query-rekEHe/web-shell
qwen serve listening on http://127.0.0.1:34621 (mode=http-bridge, workspace=/tmp/qws-deferred-query-rekEHe)
qwen serve: bound to workspace "/tmp/qws-deferred-query-rekEHe"
qwen serve: startup timing: processToListenMs=16973 runQwenServeToListenMs=2
2026-10-03T08:39:03.577Z [INFO] [DAEMON] deferred runtime: scheduling fallback start in 1000ms
qwen serve: workspace_mismatch (POST /session): runtime bound to "/work/bound", rejected "/work/different"
2026-10-03T08:39:03.580Z [INFO] [DAEMON] ideEnvPresent=false primary=/tmp/qws-deferred-query-rekEHe secondary= daemon workspace roots initialized
2026-10-03T08:39:03.586Z [WARN] [DAEMON] session-pr-refresh load failed: [vitest] There was an error when mocking a module. If you are using "vi.mock" factory, make sure there are no top level variables inside, since this call is hoisted to top of the file. Read more: https://vitest.dev/api/vi.html#vi-mock
qwen serve: /acp WebSocket transport enabled on /acp
2026-10-03T08:39:03.589Z [INFO] [DAEMON] route=GET /session/abc/ sessionId=abc durationMs=2 status=200 request completed
2026-10-03T08:39:03.589Z [INFO] [DAEMON] daemon stopped
qwen serve: scrubbed inherited loader env vars from the daemon process; session subprocesses will not inherit them: npm_config_userconfig, npm_config_prefix, npm_config_node_gyp, npm_config_globalconfig, npm_config_init_module
2026-10-03T08:39:03.595Z [INFO] [DAEMON] projectMemoryScope=workspace projectMemoryScopeRaw=workspace projectMemoryScopeSource=default project memory scope resolved
2026-10-03T08:39:03.595Z [INFO] [DAEMON] removedKeys=npm_config_userconfig,npm_config_prefix,npm_config_node_gyp,npm_config_globalconfig,npm_config_init_module scrubbed inherited loader env vars from the daemon process; session subprocesses will not inherit them
qwen serve: daemon log → /tmp/qws-run-serve-tests-3G3ZdQ/debug/daemon/daemon.log
qwen serve: Web Shell UI served from /tmp/qws-deferred-webshell-gate-kgf5Ec/web-shell
qwen serve listening on http://127.0.0.1:34015 (mode=http-bridge, workspace=/tmp/qws-deferred-webshell-gate-kgf5Ec)
qwen serve: bound to workspace "/tmp/qws-deferred-webshell-gate-kgf5Ec"
qwen serve: startup timing: processToListenMs=16992 runQwenServeToListenMs=2
2026-10-03T08:39:03.596Z [INFO] [DAEMON] deferred runtime: scheduling fallback start in 1000ms
2026-10-03T08:39:03.598Z [INFO] [DAEMON] deferred runtime: cancelled, server closed before startup
2026-10-03T08:39:03.598Z [INFO] [DAEMON] daemon stopped
qwen serve: scrubbed inherited loader env vars from the daemon process; session subprocesses will not inherit them: npm_config_userconfig, npm_config_prefix, npm_config_node_gyp, npm_config_globalconfig, npm_config_init_module
2026-10-03T08:39:03.602Z [INFO] [DAEMON] projectMemoryScope=workspace projectMemoryScopeRaw=workspace projectMemoryScopeSource=default project memory scope resolved
2026-10-03T08:39:03.602Z [INFO] [DAEMON] removedKeys=npm_config_userconfig,npm_config_prefix,npm_config_node_gyp,npm_config_globalconfig,npm_config_init_module scrubbed inherited loader env vars from the daemon process; session subprocesses will not inherit them
qwen serve: daemon log → /tmp/qws-run-serve-tests-3G3ZdQ/debug/daemon/daemon.log
qwen serve listening on http://127.0.0.1:43679 (mode=http-bridge, workspace=/tmp/qws-deferred-noweb-LVDVyk)
qwen serve: bound to workspace "/tmp/qws-deferred-noweb-LVDVyk"
qwen serve: startup timing: processToListenMs=16999 runQwenServeToListenMs=2
2026-10-03T08:39:03.603Z [INFO] [DAEMON] deferred runtime: scheduling fallback start in 1000ms
2026-10-03T08:39:03.604Z [INFO] [DAEMON] deferred runtime: cancelled, server closed before startup
2026-10-03T08:39:03.604Z [INFO] [DAEMON] daemon stopped
qwen serve: scrubbed inherited loader env vars from the daemon process; session subprocesses will not inherit them: npm_config_userconfig, npm_config_prefix, npm_config_node_gyp, npm_config_globalconfig, npm_config_init_module
2026-10-03T08:39:03.608Z [INFO] [DAEMON] projectMemoryScope=workspace projectMemoryScopeRaw=workspace projectMemoryScopeSource=default project memory scope resolved
2026-10-03T08:39:03.609Z [INFO] [DAEMON] removedKeys=npm_config_userconfig,npm_config_prefix,npm_config_node_gyp,npm_config_globalconfig,npm_config_init_module scrubbed inherited loader env vars from the daemon process; session subprocesses will not inherit them
qwen serve: daemon log → /tmp/qws-run-serve-tests-3G3ZdQ/debug/daemon/daemon.log
qwen serve: Web Shell UI served from /tmp/qws-deferred-webshell-fail-MPIWL8/web-shell
qwen serve listening on http://127.0.0.1:44989 (mode=http-bridge, workspace=/tmp/qws-deferred-webshell-fail-MPIWL8)
qwen serve: bound to workspace "/tmp/qws-deferred-webshell-fail-MPIWL8"
qwen serve: startup timing: processToListenMs=17005 runQwenServeToListenMs=2
2026-10-03T08:39:03.609Z [INFO] [DAEMON] deferred runtime: scheduling fallback start in 1000ms
2026-10-03T08:39:03.611Z [INFO] [DAEMON] ideEnvPresent=false primary=/tmp/qws-deferred-webshell-fail-MPIWL8 secondary= daemon workspace roots initialized
qwen serve: runtime startup failed: runtime boom
2026-10-03T08:39:03.612Z [ERROR] [DAEMON] runtime startup failed
  Error: runtime boom
      at Object.createBridge (/root/verify/pr11071-r4/head/packages/cli/src/serve/run-qwen-serve.test.ts:11324:15)
      at Object.<anonymous> (/root/verify/pr11071-r4/head/packages/cli/src/serve/run-qwen-serve.test.ts:1094:21)
      at Object.mockCall (file:///root/verify/pr11071-r4/head/node_modules/@vitest/spy/dist/index.js:96:15)
      at Object.createAcpSessionBridge (file:///root/verify/pr11071-r4/head/node_modules/tinyspy/dist/index.js:47:103)
      at buildRuntime (/root/verify/pr11071-r4/head/packages/cli/src/serve/run-qwen-serve.ts:6114:15)
2026-10-03T08:39:03.615Z [INFO] [DAEMON] daemon stopped
qwen serve: scrubbed inherited loader env vars from the daemon process; session subprocesses will not inherit them: npm_config_userconfig, npm_config_prefix, npm_config_node_gyp, npm_config_globalconfig, npm_config_init_module
2026-10-03T08:39:03.620Z [INFO] [DAEMON] projectMemoryScope=workspace projectMemoryScopeRaw=workspace projectMemoryScopeSource=default project memory scope resolved
2026-10-03T08:39:03.621Z [INFO] [DAEMON] removedKeys=npm_config_userconfig,npm_config_prefix,npm_config_node_gyp,npm_config_globalconfig,npm_config_init_module scrubbed inherited loader env vars from the daemon process; session subprocesses will not inherit them
qwen serve: daemon log → /tmp/qws-run-serve-tests-3G3ZdQ/debug/daemon/daemon.log
qwen serve listening on http://127.0.0.1:38545 (mode=http-bridge, workspace=/tmp/qws-runtime-webhook-start-tSoZ1D)
qwen serve: bound to workspace "/tmp/qws-runtime-webhook-start-tSoZ1D"
qwen serve: startup timing: processToListenMs=17018 runQwenServeToListenMs=4
2026-10-03T08:39:03.622Z [INFO] [DAEMON] deferred runtime: scheduling fallback start in 1000ms
2026-10-03T08:39:03.625Z [INFO] [DAEMON] ideEnvPresent=false primary=/tmp/qws-runtime-webhook-start-tSoZ1D secondary= daemon workspace roots initialized
qwen serve: /acp WebSocket transport enabled on /acp
2026-10-03T08:39:03.633Z [WARN] [DAEMON] session-pr-refresh load failed: [vitest] There was an error when mocking a module. If you are using "vi.mock" factory, make sure there are no top level variables inside, since this call is hoisted to top of the file. Read more: https://vitest.dev/api/vi.html#vi-mock
2026-10-03T08:39:03.634Z [INFO] [DAEMON] channelName=dingtalk-main eventType=ci_failed source="github ci" targetRef=default channel webhook task accepted
2026-10-03T08:39:03.634Z [INFO] [DAEMON] route=POST /channels/dingtalk-main/webhooks/github%20ci durationMs=1 status=202 request completed
2026-10-03T08:39:03.637Z [INFO] [DAEMON] daemon stopped
qwen serve listening on http://127.0.0.1:43375 (mode=http-bridge, workspace=/tmp/qws-runtime-webhook-auth-FZAE84)
qwen serve listening on http://127.0.0.1:44253 (mode=http-bridge, workspace=/tmp/qws-runtime-webhook-log-uCAXSQ)
qwen serve: bridge error (POST /session): Error: boom
    at spawnImpl (/root/verify/pr11071-r4/head/packages/cli/src/serve/server.test.ts:15225:17)
    at Object.spawnOrAttach (/root/verify/pr11071-r4/head/packages/cli/src/serve/server.test.ts:2455:28)
    at /root/verify/pr11071-r4/head/packages/cli/src/serve/routes/session.ts:3306:44
    at Layer.handleRequest (/root/verify/pr11071-r4/head/node_modules/router/lib/layer.js:152:17)
    at next (/root/verify/pr11071-r4/head/node_modules/router/lib/route.js:157:13)
    at passthrough (/root/verify/pr11071-r4/head/packages/cli/src/serve/auth.ts:607:8)
    at Layer.handleRequest (/root/verify/pr11071-r4/head/node_modules/router/lib/layer.js:152:17)
    at next (/root/verify/pr11071-r4/head/node_modules/router/lib/route.js:157:13)
    at Route.dispatch (/root/verify/pr11071-r4/head/node_modules/router/lib/route.js:117:3)
    at handle (/root/verify/pr11071-r4/head/node_modules/router/index.js:435:11)
qwen serve: scrubbed inherited loader env vars from the daemon process; session subprocesses will not inherit them: npm_config_userconfig, npm_config_prefix, npm_config_node_gyp, npm_config_globalconfig, npm_config_init_module
qwen serve: --allow-origin: http://localhost:5173
2026-10-03T08:39:03.658Z [INFO] [DAEMON] projectMemoryScope=workspace projectMemoryScopeRaw=workspace projectMemoryScopeSource=default project memory scope resolved
2026-10-03T08:39:03.658Z [INFO] [DAEMON] removedKeys=npm_config_userconfig,npm_config_prefix,npm_config_node_gyp,npm_config_globalconfig,npm_config_init_module scrubbed inherited loader env vars from the daemon process; session subprocesses will not inherit them
qwen serve: daemon log → /tmp/qws-run-serve-tests-3G3ZdQ/debug/daemon/daemon.log
qwen serve listening on http://127.0.0.1:41205 (mode=http-bridge, workspace=/tmp/qws-runtime-preflight-obaYlA)
qwen serve: bound to workspace "/tmp/qws-runtime-preflight-obaYlA"
qwen serve: startup timing: processToListenMs=17054 runQwenServeToListenMs=2
2026-10-03T08:39:03.658Z [INFO] [DAEMON] deferred runtime: scheduling fallback start in 1000ms
2026-10-03T08:39:03.659Z [INFO] [DAEMON] deferred runtime: cancelled, server closed before startup
2026-10-03T08:39:03.659Z [INFO] [DAEMON] daemon stopped
qwen serve: scrubbed inherited loader env vars from the daemon process; session subprocesses will not inherit them: npm_config_userconfig, npm_config_prefix, npm_config_node_gyp, npm_config_globalconfig, npm_config_init_module
2026-10-03T08:39:03.664Z [INFO] [DAEMON] projectMemoryScope=workspace projectMemoryScopeRaw=workspace projectMemoryScopeSource=default project memory scope resolved
2026-10-03T08:39:03.664Z [INFO] [DAEMON] removedKeys=npm_config_userconfig,npm_config_prefix,npm_config_node_gyp,npm_config_globalconfig,npm_config_init_module scrubbed inherited loader env vars from the daemon process; session subprocesses will not inherit them
qwen serve: daemon log → /tmp/qws-run-serve-tests-3G3ZdQ/debug/daemon/daemon.log
qwen serve listening on http://127.0.0.1:39509 (mode=http-bridge, workspace=/tmp/qws-bootstrap-method-FvSQg6)
qwen serve: bound to workspace "/tmp/qws-bootstrap-method-FvSQg6"
qwen serve: startup timing: processToListenMs=17061 runQwenServeToListenMs=2
qwen serve: trusted loopback mode; local callers have full API access without bearer authentication, including code execution as the daemon user. Use --require-auth with QWEN_SERVER_TOKEN on shared or untrusted hosts.
2026-10-03T08:39:03.665Z [INFO] [DAEMON] deferred runtime: scheduling fallback start in 1000ms
2026-10-03T08:39:03.666Z [INFO] [DAEMON] deferred runtime: cancelled, server closed before startup
2026-10-03T08:39:03.666Z [INFO] [DAEMON] daemon stopped
qwen serve: scrubbed inherited loader env vars from the daemon process; session subprocesses will not inherit them: npm_config_userconfig, npm_config_prefix, npm_config_node_gyp, npm_config_globalconfig, npm_config_init_module
2026-10-03T08:39:03.670Z [INFO] [DAEMON] projectMemoryScope=workspace projectMemoryScopeRaw=workspace projectMemoryScopeSource=default project memory scope resolved
2026-10-03T08:39:03.670Z [INFO] [DAEMON] removedKeys=npm_config_userconfig,npm_config_prefix,npm_config_node_gyp,npm_config_globalconfig,npm_config_init_module scrubbed inherited loader env vars from the daemon process; session subprocesses will not inherit them
qwen serve: daemon log → /tmp/qws-run-serve-tests-3G3ZdQ/debug/daemon/daemon.log
qwen serve listening on http://127.0.0.1:42129 (mode=http-bridge, workspace=/tmp/qws-bootstrap-trailing-Yollbt)
qwen serve: bound to workspace "/tmp/qws-bootstrap-trailing-Yollbt"
qwen serve: startup timing: processToListenMs=17067 runQwenServeToListenMs=2
qwen serve: trusted loopback mode; local callers have full API access without bearer authentication, including code execution as the daemon user. Use --require-auth with QWEN_SERVER_TOKEN on shared or untrusted hosts.
2026-10-03T08:39:03.671Z [INFO] [DAEMON] deferred runtime: scheduling fallback start in 1000ms
2026-10-03T08:39:03.672Z [INFO] [DAEMON] deferred runtime: health served, scheduling start in 50ms
2026-10-03T08:39:03.672Z [INFO] [DAEMON] deferred runtime: cancelled, server closed before startup
2026-10-03T08:39:03.672Z [INFO] [DAEMON] daemon stopped
qwen serve: scrubbed inherited loader env vars from the daemon process; session subprocesses will not inherit them: npm_config_userconfig, npm_config_prefix, npm_config_node_gyp, npm_config_globalconfig, npm_config_init_module
2026-10-03T08:39:03.677Z [INFO] [DAEMON] projectMemoryScope=workspace projectMemoryScopeRaw=workspace projectMemoryScopeSource=default project memory scope resolved
2026-10-03T08:39:03.677Z [INFO] [DAEMON] removedKeys=npm_config_userconfig,npm_config_prefix,npm_config_node_gyp,npm_config_globalconfig,npm_config_init_module scrubbed inherited loader env vars from the daemon process; session subprocesses will not inherit them
qwen serve: daemon log → /tmp/qws-run-serve-tests-3G3ZdQ/debug/daemon/daemon.log
qwen serve listening on http://127.0.0.1:40165 (mode=http-bridge, workspace=/tmp/qws-runtime-route-fail-iHe7XW)
qwen serve: bound to workspace "/tmp/qws-runtime-route-fail-iHe7XW"
qwen serve: startup timing: processToListenMs=17073 runQwenServeToListenMs=2
qwen serve: trusted loopback mode; local callers have full API access without bearer authentication, including code execution as the daemon user. Use --require-auth with QWEN_SERVER_TOKEN on shared or untrusted hosts.
2026-10-03T08:39:03.677Z [INFO] [DAEMON] deferred runtime: scheduling fallback start in 1000ms
2026-10-03T08:39:03.681Z [INFO] [DAEMON] ideEnvPresent=false primary=/tmp/qws-runtime-route-fail-iHe7XW secondary= daemon workspace roots initialized
qwen serve: runtime startup failed: runtime boom
2026-10-03T08:39:03.682Z [ERROR] [DAEMON] runtime startup failed
  Error: runtime boom
      at Object.<anonymous> (/root/verify/pr11071-r4/head/packages/cli/src/serve/run-qwen-serve.test.ts:11892:15)
      at Object.mockCall (file:///root/verify/pr11071-r4/head/node_modules/@vitest/spy/dist/index.js:96:15)
      at Object.createAcpSessionBridge (file:///root/verify/pr11071-r4/head/node_modules/tinyspy/dist/index.js:47:103)
      at buildRuntime (/root/verify/pr11071-r4/head/packages/cli/src/serve/run-qwen-serve.ts:6114:15)
2026-10-03T08:39:03.683Z [INFO] [DAEMON] daemon stopped
qwen serve: scrubbed inherited loader env vars from the daemon process; session subprocesses will not inherit them: npm_config_userconfig, npm_config_prefix, npm_config_node_gyp, npm_config_globalconfig, npm_config_init_module
2026-10-03T08:39:03.687Z [INFO] [DAEMON] projectMemoryScope=workspace projectMemoryScopeRaw=workspace projectMemoryScopeSource=default project memory scope resolved
2026-10-03T08:39:03.687Z [INFO] [DAEMON] removedKeys=npm_config_userconfig,npm_config_prefix,npm_config_node_gyp,npm_config_globalconfig,npm_config_init_module scrubbed inherited loader env vars from the daemon process; session subprocesses will not inherit them
qwen serve: daemon log → /tmp/qws-run-serve-tests-3G3ZdQ/debug/daemon/daemon.log
qwen serve listening on http://127.0.0.1:42581 (mode=http-bridge, workspace=/tmp/qws-health-fallback-AF4TqY)
qwen serve: bound to workspace "/tmp/qws-health-fallback-AF4TqY"
qwen serve: startup timing: processToListenMs=17084 runQwenServeToListenMs=2
qwen serve: trusted loopback mode; local callers have full API access without bearer authentication, including code execution as the daemon user. Use --require-auth with QWEN_SERVER_TOKEN on shared or untrusted hosts.
2026-10-03T08:39:03.688Z [INFO] [DAEMON] deferred runtime: scheduling fallback start in 1000ms
qwen serve: bridge error (POST /session): Error: spawn failed
    at spawnImpl (/root/verify/pr11071-r4/head/packages/cli/src/serve/server.test.ts:16432:17)
    at Object.spawnOrAttach (/root/verify/pr11071-r4/head/packages/cli/src/serve/server.test.ts:2455:28)
    at /root/verify/pr11071-r4/head/packages/cli/src/serve/routes/session.ts:3306:44
    at processTicksAndRejections (node:internal/process/task_queues:103:5)
qwen serve: bridge error (POST /session): Error: spawn failed
    at spawnImpl (/root/verify/pr11071-r4/head/packages/cli/src/serve/server.test.ts:16475:17)
    at Object.spawnOrAttach (/root/verify/pr11071-r4/head/packages/cli/src/serve/server.test.ts:2455:28)
    at /root/verify/pr11071-r4/head/packages/cli/src/serve/routes/session.ts:3306:44
    at processTicksAndRejections (node:internal/process/task_queues:103:5)
qwen serve: bridge error (POST /session/:id/load session=persisted-secondary): Error: summary exploded
    at summaryImpl (/root/verify/pr11071-r4/head/packages/cli/src/serve/server.test.ts:18148:17)
    at Object.getSessionSummary (/root/verify/pr11071-r4/head/packages/cli/src/serve/server.test.ts:2549:14)
    at scanLiveOwners (/root/verify/pr11071-r4/head/packages/cli/src/serve/workspace-registry.ts:344:24)
    at Object.resolveLiveSessionOwner (/root/verify/pr11071-r4/head/packages/cli/src/serve/workspace-registry.ts:605:11)
    at resolveRuntimeForSessionRestore (/root/verify/pr11071-r4/head/packages/cli/src/serve/routes/session.ts:1840:41)
    at /root/verify/pr11071-r4/head/packages/cli/src/serve/routes/session.ts:3823:33
    at Layer.handleRequest (/root/verify/pr11071-r4/head/node_modules/router/lib/layer.js:152:17)
    at next (/root/verify/pr11071-r4/head/node_modules/router/lib/route.js:157:13)
    at passthrough (/root/verify/pr11071-r4/head/packages/cli/src/serve/auth.ts:607:8)
    at Layer.handleRequest (/root/verify/pr11071-r4/head/node_modules/router/lib/layer.js:152:17)
qwen serve: bridge error (POST /session/:id/load session=wt-session): Error: Worktree marker ownership is invalid
    at /root/verify/pr11071-r4/head/packages/cli/src/serve/routes/session.ts:4390:25
    at processTicksAndRejections (node:internal/process/task_queues:103:5)
qwen serve: bridge error (POST /session/:id/load session=wt-session): Error: Active session is outside its worktree
    at /root/verify/pr11071-r4/head/packages/cli/src/serve/routes/session.ts:4594:27
qwen serve: bridge error (POST /session/:id/load session=wt-session): Error: Active session is outside its worktree
    at /root/verify/pr11071-r4/head/packages/cli/src/serve/routes/session.ts:4594:27
qwen serve: bridge error (POST /session/:id/load session=wt-session): Error: Active session is outside its worktree
    at /root/verify/pr11071-r4/head/packages/cli/src/serve/routes/session.ts:4594:27
qwen serve: bridge error (POST /session/:id/load session=wt-session): Error: Worktree sidecar belongs to another workspace
    at /root/verify/pr11071-r4/head/packages/cli/src/serve/routes/session.ts:4458:25
    at processTicksAndRejections (node:internal/process/task_queues:103:5)
qwen serve: bridge error (POST /session/:id/load session=wt-session): Error: Worktree sidecar workspace is missing or inaccessible
    at /root/verify/pr11071-r4/head/packages/cli/src/serve/routes/session.ts:4453:25
    at processTicksAndRejections (node:internal/process/task_queues:103:5)
qwen serve: bridge error (POST /session/:id/load session=wt-session): Error: Worktree sidecar is missing or invalid
    at /root/verify/pr11071-r4/head/packages/cli/src/serve/routes/session.ts:4436:23
    at processTicksAndRejections (node:internal/process/task_queues:103:5)
qwen serve: bridge error (POST /session/:id/load session=wt-session): Error: Worktree marker ownership is invalid
    at /root/verify/pr11071-r4/head/packages/cli/src/serve/routes/session.ts:4560:23
    at processTicksAndRejections (node:internal/process/task_queues:103:5)
qwen serve: bridge error (POST /session/:id/load session=dead-session): Error: cd failed
    at Object.changeSessionCwdImpl (/root/verify/pr11071-r4/head/packages/cli/src/serve/server.test.ts:19774:17)
    at Object.changeSessionCwd (/root/verify/pr11071-r4/head/packages/cli/src/serve/server.test.ts:3056:35)
    at /root/verify/pr11071-r4/head/packages/cli/src/serve/routes/session.ts:4597:56
    at processTicksAndRejections (node:internal/process/task_queues:103:5)
qwen serve: bridge error (POST /session/:id/load session=wt-session): Error: Worktree relocation was rejected
    at /root/verify/pr11071-r4/head/packages/cli/src/serve/routes/session.ts:4605:27
    at processTicksAndRejections (node:internal/process/task_queues:103:5)
qwen serve: bridge error (POST /session/:id/load session=missing-session): Error: Worktree checkout is missing or inaccessible
    at /root/verify/pr11071-r4/head/packages/cli/src/serve/routes/session.ts:4495:23
    at processTicksAndRejections (node:internal/process/task_queues:103:5)
qwen serve: bridge error (POST /session/:id/load session=escape-session): Error: Worktree sidecar path failed containment
    at /root/verify/pr11071-r4/head/packages/cli/src/serve/routes/session.ts:4511:23
    at processTicksAndRejections (node:internal/process/task_queues:103:5)
qwen serve: bridge error (POST /session/:id/load session=root-session): Error: Worktree sidecar path failed containment
    at /root/verify/pr11071-r4/head/packages/cli/src/serve/routes/session.ts:4511:23
    at processTicksAndRejections (node:internal/process/task_queues:103:5)
2026-10-03T08:39:04.688Z [INFO] [DAEMON] deferred runtime: fallback timer fired, starting
2026-10-03T08:39:04.691Z [INFO] [DAEMON] ideEnvPresent=false primary=/tmp/qws-health-fallback-AF4TqY secondary= daemon workspace roots initialized
2026-10-03T08:39:04.698Z [WARN] [DAEMON] session-pr-refresh load failed: [vitest] There was an error when mocking a module. If you are using "vi.mock" factory, make sure there are no top level variables inside, since this call is hoisted to top of the file. Read more: https://vitest.dev/api/vi.html#vi-mock
qwen serve: /acp WebSocket transport enabled on /acp
2026-10-03T08:39:04.739Z [INFO] [DAEMON] daemon stopped
qwen serve: scrubbed inherited loader env vars from the daemon process; session subprocesses will not inherit them: npm_config_userconfig, npm_config_prefix, npm_config_node_gyp, npm_config_globalconfig, npm_config_init_module
2026-10-03T08:39:04.745Z [INFO] [DAEMON] projectMemoryScope=workspace projectMemoryScopeRaw=workspace projectMemoryScopeSource=default project memory scope resolved
2026-10-03T08:39:04.745Z [INFO] [DAEMON] removedKeys=npm_config_userconfig,npm_config_prefix,npm_config_node_gyp,npm_config_globalconfig,npm_config_init_module scrubbed inherited loader env vars from the daemon process; session subprocesses will not inherit them
qwen serve: daemon log → /tmp/qws-health-close-L4kIXp/debug/daemon/daemon.log
qwen serve listening on http://127.0.0.1:33349 (mode=http-bridge, workspace=/tmp/qws-health-close-L4kIXp)
qwen serve: bound to workspace "/tmp/qws-health-close-L4kIXp"
qwen serve: startup timing: processToListenMs=18141 runQwenServeToListenMs=3
qwen serve: trusted loopback mode; local callers have full API access without bearer authentication, including code execution as the daemon user. Use --require-auth with QWEN_SERVER_TOKEN on shared or untrusted hosts.
2026-10-03T08:39:04.745Z [INFO] [DAEMON] deferred runtime: scheduling fallback start in 1000ms
2026-10-03T08:39:04.745Z [INFO] [DAEMON] deferred runtime: cancelled, server closed before startup
2026-10-03T08:39:04.746Z [INFO] [DAEMON] daemon stopped
qwen serve: scrubbed inherited loader env vars from the daemon process; session subprocesses will not inherit them: npm_config_userconfig, npm_config_prefix, npm_config_node_gyp, npm_config_globalconfig, npm_config_init_module
2026-10-03T08:39:05.852Z [INFO] [DAEMON] projectMemoryScope=workspace projectMemoryScopeRaw=workspace projectMemoryScopeSource=default project memory scope resolved
2026-10-03T08:39:05.852Z [INFO] [DAEMON] removedKeys=npm_config_userconfig,npm_config_prefix,npm_config_node_gyp,npm_config_globalconfig,npm_config_init_module scrubbed inherited loader env vars from the daemon process; session subprocesses will not inherit them
qwen serve: daemon log → /tmp/qws-run-serve-tests-3G3ZdQ/debug/daemon/daemon.log
qwen serve listening on http://127.0.0.1:37441 (mode=http-bridge, workspace=/tmp/qws-health-close-after-NcAZLC)
qwen serve: bound to workspace "/tmp/qws-health-close-after-NcAZLC"
qwen serve: startup timing: processToListenMs=19249 runQwenServeToListenMs=3
qwen serve: trusted loopback mode; local callers have full API access without bearer authentication, including code execution as the daemon user. Use --require-auth with QWEN_SERVER_TOKEN on shared or untrusted hosts.
2026-10-03T08:39:05.853Z [INFO] [DAEMON] deferred runtime: scheduling fallback start in 1000ms
2026-10-03T08:39:05.854Z [INFO] [DAEMON] deferred runtime: health served, scheduling start in 50ms
2026-10-03T08:39:05.855Z [INFO] [DAEMON] deferred runtime: cancelled, server closed before startup
2026-10-03T08:39:05.855Z [INFO] [DAEMON] daemon stopped
qwen serve: scrubbed inherited loader env vars from the daemon process; session subprocesses will not inherit them: npm_config_userconfig, npm_config_prefix, npm_config_node_gyp, npm_config_globalconfig, npm_config_init_module
2026-10-03T08:39:05.961Z [INFO] [DAEMON] projectMemoryScope=workspace projectMemoryScopeRaw=workspace projectMemoryScopeSource=default project memory scope resolved
2026-10-03T08:39:05.961Z [INFO] [DAEMON] removedKeys=npm_config_userconfig,npm_config_prefix,npm_config_node_gyp,npm_config_globalconfig,npm_config_init_module scrubbed inherited loader env vars from the daemon process; session subprocesses will not inherit them
qwen serve: daemon log → /tmp/qws-run-serve-tests-3G3ZdQ/debug/daemon/daemon.log
qwen serve listening on http://127.0.0.1:46489 (mode=http-bridge, workspace=/tmp/qws-health-reconciler-close-LH81gc)
qwen serve: bound to workspace "/tmp/qws-health-reconciler-close-LH81gc"
qwen serve: startup timing: processToListenMs=19358 runQwenServeToListenMs=3
qwen serve: trusted loopback mode; local callers have full API access without bearer authentication, including code execution as the daemon user. Use --require-auth with QWEN_SERVER_TOKEN on shared or untrusted hosts.
2026-10-03T08:39:05.962Z [INFO] [DAEMON] deferred runtime: scheduling fallback start in 1000ms
2026-10-03T08:39:05.963Z [INFO] [DAEMON] deferred runtime: health served, scheduling start in 50ms
2026-10-03T08:39:06.013Z [INFO] [DAEMON] deferred runtime: health timer fired, starting
2026-10-03T08:39:06.015Z [INFO] [DAEMON] ideEnvPresent=false primary=/tmp/qws-health-reconciler-close-LH81gc secondary= daemon workspace roots initialized
2026-10-03T08:39:06.016Z [WARN] [DAEMON] session-pr-refresh load failed: [vitest] There was an error when mocking a module. If you are using "vi.mock" factory, make sure there are no top level variables inside, since this call is hoisted to top of the file. Read more: https://vitest.dev/api/vi.html#vi-mock
2026-10-03T08:39:06.017Z [INFO] [DAEMON] daemon stopped
qwen serve: scrubbed inherited loader env vars from the daemon process; session subprocesses will not inherit them: npm_config_userconfig, npm_config_prefix, npm_config_node_gyp, npm_config_globalconfig, npm_config_init_module
2026-10-03T08:39:06.022Z [INFO] [DAEMON] projectMemoryScope=workspace projectMemoryScopeRaw=workspace projectMemoryScopeSource=default project memory scope resolved
2026-10-03T08:39:06.022Z [INFO] [DAEMON] removedKeys=npm_config_userconfig,npm_config_prefix,npm_config_node_gyp,npm_config_globalconfig,npm_config_init_module scrubbed inherited loader env vars from the daemon process; session subprocesses will not inherit them
qwen serve: daemon log → /tmp/qws-run-serve-tests-3G3ZdQ/debug/daemon/daemon.log
qwen serve listening on http://127.0.0.1:40435 (mode=http-bridge, workspace=/tmp/qws-maintenance-drain-CLlx3x)
qwen serve: bound to workspace "/tmp/qws-maintenance-drain-CLlx3x"
qwen serve: startup timing: processToListenMs=19418 runQwenServeToListenMs=2
qwen serve: trusted loopback mode; local callers have full API access without bearer authentication, including code execution as the daemon user. Use --require-auth with QWEN_SERVER_TOKEN on shared or untrusted hosts.
2026-10-03T08:39:06.024Z [INFO] [DAEMON] ideEnvPresent=false primary=/tmp/qws-maintenance-drain-CLlx3x secondary= daemon workspace roots initialized
2026-10-03T08:39:06.025Z [WARN] [DAEMON] session-pr-refresh load failed: [vitest] There was an error when mocking a module. If you are using "vi.mock" factory, make sure there are no top level variables inside, since this call is hoisted to top of the file. Read more: https://vitest.dev/api/vi.html#vi-mock
2026-10-03T08:39:06.026Z [INFO] [DAEMON] daemon stopped
qwen serve: scrubbed inherited loader env vars from the daemon process; session subprocesses will not inherit them: npm_config_userconfig, npm_config_prefix, npm_config_node_gyp, npm_config_globalconfig, npm_config_init_module
2026-10-03T08:39:06.031Z [INFO] [DAEMON] projectMemoryScope=workspace projectMemoryScopeRaw=workspace projectMemoryScopeSource=default project memory scope resolved
2026-10-03T08:39:06.031Z [INFO] [DAEMON] removedKeys=npm_config_userconfig,npm_config_prefix,npm_config_node_gyp,npm_config_globalconfig,npm_config_init_module scrubbed inherited loader env vars from the daemon process; session subprocesses will not inherit them
qwen serve: daemon log → /tmp/qws-run-serve-tests-3G3ZdQ/debug/daemon/daemon.log
qwen serve listening on http://127.0.0.1:41349 (mode=http-bridge, workspace=/tmp/qws-maintenance-failure-o0BZ9s)
qwen serve: bound to workspace "/tmp/qws-maintenance-failure-o0BZ9s"
qwen serve: startup timing: processToListenMs=19427 runQwenServeToListenMs=2
qwen serve: trusted loopback mode; local callers have full API access without bearer authentication, including code execution as the daemon user. Use --require-auth with QWEN_SERVER_TOKEN on shared or untrusted hosts.
2026-10-03T08:39:06.035Z [INFO] [DAEMON] ideEnvPresent=false primary=/tmp/qws-maintenance-failure-o0BZ9s secondary= daemon workspace roots initialized
2026-10-03T08:39:06.035Z [WARN] [DAEMON] session-pr-refresh load failed: [vitest] There was an error when mocking a module. If you are using "vi.mock" factory, make sure there are no top level variables inside, since this call is hoisted to top of the file. Read more: https://vitest.dev/api/vi.html#vi-mock
2026-10-03T08:39:06.036Z [ERROR] [DAEMON] daemon shutdown incomplete
  Error: maintenance drain failed
      at Object.<anonymous> (/root/verify/pr11071-r4/head/packages/cli/src/serve/run-qwen-serve.test.ts:12165:13)
      at Object.mockCall (file:///root/verify/pr11071-r4/head/node_modules/@vitest/spy/dist/index.js:96:15)
      at Object.spy [as sealMaintenanceAndWait] (file:///root/verify/pr11071-r4/head/node_modules/tinyspy/dist/index.js:47:103)
      at /root/verify/pr11071-r4/head/packages/cli/src/serve/run-qwen-serve.ts:10155:51
      at new Promise (<anonymous>)
      at close (/root/verify/pr11071-r4/head/packages/cli/src/serve/run-qwen-serve.ts:10114:26)
      at drainHost (/root/verify/pr11071-r4/head/packages/cli/src/serve/run-qwen-serve.ts:10759:31)
      at ServeAppLifecycleController.startDrain (/root/verify/pr11071-r4/head/packages/cli/src/serve/serve-app-lifecycle.ts:223:14)
      at ServeAppLifecycleController.closeOnce (/root/verify/pr11071-r4/head/packages/cli/src/serve/serve-app-lifecycle.ts:197:12)
      at ServeAppLifecycleController.close (/root/verify/pr11071-r4/head/packages/cli/src/serve/serve-app-lifecycle.ts:105:26)
qwen serve: scrubbed inherited loader env vars from the daemon process; session subprocesses will not inherit them: npm_config_userconfig, npm_config_prefix, npm_config_node_gyp, npm_config_globalconfig, npm_config_init_module
2026-10-03T08:39:06.041Z [INFO] [DAEMON] projectMemoryScope=workspace projectMemoryScopeRaw=workspace projectMemoryScopeSource=default project memory scope resolved
2026-10-03T08:39:06.041Z [INFO] [DAEMON] removedKeys=npm_config_userconfig,npm_config_prefix,npm_config_node_gyp,npm_config_globalconfig,npm_config_init_module scrubbed inherited loader env vars from the daemon process; session subprocesses will not inherit them
qwen serve: daemon log → /tmp/qws-run-serve-tests-3G3ZdQ/debug/daemon/daemon.log
qwen serve listening on http://127.0.0.1:35237 (mode=http-bridge, workspace=/tmp/qws-health-close-running-dIqrf2)
qwen serve: bound to workspace "/tmp/qws-health-close-running-dIqrf2"
qwen serve: startup timing: processToListenMs=19438 runQwenServeToListenMs=2
qwen serve: trusted loopback mode; local callers have full API access without bearer authentication, including code execution as the daemon user. Use --require-auth with QWEN_SERVER_TOKEN on shared or untrusted hosts.
2026-10-03T08:39:06.042Z [INFO] [DAEMON] deferred runtime: scheduling fallback start in 1000ms
2026-10-03T08:39:06.042Z [INFO] [DAEMON] deferred runtime: health served, scheduling start in 50ms
2026-10-03T08:39:06.092Z [INFO] [DAEMON] deferred runtime: health timer fired, starting
2026-10-03T08:39:06.144Z [INFO] [DAEMON] ideEnvPresent=false primary=/tmp/qws-health-close-running-dIqrf2 secondary= daemon workspace roots initialized
2026-10-03T08:39:06.150Z [WARN] [DAEMON] session-pr-refresh load failed: [vitest] There was an error when mocking a module. If you are using "vi.mock" factory, make sure there are no top level variables inside, since this call is hoisted to top of the file. Read more: https://vitest.dev/api/vi.html#vi-mock
qwen serve: runtime startup failed: Daemon runtime stopped before mounting.
2026-10-03T08:39:06.153Z [ERROR] [DAEMON] runtime startup failed
  Error: Daemon runtime stopped before mounting.
      at /root/verify/pr11071-r4/head/packages/cli/src/serve/run-qwen-serve.ts:9977:17
      at waitForRuntimeStartingForShutdown (/root/verify/pr11071-r4/head/packages/cli/src/serve/run-qwen-serve.ts:2575:3)
      at /root/verify/pr11071-r4/head/packages/cli/src/serve/run-qwen-serve.ts:10299:17
2026-10-03T08:39:06.153Z [INFO] [DAEMON] daemon stopped
qwen serve: scrubbed inherited loader env vars from the daemon process; session subprocesses will not inherit them: npm_config_userconfig, npm_config_prefix, npm_config_node_gyp, npm_config_globalconfig, npm_config_init_module
2026-10-03T08:39:06.159Z [INFO] [DAEMON] projectMemoryScope=workspace projectMemoryScopeRaw=workspace projectMemoryScopeSource=default project memory scope resolved
2026-10-03T08:39:06.159Z [INFO] [DAEMON] removedKeys=npm_config_userconfig,npm_config_prefix,npm_config_node_gyp,npm_config_globalconfig,npm_config_init_module scrubbed inherited loader env vars from the daemon process; session subprocesses will not inherit them
qwen serve: daemon log → /tmp/qws-run-serve-tests-3G3ZdQ/debug/daemon/daemon.log
qwen serve listening on http://127.0.0.1:37119 (mode=http-bridge, workspace=/tmp/qws-health-close-late-app-6IQr5Y)
qwen serve: bound to workspace "/tmp/qws-health-close-late-app-6IQr5Y"
qwen serve: startup timing: processToListenMs=19555 runQwenServeToListenMs=2
qwen serve: trusted loopback mode; local callers have full API access without bearer authentication, including code execution as the daemon user. Use --require-auth with QWEN_SERVER_TOKEN on shared or untrusted hosts.
2026-10-03T08:39:06.159Z [INFO] [DAEMON] deferred runtime: scheduling fallback start in 1000ms
2026-10-03T08:39:06.160Z [INFO] [DAEMON] deferred runtime: health served, scheduling start in 50ms
2026-10-03T08:39:06.210Z [INFO] [DAEMON] deferred runtime: health timer fired, starting
qwen serve: organized session list live merge failed; using persisted sessions only: bridge unavailable mid-pass
qwen serve: organized session list live merge failed; using persisted sessions only: bridge unavailable mid-pass
qwen serve: organized session list truncated at 50000 sessions
qwen serve: failed to read session-info for workspace "/work/bound": "ENOTDIR: not a directory, scandir '/tmp/qwen-serve-session-info-unpuAM/projects/-
qwen serve: bridge error (POST /session/:id/sources session=session-A): Error: Source operation failed
    at /root/verify/pr11071-r4/head/packages/cli/src/serve/server.test.ts:26389:25
    at file:///root/verify/pr11071-r4/head/node_modules/@vitest/runner/dist/chunk-hooks.js:861:59
    at file:///root/verify/pr11071-r4/head/node_modules/@vitest/runner/dist/chunk-hooks.js:155:11
    at file:///root/verify/pr11071-r4/head/node_modules/@vitest/runner/dist/chunk-hooks.js:752:26
    at file:///root/verify/pr11071-r4/head/node_modules/@vitest/runner/dist/chunk-hooks.js:1897:20
    at new Promise (<anonymous>)
    at runWithTimeout (file:///root/verify/pr11071-r4/head/node_modules/@vitest/runner/dist/chunk-hooks.js:1863:10)
    at runTest (file:///root/verify/pr11071-r4/head/node_modules/@vitest/runner/dist/chunk-hooks.js:1574:12)
    at processTicksAndRejections (node:internal/process/task_queues:103:5)
    at runSuite (file:///root/verify/pr11071-r4/head/node_modules/@vitest/runner/dist/chunk-hooks.js:1729:8)
qwen serve: bridge error (POST /session/:id/btw session=session-A): Error: btw failed
    at generateSessionBtwImpl (/root/verify/pr11071-r4/head/packages/cli/src/serve/server.test.ts:27070:17)
    at Object.generateSessionBtw (/root/verify/pr11071-r4/head/packages/cli/src/serve/server.test.ts:2813:14)
    at /root/verify/pr11071-r4/head/packages/cli/src/serve/routes/session.ts:9835:47
    at /root/verify/pr11071-r4/head/packages/cli/src/serve/routes/session.ts:2012:19
    at SessionArchiveCoordinator.runSharedMany (/root/verify/pr11071-r4/head/packages/cli/src/serve/server/session-archive.ts:200:20)
    at /root/verify/pr11071-r4/head/packages/cli/src/serve/routes/session.ts:2010:30
    at runOwnerRuntimeActivity (/root/verify/pr11071-r4/head/packages/cli/src/serve/routes/session.ts:1933:54)
    at /root/verify/pr11071-r4/head/packages/cli/src/serve/routes/session.ts:2009:15
    at processTicksAndRejections (node:internal/process/task_queues:103:5)
2026-10-03T08:39:11.261Z [WARN] [DAEMON] 5000ms runtime-startup wait reached during shutdown; continuing listener close
2026-10-03T08:39:11.262Z [INFO] [DAEMON] daemon stopped
2026-10-03T08:39:11.262Z [INFO] [DAEMON] ideEnvPresent=false primary=/tmp/qws-health-close-late-app-6IQr5Y secondary= daemon workspace roots initialized
2026-10-03T08:39:11.264Z [WARN] [DAEMON] session-pr-refresh load failed: [vitest] There was an error when mocking a module. If you are using "vi.mock" factory, make sure there are no top level variables inside, since this call is hoisted to top of the file. Read more: https://vitest.dev/api/vi.html#vi-mock
2026-10-03T08:39:11.264Z [WARN] [DAEMON] scheduled-task keepalive dispose error: keepalive dispose failed
qwen serve: runtime startup failed: Daemon runtime stopped before mounting.
2026-10-03T08:39:11.264Z [ERROR] [DAEMON] runtime startup failed
  Error: Daemon runtime stopped before mounting.
      at /root/verify/pr11071-r4/head/packages/cli/src/serve/run-qwen-serve.ts:9977:17
qwen serve: scrubbed inherited loader env vars from the daemon process; session subprocesses will not inherit them: npm_config_userconfig, npm_config_prefix, npm_config_node_gyp, npm_config_globalconfig, npm_config_init_module
2026-10-03T08:39:11.318Z [INFO] [DAEMON] projectMemoryScope=workspace projectMemoryScopeRaw=workspace projectMemoryScopeSource=default project memory scope resolved
2026-10-03T08:39:11.318Z [INFO] [DAEMON] removedKeys=npm_config_userconfig,npm_config_prefix,npm_config_node_gyp,npm_config_globalconfig,npm_config_init_module scrubbed inherited loader env vars from the daemon process; session subprocesses will not inherit them
qwen serve: daemon log → /tmp/qws-run-serve-tests-3G3ZdQ/debug/daemon/daemon.log
qwen serve listening on http://127.0.0.1:34837 (mode=http-bridge, workspace=/tmp/qws-health-fail-once-tQCEgu)
qwen serve: bound to workspace "/tmp/qws-health-fail-once-tQCEgu"
qwen serve: startup timing: processToListenMs=24715 runQwenServeToListenMs=3
qwen serve: trusted loopback mode; local callers have full API access without bearer authentication, including code execution as the daemon user. Use --require-auth with QWEN_SERVER_TOKEN on shared or untrusted hosts.
2026-10-03T08:39:11.319Z [INFO] [DAEMON] deferred runtime: scheduling fallback start in 1000ms
2026-10-03T08:39:11.320Z [INFO] [DAEMON] deferred runtime: health served, scheduling start in 50ms
2026-10-03T08:39:11.370Z [INFO] [DAEMON] deferred runtime: health timer fired, starting
2026-10-03T08:39:11.372Z [INFO] [DAEMON] ideEnvPresent=false primary=/tmp/qws-health-fail-once-tQCEgu secondary= daemon workspace roots initialized
qwen serve: runtime startup failed: runtime boom
2026-10-03T08:39:11.373Z [ERROR] [DAEMON] runtime startup failed
  Error: runtime boom
      at Object.<anonymous> (/root/verify/pr11071-r4/head/packages/cli/src/serve/run-qwen-serve.test.ts:12381:15)
      at Object.mockCall (file:///root/verify/pr11071-r4/head/node_modules/@vitest/spy/dist/index.js:96:15)
      at Object.createAcpSessionBridge (file:///root/verify/pr11071-r4/head/node_modules/tinyspy/dist/index.js:47:103)
      at buildRuntime (/root/verify/pr11071-r4/head/packages/cli/src/serve/run-qwen-serve.ts:6114:15)
qwen serve: bridge error (POST /session/:id/language session=session-A): Error: unexpected failure
    at setLanguageImpl (/root/verify/pr11071-r4/head/packages/cli/src/serve/server.test.ts:28495:17)
    at Object.setSessionLanguage (/root/verify/pr11071-r4/head/packages/cli/src/serve/server.test.ts:2780:14)
    at app.post.withOwnerMutableSession.cwdBound (/root/verify/pr11071-r4/head/packages/cli/src/serve/routes/session.ts:10357:47)
    at /root/verify/pr11071-r4/head/packages/cli/src/serve/routes/session.ts:2012:19
    at SessionArchiveCoordinator.runSharedMany (/root/verify/pr11071-r4/head/packages/cli/src/serve/server/session-archive.ts:200:20)
    at /root/verify/pr11071-r4/head/packages/cli/src/serve/routes/session.ts:2010:30
    at runOwnerRuntimeActivity (/root/verify/pr11071-r4/head/packages/cli/src/serve/routes/session.ts:1933:54)
    at /root/verify/pr11071-r4/head/packages/cli/src/serve/routes/session.ts:2009:15
    at processTicksAndRejections (node:internal/process/task_queues:103:5)
2026-10-03T08:39:11.474Z [INFO] [DAEMON] daemon stopped
qwen serve: scrubbed inherited loader env vars from the daemon process; session subprocesses will not inherit them: npm_config_userconfig, npm_config_prefix, npm_config_node_gyp, npm_config_globalconfig, npm_config_init_module
2026-10-03T08:39:11.480Z [INFO] [DAEMON] projectMemoryScope=workspace projectMemoryScopeRaw=workspace projectMemoryScopeSource=default project memory scope resolved
2026-10-03T08:39:11.480Z [INFO] [DAEMON] removedKeys=npm_config_userconfig,npm_config_prefix,npm_config_node_gyp,npm_config_globalconfig,npm_config_init_module scrubbed inherited loader env vars from the daemon process; session subprocesses will not inherit them
qwen serve: daemon log → /tmp/qws-runtime-fail-log-dciHFo/debug/daemon/daemon.log
qwen serve listening on http://127.0.0.1:44195 (mode=http-bridge, workspace=/tmp/qws-runtime-fail-log-dciHFo)
qwen serve: bound to workspace "/tmp/qws-runtime-fail-log-dciHFo"
qwen serve: startup timing: processToListenMs=24877 runQwenServeToListenMs=3
qwen serve: trusted loopback mode; local callers have full API access without bearer authentication, including code execution as the daemon user. Use --require-auth with QWEN_SERVER_TOKEN on shared or untrusted hosts.
2026-10-03T08:39:11.483Z [INFO] [DAEMON] ideEnvPresent=false primary=/tmp/qws-runtime-fail-log-dciHFo secondary= daemon workspace roots initialized
qwen serve: runtime startup failed: runtime boom
2026-10-03T08:39:11.484Z [ERROR] [DAEMON] runtime startup failed
  Error: runtime boom
      at Object.<anonymous> (/root/verify/pr11071-r4/head/packages/cli/src/serve/run-qwen-serve.test.ts:12427:13)
      at Object.mockCall (file:///root/verify/pr11071-r4/head/node_modules/@vitest/spy/dist/index.js:96:15)
      at Object.createAcpSessionBridge (file:///root/verify/pr11071-r4/head/node_modules/tinyspy/dist/index.js:47:103)
      at buildRuntime (/root/verify/pr11071-r4/head/packages/cli/src/serve/run-qwen-serve.ts:6114:15)
2026-10-03T08:39:11.484Z [INFO] [DAEMON] daemon stopped
qwen serve: scrubbed inherited loader env vars from the daemon process; session subprocesses will not inherit them: npm_config_userconfig, npm_config_prefix, npm_config_node_gyp, npm_config_globalconfig, npm_config_init_module
2026-10-03T08:39:11.492Z [INFO] [DAEMON] projectMemoryScope=workspace projectMemoryScopeRaw=workspace projectMemoryScopeSource=default project memory scope resolved
2026-10-03T08:39:11.492Z [INFO] [DAEMON] removedKeys=npm_config_userconfig,npm_config_prefix,npm_config_node_gyp,npm_config_globalconfig,npm_config_init_module scrubbed inherited loader env vars from the daemon process; session subprocesses will not inherit them
qwen serve: daemon log → /tmp/qws-run-serve-tests-3G3ZdQ/debug/daemon/daemon.log
qwen serve listening on http://127.0.0.1:35049 (mode=http-bridge, workspace=/tmp/qws-runtime-flush-pending-14XJF7)
qwen serve: bound to workspace "/tmp/qws-runtime-flush-pending-14XJF7"
qwen serve: startup timing: processToListenMs=24888 runQwenServeToListenMs=2
qwen serve: trusted loopback mode; local callers have full API access without bearer authentication, including code execution as the daemon user. Use --require-auth with QWEN_SERVER_TOKEN on shared or untrusted hosts.
2026-10-03T08:39:11.494Z [INFO] [DAEMON] ideEnvPresent=false primary=/tmp/qws-runtime-flush-pending-14XJF7 secondary= daemon workspace roots initialized
2026-10-03T08:39:11.500Z [WARN] [DAEMON] session-pr-refresh load failed: [vitest] There was an error when mocking a module. If you are using "vi.mock" factory, make sure there are no top level variables inside, since this call is hoisted to top of the file. Read more: https://vitest.dev/api/vi.html#vi-mock
qwen serve: /acp WebSocket transport enabled on /acp
2026-10-03T08:39:11.501Z [INFO] [DAEMON] daemon stopped
qwen serve: scrubbed inherited loader env vars from the daemon process; session subprocesses will not inherit them: npm_config_userconfig, npm_config_prefix, npm_config_node_gyp, npm_config_globalconfig, npm_config_init_module
2026-10-03T08:39:11.508Z [INFO] [DAEMON] projectMemoryScope=workspace projectMemoryScopeRaw=workspace projectMemoryScopeSource=default project memory scope resolved
2026-10-03T08:39:11.508Z [INFO] [DAEMON] removedKeys=npm_config_userconfig,npm_config_prefix,npm_config_node_gyp,npm_config_globalconfig,npm_config_init_module scrubbed inherited loader env vars from the daemon process; session subprocesses will not inherit them
qwen serve: daemon log → /tmp/qws-run-serve-tests-3G3ZdQ/debug/daemon/daemon.log
qwen serve listening on http://127.0.0.1:35843 (mode=http-bridge, workspace=/tmp/qws-runtime-queue-wait-n2FL7k)
qwen serve: bound to workspace "/tmp/qws-runtime-queue-wait-n2FL7k"
qwen serve: startup timing: processToListenMs=24905 runQwenServeToListenMs=4
qwen serve: trusted loopback mode; local callers have full API access without bearer authentication, including code execution as the daemon user. Use --require-auth with QWEN_SERVER_TOKEN on shared or untrusted hosts.
2026-10-03T08:39:11.510Z [INFO] [DAEMON] ideEnvPresent=false primary=/tmp/qws-runtime-queue-wait-n2FL7k secondary= daemon workspace roots initialized
2026-10-03T08:39:11.517Z [WARN] [DAEMON] session-pr-refresh load failed: [vitest] There was an error when mocking a module. If you are using "vi.mock" factory, make sure there are no top level variables inside, since this call is hoisted to top of the file. Read more: https://vitest.dev/api/vi.html#vi-mock
qwen serve: /acp WebSocket transport enabled on /acp
2026-10-03T08:39:11.521Z [INFO] [DAEMON] route=GET /daemon/status durationMs=2 status=200 request completed
2026-10-03T08:39:11.522Z [INFO] [DAEMON] daemon stopped
qwen serve: scrubbed inherited loader env vars from the daemon process; session subprocesses will not inherit them: npm_config_userconfig, npm_config_prefix, npm_config_node_gyp, npm_config_globalconfig, npm_config_init_module
2026-10-03T08:39:11.528Z [INFO] [DAEMON] projectMemoryScope=workspace projectMemoryScopeRaw=workspace projectMemoryScopeSource=default project memory scope resolved
2026-10-03T08:39:11.528Z [INFO] [DAEMON] removedKeys=npm_config_userconfig,npm_config_prefix,npm_config_node_gyp,npm_config_globalconfig,npm_config_init_module scrubbed inherited loader env vars from the daemon process; session subprocesses will not inherit them
qwen serve: daemon log → /tmp/qws-run-serve-tests-3G3ZdQ/debug/daemon/daemon.log
qwen serve listening on http://127.0.0.1:37335 (mode=http-bridge, workspace=/tmp/qws-runtime-timeout-C5VcgX)
qwen serve: bound to workspace "/tmp/qws-runtime-timeout-C5VcgX"
qwen serve: startup timing: processToListenMs=24925 runQwenServeToListenMs=4
qwen serve: trusted loopback mode; local callers have full API access without bearer authentication, including code execution as the daemon user. Use --require-auth with QWEN_SERVER_TOKEN on shared or untrusted hosts.
qwen serve: runtime startup failed: Daemon runtime startup timed out after 1ms.
2026-10-03T08:39:11.530Z [ERROR] [DAEMON] runtime startup failed
  Error: Daemon runtime startup timed out after 1ms.
      at Timeout.<anonymous> (/root/verify/pr11071-r4/head/packages/cli/src/serve/run-qwen-serve.ts:9509:32)
      at listOnTimeout (node:internal/timers:585:17)
      at processTimers (node:internal/timers:521:7)
2026-10-03T08:39:11.532Z [INFO] [DAEMON] ideEnvPresent=false primary=/tmp/qws-runtime-timeout-C5VcgX secondary= daemon workspace roots initialized
2026-10-03T08:39:11.538Z [WARN] [DAEMON] session-pr-refresh load failed: [vitest] There was an error when mocking a module. If you are using "vi.mock" factory, make sure there are no top level variables inside, since this call is hoisted to top of the file. Read more: https://vitest.dev/api/vi.html#vi-mock
2026-10-03T08:39:11.582Z [INFO] [DAEMON] daemon stopped
qwen serve: scrubbed inherited loader env vars from the daemon process; session subprocesses will not inherit them: npm_config_userconfig, npm_config_prefix, npm_config_node_gyp, npm_config_globalconfig, npm_config_init_module
qwen serve: daemon log disabled — init failed: ENOTDIR: not a directory, lstat '/tmp/qws-runtime-fail-BuC5vN/blocked-log-base/daemon'
2026-10-03T08:39:11.586Z [INFO] [DAEMON] projectMemoryScope=workspace projectMemoryScopeRaw=workspace projectMemoryScopeSource=default project memory scope resolved
2026-10-03T08:39:11.586Z [INFO] [DAEMON] removedKeys=npm_config_userconfig,npm_config_prefix,npm_config_node_gyp,npm_config_globalconfig,npm_config_init_module scrubbed inherited loader env vars from the daemon process; session subprocesses will not inherit them
qwen serve: daemon log → (disabled)
qwen serve listening on http://127.0.0.1:37919 (mode=http-bridge, workspace=/tmp/qws-runtime-fail-BuC5vN)
qwen serve: bound to workspace "/tmp/qws-runtime-fail-BuC5vN"
qwen serve: startup timing: processToListenMs=24983 runQwenServeToListenMs=2
qwen serve: trusted loopback mode; local callers have full API access without bearer authentication, including code execution as the daemon user. Use --require-auth with QWEN_SERVER_TOKEN on shared or untrusted hosts.
2026-10-03T08:39:11.590Z [INFO] [DAEMON] ideEnvPresent=false primary=/tmp/qws-runtime-fail-BuC5vN secondary= daemon workspace roots initialized
qwen serve: runtime startup failed: runtime boom
2026-10-03T08:39:11.591Z [ERROR] [DAEMON] runtime startup failed
  Error: runtime boom
      at Object.<anonymous> (/root/verify/pr11071-r4/head/packages/cli/src/serve/run-qwen-serve.test.ts:12684:13)
      at Object.mockCall (file:///root/verify/pr11071-r4/head/node_modules/@vitest/spy/dist/index.js:96:15)
      at Object.createAcpSessionBridge (file:///root/verify/pr11071-r4/head/node_modules/tinyspy/dist/index.js:47:103)
      at buildRuntime (/root/verify/pr11071-r4/head/packages/cli/src/serve/run-qwen-serve.ts:6114:15)
2026-10-03T08:39:11.601Z [INFO] [DAEMON] daemon stopped
qwen serve: scrubbed inherited loader env vars from the daemon process; session subprocesses will not inherit them: npm_config_userconfig, npm_config_prefix, npm_config_node_gyp, npm_config_globalconfig, npm_config_init_module
2026-10-03T08:39:11.605Z [INFO] [DAEMON] projectMemoryScope=workspace projectMemoryScopeRaw=workspace projectMemoryScopeSource=default project memory scope resolved
2026-10-03T08:39:11.605Z [INFO] [DAEMON] removedKeys=npm_config_userconfig,npm_config_prefix,npm_config_node_gyp,npm_config_globalconfig,npm_config_init_module scrubbed inherited loader env vars from the daemon process; session subprocesses will not inherit them
qwen serve: daemon log → /tmp/qws-run-serve-tests-3G3ZdQ/debug/daemon/daemon.log
qwen serve listening on http://127.0.0.1:44431 (mode=http-bridge, workspace=/tmp/qws-bootstrap-growth-fW9eqC)
qwen serve: bound to workspace "/tmp/qws-bootstrap-growth-fW9eqC"
qwen serve: startup timing: processToListenMs=25002 runQwenServeToListenMs=3
qwen serve: trusted loopback mode; local callers have full API access without bearer authentication, including code execution as the daemon user. Use --require-auth with QWEN_SERVER_TOKEN on shared or untrusted hosts.
2026-10-03T08:39:11.607Z [INFO] [DAEMON] ideEnvPresent=false primary=/tmp/qws-bootstrap-growth-fW9eqC secondary= daemon workspace roots initialized
qwen serve: runtime startup failed: runtime boom
2026-10-03T08:39:11.608Z [ERROR] [DAEMON] runtime startup failed
  Error: runtime boom
      at Object.<anonymous> (/root/verify/pr11071-r4/head/packages/cli/src/serve/run-qwen-serve.test.ts:12901:13)
      at Object.mockCall (file:///root/verify/pr11071-r4/head/node_modules/@vitest/spy/dist/index.js:96:15)
      at Object.createAcpSessionBridge (file:///root/verify/pr11071-r4/head/node_modules/tinyspy/dist/index.js:47:103)
      at buildRuntime (/root/verify/pr11071-r4/head/packages/cli/src/serve/run-qwen-serve.ts:6114:15)
2026-10-03T08:39:11.610Z [INFO] [DAEMON] daemon stopped
qwen serve: scrubbed inherited loader env vars from the daemon process; session subprocesses will not inherit them: npm_config_userconfig, npm_config_prefix, npm_config_node_gyp, npm_config_globalconfig, npm_config_init_module
2026-10-03T08:39:11.612Z [INFO] [DAEMON] projectMemoryScope=workspace projectMemoryScopeRaw=workspace projectMemoryScopeSource=default project memory scope resolved
2026-10-03T08:39:11.612Z [INFO] [DAEMON] removedKeys=npm_config_userconfig,npm_config_prefix,npm_config_node_gyp,npm_config_globalconfig,npm_config_init_module scrubbed inherited loader env vars from the daemon process; session subprocesses will not inherit them
qwen serve: daemon log → /tmp/qws-run-serve-tests-3G3ZdQ/debug/daemon/daemon.log
qwen serve listening on http://127.0.0.1:37533 (mode=http-bridge, workspace=/tmp/qws-bootstrap-growth-fW9eqC)
qwen serve: bound to workspace "/tmp/qws-bootstrap-growth-fW9eqC"
qwen serve: startup timing: processToListenMs=25009 runQwenServeToListenMs=2
qwen serve: trusted loopback mode; local callers have full API access without bearer authentication, including code execution as the daemon user. Use --require-auth with QWEN_SERVER_TOKEN on shared or untrusted hosts.
2026-10-03T08:39:11.614Z [INFO] [DAEMON] ideEnvPresent=false primary=/tmp/qws-bootstrap-growth-fW9eqC secondary= daemon workspace roots initialized
qwen serve: runtime startup failed: runtime boom
2026-10-03T08:39:11.615Z [ERROR] [DAEMON] runtime startup failed
  Error: runtime boom
      at Object.<anonymous> (/root/verify/pr11071-r4/head/packages/cli/src/serve/run-qwen-serve.test.ts:12901:13)
      at Object.mockCall (file:///root/verify/pr11071-r4/head/node_modules/@vitest/spy/dist/index.js:96:15)
      at Object.createAcpSessionBridge (file:///root/verify/pr11071-r4/head/node_modules/tinyspy/dist/index.js:47:103)
      at buildRuntime (/root/verify/pr11071-r4/head/packages/cli/src/serve/run-qwen-serve.ts:6114:15)
2026-10-03T08:39:11.616Z [INFO] [DAEMON] daemon stopped
qwen serve: scrubbed inherited loader env vars from the daemon process; session subprocesses will not inherit them: npm_config_userconfig, npm_config_prefix, npm_config_node_gyp, npm_config_globalconfig, npm_config_init_module
2026-10-03T08:39:11.621Z [INFO] [DAEMON] projectMemoryScope=workspace projectMemoryScopeRaw=workspace projectMemoryScopeSource=default project memory scope resolved
2026-10-03T08:39:11.621Z [INFO] [DAEMON] removedKeys=npm_config_userconfig,npm_config_prefix,npm_config_node_gyp,npm_config_globalconfig,npm_config_init_module scrubbed inherited loader env vars from the daemon process; session subprocesses will not inherit them
qwen serve: daemon log → /tmp/qws-run-serve-tests-3G3ZdQ/debug/daemon/daemon.log
qwen serve listening on http://127.0.0.1:41341 (mode=http-bridge, workspace=/tmp/qws-bootstrap-picker-271Lzf)
qwen serve: bound to workspace "/tmp/qws-bootstrap-picker-271Lzf"
qwen serve: startup timing: processToListenMs=25017 runQwenServeToListenMs=2
qwen serve: trusted loopback mode; local callers have full API access without bearer authentication, including code execution as the daemon user. Use --require-auth with QWEN_SERVER_TOKEN on shared or untrusted hosts.
2026-10-03T08:39:11.623Z [INFO] [DAEMON] ideEnvPresent=false primary=/tmp/qws-bootstrap-picker-271Lzf secondary= daemon workspace roots initialized
qwen serve: runtime startup failed: runtime boom
2026-10-03T08:39:11.624Z [ERROR] [DAEMON] runtime startup failed
  Error: runtime boom
      at Object.<anonymous> (/root/verify/pr11071-r4/head/packages/cli/src/serve/run-qwen-serve.test.ts:12984:15)
      at Object.mockCall (file:///root/verify/pr11071-r4/head/node_modules/@vitest/spy/dist/index.js:96:15)
      at Object.createAcpSessionBridge (file:///root/verify/pr11071-r4/head/node_modules/tinyspy/dist/index.js:47:103)
      at buildRuntime (/root/verify/pr11071-r4/head/packages/cli/src/serve/run-qwen-serve.ts:6114:15)
2026-10-03T08:39:11.626Z [INFO] [DAEMON] daemon stopped
qwen serve: scrubbed inherited loader env vars from the daemon process; session subprocesses will not inherit them: npm_config_userconfig, npm_config_prefix, npm_config_node_gyp, npm_config_globalconfig, npm_config_init_module
2026-10-03T08:39:11.633Z [INFO] [DAEMON] projectMemoryScope=workspace projectMemoryScopeRaw=workspace projectMemoryScopeSource=default project memory scope resolved
2026-10-03T08:39:11.633Z [INFO] [DAEMON] removedKeys=npm_config_userconfig,npm_config_prefix,npm_config_node_gyp,npm_config_globalconfig,npm_config_init_module scrubbed inherited loader env vars from the daemon process; session subprocesses will not inherit them
qwen serve: daemon log → /tmp/qws-run-serve-tests-3G3ZdQ/debug/daemon/daemon.log
qwen serve listening on http://127.0.0.1:43321 (mode=http-bridge, workspace=/tmp/qws-bootstrap-picker-6DjmdS)
qwen serve: bound to workspace "/tmp/qws-bootstrap-picker-6DjmdS"
qwen serve: startup timing: processToListenMs=25029 runQwenServeToListenMs=4
qwen serve: trusted loopback mode; local callers have full API access without bearer authentication, including code execution as the daemon user. Use --require-auth with QWEN_SERVER_TOKEN on shared or untrusted hosts.
2026-10-03T08:39:11.635Z [INFO] [DAEMON] ideEnvPresent=false primary=/tmp/qws-bootstrap-picker-6DjmdS secondary= daemon workspace roots initialized
qwen serve: runtime startup failed: runtime boom
2026-10-03T08:39:11.635Z [ERROR] [DAEMON] runtime startup failed
  Error: runtime boom
      at Object.<anonymous> (/root/verify/pr11071-r4/head/packages/cli/src/serve/run-qwen-serve.test.ts:12984:15)
      at Object.mockCall (file:///root/verify/pr11071-r4/head/node_modules/@vitest/spy/dist/index.js:96:15)
      at Object.createAcpSessionBridge (file:///root/verify/pr11071-r4/head/node_modules/tinyspy/dist/index.js:47:103)
      at buildRuntime (/root/verify/pr11071-r4/head/packages/cli/src/serve/run-qwen-serve.ts:6114:15)
2026-10-03T08:39:11.638Z [INFO] [DAEMON] daemon stopped
qwen serve: scrubbed inherited loader env vars from the daemon process; session subprocesses will not inherit them: npm_config_userconfig, npm_config_prefix, npm_config_node_gyp, npm_config_globalconfig, npm_config_init_module
2026-10-03T08:39:11.642Z [INFO] [DAEMON] projectMemoryScope=workspace projectMemoryScopeRaw=workspace projectMemoryScopeSource=default project memory scope resolved
2026-10-03T08:39:11.642Z [INFO] [DAEMON] removedKeys=npm_config_userconfig,npm_config_prefix,npm_config_node_gyp,npm_config_globalconfig,npm_config_init_module scrubbed inherited loader env vars from the daemon process; session subprocesses will not inherit them
qwen serve: daemon log → /tmp/qws-run-serve-tests-3G3ZdQ/debug/daemon/daemon.log
qwen serve listening on http://127.0.0.1:35019 (mode=http-bridge, workspace=/tmp/qws-bootstrap-open-xRpuR7)
qwen serve: bound to workspace "/tmp/qws-bootstrap-open-xRpuR7"
qwen serve: startup timing: processToListenMs=25039 runQwenServeToListenMs=2
qwen serve: trusted loopback mode; local callers have full API access without bearer authentication, including code execution as the daemon user. Use --require-auth with QWEN_SERVER_TOKEN on shared or untrusted hosts.
2026-10-03T08:39:11.645Z [INFO] [DAEMON] ideEnvPresent=false primary=/tmp/qws-bootstrap-open-xRpuR7 secondary= daemon workspace roots initialized
qwen serve: runtime startup failed: runtime boom
2026-10-03T08:39:11.645Z [ERROR] [DAEMON] runtime startup failed
  Error: runtime boom
      at Object.<anonymous> (/root/verify/pr11071-r4/head/packages/cli/src/serve/run-qwen-serve.test.ts:13039:15)
      at Object.mockCall (file:///root/verify/pr11071-r4/head/node_modules/@vitest/spy/dist/index.js:96:15)
      at Object.createAcpSessionBridge (file:///root/verify/pr11071-r4/head/node_modules/tinyspy/dist/index.js:47:103)
      at buildRuntime (/root/verify/pr11071-r4/head/packages/cli/src/serve/run-qwen-serve.ts:6114:15)
2026-10-03T08:39:11.648Z [INFO] [DAEMON] daemon stopped
qwen serve: scrubbed inherited loader env vars from the daemon process; session subprocesses will not inherit them: npm_config_userconfig, npm_config_prefix, npm_config_node_gyp, npm_config_globalconfig, npm_config_init_module
2026-10-03T08:39:11.652Z [INFO] [DAEMON] projectMemoryScope=workspace projectMemoryScopeRaw=workspace projectMemoryScopeSource=default project memory scope resolved
2026-10-03T08:39:11.652Z [INFO] [DAEMON] removedKeys=npm_config_userconfig,npm_config_prefix,npm_config_node_gyp,npm_config_globalconfig,npm_config_init_module scrubbed inherited loader env vars from the daemon process; session subprocesses will not inherit them
qwen serve: daemon log → /tmp/qws-run-serve-tests-3G3ZdQ/debug/daemon/daemon.log
qwen serve listening on http://127.0.0.1:39059 (mode=http-bridge, workspace=/tmp/qws-bootstrap-open-i23KZg)
qwen serve: bound to workspace "/tmp/qws-bootstrap-open-i23KZg"
qwen serve: startup timing: processToListenMs=25048 runQwenServeToListenMs=2
qwen serve: trusted loopback mode; local callers have full API access without bearer authentication, including code execution as the daemon user. Use --require-auth with QWEN_SERVER_TOKEN on shared or untrusted hosts.
2026-10-03T08:39:11.654Z [INFO] [DAEMON] ideEnvPresent=false primary=/tmp/qws-bootstrap-open-i23KZg secondary= daemon workspace roots initialized
qwen serve: runtime startup failed: runtime boom
2026-10-03T08:39:11.654Z [ERROR] [DAEMON] runtime startup failed
  Error: runtime boom
      at Object.<anonymous> (/root/verify/pr11071-r4/head/packages/cli/src/serve/run-qwen-serve.test.ts:13039:15)
      at Object.mockCall (file:///root/verify/pr11071-r4/head/node_modules/@vitest/spy/dist/index.js:96:15)
      at Object.createAcpSessionBridge (file:///root/verify/pr11071-r4/head/node_modules/tinyspy/dist/index.js:47:103)
      at buildRuntime (/root/verify/pr11071-r4/head/packages/cli/src/serve/run-qwen-serve.ts:6114:15)
2026-10-03T08:39:11.657Z [INFO] [DAEMON] daemon stopped
qwen serve: scrubbed inherited loader env vars from the daemon process; session subprocesses will not inherit them: npm_config_userconfig, npm_config_prefix, npm_config_node_gyp, npm_config_globalconfig, npm_config_init_module
2026-10-03T08:39:11.662Z [INFO] [DAEMON] projectMemoryScope=workspace projectMemoryScopeRaw=workspace projectMemoryScopeSource=default project memory scope resolved
2026-10-03T08:39:11.662Z [INFO] [DAEMON] removedKeys=npm_config_userconfig,npm_config_prefix,npm_config_node_gyp,npm_config_globalconfig,npm_config_init_module scrubbed inherited loader env vars from the daemon process; session subprocesses will not inherit them
qwen serve: daemon log → /tmp/qws-run-serve-tests-3G3ZdQ/debug/daemon/daemon.log
qwen serve listening on http://127.0.0.1:35353 (mode=http-bridge, workspace=/tmp/qws-bootstrap-terminal-CQAWXF)
qwen serve: bound to workspace "/tmp/qws-bootstrap-terminal-CQAWXF"
qwen serve: startup timing: processToListenMs=25058 runQwenServeToListenMs=3
qwen serve: trusted loopback mode; local callers have full API access without bearer authentication, including code execution as the daemon user. Use --require-auth with QWEN_SERVER_TOKEN on shared or untrusted hosts.
2026-10-03T08:39:11.664Z [INFO] [DAEMON] ideEnvPresent=false primary=/tmp/qws-bootstrap-terminal-CQAWXF secondary= daemon workspace roots initialized
qwen serve: runtime startup failed: runtime boom
2026-10-03T08:39:11.664Z [ERROR] [DAEMON] runtime startup failed
  Error: runtime boom
      at Object.<anonymous> (/root/verify/pr11071-r4/head/packages/cli/src/serve/run-qwen-serve.test.ts:13092:15)
      at Object.mockCall (file:///root/verify/pr11071-r4/head/node_modules/@vitest/spy/dist/index.js:96:15)
      at Object.createAcpSessionBridge (file:///root/verify/pr11071-r4/head/node_modules/tinyspy/dist/index.js:47:103)
      at buildRuntime (/root/verify/pr11071-r4/head/packages/cli/src/serve/run-qwen-serve.ts:6114:15)
2026-10-03T08:39:11.667Z [INFO] [DAEMON] daemon stopped
qwen serve: scrubbed inherited loader env vars from the daemon process; session subprocesses will not inherit them: npm_config_userconfig, npm_config_prefix, npm_config_node_gyp, npm_config_globalconfig, npm_config_init_module
2026-10-03T08:39:11.673Z [INFO] [DAEMON] projectMemoryScope=workspace projectMemoryScopeRaw=workspace projectMemoryScopeSource=default project memory scope resolved
2026-10-03T08:39:11.673Z [INFO] [DAEMON] removedKeys=npm_config_userconfig,npm_config_prefix,npm_config_node_gyp,npm_config_globalconfig,npm_config_init_module scrubbed inherited loader env vars from the daemon process; session subprocesses will not inherit them
qwen serve: daemon log → /tmp/qws-run-serve-tests-3G3ZdQ/debug/daemon/daemon.log
qwen serve listening on http://127.0.0.1:42663 (mode=http-bridge, workspace=/tmp/qws-bootstrap-terminal-0IHNdQ)
qwen serve: bound to workspace "/tmp/qws-bootstrap-terminal-0IHNdQ"
qwen serve: startup timing: processToListenMs=25069 runQwenServeToListenMs=4
qwen serve: trusted loopback mode; local callers have full API access without bearer authentication, including code execution as the daemon user. Use --require-auth with QWEN_SERVER_TOKEN on shared or untrusted hosts.
2026-10-03T08:39:11.675Z [INFO] [DAEMON] ideEnvPresent=false primary=/tmp/qws-bootstrap-terminal-0IHNdQ secondary= daemon workspace roots initialized
qwen serve: runtime startup failed: runtime boom
2026-10-03T08:39:11.675Z [ERROR] [DAEMON] runtime startup failed
  Error: runtime boom
      at Object.<anonymous> (/root/verify/pr11071-r4/head/packages/cli/src/serve/run-qwen-serve.test.ts:13092:15)
      at Object.mockCall (file:///root/verify/pr11071-r4/head/node_modules/@vitest/spy/dist/index.js:96:15)
      at Object.createAcpSessionBridge (file:///root/verify/pr11071-r4/head/node_modules/tinyspy/dist/index.js:47:103)
      at buildRuntime (/root/verify/pr11071-r4/head/packages/cli/src/serve/run-qwen-serve.ts:6114:15)
2026-10-03T08:39:11.678Z [INFO] [DAEMON] daemon stopped
qwen serve: scrubbed inherited loader env vars from the daemon process; session subprocesses will not inherit them: npm_config_userconfig, npm_config_prefix, npm_config_node_gyp, npm_config_globalconfig, npm_config_init_module
2026-10-03T08:39:11.682Z [INFO] [DAEMON] projectMemoryScope=workspace projectMemoryScopeRaw=workspace projectMemoryScopeSource=default project memory scope resolved
2026-10-03T08:39:11.682Z [INFO] [DAEMON] removedKeys=npm_config_userconfig,npm_config_prefix,npm_config_node_gyp,npm_config_globalconfig,npm_config_init_module scrubbed inherited loader env vars from the daemon process; session subprocesses will not inherit them
qwen serve: daemon log → /tmp/qws-run-serve-tests-3G3ZdQ/debug/daemon/daemon.log
qwen serve listening on http://127.0.0.1:39335 (mode=http-bridge, workspace=/tmp/qws-runtime-partial-fail-vorAEQ)
qwen serve: bound to workspace "/tmp/qws-runtime-partial-fail-vorAEQ"
qwen serve: startup timing: processToListenMs=25079 runQwenServeToListenMs=2
qwen serve: trusted loopback mode; local callers have full API access without bearer authentication, including code execution as the daemon user. Use --require-auth with QWEN_SERVER_TOKEN on shared or untrusted hosts.
qwen serve: bridge error (POST /workspace/channel/reload): Error: relaunch failed
    at Object.<anonymous> (/root/verify/pr11071-r4/head/packages/cli/src/serve/server.test.ts:29631:15)
    at Object.mockCall (file:///root/verify/pr11071-r4/head/node_modules/@vitest/spy/dist/index.js:96:15)
    at Object.spy [as reloadChannelWorker] (file:///root/verify/pr11071-r4/head/node_modules/tinyspy/dist/index.js:47:103)
    at /root/verify/pr11071-r4/head/packages/cli/src/serve/routes/workspace-channel-control.ts:381:37
    at Layer.handleRequest (/root/verify/pr11071-r4/head/node_modules/router/lib/layer.js:152:17)
    at next (/root/verify/pr11071-r4/head/node_modules/router/lib/route.js:157:13)
    at passthrough (/root/verify/pr11071-r4/head/packages/cli/src/serve/auth.ts:607:8)
    at Layer.handleRequest (/root/verify/pr11071-r4/head/node_modules/router/lib/layer.js:152:17)
    at next (/root/verify/pr11071-r4/head/node_modules/router/lib/route.js:157:13)
    at Route.dispatch (/root/verify/pr11071-r4/head/node_modules/router/lib/route.js:117:3)
2026-10-03T08:39:11.684Z [INFO] [DAEMON] ideEnvPresent=false primary=/tmp/qws-runtime-partial-fail-vorAEQ secondary= daemon workspace roots initialized
qwen serve: runtime startup failed: runtime app boom
2026-10-03T08:39:11.685Z [ERROR] [DAEMON] runtime startup failed
  Error: runtime app boom
      at Object.<anonymous> (/root/verify/pr11071-r4/head/packages/cli/src/serve/run-qwen-serve.test.ts:13158:13)
      at Object.mockCall (file:///root/verify/pr11071-r4/head/node_modules/@vitest/spy/dist/index.js:96:15)
      at Object.createServeApp (file:///root/verify/pr11071-r4/head/node_modules/tinyspy/dist/index.js:47:103)
      at buildRuntime (/root/verify/pr11071-r4/head/packages/cli/src/serve/run-qwen-serve.ts:8317:25)
2026-10-03T08:39:11.686Z [WARN] [DAEMON] session-pr-refresh load failed: [vitest] There was an error when mocking a module. If you are using "vi.mock" factory, make sure there are no top level variables inside, since this call is hoisted to top of the file. Read more: https://vitest.dev/api/vi.html#vi-mock
2026-10-03T08:39:11.686Z [INFO] [DAEMON] daemon stopped
qwen serve: scrubbed inherited loader env vars from the daemon process; session subprocesses will not inherit them: npm_config_userconfig, npm_config_prefix, npm_config_node_gyp, npm_config_globalconfig, npm_config_init_module
2026-10-03T08:39:11.690Z [INFO] [DAEMON] projectMemoryScope=workspace projectMemoryScopeRaw=workspace projectMemoryScopeSource=default project memory scope resolved
2026-10-03T08:39:11.690Z [INFO] [DAEMON] removedKeys=npm_config_userconfig,npm_config_prefix,npm_config_node_gyp,npm_config_globalconfig,npm_config_init_module scrubbed inherited loader env vars from the daemon process; session subprocesses will not inherit them
qwen serve: daemon log → /tmp/qws-run-serve-tests-3G3ZdQ/debug/daemon/daemon.log
qwen serve listening on http://127.0.0.1:39321 (mode=http-bridge, workspace=/tmp/qws-runtime-partial-fail-TTG1Kj/primary)
qwen serve: bound to workspace "/tmp/qws-runtime-partial-fail-TTG1Kj/primary"
qwen serve: startup timing: processToListenMs=25087 runQwenServeToListenMs=3
qwen serve: trusted loopback mode; local callers have full API access without bearer authentication, including code execution as the daemon user. Use --require-auth with QWEN_SERVER_TOKEN on shared or untrusted hosts.
2026-10-03T08:39:11.692Z [INFO] [DAEMON] ideEnvPresent=false primary=/tmp/qws-runtime-partial-fail-TTG1Kj/primary secondary= daemon workspace roots initialized
qwen serve: runtime startup failed: runtime app boom
2026-10-03T08:39:11.694Z [ERROR] [DAEMON] runtime startup failed
  Error: runtime app boom
      at Object.<anonymous> (/root/verify/pr11071-r4/head/packages/cli/src/serve/run-qwen-serve.test.ts:13200:13)
      at Object.mockCall (file:///root/verify/pr11071-r4/head/node_modules/@vitest/spy/dist/index.js:96:15)
      at Object.createServeApp (file:///root/verify/pr11071-r4/head/node_modules/tinyspy/dist/index.js:47:103)
      at buildRuntime (/root/verify/pr11071-r4/head/packages/cli/src/serve/run-qwen-serve.ts:8317:25)
2026-10-03T08:39:11.695Z [WARN] [DAEMON] session-pr-refresh load failed: [vitest] There was an error when mocking a module. If you are using "vi.mock" factory, make sure there are no top level variables inside, since this call is hoisted to top of the file. Read more: https://vitest.dev/api/vi.html#vi-mock
2026-10-03T08:39:11.695Z [INFO] [DAEMON] daemon stopped
qwen serve: scrubbed inherited loader env vars from the daemon process; session subprocesses will not inherit them: npm_config_userconfig, npm_config_prefix, npm_config_node_gyp, npm_config_globalconfig, npm_config_init_module
2026-10-03T08:39:11.699Z [INFO] [DAEMON] projectMemoryScope=workspace projectMemoryScopeRaw=workspace projectMemoryScopeSource=default project memory scope resolved
2026-10-03T08:39:11.699Z [INFO] [DAEMON] removedKeys=npm_config_userconfig,npm_config_prefix,npm_config_node_gyp,npm_config_globalconfig,npm_config_init_module scrubbed inherited loader env vars from the daemon process; session subprocesses will not inherit them
qwen serve: daemon log → /tmp/qws-run-serve-tests-3G3ZdQ/debug/daemon/daemon.log
qwen serve listening on http://127.0.0.1:35969 (mode=http-bridge, workspace=/tmp/qws-runtime-close-IOS5CK)
qwen serve: bound to workspace "/tmp/qws-runtime-close-IOS5CK"
qwen serve: startup timing: processToListenMs=25096 runQwenServeToListenMs=2
qwen serve: trusted loopback mode; local callers have full API access without bearer authentication, including code execution as the daemon user. Use --require-auth with QWEN_SERVER_TOKEN on shared or untrusted hosts.
2026-10-03T08:39:11.701Z [INFO] [DAEMON] ideEnvPresent=false primary=/tmp/qws-runtime-close-IOS5CK secondary= daemon workspace roots initialized
2026-10-03T08:39:11.709Z [WARN] [DAEMON] session-pr-refresh load failed: [vitest] There was an error when mocking a module. If you are using "vi.mock" factory, make sure there are no top level variables inside, since this call is hoisted to top of the file. Read more: https://vitest.dev/api/vi.html#vi-mock
qwen serve: runtime startup failed: Daemon runtime stopped before mounting.
2026-10-03T08:39:11.710Z [ERROR] [DAEMON] runtime startup failed
  Error: Daemon runtime stopped before mounting.
      at /root/verify/pr11071-r4/head/packages/cli/src/serve/run-qwen-serve.ts:9977:17
      at waitForRuntimeStartingForShutdown (/root/verify/pr11071-r4/head/packages/cli/src/serve/run-qwen-serve.ts:2575:3)
      at /root/verify/pr11071-r4/head/packages/cli/src/serve/run-qwen-serve.ts:10299:17
2026-10-03T08:39:11.710Z [INFO] [DAEMON] daemon stopped
qwen serve: scrubbed inherited loader env vars from the daemon process; session subprocesses will not inherit them: npm_config_userconfig, npm_config_prefix, npm_config_node_gyp, npm_config_globalconfig, npm_config_init_module
2026-10-03T08:39:11.715Z [INFO] [DAEMON] projectMemoryScope=workspace projectMemoryScopeRaw=workspace projectMemoryScopeSource=default project memory scope resolved
2026-10-03T08:39:11.715Z [INFO] [DAEMON] removedKeys=npm_config_userconfig,npm_config_prefix,npm_config_node_gyp,npm_config_globalconfig,npm_config_init_module scrubbed inherited loader env vars from the daemon process; session subprocesses will not inherit them
qwen serve: daemon log → /tmp/qws-run-serve-tests-3G3ZdQ/debug/daemon/daemon.log
qwen serve listening on http://127.0.0.1:38211 (mode=http-bridge, workspace=/tmp/qws-runtime-monitor-close-s0Q2lC)
qwen serve: bound to workspace "/tmp/qws-runtime-monitor-close-s0Q2lC"
qwen serve: startup timing: processToListenMs=25111 runQwenServeToListenMs=2
qwen serve: trusted loopback mode; local callers have full API access without bearer authentication, including code execution as the daemon user. Use --require-auth with QWEN_SERVER_TOKEN on shared or untrusted hosts.
2026-10-03T08:39:11.717Z [INFO] [DAEMON] ideEnvPresent=false primary=/tmp/qws-runtime-monitor-close-s0Q2lC secondary= daemon workspace roots initialized
2026-10-03T08:39:11.725Z [WARN] [DAEMON] session-pr-refresh load failed: [vitest] There was an error when mocking a module. If you are using "vi.mock" factory, make sure there are no top level variables inside, since this call is hoisted to top of the file. Read more: https://vitest.dev/api/vi.html#vi-mock
qwen serve: runtime startup failed: Daemon runtime stopped before mounting.
2026-10-03T08:39:11.725Z [ERROR] [DAEMON] runtime startup failed
  Error: Daemon runtime stopped before mounting.
      at /root/verify/pr11071-r4/head/packages/cli/src/serve/run-qwen-serve.ts:9977:17
      at waitForRuntimeStartingForShutdown (/root/verify/pr11071-r4/head/packages/cli/src/serve/run-qwen-serve.ts:2575:3)
      at /root/verify/pr11071-r4/head/packages/cli/src/serve/run-qwen-serve.ts:10299:17
2026-10-03T08:39:11.726Z [INFO] [DAEMON] daemon stopped
qwen serve: scrubbed inherited loader env vars from the daemon process; session subprocesses will not inherit them: npm_config_userconfig, npm_config_prefix, npm_config_node_gyp, npm_config_globalconfig, npm_config_init_module
2026-10-03T08:39:11.731Z [INFO] [DAEMON] projectMemoryScope=workspace projectMemoryScopeRaw=workspace projectMemoryScopeSource=default project memory scope resolved
2026-10-03T08:39:11.731Z [INFO] [DAEMON] removedKeys=npm_config_userconfig,npm_config_prefix,npm_config_node_gyp,npm_config_globalconfig,npm_config_init_module scrubbed inherited loader env vars from the daemon process; session subprocesses will not inherit them
qwen serve: daemon log → /tmp/qws-run-serve-tests-3G3ZdQ/debug/daemon/daemon.log
qwen serve: Web Shell UI served from /root/verify/pr11071-r4/head/packages/web-shell/dist
qwen serve listening on http://127.0.0.1:36363 (mode=http-bridge, workspace=/tmp/qws-pr-refresh-degrade-omLNks)
qwen serve: bound to workspace "/tmp/qws-pr-refresh-degrade-omLNks"
qwen serve: startup timing: processToListenMs=25127 runQwenServeToListenMs=2
2026-10-03T08:39:11.731Z [INFO] [DAEMON] deferred runtime: scheduling fallback start in 1000ms
2026-10-03T08:39:11.732Z [INFO] [DAEMON] deferred runtime: health served, scheduling start in 50ms
2026-10-03T08:39:11.782Z [INFO] [DAEMON] deferred runtime: health timer fired, starting
2026-10-03T08:39:11.784Z [INFO] [DAEMON] ideEnvPresent=false primary=/tmp/qws-pr-refresh-degrade-omLNks secondary= daemon workspace roots initialized
2026-10-03T08:39:11.793Z [WARN] [DAEMON] session-pr-refresh load failed: [vitest] There was an error when mocking a module. If you are using "vi.mock" factory, make sure there are no top level variables inside, since this call is hoisted to top of the file. Read more: https://vitest.dev/api/vi.html#vi-mock
qwen serve: /acp WebSocket transport enabled on /acp
2026-10-03T08:39:11.944Z [INFO] [DAEMON] daemon stopped
qwen serve: scrubbed inherited loader env vars from the daemon process; session subprocesses will not inherit them: npm_config_userconfig, npm_config_prefix, npm_config_node_gyp, npm_config_globalconfig, npm_config_init_module
2026-10-03T08:39:11.950Z [INFO] [DAEMON] projectMemoryScope=workspace projectMemoryScopeRaw=workspace projectMemoryScopeSource=default project memory scope resolved
2026-10-03T08:39:11.950Z [INFO] [DAEMON] removedKeys=npm_config_userconfig,npm_config_prefix,npm_config_node_gyp,npm_config_globalconfig,npm_config_init_module scrubbed inherited loader env vars from the daemon process; session subprocesses will not inherit them
qwen serve: daemon log → /tmp/qws-ws-6Hkaiv/debug/daemon/daemon.log
2026-10-03T08:39:11.952Z [INFO] [DAEMON] ideEnvPresent=false primary=/tmp/qws-ws-6Hkaiv secondary= daemon workspace roots initialized
2026-10-03T08:39:11.960Z [WARN] [DAEMON] session-pr-refresh load failed: [vitest] There was an error when mocking a module. If you are using "vi.mock" factory, make sure there are no top level variables inside, since this call is hoisted to top of the file. Read more: https://vitest.dev/api/vi.html#vi-mock
qwen serve listening on http://127.0.0.1:36813 (mode=http-bridge, workspace=/tmp/qws-ws-6Hkaiv)
qwen serve: bound to workspace "/tmp/qws-ws-6Hkaiv"
qwen serve: startup timing: processToListenMs=25356 runQwenServeToListenMs=12
qwen serve: trusted loopback mode; local callers have full API access without bearer authentication, including code execution as the daemon user. Use --require-auth with QWEN_SERVER_TOKEN on shared or untrusted hosts.
qwen serve: /acp WebSocket transport enabled on /acp
2026-10-03T08:39:11.960Z [INFO] [DAEMON] daemon stopped
qwen serve: temporary bearer authentication enabled for this Web Shell launch; use an explicit shared token for additional clients.
qwen serve: scrubbed inherited loader env vars from the daemon process; session subprocesses will not inherit them: npm_config_userconfig, npm_config_prefix, npm_config_node_gyp, npm_config_globalconfig, npm_config_init_module
2026-10-03T08:39:11.967Z [INFO] [DAEMON] projectMemoryScope=workspace projectMemoryScopeRaw=workspace projectMemoryScopeSource=default project memory scope resolved
2026-10-03T08:39:11.967Z [INFO] [DAEMON] removedKeys=npm_config_userconfig,npm_config_prefix,npm_config_node_gyp,npm_config_globalconfig,npm_config_init_module scrubbed inherited loader env vars from the daemon process; session subprocesses will not inherit them
qwen serve: daemon log → /tmp/qws-run-serve-tests-3G3ZdQ/debug/daemon/daemon.log
2026-10-03T08:39:11.967Z [ERROR] [DAEMON] daemon startup failed
  Error: --open-with-auth requires built Web Shell assets.
      at runQwenServeImpl (/root/verify/pr11071-r4/head/packages/cli/src/serve/run-qwen-serve.ts:4664:11)
      at Module.runQwenServe (/root/verify/pr11071-r4/head/packages/cli/src/serve/run-qwen-serve.ts:3283:12)
      at /root/verify/pr11071-r4/head/packages/cli/src/serve/run-qwen-serve.test.ts:13462:5
      at file:///root/verify/pr11071-r4/head/node_modules/@vitest/runner/dist/chunk-hooks.js:752:20
qwen serve: scrubbed inherited loader env vars from the daemon process; session subprocesses will not inherit them: npm_config_userconfig, npm_config_prefix, npm_config_node_gyp, npm_config_globalconfig, npm_config_init_module
2026-10-03T08:39:11.970Z [INFO] [DAEMON] projectMemoryScope=workspace projectMemoryScopeRaw=workspace projectMemoryScopeSource=default project memory scope resolved
2026-10-03T08:39:11.970Z [INFO] [DAEMON] removedKeys=npm_config_userconfig,npm_config_prefix,npm_config_node_gyp,npm_config_globalconfig,npm_config_init_module scrubbed inherited loader env vars from the daemon process; session subprocesses will not inherit them
qwen serve: daemon log → /tmp/qws-ws-8M34qU/debug/daemon/daemon.log
qwen serve: Web Shell UI served from /root/verify/pr11071-r4/head/packages/web-shell/dist
2026-10-03T08:39:11.972Z [INFO] [DAEMON] ideEnvPresent=false primary=/tmp/qws-ws-8M34qU secondary= daemon workspace roots initialized
2026-10-03T08:39:11.978Z [WARN] [DAEMON] session-pr-refresh load failed: [vitest] There was an error when mocking a module. If you are using "vi.mock" factory, make sure there are no top level variables inside, since this call is hoisted to top of the file. Read more: https://vitest.dev/api/vi.html#vi-mock
qwen serve listening on http://127.0.0.1:37397 (mode=http-bridge, workspace=/tmp/qws-ws-8M34qU)
qwen serve: bound to workspace "/tmp/qws-ws-8M34qU"
qwen serve: startup timing: processToListenMs=25374 runQwenServeToListenMs=10
qwen serve: /acp WebSocket transport enabled on /acp
2026-10-03T08:39:11.978Z [INFO] [DAEMON] daemon stopped
qwen serve: scrubbed inherited loader env vars from the daemon process; session subprocesses will not inherit them: npm_config_userconfig, npm_config_prefix, npm_config_node_gyp, npm_config_globalconfig, npm_config_init_module
2026-10-03T08:39:11.984Z [INFO] [DAEMON] projectMemoryScope=workspace projectMemoryScopeRaw=workspace projectMemoryScopeSource=default project memory scope resolved
2026-10-03T08:39:11.984Z [INFO] [DAEMON] removedKeys=npm_config_userconfig,npm_config_prefix,npm_config_node_gyp,npm_config_globalconfig,npm_config_init_module scrubbed inherited loader env vars from the daemon process; session subprocesses will not inherit them
qwen serve: daemon log → /tmp/qws-ws-BnqtW5/debug/daemon/daemon.log
qwen serve: Web Shell UI served from /root/verify/pr11071-r4/head/packages/web-shell/dist
2026-10-03T08:39:11.985Z [INFO] [DAEMON] ideEnvPresent=false primary=/tmp/qws-ws-BnqtW5 secondary= daemon workspace roots initialized
2026-10-03T08:39:11.992Z [WARN] [DAEMON] session-pr-refresh load failed: [vitest] There was an error when mocking a module. If you are using "vi.mock" factory, make sure there are no top level variables inside, since this call is hoisted to top of the file. Read more: https://vitest.dev/api/vi.html#vi-mock
qwen serve listening on http://127.0.0.1:44745 (mode=http-bridge, workspace=/tmp/qws-ws-BnqtW5)
qwen serve: bound to workspace "/tmp/qws-ws-BnqtW5"
qwen serve: startup timing: processToListenMs=25388 runQwenServeToListenMs=10
qwen serve: trusted loopback mode; local callers have full API access without bearer authentication, including code execution as the daemon user. Use --require-auth with QWEN_SERVER_TOKEN on shared or untrusted hosts.
qwen serve: /acp WebSocket transport enabled on /acp
2026-10-03T08:39:11.992Z [INFO] [DAEMON] daemon stopped
qwen serve: scrubbed inherited loader env vars from the daemon process; session subprocesses will not inherit them: npm_config_userconfig, npm_config_prefix, npm_config_node_gyp, npm_config_globalconfig, npm_config_init_module
2026-10-03T08:39:11.996Z [INFO] [DAEMON] projectMemoryScope=workspace projectMemoryScopeRaw=workspace projectMemoryScopeSource=default project memory scope resolved
2026-10-03T08:39:11.996Z [INFO] [DAEMON] removedKeys=npm_config_userconfig,npm_config_prefix,npm_config_node_gyp,npm_config_globalconfig,npm_config_init_module scrubbed inherited loader env vars from the daemon process; session subprocesses will not inherit them
qwen serve: daemon log → /tmp/qws-ws-qHi7EM/debug/daemon/daemon.log
2026-10-03T08:39:11.998Z [INFO] [DAEMON] ideEnvPresent=false primary=/tmp/qws-ws-qHi7EM secondary= daemon workspace roots initialized
2026-10-03T08:39:12.005Z [WARN] [DAEMON] session-pr-refresh load failed: [vitest] There was an error when mocking a module. If you are using "vi.mock" factory, make sure there are no top level variables inside, since this call is hoisted to top of the file. Read more: https://vitest.dev/api/vi.html#vi-mock
qwen serve listening on http://127.0.0.1:41113 (mode=http-bridge, workspace=/tmp/qws-ws-qHi7EM)
qwen serve: bound to workspace "/tmp/qws-ws-qHi7EM"
qwen serve: startup timing: processToListenMs=25401 runQwenServeToListenMs=12
qwen serve: trusted loopback mode; local callers have full API access without bearer authentication, including code execution as the daemon user. Use --require-auth with QWEN_SERVER_TOKEN on shared or untrusted hosts.
qwen serve: /acp WebSocket transport enabled on /acp
2026-10-03T08:39:12.006Z [INFO] [DAEMON] daemon stopped
qwen serve: scrubbed inherited loader env vars from the daemon process; session subprocesses will not inherit them: npm_config_userconfig, npm_config_prefix, npm_config_node_gyp, npm_config_globalconfig, npm_config_init_module
2026-10-03T08:39:12.009Z [INFO] [DAEMON] projectMemoryScope=workspace projectMemoryScopeRaw=workspace projectMemoryScopeSource=default project memory scope resolved
2026-10-03T08:39:12.009Z [INFO] [DAEMON] removedKeys=npm_config_userconfig,npm_config_prefix,npm_config_node_gyp,npm_config_globalconfig,npm_config_init_module scrubbed inherited loader env vars from the daemon process; session subprocesses will not inherit them
qwen serve: daemon log → /tmp/qws-ws-eXFlZq/debug/daemon/daemon.log
2026-10-03T08:39:12.011Z [INFO] [DAEMON] ideEnvPresent=false primary=/tmp/qws-ws-eXFlZq secondary= daemon workspace roots initialized
2026-10-03T08:39:12.018Z [WARN] [DAEMON] session-pr-refresh load failed: [vitest] There was an error when mocking a module. If you are using "vi.mock" factory, make sure there are no top level variables inside, since this call is hoisted to top of the file. Read more: https://vitest.dev/api/vi.html#vi-mock
qwen serve listening on http://127.0.0.1:34675 (mode=http-bridge, workspace=/tmp/qws-ws-eXFlZq)
qwen serve: bound to workspace "/tmp/qws-ws-eXFlZq"
qwen serve: startup timing: processToListenMs=25414 runQwenServeToListenMs=11
qwen serve: trusted loopback mode; local callers have full API access without bearer authentication, including code execution as the daemon user. Use --require-auth with QWEN_SERVER_TOKEN on shared or untrusted hosts.
qwen serve: /acp WebSocket transport enabled on /acp
2026-10-03T08:39:12.019Z [INFO] [DAEMON] daemon stopped
qwen serve: scrubbed inherited loader env vars from the daemon process; session subprocesses will not inherit them: npm_config_userconfig, npm_config_prefix, npm_config_node_gyp, npm_config_globalconfig, npm_config_init_module
2026-10-03T08:39:12.022Z [INFO] [DAEMON] projectMemoryScope=workspace projectMemoryScopeRaw=workspace projectMemoryScopeSource=default project memory scope resolved
2026-10-03T08:39:12.022Z [INFO] [DAEMON] removedKeys=npm_config_userconfig,npm_config_prefix,npm_config_node_gyp,npm_config_globalconfig,npm_config_init_module scrubbed inherited loader env vars from the daemon process; session subprocesses will not inherit them
qwen serve: daemon log → /tmp/qws-ws-txiIQD/debug/daemon/daemon.log
2026-10-03T08:39:12.024Z [INFO] [DAEMON] ideEnvPresent=false primary=/tmp/qws-ws-txiIQD secondary= daemon workspace roots initialized
2026-10-03T08:39:12.030Z [WARN] [DAEMON] session-pr-refresh load failed: [vitest] There was an error when mocking a module. If you are using "vi.mock" factory, make sure there are no top level variables inside, since this call is hoisted to top of the file. Read more: https://vitest.dev/api/vi.html#vi-mock
qwen serve listening on http://127.0.0.1:33187 (mode=http-bridge, workspace=/tmp/qws-ws-txiIQD)
qwen serve: bound to workspace "/tmp/qws-ws-txiIQD"
qwen serve: startup timing: processToListenMs=25426 runQwenServeToListenMs=10
qwen serve: trusted loopback mode; local callers have full API access without bearer authentication, including code execution as the daemon user. Use --require-auth with QWEN_SERVER_TOKEN on shared or untrusted hosts.
qwen serve: /acp WebSocket transport enabled on /acp
2026-10-03T08:39:12.030Z [INFO] [DAEMON] daemon stopped
qwen serve listening on http://127.0.0.1:39625 (mode=http-bridge, workspace=/tmp/qws-ws-8eO9ng)
qwen serve: scrubbed inherited loader env vars from the daemon process; session subprocesses will not inherit them: npm_config_userconfig, npm_config_prefix, npm_config_node_gyp, npm_config_globalconfig, npm_config_init_module, NODE_OPTIONS
2026-10-03T08:39:12.049Z [INFO] [DAEMON] projectMemoryScope=workspace projectMemoryScopeRaw=workspace projectMemoryScopeSource=default project memory scope resolved
2026-10-03T08:39:12.049Z [INFO] [DAEMON] removedKeys=npm_config_userconfig,npm_config_prefix,npm_config_node_gyp,npm_config_globalconfig,npm_config_init_module,NODE_OPTIONS scrubbed inherited loader env vars from the daemon process; session subprocesses will not inherit them
qwen serve: daemon log → /tmp/qws-ws-YznMzP/debug/daemon/daemon.log
2026-10-03T08:39:12.050Z [INFO] [DAEMON] ideEnvPresent=false primary=/tmp/qws-ws-YznMzP secondary= daemon workspace roots initialized
2026-10-03T08:39:12.056Z [WARN] [DAEMON] session-pr-refresh load failed: [vitest] There was an error when mocking a module. If you are using "vi.mock" factory, make sure there are no top level variables inside, since this call is hoisted to top of the file. Read more: https://vitest.dev/api/vi.html#vi-mock
qwen serve listening on http://127.0.0.1:33361 (mode=http-bridge, workspace=/tmp/qws-ws-YznMzP)
qwen serve: bound to workspace "/tmp/qws-ws-YznMzP"
qwen serve: startup timing: processToListenMs=25453 runQwenServeToListenMs=11
qwen serve: trusted loopback mode; local callers have full API access without bearer authentication, including code execution as the daemon user. Use --require-auth with QWEN_SERVER_TOKEN on shared or untrusted hosts.
qwen serve: /acp WebSocket transport enabled on /acp
2026-10-03T08:39:12.057Z [INFO] [DAEMON] daemon stopped
qwen serve: scrubbed inherited loader env vars from the daemon process; session subprocesses will not inherit them: npm_config_userconfig, npm_config_prefix, npm_config_node_gyp, npm_config_globalconfig, npm_config_init_module, NODE_OPTIONS
2026-10-03T08:39:12.061Z [INFO] [DAEMON] projectMemoryScope=workspace projectMemoryScopeRaw=workspace projectMemoryScopeSource=default project memory scope resolved
2026-10-03T08:39:12.061Z [INFO] [DAEMON] removedKeys=npm_config_userconfig,npm_config_prefix,npm_config_node_gyp,npm_config_globalconfig,npm_config_init_module,NODE_OPTIONS scrubbed inherited loader env vars from the daemon process; session subprocesses will not inherit them
qwen serve: daemon log → /tmp/qws-ws-XVAUHI/debug/daemon/daemon.log
2026-10-03T08:39:12.062Z [INFO] [DAEMON] ideEnvPresent=false primary=/tmp/qws-ws-XVAUHI secondary= daemon workspace roots initialized
2026-10-03T08:39:12.070Z [WARN] [DAEMON] session-pr-refresh load failed: [vitest] There was an error when mocking a module. If you are using "vi.mock" factory, make sure there are no top level variables inside, since this call is hoisted to top of the file. Read more: https://vitest.dev/api/vi.html#vi-mock
qwen serve listening on http://127.0.0.1:39381 (mode=http-bridge, workspace=/tmp/qws-ws-XVAUHI)
qwen serve: bound to workspace "/tmp/qws-ws-XVAUHI"
qwen serve: startup timing: processToListenMs=25466 runQwenServeToListenMs=11
qwen serve: trusted loopback mode; local callers have full API access without bearer authentication, including code execution as the daemon user. Use --require-auth with QWEN_SERVER_TOKEN on shared or untrusted hosts.
qwen serve: /acp WebSocket transport enabled on /acp
2026-10-03T08:39:12.070Z [INFO] [DAEMON] daemon stopped
qwen serve: scrubbed inherited loader env vars from the daemon process; session subprocesses will not inherit them: npm_config_userconfig, npm_config_prefix, npm_config_node_gyp, npm_config_globalconfig, npm_config_init_module, NODE_OPTIONS
2026-10-03T08:39:12.074Z [INFO] [DAEMON] projectMemoryScope=workspace projectMemoryScopeRaw=workspace projectMemoryScopeSource=default project memory scope resolved
2026-10-03T08:39:12.074Z [INFO] [DAEMON] removedKeys=npm_config_userconfig,npm_config_prefix,npm_config_node_gyp,npm_config_globalconfig,npm_config_init_module,NODE_OPTIONS scrubbed inherited loader env vars from the daemon process; session subprocesses will not inherit them
qwen serve: daemon log → /tmp/qws-ws-qaGtuQ/debug/daemon/daemon.log
2026-10-03T08:39:12.075Z [INFO] [DAEMON] ideEnvPresent=false primary=/tmp/qws-ws-qaGtuQ secondary= daemon workspace roots initialized
2026-10-03T08:39:12.081Z [WARN] [DAEMON] session-pr-refresh load failed: [vitest] There was an error when mocking a module. If you are using "vi.mock" factory, make sure there are no top level variables inside, since this call is hoisted to top of the file. Read more: https://vitest.dev/api/vi.html#vi-mock
qwen serve listening on http://127.0.0.1:33141 (mode=http-bridge, workspace=/tmp/qws-ws-qaGtuQ)
qwen serve: bound to workspace "/tmp/qws-ws-qaGtuQ"
qwen serve: startup timing: processToListenMs=25477 runQwenServeToListenMs=10
qwen serve: trusted loopback mode; local callers have full API access without bearer authentication, including code execution as the daemon user. Use --require-auth with QWEN_SERVER_TOKEN on shared or untrusted hosts.
qwen serve: /acp WebSocket transport enabled on /acp
2026-10-03T08:39:12.082Z [INFO] [DAEMON] daemon stopped
qwen serve listening on http://127.0.0.1:38953 (mode=http-bridge, workspace=/tmp/qws-ws-fRGR6F)
qwen serve listening on http://127.0.0.1:42917 (mode=http-bridge, workspace=/tmp/qws-ws-4E8iqd)
qwen serve: scrubbed inherited loader env vars from the daemon process; session subprocesses will not inherit them: npm_config_userconfig, npm_config_prefix, npm_config_node_gyp, npm_config_globalconfig, npm_config_init_module
2026-10-03T08:39:12.161Z [INFO] [DAEMON] projectMemoryScope=workspace projectMemoryScopeRaw=workspace projectMemoryScopeSource=default project memory scope resolved
2026-10-03T08:39:12.161Z [INFO] [DAEMON] removedKeys=npm_config_userconfig,npm_config_prefix,npm_config_node_gyp,npm_config_globalconfig,npm_config_init_module scrubbed inherited loader env vars from the daemon process; session subprocesses will not inherit them
qwen serve: daemon log → /tmp/qws-ws-CKd0va/debug/daemon/daemon.log
2026-10-03T08:39:12.163Z [INFO] [DAEMON] ideEnvPresent=false primary=/tmp/qws-ws-CKd0va secondary= daemon workspace roots initialized
2026-10-03T08:39:12.170Z [WARN] [DAEMON] session-pr-refresh load failed: [vitest] There was an error when mocking a module. If you are using "vi.mock" factory, make sure there are no top level variables inside, since this call is hoisted to top of the file. Read more: https://vitest.dev/api/vi.html#vi-mock
qwen serve listening on http://127.0.0.1:38017 (mode=http-bridge, workspace=/tmp/qws-ws-CKd0va)
qwen serve: bound to workspace "/tmp/qws-ws-CKd0va"
qwen serve: startup timing: processToListenMs=25566 runQwenServeToListenMs=11
qwen serve: trusted loopback mode; local callers have full API access without bearer authentication, including code execution as the daemon user. Use --require-auth with QWEN_SERVER_TOKEN on shared or untrusted hosts.
qwen serve: /acp WebSocket transport enabled on /acp
2026-10-03T08:39:12.170Z [INFO] [DAEMON] daemon stopped
qwen serve: scrubbed inherited loader env vars from the daemon process; session subprocesses will not inherit them: npm_config_userconfig, npm_config_prefix, npm_config_node_gyp, npm_config_globalconfig, npm_config_init_module, NODE_OPTIONS
qwen serve: scrubbed inherited loader env vars from the daemon process; session subprocesses will not inherit them: npm_config_userconfig, npm_config_prefix, npm_config_node_gyp, npm_config_globalconfig, npm_config_init_module
2026-10-03T08:39:12.175Z [INFO] [DAEMON] projectMemoryScope=workspace projectMemoryScopeRaw=workspace projectMemoryScopeSource=default project memory scope resolved
2026-10-03T08:39:12.175Z [INFO] [DAEMON] removedKeys=npm_config_userconfig,npm_config_prefix,npm_config_node_gyp,npm_config_globalconfig,npm_config_init_module scrubbed inherited loader env vars from the daemon process; session subprocesses will not inherit them
qwen serve: daemon log → /tmp/qws-ws-Q2dHBD/debug/daemon/daemon.log
2026-10-03T08:39:12.177Z [INFO] [DAEMON] ideEnvPresent=false primary=/tmp/qws-ws-Q2dHBD secondary= daemon workspace roots initialized
2026-10-03T08:39:12.183Z [WARN] [DAEMON] session-pr-refresh load failed: [vitest] There was an error when mocking a module. If you are using "vi.mock" factory, make sure there are no top level variables inside, since this call is hoisted to top of the file. Read more: https://vitest.dev/api/vi.html#vi-mock
qwen serve listening on http://127.0.0.1:38215 (mode=http-bridge, workspace=/tmp/qws-ws-Q2dHBD)
qwen serve: bound to workspace "/tmp/qws-ws-Q2dHBD"
qwen serve: startup timing: processToListenMs=25579 runQwenServeToListenMs=10
qwen serve: trusted loopback mode; local callers have full API access without bearer authentication, including code execution as the daemon user. Use --require-auth with QWEN_SERVER_TOKEN on shared or untrusted hosts.
qwen serve: /acp WebSocket transport enabled on /acp
2026-10-03T08:39:12.183Z [WARN] [DAEMON] availableBytes=20 maxQueuedBytes=220 maxQueuedMessages=2 queueSaturationGraceMs=10000 requiredBytes=200 ACP NDJSON decoded queue saturated
2026-10-03T08:39:12.184Z [WARN] [DAEMON] bytes=262144 direction=outbound messageKind=notification method=session/update sessionUpdate=agent_message_chunk sourceClass=session_update_notification thresholdBytes=262144 large ACP pipe frame observed
2026-10-03T08:39:12.189Z [INFO] [DAEMON] route=GET /daemon/status durationMs=2 status=200 request completed
2026-10-03T08:39:12.189Z [INFO] [DAEMON] daemon stopped
qwen serve: scrubbed inherited loader env vars from the daemon process; session subprocesses will not inherit them: npm_config_userconfig, npm_config_prefix, npm_config_node_gyp, npm_config_globalconfig, npm_config_init_module
2026-10-03T08:39:12.232Z [INFO] [DAEMON] projectMemoryScope=workspace projectMemoryScopeRaw=workspace projectMemoryScopeSource=default project memory scope resolved
2026-10-03T08:39:12.232Z [INFO] [DAEMON] removedKeys=npm_config_userconfig,npm_config_prefix,npm_config_node_gyp,npm_config_globalconfig,npm_config_init_module scrubbed inherited loader env vars from the daemon process; session subprocesses will not inherit them
qwen serve: daemon log → /tmp/qws-run-serve-tests-3G3ZdQ/debug/daemon/daemon.log
2026-10-03T08:39:12.233Z [INFO] [DAEMON] ideEnvPresent=false primary=/tmp/qws-channel-tls-70sxNr secondary= daemon workspace roots initialized
2026-10-03T08:39:12.237Z [WARN] [DAEMON] session-pr-refresh load failed: [vitest] There was an error when mocking a module. If you are using "vi.mock" factory, make sure there are no top level variables inside, since this call is hoisted to top of the file. Read more: https://vitest.dev/api/vi.html#vi-mock
qwen serve listening on https://127.0.0.1:44131 (mode=http-bridge, workspace=/tmp/qws-channel-tls-70sxNr)
qwen serve: bound to workspace "/tmp/qws-channel-tls-70sxNr"
qwen serve: startup timing: processToListenMs=25634 runQwenServeToListenMs=8
qwen serve: trusted loopback mode; local callers have full API access without bearer authentication, including code execution as the daemon user. Use --require-auth with QWEN_SERVER_TOKEN on shared or untrusted hosts.
qwen serve: /acp WebSocket transport enabled on /acp
2026-10-03T08:39:12.301Z [INFO] [DAEMON] daemon stopped
qwen serve: scrubbed inherited loader env vars from the daemon process; session subprocesses will not inherit them: npm_config_userconfig, npm_config_prefix, npm_config_node_gyp, npm_config_globalconfig, npm_config_init_module
2026-10-03T08:39:12.307Z [INFO] [DAEMON] projectMemoryScope=workspace projectMemoryScopeRaw=workspace projectMemoryScopeSource=default project memory scope resolved
2026-10-03T08:39:12.307Z [INFO] [DAEMON] removedKeys=npm_config_userconfig,npm_config_prefix,npm_config_node_gyp,npm_config_globalconfig,npm_config_init_module scrubbed inherited loader env vars from the daemon process; session subprocesses will not inherit them
qwen serve: daemon log → /tmp/qws-run-serve-tests-3G3ZdQ/debug/daemon/daemon.log
2026-10-03T08:39:12.308Z [INFO] [DAEMON] ideEnvPresent=false primary=/tmp/qws-channel-url-certify-TkJOSP secondary= daemon workspace roots initialized
2026-10-03T08:39:12.314Z [WARN] [DAEMON] session-pr-refresh load failed: [vitest] There was an error when mocking a module. If you are using "vi.mock" factory, make sure there are no top level variables inside, since this call is hoisted to top of the file. Read more: https://vitest.dev/api/vi.html#vi-mock
qwen serve listening on http://127.0.0.1:33615 (mode=http-bridge, workspace=/tmp/qws-channel-url-certify-TkJOSP)
qwen serve: bound to workspace "/tmp/qws-channel-url-certify-TkJOSP"
qwen serve: startup timing: processToListenMs=25711 runQwenServeToListenMs=10
qwen serve: trusted loopback mode; local callers have full API access without bearer authentication, including code execution as the daemon user. Use --require-auth with QWEN_SERVER_TOKEN on shared or untrusted hosts.
qwen serve: /acp WebSocket transport enabled on /acp
2026-10-03T08:39:12.316Z [INFO] [DAEMON] daemon stopped
qwen serve: scrubbed inherited loader env vars from the daemon process; session subprocesses will not inherit them: npm_config_userconfig, npm_config_prefix, npm_config_node_gyp, npm_config_globalconfig, npm_config_init_module
qwen serve: scrubbed inherited loader env vars from the daemon process; session subprocesses will not inherit them: npm_config_userconfig, npm_config_prefix, npm_config_node_gyp, npm_config_globalconfig, npm_config_init_module
qwen serve: scrubbed inherited loader env vars from the daemon process; session subprocesses will not inherit them: npm_config_userconfig, npm_config_prefix, npm_config_node_gyp, npm_config_globalconfig, npm_config_init_module
2026-10-03T08:39:12.326Z [INFO] [DAEMON] projectMemoryScope=workspace projectMemoryScopeRaw=workspace projectMemoryScopeSource=default project memory scope resolved
2026-10-03T08:39:12.326Z [INFO] [DAEMON] removedKeys=npm_config_userconfig,npm_config_prefix,npm_config_node_gyp,npm_config_globalconfig,npm_config_init_module scrubbed inherited loader env vars from the daemon process; session subprocesses will not inherit them
qwen serve: daemon log → /tmp/qws-run-serve-tests-3G3ZdQ/debug/daemon/daemon.log
qwen serve listening on http://0.0.0.0:33691 (mode=http-bridge, workspace=/tmp/qws-quickstart-args-hEgGxv)
qwen serve: bound to workspace "/tmp/qws-quickstart-args-hEgGxv"
qwen serve: startup timing: processToListenMs=25722 runQwenServeToListenMs=2
2026-10-03T08:39:12.327Z [INFO] [DAEMON] ideEnvPresent=false primary=/tmp/qws-quickstart-args-hEgGxv secondary= daemon workspace roots initialized
qwen serve: session reaper started (interval 60000ms, idle threshold 1800000ms)
2026-10-03T08:39:12.332Z [WARN] [DAEMON] session-pr-refresh load failed: [vitest] There was an error when mocking a module. If you are using "vi.mock" factory, make sure there are no top level variables inside, since this call is hoisted to top of the file. Read more: https://vitest.dev/api/vi.html#vi-mock
qwen serve: /acp WebSocket transport enabled on /acp
2026-10-03T08:39:12.332Z [INFO] [DAEMON] daemon stopped
qwen serve: scrubbed inherited loader env vars from the daemon process; session subprocesses will not inherit them: npm_config_userconfig, npm_config_prefix, npm_config_node_gyp, npm_config_globalconfig, npm_config_init_module
2026-10-03T08:39:12.337Z [INFO] [DAEMON] projectMemoryScope=workspace projectMemoryScopeRaw=workspace projectMemoryScopeSource=default project memory scope resolved
2026-10-03T08:39:12.337Z [INFO] [DAEMON] removedKeys=npm_config_userconfig,npm_config_prefix,npm_config_node_gyp,npm_config_globalconfig,npm_config_init_module scrubbed inherited loader env vars from the daemon process; session subprocesses will not inherit them
qwen serve: daemon log → /tmp/qws-run-serve-tests-3G3ZdQ/debug/daemon/daemon.log
2026-10-03T08:39:12.338Z [INFO] [DAEMON] ideEnvPresent=false primary=/root/verify/pr11071-r4/head/packages/cli secondary= daemon workspace roots initialized
2026-10-03T08:39:12.345Z [WARN] [DAEMON] session-pr-refresh load failed: [vitest] There was an error when mocking a module. If you are using "vi.mock" factory, make sure there are no top level variables inside, since this call is hoisted to top of the file. Read more: https://vitest.dev/api/vi.html#vi-mock
qwen serve listening on http://127.0.0.1:38847 (mode=http-bridge, workspace=/root/verify/pr11071-r4/head/packages/cli)
qwen serve: bound to workspace "/root/verify/pr11071-r4/head/packages/cli"
qwen serve: startup timing: processToListenMs=25741 runQwenServeToListenMs=9
qwen serve: /acp WebSocket transport enabled on /acp
2026-10-03T08:39:12.345Z [INFO] [DAEMON] daemon stopped
qwen serve: scrubbed inherited loader env vars from the daemon process; session subprocesses will not inherit them: npm_config_userconfig, npm_config_prefix, npm_config_node_gyp, npm_config_globalconfig, npm_config_init_module
2026-10-03T08:39:12.350Z [INFO] [DAEMON] projectMemoryScope=workspace projectMemoryScopeRaw=workspace projectMemoryScopeSource=default project memory scope resolved
2026-10-03T08:39:12.350Z [INFO] [DAEMON] removedKeys=npm_config_userconfig,npm_config_prefix,npm_config_node_gyp,npm_config_globalconfig,npm_config_init_module scrubbed inherited loader env vars from the daemon process; session subprocesses will not inherit them
qwen serve: daemon log → /tmp/qws-run-serve-tests-3G3ZdQ/debug/daemon/daemon.log
2026-10-03T08:39:12.350Z [INFO] [DAEMON] ideEnvPresent=false primary=/root/verify/pr11071-r4/head/packages/cli secondary= daemon workspace roots initialized
2026-10-03T08:39:12.355Z [WARN] [DAEMON] session-pr-refresh load failed: [vitest] There was an error when mocking a module. If you are using "vi.mock" factory, make sure there are no top level variables inside, since this call is hoisted to top of the file. Read more: https://vitest.dev/api/vi.html#vi-mock
qwen serve listening on http://127.0.0.1:40711 (mode=http-bridge, workspace=/root/verify/pr11071-r4/head/packages/cli)
qwen serve: bound to workspace "/root/verify/pr11071-r4/head/packages/cli"
qwen serve: startup timing: processToListenMs=25751 runQwenServeToListenMs=7
qwen serve: /acp WebSocket transport enabled on /acp
2026-10-03T08:39:12.355Z [INFO] [DAEMON] daemon stopped
qwen serve: scrubbed inherited loader env vars from the daemon process; session subprocesses will not inherit them: npm_config_userconfig, npm_config_prefix, npm_config_node_gyp, npm_config_globalconfig, npm_config_init_module
2026-10-03T08:39:12.358Z [INFO] [DAEMON] projectMemoryScope=workspace projectMemoryScopeRaw=workspace projectMemoryScopeSource=default project memory scope resolved
2026-10-03T08:39:12.358Z [INFO] [DAEMON] removedKeys=npm_config_userconfig,npm_config_prefix,npm_config_node_gyp,npm_config_globalconfig,npm_config_init_module scrubbed inherited loader env vars from the daemon process; session subprocesses will not inherit them
qwen serve: daemon log → /tmp/qws-run-serve-tests-3G3ZdQ/debug/daemon/daemon.log
2026-10-03T08:39:12.358Z [INFO] [DAEMON] ideEnvPresent=false primary=/root/verify/pr11071-r4/head/packages/cli secondary= daemon workspace roots initialized
2026-10-03T08:39:12.363Z [WARN] [DAEMON] session-pr-refresh load failed: [vitest] There was an error when mocking a module. If you are using "vi.mock" factory, make sure there are no top level variables inside, since this call is hoisted to top of the file. Read more: https://vitest.dev/api/vi.html#vi-mock
qwen serve listening on http://127.0.0.1:35801 (mode=http-bridge, workspace=/root/verify/pr11071-r4/head/packages/cli)
qwen serve: --token-qr / serve.tokenQr has no effect because the Web Shell is not mounted.
qwen serve: bound to workspace "/root/verify/pr11071-r4/head/packages/cli"
qwen serve: startup timing: processToListenMs=25759 runQwenServeToListenMs=7
qwen serve: /acp WebSocket transport enabled on /acp
2026-10-03T08:39:12.363Z [INFO] [DAEMON] daemon stopped
qwen serve: scrubbed inherited loader env vars from the daemon process; session subprocesses will not inherit them: npm_config_userconfig, npm_config_prefix, npm_config_node_gyp, npm_config_globalconfig, npm_config_init_module
2026-10-03T08:39:12.368Z [INFO] [DAEMON] projectMemoryScope=workspace projectMemoryScopeRaw=workspace projectMemoryScopeSource=default project memory scope resolved
2026-10-03T08:39:12.368Z [INFO] [DAEMON] removedKeys=npm_config_userconfig,npm_config_prefix,npm_config_node_gyp,npm_config_globalconfig,npm_config_init_module scrubbed inherited loader env vars from the daemon process; session subprocesses will not inherit them
qwen serve: daemon log → /tmp/qws-run-serve-tests-3G3ZdQ/debug/daemon/daemon.log
2026-10-03T08:39:12.369Z [INFO] [DAEMON] ideEnvPresent=false primary=/root/verify/pr11071-r4/head/packages/cli secondary= daemon workspace roots initialized
2026-10-03T08:39:12.373Z [WARN] [DAEMON] session-pr-refresh load failed: [vitest] There was an error when mocking a module. If you are using "vi.mock" factory, make sure there are no top level variables inside, since this call is hoisted to top of the file. Read more: https://vitest.dev/api/vi.html#vi-mock
qwen serve listening on http://127.0.0.1:44711 (mode=http-bridge, workspace=/root/verify/pr11071-r4/head/packages/cli)
qwen serve: --token-qr / serve.tokenQr has no effect because the Web Shell is not mounted.
qwen serve: bound to workspace "/root/verify/pr11071-r4/head/packages/cli"
qwen serve: startup timing: processToListenMs=25769 runQwenServeToListenMs=7
qwen serve: /acp WebSocket transport enabled on /acp
2026-10-03T08:39:12.373Z [INFO] [DAEMON] daemon stopped
qwen serve: scrubbed inherited loader env vars from the daemon process; session subprocesses will not inherit them: npm_config_userconfig, npm_config_prefix, npm_config_node_gyp, npm_config_globalconfig, npm_config_init_module
2026-10-03T08:39:12.376Z [INFO] [DAEMON] projectMemoryScope=workspace projectMemoryScopeRaw=workspace projectMemoryScopeSource=default project memory scope resolved
2026-10-03T08:39:12.376Z [INFO] [DAEMON] removedKeys=npm_config_userconfig,npm_config_prefix,npm_config_node_gyp,npm_config_globalconfig,npm_config_init_module scrubbed inherited loader env vars from the daemon process; session subprocesses will not inherit them
qwen serve: daemon log → /tmp/qws-run-serve-tests-3G3ZdQ/debug/daemon/daemon.log
2026-10-03T08:39:12.377Z [INFO] [DAEMON] ideEnvPresent=false primary=/root/verify/pr11071-r4/head/packages/cli secondary= daemon workspace roots initialized
2026-10-03T08:39:12.381Z [WARN] [DAEMON] session-pr-refresh load failed: [vitest] There was an error when mocking a module. If you are using "vi.mock" factory, make sure there are no top level variables inside, since this call is hoisted to top of the file. Read more: https://vitest.dev/api/vi.html#vi-mock
qwen serve listening on http://127.0.0.1:41853 (mode=http-bridge, workspace=/root/verify/pr11071-r4/head/packages/cli)
qwen serve: bound to workspace "/root/verify/pr11071-r4/head/packages/cli"
qwen serve: startup timing: processToListenMs=25777 runQwenServeToListenMs=7
qwen serve: /acp WebSocket transport enabled on /acp
2026-10-03T08:39:12.382Z [INFO] [DAEMON] daemon stopped
qwen serve listening on http://0.0.0.0:41653 (mode=http-bridge, workspace=/root/verify/pr11071-r4/head/packages/cli)
2026-10-03T08:39:12.394Z [INFO] [DAEMON] daemon stopped
qwen serve listening on http://0.0.0.0:40785 (mode=http-bridge, workspace=/root/verify/pr11071-r4/head/packages/cli)
2026-10-03T08:39:12.405Z [INFO] [DAEMON] daemon stopped
qwen serve: sessions archive result requested=1 requestedIds=["55555555-bbbb-cccc-dddd-eeeeeeeeeeef"] archived=0 archivedIds=[] alreadyArchived=0 alreadyArchivedIds=[] notFound=0 notFoundIds=[] errors=1 errorIds=["55555555-bbbb-cccc-dddd-eeeeeeeeeeef":"Session \"55555555-bbbb-cccc-dddd-eeeeeeeeeeef\" is being archived or unarchived;]
qwen serve listening on http://127.0.0.1:35517 (mode=http-bridge, workspace=/tmp/qws-quickstart-loopback-5ohgEU)
2026-10-03T08:39:12.417Z [INFO] [DAEMON] daemon stopped
qwen serve listening on http://0.0.0.0:32877 (mode=http-bridge, workspace=/root/verify/pr11071-r4/head/packages/cli)
2026-10-03T08:39:12.427Z [INFO] [DAEMON] daemon stopped
qwen serve listening on http://0.0.0.0:35659 (mode=http-bridge, workspace=/tmp/qws-quickstart-ws-scope-OT62Ab)
2026-10-03T08:39:12.440Z [INFO] [DAEMON] daemon stopped
qwen serve: scrubbed inherited loader env vars from the daemon process; session subprocesses will not inherit them: npm_config_userconfig, npm_config_prefix, npm_config_node_gyp, npm_config_globalconfig, npm_config_init_module
2026-10-03T08:39:12.444Z [INFO] [DAEMON] projectMemoryScope=workspace projectMemoryScopeRaw=workspace projectMemoryScopeSource=default project memory scope resolved
2026-10-03T08:39:12.444Z [INFO] [DAEMON] removedKeys=npm_config_userconfig,npm_config_prefix,npm_config_node_gyp,npm_config_globalconfig,npm_config_init_module scrubbed inherited loader env vars from the daemon process; session subprocesses will not inherit them
qwen serve: daemon log → /tmp/qws-run-serve-tests-3G3ZdQ/debug/daemon/daemon.log
2026-10-03T08:39:12.445Z [INFO] [DAEMON] ideEnvPresent=false primary=/tmp/qws-quickstart-aton-jFGc5K secondary= daemon workspace roots initialized
2026-10-03T08:39:12.449Z [WARN] [DAEMON] session-pr-refresh load failed: [vitest] There was an error when mocking a module. If you are using "vi.mock" factory, make sure there are no top level variables inside, since this call is hoisted to top of the file. Read more: https://vitest.dev/api/vi.html#vi-mock
qwen serve listening on http://0.0.0.0:38957 (mode=http-bridge, workspace=/tmp/qws-quickstart-aton-jFGc5K)
qwen serve: bound to workspace "/tmp/qws-quickstart-aton-jFGc5K"
qwen serve: startup timing: processToListenMs=25845 runQwenServeToListenMs=7
qwen serve: /acp WebSocket transport enabled on /acp
2026-10-03T08:39:12.450Z [INFO] [DAEMON] daemon stopped
qwen serve listening on http://0.0.0.0:45007 (mode=http-bridge, workspace=/tmp/qws-quickstart-web-PwMEGk)
2026-10-03T08:39:12.462Z [INFO] [DAEMON] daemon stopped
qwen serve: scrubbed inherited loader env vars from the daemon process; session subprocesses will not inherit them: npm_config_userconfig, npm_config_prefix, npm_config_node_gyp, npm_config_globalconfig, npm_config_init_module
2026-10-03T08:39:12.466Z [INFO] [DAEMON] projectMemoryScope=workspace projectMemoryScopeRaw=workspace projectMemoryScopeSource=default project memory scope resolved
2026-10-03T08:39:12.466Z [INFO] [DAEMON] removedKeys=npm_config_userconfig,npm_config_prefix,npm_config_node_gyp,npm_config_globalconfig,npm_config_init_module scrubbed inherited loader env vars from the daemon process; session subprocesses will not inherit them
qwen serve: daemon log → /tmp/qws-run-serve-tests-3G3ZdQ/debug/daemon/daemon.log
2026-10-03T08:39:12.467Z [INFO] [DAEMON] ideEnvPresent=false primary=/tmp/qws-requireauth-gen-6yDuKR secondary= daemon workspace roots initialized
2026-10-03T08:39:12.471Z [WARN] [DAEMON] session-pr-refresh load failed: [vitest] There was an error when mocking a module. If you are using "vi.mock" factory, make sure there are no top level variables inside, since this call is hoisted to top of the file. Read more: https://vitest.dev/api/vi.html#vi-mock
qwen serve listening on http://0.0.0.0:41517 (mode=http-bridge, workspace=/tmp/qws-requireauth-gen-6yDuKR)
qwen serve: bound to workspace "/tmp/qws-requireauth-gen-6yDuKR"
qwen serve: startup timing: processToListenMs=25867 runQwenServeToListenMs=7
qwen serve: --require-auth enabled (bearer token mandatory on every route, including loopback /health).
qwen serve: /acp WebSocket transport enabled on /acp
2026-10-03T08:39:12.472Z [INFO] [DAEMON] daemon stopped
qwen serve: scrubbed inherited loader env vars from the daemon process; session subprocesses will not inherit them: npm_config_userconfig, npm_config_prefix, npm_config_node_gyp, npm_config_globalconfig, npm_config_init_module
qwen serve: --allow-origin: * (WARNING: `*` admits any cross-origin browser — bearer token gates API routes; the Web Shell static assets stay pre-auth in every mode unless --no-web, and /health stays pre-auth on loopback unless --require-auth is set)
2026-10-03T08:39:12.478Z [INFO] [DAEMON] projectMemoryScope=workspace projectMemoryScopeRaw=workspace projectMemoryScopeSource=default project memory scope resolved
2026-10-03T08:39:12.478Z [INFO] [DAEMON] removedKeys=npm_config_userconfig,npm_config_prefix,npm_config_node_gyp,npm_config_globalconfig,npm_config_init_module scrubbed inherited loader env vars from the daemon process; session subprocesses will not inherit them
qwen serve: daemon log → /tmp/qws-run-serve-tests-3G3ZdQ/debug/daemon/daemon.log
2026-10-03T08:39:12.479Z [INFO] [DAEMON] ideEnvPresent=false primary=/tmp/qws-anyorigin-gen-Fnbtxx secondary= daemon workspace roots initialized
2026-10-03T08:39:12.483Z [WARN] [DAEMON] session-pr-refresh load failed: [vitest] There was an error when mocking a module. If you are using "vi.mock" factory, make sure there are no top level variables inside, since this call is hoisted to top of the file. Read more: https://vitest.dev/api/vi.html#vi-mock
qwen serve listening on http://0.0.0.0:37431 (mode=http-bridge, workspace=/tmp/qws-anyorigin-gen-Fnbtxx)
qwen serve: bound to workspace "/tmp/qws-anyorigin-gen-Fnbtxx"
qwen serve: startup timing: processToListenMs=25880 runQwenServeToListenMs=7
qwen serve: /acp WebSocket transport enabled on /acp
2026-10-03T08:39:12.484Z [INFO] [DAEMON] daemon stopped
qwen serve: scrubbed inherited loader env vars from the daemon process; session subprocesses will not inherit them: npm_config_userconfig, npm_config_prefix, npm_config_node_gyp, npm_config_globalconfig, npm_config_init_module
qwen serve: --allow-origin: https://app.example.com
2026-10-03T08:39:12.489Z [INFO] [DAEMON] projectMemoryScope=workspace projectMemoryScopeRaw=workspace projectMemoryScopeSource=default project memory scope resolved
2026-10-03T08:39:12.489Z [INFO] [DAEMON] removedKeys=npm_config_userconfig,npm_config_prefix,npm_config_node_gyp,npm_config_globalconfig,npm_config_init_module scrubbed inherited loader env vars from the daemon process; session subprocesses will not inherit them
qwen serve: daemon log → /tmp/qws-run-serve-tests-3G3ZdQ/debug/daemon/daemon.log
2026-10-03T08:39:12.490Z [INFO] [DAEMON] ideEnvPresent=false primary=/tmp/qws-remoteorigin-gen-AEJbsm secondary= daemon workspace roots initialized
2026-10-03T08:39:12.494Z [WARN] [DAEMON] session-pr-refresh load failed: [vitest] There was an error when mocking a module. If you are using "vi.mock" factory, make sure there are no top level variables inside, since this call is hoisted to top of the file. Read more: https://vitest.dev/api/vi.html#vi-mock
qwen serve listening on http://0.0.0.0:41337 (mode=http-bridge, workspace=/tmp/qws-remoteorigin-gen-AEJbsm)
qwen serve: bound to workspace "/tmp/qws-remoteorigin-gen-AEJbsm"
qwen serve: startup timing: processToListenMs=25890 runQwenServeToListenMs=7
qwen serve: /acp WebSocket transport enabled on /acp
2026-10-03T08:39:12.494Z [INFO] [DAEMON] daemon stopped
qwen serve: scrubbed inherited loader env vars from the daemon process; session subprocesses will not inherit them: npm_config_userconfig, npm_config_prefix, npm_config_node_gyp, npm_config_globalconfig, npm_config_init_module
qwen serve: scrubbed inherited loader env vars from the daemon process; session subprocesses will not inherit them: npm_config_userconfig, npm_config_prefix, npm_config_node_gyp, npm_config_globalconfig, npm_config_init_module
qwen serve: scrubbed inherited loader env vars from the daemon process; session subprocesses will not inherit them: npm_config_userconfig, npm_config_prefix, npm_config_node_gyp, npm_config_globalconfig, npm_config_init_module
qwen serve: scrubbed inherited loader env vars from the daemon process; session subprocesses will not inherit them: npm_config_userconfig, npm_config_prefix, npm_config_node_gyp, npm_config_globalconfig, npm_config_init_module
2026-10-03T08:39:12.505Z [INFO] [DAEMON] projectMemoryScope=workspace projectMemoryScopeRaw=workspace projectMemoryScopeSource=default project memory scope resolved
2026-10-03T08:39:12.505Z [INFO] [DAEMON] removedKeys=npm_config_userconfig,npm_config_prefix,npm_config_node_gyp,npm_config_globalconfig,npm_config_init_module scrubbed inherited loader env vars from the daemon process; session subprocesses will not inherit them
qwen serve: daemon log → /tmp/qws-run-serve-tests-3G3ZdQ/debug/daemon/daemon.log
2026-10-03T08:39:12.506Z [INFO] [DAEMON] ideEnvPresent=false primary=/root/verify/pr11071-r4/head/packages/cli secondary= daemon workspace roots initialized
2026-10-03T08:39:12.510Z [WARN] [DAEMON] session-pr-refresh load failed: [vitest] There was an error when mocking a module. If you are using "vi.mock" factory, make sure there are no top level variables inside, since this call is hoisted to top of the file. Read more: https://vitest.dev/api/vi.html#vi-mock
qwen serve listening on http://127.0.0.1:39381 (mode=http-bridge, workspace=/root/verify/pr11071-r4/head/packages/cli)
qwen serve: bound to workspace "/root/verify/pr11071-r4/head/packages/cli"
qwen serve: startup timing: processToListenMs=25906 runQwenServeToListenMs=7
qwen serve: --require-auth enabled (bearer token mandatory on every route, including loopback /health).
qwen serve: /acp WebSocket transport enabled on /acp
2026-10-03T08:39:12.510Z [INFO] [DAEMON] daemon stopped
qwen serve: scrubbed inherited loader env vars from the daemon process; session subprocesses will not inherit them: npm_config_userconfig, npm_config_prefix, npm_config_node_gyp, npm_config_globalconfig, npm_config_init_module
2026-10-03T08:39:12.515Z [INFO] [DAEMON] projectMemoryScope=workspace projectMemoryScopeRaw=workspace projectMemoryScopeSource=default project memory scope resolved
2026-10-03T08:39:12.515Z [INFO] [DAEMON] removedKeys=npm_config_userconfig,npm_config_prefix,npm_config_node_gyp,npm_config_globalconfig,npm_config_init_module scrubbed inherited loader env vars from the daemon process; session subprocesses will not inherit them
qwen serve: daemon log → /tmp/qws-run-serve-tests-3G3ZdQ/debug/daemon/daemon.log
2026-10-03T08:39:12.516Z [INFO] [DAEMON] ideEnvPresent=false primary=/root/verify/pr11071-r4/head/packages/cli secondary= daemon workspace roots initialized
2026-10-03T08:39:12.522Z [WARN] [DAEMON] session-pr-refresh load failed: [vitest] There was an error when mocking a module. If you are using "vi.mock" factory, make sure there are no top level variables inside, since this call is hoisted to top of the file. Read more: https://vitest.dev/api/vi.html#vi-mock
qwen serve listening on http://127.0.0.1:35081 (mode=http-bridge, workspace=/root/verify/pr11071-r4/head/packages/cli)
qwen serve: bound to workspace "/root/verify/pr11071-r4/head/packages/cli"
qwen serve: startup timing: processToListenMs=25918 runQwenServeToListenMs=8
qwen serve: trusted loopback mode; local callers have full API access without bearer authentication, including code execution as the daemon user. Use --require-auth with QWEN_SERVER_TOKEN on shared or untrusted hosts.
qwen serve: /acp WebSocket transport enabled on /acp
2026-10-03T08:39:12.522Z [INFO] [DAEMON] daemon stopped
qwen serve: scrubbed inherited loader env vars from the daemon process; session subprocesses will not inherit them: npm_config_userconfig, npm_config_prefix, npm_config_node_gyp, npm_config_globalconfig, npm_config_init_module
2026-10-03T08:39:12.528Z [INFO] [DAEMON] projectMemoryScope=workspace projectMemoryScopeRaw=workspace projectMemoryScopeSource=default project memory scope resolved
2026-10-03T08:39:12.528Z [INFO] [DAEMON] removedKeys=npm_config_userconfig,npm_config_prefix,npm_config_node_gyp,npm_config_globalconfig,npm_config_init_module scrubbed inherited loader env vars from the daemon process; session subprocesses will not inherit them
qwen serve: daemon log → /tmp/qws-run-serve-tests-3G3ZdQ/debug/daemon/daemon.log
2026-10-03T08:39:12.528Z [INFO] [DAEMON] ideEnvPresent=false primary=/tmp/qws-channel-localhost-tls-ugGkHN secondary= daemon workspace roots initialized
2026-10-03T08:39:12.533Z [WARN] [DAEMON] session-pr-refresh load failed: [vitest] There was an error when mocking a module. If you are using "vi.mock" factory, make sure there are no top level variables inside, since this call is hoisted to top of the file. Read more: https://vitest.dev/api/vi.html#vi-mock
qwen serve listening on https://localhost:41637 (mode=http-bridge, workspace=/tmp/qws-channel-localhost-tls-ugGkHN)
qwen serve: bound to workspace "/tmp/qws-channel-localhost-tls-ugGkHN"
qwen serve: startup timing: processToListenMs=25929 runQwenServeToListenMs=8
qwen serve: trusted loopback mode; local callers have full API access without bearer authentication, including code execution as the daemon user. Use --require-auth with QWEN_SERVER_TOKEN on shared or untrusted hosts.
qwen serve: /acp WebSocket transport enabled on /acp
2026-10-03T08:39:12.600Z [INFO] [DAEMON] daemon stopped
qwen serve: scrubbed inherited loader env vars from the daemon process; session subprocesses will not inherit them: npm_config_userconfig, npm_config_prefix, npm_config_node_gyp, npm_config_globalconfig, npm_config_init_module
2026-10-03T08:39:12.606Z [INFO] [DAEMON] projectMemoryScope=workspace projectMemoryScopeRaw=workspace projectMemoryScopeSource=default project memory scope resolved
2026-10-03T08:39:12.606Z [INFO] [DAEMON] removedKeys=npm_config_userconfig,npm_config_prefix,npm_config_node_gyp,npm_config_globalconfig,npm_config_init_module scrubbed inherited loader env vars from the daemon process; session subprocesses will not inherit them
qwen serve: daemon log → /tmp/qws-run-serve-tests-3G3ZdQ/debug/daemon/daemon.log
2026-10-03T08:39:12.607Z [INFO] [DAEMON] ideEnvPresent=false primary=/tmp/qws-channel-localhost-http-OaVxAM secondary= daemon workspace roots initialized
2026-10-03T08:39:12.611Z [WARN] [DAEMON] session-pr-refresh load failed: [vitest] There was an error when mocking a module. If you are using "vi.mock" factory, make sure there are no top level variables inside, since this call is hoisted to top of the file. Read more: https://vitest.dev/api/vi.html#vi-mock
qwen serve listening on http://localhost:40569 (mode=http-bridge, workspace=/tmp/qws-channel-localhost-http-OaVxAM)
qwen serve: bound to workspace "/tmp/qws-channel-localhost-http-OaVxAM"
qwen serve: startup timing: processToListenMs=26010 runQwenServeToListenMs=10
qwen serve: trusted loopback mode; local callers have full API access without bearer authentication, including code execution as the daemon user. Use --require-auth with QWEN_SERVER_TOKEN on shared or untrusted hosts.
qwen serve: /acp WebSocket transport enabled on /acp
2026-10-03T08:39:12.615Z [INFO] [DAEMON] daemon stopped
qwen serve: scrubbed inherited loader env vars from the daemon process; session subprocesses will not inherit them: npm_config_userconfig, npm_config_prefix, npm_config_node_gyp, npm_config_globalconfig, npm_config_init_module
2026-10-03T08:39:12.620Z [INFO] [DAEMON] projectMemoryScope=workspace projectMemoryScopeRaw=workspace projectMemoryScopeSource=default project memory scope resolved
2026-10-03T08:39:12.620Z [INFO] [DAEMON] removedKeys=npm_config_userconfig,npm_config_prefix,npm_config_node_gyp,npm_config_globalconfig,npm_config_init_module scrubbed inherited loader env vars from the daemon process; session subprocesses will not inherit them
qwen serve: daemon log → /tmp/qws-run-serve-tests-3G3ZdQ/debug/daemon/daemon.log
2026-10-03T08:39:12.621Z [INFO] [DAEMON] ideEnvPresent=false primary=/tmp/qws-channel-url-refuse-yNwxMT secondary= daemon workspace roots initialized
2026-10-03T08:39:12.625Z [WARN] [DAEMON] session-pr-refresh load failed: [vitest] There was an error when mocking a module. If you are using "vi.mock" factory, make sure there are no top level variables inside, since this call is hoisted to top of the file. Read more: https://vitest.dev/api/vi.html#vi-mock
qwen serve listening on http://127.0.0.1:33881 (mode=http-bridge, workspace=/tmp/qws-channel-url-refuse-yNwxMT)
qwen serve: bound to workspace "/tmp/qws-channel-url-refuse-yNwxMT"
qwen serve: startup timing: processToListenMs=26022 runQwenServeToListenMs=7
qwen serve: trusted loopback mode; local callers have full API access without bearer authentication, including code execution as the daemon user. Use --require-auth with QWEN_SERVER_TOKEN on shared or untrusted hosts.
qwen serve: /acp WebSocket transport enabled on /acp
qwen serve: runtime startup failed: Channels cannot start: --hostname "127.0.0.1" is not a loopback bind
2026-10-03T08:39:12.626Z [ERROR] [DAEMON] runtime startup failed
  Error: Channels cannot start: --hostname "127.0.0.1" is not a loopback bind
      at channelWorkerUrlCertifier (/root/verify/pr11071-r4/head/packages/cli/src/serve/run-qwen-serve.test.ts:15117:17)
      at /root/verify/pr11071-r4/head/packages/cli/src/serve/run-qwen-serve.ts:9625:13
      at processTicksAndRejections (node:internal/process/task_queues:103:5)
2026-10-03T08:39:12.627Z [INFO] [DAEMON] daemon stopped
qwen serve: scrubbed inherited loader env vars from the daemon process; session subprocesses will not inherit them: npm_config_userconfig, npm_config_prefix, npm_config_node_gyp, npm_config_globalconfig, npm_config_init_module
2026-10-03T08:39:12.632Z [INFO] [DAEMON] projectMemoryScope=workspace projectMemoryScopeRaw=workspace projectMemoryScopeSource=default project memory scope resolved
2026-10-03T08:39:12.632Z [INFO] [DAEMON] removedKeys=npm_config_userconfig,npm_config_prefix,npm_config_node_gyp,npm_config_globalconfig,npm_config_init_module scrubbed inherited loader env vars from the daemon process; session subprocesses will not inherit them
qwen serve: daemon log → /tmp/qws-channel-gap-lpaI2l/debug/daemon/daemon.log
2026-10-03T08:39:12.633Z [INFO] [DAEMON] ideEnvPresent=false primary=/tmp/qws-channel-gap-lpaI2l secondary= daemon workspace roots initialized
2026-10-03T08:39:12.637Z [WARN] [DAEMON] session-pr-refresh load failed: [vitest] There was an error when mocking a module. If you are using "vi.mock" factory, make sure there are no top level variables inside, since this call is hoisted to top of the file. Read more: https://vitest.dev/api/vi.html#vi-mock
qwen serve listening on https://[::1]:38387 (mode=http-bridge, workspace=/tmp/qws-channel-gap-lpaI2l)
qwen serve: bound to workspace "/tmp/qws-channel-gap-lpaI2l"
qwen serve: startup timing: processToListenMs=26037 runQwenServeToListenMs=10
qwen serve: trusted loopback mode; local callers have full API access without bearer authentication, including code execution as the daemon user. Use --require-auth with QWEN_SERVER_TOKEN on shared or untrusted hosts.
qwen serve: /acp WebSocket transport enabled on /acp
2026-10-03T08:39:12.703Z [WARN] [DAEMON] --tls-cert "/tmp/qws-channel-gap-lpaI2l/cert.pem" has no subjectAltName covering "::1", the host channel workers dial — every worker handshake will fail ERR_TLS_CERT_ALTNAME_INVALID. Reissue the certificate with that host in its SANs and restart.
2026-10-03T08:39:12.704Z [INFO] [DAEMON] daemon stopped
qwen serve: scrubbed inherited loader env vars from the daemon process; session subprocesses will not inherit them: npm_config_userconfig, npm_config_prefix, npm_config_node_gyp, npm_config_globalconfig, npm_config_init_module
2026-10-03T08:39:12.710Z [INFO] [DAEMON] projectMemoryScope=workspace projectMemoryScopeRaw=workspace projectMemoryScopeSource=default project memory scope resolved
2026-10-03T08:39:12.710Z [INFO] [DAEMON] removedKeys=npm_config_userconfig,npm_config_prefix,npm_config_node_gyp,npm_config_globalconfig,npm_config_init_module scrubbed inherited loader env vars from the daemon process; session subprocesses will not inherit them
qwen serve: daemon log → /tmp/qws-channel-gap-P6PhOk/debug/daemon/daemon.log
2026-10-03T08:39:12.711Z [INFO] [DAEMON] ideEnvPresent=false primary=/tmp/qws-channel-gap-P6PhOk secondary= daemon workspace roots initialized
2026-10-03T08:39:12.715Z [WARN] [DAEMON] session-pr-refresh load failed: [vitest] There was an error when mocking a module. If you are using "vi.mock" factory, make sure there are no top level variables inside, since this call is hoisted to top of the file. Read more: https://vitest.dev/api/vi.html#vi-mock
qwen serve listening on https://127.0.0.1:36173 (mode=http-bridge, workspace=/tmp/qws-channel-gap-P6PhOk)
qwen serve: bound to workspace "/tmp/qws-channel-gap-P6PhOk"
qwen serve: startup timing: processToListenMs=26112 runQwenServeToListenMs=8
qwen serve: trusted loopback mode; local callers have full API access without bearer authentication, including code execution as the daemon user. Use --require-auth with QWEN_SERVER_TOKEN on shared or untrusted hosts.
qwen serve: /acp WebSocket transport enabled on /acp
qwen serve: bridge error (GET /session/:id/transcript session=55555555-bbbb-cccc-dddd-aeaeaeaeaeae): Error: Transcript session resolution failed across 2 workspace(s)
    at resolveTranscriptSessionRuntime (/root/verify/pr11071-r4/head/packages/cli/src/serve/routes/session.ts:2322:13)
    at processTicksAndRejections (node:internal/process/task_queues:103:5)
    at /root/verify/pr11071-r4/head/packages/cli/src/serve/routes/session.ts:6262:27
    at SessionArchiveCoordinator.runSharedMany (/root/verify/pr11071-r4/head/packages/cli/src/serve/server/session-archive.ts:200:14)
    at /root/verify/pr11071-r4/head/packages/cli/src/serve/routes/session.ts:6259:22
2026-10-03T08:39:12.779Z [INFO] [DAEMON] daemon stopped
qwen serve: scrubbed inherited loader env vars from the daemon process; session subprocesses will not inherit them: npm_config_userconfig, npm_config_prefix, npm_config_node_gyp, npm_config_globalconfig, npm_config_init_module
2026-10-03T08:39:12.785Z [INFO] [DAEMON] projectMemoryScope=workspace projectMemoryScopeRaw=workspace projectMemoryScopeSource=default project memory scope resolved
2026-10-03T08:39:12.785Z [INFO] [DAEMON] removedKeys=npm_config_userconfig,npm_config_prefix,npm_config_node_gyp,npm_config_globalconfig,npm_config_init_module scrubbed inherited loader env vars from the daemon process; session subprocesses will not inherit them
qwen serve: daemon log → /tmp/qws-channel-gap-A85kag/debug/daemon/daemon.log
2026-10-03T08:39:12.786Z [INFO] [DAEMON] ideEnvPresent=false primary=/tmp/qws-channel-gap-A85kag secondary= daemon workspace roots initialized
2026-10-03T08:39:12.794Z [WARN] [DAEMON] session-pr-refresh load failed: [vitest] There was an error when mocking a module. If you are using "vi.mock" factory, make sure there are no top level variables inside, since this call is hoisted to top of the file. Read more: https://vitest.dev/api/vi.html#vi-mock
qwen serve listening on https://127.0.0.1:38679 (mode=http-bridge, workspace=/tmp/qws-channel-gap-A85kag)
qwen serve: bound to workspace "/tmp/qws-channel-gap-A85kag"
qwen serve: startup timing: processToListenMs=26191 runQwenServeToListenMs=11
qwen serve: trusted loopback mode; local callers have full API access without bearer authentication, including code execution as the daemon user. Use --require-auth with QWEN_SERVER_TOKEN on shared or untrusted hosts.
qwen serve: /acp WebSocket transport enabled on /acp
2026-10-03T08:39:12.819Z [WARN] [DAEMON] Channel worker TLS verification failed against the exact CA bundle workers receive (INVALID_PURPOSE): unsuitable certificate purpose
2026-10-03T08:39:12.820Z [INFO] [DAEMON] daemon stopped
qwen serve: scrubbed inherited loader env vars from the daemon process; session subprocesses will not inherit them: npm_config_userconfig, npm_config_prefix, npm_config_node_gyp, npm_config_globalconfig, npm_config_init_module
2026-10-03T08:39:12.827Z [INFO] [DAEMON] projectMemoryScope=workspace projectMemoryScopeRaw=workspace projectMemoryScopeSource=default project memory scope resolved
2026-10-03T08:39:12.827Z [INFO] [DAEMON] removedKeys=npm_config_userconfig,npm_config_prefix,npm_config_node_gyp,npm_config_globalconfig,npm_config_init_module scrubbed inherited loader env vars from the daemon process; session subprocesses will not inherit them
qwen serve: daemon log → /tmp/qws-channel-gap-HG8y28/debug/daemon/daemon.log
2026-10-03T08:39:12.828Z [INFO] [DAEMON] ideEnvPresent=false primary=/tmp/qws-channel-gap-HG8y28 secondary= daemon workspace roots initialized
2026-10-03T08:39:12.832Z [WARN] [DAEMON] session-pr-refresh load failed: [vitest] There was an error when mocking a module. If you are using "vi.mock" factory, make sure there are no top level variables inside, since this call is hoisted to top of the file. Read more: https://vitest.dev/api/vi.html#vi-mock
qwen serve listening on https://127.0.0.1:46091 (mode=http-bridge, workspace=/tmp/qws-channel-gap-HG8y28)
qwen serve: bound to workspace "/tmp/qws-channel-gap-HG8y28"
qwen serve: startup timing: processToListenMs=26229 runQwenServeToListenMs=8
qwen serve: trusted loopback mode; local callers have full API access without bearer authentication, including code execution as the daemon user. Use --require-auth with QWEN_SERVER_TOKEN on shared or untrusted hosts.
qwen serve: /acp WebSocket transport enabled on /acp
2026-10-03T08:39:12.833Z [WARN] [DAEMON] NODE_TLS_REJECT_UNAUTHORIZED=0 disables certificate verification for channel workers; skipping the worker TLS trust check.
2026-10-03T08:39:12.834Z [INFO] [DAEMON] daemon stopped
qwen serve: closeSession failed for "aaaabbbb-cccc-dddd-eeee-ffffaaaabbbb": "Client id \"bad-client\" is not registered for session aaaabbbb-cccc-dddd-eeee-ff
qwen serve: closeSession failed for "s-1": "bridge exploded"
qwen serve: closeSession failed for "aaaa3333-bbbb-cccc-dddd-eeeeeeeeeeee": "agent busy"
qwen serve: deleteSession failed for "aaaa5555-bbbb-cccc-dddd-eeeeeeeeeeee": "Session \"aaaa5555-bbbb-cccc-dddd-eeeeeeeeeeee\" is being archived or unarchived;
qwen serve: closeSession failed for "eeee1111-bbbb-cccc-dddd-eeeeeeeeeeee": "Client id \"bad-client\" is not registered for session eeee1111-bbbb-cccc-dddd-ee
qwen serve: sessions archive result requested=1 requestedIds=["eeee3333-bbbb-cccc-dddd-eeeeeeeeeeee"] archived=1 archivedIds=["eeee3333-bbbb-cccc-dddd-eeeeeeeeeeee"] alreadyArchived=0 alreadyArchivedIds=[] notFound=0 notFoundIds=[] errors=0 errorIds=[]
qwen serve: removeSession failed for "aaaa0000-bbbb-cccc-dddd-eeeeeeeeeeee": "disk on fire"
qwen serve: sessions archive result requested=1 requestedIds=["11111111-bbbb-cccc-dddd-eeeeeeeeeeee"] archived=1 archivedIds=["11111111-bbbb-cccc-dddd-eeeeeeeeeeee"] alreadyArchived=0 alreadyArchivedIds=[] notFound=0 notFoundIds=[] errors=0 errorIds=[]
qwen serve: sessions archive result requested=1 requestedIds=["11111111-bbbb-cccc-dddd-eeeeeeeeeeea"] archived=1 archivedIds=["11111111-bbbb-cccc-dddd-eeeeeeeeeeea"] alreadyArchived=0 alreadyArchivedIds=[] notFound=0 notFoundIds=[] errors=0 errorIds=[]
qwen serve: sessions unarchive result requested=1 requestedIds=["11111111-bbbb-cccc-dddd-eeeeeeeeeeea"] unarchived=1 unarchivedIds=["11111111-bbbb-cccc-dddd-eeeeeeeeeeea"] alreadyActive=0 alreadyActiveIds=[] notFound=0 notFoundIds=[] errors=0 errorIds=[]
qwen serve: sessions archive result requested=1 requestedIds=["11111111-bbbb-cccc-dddd-eeeeeeeeeeef"] archived=1 archivedIds=["11111111-bbbb-cccc-dddd-eeeeeeeeeeef"] alreadyArchived=0 alreadyArchivedIds=[] notFound=0 notFoundIds=[] errors=0 errorIds=[]
qwen serve: sessions unarchive result requested=1 requestedIds=["11111111-bbbb-cccc-dddd-eeeeeeeeeeef"] unarchived=1 unarchivedIds=["11111111-bbbb-cccc-dddd-eeeeeeeeeeef"] alreadyActive=0 alreadyActiveIds=[] notFound=0 notFoundIds=[] errors=0 errorIds=[]
qwen serve: sessions archive result requested=1 requestedIds=["11111111-bbbb-cccc-dddd-eeeeeeeeeeef"] archived=1 archivedIds=["11111111-bbbb-cccc-dddd-eeeeeeeeeeef"] alreadyArchived=0 alreadyArchivedIds=[] notFound=0 notFoundIds=[] errors=0 errorIds=[]
qwen serve: sessions archive result requested=1 requestedIds=["11111111-bbbb-cccc-dddd-eeeeeeeeeeed"] archived=1 archivedIds=["11111111-bbbb-cccc-dddd-eeeeeeeeeeed"] alreadyArchived=0 alreadyArchivedIds=[] notFound=0 notFoundIds=[] errors=0 errorIds=[]
qwen serve: sessions archive result requested=1 requestedIds=["missing-session"] archived=0 archivedIds=[] alreadyArchived=0 alreadyArchivedIds=[] notFound=1 notFoundIds=["missing-session"] errors=0 errorIds=[]
qwen serve: sessions archive result requested=1 requestedIds=["22222222-bbbb-cccc-dddd-eeeeeeeeeeee"] archived=0 archivedIds=[] alreadyArchived=0 alreadyArchivedIds=[] notFound=0 notFoundIds=[] errors=1 errorIds=["22222222-bbbb-cccc-dddd-eeeeeeeeeeee":"flush failed"]
qwen serve: sessions archive result requested=1 requestedIds=["22222222-bbbb-cccc-dddd-eeeeeeeeeeef"] archived=0 archivedIds=[] alreadyArchived=0 alreadyArchivedIds=[] notFound=0 notFoundIds=[] errors=1 errorIds=["22222222-bbbb-cccc-dddd-eeeeeeeeeeef":"ACP session close channel unavailable for 22222222-bbbb-cccc-dddd-eeeeeeeeeeef"]
qwen serve: sessions archive result requested=1 requestedIds=["22222222-bbbb-cccc-dddd-eeeeeeeeeeee"] archived=0 archivedIds=[] alreadyArchived=0 alreadyArchivedIds=[] notFound=1 notFoundIds=["22222222-bbbb-cccc-dddd-eeeeeeeeeeee"] errors=0 errorIds=[]
qwen serve: sessions unarchive result requested=1 requestedIds=["33333333-bbbb-cccc-dddd-eeeeeeeeeeee"] unarchived=1 unarchivedIds=["33333333-bbbb-cccc-dddd-eeeeeeeeeeee"] alreadyActive=0 alreadyActiveIds=[] notFound=0 notFoundIds=[] errors=0 errorIds=[]
qwen serve: sessions archive result requested=1 requestedIds=["55555555-bbbb-cccc-dddd-eeeeeeeeeeee"] archived=1 archivedIds=["55555555-bbbb-cccc-dddd-eeeeeeeeeeee"] alreadyArchived=0 alreadyArchivedIds=[] notFound=0 notFoundIds=[] errors=0 errorIds=[]
qwen serve: sessions archive result requested=1 requestedIds=["55555555-bbbb-cccc-dddd-eeeeeeeeeeef"] archived=1 archivedIds=["55555555-bbbb-cccc-dddd-eeeeeeeeeeef"] alreadyArchived=0 alreadyArchivedIds=[] notFound=0 notFoundIds=[] errors=0 errorIds=[]
qwen serve: sessions archive result requested=1 requestedIds=["55555555-bbbb-cccc-dddd-eeeeeeeeeeee"] archived=0 archivedIds=[] alreadyArchived=0 alreadyArchivedIds=[] notFound=0 notFoundIds=[] errors=1 errorIds=["55555555-bbbb-cccc-dddd-eeeeeeeeeeee":"Session \"55555555-bbbb-cccc-dddd-eeeeeeeeeeee\" is being archived or unarchived;]
qwen serve: sessions archive result requested=2 requestedIds=["66666666-bbbb-cccc-dddd-eeeeeeeeeeee","77777777-bbbb-cccc-dddd-eeeeeeeeeeee"] archived=2 archivedIds=["66666666-bbbb-cccc-dddd-eeeeeeeeeeee","77777777-bbbb-cccc-dddd-eeeeeeeeeeee"] alreadyArchived=0 alreadyArchivedIds=[] notFound=0 notFoundIds=[] errors=0 errorIds=[]
qwen serve: bridge error (PATCH /workspaces/:workspace/session/:id/metadata session=550e8400-e29b-41d4-a716-446655440035 workspaceCwd=/work/different): Error: EISDIR: illegal operation on a directory, read
    at readFileHandle (node:internal/fs/promises:555:24)
    at readSessionPrs (/root/verify/pr11071-r4/head/packages/core/src/services/session-pr-service.ts:168:9)
    at /root/verify/pr11071-r4/head/packages/core/src/services/session-pr-service.ts:602:23
    at withSidecarLock (/root/verify/pr11071-r4/head/packages/core/src/services/session-pr-service.ts:515:12)
qwen serve: session reaper started (interval 60000ms, idle threshold 1800000ms)
qwen serve: session reaper started (interval 60000ms, idle threshold 1800000ms)
qwen serve: session reaper started (interval 60000ms, idle threshold 1800000ms)
qwen serve: session reaper started (interval 60000ms, idle threshold 1800000ms)
qwen serve: session reaper started (interval 60000ms, idle threshold 1800000ms)
qwen serve: session reaper started (interval 60000ms, idle threshold 1800000ms)
qwen serve: session reaper started (interval 60000ms, idle threshold 1800000ms)
qwen serve: session reaper started (interval 60000ms, idle threshold 1800000ms)
qwen serve: session reaper started (interval 60000ms, idle threshold 1800000ms)
qwen serve: session reaper started (interval 60000ms, idle threshold 1800000ms)
qwen serve: session reaper started (interval 60000ms, idle threshold 1800000ms)
qwen serve: session reaper started (interval 60000ms, idle threshold 1800000ms)
qwen serve: session reaper started (interval 60000ms, idle threshold 1800000ms)
qwen serve: session reaper started (interval 60000ms, idle threshold 1800000ms)
qwen serve: session reaper started (interval 60000ms, idle threshold 1800000ms)
qwen serve: /health deep probe failed for workspace "331624cd5601ec1d": bridge wedged
qwen serve: scrubbed inherited loader env vars from the daemon process; session subprocesses will not inherit them: npm_config_userconfig, npm_config_prefix, npm_config_node_gyp, npm_config_globalconfig, npm_config_init_module
2026-10-03T08:39:13.903Z [INFO] [DAEMON] projectMemoryScope=workspace projectMemoryScopeRaw=workspace projectMemoryScopeSource=default project memory scope resolved
2026-10-03T08:39:13.903Z [INFO] [DAEMON] removedKeys=npm_config_userconfig,npm_config_prefix,npm_config_node_gyp,npm_config_globalconfig,npm_config_init_module scrubbed inherited loader env vars from the daemon process; session subprocesses will not inherit them
qwen serve: daemon log → /tmp/qwen-server-suite-0hLpmm/runtime/debug/daemon/daemon.log
qwen serve: Web Shell UI served from /root/verify/pr11071-r4/head/packages/web-shell/dist
qwen serve: Web Shell UI is served WITHOUT auth on a non-loopback bind (the static shell has no secrets; the API stays token-gated). Pass --no-web to disable the UI.
qwen serve: same-origin Web Shell HTTP and WebSocket requests work without --allow-origin. Browsers reaching the daemon through a TLS-terminating proxy still need --allow-origin <origin>. A plain-HTTP intermediary that rewrites the Host header (nginx default proxy_set_header, k8s Ingress) needs --allow-origin <origin> for the origin the browser sees, unless it forwards Host verbatim; port translation alone (ssh -L, docker -p) is fine.
qwen serve listening on http://0.0.0.0:34001 (mode=http-bridge, workspace=/root/verify/pr11071-r4/head/packages/cli)
Local: http://127.0.0.1:34001
Network (eth0): http://172.16.1.234:34001
Generated bearer token (secret; changes on restart): LpQzrIFtP7NNTPypOq0qRg
HTTP is unencrypted. Use the existing TLS options for encrypted remote access.
qwen serve: bound to workspace "/root/verify/pr11071-r4/head/packages/cli"
qwen serve: startup timing: processToListenMs=27318 runQwenServeToListenMs=22
Scan to open Web Shell: http://172.16.1.234:34001 (Network (eth0))
SECRET QR: grants daemon access. Do not share.
▄▄▄▄▄▄▄▄▄▄▄▄▄▄▄▄▄▄▄▄▄▄▄▄▄▄▄▄▄▄▄▄▄▄▄▄▄▄▄
█ ▄▄▄▄▄ █▀▄█  ▄███▀█▄▄▄▄▀   ███ ▄▄▄▄▄ █
█ █   █ █▄▀██▀█▄▄██  ▄████ ▀▀▀█ █   █ █
█ █▄▄▄█ ██▄▄█▄█ ▀██▄ █▀ ▄▄▀█▄██ █▄▄▄█ █
█▄▄▄▄▄▄▄█▄▀▄▀▄▀▄▀ █▄█▄█ ▀ █▄▀ █▄▄▄▄▄▄▄█
██▄▄▄█▄▄▀▀▄▄▀▀ █▄▄▀ █▀ ▀▀▀▄ ▄▀█▀▀██▄▄██
██ ▀ █▀▄▄ █▀▀ ▄█▄▀▄▄ ▀█▀  ▀ █▀▄█▀▄▀▀▀▀█
█ ▄█ █ ▄███▄█▄▀█▄ ▄██ ▀▀▄█▄█  █ ▀▀█▀▀▀█
█▄▄ ▄ █▄█▀ ▀█  ▄▄███▀ ▄█▀█▄█▀█▄▀▀▀█▄▀▀█
██▀██▀█▄ ▀█▀▄▀ ▀   ██▄█ █▀  ▀  ▀ █ ▄▄▀█
██▄ █  ▄▄█▀ █▄█▀ ▀▄▄▀▄█▄▄ ▄▀ ▄ █▄ ▄▄▄ █
█▀▄ ██▀▄▀ █ ███▀█▀▀▀ █ ▄ ▄▄▄█▄ █▀▄▄█ ▀█
█▀ █ ██▄▀ ▄█▀▀█ ▀█▀▄ ██  ▀ ▄▀▄▀ █▄ ▀█▀█
██▄ ▀▄▄▄█▀██▀██▄▀▄  ▄▄█▄█▄▄ ▀▄▄   ▄▄ ▀█
█▀▄██▀█▄███▄█▄▄▀█▀██▀  ▀█ █ ▀██▄█▀█▄ ██
██████▄▄█▀▀█▀▄██ ▀▀▀ ▄█  █  ▀ ▄▄▄   ▀ █
█ ▄▄▄▄▄ █▀█▀▄ ▄█▄█▀ ▄▄▄▀█▄█▀  █▄█  █▀ █
█ █   █ █▀▄▀  ▀███▀▄█▀█ █▀▀▀▀▄▄    █ ▄█
█ █▄▄▄█ █  ▄▄█ ▀▀▄▀▄▄ ▄   ▀ ▀█▄ ▀ █ ▄██
█▄▄▄▄▄▄▄████▄█▄▄█▄▄█▄█▄▄█▄█▄▄███▄▄█▄▄▄█
2026-10-03T08:39:13.931Z [INFO] [DAEMON] ideEnvPresent=false primary=/root/verify/pr11071-r4/head/packages/cli secondary= daemon workspace roots initialized
qwen serve: session reaper started (interval 60000ms, idle threshold 1800000ms)
qwen serve: /acp WebSocket transport enabled on /acp
2026-10-03T08:39:13.948Z [WARN] [DAEMON] route=GET /capabilities durationMs=0 status=401 request completed
2026-10-03T08:39:13.955Z [INFO] [DAEMON] route=GET /capabilities durationMs=1 status=200 request completed
2026-10-03T08:39:13.958Z [INFO] [DAEMON] daemon stopped
qwen serve: scrubbed inherited loader env vars from the daemon process; session subprocesses will not inherit them: npm_config_userconfig, npm_config_prefix, npm_config_node_gyp, npm_config_globalconfig, npm_config_init_module
qwen serve: scrubbed inherited loader env vars from the daemon process; session subprocesses will not inherit them: npm_config_userconfig, npm_config_prefix, npm_config_node_gyp, npm_config_globalconfig, npm_config_init_module
qwen serve: scrubbed inherited loader env vars from the daemon process; session subprocesses will not inherit them: npm_config_userconfig, npm_config_prefix, npm_config_node_gyp, npm_config_globalconfig, npm_config_init_module
2026-10-03T08:39:13.964Z [INFO] [DAEMON] projectMemoryScope=workspace projectMemoryScopeRaw=workspace projectMemoryScopeSource=default project memory scope resolved
2026-10-03T08:39:13.964Z [INFO] [DAEMON] removedKeys=npm_config_userconfig,npm_config_prefix,npm_config_node_gyp,npm_config_globalconfig,npm_config_init_module scrubbed inherited loader env vars from the daemon process; session subprocesses will not inherit them
qwen serve: daemon log → /tmp/qwen-server-suite-0hLpmm/runtime/debug/daemon/daemon.log
qwen serve: Web Shell UI served from /root/verify/pr11071-r4/head/packages/web-shell/dist
2026-10-03T08:39:13.965Z [ERROR] [DAEMON] daemon startup failed
  Error: Refusing trusted-loopback mode because ::1 bound to non-loopback address 0.0.0.0. Set QWEN_SERVER_TOKEN or pass --token, or bind to an explicit loopback address.
      at Server.handleListening (/root/verify/pr11071-r4/head/packages/cli/src/serve/run-qwen-serve.ts:10784:25)
      at Object.onceWrapper (node:events:633:28)
      at Server.emit (node:events:531:35)
      at emitListeningNT (node:net:1983:10)
      at processTicksAndRejections (node:internal/process/task_queues:88:21)
qwen serve: scrubbed inherited loader env vars from the daemon process; session subprocesses will not inherit them: npm_config_userconfig, npm_config_prefix, npm_config_node_gyp, npm_config_globalconfig, npm_config_init_module
qwen serve: scrubbed inherited loader env vars from the daemon process; session subprocesses will not inherit them: npm_config_userconfig, npm_config_prefix, npm_config_node_gyp, npm_config_globalconfig, npm_config_init_module
qwen serve: scrubbed inherited loader env vars from the daemon process; session subprocesses will not inherit them: npm_config_userconfig, npm_config_prefix, npm_config_node_gyp, npm_config_globalconfig, npm_config_init_module
qwen serve: --allow-origin: * (WARNING: `*` admits any cross-origin browser — bearer token gates API routes; the Web Shell static assets stay pre-auth in every mode unless --no-web, and /health stays pre-auth on loopback unless --require-auth is set)
2026-10-03T08:39:13.975Z [INFO] [DAEMON] projectMemoryScope=workspace projectMemoryScopeRaw=workspace projectMemoryScopeSource=default project memory scope resolved
2026-10-03T08:39:13.975Z [INFO] [DAEMON] removedKeys=npm_config_userconfig,npm_config_prefix,npm_config_node_gyp,npm_config_globalconfig,npm_config_init_module scrubbed inherited loader env vars from the daemon process; session subprocesses will not inherit them
qwen serve: daemon log → /tmp/qwen-server-suite-0hLpmm/runtime/debug/daemon/daemon.log
qwen serve: Web Shell UI served from /root/verify/pr11071-r4/head/packages/web-shell/dist
qwen serve listening on http://127.0.0.1:34463 (mode=http-bridge, workspace=/root/verify/pr11071-r4/head/packages/cli)
qwen serve: bound to workspace "/root/verify/pr11071-r4/head/packages/cli"
qwen serve: startup timing: processToListenMs=27374 runQwenServeToListenMs=2
2026-10-03T08:39:13.977Z [INFO] [DAEMON] ideEnvPresent=false primary=/root/verify/pr11071-r4/head/packages/cli secondary= daemon workspace roots initialized
qwen serve: session reaper started (interval 60000ms, idle threshold 1800000ms)
qwen serve: /acp WebSocket transport enabled on /acp
2026-10-03T08:39:13.987Z [INFO] [DAEMON] daemon stopped
qwen serve: scrubbed inherited loader env vars from the daemon process; session subprocesses will not inherit them: npm_config_userconfig, npm_config_prefix, npm_config_node_gyp, npm_config_globalconfig, npm_config_init_module
qwen serve: scrubbed inherited loader env vars from the daemon process; session subprocesses will not inherit them: npm_config_userconfig, npm_config_prefix, npm_config_node_gyp, npm_config_globalconfig, npm_config_init_module
qwen serve: --allow-origin: https://app.example.com
2026-10-03T08:39:13.991Z [INFO] [DAEMON] projectMemoryScope=workspace projectMemoryScopeRaw=workspace projectMemoryScopeSource=default project memory scope resolved
2026-10-03T08:39:13.991Z [INFO] [DAEMON] removedKeys=npm_config_userconfig,npm_config_prefix,npm_config_node_gyp,npm_config_globalconfig,npm_config_init_module scrubbed inherited loader env vars from the daemon process; session subprocesses will not inherit them
qwen serve: daemon log → /tmp/qwen-server-suite-0hLpmm/runtime/debug/daemon/daemon.log
qwen serve: Web Shell UI served from /root/verify/pr11071-r4/head/packages/web-shell/dist
qwen serve listening on http://127.0.0.1:33293 (mode=http-bridge, workspace=/root/verify/pr11071-r4/head/packages/cli)
qwen serve: bound to workspace "/root/verify/pr11071-r4/head/packages/cli"
qwen serve: startup timing: processToListenMs=27390 runQwenServeToListenMs=2
2026-10-03T08:39:13.992Z [INFO] [DAEMON] ideEnvPresent=false primary=/root/verify/pr11071-r4/head/packages/cli secondary= daemon workspace roots initialized
qwen serve: session reaper started (interval 60000ms, idle threshold 1800000ms)
qwen serve: /acp WebSocket transport enabled on /acp
2026-10-03T08:39:13.999Z [INFO] [DAEMON] route=GET /capabilities durationMs=1 status=200 request completed
2026-10-03T08:39:13.999Z [INFO] [DAEMON] daemon stopped
qwen serve listening on http://127.0.0.1:34161 (mode=http-bridge, workspace=/root/verify/pr11071-r4/head/packages/cli)
2026-10-03T08:39:14.012Z [INFO] [DAEMON] daemon stopped
qwen serve: scrubbed inherited loader env vars from the daemon process; session subprocesses will not inherit them: npm_config_userconfig, npm_config_prefix, npm_config_node_gyp, npm_config_globalconfig, npm_config_init_module
2026-10-03T08:39:14.015Z [INFO] [DAEMON] projectMemoryScope=workspace projectMemoryScopeRaw=workspace projectMemoryScopeSource=default project memory scope resolved
2026-10-03T08:39:14.015Z [INFO] [DAEMON] removedKeys=npm_config_userconfig,npm_config_prefix,npm_config_node_gyp,npm_config_globalconfig,npm_config_init_module scrubbed inherited loader env vars from the daemon process; session subprocesses will not inherit them
qwen serve: daemon log → /tmp/qwen-server-suite-0hLpmm/runtime/debug/daemon/daemon.log
qwen serve: Web Shell UI served from /root/verify/pr11071-r4/head/packages/web-shell/dist
qwen serve listening on http://127.0.0.1:41781 (mode=http-bridge, workspace=/root/verify/pr11071-r4/head/packages/cli)
qwen serve: bound to workspace "/root/verify/pr11071-r4/head/packages/cli"
qwen serve: startup timing: processToListenMs=27414 runQwenServeToListenMs=2
2026-10-03T08:39:14.017Z [INFO] [DAEMON] ideEnvPresent=false primary=/root/verify/pr11071-r4/head/packages/cli secondary= daemon workspace roots initialized
qwen serve: session reaper started (interval 60000ms, idle threshold 1800000ms)
qwen serve: /acp WebSocket transport enabled on /acp
2026-10-03T08:39:14.023Z [INFO] [DAEMON] route=GET /capabilities durationMs=1 status=200 request completed
qwen serve: /acp connection established 19c33f31 (loopback=true, active=1)
2026-10-03T08:39:14.030Z [INFO] [DAEMON] route=POST /acp durationMs=2 status=200 request completed
2026-10-03T08:39:14.032Z [INFO] [DAEMON] daemon stopped
qwen serve listening on http://127.0.0.1:42439 (mode=http-bridge, workspace=/root/verify/pr11071-r4/head/packages/cli)
2026-10-03T08:39:14.046Z [INFO] [DAEMON] route=GET /capabilities durationMs=1 status=200 request completed
qwen serve: /acp connection established 66a1394e (loopback=true, active=1)
2026-10-03T08:39:14.049Z [INFO] [DAEMON] route=POST /acp durationMs=1 status=200 request completed
2026-10-03T08:39:14.050Z [INFO] [DAEMON] daemon stopped
qwen serve: scrubbed inherited loader env vars from the daemon process; session subprocesses will not inherit them: npm_config_userconfig, npm_config_prefix, npm_config_node_gyp, npm_config_globalconfig, npm_config_init_module
2026-10-03T08:39:14.053Z [INFO] [DAEMON] projectMemoryScope=workspace projectMemoryScopeRaw=workspace projectMemoryScopeSource=default project memory scope resolved
2026-10-03T08:39:14.053Z [INFO] [DAEMON] removedKeys=npm_config_userconfig,npm_config_prefix,npm_config_node_gyp,npm_config_globalconfig,npm_config_init_module scrubbed inherited loader env vars from the daemon process; session subprocesses will not inherit them
qwen serve: daemon log → /tmp/qwen-server-suite-0hLpmm/runtime/debug/daemon/daemon.log
2026-10-03T08:39:14.053Z [ERROR] [DAEMON] daemon startup failed
  TypeError: Invalid mcpClientBudget: 0. Must be a positive integer.
      at runQwenServeImpl (/root/verify/pr11071-r4/head/packages/cli/src/serve/run-qwen-serve.ts:4437:13)
      at Module.runQwenServe (/root/verify/pr11071-r4/head/packages/cli/src/serve/run-qwen-serve.ts:3283:12)
      at /root/verify/pr11071-r4/head/packages/cli/src/serve/server.test.ts:37890:5
      at file:///root/verify/pr11071-r4/head/node_modules/@vitest/runner/dist/chunk-hooks.js:752:20
qwen serve: scrubbed inherited loader env vars from the daemon process; session subprocesses will not inherit them: npm_config_userconfig, npm_config_prefix, npm_config_node_gyp, npm_config_globalconfig, npm_config_init_module
2026-10-03T08:39:14.056Z [INFO] [DAEMON] projectMemoryScope=workspace projectMemoryScopeRaw=workspace projectMemoryScopeSource=default project memory scope resolved
2026-10-03T08:39:14.056Z [INFO] [DAEMON] removedKeys=npm_config_userconfig,npm_config_prefix,npm_config_node_gyp,npm_config_globalconfig,npm_config_init_module scrubbed inherited loader env vars from the daemon process; session subprocesses will not inherit them
qwen serve: daemon log → /tmp/qwen-server-suite-0hLpmm/runtime/debug/daemon/daemon.log
2026-10-03T08:39:14.056Z [ERROR] [DAEMON] daemon startup failed
  TypeError: Invalid mcpClientBudget: -5. Must be a positive integer.
      at runQwenServeImpl (/root/verify/pr11071-r4/head/packages/cli/src/serve/run-qwen-serve.ts:4437:13)
      at Module.runQwenServe (/root/verify/pr11071-r4/head/packages/cli/src/serve/run-qwen-serve.ts:3283:12)
      at /root/verify/pr11071-r4/head/packages/cli/src/serve/server.test.ts:37898:5
      at file:///root/verify/pr11071-r4/head/node_modules/@vitest/runner/dist/chunk-hooks.js:752:20
qwen serve: scrubbed inherited loader env vars from the daemon process; session subprocesses will not inherit them: npm_config_userconfig, npm_config_prefix, npm_config_node_gyp, npm_config_globalconfig, npm_config_init_module
2026-10-03T08:39:14.059Z [INFO] [DAEMON] projectMemoryScope=workspace projectMemoryScopeRaw=workspace projectMemoryScopeSource=default project memory scope resolved
2026-10-03T08:39:14.059Z [INFO] [DAEMON] removedKeys=npm_config_userconfig,npm_config_prefix,npm_config_node_gyp,npm_config_globalconfig,npm_config_init_module scrubbed inherited loader env vars from the daemon process; session subprocesses will not inherit them
qwen serve: daemon log → /tmp/qwen-server-suite-0hLpmm/runtime/debug/daemon/daemon.log
2026-10-03T08:39:14.059Z [ERROR] [DAEMON] daemon startup failed
  Error: mcpBudgetMode="enforce" requires a positive mcpClientBudget. Pass mcpClientBudget=N, or set mcpBudgetMode to "warn" or "off".
      at runQwenServeImpl (/root/verify/pr11071-r4/head/packages/cli/src/serve/run-qwen-serve.ts:4443:11)
      at Module.runQwenServe (/root/verify/pr11071-r4/head/packages/cli/src/serve/run-qwen-serve.ts:3283:12)
      at /root/verify/pr11071-r4/head/packages/cli/src/serve/server.test.ts:37909:5
      at file:///root/verify/pr11071-r4/head/node_modules/@vitest/runner/dist/chunk-hooks.js:752:20
qwen serve: scrubbed inherited loader env vars from the daemon process; session subprocesses will not inherit them: npm_config_userconfig, npm_config_prefix, npm_config_node_gyp, npm_config_globalconfig, npm_config_init_module
2026-10-03T08:39:14.061Z [INFO] [DAEMON] projectMemoryScope=workspace projectMemoryScopeRaw=workspace projectMemoryScopeSource=default project memory scope resolved
2026-10-03T08:39:14.061Z [INFO] [DAEMON] removedKeys=npm_config_userconfig,npm_config_prefix,npm_config_node_gyp,npm_config_globalconfig,npm_config_init_module scrubbed inherited loader env vars from the daemon process; session subprocesses will not inherit them
qwen serve: daemon log → /tmp/qwen-server-suite-0hLpmm/runtime/debug/daemon/daemon.log
2026-10-03T08:39:14.062Z [ERROR] [DAEMON] daemon startup failed
  TypeError: Invalid promptDeadlineMs: 0. Must be a positive integer (milliseconds).
      at runQwenServeImpl (/root/verify/pr11071-r4/head/packages/cli/src/serve/run-qwen-serve.ts:4455:13)
      at Module.runQwenServe (/root/verify/pr11071-r4/head/packages/cli/src/serve/run-qwen-serve.ts:3283:12)
      at /root/verify/pr11071-r4/head/packages/cli/src/serve/server.test.ts:37930:7
      at file:///root/verify/pr11071-r4/head/node_modules/@vitest/runner/dist/chunk-hooks.js:752:20
qwen serve: scrubbed inherited loader env vars from the daemon process; session subprocesses will not inherit them: npm_config_userconfig, npm_config_prefix, npm_config_node_gyp, npm_config_globalconfig, npm_config_init_module
2026-10-03T08:39:14.064Z [INFO] [DAEMON] projectMemoryScope=workspace projectMemoryScopeRaw=workspace projectMemoryScopeSource=default project memory scope resolved
2026-10-03T08:39:14.064Z [INFO] [DAEMON] removedKeys=npm_config_userconfig,npm_config_prefix,npm_config_node_gyp,npm_config_globalconfig,npm_config_init_module scrubbed inherited loader env vars from the daemon process; session subprocesses will not inherit them
qwen serve: daemon log → /tmp/qwen-server-suite-0hLpmm/runtime/debug/daemon/daemon.log
2026-10-03T08:39:14.064Z [ERROR] [DAEMON] daemon startup failed
  TypeError: Invalid promptDeadlineMs: -5. Must be a positive integer (milliseconds).
      at runQwenServeImpl (/root/verify/pr11071-r4/head/packages/cli/src/serve/run-qwen-serve.ts:4455:13)
      at Module.runQwenServe (/root/verify/pr11071-r4/head/packages/cli/src/serve/run-qwen-serve.ts:3283:12)
      at /root/verify/pr11071-r4/head/packages/cli/src/serve/server.test.ts:37930:7
      at file:///root/verify/pr11071-r4/head/node_modules/@vitest/runner/dist/chunk-hooks.js:752:20
qwen serve: scrubbed inherited loader env vars from the daemon process; session subprocesses will not inherit them: npm_config_userconfig, npm_config_prefix, npm_config_node_gyp, npm_config_globalconfig, npm_config_init_module
2026-10-03T08:39:14.067Z [INFO] [DAEMON] projectMemoryScope=workspace projectMemoryScopeRaw=workspace projectMemoryScopeSource=default project memory scope resolved
2026-10-03T08:39:14.067Z [INFO] [DAEMON] removedKeys=npm_config_userconfig,npm_config_prefix,npm_config_node_gyp,npm_config_globalconfig,npm_config_init_module scrubbed inherited loader env vars from the daemon process; session subprocesses will not inherit them
qwen serve: daemon log → /tmp/qwen-server-suite-0hLpmm/runtime/debug/daemon/daemon.log
2026-10-03T08:39:14.067Z [ERROR] [DAEMON] daemon startup failed
  TypeError: Invalid promptDeadlineMs: 1.5. Must be a positive integer (milliseconds).
      at runQwenServeImpl (/root/verify/pr11071-r4/head/packages/cli/src/serve/run-qwen-serve.ts:4455:13)
      at Module.runQwenServe (/root/verify/pr11071-r4/head/packages/cli/src/serve/run-qwen-serve.ts:3283:12)
      at /root/verify/pr11071-r4/head/packages/cli/src/serve/server.test.ts:37930:7
      at file:///root/verify/pr11071-r4/head/node_modules/@vitest/runner/dist/chunk-hooks.js:752:20
qwen serve: scrubbed inherited loader env vars from the daemon process; session subprocesses will not inherit them: npm_config_userconfig, npm_config_prefix, npm_config_node_gyp, npm_config_globalconfig, npm_config_init_module
2026-10-03T08:39:14.069Z [INFO] [DAEMON] projectMemoryScope=workspace projectMemoryScopeRaw=workspace projectMemoryScopeSource=default project memory scope resolved
2026-10-03T08:39:14.069Z [INFO] [DAEMON] removedKeys=npm_config_userconfig,npm_config_prefix,npm_config_node_gyp,npm_config_globalconfig,npm_config_init_module scrubbed inherited loader env vars from the daemon process; session subprocesses will not inherit them
qwen serve: daemon log → /tmp/qwen-server-suite-0hLpmm/runtime/debug/daemon/daemon.log
2026-10-03T08:39:14.069Z [ERROR] [DAEMON] daemon startup failed
  TypeError: Invalid promptDeadlineMs: NaN. Must be a positive integer (milliseconds).
      at runQwenServeImpl (/root/verify/pr11071-r4/head/packages/cli/src/serve/run-qwen-serve.ts:4455:13)
      at Module.runQwenServe (/root/verify/pr11071-r4/head/packages/cli/src/serve/run-qwen-serve.ts:3283:12)
      at /root/verify/pr11071-r4/head/packages/cli/src/serve/server.test.ts:37930:7
      at file:///root/verify/pr11071-r4/head/node_modules/@vitest/runner/dist/chunk-hooks.js:752:20
qwen serve: scrubbed inherited loader env vars from the daemon process; session subprocesses will not inherit them: npm_config_userconfig, npm_config_prefix, npm_config_node_gyp, npm_config_globalconfig, npm_config_init_module
2026-10-03T08:39:14.072Z [INFO] [DAEMON] projectMemoryScope=workspace projectMemoryScopeRaw=workspace projectMemoryScopeSource=default project memory scope resolved
2026-10-03T08:39:14.072Z [INFO] [DAEMON] removedKeys=npm_config_userconfig,npm_config_prefix,npm_config_node_gyp,npm_config_globalconfig,npm_config_init_module scrubbed inherited loader env vars from the daemon process; session subprocesses will not inherit them
qwen serve: daemon log → /tmp/qwen-server-suite-0hLpmm/runtime/debug/daemon/daemon.log
2026-10-03T08:39:14.072Z [ERROR] [DAEMON] daemon startup failed
  TypeError: Invalid maxPendingPromptsPerSession: -5. Must be a non-negative integer (0 / Infinity = unlimited).
      at runQwenServeImpl (/root/verify/pr11071-r4/head/packages/cli/src/serve/run-qwen-serve.ts:4479:13)
      at Module.runQwenServe (/root/verify/pr11071-r4/head/packages/cli/src/serve/run-qwen-serve.ts:3283:12)
      at /root/verify/pr11071-r4/head/packages/cli/src/serve/server.test.ts:37948:7
      at file:///root/verify/pr11071-r4/head/node_modules/@vitest/runner/dist/chunk-hooks.js:752:20
qwen serve: scrubbed inherited loader env vars from the daemon process; session subprocesses will not inherit them: npm_config_userconfig, npm_config_prefix, npm_config_node_gyp, npm_config_globalconfig, npm_config_init_module
2026-10-03T08:39:14.074Z [INFO] [DAEMON] projectMemoryScope=workspace projectMemoryScopeRaw=workspace projectMemoryScopeSource=default project memory scope resolved
2026-10-03T08:39:14.075Z [INFO] [DAEMON] removedKeys=npm_config_userconfig,npm_config_prefix,npm_config_node_gyp,npm_config_globalconfig,npm_config_init_module scrubbed inherited loader env vars from the daemon process; session subprocesses will not inherit them
qwen serve: daemon log → /tmp/qwen-server-suite-0hLpmm/runtime/debug/daemon/daemon.log
2026-10-03T08:39:14.075Z [ERROR] [DAEMON] daemon startup failed
  TypeError: Invalid maxPendingPromptsPerSession: 1.5. Must be a non-negative integer (0 / Infinity = unlimited).
      at runQwenServeImpl (/root/verify/pr11071-r4/head/packages/cli/src/serve/run-qwen-serve.ts:4479:13)
      at Module.runQwenServe (/root/verify/pr11071-r4/head/packages/cli/src/serve/run-qwen-serve.ts:3283:12)
      at /root/verify/pr11071-r4/head/packages/cli/src/serve/server.test.ts:37948:7
      at file:///root/verify/pr11071-r4/head/node_modules/@vitest/runner/dist/chunk-hooks.js:752:20
qwen serve: scrubbed inherited loader env vars from the daemon process; session subprocesses will not inherit them: npm_config_userconfig, npm_config_prefix, npm_config_node_gyp, npm_config_globalconfig, npm_config_init_module
2026-10-03T08:39:14.077Z [INFO] [DAEMON] projectMemoryScope=workspace projectMemoryScopeRaw=workspace projectMemoryScopeSource=default project memory scope resolved
2026-10-03T08:39:14.077Z [INFO] [DAEMON] removedKeys=npm_config_userconfig,npm_config_prefix,npm_config_node_gyp,npm_config_globalconfig,npm_config_init_module scrubbed inherited loader env vars from the daemon process; session subprocesses will not inherit them
qwen serve: daemon log → /tmp/qwen-server-suite-0hLpmm/runtime/debug/daemon/daemon.log
2026-10-03T08:39:14.078Z [ERROR] [DAEMON] daemon startup failed
  TypeError: Invalid maxPendingPromptsPerSession: NaN. Must be a non-negative integer (0 / Infinity = unlimited).
      at runQwenServeImpl (/root/verify/pr11071-r4/head/packages/cli/src/serve/run-qwen-serve.ts:4479:13)
      at Module.runQwenServe (/root/verify/pr11071-r4/head/packages/cli/src/serve/run-qwen-serve.ts:3283:12)
      at /root/verify/pr11071-r4/head/packages/cli/src/serve/server.test.ts:37948:7
      at file:///root/verify/pr11071-r4/head/node_modules/@vitest/runner/dist/chunk-hooks.js:752:20
qwen serve: scrubbed inherited loader env vars from the daemon process; session subprocesses will not inherit them: npm_config_userconfig, npm_config_prefix, npm_config_node_gyp, npm_config_globalconfig, npm_config_init_module
2026-10-03T08:39:14.080Z [INFO] [DAEMON] projectMemoryScope=workspace projectMemoryScopeRaw=workspace projectMemoryScopeSource=default project memory scope resolved
2026-10-03T08:39:14.080Z [INFO] [DAEMON] removedKeys=npm_config_userconfig,npm_config_prefix,npm_config_node_gyp,npm_config_globalconfig,npm_config_init_module scrubbed inherited loader env vars from the daemon process; session subprocesses will not inherit them
qwen serve: daemon log → /tmp/qwen-server-suite-0hLpmm/runtime/debug/daemon/daemon.log
2026-10-03T08:39:14.080Z [ERROR] [DAEMON] daemon startup failed
  TypeError: Invalid writerIdleTimeoutMs: 0. Must be a positive integer (milliseconds).
      at runQwenServeImpl (/root/verify/pr11071-r4/head/packages/cli/src/serve/run-qwen-serve.ts:4507:13)
      at Module.runQwenServe (/root/verify/pr11071-r4/head/packages/cli/src/serve/run-qwen-serve.ts:3283:12)
      at /root/verify/pr11071-r4/head/packages/cli/src/serve/server.test.ts:37967:7
      at file:///root/verify/pr11071-r4/head/node_modules/@vitest/runner/dist/chunk-hooks.js:752:20
qwen serve: scrubbed inherited loader env vars from the daemon process; session subprocesses will not inherit them: npm_config_userconfig, npm_config_prefix, npm_config_node_gyp, npm_config_globalconfig, npm_config_init_module
2026-10-03T08:39:14.083Z [INFO] [DAEMON] projectMemoryScope=workspace projectMemoryScopeRaw=workspace projectMemoryScopeSource=default project memory scope resolved
2026-10-03T08:39:14.083Z [INFO] [DAEMON] removedKeys=npm_config_userconfig,npm_config_prefix,npm_config_node_gyp,npm_config_globalconfig,npm_config_init_module scrubbed inherited loader env vars from the daemon process; session subprocesses will not inherit them
qwen serve: daemon log → /tmp/qwen-server-suite-0hLpmm/runtime/debug/daemon/daemon.log
2026-10-03T08:39:14.083Z [ERROR] [DAEMON] daemon startup failed
  TypeError: Invalid writerIdleTimeoutMs: -5. Must be a positive integer (milliseconds).
      at runQwenServeImpl (/root/verify/pr11071-r4/head/packages/cli/src/serve/run-qwen-serve.ts:4507:13)
      at Module.runQwenServe (/root/verify/pr11071-r4/head/packages/cli/src/serve/run-qwen-serve.ts:3283:12)
      at /root/verify/pr11071-r4/head/packages/cli/src/serve/server.test.ts:37967:7
      at file:///root/verify/pr11071-r4/head/node_modules/@vitest/runner/dist/chunk-hooks.js:752:20
qwen serve: scrubbed inherited loader env vars from the daemon process; session subprocesses will not inherit them: npm_config_userconfig, npm_config_prefix, npm_config_node_gyp, npm_config_globalconfig, npm_config_init_module
2026-10-03T08:39:14.085Z [INFO] [DAEMON] projectMemoryScope=workspace projectMemoryScopeRaw=workspace projectMemoryScopeSource=default project memory scope resolved
2026-10-03T08:39:14.085Z [INFO] [DAEMON] removedKeys=npm_config_userconfig,npm_config_prefix,npm_config_node_gyp,npm_config_globalconfig,npm_config_init_module scrubbed inherited loader env vars from the daemon process; session subprocesses will not inherit them
qwen serve: daemon log → /tmp/qwen-server-suite-0hLpmm/runtime/debug/daemon/daemon.log
2026-10-03T08:39:14.086Z [ERROR] [DAEMON] daemon startup failed
  TypeError: Invalid writerIdleTimeoutMs: 1.5. Must be a positive integer (milliseconds).
      at runQwenServeImpl (/root/verify/pr11071-r4/head/packages/cli/src/serve/run-qwen-serve.ts:4507:13)
      at Module.runQwenServe (/root/verify/pr11071-r4/head/packages/cli/src/serve/run-qwen-serve.ts:3283:12)
      at /root/verify/pr11071-r4/head/packages/cli/src/serve/server.test.ts:37967:7
      at file:///root/verify/pr11071-r4/head/node_modules/@vitest/runner/dist/chunk-hooks.js:752:20
qwen serve: scrubbed inherited loader env vars from the daemon process; session subprocesses will not inherit them: npm_config_userconfig, npm_config_prefix, npm_config_node_gyp, npm_config_globalconfig, npm_config_init_module
2026-10-03T08:39:14.088Z [INFO] [DAEMON] projectMemoryScope=workspace projectMemoryScopeRaw=workspace projectMemoryScopeSource=default project memory scope resolved
2026-10-03T08:39:14.088Z [INFO] [DAEMON] removedKeys=npm_config_userconfig,npm_config_prefix,npm_config_node_gyp,npm_config_globalconfig,npm_config_init_module scrubbed inherited loader env vars from the daemon process; session subprocesses will not inherit them
qwen serve: daemon log → /tmp/qwen-server-suite-0hLpmm/runtime/debug/daemon/daemon.log
2026-10-03T08:39:14.088Z [ERROR] [DAEMON] daemon startup failed
  TypeError: Invalid writerIdleTimeoutMs: NaN. Must be a positive integer (milliseconds).
      at runQwenServeImpl (/root/verify/pr11071-r4/head/packages/cli/src/serve/run-qwen-serve.ts:4507:13)
      at Module.runQwenServe (/root/verify/pr11071-r4/head/packages/cli/src/serve/run-qwen-serve.ts:3283:12)
      at /root/verify/pr11071-r4/head/packages/cli/src/serve/server.test.ts:37967:7
      at file:///root/verify/pr11071-r4/head/node_modules/@vitest/runner/dist/chunk-hooks.js:752:20
qwen serve: scrubbed inherited loader env vars from the daemon process; session subprocesses will not inherit them: npm_config_userconfig, npm_config_prefix, npm_config_node_gyp, npm_config_globalconfig, npm_config_init_module
2026-10-03T08:39:14.090Z [INFO] [DAEMON] projectMemoryScope=workspace projectMemoryScopeRaw=workspace projectMemoryScopeSource=default project memory scope resolved
2026-10-03T08:39:14.090Z [INFO] [DAEMON] removedKeys=npm_config_userconfig,npm_config_prefix,npm_config_node_gyp,npm_config_globalconfig,npm_config_init_module scrubbed inherited loader env vars from the daemon process; session subprocesses will not inherit them
qwen serve: daemon log → /tmp/qwen-server-suite-0hLpmm/runtime/debug/daemon/daemon.log
2026-10-03T08:39:14.091Z [ERROR] [DAEMON] daemon startup failed
  TypeError: Invalid promptDeadlineMs: 2147483648. Exceeds maximum JS timer delay of 2147483647 ms (~24.8 days); Node would silently compress longer delays to 1ms.
      at assertTimerDelayInRange (/root/verify/pr11071-r4/head/packages/cli/src/serve/run-qwen-serve.ts:541:11)
      at runQwenServeImpl (/root/verify/pr11071-r4/head/packages/cli/src/serve/run-qwen-serve.ts:4459:5)
      at Module.runQwenServe (/root/verify/pr11071-r4/head/packages/cli/src/serve/run-qwen-serve.ts:3283:12)
      at /root/verify/pr11071-r4/head/packages/cli/src/serve/server.test.ts:37984:5
      at file:///root/verify/pr11071-r4/head/node_modules/@vitest/runner/dist/chunk-hooks.js:752:20
qwen serve: scrubbed inherited loader env vars from the daemon process; session subprocesses will not inherit them: npm_config_userconfig, npm_config_prefix, npm_config_node_gyp, npm_config_globalconfig, npm_config_init_module
2026-10-03T08:39:14.093Z [INFO] [DAEMON] projectMemoryScope=workspace projectMemoryScopeRaw=workspace projectMemoryScopeSource=default project memory scope resolved
2026-10-03T08:39:14.093Z [INFO] [DAEMON] removedKeys=npm_config_userconfig,npm_config_prefix,npm_config_node_gyp,npm_config_globalconfig,npm_config_init_module scrubbed inherited loader env vars from the daemon process; session subprocesses will not inherit them
qwen serve: daemon log → /tmp/qwen-server-suite-0hLpmm/runtime/debug/daemon/daemon.log
qwen serve: Web Shell UI served from /root/verify/pr11071-r4/head/packages/web-shell/dist
qwen serve listening on http://127.0.0.1:37773 (mode=http-bridge, workspace=/root/verify/pr11071-r4/head/packages/cli)
qwen serve: bound to workspace "/root/verify/pr11071-r4/head/packages/cli"
qwen serve: startup timing: processToListenMs=27492 runQwenServeToListenMs=2
qwen serve: trusted loopback mode; local callers have full API access without bearer authentication, including code execution as the daemon user. Use --require-auth with QWEN_SERVER_TOKEN on shared or untrusted hosts.
2026-10-03T08:39:14.094Z [INFO] [DAEMON] ideEnvPresent=false primary=/root/verify/pr11071-r4/head/packages/cli secondary= daemon workspace roots initialized
qwen serve: session reaper started (interval 60000ms, idle threshold 1800000ms)
qwen serve: /acp WebSocket transport enabled on /acp
2026-10-03T08:39:14.104Z [INFO] [DAEMON] route=GET /capabilities durationMs=1 status=200 request completed
2026-10-03T08:39:14.105Z [INFO] [DAEMON] daemon stopped
qwen serve: scrubbed inherited loader env vars from the daemon process; session subprocesses will not inherit them: npm_config_userconfig, npm_config_prefix, npm_config_node_gyp, npm_config_globalconfig, npm_config_init_module
qwen serve: scrubbed inherited loader env vars from the daemon process; session subprocesses will not inherit them: npm_config_userconfig, npm_config_prefix, npm_config_node_gyp, npm_config_globalconfig, npm_config_init_module
qwen serve: scrubbed inherited loader env vars from the daemon process; session subprocesses will not inherit them: npm_config_userconfig, npm_config_prefix, npm_config_node_gyp, npm_config_globalconfig, npm_config_init_module
qwen serve: scrubbed inherited loader env vars from the daemon process; session subprocesses will not inherit them: npm_config_userconfig, npm_config_prefix, npm_config_node_gyp, npm_config_globalconfig, npm_config_init_module
qwen serve: scrubbed inherited loader env vars from the daemon process; session subprocesses will not inherit them: npm_config_userconfig, npm_config_prefix, npm_config_node_gyp, npm_config_globalconfig, npm_config_init_module
qwen serve: scrubbed inherited loader env vars from the daemon process; session subprocesses will not inherit them: npm_config_userconfig, npm_config_prefix, npm_config_node_gyp, npm_config_globalconfig, npm_config_init_module
qwen serve: scrubbed inherited loader env vars from the daemon process; session subprocesses will not inherit them: npm_config_userconfig, npm_config_prefix, npm_config_node_gyp, npm_config_globalconfig, npm_config_init_module
2026-10-03T08:39:14.113Z [INFO] [DAEMON] projectMemoryScope=workspace projectMemoryScopeRaw=workspace projectMemoryScopeSource=default project memory scope resolved
2026-10-03T08:39:14.113Z [INFO] [DAEMON] removedKeys=npm_config_userconfig,npm_config_prefix,npm_config_node_gyp,npm_config_globalconfig,npm_config_init_module scrubbed inherited loader env vars from the daemon process; session subprocesses will not inherit them
qwen serve: daemon log → /tmp/qwen-server-suite-0hLpmm/runtime/debug/daemon/daemon.log
2026-10-03T08:39:14.113Z [ERROR] [DAEMON] daemon startup failed
  TypeError: Invalid promptDeadlineMs: 2147483648. Exceeds maximum JS timer delay of 2147483647 ms (~24.8 days); Node would silently compress longer delays to 1ms.
      at assertTimerDelayInRange (/root/verify/pr11071-r4/head/packages/cli/src/serve/run-qwen-serve.ts:541:11)
      at runQwenServeImpl (/root/verify/pr11071-r4/head/packages/cli/src/serve/run-qwen-serve.ts:4459:5)
      at Module.runQwenServe (/root/verify/pr11071-r4/head/packages/cli/src/serve/run-qwen-serve.ts:3283:12)
      at /root/verify/pr11071-r4/head/packages/cli/src/serve/server.test.ts:38032:5
      at file:///root/verify/pr11071-r4/head/node_modules/@vitest/runner/dist/chunk-hooks.js:752:20
qwen serve: scrubbed inherited loader env vars from the daemon process; session subprocesses will not inherit them: npm_config_userconfig, npm_config_prefix, npm_config_node_gyp, npm_config_globalconfig, npm_config_init_module
2026-10-03T08:39:14.115Z [INFO] [DAEMON] projectMemoryScope=workspace projectMemoryScopeRaw=workspace projectMemoryScopeSource=default project memory scope resolved
2026-10-03T08:39:14.115Z [INFO] [DAEMON] removedKeys=npm_config_userconfig,npm_config_prefix,npm_config_node_gyp,npm_config_globalconfig,npm_config_init_module scrubbed inherited loader env vars from the daemon process; session subprocesses will not inherit them
qwen serve: daemon log → /tmp/qwen-server-suite-0hLpmm/runtime/debug/daemon/daemon.log
qwen serve: Web Shell UI served from /root/verify/pr11071-r4/head/packages/web-shell/dist
qwen serve listening on http://127.0.0.1:35337 (mode=http-bridge, workspace=/root/verify/pr11071-r4/head/packages/cli)
qwen serve: bound to workspace "/root/verify/pr11071-r4/head/packages/cli"
qwen serve: startup timing: processToListenMs=27514 runQwenServeToListenMs=2
qwen serve: trusted loopback mode; local callers have full API access without bearer authentication, including code execution as the daemon user. Use --require-auth with QWEN_SERVER_TOKEN on shared or untrusted hosts.
2026-10-03T08:39:14.117Z [INFO] [DAEMON] ideEnvPresent=false primary=/root/verify/pr11071-r4/head/packages/cli secondary= daemon workspace roots initialized
qwen serve: session reaper started (interval 60000ms, idle threshold 1800000ms)
qwen serve: /acp WebSocket transport enabled on /acp
2026-10-03T08:39:14.123Z [INFO] [DAEMON] route=GET /capabilities durationMs=1 status=200 request completed
2026-10-03T08:39:14.124Z [INFO] [DAEMON] daemon stopped
qwen serve: scrubbed inherited loader env vars from the daemon process; session subprocesses will not inherit them: npm_config_userconfig, npm_config_prefix, npm_config_node_gyp, npm_config_globalconfig, npm_config_init_module
qwen serve: scrubbed inherited loader env vars from the daemon process; session subprocesses will not inherit them: npm_config_userconfig, npm_config_prefix, npm_config_node_gyp, npm_config_globalconfig, npm_config_init_module
2026-10-03T08:39:14.128Z [INFO] [DAEMON] projectMemoryScope=workspace projectMemoryScopeRaw=workspace projectMemoryScopeSource=default project memory scope resolved
2026-10-03T08:39:14.128Z [INFO] [DAEMON] removedKeys=npm_config_userconfig,npm_config_prefix,npm_config_node_gyp,npm_config_globalconfig,npm_config_init_module scrubbed inherited loader env vars from the daemon process; session subprocesses will not inherit them
qwen serve: daemon log → /tmp/qwen-server-suite-0hLpmm/runtime/debug/daemon/daemon.log
qwen serve: Web Shell UI served from /root/verify/pr11071-r4/head/packages/web-shell/dist
qwen serve listening on http://127.0.0.1:33633 (mode=http-bridge, workspace=/root/verify/pr11071-r4/head/packages/cli)
qwen serve: bound to workspace "/root/verify/pr11071-r4/head/packages/cli"
qwen serve: startup timing: processToListenMs=27527 runQwenServeToListenMs=2
qwen serve: trusted loopback mode; local callers have full API access without bearer authentication, including code execution as the daemon user. Use --require-auth with QWEN_SERVER_TOKEN on shared or untrusted hosts.
2026-10-03T08:39:14.129Z [INFO] [DAEMON] ideEnvPresent=false primary=/root/verify/pr11071-r4/head/packages/cli secondary= daemon workspace roots initialized
qwen serve: session reaper started (interval 60000ms, idle threshold 1800000ms)
qwen serve: scrubbed inherited loader env vars from the daemon process; session subprocesses will not inherit them: npm_config_userconfig, npm_config_prefix, npm_config_node_gyp, npm_config_globalconfig, npm_config_init_module
2026-10-03T08:39:14.132Z [INFO] [DAEMON] projectMemoryScope=workspace projectMemoryScopeRaw=workspace projectMemoryScopeSource=default project memory scope resolved
2026-10-03T08:39:14.132Z [INFO] [DAEMON] removedKeys=npm_config_userconfig,npm_config_prefix,npm_config_node_gyp,npm_config_globalconfig,npm_config_init_module scrubbed inherited loader env vars from the daemon process; session subprocesses will not inherit them
qwen serve: daemon log → /tmp/qws-channel-inspect-bZyPpK/debug/daemon/daemon.log
2026-10-03T08:39:14.133Z [INFO] [DAEMON] ideEnvPresent=false primary=/tmp/qws-channel-inspect-bZyPpK secondary= daemon workspace roots initialized
qwen serve: /acp WebSocket transport enabled on /acp
2026-10-03T08:39:14.139Z [INFO] [DAEMON] route=GET /capabilities durationMs=1 status=200 request completed
2026-10-03T08:39:14.140Z [INFO] [DAEMON] daemon stopped
2026-10-03T08:39:14.141Z [WARN] [DAEMON] session-pr-refresh load failed: [vitest] There was an error when mocking a module. If you are using "vi.mock" factory, make sure there are no top level variables inside, since this call is hoisted to top of the file. Read more: https://vitest.dev/api/vi.html#vi-mock
qwen serve: scrubbed inherited loader env vars from the daemon process; session subprocesses will not inherit them: npm_config_userconfig, npm_config_prefix, npm_config_node_gyp, npm_config_globalconfig, npm_config_init_module
qwen serve listening on https://127.0.0.1:46063 (mode=http-bridge, workspace=/tmp/qws-channel-inspect-bZyPpK)
qwen serve: bound to workspace "/tmp/qws-channel-inspect-bZyPpK"
qwen serve: startup timing: processToListenMs=27538 runQwenServeToListenMs=12
qwen serve: trusted loopback mode; local callers have full API access without bearer authentication, including code execution as the daemon user. Use --require-auth with QWEN_SERVER_TOKEN on shared or untrusted hosts.
qwen serve: /acp WebSocket transport enabled on /acp
2026-10-03T08:39:14.143Z [WARN] [DAEMON] Channel worker TLS trust-gap inspection could not run: Inspecting NODE_EXTRA_CA_CERTS requires Node.js 22.15.0 or newer. Continuing with the live handshake probe only.
2026-10-03T08:39:14.143Z [INFO] [DAEMON] projectMemoryScope=workspace projectMemoryScopeRaw=workspace projectMemoryScopeSource=default project memory scope resolved
2026-10-03T08:39:14.143Z [INFO] [DAEMON] removedKeys=npm_config_userconfig,npm_config_prefix,npm_config_node_gyp,npm_config_globalconfig,npm_config_init_module scrubbed inherited loader env vars from the daemon process; session subprocesses will not inherit them
qwen serve: daemon log → /tmp/qwen-server-suite-0hLpmm/runtime/debug/daemon/daemon.log
qwen serve: Web Shell UI served from /root/verify/pr11071-r4/head/packages/web-shell/dist
2026-10-03T08:39:14.144Z [INFO] [DAEMON] daemon stopped
qwen serve listening on http://127.0.0.1:41713 (mode=http-bridge, workspace=/root/verify/pr11071-r4/head/packages/cli)
qwen serve: bound to workspace "/root/verify/pr11071-r4/head/packages/cli"
qwen serve: startup timing: processToListenMs=27542 runQwenServeToListenMs=2
qwen serve: trusted loopback mode; local callers have full API access without bearer authentication, including code execution as the daemon user. Use --require-auth with QWEN_SERVER_TOKEN on shared or untrusted hosts.
2026-10-03T08:39:14.145Z [INFO] [DAEMON] ideEnvPresent=false primary=/root/verify/pr11071-r4/head/packages/cli secondary= daemon workspace roots initialized
qwen serve: session reaper started (interval 60000ms, idle threshold 1800000ms)
qwen serve: scrubbed inherited loader env vars from the daemon process; session subprocesses will not inherit them: npm_config_userconfig, npm_config_prefix, npm_config_node_gyp, npm_config_globalconfig, npm_config_init_module
qwen serve: /acp WebSocket transport enabled on /acp
2026-10-03T08:39:14.150Z [INFO] [DAEMON] projectMemoryScope=workspace projectMemoryScopeRaw=workspace projectMemoryScopeSource=default project memory scope resolved
2026-10-03T08:39:14.150Z [INFO] [DAEMON] removedKeys=npm_config_userconfig,npm_config_prefix,npm_config_node_gyp,npm_config_globalconfig,npm_config_init_module scrubbed inherited loader env vars from the daemon process; session subprocesses will not inherit them
qwen serve: daemon log → /tmp/qws-run-serve-tests-3G3ZdQ/debug/daemon/daemon.log
2026-10-03T08:39:14.151Z [INFO] [DAEMON] ideEnvPresent=false primary=/tmp/qws-channel-tls-close-e19nog secondary= daemon workspace roots initialized
2026-10-03T08:39:14.151Z [INFO] [DAEMON] route=GET /capabilities durationMs=1 status=200 request completed
2026-10-03T08:39:14.152Z [INFO] [DAEMON] daemon stopped
qwen serve: scrubbed inherited loader env vars from the daemon process; session subprocesses will not inherit them: npm_config_userconfig, npm_config_prefix, npm_config_node_gyp, npm_config_globalconfig, npm_config_init_module
2026-10-03T08:39:14.154Z [INFO] [DAEMON] projectMemoryScope=workspace projectMemoryScopeRaw=workspace projectMemoryScopeSource=default project memory scope resolved
2026-10-03T08:39:14.154Z [INFO] [DAEMON] removedKeys=npm_config_userconfig,npm_config_prefix,npm_config_node_gyp,npm_config_globalconfig,npm_config_init_module scrubbed inherited loader env vars from the daemon process; session subprocesses will not inherit them
qwen serve: daemon log → /tmp/qwen-server-suite-0hLpmm/runtime/debug/daemon/daemon.log
qwen serve: Web Shell UI served from /root/verify/pr11071-r4/head/packages/web-shell/dist
qwen serve listening on http://127.0.0.1:36405 (mode=http-bridge, workspace=/root/verify/pr11071-r4/head/packages/cli)
qwen serve: bound to workspace "/root/verify/pr11071-r4/head/packages/cli"
qwen serve: startup timing: processToListenMs=27553 runQwenServeToListenMs=2
qwen serve: trusted loopback mode; local callers have full API access without bearer authentication, including code execution as the daemon user. Use --require-auth with QWEN_SERVER_TOKEN on shared or untrusted hosts.
2026-10-03T08:39:14.155Z [WARN] [DAEMON] session-pr-refresh load failed: [vitest] There was an error when mocking a module. If you are using "vi.mock" factory, make sure there are no top level variables inside, since this call is hoisted to top of the file. Read more: https://vitest.dev/api/vi.html#vi-mock
2026-10-03T08:39:14.156Z [INFO] [DAEMON] ideEnvPresent=false primary=/root/verify/pr11071-r4/head/packages/cli secondary= daemon workspace roots initialized
qwen serve listening on https://127.0.0.1:39357 (mode=http-bridge, workspace=/tmp/qws-channel-tls-close-e19nog)
qwen serve: bound to workspace "/tmp/qws-channel-tls-close-e19nog"
qwen serve: startup timing: processToListenMs=27552 runQwenServeToListenMs=8
qwen serve: trusted loopback mode; local callers have full API access without bearer authentication, including code execution as the daemon user. Use --require-auth with QWEN_SERVER_TOKEN on shared or untrusted hosts.
qwen serve: /acp WebSocket transport enabled on /acp
qwen serve: session reaper started (interval 60000ms, idle threshold 1800000ms)
qwen serve: /acp WebSocket transport enabled on /acp
2026-10-03T08:39:14.164Z [INFO] [DAEMON] daemon stopped
qwen serve: scrubbed inherited loader env vars from the daemon process; session subprocesses will not inherit them: npm_config_userconfig, npm_config_prefix, npm_config_node_gyp, npm_config_globalconfig, npm_config_init_module
2026-10-03T08:39:14.166Z [INFO] [DAEMON] projectMemoryScope=workspace projectMemoryScopeRaw=workspace projectMemoryScopeSource=default project memory scope resolved
2026-10-03T08:39:14.166Z [INFO] [DAEMON] removedKeys=npm_config_userconfig,npm_config_prefix,npm_config_node_gyp,npm_config_globalconfig,npm_config_init_module scrubbed inherited loader env vars from the daemon process; session subprocesses will not inherit them
qwen serve: daemon log → /tmp/qwen-server-suite-0hLpmm/runtime/debug/daemon/daemon.log
qwen serve: Web Shell UI served from /root/verify/pr11071-r4/head/packages/web-shell/dist
qwen serve listening on http://127.0.0.1:37447 (mode=http-bridge, workspace=/root/verify/pr11071-r4/head/packages/cli)
qwen serve: bound to workspace "/root/verify/pr11071-r4/head/packages/cli"
qwen serve: startup timing: processToListenMs=27565 runQwenServeToListenMs=2
qwen serve: trusted loopback mode; local callers have full API access without bearer authentication, including code execution as the daemon user. Use --require-auth with QWEN_SERVER_TOKEN on shared or untrusted hosts.
2026-10-03T08:39:14.167Z [INFO] [DAEMON] ideEnvPresent=false primary=/root/verify/pr11071-r4/head/packages/cli secondary= daemon workspace roots initialized
qwen serve: session reaper started (interval 60000ms, idle threshold 1800000ms)
qwen serve: /acp WebSocket transport enabled on /acp
2026-10-03T08:39:14.172Z [INFO] [DAEMON] daemon stopped
qwen serve: scrubbed inherited loader env vars from the daemon process; session subprocesses will not inherit them: npm_config_userconfig, npm_config_prefix, npm_config_node_gyp, npm_config_globalconfig, npm_config_init_module
2026-10-03T08:39:14.175Z [INFO] [DAEMON] projectMemoryScope=workspace projectMemoryScopeRaw=workspace projectMemoryScopeSource=default project memory scope resolved
2026-10-03T08:39:14.175Z [INFO] [DAEMON] removedKeys=npm_config_userconfig,npm_config_prefix,npm_config_node_gyp,npm_config_globalconfig,npm_config_init_module scrubbed inherited loader env vars from the daemon process; session subprocesses will not inherit them
qwen serve: daemon log → /tmp/qwen-server-suite-0hLpmm/runtime/debug/daemon/daemon.log
qwen serve: Web Shell UI served from /root/verify/pr11071-r4/head/packages/web-shell/dist
qwen serve listening on http://127.0.0.1:43875 (mode=http-bridge, workspace=/root/verify/pr11071-r4/head/packages/cli)
qwen serve: bound to workspace "/root/verify/pr11071-r4/head/packages/cli"
qwen serve: startup timing: processToListenMs=27574 runQwenServeToListenMs=2
qwen serve: --require-auth enabled (bearer token mandatory on every route, including loopback /health).
2026-10-03T08:39:14.176Z [INFO] [DAEMON] ideEnvPresent=false primary=/root/verify/pr11071-r4/head/packages/cli secondary= daemon workspace roots initialized
qwen serve: session reaper started (interval 60000ms, idle threshold 1800000ms)
qwen serve: runtime startup failed: Daemon stopped while the channel worker TLS trust check was running.
2026-10-03T08:39:14.183Z [ERROR] [DAEMON] runtime startup failed
  Error: Daemon stopped while the channel worker TLS trust check was running.
      at /root/verify/pr11071-r4/head/packages/cli/src/serve/run-qwen-serve.ts:9697:21
      at processTicksAndRejections (node:internal/process/task_queues:103:5)
2026-10-03T08:39:14.184Z [INFO] [DAEMON] daemon stopped
qwen serve: /acp WebSocket transport enabled on /acp
2026-10-03T08:39:14.186Z [INFO] [DAEMON] daemon stopped
qwen serve: scrubbed inherited loader env vars from the daemon process; session subprocesses will not inherit them: npm_config_userconfig, npm_config_prefix, npm_config_node_gyp, npm_config_globalconfig, npm_config_init_module
2026-10-03T08:39:14.189Z [INFO] [DAEMON] projectMemoryScope=workspace projectMemoryScopeRaw=workspace projectMemoryScopeSource=default project memory scope resolved
2026-10-03T08:39:14.189Z [INFO] [DAEMON] removedKeys=npm_config_userconfig,npm_config_prefix,npm_config_node_gyp,npm_config_globalconfig,npm_config_init_module scrubbed inherited loader env vars from the daemon process; session subprocesses will not inherit them
qwen serve: daemon log → /tmp/qwen-server-suite-0hLpmm/runtime/debug/daemon/daemon.log
qwen serve: Web Shell UI served from /root/verify/pr11071-r4/head/packages/web-shell/dist
qwen serve: Web Shell UI is served WITHOUT auth on a non-loopback bind (the static shell has no secrets; the API stays token-gated). Pass --no-web to disable the UI.
qwen serve: same-origin Web Shell HTTP and WebSocket requests work without --allow-origin. Browsers reaching the daemon through a TLS-terminating proxy still need --allow-origin <origin>. A plain-HTTP intermediary that rewrites the Host header (nginx default proxy_set_header, k8s Ingress) needs --allow-origin <origin> for the origin the browser sees, unless it forwards Host verbatim; port translation alone (ssh -L, docker -p) is fine.
qwen serve listening on http://0.0.0.0:36461 (mode=http-bridge, workspace=/root/verify/pr11071-r4/head/packages/cli)
Local: http://127.0.0.1:36461
Network (eth0): http://172.16.1.234:36461
HTTP is unencrypted. Use the existing TLS options for encrypted remote access.
qwen serve: bound to workspace "/root/verify/pr11071-r4/head/packages/cli"
qwen serve: startup timing: processToListenMs=27588 runQwenServeToListenMs=2
qwen serve: scrubbed inherited loader env vars from the daemon process; session subprocesses will not inherit them: npm_config_userconfig, npm_config_prefix, npm_config_node_gyp, npm_config_globalconfig, npm_config_init_module
Token-bearing QR suppressed: stable operator token with non-interactive stdout. Pass --token-qr to print it anyway.
Scan to open Web Shell: http://172.16.1.234:36461 (Network (eth0))
Address-only QR: the Web Shell will ask for the bearer token.
▄▄▄▄▄▄▄▄▄▄▄▄▄▄▄▄▄▄▄▄▄▄▄▄▄▄▄▄▄▄▄
█ ▄▄▄▄▄ █▀▀▄▀█ ▄▀▄▀█ ▄█ ▄▄▄▄▄ █
█ █   █ █▀▄ ▄ ▀██▀▀ ▄▀█ █   █ █
█ █▄▄▄█ █▄▀  █▀█ ▄██▄▄█ █▄▄▄█ █
█▄▄▄▄▄▄▄█ ▀▄▀▄█▄▀▄▀ █ █▄▄▄▄▄▄▄█
██▄█▄  ▄█ ▀███▀ ▀██▀▄█ ▄█ ▄▀ ██
█▀▀▄▄█▄▄██▀▄▀▀▀▀▄█ ▄  ▀▄▄▀▄██▀█
██▄▀██ ▄█▄▄▀█▄▄▄ ▄█▄█▀▄ ▄▀█▀ ▀█
███ ▄▀█▄▀ ▄▀▀ ▄▀▄ █▄ ▄█ ██ ▀▄▄█
█▀ ▀▀▄ ▄▀▀█▄▀▄ ▄▄█ ▄█▄ █▀▀ █▄██
█  ▄▄▄▀▄▄▀ ███▄▀▀ █▀ ▀▀▀█▀  ▀▄█
█▄▄▄█▄█▄█ ██▄▄█▄▀     ▄▄▄ ▀  ██
█ ▄▄▄▄▄ █▀▀ █▄▄▀▄ █▀▄ █▄█ ▀▄▄██
█ █   █ █ ▄████▄▄█ ▀▄ ▄▄ ▄▀█▀██
█ █▄▄▄█ █▀█ ▀▀█▄▄▀▄▀ █▀▀█ ▄ ▄ █
█▄▄▄▄▄▄▄██▄██▄▄█▄▄█▄█▄▄▄▄▄▄████
2026-10-03T08:39:14.192Z [INFO] [DAEMON] ideEnvPresent=false primary=/root/verify/pr11071-r4/head/packages/cli secondary= daemon workspace roots initialized
qwen serve: session reaper started (interval 60000ms, idle threshold 1800000ms)
2026-10-03T08:39:14.192Z [INFO] [DAEMON] projectMemoryScope=workspace projectMemoryScopeRaw=workspace projectMemoryScopeSource=default project memory scope resolved
2026-10-03T08:39:14.192Z [INFO] [DAEMON] removedKeys=npm_config_userconfig,npm_config_prefix,npm_config_node_gyp,npm_config_globalconfig,npm_config_init_module scrubbed inherited loader env vars from the daemon process; session subprocesses will not inherit them
qwen serve: daemon log → /tmp/qws-run-serve-tests-3G3ZdQ/debug/daemon/daemon.log
2026-10-03T08:39:14.194Z [INFO] [DAEMON] ideEnvPresent=false primary=/tmp/qws-channel-tls-lazy-gDv0vH secondary= daemon workspace roots initialized
qwen serve: /acp WebSocket transport enabled on /acp
2026-10-03T08:39:14.197Z [WARN] [DAEMON] route=GET /capabilities durationMs=0 status=401 request completed
2026-10-03T08:39:14.199Z [WARN] [DAEMON] session-pr-refresh load failed: [vitest] There was an error when mocking a module. If you are using "vi.mock" factory, make sure there are no top level variables inside, since this call is hoisted to top of the file. Read more: https://vitest.dev/api/vi.html#vi-mock
qwen serve listening on https://127.0.0.1:46413 (mode=http-bridge, workspace=/tmp/qws-channel-tls-lazy-gDv0vH)
qwen serve: bound to workspace "/tmp/qws-channel-tls-lazy-gDv0vH"
qwen serve: startup timing: processToListenMs=27595 runQwenServeToListenMs=8
qwen serve: trusted loopback mode; local callers have full API access without bearer authentication, including code execution as the daemon user. Use --require-auth with QWEN_SERVER_TOKEN on shared or untrusted hosts.
qwen serve: /acp WebSocket transport enabled on /acp
2026-10-03T08:39:14.199Z [INFO] [DAEMON] route=GET /capabilities durationMs=1 status=200 request completed
2026-10-03T08:39:14.200Z [INFO] [DAEMON] daemon stopped
qwen serve: scrubbed inherited loader env vars from the daemon process; session subprocesses will not inherit them: npm_config_userconfig, npm_config_prefix, npm_config_node_gyp, npm_config_globalconfig, npm_config_init_module
2026-10-03T08:39:14.202Z [INFO] [DAEMON] projectMemoryScope=workspace projectMemoryScopeRaw=workspace projectMemoryScopeSource=default project memory scope resolved
2026-10-03T08:39:14.202Z [INFO] [DAEMON] removedKeys=npm_config_userconfig,npm_config_prefix,npm_config_node_gyp,npm_config_globalconfig,npm_config_init_module scrubbed inherited loader env vars from the daemon process; session subprocesses will not inherit them
qwen serve: daemon log → /tmp/qwen-server-suite-0hLpmm/runtime/debug/daemon/daemon.log
qwen serve: Web Shell UI served from /root/verify/pr11071-r4/head/packages/web-shell/dist
qwen serve listening on http://127.0.0.1:35775 (mode=http-bridge, workspace=/root/verify/pr11071-r4/head/packages/cli)
qwen serve: bound to workspace "/root/verify/pr11071-r4/head/packages/cli"
qwen serve: startup timing: processToListenMs=27601 runQwenServeToListenMs=2
qwen serve: trusted loopback mode; local callers have full API access without bearer authentication, including code execution as the daemon user. Use --require-auth with QWEN_SERVER_TOKEN on shared or untrusted hosts.
2026-10-03T08:39:14.204Z [INFO] [DAEMON] ideEnvPresent=false primary=/root/verify/pr11071-r4/head/packages/cli secondary= daemon workspace roots initialized
qwen serve: session reaper started (interval 60000ms, idle threshold 1800000ms)
qwen serve: /acp WebSocket transport enabled on /acp
2026-10-03T08:39:14.213Z [INFO] [DAEMON] daemon stopped
qwen serve: scrubbed inherited loader env vars from the daemon process; session subprocesses will not inherit them: npm_config_userconfig, npm_config_prefix, npm_config_node_gyp, npm_config_globalconfig, npm_config_init_module
2026-10-03T08:39:14.215Z [INFO] [DAEMON] projectMemoryScope=workspace projectMemoryScopeRaw=workspace projectMemoryScopeSource=default project memory scope resolved
2026-10-03T08:39:14.215Z [INFO] [DAEMON] removedKeys=npm_config_userconfig,npm_config_prefix,npm_config_node_gyp,npm_config_globalconfig,npm_config_init_module scrubbed inherited loader env vars from the daemon process; session subprocesses will not inherit them
qwen serve: daemon log → /tmp/qwen-server-suite-0hLpmm/runtime/debug/daemon/daemon.log
qwen serve: Web Shell UI served from /root/verify/pr11071-r4/head/packages/web-shell/dist
qwen serve listening on http://127.0.0.1:40177 (mode=http-bridge, workspace=/root/verify/pr11071-r4/head/packages/cli)
qwen serve: bound to workspace "/root/verify/pr11071-r4/head/packages/cli"
qwen serve: startup timing: processToListenMs=27614 runQwenServeToListenMs=2
qwen serve: trusted loopback mode; local callers have full API access without bearer authentication, including code execution as the daemon user. Use --require-auth with QWEN_SERVER_TOKEN on shared or untrusted hosts.
2026-10-03T08:39:14.217Z [INFO] [DAEMON] ideEnvPresent=false primary=/root/verify/pr11071-r4/head/packages/cli secondary= daemon workspace roots initialized
qwen serve: session reaper started (interval 60000ms, idle threshold 1800000ms)
qwen serve: /acp WebSocket transport enabled on /acp
2026-10-03T08:39:14.224Z [INFO] [DAEMON] daemon stopped
qwen serve: scrubbed inherited loader env vars from the daemon process; session subprocesses will not inherit them: npm_config_userconfig, npm_config_prefix, npm_config_node_gyp, npm_config_globalconfig, npm_config_init_module
2026-10-03T08:39:14.226Z [INFO] [DAEMON] daemon stopped
2026-10-03T08:39:14.227Z [INFO] [DAEMON] projectMemoryScope=workspace projectMemoryScopeRaw=workspace projectMemoryScopeSource=default project memory scope resolved
2026-10-03T08:39:14.227Z [INFO] [DAEMON] removedKeys=npm_config_userconfig,npm_config_prefix,npm_config_node_gyp,npm_config_globalconfig,npm_config_init_module scrubbed inherited loader env vars from the daemon process; session subprocesses will not inherit them
qwen serve: daemon log → /tmp/qwen-server-suite-0hLpmm/runtime/debug/daemon/daemon.log
qwen serve: Web Shell UI served from /root/verify/pr11071-r4/head/packages/web-shell/dist
qwen serve listening on http://127.0.0.1:42325 (mode=http-bridge, workspace=/root/verify/pr11071-r4/head/packages/cli)
qwen serve: bound to workspace "/root/verify/pr11071-r4/head/packages/cli"
qwen serve: startup timing: processToListenMs=27626 runQwenServeToListenMs=2
qwen serve: trusted loopback mode; local callers have full API access without bearer authentication, including code execution as the daemon user. Use --require-auth with QWEN_SERVER_TOKEN on shared or untrusted hosts.
2026-10-03T08:39:14.228Z [INFO] [DAEMON] ideEnvPresent=false primary=/root/verify/pr11071-r4/head/packages/cli secondary= daemon workspace roots initialized
qwen serve: session reaper started (interval 60000ms, idle threshold 1800000ms)
qwen serve: scrubbed inherited loader env vars from the daemon process; session subprocesses will not inherit them: npm_config_userconfig, npm_config_prefix, npm_config_node_gyp, npm_config_globalconfig, npm_config_init_module
2026-10-03T08:39:14.233Z [INFO] [DAEMON] projectMemoryScope=workspace projectMemoryScopeRaw=workspace projectMemoryScopeSource=default project memory scope resolved
2026-10-03T08:39:14.233Z [INFO] [DAEMON] removedKeys=npm_config_userconfig,npm_config_prefix,npm_config_node_gyp,npm_config_globalconfig,npm_config_init_module scrubbed inherited loader env vars from the daemon process; session subprocesses will not inherit them
qwen serve: daemon log → /tmp/qws-channel-gap-N96pKY/debug/daemon/daemon.log
2026-10-03T08:39:14.234Z [INFO] [DAEMON] ideEnvPresent=false primary=/tmp/qws-channel-gap-N96pKY secondary= daemon workspace roots initialized
qwen serve: /acp WebSocket transport enabled on /acp
2026-10-03T08:39:14.237Z [INFO] [DAEMON] daemon stopped
qwen serve: scrubbed inherited loader env vars from the daemon process; session subprocesses will not inherit them: npm_config_userconfig, npm_config_prefix, npm_config_node_gyp, npm_config_globalconfig, npm_config_init_module
2026-10-03T08:39:14.238Z [WARN] [DAEMON] session-pr-refresh load failed: [vitest] There was an error when mocking a module. If you are using "vi.mock" factory, make sure there are no top level variables inside, since this call is hoisted to top of the file. Read more: https://vitest.dev/api/vi.html#vi-mock
2026-10-03T08:39:14.239Z [INFO] [DAEMON] projectMemoryScope=workspace projectMemoryScopeRaw=workspace projectMemoryScopeSource=default project memory scope resolved
2026-10-03T08:39:14.239Z [INFO] [DAEMON] removedKeys=npm_config_userconfig,npm_config_prefix,npm_config_node_gyp,npm_config_globalconfig,npm_config_init_module scrubbed inherited loader env vars from the daemon process; session subprocesses will not inherit them
qwen serve: daemon log → /tmp/qwen-server-suite-0hLpmm/runtime/debug/daemon/daemon.log
qwen serve: Web Shell UI served from /root/verify/pr11071-r4/head/packages/web-shell/dist
qwen serve listening on http://127.0.0.1:37227 (mode=http-bridge, workspace=/root/verify/pr11071-r4/head/packages/cli)
qwen serve: bound to workspace "/root/verify/pr11071-r4/head/packages/cli"
qwen serve: startup timing: processToListenMs=27638 runQwenServeToListenMs=2
qwen serve: trusted loopback mode; local callers have full API access without bearer authentication, including code execution as the daemon user. Use --require-auth with QWEN_SERVER_TOKEN on shared or untrusted hosts.
2026-10-03T08:39:14.241Z [INFO] [DAEMON] ideEnvPresent=false primary=/root/verify/pr11071-r4/head/packages/cli secondary= daemon workspace roots initialized
qwen serve: session reaper started (interval 60000ms, idle threshold 1800000ms)
qwen serve listening on https://127.0.0.1:34869 (mode=http-bridge, workspace=/tmp/qws-channel-gap-N96pKY)
qwen serve: bound to workspace "/tmp/qws-channel-gap-N96pKY"
qwen serve: startup timing: processToListenMs=27638 runQwenServeToListenMs=11
qwen serve: trusted loopback mode; local callers have full API access without bearer authentication, including code execution as the daemon user. Use --require-auth with QWEN_SERVER_TOKEN on shared or untrusted hosts.
qwen serve: /acp WebSocket transport enabled on /acp
qwen serve: /acp WebSocket transport enabled on /acp
2026-10-03T08:39:14.246Z [INFO] [DAEMON] daemon stopped
qwen serve: scrubbed inherited loader env vars from the daemon process; session subprocesses will not inherit them: npm_config_userconfig, npm_config_prefix, npm_config_node_gyp, npm_config_globalconfig, npm_config_init_module
2026-10-03T08:39:14.248Z [INFO] [DAEMON] projectMemoryScope=workspace projectMemoryScopeRaw=workspace projectMemoryScopeSource=default project memory scope resolved
2026-10-03T08:39:14.248Z [INFO] [DAEMON] removedKeys=npm_config_userconfig,npm_config_prefix,npm_config_node_gyp,npm_config_globalconfig,npm_config_init_module scrubbed inherited loader env vars from the daemon process; session subprocesses will not inherit them
qwen serve: daemon log → /tmp/qwen-server-suite-0hLpmm/runtime/debug/daemon/daemon.log
qwen serve: Web Shell UI served from /root/verify/pr11071-r4/head/packages/web-shell/dist
2026-10-03T08:39:14.249Z [ERROR] [DAEMON] daemon startup failed
  TypeError: Invalid maxConnections: NaN. Must be >= 0 (0 / Infinity = unlimited).
      at runQwenServeImpl (/root/verify/pr11071-r4/head/packages/cli/src/serve/run-qwen-serve.ts:8860:11)
      at Module.runQwenServe (/root/verify/pr11071-r4/head/packages/cli/src/serve/run-qwen-serve.ts:3283:12)
      at /root/verify/pr11071-r4/head/packages/cli/src/serve/server.test.ts:38255:5
      at file:///root/verify/pr11071-r4/head/node_modules/@vitest/runner/dist/chunk-hooks.js:752:20
qwen serve: scrubbed inherited loader env vars from the daemon process; session subprocesses will not inherit them: npm_config_userconfig, npm_config_prefix, npm_config_node_gyp, npm_config_globalconfig, npm_config_init_module
2026-10-03T08:39:14.251Z [INFO] [DAEMON] projectMemoryScope=workspace projectMemoryScopeRaw=workspace projectMemoryScopeSource=default project memory scope resolved
2026-10-03T08:39:14.251Z [INFO] [DAEMON] removedKeys=npm_config_userconfig,npm_config_prefix,npm_config_node_gyp,npm_config_globalconfig,npm_config_init_module scrubbed inherited loader env vars from the daemon process; session subprocesses will not inherit them
qwen serve: daemon log → /tmp/qwen-server-suite-0hLpmm/runtime/debug/daemon/daemon.log
qwen serve: Web Shell UI served from /root/verify/pr11071-r4/head/packages/web-shell/dist
2026-10-03T08:39:14.251Z [ERROR] [DAEMON] daemon startup failed
  TypeError: Invalid maxConnections: -5. Must be >= 0 (0 / Infinity = unlimited).
      at runQwenServeImpl (/root/verify/pr11071-r4/head/packages/cli/src/serve/run-qwen-serve.ts:8860:11)
      at Module.runQwenServe (/root/verify/pr11071-r4/head/packages/cli/src/serve/run-qwen-serve.ts:3283:12)
      at /root/verify/pr11071-r4/head/packages/cli/src/serve/server.test.ts:38263:5
      at file:///root/verify/pr11071-r4/head/node_modules/@vitest/runner/dist/chunk-hooks.js:752:20
qwen serve: scrubbed inherited loader env vars from the daemon process; session subprocesses will not inherit them: npm_config_userconfig, npm_config_prefix, npm_config_node_gyp, npm_config_globalconfig, npm_config_init_module
2026-10-03T08:39:14.254Z [INFO] [DAEMON] projectMemoryScope=workspace projectMemoryScopeRaw=workspace projectMemoryScopeSource=default project memory scope resolved
2026-10-03T08:39:14.254Z [INFO] [DAEMON] removedKeys=npm_config_userconfig,npm_config_prefix,npm_config_node_gyp,npm_config_globalconfig,npm_config_init_module scrubbed inherited loader env vars from the daemon process; session subprocesses will not inherit them
qwen serve: daemon log → /tmp/qwen-server-suite-0hLpmm/runtime/debug/daemon/daemon.log
qwen serve: Web Shell UI served from /root/verify/pr11071-r4/head/packages/web-shell/dist
qwen serve listening on http://Localhost:36111 (mode=http-bridge, workspace=/root/verify/pr11071-r4/head/packages/cli)
qwen serve: bound to workspace "/root/verify/pr11071-r4/head/packages/cli"
qwen serve: startup timing: processToListenMs=27653 runQwenServeToListenMs=2
qwen serve: trusted loopback mode; local callers have full API access without bearer authentication, including code execution as the daemon user. Use --require-auth with QWEN_SERVER_TOKEN on shared or untrusted hosts.
2026-10-03T08:39:14.255Z [INFO] [DAEMON] ideEnvPresent=false primary=/root/verify/pr11071-r4/head/packages/cli secondary= daemon workspace roots initialized
qwen serve: session reaper started (interval 60000ms, idle threshold 1800000ms)
qwen serve: /acp WebSocket transport enabled on /acp
2026-10-03T08:39:14.263Z [INFO] [DAEMON] daemon stopped
qwen serve: scrubbed inherited loader env vars from the daemon process; session subprocesses will not inherit them: npm_config_userconfig, npm_config_prefix, npm_config_node_gyp, npm_config_globalconfig, npm_config_init_module
2026-10-03T08:39:14.265Z [INFO] [DAEMON] projectMemoryScope=workspace projectMemoryScopeRaw=workspace projectMemoryScopeSource=default project memory scope resolved
2026-10-03T08:39:14.265Z [INFO] [DAEMON] removedKeys=npm_config_userconfig,npm_config_prefix,npm_config_node_gyp,npm_config_globalconfig,npm_config_init_module scrubbed inherited loader env vars from the daemon process; session subprocesses will not inherit them
qwen serve: daemon log → /tmp/qwen-server-suite-0hLpmm/runtime/debug/daemon/daemon.log
qwen serve: Web Shell UI served from /root/verify/pr11071-r4/head/packages/web-shell/dist
qwen serve listening on http://[::1]:41621 (mode=http-bridge, workspace=/root/verify/pr11071-r4/head/packages/cli)
qwen serve: bound to workspace "/root/verify/pr11071-r4/head/packages/cli"
qwen serve: startup timing: processToListenMs=27664 runQwenServeToListenMs=2
qwen serve: trusted loopback mode; local callers have full API access without bearer authentication, including code execution as the daemon user. Use --require-auth with QWEN_SERVER_TOKEN on shared or untrusted hosts.
2026-10-03T08:39:14.266Z [INFO] [DAEMON] ideEnvPresent=false primary=/root/verify/pr11071-r4/head/packages/cli secondary= daemon workspace roots initialized
qwen serve: session reaper started (interval 60000ms, idle threshold 1800000ms)
qwen serve: /acp WebSocket transport enabled on /acp
2026-10-03T08:39:14.271Z [INFO] [DAEMON] daemon stopped
qwen serve: scrubbed inherited loader env vars from the daemon process; session subprocesses will not inherit them: npm_config_userconfig, npm_config_prefix, npm_config_node_gyp, npm_config_globalconfig, npm_config_init_module
2026-10-03T08:39:14.274Z [INFO] [DAEMON] projectMemoryScope=workspace projectMemoryScopeRaw=workspace projectMemoryScopeSource=default project memory scope resolved
2026-10-03T08:39:14.274Z [INFO] [DAEMON] removedKeys=npm_config_userconfig,npm_config_prefix,npm_config_node_gyp,npm_config_globalconfig,npm_config_init_module scrubbed inherited loader env vars from the daemon process; session subprocesses will not inherit them
qwen serve: daemon log → /tmp/qwen-server-suite-0hLpmm/runtime/debug/daemon/daemon.log
qwen serve: Web Shell UI served from /root/verify/pr11071-r4/head/packages/web-shell/dist
qwen serve: Web Shell UI is served WITHOUT auth on a non-loopback bind (the static shell has no secrets; the API stays token-gated). Pass --no-web to disable the UI.
qwen serve: same-origin Web Shell HTTP and WebSocket requests work without --allow-origin. Browsers reaching the daemon through a TLS-terminating proxy still need --allow-origin <origin>. A plain-HTTP intermediary that rewrites the Host header (nginx default proxy_set_header, k8s Ingress) needs --allow-origin <origin> for the origin the browser sees, unless it forwards Host verbatim; port translation alone (ssh -L, docker -p) is fine.
2026-10-03T08:39:14.274Z [ERROR] [DAEMON] daemon startup failed
  Error: Invalid --hostname "[2001:db8::1]:8080": brackets indicate an IPv6 literal but the value isn't a clean [addr] form. Pass the address without a trailing :port (use --port for that), e.g. "--hostname [::1] --port 4170".
      at runQwenServeImpl (/root/verify/pr11071-r4/head/packages/cli/src/serve/run-qwen-serve.ts:8837:13)
      at Module.runQwenServe (/root/verify/pr11071-r4/head/packages/cli/src/serve/run-qwen-serve.ts:3283:12)
      at /root/verify/pr11071-r4/head/packages/cli/src/serve/server.test.ts:38313:5
      at file:///root/verify/pr11071-r4/head/node_modules/@vitest/runner/dist/chunk-hooks.js:752:20
qwen serve: scrubbed inherited loader env vars from the daemon process; session subprocesses will not inherit them: npm_config_userconfig, npm_config_prefix, npm_config_node_gyp, npm_config_globalconfig, npm_config_init_module
qwen serve: scrubbed inherited loader env vars from the daemon process; session subprocesses will not inherit them: npm_config_userconfig, npm_config_prefix, npm_config_node_gyp, npm_config_globalconfig, npm_config_init_module
qwen serve: scrubbed inherited loader env vars from the daemon process; session subprocesses will not inherit them: npm_config_userconfig, npm_config_prefix, npm_config_node_gyp, npm_config_globalconfig, npm_config_init_module
2026-10-03T08:39:14.278Z [INFO] [DAEMON] projectMemoryScope=workspace projectMemoryScopeRaw=workspace projectMemoryScopeSource=default project memory scope resolved
2026-10-03T08:39:14.278Z [INFO] [DAEMON] removedKeys=npm_config_userconfig,npm_config_prefix,npm_config_node_gyp,npm_config_globalconfig,npm_config_init_module scrubbed inherited loader env vars from the daemon process; session subprocesses will not inherit them
qwen serve: daemon log → /tmp/qwen-server-suite-0hLpmm/runtime/debug/daemon/daemon.log
qwen serve: Web Shell UI served from /root/verify/pr11071-r4/head/packages/web-shell/dist
qwen serve listening on http://[::1]:44231 (mode=http-bridge, workspace=/root/verify/pr11071-r4/head/packages/cli)
qwen serve: bound to workspace "/root/verify/pr11071-r4/head/packages/cli"
qwen serve: startup timing: processToListenMs=27677 runQwenServeToListenMs=2
qwen serve: trusted loopback mode; local callers have full API access without bearer authentication, including code execution as the daemon user. Use --require-auth with QWEN_SERVER_TOKEN on shared or untrusted hosts.
2026-10-03T08:39:14.279Z [INFO] [DAEMON] ideEnvPresent=false primary=/root/verify/pr11071-r4/head/packages/cli secondary= daemon workspace roots initialized
qwen serve: session reaper started (interval 60000ms, idle threshold 1800000ms)
qwen serve: /acp WebSocket transport enabled on /acp
2026-10-03T08:39:14.287Z [INFO] [DAEMON] daemon stopped
qwen serve: scrubbed inherited loader env vars from the daemon process; session subprocesses will not inherit them: npm_config_userconfig, npm_config_prefix, npm_config_node_gyp, npm_config_globalconfig, npm_config_init_module
2026-10-03T08:39:14.289Z [INFO] [DAEMON] projectMemoryScope=workspace projectMemoryScopeRaw=workspace projectMemoryScopeSource=default project memory scope resolved
2026-10-03T08:39:14.289Z [INFO] [DAEMON] removedKeys=npm_config_userconfig,npm_config_prefix,npm_config_node_gyp,npm_config_globalconfig,npm_config_init_module scrubbed inherited loader env vars from the daemon process; session subprocesses will not inherit them
qwen serve: daemon log → /tmp/qwen-server-suite-0hLpmm/runtime/debug/daemon/daemon.log
qwen serve: Web Shell UI served from /root/verify/pr11071-r4/head/packages/web-shell/dist
qwen serve: Web Shell UI is served WITHOUT auth on a non-loopback bind (the static shell has no secrets; the API stays token-gated). Pass --no-web to disable the UI.
qwen serve: same-origin Web Shell HTTP and WebSocket requests work without --allow-origin. Browsers reaching the daemon through a TLS-terminating proxy still need --allow-origin <origin>. A plain-HTTP intermediary that rewrites the Host header (nginx default proxy_set_header, k8s Ingress) needs --allow-origin <origin> for the origin the browser sees, unless it forwards Host verbatim; port translation alone (ssh -L, docker -p) is fine.
2026-10-03T08:39:14.290Z [ERROR] [DAEMON] daemon startup failed
  Error: Invalid --hostname "[]": brackets indicate an IPv6 literal but the value isn't a clean [addr] form. Pass the address without a trailing :port (use --port for that), e.g. "--hostname [::1] --port 4170".
      at runQwenServeImpl (/root/verify/pr11071-r4/head/packages/cli/src/serve/run-qwen-serve.ts:8837:13)
      at Module.runQwenServe (/root/verify/pr11071-r4/head/packages/cli/src/serve/run-qwen-serve.ts:3283:12)
      at /root/verify/pr11071-r4/head/packages/cli/src/serve/server.test.ts:38359:5
      at file:///root/verify/pr11071-r4/head/node_modules/@vitest/runner/dist/chunk-hooks.js:752:20
qwen serve: scrubbed inherited loader env vars from the daemon process; session subprocesses will not inherit them: npm_config_userconfig, npm_config_prefix, npm_config_node_gyp, npm_config_globalconfig, npm_config_init_module
2026-10-03T08:39:14.292Z [INFO] [DAEMON] projectMemoryScope=workspace projectMemoryScopeRaw=workspace projectMemoryScopeSource=default project memory scope resolved
2026-10-03T08:39:14.292Z [INFO] [DAEMON] removedKeys=npm_config_userconfig,npm_config_prefix,npm_config_node_gyp,npm_config_globalconfig,npm_config_init_module scrubbed inherited loader env vars from the daemon process; session subprocesses will not inherit them
qwen serve: daemon log → /tmp/qwen-server-suite-0hLpmm/runtime/debug/daemon/daemon.log
qwen serve: Web Shell UI served from /root/verify/pr11071-r4/head/packages/web-shell/dist
2026-10-03T08:39:14.293Z [INFO] [DAEMON] ideEnvPresent=false primary=/root/verify/pr11071-r4/head/packages/cli secondary= daemon workspace roots initialized
qwen serve listening on http://127.0.0.1:35281 (mode=http-bridge, workspace=/root/verify/pr11071-r4/head/packages/cli)
qwen serve: bound to workspace "/root/verify/pr11071-r4/head/packages/cli"
qwen serve: startup timing: processToListenMs=27696 runQwenServeToListenMs=7
qwen serve: trusted loopback mode; local callers have full API access without bearer authentication, including code execution as the daemon user. Use --require-auth with QWEN_SERVER_TOKEN on shared or untrusted hosts.
qwen serve: /acp WebSocket transport enabled on /acp
2026-10-03T08:39:14.299Z [INFO] [DAEMON] route=GET /capabilities durationMs=1 status=200 request completed
2026-10-03T08:39:14.300Z [INFO] [DAEMON] daemon stopped
qwen serve: scrubbed inherited loader env vars from the daemon process; session subprocesses will not inherit them: npm_config_userconfig, npm_config_prefix, npm_config_node_gyp, npm_config_globalconfig, npm_config_init_module
qwen serve: scrubbed inherited loader env vars from the daemon process; session subprocesses will not inherit them: npm_config_userconfig, npm_config_prefix, npm_config_node_gyp, npm_config_globalconfig, npm_config_init_module
qwen serve: scrubbed inherited loader env vars from the daemon process; session subprocesses will not inherit them: npm_config_userconfig, npm_config_prefix, npm_config_node_gyp, npm_config_globalconfig, npm_config_init_module
2026-10-03T08:39:14.303Z [WARN] [DAEMON] --tls-cert "/tmp/qws-channel-gap-N96pKY/cert.pem" is issued by another CA (CN=qwen wiring test root CA), not self-signed, and no NODE_EXTRA_CA_CERTS is set, so nothing in the channel workers' bundle anchors their trust — every worker handshake to the daemon will fail UNABLE_TO_VERIFY_LEAF_SIGNATURE unless the issuing CA is already in the workers' default trust store. Point NODE_EXTRA_CA_CERTS at the issuing CA (for mkcert: "$(mkcert -CAROOT)/rootCA.pem") and restart.
2026-10-03T08:39:14.304Z [INFO] [DAEMON] daemon stopped
qwen serve: scrubbed inherited loader env vars from the daemon process; session subprocesses will not inherit them: npm_config_userconfig, npm_config_prefix, npm_config_node_gyp, npm_config_globalconfig, npm_config_init_module
2026-10-03T08:39:14.305Z [INFO] [DAEMON] projectMemoryScope=workspace projectMemoryScopeRaw=workspace projectMemoryScopeSource=default project memory scope resolved
2026-10-03T08:39:14.305Z [INFO] [DAEMON] removedKeys=npm_config_userconfig,npm_config_prefix,npm_config_node_gyp,npm_config_globalconfig,npm_config_init_module scrubbed inherited loader env vars from the daemon process; session subprocesses will not inherit them
qwen serve: daemon log → /tmp/qwen-server-suite-0hLpmm/runtime/debug/daemon/daemon.log
qwen serve: Web Shell UI served from /root/verify/pr11071-r4/head/packages/web-shell/dist
2026-10-03T08:39:14.306Z [INFO] [DAEMON] ideEnvPresent=false primary=/root/verify/pr11071-r4/head/packages/cli secondary= daemon workspace roots initialized
qwen serve: scrubbed inherited loader env vars from the daemon process; session subprocesses will not inherit them: npm_config_userconfig, npm_config_prefix, npm_config_node_gyp, npm_config_globalconfig, npm_config_init_module
2026-10-03T08:39:14.310Z [INFO] [DAEMON] projectMemoryScope=workspace projectMemoryScopeRaw=workspace projectMemoryScopeSource=default project memory scope resolved
2026-10-03T08:39:14.310Z [INFO] [DAEMON] removedKeys=npm_config_userconfig,npm_config_prefix,npm_config_node_gyp,npm_config_globalconfig,npm_config_init_module scrubbed inherited loader env vars from the daemon process; session subprocesses will not inherit them
qwen serve: daemon log → /tmp/qws-channel-gap-EbLWoO/debug/daemon/daemon.log
qwen serve listening on http://127.0.0.1:40317 (mode=http-bridge, workspace=/root/verify/pr11071-r4/head/packages/cli)
qwen serve: bound to workspace "/root/verify/pr11071-r4/head/packages/cli"
qwen serve: startup timing: processToListenMs=27709 runQwenServeToListenMs=7
qwen serve: trusted loopback mode; local callers have full API access without bearer authentication, including code execution as the daemon user. Use --require-auth with QWEN_SERVER_TOKEN on shared or untrusted hosts.
qwen serve: /acp WebSocket transport enabled on /acp
2026-10-03T08:39:14.311Z [INFO] [DAEMON] daemon stopped
2026-10-03T08:39:14.311Z [INFO] [DAEMON] ideEnvPresent=false primary=/tmp/qws-channel-gap-EbLWoO secondary= daemon workspace roots initialized
qwen serve: scrubbed inherited loader env vars from the daemon process; session subprocesses will not inherit them: npm_config_userconfig, npm_config_prefix, npm_config_node_gyp, npm_config_globalconfig, npm_config_init_module
2026-10-03T08:39:14.316Z [WARN] [DAEMON] session-pr-refresh load failed: [vitest] There was an error when mocking a module. If you are using "vi.mock" factory, make sure there are no top level variables inside, since this call is hoisted to top of the file. Read more: https://vitest.dev/api/vi.html#vi-mock
2026-10-03T08:39:14.317Z [INFO] [DAEMON] projectMemoryScope=workspace projectMemoryScopeRaw=workspace projectMemoryScopeSource=default project memory scope resolved
2026-10-03T08:39:14.317Z [INFO] [DAEMON] removedKeys=npm_config_userconfig,npm_config_prefix,npm_config_node_gyp,npm_config_globalconfig,npm_config_init_module scrubbed inherited loader env vars from the daemon process; session subprocesses will not inherit them
qwen serve: daemon log → /tmp/qwen-server-suite-0hLpmm/runtime/debug/daemon/daemon.log
qwen serve: Web Shell UI served from /root/verify/pr11071-r4/head/packages/web-shell/dist
qwen serve listening on https://127.0.0.1:38751 (mode=http-bridge, workspace=/tmp/qws-channel-gap-EbLWoO)
qwen serve: bound to workspace "/tmp/qws-channel-gap-EbLWoO"
qwen serve: startup timing: processToListenMs=27713 runQwenServeToListenMs=8
qwen serve: trusted loopback mode; local callers have full API access without bearer authentication, including code execution as the daemon user. Use --require-auth with QWEN_SERVER_TOKEN on shared or untrusted hosts.
qwen serve: /acp WebSocket transport enabled on /acp
2026-10-03T08:39:14.317Z [INFO] [DAEMON] ideEnvPresent=false primary=/tmp/qwen-runqwen-fs-Yq7Qba secondary= daemon workspace roots initialized
qwen serve listening on http://127.0.0.1:34351 (mode=http-bridge, workspace=/tmp/qwen-runqwen-fs-Yq7Qba)
qwen serve: bound to workspace "/tmp/qwen-runqwen-fs-Yq7Qba"
qwen serve: startup timing: processToListenMs=27720 runQwenServeToListenMs=7
qwen serve: trusted loopback mode; local callers have full API access without bearer authentication, including code execution as the daemon user. Use --require-auth with QWEN_SERVER_TOKEN on shared or untrusted hosts.
qwen serve: /acp WebSocket transport enabled on /acp
2026-10-03T08:39:14.326Z [INFO] [DAEMON] route=GET /file durationMs=3 status=200 request completed
2026-10-03T08:39:14.327Z [WARN] [DAEMON] route=GET /file durationMs=1 status=400 request completed
2026-10-03T08:39:14.328Z [INFO] [DAEMON] daemon stopped
qwen serve: scrubbed inherited loader env vars from the daemon process; session subprocesses will not inherit them: npm_config_userconfig, npm_config_prefix, npm_config_node_gyp, npm_config_globalconfig, npm_config_init_module
2026-10-03T08:39:14.331Z [INFO] [DAEMON] projectMemoryScope=workspace projectMemoryScopeRaw=workspace projectMemoryScopeSource=default project memory scope resolved
2026-10-03T08:39:14.331Z [INFO] [DAEMON] removedKeys=npm_config_userconfig,npm_config_prefix,npm_config_node_gyp,npm_config_globalconfig,npm_config_init_module scrubbed inherited loader env vars from the daemon process; session subprocesses will not inherit them
qwen serve: daemon log → /tmp/qwen-server-suite-0hLpmm/runtime/debug/daemon/daemon.log
qwen serve: Web Shell UI served from /root/verify/pr11071-r4/head/packages/web-shell/dist
2026-10-03T08:39:14.332Z [INFO] [DAEMON] ideEnvPresent=false primary=/tmp/qwen-runqwen-rest-fs-HiQ8Mg secondary= daemon workspace roots initialized
qwen serve listening on http://127.0.0.1:45883 (mode=http-bridge, workspace=/tmp/qwen-runqwen-rest-fs-HiQ8Mg)
qwen serve: bound to workspace "/tmp/qwen-runqwen-rest-fs-HiQ8Mg"
qwen serve: startup timing: processToListenMs=27735 runQwenServeToListenMs=7
qwen serve: trusted loopback mode; local callers have full API access without bearer authentication, including code execution as the daemon user. Use --require-auth with QWEN_SERVER_TOKEN on shared or untrusted hosts.
qwen serve: /acp WebSocket transport enabled on /acp
qwen serve: fs audit emit is the default no-op — 1 event(s) dropped so far. Latest type=fs.denied (errorKind=path_not_found intent=read pathHash=b6372f885a048698). Inject deps.fsFactory in createServeApp to wire audit into the EventBus.
2026-10-03T08:39:14.340Z [WARN] [DAEMON] route=GET /file durationMs=1 status=404 request completed
2026-10-03T08:39:14.341Z [INFO] [DAEMON] daemon stopped
qwen serve: scrubbed inherited loader env vars from the daemon process; session subprocesses will not inherit them: npm_config_userconfig, npm_config_prefix, npm_config_node_gyp, npm_config_globalconfig, npm_config_init_module
2026-10-03T08:39:14.343Z [INFO] [DAEMON] projectMemoryScope=workspace projectMemoryScopeRaw=workspace projectMemoryScopeSource=default project memory scope resolved
2026-10-03T08:39:14.343Z [INFO] [DAEMON] removedKeys=npm_config_userconfig,npm_config_prefix,npm_config_node_gyp,npm_config_globalconfig,npm_config_init_module scrubbed inherited loader env vars from the daemon process; session subprocesses will not inherit them
qwen serve: daemon log → /tmp/qwen-server-suite-0hLpmm/runtime/debug/daemon/daemon.log
qwen serve: Web Shell UI served from /root/verify/pr11071-r4/head/packages/web-shell/dist
2026-10-03T08:39:14.344Z [INFO] [DAEMON] ideEnvPresent=false primary=/tmp/qwen-runqwen-trust-5I98pQ secondary= daemon workspace roots initialized
qwen serve listening on http://127.0.0.1:34409 (mode=http-bridge, workspace=/tmp/qwen-runqwen-trust-5I98pQ)
qwen serve: bound to workspace "/tmp/qwen-runqwen-trust-5I98pQ"
qwen serve: startup timing: processToListenMs=27747 runQwenServeToListenMs=6
qwen serve: trusted loopback mode; local callers have full API access without bearer authentication, including code execution as the daemon user. Use --require-auth with QWEN_SERVER_TOKEN on shared or untrusted hosts.
qwen serve: /acp WebSocket transport enabled on /acp
2026-10-03T08:39:14.350Z [INFO] [DAEMON] route=GET /file durationMs=1 status=200 request completed
2026-10-03T08:39:14.351Z [INFO] [DAEMON] daemon stopped
qwen serve: scrubbed inherited loader env vars from the daemon process; session subprocesses will not inherit them: npm_config_userconfig, npm_config_prefix, npm_config_node_gyp, npm_config_globalconfig, npm_config_init_module
2026-10-03T08:39:14.356Z [INFO] [DAEMON] projectMemoryScope=workspace projectMemoryScopeRaw=workspace projectMemoryScopeSource=default project memory scope resolved
2026-10-03T08:39:14.356Z [INFO] [DAEMON] removedKeys=npm_config_userconfig,npm_config_prefix,npm_config_node_gyp,npm_config_globalconfig,npm_config_init_module scrubbed inherited loader env vars from the daemon process; session subprocesses will not inherit them
qwen serve: daemon log → /tmp/qwen-server-suite-0hLpmm/runtime/debug/daemon/daemon.log
qwen serve: Web Shell UI served from /root/verify/pr11071-r4/head/packages/web-shell/dist
2026-10-03T08:39:14.356Z [INFO] [DAEMON] ideEnvPresent=false primary=/root/verify/pr11071-r4/head/packages/cli secondary= daemon workspace roots initialized
qwen serve listening on http://127.0.0.1:42019 (mode=http-bridge, workspace=/root/verify/pr11071-r4/head/packages/cli)
qwen serve: bound to workspace "/root/verify/pr11071-r4/head/packages/cli"
qwen serve: startup timing: processToListenMs=27759 runQwenServeToListenMs=7
qwen serve: trusted loopback mode; local callers have full API access without bearer authentication, including code execution as the daemon user. Use --require-auth with QWEN_SERVER_TOKEN on shared or untrusted hosts.
qwen serve: /acp WebSocket transport enabled on /acp
2026-10-03T08:39:14.361Z [INFO] [DAEMON] daemon stopped
qwen serve: scrubbed inherited loader env vars from the daemon process; session subprocesses will not inherit them: npm_config_userconfig, npm_config_prefix, npm_config_node_gyp, npm_config_globalconfig, npm_config_init_module
2026-10-03T08:39:14.366Z [INFO] [DAEMON] projectMemoryScope=workspace projectMemoryScopeRaw=workspace projectMemoryScopeSource=default project memory scope resolved
2026-10-03T08:39:14.366Z [INFO] [DAEMON] removedKeys=npm_config_userconfig,npm_config_prefix,npm_config_node_gyp,npm_config_globalconfig,npm_config_init_module scrubbed inherited loader env vars from the daemon process; session subprocesses will not inherit them
qwen serve: daemon log → /tmp/qwen-server-suite-0hLpmm/runtime/debug/daemon/daemon.log
qwen serve: Web Shell UI served from /root/verify/pr11071-r4/head/packages/web-shell/dist
2026-10-03T08:39:14.367Z [INFO] [DAEMON] ideEnvPresent=false primary=/root/verify/pr11071-r4/head/packages/cli secondary= daemon workspace roots initialized
qwen serve listening on http://127.0.0.1:39873 (mode=http-bridge, workspace=/root/verify/pr11071-r4/head/packages/cli)
qwen serve: bound to workspace "/root/verify/pr11071-r4/head/packages/cli"
qwen serve: startup timing: processToListenMs=27770 runQwenServeToListenMs=7
qwen serve: trusted loopback mode; local callers have full API access without bearer authentication, including code execution as the daemon user. Use --require-auth with QWEN_SERVER_TOKEN on shared or untrusted hosts.
qwen serve: /acp WebSocket transport enabled on /acp
2026-10-03T08:39:14.372Z [INFO] [DAEMON] daemon stopped
(node:1256935) PromiseRejectionHandledWarning: Promise rejection was handled asynchronously (rejection id: 51728)
(Use `node --trace-warnings ...` to show where the warning was created)
qwen serve: scrubbed inherited loader env vars from the daemon process; session subprocesses will not inherit them: npm_config_userconfig, npm_config_prefix, npm_config_node_gyp, npm_config_globalconfig, npm_config_init_module
2026-10-03T08:39:14.376Z [INFO] [DAEMON] projectMemoryScope=workspace projectMemoryScopeRaw=workspace projectMemoryScopeSource=default project memory scope resolved
2026-10-03T08:39:14.376Z [INFO] [DAEMON] removedKeys=npm_config_userconfig,npm_config_prefix,npm_config_node_gyp,npm_config_globalconfig,npm_config_init_module scrubbed inherited loader env vars from the daemon process; session subprocesses will not inherit them
qwen serve: daemon log → /tmp/qwen-server-suite-0hLpmm/runtime/debug/daemon/daemon.log
qwen serve: Web Shell UI served from /root/verify/pr11071-r4/head/packages/web-shell/dist
2026-10-03T08:39:14.376Z [INFO] [DAEMON] ideEnvPresent=false primary=/root/verify/pr11071-r4/head/packages/cli secondary= daemon workspace roots initialized
qwen serve listening on http://127.0.0.1:46747 (mode=http-bridge, workspace=/root/verify/pr11071-r4/head/packages/cli)
qwen serve: bound to workspace "/root/verify/pr11071-r4/head/packages/cli"
qwen serve: startup timing: processToListenMs=27779 runQwenServeToListenMs=7
qwen serve: trusted loopback mode; local callers have full API access without bearer authentication, including code execution as the daemon user. Use --require-auth with QWEN_SERVER_TOKEN on shared or untrusted hosts.
qwen serve: /acp WebSocket transport enabled on /acp
2026-10-03T08:39:14.381Z [INFO] [DAEMON] daemon stopped
qwen serve: scrubbed inherited loader env vars from the daemon process; session subprocesses will not inherit them: npm_config_userconfig, npm_config_prefix, npm_config_node_gyp, npm_config_globalconfig, npm_config_init_module
2026-10-03T08:39:14.386Z [INFO] [DAEMON] projectMemoryScope=workspace projectMemoryScopeRaw=workspace projectMemoryScopeSource=default project memory scope resolved
2026-10-03T08:39:14.386Z [INFO] [DAEMON] removedKeys=npm_config_userconfig,npm_config_prefix,npm_config_node_gyp,npm_config_globalconfig,npm_config_init_module scrubbed inherited loader env vars from the daemon process; session subprocesses will not inherit them
qwen serve: daemon log → /tmp/qwen-server-suite-0hLpmm/runtime/debug/daemon/daemon.log
qwen serve: Web Shell UI served from /root/verify/pr11071-r4/head/packages/web-shell/dist
2026-10-03T08:39:14.387Z [INFO] [DAEMON] ideEnvPresent=false primary=/root/verify/pr11071-r4/head/packages/cli secondary= daemon workspace roots initialized
qwen serve listening on http://127.0.0.1:45343 (mode=http-bridge, workspace=/root/verify/pr11071-r4/head/packages/cli)
qwen serve: bound to workspace "/root/verify/pr11071-r4/head/packages/cli"
qwen serve: startup timing: processToListenMs=27790 runQwenServeToListenMs=7
qwen serve: trusted loopback mode; local callers have full API access without bearer authentication, including code execution as the daemon user. Use --require-auth with QWEN_SERVER_TOKEN on shared or untrusted hosts.
qwen serve: /acp WebSocket transport enabled on /acp
2026-10-03T08:39:14.394Z [INFO] [DAEMON] sessionId=sess-A connectReason=unknown streamId=df5826a2-8240-4cc8-9796-48bb023d0646 SSE stream opened
2026-10-03T08:39:14.396Z [INFO] [DAEMON] daemon stopped
2026-10-03T08:39:14.397Z [INFO] [DAEMON] sessionId=sess-A backpressureCount=0 closeReason=client_disconnect connectReason=unknown durationMs=2.9765219999972032 eventFramesWriteSettled=2 lastEventIdWritten=2 maxDrainWaitMs=0 maxLivePublishToWriteSettledMs=0 slowWarningCount=0 streamId=df5826a2-8240-4cc8-9796-48bb023d0646 SSE stream closed
2026-10-03T08:39:14.450Z [INFO] [DAEMON] daemon stopped
qwen serve: scrubbed inherited loader env vars from the daemon process; session subprocesses will not inherit them: npm_config_userconfig, npm_config_prefix, npm_config_node_gyp, npm_config_globalconfig, npm_config_init_module
2026-10-03T08:39:14.456Z [INFO] [DAEMON] projectMemoryScope=workspace projectMemoryScopeRaw=workspace projectMemoryScopeSource=default project memory scope resolved
2026-10-03T08:39:14.456Z [INFO] [DAEMON] removedKeys=npm_config_userconfig,npm_config_prefix,npm_config_node_gyp,npm_config_globalconfig,npm_config_init_module scrubbed inherited loader env vars from the daemon process; session subprocesses will not inherit them
qwen serve: daemon log → /tmp/qws-channel-gap-XtsUyD/debug/daemon/daemon.log
2026-10-03T08:39:14.458Z [INFO] [DAEMON] ideEnvPresent=false primary=/tmp/qws-channel-gap-XtsUyD secondary= daemon workspace roots initialized
2026-10-03T08:39:14.465Z [WARN] [DAEMON] session-pr-refresh load failed: [vitest] There was an error when mocking a module. If you are using "vi.mock" factory, make sure there are no top level variables inside, since this call is hoisted to top of the file. Read more: https://vitest.dev/api/vi.html#vi-mock
qwen serve listening on https://127.0.0.1:35877 (mode=http-bridge, workspace=/tmp/qws-channel-gap-XtsUyD)
qwen serve: bound to workspace "/tmp/qws-channel-gap-XtsUyD"
qwen serve: startup timing: processToListenMs=27862 runQwenServeToListenMs=12
qwen serve: trusted loopback mode; local callers have full API access without bearer authentication, including code execution as the daemon user. Use --require-auth with QWEN_SERVER_TOKEN on shared or untrusted hosts.
qwen serve: /acp WebSocket transport enabled on /acp
(node:1256936) Warning: qwen: failed to merge NODE_EXTRA_CA_CERTS "/tmp/qws-no-such-ca-file.pem" with the daemon cert "/tmp/qws-channel-gap-XtsUyD/cert.pem": ENOENT: no such file or directory, stat '/tmp/qws-no-such-ca-file.pem'; channel workers will trust only the daemon cert
(Use `node --trace-warnings ...` to show where the warning was created)
2026-10-03T08:39:14.523Z [WARN] [DAEMON] NODE_EXTRA_CA_CERTS "/tmp/qws-no-such-ca-file.pem" could not be read by the daemon (ENOENT), so channel workers receive no CA from it — a root-owned or mode-600 file is the usual cause, and its contents are not the problem. Every worker handshake to the daemon will fail UNABLE_TO_VERIFY_LEAF_SIGNATURE unless the issuing CA is already in the workers' default trust store. Fix that file's permissions or path and restart.
2026-10-03T08:39:14.523Z [WARN] [DAEMON] --tls-cert "/tmp/qws-channel-gap-XtsUyD/cert.pem" is issued by another CA (CN=qwen wiring test root CA), not self-signed, and NODE_EXTRA_CA_CERTS "/tmp/qws-no-such-ca-file.pem" could not be read, so whatever it carries reached nobody, so nothing in the channel workers' bundle anchors their trust — every worker handshake to the daemon will fail UNABLE_TO_VERIFY_LEAF_SIGNATURE unless the issuing CA is already in the workers' default trust store. Make NODE_EXTRA_CA_CERTS readable by the daemon as described above and restart.
2026-10-03T08:39:14.524Z [INFO] [DAEMON] daemon stopped
qwen serve: scrubbed inherited loader env vars from the daemon process; session subprocesses will not inherit them: npm_config_userconfig, npm_config_prefix, npm_config_node_gyp, npm_config_globalconfig, npm_config_init_module
2026-10-03T08:39:14.530Z [INFO] [DAEMON] projectMemoryScope=workspace projectMemoryScopeRaw=workspace projectMemoryScopeSource=default project memory scope resolved
2026-10-03T08:39:14.530Z [INFO] [DAEMON] removedKeys=npm_config_userconfig,npm_config_prefix,npm_config_node_gyp,npm_config_globalconfig,npm_config_init_module scrubbed inherited loader env vars from the daemon process; session subprocesses will not inherit them
qwen serve: daemon log → /tmp/qws-run-serve-tests-3G3ZdQ/debug/daemon/daemon.log
2026-10-03T08:39:14.531Z [INFO] [DAEMON] ideEnvPresent=false primary=/tmp/qws-channel-webhook-GXlpaj secondary= daemon workspace roots initialized
2026-10-03T08:39:14.536Z [WARN] [DAEMON] session-pr-refresh load failed: [vitest] There was an error when mocking a module. If you are using "vi.mock" factory, make sure there are no top level variables inside, since this call is hoisted to top of the file. Read more: https://vitest.dev/api/vi.html#vi-mock
qwen serve listening on http://127.0.0.1:34319 (mode=http-bridge, workspace=/tmp/qws-channel-webhook-GXlpaj)
qwen serve: bound to workspace "/tmp/qws-channel-webhook-GXlpaj"
qwen serve: startup timing: processToListenMs=27932 runQwenServeToListenMs=8
qwen serve: trusted loopback mode; local callers have full API access without bearer authentication, including code execution as the daemon user. Use --require-auth with QWEN_SERVER_TOKEN on shared or untrusted hosts.
qwen serve: /acp WebSocket transport enabled on /acp
2026-10-03T08:39:14.537Z [INFO] [DAEMON] daemon stopped
qwen serve: scrubbed inherited loader env vars from the daemon process; session subprocesses will not inherit them: npm_config_userconfig, npm_config_prefix, npm_config_node_gyp, npm_config_globalconfig, npm_config_init_module
2026-10-03T08:39:14.544Z [INFO] [DAEMON] projectMemoryScope=workspace projectMemoryScopeRaw=workspace projectMemoryScopeSource=default project memory scope resolved
2026-10-03T08:39:14.544Z [INFO] [DAEMON] removedKeys=npm_config_userconfig,npm_config_prefix,npm_config_node_gyp,npm_config_globalconfig,npm_config_init_module scrubbed inherited loader env vars from the daemon process; session subprocesses will not inherit them
qwen serve: daemon log → /tmp/qws-run-serve-tests-3G3ZdQ/debug/daemon/daemon.log
2026-10-03T08:39:14.544Z [INFO] [DAEMON] ideEnvPresent=false primary=/tmp/qws-channel-webhook-disabled-QAfEww secondary= daemon workspace roots initialized
2026-10-03T08:39:14.551Z [WARN] [DAEMON] session-pr-refresh load failed: [vitest] There was an error when mocking a module. If you are using "vi.mock" factory, make sure there are no top level variables inside, since this call is hoisted to top of the file. Read more: https://vitest.dev/api/vi.html#vi-mock
qwen serve listening on http://127.0.0.1:43821 (mode=http-bridge, workspace=/tmp/qws-channel-webhook-disabled-QAfEww)
qwen serve: bound to workspace "/tmp/qws-channel-webhook-disabled-QAfEww"
qwen serve: startup timing: processToListenMs=27947 runQwenServeToListenMs=9
qwen serve: trusted loopback mode; local callers have full API access without bearer authentication, including code execution as the daemon user. Use --require-auth with QWEN_SERVER_TOKEN on shared or untrusted hosts.
qwen serve: /acp WebSocket transport enabled on /acp
2026-10-03T08:39:14.552Z [INFO] [DAEMON] daemon stopped
qwen serve: scrubbed inherited loader env vars from the daemon process; session subprocesses will not inherit them: npm_config_userconfig, npm_config_prefix, npm_config_node_gyp, npm_config_globalconfig, npm_config_init_module
2026-10-03T08:39:14.558Z [INFO] [DAEMON] channels=telegram workspaceCwd=/tmp/qws-channel-autostart-2i1toV restoring channels from workspace serve.channels
2026-10-03T08:39:14.558Z [INFO] [DAEMON] projectMemoryScope=workspace projectMemoryScopeRaw=workspace projectMemoryScopeSource=default project memory scope resolved
2026-10-03T08:39:14.558Z [INFO] [DAEMON] removedKeys=npm_config_userconfig,npm_config_prefix,npm_config_node_gyp,npm_config_globalconfig,npm_config_init_module scrubbed inherited loader env vars from the daemon process; session subprocesses will not inherit them
qwen serve: daemon log → /tmp/qws-run-serve-tests-3G3ZdQ/debug/daemon/daemon.log
2026-10-03T08:39:14.559Z [INFO] [DAEMON] ideEnvPresent=false primary=/tmp/qws-channel-autostart-2i1toV secondary= daemon workspace roots initialized
2026-10-03T08:39:14.564Z [WARN] [DAEMON] session-pr-refresh load failed: [vitest] There was an error when mocking a module. If you are using "vi.mock" factory, make sure there are no top level variables inside, since this call is hoisted to top of the file. Read more: https://vitest.dev/api/vi.html#vi-mock
qwen serve listening on http://127.0.0.1:33961 (mode=http-bridge, workspace=/tmp/qws-channel-autostart-2i1toV)
qwen serve: bound to workspace "/tmp/qws-channel-autostart-2i1toV"
qwen serve: startup timing: processToListenMs=27960 runQwenServeToListenMs=8
qwen serve: /acp WebSocket transport enabled on /acp
qwen serve: bridge iterator error (session sess-A): iterator failed
qwen serve: bridge iterator error (session sess-A): iterator failed after terminal event
(node:1256936) [DEP0040] DeprecationWarning: The `punycode` module is deprecated. Please use a userland alternative instead.
2026-10-03T08:39:14.753Z [INFO] [DAEMON] route=GET /workspace/channels durationMs=188 status=200 request completed
2026-10-03T08:39:14.754Z [INFO] [DAEMON] daemon stopped
qwen serve listening on http://127.0.0.1:39839 (mode=http-bridge, workspace=/tmp/qws-channel-all-startup-OIxCDn/primary)
qwen serve: scrubbed inherited loader env vars from the daemon process; session subprocesses will not inherit them: npm_config_userconfig, npm_config_prefix, npm_config_node_gyp, npm_config_globalconfig, npm_config_init_module
2026-10-03T08:39:14.785Z [INFO] [DAEMON] channels=telegram,discord requestedByWorkspace=discord@/tmp/qws-channel-multi-startup-RGh7Zq/secondary workspaceCwd=/tmp/qws-channel-multi-startup-RGh7Zq/primary restoring channels from workspace serve.channels
2026-10-03T08:39:14.785Z [INFO] [DAEMON] projectMemoryScope=workspace projectMemoryScopeRaw=workspace projectMemoryScopeSource=default project memory scope resolved
2026-10-03T08:39:14.785Z [INFO] [DAEMON] removedKeys=npm_config_userconfig,npm_config_prefix,npm_config_node_gyp,npm_config_globalconfig,npm_config_init_module scrubbed inherited loader env vars from the daemon process; session subprocesses will not inherit them
qwen serve: daemon log → /tmp/qws-channel-multi-startup-RGh7Zq/debug/daemon/daemon.log
2026-10-03T08:39:14.787Z [INFO] [DAEMON] channels=telegram workspace=/tmp/qws-channel-multi-startup-RGh7Zq/primary channel worker group assigned
2026-10-03T08:39:14.787Z [INFO] [DAEMON] channels=discord workspace=/tmp/qws-channel-multi-startup-RGh7Zq/secondary channel worker group assigned
qwen serve: bound to workspace "/tmp/qws-channel-multi-startup-RGh7Zq/primary"
qwen serve: startup timing: processToListenMs=28182 runQwenServeToListenMs=3
qwen serve listening on http://127.0.0.1:36397 (mode=http-bridge, workspace=/tmp/qws-channel-multi-startup-RGh7Zq/primary)
2026-10-03T08:39:14.788Z [INFO] [DAEMON] ideEnvPresent=false primary=/tmp/qws-channel-multi-startup-RGh7Zq/primary secondary= daemon workspace roots initialized
2026-10-03T08:39:14.793Z [WARN] [DAEMON] session-pr-refresh load failed: [vitest] There was an error when mocking a module. If you are using "vi.mock" factory, make sure there are no top level variables inside, since this call is hoisted to top of the file. Read more: https://vitest.dev/api/vi.html#vi-mock
qwen serve: /acp WebSocket transport enabled on /acp
2026-10-03T08:39:14.794Z [INFO] [DAEMON] channels=telegram workspace=/tmp/qws-channel-multi-startup-RGh7Zq/primary channel worker ready
2026-10-03T08:39:14.794Z [INFO] [DAEMON] channels=discord workspace=/tmp/qws-channel-multi-startup-RGh7Zq/secondary channel worker ready
2026-10-03T08:39:14.796Z [INFO] [DAEMON] daemon stopped
qwen serve: scrubbed inherited loader env vars from the daemon process; session subprocesses will not inherit them: npm_config_userconfig, npm_config_prefix, npm_config_node_gyp, npm_config_globalconfig, npm_config_init_module
2026-10-03T08:39:14.804Z [INFO] [DAEMON] channels=local workspaceCwd=/tmp/qws-ssh-channels-tixARG/primary restoring channels from workspace serve.channels
2026-10-03T08:39:14.804Z [INFO] [DAEMON] projectMemoryScope=workspace projectMemoryScopeRaw=workspace projectMemoryScopeSource=default project memory scope resolved
2026-10-03T08:39:14.804Z [INFO] [DAEMON] removedKeys=npm_config_userconfig,npm_config_prefix,npm_config_node_gyp,npm_config_globalconfig,npm_config_init_module scrubbed inherited loader env vars from the daemon process; session subprocesses will not inherit them
qwen serve: daemon log → /tmp/qws-ssh-channels-tixARG/debug/daemon/daemon.log
2026-10-03T08:39:14.806Z [INFO] [DAEMON] channels=local workspace=/tmp/qws-ssh-channels-tixARG/primary channel worker group assigned
qwen serve listening on http://127.0.0.1:33797 (mode=http-bridge, workspace=/tmp/qws-ssh-channels-tixARG/primary)
qwen serve: bound to workspace "/tmp/qws-ssh-channels-tixARG/primary"
qwen serve: startup timing: processToListenMs=28201 runQwenServeToListenMs=5
2026-10-03T08:39:14.807Z [INFO] [DAEMON] ideEnvPresent=false primary=/tmp/qws-ssh-channels-tixARG/primary secondary= daemon workspace roots initialized
2026-10-03T08:39:14.813Z [WARN] [DAEMON] session-pr-refresh load failed: [vitest] There was an error when mocking a module. If you are using "vi.mock" factory, make sure there are no top level variables inside, since this call is hoisted to top of the file. Read more: https://vitest.dev/api/vi.html#vi-mock
qwen serve: /acp WebSocket transport enabled on /acp
2026-10-03T08:39:14.813Z [INFO] [DAEMON] channels=local workspace=/tmp/qws-ssh-channels-tixARG/primary channel worker ready
2026-10-03T08:39:14.816Z [WARN] [DAEMON] route=PUT /workspace/channel durationMs=1 status=400 request completed
2026-10-03T08:39:14.817Z [INFO] [DAEMON] daemon stopped
qwen serve listening on http://127.0.0.1:43879 (mode=http-bridge, workspace=/tmp/qws-channel-partial-startup-G4n7CW/primary)
qwen serve: scrubbed inherited loader env vars from the daemon process; session subprocesses will not inherit them: npm_config_userconfig, npm_config_prefix, npm_config_node_gyp, npm_config_globalconfig, npm_config_init_module
2026-10-03T08:39:14.835Z [INFO] [DAEMON] projectMemoryScope=workspace projectMemoryScopeRaw=workspace projectMemoryScopeSource=default project memory scope resolved
2026-10-03T08:39:14.835Z [INFO] [DAEMON] removedKeys=npm_config_userconfig,npm_config_prefix,npm_config_node_gyp,npm_config_globalconfig,npm_config_init_module scrubbed inherited loader env vars from the daemon process; session subprocesses will not inherit them
qwen serve: daemon log → /tmp/qwen-server-suite-0hLpmm/runtime/debug/daemon/daemon.log
qwen serve: Web Shell UI served from /root/verify/pr11071-r4/head/packages/web-shell/dist
2026-10-03T08:39:14.836Z [INFO] [DAEMON] ideEnvPresent=false primary=/root/verify/pr11071-r4/head/packages/cli secondary= daemon workspace roots initialized
qwen serve listening on http://127.0.0.1:36885 (mode=http-bridge, workspace=/root/verify/pr11071-r4/head/packages/cli)
qwen serve: bound to workspace "/root/verify/pr11071-r4/head/packages/cli"
qwen serve: startup timing: processToListenMs=28240 runQwenServeToListenMs=8
qwen serve: trusted loopback mode; local callers have full API access without bearer authentication, including code execution as the daemon user. Use --require-auth with QWEN_SERVER_TOKEN on shared or untrusted hosts.
qwen serve: /acp WebSocket transport enabled on /acp
qwen serve: scrubbed inherited loader env vars from the daemon process; session subprocesses will not inherit them: npm_config_userconfig, npm_config_prefix, npm_config_node_gyp, npm_config_globalconfig, npm_config_init_module
2026-10-03T08:39:14.843Z [INFO] [DAEMON] sessionId=subagent.cGFyZW50LTE.YWdlbnQtMQ connectReason=unknown lastEventId=7 streamId=d1c998c2-84b1-4d9d-99c8-aaedb901d907 SSE stream opened
2026-10-03T08:39:14.844Z [WARN] [DAEMON] channel=telegram code=claimed_by_multiple_workspaces workspaceCwd=/tmp/qws-channel-boot-start-fanout-ssfJA5/primary Channel "telegram" is listed in the serve.channels of several workspaces (/tmp/qws-channel-boot-start-fanout-ssfJA5/primary, /tmp/qws-channel-boot-start-fanout-ssfJA5/other); its owner is resolved from the channel config alone.
2026-10-03T08:39:14.844Z [INFO] [DAEMON] channels=telegram workspaceCwd=/tmp/qws-channel-boot-start-fanout-ssfJA5/primary restoring channels from workspace serve.channels
2026-10-03T08:39:14.844Z [INFO] [DAEMON] projectMemoryScope=workspace projectMemoryScopeRaw=workspace projectMemoryScopeSource=default project memory scope resolved
2026-10-03T08:39:14.844Z [INFO] [DAEMON] removedKeys=npm_config_userconfig,npm_config_prefix,npm_config_node_gyp,npm_config_globalconfig,npm_config_init_module scrubbed inherited loader env vars from the daemon process; session subprocesses will not inherit them
qwen serve: daemon log → /tmp/qws-channel-boot-start-fanout-ssfJA5/debug/daemon/daemon.log
2026-10-03T08:39:14.845Z [INFO] [DAEMON] daemon stopped
2026-10-03T08:39:14.846Z [INFO] [DAEMON] sessionId=subagent.cGFyZW50LTE.YWdlbnQtMQ backpressureCount=0 closeReason=client_disconnect connectReason=unknown durationMs=2.2036210000005667 eventFramesWriteSettled=1 lastEventIdWritten=1 maxDrainWaitMs=0 maxLivePublishToWriteSettledMs=0 slowWarningCount=0 streamId=d1c998c2-84b1-4d9d-99c8-aaedb901d907 SSE stream closed
2026-10-03T08:39:14.846Z [INFO] [DAEMON] channels=telegram workspace=/tmp/qws-channel-boot-start-fanout-ssfJA5/primary channel worker group assigned
qwen serve listening on http://127.0.0.1:38115 (mode=http-bridge, workspace=/tmp/qws-channel-boot-start-fanout-ssfJA5/primary)
qwen serve: bound to workspace "/tmp/qws-channel-boot-start-fanout-ssfJA5/primary"
qwen serve: startup timing: processToListenMs=28241 runQwenServeToListenMs=2
2026-10-03T08:39:14.847Z [INFO] [DAEMON] ideEnvPresent=false primary=/tmp/qws-channel-boot-start-fanout-ssfJA5/primary secondary= daemon workspace roots initialized
qwen serve: scrubbed inherited loader env vars from the daemon process; session subprocesses will not inherit them: npm_config_userconfig, npm_config_prefix, npm_config_node_gyp, npm_config_globalconfig, npm_config_init_module
2026-10-03T08:39:14.849Z [INFO] [DAEMON] projectMemoryScope=workspace projectMemoryScopeRaw=workspace projectMemoryScopeSource=default project memory scope resolved
2026-10-03T08:39:14.849Z [INFO] [DAEMON] removedKeys=npm_config_userconfig,npm_config_prefix,npm_config_node_gyp,npm_config_globalconfig,npm_config_init_module scrubbed inherited loader env vars from the daemon process; session subprocesses will not inherit them
qwen serve: daemon log → /tmp/qwen-server-suite-0hLpmm/runtime/debug/daemon/daemon.log
qwen serve: Web Shell UI served from /root/verify/pr11071-r4/head/packages/web-shell/dist
2026-10-03T08:39:14.850Z [INFO] [DAEMON] ideEnvPresent=false primary=/root/verify/pr11071-r4/head/packages/cli secondary= daemon workspace roots initialized
2026-10-03T08:39:14.853Z [WARN] [DAEMON] session-pr-refresh load failed: [vitest] There was an error when mocking a module. If you are using "vi.mock" factory, make sure there are no top level variables inside, since this call is hoisted to top of the file. Read more: https://vitest.dev/api/vi.html#vi-mock
qwen serve: /acp WebSocket transport enabled on /acp
qwen serve: workspace serve.channels was not restored: telegram gateway is down. Continuing without channels.
qwen serve listening on http://127.0.0.1:36689 (mode=http-bridge, workspace=/root/verify/pr11071-r4/head/packages/cli)
2026-10-03T08:39:14.854Z [WARN] [DAEMON] workspace serve.channels was not restored: telegram gateway is down. Continuing without channels
qwen serve: bound to workspace "/root/verify/pr11071-r4/head/packages/cli"
qwen serve: startup timing: processToListenMs=28253 runQwenServeToListenMs=8
qwen serve: trusted loopback mode; local callers have full API access without bearer authentication, including code execution as the daemon user. Use --require-auth with QWEN_SERVER_TOKEN on shared or untrusted hosts.
qwen serve: /acp WebSocket transport enabled on /acp
2026-10-03T08:39:14.856Z [INFO] [DAEMON] route=GET /daemon/status durationMs=1 status=200 request completed
2026-10-03T08:39:14.857Z [INFO] [DAEMON] daemon stopped
2026-10-03T08:39:14.859Z [INFO] [DAEMON] sessionId=subagent.cGFyZW50LTE.YWdlbnQtMQ connectReason=unknown streamId=9e77cd5c-fe80-4bab-901a-15a6df8072ec SSE stream opened
2026-10-03T08:39:14.861Z [INFO] [DAEMON] daemon stopped
2026-10-03T08:39:14.861Z [INFO] [DAEMON] sessionId=subagent.cGFyZW50LTE.YWdlbnQtMQ backpressureCount=0 closeReason=client_disconnect connectReason=unknown durationMs=1.8422109999992244 eventFramesWriteSettled=1 lastEventIdWritten=1 maxDrainWaitMs=0 maxLivePublishToWriteSettledMs=0 slowWarningCount=0 streamId=9e77cd5c-fe80-4bab-901a-15a6df8072ec SSE stream closed
qwen serve: scrubbed inherited loader env vars from the daemon process; session subprocesses will not inherit them: npm_config_userconfig, npm_config_prefix, npm_config_node_gyp, npm_config_globalconfig, npm_config_init_module
qwen serve: scrubbed inherited loader env vars from the daemon process; session subprocesses will not inherit them: npm_config_userconfig, npm_config_prefix, npm_config_node_gyp, npm_config_globalconfig, npm_config_init_module
2026-10-03T08:39:14.864Z [INFO] [DAEMON] projectMemoryScope=workspace projectMemoryScopeRaw=workspace projectMemoryScopeSource=default project memory scope resolved
2026-10-03T08:39:14.864Z [INFO] [DAEMON] removedKeys=npm_config_userconfig,npm_config_prefix,npm_config_node_gyp,npm_config_globalconfig,npm_config_init_module scrubbed inherited loader env vars from the daemon process; session subprocesses will not inherit them
qwen serve: daemon log → /tmp/qwen-server-suite-0hLpmm/runtime/debug/daemon/daemon.log
qwen serve: Web Shell UI served from /root/verify/pr11071-r4/head/packages/web-shell/dist
2026-10-03T08:39:14.865Z [INFO] [DAEMON] ideEnvPresent=false primary=/root/verify/pr11071-r4/head/packages/cli secondary= daemon workspace roots initialized
2026-10-03T08:39:14.866Z [WARN] [DAEMON] channel=ghost code=claimed_by_multiple_workspaces workspaceCwd=/tmp/qws-channel-boot-fanout-dkwbl4/first Channel "ghost" is listed in the serve.channels of several workspaces (/tmp/qws-channel-boot-fanout-dkwbl4/first, /tmp/qws-channel-boot-fanout-dkwbl4/second); its owner is resolved from the channel config alone.
2026-10-03T08:39:14.866Z [INFO] [DAEMON] channels=telegram,ghost workspaceCwd=/tmp/qws-channel-boot-fanout-dkwbl4/primary restoring channels from workspace serve.channels
2026-10-03T08:39:14.866Z [INFO] [DAEMON] projectMemoryScope=workspace projectMemoryScopeRaw=workspace projectMemoryScopeSource=default project memory scope resolved
2026-10-03T08:39:14.866Z [INFO] [DAEMON] removedKeys=npm_config_userconfig,npm_config_prefix,npm_config_node_gyp,npm_config_globalconfig,npm_config_init_module scrubbed inherited loader env vars from the daemon process; session subprocesses will not inherit them
qwen serve: daemon log → /tmp/qws-channel-boot-fanout-dkwbl4/debug/daemon/daemon.log
qwen serve: channel "ghost" was not restored: Channel "ghost" is not configured in any registered workspace, or its "cwd" points outside them.
2026-10-03T08:39:14.868Z [WARN] [DAEMON] channel=ghost code=channel_workspace_mismatch channel was not restored: Channel "ghost" is not configured in any registered workspace, or its "cwd" points outside them.
2026-10-03T08:39:14.868Z [INFO] [DAEMON] channels=telegram workspace=/tmp/qws-channel-boot-fanout-dkwbl4/primary channel worker group assigned
qwen serve listening on http://127.0.0.1:37139 (mode=http-bridge, workspace=/tmp/qws-channel-boot-fanout-dkwbl4/primary)
qwen serve: bound to workspace "/tmp/qws-channel-boot-fanout-dkwbl4/primary"
qwen serve: startup timing: processToListenMs=28262 runQwenServeToListenMs=4
2026-10-03T08:39:14.868Z [INFO] [DAEMON] deferred runtime: scheduling fallback start in 1000ms
2026-10-03T08:39:14.869Z [INFO] [DAEMON] deferred runtime: cancelled, server closed before startup
qwen serve listening on http://127.0.0.1:37009 (mode=http-bridge, workspace=/root/verify/pr11071-r4/head/packages/cli)
qwen serve: bound to workspace "/root/verify/pr11071-r4/head/packages/cli"
qwen serve: startup timing: processToListenMs=28268 runQwenServeToListenMs=7
qwen serve: trusted loopback mode; local callers have full API access without bearer authentication, including code execution as the daemon user. Use --require-auth with QWEN_SERVER_TOKEN on shared or untrusted hosts.
2026-10-03T08:39:14.870Z [INFO] [DAEMON] daemon stopped
qwen serve: /acp WebSocket transport enabled on /acp
2026-10-03T08:39:14.871Z [INFO] [DAEMON] sessionId=sess-A connectReason=unknown streamId=37540cde-e3a2-44b3-b2a7-c9a8556da1a3 SSE stream opened
2026-10-03T08:39:14.872Z [INFO] [DAEMON] daemon stopped
2026-10-03T08:39:14.872Z [INFO] [DAEMON] sessionId=sess-A backpressureCount=0 closeReason=client_disconnect connectReason=unknown durationMs=1.7344770000017888 eventFramesWriteSettled=1 lastEventIdWritten=1 maxDrainWaitMs=0 maxLivePublishToWriteSettledMs=0 slowWarningCount=0 streamId=37540cde-e3a2-44b3-b2a7-c9a8556da1a3 SSE stream closed
qwen serve: scrubbed inherited loader env vars from the daemon process; session subprocesses will not inherit them: npm_config_userconfig, npm_config_prefix, npm_config_node_gyp, npm_config_globalconfig, npm_config_init_module
qwen serve: scrubbed inherited loader env vars from the daemon process; session subprocesses will not inherit them: npm_config_userconfig, npm_config_prefix, npm_config_node_gyp, npm_config_globalconfig, npm_config_init_module
2026-10-03T08:39:14.875Z [INFO] [DAEMON] projectMemoryScope=workspace projectMemoryScopeRaw=workspace projectMemoryScopeSource=default project memory scope resolved
2026-10-03T08:39:14.875Z [INFO] [DAEMON] removedKeys=npm_config_userconfig,npm_config_prefix,npm_config_node_gyp,npm_config_globalconfig,npm_config_init_module scrubbed inherited loader env vars from the daemon process; session subprocesses will not inherit them
qwen serve: daemon log → /tmp/qwen-server-suite-0hLpmm/runtime/debug/daemon/daemon.log
qwen serve: Web Shell UI served from /root/verify/pr11071-r4/head/packages/web-shell/dist
2026-10-03T08:39:14.875Z [INFO] [DAEMON] channels=feishu requestedByWorkspace=feishu@/tmp/qws-channel-shared-startup-kDxdf5/secondary workspaceCwd=/tmp/qws-channel-shared-startup-kDxdf5/primary restoring channels from workspace serve.channels
2026-10-03T08:39:14.875Z [INFO] [DAEMON] projectMemoryScope=workspace projectMemoryScopeRaw=workspace projectMemoryScopeSource=default project memory scope resolved
2026-10-03T08:39:14.875Z [INFO] [DAEMON] removedKeys=npm_config_userconfig,npm_config_prefix,npm_config_node_gyp,npm_config_globalconfig,npm_config_init_module scrubbed inherited loader env vars from the daemon process; session subprocesses will not inherit them
qwen serve: daemon log → /tmp/qws-channel-shared-startup-kDxdf5/debug/daemon/daemon.log
2026-10-03T08:39:14.876Z [INFO] [DAEMON] ideEnvPresent=false primary=/root/verify/pr11071-r4/head/packages/cli secondary= daemon workspace roots initialized
2026-10-03T08:39:14.876Z [INFO] [DAEMON] channels=feishu workspace=/tmp/qws-channel-shared-startup-kDxdf5/secondary channel worker group assigned
qwen serve: bound to workspace "/tmp/qws-channel-shared-startup-kDxdf5/primary"
qwen serve: startup timing: processToListenMs=28272 runQwenServeToListenMs=2
qwen serve listening on http://127.0.0.1:45433 (mode=http-bridge, workspace=/tmp/qws-channel-shared-startup-kDxdf5/primary)
2026-10-03T08:39:14.877Z [INFO] [DAEMON] ideEnvPresent=false primary=/tmp/qws-channel-shared-startup-kDxdf5/primary secondary= daemon workspace roots initialized
qwen serve listening on http://127.0.0.1:35023 (mode=http-bridge, workspace=/root/verify/pr11071-r4/head/packages/cli)
qwen serve: bound to workspace "/root/verify/pr11071-r4/head/packages/cli"
qwen serve: startup timing: processToListenMs=28279 runQwenServeToListenMs=7
qwen serve: trusted loopback mode; local callers have full API access without bearer authentication, including code execution as the daemon user. Use --require-auth with QWEN_SERVER_TOKEN on shared or untrusted hosts.
qwen serve: /acp WebSocket transport enabled on /acp
2026-10-03T08:39:14.881Z [WARN] [DAEMON] session-pr-refresh load failed: [vitest] There was an error when mocking a module. If you are using "vi.mock" factory, make sure there are no top level variables inside, since this call is hoisted to top of the file. Read more: https://vitest.dev/api/vi.html#vi-mock
qwen serve: /acp WebSocket transport enabled on /acp
2026-10-03T08:39:14.882Z [INFO] [DAEMON] channels=feishu workspace=/tmp/qws-channel-shared-startup-kDxdf5/secondary channel worker ready
2026-10-03T08:39:14.883Z [INFO] [DAEMON] daemon stopped
2026-10-03T08:39:14.885Z [INFO] [DAEMON] sessionId=sess-A connectReason=unknown streamId=430a39a2-4880-49bc-800e-379691bc8b80 SSE stream opened
2026-10-03T08:39:14.886Z [INFO] [DAEMON] daemon stopped
qwen serve: scrubbed inherited loader env vars from the daemon process; session subprocesses will not inherit them: npm_config_userconfig, npm_config_prefix, npm_config_node_gyp, npm_config_globalconfig, npm_config_init_module
2026-10-03T08:39:14.887Z [INFO] [DAEMON] sessionId=sess-A backpressureCount=0 closeReason=client_disconnect connectReason=unknown durationMs=1.5596469999982219 eventFramesWriteSettled=1 lastEventIdWritten=1 maxDrainWaitMs=0 maxLivePublishToWriteSettledMs=0 slowWarningCount=0 streamId=430a39a2-4880-49bc-800e-379691bc8b80 SSE stream closed
qwen serve: scrubbed inherited loader env vars from the daemon process; session subprocesses will not inherit them: npm_config_userconfig, npm_config_prefix, npm_config_node_gyp, npm_config_globalconfig, npm_config_init_module
2026-10-03T08:39:14.888Z [INFO] [DAEMON] channels=feishu requestedByWorkspace=feishu@/tmp/qws-channel-shared-retoggle-8PFKrF/secondary workspaceCwd=/tmp/qws-channel-shared-retoggle-8PFKrF/primary restoring channels from workspace serve.channels
2026-10-03T08:39:14.888Z [INFO] [DAEMON] projectMemoryScope=workspace projectMemoryScopeRaw=workspace projectMemoryScopeSource=default project memory scope resolved
2026-10-03T08:39:14.888Z [INFO] [DAEMON] removedKeys=npm_config_userconfig,npm_config_prefix,npm_config_node_gyp,npm_config_globalconfig,npm_config_init_module scrubbed inherited loader env vars from the daemon process; session subprocesses will not inherit them
qwen serve: daemon log → /tmp/qws-channel-shared-retoggle-8PFKrF/debug/daemon/daemon.log
2026-10-03T08:39:14.889Z [INFO] [DAEMON] channels=feishu workspace=/tmp/qws-channel-shared-retoggle-8PFKrF/secondary channel worker group assigned
qwen serve: bound to workspace "/tmp/qws-channel-shared-retoggle-8PFKrF/primary"
qwen serve: startup timing: processToListenMs=28285 runQwenServeToListenMs=2
qwen serve listening on http://127.0.0.1:43387 (mode=http-bridge, workspace=/tmp/qws-channel-shared-retoggle-8PFKrF/primary)
2026-10-03T08:39:14.889Z [INFO] [DAEMON] projectMemoryScope=workspace projectMemoryScopeRaw=workspace projectMemoryScopeSource=default project memory scope resolved
2026-10-03T08:39:14.889Z [INFO] [DAEMON] removedKeys=npm_config_userconfig,npm_config_prefix,npm_config_node_gyp,npm_config_globalconfig,npm_config_init_module scrubbed inherited loader env vars from the daemon process; session subprocesses will not inherit them
qwen serve: daemon log → /tmp/qwen-server-suite-0hLpmm/runtime/debug/daemon/daemon.log
qwen serve: Web Shell UI served from /root/verify/pr11071-r4/head/packages/web-shell/dist
2026-10-03T08:39:14.890Z [INFO] [DAEMON] ideEnvPresent=false primary=/tmp/qws-channel-shared-retoggle-8PFKrF/primary secondary= daemon workspace roots initialized
2026-10-03T08:39:14.891Z [INFO] [DAEMON] ideEnvPresent=false primary=/root/verify/pr11071-r4/head/packages/cli secondary= daemon workspace roots initialized
qwen serve listening on http://127.0.0.1:34035 (mode=http-bridge, workspace=/root/verify/pr11071-r4/head/packages/cli)
qwen serve: bound to workspace "/root/verify/pr11071-r4/head/packages/cli"
qwen serve: startup timing: processToListenMs=28294 runQwenServeToListenMs=7
qwen serve: trusted loopback mode; local callers have full API access without bearer authentication, including code execution as the daemon user. Use --require-auth with QWEN_SERVER_TOKEN on shared or untrusted hosts.
qwen serve: /acp WebSocket transport enabled on /acp
2026-10-03T08:39:14.896Z [INFO] [DAEMON] sessionId=sess-A connectReason=unknown streamId=3c179d57-256e-4bb2-a2f4-d72280709e46 SSE stream opened
2026-10-03T08:39:14.896Z [WARN] [DAEMON] session-pr-refresh load failed: [vitest] There was an error when mocking a module. If you are using "vi.mock" factory, make sure there are no top level variables inside, since this call is hoisted to top of the file. Read more: https://vitest.dev/api/vi.html#vi-mock
qwen serve: /acp WebSocket transport enabled on /acp
2026-10-03T08:39:14.897Z [INFO] [DAEMON] channels=feishu workspace=/tmp/qws-channel-shared-retoggle-8PFKrF/secondary channel worker ready
2026-10-03T08:39:14.897Z [INFO] [DAEMON] daemon stopped
2026-10-03T08:39:14.898Z [INFO] [DAEMON] sessionId=sess-A backpressureCount=0 closeReason=client_disconnect connectReason=unknown durationMs=1.5344369999984337 eventFramesWriteSettled=1 lastEventIdWritten=1 maxDrainWaitMs=0 maxLivePublishToWriteSettledMs=1789782187006 slowWarningCount=0 streamId=3c179d57-256e-4bb2-a2f4-d72280709e46 SSE stream closed
2026-10-03T08:39:14.898Z [INFO] [DAEMON] route=DELETE /workspace/channel durationMs=1 status=200 request completed
qwen serve: scrubbed inherited loader env vars from the daemon process; session subprocesses will not inherit them: npm_config_userconfig, npm_config_prefix, npm_config_node_gyp, npm_config_globalconfig, npm_config_init_module
2026-10-03T08:39:14.900Z [INFO] [DAEMON] channels=feishu workspace=/tmp/qws-channel-shared-retoggle-8PFKrF/secondary channel worker ready
2026-10-03T08:39:14.900Z [INFO] [DAEMON] route=PUT /workspace/channel durationMs=1 status=201 request completed
2026-10-03T08:39:14.900Z [INFO] [DAEMON] projectMemoryScope=workspace projectMemoryScopeRaw=workspace projectMemoryScopeSource=default project memory scope resolved
2026-10-03T08:39:14.900Z [INFO] [DAEMON] removedKeys=npm_config_userconfig,npm_config_prefix,npm_config_node_gyp,npm_config_globalconfig,npm_config_init_module scrubbed inherited loader env vars from the daemon process; session subprocesses will not inherit them
qwen serve: daemon log → /tmp/qwen-server-suite-0hLpmm/runtime/debug/daemon/daemon.log
qwen serve: Web Shell UI served from /root/verify/pr11071-r4/head/packages/web-shell/dist
2026-10-03T08:39:14.901Z [INFO] [DAEMON] daemon stopped
2026-10-03T08:39:14.902Z [INFO] [DAEMON] ideEnvPresent=false primary=/root/verify/pr11071-r4/head/packages/cli secondary= daemon workspace roots initialized
qwen serve listening on http://127.0.0.1:43343 (mode=http-bridge, workspace=/root/verify/pr11071-r4/head/packages/cli)
qwen serve: bound to workspace "/root/verify/pr11071-r4/head/packages/cli"
qwen serve: startup timing: processToListenMs=28305 runQwenServeToListenMs=8
qwen serve: trusted loopback mode; local callers have full API access without bearer authentication, including code execution as the daemon user. Use --require-auth with QWEN_SERVER_TOKEN on shared or untrusted hosts.
qwen serve: /acp WebSocket transport enabled on /acp
qwen serve listening on http://127.0.0.1:43295 (mode=http-bridge, workspace=/tmp/qws-channel-shared-listing-mZwzgC/primary)
2026-10-03T08:39:14.911Z [INFO] [DAEMON] sessionId=sess-A connectReason=unknown lastEventId=17 streamId=e23211d1-73ba-489c-a293-64dc49ddc7ce SSE stream opened
2026-10-03T08:39:14.912Z [INFO] [DAEMON] daemon stopped
2026-10-03T08:39:14.913Z [INFO] [DAEMON] sessionId=sess-A backpressureCount=0 closeReason=client_disconnect connectReason=unknown durationMs=1.5866229999992356 eventFramesWriteSettled=1 lastEventIdWritten=42 maxDrainWaitMs=0 maxLivePublishToWriteSettledMs=0 slowWarningCount=0 streamId=e23211d1-73ba-489c-a293-64dc49ddc7ce SSE stream closed
qwen serve: scrubbed inherited loader env vars from the daemon process; session subprocesses will not inherit them: npm_config_userconfig, npm_config_prefix, npm_config_node_gyp, npm_config_globalconfig, npm_config_init_module
2026-10-03T08:39:14.915Z [INFO] [DAEMON] projectMemoryScope=workspace projectMemoryScopeRaw=workspace projectMemoryScopeSource=default project memory scope resolved
2026-10-03T08:39:14.915Z [INFO] [DAEMON] removedKeys=npm_config_userconfig,npm_config_prefix,npm_config_node_gyp,npm_config_globalconfig,npm_config_init_module scrubbed inherited loader env vars from the daemon process; session subprocesses will not inherit them
qwen serve: daemon log → /tmp/qwen-server-suite-0hLpmm/runtime/debug/daemon/daemon.log
qwen serve: Web Shell UI served from /root/verify/pr11071-r4/head/packages/web-shell/dist
2026-10-03T08:39:14.916Z [INFO] [DAEMON] ideEnvPresent=false primary=/root/verify/pr11071-r4/head/packages/cli secondary= daemon workspace roots initialized
qwen serve listening on http://127.0.0.1:36553 (mode=http-bridge, workspace=/root/verify/pr11071-r4/head/packages/cli)
qwen serve: bound to workspace "/root/verify/pr11071-r4/head/packages/cli"
qwen serve: startup timing: processToListenMs=28319 runQwenServeToListenMs=7
qwen serve: trusted loopback mode; local callers have full API access without bearer authentication, including code execution as the daemon user. Use --require-auth with QWEN_SERVER_TOKEN on shared or untrusted hosts.
qwen serve: /acp WebSocket transport enabled on /acp
qwen serve: scrubbed inherited loader env vars from the daemon process; session subprocesses will not inherit them: npm_config_userconfig, npm_config_prefix, npm_config_node_gyp, npm_config_globalconfig, npm_config_init_module
2026-10-03T08:39:14.922Z [INFO] [DAEMON] sessionId=sess-A connectReason=unknown lastEventId=17 streamId=f28a79ab-6ff3-4623-8b12-ffa322d1850a SSE stream opened
2026-10-03T08:39:14.923Z [INFO] [DAEMON] daemon stopped
2026-10-03T08:39:14.924Z [INFO] [DAEMON] sessionId=sess-A backpressureCount=0 closeReason=client_disconnect connectReason=unknown durationMs=1.5743509999992966 eventFramesWriteSettled=1 lastEventIdWritten=1 maxDrainWaitMs=0 maxLivePublishToWriteSettledMs=0 slowWarningCount=0 streamId=f28a79ab-6ff3-4623-8b12-ffa322d1850a SSE stream closed
2026-10-03T08:39:14.924Z [INFO] [DAEMON] projectMemoryScope=workspace projectMemoryScopeRaw=workspace projectMemoryScopeSource=default project memory scope resolved
2026-10-03T08:39:14.924Z [INFO] [DAEMON] removedKeys=npm_config_userconfig,npm_config_prefix,npm_config_node_gyp,npm_config_globalconfig,npm_config_init_module scrubbed inherited loader env vars from the daemon process; session subprocesses will not inherit them
qwen serve: daemon log → /tmp/qws-channel-late-register-3UGotY/debug/daemon/daemon.log
qwen serve listening on http://127.0.0.1:32957 (mode=http-bridge, workspace=/tmp/qws-channel-late-register-3UGotY/primary)
qwen serve: bound to workspace "/tmp/qws-channel-late-register-3UGotY/primary"
qwen serve: startup timing: processToListenMs=28321 runQwenServeToListenMs=4
qwen serve: scrubbed inherited loader env vars from the daemon process; session subprocesses will not inherit them: npm_config_userconfig, npm_config_prefix, npm_config_node_gyp, npm_config_globalconfig, npm_config_init_module
2026-10-03T08:39:14.925Z [INFO] [DAEMON] ideEnvPresent=false primary=/tmp/qws-channel-late-register-3UGotY/primary secondary= daemon workspace roots initialized
2026-10-03T08:39:14.926Z [INFO] [DAEMON] projectMemoryScope=workspace projectMemoryScopeRaw=workspace projectMemoryScopeSource=default project memory scope resolved
2026-10-03T08:39:14.926Z [INFO] [DAEMON] removedKeys=npm_config_userconfig,npm_config_prefix,npm_config_node_gyp,npm_config_globalconfig,npm_config_init_module scrubbed inherited loader env vars from the daemon process; session subprocesses will not inherit them
qwen serve: daemon log → /tmp/qwen-server-suite-0hLpmm/runtime/debug/daemon/daemon.log
qwen serve: Web Shell UI served from /root/verify/pr11071-r4/head/packages/web-shell/dist
2026-10-03T08:39:14.927Z [INFO] [DAEMON] ideEnvPresent=false primary=/root/verify/pr11071-r4/head/packages/cli secondary= daemon workspace roots initialized
2026-10-03T08:39:14.930Z [WARN] [DAEMON] session-pr-refresh load failed: [vitest] There was an error when mocking a module. If you are using "vi.mock" factory, make sure there are no top level variables inside, since this call is hoisted to top of the file. Read more: https://vitest.dev/api/vi.html#vi-mock
qwen serve: /acp WebSocket transport enabled on /acp
qwen serve listening on http://127.0.0.1:43189 (mode=http-bridge, workspace=/root/verify/pr11071-r4/head/packages/cli)
qwen serve: bound to workspace "/root/verify/pr11071-r4/head/packages/cli"
qwen serve: startup timing: processToListenMs=28330 runQwenServeToListenMs=7
qwen serve: trusted loopback mode; local callers have full API access without bearer authentication, including code execution as the daemon user. Use --require-auth with QWEN_SERVER_TOKEN on shared or untrusted hosts.
qwen serve: /acp WebSocket transport enabled on /acp
2026-10-03T08:39:14.933Z [INFO] [DAEMON] channels=feishu workspaceCwd=/tmp/qws-channel-late-register-3UGotY/secondary restoring serve.channels for a workspace registered after boot
2026-10-03T08:39:14.934Z [INFO] [DAEMON] route=POST /workspaces durationMs=4 status=201 request completed
2026-10-03T08:39:14.935Z [INFO] [DAEMON] daemon stopped
qwen serve: rejected X-Qwen-Event-Epoch not a valid token! (expected [A-Za-z0-9_-]{1,64})
2026-10-03T08:39:14.936Z [INFO] [DAEMON] sessionId=sess-A connectReason=unknown lastEventId=17 streamId=664020e2-1aae-49c1-bbcc-34652be96157 SSE stream opened
2026-10-03T08:39:14.937Z [INFO] [DAEMON] daemon stopped
2026-10-03T08:39:14.938Z [INFO] [DAEMON] sessionId=sess-A backpressureCount=0 closeReason=client_disconnect connectReason=unknown durationMs=1.603941000001214 eventFramesWriteSettled=1 lastEventIdWritten=1 maxDrainWaitMs=0 maxLivePublishToWriteSettledMs=0 slowWarningCount=0 streamId=664020e2-1aae-49c1-bbcc-34652be96157 SSE stream closed
qwen serve: scrubbed inherited loader env vars from the daemon process; session subprocesses will not inherit them: npm_config_userconfig, npm_config_prefix, npm_config_node_gyp, npm_config_globalconfig, npm_config_init_module
qwen serve: scrubbed inherited loader env vars from the daemon process; session subprocesses will not inherit them: npm_config_userconfig, npm_config_prefix, npm_config_node_gyp, npm_config_globalconfig, npm_config_init_module
2026-10-03T08:39:14.940Z [INFO] [DAEMON] projectMemoryScope=workspace projectMemoryScopeRaw=workspace projectMemoryScopeSource=default project memory scope resolved
2026-10-03T08:39:14.940Z [INFO] [DAEMON] removedKeys=npm_config_userconfig,npm_config_prefix,npm_config_node_gyp,npm_config_globalconfig,npm_config_init_module scrubbed inherited loader env vars from the daemon process; session subprocesses will not inherit them
qwen serve: daemon log → /tmp/qwen-server-suite-0hLpmm/runtime/debug/daemon/daemon.log
2026-10-03T08:39:14.940Z [INFO] [DAEMON] projectMemoryScope=workspace projectMemoryScopeRaw=workspace projectMemoryScopeSource=default project memory scope resolved
2026-10-03T08:39:14.941Z [INFO] [DAEMON] removedKeys=npm_config_userconfig,npm_config_prefix,npm_config_node_gyp,npm_config_globalconfig,npm_config_init_module scrubbed inherited loader env vars from the daemon process; session subprocesses will not inherit them
qwen serve: daemon log → /tmp/qws-channel-late-bystander-11aZk8/debug/daemon/daemon.log
qwen serve: Web Shell UI served from /root/verify/pr11071-r4/head/packages/web-shell/dist
qwen serve listening on http://127.0.0.1:33963 (mode=http-bridge, workspace=/tmp/qws-channel-late-bystander-11aZk8/primary)
qwen serve: bound to workspace "/tmp/qws-channel-late-bystander-11aZk8/primary"
qwen serve: startup timing: processToListenMs=28337 runQwenServeToListenMs=2
2026-10-03T08:39:14.941Z [INFO] [DAEMON] ideEnvPresent=false primary=/root/verify/pr11071-r4/head/packages/cli secondary= daemon workspace roots initialized
2026-10-03T08:39:14.942Z [INFO] [DAEMON] ideEnvPresent=false primary=/tmp/qws-channel-late-bystander-11aZk8/primary secondary= daemon workspace roots initialized
2026-10-03T08:39:14.946Z [WARN] [DAEMON] session-pr-refresh load failed: [vitest] There was an error when mocking a module. If you are using "vi.mock" factory, make sure there are no top level variables inside, since this call is hoisted to top of the file. Read more: https://vitest.dev/api/vi.html#vi-mock
qwen serve listening on http://127.0.0.1:39277 (mode=http-bridge, workspace=/root/verify/pr11071-r4/head/packages/cli)
qwen serve: bound to workspace "/root/verify/pr11071-r4/head/packages/cli"
qwen serve: startup timing: processToListenMs=28344 runQwenServeToListenMs=7
qwen serve: trusted loopback mode; local callers have full API access without bearer authentication, including code execution as the daemon user. Use --require-auth with QWEN_SERVER_TOKEN on shared or untrusted hosts.
qwen serve: /acp WebSocket transport enabled on /acp
2026-10-03T08:39:14.947Z [INFO] [DAEMON] sessionId=sess-A connectReason=unknown streamId=b2de5597-044c-4190-9a9b-5aaf4ee73ebc SSE stream opened
qwen serve: /acp WebSocket transport enabled on /acp
2026-10-03T08:39:14.948Z [INFO] [DAEMON] daemon stopped
2026-10-03T08:39:14.949Z [INFO] [DAEMON] sessionId=sess-A backpressureCount=0 closeReason=client_disconnect connectReason=unknown durationMs=1.5287119999993593 eventFramesWriteSettled=1 lastEventIdWritten=1 maxDrainWaitMs=0 maxLivePublishToWriteSettledMs=0 slowWarningCount=0 streamId=b2de5597-044c-4190-9a9b-5aaf4ee73ebc SSE stream closed
qwen serve: scrubbed inherited loader env vars from the daemon process; session subprocesses will not inherit them: npm_config_userconfig, npm_config_prefix, npm_config_node_gyp, npm_config_globalconfig, npm_config_init_module
2026-10-03T08:39:14.951Z [INFO] [DAEMON] projectMemoryScope=workspace projectMemoryScopeRaw=workspace projectMemoryScopeSource=default project memory scope resolved
2026-10-03T08:39:14.951Z [INFO] [DAEMON] removedKeys=npm_config_userconfig,npm_config_prefix,npm_config_node_gyp,npm_config_globalconfig,npm_config_init_module scrubbed inherited loader env vars from the daemon process; session subprocesses will not inherit them
qwen serve: daemon log → /tmp/qwen-server-suite-0hLpmm/runtime/debug/daemon/daemon.log
2026-10-03T08:39:14.951Z [INFO] [DAEMON] channels=feishu workspaceCwd=/tmp/qws-channel-late-bystander-11aZk8/secondary restoring serve.channels for a workspace registered after boot
qwen serve: Web Shell UI served from /root/verify/pr11071-r4/head/packages/web-shell/dist
2026-10-03T08:39:14.952Z [INFO] [DAEMON] ideEnvPresent=false primary=/root/verify/pr11071-r4/head/packages/cli secondary= daemon workspace roots initialized
2026-10-03T08:39:14.952Z [INFO] [DAEMON] route=POST /workspaces durationMs=3 status=201 request completed
2026-10-03T08:39:14.955Z [INFO] [DAEMON] route=POST /workspaces durationMs=2 status=201 request completed
qwen serve listening on http://127.0.0.1:33071 (mode=http-bridge, workspace=/root/verify/pr11071-r4/head/packages/cli)
qwen serve: bound to workspace "/root/verify/pr11071-r4/head/packages/cli"
qwen serve: startup timing: processToListenMs=28355 runQwenServeToListenMs=7
qwen serve: trusted loopback mode; local callers have full API access without bearer authentication, including code execution as the daemon user. Use --require-auth with QWEN_SERVER_TOKEN on shared or untrusted hosts.
qwen serve: /acp WebSocket transport enabled on /acp
2026-10-03T08:39:14.957Z [INFO] [DAEMON] daemon stopped
2026-10-03T08:39:14.961Z [INFO] [DAEMON] sessionId=sess-A connectReason=unknown streamId=949fc107-030d-4541-bfaa-d8d1b407cf78 SSE stream opened
qwen serve: scrubbed inherited loader env vars from the daemon process; session subprocesses will not inherit them: npm_config_userconfig, npm_config_prefix, npm_config_node_gyp, npm_config_globalconfig, npm_config_init_module
2026-10-03T08:39:14.962Z [INFO] [DAEMON] daemon stopped
2026-10-03T08:39:14.962Z [INFO] [DAEMON] projectMemoryScope=workspace projectMemoryScopeRaw=workspace projectMemoryScopeSource=default project memory scope resolved
2026-10-03T08:39:14.962Z [INFO] [DAEMON] removedKeys=npm_config_userconfig,npm_config_prefix,npm_config_node_gyp,npm_config_globalconfig,npm_config_init_module scrubbed inherited loader env vars from the daemon process; session subprocesses will not inherit them
qwen serve: daemon log → /tmp/qws-channel-late-latency-2iLGmY/debug/daemon/daemon.log
2026-10-03T08:39:14.962Z [INFO] [DAEMON] sessionId=sess-A backpressureCount=0 closeReason=client_disconnect connectReason=unknown durationMs=1.5714159999988624 eventFramesWriteSettled=1 lastEventIdWritten=1 maxDrainWaitMs=0 maxLivePublishToWriteSettledMs=0 slowWarningCount=0 streamId=949fc107-030d-4541-bfaa-d8d1b407cf78 SSE stream closed
qwen serve listening on http://127.0.0.1:36237 (mode=http-bridge, workspace=/tmp/qws-channel-late-latency-2iLGmY/primary)
qwen serve: bound to workspace "/tmp/qws-channel-late-latency-2iLGmY/primary"
qwen serve: startup timing: processToListenMs=28359 runQwenServeToListenMs=2
2026-10-03T08:39:14.963Z [INFO] [DAEMON] ideEnvPresent=false primary=/tmp/qws-channel-late-latency-2iLGmY/primary secondary= daemon workspace roots initialized
qwen serve: scrubbed inherited loader env vars from the daemon process; session subprocesses will not inherit them: npm_config_userconfig, npm_config_prefix, npm_config_node_gyp, npm_config_globalconfig, npm_config_init_module
2026-10-03T08:39:14.965Z [INFO] [DAEMON] projectMemoryScope=workspace projectMemoryScopeRaw=workspace projectMemoryScopeSource=default project memory scope resolved
2026-10-03T08:39:14.965Z [INFO] [DAEMON] removedKeys=npm_config_userconfig,npm_config_prefix,npm_config_node_gyp,npm_config_globalconfig,npm_config_init_module scrubbed inherited loader env vars from the daemon process; session subprocesses will not inherit them
qwen serve: daemon log → /tmp/qwen-server-suite-0hLpmm/runtime/debug/daemon/daemon.log
qwen serve: Web Shell UI served from /root/verify/pr11071-r4/head/packages/web-shell/dist
2026-10-03T08:39:14.966Z [INFO] [DAEMON] ideEnvPresent=false primary=/root/verify/pr11071-r4/head/packages/cli secondary= daemon workspace roots initialized
2026-10-03T08:39:14.967Z [WARN] [DAEMON] session-pr-refresh load failed: [vitest] There was an error when mocking a module. If you are using "vi.mock" factory, make sure there are no top level variables inside, since this call is hoisted to top of the file. Read more: https://vitest.dev/api/vi.html#vi-mock
qwen serve: /acp WebSocket transport enabled on /acp
qwen serve listening on http://127.0.0.1:33725 (mode=http-bridge, workspace=/root/verify/pr11071-r4/head/packages/cli)
qwen serve: bound to workspace "/root/verify/pr11071-r4/head/packages/cli"
qwen serve: startup timing: processToListenMs=28368 runQwenServeToListenMs=7
qwen serve: trusted loopback mode; local callers have full API access without bearer authentication, including code execution as the daemon user. Use --require-auth with QWEN_SERVER_TOKEN on shared or untrusted hosts.
qwen serve: /acp WebSocket transport enabled on /acp
2026-10-03T08:39:14.971Z [INFO] [DAEMON] channels=feishu workspaceCwd=/tmp/qws-channel-late-latency-2iLGmY/secondary restoring serve.channels for a workspace registered after boot
2026-10-03T08:39:14.971Z [INFO] [DAEMON] sessionId=sess-A connectReason=unknown streamId=7dd0a0a1-52aa-4923-9a82-e56dc8d1557f SSE stream opened
2026-10-03T08:39:14.971Z [INFO] [DAEMON] route=POST /workspaces durationMs=3 status=201 request completed
2026-10-03T08:39:14.972Z [INFO] [DAEMON] daemon stopped
2026-10-03T08:39:14.972Z [INFO] [DAEMON] daemon stopped
2026-10-03T08:39:14.973Z [INFO] [DAEMON] sessionId=sess-A backpressureCount=0 closeReason=client_disconnect connectReason=unknown durationMs=1.5610579999993206 eventFramesWriteSettled=1 lastEventIdWritten=1 maxDrainWaitMs=0 maxLivePublishToWriteSettledMs=0 slowWarningCount=0 streamId=7dd0a0a1-52aa-4923-9a82-e56dc8d1557f SSE stream closed
qwen serve: scrubbed inherited loader env vars from the daemon process; session subprocesses will not inherit them: npm_config_userconfig, npm_config_prefix, npm_config_node_gyp, npm_config_globalconfig, npm_config_init_module
2026-10-03T08:39:14.975Z [INFO] [DAEMON] projectMemoryScope=workspace projectMemoryScopeRaw=workspace projectMemoryScopeSource=default project memory scope resolved
2026-10-03T08:39:14.975Z [INFO] [DAEMON] removedKeys=npm_config_userconfig,npm_config_prefix,npm_config_node_gyp,npm_config_globalconfig,npm_config_init_module scrubbed inherited loader env vars from the daemon process; session subprocesses will not inherit them
qwen serve: daemon log → /tmp/qwen-server-suite-0hLpmm/runtime/debug/daemon/daemon.log
qwen serve: Web Shell UI served from /root/verify/pr11071-r4/head/packages/web-shell/dist
2026-10-03T08:39:14.976Z [INFO] [DAEMON] ideEnvPresent=false primary=/root/verify/pr11071-r4/head/packages/cli secondary= daemon workspace roots initialized
qwen serve: scrubbed inherited loader env vars from the daemon process; session subprocesses will not inherit them: npm_config_userconfig, npm_config_prefix, npm_config_node_gyp, npm_config_globalconfig, npm_config_init_module
2026-10-03T08:39:14.980Z [INFO] [DAEMON] projectMemoryScope=workspace projectMemoryScopeRaw=workspace projectMemoryScopeSource=default project memory scope resolved
2026-10-03T08:39:14.980Z [INFO] [DAEMON] removedKeys=npm_config_userconfig,npm_config_prefix,npm_config_node_gyp,npm_config_globalconfig,npm_config_init_module scrubbed inherited loader env vars from the daemon process; session subprocesses will not inherit them
qwen serve: daemon log → /tmp/qws-channel-late-explicit-ntPTGA/debug/daemon/daemon.log
qwen serve listening on http://127.0.0.1:45631 (mode=http-bridge, workspace=/tmp/qws-channel-late-explicit-ntPTGA/primary)
qwen serve: bound to workspace "/tmp/qws-channel-late-explicit-ntPTGA/primary"
qwen serve: startup timing: processToListenMs=28377 runQwenServeToListenMs=4
qwen serve listening on http://127.0.0.1:46055 (mode=http-bridge, workspace=/root/verify/pr11071-r4/head/packages/cli)
qwen serve: bound to workspace "/root/verify/pr11071-r4/head/packages/cli"
qwen serve: startup timing: processToListenMs=28380 runQwenServeToListenMs=8
qwen serve: trusted loopback mode; local callers have full API access without bearer authentication, including code execution as the daemon user. Use --require-auth with QWEN_SERVER_TOKEN on shared or untrusted hosts.
qwen serve: /acp WebSocket transport enabled on /acp
2026-10-03T08:39:14.982Z [INFO] [DAEMON] ideEnvPresent=false primary=/tmp/qws-channel-late-explicit-ntPTGA/primary secondary= daemon workspace roots initialized
qwen serve: rejected ?maxQueued "" (not a decimal integer)
2026-10-03T08:39:14.986Z [WARN] [DAEMON] route=GET /session/sess-A/events sessionId=sess-A durationMs=1 status=400 request completed
2026-10-03T08:39:14.986Z [WARN] [DAEMON] session-pr-refresh load failed: [vitest] There was an error when mocking a module. If you are using "vi.mock" factory, make sure there are no top level variables inside, since this call is hoisted to top of the file. Read more: https://vitest.dev/api/vi.html#vi-mock
qwen serve: /acp WebSocket transport enabled on /acp
2026-10-03T08:39:14.987Z [INFO] [DAEMON] daemon stopped
qwen serve: scrubbed inherited loader env vars from the daemon process; session subprocesses will not inherit them: npm_config_userconfig, npm_config_prefix, npm_config_node_gyp, npm_config_globalconfig, npm_config_init_module
2026-10-03T08:39:14.989Z [INFO] [DAEMON] projectMemoryScope=workspace projectMemoryScopeRaw=workspace projectMemoryScopeSource=default project memory scope resolved
2026-10-03T08:39:14.989Z [INFO] [DAEMON] removedKeys=npm_config_userconfig,npm_config_prefix,npm_config_node_gyp,npm_config_globalconfig,npm_config_init_module scrubbed inherited loader env vars from the daemon process; session subprocesses will not inherit them
qwen serve: daemon log → /tmp/qwen-server-suite-0hLpmm/runtime/debug/daemon/daemon.log
qwen serve: Web Shell UI served from /root/verify/pr11071-r4/head/packages/web-shell/dist
2026-10-03T08:39:14.990Z [INFO] [DAEMON] ideEnvPresent=false primary=/root/verify/pr11071-r4/head/packages/cli secondary= daemon workspace roots initialized
2026-10-03T08:39:14.991Z [INFO] [DAEMON] route=POST /workspaces durationMs=3 status=201 request completed
qwen serve listening on http://127.0.0.1:32995 (mode=http-bridge, workspace=/root/verify/pr11071-r4/head/packages/cli)
qwen serve: bound to workspace "/root/verify/pr11071-r4/head/packages/cli"
qwen serve: startup timing: processToListenMs=28393 runQwenServeToListenMs=7
qwen serve: trusted loopback mode; local callers have full API access without bearer authentication, including code execution as the daemon user. Use --require-auth with QWEN_SERVER_TOKEN on shared or untrusted hosts.
qwen serve: /acp WebSocket transport enabled on /acp
qwen serve: rejected ?maxQueued "abc" (not a decimal integer)
2026-10-03T08:39:14.996Z [WARN] [DAEMON] route=GET /session/sess-A/events sessionId=sess-A durationMs=1 status=400 request completed
2026-10-03T08:39:14.997Z [INFO] [DAEMON] daemon stopped
qwen serve: scrubbed inherited loader env vars from the daemon process; session subprocesses will not inherit them: npm_config_userconfig, npm_config_prefix, npm_config_node_gyp, npm_config_globalconfig, npm_config_init_module
2026-10-03T08:39:14.999Z [INFO] [DAEMON] projectMemoryScope=workspace projectMemoryScopeRaw=workspace projectMemoryScopeSource=default project memory scope resolved
2026-10-03T08:39:14.999Z [INFO] [DAEMON] removedKeys=npm_config_userconfig,npm_config_prefix,npm_config_node_gyp,npm_config_globalconfig,npm_config_init_module scrubbed inherited loader env vars from the daemon process; session subprocesses will not inherit them
qwen serve: daemon log → /tmp/qwen-server-suite-0hLpmm/runtime/debug/daemon/daemon.log
qwen serve: Web Shell UI served from /root/verify/pr11071-r4/head/packages/web-shell/dist
2026-10-03T08:39:15.000Z [INFO] [DAEMON] ideEnvPresent=false primary=/root/verify/pr11071-r4/head/packages/cli secondary= daemon workspace roots initialized
qwen serve listening on http://127.0.0.1:46865 (mode=http-bridge, workspace=/root/verify/pr11071-r4/head/packages/cli)
qwen serve: bound to workspace "/root/verify/pr11071-r4/head/packages/cli"
qwen serve: startup timing: processToListenMs=28403 runQwenServeToListenMs=7
qwen serve: trusted loopback mode; local callers have full API access without bearer authentication, including code execution as the daemon user. Use --require-auth with QWEN_SERVER_TOKEN on shared or untrusted hosts.
qwen serve: /acp WebSocket transport enabled on /acp
qwen serve: rejected ?maxQueued "0" (outside [16, 2048])
2026-10-03T08:39:15.009Z [WARN] [DAEMON] route=GET /session/sess-A/events sessionId=sess-A durationMs=0 status=400 request completed
qwen serve: rejected ?maxQueued "15" (outside [16, 2048])
2026-10-03T08:39:15.010Z [WARN] [DAEMON] route=GET /session/sess-A/events sessionId=sess-A durationMs=0 status=400 request completed
qwen serve: rejected ?maxQueued "2049" (outside [16, 2048])
2026-10-03T08:39:15.012Z [WARN] [DAEMON] route=GET /session/sess-A/events sessionId=sess-A durationMs=1 status=400 request completed
qwen serve: rejected ?maxQueued "9999" (outside [16, 2048])
2026-10-03T08:39:15.013Z [WARN] [DAEMON] route=GET /session/sess-A/events sessionId=sess-A durationMs=0 status=400 request completed
2026-10-03T08:39:15.014Z [INFO] [DAEMON] daemon stopped
qwen serve: scrubbed inherited loader env vars from the daemon process; session subprocesses will not inherit them: npm_config_userconfig, npm_config_prefix, npm_config_node_gyp, npm_config_globalconfig, npm_config_init_module
2026-10-03T08:39:15.017Z [INFO] [DAEMON] projectMemoryScope=workspace projectMemoryScopeRaw=workspace projectMemoryScopeSource=default project memory scope resolved
2026-10-03T08:39:15.017Z [INFO] [DAEMON] removedKeys=npm_config_userconfig,npm_config_prefix,npm_config_node_gyp,npm_config_globalconfig,npm_config_init_module scrubbed inherited loader env vars from the daemon process; session subprocesses will not inherit them
qwen serve: daemon log → /tmp/qwen-server-suite-0hLpmm/runtime/debug/daemon/daemon.log
qwen serve: Web Shell UI served from /root/verify/pr11071-r4/head/packages/web-shell/dist
2026-10-03T08:39:15.018Z [INFO] [DAEMON] ideEnvPresent=false primary=/root/verify/pr11071-r4/head/packages/cli secondary= daemon workspace roots initialized
qwen serve listening on http://127.0.0.1:44449 (mode=http-bridge, workspace=/root/verify/pr11071-r4/head/packages/cli)
qwen serve: bound to workspace "/root/verify/pr11071-r4/head/packages/cli"
qwen serve: startup timing: processToListenMs=28421 runQwenServeToListenMs=7
qwen serve: trusted loopback mode; local callers have full API access without bearer authentication, including code execution as the daemon user. Use --require-auth with QWEN_SERVER_TOKEN on shared or untrusted hosts.
qwen serve: /acp WebSocket transport enabled on /acp
2026-10-03T08:39:15.023Z [WARN] [DAEMON] route=GET /session/missing/events sessionId=missing durationMs=1 status=404 request completed
2026-10-03T08:39:15.024Z [INFO] [DAEMON] daemon stopped
2026-10-03T08:39:15.042Z [INFO] [DAEMON] daemon stopped
qwen serve: scrubbed inherited loader env vars from the daemon process; session subprocesses will not inherit them: npm_config_userconfig, npm_config_prefix, npm_config_node_gyp, npm_config_globalconfig, npm_config_init_module
2026-10-03T08:39:15.048Z [INFO] [DAEMON] projectMemoryScope=workspace projectMemoryScopeRaw=workspace projectMemoryScopeSource=default project memory scope resolved
2026-10-03T08:39:15.048Z [INFO] [DAEMON] removedKeys=npm_config_userconfig,npm_config_prefix,npm_config_node_gyp,npm_config_globalconfig,npm_config_init_module scrubbed inherited loader env vars from the daemon process; session subprocesses will not inherit them
qwen serve: daemon log → /tmp/qws-channel-late-once-9LWC6H/debug/daemon/daemon.log
qwen serve listening on http://127.0.0.1:41895 (mode=http-bridge, workspace=/tmp/qws-channel-late-once-9LWC6H/primary)
qwen serve: bound to workspace "/tmp/qws-channel-late-once-9LWC6H/primary"
qwen serve: startup timing: processToListenMs=28444 runQwenServeToListenMs=2
2026-10-03T08:39:15.049Z [INFO] [DAEMON] ideEnvPresent=false primary=/tmp/qws-channel-late-once-9LWC6H/primary secondary= daemon workspace roots initialized
2026-10-03T08:39:15.054Z [WARN] [DAEMON] session-pr-refresh load failed: [vitest] There was an error when mocking a module. If you are using "vi.mock" factory, make sure there are no top level variables inside, since this call is hoisted to top of the file. Read more: https://vitest.dev/api/vi.html#vi-mock
qwen serve: /acp WebSocket transport enabled on /acp
2026-10-03T08:39:15.060Z [INFO] [DAEMON] channels=feishu workspaceCwd=/tmp/qws-channel-late-once-9LWC6H/secondary restoring serve.channels for a workspace registered after boot
2026-10-03T08:39:15.061Z [INFO] [DAEMON] route=POST /workspaces durationMs=3 status=201 request completed
2026-10-03T08:39:15.064Z [INFO] [DAEMON] route=POST /workspaces/a16b19ff2fd85169/channels/feishu/stop durationMs=2 status=200 request completed
2026-10-03T08:39:15.065Z [INFO] [DAEMON] route=DELETE /workspaces/a16b19ff2fd85169 durationMs=1 status=200 request completed
2026-10-03T08:39:15.067Z [INFO] [DAEMON] route=POST /workspaces durationMs=2 status=201 request completed
2026-10-03T08:39:15.119Z [INFO] [DAEMON] daemon stopped
qwen serve: scrubbed inherited loader env vars from the daemon process; session subprocesses will not inherit them: npm_config_userconfig, npm_config_prefix, npm_config_node_gyp, npm_config_globalconfig, npm_config_init_module
2026-10-03T08:39:15.125Z [INFO] [DAEMON] channels=telegram workspaceCwd=/tmp/qws-channel-late-stopped-BrvXd5/primary restoring channels from workspace serve.channels
2026-10-03T08:39:15.125Z [INFO] [DAEMON] projectMemoryScope=workspace projectMemoryScopeRaw=workspace projectMemoryScopeSource=default project memory scope resolved
2026-10-03T08:39:15.125Z [INFO] [DAEMON] removedKeys=npm_config_userconfig,npm_config_prefix,npm_config_node_gyp,npm_config_globalconfig,npm_config_init_module scrubbed inherited loader env vars from the daemon process; session subprocesses will not inherit them
qwen serve: daemon log → /tmp/qws-channel-late-stopped-BrvXd5/debug/daemon/daemon.log
qwen serve listening on http://127.0.0.1:41235 (mode=http-bridge, workspace=/tmp/qws-channel-late-stopped-BrvXd5/primary)
qwen serve: bound to workspace "/tmp/qws-channel-late-stopped-BrvXd5/primary"
qwen serve: startup timing: processToListenMs=28521 runQwenServeToListenMs=2
2026-10-03T08:39:15.127Z [INFO] [DAEMON] ideEnvPresent=false primary=/tmp/qws-channel-late-stopped-BrvXd5/primary secondary= daemon workspace roots initialized
2026-10-03T08:39:15.131Z [WARN] [DAEMON] session-pr-refresh load failed: [vitest] There was an error when mocking a module. If you are using "vi.mock" factory, make sure there are no top level variables inside, since this call is hoisted to top of the file. Read more: https://vitest.dev/api/vi.html#vi-mock
qwen serve: /acp WebSocket transport enabled on /acp
2026-10-03T08:39:15.133Z [INFO] [DAEMON] route=DELETE /workspace/channel durationMs=0 status=200 request completed
2026-10-03T08:39:15.136Z [INFO] [DAEMON] workspaceCwd=/tmp/qws-channel-late-stopped-BrvXd5/secondary skipping serve.channels for a workspace registered after boot: channel hosting was stopped
2026-10-03T08:39:15.137Z [INFO] [DAEMON] route=POST /workspaces durationMs=2 status=201 request completed
2026-10-03T08:39:15.239Z [INFO] [DAEMON] route=GET /workspace/channel durationMs=0 status=200 request completed
2026-10-03T08:39:15.240Z [INFO] [DAEMON] daemon stopped
qwen serve: scrubbed inherited loader env vars from the daemon process; session subprocesses will not inherit them: npm_config_userconfig, npm_config_prefix, npm_config_node_gyp, npm_config_globalconfig, npm_config_init_module
2026-10-03T08:39:15.246Z [INFO] [DAEMON] channels=all workspaceCwd=/tmp/qws-channel-late-all-0ZbW3w/primary restoring channels from workspace serve.channels
2026-10-03T08:39:15.246Z [INFO] [DAEMON] projectMemoryScope=workspace projectMemoryScopeRaw=workspace projectMemoryScopeSource=default project memory scope resolved
2026-10-03T08:39:15.246Z [INFO] [DAEMON] removedKeys=npm_config_userconfig,npm_config_prefix,npm_config_node_gyp,npm_config_globalconfig,npm_config_init_module scrubbed inherited loader env vars from the daemon process; session subprocesses will not inherit them
qwen serve: daemon log → /tmp/qws-channel-late-all-0ZbW3w/debug/daemon/daemon.log
qwen serve listening on http://127.0.0.1:41659 (mode=http-bridge, workspace=/tmp/qws-channel-late-all-0ZbW3w/primary)
qwen serve: bound to workspace "/tmp/qws-channel-late-all-0ZbW3w/primary"
qwen serve: startup timing: processToListenMs=28643 runQwenServeToListenMs=2
2026-10-03T08:39:15.249Z [INFO] [DAEMON] ideEnvPresent=false primary=/tmp/qws-channel-late-all-0ZbW3w/primary secondary= daemon workspace roots initialized
2026-10-03T08:39:15.253Z [WARN] [DAEMON] session-pr-refresh load failed: [vitest] There was an error when mocking a module. If you are using "vi.mock" factory, make sure there are no top level variables inside, since this call is hoisted to top of the file. Read more: https://vitest.dev/api/vi.html#vi-mock
qwen serve: /acp WebSocket transport enabled on /acp
2026-10-03T08:39:15.258Z [INFO] [DAEMON] route=POST /workspaces durationMs=3 status=201 request completed
2026-10-03T08:39:15.359Z [INFO] [DAEMON] route=GET /workspace/channel durationMs=0 status=200 request completed
2026-10-03T08:39:15.360Z [INFO] [DAEMON] daemon stopped
qwen serve: scrubbed inherited loader env vars from the daemon process; session subprocesses will not inherit them: npm_config_userconfig, npm_config_prefix, npm_config_node_gyp, npm_config_globalconfig, npm_config_init_module
2026-10-03T08:39:15.366Z [INFO] [DAEMON] projectMemoryScope=workspace projectMemoryScopeRaw=workspace projectMemoryScopeSource=default project memory scope resolved
2026-10-03T08:39:15.366Z [INFO] [DAEMON] removedKeys=npm_config_userconfig,npm_config_prefix,npm_config_node_gyp,npm_config_globalconfig,npm_config_init_module scrubbed inherited loader env vars from the daemon process; session subprocesses will not inherit them
qwen serve: daemon log → /tmp/qws-channel-late-listed-6HBg98/debug/daemon/daemon.log
qwen serve listening on http://127.0.0.1:41667 (mode=http-bridge, workspace=/tmp/qws-channel-late-listed-6HBg98/primary)
qwen serve: bound to workspace "/tmp/qws-channel-late-listed-6HBg98/primary"
qwen serve: startup timing: processToListenMs=28762 runQwenServeToListenMs=2
2026-10-03T08:39:15.367Z [INFO] [DAEMON] ideEnvPresent=false primary=/tmp/qws-channel-late-listed-6HBg98/primary secondary= daemon workspace roots initialized
2026-10-03T08:39:15.374Z [WARN] [DAEMON] session-pr-refresh load failed: [vitest] There was an error when mocking a module. If you are using "vi.mock" factory, make sure there are no top level variables inside, since this call is hoisted to top of the file. Read more: https://vitest.dev/api/vi.html#vi-mock
qwen serve: /acp WebSocket transport enabled on /acp
2026-10-03T08:39:15.376Z [INFO] [DAEMON] route=GET /workspace/channels durationMs=1 status=200 request completed
2026-10-03T08:39:15.379Z [INFO] [DAEMON] channels=feishu workspaceCwd=/tmp/qws-channel-late-listed-6HBg98/secondary restoring serve.channels for a workspace registered after boot
2026-10-03T08:39:15.380Z [INFO] [DAEMON] route=POST /workspaces durationMs=3 status=201 request completed
2026-10-03T08:39:15.381Z [INFO] [DAEMON] daemon stopped
qwen serve: scrubbed inherited loader env vars from the daemon process; session subprocesses will not inherit them: npm_config_userconfig, npm_config_prefix, npm_config_node_gyp, npm_config_globalconfig, npm_config_init_module
2026-10-03T08:39:15.387Z [INFO] [DAEMON] projectMemoryScope=workspace projectMemoryScopeRaw=workspace projectMemoryScopeSource=default project memory scope resolved
2026-10-03T08:39:15.387Z [INFO] [DAEMON] removedKeys=npm_config_userconfig,npm_config_prefix,npm_config_node_gyp,npm_config_globalconfig,npm_config_init_module scrubbed inherited loader env vars from the daemon process; session subprocesses will not inherit them
qwen serve: daemon log → /tmp/qws-channel-late-after-fail-FSWlH4/debug/daemon/daemon.log
qwen serve listening on http://127.0.0.1:32775 (mode=http-bridge, workspace=/tmp/qws-channel-late-after-fail-FSWlH4/primary)
qwen serve: bound to workspace "/tmp/qws-channel-late-after-fail-FSWlH4/primary"
qwen serve: startup timing: processToListenMs=28783 runQwenServeToListenMs=2
2026-10-03T08:39:15.388Z [INFO] [DAEMON] ideEnvPresent=false primary=/tmp/qws-channel-late-after-fail-FSWlH4/primary secondary= daemon workspace roots initialized
2026-10-03T08:39:15.392Z [WARN] [DAEMON] session-pr-refresh load failed: [vitest] There was an error when mocking a module. If you are using "vi.mock" factory, make sure there are no top level variables inside, since this call is hoisted to top of the file. Read more: https://vitest.dev/api/vi.html#vi-mock
qwen serve: /acp WebSocket transport enabled on /acp
2026-10-03T08:39:15.396Z [INFO] [DAEMON] channels=ghost workspaceCwd=/tmp/qws-channel-late-after-fail-FSWlH4/broken restoring serve.channels for a workspace registered after boot
2026-10-03T08:39:15.396Z [ERROR] [DAEMON] workspaceCwd=/tmp/qws-channel-late-after-fail-FSWlH4/broken serve.channels for a workspace registered after boot were not restored: Channel "ghost" is not configured in any registered workspace, or its "cwd" points outside them.
2026-10-03T08:39:15.397Z [INFO] [DAEMON] route=POST /workspaces durationMs=3 status=201 request completed
2026-10-03T08:39:15.502Z [INFO] [DAEMON] channels=feishu workspaceCwd=/tmp/qws-channel-late-after-fail-FSWlH4/secondary restoring serve.channels for a workspace registered after boot
2026-10-03T08:39:15.503Z [INFO] [DAEMON] route=POST /workspaces durationMs=3 status=201 request completed
2026-10-03T08:39:15.504Z [INFO] [DAEMON] daemon stopped
qwen serve: scrubbed inherited loader env vars from the daemon process; session subprocesses will not inherit them: npm_config_userconfig, npm_config_prefix, npm_config_node_gyp, npm_config_globalconfig, npm_config_init_module
2026-10-03T08:39:15.511Z [INFO] [DAEMON] projectMemoryScope=workspace projectMemoryScopeRaw=workspace projectMemoryScopeSource=default project memory scope resolved
2026-10-03T08:39:15.511Z [INFO] [DAEMON] removedKeys=npm_config_userconfig,npm_config_prefix,npm_config_node_gyp,npm_config_globalconfig,npm_config_init_module scrubbed inherited loader env vars from the daemon process; session subprocesses will not inherit them
qwen serve: daemon log → /tmp/qws-channel-late-failure-ZtlYD7/debug/daemon/daemon.log
qwen serve listening on http://127.0.0.1:39751 (mode=http-bridge, workspace=/tmp/qws-channel-late-failure-ZtlYD7/primary)
qwen serve: bound to workspace "/tmp/qws-channel-late-failure-ZtlYD7/primary"
qwen serve: startup timing: processToListenMs=28907 runQwenServeToListenMs=2
2026-10-03T08:39:15.512Z [INFO] [DAEMON] ideEnvPresent=false primary=/tmp/qws-channel-late-failure-ZtlYD7/primary secondary= daemon workspace roots initialized
2026-10-03T08:39:15.516Z [WARN] [DAEMON] session-pr-refresh load failed: [vitest] There was an error when mocking a module. If you are using "vi.mock" factory, make sure there are no top level variables inside, since this call is hoisted to top of the file. Read more: https://vitest.dev/api/vi.html#vi-mock
qwen serve: /acp WebSocket transport enabled on /acp
2026-10-03T08:39:15.519Z [INFO] [DAEMON] channels=feishu workspaceCwd=/tmp/qws-channel-late-failure-ZtlYD7/secondary restoring serve.channels for a workspace registered after boot
2026-10-03T08:39:15.521Z [ERROR] [DAEMON] workspaceCwd=/tmp/qws-channel-late-failure-ZtlYD7/secondary serve.channels for a workspace registered after boot were not restored: Channel worker failed to start.
2026-10-03T08:39:15.521Z [INFO] [DAEMON] route=POST /workspaces durationMs=3 status=201 request completed
2026-10-03T08:39:15.523Z [INFO] [DAEMON] route=GET /workspaces/9185b4209d586c01/channels durationMs=1 status=200 request completed
2026-10-03T08:39:15.525Z [INFO] [DAEMON] route=GET /daemon/status durationMs=1 status=200 request completed
2026-10-03T08:39:15.526Z [INFO] [DAEMON] route=DELETE /workspace/channel durationMs=0 status=200 request completed
2026-10-03T08:39:15.527Z [INFO] [DAEMON] route=GET /workspaces/9185b4209d586c01/channels durationMs=1 status=200 request completed
2026-10-03T08:39:15.529Z [INFO] [DAEMON] route=GET /daemon/status durationMs=1 status=200 request completed
2026-10-03T08:39:15.530Z [INFO] [DAEMON] route=POST /workspaces/9185b4209d586c01/channels/feishu/stop durationMs=1 status=200 request completed
2026-10-03T08:39:15.531Z [INFO] [DAEMON] route=GET /workspaces/9185b4209d586c01/channels durationMs=1 status=200 request completed
2026-10-03T08:39:15.533Z [INFO] [DAEMON] route=GET /daemon/status durationMs=1 status=200 request completed
2026-10-03T08:39:15.534Z [INFO] [DAEMON] daemon stopped
qwen serve: scrubbed inherited loader env vars from the daemon process; session subprocesses will not inherit them: npm_config_userconfig, npm_config_prefix, npm_config_node_gyp, npm_config_globalconfig, npm_config_init_module
2026-10-03T08:39:15.542Z [INFO] [DAEMON] projectMemoryScope=workspace projectMemoryScopeRaw=workspace projectMemoryScopeSource=default project memory scope resolved
2026-10-03T08:39:15.542Z [INFO] [DAEMON] removedKeys=npm_config_userconfig,npm_config_prefix,npm_config_node_gyp,npm_config_globalconfig,npm_config_init_module scrubbed inherited loader env vars from the daemon process; session subprocesses will not inherit them
qwen serve: daemon log → /tmp/qws-channel-delete-env-Cb1cVe/debug/daemon/daemon.log
qwen serve listening on http://127.0.0.1:39561 (mode=http-bridge, workspace=/tmp/qws-channel-delete-env-Cb1cVe/primary)
qwen serve: bound to workspace "/tmp/qws-channel-delete-env-Cb1cVe/primary"
qwen serve: startup timing: processToListenMs=28939 runQwenServeToListenMs=2
2026-10-03T08:39:15.544Z [INFO] [DAEMON] ideEnvPresent=false primary=/tmp/qws-channel-delete-env-Cb1cVe/primary secondary= daemon workspace roots initialized
2026-10-03T08:39:15.548Z [WARN] [DAEMON] session-pr-refresh load failed: [vitest] There was an error when mocking a module. If you are using "vi.mock" factory, make sure there are no top level variables inside, since this call is hoisted to top of the file. Read more: https://vitest.dev/api/vi.html#vi-mock
qwen serve: /acp WebSocket transport enabled on /acp
2026-10-03T08:39:15.551Z [INFO] [DAEMON] route=POST /workspaces durationMs=2 status=201 request completed
2026-10-03T08:39:15.553Z [INFO] [DAEMON] route=GET /workspaces/ef23a1952e14ce06/channels durationMs=1 status=200 request completed
2026-10-03T08:39:15.555Z [INFO] [DAEMON] route=DELETE /workspaces/ef23a1952e14ce06/channels/ghost durationMs=1 status=200 request completed
2026-10-03T08:39:15.556Z [INFO] [DAEMON] daemon stopped
qwen serve: scrubbed inherited loader env vars from the daemon process; session subprocesses will not inherit them: npm_config_userconfig, npm_config_prefix, npm_config_node_gyp, npm_config_globalconfig, npm_config_init_module
2026-10-03T08:39:15.561Z [INFO] [DAEMON] channels=telegram workspaceCwd=/tmp/qws-channel-boot-failure-dshWtB restoring channels from workspace serve.channels
2026-10-03T08:39:15.561Z [INFO] [DAEMON] projectMemoryScope=workspace projectMemoryScopeRaw=workspace projectMemoryScopeSource=default project memory scope resolved
2026-10-03T08:39:15.561Z [INFO] [DAEMON] removedKeys=npm_config_userconfig,npm_config_prefix,npm_config_node_gyp,npm_config_globalconfig,npm_config_init_module scrubbed inherited loader env vars from the daemon process; session subprocesses will not inherit them
qwen serve: daemon log → /tmp/qws-run-serve-tests-3G3ZdQ/debug/daemon/daemon.log
2026-10-03T08:39:15.563Z [INFO] [DAEMON] ideEnvPresent=false primary=/tmp/qws-channel-boot-failure-dshWtB secondary= daemon workspace roots initialized
2026-10-03T08:39:15.569Z [WARN] [DAEMON] session-pr-refresh load failed: [vitest] There was an error when mocking a module. If you are using "vi.mock" factory, make sure there are no top level variables inside, since this call is hoisted to top of the file. Read more: https://vitest.dev/api/vi.html#vi-mock
qwen serve listening on http://127.0.0.1:37123 (mode=http-bridge, workspace=/tmp/qws-channel-boot-failure-dshWtB)
qwen serve: bound to workspace "/tmp/qws-channel-boot-failure-dshWtB"
qwen serve: startup timing: processToListenMs=28966 runQwenServeToListenMs=10
qwen serve: /acp WebSocket transport enabled on /acp
qwen serve: workspace serve.channels was not restored: Channel worker failed to start. Continuing without channels.
2026-10-03T08:39:15.570Z [WARN] [DAEMON] workspace serve.channels was not restored: Channel worker failed to start. Continuing without channels
2026-10-03T08:39:15.572Z [INFO] [DAEMON] route=GET /daemon/status durationMs=1 status=200 request completed
2026-10-03T08:39:15.573Z [INFO] [DAEMON] route=GET /workspace/channels durationMs=1 status=200 request completed
2026-10-03T08:39:15.574Z [INFO] [DAEMON] daemon stopped
qwen serve: scrubbed inherited loader env vars from the daemon process; session subprocesses will not inherit them: npm_config_userconfig, npm_config_prefix, npm_config_node_gyp, npm_config_globalconfig, npm_config_init_module
2026-10-03T08:39:15.581Z [INFO] [DAEMON] projectMemoryScope=workspace projectMemoryScopeRaw=workspace projectMemoryScopeSource=default project memory scope resolved
2026-10-03T08:39:15.581Z [INFO] [DAEMON] removedKeys=npm_config_userconfig,npm_config_prefix,npm_config_node_gyp,npm_config_globalconfig,npm_config_init_module scrubbed inherited loader env vars from the daemon process; session subprocesses will not inherit them
qwen serve: daemon log → /tmp/qws-channel-late-retry-jzJkku/debug/daemon/daemon.log
qwen serve listening on http://127.0.0.1:35283 (mode=http-bridge, workspace=/tmp/qws-channel-late-retry-jzJkku/primary)
qwen serve: bound to workspace "/tmp/qws-channel-late-retry-jzJkku/primary"
qwen serve: startup timing: processToListenMs=28977 runQwenServeToListenMs=2
2026-10-03T08:39:15.582Z [INFO] [DAEMON] ideEnvPresent=false primary=/tmp/qws-channel-late-retry-jzJkku/primary secondary= daemon workspace roots initialized
2026-10-03T08:39:15.586Z [WARN] [DAEMON] session-pr-refresh load failed: [vitest] There was an error when mocking a module. If you are using "vi.mock" factory, make sure there are no top level variables inside, since this call is hoisted to top of the file. Read more: https://vitest.dev/api/vi.html#vi-mock
qwen serve: /acp WebSocket transport enabled on /acp
2026-10-03T08:39:15.589Z [INFO] [DAEMON] channels=feishu workspaceCwd=/tmp/qws-channel-late-retry-jzJkku/secondary restoring serve.channels for a workspace registered after boot
2026-10-03T08:39:15.590Z [ERROR] [DAEMON] workspaceCwd=/tmp/qws-channel-late-retry-jzJkku/secondary serve.channels for a workspace registered after boot were not restored: feishu refused
2026-10-03T08:39:15.591Z [INFO] [DAEMON] route=POST /workspaces durationMs=3 status=201 request completed
2026-10-03T08:39:15.592Z [INFO] [DAEMON] route=GET /workspaces/e0bfe7772d271189/channels durationMs=1 status=200 request completed
2026-10-03T08:39:15.595Z [INFO] [DAEMON] route=POST /workspaces/e0bfe7772d271189/channels/feishu/restart durationMs=2 status=200 request completed
2026-10-03T08:39:15.596Z [INFO] [DAEMON] route=GET /workspaces/e0bfe7772d271189/channels durationMs=1 status=200 request completed
2026-10-03T08:39:15.597Z [INFO] [DAEMON] daemon stopped
qwen serve: scrubbed inherited loader env vars from the daemon process; session subprocesses will not inherit them: npm_config_userconfig, npm_config_prefix, npm_config_node_gyp, npm_config_globalconfig, npm_config_init_module
2026-10-03T08:39:15.605Z [INFO] [DAEMON] projectMemoryScope=workspace projectMemoryScopeRaw=workspace projectMemoryScopeSource=default project memory scope resolved
2026-10-03T08:39:15.605Z [INFO] [DAEMON] removedKeys=npm_config_userconfig,npm_config_prefix,npm_config_node_gyp,npm_config_globalconfig,npm_config_init_module scrubbed inherited loader env vars from the daemon process; session subprocesses will not inherit them
qwen serve: daemon log → /tmp/qws-channel-late-failure-put-yU9JnI/debug/daemon/daemon.log
qwen serve listening on http://127.0.0.1:34217 (mode=http-bridge, workspace=/tmp/qws-channel-late-failure-put-yU9JnI/primary)
qwen serve: bound to workspace "/tmp/qws-channel-late-failure-put-yU9JnI/primary"
qwen serve: startup timing: processToListenMs=29001 runQwenServeToListenMs=2
2026-10-03T08:39:15.606Z [INFO] [DAEMON] ideEnvPresent=false primary=/tmp/qws-channel-late-failure-put-yU9JnI/primary secondary= daemon workspace roots initialized
2026-10-03T08:39:15.611Z [WARN] [DAEMON] session-pr-refresh load failed: [vitest] There was an error when mocking a module. If you are using "vi.mock" factory, make sure there are no top level variables inside, since this call is hoisted to top of the file. Read more: https://vitest.dev/api/vi.html#vi-mock
qwen serve: /acp WebSocket transport enabled on /acp
2026-10-03T08:39:15.613Z [INFO] [DAEMON] route=PUT /workspace/channel durationMs=1 status=201 request completed
2026-10-03T08:39:15.616Z [INFO] [DAEMON] channels=telegram,feishu workspaceCwd=/tmp/qws-channel-late-failure-put-yU9JnI/secondary restoring serve.channels for a workspace registered after boot
2026-10-03T08:39:15.617Z [ERROR] [DAEMON] workspaceCwd=/tmp/qws-channel-late-failure-put-yU9JnI/secondary serve.channels for a workspace registered after boot were not restored: feishu refused
2026-10-03T08:39:15.618Z [INFO] [DAEMON] route=POST /workspaces durationMs=4 status=201 request completed
2026-10-03T08:39:15.620Z [INFO] [DAEMON] route=GET /daemon/status durationMs=1 status=200 request completed
2026-10-03T08:39:15.621Z [INFO] [DAEMON] route=PUT /workspace/channel durationMs=0 status=200 request completed
2026-10-03T08:39:15.622Z [INFO] [DAEMON] route=GET /daemon/status durationMs=1 status=200 request completed
2026-10-03T08:39:15.623Z [INFO] [DAEMON] daemon stopped
qwen serve: scrubbed inherited loader env vars from the daemon process; session subprocesses will not inherit them: npm_config_userconfig, npm_config_prefix, npm_config_node_gyp, npm_config_globalconfig, npm_config_init_module
2026-10-03T08:39:15.629Z [INFO] [DAEMON] projectMemoryScope=workspace projectMemoryScopeRaw=workspace projectMemoryScopeSource=default project memory scope resolved
2026-10-03T08:39:15.629Z [INFO] [DAEMON] removedKeys=npm_config_userconfig,npm_config_prefix,npm_config_node_gyp,npm_config_globalconfig,npm_config_init_module scrubbed inherited loader env vars from the daemon process; session subprocesses will not inherit them
qwen serve: daemon log → /tmp/qws-channel-late-crossowner-SNNIIE/debug/daemon/daemon.log
qwen serve listening on http://127.0.0.1:46033 (mode=http-bridge, workspace=/tmp/qws-channel-late-crossowner-SNNIIE/primary)
qwen serve: bound to workspace "/tmp/qws-channel-late-crossowner-SNNIIE/primary"
qwen serve: startup timing: processToListenMs=29025 runQwenServeToListenMs=2
2026-10-03T08:39:15.632Z [INFO] [DAEMON] ideEnvPresent=false primary=/tmp/qws-channel-late-crossowner-SNNIIE/primary secondary= daemon workspace roots initialized
2026-10-03T08:39:15.636Z [WARN] [DAEMON] session-pr-refresh load failed: [vitest] There was an error when mocking a module. If you are using "vi.mock" factory, make sure there are no top level variables inside, since this call is hoisted to top of the file. Read more: https://vitest.dev/api/vi.html#vi-mock
qwen serve: /acp WebSocket transport enabled on /acp
2026-10-03T08:39:15.639Z [INFO] [DAEMON] route=POST /workspaces durationMs=2 status=201 request completed
2026-10-03T08:39:15.642Z [INFO] [DAEMON] channels=feishu workspaceCwd=/tmp/qws-channel-late-crossowner-SNNIIE/borrower restoring serve.channels for a workspace registered after boot
2026-10-03T08:39:15.643Z [ERROR] [DAEMON] workspaceCwd=/tmp/qws-channel-late-crossowner-SNNIIE/borrower serve.channels for a workspace registered after boot were not restored: Channel worker failed to start.
2026-10-03T08:39:15.643Z [INFO] [DAEMON] route=POST /workspaces durationMs=3 status=201 request completed
2026-10-03T08:39:15.645Z [INFO] [DAEMON] route=GET /daemon/status durationMs=1 status=200 request completed
2026-10-03T08:39:15.646Z [INFO] [DAEMON] daemon stopped
qwen serve: scrubbed inherited loader env vars from the daemon process; session subprocesses will not inherit them: npm_config_userconfig, npm_config_prefix, npm_config_node_gyp, npm_config_globalconfig, npm_config_init_module
2026-10-03T08:39:15.652Z [INFO] [DAEMON] projectMemoryScope=workspace projectMemoryScopeRaw=workspace projectMemoryScopeSource=default project memory scope resolved
2026-10-03T08:39:15.652Z [INFO] [DAEMON] removedKeys=npm_config_userconfig,npm_config_prefix,npm_config_node_gyp,npm_config_globalconfig,npm_config_init_module scrubbed inherited loader env vars from the daemon process; session subprocesses will not inherit them
qwen serve: daemon log → /tmp/qws-channel-late-commit-PZU41q/debug/daemon/daemon.log
qwen serve listening on http://127.0.0.1:37505 (mode=http-bridge, workspace=/tmp/qws-channel-late-commit-PZU41q/primary)
qwen serve: bound to workspace "/tmp/qws-channel-late-commit-PZU41q/primary"
qwen serve: startup timing: processToListenMs=29048 runQwenServeToListenMs=2
2026-10-03T08:39:15.653Z [INFO] [DAEMON] ideEnvPresent=false primary=/tmp/qws-channel-late-commit-PZU41q/primary secondary= daemon workspace roots initialized
2026-10-03T08:39:15.657Z [WARN] [DAEMON] session-pr-refresh load failed: [vitest] There was an error when mocking a module. If you are using "vi.mock" factory, make sure there are no top level variables inside, since this call is hoisted to top of the file. Read more: https://vitest.dev/api/vi.html#vi-mock
qwen serve: /acp WebSocket transport enabled on /acp
2026-10-03T08:39:15.663Z [INFO] [DAEMON] channels=feishu workspaceCwd=/tmp/qws-channel-late-commit-PZU41q/borrower restoring serve.channels for a workspace registered after boot
2026-10-03T08:39:15.664Z [ERROR] [DAEMON] workspaceCwd=/tmp/qws-channel-late-commit-PZU41q/borrower serve.channels for a workspace registered after boot were not restored: Channel "feishu" is not configured in any registered workspace, or its "cwd" points outside them.
2026-10-03T08:39:15.664Z [INFO] [DAEMON] route=POST /workspaces durationMs=3 status=201 request completed
2026-10-03T08:39:15.666Z [INFO] [DAEMON] route=GET /daemon/status durationMs=1 status=200 request completed
2026-10-03T08:39:15.669Z [INFO] [DAEMON] channels=feishu workspaceCwd=/tmp/qws-channel-late-commit-PZU41q/secondary restoring serve.channels for a workspace registered after boot
2026-10-03T08:39:15.670Z [INFO] [DAEMON] route=POST /workspaces durationMs=3 status=201 request completed
2026-10-03T08:39:15.672Z [INFO] [DAEMON] route=GET /daemon/status durationMs=1 status=200 request completed
2026-10-03T08:39:15.672Z [INFO] [DAEMON] daemon stopped
qwen serve: scrubbed inherited loader env vars from the daemon process; session subprocesses will not inherit them: npm_config_userconfig, npm_config_prefix, npm_config_node_gyp, npm_config_globalconfig, npm_config_init_module
2026-10-03T08:39:15.678Z [INFO] [DAEMON] projectMemoryScope=workspace projectMemoryScopeRaw=workspace projectMemoryScopeSource=default project memory scope resolved
2026-10-03T08:39:15.678Z [INFO] [DAEMON] removedKeys=npm_config_userconfig,npm_config_prefix,npm_config_node_gyp,npm_config_globalconfig,npm_config_init_module scrubbed inherited loader env vars from the daemon process; session subprocesses will not inherit them
qwen serve: daemon log → /tmp/qws-channel-late-failure-rm-qWPsle/debug/daemon/daemon.log
qwen serve listening on http://127.0.0.1:46335 (mode=http-bridge, workspace=/tmp/qws-channel-late-failure-rm-qWPsle/primary)
qwen serve: bound to workspace "/tmp/qws-channel-late-failure-rm-qWPsle/primary"
qwen serve: startup timing: processToListenMs=29075 runQwenServeToListenMs=2
2026-10-03T08:39:15.680Z [INFO] [DAEMON] ideEnvPresent=false primary=/tmp/qws-channel-late-failure-rm-qWPsle/primary secondary= daemon workspace roots initialized
2026-10-03T08:39:15.684Z [WARN] [DAEMON] session-pr-refresh load failed: [vitest] There was an error when mocking a module. If you are using "vi.mock" factory, make sure there are no top level variables inside, since this call is hoisted to top of the file. Read more: https://vitest.dev/api/vi.html#vi-mock
qwen serve: /acp WebSocket transport enabled on /acp
2026-10-03T08:39:15.687Z [INFO] [DAEMON] channels=ghost workspaceCwd=/tmp/qws-channel-late-failure-rm-qWPsle/broken restoring serve.channels for a workspace registered after boot
2026-10-03T08:39:15.687Z [ERROR] [DAEMON] workspaceCwd=/tmp/qws-channel-late-failure-rm-qWPsle/broken serve.channels for a workspace registered after boot were not restored: Channel "ghost" is not configured in any registered workspace, or its "cwd" points outside them.
2026-10-03T08:39:15.688Z [INFO] [DAEMON] route=POST /workspaces durationMs=3 status=201 request completed
2026-10-03T08:39:15.692Z [INFO] [DAEMON] route=GET /daemon/status durationMs=1 status=200 request completed
2026-10-03T08:39:15.693Z [INFO] [DAEMON] route=DELETE /workspaces/4c1f077ed1d1895f durationMs=1 status=200 request completed
2026-10-03T08:39:15.695Z [INFO] [DAEMON] route=GET /daemon/status durationMs=1 status=200 request completed
2026-10-03T08:39:15.695Z [INFO] [DAEMON] daemon stopped
qwen serve: scrubbed inherited loader env vars from the daemon process; session subprocesses will not inherit them: npm_config_userconfig, npm_config_prefix, npm_config_node_gyp, npm_config_globalconfig, npm_config_init_module
2026-10-03T08:39:15.702Z [INFO] [DAEMON] projectMemoryScope=workspace projectMemoryScopeRaw=workspace projectMemoryScopeSource=default project memory scope resolved
2026-10-03T08:39:15.702Z [INFO] [DAEMON] removedKeys=npm_config_userconfig,npm_config_prefix,npm_config_node_gyp,npm_config_globalconfig,npm_config_init_module scrubbed inherited loader env vars from the daemon process; session subprocesses will not inherit them
qwen serve: daemon log → /tmp/qws-channel-late-pair-o0icym/debug/daemon/daemon.log
qwen serve listening on https://127.0.0.1:42549 (mode=http-bridge, workspace=/tmp/qws-channel-late-pair-o0icym/primary)
qwen serve: bound to workspace "/tmp/qws-channel-late-pair-o0icym/primary"
qwen serve: startup timing: processToListenMs=29099 runQwenServeToListenMs=3
2026-10-03T08:39:15.703Z [INFO] [DAEMON] ideEnvPresent=false primary=/tmp/qws-channel-late-pair-o0icym/primary secondary= daemon workspace roots initialized
2026-10-03T08:39:15.707Z [WARN] [DAEMON] session-pr-refresh load failed: [vitest] There was an error when mocking a module. If you are using "vi.mock" factory, make sure there are no top level variables inside, since this call is hoisted to top of the file. Read more: https://vitest.dev/api/vi.html#vi-mock
qwen serve: /acp WebSocket transport enabled on /acp
2026-10-03T08:39:15.713Z [INFO] [DAEMON] channels=feishu workspaceCwd=/tmp/qws-channel-late-pair-o0icym/secondary restoring serve.channels for a workspace registered after boot
2026-10-03T08:39:15.741Z [INFO] [DAEMON] route=POST /workspaces durationMs=30 status=201 request completed
2026-10-03T08:39:15.744Z [INFO] [DAEMON] channels=telegram workspaceCwd=/tmp/qws-channel-late-pair-o0icym/tertiary restoring serve.channels for a workspace registered after boot
2026-10-03T08:39:15.744Z [INFO] [DAEMON] route=POST /workspaces durationMs=2 status=201 request completed
2026-10-03T08:39:15.747Z [INFO] [DAEMON] route=GET /workspace/channel durationMs=0 status=200 request completed
2026-10-03T08:39:15.748Z [INFO] [DAEMON] daemon stopped
qwen serve: scrubbed inherited loader env vars from the daemon process; session subprocesses will not inherit them: npm_config_userconfig, npm_config_prefix, npm_config_node_gyp, npm_config_globalconfig, npm_config_init_module
2026-10-03T08:39:15.756Z [INFO] [DAEMON] channels=shared requestedByWorkspace=shared@/tmp/qws-channel-late-claim-ruJMZM/hosting workspaceCwd=/tmp/qws-channel-late-claim-ruJMZM/primary restoring channels from workspace serve.channels
2026-10-03T08:39:15.756Z [INFO] [DAEMON] projectMemoryScope=workspace projectMemoryScopeRaw=workspace projectMemoryScopeSource=default project memory scope resolved
2026-10-03T08:39:15.756Z [INFO] [DAEMON] removedKeys=npm_config_userconfig,npm_config_prefix,npm_config_node_gyp,npm_config_globalconfig,npm_config_init_module scrubbed inherited loader env vars from the daemon process; session subprocesses will not inherit them
qwen serve: daemon log → /tmp/qws-channel-late-claim-ruJMZM/debug/daemon/daemon.log
2026-10-03T08:39:15.757Z [INFO] [DAEMON] channels=shared workspace=/tmp/qws-channel-late-claim-ruJMZM/hosting channel worker group assigned
qwen serve listening on http://127.0.0.1:44947 (mode=http-bridge, workspace=/tmp/qws-channel-late-claim-ruJMZM/primary)
qwen serve: bound to workspace "/tmp/qws-channel-late-claim-ruJMZM/primary"
qwen serve: startup timing: processToListenMs=29153 runQwenServeToListenMs=4
2026-10-03T08:39:15.758Z [INFO] [DAEMON] ideEnvPresent=false primary=/tmp/qws-channel-late-claim-ruJMZM/primary secondary= daemon workspace roots initialized
2026-10-03T08:39:15.762Z [WARN] [DAEMON] session-pr-refresh load failed: [vitest] There was an error when mocking a module. If you are using "vi.mock" factory, make sure there are no top level variables inside, since this call is hoisted to top of the file. Read more: https://vitest.dev/api/vi.html#vi-mock
qwen serve: /acp WebSocket transport enabled on /acp
2026-10-03T08:39:15.763Z [INFO] [DAEMON] channels=shared workspace=/tmp/qws-channel-late-claim-ruJMZM/hosting channel worker ready
2026-10-03T08:39:15.765Z [INFO] [DAEMON] channels=shared workspaceCwd=/tmp/qws-channel-late-claim-ruJMZM/claimant restoring serve.channels for a workspace registered after boot
2026-10-03T08:39:15.766Z [INFO] [DAEMON] route=POST /workspaces durationMs=2 status=201 request completed
2026-10-03T08:39:15.867Z [INFO] [DAEMON] route=GET /workspace/channel durationMs=0 status=200 request completed
2026-10-03T08:39:15.868Z [INFO] [DAEMON] daemon stopped
qwen serve: scrubbed inherited loader env vars from the daemon process; session subprocesses will not inherit them: npm_config_userconfig, npm_config_prefix, npm_config_node_gyp, npm_config_globalconfig, npm_config_init_module
2026-10-03T08:39:15.874Z [INFO] [DAEMON] channels=shared,other requestedByWorkspace=shared@/tmp/qws-channel-late-hosted-once-XZ610B/hosting,other@/tmp/qws-channel-late-hosted-once-XZ610B/hosting workspaceCwd=/tmp/qws-channel-late-hosted-once-XZ610B/primary restoring channels from workspace serve.channels
2026-10-03T08:39:15.874Z [INFO] [DAEMON] projectMemoryScope=workspace projectMemoryScopeRaw=workspace projectMemoryScopeSource=default project memory scope resolved
2026-10-03T08:39:15.874Z [INFO] [DAEMON] removedKeys=npm_config_userconfig,npm_config_prefix,npm_config_node_gyp,npm_config_globalconfig,npm_config_init_module scrubbed inherited loader env vars from the daemon process; session subprocesses will not inherit them
qwen serve: daemon log → /tmp/qws-channel-late-hosted-once-XZ610B/debug/daemon/daemon.log
2026-10-03T08:39:15.875Z [INFO] [DAEMON] channels=shared,other workspace=/tmp/qws-channel-late-hosted-once-XZ610B/hosting channel worker group assigned
qwen serve listening on http://127.0.0.1:35381 (mode=http-bridge, workspace=/tmp/qws-channel-late-hosted-once-XZ610B/primary)
qwen serve: bound to workspace "/tmp/qws-channel-late-hosted-once-XZ610B/primary"
qwen serve: startup timing: processToListenMs=29271 runQwenServeToListenMs=2
2026-10-03T08:39:15.876Z [INFO] [DAEMON] ideEnvPresent=false primary=/tmp/qws-channel-late-hosted-once-XZ610B/primary secondary= daemon workspace roots initialized
2026-10-03T08:39:15.881Z [WARN] [DAEMON] session-pr-refresh load failed: [vitest] There was an error when mocking a module. If you are using "vi.mock" factory, make sure there are no top level variables inside, since this call is hoisted to top of the file. Read more: https://vitest.dev/api/vi.html#vi-mock
qwen serve: /acp WebSocket transport enabled on /acp
2026-10-03T08:39:15.884Z [INFO] [DAEMON] channels=shared,other workspace=/tmp/qws-channel-late-hosted-once-XZ610B/hosting channel worker ready
2026-10-03T08:39:15.887Z [INFO] [DAEMON] channels=shared,other workspaceCwd=/tmp/qws-channel-late-hosted-once-XZ610B/claimant restoring serve.channels for a workspace registered after boot
2026-10-03T08:39:15.887Z [INFO] [DAEMON] route=POST /workspaces durationMs=2 status=201 request completed
2026-10-03T08:39:15.989Z [INFO] [DAEMON] route=PUT /workspace/channel durationMs=1 status=200 request completed
2026-10-03T08:39:15.991Z [INFO] [DAEMON] route=DELETE /workspaces/1d8826f1c236530d durationMs=1 status=200 request completed
2026-10-03T08:39:15.993Z [INFO] [DAEMON] route=POST /workspaces durationMs=2 status=201 request completed
2026-10-03T08:39:16.094Z [INFO] [DAEMON] route=GET /workspace/channel durationMs=0 status=200 request completed
2026-10-03T08:39:16.095Z [INFO] [DAEMON] daemon stopped
qwen serve: scrubbed inherited loader env vars from the daemon process; session subprocesses will not inherit them: npm_config_userconfig, npm_config_prefix, npm_config_node_gyp, npm_config_globalconfig, npm_config_init_module
2026-10-03T08:39:16.102Z [INFO] [DAEMON] projectMemoryScope=workspace projectMemoryScopeRaw=workspace projectMemoryScopeSource=default project memory scope resolved
2026-10-03T08:39:16.102Z [INFO] [DAEMON] removedKeys=npm_config_userconfig,npm_config_prefix,npm_config_node_gyp,npm_config_globalconfig,npm_config_init_module scrubbed inherited loader env vars from the daemon process; session subprocesses will not inherit them
qwen serve: daemon log → /tmp/qws-run-serve-tests-3G3ZdQ/debug/daemon/daemon.log
2026-10-03T08:39:16.103Z [INFO] [DAEMON] ideEnvPresent=false primary=/tmp/qws-channel-explicit-0rOuc8 secondary= daemon workspace roots initialized
2026-10-03T08:39:16.108Z [WARN] [DAEMON] session-pr-refresh load failed: [vitest] There was an error when mocking a module. If you are using "vi.mock" factory, make sure there are no top level variables inside, since this call is hoisted to top of the file. Read more: https://vitest.dev/api/vi.html#vi-mock
qwen serve listening on http://127.0.0.1:37021 (mode=http-bridge, workspace=/tmp/qws-channel-explicit-0rOuc8)
qwen serve: bound to workspace "/tmp/qws-channel-explicit-0rOuc8"
qwen serve: startup timing: processToListenMs=29504 runQwenServeToListenMs=7
qwen serve: trusted loopback mode; local callers have full API access without bearer authentication, including code execution as the daemon user. Use --require-auth with QWEN_SERVER_TOKEN on shared or untrusted hosts.
qwen serve: /acp WebSocket transport enabled on /acp
2026-10-03T08:39:16.109Z [INFO] [DAEMON] daemon stopped
qwen serve listening on http://127.0.0.1:43681 (mode=http-bridge, workspace=/tmp/qws-channel-invalid-startup-5aBucN)
qwen serve listening on http://127.0.0.1:40721 (mode=http-bridge, workspace=/tmp/qws-channel-invalid-startup-Tk8WlH)
qwen serve listening on http://127.0.0.1:43931 (mode=http-bridge, workspace=/tmp/qws-channel-invalid-startup-f6A5vp)
qwen serve listening on http://127.0.0.1:33031 (mode=http-bridge, workspace=/tmp/qws-channel-invalid-startup-mW0Bwm)
qwen serve listening on http://127.0.0.1:38921 (mode=http-bridge, workspace=/tmp/qws-channel-unsafe-startup-dHKs6j)
qwen serve: scrubbed inherited loader env vars from the daemon process; session subprocesses will not inherit them: npm_config_userconfig, npm_config_prefix, npm_config_node_gyp, npm_config_globalconfig, npm_config_init_module
2026-10-03T08:39:16.185Z [INFO] [DAEMON] channels=telegram workspaceCwd=/tmp/qws-channel-untrusted-startup-Tb8ald restoring channels from workspace serve.channels
2026-10-03T08:39:16.185Z [INFO] [DAEMON] projectMemoryScope=workspace projectMemoryScopeRaw=workspace projectMemoryScopeSource=default project memory scope resolved
2026-10-03T08:39:16.185Z [INFO] [DAEMON] removedKeys=npm_config_userconfig,npm_config_prefix,npm_config_node_gyp,npm_config_globalconfig,npm_config_init_module scrubbed inherited loader env vars from the daemon process; session subprocesses will not inherit them
qwen serve: daemon log → /tmp/qws-run-serve-tests-3G3ZdQ/debug/daemon/daemon.log
2026-10-03T08:39:16.186Z [INFO] [DAEMON] ideEnvPresent=false primary=/tmp/qws-channel-untrusted-startup-Tb8ald secondary= daemon workspace roots initialized
2026-10-03T08:39:16.191Z [WARN] [DAEMON] session-pr-refresh load failed: [vitest] There was an error when mocking a module. If you are using "vi.mock" factory, make sure there are no top level variables inside, since this call is hoisted to top of the file. Read more: https://vitest.dev/api/vi.html#vi-mock
qwen serve: workspace serve.channels was not restored: Primary workspace "/tmp/qws-channel-untrusted-startup-Tb8ald" is not trusted; cannot host channels. Continuing without channels.
2026-10-03T08:39:16.192Z [WARN] [DAEMON] workspace serve.channels was not restored: Primary workspace "/tmp/qws-channel-untrusted-startup-Tb8ald" is not trusted; cannot host channels. Continuing without channels
qwen serve listening on http://127.0.0.1:37551 (mode=http-bridge, workspace=/tmp/qws-channel-untrusted-startup-Tb8ald)
qwen serve: bound to workspace "/tmp/qws-channel-untrusted-startup-Tb8ald"
qwen serve: startup timing: processToListenMs=29588 runQwenServeToListenMs=8
qwen serve: trusted loopback mode; local callers have full API access without bearer authentication, including code execution as the daemon user. Use --require-auth with QWEN_SERVER_TOKEN on shared or untrusted hosts.
qwen serve: /acp WebSocket transport enabled on /acp
2026-10-03T08:39:16.193Z [INFO] [DAEMON] daemon stopped
qwen serve: scrubbed inherited loader env vars from the daemon process; session subprocesses will not inherit them: npm_config_userconfig, npm_config_prefix, npm_config_node_gyp, npm_config_globalconfig, npm_config_init_module
2026-10-03T08:39:16.199Z [INFO] [DAEMON] channels=telegram workspaceCwd=/tmp/qws-channel-busy-startup-ahRQpW restoring channels from workspace serve.channels
2026-10-03T08:39:16.199Z [INFO] [DAEMON] projectMemoryScope=workspace projectMemoryScopeRaw=workspace projectMemoryScopeSource=default project memory scope resolved
2026-10-03T08:39:16.199Z [INFO] [DAEMON] removedKeys=npm_config_userconfig,npm_config_prefix,npm_config_node_gyp,npm_config_globalconfig,npm_config_init_module scrubbed inherited loader env vars from the daemon process; session subprocesses will not inherit them
qwen serve: daemon log → /tmp/qws-run-serve-tests-3G3ZdQ/debug/daemon/daemon.log
2026-10-03T08:39:16.200Z [INFO] [DAEMON] ideEnvPresent=false primary=/tmp/qws-channel-busy-startup-ahRQpW secondary= daemon workspace roots initialized
2026-10-03T08:39:16.204Z [WARN] [DAEMON] session-pr-refresh load failed: [vitest] There was an error when mocking a module. If you are using "vi.mock" factory, make sure there are no top level variables inside, since this call is hoisted to top of the file. Read more: https://vitest.dev/api/vi.html#vi-mock
qwen serve: workspace serve.channels was not restored: Channel service is already running under qwen channel start (PID 9988). Stop it before enabling daemon-managed channels. Continuing without channels.
2026-10-03T08:39:16.205Z [WARN] [DAEMON] workspace serve.channels was not restored: Channel service is already running under qwen channel start (PID 9988). Stop it before enabling daemon-managed channels. Continuing without channels
qwen serve listening on http://127.0.0.1:38623 (mode=http-bridge, workspace=/tmp/qws-channel-busy-startup-ahRQpW)
qwen serve: bound to workspace "/tmp/qws-channel-busy-startup-ahRQpW"
qwen serve: startup timing: processToListenMs=29601 runQwenServeToListenMs=7
qwen serve: trusted loopback mode; local callers have full API access without bearer authentication, including code execution as the daemon user. Use --require-auth with QWEN_SERVER_TOKEN on shared or untrusted hosts.
qwen serve: /acp WebSocket transport enabled on /acp
2026-10-03T08:39:16.206Z [INFO] [DAEMON] daemon stopped
qwen serve listening on http://127.0.0.1:34715 (mode=http-bridge, workspace=/tmp/qws-channel-failed-startup-uXdhjM)
qwen serve: scrubbed inherited loader env vars from the daemon process; session subprocesses will not inherit them: npm_config_userconfig, npm_config_prefix, npm_config_node_gyp, npm_config_globalconfig, npm_config_init_module
2026-10-03T08:39:16.286Z [INFO] [DAEMON] channels=telegram workspaceCwd=/tmp/qws-channel-manager-startup-obwOKf restoring channels from workspace serve.channels
2026-10-03T08:39:16.286Z [INFO] [DAEMON] projectMemoryScope=workspace projectMemoryScopeRaw=workspace projectMemoryScopeSource=default project memory scope resolved
2026-10-03T08:39:16.286Z [INFO] [DAEMON] removedKeys=npm_config_userconfig,npm_config_prefix,npm_config_node_gyp,npm_config_globalconfig,npm_config_init_module scrubbed inherited loader env vars from the daemon process; session subprocesses will not inherit them
qwen serve: daemon log → /tmp/qws-run-serve-tests-3G3ZdQ/debug/daemon/daemon.log
2026-10-03T08:39:16.287Z [INFO] [DAEMON] ideEnvPresent=false primary=/tmp/qws-channel-manager-startup-obwOKf secondary= daemon workspace roots initialized
2026-10-03T08:39:16.291Z [WARN] [DAEMON] session-pr-refresh load failed: [vitest] There was an error when mocking a module. If you are using "vi.mock" factory, make sure there are no top level variables inside, since this call is hoisted to top of the file. Read more: https://vitest.dev/api/vi.html#vi-mock
qwen serve listening on http://127.0.0.1:41087 (mode=http-bridge, workspace=/tmp/qws-channel-manager-startup-obwOKf)
qwen serve: bound to workspace "/tmp/qws-channel-manager-startup-obwOKf"
qwen serve: startup timing: processToListenMs=29687 runQwenServeToListenMs=7
qwen serve: /acp WebSocket transport enabled on /acp
qwen serve: workspace serve.channels was not restored: manager construction sentinel. Continuing without channels.
2026-10-03T08:39:16.291Z [WARN] [DAEMON] workspace serve.channels was not restored: manager construction sentinel. Continuing without channels
2026-10-03T08:39:16.293Z [INFO] [DAEMON] daemon stopped
qwen serve listening on http://127.0.0.1:43413 (mode=http-bridge, workspace=/tmp/qws-channel-manager-cleanup-9tZjL8)
qwen serve listening on http://127.0.0.1:38881 (mode=http-bridge, workspace=/tmp/qws-channel-cleanup-startup-aG4qSZ)
qwen serve: scrubbed inherited loader env vars from the daemon process; session subprocesses will not inherit them: npm_config_userconfig, npm_config_prefix, npm_config_node_gyp, npm_config_globalconfig, npm_config_init_module
2026-10-03T08:39:16.330Z [INFO] [DAEMON] projectMemoryScope=workspace projectMemoryScopeRaw=workspace projectMemoryScopeSource=default project memory scope resolved
2026-10-03T08:39:16.330Z [INFO] [DAEMON] removedKeys=npm_config_userconfig,npm_config_prefix,npm_config_node_gyp,npm_config_globalconfig,npm_config_init_module scrubbed inherited loader env vars from the daemon process; session subprocesses will not inherit them
qwen serve: daemon log → /tmp/qws-run-serve-tests-3G3ZdQ/debug/daemon/daemon.log
2026-10-03T08:39:16.331Z [INFO] [DAEMON] ideEnvPresent=false primary=/tmp/qws-channel-runtime-control-Ppvgbg secondary= daemon workspace roots initialized
2026-10-03T08:39:16.335Z [WARN] [DAEMON] session-pr-refresh load failed: [vitest] There was an error when mocking a module. If you are using "vi.mock" factory, make sure there are no top level variables inside, since this call is hoisted to top of the file. Read more: https://vitest.dev/api/vi.html#vi-mock
qwen serve listening on http://127.0.0.1:38393 (mode=http-bridge, workspace=/tmp/qws-channel-runtime-control-Ppvgbg)
qwen serve: bound to workspace "/tmp/qws-channel-runtime-control-Ppvgbg"
qwen serve: startup timing: processToListenMs=29731 runQwenServeToListenMs=7
qwen serve: /acp WebSocket transport enabled on /acp
2026-10-03T08:39:16.337Z [INFO] [DAEMON] route=GET /capabilities durationMs=1 status=200 request completed
2026-10-03T08:39:16.339Z [INFO] [DAEMON] route=GET /workspace/channels durationMs=1 status=200 request completed
2026-10-03T08:39:16.340Z [INFO] [DAEMON] route=PUT /workspace/channel durationMs=1 status=201 request completed
2026-10-03T08:39:16.342Z [INFO] [DAEMON] route=GET /capabilities durationMs=0 status=200 request completed
2026-10-03T08:39:16.343Z [INFO] [DAEMON] route=PUT /workspace/channel durationMs=0 status=200 request completed
2026-10-03T08:39:16.344Z [INFO] [DAEMON] route=DELETE /workspace/channel durationMs=0 status=200 request completed
2026-10-03T08:39:16.345Z [INFO] [DAEMON] route=GET /capabilities durationMs=0 status=200 request completed
2026-10-03T08:39:16.346Z [INFO] [DAEMON] daemon stopped
qwen serve: scrubbed inherited loader env vars from the daemon process; session subprocesses will not inherit them: npm_config_userconfig, npm_config_prefix, npm_config_node_gyp, npm_config_globalconfig, npm_config_init_module
2026-10-03T08:39:16.354Z [INFO] [DAEMON] projectMemoryScope=workspace projectMemoryScopeRaw=workspace projectMemoryScopeSource=default project memory scope resolved
2026-10-03T08:39:16.354Z [INFO] [DAEMON] removedKeys=npm_config_userconfig,npm_config_prefix,npm_config_node_gyp,npm_config_globalconfig,npm_config_init_module scrubbed inherited loader env vars from the daemon process; session subprocesses will not inherit them
qwen serve: daemon log → /tmp/qws-run-serve-tests-3G3ZdQ/debug/daemon/daemon.log
2026-10-03T08:39:16.355Z [INFO] [DAEMON] ideEnvPresent=false primary=/tmp/qws-channel-runtime-race-zHELpO secondary= daemon workspace roots initialized
2026-10-03T08:39:16.359Z [WARN] [DAEMON] session-pr-refresh load failed: [vitest] There was an error when mocking a module. If you are using "vi.mock" factory, make sure there are no top level variables inside, since this call is hoisted to top of the file. Read more: https://vitest.dev/api/vi.html#vi-mock
qwen serve listening on http://127.0.0.1:37645 (mode=http-bridge, workspace=/tmp/qws-channel-runtime-race-zHELpO)
qwen serve: bound to workspace "/tmp/qws-channel-runtime-race-zHELpO"
qwen serve: startup timing: processToListenMs=29756 runQwenServeToListenMs=9
qwen serve: /acp WebSocket transport enabled on /acp
2026-10-03T08:39:16.362Z [INFO] [DAEMON] route=PUT /workspace/channel durationMs=1 status=201 request completed
2026-10-03T08:39:16.362Z [INFO] [DAEMON] route=PUT /workspace/channel durationMs=0 status=200 request completed
2026-10-03T08:39:16.363Z [INFO] [DAEMON] daemon stopped
qwen serve: scrubbed inherited loader env vars from the daemon process; session subprocesses will not inherit them: npm_config_userconfig, npm_config_prefix, npm_config_node_gyp, npm_config_globalconfig, npm_config_init_module
2026-10-03T08:39:16.369Z [INFO] [DAEMON] projectMemoryScope=workspace projectMemoryScopeRaw=workspace projectMemoryScopeSource=default project memory scope resolved
2026-10-03T08:39:16.369Z [INFO] [DAEMON] removedKeys=npm_config_userconfig,npm_config_prefix,npm_config_node_gyp,npm_config_globalconfig,npm_config_init_module scrubbed inherited loader env vars from the daemon process; session subprocesses will not inherit them
qwen serve: daemon log → /tmp/qws-run-serve-tests-3G3ZdQ/debug/daemon/daemon.log
2026-10-03T08:39:16.370Z [INFO] [DAEMON] ideEnvPresent=false primary=/tmp/qws-channel-runtime-fifo-aa2BG3 secondary= daemon workspace roots initialized
2026-10-03T08:39:16.375Z [WARN] [DAEMON] session-pr-refresh load failed: [vitest] There was an error when mocking a module. If you are using "vi.mock" factory, make sure there are no top level variables inside, since this call is hoisted to top of the file. Read more: https://vitest.dev/api/vi.html#vi-mock
qwen serve: bound to workspace "/tmp/qws-channel-runtime-fifo-aa2BG3"
qwen serve: startup timing: processToListenMs=29771 runQwenServeToListenMs=7
qwen serve listening on http://127.0.0.1:43087 (mode=http-bridge, workspace=/tmp/qws-channel-runtime-fifo-aa2BG3)
qwen serve: /acp WebSocket transport enabled on /acp
2026-10-03T08:39:16.376Z [INFO] [DAEMON] daemon stopped
qwen serve: scrubbed inherited loader env vars from the daemon process; session subprocesses will not inherit them: npm_config_userconfig, npm_config_prefix, npm_config_node_gyp, npm_config_globalconfig, npm_config_init_module
2026-10-03T08:39:16.384Z [INFO] [DAEMON] projectMemoryScope=workspace projectMemoryScopeRaw=workspace projectMemoryScopeSource=default project memory scope resolved
2026-10-03T08:39:16.384Z [INFO] [DAEMON] removedKeys=npm_config_userconfig,npm_config_prefix,npm_config_node_gyp,npm_config_globalconfig,npm_config_init_module scrubbed inherited loader env vars from the daemon process; session subprocesses will not inherit them
qwen serve: daemon log → /tmp/qws-run-serve-tests-3G3ZdQ/debug/daemon/daemon.log
2026-10-03T08:39:16.384Z [INFO] [DAEMON] ideEnvPresent=false primary=/tmp/qws-channel-runtime-drain-E3Go0E secondary= daemon workspace roots initialized
2026-10-03T08:39:16.389Z [WARN] [DAEMON] session-pr-refresh load failed: [vitest] There was an error when mocking a module. If you are using "vi.mock" factory, make sure there are no top level variables inside, since this call is hoisted to top of the file. Read more: https://vitest.dev/api/vi.html#vi-mock
qwen serve listening on http://127.0.0.1:36739 (mode=http-bridge, workspace=/tmp/qws-channel-runtime-drain-E3Go0E)
qwen serve: bound to workspace "/tmp/qws-channel-runtime-drain-E3Go0E"
qwen serve: startup timing: processToListenMs=29785 runQwenServeToListenMs=6
qwen serve: /acp WebSocket transport enabled on /acp
2026-10-03T08:39:16.389Z [INFO] [DAEMON] daemon stopped
qwen serve: scrubbed inherited loader env vars from the daemon process; session subprocesses will not inherit them: npm_config_userconfig, npm_config_prefix, npm_config_node_gyp, npm_config_globalconfig, npm_config_init_module
2026-10-03T08:39:16.395Z [INFO] [DAEMON] projectMemoryScope=workspace projectMemoryScopeRaw=workspace projectMemoryScopeSource=default project memory scope resolved
2026-10-03T08:39:16.395Z [INFO] [DAEMON] removedKeys=npm_config_userconfig,npm_config_prefix,npm_config_node_gyp,npm_config_globalconfig,npm_config_init_module scrubbed inherited loader env vars from the daemon process; session subprocesses will not inherit them
qwen serve: daemon log → /tmp/qws-run-serve-tests-3G3ZdQ/debug/daemon/daemon.log
2026-10-03T08:39:16.396Z [INFO] [DAEMON] ideEnvPresent=false primary=/tmp/qws-channel-runtime-unknown-islSnC secondary= daemon workspace roots initialized
2026-10-03T08:39:16.400Z [WARN] [DAEMON] session-pr-refresh load failed: [vitest] There was an error when mocking a module. If you are using "vi.mock" factory, make sure there are no top level variables inside, since this call is hoisted to top of the file. Read more: https://vitest.dev/api/vi.html#vi-mock
qwen serve listening on http://127.0.0.1:39279 (mode=http-bridge, workspace=/tmp/qws-channel-runtime-unknown-islSnC)
qwen serve: bound to workspace "/tmp/qws-channel-runtime-unknown-islSnC"
qwen serve: startup timing: processToListenMs=29796 runQwenServeToListenMs=6
qwen serve: /acp WebSocket transport enabled on /acp
2026-10-03T08:39:16.403Z [WARN] [DAEMON] route=PUT /workspace/channel durationMs=1 status=400 request completed
2026-10-03T08:39:16.404Z [INFO] [DAEMON] daemon stopped
qwen serve: scrubbed inherited loader env vars from the daemon process; session subprocesses will not inherit them: npm_config_userconfig, npm_config_prefix, npm_config_node_gyp, npm_config_globalconfig, npm_config_init_module
2026-10-03T08:39:16.410Z [INFO] [DAEMON] projectMemoryScope=workspace projectMemoryScopeRaw=workspace projectMemoryScopeSource=default project memory scope resolved
2026-10-03T08:39:16.410Z [INFO] [DAEMON] removedKeys=npm_config_userconfig,npm_config_prefix,npm_config_node_gyp,npm_config_globalconfig,npm_config_init_module scrubbed inherited loader env vars from the daemon process; session subprocesses will not inherit them
qwen serve: daemon log → /tmp/qws-run-serve-tests-3G3ZdQ/debug/daemon/daemon.log
2026-10-03T08:39:16.411Z [INFO] [DAEMON] ideEnvPresent=false primary=/tmp/qws-channel-runtime-conflict-40OM18 secondary= daemon workspace roots initialized
2026-10-03T08:39:16.416Z [WARN] [DAEMON] session-pr-refresh load failed: [vitest] There was an error when mocking a module. If you are using "vi.mock" factory, make sure there are no top level variables inside, since this call is hoisted to top of the file. Read more: https://vitest.dev/api/vi.html#vi-mock
qwen serve listening on http://127.0.0.1:46483 (mode=http-bridge, workspace=/tmp/qws-channel-runtime-conflict-40OM18)
qwen serve: bound to workspace "/tmp/qws-channel-runtime-conflict-40OM18"
qwen serve: startup timing: processToListenMs=29812 runQwenServeToListenMs=7
qwen serve: /acp WebSocket transport enabled on /acp
2026-10-03T08:39:16.417Z [WARN] [DAEMON] route=PUT /workspace/channel durationMs=1 status=409 request completed
2026-10-03T08:39:16.418Z [INFO] [DAEMON] daemon stopped
qwen serve: scrubbed inherited loader env vars from the daemon process; session subprocesses will not inherit them: npm_config_userconfig, npm_config_prefix, npm_config_node_gyp, npm_config_globalconfig, npm_config_init_module
2026-10-03T08:39:16.424Z [INFO] [DAEMON] projectMemoryScope=workspace projectMemoryScopeRaw=workspace projectMemoryScopeSource=default project memory scope resolved
2026-10-03T08:39:16.424Z [INFO] [DAEMON] removedKeys=npm_config_userconfig,npm_config_prefix,npm_config_node_gyp,npm_config_globalconfig,npm_config_init_module scrubbed inherited loader env vars from the daemon process; session subprocesses will not inherit them
qwen serve: daemon log → /tmp/qws-run-serve-tests-3G3ZdQ/debug/daemon/daemon.log
2026-10-03T08:39:16.425Z [INFO] [DAEMON] ideEnvPresent=false primary=/tmp/qws-channel-runtime-race-iX4nd0 secondary= daemon workspace roots initialized
2026-10-03T08:39:16.431Z [WARN] [DAEMON] session-pr-refresh load failed: [vitest] There was an error when mocking a module. If you are using "vi.mock" factory, make sure there are no top level variables inside, since this call is hoisted to top of the file. Read more: https://vitest.dev/api/vi.html#vi-mock
qwen serve listening on http://127.0.0.1:46441 (mode=http-bridge, workspace=/tmp/qws-channel-runtime-race-iX4nd0)
qwen serve: bound to workspace "/tmp/qws-channel-runtime-race-iX4nd0"
qwen serve: startup timing: processToListenMs=29827 runQwenServeToListenMs=9
qwen serve: /acp WebSocket transport enabled on /acp
2026-10-03T08:39:16.433Z [WARN] [DAEMON] route=PUT /workspace/channel durationMs=1 status=409 request completed
2026-10-03T08:39:16.433Z [INFO] [DAEMON] daemon stopped
qwen serve: scrubbed inherited loader env vars from the daemon process; session subprocesses will not inherit them: npm_config_userconfig, npm_config_prefix, npm_config_node_gyp, npm_config_globalconfig, npm_config_init_module
2026-10-03T08:39:16.439Z [INFO] [DAEMON] projectMemoryScope=workspace projectMemoryScopeRaw=workspace projectMemoryScopeSource=default project memory scope resolved
2026-10-03T08:39:16.440Z [INFO] [DAEMON] removedKeys=npm_config_userconfig,npm_config_prefix,npm_config_node_gyp,npm_config_globalconfig,npm_config_init_module scrubbed inherited loader env vars from the daemon process; session subprocesses will not inherit them
qwen serve: daemon log → /tmp/qws-run-serve-tests-3G3ZdQ/debug/daemon/daemon.log
2026-10-03T08:39:16.440Z [INFO] [DAEMON] ideEnvPresent=false primary=/tmp/qws-channel-worker-fail-DLX8TW secondary= daemon workspace roots initialized
2026-10-03T08:39:16.444Z [WARN] [DAEMON] session-pr-refresh load failed: [vitest] There was an error when mocking a module. If you are using "vi.mock" factory, make sure there are no top level variables inside, since this call is hoisted to top of the file. Read more: https://vitest.dev/api/vi.html#vi-mock
qwen serve listening on http://127.0.0.1:40723 (mode=http-bridge, workspace=/tmp/qws-channel-worker-fail-DLX8TW)
qwen serve: bound to workspace "/tmp/qws-channel-worker-fail-DLX8TW"
qwen serve: startup timing: processToListenMs=29841 runQwenServeToListenMs=7
qwen serve: trusted loopback mode; local callers have full API access without bearer authentication, including code execution as the daemon user. Use --require-auth with QWEN_SERVER_TOKEN on shared or untrusted hosts.
qwen serve: runtime startup failed: worker boom
2026-10-03T08:39:16.445Z [ERROR] [DAEMON] runtime startup failed
  ChannelWorkerControlError: worker boom
      at applySelection (/root/verify/pr11071-r4/head/packages/cli/src/serve/channel-worker-manager.ts:455:15)
      at processTicksAndRejections (node:internal/process/task_queues:103:5)
      at /root/verify/pr11071-r4/head/packages/cli/src/serve/channel-worker-manager.ts:555:9
2026-10-03T08:39:16.446Z [INFO] [DAEMON] daemon stopped
qwen serve: scrubbed inherited loader env vars from the daemon process; session subprocesses will not inherit them: npm_config_userconfig, npm_config_prefix, npm_config_node_gyp, npm_config_globalconfig, npm_config_init_module
2026-10-03T08:39:16.452Z [INFO] [DAEMON] projectMemoryScope=workspace projectMemoryScopeRaw=workspace projectMemoryScopeSource=default project memory scope resolved
2026-10-03T08:39:16.452Z [INFO] [DAEMON] removedKeys=npm_config_userconfig,npm_config_prefix,npm_config_node_gyp,npm_config_globalconfig,npm_config_init_module scrubbed inherited loader env vars from the daemon process; session subprocesses will not inherit them
qwen serve: daemon log → /tmp/qws-run-serve-tests-3G3ZdQ/debug/daemon/daemon.log
2026-10-03T08:39:16.453Z [INFO] [DAEMON] ideEnvPresent=false primary=/tmp/qws-channel-worker-reload-uv8FZP secondary= daemon workspace roots initialized
2026-10-03T08:39:16.459Z [WARN] [DAEMON] session-pr-refresh load failed: [vitest] There was an error when mocking a module. If you are using "vi.mock" factory, make sure there are no top level variables inside, since this call is hoisted to top of the file. Read more: https://vitest.dev/api/vi.html#vi-mock
qwen serve listening on http://127.0.0.1:34671 (mode=http-bridge, workspace=/tmp/qws-channel-worker-reload-uv8FZP)
qwen serve: bound to workspace "/tmp/qws-channel-worker-reload-uv8FZP"
qwen serve: startup timing: processToListenMs=29856 runQwenServeToListenMs=9
qwen serve: /acp WebSocket transport enabled on /acp
2026-10-03T08:39:16.462Z [INFO] [DAEMON] route=POST /workspace/channel/reload durationMs=1 status=200 request completed
2026-10-03T08:39:16.463Z [INFO] [DAEMON] daemon stopped
qwen serve: scrubbed inherited loader env vars from the daemon process; session subprocesses will not inherit them: npm_config_userconfig, npm_config_prefix, npm_config_node_gyp, npm_config_globalconfig, npm_config_init_module
2026-10-03T08:39:16.469Z [INFO] [DAEMON] projectMemoryScope=workspace projectMemoryScopeRaw=workspace projectMemoryScopeSource=default project memory scope resolved
2026-10-03T08:39:16.469Z [INFO] [DAEMON] removedKeys=npm_config_userconfig,npm_config_prefix,npm_config_node_gyp,npm_config_globalconfig,npm_config_init_module scrubbed inherited loader env vars from the daemon process; session subprocesses will not inherit them
qwen serve: daemon log → /tmp/qws-channel-worker-plan-x6ktzO/debug/daemon/daemon.log
2026-10-03T08:39:16.470Z [ERROR] [DAEMON] daemon startup failed
  Error: Channel "telegram" is configured in multiple registered workspaces (/tmp/qws-channel-worker-plan-x6ktzO/primary, /tmp/qws-channel-worker-plan-x6ktzO/secondary). Define it in one workspace's settings or set an explicit "cwd".
      at resolveChannelWorkspaceGroupsAtListen (/root/verify/pr11071-r4/head/packages/cli/src/serve/run-qwen-serve.ts:8992:27)
      at onListening (/root/verify/pr11071-r4/head/packages/cli/src/serve/run-qwen-serve.ts:10439:26)
      at Server.handleListening (/root/verify/pr11071-r4/head/packages/cli/src/serve/run-qwen-serve.ts:10803:9)
      at Object.onceWrapper (node:events:633:28)
      at Server.emit (node:events:531:35)
      at emitListeningNT (node:net:1983:10)
      at processTicksAndRejections (node:internal/process/task_queues:88:21)
qwen serve: scrubbed inherited loader env vars from the daemon process; session subprocesses will not inherit them: npm_config_userconfig, npm_config_prefix, npm_config_node_gyp, npm_config_globalconfig, npm_config_init_module
2026-10-03T08:39:16.476Z [INFO] [DAEMON] projectMemoryScope=workspace projectMemoryScopeRaw=workspace projectMemoryScopeSource=default project memory scope resolved
2026-10-03T08:39:16.476Z [INFO] [DAEMON] removedKeys=npm_config_userconfig,npm_config_prefix,npm_config_node_gyp,npm_config_globalconfig,npm_config_init_module scrubbed inherited loader env vars from the daemon process; session subprocesses will not inherit them
qwen serve: daemon log → /tmp/qws-dynamic-worker-pidfile-lROR1Q/debug/daemon/daemon.log
qwen serve listening on http://127.0.0.1:33177 (mode=http-bridge, workspace=/tmp/qws-dynamic-worker-pidfile-lROR1Q/primary)
qwen serve: bound to workspace "/tmp/qws-dynamic-worker-pidfile-lROR1Q/primary"
qwen serve: startup timing: processToListenMs=29872 runQwenServeToListenMs=2
2026-10-03T08:39:16.477Z [INFO] [DAEMON] ideEnvPresent=false primary=/tmp/qws-dynamic-worker-pidfile-lROR1Q/primary secondary= daemon workspace roots initialized
2026-10-03T08:39:16.480Z [WARN] [DAEMON] session-pr-refresh load failed: [vitest] There was an error when mocking a module. If you are using "vi.mock" factory, make sure there are no top level variables inside, since this call is hoisted to top of the file. Read more: https://vitest.dev/api/vi.html#vi-mock
qwen serve: /acp WebSocket transport enabled on /acp
2026-10-03T08:39:16.485Z [INFO] [DAEMON] route=POST /workspaces durationMs=2 status=201 request completed
2026-10-03T08:39:16.487Z [INFO] [DAEMON] route=PUT /workspace/channel durationMs=1 status=201 request completed
2026-10-03T08:39:16.488Z [INFO] [DAEMON] daemon stopped
qwen serve: scrubbed inherited loader env vars from the daemon process; session subprocesses will not inherit them: npm_config_userconfig, npm_config_prefix, npm_config_node_gyp, npm_config_globalconfig, npm_config_init_module
2026-10-03T08:39:16.494Z [INFO] [DAEMON] projectMemoryScope=workspace projectMemoryScopeRaw=workspace projectMemoryScopeSource=default project memory scope resolved
2026-10-03T08:39:16.494Z [INFO] [DAEMON] removedKeys=npm_config_userconfig,npm_config_prefix,npm_config_node_gyp,npm_config_globalconfig,npm_config_init_module scrubbed inherited loader env vars from the daemon process; session subprocesses will not inherit them
qwen serve: daemon log → /tmp/qws-channel-worker-groups-MCflWU/debug/daemon/daemon.log
2026-10-03T08:39:16.495Z [INFO] [DAEMON] channels=telegram workspace=/tmp/qws-channel-worker-groups-MCflWU/primary channel worker group assigned
2026-10-03T08:39:16.495Z [INFO] [DAEMON] channels=feishu workspace=/tmp/qws-channel-worker-groups-MCflWU/secondary channel worker group assigned
qwen serve: bound to workspace "/tmp/qws-channel-worker-groups-MCflWU/primary"
qwen serve: startup timing: processToListenMs=29891 runQwenServeToListenMs=2
qwen serve listening on http://127.0.0.1:40417 (mode=http-bridge, workspace=/tmp/qws-channel-worker-groups-MCflWU/primary)
2026-10-03T08:39:16.495Z [INFO] [DAEMON] deferred runtime: scheduling fallback start in 1000ms
2026-10-03T08:39:16.496Z [WARN] [DAEMON] channelName=feishu reason="secret mismatch" source=github-ci deferred webhook auth failed
2026-10-03T08:39:16.498Z [INFO] [DAEMON] ideEnvPresent=false primary=/tmp/qws-channel-worker-groups-MCflWU/primary secondary= daemon workspace roots initialized
2026-10-03T08:39:16.502Z [WARN] [DAEMON] session-pr-refresh load failed: [vitest] There was an error when mocking a module. If you are using "vi.mock" factory, make sure there are no top level variables inside, since this call is hoisted to top of the file. Read more: https://vitest.dev/api/vi.html#vi-mock
qwen serve: /acp WebSocket transport enabled on /acp
2026-10-03T08:39:16.504Z [INFO] [DAEMON] route=GET /capabilities durationMs=1 status=200 request completed
2026-10-03T08:39:16.504Z [INFO] [DAEMON] channels=telegram pid=1234 workspace=/tmp/qws-channel-worker-groups-MCflWU/primary channel worker ready
2026-10-03T08:39:16.505Z [INFO] [DAEMON] route=GET /capabilities durationMs=0 status=200 request completed
2026-10-03T08:39:16.505Z [INFO] [DAEMON] channels=feishu pid=5678 workspace=/tmp/qws-channel-worker-groups-MCflWU/secondary channel worker ready
2026-10-03T08:39:16.506Z [INFO] [DAEMON] channelName=feishu eventType=check_failed source=github-ci targetRef=default channel webhook task accepted
2026-10-03T08:39:16.506Z [INFO] [DAEMON] route=POST /channels/feishu/webhooks/github-ci durationMs=0 status=202 request completed
2026-10-03T08:39:16.508Z [INFO] [DAEMON] route=GET /capabilities durationMs=0 status=200 request completed
2026-10-03T08:39:16.509Z [WARN] [DAEMON] route=DELETE /workspaces/a662a2cfe088563c durationMs=0 status=409 request completed
2026-10-03T08:39:16.511Z [INFO] [DAEMON] route=DELETE /workspaces/a662a2cfe088563c durationMs=1 status=200 request completed
2026-10-03T08:39:16.512Z [WARN] [DAEMON] channelName=feishu source=github-ci channel webhook authentication failed
2026-10-03T08:39:16.512Z [WARN] [DAEMON] route=POST /channels/feishu/webhooks/github-ci durationMs=0 status=401 request completed
2026-10-03T08:39:16.513Z [WARN] [DAEMON] channel worker [/tmp/qws-channel-worker-groups-MCflWU/secondary] stderr: Ignored stale channel worker exit (generation=2).
2026-10-03T08:39:16.517Z [INFO] [DAEMON] route=POST /workspaces durationMs=4 status=201 request completed
2026-10-03T08:39:16.519Z [INFO] [DAEMON] route=GET /capabilities durationMs=0 status=200 request completed
2026-10-03T08:39:16.520Z [INFO] [DAEMON] route=PUT /workspace/channel durationMs=2 status=200 request completed
2026-10-03T08:39:16.521Z [INFO] [DAEMON] channelName=feishu eventType=check_failed source=github-ci targetRef=default channel webhook task accepted
2026-10-03T08:39:16.521Z [INFO] [DAEMON] route=POST /channels/feishu/webhooks/github-ci durationMs=0 status=202 request completed
2026-10-03T08:39:16.521Z [WARN] [DAEMON] channel worker exited (workspace=/tmp/qws-channel-worker-groups-MCflWU/secondary, state=failed, pid=unknown, code=null, signal=null, error=worker stopped, restartCount=0, nextRestartAt=none, staleHeartbeatAt=none)
2026-10-03T08:39:16.522Z [INFO] [DAEMON] route=DELETE /workspaces/a662a2cfe088563c durationMs=1 status=200 request completed
2026-10-03T08:39:16.523Z [INFO] [DAEMON] daemon stopped
qwen serve: scrubbed inherited loader env vars from the daemon process; session subprocesses will not inherit them: npm_config_userconfig, npm_config_prefix, npm_config_node_gyp, npm_config_globalconfig, npm_config_init_module
2026-10-03T08:39:16.530Z [INFO] [DAEMON] projectMemoryScope=workspace projectMemoryScopeRaw=workspace projectMemoryScopeSource=default project memory scope resolved
2026-10-03T08:39:16.530Z [INFO] [DAEMON] removedKeys=npm_config_userconfig,npm_config_prefix,npm_config_node_gyp,npm_config_globalconfig,npm_config_init_module scrubbed inherited loader env vars from the daemon process; session subprocesses will not inherit them
qwen serve: daemon log → /tmp/qws-run-serve-tests-3G3ZdQ/debug/daemon/daemon.log
2026-10-03T08:39:16.531Z [INFO] [DAEMON] ideEnvPresent=false primary=/tmp/qws-channel-worker-0wzPJA secondary= daemon workspace roots initialized
2026-10-03T08:39:16.535Z [WARN] [DAEMON] session-pr-refresh load failed: [vitest] There was an error when mocking a module. If you are using "vi.mock" factory, make sure there are no top level variables inside, since this call is hoisted to top of the file. Read more: https://vitest.dev/api/vi.html#vi-mock
qwen serve listening on http://127.0.0.1:39361 (mode=http-bridge, workspace=/tmp/qws-channel-worker-0wzPJA)
qwen serve: bound to workspace "/tmp/qws-channel-worker-0wzPJA"
qwen serve: startup timing: processToListenMs=29931 runQwenServeToListenMs=7
qwen serve: trusted loopback mode; local callers have full API access without bearer authentication, including code execution as the daemon user. Use --require-auth with QWEN_SERVER_TOKEN on shared or untrusted hosts.
2026-10-03T08:39:16.536Z [INFO] [DAEMON] daemon stopped
qwen serve: scrubbed inherited loader env vars from the daemon process; session subprocesses will not inherit them: npm_config_userconfig, npm_config_prefix, npm_config_node_gyp, npm_config_globalconfig, npm_config_init_module
2026-10-03T08:39:16.542Z [INFO] [DAEMON] projectMemoryScope=workspace projectMemoryScopeRaw=workspace projectMemoryScopeSource=default project memory scope resolved
2026-10-03T08:39:16.542Z [INFO] [DAEMON] removedKeys=npm_config_userconfig,npm_config_prefix,npm_config_node_gyp,npm_config_globalconfig,npm_config_init_module scrubbed inherited loader env vars from the daemon process; session subprocesses will not inherit them
qwen serve: daemon log → /tmp/qws-run-serve-tests-3G3ZdQ/debug/daemon/daemon.log
2026-10-03T08:39:16.543Z [INFO] [DAEMON] ideEnvPresent=false primary=/tmp/qws-channel-worker-force-LcFRrH secondary= daemon workspace roots initialized
2026-10-03T08:39:16.549Z [WARN] [DAEMON] session-pr-refresh load failed: [vitest] There was an error when mocking a module. If you are using "vi.mock" factory, make sure there are no top level variables inside, since this call is hoisted to top of the file. Read more: https://vitest.dev/api/vi.html#vi-mock
qwen serve listening on http://127.0.0.1:45233 (mode=http-bridge, workspace=/tmp/qws-channel-worker-force-LcFRrH)
qwen serve: bound to workspace "/tmp/qws-channel-worker-force-LcFRrH"
qwen serve: startup timing: processToListenMs=29945 runQwenServeToListenMs=9
qwen serve: trusted loopback mode; local callers have full API access without bearer authentication, including code execution as the daemon user. Use --require-auth with QWEN_SERVER_TOKEN on shared or untrusted hosts.
qwen serve: /acp WebSocket transport enabled on /acp
2026-10-03T08:39:16.550Z [WARN] [DAEMON] received SIGTERM, draining
2026-10-03T08:39:16.550Z [WARN] [DAEMON] received SIGHUP during drain — forcing exit
2026-10-03T08:39:16.551Z [INFO] [DAEMON] daemon stopped
qwen serve: scrubbed inherited loader env vars from the daemon process; session subprocesses will not inherit them: npm_config_userconfig, npm_config_prefix, npm_config_node_gyp, npm_config_globalconfig, npm_config_init_module
2026-10-03T08:39:16.556Z [INFO] [DAEMON] projectMemoryScope=workspace projectMemoryScopeRaw=workspace projectMemoryScopeSource=default project memory scope resolved
2026-10-03T08:39:16.556Z [INFO] [DAEMON] removedKeys=npm_config_userconfig,npm_config_prefix,npm_config_node_gyp,npm_config_globalconfig,npm_config_init_module scrubbed inherited loader env vars from the daemon process; session subprocesses will not inherit them
qwen serve: daemon log → /tmp/qws-run-serve-tests-3G3ZdQ/debug/daemon/daemon.log
2026-10-03T08:39:16.557Z [INFO] [DAEMON] ideEnvPresent=false primary=/tmp/qws-sighup-shutdown-55RM7n secondary= daemon workspace roots initialized
2026-10-03T08:39:16.561Z [WARN] [DAEMON] session-pr-refresh load failed: [vitest] There was an error when mocking a module. If you are using "vi.mock" factory, make sure there are no top level variables inside, since this call is hoisted to top of the file. Read more: https://vitest.dev/api/vi.html#vi-mock
qwen serve listening on http://127.0.0.1:41415 (mode=http-bridge, workspace=/tmp/qws-sighup-shutdown-55RM7n)
qwen serve: bound to workspace "/tmp/qws-sighup-shutdown-55RM7n"
qwen serve: startup timing: processToListenMs=29957 runQwenServeToListenMs=6
qwen serve: trusted loopback mode; local callers have full API access without bearer authentication, including code execution as the daemon user. Use --require-auth with QWEN_SERVER_TOKEN on shared or untrusted hosts.
qwen serve: /acp WebSocket transport enabled on /acp
2026-10-03T08:39:16.561Z [WARN] [DAEMON] received SIGHUP, draining
2026-10-03T08:39:16.562Z [INFO] [DAEMON] daemon stopped
qwen serve: scrubbed inherited loader env vars from the daemon process; session subprocesses will not inherit them: npm_config_userconfig, npm_config_prefix, npm_config_node_gyp, npm_config_globalconfig, npm_config_init_module
2026-10-03T08:39:16.572Z [INFO] [DAEMON] projectMemoryScope=workspace projectMemoryScopeRaw=workspace projectMemoryScopeSource=default project memory scope resolved
2026-10-03T08:39:16.572Z [INFO] [DAEMON] removedKeys=npm_config_userconfig,npm_config_prefix,npm_config_node_gyp,npm_config_globalconfig,npm_config_init_module scrubbed inherited loader env vars from the daemon process; session subprocesses will not inherit them
qwen serve: daemon log → /tmp/qws-channel-worker-stuck-YVbMr0/debug/daemon/daemon.log
2026-10-03T08:39:16.573Z [INFO] [DAEMON] ideEnvPresent=false primary=/tmp/qws-channel-worker-stuck-YVbMr0 secondary= daemon workspace roots initialized
2026-10-03T08:39:16.579Z [WARN] [DAEMON] session-pr-refresh load failed: [vitest] There was an error when mocking a module. If you are using "vi.mock" factory, make sure there are no top level variables inside, since this call is hoisted to top of the file. Read more: https://vitest.dev/api/vi.html#vi-mock
qwen serve listening on http://127.0.0.1:36085 (mode=http-bridge, workspace=/tmp/qws-channel-worker-stuck-YVbMr0)
qwen serve: bound to workspace "/tmp/qws-channel-worker-stuck-YVbMr0"
qwen serve: startup timing: processToListenMs=29976 runQwenServeToListenMs=11
qwen serve: trusted loopback mode; local callers have full API access without bearer authentication, including code execution as the daemon user. Use --require-auth with QWEN_SERVER_TOKEN on shared or untrusted hosts.
qwen serve: /acp WebSocket transport enabled on /acp
2026-10-03T08:39:16.580Z [WARN] [DAEMON] received SIGTERM, draining
2026-10-03T08:39:16.581Z [ERROR] [DAEMON] channel worker stop error
  ChannelWorkerControlError: Channel worker did not exit after SIGKILL.
      at classifyFailure (/root/verify/pr11071-r4/head/packages/cli/src/serve/channel-worker-manager.ts:357:12)
      at /root/verify/pr11071-r4/head/packages/cli/src/serve/channel-worker-manager.ts:866:17
      at processTicksAndRejections (node:internal/process/task_queues:103:5)
2026-10-03T08:39:16.582Z [ERROR] [DAEMON] shutdown error
  ChannelWorkerControlError: Channel worker did not exit after SIGKILL.
      at classifyFailure (/root/verify/pr11071-r4/head/packages/cli/src/serve/channel-worker-manager.ts:357:12)
      at /root/verify/pr11071-r4/head/packages/cli/src/serve/channel-worker-manager.ts:866:17
      at processTicksAndRejections (node:internal/process/task_queues:103:5)
2026-10-03T08:39:16.582Z [ERROR] [DAEMON] refusing to exit while a channel worker or service lease remains; signal again to retry after the child exits (another signal during that retry forces exit)
2026-10-03T08:39:16.582Z [WARN] [DAEMON] received SIGTERM, draining
2026-10-03T08:39:16.583Z [INFO] [DAEMON] daemon stopped
qwen serve: scrubbed inherited loader env vars from the daemon process; session subprocesses will not inherit them: npm_config_userconfig, npm_config_prefix, npm_config_node_gyp, npm_config_globalconfig, npm_config_init_module
2026-10-03T08:39:16.592Z [INFO] [DAEMON] projectMemoryScope=workspace projectMemoryScopeRaw=workspace projectMemoryScopeSource=default project memory scope resolved
2026-10-03T08:39:16.592Z [INFO] [DAEMON] removedKeys=npm_config_userconfig,npm_config_prefix,npm_config_node_gyp,npm_config_globalconfig,npm_config_init_module scrubbed inherited loader env vars from the daemon process; session subprocesses will not inherit them
qwen serve: daemon log → /tmp/qws-run-serve-tests-3G3ZdQ/debug/daemon/daemon.log
2026-10-03T08:39:16.593Z [INFO] [DAEMON] ideEnvPresent=false primary=/tmp/qws-channel-acp-error-qj0aKK secondary= daemon workspace roots initialized
2026-10-03T08:39:16.603Z [WARN] [DAEMON] session-pr-refresh load failed: [vitest] There was an error when mocking a module. If you are using "vi.mock" factory, make sure there are no top level variables inside, since this call is hoisted to top of the file. Read more: https://vitest.dev/api/vi.html#vi-mock
qwen serve listening on http://127.0.0.1:35339 (mode=http-bridge, workspace=/tmp/qws-channel-acp-error-qj0aKK)
qwen serve: bound to workspace "/tmp/qws-channel-acp-error-qj0aKK"
qwen serve: startup timing: processToListenMs=30000 runQwenServeToListenMs=14
qwen serve: trusted loopback mode; local callers have full API access without bearer authentication, including code execution as the daemon user. Use --require-auth with QWEN_SERVER_TOKEN on shared or untrusted hosts.
qwen serve: /acp WebSocket transport enabled on /acp
2026-10-03T08:39:16.605Z [WARN] [DAEMON] received SIGTERM, draining
2026-10-03T08:39:16.605Z [ERROR] [DAEMON] ACP process registry shutdown error
  Error: ACP process shutdown failed
      at /root/verify/pr11071-r4/head/packages/cli/src/serve/run-qwen-serve.test.ts:19759:7
      at processTicksAndRejections (node:internal/process/task_queues:103:5)
      at file:///root/verify/pr11071-r4/head/node_modules/@vitest/runner/dist/chunk-hooks.js:752:20
2026-10-03T08:39:16.605Z [ERROR] [DAEMON] daemon shutdown incomplete
  Error: ACP process shutdown failed
      at /root/verify/pr11071-r4/head/packages/cli/src/serve/run-qwen-serve.test.ts:19759:7
      at processTicksAndRejections (node:internal/process/task_queues:103:5)
      at file:///root/verify/pr11071-r4/head/node_modules/@vitest/runner/dist/chunk-hooks.js:752:20
2026-10-03T08:39:16.606Z [ERROR] [DAEMON] shutdown error
  Error: ACP process shutdown failed
      at /root/verify/pr11071-r4/head/packages/cli/src/serve/run-qwen-serve.test.ts:19759:7
      at processTicksAndRejections (node:internal/process/task_queues:103:5)
      at file:///root/verify/pr11071-r4/head/node_modules/@vitest/runner/dist/chunk-hooks.js:752:20
qwen serve: scrubbed inherited loader env vars from the daemon process; session subprocesses will not inherit them: npm_config_userconfig, npm_config_prefix, npm_config_node_gyp, npm_config_globalconfig, npm_config_init_module
2026-10-03T08:39:16.614Z [INFO] [DAEMON] projectMemoryScope=workspace projectMemoryScopeRaw=workspace projectMemoryScopeSource=default project memory scope resolved
2026-10-03T08:39:16.614Z [INFO] [DAEMON] removedKeys=npm_config_userconfig,npm_config_prefix,npm_config_node_gyp,npm_config_globalconfig,npm_config_init_module scrubbed inherited loader env vars from the daemon process; session subprocesses will not inherit them
qwen serve: daemon log → /tmp/qws-run-serve-tests-3G3ZdQ/debug/daemon/daemon.log
2026-10-03T08:39:16.616Z [INFO] [DAEMON] ideEnvPresent=false primary=/tmp/qws-channel-combined-error-ofntNN secondary= daemon workspace roots initialized
2026-10-03T08:39:16.621Z [WARN] [DAEMON] session-pr-refresh load failed: [vitest] There was an error when mocking a module. If you are using "vi.mock" factory, make sure there are no top level variables inside, since this call is hoisted to top of the file. Read more: https://vitest.dev/api/vi.html#vi-mock
qwen serve listening on http://127.0.0.1:45113 (mode=http-bridge, workspace=/tmp/qws-channel-combined-error-ofntNN)
qwen serve: bound to workspace "/tmp/qws-channel-combined-error-ofntNN"
qwen serve: startup timing: processToListenMs=30018 runQwenServeToListenMs=10
qwen serve: trusted loopback mode; local callers have full API access without bearer authentication, including code execution as the daemon user. Use --require-auth with QWEN_SERVER_TOKEN on shared or untrusted hosts.
qwen serve: /acp WebSocket transport enabled on /acp
2026-10-03T08:39:16.622Z [WARN] [DAEMON] received SIGTERM, draining
2026-10-03T08:39:16.623Z [ERROR] [DAEMON] channel worker stop error
  ChannelWorkerControlError: Channel worker did not exit after SIGKILL.
      at classifyFailure (/root/verify/pr11071-r4/head/packages/cli/src/serve/channel-worker-manager.ts:357:12)
      at /root/verify/pr11071-r4/head/packages/cli/src/serve/channel-worker-manager.ts:866:17
      at processTicksAndRejections (node:internal/process/task_queues:103:5)
2026-10-03T08:39:16.623Z [ERROR] [DAEMON] ACP process registry shutdown error
  Error: ACP process shutdown failed
      at /root/verify/pr11071-r4/head/packages/cli/src/serve/run-qwen-serve.test.ts:19839:7
      at processTicksAndRejections (node:internal/process/task_queues:103:5)
      at file:///root/verify/pr11071-r4/head/node_modules/@vitest/runner/dist/chunk-hooks.js:752:20
2026-10-03T08:39:16.625Z [ERROR] [DAEMON] shutdown error
  ChannelWorkerControlError: Channel worker did not exit after SIGKILL.
      at classifyFailure (/root/verify/pr11071-r4/head/packages/cli/src/serve/channel-worker-manager.ts:357:12)
      at /root/verify/pr11071-r4/head/packages/cli/src/serve/channel-worker-manager.ts:866:17
      at processTicksAndRejections (node:internal/process/task_queues:103:5)
2026-10-03T08:39:16.625Z [ERROR] [DAEMON] refusing to exit while a channel worker or service lease remains; signal again to retry after the child exits (another signal during that retry forces exit)
2026-10-03T08:39:16.625Z [WARN] [DAEMON] received SIGTERM, draining
2026-10-03T08:39:16.625Z [ERROR] [DAEMON] ACP process registry shutdown error
  Error: ACP process shutdown failed
      at /root/verify/pr11071-r4/head/packages/cli/src/serve/run-qwen-serve.test.ts:19839:7
      at processTicksAndRejections (node:internal/process/task_queues:103:5)
      at file:///root/verify/pr11071-r4/head/node_modules/@vitest/runner/dist/chunk-hooks.js:752:20
2026-10-03T08:39:16.625Z [ERROR] [DAEMON] daemon shutdown incomplete
  Error: ACP process shutdown failed
      at /root/verify/pr11071-r4/head/packages/cli/src/serve/run-qwen-serve.test.ts:19839:7
      at processTicksAndRejections (node:internal/process/task_queues:103:5)
      at file:///root/verify/pr11071-r4/head/node_modules/@vitest/runner/dist/chunk-hooks.js:752:20
2026-10-03T08:39:16.627Z [ERROR] [DAEMON] shutdown error
  Error: ACP process shutdown failed
      at /root/verify/pr11071-r4/head/packages/cli/src/serve/run-qwen-serve.test.ts:19839:7
      at processTicksAndRejections (node:internal/process/task_queues:103:5)
      at file:///root/verify/pr11071-r4/head/node_modules/@vitest/runner/dist/chunk-hooks.js:752:20
qwen serve: scrubbed inherited loader env vars from the daemon process; session subprocesses will not inherit them: npm_config_userconfig, npm_config_prefix, npm_config_node_gyp, npm_config_globalconfig, npm_config_init_module
2026-10-03T08:39:16.635Z [INFO] [DAEMON] projectMemoryScope=workspace projectMemoryScopeRaw=workspace projectMemoryScopeSource=default project memory scope resolved
2026-10-03T08:39:16.635Z [INFO] [DAEMON] removedKeys=npm_config_userconfig,npm_config_prefix,npm_config_node_gyp,npm_config_globalconfig,npm_config_init_module scrubbed inherited loader env vars from the daemon process; session subprocesses will not inherit them
qwen serve: daemon log → /tmp/qws-run-serve-tests-3G3ZdQ/debug/daemon/daemon.log
2026-10-03T08:39:16.636Z [INFO] [DAEMON] ideEnvPresent=false primary=/tmp/qws-channel-aggregate-error-9xK6Kn secondary= daemon workspace roots initialized
2026-10-03T08:39:16.646Z [WARN] [DAEMON] session-pr-refresh load failed: [vitest] There was an error when mocking a module. If you are using "vi.mock" factory, make sure there are no top level variables inside, since this call is hoisted to top of the file. Read more: https://vitest.dev/api/vi.html#vi-mock
qwen serve listening on http://127.0.0.1:36873 (mode=http-bridge, workspace=/tmp/qws-channel-aggregate-error-9xK6Kn)
qwen serve: bound to workspace "/tmp/qws-channel-aggregate-error-9xK6Kn"
qwen serve: startup timing: processToListenMs=30043 runQwenServeToListenMs=14
qwen serve: trusted loopback mode; local callers have full API access without bearer authentication, including code execution as the daemon user. Use --require-auth with QWEN_SERVER_TOKEN on shared or untrusted hosts.
qwen serve: /acp WebSocket transport enabled on /acp
2026-10-03T08:39:16.647Z [WARN] [DAEMON] received SIGTERM, draining
2026-10-03T08:39:16.647Z [ERROR] [DAEMON] channel worker stop error
  ChannelWorkerControlError: Channel worker did not exit after SIGKILL.
      at classifyFailure (/root/verify/pr11071-r4/head/packages/cli/src/serve/channel-worker-manager.ts:357:12)
      at /root/verify/pr11071-r4/head/packages/cli/src/serve/channel-worker-manager.ts:866:17
      at processTicksAndRejections (node:internal/process/task_queues:103:5)
2026-10-03T08:39:16.657Z [ERROR] [DAEMON] shutdown error
  AggregateError: Serve app shutdown is incomplete.
      at ServeAppLifecycleController.closeOnce (/root/verify/pr11071-r4/head/packages/cli/src/serve/serve-app-lifecycle.ts:214:13)
2026-10-03T08:39:16.657Z [ERROR] [DAEMON] refusing to exit while a channel worker or service lease remains; signal again to retry after the child exits (another signal during that retry forces exit)
2026-10-03T08:39:16.657Z [INFO] [DAEMON] daemon stopped
qwen serve: scrubbed inherited loader env vars from the daemon process; session subprocesses will not inherit them: npm_config_userconfig, npm_config_prefix, npm_config_node_gyp, npm_config_globalconfig, npm_config_init_module
2026-10-03T08:39:16.664Z [INFO] [DAEMON] projectMemoryScope=workspace projectMemoryScopeRaw=workspace projectMemoryScopeSource=default project memory scope resolved
2026-10-03T08:39:16.664Z [INFO] [DAEMON] removedKeys=npm_config_userconfig,npm_config_prefix,npm_config_node_gyp,npm_config_globalconfig,npm_config_init_module scrubbed inherited loader env vars from the daemon process; session subprocesses will not inherit them
qwen serve: daemon log → /tmp/qws-channel-log-stuck-tQlbaY/debug/daemon/daemon.log
2026-10-03T08:39:16.665Z [INFO] [DAEMON] ideEnvPresent=false primary=/tmp/qws-channel-log-stuck-tQlbaY secondary= daemon workspace roots initialized
2026-10-03T08:39:16.669Z [WARN] [DAEMON] session-pr-refresh load failed: [vitest] There was an error when mocking a module. If you are using "vi.mock" factory, make sure there are no top level variables inside, since this call is hoisted to top of the file. Read more: https://vitest.dev/api/vi.html#vi-mock
qwen serve listening on http://127.0.0.1:44613 (mode=http-bridge, workspace=/tmp/qws-channel-log-stuck-tQlbaY)
qwen serve: bound to workspace "/tmp/qws-channel-log-stuck-tQlbaY"
qwen serve: startup timing: processToListenMs=30065 runQwenServeToListenMs=7
qwen serve: trusted loopback mode; local callers have full API access without bearer authentication, including code execution as the daemon user. Use --require-auth with QWEN_SERVER_TOKEN on shared or untrusted hosts.
qwen serve: /acp WebSocket transport enabled on /acp
2026-10-03T08:39:16.671Z [WARN] [DAEMON] route=GET /blocked-access-log durationMs=1 status=404 request completed
2026-10-03T08:39:16.672Z [ERROR] [DAEMON] channel worker stop error
  ChannelWorkerControlError: Channel worker did not exit after SIGKILL.
      at classifyFailure (/root/verify/pr11071-r4/head/packages/cli/src/serve/channel-worker-manager.ts:357:12)
      at /root/verify/pr11071-r4/head/packages/cli/src/serve/channel-worker-manager.ts:866:17
      at processTicksAndRejections (node:internal/process/task_queues:103:5)
2026-10-03T08:39:16.923Z [INFO] [DAEMON] daemon stopped
qwen serve: scrubbed inherited loader env vars from the daemon process; session subprocesses will not inherit them: npm_config_userconfig, npm_config_prefix, npm_config_node_gyp, npm_config_globalconfig, npm_config_init_module
2026-10-03T08:39:16.933Z [INFO] [DAEMON] projectMemoryScope=workspace projectMemoryScopeRaw=workspace projectMemoryScopeSource=default project memory scope resolved
2026-10-03T08:39:16.933Z [INFO] [DAEMON] removedKeys=npm_config_userconfig,npm_config_prefix,npm_config_node_gyp,npm_config_globalconfig,npm_config_init_module scrubbed inherited loader env vars from the daemon process; session subprocesses will not inherit them
qwen serve: daemon log → /tmp/qws-run-serve-tests-3G3ZdQ/debug/daemon/daemon.log
2026-10-03T08:39:16.934Z [INFO] [DAEMON] ideEnvPresent=false primary=/tmp/qws-channel-bridge-stuck-5do3RV secondary= daemon workspace roots initialized
2026-10-03T08:39:16.939Z [WARN] [DAEMON] session-pr-refresh load failed: [vitest] There was an error when mocking a module. If you are using "vi.mock" factory, make sure there are no top level variables inside, since this call is hoisted to top of the file. Read more: https://vitest.dev/api/vi.html#vi-mock
qwen serve listening on http://127.0.0.1:44045 (mode=http-bridge, workspace=/tmp/qws-channel-bridge-stuck-5do3RV)
qwen serve: bound to workspace "/tmp/qws-channel-bridge-stuck-5do3RV"
qwen serve: startup timing: processToListenMs=30339 runQwenServeToListenMs=11
qwen serve: trusted loopback mode; local callers have full API access without bearer authentication, including code execution as the daemon user. Use --require-auth with QWEN_SERVER_TOKEN on shared or untrusted hosts.
qwen serve: /acp WebSocket transport enabled on /acp
2026-10-03T08:39:16.944Z [ERROR] [DAEMON] channel worker stop error
  ChannelWorkerControlError: Channel worker did not exit after SIGKILL.
      at classifyFailure (/root/verify/pr11071-r4/head/packages/cli/src/serve/channel-worker-manager.ts:357:12)
      at /root/verify/pr11071-r4/head/packages/cli/src/serve/channel-worker-manager.ts:866:17
      at processTicksAndRejections (node:internal/process/task_queues:103:5)
2026-10-03T08:39:16.944Z [WARN] [DAEMON] error="bridge still draining" reason=daemon_shutdown workspace=/tmp/qws-channel-bridge-stuck-5do3RV workspace bridge required forceful shutdown
2026-10-03T08:39:16.945Z [INFO] [DAEMON] daemon stopped
qwen serve: scrubbed inherited loader env vars from the daemon process; session subprocesses will not inherit them: npm_config_userconfig, npm_config_prefix, npm_config_node_gyp, npm_config_globalconfig, npm_config_init_module
2026-10-03T08:39:16.952Z [INFO] [DAEMON] projectMemoryScope=workspace projectMemoryScopeRaw=workspace projectMemoryScopeSource=default project memory scope resolved
2026-10-03T08:39:16.952Z [INFO] [DAEMON] removedKeys=npm_config_userconfig,npm_config_prefix,npm_config_node_gyp,npm_config_globalconfig,npm_config_init_module scrubbed inherited loader env vars from the daemon process; session subprocesses will not inherit them
qwen serve: daemon log → /tmp/qws-run-serve-tests-3G3ZdQ/debug/daemon/daemon.log
2026-10-03T08:39:16.953Z [INFO] [DAEMON] ideEnvPresent=false primary=/tmp/qws-channel-worker-fallback-NKLYoc secondary= daemon workspace roots initialized
2026-10-03T08:39:16.957Z [WARN] [DAEMON] session-pr-refresh load failed: [vitest] There was an error when mocking a module. If you are using "vi.mock" factory, make sure there are no top level variables inside, since this call is hoisted to top of the file. Read more: https://vitest.dev/api/vi.html#vi-mock
qwen serve listening on http://127.0.0.1:46189 (mode=http-bridge, workspace=/tmp/qws-channel-worker-fallback-NKLYoc)
qwen serve: bound to workspace "/tmp/qws-channel-worker-fallback-NKLYoc"
qwen serve: startup timing: processToListenMs=30354 runQwenServeToListenMs=7
qwen serve: trusted loopback mode; local callers have full API access without bearer authentication, including code execution as the daemon user. Use --require-auth with QWEN_SERVER_TOKEN on shared or untrusted hosts.
qwen serve: /acp WebSocket transport enabled on /acp
2026-10-03T08:39:16.958Z [INFO] [DAEMON] daemon stopped
qwen serve: scrubbed inherited loader env vars from the daemon process; session subprocesses will not inherit them: npm_config_userconfig, npm_config_prefix, npm_config_node_gyp, npm_config_globalconfig, npm_config_init_module
2026-10-03T08:39:16.965Z [INFO] [DAEMON] projectMemoryScope=workspace projectMemoryScopeRaw=workspace projectMemoryScopeSource=default project memory scope resolved
2026-10-03T08:39:16.965Z [INFO] [DAEMON] removedKeys=npm_config_userconfig,npm_config_prefix,npm_config_node_gyp,npm_config_globalconfig,npm_config_init_module scrubbed inherited loader env vars from the daemon process; session subprocesses will not inherit them
qwen serve: daemon log → /tmp/qws-run-serve-tests-3G3ZdQ/debug/daemon/daemon.log
2026-10-03T08:39:16.965Z [INFO] [DAEMON] ideEnvPresent=false primary=/tmp/qws-channel-worker-fallback-H4zeAo secondary= daemon workspace roots initialized
2026-10-03T08:39:16.972Z [WARN] [DAEMON] session-pr-refresh load failed: [vitest] There was an error when mocking a module. If you are using "vi.mock" factory, make sure there are no top level variables inside, since this call is hoisted to top of the file. Read more: https://vitest.dev/api/vi.html#vi-mock
qwen serve listening on http://127.0.0.1:35957 (mode=http-bridge, workspace=/tmp/qws-channel-worker-fallback-H4zeAo)
qwen serve: bound to workspace "/tmp/qws-channel-worker-fallback-H4zeAo"
qwen serve: startup timing: processToListenMs=30368 runQwenServeToListenMs=9
qwen serve: trusted loopback mode; local callers have full API access without bearer authentication, including code execution as the daemon user. Use --require-auth with QWEN_SERVER_TOKEN on shared or untrusted hosts.
qwen serve: /acp WebSocket transport enabled on /acp
2026-10-03T08:39:16.973Z [INFO] [DAEMON] daemon stopped
qwen serve: scrubbed inherited loader env vars from the daemon process; session subprocesses will not inherit them: npm_config_userconfig, npm_config_prefix, npm_config_node_gyp, npm_config_globalconfig, npm_config_init_module
2026-10-03T08:39:16.979Z [INFO] [DAEMON] projectMemoryScope=workspace projectMemoryScopeRaw=workspace projectMemoryScopeSource=default project memory scope resolved
2026-10-03T08:39:16.979Z [INFO] [DAEMON] removedKeys=npm_config_userconfig,npm_config_prefix,npm_config_node_gyp,npm_config_globalconfig,npm_config_init_module scrubbed inherited loader env vars from the daemon process; session subprocesses will not inherit them
qwen serve: daemon log → /tmp/qws-run-serve-tests-3G3ZdQ/debug/daemon/daemon.log
2026-10-03T08:39:16.980Z [INFO] [DAEMON] ideEnvPresent=false primary=/tmp/qws-channel-worker-pidfile-4i0nSr secondary= daemon workspace roots initialized
2026-10-03T08:39:16.984Z [WARN] [DAEMON] session-pr-refresh load failed: [vitest] There was an error when mocking a module. If you are using "vi.mock" factory, make sure there are no top level variables inside, since this call is hoisted to top of the file. Read more: https://vitest.dev/api/vi.html#vi-mock
qwen serve listening on http://127.0.0.1:38857 (mode=http-bridge, workspace=/tmp/qws-channel-worker-pidfile-4i0nSr)
qwen serve: bound to workspace "/tmp/qws-channel-worker-pidfile-4i0nSr"
qwen serve: startup timing: processToListenMs=30380 runQwenServeToListenMs=7
qwen serve: trusted loopback mode; local callers have full API access without bearer authentication, including code execution as the daemon user. Use --require-auth with QWEN_SERVER_TOKEN on shared or untrusted hosts.
qwen serve: /acp WebSocket transport enabled on /acp
2026-10-03T08:39:16.984Z [WARN] [DAEMON] failed to write channel worker pidfile metadata: disk full
2026-10-03T08:39:16.985Z [INFO] [DAEMON] daemon stopped
qwen serve: scrubbed inherited loader env vars from the daemon process; session subprocesses will not inherit them: npm_config_userconfig, npm_config_prefix, npm_config_node_gyp, npm_config_globalconfig, npm_config_init_module
2026-10-03T08:39:16.991Z [INFO] [DAEMON] projectMemoryScope=workspace projectMemoryScopeRaw=workspace projectMemoryScopeSource=default project memory scope resolved
2026-10-03T08:39:16.991Z [INFO] [DAEMON] removedKeys=npm_config_userconfig,npm_config_prefix,npm_config_node_gyp,npm_config_globalconfig,npm_config_init_module scrubbed inherited loader env vars from the daemon process; session subprocesses will not inherit them
qwen serve: daemon log → /tmp/qws-run-serve-tests-3G3ZdQ/debug/daemon/daemon.log
2026-10-03T08:39:16.992Z [INFO] [DAEMON] ideEnvPresent=false primary=/tmp/qws-channel-worker-ready-i89in8 secondary= daemon workspace roots initialized
2026-10-03T08:39:16.998Z [WARN] [DAEMON] session-pr-refresh load failed: [vitest] There was an error when mocking a module. If you are using "vi.mock" factory, make sure there are no top level variables inside, since this call is hoisted to top of the file. Read more: https://vitest.dev/api/vi.html#vi-mock
qwen serve listening on http://127.0.0.1:42813 (mode=http-bridge, workspace=/tmp/qws-channel-worker-ready-i89in8)
qwen serve: bound to workspace "/tmp/qws-channel-worker-ready-i89in8"
qwen serve: startup timing: processToListenMs=30394 runQwenServeToListenMs=9
qwen serve: trusted loopback mode; local callers have full API access without bearer authentication, including code execution as the daemon user. Use --require-auth with QWEN_SERVER_TOKEN on shared or untrusted hosts.
qwen serve: /acp WebSocket transport enabled on /acp
2026-10-03T08:39:16.999Z [INFO] [DAEMON] daemon stopped
qwen serve: scrubbed inherited loader env vars from the daemon process; session subprocesses will not inherit them: npm_config_userconfig, npm_config_prefix, npm_config_node_gyp, npm_config_globalconfig, npm_config_init_module
2026-10-03T08:39:17.005Z [INFO] [DAEMON] projectMemoryScope=workspace projectMemoryScopeRaw=workspace projectMemoryScopeSource=default project memory scope resolved
2026-10-03T08:39:17.005Z [INFO] [DAEMON] removedKeys=npm_config_userconfig,npm_config_prefix,npm_config_node_gyp,npm_config_globalconfig,npm_config_init_module scrubbed inherited loader env vars from the daemon process; session subprocesses will not inherit them
qwen serve: daemon log → /tmp/qws-channel-worker-log-W9cSMk/debug/daemon/daemon.log
2026-10-03T08:39:17.006Z [INFO] [DAEMON] ideEnvPresent=false primary=/tmp/qws-channel-worker-log-W9cSMk secondary= daemon workspace roots initialized
2026-10-03T08:39:17.010Z [WARN] [DAEMON] session-pr-refresh load failed: [vitest] There was an error when mocking a module. If you are using "vi.mock" factory, make sure there are no top level variables inside, since this call is hoisted to top of the file. Read more: https://vitest.dev/api/vi.html#vi-mock
qwen serve listening on http://127.0.0.1:44261 (mode=http-bridge, workspace=/tmp/qws-channel-worker-log-W9cSMk)
qwen serve: bound to workspace "/tmp/qws-channel-worker-log-W9cSMk"
qwen serve: startup timing: processToListenMs=30406 runQwenServeToListenMs=7
qwen serve: trusted loopback mode; local callers have full API access without bearer authentication, including code execution as the daemon user. Use --require-auth with QWEN_SERVER_TOKEN on shared or untrusted hosts.
qwen serve: /acp WebSocket transport enabled on /acp
2026-10-03T08:39:17.011Z [WARN] [DAEMON] channel worker stderr: adapter failed with <redacted>
2026-10-03T08:39:17.011Z [WARN] [DAEMON] channel worker exited (state=exited, pid=1234, code=1, signal=null, error=ipc failed, restartCount=2, nextRestartAt=2026-07-01T01:00:05.000Z, staleHeartbeatAt=2026-07-01T01:00:00.000Z)
2026-10-03T08:39:17.011Z [INFO] [DAEMON] daemon stopped
qwen serve: scrubbed inherited loader env vars from the daemon process; session subprocesses will not inherit them: npm_config_userconfig, npm_config_prefix, npm_config_node_gyp, npm_config_globalconfig, npm_config_init_module
2026-10-03T08:39:17.019Z [INFO] [DAEMON] projectMemoryScope=workspace projectMemoryScopeRaw=workspace projectMemoryScopeSource=default project memory scope resolved
2026-10-03T08:39:17.019Z [INFO] [DAEMON] removedKeys=npm_config_userconfig,npm_config_prefix,npm_config_node_gyp,npm_config_globalconfig,npm_config_init_module scrubbed inherited loader env vars from the daemon process; session subprocesses will not inherit them
qwen serve: daemon log → /tmp/qws-run-serve-tests-3G3ZdQ/debug/daemon/daemon.log
2026-10-03T08:39:17.020Z [INFO] [DAEMON] ideEnvPresent=false primary=/tmp/qws-channel-worker-loopback-4caa02 secondary= daemon workspace roots initialized
2026-10-03T08:39:17.024Z [WARN] [DAEMON] session-pr-refresh load failed: [vitest] There was an error when mocking a module. If you are using "vi.mock" factory, make sure there are no top level variables inside, since this call is hoisted to top of the file. Read more: https://vitest.dev/api/vi.html#vi-mock
qwen serve listening on http://0.0.0.0:38625 (mode=http-bridge, workspace=/tmp/qws-channel-worker-loopback-4caa02)
qwen serve: bound to workspace "/tmp/qws-channel-worker-loopback-4caa02"
qwen serve: startup timing: processToListenMs=30421 runQwenServeToListenMs=9
qwen serve: /acp WebSocket transport enabled on /acp
2026-10-03T08:39:17.025Z [INFO] [DAEMON] daemon stopped
qwen serve: scrubbed inherited loader env vars from the daemon process; session subprocesses will not inherit them: npm_config_userconfig, npm_config_prefix, npm_config_node_gyp, npm_config_globalconfig, npm_config_init_module
2026-10-03T08:39:17.031Z [INFO] [DAEMON] projectMemoryScope=workspace projectMemoryScopeRaw=workspace projectMemoryScopeSource=default project memory scope resolved
2026-10-03T08:39:17.031Z [INFO] [DAEMON] removedKeys=npm_config_userconfig,npm_config_prefix,npm_config_node_gyp,npm_config_globalconfig,npm_config_init_module scrubbed inherited loader env vars from the daemon process; session subprocesses will not inherit them
qwen serve: daemon log → /tmp/qws-run-serve-tests-3G3ZdQ/debug/daemon/daemon.log
2026-10-03T08:39:17.032Z [INFO] [DAEMON] ideEnvPresent=false primary=/tmp/qws-channel-worker-timeout-sLLFLD secondary= daemon workspace roots initialized
2026-10-03T08:39:17.036Z [WARN] [DAEMON] session-pr-refresh load failed: [vitest] There was an error when mocking a module. If you are using "vi.mock" factory, make sure there are no top level variables inside, since this call is hoisted to top of the file. Read more: https://vitest.dev/api/vi.html#vi-mock
qwen serve listening on http://127.0.0.1:37829 (mode=http-bridge, workspace=/tmp/qws-channel-worker-timeout-sLLFLD)
qwen serve: bound to workspace "/tmp/qws-channel-worker-timeout-sLLFLD"
qwen serve: startup timing: processToListenMs=30434 runQwenServeToListenMs=9
qwen serve: trusted loopback mode; local callers have full API access without bearer authentication, including code execution as the daemon user. Use --require-auth with QWEN_SERVER_TOKEN on shared or untrusted hosts.
qwen serve: /acp WebSocket transport enabled on /acp
qwen serve: runtime startup failed: Daemon runtime startup timed out after 1ms.
2026-10-03T08:39:17.041Z [ERROR] [DAEMON] runtime startup failed
  Error: Daemon runtime startup timed out after 1ms.
      at Timeout.<anonymous> (/root/verify/pr11071-r4/head/packages/cli/src/serve/run-qwen-serve.ts:9509:32)
      at listOnTimeout (node:internal/timers:585:17)
      at processTimers (node:internal/timers:521:7)
2026-10-03T08:39:17.041Z [INFO] [DAEMON] daemon stopped
qwen serve: scrubbed inherited loader env vars from the daemon process; session subprocesses will not inherit them: npm_config_userconfig, npm_config_prefix, npm_config_node_gyp, npm_config_globalconfig, npm_config_init_module
2026-10-03T08:39:17.047Z [INFO] [DAEMON] channels=telegram workspaceCwd=/tmp/qws-channel-worker-timeout-c3HcCh restoring channels from workspace serve.channels
2026-10-03T08:39:17.047Z [INFO] [DAEMON] projectMemoryScope=workspace projectMemoryScopeRaw=workspace projectMemoryScopeSource=default project memory scope resolved
2026-10-03T08:39:17.047Z [INFO] [DAEMON] removedKeys=npm_config_userconfig,npm_config_prefix,npm_config_node_gyp,npm_config_globalconfig,npm_config_init_module scrubbed inherited loader env vars from the daemon process; session subprocesses will not inherit them
qwen serve: daemon log → /tmp/qws-run-serve-tests-3G3ZdQ/debug/daemon/daemon.log
2026-10-03T08:39:17.048Z [INFO] [DAEMON] ideEnvPresent=false primary=/tmp/qws-channel-worker-timeout-c3HcCh secondary= daemon workspace roots initialized
2026-10-03T08:39:17.052Z [WARN] [DAEMON] session-pr-refresh load failed: [vitest] There was an error when mocking a module. If you are using "vi.mock" factory, make sure there are no top level variables inside, since this call is hoisted to top of the file. Read more: https://vitest.dev/api/vi.html#vi-mock
qwen serve listening on http://127.0.0.1:40907 (mode=http-bridge, workspace=/tmp/qws-channel-worker-timeout-c3HcCh)
qwen serve: bound to workspace "/tmp/qws-channel-worker-timeout-c3HcCh"
qwen serve: startup timing: processToListenMs=30448 runQwenServeToListenMs=7
qwen serve: trusted loopback mode; local callers have full API access without bearer authentication, including code execution as the daemon user. Use --require-auth with QWEN_SERVER_TOKEN on shared or untrusted hosts.
qwen serve: /acp WebSocket transport enabled on /acp
qwen serve: runtime startup failed: Daemon runtime startup timed out after 1ms.
2026-10-03T08:39:17.053Z [ERROR] [DAEMON] runtime startup failed
  Error: Daemon runtime startup timed out after 1ms.
      at Timeout.<anonymous> (/root/verify/pr11071-r4/head/packages/cli/src/serve/run-qwen-serve.ts:9509:32)
      at listOnTimeout (node:internal/timers:585:17)
      at processTimers (node:internal/timers:521:7)
2026-10-03T08:39:17.053Z [INFO] [DAEMON] daemon stopped
qwen serve: scrubbed inherited loader env vars from the daemon process; session subprocesses will not inherit them: npm_config_userconfig, npm_config_prefix, npm_config_node_gyp, npm_config_globalconfig, npm_config_init_module
2026-10-03T08:39:17.059Z [INFO] [DAEMON] projectMemoryScope=workspace projectMemoryScopeRaw=workspace projectMemoryScopeSource=default project memory scope resolved
2026-10-03T08:39:17.059Z [INFO] [DAEMON] removedKeys=npm_config_userconfig,npm_config_prefix,npm_config_node_gyp,npm_config_globalconfig,npm_config_init_module scrubbed inherited loader env vars from the daemon process; session subprocesses will not inherit them
qwen serve: daemon log → /tmp/qws-run-serve-tests-3G3ZdQ/debug/daemon/daemon.log
2026-10-03T08:39:17.060Z [INFO] [DAEMON] ideEnvPresent=false primary=/tmp/qws-channel-worker-status-oD0pGQ secondary= daemon workspace roots initialized
2026-10-03T08:39:17.066Z [WARN] [DAEMON] session-pr-refresh load failed: [vitest] There was an error when mocking a module. If you are using "vi.mock" factory, make sure there are no top level variables inside, since this call is hoisted to top of the file. Read more: https://vitest.dev/api/vi.html#vi-mock
qwen serve listening on http://127.0.0.1:44335 (mode=http-bridge, workspace=/tmp/qws-channel-worker-status-oD0pGQ)
qwen serve: bound to workspace "/tmp/qws-channel-worker-status-oD0pGQ"
qwen serve: startup timing: processToListenMs=30462 runQwenServeToListenMs=9
qwen serve: trusted loopback mode; local callers have full API access without bearer authentication, including code execution as the daemon user. Use --require-auth with QWEN_SERVER_TOKEN on shared or untrusted hosts.
qwen serve: /acp WebSocket transport enabled on /acp
2026-10-03T08:39:17.067Z [WARN] [DAEMON] channel worker exited (state=exited, pid=1234, code=1, signal=null, error=ipc failed, restartCount=0, nextRestartAt=none, staleHeartbeatAt=none)
2026-10-03T08:39:17.069Z [INFO] [DAEMON] route=GET /daemon/status durationMs=1 status=200 request completed
2026-10-03T08:39:17.070Z [INFO] [DAEMON] daemon stopped
qwen serve: scrubbed inherited loader env vars from the daemon process; session subprocesses will not inherit them: npm_config_userconfig, npm_config_prefix, npm_config_node_gyp, npm_config_globalconfig, npm_config_init_module
2026-10-03T08:39:17.076Z [INFO] [DAEMON] projectMemoryScope=workspace projectMemoryScopeRaw=workspace projectMemoryScopeSource=default project memory scope resolved
2026-10-03T08:39:17.076Z [INFO] [DAEMON] removedKeys=npm_config_userconfig,npm_config_prefix,npm_config_node_gyp,npm_config_globalconfig,npm_config_init_module scrubbed inherited loader env vars from the daemon process; session subprocesses will not inherit them
qwen serve: daemon log → /tmp/qws-run-serve-tests-3G3ZdQ/debug/daemon/daemon.log
2026-10-03T08:39:17.077Z [INFO] [DAEMON] ideEnvPresent=false primary=/tmp/qws-channel-worker-fail-RZGDJ5 secondary= daemon workspace roots initialized
2026-10-03T08:39:17.081Z [WARN] [DAEMON] session-pr-refresh load failed: [vitest] There was an error when mocking a module. If you are using "vi.mock" factory, make sure there are no top level variables inside, since this call is hoisted to top of the file. Read more: https://vitest.dev/api/vi.html#vi-mock
qwen serve listening on http://127.0.0.1:35583 (mode=http-bridge, workspace=/tmp/qws-channel-worker-fail-RZGDJ5)
qwen serve: bound to workspace "/tmp/qws-channel-worker-fail-RZGDJ5"
qwen serve: startup timing: processToListenMs=30477 runQwenServeToListenMs=7
qwen serve: trusted loopback mode; local callers have full API access without bearer authentication, including code execution as the daemon user. Use --require-auth with QWEN_SERVER_TOKEN on shared or untrusted hosts.
qwen serve: /acp WebSocket transport enabled on /acp
qwen serve: runtime startup failed: worker failed before ready
2026-10-03T08:39:17.082Z [ERROR] [DAEMON] runtime startup failed
  ChannelWorkerControlError: worker failed before ready
      at applySelection (/root/verify/pr11071-r4/head/packages/cli/src/serve/channel-worker-manager.ts:455:15)
      at processTicksAndRejections (node:internal/process/task_queues:103:5)
      at /root/verify/pr11071-r4/head/packages/cli/src/serve/channel-worker-manager.ts:555:9
2026-10-03T08:39:17.082Z [ERROR] [DAEMON] daemon startup failed
  ChannelWorkerControlError: worker failed before ready
      at applySelection (/root/verify/pr11071-r4/head/packages/cli/src/serve/channel-worker-manager.ts:455:15)
      at processTicksAndRejections (node:internal/process/task_queues:103:5)
      at /root/verify/pr11071-r4/head/packages/cli/src/serve/channel-worker-manager.ts:555:9
qwen serve: scrubbed inherited loader env vars from the daemon process; session subprocesses will not inherit them: npm_config_userconfig, npm_config_prefix, npm_config_node_gyp, npm_config_globalconfig, npm_config_init_module
2026-10-03T08:39:17.088Z [INFO] [DAEMON] projectMemoryScope=workspace projectMemoryScopeRaw=workspace projectMemoryScopeSource=default project memory scope resolved
2026-10-03T08:39:17.088Z [INFO] [DAEMON] removedKeys=npm_config_userconfig,npm_config_prefix,npm_config_node_gyp,npm_config_globalconfig,npm_config_init_module scrubbed inherited loader env vars from the daemon process; session subprocesses will not inherit them
qwen serve: daemon log → /tmp/qws-run-serve-tests-3G3ZdQ/debug/daemon/daemon.log
2026-10-03T08:39:17.091Z [INFO] [DAEMON] ideEnvPresent=false primary=/tmp/qws-channel-untrusted-ceFH3p secondary= daemon workspace roots initialized
2026-10-03T08:39:17.094Z [WARN] [DAEMON] session-pr-refresh load failed: [vitest] There was an error when mocking a module. If you are using "vi.mock" factory, make sure there are no top level variables inside, since this call is hoisted to top of the file. Read more: https://vitest.dev/api/vi.html#vi-mock
2026-10-03T08:39:17.095Z [ERROR] [DAEMON] daemon startup failed
  Error: Primary workspace "/tmp/qws-channel-untrusted-ceFH3p" is not trusted; cannot host channels.
      at resolveChannelWorkspaceGroupsAtListen (/root/verify/pr11071-r4/head/packages/cli/src/serve/run-qwen-serve.ts:8927:11)
      at onListening (/root/verify/pr11071-r4/head/packages/cli/src/serve/run-qwen-serve.ts:10439:26)
      at Server.handleListening (/root/verify/pr11071-r4/head/packages/cli/src/serve/run-qwen-serve.ts:10803:9)
      at Object.onceWrapper (node:events:633:28)
      at Server.emit (node:events:531:35)
      at emitListeningNT (node:net:1983:10)
      at processTicksAndRejections (node:internal/process/task_queues:88:21)
qwen serve: scrubbed inherited loader env vars from the daemon process; session subprocesses will not inherit them: npm_config_userconfig, npm_config_prefix, npm_config_node_gyp, npm_config_globalconfig, npm_config_init_module
2026-10-03T08:39:17.101Z [INFO] [DAEMON] projectMemoryScope=workspace projectMemoryScopeRaw=workspace projectMemoryScopeSource=default project memory scope resolved
2026-10-03T08:39:17.101Z [INFO] [DAEMON] removedKeys=npm_config_userconfig,npm_config_prefix,npm_config_node_gyp,npm_config_globalconfig,npm_config_init_module scrubbed inherited loader env vars from the daemon process; session subprocesses will not inherit them
qwen serve: daemon log → /tmp/qws-run-serve-tests-3G3ZdQ/debug/daemon/daemon.log
2026-10-03T08:39:17.102Z [INFO] [DAEMON] ideEnvPresent=false primary=/tmp/qws-channel-startup-cleanup-9Jt38Q secondary= daemon workspace roots initialized
2026-10-03T08:39:17.105Z [WARN] [DAEMON] session-pr-refresh load failed: [vitest] There was an error when mocking a module. If you are using "vi.mock" factory, make sure there are no top level variables inside, since this call is hoisted to top of the file. Read more: https://vitest.dev/api/vi.html#vi-mock
2026-10-03T08:39:17.108Z [ERROR] [DAEMON] daemon startup failed
  AggregateError: Primary workspace "/tmp/qws-channel-startup-cleanup-9Jt38Q" is not trusted; cannot host channels.
      at /root/verify/pr11071-r4/head/packages/cli/src/serve/run-qwen-serve.ts:10504:21
      at processTicksAndRejections (node:internal/process/task_queues:103:5)
qwen serve: scrubbed inherited loader env vars from the daemon process; session subprocesses will not inherit them: npm_config_userconfig, npm_config_prefix, npm_config_node_gyp, npm_config_globalconfig, npm_config_init_module
2026-10-03T08:39:17.114Z [INFO] [DAEMON] projectMemoryScope=workspace projectMemoryScopeRaw=workspace projectMemoryScopeSource=default project memory scope resolved
2026-10-03T08:39:17.114Z [INFO] [DAEMON] removedKeys=npm_config_userconfig,npm_config_prefix,npm_config_node_gyp,npm_config_globalconfig,npm_config_init_module scrubbed inherited loader env vars from the daemon process; session subprocesses will not inherit them
qwen serve: daemon log → /tmp/qws-run-serve-tests-3G3ZdQ/debug/daemon/daemon.log
2026-10-03T08:39:17.115Z [INFO] [DAEMON] ideEnvPresent=false primary=/tmp/qws-channel-worker-retained-nboLA4 secondary= daemon workspace roots initialized
2026-10-03T08:39:17.119Z [WARN] [DAEMON] session-pr-refresh load failed: [vitest] There was an error when mocking a module. If you are using "vi.mock" factory, make sure there are no top level variables inside, since this call is hoisted to top of the file. Read more: https://vitest.dev/api/vi.html#vi-mock
qwen serve listening on http://127.0.0.1:37637 (mode=http-bridge, workspace=/tmp/qws-channel-worker-retained-nboLA4)
qwen serve: bound to workspace "/tmp/qws-channel-worker-retained-nboLA4"
qwen serve: startup timing: processToListenMs=30515 runQwenServeToListenMs=7
qwen serve: trusted loopback mode; local callers have full API access without bearer authentication, including code execution as the daemon user. Use --require-auth with QWEN_SERVER_TOKEN on shared or untrusted hosts.
qwen serve: /acp WebSocket transport enabled on /acp
qwen serve: runtime startup failed: worker failed before ready
2026-10-03T08:39:17.120Z [ERROR] [DAEMON] runtime startup failed
  ChannelWorkerControlError: worker failed before ready
      at applySelection (/root/verify/pr11071-r4/head/packages/cli/src/serve/channel-worker-manager.ts:455:15)
      at processTicksAndRejections (node:internal/process/task_queues:103:5)
      at /root/verify/pr11071-r4/head/packages/cli/src/serve/channel-worker-manager.ts:555:9
2026-10-03T08:39:17.120Z [ERROR] [DAEMON] channel worker stop after runtime startup error failed
  ChannelWorkerControlError: Channel worker did not exit after SIGKILL.
      at classifyFailure (/root/verify/pr11071-r4/head/packages/cli/src/serve/channel-worker-manager.ts:357:12)
      at /root/verify/pr11071-r4/head/packages/cli/src/serve/channel-worker-manager.ts:866:17
      at processTicksAndRejections (node:internal/process/task_queues:103:5)
2026-10-03T08:39:17.120Z [ERROR] [DAEMON] channel worker stop error
  ChannelWorkerControlError: Channel worker did not exit after SIGKILL.
      at classifyFailure (/root/verify/pr11071-r4/head/packages/cli/src/serve/channel-worker-manager.ts:357:12)
      at /root/verify/pr11071-r4/head/packages/cli/src/serve/channel-worker-manager.ts:866:17
      at processTicksAndRejections (node:internal/process/task_queues:103:5)
2026-10-03T08:39:17.121Z [ERROR] [DAEMON] shutdown after runtime startup error failed
  ChannelWorkerControlError: Channel worker did not exit after SIGKILL.
      at classifyFailure (/root/verify/pr11071-r4/head/packages/cli/src/serve/channel-worker-manager.ts:357:12)
      at /root/verify/pr11071-r4/head/packages/cli/src/serve/channel-worker-manager.ts:866:17
      at processTicksAndRejections (node:internal/process/task_queues:103:5)
2026-10-03T08:39:17.121Z [ERROR] [DAEMON] runtime startup failed, but qwen serve remains alive to retain the channel service lease until worker exit is confirmed
2026-10-03T08:39:18.164Z [WARN] [DAEMON] received SIGTERM, draining
2026-10-03T08:39:18.165Z [INFO] [DAEMON] daemon stopped
qwen serve: scrubbed inherited loader env vars from the daemon process; session subprocesses will not inherit them: npm_config_userconfig, npm_config_prefix, npm_config_node_gyp, npm_config_globalconfig, npm_config_init_module
2026-10-03T08:39:18.175Z [INFO] [DAEMON] projectMemoryScope=workspace projectMemoryScopeRaw=workspace projectMemoryScopeSource=default project memory scope resolved
2026-10-03T08:39:18.175Z [INFO] [DAEMON] removedKeys=npm_config_userconfig,npm_config_prefix,npm_config_node_gyp,npm_config_globalconfig,npm_config_init_module scrubbed inherited loader env vars from the daemon process; session subprocesses will not inherit them
qwen serve: daemon log → /tmp/qws-run-serve-tests-3G3ZdQ/debug/daemon/daemon.log
2026-10-03T08:39:18.176Z [INFO] [DAEMON] ideEnvPresent=false primary=/tmp/qws-channel-worker-busy-zkzW05 secondary= daemon workspace roots initialized
2026-10-03T08:39:18.184Z [WARN] [DAEMON] session-pr-refresh load failed: [vitest] There was an error when mocking a module. If you are using "vi.mock" factory, make sure there are no top level variables inside, since this call is hoisted to top of the file. Read more: https://vitest.dev/api/vi.html#vi-mock
2026-10-03T08:39:18.184Z [ERROR] [DAEMON] daemon startup failed
  Error: Channel service is already running under qwen serve (PID 9999). Stop it before enabling daemon-managed channels.
      at channelServicePidfileConflictError (/root/verify/pr11071-r4/head/packages/cli/src/serve/run-qwen-serve.ts:2043:5)
      at reserveChannelServicePidfile (/root/verify/pr11071-r4/head/packages/cli/src/serve/run-qwen-serve.ts:3648:13)
      at runQwenServeImpl (/root/verify/pr11071-r4/head/packages/cli/src/serve/run-qwen-serve.ts:9020:7)
      at Module.runQwenServe (/root/verify/pr11071-r4/head/packages/cli/src/serve/run-qwen-serve.ts:3283:12)
      at /root/verify/pr11071-r4/head/packages/cli/src/serve/run-qwen-serve.test.ts:20771:5
      at file:///root/verify/pr11071-r4/head/node_modules/@vitest/runner/dist/chunk-hooks.js:752:20
qwen serve: scrubbed inherited loader env vars from the daemon process; session subprocesses will not inherit them: npm_config_userconfig, npm_config_prefix, npm_config_node_gyp, npm_config_globalconfig, npm_config_init_module
2026-10-03T08:39:18.194Z [INFO] [DAEMON] projectMemoryScope=workspace projectMemoryScopeRaw=workspace projectMemoryScopeSource=default project memory scope resolved
2026-10-03T08:39:18.194Z [INFO] [DAEMON] removedKeys=npm_config_userconfig,npm_config_prefix,npm_config_node_gyp,npm_config_globalconfig,npm_config_init_module scrubbed inherited loader env vars from the daemon process; session subprocesses will not inherit them
qwen serve: daemon log → /tmp/qws-run-serve-tests-3G3ZdQ/debug/daemon/daemon.log
2026-10-03T08:39:18.195Z [INFO] [DAEMON] ideEnvPresent=false primary=/tmp/qws-channel-worker-stale-WTi2JZ secondary= daemon workspace roots initialized
2026-10-03T08:39:18.199Z [WARN] [DAEMON] session-pr-refresh load failed: [vitest] There was an error when mocking a module. If you are using "vi.mock" factory, make sure there are no top level variables inside, since this call is hoisted to top of the file. Read more: https://vitest.dev/api/vi.html#vi-mock
qwen serve listening on http://127.0.0.1:39777 (mode=http-bridge, workspace=/tmp/qws-channel-worker-stale-WTi2JZ)
qwen serve: bound to workspace "/tmp/qws-channel-worker-stale-WTi2JZ"
qwen serve: startup timing: processToListenMs=31596 runQwenServeToListenMs=8
qwen serve: trusted loopback mode; local callers have full API access without bearer authentication, including code execution as the daemon user. Use --require-auth with QWEN_SERVER_TOKEN on shared or untrusted hosts.
qwen serve: /acp WebSocket transport enabled on /acp
2026-10-03T08:39:18.200Z [INFO] [DAEMON] daemon stopped
qwen serve: scrubbed inherited loader env vars from the daemon process; session subprocesses will not inherit them: npm_config_userconfig, npm_config_prefix, npm_config_node_gyp, npm_config_globalconfig, npm_config_init_module
2026-10-03T08:39:18.207Z [INFO] [DAEMON] projectMemoryScope=workspace projectMemoryScopeRaw=workspace projectMemoryScopeSource=default project memory scope resolved
2026-10-03T08:39:18.207Z [INFO] [DAEMON] removedKeys=npm_config_userconfig,npm_config_prefix,npm_config_node_gyp,npm_config_globalconfig,npm_config_init_module scrubbed inherited loader env vars from the daemon process; session subprocesses will not inherit them
qwen serve: daemon log → /tmp/qws-run-serve-tests-3G3ZdQ/debug/daemon/daemon.log
2026-10-03T08:39:18.208Z [INFO] [DAEMON] ideEnvPresent=false primary=/tmp/qws-channel-worker-listen-AraKVa secondary= daemon workspace roots initialized
2026-10-03T08:39:18.214Z [WARN] [DAEMON] session-pr-refresh load failed: [vitest] There was an error when mocking a module. If you are using "vi.mock" factory, make sure there are no top level variables inside, since this call is hoisted to top of the file. Read more: https://vitest.dev/api/vi.html#vi-mock
2026-10-03T08:39:18.215Z [ERROR] [DAEMON] daemon startup failed
  RangeError: options.port should be >= 0 and < 65536. Received type number (-1).
      at Server.listen (node:net:2091:5)
      at tryListen (/root/verify/pr11071-r4/head/packages/cli/src/serve/run-qwen-serve.ts:10840:16)
      at /root/verify/pr11071-r4/head/packages/cli/src/serve/run-qwen-serve.ts:10862:5
      at new Promise (<anonymous>)
      at runQwenServeImpl (/root/verify/pr11071-r4/head/packages/cli/src/serve/run-qwen-serve.ts:9029:16)
      at Module.runQwenServe (/root/verify/pr11071-r4/head/packages/cli/src/serve/run-qwen-serve.ts:3283:12)
      at /root/verify/pr11071-r4/head/packages/cli/src/serve/run-qwen-serve.test.ts:20851:5
      at file:///root/verify/pr11071-r4/head/node_modules/@vitest/runner/dist/chunk-hooks.js:752:20
qwen serve listening on http://127.0.0.1:44375 (mode=http-bridge, workspace=/tmp/qws-port-retry-scvVsp)
2026-10-03T08:39:18.224Z [INFO] [DAEMON] daemon stopped
qwen serve: scrubbed inherited loader env vars from the daemon process; session subprocesses will not inherit them: npm_config_userconfig, npm_config_prefix, npm_config_node_gyp, npm_config_globalconfig, npm_config_init_module
2026-10-03T08:39:18.229Z [INFO] [DAEMON] projectMemoryScope=workspace projectMemoryScopeRaw=workspace projectMemoryScopeSource=default project memory scope resolved
2026-10-03T08:39:18.229Z [INFO] [DAEMON] removedKeys=npm_config_userconfig,npm_config_prefix,npm_config_node_gyp,npm_config_globalconfig,npm_config_init_module scrubbed inherited loader env vars from the daemon process; session subprocesses will not inherit them
qwen serve: daemon log → /tmp/qws-run-serve-tests-3G3ZdQ/debug/daemon/daemon.log
2026-10-03T08:39:18.230Z [INFO] [DAEMON] ideEnvPresent=false primary=/tmp/qws-port-no-retry-6ELH6v secondary= daemon workspace roots initialized
2026-10-03T08:39:18.231Z [WARN] [DAEMON] session-pr-refresh load failed: [vitest] There was an error when mocking a module. If you are using "vi.mock" factory, make sure there are no top level variables inside, since this call is hoisted to top of the file. Read more: https://vitest.dev/api/vi.html#vi-mock
2026-10-03T08:39:18.231Z [ERROR] [DAEMON] daemon startup failed
  Error: permission denied
      at /root/verify/pr11071-r4/head/packages/cli/src/serve/run-qwen-serve.test.ts:20944:25
      at file:///root/verify/pr11071-r4/head/node_modules/@vitest/runner/dist/chunk-hooks.js:155:11
      at file:///root/verify/pr11071-r4/head/node_modules/@vitest/runner/dist/chunk-hooks.js:752:26
      at file:///root/verify/pr11071-r4/head/node_modules/@vitest/runner/dist/chunk-hooks.js:1897:20
      at new Promise (<anonymous>)
      at runWithTimeout (file:///root/verify/pr11071-r4/head/node_modules/@vitest/runner/dist/chunk-hooks.js:1863:10)
      at runTest (file:///root/verify/pr11071-r4/head/node_modules/@vitest/runner/dist/chunk-hooks.js:1574:12)
      at runSuite (file:///root/verify/pr11071-r4/head/node_modules/@vitest/runner/dist/chunk-hooks.js:1729:8)
      at runSuite (file:///root/verify/pr11071-r4/head/node_modules/@vitest/runner/dist/chunk-hooks.js:1729:8)
      at runFiles (file:///root/verify/pr11071-r4/head/node_modules/@vitest/runner/dist/chunk-hooks.js:1787:3)
qwen serve: scrubbed inherited loader env vars from the daemon process; session subprocesses will not inherit them: npm_config_userconfig, npm_config_prefix, npm_config_node_gyp, npm_config_globalconfig, npm_config_init_module
2026-10-03T08:39:18.246Z [INFO] [DAEMON] projectMemoryScope=workspace projectMemoryScopeRaw=workspace projectMemoryScopeSource=default project memory scope resolved
2026-10-03T08:39:18.247Z [INFO] [DAEMON] removedKeys=npm_config_userconfig,npm_config_prefix,npm_config_node_gyp,npm_config_globalconfig,npm_config_init_module scrubbed inherited loader env vars from the daemon process; session subprocesses will not inherit them
qwen serve: daemon log → /tmp/qws-run-serve-tests-3G3ZdQ/debug/daemon/daemon.log
2026-10-03T08:39:18.247Z [INFO] [DAEMON] ideEnvPresent=false primary=/tmp/qws-port0-no-retry-cTRzoJ secondary= daemon workspace roots initialized
2026-10-03T08:39:18.248Z [WARN] [DAEMON] session-pr-refresh load failed: [vitest] There was an error when mocking a module. If you are using "vi.mock" factory, make sure there are no top level variables inside, since this call is hoisted to top of the file. Read more: https://vitest.dev/api/vi.html#vi-mock
2026-10-03T08:39:18.249Z [ERROR] [DAEMON] daemon startup failed
  Error: address in use
      at /root/verify/pr11071-r4/head/packages/cli/src/serve/run-qwen-serve.test.ts:21029:25
      at file:///root/verify/pr11071-r4/head/node_modules/@vitest/runner/dist/chunk-hooks.js:155:11
      at file:///root/verify/pr11071-r4/head/node_modules/@vitest/runner/dist/chunk-hooks.js:752:26
      at file:///root/verify/pr11071-r4/head/node_modules/@vitest/runner/dist/chunk-hooks.js:1897:20
      at new Promise (<anonymous>)
      at runWithTimeout (file:///root/verify/pr11071-r4/head/node_modules/@vitest/runner/dist/chunk-hooks.js:1863:10)
      at runTest (file:///root/verify/pr11071-r4/head/node_modules/@vitest/runner/dist/chunk-hooks.js:1574:12)
      at runSuite (file:///root/verify/pr11071-r4/head/node_modules/@vitest/runner/dist/chunk-hooks.js:1729:8)
      at runSuite (file:///root/verify/pr11071-r4/head/node_modules/@vitest/runner/dist/chunk-hooks.js:1729:8)
      at runFiles (file:///root/verify/pr11071-r4/head/node_modules/@vitest/runner/dist/chunk-hooks.js:1787:3)
qwen serve: scrubbed inherited loader env vars from the daemon process; session subprocesses will not inherit them: npm_config_userconfig, npm_config_prefix, npm_config_node_gyp, npm_config_globalconfig, npm_config_init_module
2026-10-03T08:39:18.254Z [INFO] [DAEMON] projectMemoryScope=workspace projectMemoryScopeRaw=workspace projectMemoryScopeSource=default project memory scope resolved
2026-10-03T08:39:18.254Z [INFO] [DAEMON] removedKeys=npm_config_userconfig,npm_config_prefix,npm_config_node_gyp,npm_config_globalconfig,npm_config_init_module scrubbed inherited loader env vars from the daemon process; session subprocesses will not inherit them
qwen serve: daemon log → /tmp/qws-run-serve-tests-3G3ZdQ/debug/daemon/daemon.log
2026-10-03T08:39:18.255Z [INFO] [DAEMON] ideEnvPresent=false primary=/tmp/qws-channel-worker-crash-heC6Tb secondary= daemon workspace roots initialized
2026-10-03T08:39:18.259Z [WARN] [DAEMON] session-pr-refresh load failed: [vitest] There was an error when mocking a module. If you are using "vi.mock" factory, make sure there are no top level variables inside, since this call is hoisted to top of the file. Read more: https://vitest.dev/api/vi.html#vi-mock
qwen serve listening on http://127.0.0.1:46375 (mode=http-bridge, workspace=/tmp/qws-channel-worker-crash-heC6Tb)
qwen serve: bound to workspace "/tmp/qws-channel-worker-crash-heC6Tb"
qwen serve: startup timing: processToListenMs=31656 runQwenServeToListenMs=7
qwen serve: trusted loopback mode; local callers have full API access without bearer authentication, including code execution as the daemon user. Use --require-auth with QWEN_SERVER_TOKEN on shared or untrusted hosts.
qwen serve: /acp WebSocket transport enabled on /acp
2026-10-03T08:39:18.261Z [INFO] [DAEMON] daemon stopped
qwen serve: scrubbed inherited loader env vars from the daemon process; session subprocesses will not inherit them: npm_config_userconfig, npm_config_prefix, npm_config_node_gyp, npm_config_globalconfig, npm_config_init_module
2026-10-03T08:39:18.268Z [INFO] [DAEMON] projectMemoryScope=workspace projectMemoryScopeRaw=workspace projectMemoryScopeSource=default project memory scope resolved
2026-10-03T08:39:18.268Z [INFO] [DAEMON] removedKeys=npm_config_userconfig,npm_config_prefix,npm_config_node_gyp,npm_config_globalconfig,npm_config_init_module scrubbed inherited loader env vars from the daemon process; session subprocesses will not inherit them
qwen serve: daemon log → /tmp/qws-run-serve-tests-3G3ZdQ/debug/daemon/daemon.log
2026-10-03T08:39:18.269Z [INFO] [DAEMON] ideEnvPresent=false primary=/tmp/qws-channel-worker-unhandled-z0NtvT secondary= daemon workspace roots initialized
2026-10-03T08:39:18.273Z [WARN] [DAEMON] session-pr-refresh load failed: [vitest] There was an error when mocking a module. If you are using "vi.mock" factory, make sure there are no top level variables inside, since this call is hoisted to top of the file. Read more: https://vitest.dev/api/vi.html#vi-mock
qwen serve listening on http://127.0.0.1:40993 (mode=http-bridge, workspace=/tmp/qws-channel-worker-unhandled-z0NtvT)
qwen serve: bound to workspace "/tmp/qws-channel-worker-unhandled-z0NtvT"
qwen serve: startup timing: processToListenMs=31670 runQwenServeToListenMs=9
qwen serve: trusted loopback mode; local callers have full API access without bearer authentication, including code execution as the daemon user. Use --require-auth with QWEN_SERVER_TOKEN on shared or untrusted hosts.
qwen serve: /acp WebSocket transport enabled on /acp
2026-10-03T08:39:18.275Z [INFO] [DAEMON] daemon stopped
qwen serve listening on http://127.0.0.1:32979 (mode=http-bridge, workspace=/tmp/qws-allow-origin-WIr1GI)
2026-10-03T08:39:18.292Z [INFO] [DAEMON] daemon stopped
qwen serve listening on http://127.0.0.1:40017 (mode=http-bridge, workspace=/tmp/qws-startup-runtime-dir-LQdJGy)
qwen serve listening on http://127.0.0.1:34739 (mode=http-bridge, workspace=/tmp/qws-startup-log-dep-3w3D4F)
qwen serve listening on http://127.0.0.1:42735 (mode=http-bridge, workspace=/tmp/qws-startup-storage-dir-1TuQWy)
qwen serve: scrubbed inherited loader env vars from the daemon process; session subprocesses will not inherit them: npm_config_userconfig, npm_config_prefix, npm_config_node_gyp, npm_config_globalconfig, npm_config_init_module
2026-10-03T08:39:18.369Z [INFO] [DAEMON] projectMemoryScope=workspace projectMemoryScopeRaw=workspace projectMemoryScopeSource=default project memory scope resolved
2026-10-03T08:39:18.369Z [INFO] [DAEMON] removedKeys=npm_config_userconfig,npm_config_prefix,npm_config_node_gyp,npm_config_globalconfig,npm_config_init_module scrubbed inherited loader env vars from the daemon process; session subprocesses will not inherit them
qwen serve: daemon log → /tmp/qws-run-serve-tests-3G3ZdQ/debug/daemon/daemon.log
qwen serve listening on http://127.0.0.1:35653 (mode=http-bridge, workspace=/tmp/qws-startup-mcp-config-nBCSH4)
qwen serve: bound to workspace "/tmp/qws-startup-mcp-config-nBCSH4"
qwen serve: startup timing: processToListenMs=31765 runQwenServeToListenMs=2
qwen serve: trusted loopback mode; local callers have full API access without bearer authentication, including code execution as the daemon user. Use --require-auth with QWEN_SERVER_TOKEN on shared or untrusted hosts.
2026-10-03T08:39:18.371Z [INFO] [DAEMON] ideEnvPresent=false primary=/tmp/qws-startup-mcp-config-nBCSH4 secondary= daemon workspace roots initialized
2026-10-03T08:39:18.376Z [WARN] [DAEMON] session-pr-refresh load failed: [vitest] There was an error when mocking a module. If you are using "vi.mock" factory, make sure there are no top level variables inside, since this call is hoisted to top of the file. Read more: https://vitest.dev/api/vi.html#vi-mock
qwen serve: /acp WebSocket transport enabled on /acp
2026-10-03T08:39:18.382Z [INFO] [DAEMON] route=GET /daemon/status durationMs=2 status=200 request completed
2026-10-03T08:39:18.384Z [INFO] [DAEMON] route=GET /daemon/status durationMs=1 status=200 request completed
2026-10-03T08:39:18.385Z [INFO] [DAEMON] daemon stopped
qwen serve: scrubbed inherited loader env vars from the daemon process; session subprocesses will not inherit them: npm_config_userconfig, npm_config_prefix, npm_config_node_gyp, npm_config_globalconfig, npm_config_init_module
2026-10-03T08:39:18.392Z [INFO] [DAEMON] projectMemoryScope=workspace projectMemoryScopeRaw=workspace projectMemoryScopeSource=default project memory scope resolved
2026-10-03T08:39:18.392Z [INFO] [DAEMON] removedKeys=npm_config_userconfig,npm_config_prefix,npm_config_node_gyp,npm_config_globalconfig,npm_config_init_module scrubbed inherited loader env vars from the daemon process; session subprocesses will not inherit them
qwen serve: daemon log → /tmp/qws-startup-mcp-reject-4VOxZ6/debug/daemon/daemon.log
qwen serve listening on http://127.0.0.1:39717 (mode=http-bridge, workspace=/tmp/qws-startup-mcp-reject-4VOxZ6)
qwen serve: bound to workspace "/tmp/qws-startup-mcp-reject-4VOxZ6"
qwen serve: startup timing: processToListenMs=31789 runQwenServeToListenMs=2
qwen serve: trusted loopback mode; local callers have full API access without bearer authentication, including code execution as the daemon user. Use --require-auth with QWEN_SERVER_TOKEN on shared or untrusted hosts.
2026-10-03T08:39:18.394Z [INFO] [DAEMON] ideEnvPresent=false primary=/tmp/qws-startup-mcp-reject-4VOxZ6 secondary= daemon workspace roots initialized
2026-10-03T08:39:18.400Z [WARN] [DAEMON] session-pr-refresh load failed: [vitest] There was an error when mocking a module. If you are using "vi.mock" factory, make sure there are no top level variables inside, since this call is hoisted to top of the file. Read more: https://vitest.dev/api/vi.html#vi-mock
qwen serve: /acp WebSocket transport enabled on /acp
2026-10-03T08:39:18.402Z [WARN] [DAEMON] workspace runtime ensure after preheat failed: cause detail
2026-10-03T08:39:18.405Z [INFO] [DAEMON] route=GET /daemon/status durationMs=1 status=200 request completed
2026-10-03T08:39:18.408Z [INFO] [DAEMON] daemon stopped
qwen serve: scrubbed inherited loader env vars from the daemon process; session subprocesses will not inherit them: npm_config_userconfig, npm_config_prefix, npm_config_node_gyp, npm_config_globalconfig, npm_config_init_module
2026-10-03T08:39:18.414Z [INFO] [DAEMON] projectMemoryScope=workspace projectMemoryScopeRaw=workspace projectMemoryScopeSource=default project memory scope resolved
2026-10-03T08:39:18.414Z [INFO] [DAEMON] removedKeys=npm_config_userconfig,npm_config_prefix,npm_config_node_gyp,npm_config_globalconfig,npm_config_init_module scrubbed inherited loader env vars from the daemon process; session subprocesses will not inherit them
qwen serve: daemon log → /tmp/qws-startup-mcp-deep-cause-sT64aZ/debug/daemon/daemon.log
qwen serve listening on http://127.0.0.1:36849 (mode=http-bridge, workspace=/tmp/qws-startup-mcp-deep-cause-sT64aZ)
qwen serve: bound to workspace "/tmp/qws-startup-mcp-deep-cause-sT64aZ"
qwen serve: startup timing: processToListenMs=31810 runQwenServeToListenMs=2
qwen serve: trusted loopback mode; local callers have full API access without bearer authentication, including code execution as the daemon user. Use --require-auth with QWEN_SERVER_TOKEN on shared or untrusted hosts.
2026-10-03T08:39:18.416Z [INFO] [DAEMON] ideEnvPresent=false primary=/tmp/qws-startup-mcp-deep-cause-sT64aZ secondary= daemon workspace roots initialized
2026-10-03T08:39:18.422Z [WARN] [DAEMON] session-pr-refresh load failed: [vitest] There was an error when mocking a module. If you are using "vi.mock" factory, make sure there are no top level variables inside, since this call is hoisted to top of the file. Read more: https://vitest.dev/api/vi.html#vi-mock
qwen serve: /acp WebSocket transport enabled on /acp
2026-10-03T08:39:18.424Z [WARN] [DAEMON] workspace runtime ensure after preheat failed: deepest leaf
2026-10-03T08:39:18.427Z [INFO] [DAEMON] route=GET /daemon/status durationMs=1 status=200 request completed
2026-10-03T08:39:18.428Z [INFO] [DAEMON] daemon stopped
qwen serve: scrubbed inherited loader env vars from the daemon process; session subprocesses will not inherit them: npm_config_userconfig, npm_config_prefix, npm_config_node_gyp, npm_config_globalconfig, npm_config_init_module
2026-10-03T08:39:18.434Z [INFO] [DAEMON] projectMemoryScope=workspace projectMemoryScopeRaw=workspace projectMemoryScopeSource=default project memory scope resolved
2026-10-03T08:39:18.434Z [INFO] [DAEMON] removedKeys=npm_config_userconfig,npm_config_prefix,npm_config_node_gyp,npm_config_globalconfig,npm_config_init_module scrubbed inherited loader env vars from the daemon process; session subprocesses will not inherit them
qwen serve: daemon log → /tmp/qws-startup-mcp-string-err-sKYNuq/debug/daemon/daemon.log
qwen serve listening on http://127.0.0.1:37235 (mode=http-bridge, workspace=/tmp/qws-startup-mcp-string-err-sKYNuq)
qwen serve: bound to workspace "/tmp/qws-startup-mcp-string-err-sKYNuq"
qwen serve: startup timing: processToListenMs=31830 runQwenServeToListenMs=2
qwen serve: trusted loopback mode; local callers have full API access without bearer authentication, including code execution as the daemon user. Use --require-auth with QWEN_SERVER_TOKEN on shared or untrusted hosts.
2026-10-03T08:39:18.436Z [INFO] [DAEMON] ideEnvPresent=false primary=/tmp/qws-startup-mcp-string-err-sKYNuq secondary= daemon workspace roots initialized
2026-10-03T08:39:18.442Z [WARN] [DAEMON] session-pr-refresh load failed: [vitest] There was an error when mocking a module. If you are using "vi.mock" factory, make sure there are no top level variables inside, since this call is hoisted to top of the file. Read more: https://vitest.dev/api/vi.html#vi-mock
qwen serve: /acp WebSocket transport enabled on /acp
2026-10-03T08:39:18.444Z [WARN] [DAEMON] workspace runtime ensure after preheat failed: plain string failure
2026-10-03T08:39:18.447Z [INFO] [DAEMON] route=GET /daemon/status durationMs=1 status=200 request completed
2026-10-03T08:39:18.447Z [INFO] [DAEMON] daemon stopped
qwen serve: scrubbed inherited loader env vars from the daemon process; session subprocesses will not inherit them: npm_config_userconfig, npm_config_prefix, npm_config_node_gyp, npm_config_globalconfig, npm_config_init_module
2026-10-03T08:39:18.454Z [INFO] [DAEMON] projectMemoryScope=workspace projectMemoryScopeRaw=workspace projectMemoryScopeSource=default project memory scope resolved
2026-10-03T08:39:18.454Z [INFO] [DAEMON] removedKeys=npm_config_userconfig,npm_config_prefix,npm_config_node_gyp,npm_config_globalconfig,npm_config_init_module scrubbed inherited loader env vars from the daemon process; session subprocesses will not inherit them
qwen serve: daemon log → /tmp/qws-startup-mcp-no-cause-bgrY81/debug/daemon/daemon.log
qwen serve listening on http://127.0.0.1:34173 (mode=http-bridge, workspace=/tmp/qws-startup-mcp-no-cause-bgrY81)
qwen serve: bound to workspace "/tmp/qws-startup-mcp-no-cause-bgrY81"
qwen serve: startup timing: processToListenMs=31850 runQwenServeToListenMs=2
qwen serve: trusted loopback mode; local callers have full API access without bearer authentication, including code execution as the daemon user. Use --require-auth with QWEN_SERVER_TOKEN on shared or untrusted hosts.
2026-10-03T08:39:18.456Z [INFO] [DAEMON] ideEnvPresent=false primary=/tmp/qws-startup-mcp-no-cause-bgrY81 secondary= daemon workspace roots initialized
2026-10-03T08:39:18.461Z [WARN] [DAEMON] session-pr-refresh load failed: [vitest] There was an error when mocking a module. If you are using "vi.mock" factory, make sure there are no top level variables inside, since this call is hoisted to top of the file. Read more: https://vitest.dev/api/vi.html#vi-mock
qwen serve: /acp WebSocket transport enabled on /acp
2026-10-03T08:39:18.464Z [WARN] [DAEMON] workspace runtime ensure after preheat failed: Workspace runtime is still starting
2026-10-03T08:39:18.466Z [INFO] [DAEMON] route=GET /daemon/status durationMs=1 status=200 request completed
2026-10-03T08:39:18.467Z [INFO] [DAEMON] daemon stopped
qwen serve: scrubbed inherited loader env vars from the daemon process; session subprocesses will not inherit them: npm_config_userconfig, npm_config_prefix, npm_config_node_gyp, npm_config_globalconfig, npm_config_init_module
2026-10-03T08:39:18.473Z [INFO] [DAEMON] projectMemoryScope=workspace projectMemoryScopeRaw=workspace projectMemoryScopeSource=default project memory scope resolved
2026-10-03T08:39:18.473Z [INFO] [DAEMON] removedKeys=npm_config_userconfig,npm_config_prefix,npm_config_node_gyp,npm_config_globalconfig,npm_config_init_module scrubbed inherited loader env vars from the daemon process; session subprocesses will not inherit them
qwen serve: daemon log → /tmp/qws-startup-mcp-no-lifecycle-4jjF9n/debug/daemon/daemon.log
qwen serve listening on http://127.0.0.1:37443 (mode=http-bridge, workspace=/tmp/qws-startup-mcp-no-lifecycle-4jjF9n)
qwen serve: bound to workspace "/tmp/qws-startup-mcp-no-lifecycle-4jjF9n"
qwen serve: startup timing: processToListenMs=31870 runQwenServeToListenMs=2
qwen serve: trusted loopback mode; local callers have full API access without bearer authentication, including code execution as the daemon user. Use --require-auth with QWEN_SERVER_TOKEN on shared or untrusted hosts.
2026-10-03T08:39:18.475Z [INFO] [DAEMON] ideEnvPresent=false primary=/tmp/qws-startup-mcp-no-lifecycle-4jjF9n secondary= daemon workspace roots initialized
2026-10-03T08:39:18.481Z [WARN] [DAEMON] session-pr-refresh load failed: [vitest] There was an error when mocking a module. If you are using "vi.mock" factory, make sure there are no top level variables inside, since this call is hoisted to top of the file. Read more: https://vitest.dev/api/vi.html#vi-mock
qwen serve: /acp WebSocket transport enabled on /acp
2026-10-03T08:39:18.483Z [INFO] [DAEMON] workspace runtime ensure after preheat skipped: workspace runtime lifecycle is not supported
2026-10-03T08:39:18.486Z [INFO] [DAEMON] route=GET /daemon/status durationMs=1 status=200 request completed
2026-10-03T08:39:18.487Z [INFO] [DAEMON] daemon stopped
qwen serve: scrubbed inherited loader env vars from the daemon process; session subprocesses will not inherit them: npm_config_userconfig, npm_config_prefix, npm_config_node_gyp, npm_config_globalconfig, npm_config_init_module
2026-10-03T08:39:18.493Z [INFO] [DAEMON] projectMemoryScope=workspace projectMemoryScopeRaw=workspace projectMemoryScopeSource=default project memory scope resolved
2026-10-03T08:39:18.493Z [INFO] [DAEMON] removedKeys=npm_config_userconfig,npm_config_prefix,npm_config_node_gyp,npm_config_globalconfig,npm_config_init_module scrubbed inherited loader env vars from the daemon process; session subprocesses will not inherit them
qwen serve: daemon log → /tmp/qws-startup-mcp-inactive-primary-dHQ7d1/debug/daemon/daemon.log
qwen serve listening on http://127.0.0.1:37765 (mode=http-bridge, workspace=/tmp/qws-startup-mcp-inactive-primary-dHQ7d1)
qwen serve: bound to workspace "/tmp/qws-startup-mcp-inactive-primary-dHQ7d1"
qwen serve: startup timing: processToListenMs=31890 runQwenServeToListenMs=2
qwen serve: trusted loopback mode; local callers have full API access without bearer authentication, including code execution as the daemon user. Use --require-auth with QWEN_SERVER_TOKEN on shared or untrusted hosts.
2026-10-03T08:39:18.495Z [INFO] [DAEMON] ideEnvPresent=false primary=/tmp/qws-startup-mcp-inactive-primary-dHQ7d1 secondary= daemon workspace roots initialized
2026-10-03T08:39:18.501Z [WARN] [DAEMON] session-pr-refresh load failed: [vitest] There was an error when mocking a module. If you are using "vi.mock" factory, make sure there are no top level variables inside, since this call is hoisted to top of the file. Read more: https://vitest.dev/api/vi.html#vi-mock
qwen serve: /acp WebSocket transport enabled on /acp
2026-10-03T08:39:18.506Z [INFO] [DAEMON] route=GET /daemon/status durationMs=1 status=200 request completed
2026-10-03T08:39:18.507Z [INFO] [DAEMON] workspace runtime ensure after preheat skipped: no primary runtime
2026-10-03T08:39:18.518Z [INFO] [DAEMON] daemon stopped
qwen serve: scrubbed inherited loader env vars from the daemon process; session subprocesses will not inherit them: npm_config_userconfig, npm_config_prefix, npm_config_node_gyp, npm_config_globalconfig, npm_config_init_module
2026-10-03T08:39:18.524Z [INFO] [DAEMON] projectMemoryScope=workspace projectMemoryScopeRaw=workspace projectMemoryScopeSource=default project memory scope resolved
2026-10-03T08:39:18.524Z [INFO] [DAEMON] removedKeys=npm_config_userconfig,npm_config_prefix,npm_config_node_gyp,npm_config_globalconfig,npm_config_init_module scrubbed inherited loader env vars from the daemon process; session subprocesses will not inherit them
qwen serve: daemon log → /tmp/qws-startup-mcp-no-runtime-KHk4fN/debug/daemon/daemon.log
qwen serve listening on http://127.0.0.1:34219 (mode=http-bridge, workspace=/tmp/qws-startup-mcp-no-runtime-KHk4fN)
qwen serve: bound to workspace "/tmp/qws-startup-mcp-no-runtime-KHk4fN"
qwen serve: startup timing: processToListenMs=31920 runQwenServeToListenMs=2
qwen serve: trusted loopback mode; local callers have full API access without bearer authentication, including code execution as the daemon user. Use --require-auth with QWEN_SERVER_TOKEN on shared or untrusted hosts.
2026-10-03T08:39:18.526Z [INFO] [DAEMON] ideEnvPresent=false primary=/tmp/qws-startup-mcp-no-runtime-KHk4fN secondary= daemon workspace roots initialized
2026-10-03T08:39:18.532Z [WARN] [DAEMON] session-pr-refresh load failed: [vitest] There was an error when mocking a module. If you are using "vi.mock" factory, make sure there are no top level variables inside, since this call is hoisted to top of the file. Read more: https://vitest.dev/api/vi.html#vi-mock
qwen serve: /acp WebSocket transport enabled on /acp
2026-10-03T08:39:18.537Z [INFO] [DAEMON] route=GET /daemon/status durationMs=1 status=200 request completed
2026-10-03T08:39:18.537Z [INFO] [DAEMON] workspace runtime ensure after preheat skipped: no primary runtime
2026-10-03T08:39:18.547Z [INFO] [DAEMON] daemon stopped
qwen serve: scrubbed inherited loader env vars from the daemon process; session subprocesses will not inherit them: npm_config_userconfig, npm_config_prefix, npm_config_node_gyp, npm_config_globalconfig, npm_config_init_module
2026-10-03T08:39:18.553Z [INFO] [DAEMON] projectMemoryScope=workspace projectMemoryScopeRaw=workspace projectMemoryScopeSource=default project memory scope resolved
2026-10-03T08:39:18.553Z [INFO] [DAEMON] removedKeys=npm_config_userconfig,npm_config_prefix,npm_config_node_gyp,npm_config_globalconfig,npm_config_init_module scrubbed inherited loader env vars from the daemon process; session subprocesses will not inherit them
qwen serve: daemon log → /tmp/qws-run-serve-tests-3G3ZdQ/debug/daemon/daemon.log
qwen serve listening on http://127.0.0.1:43397 (mode=http-bridge, workspace=/tmp/qws-startup-mcp-preheat-fail-x0vXqp)
qwen serve: bound to workspace "/tmp/qws-startup-mcp-preheat-fail-x0vXqp"
qwen serve: startup timing: processToListenMs=31950 runQwenServeToListenMs=2
qwen serve: trusted loopback mode; local callers have full API access without bearer authentication, including code execution as the daemon user. Use --require-auth with QWEN_SERVER_TOKEN on shared or untrusted hosts.
2026-10-03T08:39:18.555Z [INFO] [DAEMON] ideEnvPresent=false primary=/tmp/qws-startup-mcp-preheat-fail-x0vXqp secondary= daemon workspace roots initialized
2026-10-03T08:39:18.561Z [WARN] [DAEMON] session-pr-refresh load failed: [vitest] There was an error when mocking a module. If you are using "vi.mock" factory, make sure there are no top level variables inside, since this call is hoisted to top of the file. Read more: https://vitest.dev/api/vi.html#vi-mock
qwen serve: /acp WebSocket transport enabled on /acp
qwen serve: ACP preheat failed, will retry on first session: preheat boom
2026-10-03T08:39:18.566Z [INFO] [DAEMON] route=GET /daemon/status durationMs=1 status=200 request completed
2026-10-03T08:39:18.617Z [INFO] [DAEMON] daemon stopped
qwen serve: scrubbed inherited loader env vars from the daemon process; session subprocesses will not inherit them: npm_config_userconfig, npm_config_prefix, npm_config_node_gyp, npm_config_globalconfig, npm_config_init_module
2026-10-03T08:39:18.624Z [INFO] [DAEMON] projectMemoryScope=workspace projectMemoryScopeRaw=workspace projectMemoryScopeSource=default project memory scope resolved
2026-10-03T08:39:18.624Z [INFO] [DAEMON] removedKeys=npm_config_userconfig,npm_config_prefix,npm_config_node_gyp,npm_config_globalconfig,npm_config_init_module scrubbed inherited loader env vars from the daemon process; session subprocesses will not inherit them
qwen serve: daemon log → /tmp/qws-run-serve-tests-3G3ZdQ/debug/daemon/daemon.log
qwen serve listening on http://127.0.0.1:41695 (mode=http-bridge, workspace=/tmp/qws-startup-mcp-primary-only-UKurBr/primary)
qwen serve: bound to workspace "/tmp/qws-startup-mcp-primary-only-UKurBr/primary"
qwen serve: startup timing: processToListenMs=32021 runQwenServeToListenMs=3
qwen serve: trusted loopback mode; local callers have full API access without bearer authentication, including code execution as the daemon user. Use --require-auth with QWEN_SERVER_TOKEN on shared or untrusted hosts.
2026-10-03T08:39:18.626Z [INFO] [DAEMON] ideEnvPresent=false primary=/tmp/qws-startup-mcp-primary-only-UKurBr/primary secondary= daemon workspace roots initialized
2026-10-03T08:39:18.636Z [WARN] [DAEMON] session-pr-refresh load failed: [vitest] There was an error when mocking a module. If you are using "vi.mock" factory, make sure there are no top level variables inside, since this call is hoisted to top of the file. Read more: https://vitest.dev/api/vi.html#vi-mock
qwen serve: /acp WebSocket transport enabled on /acp
2026-10-03T08:39:18.640Z [INFO] [DAEMON] route=GET /daemon/status durationMs=1 status=200 request completed
2026-10-03T08:39:18.641Z [INFO] [DAEMON] daemon stopped
qwen serve: scrubbed inherited loader env vars from the daemon process; session subprocesses will not inherit them: npm_config_userconfig, npm_config_prefix, npm_config_node_gyp, npm_config_globalconfig, npm_config_init_module
2026-10-03T08:39:18.647Z [INFO] [DAEMON] projectMemoryScope=workspace projectMemoryScopeRaw=workspace projectMemoryScopeSource=default project memory scope resolved
2026-10-03T08:39:18.647Z [INFO] [DAEMON] removedKeys=npm_config_userconfig,npm_config_prefix,npm_config_node_gyp,npm_config_globalconfig,npm_config_init_module scrubbed inherited loader env vars from the daemon process; session subprocesses will not inherit them
qwen serve: daemon log → /tmp/qws-run-serve-tests-3G3ZdQ/debug/daemon/daemon.log
qwen serve listening on http://127.0.0.1:45473 (mode=http-bridge, workspace=/tmp/qws-startup-mcp-shutdown-qVLysd)
qwen serve: bound to workspace "/tmp/qws-startup-mcp-shutdown-qVLysd"
qwen serve: startup timing: processToListenMs=32044 runQwenServeToListenMs=2
qwen serve: trusted loopback mode; local callers have full API access without bearer authentication, including code execution as the daemon user. Use --require-auth with QWEN_SERVER_TOKEN on shared or untrusted hosts.
2026-10-03T08:39:18.649Z [INFO] [DAEMON] ideEnvPresent=false primary=/tmp/qws-startup-mcp-shutdown-qVLysd secondary= daemon workspace roots initialized
2026-10-03T08:39:18.657Z [WARN] [DAEMON] session-pr-refresh load failed: [vitest] There was an error when mocking a module. If you are using "vi.mock" factory, make sure there are no top level variables inside, since this call is hoisted to top of the file. Read more: https://vitest.dev/api/vi.html#vi-mock
qwen serve: /acp WebSocket transport enabled on /acp
2026-10-03T08:39:18.660Z [INFO] [DAEMON] route=GET /daemon/status durationMs=1 status=200 request completed
2026-10-03T08:39:18.661Z [INFO] [DAEMON] daemon stopped
2026-10-03T08:39:18.661Z [INFO] [DAEMON] workspace runtime ensure after preheat skipped: shutting down
qwen serve listening on http://127.0.0.1:33383 (mode=http-bridge, workspace=/tmp/qws-startup-mcp-runtime-fail-lnPRhV)
qwen serve: scrubbed inherited loader env vars from the daemon process; session subprocesses will not inherit them: npm_config_userconfig, npm_config_prefix, npm_config_node_gyp, npm_config_globalconfig, npm_config_init_module
2026-10-03T08:39:18.880Z [INFO] [DAEMON] projectMemoryScope=workspace projectMemoryScopeRaw=workspace projectMemoryScopeSource=default project memory scope resolved
2026-10-03T08:39:18.880Z [INFO] [DAEMON] removedKeys=npm_config_userconfig,npm_config_prefix,npm_config_node_gyp,npm_config_globalconfig,npm_config_init_module scrubbed inherited loader env vars from the daemon process; session subprocesses will not inherit them
qwen serve: daemon log → /tmp/qws-run-serve-tests-3G3ZdQ/debug/daemon/daemon.log
qwen serve listening on http://127.0.0.1:34633 (mode=http-bridge, workspace=/tmp/qws-startup-preheat-y3tazK)
qwen serve: bound to workspace "/tmp/qws-startup-preheat-y3tazK"
qwen serve: startup timing: processToListenMs=32277 runQwenServeToListenMs=2
qwen serve: trusted loopback mode; local callers have full API access without bearer authentication, including code execution as the daemon user. Use --require-auth with QWEN_SERVER_TOKEN on shared or untrusted hosts.
2026-10-03T08:39:18.883Z [INFO] [DAEMON] ideEnvPresent=false primary=/tmp/qws-startup-preheat-y3tazK secondary= daemon workspace roots initialized
2026-10-03T08:39:18.889Z [WARN] [DAEMON] session-pr-refresh load failed: [vitest] There was an error when mocking a module. If you are using "vi.mock" factory, make sure there are no top level variables inside, since this call is hoisted to top of the file. Read more: https://vitest.dev/api/vi.html#vi-mock
qwen serve: /acp WebSocket transport enabled on /acp
2026-10-03T08:39:18.895Z [INFO] [DAEMON] route=GET /daemon/status durationMs=2 status=200 request completed
2026-10-03T08:39:18.897Z [INFO] [DAEMON] route=GET /daemon/status durationMs=1 status=200 request completed
2026-10-03T08:39:18.897Z [INFO] [DAEMON] workspace runtime ensure after preheat skipped: workspace runtime lifecycle is not supported
2026-10-03T08:39:18.898Z [INFO] [DAEMON] route=GET /daemon/status durationMs=1 status=200 request completed
2026-10-03T08:39:18.899Z [INFO] [DAEMON] daemon stopped
qwen serve: scrubbed inherited loader env vars from the daemon process; session subprocesses will not inherit them: npm_config_userconfig, npm_config_prefix, npm_config_node_gyp, npm_config_globalconfig, npm_config_init_module
2026-10-03T08:39:18.907Z [INFO] [DAEMON] projectMemoryScope=workspace projectMemoryScopeRaw=workspace projectMemoryScopeSource=default project memory scope resolved
2026-10-03T08:39:18.907Z [INFO] [DAEMON] removedKeys=npm_config_userconfig,npm_config_prefix,npm_config_node_gyp,npm_config_globalconfig,npm_config_init_module scrubbed inherited loader env vars from the daemon process; session subprocesses will not inherit them
qwen serve: daemon log → /tmp/qws-run-serve-tests-3G3ZdQ/debug/daemon/daemon.log
qwen serve listening on http://127.0.0.1:41957 (mode=http-bridge, workspace=/tmp/qws-startup-default-preheat-meQhPH)
qwen serve: bound to workspace "/tmp/qws-startup-default-preheat-meQhPH"
qwen serve: startup timing: processToListenMs=32303 runQwenServeToListenMs=2
qwen serve: trusted loopback mode; local callers have full API access without bearer authentication, including code execution as the daemon user. Use --require-auth with QWEN_SERVER_TOKEN on shared or untrusted hosts.
2026-10-03T08:39:18.909Z [INFO] [DAEMON] ideEnvPresent=false primary=/tmp/qws-startup-default-preheat-meQhPH secondary= daemon workspace roots initialized
2026-10-03T08:39:18.915Z [WARN] [DAEMON] session-pr-refresh load failed: [vitest] There was an error when mocking a module. If you are using "vi.mock" factory, make sure there are no top level variables inside, since this call is hoisted to top of the file. Read more: https://vitest.dev/api/vi.html#vi-mock
qwen serve: /acp WebSocket transport enabled on /acp
2026-10-03T08:39:18.917Z [INFO] [DAEMON] workspace runtime ensure after preheat skipped: workspace runtime lifecycle is not supported
2026-10-03T08:39:18.920Z [INFO] [DAEMON] route=GET /daemon/status durationMs=1 status=200 request completed
2026-10-03T08:39:18.921Z [INFO] [DAEMON] daemon stopped
qwen serve: scrubbed inherited loader env vars from the daemon process; session subprocesses will not inherit them: npm_config_userconfig, npm_config_prefix, npm_config_node_gyp, npm_config_globalconfig, npm_config_init_module
2026-10-03T08:39:18.928Z [INFO] [DAEMON] projectMemoryScope=workspace projectMemoryScopeRaw=workspace projectMemoryScopeSource=default project memory scope resolved
2026-10-03T08:39:18.928Z [INFO] [DAEMON] removedKeys=npm_config_userconfig,npm_config_prefix,npm_config_node_gyp,npm_config_globalconfig,npm_config_init_module scrubbed inherited loader env vars from the daemon process; session subprocesses will not inherit them
qwen serve: daemon log → /tmp/qws-run-serve-tests-3G3ZdQ/debug/daemon/daemon.log
qwen serve listening on http://127.0.0.1:40933 (mode=http-bridge, workspace=/tmp/qws-startup-untrusted-ibkXrH)
qwen serve: bound to workspace "/tmp/qws-startup-untrusted-ibkXrH"
qwen serve: startup timing: processToListenMs=32324 runQwenServeToListenMs=2
qwen serve: trusted loopback mode; local callers have full API access without bearer authentication, including code execution as the daemon user. Use --require-auth with QWEN_SERVER_TOKEN on shared or untrusted hosts.
2026-10-03T08:39:18.930Z [INFO] [DAEMON] ideEnvPresent=false primary=/tmp/qws-startup-untrusted-ibkXrH secondary= daemon workspace roots initialized
qwen serve: /acp WebSocket transport enabled on /acp
2026-10-03T08:39:18.935Z [WARN] [DAEMON] session-pr-refresh load failed: [vitest] There was an error when mocking a module. If you are using "vi.mock" factory, make sure there are no top level variables inside, since this call is hoisted to top of the file. Read more: https://vitest.dev/api/vi.html#vi-mock
2026-10-03T08:39:18.938Z [INFO] [DAEMON] route=GET /daemon/status durationMs=1 status=200 request completed
2026-10-03T08:39:18.939Z [INFO] [DAEMON] daemon stopped
qwen serve: scrubbed inherited loader env vars from the daemon process; session subprocesses will not inherit them: npm_config_userconfig, npm_config_prefix, npm_config_node_gyp, npm_config_globalconfig, npm_config_init_module
2026-10-03T08:39:18.946Z [INFO] [DAEMON] projectMemoryScope=workspace projectMemoryScopeRaw=workspace projectMemoryScopeSource=default project memory scope resolved
2026-10-03T08:39:18.946Z [INFO] [DAEMON] removedKeys=npm_config_userconfig,npm_config_prefix,npm_config_node_gyp,npm_config_globalconfig,npm_config_init_module scrubbed inherited loader env vars from the daemon process; session subprocesses will not inherit them
qwen serve: daemon log → /tmp/qws-run-serve-tests-3G3ZdQ/debug/daemon/daemon.log
qwen serve listening on http://127.0.0.1:40785 (mode=http-bridge, workspace=/tmp/qws-startup-preheat-CCP8AH)
qwen serve: bound to workspace "/tmp/qws-startup-preheat-CCP8AH"
qwen serve: startup timing: processToListenMs=32343 runQwenServeToListenMs=2
qwen serve: trusted loopback mode; local callers have full API access without bearer authentication, including code execution as the daemon user. Use --require-auth with QWEN_SERVER_TOKEN on shared or untrusted hosts.
2026-10-03T08:39:18.948Z [INFO] [DAEMON] ideEnvPresent=false primary=/tmp/qws-startup-preheat-CCP8AH secondary= daemon workspace roots initialized
2026-10-03T08:39:18.954Z [WARN] [DAEMON] session-pr-refresh load failed: [vitest] There was an error when mocking a module. If you are using "vi.mock" factory, make sure there are no top level variables inside, since this call is hoisted to top of the file. Read more: https://vitest.dev/api/vi.html#vi-mock
qwen serve: /acp WebSocket transport enabled on /acp
qwen serve: ACP preheat failed, will retry on first session: preheat boom
2026-10-03T08:39:18.959Z [INFO] [DAEMON] route=GET /daemon/status durationMs=1 status=200 request completed
2026-10-03T08:39:18.961Z [INFO] [DAEMON] route=GET /daemon/status durationMs=1 status=200 request completed
2026-10-03T08:39:18.962Z [INFO] [DAEMON] daemon stopped
 [32m✓[39m src/serve/run-qwen-serve.test.ts [2m([22m[2m499 tests[22m[2m)[22m[33m 20926[2mms[22m[39m
   [33m[2m✓[22m[39m runQwenServe runtime startup failures[2m > [22mkeeps health responsive before starting deferred runtime work [33m 365[2mms[22m[39m
   [33m[2m✓[22m[39m runQwenServe runtime startup failures[2m > [22mstarts deferred runtime on fallback when no health probe arrives [33m 1057[2mms[22m[39m
   [33m[2m✓[22m[39m runQwenServe runtime startup failures[2m > [22mdoes not start deferred runtime after close before first health [33m 1107[2mms[22m[39m
   [33m[2m✓[22m[39m runQwenServe runtime startup failures[2m > [22mdisposes a deferred runtime app that finishes after the shutdown wait [33m 5159[2mms[22m[39m
   [33m[2m✓[22m[39m runQwenServe channel worker supervisor[2m > [22mnormalizes a killed TLS trust probe to the generic failure code [33m 1260[2mms[22m[39m
   [33m[2m✓[22m[39m runQwenServe channel worker supervisor[2m > [22mkeeps the serve owner alive when failed startup cannot confirm worker exit [33m 1061[2mms[22m[39m
qwen serve: scrubbed inherited loader env vars from the daemon process; session subprocesses will not inherit them: npm_config_userconfig, npm_config_prefix, npm_config_node_gyp, npm_config_globalconfig, npm_config_init_module
2026-10-03T08:39:19.036Z [INFO] [DAEMON] projectMemoryScope=workspace projectMemoryScopeRaw=workspace projectMemoryScopeSource=default project memory scope resolved
2026-10-03T08:39:19.036Z [INFO] [DAEMON] removedKeys=npm_config_userconfig,npm_config_prefix,npm_config_node_gyp,npm_config_globalconfig,npm_config_init_module scrubbed inherited loader env vars from the daemon process; session subprocesses will not inherit them
qwen serve: daemon log → /tmp/qwen-server-suite-0hLpmm/runtime/debug/daemon/daemon.log
qwen serve: Web Shell UI served from /root/verify/pr11071-r4/head/packages/web-shell/dist
2026-10-03T08:39:19.037Z [INFO] [DAEMON] ideEnvPresent=false primary=/root/verify/pr11071-r4/head/packages/cli secondary= daemon workspace roots initialized
qwen serve listening on http://127.0.0.1:37281 (mode=http-bridge, workspace=/root/verify/pr11071-r4/head/packages/cli)
qwen serve: bound to workspace "/root/verify/pr11071-r4/head/packages/cli"
qwen serve: startup timing: processToListenMs=32441 runQwenServeToListenMs=8
qwen serve: trusted loopback mode; local callers have full API access without bearer authentication, including code execution as the daemon user. Use --require-auth with QWEN_SERVER_TOKEN on shared or untrusted hosts.
qwen serve: /acp WebSocket transport enabled on /acp
2026-10-03T08:39:19.043Z [INFO] [DAEMON] sessionId=sess-A connectReason=unknown streamId=5560a7b3-74b8-4ebf-b8c1-6b3739a3ddcb SSE stream opened
qwen serve: bridge iterator error (session sess-A): agent died
2026-10-03T08:39:19.044Z [INFO] [DAEMON] sessionId=sess-A backpressureCount=0 closeReason=iterator_error connectReason=unknown durationMs=0.39170499999818276 eventFramesWriteSettled=2 lastEventIdWritten=1 maxDrainWaitMs=0 maxLivePublishToWriteSettledMs=0 slowWarningCount=0 streamId=5560a7b3-74b8-4ebf-b8c1-6b3739a3ddcb SSE stream closed
2026-10-03T08:39:19.045Z [INFO] [DAEMON] daemon stopped
qwen serve: scrubbed inherited loader env vars from the daemon process; session subprocesses will not inherit them: npm_config_userconfig, npm_config_prefix, npm_config_node_gyp, npm_config_globalconfig, npm_config_init_module
2026-10-03T08:39:19.048Z [INFO] [DAEMON] projectMemoryScope=workspace projectMemoryScopeRaw=workspace projectMemoryScopeSource=default project memory scope resolved
2026-10-03T08:39:19.048Z [INFO] [DAEMON] removedKeys=npm_config_userconfig,npm_config_prefix,npm_config_node_gyp,npm_config_globalconfig,npm_config_init_module scrubbed inherited loader env vars from the daemon process; session subprocesses will not inherit them
qwen serve: daemon log → /tmp/qwen-server-suite-0hLpmm/runtime/debug/daemon/daemon.log
qwen serve: Web Shell UI served from /root/verify/pr11071-r4/head/packages/web-shell/dist
2026-10-03T08:39:19.049Z [INFO] [DAEMON] ideEnvPresent=false primary=/root/verify/pr11071-r4/head/packages/cli secondary= daemon workspace roots initialized
qwen serve listening on http://127.0.0.1:37469 (mode=http-bridge, workspace=/root/verify/pr11071-r4/head/packages/cli)
qwen serve: bound to workspace "/root/verify/pr11071-r4/head/packages/cli"
qwen serve: startup timing: processToListenMs=32452 runQwenServeToListenMs=7
qwen serve: trusted loopback mode; local callers have full API access without bearer authentication, including code execution as the daemon user. Use --require-auth with QWEN_SERVER_TOKEN on shared or untrusted hosts.
qwen serve: /acp WebSocket transport enabled on /acp
2026-10-03T08:39:19.058Z [INFO] [DAEMON] sessionId=sess-A connectReason=unknown streamId=16352752-c981-4057-8a68-db2dbb000f04 SSE stream opened
qwen serve: bridge iterator error (session sess-A): AcpSessionBridge initialize timed out after 5000ms [init_timeout]
2026-10-03T08:39:19.059Z [INFO] [DAEMON] sessionId=sess-A backpressureCount=0 closeReason=iterator_error connectReason=unknown durationMs=0.36340500000005704 eventFramesWriteSettled=2 lastEventIdWritten=1 maxDrainWaitMs=0 maxLivePublishToWriteSettledMs=0 slowWarningCount=0 streamId=16352752-c981-4057-8a68-db2dbb000f04 SSE stream closed
2026-10-03T08:39:19.059Z [INFO] [DAEMON] daemon stopped
qwen serve listening on http://127.0.0.1:46697 (mode=http-bridge, workspace=/root/verify/pr11071-r4/head/packages/cli)
2026-10-03T08:39:19.070Z [INFO] [DAEMON] daemon stopped
2026-10-03T08:39:19.070Z [INFO] [DAEMON] sessionId=sess-A backpressureCount=0 closeReason=client_disconnect connectReason=unknown durationMs=1.7197439999981725 eventFramesWriteSettled=1 maxDrainWaitMs=0 maxLivePublishToWriteSettledMs=0 slowWarningCount=0 streamId=a3f4e604-7985-42e4-8673-8e46b62d4c31 SSE stream closed
qwen serve listening on http://127.0.0.1:44715 (mode=http-bridge, workspace=/root/verify/pr11071-r4/head/packages/cli)
2026-10-03T08:39:19.084Z [INFO] [DAEMON] daemon stopped
2026-10-03T08:39:19.085Z [INFO] [DAEMON] sessionId=sess-A backpressureCount=0 closeReason=client_disconnect connectReason=unknown durationMs=1.7773589999997057 eventFramesWriteSettled=1 maxDrainWaitMs=0 maxLivePublishToWriteSettledMs=0 slowWarningCount=0 streamId=f7800223-4633-48a0-a064-0cc930f5f73b SSE stream closed
qwen serve listening on http://127.0.0.1:42251 (mode=http-bridge, workspace=/root/verify/pr11071-r4/head/packages/cli)
2026-10-03T08:39:19.095Z [INFO] [DAEMON] daemon stopped
qwen serve listening on http://127.0.0.1:39441 (mode=http-bridge, workspace=/root/verify/pr11071-r4/head/packages/cli)
2026-10-03T08:39:19.108Z [INFO] [DAEMON] daemon stopped
qwen serve: scrubbed inherited loader env vars from the daemon process; session subprocesses will not inherit them: npm_config_userconfig, npm_config_prefix, npm_config_node_gyp, npm_config_globalconfig, npm_config_init_module
2026-10-03T08:39:19.110Z [INFO] [DAEMON] projectMemoryScope=workspace projectMemoryScopeRaw=workspace projectMemoryScopeSource=default project memory scope resolved
2026-10-03T08:39:19.110Z [INFO] [DAEMON] removedKeys=npm_config_userconfig,npm_config_prefix,npm_config_node_gyp,npm_config_globalconfig,npm_config_init_module scrubbed inherited loader env vars from the daemon process; session subprocesses will not inherit them
qwen serve: daemon log → /tmp/qwen-server-suite-0hLpmm/runtime/debug/daemon/daemon.log
qwen serve: Web Shell UI served from /root/verify/pr11071-r4/head/packages/web-shell/dist
2026-10-03T08:39:19.111Z [INFO] [DAEMON] ideEnvPresent=false primary=/root/verify/pr11071-r4/head/packages/cli secondary= daemon workspace roots initialized
qwen serve listening on http://127.0.0.1:46347 (mode=http-bridge, workspace=/root/verify/pr11071-r4/head/packages/cli)
qwen serve: bound to workspace "/root/verify/pr11071-r4/head/packages/cli"
qwen serve: startup timing: processToListenMs=32514 runQwenServeToListenMs=7
qwen serve: trusted loopback mode; local callers have full API access without bearer authentication, including code execution as the daemon user. Use --require-auth with QWEN_SERVER_TOKEN on shared or untrusted hosts.
qwen serve: /acp WebSocket transport enabled on /acp
2026-10-03T08:39:19.117Z [INFO] [DAEMON] sessionId=sess-A connectReason=unknown lastEventId=17 streamId=72152148-7d43-4a0b-8958-a11f4ba4c835 SSE stream opened
2026-10-03T08:39:19.117Z [INFO] [DAEMON] sessionId=sess-A backpressureCount=0 closeReason=source_complete connectReason=unknown durationMs=0.2258559999972931 eventFramesWriteSettled=0 maxDrainWaitMs=0 maxLivePublishToWriteSettledMs=0 slowWarningCount=0 streamId=72152148-7d43-4a0b-8958-a11f4ba4c835 SSE stream closed
2026-10-03T08:39:19.118Z [INFO] [DAEMON] daemon stopped
qwen serve: scrubbed inherited loader env vars from the daemon process; session subprocesses will not inherit them: npm_config_userconfig, npm_config_prefix, npm_config_node_gyp, npm_config_globalconfig, npm_config_init_module
2026-10-03T08:39:19.121Z [INFO] [DAEMON] projectMemoryScope=workspace projectMemoryScopeRaw=workspace projectMemoryScopeSource=default project memory scope resolved
2026-10-03T08:39:19.121Z [INFO] [DAEMON] removedKeys=npm_config_userconfig,npm_config_prefix,npm_config_node_gyp,npm_config_globalconfig,npm_config_init_module scrubbed inherited loader env vars from the daemon process; session subprocesses will not inherit them
qwen serve: daemon log → /tmp/qwen-server-suite-0hLpmm/runtime/debug/daemon/daemon.log
qwen serve: Web Shell UI served from /root/verify/pr11071-r4/head/packages/web-shell/dist
2026-10-03T08:39:19.121Z [INFO] [DAEMON] ideEnvPresent=false primary=/root/verify/pr11071-r4/head/packages/cli secondary= daemon workspace roots initialized
qwen serve listening on http://127.0.0.1:36435 (mode=http-bridge, workspace=/root/verify/pr11071-r4/head/packages/cli)
qwen serve: bound to workspace "/root/verify/pr11071-r4/head/packages/cli"
qwen serve: startup timing: processToListenMs=32524 runQwenServeToListenMs=7
qwen serve: trusted loopback mode; local callers have full API access without bearer authentication, including code execution as the daemon user. Use --require-auth with QWEN_SERVER_TOKEN on shared or untrusted hosts.
qwen serve: /acp WebSocket transport enabled on /acp
qwen serve: rejected Last-Event-ID "abc" (not a decimal integer)
2026-10-03T08:39:19.129Z [INFO] [DAEMON] sessionId=sess-A connectReason=unknown streamId=fe94825e-b986-4382-842e-6b263864e353 SSE stream opened
2026-10-03T08:39:19.130Z [INFO] [DAEMON] sessionId=sess-A backpressureCount=0 closeReason=source_complete connectReason=unknown durationMs=0.2254849999990256 eventFramesWriteSettled=0 maxDrainWaitMs=0 maxLivePublishToWriteSettledMs=0 slowWarningCount=0 streamId=fe94825e-b986-4382-842e-6b263864e353 SSE stream closed
qwen serve: rejected Last-Event-ID "-1" (not a decimal integer)
2026-10-03T08:39:19.131Z [INFO] [DAEMON] sessionId=sess-A connectReason=unknown streamId=a1b93fa9-68e6-4acf-9635-d25fae8ebeb5 SSE stream opened
2026-10-03T08:39:19.131Z [INFO] [DAEMON] sessionId=sess-A backpressureCount=0 closeReason=source_complete connectReason=unknown durationMs=0.20925499999793828 eventFramesWriteSettled=0 maxDrainWaitMs=0 maxLivePublishToWriteSettledMs=0 slowWarningCount=0 streamId=a1b93fa9-68e6-4acf-9635-d25fae8ebeb5 SSE stream closed
qwen serve: rejected Last-Event-ID "1.5e10z" (not a decimal integer)
2026-10-03T08:39:19.132Z [INFO] [DAEMON] sessionId=sess-A connectReason=unknown streamId=01c776ed-812c-4e71-8a08-ddb46f608bfc SSE stream opened
2026-10-03T08:39:19.132Z [INFO] [DAEMON] sessionId=sess-A backpressureCount=0 closeReason=source_complete connectReason=unknown durationMs=0.2276659999988624 eventFramesWriteSettled=0 maxDrainWaitMs=0 maxLivePublishToWriteSettledMs=0 slowWarningCount=0 streamId=01c776ed-812c-4e71-8a08-ddb46f608bfc SSE stream closed
2026-10-03T08:39:19.133Z [INFO] [DAEMON] daemon stopped
qwen serve: session reaper started (interval 60000ms, idle threshold 1800000ms)
qwen serve: session reaper started (interval 60000ms, idle threshold 1800000ms)
qwen serve: session reaper started (interval 60000ms, idle threshold 1800000ms)
qwen serve: session reaper started (interval 60000ms, idle threshold 1800000ms)
qwen serve: session reaper started (interval 60000ms, idle threshold 1800000ms)
qwen serve: fs audit emit is the default no-op — 1 event(s) dropped so far. Latest type=fs.access (intent=list pathHash=e5a8c0e2ea6541c6). Inject deps.fsFactory in createServeApp to wire audit into the EventBus.
qwen serve: session reaper started (interval 60000ms, idle threshold 1800000ms)
qwen serve: fs audit emit is the default no-op — 1 event(s) dropped so far. Latest type=fs.denied (errorKind=untrusted_workspace intent=write pathHash=a6d432d5f8c2f679). Inject deps.fsFactory in createServeApp to wire audit into the EventBus.
[serve] auth.device-flow: provider=qwen-oauth deviceFlowId=a85af472... clientId=- status=started expiresInMs=600000
[serve] auth.device-flow: provider=qwen-oauth deviceFlowId=377210b1... clientId=- status=started expiresInMs=600000
[serve] auth.device-flow: provider=qwen-oauth deviceFlowId=6d483170... clientId=- status=started expiresInMs=600000
[serve] auth.device-flow: provider=qwen-oauth deviceFlowId=6d483170... clientId=- status=cancelled
[serve] auth.device-flow: provider=qwen-oauth deviceFlowId=d7d4dc08... clientId=- status=started expiresInMs=600000
[serve] auth.device-flow: provider=qwen-oauth deviceFlowId=22aeeeb2... clientId=sdk-A status=started expiresInMs=600000
[serve] auth.device-flow: provider=qwen-oauth deviceFlowId=22aeeeb2... clientId=sdk-B status=started hint="take-over (per-provider singleton; original initiator=sdk-A)"
[serve] auth.device-flow: provider=qwen-oauth deviceFlowId=36dbb28c... clientId=- status=started expiresInMs=600000
[serve] auth.device-flow: provider=qwen-oauth deviceFlowId=029e6063... clientId=- status=started expiresInMs=600000
[serve] auth.device-flow: provider=qwen-oauth deviceFlowId=88fa6c75... clientId=- status=started expiresInMs=600000
[serve] auth.device-flow: provider=qwen-oauth deviceFlowId=88fa6c75... clientId=- status=cancelled
[serve] auth.device-flow: provider=qwen-oauth deviceFlowId=49c08392... clientId=- status=started expiresInMs=600000
qwen serve: model-provider ACP child sync failed
[serve] auth.device-flow: provider=qwen-oauth deviceFlowId=31c8bd3b... clientId=sdk-A status=started expiresInMs=600000
[serve] auth.device-flow: provider=qwen-oauth deviceFlowId=bdb2a5ed... clientId=- status=started expiresInMs=600000
[serve] auth.device-flow: provider=qwen-oauth deviceFlowId=1ad37cc8... clientId=- status=started expiresInMs=600000
qwen serve: session reaper started (interval 60000ms, idle threshold 1800000ms)
qwen serve: scrubbed inherited loader env vars from the daemon process; session subprocesses will not inherit them: npm_config_userconfig, npm_config_prefix, npm_config_node_gyp, npm_config_globalconfig, npm_config_init_module
2026-10-03T08:39:19.658Z [INFO] [DAEMON] projectMemoryScope=workspace projectMemoryScopeRaw=workspace projectMemoryScopeSource=default project memory scope resolved
2026-10-03T08:39:19.658Z [INFO] [DAEMON] removedKeys=npm_config_userconfig,npm_config_prefix,npm_config_node_gyp,npm_config_globalconfig,npm_config_init_module scrubbed inherited loader env vars from the daemon process; session subprocesses will not inherit them
qwen serve: daemon log → /tmp/qwen-server-suite-0hLpmm/runtime/debug/daemon/daemon.log
qwen serve: Web Shell UI served from /root/verify/pr11071-r4/head/packages/web-shell/dist
2026-10-03T08:39:19.659Z [INFO] [DAEMON] ideEnvPresent=false primary=/root/verify/pr11071-r4/head/packages/cli secondary= daemon workspace roots initialized
qwen serve listening on http://127.0.0.1:38679 (mode=http-bridge, workspace=/root/verify/pr11071-r4/head/packages/cli)
qwen serve: bound to workspace "/root/verify/pr11071-r4/head/packages/cli"
qwen serve: startup timing: processToListenMs=33062 runQwenServeToListenMs=8
qwen serve: trusted loopback mode; local callers have full API access without bearer authentication, including code execution as the daemon user. Use --require-auth with QWEN_SERVER_TOKEN on shared or untrusted hosts.
qwen serve: /acp WebSocket transport enabled on /acp
2026-10-03T08:39:19.665Z [INFO] [DAEMON] sessionId=sess-A promptId=de6cd5a2-ee92-4193-ba3b-73d47e5cdb4d prompt enqueued
2026-10-03T08:39:19.665Z [INFO] [DAEMON] route=POST /session/sess-A/prompt sessionId=sess-A durationMs=1 status=202 request completed
2026-10-03T08:39:19.866Z [INFO] [DAEMON] daemon stopped
qwen serve: session reaper started (interval 60000ms, idle threshold 1800000ms)
qwen serve: session reaper started (interval 60000ms, idle threshold 1800000ms)
qwen serve: session reaper started (interval 60000ms, idle threshold 1800000ms)
qwen serve: session reaper started (interval 60000ms, idle threshold 1800000ms)
qwen serve: scrubbed inherited loader env vars from the daemon process; session subprocesses will not inherit them: npm_config_userconfig, npm_config_prefix, npm_config_node_gyp, npm_config_globalconfig, npm_config_init_module
2026-10-03T08:39:20.260Z [INFO] [DAEMON] projectMemoryScope=workspace projectMemoryScopeRaw=workspace projectMemoryScopeSource=default project memory scope resolved
2026-10-03T08:39:20.260Z [INFO] [DAEMON] removedKeys=npm_config_userconfig,npm_config_prefix,npm_config_node_gyp,npm_config_globalconfig,npm_config_init_module scrubbed inherited loader env vars from the daemon process; session subprocesses will not inherit them
qwen serve: daemon log → /tmp/qwen-server-suite-0hLpmm/runtime/debug/daemon/daemon.log
qwen serve: Web Shell UI served from /root/verify/pr11071-r4/head/packages/web-shell/dist
2026-10-03T08:39:20.261Z [INFO] [DAEMON] ideEnvPresent=false primary=/root/verify/pr11071-r4/head/packages/cli secondary= daemon workspace roots initialized
qwen serve listening on http://127.0.0.1:35885 (mode=http-bridge, workspace=/root/verify/pr11071-r4/head/packages/cli)
qwen serve: bound to workspace "/root/verify/pr11071-r4/head/packages/cli"
qwen serve: startup timing: processToListenMs=33668 runQwenServeToListenMs=11
qwen serve: trusted loopback mode; local callers have full API access without bearer authentication, including code execution as the daemon user. Use --require-auth with QWEN_SERVER_TOKEN on shared or untrusted hosts.
qwen serve: /acp WebSocket transport enabled on /acp
2026-10-03T08:39:20.270Z [INFO] [DAEMON] sessionId=sess-A connectReason=unknown streamId=271d2016-3e47-4b1a-a499-c9b3970e3885 SSE stream opened
2026-10-03T08:39:20.521Z [WARN] [DAEMON] sessionId=sess-A connectReason=unknown idleForMs=250 streamId=271d2016-3e47-4b1a-a499-c9b3970e3885 timeoutMs=200 SSE writer idle timeout
2026-10-03T08:39:20.522Z [INFO] [DAEMON] sessionId=sess-A backpressureCount=0 closeReason=writer_idle_timeout connectReason=unknown durationMs=251.3410720000029 eventFramesWriteSettled=1 maxDrainWaitMs=0 maxLivePublishToWriteSettledMs=0 slowWarningCount=0 streamId=271d2016-3e47-4b1a-a499-c9b3970e3885 terminalEventType=client_evicted SSE stream closed
2026-10-03T08:39:20.523Z [INFO] [DAEMON] daemon stopped
qwen serve: scrubbed inherited loader env vars from the daemon process; session subprocesses will not inherit them: npm_config_userconfig, npm_config_prefix, npm_config_node_gyp, npm_config_globalconfig, npm_config_init_module
2026-10-03T08:39:20.526Z [INFO] [DAEMON] projectMemoryScope=workspace projectMemoryScopeRaw=workspace projectMemoryScopeSource=default project memory scope resolved
2026-10-03T08:39:20.526Z [INFO] [DAEMON] removedKeys=npm_config_userconfig,npm_config_prefix,npm_config_node_gyp,npm_config_globalconfig,npm_config_init_module scrubbed inherited loader env vars from the daemon process; session subprocesses will not inherit them
qwen serve: daemon log → /tmp/qwen-server-suite-0hLpmm/runtime/debug/daemon/daemon.log
qwen serve: Web Shell UI served from /root/verify/pr11071-r4/head/packages/web-shell/dist
2026-10-03T08:39:20.527Z [INFO] [DAEMON] ideEnvPresent=false primary=/root/verify/pr11071-r4/head/packages/cli secondary= daemon workspace roots initialized
qwen serve listening on http://127.0.0.1:36159 (mode=http-bridge, workspace=/root/verify/pr11071-r4/head/packages/cli)
qwen serve: bound to workspace "/root/verify/pr11071-r4/head/packages/cli"
qwen serve: startup timing: processToListenMs=33930 runQwenServeToListenMs=8
qwen serve: trusted loopback mode; local callers have full API access without bearer authentication, including code execution as the daemon user. Use --require-auth with QWEN_SERVER_TOKEN on shared or untrusted hosts.
qwen serve: /acp WebSocket transport enabled on /acp
2026-10-03T08:39:20.533Z [INFO] [DAEMON] sessionId=sess-A connectReason=unknown streamId=92db1af3-5838-4ce5-aa20-166c06d4b690 SSE stream opened
2026-10-03T08:39:21.146Z [INFO] [DAEMON] daemon stopped
2026-10-03T08:39:21.146Z [INFO] [DAEMON] sessionId=sess-A backpressureCount=0 closeReason=client_disconnect connectReason=unknown durationMs=613.0890849999996 eventFramesWriteSettled=1 lastEventIdWritten=1 maxDrainWaitMs=0 maxLivePublishToWriteSettledMs=0 slowWarningCount=0 streamId=92db1af3-5838-4ce5-aa20-166c06d4b690 SSE stream closed
qwen serve: scrubbed inherited loader env vars from the daemon process; session subprocesses will not inherit them: npm_config_userconfig, npm_config_prefix, npm_config_node_gyp, npm_config_globalconfig, npm_config_init_module
2026-10-03T08:39:21.149Z [INFO] [DAEMON] projectMemoryScope=workspace projectMemoryScopeRaw=workspace projectMemoryScopeSource=default project memory scope resolved
2026-10-03T08:39:21.149Z [INFO] [DAEMON] removedKeys=npm_config_userconfig,npm_config_prefix,npm_config_node_gyp,npm_config_globalconfig,npm_config_init_module scrubbed inherited loader env vars from the daemon process; session subprocesses will not inherit them
qwen serve: daemon log → /tmp/qwen-server-suite-0hLpmm/runtime/debug/daemon/daemon.log
qwen serve: Web Shell UI served from /root/verify/pr11071-r4/head/packages/web-shell/dist
2026-10-03T08:39:21.150Z [INFO] [DAEMON] ideEnvPresent=false primary=/root/verify/pr11071-r4/head/packages/cli secondary= daemon workspace roots initialized
qwen serve listening on http://127.0.0.1:38775 (mode=http-bridge, workspace=/root/verify/pr11071-r4/head/packages/cli)
qwen serve: bound to workspace "/root/verify/pr11071-r4/head/packages/cli"
qwen serve: startup timing: processToListenMs=34554 runQwenServeToListenMs=8
qwen serve: trusted loopback mode; local callers have full API access without bearer authentication, including code execution as the daemon user. Use --require-auth with QWEN_SERVER_TOKEN on shared or untrusted hosts.
qwen serve: /acp WebSocket transport enabled on /acp
2026-10-03T08:39:21.161Z [INFO] [DAEMON] sessionId=sess-A connectReason=unknown streamId=bc8094e3-2052-4684-afd5-0936072ab0f2 SSE stream opened
2026-10-03T08:39:21.873Z [INFO] [DAEMON] daemon stopped
2026-10-03T08:39:21.873Z [INFO] [DAEMON] sessionId=sess-A backpressureCount=0 closeReason=client_disconnect connectReason=unknown durationMs=712.2842709999968 eventFramesWriteSettled=5 lastEventIdWritten=5 maxDrainWaitMs=0 maxLivePublishToWriteSettledMs=0 slowWarningCount=0 streamId=bc8094e3-2052-4684-afd5-0936072ab0f2 SSE stream closed
qwen serve: scrubbed inherited loader env vars from the daemon process; session subprocesses will not inherit them: npm_config_userconfig, npm_config_prefix, npm_config_node_gyp, npm_config_globalconfig, npm_config_init_module
2026-10-03T08:39:21.876Z [INFO] [DAEMON] projectMemoryScope=workspace projectMemoryScopeRaw=workspace projectMemoryScopeSource=default project memory scope resolved
2026-10-03T08:39:21.876Z [INFO] [DAEMON] removedKeys=npm_config_userconfig,npm_config_prefix,npm_config_node_gyp,npm_config_globalconfig,npm_config_init_module scrubbed inherited loader env vars from the daemon process; session subprocesses will not inherit them
qwen serve: daemon log → /tmp/qwen-server-suite-0hLpmm/runtime/debug/daemon/daemon.log
qwen serve: Web Shell UI served from /root/verify/pr11071-r4/head/packages/web-shell/dist
2026-10-03T08:39:21.878Z [INFO] [DAEMON] ideEnvPresent=false primary=/root/verify/pr11071-r4/head/packages/cli secondary= daemon workspace roots initialized
qwen serve listening on http://127.0.0.1:34951 (mode=http-bridge, workspace=/root/verify/pr11071-r4/head/packages/cli)
qwen serve: bound to workspace "/root/verify/pr11071-r4/head/packages/cli"
qwen serve: startup timing: processToListenMs=35281 runQwenServeToListenMs=8
qwen serve: trusted loopback mode; local callers have full API access without bearer authentication, including code execution as the daemon user. Use --require-auth with QWEN_SERVER_TOKEN on shared or untrusted hosts.
qwen serve: /acp WebSocket transport enabled on /acp
2026-10-03T08:39:21.884Z [INFO] [DAEMON] sessionId=sess-A connectReason=unknown streamId=5a1a7f1e-8df8-45f9-9e65-7eefd6e880d3 SSE stream opened
2026-10-03T08:39:22.246Z [INFO] [DAEMON] daemon stopped
2026-10-03T08:39:22.247Z [INFO] [DAEMON] sessionId=sess-A backpressureCount=1 closeReason=client_disconnect connectReason=unknown durationMs=362.36460899999656 eventFramesWriteSettled=1 lastEventIdWritten=1 maxDrainWaitMs=149.72132099999726 maxLivePublishToWriteSettledMs=0 slowWarningCount=0 streamId=5a1a7f1e-8df8-45f9-9e65-7eefd6e880d3 SSE stream closed
qwen serve: bridge error (POST /session): Error: legacy-stderr-test-boom
    at spawnImpl (/root/verify/pr11071-r4/head/packages/cli/src/serve/server.test.ts:43623:15)
    at Object.spawnOrAttach (/root/verify/pr11071-r4/head/packages/cli/src/serve/server.test.ts:2455:28)
    at /root/verify/pr11071-r4/head/packages/cli/src/serve/routes/session.ts:3306:44
    at Layer.handleRequest (/root/verify/pr11071-r4/head/node_modules/router/lib/layer.js:152:17)
    at next (/root/verify/pr11071-r4/head/node_modules/router/lib/route.js:157:13)
    at passthrough (/root/verify/pr11071-r4/head/packages/cli/src/serve/auth.ts:607:8)
    at Layer.handleRequest (/root/verify/pr11071-r4/head/node_modules/router/lib/layer.js:152:17)
    at next (/root/verify/pr11071-r4/head/node_modules/router/lib/route.js:157:13)
    at Route.dispatch (/root/verify/pr11071-r4/head/node_modules/router/lib/route.js:117:3)
    at handle (/root/verify/pr11071-r4/head/node_modules/router/index.js:435:11)
qwen serve: sessions archive result requested=1 requestedIds=["550e8400-e29b-41d4-a716-446655440211"] archived=0 archivedIds=[] alreadyArchived=0 alreadyArchivedIds=[] notFound=1 notFoundIds=["550e8400-e29b-41d4-a716-446655440211"] errors=0 errorIds=[]
qwen serve: sessions archive result requested=1 requestedIds=["550e8400-e29b-41d4-a716-446655440211"] archived=0 archivedIds=[] alreadyArchived=0 alreadyArchivedIds=[] notFound=1 notFoundIds=["550e8400-e29b-41d4-a716-446655440211"] errors=0 errorIds=[]
qwen serve: sessions archive result requested=1 requestedIds=["550e8400-e29b-41d4-a716-446655440211"] archived=0 archivedIds=[] alreadyArchived=0 alreadyArchivedIds=[] notFound=1 notFoundIds=["550e8400-e29b-41d4-a716-446655440211"] errors=0 errorIds=[]
qwen serve: sessions archive result requested=1 requestedIds=["550e8400-e29b-41d4-a716-446655440211"] archived=0 archivedIds=[] alreadyArchived=0 alreadyArchivedIds=[] notFound=1 notFoundIds=["550e8400-e29b-41d4-a716-446655440211"] errors=0 errorIds=[]
qwen serve: Conversations runtime boot failed: The Conversations root could not be verified. <- /private/root changed
qwen serve: Conversations runtime boot failed: The Conversations runtime is temporarily unavailable. <- /private/runtime publication failed
qwen serve: bridge error (POST /session/:id/load session=live-active-root): Error: Active Live session is outside its isolated conversation directory.
    at /root/verify/pr11071-r4/head/packages/cli/src/serve/routes/session.ts:4221:23
    at processTicksAndRejections (node:internal/process/task_queues:103:5)
    at SessionArchiveCoordinator.runSharedMany (/root/verify/pr11071-r4/head/packages/cli/src/serve/server/session-archive.ts:200:14)
    at /root/verify/pr11071-r4/head/packages/cli/src/serve/routes/session.ts:3987:25
qwen serve: Conversations runtime boot failed: The Conversations runtime is temporarily unavailable. <- boot publication failed
qwen serve: Conversations runtime boot failed: task handler bind failed
qwen serve: Conversations runtime boot failed: Live Voice is shutting down.
qwen serve: Conversations runtime boot failed: speech handler bind failed
qwen serve: Conversations runtime boot failed: Live Voice is shutting down.
qwen serve: Conversations runtime boot failed: Live Voice is shutting down.
qwen serve: /acp WebSocket transport enabled on /acp
qwen serve: /acp WebSocket transport enabled on /acp
qwen serve: WebSocket upgrade rejected (unknown-path /live/host) from 127.0.0.1
qwen serve: /acp WebSocket transport enabled on /acp
qwen serve: /acp WebSocket transport enabled on /acp
qwen serve: Conversations runtime boot failed: The Conversations root could not be verified. <- runtime unavailable
qwen serve: Conversations runtime boot failed: Live Voice is shutting down.
 [32m✓[39m src/serve/server.test.ts [2m([22m[2m1369 tests[22m[2m)[22m[33m 26159[2mms[22m[39m
   [33m[2m✓[22m[39m createServeApp[2m > [22msession attachments[2m > [22muploads chunked attachments through owner-bound routes and completes idempotently [33m 960[2mms[22m[39m
   [33m[2m✓[22m[39m createServeApp[2m > [22mGET /workspace/:id/sessions[2m > [22mrefreshes after TTL when a file changes after the scan already read it [33m 2054[2mms[22m[39m
   [33m[2m✓[22m[39m createServeApp[2m > [22mGET /workspace/:id/sessions[2m > [22mreports organized session truncation in the response [33m 2446[2mms[22m[39m
   [33m[2m✓[22m[39m GET /session/:id/events (SSE)[2m > [22maborts the bridge subscription when the client disconnects [33m 4009[2mms[22m[39m
   [33m[2m✓[22m[39m T2.9 SSE writer idle timeout (issue #4514)[2m > [22mdoes not evict when the writer idle timeout is unset (legacy contract) [33m 623[2mms[22m[39m
   [33m[2m✓[22m[39m T2.9 SSE writer idle timeout (issue #4514)[2m > [22mdoes NOT evict when active writes keep refreshing lastWriteAt (#4514 T2.9 wenshao review) [33m 727[2mms[22m[39m
   [33m[2m✓[22m[39m T2.9 SSE writer idle timeout (issue #4514)[2m > [22mdoes NOT evict when a back-pressured write drains within the idle budget [33m 373[2mms[22m[39m

[2m Test Files [22m [1m[32m5 passed[39m[22m[90m (5)[39m
[2m      Tests [22m [1m[32m2137 passed[39m[22m[90m (2137)[39m
[2m   Start at [22m 16:38:46
[2m   Duration [22m 38.87s[2m (transform 12.17s, setup 2.12s, collect 37.81s, tests 49.13s, environment 1ms, prepare 406ms)[22m

JUNIT report written to /root/verify/pr11071-r4/head/packages/cli/junit.xml
EXIT=0 40s
